\P\	Pos	ShipMethodID\
T	5	5
N	0	0
#		
V	724	5
V	977	5
V	1227	5
V	1479	5
V	1735	5
V	1983	5
V	2232	5
V	2486	5
V	2740	5
V	2990	5
V	3244	5
V	3491	5
V	3742	5
V	3993	5
V	4241	5
V	4490	5
V	4740	5
V	4992	5
V	5244	5
V	5495	5
V	5747	5
V	5998	5
V	6254	5
V	6506	5
V	6751	5
V	7004	5
V	7251	5
V	7499	5
V	7748	5
V	7997	5
V	8250	5
V	8504	5
V	8752	5
V	8993	5
V	9249	5
V	9500	5
V	9752	5
V	10007	5
V	10251	1
V	10488	1
V	10726	1
V	10961	1
V	11197	1
V	11434	1
V	11671	1
V	11910	1
V	12147	1
V	12385	1
V	12622	1
V	12859	1
V	13097	1
V	13337	1
V	13576	1
V	13812	1
V	14051	1
V	14288	1
V	14529	1
V	14768	1
V	15006	1
V	15244	1
V	15480	1
V	15717	1
V	15955	1
V	16195	1
V	16435	1
V	16671	1
V	16909	1
V	17147	1
V	17382	1
V	17621	1
V	17858	1
V	18097	1
V	18333	1
V	18573	1
V	18813	1
V	19050	1
V	19287	1
V	19527	1
V	19765	1
V	19987	1
V	20227	1
V	20450	1
V	20690	1
V	20926	1
V	21167	1
V	21405	1
V	21645	1
V	21884	1
V	22123	1
V	22361	1
V	22598	1
V	22835	1
V	23076	1
V	23313	1
V	23552	1
V	23791	1
V	24027	1
V	24265	1
V	24504	1
V	24743	1
V	24981	1
V	25221	1
V	25460	1
V	25700	1
V	25936	1
V	26176	1
V	26416	1
V	26655	1
V	26895	1
V	27133	1
V	27370	1
V	27610	1
V	27847	1
V	28083	1
V	28323	1
V	28563	1
V	28801	1
V	29039	1
V	29280	1
V	29518	1
V	29756	1
V	29994	1
V	30234	1
V	30473	1
V	30713	1
V	30952	1
V	31190	1
V	31429	1
V	31669	1
V	31890	1
V	32129	1
V	32365	1
V	32600	1
V	32839	1
V	33078	1
V	33317	1
V	33552	1
V	33789	1
V	34028	1
V	34267	1
V	34507	1
V	34747	1
V	34985	1
V	35226	1
V	35466	1
V	35706	1
V	35947	1
V	36182	1
V	36423	1
V	36664	1
V	36904	1
V	37144	1
V	37383	1
V	37622	1
V	37858	1
V	38097	1
V	38331	1
V	38571	1
V	38811	1
V	39051	1
V	39291	1
V	39529	1
V	39766	1
V	40002	1
V	40239	1
V	40478	1
V	40714	1
V	40954	1
V	41193	1
V	41431	1
V	41669	1
V	41906	1
V	42146	1
V	42384	1
V	42625	1
V	42865	1
V	43104	1
V	43342	1
V	43580	1
V	43801	1
V	44036	1
V	44273	1
V	44512	1
V	44751	1
V	44991	5
V	45245	5
V	45500	5
V	45750	5
V	46001	5
V	46248	5
V	46501	5
V	46757	5
V	47012	5
V	47262	5
V	47514	5
V	47770	5
V	48020	5
V	48277	5
V	48527	5
V	48780	5
V	49033	5
V	49286	5
V	49541	5
V	49794	5
V	50047	5
V	50297	5
V	50552	5
V	50805	5
V	51055	5
V	51307	5
V	51559	5
V	51814	5
V	52065	5
V	52317	5
V	52571	5
V	52826	5
V	53073	5
V	53328	5
V	53578	5
V	53831	5
V	54080	5
V	54336	5
V	54592	5
V	54844	5
V	55096	5
V	55348	5
V	55607	5
V	55846	5
V	56101	5
V	56347	5
V	56603	5
V	56855	5
V	57111	5
V	57366	5
V	57621	5
V	57871	5
V	58121	5
V	58374	5
V	58624	5
V	58879	5
V	59135	5
V	59388	5
V	59640	5
V	59889	5
V	60143	5
V	60385	5
V	60639	5
V	60891	5
V	61143	5
V	61393	5
V	61639	5
V	61892	5
V	62144	5
V	62398	5
V	62653	5
V	62906	5
V	63155	5
V	63404	5
V	63659	5
V	63912	1
V	64152	1
V	64392	1
V	64630	1
V	64869	1
V	65110	1
V	65347	1
V	65569	1
V	65809	1
V	66048	1
V	66288	1
V	66528	1
V	66766	1
V	67003	1
V	67243	1
V	67481	1
V	67720	1
V	67958	1
V	68199	1
V	68436	1
V	68675	1
V	68914	1
V	69154	1
V	69391	1
V	69632	1
V	69872	1
V	70108	1
V	70347	1
V	70586	1
V	70825	1
V	71063	1
V	71301	1
V	71538	1
V	71774	1
V	72013	1
V	72252	1
V	72493	1
V	72734	1
V	72975	1
V	73213	1
V	73449	1
V	73688	1
V	73927	1
V	74166	1
V	74402	1
V	74639	1
V	74878	1
V	75118	1
V	75358	1
V	75598	1
V	75835	1
V	76072	1
V	76309	1
V	76531	1
V	76771	1
V	77010	1
V	77246	1
V	77487	1
V	77727	1
V	77964	1
V	78203	1
V	78441	1
V	78676	1
V	78915	1
V	79155	1
V	79394	1
V	79631	1
V	79872	1
V	80112	1
V	80349	1
V	80586	1
V	80826	1
V	81045	1
V	81281	1
V	81521	1
V	81758	1
V	81997	1
V	82233	1
V	82473	1
V	82710	1
V	82947	1
V	83186	1
V	83421	1
V	83658	1
V	83895	1
V	84130	1
V	84368	1
V	84606	1
V	84845	1
V	85084	1
V	85321	1
V	85556	1
V	85793	1
V	86033	1
V	86273	1
V	86513	1
V	86752	1
V	86989	1
V	87228	1
V	87468	1
V	87705	1
V	87939	1
V	88179	1
V	88419	1
V	88659	1
V	88899	1
V	89137	1
V	89377	1
V	89617	1
V	89839	1
V	90078	1
V	90317	1
V	90556	1
V	90796	1
V	91036	1
V	91275	1
V	91515	1
V	91754	1
V	91994	1
V	92233	1
V	92472	1
V	92708	1
V	92946	1
V	93185	1
V	93426	1
V	93667	1
V	93907	1
V	94148	1
V	94386	1
V	94622	1
V	94858	1
V	95097	1
V	95334	1
V	95573	1
V	95811	1
V	96052	1
V	96292	1
V	96531	1
V	96753	1
V	96993	1
V	97229	1
V	97467	1
V	97706	1
V	97943	1
V	98179	1
V	98416	1
V	98655	1
V	98894	1
V	99130	1
V	99367	1
V	99607	1
V	99847	1
V	100068	1
V	100307	1
V	100546	1
V	100786	1
V	101025	5
V	101272	5
V	101526	5
V	101776	5
V	102028	5
V	102279	5
V	102533	5
V	102773	5
V	103030	5
V	103282	5
V	103534	5
V	103786	5
V	104042	5
V	104300	5
V	104549	5
V	104799	5
V	105051	5
V	105302	5
V	105555	5
V	105806	5
V	106059	5
V	106312	5
V	106567	5
V	106816	5
V	107067	5
V	107318	5
V	107572	5
V	107829	5
V	108081	5
V	108330	5
V	108580	5
V	108832	5
V	109082	5
V	109326	5
V	109577	5
V	109826	5
V	110077	5
V	110330	5
V	110586	5
V	110839	5
V	111095	5
V	111349	5
V	111605	5
V	111855	5
V	112106	5
V	112358	5
V	112615	5
V	112868	5
V	113125	5
V	113373	5
V	113617	5
V	113869	5
V	114117	5
V	114367	5
V	114623	5
V	114876	5
V	115129	5
V	115383	5
V	115635	5
V	115867	5
V	116120	1
V	116362	1
V	116599	1
V	116839	1
V	117077	1
V	117318	1
V	117558	1
V	117798	1
V	118038	1
V	118277	1
V	118515	1
V	118754	1
V	118976	1
V	119215	1
V	119454	1
V	119691	1
V	119929	1
V	120169	1
V	120408	1
V	120647	1
V	120883	1
V	121120	1
V	121357	1
V	121593	1
V	121834	1
V	122074	1
V	122310	1
V	122546	1
V	122786	1
V	123023	1
V	123258	1
V	123494	1
V	123734	1
V	123970	1
V	124209	1
V	124448	1
V	124686	1
V	124922	1
V	125160	1
V	125395	1
V	125637	1
V	125874	1
V	126113	1
V	126353	1
V	126592	1
V	126811	1
V	127047	1
V	127287	1
V	127527	1
V	127766	1
V	128003	1
V	128242	1
V	128482	1
V	128717	1
V	128954	1
V	129194	1
V	129433	1
V	129671	1
V	129911	1
V	130151	1
V	130388	1
V	130628	1
V	130868	1
V	131106	1
V	131343	1
V	131580	1
V	131820	1
V	132060	1
V	132302	1
V	132539	1
V	132777	1
V	133013	1
V	133255	1
V	133496	1
V	133733	1
V	133951	1
V	134192	1
V	134433	1
V	134670	1
V	134907	1
V	135148	1
V	135389	1
V	135624	1
V	135863	1
V	136099	1
V	136340	1
V	136575	1
V	136815	1
V	137056	1
V	137297	1
V	137539	1
V	137775	1
V	138015	1
V	138256	1
V	138495	1
V	138736	1
V	138972	1
V	139212	1
V	139452	1
V	139692	1
V	139933	1
V	140167	1
V	140407	1
V	140644	1
V	140884	1
V	141124	1
V	141364	1
V	141604	1
V	141840	1
V	142078	1
V	142319	1
V	142560	1
V	142799	1
V	143040	1
V	143281	1
V	143523	1
V	143747	1
V	143983	1
V	144220	1
V	144462	1
V	144699	1
V	144935	1
V	145171	1
V	145411	1
V	145652	1
V	145894	1
V	146131	1
V	146368	1
V	146609	1
V	146850	1
V	147089	1
V	147330	1
V	147570	1
V	147809	1
V	148049	1
V	148290	1
V	148526	1
V	148767	1
V	149009	1
V	149250	1
V	149487	1
V	149724	1
V	149964	1
V	150206	1
V	150429	1
V	150670	1
V	150910	5
V	151150	5
V	151398	5
V	151655	5
V	151914	5
V	152168	5
V	152420	5
V	152674	5
V	152927	5
V	153184	5
V	153435	5
V	153688	5
V	153939	5
V	154190	5
V	154441	5
V	154698	5
V	154954	5
V	155209	5
V	155462	5
V	155720	5
V	155975	5
V	156229	5
V	156485	5
V	156731	5
V	156962	5
V	157218	5
V	157469	5
V	157720	5
V	157964	5
V	158217	5
V	158466	5
V	158711	5
V	158961	5
V	159210	5
V	159463	5
V	159717	5
V	159963	5
V	160212	5
V	160467	5
V	160720	5
V	160974	1
V	161215	1
V	161453	1
V	161690	1
V	161930	1
V	162171	1
V	162393	1
V	162631	1
V	162869	1
V	163110	1
V	163350	1
V	163585	1
V	163822	1
V	164063	1
V	164303	1
V	164541	1
V	164781	1
V	165017	1
V	165256	1
V	165496	1
V	165737	1
V	165978	1
V	166214	1
V	166449	1
V	166672	1
V	166914	1
V	167133	1
V	167368	1
V	167609	1
V	167850	1
V	168087	1
V	168323	1
V	168559	1
V	168794	1
V	169029	1
V	169263	1
V	169503	1
V	169743	1
V	169983	1
V	170223	1
V	170465	1
V	170708	1
V	170931	1
V	171168	1
V	171405	1
V	171644	1
V	171884	1
V	172124	1
V	172363	1
V	172603	1
V	172837	1
V	173077	1
V	173318	1
V	173559	1
V	173799	1
V	174041	1
V	174283	1
V	174523	1
V	174760	1
V	174996	1
V	175236	1
V	175476	1
V	175718	1
V	175959	1
V	176197	1
V	176433	1
V	176670	1
V	176907	1
V	177146	1
V	177386	1
V	177609	1
V	177851	1
V	178092	1
V	178332	1
V	178573	1
V	178810	1
V	179048	1
V	179283	1
V	179519	1
V	179761	1
V	179997	1
V	180235	1
V	180475	1
V	180715	1
V	180954	1
V	181192	1
V	181428	1
V	181665	1
V	181904	1
V	182144	1
V	182383	1
V	182619	1
V	182856	1
V	183093	1
V	183335	1
V	183572	1
V	183808	1
V	184047	1
V	184288	1
V	184529	1
V	184770	1
V	185011	1
V	185249	1
V	185488	1
V	185725	1
V	185967	1
V	186208	1
V	186449	1
V	186690	1
V	186926	1
V	187163	1
V	187405	1
V	187645	1
V	187883	1
V	188119	1
V	188356	1
V	188593	1
V	188833	1
V	189072	1
V	189313	1
V	189554	1
V	189795	1
V	190036	1
V	190271	1
V	190512	1
V	190752	1
V	190992	1
V	191215	1
V	191455	1
V	191693	1
V	191929	1
V	192166	1
V	192403	1
V	192643	1
V	192884	1
V	193125	1
V	193366	1
V	193606	1
V	193842	1
V	194079	1
V	194313	1
V	194554	1
V	194794	1
V	195035	1
V	195274	1
V	195497	1
V	195734	1
V	195975	1
V	196215	1
V	196454	1
V	196694	1
V	196934	1
V	197173	1
V	197414	1
V	197651	1
V	197887	1
V	198127	1
V	198369	1
V	198609	1
V	198850	1
V	199088	1
V	199324	5
V	199577	5
V	199825	5
V	200075	5
V	200329	5
V	200582	5
V	200833	5
V	201087	5
V	201338	5
V	201588	5
V	201839	5
V	202087	5
V	202343	5
V	202593	5
V	202844	5
V	203098	5
V	203356	5
V	203607	5
V	203865	5
V	204122	5
V	204375	5
V	204630	5
V	204883	5
V	205131	5
V	205389	5
V	205644	5
V	205896	5
V	206150	5
V	206400	5
V	206654	5
V	206903	5
V	207156	5
V	207410	5
V	207662	5
V	207917	5
V	208167	5
V	208411	5
V	208664	5
V	208918	5
V	209167	5
V	209423	5
V	209677	5
V	209930	5
V	210184	5
V	210433	5
V	210692	5
V	210951	5
V	211204	5
V	211459	5
V	211710	5
V	211970	5
V	212223	5
V	212471	5
V	212728	5
V	212986	5
V	213243	5
V	213485	5
V	213729	5
V	213985	5
V	214239	5
V	214493	5
V	214746	5
V	215002	5
V	215249	5
V	215503	5
V	215754	5
V	216003	5
V	216259	5
V	216507	5
V	216760	5
V	217013	5
V	217268	5
V	217522	5
V	217771	5
V	218014	5
V	218268	5
V	218521	5
V	218775	5
V	219018	5
V	219269	5
V	219520	5
V	219773	5
V	220025	5
V	220280	5
V	220537	5
V	220785	5
V	221039	5
V	221293	5
V	221542	5
V	221796	5
V	222050	1
V	222272	1
V	222509	1
V	222745	1
V	222984	1
V	223224	1
V	223460	1
V	223696	1
V	223932	1
V	224170	1
V	224410	1
V	224649	1
V	224888	1
V	225111	1
V	225348	1
V	225585	1
V	225821	1
V	226056	1
V	226293	1
V	226533	1
V	226773	1
V	227014	1
V	227251	1
V	227487	1
V	227728	1
V	227968	1
V	228209	1
V	228451	1
V	228690	1
V	228924	1
V	229165	1
V	229387	1
V	229629	1
V	229871	1
V	230111	1
V	230347	1
V	230584	1
V	230820	1
V	231060	1
V	231302	1
V	231544	1
V	231785	1
V	232021	1
V	232255	1
V	232491	1
V	232728	1
V	232965	1
V	233202	1
V	233425	1
V	233666	1
V	233889	1
V	234130	1
V	234371	1
V	234612	1
V	234852	1
V	235090	1
V	235330	1
V	235570	1
V	235809	1
V	236049	1
V	236286	1
V	236523	1
V	236763	1
V	237004	1
V	237245	1
V	237486	1
V	237728	1
V	237964	1
V	238200	1
V	238435	1
V	238675	1
V	238916	1
V	239153	1
V	239393	1
V	239634	1
V	239875	1
V	240112	1
V	240347	1
V	240582	1
V	240819	1
V	241056	1
V	241298	1
V	241537	1
V	241779	1
V	242017	1
V	242257	1
V	242499	1
V	242738	1
V	242977	1
V	243217	1
V	243454	1
V	243689	1
V	243929	1
V	244170	1
V	244411	1
V	244651	1
V	244889	1
V	245126	1
V	245362	1
V	245598	1
V	245839	1
V	246080	1
V	246303	1
V	246543	1
V	246781	1
V	247021	1
V	247260	1
V	247501	1
V	247742	1
V	247981	1
V	248222	1
V	248462	1
V	248698	1
V	248933	1
V	249169	1
V	249409	1
V	249651	1
V	249892	1
V	250133	1
V	250373	1
V	250612	1
V	250834	1
V	251053	1
V	251289	1
V	251530	1
V	251769	1
V	252009	1
V	252249	1
V	252490	1
V	252732	1
V	252969	1
V	253204	1
V	253446	1
V	253686	1
V	253925	1
V	254162	1
V	254398	1
V	254636	1
V	254871	1
V	255112	1
V	255349	1
V	255589	1
V	255811	1
V	256052	1
V	256289	1
V	256531	1
V	256772	1
V	257008	1
V	257248	1
V	257491	1
V	257728	1
V	257969	1
V	258208	1
V	258447	1
V	258683	1
V	258919	1
V	259156	1
V	259396	1
V	259637	1
V	259877	1
V	260119	1
V	260355	1
V	260596	1
V	260819	1
V	261060	1
V	261297	1
V	261532	1
V	261773	1
V	262014	1
V	262255	5
V	262506	5
V	262757	5
V	263012	5
V	263265	5
V	263522	5
V	263780	5
V	264038	5
V	264293	5
V	264537	5
V	264795	5
V	265054	5
V	265302	5
V	265557	5
V	265808	5
V	266062	5
V	266316	5
V	266569	5
V	266826	5
V	267080	5
V	267331	5
V	267582	5
V	267837	5
V	268093	5
V	268344	5
V	268594	5
V	268844	5
V	269097	5
V	269351	5
V	269602	5
V	269845	5
V	270097	5
V	270349	5
V	270603	5
V	270859	5
V	271113	5
V	271360	5
V	271616	5
V	271873	5
V	272127	5
V	272379	5
V	272634	5
V	272882	5
V	273133	5
V	273389	5
V	273638	5
V	273882	5
V	274130	5
V	274384	5
V	274641	5
V	274885	5
V	275133	5
V	275385	5
V	275638	5
V	275887	5
V	276136	5
V	276394	5
V	276646	5
V	276899	5
V	277151	5
V	277405	5
V	277657	5
V	277910	5
V	278159	1
V	278399	1
V	278636	1
V	278874	1
V	279115	1
V	279353	1
V	279594	1
V	279836	1
V	280055	1
V	280295	1
V	280533	1
V	280773	1
V	281015	1
V	281255	1
V	281495	1
V	281737	1
V	281974	1
V	282212	1
V	282447	1
V	282683	1
V	282924	1
V	283165	1
V	283404	1
V	283644	1
V	283885	1
V	284121	1
V	284357	1
V	284593	1
V	284831	1
V	285071	1
V	285308	1
V	285545	1
V	285781	1
V	286021	1
V	286260	1
V	286498	1
V	286738	1
V	286976	1
V	287212	1
V	287452	1
V	287694	1
V	287932	1
V	288169	1
V	288388	1
V	288629	1
V	288868	1
V	289107	1
V	289346	1
V	289586	1
V	289826	1
V	290045	1
V	290285	1
V	290521	1
V	290761	1
V	290997	1
V	291238	1
V	291479	1
V	291720	1
V	291961	1
V	292202	1
V	292442	1
V	292682	1
V	292922	1
V	293161	1
V	293400	1
V	293642	1
V	293879	1
V	294120	1
V	294361	1
V	294602	1
V	294839	1
V	295076	1
V	295316	1
V	295553	1
V	295789	1
V	296025	1
V	296259	1
V	296495	1
V	296735	1
V	296975	1
V	297216	1
V	297456	1
V	297697	1
V	297939	1
V	298176	1
V	298412	1
V	298647	1
V	298887	1
V	299128	1
V	299364	1
V	299605	1
V	299841	1
V	300076	1
V	300312	1
V	300548	1
V	300789	1
V	301012	1
V	301252	1
V	301494	1
V	301734	1
V	301974	1
V	302215	1
V	302455	1
V	302694	1
V	302936	1
V	303177	1
V	303413	1
V	303650	1
V	303886	1
V	304122	1
V	304357	1
V	304580	1
V	304821	1
V	305061	1
V	305301	1
V	305541	1
V	305780	1
V	306017	1
V	306252	1
V	306493	1
V	306734	1
V	306974	1
V	307211	1
V	307452	1
V	307692	1
V	307932	1
V	308173	1
V	308414	1
V	308651	1
V	308888	1
V	309111	1
V	309353	1
V	309596	1
V	309837	1
V	310074	1
V	310314	1
V	310548	1
V	310767	1
V	311005	1
V	311246	1
V	311487	1
V	311728	1
V	311967	1
V	312206	1
V	312446	1
V	312686	1
V	312925	1
V	313166	1
V	313403	1
V	313622	1
V	313858	1
V	314095	1
V	314333	1
V	314570	1
V	314810	1
V	315051	1
V	315292	1
V	315528	1
V	315768	1
V	316005	1
V	316241	1
V	316477	1
V	316713	1
V	316948	1
V	317189	1
V	317430	1
V	317670	1
V	317911	1
V	318147	1
V	318383	1
V	318621	1
V	318862	1
V	319086	1
V	319323	1
V	319560	1
V	319779	1
V	320016	1
V	320257	1
V	320497	1
V	320737	1
V	320973	1
V	321214	1
V	321450	1
V	321692	1
V	321932	1
V	322173	1
V	322412	1
V	322649	1
V	322884	1
V	323125	1
V	323365	1
V	323605	1
V	323842	1
V	324079	1
V	324315	1
V	324552	1
V	324787	1
V	325029	1
V	325269	1
V	325510	1
V	325733	1
V	325970	1
V	326206	1
V	326443	1
V	326683	1
V	326923	1
V	327164	1
V	327403	1
V	327640	1
V	327880	1
V	328116	1
V	328356	1
V	328594	1
V	328833	1
V	329074	1
V	329310	1
V	329551	1
V	329791	1
V	330032	1
V	330273	1
V	330513	1
V	330753	1
V	330993	1
V	331229	1
V	331465	1
V	331701	1
V	331941	1
V	332182	1
V	332421	1
V	332663	1
V	332904	1
V	333140	1
V	333376	1
V	333613	1
V	333850	1
V	334089	5
V	334345	5
V	334604	5
V	334852	5
V	335098	5
V	335348	5
V	335602	5
V	335856	5
V	336108	5
V	336357	5
V	336613	5
V	336863	5
V	337113	5
V	337363	5
V	337613	5
V	337869	5
V	338120	5
V	338378	5
V	338632	5
V	338886	5
V	339144	5
V	339398	5
V	339654	5
V	339908	5
V	340161	5
V	340412	5
V	340660	5
V	340914	5
V	341164	5
V	341410	5
V	341658	5
V	341907	5
V	342158	5
V	342410	5
V	342659	5
V	342905	5
V	343153	5
V	343408	5
V	343660	5
V	343910	5
V	344165	1
V	344402	1
V	344639	1
V	344875	1
V	345114	1
V	345355	1
V	345597	1
V	345835	1
V	346076	1
V	346317	1
V	346559	1
V	346801	1
V	347036	1
V	347272	1
V	347514	1
V	347754	1
V	347994	1
V	348235	1
V	348458	1
V	348695	1
V	348931	1
V	349166	1
V	349403	1
V	349639	1
V	349879	1
V	350116	1
V	350354	1
V	350591	1
V	350832	1
V	351072	1
V	351308	1
V	351544	1
V	351786	1
V	352027	1
V	352267	1
V	352508	1
V	352744	1
V	352979	1
V	353215	1
V	353452	1
V	353687	1
V	353928	1
V	354170	1
V	354409	1
V	354645	1
V	354881	1
V	355104	1
V	355345	1
V	355584	1
V	355821	1
V	356058	1
V	356298	1
V	356537	1
V	356778	1
V	357014	1
V	357251	1
V	357488	1
V	357728	1
V	357965	1
V	358206	1
V	358447	1
V	358685	1
V	358922	1
V	359159	1
V	359395	1
V	359635	1
V	359871	1
V	360111	1
V	360351	1
V	360593	1
V	360829	1
V	361064	1
V	361305	1
V	361540	1
V	361777	1
V	362012	1
V	362252	1
V	362492	1
V	362732	1
V	362972	1
V	363212	1
V	363447	1
V	363687	1
V	363929	1
V	364164	1
V	364405	1
V	364644	1
V	364884	1
V	365125	1
V	365365	1
V	365605	1
V	365846	1
V	366087	1
V	366328	1
V	366567	1
V	366803	1
V	367037	1
V	367273	1
V	367510	1
V	367746	1
V	367987	1
V	368227	1
V	368466	1
V	368708	1
V	368932	1
V	369174	1
V	369413	1
V	369652	1
V	369894	1
V	370136	1
V	370377	1
V	370620	1
V	370856	1
V	371094	1
V	371327	1
V	371567	1
V	371790	1
V	372026	1
V	372249	1
V	372490	1
V	372731	1
V	372974	1
V	373209	1
V	373447	1
V	373684	1
V	373924	1
V	374165	1
V	374405	1
V	374641	1
V	374875	1
V	375112	1
V	375352	1
V	375589	1
V	375825	1
V	376065	1
V	376303	1
V	376543	1
V	376780	1
V	377016	1
V	377253	1
V	377489	1
V	377724	1
V	377965	1
V	378201	1
V	378439	1
V	378673	1
V	378915	1
V	379157	1
V	379392	1
V	379628	1
V	379864	1
V	380104	1
V	380343	1
V	380579	1
V	380819	1
V	381061	1
V	381299	1
V	381535	1
V	381771	1
V	382011	1
V	382251	1
V	382491	1
V	382726	1
V	382962	1
V	383199	1
V	383434	1
V	383674	1
V	383913	1
V	384155	1
V	384390	1
V	384627	1
V	384867	1
V	385109	1
V	385343	1
V	385579	1
V	385819	1
V	386038	1
V	386274	1
V	386511	1
V	386747	1
V	386987	1
V	387226	1
V	387463	1
V	387699	1
V	387935	1
V	388171	1
V	388408	1
V	388648	1
V	388889	5
V	389143	5
V	389393	5
V	389644	5
V	389897	5
V	390148	5
V	390397	5
V	390648	5
V	390901	5
V	391158	5
V	391409	5
V	391663	5
V	391916	5
V	392173	5
V	392423	5
V	392681	5
V	392929	5
V	393182	5
V	393436	5
V	393694	5
V	393947	5
V	394200	5
V	394447	5
V	394700	5
V	394954	5
V	395208	5
V	395461	5
V	395704	5
V	395958	5
V	396214	5
V	396467	5
V	396718	5
V	396969	5
V	397223	5
V	397478	5
V	397730	5
V	397985	5
V	398237	5
V	398490	5
V	398741	5
V	398998	5
V	399254	5
V	399505	5
V	399761	5
V	400014	5
V	400270	5
V	400523	5
V	400772	5
V	401027	5
V	401284	5
V	401542	5
V	401794	5
V	402050	5
V	402302	5
V	402557	5
V	402806	5
V	403062	5
V	403314	5
V	403570	5
V	403818	5
V	404069	5
V	404322	5
V	404573	5
V	404827	5
V	405081	5
V	405322	5
V	405574	5
V	405828	5
V	406075	5
V	406329	5
V	406580	5
V	406833	5
V	407085	5
V	407340	5
V	407596	5
V	407844	5
V	408098	5
V	408350	5
V	408604	5
V	408857	1
V	409099	1
V	409336	1
V	409572	1
V	409813	1
V	410054	1
V	410294	1
V	410530	1
V	410772	1
V	411008	1
V	411245	1
V	411481	1
V	411723	1
V	411959	1
V	412200	1
V	412437	1
V	412674	1
V	412915	1
V	413155	1
V	413396	1
V	413633	1
V	413874	1
V	414111	1
V	414352	1
V	414589	1
V	414829	1
V	415052	1
V	415294	1
V	415530	1
V	415766	1
V	416007	1
V	416248	1
V	416487	1
V	416727	1
V	416964	1
V	417201	1
V	417438	1
V	417679	1
V	417916	1
V	418152	1
V	418392	1
V	418629	1
V	418869	1
V	419107	1
V	419343	1
V	419579	1
V	419821	1
V	420062	1
V	420303	1
V	420541	1
V	420782	1
V	421018	1
V	421258	1
V	421500	1
V	421742	1
V	421965	1
V	422201	1
V	422442	1
V	422683	1
V	422923	1
V	423159	1
V	423400	1
V	423633	1
V	423870	1
V	424106	1
V	424348	1
V	424584	1
V	424821	1
V	425044	1
V	425282	1
V	425517	1
V	425753	1
V	425990	1
V	426227	1
V	426467	1
V	426708	1
V	426950	1
V	427191	1
V	427428	1
V	427667	1
V	427903	1
V	428144	1
V	428381	1
V	428616	1
V	428857	1
V	429093	1
V	429329	1
V	429566	1
V	429803	1
V	430022	1
V	430258	1
V	430498	1
V	430734	1
V	430971	1
V	431208	1
V	431449	1
V	431686	1
V	431922	1
V	432158	1
V	432395	1
V	432636	1
V	432877	1
V	433114	1
V	433354	1
V	433594	1
V	433830	1
V	434067	1
V	434304	1
V	434544	1
V	434781	1
V	435022	1
V	435256	1
V	435497	1
V	435734	1
V	435974	1
V	436215	1
V	436456	1
V	436693	1
V	436930	1
V	437164	1
V	437403	1
V	437643	1
V	437884	1
V	438122	1
V	438363	1
V	438602	1
V	438839	1
V	439076	1
V	439316	1
V	439558	1
V	439798	1
V	440038	1
V	440279	1
V	440516	1
V	440753	1
V	440995	1
V	441237	1
V	441477	1
V	441713	1
V	441951	1
V	442191	1
V	442428	1
V	442664	1
V	442905	1
V	443143	1
V	443384	1
V	443625	1
V	443862	1
V	444098	1
V	444334	1
V	444574	1
V	444814	1
V	445050	1
V	445287	1
V	445524	1
V	445761	1
V	445997	1
V	446230	1
V	446467	1
V	446709	1
V	446944	1
V	447185	1
V	447426	1
V	447666	1
V	447902	1
V	448138	1
V	448378	1
V	448614	1
V	448850	1
V	449086	1
V	449322	1
V	449562	5
V	449813	5
V	450065	5
V	450319	5
V	450569	5
V	450822	5
V	451074	5
V	451331	5
V	451580	5
V	451838	5
V	452092	5
V	452346	5
V	452604	5
V	452852	5
V	453112	5
V	453358	5
V	453611	5
V	453861	5
V	454110	5
V	454366	5
V	454619	5
V	454872	5
V	455126	5
V	455380	5
V	455633	5
V	455887	5
V	456130	5
V	456387	5
V	456634	5
V	456885	5
V	457136	5
V	457392	5
V	457645	5
V	457895	5
V	458145	5
V	458399	5
V	458648	5
V	458905	5
V	459161	5
V	459416	5
V	459672	5
V	459922	5
V	460177	5
V	460426	5
V	460677	5
V	460934	5
V	461186	5
V	461436	5
V	461684	5
V	461940	5
V	462193	5
V	462439	5
V	462683	5
V	462934	5
V	463183	5
V	463434	5
V	463689	5
V	463941	5
V	464189	5
V	464440	5
V	464692	5
V	464940	5
V	465194	5
V	465444	5
V	465676	1
V	465913	1
V	466149	1
V	466385	1
V	466622	1
V	466844	1
V	467083	1
V	467302	1
V	467539	1
V	467775	1
V	468017	1
V	468257	1
V	468497	1
V	468737	1
V	468979	1
V	469215	1
V	469452	1
V	469693	1
V	469929	1
V	470165	1
V	470406	1
V	470646	1
V	470886	1
V	471122	1
V	471359	1
V	471597	1
V	471834	1
V	472074	1
V	472314	1
V	472554	1
V	472790	1
V	473009	1
V	473247	1
V	473466	1
V	473702	1
V	473943	1
V	474178	1
V	474415	1
V	474639	1
V	474875	1
V	475115	1
V	475355	1
V	475594	1
V	475830	1
V	476068	1
V	476306	1
V	476542	1
V	476778	1
V	477014	1
V	477255	1
V	477495	1
V	477735	1
V	477970	1
V	478207	1
V	478444	1
V	478684	1
V	478925	1
V	479161	1
V	479397	1
V	479634	1
V	479857	1
V	480098	1
V	480339	1
V	480577	1
V	480813	1
V	481049	1
V	481289	1
V	481525	1
V	481761	1
V	482001	1
V	482238	1
V	482474	1
V	482716	1
V	482956	1
V	483196	1
V	483433	1
V	483670	1
V	483907	1
V	484144	1
V	484380	1
V	484613	1
V	484854	1
V	485095	1
V	485334	1
V	485573	1
V	485810	1
V	486046	1
V	486283	1
V	486523	1
V	486758	1
V	486995	1
V	487232	1
V	487467	1
V	487703	1
V	487926	1
V	488167	1
V	488406	1
V	488647	1
V	488885	1
V	489123	1
V	489360	1
V	489600	1
V	489839	1
V	490080	1
V	490316	1
V	490556	1
V	490792	1
V	491028	1
V	491264	1
V	491500	1
V	491741	1
V	491983	1
V	492223	1
V	492460	1
V	492701	1
V	492925	1
V	493162	1
V	493399	1
V	493634	1
V	493869	1
V	494102	1
V	494338	1
V	494575	1
V	494812	1
V	495053	1
V	495290	1
V	495532	1
V	495769	1
V	496006	1
V	496248	1
V	496488	1
V	496728	1
V	496970	1
V	497209	1
V	497451	1
V	497687	1
V	497928	1
V	498169	1
V	498407	1
V	498643	1
V	498882	1
V	499123	1
V	499364	1
V	499602	1
V	499839	1
V	500075	1
V	500310	1
V	500545	1
V	500782	1
V	501020	1
V	501262	1
V	501480	1
V	501717	1
V	501954	1
V	502191	1
V	502427	1
V	502669	1
V	502910	1
V	503151	1
V	503391	1
V	503631	1
V	503873	1
V	504114	1
V	504355	1
V	504596	1
V	504836	1
V	505078	1
V	505318	1
V	505555	1
V	505791	1
V	506028	1
V	506263	1
V	506498	1
V	506739	1
V	506980	1
V	507216	1
V	507450	1
V	507686	1
V	507922	1
V	508146	1
V	508384	1
V	508618	1
V	508855	1
V	509093	1
V	509333	1
V	509575	1
V	509810	1
V	510047	1
V	510284	1
V	510521	1
V	510758	1
V	510999	1
V	511236	1
V	511477	1
V	511718	1
V	511955	1
V	512192	1
V	512433	1
V	512673	1
V	512909	5
V	513162	5
V	513418	5
V	513676	5
V	513931	5
V	514182	5
V	514436	5
V	514690	5
V	514947	5
V	515197	5
V	515449	5
V	515699	5
V	515948	5
V	516199	5
V	516455	5
V	516707	5
V	516965	5
V	517220	5
V	517475	5
V	517733	5
V	517988	5
V	518244	5
V	518500	5
V	518756	5
V	519008	5
V	519254	5
V	519507	5
V	519757	5
V	520005	5
V	520255	5
V	520505	5
V	520758	5
V	521011	5
V	521254	5
V	521503	5
V	521758	5
V	522012	5
V	522264	1
V	522502	1
V	522740	1
V	522975	1
V	523198	1
V	523420	1
V	523656	1
V	523896	1
V	524138	1
V	524376	1
V	524617	1
V	524857	1
V	525099	1
V	525334	1
V	525574	1
V	525816	1
V	526057	1
V	526297	1
V	526529	1
V	526765	1
V	527002	1
V	527239	1
V	527475	1
V	527716	1
V	527956	1
V	528192	1
V	528427	1
V	528663	1
V	528900	1
V	529136	1
V	529376	1
V	529617	1
V	529851	1
V	530087	1
V	530328	1
V	530565	1
V	530801	1
V	531019	1
V	531260	1
V	531502	1
V	531738	1
V	531978	1
V	532215	1
V	532454	1
V	532673	1
V	532912	1
V	533147	1
V	533383	1
V	533617	1
V	533858	1
V	534100	1
V	534342	1
V	534580	1
V	534817	1
V	535055	1
V	535291	1
V	535531	1
V	535767	1
V	536001	1
V	536240	1
V	536481	1
V	536722	1
V	536962	1
V	537199	1
V	537436	1
V	537673	1
V	537914	1
V	538152	1
V	538389	1
V	538626	1
V	538862	1
V	539097	1
V	539333	1
V	539573	1
V	539812	1
V	540049	1
V	540285	1
V	540525	1
V	540765	1
V	540983	1
V	541220	1
V	541456	1
V	541692	1
V	541933	1
V	542169	1
V	542406	1
V	542642	1
V	542884	1
V	543125	1
V	543366	1
V	543606	1
V	543847	1
V	544088	1
V	544327	1
V	544566	1
V	544804	1
V	545039	1
V	545279	1
V	545514	1
V	545754	1
V	545993	1
V	546232	1
V	546469	1
V	546706	1
V	546942	1
V	547182	1
V	547418	1
V	547656	1
V	547893	1
V	548131	1
V	548353	1
V	548594	1
V	548831	1
V	549067	1
V	549304	1
V	549539	1
V	549778	1
V	550017	1
V	550254	1
V	550491	1
V	550727	1
V	550963	1
V	551200	1
V	551436	1
V	551672	1
V	551912	1
V	552153	1
V	552394	1
V	552635	1
V	552873	1
V	553112	1
V	553353	1
V	553594	1
V	553829	1
V	554070	1
V	554293	1
V	554532	1
V	554771	1
V	555012	1
V	555246	1
V	555480	1
V	555720	1
V	555957	1
V	556195	1
V	556432	1
V	556667	1
V	556903	1
V	557145	1
V	557385	1
V	557626	1
V	557867	1
V	558108	1
V	558343	1
V	558580	1
V	558820	1
V	559058	1
V	559294	1
V	559529	1
V	559765	1
V	560000	1
V	560236	1
V	560477	1
V	560700	1
V	560941	1
V	561183	1
V	561426	1
V	561662	1
V	561904	1
V	562141	1
V	562378	1
V	562614	1
V	562851	1
V	563087	1
V	563323	1
V	563560	1
V	563797	1
V	564037	1
V	564271	1
V	564508	1
V	564744	1
V	564984	1
V	565221	1
V	565458	1
V	565699	1
V	565940	1
V	566177	1
V	566418	1
V	566654	1
V	566891	1
V	567110	1
V	567346	1
V	567587	1
V	567829	1
V	568069	1
V	568308	1
V	568546	1
V	568786	1
V	569020	1
V	569257	1
V	569480	1
V	569722	1
V	569959	1
V	570195	1
V	570432	1
V	570668	1
V	570908	1
V	571149	1
V	571389	5
V	571642	5
V	571898	5
V	572148	5
V	572401	5
V	572646	5
V	572899	5
V	573149	5
V	573399	5
V	573651	5
V	573906	5
V	574157	5
V	574414	5
V	574671	5
V	574924	5
V	575176	5
V	575434	5
V	575691	5
V	575936	5
V	576189	5
V	576443	5
V	576696	5
V	576954	5
V	577208	5
V	577453	5
V	577706	5
V	577961	5
V	578215	5
V	578469	5
V	578723	5
V	578976	5
V	579229	5
V	579480	5
V	579735	5
V	579987	5
V	580243	5
V	580498	5
V	580751	5
V	581005	5
V	581256	5
V	581515	5
V	581764	5
V	582021	5
V	582278	5
V	582532	5
V	582791	5
V	583044	5
V	583295	5
V	583540	5
V	583796	5
V	584054	5
V	584305	5
V	584562	5
V	584813	5
V	585068	5
V	585322	5
V	585570	5
V	585823	5
V	586075	5
V	586322	5
V	586578	5
V	586831	5
V	587082	5
V	587334	5
V	587591	5
V	587844	5
V	588096	5
V	588351	5
V	588606	5
V	588860	5
V	589103	5
V	589356	5
V	589609	5
V	589858	5
V	590108	5
V	590355	5
V	590609	5
V	590861	5
V	591116	5
V	591372	5
V	591624	5
V	591878	5
V	592123	5
V	592377	5
V	592626	5
V	592880	1
V	593117	1
V	593354	1
V	593591	1
V	593828	1
V	594066	1
V	594300	1
V	594536	1
V	594770	1
V	595006	1
V	595247	1
V	595489	1
V	595727	1
V	595964	1
V	596201	1
V	596443	1
V	596680	1
V	596920	1
V	597156	1
V	597392	1
V	597628	1
V	597865	1
V	598106	1
V	598325	1
V	598561	1
V	598802	1
V	599038	1
V	599280	1
V	599522	1
V	599763	1
V	600005	1
V	600242	1
V	600483	1
V	600722	1
V	600958	1
V	601200	1
V	601436	1
V	601672	1
V	601908	1
V	602126	1
V	602361	1
V	602599	1
V	602835	1
V	603076	1
V	603313	1
V	603551	1
V	603791	1
V	604030	1
V	604249	1
V	604485	1
V	604721	1
V	604960	1
V	605200	1
V	605437	1
V	605674	1
V	605911	1
V	606148	1
V	606384	1
V	606621	1
V	606862	1
V	607102	1
V	607342	1
V	607579	1
V	607815	1
V	608056	1
V	608292	1
V	608515	1
V	608756	1
V	608995	1
V	609235	1
V	609472	1
V	609711	1
V	609947	1
V	610184	1
V	610424	1
V	610664	1
V	610899	1
V	611136	1
V	611378	1
V	611615	1
V	611856	1
V	612097	1
V	612336	1
V	612578	1
V	612813	1
V	613049	1
V	613285	1
V	613522	1
V	613760	1
V	613979	1
V	614216	1
V	614451	1
V	614691	1
V	614932	1
V	615172	1
V	615394	1
V	615633	1
V	615872	1
V	616106	1
V	616345	1
V	616563	1
V	616803	1
V	617040	1
V	617277	1
V	617512	1
V	617749	1
V	617986	1
V	618220	1
V	618461	1
V	618702	1
V	618943	1
V	619162	1
V	619403	1
V	619643	1
V	619882	1
V	620118	1
V	620354	1
V	620590	1
V	620831	1
V	621067	1
V	621308	1
V	621548	1
V	621783	1
V	622024	1
V	622260	1
V	622497	1
V	622738	1
V	622975	1
V	623212	1
V	623451	1
V	623682	1
V	623916	1
V	624154	1
V	624394	1
V	624633	1
V	624873	1
V	625114	1
V	625350	1
V	625587	1
V	625823	1
V	626058	1
V	626291	1
V	626531	1
V	626769	1
V	627008	1
V	627227	1
V	627464	1
V	627701	1
V	627942	1
V	628181	1
V	628420	1
V	628657	1
V	628894	1
V	629131	1
V	629367	1
V	629608	1
V	629845	1
V	630080	1
V	630316	1
V	630557	1
V	630797	1
V	631038	1
V	631280	1
V	631520	1
V	631756	1
V	631990	1
V	632226	1
V	632461	1
V	632702	1
V	632942	1
V	633178	1
V	633414	1
V	633650	1
V	633886	1
V	634122	1
V	634357	1
V	634593	1
V	634829	1
V	635069	1
V	635305	1
V	635541	1
V	635778	1
V	636012	1
V	636248	1
V	636489	1
V	636727	1
V	636946	1
V	637187	1
V	637429	1
V	637664	1
V	637901	1
V	638138	1
V	638378	1
V	638618	1
V	638856	1
V	639093	1
V	639333	1
V	639572	1
V	639809	1
V	640046	1
V	640288	1
V	640529	1
V	640770	1
V	641010	1
V	641246	1
V	641465	1
V	641701	1
V	641939	1
V	642175	1
V	642412	1
V	642648	1
V	642888	1
V	643124	1
V	643359	1
V	643595	5
V	643838	5
V	644090	5
V	644342	5
V	644597	5
V	644854	5
V	645107	5
V	645355	5
V	645599	5
V	645857	5
V	646111	5
V	646366	5
V	646624	5
V	646882	5
V	647127	5
V	647375	5
V	647624	5
V	647878	5
V	648130	5
V	648380	5
V	648633	5
V	648888	5
V	649142	5
V	649396	5
V	649651	5
V	649903	5
V	650153	5
V	650409	5
V	650660	5
V	650910	5
V	651162	5
V	651416	5
V	651667	5
V	651911	5
V	652162	5
V	652414	5
V	652664	5
V	652918	5
V	653175	5
V	653427	5
V	653674	5
V	653929	5
V	654182	5
V	654438	5
V	654688	5
V	654940	5
V	655196	5
V	655448	5
V	655699	5
V	655955	5
V	656202	5
V	656458	5
V	656704	5
V	656956	5
V	657203	5
V	657447	5
V	657697	5
V	657946	5
V	658194	5
V	658449	5
V	658696	5
V	658948	5
V	659201	5
V	659452	5
V	659705	5
V	659956	5
V	660210	5
V	660459	5
V	660691	1
V	660927	1
V	661167	1
V	661404	1
V	661645	1
V	661883	1
V	662124	1
V	662360	1
V	662596	1
V	662836	1
V	663077	1
V	663318	1
V	663558	1
V	663799	1
V	664036	1
V	664278	1
V	664519	1
V	664755	1
V	664993	1
V	665230	1
V	665467	1
V	665708	1
V	665948	1
V	666189	1
V	666428	1
V	666663	1
V	666903	1
V	667139	1
V	667376	1
V	667616	1
V	667857	1
V	668094	1
V	668334	1
V	668571	1
V	668809	1
V	669046	1
V	669286	1
V	669520	1
V	669760	1
V	670002	1
V	670238	1
V	670475	1
V	670711	1
V	670946	1
V	671187	1
V	671410	1
V	671650	1
V	671890	1
V	672126	1
V	672363	1
V	672604	1
V	672845	1
V	673087	1
V	673321	1
V	673560	1
V	673782	1
V	674018	1
V	674255	1
V	674496	1
V	674736	1
V	674973	1
V	675209	1
V	675446	1
V	675682	1
V	675924	1
V	676165	1
V	676407	1
V	676646	1
V	676886	1
V	677122	1
V	677360	1
V	677596	1
V	677837	1
V	678077	1
V	678314	1
V	678551	1
V	678789	1
V	679008	1
V	679246	1
V	679486	1
V	679721	1
V	679956	1
V	680192	1
V	680431	1
V	680665	1
V	680887	1
V	681128	1
V	681364	1
V	681603	1
V	681842	1
V	682079	1
V	682316	1
V	682557	1
V	682796	1
V	683033	1
V	683269	1
V	683488	1
V	683706	1
V	683943	1
V	684183	1
V	684425	1
V	684661	1
V	684902	1
V	685139	1
V	685374	1
V	685616	1
V	685854	1
V	686094	1
V	686331	1
V	686567	1
V	686803	1
V	687036	1
V	687272	1
V	687508	1
V	687744	1
V	687980	1
V	688219	1
V	688459	1
V	688699	1
V	688935	1
V	689171	1
V	689411	1
V	689652	1
V	689890	1
V	690131	1
V	690366	1
V	690602	1
V	690837	1
V	691079	1
V	691318	1
V	691542	1
V	691765	1
V	692002	1
V	692238	1
V	692474	1
V	692710	1
V	692952	1
V	693191	1
V	693430	1
V	693667	1
V	693904	1
V	694144	1
V	694379	1
V	694615	1
V	694850	1
V	695090	1
V	695331	1
V	695567	1
V	695803	1
V	696040	1
V	696277	1
V	696517	1
V	696759	1
V	696996	1
V	697219	1
V	697457	1
V	697698	1
V	697935	1
V	698172	1
V	698409	1
V	698646	1
V	698883	1
V	699119	1
V	699355	1
V	699595	1
V	699834	1
V	700073	1
V	700312	1
V	700549	1
V	700787	1
V	701025	1
V	701260	1
V	701501	1
V	701736	1
V	701976	1
V	702217	1
V	702455	1
V	702691	1
V	702927	1
V	703163	1
V	703399	1
V	703636	1
V	703877	1
V	704113	1
V	704347	1
V	704586	1
V	704826	1
V	705065	1
V	705301	1
V	705538	1
V	705775	1
V	706013	1
V	706250	1
V	706485	1
V	706726	1
V	706966	1
V	707202	1
V	707436	1
V	707673	1
V	707914	1
V	708153	1
V	708392	1
V	708630	1
V	708871	1
V	709108	1
V	709350	1
V	709591	1
V	709830	1
V	710068	1
V	710305	1
V	710539	1
V	710775	1
V	711010	1
V	711251	1
V	711491	5
V	711744	5
V	711995	5
V	712237	5
V	712499	5
V	712756	5
V	713004	5
V	713257	5
V	713512	5
V	713761	5
V	714012	5
V	714268	5
V	714523	5
V	714783	5
V	715036	5
V	715278	5
V	715519	5
V	715772	5
V	716022	5
V	716280	5
V	716530	5
V	716787	5
V	717038	5
V	717294	5
V	717548	5
V	717794	5
V	718050	5
V	718304	5
V	718555	5
V	718801	5
V	719057	5
V	719306	5
V	719555	5
V	719798	5
V	720044	5
V	720300	5
V	720555	5
V	720802	5
V	721045	5
V	721301	5
V	721556	5
V	721803	5
V	722063	5
V	722310	5
V	722563	5
V	722817	5
V	723069	5
V	723319	5
V	723572	5
V	723828	5
V	724077	5
V	724325	5
V	724577	5
V	724819	5
V	725078	5
V	725331	5
V	725575	5
V	725831	5
V	726081	5
V	726334	5
V	726581	5
V	726833	5
V	727077	5
V	727329	5
V	727582	5
V	727838	5
V	728095	5
V	728348	5
V	728604	5
V	728859	5
V	729110	5
V	729353	5
V	729601	1
V	729837	1
V	730075	1
V	730308	1
V	730542	1
V	730784	1
V	731026	1
V	731268	1
V	731509	1
V	731747	1
V	731985	1
V	732222	1
V	732460	1
V	732696	1
V	732932	1
V	733168	1
V	733405	1
V	733641	1
V	733877	1
V	734113	1
V	734356	1
V	734595	1
V	734819	1
V	735060	1
V	735296	1
V	735515	1
V	735753	1
V	735989	1
V	736227	1
V	736445	1
V	736679	1
V	736921	1
V	737153	1
V	737395	1
V	737636	1
V	737874	1
V	738109	1
V	738348	1
V	738589	1
V	738825	1
V	739066	1
V	739308	1
V	739547	1
V	739789	1
V	740033	1
V	740269	1
V	740510	1
V	740746	1
V	740983	1
V	741219	1
V	741459	1
V	741700	1
V	741939	1
V	742179	1
V	742416	1
V	742655	1
V	742875	1
V	743111	1
V	743353	1
V	743592	1
V	743831	1
V	744056	1
V	744300	1
V	744542	1
V	744785	1
V	745022	1
V	745257	1
V	745497	1
V	745739	1
V	745979	1
V	746197	1
V	746415	1
V	746649	1
V	746887	1
V	747130	1
V	747373	1
V	747611	1
V	747843	1
V	748085	1
V	748322	1
V	748541	1
V	748777	1
V	749015	1
V	749251	1
V	749495	1
V	749732	1
V	749964	1
V	750199	1
V	750438	1
V	750659	1
V	750892	1
V	751132	1
V	751375	1
V	751609	1
V	751852	1
V	752086	1
V	752323	1
V	752561	1
V	752799	1
V	753035	1
V	753274	1
V	753499	1
V	753740	1
V	753984	1
V	754228	1
V	754466	1
V	754686	1
V	754925	1
V	755157	1
V	755394	1
V	755633	1
V	755872	1
V	756105	1
V	756347	1
V	756585	1
V	756821	1
V	757057	1
V	757294	1
V	757533	1
V	757776	1
V	758014	1
V	758253	1
V	758493	1
V	758733	1
V	758970	1
V	759206	1
V	759446	1
V	759679	1
V	759913	1
V	760146	1
V	760381	1
V	760620	1
V	760860	1
V	761102	1
V	761340	1
V	761575	1
V	761811	1
V	762050	1
V	762288	1
V	762526	1
V	762767	1
V	762985	1
V	763224	1
V	763463	1
V	763701	1
V	763939	1
V	764180	1
V	764413	1
V	764645	1
V	764886	1
V	765111	1
V	765355	1
V	765591	1
V	765823	1
V	766063	1
V	766295	1
V	766531	1
V	766773	1
V	767016	1
V	767255	1
V	767492	1
V	767729	1
V	767966	1
V	768186	1
V	768429	1
V	768666	1
V	768903	1
V	769136	1
V	769377	1
V	769620	1
V	769864	1
V	770102	1
V	770340	1
V	770581	1
V	770820	1
V	771056	1
V	771299	1
V	771531	1
V	771770	1
V	772012	1
V	772248	1
V	772484	1
V	772722	1
V	772957	1
V	773193	1
V	773435	1
V	773659	1
V	773903	1
V	774146	1
V	774389	1
V	774627	1
V	774863	1
V	775083	1
V	775320	1
V	775557	1
V	775792	1
V	776029	1
V	776271	1
V	776512	1
V	776753	1
V	776992	1
V	777230	1
V	777466	1
V	777688	1
V	777926	1
V	778159	1
V	778402	1
V	778640	1
V	778880	1
V	779116	1
V	779358	1
V	779595	1
V	779836	1
V	780074	1
V	780315	1
V	780550	1
V	780785	1
V	781019	1
V	781256	1
V	781494	1
V	781733	1
V	781966	1
V	782205	1
V	782444	1
V	782682	1
V	782923	1
V	783164	1
V	783406	1
V	783648	1
V	783885	1
V	784129	1
V	784366	1
V	784602	1
V	784841	1
V	785082	1
V	785319	1
V	785561	1
V	785798	1
V	786034	1
V	786273	1
V	786511	1
V	786743	1
V	786984	1
V	787220	1
V	787458	1
V	787702	1
V	787937	1
V	788173	1
V	788409	1
V	788647	1
V	788888	1
V	789130	1
V	789369	1
V	789613	5
V	789859	5
V	790117	5
V	790371	5
V	790626	5
V	790880	5
V	791123	5
V	791374	5
V	791624	5
V	791867	5
V	792124	5
V	792374	5
V	792633	5
V	792888	5
V	793139	5
V	793391	5
V	793648	5
V	793898	5
V	794147	5
V	794401	5
V	794655	5
V	794909	5
V	795159	5
V	795417	5
V	795662	5
V	795920	5
V	796171	5
V	796425	5
V	796674	5
V	796929	5
V	797181	5
V	797441	5
V	797694	5
V	797939	5
V	798188	5
V	798433	5
V	798687	5
V	798940	5
V	799195	5
V	799450	5
V	799702	5
V	799956	5
V	800213	5
V	800467	5
V	800723	5
V	800974	5
V	801229	5
V	801478	5
V	801728	5
V	801976	5
V	802221	5
V	802471	5
V	802726	5
V	802981	5
V	803228	5
V	803480	5
V	803736	5
V	803991	5
V	804243	5
V	804499	5
V	804756	5
V	805006	5
V	805253	5
V	805504	5
V	805761	5
V	806016	5
V	806271	5
V	806521	5
V	806777	5
V	807037	5
V	807291	5
V	807540	5
V	807795	5
V	808049	5
V	808299	5
V	808554	5
V	808813	5
V	809061	5
V	809319	5
V	809573	5
V	809830	5
V	810089	5
V	810334	5
V	810586	5
V	810845	5
V	811101	5
V	811350	5
V	811606	5
V	811858	5
V	812105	5
V	812364	5
V	812605	5
V	812851	5
V	813098	5
V	813343	5
V	813591	5
V	813844	5
V	814097	5
V	814351	5
V	814608	5
V	814864	5
V	815105	5
V	815352	5
V	815609	5
V	815861	5
V	816115	5
V	816370	5
V	816620	5
V	816867	5
V	817124	5
V	817369	5
V	817623	5
V	817873	5
V	818129	5
V	818383	5
V	818627	5
V	818871	5
V	819125	5
V	819375	5
V	819630	5
V	819875	5
V	820128	5
V	820374	5
V	820614	5
V	820868	5
V	821120	5
V	821375	5
V	821628	5
V	821885	5
V	822138	5
V	822386	5
V	822636	5
V	822891	5
V	823149	5
V	823406	5
V	823656	5
V	823901	5
V	824156	5
V	824410	5
V	824663	1
V	824898	1
V	825134	1
V	825371	1
V	825607	1
V	825839	1
V	826079	1
V	826318	1
V	826561	1
V	826804	1
V	827044	1
V	827282	1
V	827519	1
V	827757	1
V	827991	1
V	828225	1
V	828458	1
V	828698	1
V	828941	1
V	829179	1
V	829417	1
V	829652	1
V	829886	1
V	830129	1
V	830368	1
V	830603	1
V	830839	1
V	831077	1
V	831317	1
V	831554	1
V	831794	1
V	832038	1
V	832274	1
V	832500	1
V	832743	1
V	832978	1
V	833211	1
V	833448	1
V	833685	1
V	833925	1
V	834169	1
V	834405	1
V	834642	1
V	834876	1
V	835115	1
V	835358	1
V	835590	1
V	835831	1
V	836071	1
V	836312	1
V	836554	1
V	836794	1
V	837034	1
V	837271	1
V	837508	1
V	837746	1
V	837987	1
V	838225	1
V	838462	1
V	838700	1
V	838942	1
V	839181	1
V	839422	1
V	839664	1
V	839902	1
V	840140	1
V	840378	1
V	840618	1
V	840854	1
V	841095	1
V	841334	1
V	841576	1
V	841814	1
V	842054	1
V	842296	1
V	842536	1
V	842778	1
V	843015	1
V	843253	1
V	843490	1
V	843710	1
V	843952	1
V	844195	1
V	844431	1
V	844670	1
V	844891	1
V	845128	1
V	845365	1
V	845601	1
V	845837	1
V	846076	1
V	846314	1
V	846553	1
V	846792	1
V	847035	1
V	847277	1
V	847520	1
V	847765	1
V	848001	1
V	848237	1
V	848474	1
V	848713	1
V	848951	1
V	849193	1
V	849432	1
V	849675	1
V	849916	1
V	850160	1
V	850397	1
V	850634	1
V	850870	1
V	851089	1
V	851327	1
V	851563	1
V	851798	1
V	852036	1
V	852268	1
V	852508	1
V	852751	1
V	852989	1
V	853225	1
V	853468	1
V	853688	1
V	853927	1
V	854166	1
V	854408	1
V	854640	1
V	854877	1
V	855115	1
V	855351	1
V	855593	1
V	855830	1
V	856064	1
V	856302	1
V	856540	1
V	856778	1
V	857018	1
V	857259	1
V	857498	1
V	857731	1
V	857968	1
V	858208	1
V	858448	1
V	858689	1
V	858931	1
V	859175	1
V	859419	1
V	859661	1
V	859896	1
V	860134	1
V	860375	1
V	860614	1
V	860857	1
V	861100	1
V	861336	1
V	861577	1
V	861817	1
V	862053	1
V	862291	1
V	862527	1
V	862768	1
V	863005	1
V	863243	1
V	863485	1
V	863724	1
V	863962	1
V	864205	1
V	864446	1
V	864671	1
V	864909	1
V	865145	1
V	865386	1
V	865628	1
V	865869	1
V	866109	1
V	866347	1
V	866585	1
V	866827	1
V	867069	1
V	867307	1
V	867543	1
V	867781	1
V	868018	1
V	868260	1
V	868503	1
V	868746	1
V	868985	1
V	869218	1
V	869454	1
V	869693	1
V	869929	1
V	870167	1
V	870405	1
V	870643	1
V	870864	1
V	871106	1
V	871349	1
V	871589	1
V	871827	1
V	872069	1
V	872311	1
V	872553	1
V	872774	1
V	873012	1
V	873249	1
V	873487	1
V	873722	1
V	873964	1
V	874197	1
V	874428	1
V	874669	1
V	874911	1
V	875136	1
V	875362	1
V	875581	1
V	875822	1
V	876060	1
V	876296	1
V	876534	1
V	876766	1
V	877004	1
V	877242	1
V	877481	1
V	877721	1
V	877964	1
V	878202	1
V	878444	1
V	878663	1
V	878899	1
V	879137	1
V	879375	1
V	879611	1
V	879846	1
V	880084	1
V	880323	1
V	880566	1
V	880802	1
V	881045	1
V	881284	1
V	881520	1
V	881758	1
V	881993	1
V	882231	1
V	882471	1
V	882704	1
V	882936	1
V	883176	1
V	883418	1
V	883657	1
V	883893	1
V	884131	1
V	884368	1
V	884603	1
V	884840	1
V	885078	1
V	885310	1
V	885548	1
V	885785	1
V	886021	1
V	886259	1
V	886497	1
V	886740	1
V	886978	1
V	887219	1
V	887458	1
V	887701	1
V	887942	1
V	888181	1
V	888424	1
V	888661	1
V	888900	1
V	889140	1
V	889379	1
V	889615	1
V	889855	1
V	890094	1
V	890336	1
V	890580	1
V	890823	1
V	891067	1
V	891304	1
V	891541	5
V	891791	5
V	892043	5
V	892298	5
V	892555	5
V	892815	5
V	893073	5
V	893327	5
V	893572	5
V	893826	5
V	894079	5
V	894338	5
V	894586	5
V	894834	5
V	895090	5
V	895333	5
V	895578	5
V	895837	5
V	896095	5
V	896348	5
V	896599	5
V	896859	5
V	897104	5
V	897353	5
V	897607	5
V	897860	5
V	898114	5
V	898357	5
V	898604	5
V	898859	5
V	899114	5
V	899359	5
V	899617	5
V	899864	5
V	900107	5
V	900363	5
V	900618	5
V	900864	5
V	901115	5
V	901372	5
V	901620	5
V	901874	5
V	902125	5
V	902379	5
V	902625	5
V	902865	5
V	903118	5
V	903376	5
V	903633	5
V	903884	5
V	904140	5
V	904399	5
V	904657	5
V	904905	5
V	905161	5
V	905415	5
V	905663	5
V	905909	5
V	906158	5
V	906405	5
V	906655	5
V	906909	5
V	907161	5
V	907415	5
V	907663	5
V	907918	5
V	908162	5
V	908415	5
V	908671	5
V	908927	5
V	909169	5
V	909422	5
V	909667	5
V	909918	5
V	910172	5
V	910421	5
V	910674	5
V	910926	5
V	911177	5
V	911434	5
V	911684	5
V	911933	5
V	912176	5
V	912419	5
V	912670	5
V	912914	5
V	913169	5
V	913423	5
V	913676	5
V	913921	5
V	914174	5
V	914427	5
V	914677	5
V	914935	5
V	915177	5
V	915425	5
V	915673	5
V	915927	5
V	916172	5
V	916431	5
V	916678	5
V	916929	5
V	917179	5
V	917438	5
V	917686	5
V	917933	5
V	918169	5
V	918426	5
V	918679	5
V	918929	5
V	919184	5
V	919433	1
V	919666	1
V	919904	1
V	920142	1
V	920380	1
V	920620	1
V	920854	1
V	921092	1
V	921330	1
V	921567	1
V	921808	1
V	922047	1
V	922283	1
V	922503	1
V	922743	1
V	922984	1
V	923224	1
V	923465	1
V	923703	1
V	923941	1
V	924178	1
V	924420	1
V	924662	1
V	924902	1
V	925137	1
V	925379	1
V	925617	1
V	925855	1
V	926097	1
V	926330	1
V	926567	1
V	926808	1
V	927043	1
V	927258	1
V	927497	1
V	927732	1
V	927967	1
V	928209	1
V	928446	1
V	928683	1
V	928924	1
V	929164	1
V	929408	1
V	929649	1
V	929891	1
V	930128	1
V	930367	1
V	930606	1
V	930836	1
V	931075	1
V	931315	1
V	931557	1
V	931793	1
V	932037	1
V	932272	1
V	932510	1
V	932748	1
V	932986	1
V	933218	1
V	933460	1
V	933697	1
V	933939	1
V	934178	1
V	934397	1
V	934635	1
V	934874	1
V	935114	1
V	935358	1
V	935597	1
V	935837	1
V	936074	1
V	936308	1
V	936538	1
V	936779	1
V	937022	1
V	937258	1
V	937494	1
V	937732	1
V	937969	1
V	938208	1
V	938428	1
V	938665	1
V	938898	1
V	939140	1
V	939382	1
V	939625	1
V	939865	1
V	940102	1
V	940335	1
V	940572	1
V	940802	1
V	941035	1
V	941277	1
V	941517	1
V	941760	1
V	942003	1
V	942239	1
V	942475	1
V	942713	1
V	942953	1
V	943178	1
V	943415	1
V	943646	1
V	943886	1
V	944126	1
V	944370	1
V	944590	1
V	944831	1
V	945072	1
V	945313	1
V	945555	1
V	945776	1
V	946013	1
V	946249	1
V	946484	1
V	946717	1
V	946956	1
V	947198	1
V	947437	1
V	947678	1
V	947916	1
V	948153	1
V	948391	1
V	948629	1
V	948867	1
V	949099	1
V	949332	1
V	949565	1
V	949808	1
V	950051	1
V	950288	1
V	950527	1
V	950765	1
V	950988	1
V	951226	1
V	951463	1
V	951698	1
V	951933	1
V	952175	1
V	952414	1
V	952652	1
V	952888	1
V	953108	1
V	953340	1
V	953581	1
V	953823	1
V	954060	1
V	954297	1
V	954534	1
V	954774	1
V	955006	1
V	955242	1
V	955477	1
V	955718	1
V	955954	1
V	956187	1
V	956420	1
V	956662	1
V	956903	1
V	957144	1
V	957386	1
V	957631	1
V	957864	1
V	958102	1
V	958342	1
V	958583	1
V	958824	1
V	959061	1
V	959299	1
V	959540	1
V	959776	1
V	960014	1
V	960252	1
V	960489	1
V	960730	1
V	960951	1
V	961194	1
V	961431	1
V	961670	1
V	961908	1
V	962141	1
V	962380	1
V	962617	1
V	962853	1
V	963095	1
V	963333	1
V	963571	1
V	963812	1
V	964051	1
V	964295	1
V	964538	1
V	964778	1
V	965020	1
V	965258	1
V	965491	1
V	965714	1
V	965955	1
V	966195	1
V	966432	5
V	966688	5
V	966938	5
V	967183	5
V	967429	5
V	967685	5
V	967945	5
V	968198	5
V	968439	5
V	968694	5
V	968944	5
V	969200	5
V	969456	5
V	969712	5
V	969954	5
V	970197	5
V	970454	5
V	970704	5
V	970956	5
V	971212	5
V	971463	5
V	971714	5
V	971961	5
V	972216	5
V	972468	5
V	972713	5
V	972968	5
V	973218	5
V	973474	5
V	973721	5
V	973977	5
V	974226	5
V	974475	5
V	974727	5
V	974968	5
V	975218	5
V	975471	5
V	975722	5
V	975962	5
V	976220	5
V	976467	5
V	976721	5
V	976971	5
V	977224	5
V	977474	5
V	977723	5
V	977972	5
V	978218	5
V	978473	5
V	978723	5
V	978967	5
V	979225	5
V	979479	5
V	979724	5
V	979966	5
V	980221	5
V	980462	5
V	980710	5
V	980957	5
V	981210	5
V	981456	5
V	981710	5
V	981960	5
V	982214	5
V	982470	5
V	982718	5
V	982971	5
V	983227	5
V	983482	5
V	983735	5
V	983979	5
V	984225	5
V	984469	5
V	984717	1
V	984960	1
V	985195	1
V	985432	1
V	985665	1
V	985903	1
V	986144	1
V	986387	1
V	986624	1
V	986862	1
V	987095	1
V	987327	1
V	987570	1
V	987812	1
V	988056	1
V	988300	1
V	988543	1
V	988781	1
V	989019	1
V	989260	1
V	989500	1
V	989740	1
V	989981	1
V	990223	1
V	990460	1
V	990697	1
V	990942	1
V	991185	1
V	991428	1
V	991666	1
V	991904	1
V	992119	1
V	992358	1
V	992600	1
V	992839	1
V	993079	1
V	993319	1
V	993559	1
V	993800	1
V	994043	1
V	994262	1
V	994504	1
V	994741	1
V	994974	1
V	995207	1
V	995447	1
V	995689	1
V	995925	1
V	996168	1
V	996406	1
V	996643	1
V	996885	1
V	997126	1
V	997367	1
V	997610	1
V	997849	1
V	998083	1
V	998323	1
V	998563	1
V	998800	1
V	999041	1
V	999284	1
V	999519	1
V	999755	1
V	999998	1
V	1000239	1
V	1000477	1
V	1000719	1
V	1000961	1
V	1001203	1
V	1001440	1
V	1001673	1
V	1001910	1
V	1002153	1
V	1002392	1
V	1002634	1
V	1002866	1
V	1003106	1
V	1003343	1
V	1003580	1
V	1003816	1
V	1004061	1
V	1004299	1
V	1004535	1
V	1004773	1
V	1005014	1
V	1005254	1
V	1005495	1
V	1005728	1
V	1005970	1
V	1006213	1
V	1006455	1
V	1006698	1
V	1006934	1
V	1007169	1
V	1007398	1
V	1007637	1
V	1007877	1
V	1008116	1
V	1008359	1
V	1008601	1
V	1008846	1
V	1009082	1
V	1009324	1
V	1009567	1
V	1009808	1
V	1010044	1
V	1010286	1
V	1010523	1
V	1010761	1
V	1010991	1
V	1011230	1
V	1011462	1
V	1011694	1
V	1011918	1
V	1012154	1
V	1012389	1
V	1012624	1
V	1012863	1
V	1013095	1
V	1013327	1
V	1013566	1
V	1013806	1
V	1014045	1
V	1014278	1
V	1014520	1
V	1014761	1
V	1015004	1
V	1015245	1
V	1015484	1
V	1015705	1
V	1015948	1
V	1016190	1
V	1016422	1
V	1016663	1
V	1016906	1
V	1017148	1
V	1017391	1
V	1017633	1
V	1017871	1
V	1018112	1
V	1018349	1
V	1018587	1
V	1018828	1
V	1019067	1
V	1019309	1
V	1019547	1
V	1019785	1
V	1020027	1
V	1020263	1
V	1020500	1
V	1020743	1
V	1020981	1
V	1021220	1
V	1021459	1
V	1021699	1
V	1021942	1
V	1022185	1
V	1022427	1
V	1022669	1
V	1022906	1
V	1023144	1
V	1023385	1
V	1023626	1
V	1023865	1
V	1024097	1
V	1024334	1
V	1024576	1
V	1024810	1
V	1025052	1
V	1025295	1
V	1025538	1
V	1025781	1
V	1026016	1
V	1026259	1
V	1026496	1
V	1026732	1
V	1026954	1
V	1027197	1
V	1027441	1
V	1027683	1
V	1027926	1
V	1028165	1
V	1028398	1
V	1028630	1
V	1028869	1
V	1029111	1
V	1029353	1
V	1029596	1
V	1029832	1
V	1030076	1
V	1030314	1
V	1030552	1
V	1030791	1
V	1031033	1
V	1031274	1
V	1031517	1
V	1031754	1
V	1031992	1
V	1032229	1
V	1032471	1
V	1032711	1
V	1032953	1
V	1033191	1
V	1033428	1
V	1033670	1
V	1033906	1
V	1034121	1
V	1034364	1
V	1034606	1
V	1034848	1
V	1035092	1
V	1035329	1
V	1035566	1
V	1035787	1
V	1036022	1
V	1036258	1
V	1036495	1
V	1036730	1
V	1036967	1
V	1037206	1
V	1037448	1
V	1037689	1
V	1037927	1
V	1038164	1
V	1038405	1
V	1038640	1
V	1038876	1
V	1039109	1
V	1039343	5
V	1039600	5
V	1039849	5
V	1040104	5
V	1040358	5
V	1040611	5
V	1040864	5
V	1041113	5
V	1041370	5
V	1041616	5
V	1041867	5
V	1042124	5
V	1042374	5
V	1042626	5
V	1042885	5
V	1043136	5
V	1043390	5
V	1043644	5
V	1043896	5
V	1044153	5
V	1044408	5
V	1044665	5
V	1044919	5
V	1045161	5
V	1045405	5
V	1045658	5
V	1045901	5
V	1046154	5
V	1046402	5
V	1046662	5
V	1046915	5
V	1047171	5
V	1047426	5
V	1047681	5
V	1047933	5
V	1048190	5
V	1048443	5
V	1048698	5
V	1048949	5
V	1049203	5
V	1049459	5
V	1049710	5
V	1049965	5
V	1050215	5
V	1050459	5
V	1050715	5
V	1050967	5
V	1051219	5
V	1051469	5
V	1051719	5
V	1051975	5
V	1052229	5
V	1052480	5
V	1052736	5
V	1052986	5
V	1053230	5
V	1053479	5
V	1053736	5
V	1053990	5
V	1054245	5
V	1054494	5
V	1054744	5
V	1054999	5
V	1055251	5
V	1055510	5
V	1055753	5
V	1056007	5
V	1056261	5
V	1056507	5
V	1056765	5
V	1057006	5
V	1057257	5
V	1057514	5
V	1057768	5
V	1058025	5
V	1058277	5
V	1058536	5
V	1058795	5
V	1059052	5
V	1059306	5
V	1059559	5
V	1059812	5
V	1060065	5
V	1060311	5
V	1060568	5
V	1060812	5
V	1061061	5
V	1061304	5
V	1061547	5
V	1061802	5
V	1062058	5
V	1062312	5
V	1062564	5
V	1062816	5
V	1063075	5
V	1063325	5
V	1063575	5
V	1063827	5
V	1064079	5
V	1064319	5
V	1064576	5
V	1064824	5
V	1065069	5
V	1065321	5
V	1065574	5
V	1065816	5
V	1066072	5
V	1066327	5
V	1066568	5
V	1066818	5
V	1067072	5
V	1067318	5
V	1067572	5
V	1067826	5
V	1068075	5
V	1068322	5
V	1068574	5
V	1068828	5
V	1069080	5
V	1069329	5
V	1069584	5
V	1069841	5
V	1070092	5
V	1070344	5
V	1070594	5
V	1070849	5
V	1071095	5
V	1071342	5
V	1071596	5
V	1071853	5
V	1072108	5
V	1072359	5
V	1072606	5
V	1072849	1
V	1073091	1
V	1073326	1
V	1073556	1
V	1073786	1
V	1074025	1
V	1074267	1
V	1074507	1
V	1074745	1
V	1074985	1
V	1075226	1
V	1075464	1
V	1075702	1
V	1075941	1
V	1076184	1
V	1076423	1
V	1076663	1
V	1076899	1
V	1077135	1
V	1077371	1
V	1077609	1
V	1077839	1
V	1078076	1
V	1078312	1
V	1078554	1
V	1078792	1
V	1079027	1
V	1079265	1
V	1079498	1
V	1079737	1
V	1079977	1
V	1080220	1
V	1080456	1
V	1080693	1
V	1080930	1
V	1081162	1
V	1081402	1
V	1081643	1
V	1081885	1
V	1082127	1
V	1082366	1
V	1082608	1
V	1082850	1
V	1083090	1
V	1083332	1
V	1083572	1
V	1083810	1
V	1084049	1
V	1084280	1
V	1084523	1
V	1084761	1
V	1084994	1
V	1085234	1
V	1085472	1
V	1085712	1
V	1085953	1
V	1086192	1
V	1086430	1
V	1086671	1
V	1086903	1
V	1087142	1
V	1087382	1
V	1087624	1
V	1087865	1
V	1088108	1
V	1088350	1
V	1088586	1
V	1088827	1
V	1089066	1
V	1089308	1
V	1089543	1
V	1089786	1
V	1090022	1
V	1090260	1
V	1090495	1
V	1090733	1
V	1090974	1
V	1091212	1
V	1091449	1
V	1091685	1
V	1091921	1
V	1092159	1
V	1092399	1
V	1092638	1
V	1092872	1
V	1093109	1
V	1093348	1
V	1093586	1
V	1093825	1
V	1094057	1
V	1094297	1
V	1094539	1
V	1094778	1
V	1095022	1
V	1095259	1
V	1095496	1
V	1095737	1
V	1095970	1
V	1096206	1
V	1096439	1
V	1096677	1
V	1096915	1
V	1097156	1
V	1097399	1
V	1097636	1
V	1097872	1
V	1098108	1
V	1098351	1
V	1098590	1
V	1098829	1
V	1099067	1
V	1099306	1
V	1099542	1
V	1099778	1
V	1100016	1
V	1100258	1
V	1100480	1
V	1100714	1
V	1100957	1
V	1101192	1
V	1101436	1
V	1101679	1
V	1101916	1
V	1102157	1
V	1102389	1
V	1102622	1
V	1102864	1
V	1103102	1
V	1103343	1
V	1103576	1
V	1103813	1
V	1104049	1
V	1104287	1
V	1104528	1
V	1104765	1
V	1105001	1
V	1105242	1
V	1105481	1
V	1105720	1
V	1105960	1
V	1106193	1
V	1106435	1
V	1106678	1
V	1106910	1
V	1107146	1
V	1107383	1
V	1107623	1
V	1107860	1
V	1108080	1
V	1108301	1
V	1108539	1
V	1108763	1
V	1109005	1
V	1109243	1
V	1109482	1
V	1109719	1
V	1109957	1
V	1110190	1
V	1110429	1
V	1110666	1
V	1110904	1
V	1111140	1
V	1111377	1
V	1111619	1
V	1111855	1
V	1112087	1
V	1112319	1
V	1112556	1
V	1112792	1
V	1113030	1
V	1113270	1
V	1113507	1
V	1113745	1
V	1113983	1
V	1114219	1
V	1114455	1
V	1114677	1
V	1114916	1
V	1115159	1
V	1115397	1
V	1115633	1
V	1115874	1
V	1116114	1
V	1116354	1
V	1116592	1
V	1116836	1
V	1117072	1
V	1117310	1
V	1117548	1
V	1117785	1
V	1118024	1
V	1118257	1
V	1118499	1
V	1118732	5
V	1118983	5
V	1119231	5
V	1119478	5
V	1119725	5
V	1119978	5
V	1120228	5
V	1120485	5
V	1120746	5
V	1120995	5
V	1121247	5
V	1121504	5
V	1121759	5
V	1122005	5
V	1122264	5
V	1122510	5
V	1122755	5
V	1123004	5
V	1123251	5
V	1123509	5
V	1123755	5
V	1124014	5
V	1124272	5
V	1124521	5
V	1124767	5
V	1125021	5
V	1125277	5
V	1125530	5
V	1125783	5
V	1126036	5
V	1126282	5
V	1126526	5
V	1126781	5
V	1127035	5
V	1127287	5
V	1127536	5
V	1127794	5
V	1128041	5
V	1128295	5
V	1128548	5
V	1128803	5
V	1129053	5
V	1129302	5
V	1129558	5
V	1129812	5
V	1130059	5
V	1130313	5
V	1130568	5
V	1130822	5
V	1131071	5
V	1131319	5
V	1131576	5
V	1131834	5
V	1132086	5
V	1132344	5
V	1132601	5
V	1132855	5
V	1133105	5
V	1133350	5
V	1133600	5
V	1133848	5
V	1134096	5
V	1134350	5
V	1134596	5
V	1134850	5
V	1135104	5
V	1135360	5
V	1135611	5
V	1135865	5
V	1136112	5
V	1136358	5
V	1136611	5
V	1136854	5
V	1137094	5
V	1137345	5
V	1137597	5
V	1137850	5
V	1138094	5
V	1138347	5
V	1138596	5
V	1138848	5
V	1139097	5
V	1139347	5
V	1139591	5
V	1139840	5
V	1140097	5
V	1140347	5
V	1140592	5
V	1140847	5
V	1141096	5
V	1141349	5
V	1141599	5
V	1141846	5
V	1142098	5
V	1142347	5
V	1142600	5
V	1142847	5
V	1143087	5
V	1143336	5
V	1143591	5
V	1143838	5
V	1144096	5
V	1144345	5
V	1144595	5
V	1144852	5
V	1145101	5
V	1145349	5
V	1145602	5
V	1145856	5
V	1146104	5
V	1146340	5
V	1146593	5
V	1146848	5
V	1147098	5
V	1147352	1
V	1147585	1
V	1147823	1
V	1148066	1
V	1148303	1
V	1148541	1
V	1148785	1
V	1149017	1
V	1149257	1
V	1149499	1
V	1149738	1
V	1149977	1
V	1150219	1
V	1150450	1
V	1150686	1
V	1150921	1
V	1151158	1
V	1151373	1
V	1151612	1
V	1151856	1
V	1152090	1
V	1152328	1
V	1152570	1
V	1152813	1
V	1153043	1
V	1153281	1
V	1153518	1
V	1153755	1
V	1153991	1
V	1154229	1
V	1154473	1
V	1154712	1
V	1154950	1
V	1155192	1
V	1155433	1
V	1155674	1
V	1155916	1
V	1156152	1
V	1156383	1
V	1156626	1
V	1156863	1
V	1157095	1
V	1157336	1
V	1157572	1
V	1157812	1
V	1158047	1
V	1158279	1
V	1158515	1
V	1158748	1
V	1158989	1
V	1159229	1
V	1159450	1
V	1159693	1
V	1159928	1
V	1160165	1
V	1160409	1
V	1160652	1
V	1160895	1
V	1161137	1
V	1161377	1
V	1161613	1
V	1161856	1
V	1162094	1
V	1162327	1
V	1162570	1
V	1162807	1
V	1163046	1
V	1163278	1
V	1163510	1
V	1163742	1
V	1163984	1
V	1164225	1
V	1164466	1
V	1164707	1
V	1164946	1
V	1165183	1
V	1165423	1
V	1165661	1
V	1165901	1
V	1166143	1
V	1166385	1
V	1166624	1
V	1166867	1
V	1167107	1
V	1167347	1
V	1167590	1
V	1167826	1
V	1168064	1
V	1168297	1
V	1168537	1
V	1168775	1
V	1169015	1
V	1169258	1
V	1169494	1
V	1169738	1
V	1169973	1
V	1170211	1
V	1170447	1
V	1170686	1
V	1170909	1
V	1171152	1
V	1171394	1
V	1171636	1
V	1171855	1
V	1172092	1
V	1172331	1
V	1172569	1
V	1172807	1
V	1173040	1
V	1173277	1
V	1173516	1
V	1173753	1
V	1173991	1
V	1174233	1
V	1174466	1
V	1174700	1
V	1174942	1
V	1175186	1
V	1175421	1
V	1175664	1
V	1175883	1
V	1176120	1
V	1176358	1
V	1176595	1
V	1176838	1
V	1177076	1
V	1177313	1
V	1177550	1
V	1177790	1
V	1178032	1
V	1178271	1
V	1178513	1
V	1178757	1
V	1179000	1
V	1179219	1
V	1179457	1
V	1179690	1
V	1179927	1
V	1180171	1
V	1180413	1
V	1180654	1
V	1180896	1
V	1181136	1
V	1181375	1
V	1181615	1
V	1181856	1
V	1182100	1
V	1182338	1
V	1182574	1
V	1182809	1
V	1183046	1
V	1183279	1
V	1183512	1
V	1183748	1
V	1183983	1
V	1184221	1
V	1184454	1
V	1184697	1
V	1184936	1
V	1185176	1
V	1185419	1
V	1185655	1
V	1185892	1
V	1186135	1
V	1186367	1
V	1186610	1
V	1186849	1
V	1187091	1
V	1187326	1
V	1187559	1
V	1187793	1
V	1188034	1
V	1188272	1
V	1188511	1
V	1188744	1
V	1188977	1
V	1189221	1
V	1189464	1
V	1189701	1
V	1189944	1
V	1190181	1
V	1190419	1
V	1190658	1
V	1190888	1
V	1191130	1
V	1191372	1
V	1191613	1
V	1191856	1
V	1192092	1
V	1192330	1
V	1192566	1
V	1192787	1
V	1193025	1
V	1193263	1
V	1193506	1
V	1193745	1
V	1193986	1
V	1194227	1
V	1194465	1
V	1194708	1
V	1194946	1
V	1195183	1
V	1195417	1
V	1195656	1
V	1195894	1
V	1196132	1
V	1196371	1
V	1196610	1
V	1196853	1
V	1197091	1
V	1197329	1
V	1197572	1
V	1197815	1
V	1198059	1
V	1198296	1
V	1198534	1
V	1198775	1
V	1199012	1
V	1199248	1
V	1199485	1
V	1199726	1
V	1199968	1
V	1200211	1
V	1200436	1
V	1200678	1
V	1200921	1
V	1201157	1
V	1201393	1
V	1201632	1
V	1201876	1
V	1202116	1
V	1202356	1
V	1202598	1
V	1202841	1
V	1203061	1
V	1203300	1
V	1203538	1
V	1203770	1
V	1204003	1
V	1204218	1
V	1204443	1
V	1204682	1
V	1204925	1
V	1205163	1
V	1205400	1
V	1205637	1
V	1205874	1
V	1206111	1
V	1206350	1
V	1206588	1
V	1206821	1
V	1207063	1
V	1207287	1
V	1207527	1
V	1207767	1
V	1208009	1
V	1208245	1
V	1208477	1
V	1208715	1
V	1208955	1
V	1209194	1
V	1209433	1
V	1209665	1
V	1209905	1
V	1210147	1
V	1210389	1
V	1210626	1
V	1210869	1
V	1211111	1
V	1211346	1
V	1211561	1
V	1211800	1
V	1212038	1
V	1212280	1
V	1212523	1
V	1212761	1
V	1213000	1
V	1213236	1
V	1213478	1
V	1213716	1
V	1213954	1
V	1214191	1
V	1214432	1
V	1214675	1
V	1214911	1
V	1215150	1
V	1215387	1
V	1215630	1
V	1215873	1
V	1216116	1
V	1216357	1
V	1216601	1
V	1216837	1
V	1217073	1
V	1217313	1
V	1217556	1
V	1217794	1
V	1218034	1
V	1218276	1
V	1218514	1
V	1218758	1
V	1218999	1
V	1219239	1
V	1219481	1
V	1219716	1
V	1219952	1
V	1220190	1
V	1220431	1
V	1220664	1
V	1220901	1
V	1221137	1
V	1221381	1
V	1221613	1
V	1221849	1
V	1222084	1
V	1222326	1
V	1222567	1
V	1222810	1
V	1223049	1
V	1223292	1
V	1223532	1
V	1223773	1
V	1224013	1
V	1224253	1
V	1224489	1
V	1224719	1
V	1224961	1
V	1225202	1
V	1225444	1
V	1225685	1
V	1225904	5
V	1226158	5
V	1226407	5
V	1226654	5
V	1226900	5
V	1227153	5
V	1227407	5
V	1227653	5
V	1227905	5
V	1228153	5
V	1228400	5
V	1228654	5
V	1228906	5
V	1229144	5
V	1229390	5
V	1229647	5
V	1229896	5
V	1230150	5
V	1230399	5
V	1230648	5
V	1230897	5
V	1231153	5
V	1231406	5
V	1231652	5
V	1231904	5
V	1232160	5
V	1232415	5
V	1232661	5
V	1232916	5
V	1233165	5
V	1233414	5
V	1233667	5
V	1233920	5
V	1234173	5
V	1234424	5
V	1234684	5
V	1234935	5
V	1235189	5
V	1235443	5
V	1235700	5
V	1235955	5
V	1236210	5
V	1236466	5
V	1236719	5
V	1236968	5
V	1237219	5
V	1237475	5
V	1237726	5
V	1237974	5
V	1238232	5
V	1238485	5
V	1238739	5
V	1238985	5
V	1239229	5
V	1239477	5
V	1239722	5
V	1239969	5
V	1240222	5
V	1240467	5
V	1240720	5
V	1240970	5
V	1241224	5
V	1241479	5
V	1241722	5
V	1241966	5
V	1242208	1
V	1242446	1
V	1242684	1
V	1242918	1
V	1243158	1
V	1243398	1
V	1243631	1
V	1243864	1
V	1244104	1
V	1244347	1
V	1244586	1
V	1244818	1
V	1245056	1
V	1245293	1
V	1245527	1
V	1245767	1
V	1246006	1
V	1246236	1
V	1246478	1
V	1246720	1
V	1246962	1
V	1247204	1
V	1247448	1
V	1247689	1
V	1247922	1
V	1248165	1
V	1248408	1
V	1248650	1
V	1248893	1
V	1249129	1
V	1249369	1
V	1249611	1
V	1249851	1
V	1250089	1
V	1250328	1
V	1250565	1
V	1250808	1
V	1251046	1
V	1251288	1
V	1251529	1
V	1251768	1
V	1252010	1
V	1252253	1
V	1252496	1
V	1252736	1
V	1252972	1
V	1253214	1
V	1253451	1
V	1253695	1
V	1253928	1
V	1254161	1
V	1254404	1
V	1254646	1
V	1254882	1
V	1255124	1
V	1255364	1
V	1255602	1
V	1255841	1
V	1256073	1
V	1256305	1
V	1256530	1
V	1256770	1
V	1257013	1
V	1257250	1
V	1257486	1
V	1257724	1
V	1257962	1
V	1258201	1
V	1258441	1
V	1258680	1
V	1258924	1
V	1259165	1
V	1259408	1
V	1259646	1
V	1259879	1
V	1260120	1
V	1260363	1
V	1260606	1
V	1260838	1
V	1261070	1
V	1261312	1
V	1261552	1
V	1261789	1
V	1262025	1
V	1262268	1
V	1262511	1
V	1262747	1
V	1262989	1
V	1263227	1
V	1263470	1
V	1263710	1
V	1263951	1
V	1264195	1
V	1264433	1
V	1264666	1
V	1264905	1
V	1265147	1
V	1265390	1
V	1265627	1
V	1265870	1
V	1266107	1
V	1266349	1
V	1266591	1
V	1266828	1
V	1267067	1
V	1267291	1
V	1267512	1
V	1267754	1
V	1267997	1
V	1268235	1
V	1268479	1
V	1268718	1
V	1268956	1
V	1269195	1
V	1269438	1
V	1269680	1
V	1269917	1
V	1270155	1
V	1270388	1
V	1270628	1
V	1270867	1
V	1271100	1
V	1271344	1
V	1271588	1
V	1271830	1
V	1272066	1
V	1272303	1
V	1272547	1
V	1272782	1
V	1273001	1
V	1273239	1
V	1273471	1
V	1273712	1
V	1273951	1
V	1274184	1
V	1274427	1
V	1274663	1
V	1274904	1
V	1275123	1
V	1275362	1
V	1275601	1
V	1275835	1
V	1276079	1
V	1276321	1
V	1276564	1
V	1276799	1
V	1277031	1
V	1277271	1
V	1277510	1
V	1277753	1
V	1277993	1
V	1278234	1
V	1278471	1
V	1278713	1
V	1278956	1
V	1279193	1
V	1279437	1
V	1279675	1
V	1279910	1
V	1280150	1
V	1280389	1
V	1280631	1
V	1280873	1
V	1281106	1
V	1281346	1
V	1281587	1
V	1281826	1
V	1282069	1
V	1282313	1
V	1282553	1
V	1282791	1
V	1283027	1
V	1283269	1
V	1283506	1
V	1283743	1
V	1283985	1
V	1284225	1
V	1284468	1
V	1284711	1
V	1284947	1
V	1285189	1
V	1285424	1
V	1285669	1
V	1285899	1
V	1286135	1
V	1286373	1
V	1286612	1
V	1286852	1
V	1287082	1
V	1287297	1
V	1287541	1
V	1287784	1
V	1288020	1
V	1288257	1
V	1288475	1
V	1288714	1
V	1288958	1
V	1289198	1
V	1289436	1
V	1289678	1
V	1289911	1
V	1290149	1
V	1290386	1
V	1290621	1
V	1290858	1
V	1291095	1
V	1291339	1
V	1291579	1
V	1291820	1
V	1292042	1
V	1292282	1
V	1292520	1
V	1292763	1
V	1293007	1
V	1293243	1
V	1293481	1
V	1293703	1
V	1293939	1
V	1294174	1
V	1294409	1
V	1294648	1
V	1294890	1
V	1295133	1
V	1295358	1
V	1295600	1
V	1295843	1
V	1296078	1
V	1296316	1
V	1296558	1
V	1296794	1
V	1297031	1
V	1297264	1
V	1297499	1
V	1297731	1
V	1297973	1
V	1298214	1
V	1298456	1
V	1298694	1
V	1298912	1
V	1299149	1
V	1299389	1
V	1299629	1
V	1299867	1
V	1300110	1
V	1300353	5
V	1300608	5
V	1300861	5
V	1301109	5
V	1301361	5
V	1301606	5
V	1301852	5
V	1302101	5
V	1302352	5
V	1302603	5
V	1302856	5
V	1303104	5
V	1303349	5
V	1303599	5
V	1303858	5
V	1304113	5
V	1304360	5
V	1304606	5
V	1304856	5
V	1305105	5
V	1305361	5
V	1305604	5
V	1305855	5
V	1306113	5
V	1306368	5
V	1306613	5
V	1306863	5
V	1307122	5
V	1307377	5
V	1307627	5
V	1307878	5
V	1308133	5
V	1308389	5
V	1308639	5
V	1308896	5
V	1309146	5
V	1309399	5
V	1309647	5
V	1309903	5
V	1310147	5
V	1310396	5
V	1310641	5
V	1310884	5
V	1311132	5
V	1311379	5
V	1311631	5
V	1311884	5
V	1312140	5
V	1312396	5
V	1312646	5
V	1312895	5
V	1313150	5
V	1313406	5
V	1313659	5
V	1313913	5
V	1314167	5
V	1314426	5
V	1314683	5
V	1314934	5
V	1315189	5
V	1315443	5
V	1315697	5
V	1315952	5
V	1316206	5
V	1316454	5
V	1316711	5
V	1316965	5
V	1317220	5
V	1317479	5
V	1317722	5
V	1317971	5
V	1318223	5
V	1318467	5
V	1318718	5
V	1318969	5
V	1319223	5
V	1319476	5
V	1319729	5
V	1319984	5
V	1320238	5
V	1320489	5
V	1320738	5
V	1320983	5
V	1321229	5
V	1321481	5
V	1321736	5
V	1321990	5
V	1322241	5
V	1322493	5
V	1322747	5
V	1322994	5
V	1323249	5
V	1323499	5
V	1323744	5
V	1323998	5
V	1324249	5
V	1324504	5
V	1324748	5
V	1325001	5
V	1325250	5
V	1325508	5
V	1325762	5
V	1326018	5
V	1326265	5
V	1326509	5
V	1326753	5
V	1326998	5
V	1327247	5
V	1327500	5
V	1327756	5
V	1328001	5
V	1328254	5
V	1328502	5
V	1328756	5
V	1329008	5
V	1329261	5
V	1329507	5
V	1329756	5
V	1330003	5
V	1330257	5
V	1330509	5
V	1330761	5
V	1331017	5
V	1331270	5
V	1331520	5
V	1331769	5
V	1332023	5
V	1332277	5
V	1332532	5
V	1332785	5
V	1333030	5
V	1333282	5
V	1333531	1
V	1333769	1
V	1334004	1
V	1334247	1
V	1334490	1
V	1334730	1
V	1334951	1
V	1335189	1
V	1335426	1
V	1335663	1
V	1335899	1
V	1336139	1
V	1336375	1
V	1336610	1
V	1336854	1
V	1337096	1
V	1337335	1
V	1337577	1
V	1337816	1
V	1338049	1
V	1338288	1
V	1338530	1
V	1338766	1
V	1339005	1
V	1339244	1
V	1339477	1
V	1339715	1
V	1339954	1
V	1340191	1
V	1340427	1
V	1340668	1
V	1340909	1
V	1341152	1
V	1341385	1
V	1341629	1
V	1341872	1
V	1342114	1
V	1342355	1
V	1342598	1
V	1342840	1
V	1343081	1
V	1343319	1
V	1343556	1
V	1343797	1
V	1344038	1
V	1344271	1
V	1344509	1
V	1344747	1
V	1344989	1
V	1345233	1
V	1345476	1
V	1345717	1
V	1345956	1
V	1346195	1
V	1346433	1
V	1346671	1
V	1346911	1
V	1347147	1
V	1347368	1
V	1347606	1
V	1347848	1
V	1348085	1
V	1348317	1
V	1348544	1
V	1348776	1
V	1349010	1
V	1349251	1
V	1349491	1
V	1349733	1
V	1349974	1
V	1350217	1
V	1350460	1
V	1350700	1
V	1350939	1
V	1351181	1
V	1351422	1
V	1351664	1
V	1351905	1
V	1352141	1
V	1352378	1
V	1352612	1
V	1352850	1
V	1353089	1
V	1353332	1
V	1353575	1
V	1353808	1
V	1354051	1
V	1354287	1
V	1354528	1
V	1354768	1
V	1355011	1
V	1355254	1
V	1355488	1
V	1355721	1
V	1355964	1
V	1356206	1
V	1356449	1
V	1356691	1
V	1356929	1
V	1357168	1
V	1357407	1
V	1357651	1
V	1357894	1
V	1358136	1
V	1358361	1
V	1358600	1
V	1358842	1
V	1359083	1
V	1359326	1
V	1359568	1
V	1359810	1
V	1360043	1
V	1360285	1
V	1360527	1
V	1360769	1
V	1361008	1
V	1361246	1
V	1361487	1
V	1361729	1
V	1361966	1
V	1362201	1
V	1362444	1
V	1362681	1
V	1362919	1
V	1363155	1
V	1363394	1
V	1363637	1
V	1363880	1
V	1364122	1
V	1364363	1
V	1364600	1
V	1364839	1
V	1365076	1
V	1365314	1
V	1365555	1
V	1365792	1
V	1366030	1
V	1366273	1
V	1366515	1
V	1366752	1
V	1366985	1
V	1367204	1
V	1367439	1
V	1367681	1
V	1367924	1
V	1368167	1
V	1368408	1
V	1368646	1
V	1368882	1
V	1369123	1
V	1369365	1
V	1369604	1
V	1369842	1
V	1370068	1
V	1370306	1
V	1370548	1
V	1370790	1
V	1371030	1
V	1371273	1
V	1371509	1
V	1371747	1
V	1371987	1
V	1372231	1
V	1372475	1
V	1372717	1
V	1372956	1
V	1373199	1
V	1373438	1
V	1373678	1
V	1373915	1
V	1374153	1
V	1374390	1
V	1374633	1
V	1374876	1
V	1375118	1
V	1375360	1
V	1375603	1
V	1375843	1
V	1376083	1
V	1376321	1
V	1376553	1
V	1376790	1
V	1377028	1
V	1377264	1
V	1377499	1
V	1377743	1
V	1377984	1
V	1378226	1
V	1378464	1
V	1378701	1
V	1378939	1
V	1379177	1
V	1379420	1
V	1379663	1
V	1379887	1
V	1380124	1
V	1380364	1
V	1380600	1
V	1380834	1
V	1381061	1
V	1381302	1
V	1381539	1
V	1381775	1
V	1382011	1
V	1382249	1
V	1382487	1
V	1382729	1
V	1382971	1
V	1383209	1
V	1383449	1
V	1383681	1
V	1383913	1
V	1384154	1
V	1384395	1
V	1384634	1
V	1384877	1
V	1385115	1
V	1385351	1
V	1385589	1
V	1385824	1
V	1386054	1
V	1386291	1
V	1386535	1
V	1386777	1
V	1387019	1
V	1387258	1
V	1387499	1
V	1387732	1
V	1387969	1
V	1388201	1
V	1388445	1
V	1388686	1
V	1388924	1
V	1389163	1
V	1389405	1
V	1389647	1
V	1389886	1
V	1390123	1
V	1390356	1
V	1390598	1
V	1390833	1
V	1391069	1
V	1391307	1
V	1391547	1
V	1391783	1
V	1392019	1
V	1392258	1
V	1392503	1
V	1392745	1
V	1392986	1
V	1393223	1
V	1393466	1
V	1393707	1
V	1393943	1
V	1394162	1
V	1394396	1
V	1394634	1
V	1394867	1
V	1395103	1
V	1395345	1
V	1395578	1
V	1395793	1
V	1396035	1
V	1396277	1
V	1396514	1
V	1396753	1
V	1396986	1
V	1397219	1
V	1397462	1
V	1397704	1
V	1397946	1
V	1398185	1
V	1398418	5
V	1398658	5
V	1398906	5
V	1399156	5
V	1399410	5
V	1399654	5
V	1399903	5
V	1400143	5
V	1400403	5
V	1400656	5
V	1400905	5
V	1401159	5
V	1401414	5
V	1401658	5
V	1401908	5
V	1402152	5
V	1402400	5
V	1402651	5
V	1402901	5
V	1403151	5
V	1403397	5
V	1403645	5
V	1403899	5
V	1404153	5
V	1404402	5
V	1404657	5
V	1404913	5
V	1405161	5
V	1405406	5
V	1405660	5
V	1405914	5
V	1406165	5
V	1406414	5
V	1406654	5
V	1406907	5
V	1407155	5
V	1407408	5
V	1407662	5
V	1407920	5
V	1408177	5
V	1408432	5
V	1408684	5
V	1408942	5
V	1409200	5
V	1409451	5
V	1409698	5
V	1409952	5
V	1410206	5
V	1410458	5
V	1410704	5
V	1410960	5
V	1411209	5
V	1411463	5
V	1411699	5
V	1411956	5
V	1412205	5
V	1412462	5
V	1412715	5
V	1412961	5
V	1413220	5
V	1413475	5
V	1413728	5
V	1413981	5
V	1414224	5
V	1414470	5
V	1414728	5
V	1414981	5
V	1415236	5
V	1415495	5
V	1415744	5
V	1415997	5
V	1416256	5
V	1416497	5
V	1416750	5
V	1416999	5
V	1417253	5
V	1417503	5
V	1417748	5
V	1417996	5
V	1418253	5
V	1418502	5
V	1418754	5
V	1419003	5
V	1419253	5
V	1419499	5
V	1419756	5
V	1420000	5
V	1420247	5
V	1420494	5
V	1420743	5
V	1420998	5
V	1421251	5
V	1421499	5
V	1421744	5
V	1421988	5
V	1422232	5
V	1422484	5
V	1422733	5
V	1422985	5
V	1423240	5
V	1423489	5
V	1423733	5
V	1423977	5
V	1424222	5
V	1424470	5
V	1424718	5
V	1424966	1
V	1425208	1
V	1425440	1
V	1425660	1
V	1425903	1
V	1426128	1
V	1426361	1
V	1426601	1
V	1426838	1
V	1427075	1
V	1427308	1
V	1427547	1
V	1427785	1
V	1428027	1
V	1428271	1
V	1428509	1
V	1428749	1
V	1428991	1
V	1429224	1
V	1429467	1
V	1429703	1
V	1429941	1
V	1430185	1
V	1430427	1
V	1430666	1
V	1430908	1
V	1431145	1
V	1431381	1
V	1431618	1
V	1431854	1
V	1432091	1
V	1432334	1
V	1432576	1
V	1432817	1
V	1433055	1
V	1433294	1
V	1433529	1
V	1433773	1
V	1434012	1
V	1434249	1
V	1434490	1
V	1434734	1
V	1434976	1
V	1435214	1
V	1435447	1
V	1435680	1
V	1435922	1
V	1436161	1
V	1436402	1
V	1436635	1
V	1436873	1
V	1437109	1
V	1437346	1
V	1437583	1
V	1437815	1
V	1438055	1
V	1438290	1
V	1438526	1
V	1438764	1
V	1439003	1
V	1439246	1
V	1439482	1
V	1439718	1
V	1439950	1
V	1440189	1
V	1440428	1
V	1440666	1
V	1440903	1
V	1441142	1
V	1441380	1
V	1441622	1
V	1441865	1
V	1442108	1
V	1442349	1
V	1442591	1
V	1442829	1
V	1443069	1
V	1443309	1
V	1443551	1
V	1443794	1
V	1444033	1
V	1444267	1
V	1444509	1
V	1444748	1
V	1444981	1
V	1445218	1
V	1445458	1
V	1445679	1
V	1445901	1
V	1446144	1
V	1446380	1
V	1446612	1
V	1446852	1
V	1447094	1
V	1447337	1
V	1447561	1
V	1447798	1
V	1448034	1
V	1448272	1
V	1448507	1
V	1448748	1
V	1448986	1
V	1449229	1
V	1449471	1
V	1449713	1
V	1449956	1
V	1450198	1
V	1450437	1
V	1450676	1
V	1450906	1
V	1451139	1
V	1451364	1
V	1451607	1
V	1451829	1
V	1452065	1
V	1452301	1
V	1452542	1
V	1452781	1
V	1453006	1
V	1453247	1
V	1453490	1
V	1453729	1
V	1453972	1
V	1454208	1
V	1454446	1
V	1454684	1
V	1454917	1
V	1455156	1
V	1455400	1
V	1455643	1
V	1455881	1
V	1456117	1
V	1456359	1
V	1456597	1
V	1456822	1
V	1457061	1
V	1457301	1
V	1457545	1
V	1457782	1
V	1458019	1
V	1458262	1
V	1458498	1
V	1458741	1
V	1458982	1
V	1459224	1
V	1459458	1
V	1459698	1
V	1459936	1
V	1460179	1
V	1460421	1
V	1460663	1
V	1460904	1
V	1461145	1
V	1461385	1
V	1461622	1
V	1461859	1
V	1462102	1
V	1462338	1
V	1462574	1
V	1462813	1
V	1463051	1
V	1463294	1
V	1463537	1
V	1463780	1
V	1464019	1
V	1464262	1
V	1464503	1
V	1464739	1
V	1464977	1
V	1465210	1
V	1465429	1
V	1465662	1
V	1465906	1
V	1466150	1
V	1466392	1
V	1466630	1
V	1466868	1
V	1467108	1
V	1467348	1
V	1467584	1
V	1467820	1
V	1468058	1
V	1468296	1
V	1468517	1
V	1468756	1
V	1468999	1
V	1469238	1
V	1469453	1
V	1469685	1
V	1469926	1
V	1470162	1
V	1470401	1
V	1470643	1
V	1470879	1
V	1471115	1
V	1471354	1
V	1471590	1
V	1471832	1
V	1472070	1
V	1472309	1
V	1472546	1
V	1472784	1
V	1473021	1
V	1473262	1
V	1473501	1
V	1473743	1
V	1473986	1
V	1474229	1
V	1474470	1
V	1474712	1
V	1474944	1
V	1475181	1
V	1475424	1
V	1475661	1
V	1475902	1
V	1476144	1
V	1476384	1
V	1476623	1
V	1476856	1
V	1477099	1
V	1477320	1
V	1477558	1
V	1477777	1
V	1478010	1
V	1478252	1
V	1478490	1
V	1478735	1
V	1478977	1
V	1479213	1
V	1479449	1
V	1479685	1
V	1479921	1
V	1480163	1
V	1480402	1
V	1480639	1
V	1480872	1
V	1481097	1
V	1481339	1
V	1481578	1
V	1481818	1
V	1482058	1
V	1482299	1
V	1482536	1
V	1482772	1
V	1483010	1
V	1483251	1
V	1483493	1
V	1483732	1
V	1483947	1
V	1484180	1
V	1484422	1
V	1484665	1
V	1484906	1
V	1485144	1
V	1485379	1
V	1485614	1
V	1485857	1
V	1486099	1
V	1486342	1
V	1486585	1
V	1486828	1
V	1487068	1
V	1487309	1
V	1487552	1
V	1487770	1
V	1488007	1
V	1488247	1
V	1488484	1
V	1488721	1
V	1488959	1
V	1489200	1
V	1489439	1
V	1489681	5
V	1489935	5
V	1490188	5
V	1490439	5
V	1490682	5
V	1490934	5
V	1491188	5
V	1491443	5
V	1491700	5
V	1491950	5
V	1492197	5
V	1492448	5
V	1492705	5
V	1492961	5
V	1493212	5
V	1493457	5
V	1493709	5
V	1493965	5
V	1494215	5
V	1494466	5
V	1494718	5
V	1494974	5
V	1495218	5
V	1495474	5
V	1495726	5
V	1495973	5
V	1496215	5
V	1496458	5
V	1496715	5
V	1496968	5
V	1497218	5
V	1497471	5
V	1497721	5
V	1497971	5
V	1498217	5
V	1498474	5
V	1498734	5
V	1498976	5
V	1499220	5
V	1499469	5
V	1499726	5
V	1499977	5
V	1500230	5
V	1500472	5
V	1500725	5
V	1500980	5
V	1501226	5
V	1501476	5
V	1501726	5
V	1501979	5
V	1502233	5
V	1502486	5
V	1502730	5
V	1502981	5
V	1503227	5
V	1503474	5
V	1503730	5
V	1503981	5
V	1504229	5
V	1504487	5
V	1504732	5
V	1504980	5
V	1505221	5
V	1505462	5
V	1505716	5
V	1505965	5
V	1506210	5
V	1506457	5
V	1506711	5
V	1506961	5
V	1507217	5
V	1507473	5
V	1507724	5
V	1507979	5
V	1508226	1
V	1508464	1
V	1508702	1
V	1508939	1
V	1509174	1
V	1509410	1
V	1509648	1
V	1509879	1
V	1510118	1
V	1510351	1
V	1510581	1
V	1510822	1
V	1511061	1
V	1511303	1
V	1511542	1
V	1511782	1
V	1512020	1
V	1512264	1
V	1512508	1
V	1512752	1
V	1512994	1
V	1513237	1
V	1513462	1
V	1513703	1
V	1513943	1
V	1514181	1
V	1514422	1
V	1514659	1
V	1514903	1
V	1515140	1
V	1515383	1
V	1515619	1
V	1515854	1
V	1516091	1
V	1516324	1
V	1516562	1
V	1516807	1
V	1517039	1
V	1517276	1
V	1517518	1
V	1517758	1
V	1517995	1
V	1518235	1
V	1518474	1
V	1518711	1
V	1518950	1
V	1519193	1
V	1519436	1
V	1519673	1
V	1519910	1
V	1520152	1
V	1520391	1
V	1520635	1
V	1520876	1
V	1521119	1
V	1521357	1
V	1521598	1
V	1521834	1
V	1522068	1
V	1522310	1
V	1522553	1
V	1522795	1
V	1523036	1
V	1523275	1
V	1523516	1
V	1523756	1
V	1523998	1
V	1524236	1
V	1524476	1
V	1524711	1
V	1524950	1
V	1525170	1
V	1525412	1
V	1525652	1
V	1525894	1
V	1526127	1
V	1526359	1
V	1526603	1
V	1526846	1
V	1527089	1
V	1527331	1
V	1527549	1
V	1527786	1
V	1528024	1
V	1528262	1
V	1528505	1
V	1528748	1
V	1528990	1
V	1529226	1
V	1529468	1
V	1529708	1
V	1529947	1
V	1530190	1
V	1530432	1
V	1530675	1
V	1530918	1
V	1531161	1
V	1531401	1
V	1531640	1
V	1531876	1
V	1532114	1
V	1532352	1
V	1532573	1
V	1532812	1
V	1533055	1
V	1533291	1
V	1533531	1
V	1533773	1
V	1534013	1
V	1534250	1
V	1534489	1
V	1534727	1
V	1534959	1
V	1535202	1
V	1535444	1
V	1535685	1
V	1535922	1
V	1536160	1
V	1536400	1
V	1536644	1
V	1536881	1
V	1537117	1
V	1537351	1
V	1537589	1
V	1537822	1
V	1538063	1
V	1538303	1
V	1538547	1
V	1538787	1
V	1539020	1
V	1539256	1
V	1539493	1
V	1539736	1
V	1539978	1
V	1540219	1
V	1540458	1
V	1540697	1
V	1540929	1
V	1541165	1
V	1541403	1
V	1541628	1
V	1541870	1
V	1542107	1
V	1542346	1
V	1542583	1
V	1542823	1
V	1543048	1
V	1543280	1
V	1543513	1
V	1543751	1
V	1543991	1
V	1544229	1
V	1544465	1
V	1544703	1
V	1544938	1
V	1545182	1
V	1545425	1
V	1545668	1
V	1545907	1
V	1546145	1
V	1546381	1
V	1546624	1
V	1546856	1
V	1547088	1
V	1547325	1
V	1547561	1
V	1547804	1
V	1548047	1
V	1548289	1
V	1548530	1
V	1548772	1
V	1549014	1
V	1549238	1
V	1549473	1
V	1549709	1
V	1549952	1
V	1550191	1
V	1550435	1
V	1550660	1
V	1550893	1
V	1551130	1
V	1551374	1
V	1551613	1
V	1551853	1
V	1552094	1
V	1552335	1
V	1552575	1
V	1552807	1
V	1553040	1
V	1553273	1
V	1553512	1
V	1553754	1
V	1553976	1
V	1554218	1
V	1554456	1
V	1554693	1
V	1554925	1
V	1555157	1
V	1555397	1
V	1555631	1
V	1555874	1
V	1556117	1
V	1556360	1
V	1556593	1
V	1556825	1
V	1557057	1
V	1557294	1
V	1557529	1
V	1557765	1
V	1557997	1
V	1558234	1
V	1558475	1
V	1558713	1
V	1558951	1
V	1559193	1
V	1559413	1
V	1559647	1
V	1559889	1
V	1560126	1
V	1560365	1
V	1560604	1
V	1560841	1
V	1561079	1
V	1561317	1
V	1561554	1
V	1561791	1
V	1562016	1
V	1562260	1
V	1562494	1
V	1562724	1
V	1562962	1
V	1563205	1
V	1563430	1
V	1563669	1
V	1563908	1
V	1564151	1
V	1564387	1
V	1564621	1
V	1564858	1
V	1565097	1
V	1565337	1
V	1565580	1
V	1565813	1
V	1566046	1
V	1566284	1
V	1566524	1
V	1566764	1
V	1567004	1
V	1567239	1
V	1567478	1
V	1567702	1
V	1567939	1
V	1568175	1
V	1568410	1
V	1568642	1
V	1568883	1
V	1569119	1
V	1569356	1
V	1569593	1
V	1569830	1
V	1570068	1
V	1570310	1
V	1570552	1
V	1570795	1
V	1571038	1
V	1571278	1
V	1571510	1
V	1571734	1
V	1571971	1
V	1572210	1
V	1572447	1
V	1572689	1
V	1572930	1
V	1573168	1
V	1573410	1
V	1573652	1
V	1573891	1
V	1574129	1
V	1574348	1
V	1574588	1
V	1574829	1
V	1575071	1
V	1575309	1
V	1575545	1
V	1575785	1
V	1576023	1
V	1576259	1
V	1576496	1
V	1576734	1
V	1576966	1
V	1577206	1
V	1577444	1
V	1577681	1
V	1577923	1
V	1578159	5
V	1578412	5
V	1578663	5
V	1578917	5
V	1579168	5
V	1579422	5
V	1579675	5
V	1579931	5
V	1580178	5
V	1580431	5
V	1580684	5
V	1580942	5
V	1581197	5
V	1581444	5
V	1581697	5
V	1581956	5
V	1582215	5
V	1582468	5
V	1582722	5
V	1582970	5
V	1583225	5
V	1583479	5
V	1583732	5
V	1583983	5
V	1584234	5
V	1584488	5
V	1584745	5
V	1584996	5
V	1585244	5
V	1585499	5
V	1585754	5
V	1586000	5
V	1586252	5
V	1586508	5
V	1586761	5
V	1587016	5
V	1587272	5
V	1587527	5
V	1587784	5
V	1588031	5
V	1588284	5
V	1588538	5
V	1588787	5
V	1589043	5
V	1589302	5
V	1589554	5
V	1589800	5
V	1590052	5
V	1590309	5
V	1590567	5
V	1590812	5
V	1591062	5
V	1591303	5
V	1591548	5
V	1591804	5
V	1592056	5
V	1592315	5
V	1592572	5
V	1592829	5
V	1593079	5
V	1593327	5
V	1593582	5
V	1593834	5
V	1594084	5
V	1594341	5
V	1594588	5
V	1594833	5
V	1595066	5
V	1595307	5
V	1595553	5
V	1595795	5
V	1596048	5
V	1596297	5
V	1596552	5
V	1596801	5
V	1597054	5
V	1597303	5
V	1597562	5
V	1597815	5
V	1598065	5
V	1598313	5
V	1598565	5
V	1598822	5
V	1599073	5
V	1599330	5
V	1599575	5
V	1599825	5
V	1600078	5
V	1600332	5
V	1600581	5
V	1600826	5
V	1601072	5
V	1601327	5
V	1601582	5
V	1601836	5
V	1602083	5
V	1602339	5
V	1602581	5
V	1602826	5
V	1603071	5
V	1603317	5
V	1603574	5
V	1603828	5
V	1604072	5
V	1604325	5
V	1604577	5
V	1604832	5
V	1605090	5
V	1605340	5
V	1605594	5
V	1605849	5
V	1606095	5
V	1606342	5
V	1606596	5
V	1606848	5
V	1607088	5
V	1607345	5
V	1607590	5
V	1607842	5
V	1608091	5
V	1608344	5
V	1608589	5
V	1608843	5
V	1609095	5
V	1609348	5
V	1609604	5
V	1609859	5
V	1610111	5
V	1610361	5
V	1610611	5
V	1610853	5
V	1611099	5
V	1611344	5
V	1611598	5
V	1611853	1
V	1612092	1
V	1612335	1
V	1612574	1
V	1612816	1
V	1613054	1
V	1613293	1
V	1613533	1
V	1613764	1
V	1613996	1
V	1614236	1
V	1614480	1
V	1614722	1
V	1614965	1
V	1615202	1
V	1615427	1
V	1615665	1
V	1615908	1
V	1616145	1
V	1616383	1
V	1616622	1
V	1616862	1
V	1617095	1
V	1617338	1
V	1617580	1
V	1617818	1
V	1618055	1
V	1618293	1
V	1618530	1
V	1618762	1
V	1618996	1
V	1619233	1
V	1619469	1
V	1619711	1
V	1619953	1
V	1620196	1
V	1620433	1
V	1620673	1
V	1620913	1
V	1621154	1
V	1621392	1
V	1621632	1
V	1621852	1
V	1622087	1
V	1622326	1
V	1622568	1
V	1622811	1
V	1623054	1
V	1623292	1
V	1623530	1
V	1623768	1
V	1624008	1
V	1624246	1
V	1624483	1
V	1624719	1
V	1624952	1
V	1625184	1
V	1625425	1
V	1625664	1
V	1625907	1
V	1626150	1
V	1626387	1
V	1626622	1
V	1626861	1
V	1627096	1
V	1627334	1
V	1627572	1
V	1627810	1
V	1628052	1
V	1628285	1
V	1628517	1
V	1628750	1
V	1628986	1
V	1629223	1
V	1629465	1
V	1629707	1
V	1629948	1
V	1630189	1
V	1630430	1
V	1630674	1
V	1630916	1
V	1631149	1
V	1631388	1
V	1631625	1
V	1631868	1
V	1632109	1
V	1632351	1
V	1632594	1
V	1632837	1
V	1633079	1
V	1633318	1
V	1633556	1
V	1633793	1
V	1634025	1
V	1634264	1
V	1634502	1
V	1634735	1
V	1634973	1
V	1635214	1
V	1635457	1
V	1635700	1
V	1635941	1
V	1636179	1
V	1636419	1
V	1636662	1
V	1636895	1
V	1637132	1
V	1637351	1
V	1637592	1
V	1637831	1
V	1638070	1
V	1638303	1
V	1638541	1
V	1638786	1
V	1639026	1
V	1639268	1
V	1639507	1
V	1639750	1
V	1639992	1
V	1640230	1
V	1640470	1
V	1640709	1
V	1640945	1
V	1641186	1
V	1641427	1
V	1641670	1
V	1641914	1
V	1642157	1
V	1642393	1
V	1642632	1
V	1642870	1
V	1643107	1
V	1643348	1
V	1643581	1
V	1643823	1
V	1644066	1
V	1644308	1
V	1644548	1
V	1644784	1
V	1645021	1
V	1645264	1
V	1645505	1
V	1645729	1
V	1645965	1
V	1646203	1
V	1646446	1
V	1646683	1
V	1646919	1
V	1647156	1
V	1647394	1
V	1647630	1
V	1647867	1
V	1648105	1
V	1648347	1
V	1648578	1
V	1648821	1
V	1649053	1
V	1649291	1
V	1649531	1
V	1649774	1
V	1650010	1
V	1650253	1
V	1650495	1
V	1650731	1
V	1650967	1
V	1651208	1
V	1651447	1
V	1651689	1
V	1651932	1
V	1652174	1
V	1652413	1
V	1652653	1
V	1652890	1
V	1653124	1
V	1653361	1
V	1653598	1
V	1653834	1
V	1654077	1
V	1654320	1
V	1654564	1
V	1654802	1
V	1655021	1
V	1655265	1
V	1655503	1
V	1655741	1
V	1655978	1
V	1656219	1
V	1656454	1
V	1656696	1
V	1656938	1
V	1657177	1
V	1657416	1
V	1657650	1
V	1657893	1
V	1658135	1
V	1658374	1
V	1658616	1
V	1658853	1
V	1659091	1
V	1659330	1
V	1659567	1
V	1659810	1
V	1660043	1
V	1660275	1
V	1660512	1
V	1660753	1
V	1660995	1
V	1661233	1
V	1661476	1
V	1661709	1
V	1661947	1
V	1662186	1
V	1662424	1
V	1662665	1
V	1662887	1
V	1663124	1
V	1663367	1
V	1663607	1
V	1663848	1
V	1664087	1
V	1664323	1
V	1664564	1
V	1664807	1
V	1665050	1
V	1665294	1
V	1665535	1
V	1665777	1
V	1666013	1
V	1666251	1
V	1666495	1
V	1666734	1
V	1666975	1
V	1667207	1
V	1667440	1
V	1667679	1
V	1667923	1
V	1668161	1
V	1668404	1
V	1668647	1
V	1668871	1
V	1669109	1
V	1669352	1
V	1669590	1
V	1669828	1
V	1670070	1
V	1670291	1
V	1670528	1
V	1670761	1
V	1670998	1
V	1671232	1
V	1671463	1
V	1671697	1
V	1671939	1
V	1672176	1
V	1672416	1
V	1672658	1
V	1672900	1
V	1673136	1
V	1673377	1
V	1673609	1
V	1673846	1
V	1674088	1
V	1674330	1
V	1674568	1
V	1674802	1
V	1675041	1
V	1675279	1
V	1675518	1
V	1675757	1
V	1675996	1
V	1676233	1
V	1676477	1
V	1676719	1
V	1676957	1
V	1677196	1
V	1677438	1
V	1677676	1
V	1677908	1
V	1678138	1
V	1678375	1
V	1678618	1
V	1678862	1
V	1679103	1
V	1679340	1
V	1679579	1
V	1679812	1
V	1680052	1
V	1680284	1
V	1680516	1
V	1680759	1
V	1681001	1
V	1681243	1
V	1681480	1
V	1681723	1
V	1681963	1
V	1682201	1
V	1682440	1
V	1682677	1
V	1682913	1
V	1683144	1
V	1683380	1
V	1683617	1
V	1683859	1
V	1684099	1
V	1684341	1
V	1684581	1
V	1684816	1
V	1685054	1
V	1685291	1
V	1685532	1
V	1685765	1
V	1685999	1
V	1686242	1
V	1686484	1
V	1686727	1
V	1686965	1
V	1687207	1
V	1687447	1
V	1687686	1
V	1687926	1
V	1688168	1
V	1688408	1
V	1688645	1
V	1688881	1
V	1689118	1
V	1689350	1
V	1689585	1
V	1689823	1
V	1690062	1
V	1690294	1
V	1690524	1
V	1690760	1
V	1691000	1
V	1691242	1
V	1691477	1
V	1691718	5
V	1691969	5
V	1692219	5
V	1692465	5
V	1692721	5
V	1692981	5
V	1693233	5
V	1693491	5
V	1693737	5
V	1693983	5
V	1694239	5
V	1694497	5
V	1694747	5
V	1694992	5
V	1695246	5
V	1695502	5
V	1695757	5
V	1696006	5
V	1696261	5
V	1696520	5
V	1696773	5
V	1697029	5
V	1697277	5
V	1697529	5
V	1697784	5
V	1698037	5
V	1698294	5
V	1698549	5
V	1698800	5
V	1699055	5
V	1699315	5
V	1699572	5
V	1699829	5
V	1700078	5
V	1700322	5
V	1700572	5
V	1700825	5
V	1701083	5
V	1701327	5
V	1701581	5
V	1701830	5
V	1702082	5
V	1702337	5
V	1702586	5
V	1702832	5
V	1703088	5
V	1703341	5
V	1703594	5
V	1703846	5
V	1704097	5
V	1704350	5
V	1704604	5
V	1704858	5
V	1705108	5
V	1705356	5
V	1705610	5
V	1705860	5
V	1706104	5
V	1706353	5
V	1706611	5
V	1706864	5
V	1707113	5
V	1707362	5
V	1707615	5
V	1707869	5
V	1708128	5
V	1708378	5
V	1708633	5
V	1708884	5
V	1709139	5
V	1709391	5
V	1709648	5
V	1709896	5
V	1710145	5
V	1710385	5
V	1710630	5
V	1710878	5
V	1711126	5
V	1711376	5
V	1711624	5
V	1711875	5
V	1712127	5
V	1712375	5
V	1712626	5
V	1712871	5
V	1713118	5
V	1713374	5
V	1713621	5
V	1713876	5
V	1714126	5
V	1714380	5
V	1714633	5
V	1714885	5
V	1715133	5
V	1715382	5
V	1715630	5
V	1715885	5
V	1716132	5
V	1716378	5
V	1716615	5
V	1716859	5
V	1717106	5
V	1717355	1
V	1717594	1
V	1717831	1
V	1718069	1
V	1718303	1
V	1718541	1
V	1718777	1
V	1719012	1
V	1719249	1
V	1719492	1
V	1719714	1
V	1719955	1
V	1720196	1
V	1720434	1
V	1720667	1
V	1720904	1
V	1721125	1
V	1721367	1
V	1721606	1
V	1721844	1
V	1722081	1
V	1722296	1
V	1722539	1
V	1722778	1
V	1723018	1
V	1723237	1
V	1723480	1
V	1723722	1
V	1723966	1
V	1724205	1
V	1724448	1
V	1724686	1
V	1724918	1
V	1725151	1
V	1725387	1
V	1725621	1
V	1725857	1
V	1726094	1
V	1726332	1
V	1726568	1
V	1726801	1
V	1727040	1
V	1727272	1
V	1727507	1
V	1727749	1
V	1727991	1
V	1728229	1
V	1728465	1
V	1728701	1
V	1728940	1
V	1729176	1
V	1729413	1
V	1729650	1
V	1729887	1
V	1730125	1
V	1730364	1
V	1730607	1
V	1730842	1
V	1731080	1
V	1731317	1
V	1731560	1
V	1731801	1
V	1732044	1
V	1732286	1
V	1732528	1
V	1732764	1
V	1733003	1
V	1733223	1
V	1733465	1
V	1733709	1
V	1733947	1
V	1734185	1
V	1734415	1
V	1734651	1
V	1734876	1
V	1735115	1
V	1735356	1
V	1735595	1
V	1735834	1
V	1736072	1
V	1736314	1
V	1736552	1
V	1736796	1
V	1737035	1
V	1737274	1
V	1737507	1
V	1737746	1
V	1737964	1
V	1738197	1
V	1738431	1
V	1738671	1
V	1738914	1
V	1739151	1
V	1739393	1
V	1739632	1
V	1739870	1
V	1740108	1
V	1740344	1
V	1740588	1
V	1740831	1
V	1741071	1
V	1741310	1
V	1741549	1
V	1741788	1
V	1742027	1
V	1742270	1
V	1742509	1
V	1742741	1
V	1742972	1
V	1743208	1
V	1743449	1
V	1743691	1
V	1743933	1
V	1744175	1
V	1744416	1
V	1744653	1
V	1744891	1
V	1745131	1
V	1745370	1
V	1745614	1
V	1745857	1
V	1746097	1
V	1746336	1
V	1746573	1
V	1746809	1
V	1747048	1
V	1747287	1
V	1747526	1
V	1747763	1
V	1747987	1
V	1748226	1
V	1748462	1
V	1748695	1
V	1748937	1
V	1749181	1
V	1749425	1
V	1749663	1
V	1749902	1
V	1750141	1
V	1750379	1
V	1750612	1
V	1750851	1
V	1751095	1
V	1751335	1
V	1751575	1
V	1751816	1
V	1752055	1
V	1752293	1
V	1752530	1
V	1752773	1
V	1753016	1
V	1753248	1
V	1753486	1
V	1753727	1
V	1753966	1
V	1754201	1
V	1754438	1
V	1754676	1
V	1754914	1
V	1755150	1
V	1755388	1
V	1755609	1
V	1755846	1
V	1756078	1
V	1756311	1
V	1756554	1
V	1756797	1
V	1757040	1
V	1757280	1
V	1757523	1
V	1757763	1
V	1758001	1
V	1758240	1
V	1758477	1
V	1758710	1
V	1758949	1
V	1759182	1
V	1759421	1
V	1759660	1
V	1759898	1
V	1760135	1
V	1760379	1
V	1760609	1
V	1760848	1
V	1761090	1
V	1761332	1
V	1761572	1
V	1761813	1
V	1762052	1
V	1762293	1
V	1762534	1
V	1762773	1
V	1763016	1
V	1763249	1
V	1763485	1
V	1763728	1
V	1763967	1
V	1764207	1
V	1764444	1
V	1764682	1
V	1764920	1
V	1765158	1
V	1765394	1
V	1765632	1
V	1765876	1
V	1766114	1
V	1766347	1
V	1766580	1
V	1766795	1
V	1767029	1
V	1767268	1
V	1767504	1
V	1767741	1
V	1767982	1
V	1768218	1
V	1768454	1
V	1768697	1
V	1768940	1
V	1769182	1
V	1769423	1
V	1769662	1
V	1769900	1
V	1770140	1
V	1770381	1
V	1770618	1
V	1770851	1
V	1771081	1
V	1771317	1
V	1771554	1
V	1771779	1
V	1772020	1
V	1772263	1
V	1772505	1
V	1772741	1
V	1772978	1
V	1773215	1
V	1773453	1
V	1773691	1
V	1773927	1
V	1774163	1
V	1774396	1
V	1774632	1
V	1774871	1
V	1775107	1
V	1775343	1
V	1775579	1
V	1775812	1
V	1776046	1
V	1776287	1
V	1776528	1
V	1776769	1
V	1777008	1
V	1777245	1
V	1777482	1
V	1777718	1
V	1777958	1
V	1778195	1
V	1778427	1
V	1778660	1
V	1778900	1
V	1779125	1
V	1779368	1
V	1779604	1
V	1779843	1
V	1780086	1
V	1780318	1
V	1780559	1
V	1780800	1
V	1781043	1
V	1781285	1
V	1781525	1
V	1781764	1
V	1782008	1
V	1782241	1
V	1782483	1
V	1782725	1
V	1782963	1
V	1783203	1
V	1783441	1
V	1783680	1
V	1783919	1
V	1784159	1
V	1784398	1
V	1784636	1
V	1784877	1
V	1785111	1
V	1785350	1
V	1785588	1
V	1785830	1
V	1786072	1
V	1786314	1
V	1786556	1
V	1786794	1
V	1787029	1
V	1787268	1
V	1787506	1
V	1787735	1
V	1787955	1
V	1788188	1
V	1788425	1
V	1788667	1
V	1788909	1
V	1789148	1
V	1789385	1
V	1789622	1
V	1789861	1
V	1790098	1
V	1790337	1
V	1790569	1
V	1790811	1
V	1791055	1
V	1791296	1
V	1791538	1
V	1791776	1
V	1792001	1
V	1792245	1
V	1792484	1
V	1792717	1
V	1792960	1
V	1793203	1
V	1793447	1
V	1793689	5
V	1793942	5
V	1794188	5
V	1794442	5
V	1794698	5
V	1794949	5
V	1795194	5
V	1795449	5
V	1795701	5
V	1795955	5
V	1796205	5
V	1796455	5
V	1796710	5
V	1796954	5
V	1797210	5
V	1797458	5
V	1797714	5
V	1797963	5
V	1798214	5
V	1798465	5
V	1798722	5
V	1798973	5
V	1799228	5
V	1799476	5
V	1799730	5
V	1799986	5
V	1800243	5
V	1800488	5
V	1800741	5
V	1800999	5
V	1801249	5
V	1801505	5
V	1801756	5
V	1802012	5
V	1802261	5
V	1802511	5
V	1802766	5
V	1803019	5
V	1803258	5
V	1803508	5
V	1803769	5
V	1804025	5
V	1804280	5
V	1804533	5
V	1804791	5
V	1805042	5
V	1805300	5
V	1805554	5
V	1805802	5
V	1806051	5
V	1806307	5
V	1806565	5
V	1806826	5
V	1807075	5
V	1807328	5
V	1807582	5
V	1807828	5
V	1808081	5
V	1808335	5
V	1808587	5
V	1808841	5
V	1809085	5
V	1809331	5
V	1809588	5
V	1809835	5
V	1810088	5
V	1810342	5
V	1810597	5
V	1810852	5
V	1811100	5
V	1811358	5
V	1811614	5
V	1811869	5
V	1812123	5
V	1812379	5
V	1812633	5
V	1812887	5
V	1813137	5
V	1813384	5
V	1813630	5
V	1813889	5
V	1814142	5
V	1814387	5
V	1814631	5
V	1814875	5
V	1815127	5
V	1815367	5
V	1815617	5
V	1815872	5
V	1816131	5
V	1816383	5
V	1816636	5
V	1816887	5
V	1817140	5
V	1817389	5
V	1817628	1
V	1817868	1
V	1818106	1
V	1818342	1
V	1818576	1
V	1818813	1
V	1819032	1
V	1819272	1
V	1819509	1
V	1819745	1
V	1819979	1
V	1820198	1
V	1820432	1
V	1820664	1
V	1820904	1
V	1821128	1
V	1821363	1
V	1821600	1
V	1821841	1
V	1822078	1
V	1822317	1
V	1822553	1
V	1822793	1
V	1823033	1
V	1823265	1
V	1823505	1
V	1823729	1
V	1823966	1
V	1824206	1
V	1824444	1
V	1824684	1
V	1824924	1
V	1825161	1
V	1825399	1
V	1825614	1
V	1825851	1
V	1826089	1
V	1826327	1
V	1826567	1
V	1826806	1
V	1827045	1
V	1827268	1
V	1827509	1
V	1827747	1
V	1827983	1
V	1828216	1
V	1828453	1
V	1828691	1
V	1828926	1
V	1829162	1
V	1829404	1
V	1829646	1
V	1829883	1
V	1830120	1
V	1830356	1
V	1830592	1
V	1830828	1
V	1831049	1
V	1831288	1
V	1831511	1
V	1831751	1
V	1831990	1
V	1832229	1
V	1832468	1
V	1832708	1
V	1832946	1
V	1833180	1
V	1833417	1
V	1833657	1
V	1833890	1
V	1834126	1
V	1834362	1
V	1834599	1
V	1834834	1
V	1835075	1
V	1835315	1
V	1835548	1
V	1835782	1
V	1836021	1
V	1836259	1
V	1836498	1
V	1836739	1
V	1836972	1
V	1837211	1
V	1837445	1
V	1837681	1
V	1837923	1
V	1838160	1
V	1838399	1
V	1838635	1
V	1838871	1
V	1839112	1
V	1839353	1
V	1839592	1
V	1839833	1
V	1840075	1
V	1840311	1
V	1840552	1
V	1840794	1
V	1841030	1
V	1841265	1
V	1841506	1
V	1841742	1
V	1841958	1
V	1842189	1
V	1842412	1
V	1842652	1
V	1842893	1
V	1843130	1
V	1843370	1
V	1843607	1
V	1843845	1
V	1844081	1
V	1844318	1
V	1844555	1
V	1844795	1
V	1845036	1
V	1845278	1
V	1845518	1
V	1845756	1
V	1845975	1
V	1846210	1
V	1846442	1
V	1846680	1
V	1846917	1
V	1847156	1
V	1847394	1
V	1847632	1
V	1847864	1
V	1848103	1
V	1848339	1
V	1848581	1
V	1848818	1
V	1849047	1
V	1849279	1
V	1849518	1
V	1849758	1
V	1849998	1
V	1850239	1
V	1850476	1
V	1850716	1
V	1850952	1
V	1851187	1
V	1851421	1
V	1851655	1
V	1851892	1
V	1852132	1
V	1852367	1
V	1852605	1
V	1852840	1
V	1853059	1
V	1853293	1
V	1853531	1
V	1853768	1
V	1854001	1
V	1854236	1
V	1854473	1
V	1854705	1
V	1854946	1
V	1855182	1
V	1855415	1
V	1855656	1
V	1855897	1
V	1856136	1
V	1856374	1
V	1856607	1
V	1856844	1
V	1857085	1
V	1857322	1
V	1857558	1
V	1857794	1
V	1858029	1
V	1858263	1
V	1858498	1
V	1858735	1
V	1858976	1
V	1859217	1
V	1859457	1
V	1859693	1
V	1859933	1
V	1860167	1
V	1860401	1
V	1860633	1
V	1860870	1
V	1861111	1
V	1861353	1
V	1861591	1
V	1861828	1
V	1862063	1
V	1862296	1
V	1862533	1
V	1862771	1
V	1862991	1
V	1863228	1
V	1863463	1
V	1863701	1
V	1863933	1
V	1864168	1
V	1864402	1
V	1864625	1
V	1864865	1
V	1865105	1
V	1865344	1
V	1865581	1
V	1865814	1
V	1866052	1
V	1866288	1
V	1866521	1
V	1866755	1
V	1866995	1
V	1867236	1
V	1867476	1
V	1867695	1
V	1867936	1
V	1868172	1
V	1868411	1
V	1868652	1
V	1868888	1
V	1869126	1
V	1869368	1
V	1869603	1
V	1869837	1
V	1870077	1
V	1870312	1
V	1870550	1
V	1870783	1
V	1871016	1
V	1871257	1
V	1871490	1
V	1871722	1
V	1871955	1
V	1872196	1
V	1872419	1
V	1872661	1
V	1872897	1
V	1873131	1
V	1873371	1
V	1873607	1
V	1873846	1
V	1874082	1
V	1874319	1
V	1874558	1
V	1874795	1
V	1875031	1
V	1875269	1
V	1875509	1
V	1875749	1
V	1875987	1
V	1876228	1
V	1876464	1
V	1876699	1
V	1876940	1
V	1877181	1
V	1877417	1
V	1877659	1
V	1877894	1
V	1878130	1
V	1878370	1
V	1878604	1
V	1878839	1
V	1879073	1
V	1879287	1
V	1879520	1
V	1879755	1
V	1879990	1
V	1880230	1
V	1880465	1
V	1880705	1
V	1880945	1
V	1881180	1
V	1881417	1
V	1881656	1
V	1881895	1
V	1882136	1
V	1882371	1
V	1882609	1
V	1882842	1
V	1883075	1
V	1883314	1
V	1883550	1
V	1883786	1
V	1884025	1
V	1884265	1
V	1884502	1
V	1884739	1
V	1884975	1
V	1885213	1
V	1885453	1
V	1885688	1
V	1885929	1
V	1886165	1
V	1886400	1
V	1886635	1
V	1886870	1
V	1887106	1
V	1887343	1
V	1887579	1
V	1887817	1
V	1888054	1
V	1888288	1
V	1888522	1
V	1888763	1
V	1889001	1
V	1889241	1
V	1889480	1
V	1889717	1
V	1889956	1
V	1890192	1
V	1890432	1
V	1890675	1
V	1890912	1
V	1891148	1
V	1891380	1
V	1891617	1
V	1891853	1
V	1892086	1
V	1892325	1
V	1892565	1
V	1892805	1
V	1893038	1
V	1893277	1
V	1893511	1
V	1893747	1
V	1893981	1
V	1894221	1
V	1894453	1
V	1894689	1
V	1894924	1
V	1895156	1
V	1895394	1
V	1895632	1
V	1895870	1
V	1896107	1
V	1896340	1
V	1896573	1
V	1896814	1
V	1897056	1
V	1897293	1
V	1897531	1
V	1897769	1
V	1898003	1
V	1898238	1
V	1898474	1
V	1898715	1
V	1898951	1
V	1899188	1
V	1899421	1
V	1899662	1
V	1899898	1
V	1900131	1
V	1900371	1
V	1900611	1
V	1900845	1
V	1901085	1
V	1901325	1
V	1901566	1
V	1901806	1
V	1902047	1
V	1902284	1
V	1902520	1
V	1902760	1
V	1903001	1
V	1903241	1
V	1903474	1
V	1903709	1
V	1903944	1
V	1904186	1
V	1904427	1
V	1904649	1
V	1904890	1
V	1905130	1
V	1905349	1
V	1905585	1
V	1905826	1
V	1906068	1
V	1906308	1
V	1906542	1
V	1906775	1
V	1907011	1
V	1907247	1
V	1907488	1
V	1907723	1
V	1907956	1
V	1908197	1
V	1908436	1
V	1908673	1
V	1908915	1
V	1909137	1
V	1909374	1
V	1909607	1
V	1909843	1
V	1910078	1
V	1910312	1
V	1910545	1
V	1910778	1
V	1911008	1
V	1911248	1
V	1911484	1
V	1911725	1
V	1911944	1
V	1912176	1
V	1912412	1
V	1912647	1
V	1912883	1
V	1913119	1
V	1913356	1
V	1913595	1
V	1913837	1
V	1914071	1
V	1914304	1
V	1914538	1
V	1914760	1
V	1914996	1
V	1915233	1
V	1915470	1
V	1915707	1
V	1915943	1
V	1916179	1
V	1916398	1
V	1916639	1
V	1916879	1
V	1917114	1
V	1917355	1
V	1917591	1
V	1917827	1
V	1918060	1
V	1918297	1
V	1918534	1
V	1918774	1
V	1919011	1
V	1919252	1
V	1919494	1
V	1919728	1
V	1919961	1
V	1920194	1
V	1920429	1
V	1920666	1
V	1920906	1
V	1921145	1
V	1921378	1
V	1921615	1
V	1921849	1
V	1922083	1
V	1922298	1
V	1922539	1
V	1922762	1
V	1922994	1
V	1923228	1
V	1923464	1
V	1923706	1
V	1923940	1
V	1924173	1
V	1924413	1
V	1924649	1
V	1924889	1
V	1925124	1
V	1925360	1
V	1925596	1
V	1925829	1
V	1926066	1
V	1926306	1
V	1926547	1
V	1926784	1
V	1927017	1
V	1927255	1
V	1927485	1
V	1927722	1
V	1927960	1
V	1928202	1
V	1928438	1
V	1928666	1
V	1928902	1
V	1929137	1
V	1929374	1
V	1929615	1
V	1929855	1
V	1930095	1
V	1930335	1
V	1930574	1
V	1930808	1
V	1931041	1
V	1931278	1
V	1931513	1
V	1931749	1
V	1931986	1
V	1932221	1
V	1932462	1
V	1932698	1
V	1932934	1
V	1933166	1
V	1933402	1
V	1933639	1
V	1933878	1
V	1934118	1
V	1934352	1
V	1934589	1
V	1934822	1
V	1935064	1
V	1935300	1
V	1935543	1
V	1935759	1
V	1935977	1
V	1936214	1
V	1936452	1
V	1936688	1
V	1936928	1
V	1937168	1
V	1937408	1
V	1937630	1
V	1937871	1
V	1938103	1
V	1938337	1
V	1938574	1
V	1938808	1
V	1939042	5
V	1939293	5
V	1939546	5
V	1939795	5
V	1940046	5
V	1940298	5
V	1940548	5
V	1940800	5
V	1941050	5
V	1941299	5
V	1941556	5
V	1941810	5
V	1942061	5
V	1942313	5
V	1942570	5
V	1942828	5
V	1943077	5
V	1943328	5
V	1943576	5
V	1943825	5
V	1944068	5
V	1944325	5
V	1944582	5
V	1944829	5
V	1945074	5
V	1945327	5
V	1945582	5
V	1945835	5
V	1946085	5
V	1946335	5
V	1946586	5
V	1946840	5
V	1947097	5
V	1947353	5
V	1947602	5
V	1947853	5
V	1948101	5
V	1948357	5
V	1948605	5
V	1948854	5
V	1949107	5
V	1949357	5
V	1949606	5
V	1949852	5
V	1950106	5
V	1950358	5
V	1950615	5
V	1950862	5
V	1951109	5
V	1951354	5
V	1951612	5
V	1951866	5
V	1952117	5
V	1952370	5
V	1952616	5
V	1952864	5
V	1953121	5
V	1953369	5
V	1953617	5
V	1953872	5
V	1954121	5
V	1954377	5
V	1954636	5
V	1954890	5
V	1955146	5
V	1955396	5
V	1955655	5
V	1955901	5
V	1956151	5
V	1956399	5
V	1956643	5
V	1956895	5
V	1957154	5
V	1957406	5
V	1957663	5
V	1957911	5
V	1958158	5
V	1958409	5
V	1958658	5
V	1958903	5
V	1959159	5
V	1959411	5
V	1959669	5
V	1959925	5
V	1960180	5
V	1960431	5
V	1960686	5
V	1960939	5
V	1961188	5
V	1961435	5
V	1961678	5
V	1961931	5
V	1962185	5
V	1962423	5
V	1962683	5
V	1962933	5
V	1963188	5
V	1963445	5
V	1963693	5
V	1963937	5
V	1964193	5
V	1964445	5
V	1964701	5
V	1964945	5
V	1965201	5
V	1965449	5
V	1965701	5
V	1965943	5
V	1966185	5
V	1966434	5
V	1966679	5
V	1966928	5
V	1967170	5
V	1967419	5
V	1967665	5
V	1967915	5
V	1968167	5
V	1968421	5
V	1968671	5
V	1968919	5
V	1969173	5
V	1969425	5
V	1969674	5
V	1969927	5
V	1970173	5
V	1970431	5
V	1970689	5
V	1970938	5
V	1971190	5
V	1971447	5
V	1971700	5
V	1971953	5
V	1972202	5
V	1972459	5
V	1972720	5
V	1972974	5
V	1973227	5
V	1973481	5
V	1973733	5
V	1973988	5
V	1974242	5
V	1974500	5
V	1974750	5
V	1975009	5
V	1975261	5
V	1975515	5
V	1975772	5
V	1976026	5
V	1976284	5
V	1976536	5
V	1976793	5
V	1977044	5
V	1977282	5
V	1977536	5
V	1977790	5
V	1978040	5
V	1978296	5
V	1978542	5
V	1978796	5
V	1979046	5
V	1979299	5
V	1979557	5
V	1979808	5
V	1980057	5
V	1980309	5
V	1980549	5
V	1980802	5
V	1981053	5
V	1981307	5
V	1981564	5
V	1981811	5
V	1982064	5
V	1982317	5
V	1982565	5
V	1982810	5
V	1983059	5
V	1983304	5
V	1983547	5
V	1983795	5
V	1984037	5
V	1984282	5
V	1984533	5
V	1984781	5
V	1985031	5
V	1985274	5
V	1985522	5
V	1985781	1
V	1986022	1
V	1986259	1
V	1986500	1
V	1986730	1
V	1986942	1
V	1987174	1
V	1987409	1
V	1987641	1
V	1987874	1
V	1988106	1
V	1988338	1
V	1988571	1
V	1988800	1
V	1989028	1
V	1989261	1
V	1989491	1
V	1989722	1
V	1989951	1
V	1990184	1
V	1990413	1
V	1990647	1
V	1990880	1
V	1991113	1
V	1991343	1
V	1991573	1
V	1991801	1
V	1992033	1
V	1992265	1
V	1992494	1
V	1992725	1
V	1992953	1
V	1993186	1
V	1993420	1
V	1993632	1
V	1993866	1
V	1994095	1
V	1994317	1
V	1994547	1
V	1994785	1
V	1995023	1
V	1995261	1
V	1995502	1
V	1995734	1
V	1995968	1
V	1996203	1
V	1996437	1
V	1996677	1
V	1996913	1
V	1997141	1
V	1997375	1
V	1997609	1
V	1997842	1
V	1998075	1
V	1998308	1
V	1998540	1
V	1998772	1
V	1998998	1
V	1999230	1
V	1999460	1
V	1999690	1
V	1999925	1
V	2000159	1
V	2000384	1
V	2000614	1
V	2000848	1
V	2001078	1
V	2001311	1
V	2001544	1
V	2001756	1
V	2001987	1
V	2002221	1
V	2002451	1
V	2002678	1
V	2002907	1
V	2003141	1
V	2003371	1
V	2003607	1
V	2003837	1
V	2004067	1
V	2004301	1
V	2004535	1
V	2004764	1
V	2004997	1
V	2005234	1
V	2005473	1
V	2005711	1
V	2005948	1
V	2006184	1
V	2006423	1
V	2006664	1
V	2006901	1
V	2007136	1
V	2007355	1
V	2007589	1
V	2007825	1
V	2008057	1
V	2008282	1
V	2008515	1
V	2008748	1
V	2008980	1
V	2009213	1
V	2009444	1
V	2009677	1
V	2009918	1
V	2010151	1
V	2010380	1
V	2010606	1
V	2010839	1
V	2011072	1
V	2011301	1
V	2011533	1
V	2011766	1
V	2011999	1
V	2012226	1
V	2012464	1
V	2012699	1
V	2012929	1
V	2013162	1
V	2013391	1
V	2013620	1
V	2013850	1
V	2014076	1
V	2014308	1
V	2014543	1
V	2014773	1
V	2015004	1
V	2015237	1
V	2015472	1
V	2015688	1
V	2015907	1
V	2016143	1
V	2016373	1
V	2016610	1
V	2016847	1
V	2017084	1
V	2017320	1
V	2017557	1
V	2017792	1
V	2018029	1
V	2018263	1
V	2018480	1
V	2018717	1
V	2018956	1
V	2019196	1
V	2019437	1
V	2019673	1
V	2019911	1
V	2020145	1
V	2020377	1
V	2020610	1
V	2020840	1
V	2021074	1
V	2021309	1
V	2021542	1
V	2021772	1
V	2022004	1
V	2022243	1
V	2022481	1
V	2022713	1
V	2022946	1
V	2023175	1
V	2023403	1
V	2023631	1
V	2023860	1
V	2024093	1
V	2024329	1
V	2024563	1
V	2024790	1
V	2025020	1
V	2025229	1
V	2025460	1
V	2025693	1
V	2025924	1
V	2026152	1
V	2026383	1
V	2026609	1
V	2026841	1
V	2027074	1
V	2027304	1
V	2027532	1
V	2027767	1
V	2028007	1
V	2028245	1
V	2028479	1
V	2028719	1
V	2028957	1
V	2029192	1
V	2029427	1
V	2029661	1
V	2029901	1
V	2030130	1
V	2030354	1
V	2030588	1
V	2030823	1
V	2031057	1
V	2031291	1
V	2031525	1
V	2031758	1
V	2031992	1
V	2032220	1
V	2032450	1
V	2032682	1
V	2032912	1
V	2033141	1
V	2033370	1
V	2033600	1
V	2033829	1
V	2034062	1
V	2034295	1
V	2034528	1
V	2034755	1
V	2034967	1
V	2035202	1
V	2035431	1
V	2035662	1
V	2035897	1
V	2036130	1
V	2036356	1
V	2036582	1
V	2036797	1
V	2037027	1
V	2037257	1
V	2037492	1
V	2037726	1
V	2037938	1
V	2038172	1
V	2038402	1
V	2038640	1
V	2038877	1
V	2039113	1
V	2039349	1
V	2039589	1
V	2039812	1
V	2040049	1
V	2040284	1
V	2040520	1
V	2040761	1
V	2040993	1
V	2041226	1
V	2041458	1
V	2041692	1
V	2041926	1
V	2042156	1
V	2042388	1
V	2042623	1
V	2042865	1
V	2043094	1
V	2043312	1
V	2043540	1
V	2043770	1
V	2043997	1
V	2044231	1
V	2044442	1
V	2044675	1
V	2044905	1
V	2045133	1
V	2045363	1
V	2045593	1
V	2045828	1
V	2046058	1
V	2046288	1
V	2046518	1
V	2046732	1
V	2046967	1
V	2047198	1
V	2047427	1
V	2047662	1
V	2047891	1
V	2048123	1
V	2048352	1
V	2048592	1
V	2048827	1
V	2049068	1
V	2049306	1
V	2049540	1
V	2049781	1
V	2050019	1
V	2050258	1
V	2050499	1
V	2050738	1
V	2050977	1
V	2051217	1
V	2051457	1
V	2051698	1
V	2051937	1
V	2052179	1
V	2052415	1
V	2052643	1
V	2052876	1
V	2053110	1
V	2053341	1
V	2053564	1
V	2053796	1
V	2054029	1
V	2054261	1
V	2054495	1
V	2054723	1
V	2054952	1
V	2055182	1
V	2055413	1
V	2055647	1
V	2055877	1
V	2056111	1
V	2056341	1
V	2056571	1
V	2056803	1
V	2057034	1
V	2057263	1
V	2057495	1
V	2057728	1
V	2057958	1
V	2058189	1
V	2058419	1
V	2058649	1
V	2058861	1
V	2059092	1
V	2059325	1
V	2059556	1
V	2059787	1
V	2060016	1
V	2060246	1
V	2060480	1
V	2060715	1
V	2060945	1
V	2061178	1
V	2061412	1
V	2061652	1
V	2061889	1
V	2062123	1
V	2062363	1
V	2062600	1
V	2062839	1
V	2063071	1
V	2063303	1
V	2063544	1
V	2063785	1
V	2064026	1
V	2064262	1
V	2064499	1
V	2064725	1
V	2064958	1
V	2065193	1
V	2065426	1
V	2065656	1
V	2065889	1
V	2066122	1
V	2066358	1
V	2066599	1
V	2066840	1
V	2067069	1
V	2067298	1
V	2067528	1
V	2067757	1
V	2067986	1
V	2068216	1
V	2068445	1
V	2068674	1
V	2068903	1
V	2069134	1
V	2069363	1
V	2069593	1
V	2069827	1
V	2070055	1
V	2070284	1
V	2070517	1
V	2070746	1
V	2070973	1
V	2071209	1
V	2071442	1
V	2071672	1
V	2071905	1
V	2072133	1
V	2072364	1
V	2072597	1
V	2072827	1
V	2073056	1
V	2073289	1
V	2073524	1
V	2073758	1
V	2073987	1
V	2074221	1
V	2074450	1
V	2074684	1
V	2074918	1
V	2075149	1
V	2075382	1
V	2075611	1
V	2075841	1
V	2076077	1
V	2076311	1
V	2076547	1
V	2076783	1
V	2077016	1
V	2077256	1
V	2077492	1
V	2077733	1
V	2077969	1
V	2078205	1
V	2078441	1
V	2078676	1
V	2078909	1
V	2079141	1
V	2079382	1
V	2079621	1
V	2079862	1
V	2080102	1
V	2080344	1
V	2080569	1
V	2080796	1
V	2081030	1
V	2081263	1
V	2081496	1
V	2081729	1
V	2081962	1
V	2082177	1
V	2082408	1
V	2082641	1
V	2082875	1
V	2083111	1
V	2083348	1
V	2083564	1
V	2083803	1
V	2084033	1
V	2084263	1
V	2084493	1
V	2084724	1
V	2084957	1
V	2085186	1
V	2085419	1
V	2085650	1
V	2085879	1
V	2086112	1
V	2086339	1
V	2086554	1
V	2086788	1
V	2087014	1
V	2087243	1
V	2087471	1
V	2087700	1
V	2087926	1
V	2088154	1
V	2088388	1
V	2088622	1
V	2088858	1
V	2089094	1
V	2089329	1
V	2089565	1
V	2089801	1
V	2090041	1
V	2090277	1
V	2090512	1
V	2090746	1
V	2090985	1
V	2091222	1
V	2091455	1
V	2091689	1
V	2091921	1
V	2092151	1
V	2092379	1
V	2092608	1
V	2092837	1
V	2093066	1
V	2093300	1
V	2093529	1
V	2093757	1
V	2093987	1
V	2094219	1
V	2094448	1
V	2094675	1
V	2094904	1
V	2095138	1
V	2095367	1
V	2095597	1
V	2095831	1
V	2096061	1
V	2096295	1
V	2096525	1
V	2096755	1
V	2096985	1
V	2097215	1
V	2097445	1
V	2097677	1
V	2097889	1
V	2098115	1
V	2098352	1
V	2098590	1
V	2098824	1
V	2099057	1
V	2099294	1
V	2099528	1
V	2099762	1
V	2099996	1
V	2100230	1
V	2100470	1
V	2100706	1
V	2100934	1
V	2101167	1
V	2101401	1
V	2101631	1
V	2101864	1
V	2102094	1
V	2102326	1
V	2102558	1
V	2102786	1
V	2103022	1
V	2103251	1
V	2103480	1
V	2103713	1
V	2103943	1
V	2104179	1
V	2104413	1
V	2104639	1
V	2104869	1
V	2105098	1
V	2105328	1
V	2105555	1
V	2105781	1
V	2106017	1
V	2106249	1
V	2106476	1
V	2106713	1
V	2106948	1
V	2107185	1
V	2107423	1
V	2107660	1
V	2107897	1
V	2108129	1
V	2108364	1
V	2108602	1
V	2108841	1
V	2109079	1
V	2109301	1
V	2109541	1
V	2109779	1
V	2110021	1
V	2110254	1
V	2110487	1
V	2110720	1
V	2110952	1
V	2111183	1
V	2111425	1
V	2111654	1
V	2111893	1
V	2112126	1
V	2112359	1
V	2112590	1
V	2112824	1
V	2113053	1
V	2113282	1
V	2113509	1
V	2113738	1
V	2113966	1
V	2114200	1
V	2114429	1
V	2114659	1
V	2114886	1
V	2115118	1
V	2115349	1
V	2115582	1
V	2115813	1
V	2116040	1
V	2116275	1
V	2116501	1
V	2116731	1
V	2116964	1
V	2117192	1
V	2117422	1
V	2117653	1
V	2117883	1
V	2118112	1
V	2118344	1
V	2118574	1
V	2118803	1
V	2119031	1
V	2119266	1
V	2119500	1
V	2119735	1
V	2119971	1
V	2120208	1
V	2120443	1
V	2120679	1
V	2120920	1
V	2121159	1
V	2121393	1
V	2121627	1
V	2121863	1
V	2122099	1
V	2122339	1
V	2122573	1
V	2122804	1
V	2123046	1
V	2123281	1
V	2123520	1
V	2123757	1
V	2123999	1
V	2124228	1
V	2124461	1
V	2124692	1
V	2124925	1
V	2125162	1
V	2125394	1
V	2125626	1
V	2125860	1
V	2126094	1
V	2126335	1
V	2126565	1
V	2126804	1
V	2127037	1
V	2127270	1
V	2127505	1
V	2127734	1
V	2127968	1
V	2128183	1
V	2128417	1
V	2128643	1
V	2128876	1
V	2129105	1
V	2129338	1
V	2129572	1
V	2129806	1
V	2130037	1
V	2130266	1
V	2130498	1
V	2130725	1
V	2130953	1
V	2131182	1
V	2131411	1
V	2131645	1
V	2131872	1
V	2132101	1
V	2132336	1
V	2132566	1
V	2132797	1
V	2133033	1
V	2133263	1
V	2133496	1
V	2133732	1
V	2133969	1
V	2134204	1
V	2134441	1
V	2134680	1
V	2134914	1
V	2135153	1
V	2135389	1
V	2135625	1
V	2135858	1
V	2136097	1
V	2136339	1
V	2136567	1
V	2136799	1
V	2137031	1
V	2137265	1
V	2137496	1
V	2137730	1
V	2137965	1
V	2138181	1
V	2138412	1
V	2138652	1
V	2138885	1
V	2139119	1
V	2139349	1
V	2139582	1
V	2139816	1
V	2140046	1
V	2140280	1
V	2140516	1
V	2140748	1
V	2140982	1
V	2141216	1
V	2141443	1
V	2141674	1
V	2141899	1
V	2142128	1
V	2142358	1
V	2142584	1
V	2142813	1
V	2143047	1
V	2143278	1
V	2143495	1
V	2143730	1
V	2143959	1
V	2144194	1
V	2144426	1
V	2144652	1
V	2144881	1
V	2145116	1
V	2145345	1
V	2145578	1
V	2145812	1
V	2146049	1
V	2146285	1
V	2146518	1
V	2146754	1
V	2146990	1
V	2147222	1
V	2147457	1
V	2147690	1
V	2147923	1
V	2148156	1
V	2148388	1
V	2148626	1
V	2148861	1
V	2149089	1
V	2149322	1
V	2149554	1
V	2149787	1
V	2150021	1
V	2150253	1
V	2150485	1
V	2150715	1
V	2150949	1
V	2151179	1
V	2151406	1
V	2151634	1
V	2151864	1
V	2152090	1
V	2152316	1
V	2152544	1
V	2152772	1
V	2153005	1
V	2153235	1
V	2153469	1
V	2153702	1
V	2153938	1
V	2154168	1
V	2154402	1
V	2154636	1
V	2154866	1
V	2155095	1
V	2155325	1
V	2155554	1
V	2155788	1
V	2156018	1
V	2156252	1
V	2156486	1
V	2156726	1
V	2156966	1
V	2157204	1
V	2157438	1
V	2157675	1
V	2157916	1
V	2158145	1
V	2158361	1
V	2158595	1
V	2158831	1
V	2159061	1
V	2159293	1
V	2159526	1
V	2159759	1
V	2159993	1
V	2160227	1
V	2160455	1
V	2160686	1
V	2160919	1
V	2161147	1
V	2161376	1
V	2161608	1
V	2161842	1
V	2162076	1
V	2162310	1
V	2162541	1
V	2162772	1
V	2163004	1
V	2163233	1
V	2163469	1
V	2163703	1
V	2163934	1
V	2164146	1
V	2164358	1
V	2164590	1
V	2164825	1
V	2165055	1
V	2165286	1
V	2165513	1
V	2165745	1
V	2165979	1
V	2166201	1
V	2166430	1
V	2166664	1
V	2166894	1
V	2167125	1
V	2167360	1
V	2167596	1
V	2167829	1
V	2168067	1
V	2168301	1
V	2168540	1
V	2168776	1
V	2169016	1
V	2169249	1
V	2169483	1
V	2169723	1
V	2169963	1
V	2170202	1
V	2170442	1
V	2170678	1
V	2170893	1
V	2171125	1
V	2171358	1
V	2171591	1
V	2171822	1
V	2172055	1
V	2172291	1
V	2172532	1
V	2172770	1
V	2173000	1
V	2173232	1
V	2173465	1
V	2173694	1
V	2173923	1
V	2174153	1
V	2174387	1
V	2174615	1
V	2174844	1
V	2175074	1
V	2175301	1
V	2175530	1
V	2175760	1
V	2175987	1
V	2176217	1
V	2176448	1
V	2176678	1
V	2176911	1
V	2177146	1
V	2177377	1
V	2177604	1
V	2177833	1
V	2178065	1
V	2178294	1
V	2178531	1
V	2178760	1
V	2178991	1
V	2179225	1
V	2179447	1
V	2179677	1
V	2179907	1
V	2180140	1
V	2180372	1
V	2180605	1
V	2180845	1
V	2181082	1
V	2181321	1
V	2181560	1
V	2181801	1
V	2182038	1
V	2182275	1
V	2182512	1
V	2182745	1
V	2182985	1
V	2183204	1
V	2183445	1
V	2183678	1
V	2183908	1
V	2184146	1
V	2184387	1
V	2184625	1
V	2184867	1
V	2185091	1
V	2185320	1
V	2185554	1
V	2185791	1
V	2186019	1
V	2186249	1
V	2186483	1
V	2186716	1
V	2186949	1
V	2187178	1
V	2187410	1
V	2187640	1
V	2187869	1
V	2188098	1
V	2188332	1
V	2188561	1
V	2188791	1
V	2189025	1
V	2189239	1
V	2189470	1
V	2189705	1
V	2189935	1
V	2190166	1
V	2190393	1
V	2190621	1
V	2190857	1
V	2191093	1
V	2191328	1
V	2191570	1
V	2191806	1
V	2192044	1
V	2192285	1
V	2192518	1
V	2192751	1
V	2192984	1
V	2193219	1
V	2193453	1
V	2193685	1
V	2193925	1
V	2194158	1
V	2194390	1
V	2194626	1
V	2194866	1
V	2195106	1
V	2195344	1
V	2195578	1
V	2195812	1
V	2196046	1
V	2196279	1
V	2196512	1
V	2196747	1
V	2196989	1
V	2197230	1
V	2197457	1
V	2197685	1
V	2197915	1
V	2198149	1
V	2198378	1
V	2198610	1
V	2198839	1
V	2199072	1
V	2199301	1
V	2199530	1
V	2199760	1
V	2199995	1
V	2200227	1
V	2200454	1
V	2200687	1
V	2200917	1
V	2201146	1
V	2201375	1
V	2201606	1
V	2201836	1
V	2202071	1
V	2202304	1
V	2202537	1
V	2202766	1
V	2202995	1
V	2203221	1
V	2203450	1
V	2203687	1
V	2203922	1
V	2204151	1
V	2204377	1
V	2204608	1
V	2204837	1
V	2205070	1
V	2205297	1
V	2205529	1
V	2205759	1
V	2205988	1
V	2206220	1
V	2206455	1
V	2206695	1
V	2206932	1
V	2207173	1
V	2207413	1
V	2207652	1
V	2207890	1
V	2208131	1
V	2208365	1
V	2208597	1
V	2208830	1
V	2209066	1
V	2209306	1
V	2209542	1
V	2209781	1
V	2210015	1
V	2210255	1
V	2210494	1
V	2210716	1
V	2210954	1
V	2211195	1
V	2211431	1
V	2211665	1
V	2211897	1
V	2212112	1
V	2212349	1
V	2212580	1
V	2212810	1
V	2213021	1
V	2213250	1
V	2213461	1
V	2213694	1
V	2213924	1
V	2214152	1
V	2214386	1
V	2214615	1
V	2214845	1
V	2215076	1
V	2215305	1
V	2215535	1
V	2215764	1
V	2215997	1
V	2216221	1
V	2216449	1
V	2216684	1
V	2216895	1
V	2217126	1
V	2217362	1
V	2217597	1
V	2217827	1
V	2218063	1
V	2218298	1
V	2218534	1
V	2218771	1
V	2219005	1
V	2219245	1
V	2219483	1
V	2219718	1
V	2219945	1
V	2220179	1
V	2220413	1
V	2220648	1
V	2220882	1
V	2221112	1
V	2221345	1
V	2221582	1
V	2221819	1
V	2222038	1
V	2222272	1
V	2222501	1
V	2222731	1
V	2222964	1
V	2223194	1
V	2223424	1
V	2223654	1
V	2223888	1
V	2224121	1
V	2224350	1
V	2224579	1
V	2224809	1
V	2225038	1
V	2225266	1
V	2225494	1
V	2225723	1
V	2225953	1
V	2226182	1
V	2226413	1
V	2226644	1
V	2226871	1
V	2227100	1
V	2227330	1
V	2227559	1
V	2227792	1
V	2228006	1
V	2228242	1
V	2228479	1
V	2228712	1
V	2228949	1
V	2229182	1
V	2229416	1
V	2229650	1
V	2229883	1
V	2230121	1
V	2230356	1
V	2230590	1
V	2230830	1
V	2231056	1
V	2231286	1
V	2231519	1
V	2231748	1
V	2231976	1
V	2232206	1
V	2232434	1
V	2232665	1
V	2232898	1
V	2233129	1
V	2233363	1
V	2233591	1
V	2233824	1
V	2234053	1
V	2234283	1
V	2234513	1
V	2234744	1
V	2234973	1
V	2235190	1
V	2235419	1
V	2235650	1
V	2235879	1
V	2236111	1
V	2236346	1
V	2236582	1
V	2236819	1
V	2237057	1
V	2237289	1
V	2237529	1
V	2237745	1
V	2237978	1
V	2238210	1
V	2238450	1
V	2238690	1
V	2238925	1
V	2239165	1
V	2239406	1
V	2239638	1
V	2239853	1
V	2240086	1
V	2240318	1
V	2240552	1
V	2240785	1
V	2241015	1
V	2241245	1
V	2241475	1
V	2241703	1
V	2241932	1
V	2242160	1
V	2242389	1
V	2242621	1
V	2242854	1
V	2243083	1
V	2243318	1
V	2243548	1
V	2243782	1
V	2244012	1
V	2244240	1
V	2244470	1
V	2244705	1
V	2244935	1
V	2245166	1
V	2245401	1
V	2245632	1
V	2245862	1
V	2246094	1
V	2246329	1
V	2246565	1
V	2246805	1
V	2247043	1
V	2247276	1
V	2247495	1
V	2247718	1
V	2247957	1
V	2248199	1
V	2248435	1
V	2248666	1
V	2248901	1
V	2249134	1
V	2249368	1
V	2249601	1
V	2249836	1
V	2250071	1
V	2250304	1
V	2250535	1
V	2250766	1
V	2250996	1
V	2251226	1
V	2251457	1
V	2251688	1
V	2251915	1
V	2252124	1
V	2252357	1
V	2252591	1
V	2252822	1
V	2253055	1
V	2253288	1
V	2253518	1
V	2253747	1
V	2253981	1
V	2254210	1
V	2254439	1
V	2254675	1
V	2254904	1
V	2255131	1
V	2255361	1
V	2255595	1
V	2255823	1
V	2256052	1
V	2256287	1
V	2256499	1
V	2256731	1
V	2256964	1
V	2257196	1
V	2257429	1
V	2257663	1
V	2257899	1
V	2258136	1
V	2258370	1
V	2258607	1
V	2258840	1
V	2259077	1
V	2259313	1
V	2259549	1
V	2259786	1
V	2260023	1
V	2260256	1
V	2260490	1
V	2260730	1
V	2260949	1
V	2261187	1
V	2261422	1
V	2261662	1
V	2261893	1
V	2262133	1
V	2262368	1
V	2262608	1
V	2262844	1
V	2263066	1
V	2263298	1
V	2263530	1
V	2263764	1
V	2263998	1
V	2264229	1
V	2264459	1
V	2264690	1
V	2264924	1
V	2265155	1
V	2265389	1
V	2265621	1
V	2265857	1
V	2266098	1
V	2266335	1
V	2266563	1
V	2266793	1
V	2267022	1
V	2267251	1
V	2267478	1
V	2267710	1
V	2267939	1
V	2268167	1
V	2268401	1
V	2268634	1
V	2268867	1
V	2269096	1
V	2269329	1
V	2269564	1
V	2269796	1
V	2270031	1
V	2270256	1
V	2270487	1
V	2270717	1
V	2270929	1
V	2271159	1
V	2271388	1
V	2271618	1
V	2271847	1
V	2272080	1
V	2272311	1
V	2272547	1
V	2272775	1
V	2273007	1
V	2273242	1
V	2273467	1
V	2273678	1
V	2273907	1
V	2274140	1
V	2274374	1
V	2274609	1
V	2274828	1
V	2275064	1
V	2275298	1
V	2275536	1
V	2275770	1
V	2276004	1
V	2276244	1
V	2276480	1
V	2276717	1
V	2276956	1
V	2277174	1
V	2277412	1
V	2277649	1
V	2277888	1
V	2278125	1
V	2278366	1
V	2278597	1
V	2278831	1
V	2279061	1
V	2279294	1
V	2279528	1
V	2279770	1
V	2280003	1
V	2280238	1
V	2280468	1
V	2280697	1
V	2280926	1
V	2281155	1
V	2281389	1
V	2281622	1
V	2281851	1
V	2282085	1
V	2282319	1
V	2282552	1
V	2282764	1
V	2282990	1
V	2283209	1
V	2283440	1
V	2283667	1
V	2283896	1
V	2284122	1
V	2284351	1
V	2284583	1
V	2284817	1
V	2285052	1
V	2285281	1
V	2285513	1
V	2285732	1
V	2285965	1
V	2286200	1
V	2286436	1
V	2286668	1
V	2286901	1
V	2287132	1
V	2287374	1
V	2287593	1
V	2287832	1
V	2288068	1
V	2288284	1
V	2288518	1
V	2288751	1
V	2288986	1
V	2289226	1
V	2289460	1
V	2289697	1
V	2289924	1
V	2290157	1
V	2290391	1
V	2290625	1
V	2290858	1
V	2291092	1
V	2291324	1
V	2291556	1
V	2291789	1
V	2292020	1
V	2292254	1
V	2292495	1
V	2292724	1
V	2292952	1
V	2293182	1
V	2293415	1
V	2293644	1
V	2293873	1
V	2294107	1
V	2294337	1
V	2294574	1
V	2294803	1
V	2295033	1
V	2295259	1
V	2295487	1
V	2295703	1
V	2295938	1
V	2296169	1
V	2296399	1
V	2296630	1
V	2296856	1
V	2297085	1
V	2297319	1
V	2297549	1
V	2297783	1
V	2298014	1
V	2298245	1
V	2298471	1
V	2298701	1
V	2298934	1
V	2299164	1
V	2299392	1
V	2299620	1
V	2299848	1
V	2300077	1
V	2300307	1
V	2300538	1
V	2300770	1
V	2301007	1
V	2301240	1
V	2301458	1
V	2301698	1
V	2301938	1
V	2302173	1
V	2302405	1
V	2302623	1
V	2302861	1
V	2303102	1
V	2303335	1
V	2303568	1
V	2303801	1
V	2304035	1
V	2304267	1
V	2304498	1
V	2304736	1
V	2304969	1
V	2305196	1
V	2305427	1
V	2305658	1
V	2305887	1
V	2306124	1
V	2306353	1
V	2306587	1
V	2306819	1
V	2307031	1
V	2307260	1
V	2307486	1
V	2307717	1
V	2307944	1
V	2308180	1
V	2308409	1
V	2308643	1
V	2308872	1
V	2309109	1
V	2309345	1
V	2309574	1
V	2309804	1
V	2310034	1
V	2310264	1
V	2310494	1
V	2310723	1
V	2310959	1
V	2311194	1
V	2311428	1
V	2311660	1
V	2311897	1
V	2312134	1
V	2312370	1
V	2312604	1
V	2312840	1
V	2313074	1
V	2313307	1
V	2313541	1
V	2313780	1
V	2314020	1
V	2314257	1
V	2314495	1
V	2314730	1
V	2314964	1
V	2315195	1
V	2315431	1
V	2315665	1
V	2315907	1
V	2316140	1
V	2316371	1
V	2316600	1
V	2316832	1
V	2317048	1
V	2317278	1
V	2317509	1
V	2317741	1
V	2317969	1
V	2318198	1
V	2318433	1
V	2318663	1
V	2318895	1
V	2319123	1
V	2319353	1
V	2319584	1
V	2319800	1
V	2320031	1
V	2320263	1
V	2320497	1
V	2320732	1
V	2320966	1
V	2321202	1
V	2321431	1
V	2321662	1
V	2321891	1
V	2322125	1
V	2322347	1
V	2322577	1
V	2322811	1
V	2323046	1
V	2323284	1
V	2323524	1
V	2323759	1
V	2323996	1
V	2324232	1
V	2324473	1
V	2324711	1
V	2324950	1
V	2325186	1
V	2325423	1
V	2325660	1
V	2325896	1
V	2326132	1
V	2326367	1
V	2326602	1
V	2326838	1
V	2327080	1
V	2327322	1
V	2327564	1
V	2327803	1
V	2328042	1
V	2328278	1
V	2328504	1
V	2328738	1
V	2328972	1
V	2329206	1
V	2329439	1
V	2329664	1
V	2329898	1
V	2330135	1
V	2330368	1
V	2330586	1
V	2330812	1
V	2331041	1
V	2331270	1
V	2331499	1
V	2331730	1
V	2331963	1
V	2332192	1
V	2332421	1
V	2332653	1
V	2332882	1
V	2333112	1
V	2333342	1
V	2333576	1
V	2333810	1
V	2334022	1
V	2334256	1
V	2334487	1
V	2334716	1
V	2334951	1
V	2335168	1
V	2335398	1
V	2335628	1
V	2335863	1
V	2336098	1
V	2336332	1
V	2336566	1
V	2336795	1
V	2337031	1
V	2337265	1
V	2337502	1
V	2337734	1
V	2337975	1
V	2338215	1
V	2338449	1
V	2338685	1
V	2338902	1
V	2339140	1
V	2339379	1
V	2339620	1
V	2339849	1
V	2340075	1
V	2340303	1
V	2340536	1
V	2340771	1
V	2341004	1
V	2341230	1
V	2341465	1
V	2341699	1
V	2341932	1
V	2342164	1
V	2342394	1
V	2342627	1
V	2342864	1
V	2343080	1
V	2343309	1
V	2343522	1
V	2343752	1
V	2343980	1
V	2344213	1
V	2344447	1
V	2344659	1
V	2344885	1
V	2345098	1
V	2345329	1
V	2345559	1
V	2345791	1
V	2346020	1
V	2346249	1
V	2346481	1
V	2346711	1
V	2346945	1
V	2347171	1
V	2347402	1
V	2347632	1
V	2347868	1
V	2348102	1
V	2348335	1
V	2348572	1
V	2348813	1
V	2349051	1
V	2349290	1
V	2349527	1
V	2349764	1
V	2349998	1
V	2350235	1
V	2350469	1
V	2350704	1
V	2350936	1
V	2351173	5
V	2351416	5
V	2351663	5
V	2351916	5
V	2352166	5
V	2352421	5
V	2352681	5
V	2352938	5
V	2353192	5
V	2353454	5
V	2353710	5
V	2353965	5
V	2354212	5
V	2354460	5
V	2354713	5
V	2354969	5
V	2355228	5
V	2355476	5
V	2355726	5
V	2355983	5
V	2356237	5
V	2356494	5
V	2356746	5
V	2357006	5
V	2357259	5
V	2357510	5
V	2357765	5
V	2358020	5
V	2358275	5
V	2358531	5
V	2358774	5
V	2359029	5
V	2359277	5
V	2359529	5
V	2359787	5
V	2360045	5
V	2360303	5
V	2360557	5
V	2360804	5
V	2361048	5
V	2361298	5
V	2361547	5
V	2361792	5
V	2362051	5
V	2362306	5
V	2362550	5
V	2362803	5
V	2363057	5
V	2363313	5
V	2363567	5
V	2363817	5
V	2364074	5
V	2364322	5
V	2364579	5
V	2364834	5
V	2365085	5
V	2365343	5
V	2365601	5
V	2365854	5
V	2366112	5
V	2366363	5
V	2366623	5
V	2366874	5
V	2367133	5
V	2367391	5
V	2367646	5
V	2367886	5
V	2368134	5
V	2368376	5
V	2368630	5
V	2368878	5
V	2369131	5
V	2369383	5
V	2369631	5
V	2369878	5
V	2370131	5
V	2370383	5
V	2370636	5
V	2370891	5
V	2371143	5
V	2371388	5
V	2371641	5
V	2371896	5
V	2372145	5
V	2372400	5
V	2372653	5
V	2372915	5
V	2373174	5
V	2373420	5
V	2373675	5
V	2373929	5
V	2374180	5
V	2374438	5
V	2374693	5
V	2374939	5
V	2375191	5
V	2375445	5
V	2375701	5
V	2375951	5
V	2376204	5
V	2376446	5
V	2376701	5
V	2376955	5
V	2377206	5
V	2377454	5
V	2377705	5
V	2377957	5
V	2378207	5
V	2378458	5
V	2378710	5
V	2378956	5
V	2379206	5
V	2379458	5
V	2379717	5
V	2379971	5
V	2380210	5
V	2380466	5
V	2380722	5
V	2380974	5
V	2381222	5
V	2381474	5
V	2381727	5
V	2381980	5
V	2382230	5
V	2382490	5
V	2382743	5
V	2382990	5
V	2383244	5
V	2383502	5
V	2383753	5
V	2384003	5
V	2384259	5
V	2384511	5
V	2384764	5
V	2385017	5
V	2385265	5
V	2385513	5
V	2385762	5
V	2386010	5
V	2386253	5
V	2386500	5
V	2386754	5
V	2387001	5
V	2387249	5
V	2387499	5
V	2387749	5
V	2387998	5
V	2388239	5
V	2388488	5
V	2388739	5
V	2388985	5
V	2389238	5
V	2389481	5
V	2389725	5
V	2389971	5
V	2390223	5
V	2390477	5
V	2390732	5
V	2390985	5
V	2391237	5
V	2391487	5
V	2391733	5
V	2391981	5
V	2392228	5
V	2392482	5
V	2392732	5
V	2392989	5
V	2393241	5
V	2393483	5
V	2393733	5
V	2393984	5
V	2394231	5
V	2394488	5
V	2394729	5
V	2394976	5
V	2395228	5
V	2395476	1
V	2395707	1
V	2395939	1
V	2396173	1
V	2396400	1
V	2396629	1
V	2396863	1
V	2397098	1
V	2397330	1
V	2397564	1
V	2397798	1
V	2398028	1
V	2398260	1
V	2398491	1
V	2398723	1
V	2398951	1
V	2399184	1
V	2399410	1
V	2399639	1
V	2399872	1
V	2400084	1
V	2400319	1
V	2400549	1
V	2400781	1
V	2401011	1
V	2401248	1
V	2401484	1
V	2401700	1
V	2401942	1
V	2402183	1
V	2402421	1
V	2402659	1
V	2402893	1
V	2403126	1
V	2403361	1
V	2403596	1
V	2403833	1
V	2404054	1
V	2404292	1
V	2404533	1
V	2404773	1
V	2404995	1
V	2405227	1
V	2405460	1
V	2405694	1
V	2405927	1
V	2406160	1
V	2406393	1
V	2406626	1
V	2406858	1
V	2407090	1
V	2407326	1
V	2407559	1
V	2407796	1
V	2408031	1
V	2408264	1
V	2408491	1
V	2408724	1
V	2408957	1
V	2409191	1
V	2409420	1
V	2409651	1
V	2409884	1
V	2410115	1
V	2410352	1
V	2410586	1
V	2410815	1
V	2411046	1
V	2411277	1
V	2411506	1
V	2411740	1
V	2411970	1
V	2412200	1
V	2412429	1
V	2412659	1
V	2412880	1
V	2413109	1
V	2413337	1
V	2413570	1
V	2413803	1
V	2414039	1
V	2414272	1
V	2414508	1
V	2414745	1
V	2414986	1
V	2415226	1
V	2415463	1
V	2415704	1
V	2415945	1
V	2416179	1
V	2416412	1
V	2416647	1
V	2416881	1
V	2417116	1
V	2417350	1
V	2417591	1
V	2417829	1
V	2418045	1
V	2418278	1
V	2418511	1
V	2418727	1
V	2418961	1
V	2419195	1
V	2419426	1
V	2419667	1
V	2419909	1
V	2420138	1
V	2420369	1
V	2420595	1
V	2420825	1
V	2421054	1
V	2421283	1
V	2421512	1
V	2421742	1
V	2421976	1
V	2422204	1
V	2422438	1
V	2422665	1
V	2422894	1
V	2423125	1
V	2423355	1
V	2423585	1
V	2423817	1
V	2424052	1
V	2424289	1
V	2424523	1
V	2424752	1
V	2424980	1
V	2425202	1
V	2425429	1
V	2425667	1
V	2425900	1
V	2426137	1
V	2426371	1
V	2426608	1
V	2426844	1
V	2427084	1
V	2427320	1
V	2427552	1
V	2427787	1
V	2428028	1
V	2428267	1
V	2428501	1
V	2428740	1
V	2428980	1
V	2429222	1
V	2429458	1
V	2429698	1
V	2429938	1
V	2430175	1
V	2430407	1
V	2430641	1
V	2430872	1
V	2431103	1
V	2431336	1
V	2431552	1
V	2431786	1
V	2432025	1
V	2432267	1
V	2432502	1
V	2432734	1
V	2432962	1
V	2433186	1
V	2433419	1
V	2433634	1
V	2433867	1
V	2434101	1
V	2434330	1
V	2434562	1
V	2434791	1
V	2435017	1
V	2435246	1
V	2435478	1
V	2435707	1
V	2435932	1
V	2436159	1
V	2436387	1
V	2436617	1
V	2436846	1
V	2437081	1
V	2437312	1
V	2437543	1
V	2437770	1
V	2437999	1
V	2438227	1
V	2438463	1
V	2438692	1
V	2438922	1
V	2439156	1
V	2439386	1
V	2439617	1
V	2439849	1
V	2440081	1
V	2440313	1
V	2440544	1
V	2440780	1
V	2441013	1
V	2441252	1
V	2441484	1
V	2441725	1
V	2441959	1
V	2442192	1
V	2442426	1
V	2442662	1
V	2442905	1
V	2443146	1
V	2443372	1
V	2443588	1
V	2443822	1
V	2444055	1
V	2444290	1
V	2444515	1
V	2444750	1
V	2444987	1
V	2445216	1
V	2445447	1
V	2445675	1
V	2445902	1
V	2446131	1
V	2446360	1
V	2446590	1
V	2446814	1
V	2447041	1
V	2447273	1
V	2447506	1
V	2447737	1
V	2447967	1
V	2448199	1
V	2448432	1
V	2448669	1
V	2448907	1
V	2449142	1
V	2449360	1
V	2449596	1
V	2449833	1
V	2450072	1
V	2450306	1
V	2450546	1
V	2450784	1
V	2451021	1
V	2451260	1
V	2451500	1
V	2451738	1
V	2451961	1
V	2452194	1
V	2452427	1
V	2452660	1
V	2452896	1
V	2453136	1
V	2453374	1
V	2453614	1
V	2453852	1
V	2454090	1
V	2454330	1
V	2454562	1
V	2454789	1
V	2455018	1
V	2455252	1
V	2455493	1
V	2455721	1
V	2455950	1
V	2456179	1
V	2456409	1
V	2456638	1
V	2456867	1
V	2457098	1
V	2457327	1
V	2457559	1
V	2457788	1
V	2458018	1
V	2458248	1
V	2458479	1
V	2458709	1
V	2458939	1
V	2459172	1
V	2459403	1
V	2459634	1
V	2459866	1
V	2460094	1
V	2460330	1
V	2460563	1
V	2460785	1
V	2461013	1
V	2461249	1
V	2461472	1
V	2461711	1
V	2461953	1
V	2462192	1
V	2462429	1
V	2462663	1
V	2462904	1
V	2463144	1
V	2463383	1
V	2463621	1
V	2463840	1
V	2464079	1
V	2464315	1
V	2464543	1
V	2464775	1
V	2465009	1
V	2465240	1
V	2465477	1
V	2465710	1
V	2465943	1
V	2466177	1
V	2466401	1
V	2466630	1
V	2466855	1
V	2467089	1
V	2467314	1
V	2467540	1
V	2467769	1
V	2467999	1
V	2468229	1
V	2468458	1
V	2468687	1
V	2468917	1
V	2469154	1
V	2469388	1
V	2469620	1
V	2469851	1
V	2470085	1
V	2470313	1
V	2470533	1
V	2470762	1
V	2470997	1
V	2471227	1
V	2471461	1
V	2471693	1
V	2471923	1
V	2472157	1
V	2472388	1
V	2472618	1
V	2472847	1
V	2473077	1
V	2473306	1
V	2473539	1
V	2473770	1
V	2474005	1
V	2474246	1
V	2474483	1
V	2474720	1
V	2474958	1
V	2475195	1
V	2475436	1
V	2475675	1
V	2475915	1
V	2476153	1
V	2476390	1
V	2476627	1
V	2476868	1
V	2477110	1
V	2477331	1
V	2477572	1
V	2477813	1
V	2478040	1
V	2478269	1
V	2478504	1
V	2478738	1
V	2478972	1
V	2479207	1
V	2479439	1
V	2479672	1
V	2479901	1
V	2480134	1
V	2480365	1
V	2480594	1
V	2480824	1
V	2481058	1
V	2481291	1
V	2481521	1
V	2481755	1
V	2481991	1
V	2482220	1
V	2482448	1
V	2482682	1
V	2482912	1
V	2483144	1
V	2483375	1
V	2483601	1
V	2483836	1
V	2484066	1
V	2484299	1
V	2484533	1
V	2484759	1
V	2484971	1
V	2485207	1
V	2485433	1
V	2485669	1
V	2485904	1
V	2486133	1
V	2486362	1
V	2486589	1
V	2486824	1
V	2487053	1
V	2487283	1
V	2487516	1
V	2487753	1
V	2487972	1
V	2488209	1
V	2488449	1
V	2488689	1
V	2488931	1
V	2489169	1
V	2489401	1
V	2489637	1
V	2489877	1
V	2490115	1
V	2490353	1
V	2490587	1
V	2490823	1
V	2491059	1
V	2491295	1
V	2491533	1
V	2491768	1
V	2492004	1
V	2492220	1
V	2492456	1
V	2492687	1
V	2492921	1
V	2493154	1
V	2493388	1
V	2493622	1
V	2493863	1
V	2494105	1
V	2494334	1
V	2494567	1
V	2494799	1
V	2495033	1
V	2495262	1
V	2495495	1
V	2495725	1
V	2495957	1
V	2496183	1
V	2496407	1
V	2496635	1
V	2496867	1
V	2497097	1
V	2497323	1
V	2497549	1
V	2497761	1
V	2497991	1
V	2498221	1
V	2498451	1
V	2498685	1
V	2498920	1
V	2499154	1
V	2499383	1
V	2499611	1
V	2499845	1
V	2500070	1
V	2500300	1
V	2500534	1
V	2500756	1
V	2500986	1
V	2501216	1
V	2501447	1
V	2501679	1
V	2501910	1
V	2502137	1
V	2502373	1
V	2502605	1
V	2502842	1
V	2503077	1
V	2503309	1
V	2503543	1
V	2503777	1
V	2504014	1
V	2504248	1
V	2504484	1
V	2504718	1
V	2504957	1
V	2505198	1
V	2505432	1
V	2505668	1
V	2505902	1
V	2506141	1
V	2506376	1
V	2506617	1
V	2506852	1
V	2507093	1
V	2507328	1
V	2507562	1
V	2507795	1
V	2508030	1
V	2508270	1
V	2508507	1
V	2508741	1
V	2508975	1
V	2509209	1
V	2509438	1
V	2509672	1
V	2509905	1
V	2510136	1
V	2510371	1
V	2510600	1
V	2510835	1
V	2511070	1
V	2511304	1
V	2511531	1
V	2511742	1
V	2511976	1
V	2512206	1
V	2512434	1
V	2512665	1
V	2512897	1
V	2513130	1
V	2513363	1
V	2513599	1
V	2513838	1
V	2514073	1
V	2514310	1
V	2514547	1
V	2514784	1
V	2515022	1
V	2515260	1
V	2515493	1
V	2515726	1
V	2515962	1
V	2516202	1
V	2516440	1
V	2516676	1
V	2516913	1
V	2517154	1
V	2517392	1
V	2517625	1
V	2517859	1
V	2518091	1
V	2518319	1
V	2518549	1
V	2518777	1
V	2519008	1
V	2519238	1
V	2519465	1
V	2519692	1
V	2519923	1
V	2520158	1
V	2520387	1
V	2520623	1
V	2520859	1
V	2521088	1
V	2521305	1
V	2521536	1
V	2521771	1
V	2522001	1
V	2522230	1
V	2522460	1
V	2522697	1
V	2522934	1
V	2523170	1
V	2523403	1
V	2523641	1
V	2523873	1
V	2524106	1
V	2524342	1
V	2524578	1
V	2524812	1
V	2525052	1
V	2525285	1
V	2525518	1
V	2525757	1
V	2525994	1
V	2526235	1
V	2526474	1
V	2526707	1
V	2526943	1
V	2527167	1
V	2527399	1
V	2527629	1
V	2527862	1
V	2528096	1
V	2528330	1
V	2528563	1
V	2528795	1
V	2529026	1
V	2529260	1
V	2529493	1
V	2529722	1
V	2529959	1
V	2530195	1
V	2530427	1
V	2530659	1
V	2530891	1
V	2531125	1
V	2531355	1
V	2531585	1
V	2531815	1
V	2532048	1
V	2532277	1
V	2532510	1
V	2532740	1
V	2532970	1
V	2533202	1
V	2533419	1
V	2533650	1
V	2533882	1
V	2534114	1
V	2534342	1
V	2534573	1
V	2534803	1
V	2535034	1
V	2535266	1
V	2535497	1
V	2535729	1
V	2535958	1
V	2536187	1
V	2536416	1
V	2536646	1
V	2536883	1
V	2537121	1
V	2537355	1
V	2537596	1
V	2537833	1
V	2538075	1
V	2538314	1
V	2538554	1
V	2538793	1
V	2539034	1
V	2539268	1
V	2539502	1
V	2539736	1
V	2539976	1
V	2540211	1
V	2540452	1
V	2540690	1
V	2540925	1
V	2541161	1
V	2541401	1
V	2541634	1
V	2541873	1
V	2542109	1
V	2542345	1
V	2542578	1
V	2542796	1
V	2543029	1
V	2543263	1
V	2543496	1
V	2543723	1
V	2543953	1
V	2544189	1
V	2544430	1
V	2544664	1
V	2544905	1
V	2545138	1
V	2545372	1
V	2545601	1
V	2545830	1
V	2546058	1
V	2546289	1
V	2546517	1
V	2546746	1
V	2546958	1
V	2547191	1
V	2547419	1
V	2547647	1
V	2547883	1
V	2548110	1
V	2548337	1
V	2548567	1
V	2548797	1
V	2549029	1
V	2549265	1
V	2549484	1
V	2549722	1
V	2549953	1
V	2550188	1
V	2550425	1
V	2550650	1
V	2550879	1
V	2551107	1
V	2551322	1
V	2551554	1
V	2551789	1
V	2552025	1
V	2552259	1
V	2552498	1
V	2552737	1
V	2552976	1
V	2553217	1
V	2553459	1
V	2553693	1
V	2553933	1
V	2554172	1
V	2554404	1
V	2554639	1
V	2554857	1
V	2555096	1
V	2555330	1
V	2555563	1
V	2555801	1
V	2556039	1
V	2556278	1
V	2556518	1
V	2556754	1
V	2556984	1
V	2557216	1
V	2557448	1
V	2557682	1
V	2557916	1
V	2558147	1
V	2558380	1
V	2558617	1
V	2558835	1
V	2559072	1
V	2559306	1
V	2559536	1
V	2559769	1
V	2560003	1
V	2560234	1
V	2560467	1
V	2560697	1
V	2560929	1
V	2561161	1
V	2561389	1
V	2561616	1
V	2561846	1
V	2562075	1
V	2562309	1
V	2562531	1
V	2562761	1
V	2562991	1
V	2563225	1
V	2563460	1
V	2563690	1
V	2563919	1
V	2564154	1
V	2564363	1
V	2564593	1
V	2564820	1
V	2565042	1
V	2565271	1
V	2565501	1
V	2565731	1
V	2565967	1
V	2566205	1
V	2566439	1
V	2566676	1
V	2566914	1
V	2567151	1
V	2567392	1
V	2567632	1
V	2567872	1
V	2568112	1
V	2568344	1
V	2568579	1
V	2568813	1
V	2569048	1
V	2569282	1
V	2569516	1
V	2569748	1
V	2569989	1
V	2570207	1
V	2570444	1
V	2570685	1
V	2570918	1
V	2571146	1
V	2571380	1
V	2571613	1
V	2571847	1
V	2572079	1
V	2572311	1
V	2572544	1
V	2572781	1
V	2573015	1
V	2573248	1
V	2573476	1
V	2573710	1
V	2573941	1
V	2574169	1
V	2574395	1
V	2574630	1
V	2574863	1
V	2575098	1
V	2575332	1
V	2575564	1
V	2575793	1
V	2576021	1
V	2576251	1
V	2576480	1
V	2576711	1
V	2576939	1
V	2577175	1
V	2577404	1
V	2577631	1
V	2577866	1
V	2578097	1
V	2578331	1
V	2578558	1
V	2578793	1
V	2579028	1
V	2579258	1
V	2579491	1
V	2579731	1
V	2579970	1
V	2580204	1
V	2580440	1
V	2580675	1
V	2580916	1
V	2581156	1
V	2581392	1
V	2581627	1
V	2581861	1
V	2582097	1
V	2582330	1
V	2582566	1
V	2582806	1
V	2583041	1
V	2583275	1
V	2583508	1
V	2583741	1
V	2583974	1
V	2584188	1
V	2584428	1
V	2584664	1
V	2584893	1
V	2585126	1
V	2585359	1
V	2585589	1
V	2585822	1
V	2586054	1
V	2586284	1
V	2586519	1
V	2586753	1
V	2586984	1
V	2587214	1
V	2587445	1
V	2587675	1
V	2587904	1
V	2588133	1
V	2588363	1
V	2588593	1
V	2588828	1
V	2589062	1
V	2589297	1
V	2589527	1
V	2589756	1
V	2589986	1
V	2590220	1
V	2590446	1
V	2590675	1
V	2590906	1
V	2591140	1
V	2591373	1
V	2591611	1
V	2591829	1
V	2592066	1
V	2592305	1
V	2592546	1
V	2592786	1
V	2593023	1
V	2593258	1
V	2593489	1
V	2593730	1
V	2593966	1
V	2594192	1
V	2594425	1
V	2594659	1
V	2594895	1
V	2595128	1
V	2595362	1
V	2595591	1
V	2595819	1
V	2596049	1
V	2596280	1
V	2596509	1
V	2596742	1
V	2596977	1
V	2597207	1
V	2597440	1
V	2597670	1
V	2597900	1
V	2598129	1
V	2598363	1
V	2598593	1
V	2598821	1
V	2599052	1
V	2599285	1
V	2599514	1
V	2599741	1
V	2599968	1
V	2600200	1
V	2600430	1
V	2600662	1
V	2600892	1
V	2601122	1
V	2601356	1
V	2601585	1
V	2601821	1
V	2602057	1
V	2602296	1
V	2602531	1
V	2602769	1
V	2603003	1
V	2603237	1
V	2603477	1
V	2603711	1
V	2603944	1
V	2604177	1
V	2604414	1
V	2604656	1
V	2604892	1
V	2605130	1
V	2605370	1
V	2605611	1
V	2605844	1
V	2606076	1
V	2606309	1
V	2606544	1
V	2606776	1
V	2607009	1
V	2607245	1
V	2607479	1
V	2607691	1
V	2607920	1
V	2608148	1
V	2608378	1
V	2608607	1
V	2608838	1
V	2609066	1
V	2609295	1
V	2609524	1
V	2609758	1
V	2609987	1
V	2610221	1
V	2610455	1
V	2610688	1
V	2610919	1
V	2611150	1
V	2611379	1
V	2611609	1
V	2611845	1
V	2612072	1
V	2612301	1
V	2612527	1
V	2612754	1
V	2612984	1
V	2613215	1
V	2613445	1
V	2613674	1
V	2613902	1
V	2614135	1
V	2614362	1
V	2614588	1
V	2614817	1
V	2615045	1
V	2615280	1
V	2615512	1
V	2615745	1
V	2615980	1
V	2616220	1
V	2616461	1
V	2616698	1
V	2616937	1
V	2617177	1
V	2617418	1
V	2617652	1
V	2617890	1
V	2618130	1
V	2618366	1
V	2618598	1
V	2618838	1
V	2619077	1
V	2619314	1
V	2619555	1
V	2619795	1
V	2620031	1
V	2620264	1
V	2620498	1
V	2620731	1
V	2620961	1
V	2621194	1
V	2621427	1
V	2621656	1
V	2621896	1
V	2622133	1
V	2622365	1
V	2622602	1
V	2622839	1
V	2623080	1
V	2623315	1
V	2623539	1
V	2623766	1
V	2623995	1
V	2624224	1
V	2624458	1
V	2624693	1
V	2624927	1
V	2625160	1
V	2625388	1
V	2625622	1
V	2625834	1
V	2626064	1
V	2626297	1
V	2626531	1
V	2626760	1
V	2626987	1
V	2627219	1
V	2627448	1
V	2627664	1
V	2627895	1
V	2628119	1
V	2628349	1
V	2628582	1
V	2628815	1
V	2629047	1
V	2629277	1
V	2629506	1
V	2629742	1
V	2629975	1
V	2630205	1
V	2630432	1
V	2630664	1
V	2630893	1
V	2631122	1
V	2631359	1
V	2631598	1
V	2631831	1
V	2632064	1
V	2632298	1
V	2632535	1
V	2632770	1
V	2633007	1
V	2633244	1
V	2633485	1
V	2633725	1
V	2633966	1
V	2634200	1
V	2634434	1
V	2634670	1
V	2634906	1
V	2635142	1
V	2635379	1
V	2635619	1
V	2635858	1
V	2636093	1
V	2636334	1
V	2636568	1
V	2636799	1
V	2637027	1
V	2637259	1
V	2637476	1
V	2637709	1
V	2637943	1
V	2638176	1
V	2638410	1
V	2638644	1
V	2638880	1
V	2639122	1
V	2639364	1
V	2639597	1
V	2639831	1
V	2640061	1
V	2640290	1
V	2640522	1
V	2640749	1
V	2640978	1
V	2641207	1
V	2641440	1
V	2641674	1
V	2641900	1
V	2642112	1
V	2642337	1
V	2642563	1
V	2642793	1
V	2643027	1
V	2643262	1
V	2643493	1
V	2643722	1
V	2643940	1
V	2644168	1
V	2644404	1
V	2644633	1
V	2644848	1
V	2645078	1
V	2645307	1
V	2645526	1
V	2645768	1
V	2646006	1
V	2646241	1
V	2646482	1
V	2646722	1
V	2646963	1
V	2647203	1
V	2647437	1
V	2647677	1
V	2647913	1
V	2648153	1
V	2648388	1
V	2648626	1
V	2648864	1
V	2649100	1
V	2649340	1
V	2649572	1
V	2649804	1
V	2650037	1
V	2650270	1
V	2650503	1
V	2650734	1
V	2650947	1
V	2651166	1
V	2651391	1
V	2651622	1
V	2651852	1
V	2652064	1
V	2652298	1
V	2652527	1
V	2652760	1
V	2652997	1
V	2653231	1
V	2653462	1
V	2653695	1
V	2653924	1
V	2654155	1
V	2654384	1
V	2654619	1
V	2654849	1
V	2655078	1
V	2655309	1
V	2655544	1
V	2655779	1
V	2656009	1
V	2656243	1
V	2656474	1
V	2656705	1
V	2656936	1
V	2657163	1
V	2657394	1
V	2657623	1
V	2657849	1
V	2658080	1
V	2658308	1
V	2658542	1
V	2658783	1
V	2659020	1
V	2659258	1
V	2659497	1
V	2659736	1
V	2659976	1
V	2660210	1
V	2660447	1
V	2660683	1
V	2660917	1
V	2661151	1
V	2661389	1
V	2661625	1
V	2661844	1
V	2662078	1
V	2662311	1
V	2662543	1
V	2662778	1
V	2663007	1
V	2663236	1
V	2663464	1
V	2663694	1
V	2663923	1
V	2664138	1
V	2664368	1
V	2664596	1
V	2664829	1
V	2665062	1
V	2665293	1
V	2665522	1
V	2665753	1
V	2665980	1
V	2666210	1
V	2666441	1
V	2666670	1
V	2666900	1
V	2667129	1
V	2667358	1
V	2667585	1
V	2667814	1
V	2668048	1
V	2668281	1
V	2668509	1
V	2668745	1
V	2668982	1
V	2669216	1
V	2669452	1
V	2669691	1
V	2669928	1
V	2670165	1
V	2670407	1
V	2670647	1
V	2670887	1
V	2671126	1
V	2671361	1
V	2671596	1
V	2671827	1
V	2672064	1
V	2672300	1
V	2672535	1
V	2672768	1
V	2673006	1
V	2673247	1
V	2673484	1
V	2673724	1
V	2673961	1
V	2674194	1
V	2674429	1
V	2674659	1
V	2674890	1
V	2675131	1
V	2675363	1
V	2675591	1
V	2675818	1
V	2676051	1
V	2676281	1
V	2676509	1
V	2676740	1
V	2676966	1
V	2677199	1
V	2677433	1
V	2677663	1
V	2677892	1
V	2678121	1
V	2678354	1
V	2678584	1
V	2678814	1
V	2679045	1
V	2679275	1
V	2679508	1
V	2679737	1
V	2679966	1
V	2680195	1
V	2680426	1
V	2680659	1
V	2680889	1
V	2681123	1
V	2681353	1
V	2681572	1
V	2681807	1
V	2682042	1
V	2682278	1
V	2682507	1
V	2682737	1
V	2682967	1
V	2683196	1
V	2683432	1
V	2683666	1
V	2683903	1
V	2684143	1
V	2684383	1
V	2684622	1
V	2684864	1
V	2685102	1
V	2685336	1
V	2685572	1
V	2685813	1
V	2686048	1
V	2686281	1
V	2686515	1
V	2686749	1
V	2686982	1
V	2687224	1
V	2687460	1
V	2687697	1
V	2687933	1
V	2688165	1
V	2688393	1
V	2688622	1
V	2688855	1
V	2689090	1
V	2689323	1
V	2689556	1
V	2689785	1
V	2690015	1
V	2690232	1
V	2690466	1
V	2690699	1
V	2690934	1
V	2691175	1
V	2691405	1
V	2691636	1
V	2691868	1
V	2692097	1
V	2692331	1
V	2692561	1
V	2692791	1
V	2693020	1
V	2693250	1
V	2693480	1
V	2693706	1
V	2693940	1
V	2694169	1
V	2694398	1
V	2694632	1
V	2694864	1
V	2695099	1
V	2695334	1
V	2695562	1
V	2695796	1
V	2696026	1
V	2696260	1
V	2696487	1
V	2696720	1
V	2696952	1
V	2697186	1
V	2697426	1
V	2697665	1
V	2697905	1
V	2698139	1
V	2698378	1
V	2698616	1
V	2698855	1
V	2699090	1
V	2699311	1
V	2699551	1
V	2699789	1
V	2700029	1
V	2700261	1
V	2700495	1
V	2700729	1
V	2700965	1
V	2701196	1
V	2701433	1
V	2701670	1
V	2701899	1
V	2702129	1
V	2702358	1
V	2702587	1
V	2702817	1
V	2703046	1
V	2703272	1
V	2703501	1
V	2703730	1
V	2703958	1
V	2704190	1
V	2704401	1
V	2704631	1
V	2704860	1
V	2705088	1
V	2705297	1
V	2705525	1
V	2705750	1
V	2705978	1
V	2706207	1
V	2706442	1
V	2706665	1
V	2706900	1
V	2707137	1
V	2707371	1
V	2707607	1
V	2707843	1
V	2708082	1
V	2708320	1
V	2708561	1
V	2708796	1
V	2709033	1
V	2709271	1
V	2709505	1
V	2709744	1
V	2709978	1
V	2710212	1
V	2710445	1
V	2710677	1
V	2710907	1
V	2711144	1
V	2711378	1
V	2711612	1
V	2711845	1
V	2712078	1
V	2712305	1
V	2712533	1
V	2712763	1
V	2712993	1
V	2713222	1
V	2713452	1
V	2713682	1
V	2713912	1
V	2714140	1
V	2714373	1
V	2714609	1
V	2714835	1
V	2715069	1
V	2715298	1
V	2715532	1
V	2715765	1
V	2715999	1
V	2716229	1
V	2716459	1
V	2716689	1
V	2716916	1
V	2717142	1
V	2717359	1
V	2717586	1
V	2717813	1
V	2718042	1
V	2718268	1
V	2718499	1
V	2718733	1
V	2718966	1
V	2719206	1
V	2719443	1
V	2719677	1
V	2719914	1
V	2720153	1
V	2720389	1
V	2720626	1
V	2720867	1
V	2721105	1
V	2721342	1
V	2721579	1
V	2721817	1
V	2722056	1
V	2722292	1
V	2722531	1
V	2722771	1
V	2723008	1
V	2723237	1
V	2723470	1
V	2723685	1
V	2723922	1
V	2724145	1
V	2724379	1
V	2724613	1
V	2724843	1
V	2725081	1
V	2725309	1
V	2725546	1
V	2725776	1
V	2726007	1
V	2726240	1
V	2726470	1
V	2726703	1
V	2726934	1
V	2727163	1
V	2727392	1
V	2727623	1
V	2727850	1
V	2728081	1
V	2728311	1
V	2728523	1
V	2728754	1
V	2728988	1
V	2729217	1
V	2729445	1
V	2729670	1
V	2729904	1
V	2730140	1
V	2730374	1
V	2730586	1
V	2730816	1
V	2731046	1
V	2731281	1
V	2731508	1
V	2731737	1
V	2731964	1
V	2732197	1
V	2732432	1
V	2732670	1
V	2732899	1
V	2733134	1
V	2733369	1
V	2733610	1
V	2733849	1
V	2734089	1
V	2734327	1
V	2734566	1
V	2734803	1
V	2735043	1
V	2735278	1
V	2735515	1
V	2735749	1
V	2735979	1
V	2736215	1
V	2736454	1
V	2736693	1
V	2736917	1
V	2737145	1
V	2737381	1
V	2737613	1
V	2737848	1
V	2738066	1
V	2738301	1
V	2738530	1
V	2738764	1
V	2738995	1
V	2739222	1
V	2739455	1
V	2739688	1
V	2739921	1
V	2740155	1
V	2740382	1
V	2740617	1
V	2740849	1
V	2741081	1
V	2741314	1
V	2741543	1
V	2741773	1
V	2742004	1
V	2742232	1
V	2742443	1
V	2742672	1
V	2742902	1
V	2743132	1
V	2743349	1
V	2743579	1
V	2743807	1
V	2744036	1
V	2744265	1
V	2744493	1
V	2744728	1
V	2744961	1
V	2745193	1
V	2745412	1
V	2745645	1
V	2745886	1
V	2746128	1
V	2746369	1
V	2746606	1
V	2746840	1
V	2747079	1
V	2747317	1
V	2747555	1
V	2747795	1
V	2748037	1
V	2748270	1
V	2748487	1
V	2748720	1
V	2748957	1
V	2749194	1
V	2749423	1
V	2749651	1
V	2749881	1
V	2750093	1
V	2750327	1
V	2750555	1
V	2750788	1
V	2751022	1
V	2751250	1
V	2751471	1
V	2751705	1
V	2751939	1
V	2752167	1
V	2752397	1
V	2752606	1
V	2752836	1
V	2753074	1
V	2753309	1
V	2753538	1
V	2753764	1
V	2753993	1
V	2754221	1
V	2754445	1
V	2754671	1
V	2754883	1
V	2755113	1
V	2755328	1
V	2755569	1
V	2755809	1
V	2756050	1
V	2756281	1
V	2756515	1
V	2756756	1
V	2756988	1
V	2757221	1
V	2757456	1
V	2757690	1
V	2757925	1
V	2758157	1
V	2758388	1
V	2758620	1
V	2758857	1
V	2759086	1
V	2759319	1
V	2759546	1
V	2759776	1
V	2760011	1
V	2760243	1
V	2760477	1
V	2760706	1
V	2760939	1
V	2761169	1
V	2761400	1
V	2761629	1
V	2761859	1
V	2762093	1
V	2762324	1
V	2762555	1
V	2762790	1
V	2763024	1
V	2763258	1
V	2763489	1
V	2763717	1
V	2763948	1
V	2764175	1
V	2764404	1
V	2764639	1
V	2764871	1
V	2765099	1
V	2765310	1
V	2765538	1
V	2765767	1
V	2766002	1
V	2766240	1
V	2766479	1
V	2766720	1
V	2766957	1
V	2767197	1
V	2767436	1
V	2767678	1
V	2767913	1
V	2768154	1
V	2768386	1
V	2768620	1
V	2768855	1
V	2769092	5
V	2769346	5
V	2769600	5
V	2769846	5
V	2770101	5
V	2770343	5
V	2770593	5
V	2770846	5
V	2771096	5
V	2771351	5
V	2771599	5
V	2771854	5
V	2772108	5
V	2772365	5
V	2772609	5
V	2772860	5
V	2773112	5
V	2773363	5
V	2773613	5
V	2773870	5
V	2774126	5
V	2774379	5
V	2774641	5
V	2774887	5
V	2775142	5
V	2775398	5
V	2775652	5
V	2775904	5
V	2776155	5
V	2776409	5
V	2776657	5
V	2776911	5
V	2777168	5
V	2777418	5
V	2777670	5
V	2777916	5
V	2778177	5
V	2778429	5
V	2778681	5
V	2778931	5
V	2779182	5
V	2779423	5
V	2779670	5
V	2779928	5
V	2780183	5
V	2780437	5
V	2780685	5
V	2780928	5
V	2781187	5
V	2781431	5
V	2781690	5
V	2781947	5
V	2782194	5
V	2782441	5
V	2782690	5
V	2782948	5
V	2783202	5
V	2783445	5
V	2783689	5
V	2783941	5
V	2784180	5
V	2784434	5
V	2784687	5
V	2784938	5
V	2785184	5
V	2785442	5
V	2785689	5
V	2785942	5
V	2786198	5
V	2786450	5
V	2786701	5
V	2786954	5
V	2787198	5
V	2787451	5
V	2787702	5
V	2787957	5
V	2788209	5
V	2788466	5
V	2788713	5
V	2788969	5
V	2789217	5
V	2789466	5
V	2789715	5
V	2789966	5
V	2790203	5
V	2790447	5
V	2790691	5
V	2790936	5
V	2791189	5
V	2791440	5
V	2791693	5
V	2791949	5
V	2792203	5
V	2792456	5
V	2792707	5
V	2792959	5
V	2793212	5
V	2793459	5
V	2793702	5
V	2793954	1
V	2794194	1
V	2794436	1
V	2794670	1
V	2794904	1
V	2795136	1
V	2795369	1
V	2795601	1
V	2795836	1
V	2796069	1
V	2796302	1
V	2796536	1
V	2796764	1
V	2796993	1
V	2797226	1
V	2797455	1
V	2797684	1
V	2797914	1
V	2798144	1
V	2798378	1
V	2798607	1
V	2798836	1
V	2799070	1
V	2799300	1
V	2799529	1
V	2799758	1
V	2799991	1
V	2800225	1
V	2800456	1
V	2800668	1
V	2800906	1
V	2801137	1
V	2801367	1
V	2801601	1
V	2801830	1
V	2802064	1
V	2802298	1
V	2802527	1
V	2802756	1
V	2802968	1
V	2803208	1
V	2803447	1
V	2803680	1
V	2803902	1
V	2804137	1
V	2804375	1
V	2804609	1
V	2804844	1
V	2805077	1
V	2805316	1
V	2805549	1
V	2805787	1
V	2806022	1
V	2806262	1
V	2806496	1
V	2806731	1
V	2806965	1
V	2807199	1
V	2807429	1
V	2807663	1
V	2807896	1
V	2808130	1
V	2808363	1
V	2808597	1
V	2808833	1
V	2809069	1
V	2809304	1
V	2809542	1
V	2809778	1
V	2810007	1
V	2810239	1
V	2810471	1
V	2810699	1
V	2810926	1
V	2811159	1
V	2811387	1
V	2811619	1
V	2811847	1
V	2812077	1
V	2812307	1
V	2812536	1
V	2812766	1
V	2813001	1
V	2813228	1
V	2813457	1
V	2813686	1
V	2813915	1
V	2814146	1
V	2814375	1
V	2814608	1
V	2814842	1
V	2815070	1
V	2815297	1
V	2815532	1
V	2815766	1
V	2815998	1
V	2816228	1
V	2816463	1
V	2816688	1
V	2816909	1
V	2817141	1
V	2817364	1
V	2817593	1
V	2817805	1
V	2818035	1
V	2818252	1
V	2818488	1
V	2818724	1
V	2818957	1
V	2819196	1
V	2819430	1
V	2819663	1
V	2819900	1
V	2820138	1
V	2820378	1
V	2820618	1
V	2820857	1
V	2821098	1
V	2821338	1
V	2821571	1
V	2821810	1
V	2822050	1
V	2822292	1
V	2822527	1
V	2822757	1
V	2822991	1
V	2823226	1
V	2823456	1
V	2823689	1
V	2823923	1
V	2824153	1
V	2824389	1
V	2824623	1
V	2824853	1
V	2825085	1
V	2825315	1
V	2825545	1
V	2825774	1
V	2826004	1
V	2826235	1
V	2826463	1
V	2826693	1
V	2826925	1
V	2827157	1
V	2827384	1
V	2827614	1
V	2827826	1
V	2828055	1
V	2828283	1
V	2828518	1
V	2828753	1
V	2828982	1
V	2829213	1
V	2829451	1
V	2829683	1
V	2829914	1
V	2830143	1
V	2830372	1
V	2830605	1
V	2830839	1
V	2831074	1
V	2831308	1
V	2831547	1
V	2831784	1
V	2832022	1
V	2832258	1
V	2832500	1
V	2832742	1
V	2832983	1
V	2833217	1
V	2833449	1
V	2833685	1
V	2833903	1
V	2834143	1
V	2834379	1
V	2834612	1
V	2834848	1
V	2835061	1
V	2835296	1
V	2835529	1
V	2835759	1
V	2835994	1
V	2836228	1
V	2836455	1
V	2836685	1
V	2836915	1
V	2837142	1
V	2837371	1
V	2837603	1
V	2837832	1
V	2838065	1
V	2838295	1
V	2838527	1
V	2838756	1
V	2838983	1
V	2839216	1
V	2839446	1
V	2839672	1
V	2839902	1
V	2840135	1
V	2840366	1
V	2840598	1
V	2840835	1
V	2841065	1
V	2841294	1
V	2841528	1
V	2841761	1
V	2841998	1
V	2842240	1
V	2842477	1
V	2842718	1
V	2842957	1
V	2843196	1
V	2843432	1
V	2843668	1
V	2843905	1
V	2844142	1
V	2844375	1
V	2844615	1
V	2844854	1
V	2845088	1
V	2845328	1
V	2845570	1
V	2845807	1
V	2846043	1
V	2846285	1
V	2846507	1
V	2846742	1
V	2846975	1
V	2847211	1
V	2847444	1
V	2847674	1
V	2847886	1
V	2848116	1
V	2848341	1
V	2848576	1
V	2848804	1
V	2849037	1
V	2849270	1
V	2849495	1
V	2849727	1
V	2849960	1
V	2850191	1
V	2850425	1
V	2850658	1
V	2850885	1
V	2851114	1
V	2851341	1
V	2851570	1
V	2851803	1
V	2852036	1
V	2852272	1
V	2852498	1
V	2852727	1
V	2852956	1
V	2853186	1
V	2853395	1
V	2853607	1
V	2853841	1
V	2854075	1
V	2854305	1
V	2854545	1
V	2854777	1
V	2855014	1
V	2855230	1
V	2855462	1
V	2855704	1
V	2855941	1
V	2856174	1
V	2856413	1
V	2856653	1
V	2856891	1
V	2857129	1
V	2857370	1
V	2857609	1
V	2857849	1
V	2858090	1
V	2858326	1
V	2858562	1
V	2858797	1
V	2859029	1
V	2859267	1
V	2859501	1
V	2859735	1
V	2859967	1
V	2860199	1
V	2860434	1
V	2860668	1
V	2860903	1
V	2861135	1
V	2861369	1
V	2861601	1
V	2861834	1
V	2862068	1
V	2862299	1
V	2862533	1
V	2862764	1
V	2862987	1
V	2863219	1
V	2863450	1
V	2863681	1
V	2863912	1
V	2864148	1
V	2864379	1
V	2864609	1
V	2864836	1
V	2865066	1
V	2865297	1
V	2865527	1
V	2865757	1
V	2865969	1
V	2866203	1
V	2866437	1
V	2866672	1
V	2866902	1
V	2867130	1
V	2867359	1
V	2867590	1
V	2867825	1
V	2868059	1
V	2868296	1
V	2868531	1
V	2868760	1
V	2868992	1
V	2869219	1
V	2869448	1
V	2869682	1
V	2869913	1
V	2870148	1
V	2870381	1
V	2870616	1
V	2870852	1
V	2871093	1
V	2871331	1
V	2871567	1
V	2871807	1
V	2872030	1
V	2872269	1
V	2872508	1
V	2872748	1
V	2872984	1
V	2873218	1
V	2873454	1
V	2873692	1
V	2873925	1
V	2874165	1
V	2874399	1
V	2874631	1
V	2874867	1
V	2875107	1
V	2875344	1
V	2875580	1
V	2875813	1
V	2876045	1
V	2876279	1
V	2876512	1
V	2876749	1
V	2876978	1
V	2877204	1
V	2877432	1
V	2877665	1
V	2877894	1
V	2878126	1
V	2878360	1
V	2878592	1
V	2878820	1
V	2879051	1
V	2879280	1
V	2879516	1
V	2879747	1
V	2879975	1
V	2880205	1
V	2880439	1
V	2880669	1
V	2880899	1
V	2881134	1
V	2881365	1
V	2881600	1
V	2881830	1
V	2882057	1
V	2882290	1
V	2882524	1
V	2882758	1
V	2882985	1
V	2883212	1
V	2883437	1
V	2883663	1
V	2883896	1
V	2884130	1
V	2884365	1
V	2884602	1
V	2884838	1
V	2885079	1
V	2885317	1
V	2885556	1
V	2885792	1
V	2886028	1
V	2886265	1
V	2886485	1
V	2886718	1
V	2886949	1
V	2887184	1
V	2887420	1
V	2887660	1
V	2887879	1
V	2888118	1
V	2888357	1
V	2888598	1
V	2888833	1
V	2889069	1
V	2889308	1
V	2889542	1
V	2889776	1
V	2890007	1
V	2890239	1
V	2890474	1
V	2890706	1
V	2890936	1
V	2891168	1
V	2891400	1
V	2891631	1
V	2891863	1
V	2892093	1
V	2892329	1
V	2892562	1
V	2892795	1
V	2893024	1
V	2893255	1
V	2893488	1
V	2893717	1
V	2893946	1
V	2894175	1
V	2894405	1
V	2894638	1
V	2894867	1
V	2895097	1
V	2895325	1
V	2895557	1
V	2895786	1
V	2896016	1
V	2896250	1
V	2896484	1
V	2896713	1
V	2896942	1
V	2897172	1
V	2897402	1
V	2897636	1
V	2897867	1
V	2898095	1
V	2898333	1
V	2898560	1
V	2898788	1
V	2899023	1
V	2899257	1
V	2899494	1
V	2899723	1
V	2899954	1
V	2900187	1
V	2900422	1
V	2900654	1
V	2900886	1
V	2901118	1
V	2901352	1
V	2901589	1
V	2901824	1
V	2902061	1
V	2902299	1
V	2902536	1
V	2902776	1
V	2903016	1
V	2903257	1
V	2903493	1
V	2903730	1
V	2903967	1
V	2904200	1
V	2904440	1
V	2904676	1
V	2904917	1
V	2905158	1
V	2905397	1
V	2905634	1
V	2905871	1
V	2906112	1
V	2906352	1
V	2906585	1
V	2906818	1
V	2907052	1
V	2907284	1
V	2907517	1
V	2907751	1
V	2907983	1
V	2908219	1
V	2908460	1
V	2908692	1
V	2908930	1
V	2909162	1
V	2909388	1
V	2909615	1
V	2909843	1
V	2910073	1
V	2910303	1
V	2910533	1
V	2910762	1
V	2910996	1
V	2911225	1
V	2911454	1
V	2911683	1
V	2911912	1
V	2912141	1
V	2912376	1
V	2912604	1
V	2912834	1
V	2913064	1
V	2913292	1
V	2913526	1
V	2913760	1
V	2913993	1
V	2914223	1
V	2914450	1
V	2914682	1
V	2914911	1
V	2915140	1
V	2915369	1
V	2915598	1
V	2915834	1
V	2916071	1
V	2916313	1
V	2916554	1
V	2916793	1
V	2917016	1
V	2917252	1
V	2917488	1
V	2917727	1
V	2917964	1
V	2918205	1
V	2918441	1
V	2918681	1
V	2918919	1
V	2919162	1
V	2919404	1
V	2919638	1
V	2919871	1
V	2920104	1
V	2920338	1
V	2920569	1
V	2920801	1
V	2921034	1
V	2921262	1
V	2921496	1
V	2921729	1
V	2921958	1
V	2922189	1
V	2922422	1
V	2922650	1
V	2922883	1
V	2923109	1
V	2923342	1
V	2923575	1
V	2923806	1
V	2924036	1
V	2924268	1
V	2924497	1
V	2924725	1
V	2924955	1
V	2925181	1
V	2925414	1
V	2925648	1
V	2925859	1
V	2926088	1
V	2926320	1
V	2926549	1
V	2926775	1
V	2927004	1
V	2927233	1
V	2927467	1
V	2927697	1
V	2927926	1
V	2928155	1
V	2928386	1
V	2928621	1
V	2928859	1
V	2929093	1
V	2929330	1
V	2929567	1
V	2929808	1
V	2930042	1
V	2930282	1
V	2930515	1
V	2930749	1
V	2930989	1
V	2931226	1
V	2931465	1
V	2931705	1
V	2931941	1
V	2932178	1
V	2932416	1
V	2932644	1
V	2932879	1
V	2933113	1
V	2933347	1
V	2933580	1
V	2933818	1
V	2934056	1
V	2934286	1
V	2934514	1
V	2934744	1
V	2934973	1
V	2935203	1
V	2935434	1
V	2935666	1
V	2935894	1
V	2936124	1
V	2936354	1
V	2936581	1
V	2936810	1
V	2937040	1
V	2937274	1
V	2937505	1
V	2937738	1
V	2937967	1
V	2938196	1
V	2938424	1
V	2938660	1
V	2938897	1
V	2939134	1
V	2939369	1
V	2939609	1
V	2939843	1
V	2940084	1
V	2940324	1
V	2940565	1
V	2940804	1
V	2941039	1
V	2941274	1
V	2941508	1
V	2941728	1
V	2941963	1
V	2942204	1
V	2942440	1
V	2942682	1
V	2942909	1
V	2943142	1
V	2943375	1
V	2943608	1
V	2943842	1
V	2944075	1
V	2944307	1
V	2944542	1
V	2944778	1
V	2945014	1
V	2945241	1
V	2945475	1
V	2945704	1
V	2945936	1
V	2946166	1
V	2946395	1
V	2946630	1
V	2946860	1
V	2947093	1
V	2947323	1
V	2947550	1
V	2947779	1
V	2948006	1
V	2948239	1
V	2948469	1
V	2948698	1
V	2948927	1
V	2949162	1
V	2949397	1
V	2949632	1
V	2949868	1
V	2950103	1
V	2950335	1
V	2950566	1
V	2950795	1
V	2951035	1
V	2951272	1
V	2951510	1
V	2951751	1
V	2951991	1
V	2952230	1
V	2952467	1
V	2952703	1
V	2952938	1
V	2953174	1
V	2953409	1
V	2953643	1
V	2953883	1
V	2954121	1
V	2954360	1
V	2954595	1
V	2954824	1
V	2955060	1
V	2955294	1
V	2955527	1
V	2955761	1
V	2956002	1
V	2956238	1
V	2956471	1
V	2956699	1
V	2956924	1
V	2957155	1
V	2957389	1
V	2957619	1
V	2957849	1
V	2958083	1
V	2958317	1
V	2958545	1
V	2958780	1
V	2959014	1
V	2959243	1
V	2959477	1
V	2959706	1
V	2959938	1
V	2960169	1
V	2960403	1
V	2960636	1
V	2960871	1
V	2961093	1
V	2961323	1
V	2961549	1
V	2961786	1
V	2962026	1
V	2962262	1
V	2962495	1
V	2962728	1
V	2962962	1
V	2963199	1
V	2963433	1
V	2963670	1
V	2963905	1
V	2964144	1
V	2964378	1
V	2964616	1
V	2964850	1
V	2965091	1
V	2965328	1
V	2965546	1
V	2965780	1
V	2966014	1
V	2966245	1
V	2966477	1
V	2966711	1
V	2966941	1
V	2967172	1
V	2967384	1
V	2967617	1
V	2967845	1
V	2968075	1
V	2968299	1
V	2968526	1
V	2968755	1
V	2968986	1
V	2969222	1
V	2969451	1
V	2969680	1
V	2969916	1
V	2970150	1
V	2970375	1
V	2970586	1
V	2970822	1
V	2971054	1
V	2971289	1
V	2971521	1
V	2971751	1
V	2971977	1
V	2972202	1
V	2972414	1
V	2972647	1
V	2972868	1
V	2973105	1
V	2973341	1
V	2973577	1
V	2973810	1
V	2974043	1
V	2974280	1
V	2974514	1
V	2974746	1
V	2974965	1
V	2975205	1
V	2975444	1
V	2975684	1
V	2975920	1
V	2976160	1
V	2976398	1
V	2976631	1
V	2976866	1
V	2977102	1
V	2977336	1
V	2977574	1
V	2977808	1
V	2978047	1
V	2978281	1
V	2978523	1
V	2978762	1
V	2978985	1
V	2979227	1
V	2979465	1
V	2979699	1
V	2979933	1
V	2980162	1
V	2980393	1
V	2980630	1
V	2980866	1
V	2981095	1
V	2981322	1
V	2981553	1
V	2981782	1
V	2982009	1
V	2982238	1
V	2982468	1
V	2982697	1
V	2982928	1
V	2983158	1
V	2983388	1
V	2983617	1
V	2983850	1
V	2984078	1
V	2984309	1
V	2984542	1
V	2984769	1
V	2984998	1
V	2985226	1
V	2985457	1
V	2985687	1
V	2985918	1
V	2986148	1
V	2986381	1
V	2986609	1
V	2986842	1
V	2987076	1
V	2987312	1
V	2987548	1
V	2987777	1
V	2987989	1
V	2988216	1
V	2988447	1
V	2988681	1
V	2988910	1
V	2989142	1
V	2989376	1
V	2989606	1
V	2989841	1
V	2990082	1
V	2990318	1
V	2990555	1
V	2990790	1
V	2991025	1
V	2991266	1
V	2991505	1
V	2991745	1
V	2991978	1
V	2992212	1
V	2992444	1
V	2992682	1
V	2992916	1
V	2993153	1
V	2993394	1
V	2993628	1
V	2993861	1
V	2994095	1
V	2994328	1
V	2994570	1
V	2994797	1
V	2995023	1
V	2995250	1
V	2995483	1
V	2995713	1
V	2995942	1
V	2996171	1
V	2996404	1
V	2996620	1
V	2996850	1
V	2997076	1
V	2997305	1
V	2997534	1
V	2997769	1
V	2997985	1
V	2998214	1
V	2998448	1
V	2998679	1
V	2998915	1
V	2999148	1
V	2999385	1
V	2999627	1
V	2999868	1
V	3000101	1
V	3000339	1
V	3000574	1
V	3000811	1
V	3001044	1
V	3001277	1
V	3001518	1
V	3001754	1
V	3001996	1
V	3002214	1
V	3002455	1
V	3002664	1
V	3002897	1
V	3003131	1
V	3003365	1
V	3003602	1
V	3003832	1
V	3004063	1
V	3004293	1
V	3004518	1
V	3004747	1
V	3004979	1
V	3005207	1
V	3005437	1
V	3005667	1
V	3005900	1
V	3006130	1
V	3006363	1
V	3006593	1
V	3006821	1
V	3007051	1
V	3007279	1
V	3007513	1
V	3007743	1
V	3007977	1
V	3008206	1
V	3008415	1
V	3008647	1
V	3008876	1
V	3009107	1
V	3009341	1
V	3009576	1
V	3009817	1
V	3010057	1
V	3010294	1
V	3010529	1
V	3010767	1
V	3011009	1
V	3011251	1
V	3011492	1
V	3011713	1
V	3011951	1
V	3012192	1
V	3012434	1
V	3012671	1
V	3012888	1
V	3013119	1
V	3013353	1
V	3013584	1
V	3013826	1
V	3014055	1
V	3014294	1
V	3014531	1
V	3014760	1
V	3014993	1
V	3015228	1
V	3015462	1
V	3015697	1
V	3015926	1
V	3016158	1
V	3016387	1
V	3016615	1
V	3016840	1
V	3017074	1
V	3017308	1
V	3017537	1
V	3017771	1
V	3018002	1
V	3018234	1
V	3018464	1
V	3018698	1
V	3018927	1
V	3019156	1
V	3019382	1
V	3019611	1
V	3019843	1
V	3020072	1
V	3020302	1
V	3020528	1
V	3020758	1
V	3020987	1
V	3021219	1
V	3021446	1
V	3021675	1
V	3021908	1
V	3022144	1
V	3022380	1
V	3022618	1
V	3022854	1
V	3023086	1
V	3023324	1
V	3023564	1
V	3023805	1
V	3024046	1
V	3024284	1
V	3024525	1
V	3024765	1
V	3025005	1
V	3025238	1
V	3025470	1
V	3025709	1
V	3025946	1
V	3026185	1
V	3026418	1
V	3026654	1
V	3026891	1
V	3027130	1
V	3027366	1
V	3027602	1
V	3027825	1
V	3028044	1
V	3028283	1
V	3028515	1
V	3028747	1
V	3028980	1
V	3029213	1
V	3029455	1
V	3029678	1
V	3029913	1
V	3030140	1
V	3030375	1
V	3030604	1
V	3030839	1
V	3031069	1
V	3031297	1
V	3031527	1
V	3031761	1
V	3031987	1
V	3032214	1
V	3032441	1
V	3032675	1
V	3032905	1
V	3033123	1
V	3033352	1
V	3033584	1
V	3033819	1
V	3034035	1
V	3034271	1
V	3034511	1
V	3034751	1
V	3034989	1
V	3035229	1
V	3035452	1
V	3035686	1
V	3035927	1
V	3036165	1
V	3036401	1
V	3036640	1
V	3036878	1
V	3037120	1
V	3037362	1
V	3037604	1
V	3037831	1
V	3038065	1
V	3038299	1
V	3038532	1
V	3038765	1
V	3038998	1
V	3039231	1
V	3039465	1
V	3039698	1
V	3039932	1
V	3040165	1
V	3040395	1
V	3040625	1
V	3040857	1
V	3041087	1
V	3041316	1
V	3041549	1
V	3041778	1
V	3041993	1
V	3042223	1
V	3042438	1
V	3042669	1
V	3042902	1
V	3043129	1
V	3043363	1
V	3043592	1
V	3043826	1
V	3044056	1
V	3044289	1
V	3044501	1
V	3044737	1
V	3044969	1
V	3045195	1
V	3045424	1
V	3045655	1
V	3045884	1
V	3046114	1
V	3046336	1
V	3046548	1
V	3046781	1
V	3047011	1
V	3047246	1
V	3047483	1
V	3047719	1
V	3047956	1
V	3048198	1
V	3048440	1
V	3048673	1
V	3048913	1
V	3049151	1
V	3049388	1
V	3049629	1
V	3049860	1
V	3050092	1
V	3050325	1
V	3050558	1
V	3050792	1
V	3051026	1
V	3051260	1
V	3051494	1
V	3051725	1
V	3051956	1
V	3052190	1
V	3052429	1
V	3052664	1
V	3052901	1
V	3053137	1
V	3053375	1
V	3053606	1
V	3053840	1
V	3054074	1
V	3054309	1
V	3054538	1
V	3054767	1
V	3054995	1
V	3055228	1
V	3055458	1
V	3055683	1
V	3055912	1
V	3056138	1
V	3056368	1
V	3056598	1
V	3056826	1
V	3057061	1
V	3057290	1
V	3057524	1
V	3057754	1
V	3057987	1
V	3058222	1
V	3058454	1
V	3058684	1
V	3058903	1
V	3059139	1
V	3059375	1
V	3059613	1
V	3059855	1
V	3060093	1
V	3060334	1
V	3060568	1
V	3060803	1
V	3061040	1
V	3061272	1
V	3061505	1
V	3061745	1
V	3061986	1
V	3062227	1
V	3062463	1
V	3062698	1
V	3062931	1
V	3063164	1
V	3063398	1
V	3063632	1
V	3063864	1
V	3064098	1
V	3064329	1
V	3064563	1
V	3064798	1
V	3065033	1
V	3065261	1
V	3065494	1
V	3065727	1
V	3065961	1
V	3066190	1
V	3066424	1
V	3066654	1
V	3066882	1
V	3067113	1
V	3067342	1
V	3067576	1
V	3067809	1
V	3068038	1
V	3068266	1
V	3068496	1
V	3068723	1
V	3068957	1
V	3069187	1
V	3069415	1
V	3069650	1
V	3069880	1
V	3070115	1
V	3070346	1
V	3070573	1
V	3070807	1
V	3071044	1
V	3071281	1
V	3071518	1
V	3071754	1
V	3071974	1
V	3072214	1
V	3072453	1
V	3072694	1
V	3072932	1
V	3073167	1
V	3073406	1
V	3073644	1
V	3073881	1
V	3074117	1
V	3074332	1
V	3074566	1
V	3074801	1
V	3075038	1
V	3075278	1
V	3075518	1
V	3075754	1
V	3075982	1
V	3076219	1
V	3076445	1
V	3076678	1
V	3076909	1
V	3077140	1
V	3077373	1
V	3077609	1
V	3077842	1
V	3078073	1
V	3078309	1
V	3078540	1
V	3078768	1
V	3078991	1
V	3079221	1
V	3079451	1
V	3079677	1
V	3079911	1
V	3080141	1
V	3080370	1
V	3080603	1
V	3080833	1
V	3081063	1
V	3081297	1
V	3081527	1
V	3081756	1
V	3081986	1
V	3082213	1
V	3082443	1
V	3082672	1
V	3082901	1
V	3083131	1
V	3083361	1
V	3083595	1
V	3083828	1
V	3084057	1
V	3084286	1
V	3084515	1
V	3084734	1
V	3084971	1
V	3085207	1
V	3085444	1
V	3085680	1
V	3085918	1
V	3086155	1
V	3086395	1
V	3086629	1
V	3086862	1
V	3087078	1
V	3087313	1
V	3087553	1
V	3087786	1
V	3088023	1
V	3088256	1
V	3088497	1
V	3088736	1
V	3088977	1
V	3089212	1
V	3089446	1
V	3089662	1
V	3089894	1
V	3090128	1
V	3090362	1
V	3090595	1
V	3090830	1
V	3091062	1
V	3091290	1
V	3091523	1
V	3091755	1
V	3091988	1
V	3092213	1
V	3092448	1
V	3092682	1
V	3092911	1
V	3093140	1
V	3093369	1
V	3093602	1
V	3093831	1
V	3094060	1
V	3094288	1
V	3094519	1
V	3094751	1
V	3094980	1
V	3095209	1
V	3095446	1
V	3095672	1
V	3095902	1
V	3096131	1
V	3096361	1
V	3096591	1
V	3096813	1
V	3097042	1
V	3097272	1
V	3097505	1
V	3097739	1
V	3097972	1
V	3098213	1
V	3098455	1
V	3098691	1
V	3098925	1
V	3099161	1
V	3099398	1
V	3099632	1
V	3099866	1
V	3100100	1
V	3100330	1
V	3100567	1
V	3100805	1
V	3101035	1
V	3101266	1
V	3101497	1
V	3101731	1
V	3101965	1
V	3102194	1
V	3102419	1
V	3102648	1
V	3102881	1
V	3103102	1
V	3103329	1
V	3103545	1
V	3103777	1
V	3104010	1
V	3104237	1
V	3104467	1
V	3104704	1
V	3104938	1
V	3105167	1
V	3105399	1
V	3105611	1
V	3105844	1
V	3106081	1
V	3106310	1
V	3106543	1
V	3106771	1
V	3107001	1
V	3107239	1
V	3107478	1
V	3107711	1
V	3107947	1
V	3108184	1
V	3108422	1
V	3108659	1
V	3108897	1
V	3109137	1
V	3109377	1
V	3109616	1
V	3109851	1
V	3110084	1
V	3110321	1
V	3110561	1
V	3110796	1
V	3111031	1
V	3111264	1
V	3111496	1
V	3111729	1
V	3111964	1
V	3112190	1
V	3112424	1
V	3112655	1
V	3112890	1
V	3113106	1
V	3113338	1
V	3113574	1
V	3113804	1
V	3114034	1
V	3114269	1
V	3114500	1
V	3114726	1
V	3114955	1
V	3115184	1
V	3115417	1
V	3115651	1
V	3115881	1
V	3116114	1
V	3116343	1
V	3116572	1
V	3116783	1
V	3117013	1
V	3117246	1
V	3117479	1
V	3117705	1
V	3117936	1
V	3118168	1
V	3118395	1
V	3118624	1
V	3118859	1
V	3119076	1
V	3119306	1
V	3119540	1
V	3119752	1
V	3119981	1
V	3120211	1
V	3120440	1
V	3120670	1
V	3120905	1
V	3121141	1
V	3121376	1
V	3121612	1
V	3121849	1
V	3122084	1
V	3122321	1
V	3122559	1
V	3122796	1
V	3123032	1
V	3123269	1
V	3123508	1
V	3123748	1
V	3123990	1
V	3124228	1
V	3124470	1
V	3124704	1
V	3124940	1
V	3125175	1
V	3125416	1
V	3125655	1
V	3125891	1
V	3126117	1
V	3126350	1
V	3126584	1
V	3126821	1
V	3127055	1
V	3127296	1
V	3127526	1
V	3127733	1
V	3127962	1
V	3128173	1
V	3128400	1
V	3128630	1
V	3128865	1
V	3129100	1
V	3129333	1
V	3129563	1
V	3129790	1
V	3130015	1
V	3130247	1
V	3130478	1
V	3130711	1
V	3130941	1
V	3131176	1
V	3131411	1
V	3131648	1
V	3131881	1
V	3132119	1
V	3132360	1
V	3132601	1
V	3132840	1
V	3133081	1
V	3133314	1
V	3133547	1
V	3133788	1
V	3134020	1
V	3134256	1
V	3134492	1
V	3134731	1
V	3134973	1
V	3135203	1
V	3135437	1
V	3135663	1
V	3135896	1
V	3136128	1
V	3136364	1
V	3136598	1
V	3136832	1
V	3137073	1
V	3137300	1
V	3137528	1
V	3137757	1
V	3137987	1
V	3138216	1
V	3138446	1
V	3138677	1
V	3138911	1
V	3139140	1
V	3139371	1
V	3139601	1
V	3139827	1
V	3140056	1
V	3140286	1
V	3140516	1
V	3140749	1
V	3140978	1
V	3141207	1
V	3141436	1
V	3141668	1
V	3141893	1
V	3142128	1
V	3142360	1
V	3142594	1
V	3142822	1
V	3143057	1
V	3143284	1
V	3143519	1
V	3143755	1
V	3143993	1
V	3144235	1
V	3144470	1
V	3144711	1
V	3144950	1
V	3145186	1
V	3145427	1
V	3145668	1
V	3145906	1
V	3146143	1
V	3146376	1
V	3146609	1
V	3146846	1
V	3147082	1
V	3147321	1
V	3147552	1
V	3147781	1
V	3148015	1
V	3148249	1
V	3148485	1
V	3148715	1
V	3148944	1
V	3149180	1
V	3149393	1
V	3149628	1
V	3149855	1
V	3150088	1
V	3150317	1
V	3150545	1
V	3150773	1
V	3151005	1
V	3151235	1
V	3151468	1
V	3151701	1
V	3151930	1
V	3152161	1
V	3152390	1
V	3152623	1
V	3152856	1
V	3153082	1
V	3153310	1
V	3153539	1
V	3153768	1
V	3153996	1
V	3154225	1
V	3154454	1
V	3154689	1
V	3154918	1
V	3155144	1
V	3155372	1
V	3155601	1
V	3155828	1
V	3156058	1
V	3156288	1
V	3156500	1
V	3156721	1
V	3156953	1
V	3157190	1
V	3157422	1
V	3157657	1
V	3157893	1
V	3158128	1
V	3158365	1
V	3158606	1
V	3158846	1
V	3159084	1
V	3159324	1
V	3159564	1
V	3159798	1
V	3160031	1
V	3160273	1
V	3160512	1
V	3160752	1
V	3160989	1
V	3161220	1
V	3161446	1
V	3161679	1
V	3161913	1
V	3162147	1
V	3162377	1
V	3162598	1
V	3162840	1
V	3163070	1
V	3163300	1
V	3163533	1
V	3163763	1
V	3163993	1
V	3164222	1
V	3164454	1
V	3164689	1
V	3164922	1
V	3165151	1
V	3165382	1
V	3165613	1
V	3165845	1
V	3166070	1
V	3166304	1
V	3166535	1
V	3166747	1
V	3166977	1
V	3167206	1
V	3167441	1
V	3167671	1
V	3167892	1
V	3168126	1
V	3168359	1
V	3168596	1
V	3168836	1
V	3169076	1
V	3169312	1
V	3169551	1
V	3169787	1
V	3170025	1
V	3170265	1
V	3170506	1
V	3170721	1
V	3170955	1
V	3171190	1
V	3171425	1
V	3171662	1
V	3171896	1
V	3172128	1
V	3172365	1
V	3172604	1
V	3172842	1
V	3173078	1
V	3173310	1
V	3173544	1
V	3173776	1
V	3174007	1
V	3174241	1
V	3174475	1
V	3174708	1
V	3174944	1
V	3175171	1
V	3175399	1
V	3175633	1
V	3175862	1
V	3176092	1
V	3176326	1
V	3176556	1
V	3176788	1
V	3177018	1
V	3177252	1
V	3177484	1
V	3177715	1
V	3177945	1
V	3178175	1
V	3178409	1
V	3178638	1
V	3178870	1
V	3179100	1
V	3179330	1
V	3179565	1
V	3179799	1
V	3180026	1
V	3180252	1
V	3180478	1
V	3180712	1
V	3180944	1
V	3181181	1
V	3181418	1
V	3181655	1
V	3181894	1
V	3182131	1
V	3182369	1
V	3182610	1
V	3182851	1
V	3183088	1
V	3183323	1
V	3183560	1
V	3183794	1
V	3184028	1
V	3184261	1
V	3184494	1
V	3184735	5
V	3184991	5
V	3185244	5
V	3185489	5
V	3185743	5
V	3185992	5
V	3186240	5
V	3186494	5
V	3186750	5
V	3187000	5
V	3187247	5
V	3187500	5
V	3187756	5
V	3188014	5
V	3188262	5
V	3188507	5
V	3188756	5
V	3189005	5
V	3189256	5
V	3189509	5
V	3189757	5
V	3190012	5
V	3190255	5
V	3190507	5
V	3190758	5
V	3191012	5
V	3191267	5
V	3191517	5
V	3191766	5
V	3192014	5
V	3192266	5
V	3192522	5
V	3192772	5
V	3193021	5
V	3193275	5
V	3193529	5
V	3193775	5
V	3194016	5
V	3194263	5
V	3194511	5
V	3194763	5
V	3195008	5
V	3195257	5
V	3195516	5
V	3195770	5
V	3196024	5
V	3196280	5
V	3196532	5
V	3196785	5
V	3197035	5
V	3197290	5
V	3197546	5
V	3197792	5
V	3198041	5
V	3198296	5
V	3198551	5
V	3198810	5
V	3199063	5
V	3199318	5
V	3199574	5
V	3199822	5
V	3200069	5
V	3200315	5
V	3200567	5
V	3200825	5
V	3201076	5
V	3201323	5
V	3201569	5
V	3201822	5
V	3202080	5
V	3202329	5
V	3202584	5
V	3202841	5
V	3203089	5
V	3203343	5
V	3203593	5
V	3203843	5
V	3204097	5
V	3204341	5
V	3204581	5
V	3204830	5
V	3205074	5
V	3205331	5
V	3205585	5
V	3205836	5
V	3206086	5
V	3206342	5
V	3206592	5
V	3206848	5
V	3207100	5
V	3207349	5
V	3207592	5
V	3207846	5
V	3208097	5
V	3208356	5
V	3208605	5
V	3208856	5
V	3209101	5
V	3209350	5
V	3209598	5
V	3209846	5
V	3210091	5
V	3210341	5
V	3210584	5
V	3210834	5
V	3211078	5
V	3211318	5
V	3211569	5
V	3211818	5
V	3212074	5
V	3212329	5
V	3212584	5
V	3212830	5
V	3213079	5
V	3213330	5
V	3213580	5
V	3213836	5
V	3214089	5
V	3214333	5
V	3214584	5
V	3214835	5
V	3215092	5
V	3215347	5
V	3215600	5
V	3215849	5
V	3216103	5
V	3216353	5
V	3216606	5
V	3216856	5
V	3217097	5
V	3217350	5
V	3217597	5
V	3217852	5
V	3218107	5
V	3218357	5
V	3218599	5
V	3218851	5
V	3219100	5
V	3219351	5
V	3219607	5
V	3219854	5
V	3220107	5
V	3220355	5
V	3220613	5
V	3220867	5
V	3221119	5
V	3221372	5
V	3221621	5
V	3221873	5
V	3222124	5
V	3222379	5
V	3222630	5
V	3222873	5
V	3223122	5
V	3223364	5
V	3223606	5
V	3223848	5
V	3224101	5
V	3224345	5
V	3224593	5
V	3224846	5
V	3225096	5
V	3225344	5
V	3225592	5
V	3225837	5
V	3226084	5
V	3226335	5
V	3226587	5
V	3226841	5
V	3227100	5
V	3227344	5
V	3227580	5
V	3227830	5
V	3228083	5
V	3228339	5
V	3228596	5
V	3228851	5
V	3229107	5
V	3229358	5
V	3229606	1
V	3229844	1
V	3230070	1
V	3230304	1
V	3230538	1
V	3230774	1
V	3231008	1
V	3231242	1
V	3231474	1
V	3231705	1
V	3231936	1
V	3232164	1
V	3232396	1
V	3232630	1
V	3232861	1
V	3233094	1
V	3233327	1
V	3233561	1
V	3233789	1
V	3234023	1
V	3234251	1
V	3234483	1
V	3234714	1
V	3234946	1
V	3235179	1
V	3235406	1
V	3235639	1
V	3235868	1
V	3236097	1
V	3236328	1
V	3236556	1
V	3236784	1
V	3237016	1
V	3237245	1
V	3237473	1
V	3237711	1
V	3237926	1
V	3238167	1
V	3238403	1
V	3238643	1
V	3238880	1
V	3239116	1
V	3239353	1
V	3239592	1
V	3239831	1
V	3240063	1
V	3240298	1
V	3240532	1
V	3240766	1
V	3241004	1
V	3241241	1
V	3241478	1
V	3241713	1
V	3241949	1
V	3242183	1
V	3242416	1
V	3242648	1
V	3242881	1
V	3243115	1
V	3243347	1
V	3243582	1
V	3243817	1
V	3244050	1
V	3244282	1
V	3244509	1
V	3244736	1
V	3244964	1
V	3245198	1
V	3245429	1
V	3245657	1
V	3245890	1
V	3246119	1
V	3246349	1
V	3246578	1
V	3246808	1
V	3247037	1
V	3247266	1
V	3247493	1
V	3247720	1
V	3247946	1
V	3248177	1
V	3248411	1
V	3248640	1
V	3248867	1
V	3249097	1
V	3249329	1
V	3249559	1
V	3249790	1
V	3250020	1
V	3250249	1
V	3250480	1
V	3250706	1
V	3250934	1
V	3251168	1
V	3251399	1
V	3251630	1
V	3251863	1
V	3252099	1
V	3252336	1
V	3252571	1
V	3252810	1
V	3253047	1
V	3253284	1
V	3253525	1
V	3253762	1
V	3254001	1
V	3254237	1
V	3254478	1
V	3254712	1
V	3254955	1
V	3255191	1
V	3255431	1
V	3255670	1
V	3255909	1
V	3256130	1
V	3256369	1
V	3256609	1
V	3256845	1
V	3257076	1
V	3257308	1
V	3257541	1
V	3257773	1
V	3258007	1
V	3258242	1
V	3258478	1
V	3258714	1
V	3258943	1
V	3259169	1
V	3259401	1
V	3259634	1
V	3259862	1
V	3260091	1
V	3260318	1
V	3260552	1
V	3260786	1
V	3261016	1
V	3261246	1
V	3261478	1
V	3261708	1
V	3261937	1
V	3262170	1
V	3262396	1
V	3262623	1
V	3262856	1
V	3263068	1
V	3263301	1
V	3263535	1
V	3263764	1
V	3263996	1
V	3264225	1
V	3264453	1
V	3264683	1
V	3264917	1
V	3265147	1
V	3265368	1
V	3265598	1
V	3265826	1
V	3266055	1
V	3266286	1
V	3266523	1
V	3266746	1
V	3266982	1
V	3267219	1
V	3267454	1
V	3267690	1
V	3267926	1
V	3268163	1
V	3268401	1
V	3268637	1
V	3268873	1
V	3269113	1
V	3269353	1
V	3269593	1
V	3269826	1
V	3270064	1
V	3270296	1
V	3270533	1
V	3270772	1
V	3271010	1
V	3271246	1
V	3271478	1
V	3271711	1
V	3271943	1
V	3272177	1
V	3272410	1
V	3272644	1
V	3272874	1
V	3273105	1
V	3273338	1
V	3273571	1
V	3273802	1
V	3274028	1
V	3274246	1
V	3274476	1
V	3274705	1
V	3274935	1
V	3275165	1
V	3275398	1
V	3275627	1
V	3275856	1
V	3276088	1
V	3276316	1
V	3276548	1
V	3276781	1
V	3277011	1
V	3277240	1
V	3277469	1
V	3277700	1
V	3277924	1
V	3278154	1
V	3278387	1
V	3278622	1
V	3278848	1
V	3279075	1
V	3279297	1
V	3279531	1
V	3279759	1
V	3279988	1
V	3280220	1
V	3280454	1
V	3280690	1
V	3280930	1
V	3281167	1
V	3281406	1
V	3281643	1
V	3281883	1
V	3282120	1
V	3282358	1
V	3282599	1
V	3282837	1
V	3283076	1
V	3283312	1
V	3283548	1
V	3283782	1
V	3284016	1
V	3284251	1
V	3284484	1
V	3284722	1
V	3284952	1
V	3285179	1
V	3285413	1
V	3285647	1
V	3285878	1
V	3286108	1
V	3286322	1
V	3286546	1
V	3286780	1
V	3287010	1
V	3287241	1
V	3287470	1
V	3287701	1
V	3287928	1
V	3288160	1
V	3288388	1
V	3288618	1
V	3288849	1
V	3289078	1
V	3289308	1
V	3289538	1
V	3289768	1
V	3289997	1
V	3290232	1
V	3290461	1
V	3290683	1
V	3290918	1
V	3291154	1
V	3291389	1
V	3291621	1
V	3291846	1
V	3292077	1
V	3292306	1
V	3292536	1
V	3292766	1
V	3292992	1
V	3293225	1
V	3293462	1
V	3293697	1
V	3293933	1
V	3294173	1
V	3294410	1
V	3294646	1
V	3294885	1
V	3295122	1
V	3295363	1
V	3295604	1
V	3295838	1
V	3296073	1
V	3296308	1
V	3296544	1
V	3296784	1
V	3297020	1
V	3297254	1
V	3297486	1
V	3297720	1
V	3297952	1
V	3298187	1
V	3298420	1
V	3298654	1
V	3298891	1
V	3299125	1
V	3299367	1
V	3299600	1
V	3299800	1
V	3300028	1
V	3300259	1
V	3300489	1
V	3300718	1
V	3300948	1
V	3301179	1
V	3301411	1
V	3301644	1
V	3301878	1
V	3302107	1
V	3302336	1
V	3302567	1
V	3302797	1
V	3303024	1
V	3303257	1
V	3303487	1
V	3303720	1
V	3303932	1
V	3304164	1
V	3304394	1
V	3304625	1
V	3304855	1
V	3305093	1
V	3305333	1
V	3305567	1
V	3305807	1
V	3306047	1
V	3306266	1
V	3306506	1
V	3306747	1
V	3306969	1
V	3307208	1
V	3307445	1
V	3307683	1
V	3307919	1
V	3308152	1
V	3308392	1
V	3308626	1
V	3308858	1
V	3309092	1
V	3309331	1
V	3309572	1
V	3309809	1
V	3310043	1
V	3310278	1
V	3310504	1
V	3310738	1
V	3310970	1
V	3311205	1
V	3311439	1
V	3311673	1
V	3311908	1
V	3312136	1
V	3312365	1
V	3312599	1
V	3312811	1
V	3313041	1
V	3313275	1
V	3313504	1
V	3313734	1
V	3313963	1
V	3314197	1
V	3314423	1
V	3314654	1
V	3314883	1
V	3315112	1
V	3315348	1
V	3315582	1
V	3315815	1
V	3316049	1
V	3316282	1
V	3316511	1
V	3316740	1
V	3316969	1
V	3317202	1
V	3317432	1
V	3317667	1
V	3317896	1
V	3318126	1
V	3318363	1
V	3318592	1
V	3318830	1
V	3319066	1
V	3319302	1
V	3319539	1
V	3319775	1
V	3320015	1
V	3320251	1
V	3320488	1
V	3320727	1
V	3320969	1
V	3321208	1
V	3321448	1
V	3321682	1
V	3321922	1
V	3322160	1
V	3322394	1
V	3322627	1
V	3322862	1
V	3323094	1
V	3323332	1
V	3323573	1
V	3323808	1
V	3324039	1
V	3324274	1
V	3324509	1
V	3324745	1
V	3324966	1
V	3325199	1
V	3325427	1
V	3325658	1
V	3325887	1
V	3326116	1
V	3326345	1
V	3326575	1
V	3326805	1
V	3327038	1
V	3327270	1
V	3327500	1
V	3327730	1
V	3327965	1
V	3328195	1
V	3328423	1
V	3328656	1
V	3328889	1
V	3329120	1
V	3329350	1
V	3329578	1
V	3329804	1
V	3330016	1
V	3330249	1
V	3330471	1
V	3330711	1
V	3330934	1
V	3331174	1
V	3331408	1
V	3331642	1
V	3331878	1
V	3332115	1
V	3332353	1
V	3332592	1
V	3332808	1
V	3333040	1
V	3333273	1
V	3333491	1
V	3333720	1
V	3333951	1
V	3334182	1
V	3334412	1
V	3334642	1
V	3334874	1
V	3335108	1
V	3335339	1
V	3335571	1
V	3335803	1
V	3336033	1
V	3336263	1
V	3336493	1
V	3336721	1
V	3336950	1
V	3337178	1
V	3337408	1
V	3337637	1
V	3337864	1
V	3338100	1
V	3338333	1
V	3338565	1
V	3338796	1
V	3339029	1
V	3339259	1
V	3339487	1
V	3339723	1
V	3339960	1
V	3340198	1
V	3340439	1
V	3340679	1
V	3340919	1
V	3341155	1
V	3341390	1
V	3341624	1
V	3341864	1
V	3342104	1
V	3342344	1
V	3342585	1
V	3342825	1
V	3343059	1
V	3343300	1
V	3343532	1
V	3343764	1
V	3343999	1
V	3344238	1
V	3344472	1
V	3344714	1
V	3344949	1
V	3345190	1
V	3345431	1
V	3345670	1
V	3345905	1
V	3346114	1
V	3346342	1
V	3346576	1
V	3346811	1
V	3347045	1
V	3347277	1
V	3347507	1
V	3347739	1
V	3347968	1
V	3348204	1
V	3348439	1
V	3348674	1
V	3348911	1
V	3349149	1
V	3349381	1
V	3349615	1
V	3349828	1
V	3350041	1
V	3350270	1
V	3350500	1
V	3350730	1
V	3350960	1
V	3351193	1
V	3351425	1
V	3351656	1
V	3351886	1
V	3352120	1
V	3352346	1
V	3352581	1
V	3352807	1
V	3353035	1
V	3353264	1
V	3353489	1
V	3353719	1
V	3353933	1
V	3354162	1
V	3354399	1
V	3354618	1
V	3354854	1
V	3355086	1
V	3355323	1
V	3355542	1
V	3355782	1
V	3356022	1
V	3356263	1
V	3356486	1
V	3356725	1
V	3356966	1
V	3357207	1
V	3357442	1
V	3357675	1
V	3357908	1
V	3358143	1
V	3358378	1
V	3358614	1
V	3358855	1
V	3359096	1
V	3359324	1
V	3359557	1
V	3359791	1
V	3360023	1
V	3360256	1
V	3360488	1
V	3360717	1
V	3360959	1
V	3361195	1
V	3361423	1
V	3361656	1
V	3361889	1
V	3362118	1
V	3362347	1
V	3362576	1
V	3362805	1
V	3363034	1
V	3363264	1
V	3363497	1
V	3363730	1
V	3363959	1
V	3364188	1
V	3364417	1
V	3364647	1
V	3364878	1
V	3365111	1
V	3365343	1
V	3365581	1
V	3365813	1
V	3366038	1
V	3366259	1
V	3366489	1
V	3366723	1
V	3366957	1
V	3367194	1
V	3367435	1
V	3367669	1
V	3367903	1
V	3368141	1
V	3368377	1
V	3368615	1
V	3368857	1
V	3369098	1
V	3369327	1
V	3369558	1
V	3369792	1
V	3370025	1
V	3370258	1
V	3370473	1
V	3370707	1
V	3370941	1
V	3371175	1
V	3371408	1
V	3371640	1
V	3371879	1
V	3372117	1
V	3372354	1
V	3372583	1
V	3372810	1
V	3373039	1
V	3373268	1
V	3373496	1
V	3373730	1
V	3373955	1
V	3374190	1
V	3374417	1
V	3374647	1
V	3374879	1
V	3375111	1
V	3375346	1
V	3375577	1
V	3375811	1
V	3376039	1
V	3376265	1
V	3376495	1
V	3376725	1
V	3376955	1
V	3377182	1
V	3377415	1
V	3377649	1
V	3377886	1
V	3378119	1
V	3378353	1
V	3378592	1
V	3378812	1
V	3379052	1
V	3379291	1
V	3379531	1
V	3379750	1
V	3379988	1
V	3380221	1
V	3380454	1
V	3380688	1
V	3380923	1
V	3381142	1
V	3381381	1
V	3381600	1
V	3381833	1
V	3382070	1
V	3382307	1
V	3382536	1
V	3382769	1
V	3383001	1
V	3383235	1
V	3383467	1
V	3383699	1
V	3383929	1
V	3384162	1
V	3384396	1
V	3384629	1
V	3384861	1
V	3385090	1
V	3385320	1
V	3385554	1
V	3385782	1
V	3386015	1
V	3386243	1
V	3386475	1
V	3386704	1
V	3386933	1
V	3387161	1
V	3387390	1
V	3387619	1
V	3387852	1
V	3388082	1
V	3388316	1
V	3388532	1
V	3388767	1
V	3389005	1
V	3389240	1
V	3389476	1
V	3389706	1
V	3389938	1
V	3390174	1
V	3390405	1
V	3390632	1
V	3390857	1
V	3391086	1
V	3391296	1
V	3391515	1
V	3391749	1
V	3391989	1
V	3392223	1
V	3392456	1
V	3392696	1
V	3392935	1
V	3393176	1
V	3393413	1
V	3393649	1
V	3393883	1
V	3394116	1
V	3394351	1
V	3394589	1
V	3394829	1
V	3395068	1
V	3395310	1
V	3395542	1
V	3395774	1
V	3396005	1
V	3396238	1
V	3396473	1
V	3396710	1
V	3396948	1
V	3397179	1
V	3397412	1
V	3397642	1
V	3397876	1
V	3398106	1
V	3398337	1
V	3398567	1
V	3398795	1
V	3399029	1
V	3399263	1
V	3399475	1
V	3399704	1
V	3399934	1
V	3400164	1
V	3400396	1
V	3400631	1
V	3400866	1
V	3401091	1
V	3401320	1
V	3401549	1
V	3401785	1
V	3402020	1
V	3402245	1
V	3402483	1
V	3402692	1
V	3402932	1
V	3403166	1
V	3403400	1
V	3403636	1
V	3403877	1
V	3404115	1
V	3404354	1
V	3404593	1
V	3404834	1
V	3405073	1
V	3405308	1
V	3405542	1
V	3405777	1
V	3405993	1
V	3406228	1
V	3406463	1
V	3406702	1
V	3406940	1
V	3407174	1
V	3407411	1
V	3407652	1
V	3407888	1
V	3408120	1
V	3408352	1
V	3408585	1
V	3408817	1
V	3409049	1
V	3409285	1
V	3409525	1
V	3409762	1
V	3409989	1
V	3410217	1
V	3410443	1
V	3410677	1
V	3410911	1
V	3411143	1
V	3411371	1
V	3411601	1
V	3411829	1
V	3412061	1
V	3412290	1
V	3412520	1
V	3412745	1
V	3412976	1
V	3413212	1
V	3413442	1
V	3413674	1
V	3413906	1
V	3414137	1
V	3414366	1
V	3414600	1
V	3414832	1
V	3415060	1
V	3415288	1
V	3415518	1
V	3415748	1
V	3415980	1
V	3416213	1
V	3416443	1
V	3416672	1
V	3416906	1
V	3417140	1
V	3417376	1
V	3417609	1
V	3417845	1
V	3418079	1
V	3418319	1
V	3418559	1
V	3418792	1
V	3419029	1
V	3419267	1
V	3419507	1
V	3419747	1
V	3419987	1
V	3420222	1
V	3420459	1
V	3420693	1
V	3420929	1
V	3421161	1
V	3421396	1
V	3421631	1
V	3421868	1
V	3422106	1
V	3422342	1
V	3422579	1
V	3422812	1
V	3423045	1
V	3423279	1
V	3423512	1
V	3423748	1
V	3423981	1
V	3424214	1
V	3424447	1
V	3424681	1
V	3424915	1
V	3425147	1
V	3425380	1
V	3425622	1
V	3425859	1
V	3426093	1
V	3426318	1
V	3426547	1
V	3426780	1
V	3427013	1
V	3427242	1
V	3427471	1
V	3427704	1
V	3427933	1
V	3428165	1
V	3428391	1
V	3428620	1
V	3428831	1
V	3429061	1
V	3429297	1
V	3429531	1
V	3429761	1
V	3429996	1
V	3430217	1
V	3430442	1
V	3430672	1
V	3430909	1
V	3431145	1
V	3431381	1
V	3431617	1
V	3431855	1
V	3432093	1
V	3432330	1
V	3432567	1
V	3432807	1
V	3433045	1
V	3433285	1
V	3433520	1
V	3433755	1
V	3433988	1
V	3434224	1
V	3434465	1
V	3434706	1
V	3434937	1
V	3435169	1
V	3435384	1
V	3435617	1
V	3435853	1
V	3436090	1
V	3436326	1
V	3436559	1
V	3436791	1
V	3437021	1
V	3437243	1
V	3437477	1
V	3437704	1
V	3437940	1
V	3438166	1
V	3438396	1
V	3438623	1
V	3438853	1
V	3439083	1
V	3439313	1
V	3439547	1
V	3439781	1
V	3440008	1
V	3440238	1
V	3440468	1
V	3440700	1
V	3440933	1
V	3441157	1
V	3441391	1
V	3441620	1
V	3441855	1
V	3442085	1
V	3442314	1
V	3442542	1
V	3442771	1
V	3443000	1
V	3443241	1
V	3443478	1
V	3443714	1
V	3443949	1
V	3444191	1
V	3444430	1
V	3444670	1
V	3444909	1
V	3445149	1
V	3445380	1
V	3445619	1
V	3445856	1
V	3446088	1
V	3446321	1
V	3446554	1
V	3446791	1
V	3447025	1
V	3447260	1
V	3447501	1
V	3447736	1
V	3447971	1
V	3448207	1
V	3448444	1
V	3448660	1
V	3448893	1
V	3449108	1
V	3449341	1
V	3449575	1
V	3449807	1
V	3450042	1
V	3450284	1
V	3450525	1
V	3450761	1
V	3450990	1
V	3451217	1
V	3451452	1
V	3451684	1
V	3451917	1
V	3452151	1
V	3452383	1
V	3452612	1
V	3452843	1
V	3453076	1
V	3453310	1
V	3453539	1
V	3453754	1
V	3453983	1
V	3454217	1
V	3454444	1
V	3454678	1
V	3454906	1
V	3455138	1
V	3455367	1
V	3455603	1
V	3455830	1
V	3456060	1
V	3456293	1
V	3456529	1
V	3456760	1
V	3456989	1
V	3457221	1
V	3457457	1
V	3457668	1
V	3457894	1
V	3458125	1
V	3458358	1
V	3458591	1
V	3458825	1
V	3459061	1
V	3459300	1
V	3459537	1
V	3459768	1
V	3460006	1
V	3460244	1
V	3460485	1
V	3460722	1
V	3460958	1
V	3461191	1
V	3461425	1
V	3461663	1
V	3461897	1
V	3462133	1
V	3462374	1
V	3462613	1
V	3462854	1
V	3463096	1
V	3463333	1
V	3463574	1
V	3463809	1
V	3464044	1
V	3464276	1
V	3464510	1
V	3464741	1
V	3464975	1
V	3465202	1
V	3465431	1
V	3465642	1
V	3465871	1
V	3466098	1
V	3466332	1
V	3466561	1
V	3466790	1
V	3467019	1
V	3467247	1
V	3467479	1
V	3467708	1
V	3467945	1
V	3468174	1
V	3468404	1
V	3468634	1
V	3468861	1
V	3469094	1
V	3469324	1
V	3469552	1
V	3469784	1
V	3470020	1
V	3470246	1
V	3470475	1
V	3470702	1
V	3470932	1
V	3471147	1
V	3471379	1
V	3471609	1
V	3471838	1
V	3472068	1
V	3472303	1
V	3472541	1
V	3472778	1
V	3473012	1
V	3473252	1
V	3473493	1
V	3473732	1
V	3473973	1
V	3474195	1
V	3474435	1
V	3474675	1
V	3474915	1
V	3475156	1
V	3475395	1
V	3475631	1
V	3475869	1
V	3476105	1
V	3476340	1
V	3476572	1
V	3476808	1
V	3477044	1
V	3477273	1
V	3477507	1
V	3477737	1
V	3477965	1
V	3478195	1
V	3478424	1
V	3478658	1
V	3478887	1
V	3479117	1
V	3479350	1
V	3479580	1
V	3479814	1
V	3480043	1
V	3480268	1
V	3480503	1
V	3480732	1
V	3480958	1
V	3481170	1
V	3481401	1
V	3481637	1
V	3481874	1
V	3482108	1
V	3482347	1
V	3482588	1
V	3482828	1
V	3483065	1
V	3483297	1
V	3483535	1
V	3483769	1
V	3484005	1
V	3484243	1
V	3484484	1
V	3484723	1
V	3484965	1
V	3485197	1
V	3485430	1
V	3485663	1
V	3485896	1
V	3486130	1
V	3486364	1
V	3486598	1
V	3486832	1
V	3487067	1
V	3487297	1
V	3487535	1
V	3487765	1
V	3487995	1
V	3488226	1
V	3488454	1
V	3488683	1
V	3488909	1
V	3489137	1
V	3489370	1
V	3489603	1
V	3489835	1
V	3490065	1
V	3490294	1
V	3490523	1
V	3490753	1
V	3490983	1
V	3491211	1
V	3491441	1
V	3491675	1
V	3491905	1
V	3492117	1
V	3492345	1
V	3492579	1
V	3492808	1
V	3493038	1
V	3493270	1
V	3493492	1
V	3493722	1
V	3493952	1
V	3494190	1
V	3494426	1
V	3494664	1
V	3494898	1
V	3495131	1
V	3495367	1
V	3495606	1
V	3495842	1
V	3496078	1
V	3496317	1
V	3496558	1
V	3496796	1
V	3497036	1
V	3497277	1
V	3497500	1
V	3497738	1
V	3497975	1
V	3498209	1
V	3498430	1
V	3498666	1
V	3498902	1
V	3499139	1
V	3499378	1
V	3499617	1
V	3499855	1
V	3500095	1
V	3500330	1
V	3500563	1
V	3500797	1
V	3501033	1
V	3501257	1
V	3501499	1
V	3501739	1
V	3501980	1
V	3502213	1
V	3502441	1
V	3502653	1
V	3502887	1
V	3503118	1
V	3503347	1
V	3503575	1
V	3503802	1
V	3504035	1
V	3504268	1
V	3504501	1
V	3504733	1
V	3504967	1
V	3505201	1
V	3505431	1
V	3505661	1
V	3505890	1
V	3506124	1
V	3506350	1
V	3506580	1
V	3506807	1
V	3507043	1
V	3507272	1
V	3507502	1
V	3507740	1
V	3507975	1
V	3508210	1
V	3508444	1
V	3508678	1
V	3508913	1
V	3509147	1
V	3509387	1
V	3509622	1
V	3509855	1
V	3510092	1
V	3510327	1
V	3510562	1
V	3510803	1
V	3511040	1
V	3511278	1
V	3511519	1
V	3511759	1
V	3511998	1
V	3512240	1
V	3512480	1
V	3512721	1
V	3512961	1
V	3513197	1
V	3513432	1
V	3513667	1
V	3513905	1
V	3514137	1
V	3514372	1
V	3514615	1
V	3514850	1
V	3515082	1
V	3515310	1
V	3515544	1
V	3515777	1
V	3516010	1
V	3516244	1
V	3516486	1
V	3516718	1
V	3516953	1
V	3517179	1
V	3517409	1
V	3517638	1
V	3517872	1
V	3518101	1
V	3518333	1
V	3518562	1
V	3518791	1
V	3519021	1
V	3519251	1
V	3519480	1
V	3519712	1
V	3519941	1
V	3520169	1
V	3520395	1
V	3520628	1
V	3520844	1
V	3521074	1
V	3521304	1
V	3521534	1
V	3521769	1
V	3521998	1
V	3522232	1
V	3522469	1
V	3522705	1
V	3522942	1
V	3523176	1
V	3523412	1
V	3523650	1
V	3523891	1
V	3524127	1
V	3524367	1
V	3524603	1
V	3524841	1
V	3525080	1
V	3525317	1
V	3525555	1
V	3525788	1
V	3526022	1
V	3526260	1
V	3526496	1
V	3526736	1
V	3526973	1
V	3527211	1
V	3527453	1
V	3527695	1
V	3527933	1
V	3528174	1
V	3528411	1
V	3528638	1
V	3528872	1
V	3529106	1
V	3529342	1
V	3529576	1
V	3529810	1
V	3530042	1
V	3530276	1
V	3530511	1
V	3530747	1
V	3530989	1
V	3531225	1
V	3531456	1
V	3531690	1
V	3531925	1
V	3532160	1
V	3532390	1
V	3532623	1
V	3532853	1
V	3533080	1
V	3533313	1
V	3533543	1
V	3533773	1
V	3534004	1
V	3534238	1
V	3534467	1
V	3534698	1
V	3534932	1
V	3535159	1
V	3535389	1
V	3535620	1
V	3535848	1
V	3536076	1
V	3536286	1
V	3536516	1
V	3536743	1
V	3536972	1
V	3537205	1
V	3537432	1
V	3537650	1
V	3537877	1
V	3538109	1
V	3538329	1
V	3538567	1
V	3538805	1
V	3539047	1
V	3539286	1
V	3539521	1
V	3539754	1
V	3539991	1
V	3540226	1
V	3540461	1
V	3540699	1
V	3540937	1
V	3541173	1
V	3541408	1
V	3541646	1
V	3541885	1
V	3542127	1
V	3542369	1
V	3542610	1
V	3542850	1
V	3543086	1
V	3543319	1
V	3543552	1
V	3543791	1
V	3544031	1
V	3544273	1
V	3544509	1
V	3544744	1
V	3544979	1
V	3545212	1
V	3545445	1
V	3545678	1
V	3545907	1
V	3546142	1
V	3546370	1
V	3546608	1
V	3546820	1
V	3547050	1
V	3547279	1
V	3547514	1
V	3547748	1
V	3547959	1
V	3548191	1
V	3548428	1
V	3548660	1
V	3548893	1
V	3549120	1
V	3549353	1
V	3549585	1
V	3549815	1
V	3550049	1
V	3550283	1
V	3550519	1
V	3550754	1
V	3550995	1
V	3551233	1
V	3551473	1
V	3551714	1
V	3551937	1
V	3552173	1
V	3552407	1
V	3552625	1
V	3552867	1
V	3553102	1
V	3553336	1
V	3553569	1
V	3553810	1
V	3554046	1
V	3554289	1
V	3554529	1
V	3554765	1
V	3555005	1
V	3555234	1
V	3555470	1
V	3555704	1
V	3555939	1
V	3556173	1
V	3556404	1
V	3556639	1
V	3556872	1
V	3557101	1
V	3557331	1
V	3557554	1
V	3557792	1
V	3558023	1
V	3558249	1
V	3558483	1
V	3558713	1
V	3558941	1
V	3559171	1
V	3559402	1
V	3559634	1
V	3559869	1
V	3560104	1
V	3560341	1
V	3560570	1
V	3560781	1
V	3561012	1
V	3561244	1
V	3561479	1
V	3561697	1
V	3561928	1
V	3562162	1
V	3562391	1
V	3562625	1
V	3562853	1
V	3563090	1
V	3563325	1
V	3563559	1
V	3563791	1
V	3564031	1
V	3564268	1
V	3564510	1
V	3564752	1
V	3564994	1
V	3565235	1
V	3565478	1
V	3565714	1
V	3565947	1
V	3566187	1
V	3566429	1
V	3566665	1
V	3566908	1
V	3567151	1
V	3567393	1
V	3567610	1
V	3567845	1
V	3568080	1
V	3568316	1
V	3568550	1
V	3568792	1
V	3569035	1
V	3569265	1
V	3569499	1
V	3569729	1
V	3569964	1
V	3570197	1
V	3570428	1
V	3570655	1
V	3570891	1
V	3571120	1
V	3571354	1
V	3571582	1
V	3571812	1
V	3572044	1
V	3572278	1
V	3572509	1
V	3572736	1
V	3572960	1
V	3573193	1
V	3573422	1
V	3573651	1
V	3573884	1
V	3574120	1
V	3574355	1
V	3574564	1
V	3574795	1
V	3575023	1
V	3575253	1
V	3575487	1
V	3575716	1
V	3575953	1
V	3576187	1
V	3576411	1
V	3576649	1
V	3576883	1
V	3577126	1
V	3577359	1
V	3577590	1
V	3577832	1
V	3578075	1
V	3578316	1
V	3578557	1
V	3578796	1
V	3579037	1
V	3579275	1
V	3579506	1
V	3579738	1
V	3579979	1
V	3580215	1
V	3580430	1
V	3580662	1
V	3580898	1
V	3581135	1
V	3581373	1
V	3581614	1
V	3581853	1
V	3582095	1
V	3582337	1
V	3582572	1
V	3582808	1
V	3583040	1
V	3583258	1
V	3583492	1
V	3583724	1
V	3583958	1
V	3584192	1
V	3584430	1
V	3584666	1
V	3584902	1
V	3585134	1
V	3585365	1
V	3585602	1
V	3585829	1
V	3586059	1
V	3586292	1
V	3586520	1
V	3586749	1
V	3586977	1
V	3587205	1
V	3587439	1
V	3587670	1
V	3587900	1
V	3588131	1
V	3588343	1
V	3588573	1
V	3588810	1
V	3589039	1
V	3589272	1
V	3589501	1
V	3589732	1
V	3589958	1
V	3590183	1
V	3590395	1
V	3590630	1
V	3590858	1
V	3591088	1
V	3591317	1
V	3591553	1
V	3591784	1
V	3592014	1
V	3592241	1
V	3592474	1
V	3592709	1
V	3592938	1
V	3593173	1
V	3593399	1
V	3593635	1
V	3593873	1
V	3594110	1
V	3594348	1
V	3594585	1
V	3594822	1
V	3595056	1
V	3595291	1
V	3595529	1
V	3595767	1
V	3596005	1
V	3596246	1
V	3596489	1
V	3596731	1
V	3596963	1
V	3597199	1
V	3597435	1
V	3597677	1
V	3597920	1
V	3598158	1
V	3598398	1
V	3598632	1
V	3598873	1
V	3599099	1
V	3599315	1
V	3599550	1
V	3599786	1
V	3600021	1
V	3600255	1
V	3600473	1
V	3600707	1
V	3600942	1
V	3601185	1
V	3601419	1
V	3601653	1
V	3601883	1
V	3602112	1
V	3602342	1
V	3602572	1
V	3602783	1
V	3603012	1
V	3603242	1
V	3603473	1
V	3603704	1
V	3603933	1
V	3604168	1
V	3604397	1
V	3604627	1
V	3604857	1
V	3605093	1
V	3605322	1
V	3605552	1
V	3605761	1
V	3605996	1
V	3606218	1
V	3606453	1
V	3606689	1
V	3606926	1
V	3607162	1
V	3607399	1
V	3607632	1
V	3607874	1
V	3608116	1
V	3608354	1
V	3608592	1
V	3608833	1
V	3609070	1
V	3609312	1
V	3609546	1
V	3609780	1
V	3610014	1
V	3610252	1
V	3610486	1
V	3610719	1
V	3610957	1
V	3611173	1
V	3611407	1
V	3611642	1
V	3611882	1
V	3612120	1
V	3612353	1
V	3612591	1
V	3612833	1
V	3613073	1
V	3613312	1
V	3613552	1
V	3613783	1
V	3614018	1
V	3614251	1
V	3614481	1
V	3614714	1
V	3614930	1
V	3615170	1
V	3615399	1
V	3615634	1
V	3615864	1
V	3616098	1
V	3616325	1
V	3616552	1
V	3616776	1
V	3617009	1
V	3617239	1
V	3617470	1
V	3617702	1
V	3617932	1
V	3618168	1
V	3618381	1
V	3618610	1
V	3618843	1
V	3619074	1
V	3619306	1
V	3619536	1
V	3619768	1
V	3620002	1
V	3620237	1
V	3620467	1
V	3620695	1
V	3620931	1
V	3621166	1
V	3621402	1
V	3621632	1
V	3621844	1
V	3622075	1
V	3622304	1
V	3622533	1
V	3622767	1
V	3622989	1
V	3623222	1
V	3623463	1
V	3623682	1
V	3623914	1
V	3624144	1
V	3624380	1
V	3624614	1
V	3624852	1
V	3625093	1
V	3625335	1
V	3625573	1
V	3625807	1
V	3626040	1
V	3626259	1
V	3626496	1
V	3626732	1
V	3626967	1
V	3627202	1
V	3627436	1
V	3627672	5
V	3627918	5
V	3628164	5
V	3628408	5
V	3628654	5
V	3628915	5
V	3629168	5
V	3629425	5
V	3629686	5
V	3629938	5
V	3630191	5
V	3630447	5
V	3630692	5
V	3630946	5
V	3631203	5
V	3631460	5
V	3631712	5
V	3631959	5
V	3632219	5
V	3632476	5
V	3632734	5
V	3632986	5
V	3633246	5
V	3633486	5
V	3633738	5
V	3633996	5
V	3634250	5
V	3634505	5
V	3634759	5
V	3635012	5
V	3635270	5
V	3635528	5
V	3635786	5
V	3636033	5
V	3636292	5
V	3636541	5
V	3636786	5
V	3637038	5
V	3637292	5
V	3637542	5
V	3637795	5
V	3638045	5
V	3638295	5
V	3638549	5
V	3638803	5
V	3639053	5
V	3639311	5
V	3639565	5
V	3639821	5
V	3640076	5
V	3640331	5
V	3640589	5
V	3640842	5
V	3641092	5
V	3641337	5
V	3641591	5
V	3641850	5
V	3642109	5
V	3642366	5
V	3642626	5
V	3642882	5
V	3643136	5
V	3643387	5
V	3643640	5
V	3643883	5
V	3644140	5
V	3644387	5
V	3644634	5
V	3644884	5
V	3645132	5
V	3645385	5
V	3645639	5
V	3645895	5
V	3646142	5
V	3646395	5
V	3646649	5
V	3646903	5
V	3647154	5
V	3647410	5
V	3647664	5
V	3647924	5
V	3648184	5
V	3648440	5
V	3648689	5
V	3648944	5
V	3649198	5
V	3649443	5
V	3649694	5
V	3649945	5
V	3650195	5
V	3650450	5
V	3650702	5
V	3650950	5
V	3651204	5
V	3651451	5
V	3651707	5
V	3651961	5
V	3652209	5
V	3652455	5
V	3652704	5
V	3652944	5
V	3653198	5
V	3653448	5
V	3653704	5
V	3653956	5
V	3654197	5
V	3654444	5
V	3654692	5
V	3654949	5
V	3655190	5
V	3655445	5
V	3655698	5
V	3655949	5
V	3656201	5
V	3656453	5
V	3656701	5
V	3656954	5
V	3657201	5
V	3657456	5
V	3657703	5
V	3657955	5
V	3658209	5
V	3658460	5
V	3658715	5
V	3658964	5
V	3659211	5
V	3659461	5
V	3659712	5
V	3659970	5
V	3660225	5
V	3660470	5
V	3660723	5
V	3660971	5
V	3661221	5
V	3661465	5
V	3661713	5
V	3661960	5
V	3662210	5
V	3662462	5
V	3662706	5
V	3662958	5
V	3663206	5
V	3663458	5
V	3663706	5
V	3663959	5
V	3664211	5
V	3664455	5
V	3664697	5
V	3664948	5
V	3665197	5
V	3665442	5
V	3665688	5
V	3665937	5
V	3666187	5
V	3666435	5
V	3666685	5
V	3666926	5
V	3667174	5
V	3667425	5
V	3667675	5
V	3667920	5
V	3668169	5
V	3668414	5
V	3668673	5
V	3668931	5
V	3669178	5
V	3669429	5
V	3669685	5
V	3669939	5
V	3670183	5
V	3670431	5
V	3670684	5
V	3670933	5
V	3671182	5
V	3671434	5
V	3671687	5
V	3671936	1
V	3672173	1
V	3672407	1
V	3672649	1
V	3672888	1
V	3673124	1
V	3673358	1
V	3673575	1
V	3673810	1
V	3674042	1
V	3674280	1
V	3674522	1
V	3674758	1
V	3674997	1
V	3675208	1
V	3675438	1
V	3675666	1
V	3675894	1
V	3676125	1
V	3676358	1
V	3676570	1
V	3676799	1
V	3677027	1
V	3677245	1
V	3677481	1
V	3677711	1
V	3677941	1
V	3678179	1
V	3678409	1
V	3678638	1
V	3678866	1
V	3679095	1
V	3679322	1
V	3679557	1
V	3679786	1
V	3680020	1
V	3680251	1
V	3680483	1
V	3680721	1
V	3680958	1
V	3681195	1
V	3681430	1
V	3681670	1
V	3681905	1
V	3682140	1
V	3682380	1
V	3682621	1
V	3682863	1
V	3683102	1
V	3683341	1
V	3683579	1
V	3683821	1
V	3684058	1
V	3684294	1
V	3684526	1
V	3684758	1
V	3684975	1
V	3685208	1
V	3685445	1
V	3685682	1
V	3685916	1
V	3686152	1
V	3686388	1
V	3686630	1
V	3686873	1
V	3687115	1
V	3687355	1
V	3687590	1
V	3687823	1
V	3688058	1
V	3688300	1
V	3688542	1
V	3688779	1
V	3689016	1
V	3689252	1
V	3689487	1
V	3689717	1
V	3689951	1
V	3690181	1
V	3690417	1
V	3690645	1
V	3690874	1
V	3691103	1
V	3691334	1
V	3691551	1
V	3691782	1
V	3692010	1
V	3692240	1
V	3692473	1
V	3692709	1
V	3692946	1
V	3693176	1
V	3693406	1
V	3693642	1
V	3693862	1
V	3694102	1
V	3694332	1
V	3694565	1
V	3694793	1
V	3695023	1
V	3695251	1
V	3695486	1
V	3695715	1
V	3695944	1
V	3696174	1
V	3696402	1
V	3696613	1
V	3696843	1
V	3697077	1
V	3697310	1
V	3697544	1
V	3697778	1
V	3698015	1
V	3698250	1
V	3698491	1
V	3698731	1
V	3698971	1
V	3699209	1
V	3699450	1
V	3699683	1
V	3699918	1
V	3700154	1
V	3700389	1
V	3700626	1
V	3700859	1
V	3701078	1
V	3701314	1
V	3701547	1
V	3701780	1
V	3702019	1
V	3702257	1
V	3702499	1
V	3702741	1
V	3702982	1
V	3703224	1
V	3703465	1
V	3703707	1
V	3703945	1
V	3704183	1
V	3704417	1
V	3704657	1
V	3704890	1
V	3705133	1
V	3705369	1
V	3705601	1
V	3705832	1
V	3706060	1
V	3706287	1
V	3706516	1
V	3706747	1
V	3706983	1
V	3707213	1
V	3707447	1
V	3707676	1
V	3707905	1
V	3708135	1
V	3708365	1
V	3708594	1
V	3708829	1
V	3709066	1
V	3709295	1
V	3709525	1
V	3709761	1
V	3709991	1
V	3710227	1
V	3710465	1
V	3710697	1
V	3710929	1
V	3711160	1
V	3711395	1
V	3711632	1
V	3711869	1
V	3712105	1
V	3712340	1
V	3712576	1
V	3712816	1
V	3713038	1
V	3713278	1
V	3713515	1
V	3713749	1
V	3713982	1
V	3714198	1
V	3714431	1
V	3714673	1
V	3714909	1
V	3715146	1
V	3715380	1
V	3715612	1
V	3715843	1
V	3716076	1
V	3716315	1
V	3716550	1
V	3716786	1
V	3717022	1
V	3717261	1
V	3717502	1
V	3717739	1
V	3717981	1
V	3718216	1
V	3718451	1
V	3718685	1
V	3718919	1
V	3719154	1
V	3719388	1
V	3719604	1
V	3719819	1
V	3720055	1
V	3720287	1
V	3720519	1
V	3720752	1
V	3720985	1
V	3721219	1
V	3721456	1
V	3721690	1
V	3721926	1
V	3722154	1
V	3722389	1
V	3722619	1
V	3722848	1
V	3723078	1
V	3723311	1
V	3723540	1
V	3723774	1
V	3724007	1
V	3724240	1
V	3724470	1
V	3724700	1
V	3724930	1
V	3725164	1
V	3725394	1
V	3725629	1
V	3725855	1
V	3726092	1
V	3726323	1
V	3726554	1
V	3726783	1
V	3727011	1
V	3727241	1
V	3727467	1
V	3727698	1
V	3727929	1
V	3728166	1
V	3728394	1
V	3728613	1
V	3728847	1
V	3729081	1
V	3729316	1
V	3729552	1
V	3729788	1
V	3730028	1
V	3730269	1
V	3730510	1
V	3730751	1
V	3730989	1
V	3731227	1
V	3731466	1
V	3731708	1
V	3731941	1
V	3732174	1
V	3732410	1
V	3732646	1
V	3732887	1
V	3733121	1
V	3733357	1
V	3733595	1
V	3733829	1
V	3734066	1
V	3734301	1
V	3734534	1
V	3734766	1
V	3735001	1
V	3735238	1
V	3735470	1
V	3735698	1
V	3735926	1
V	3736158	1
V	3736384	1
V	3736617	1
V	3736847	1
V	3737081	1
V	3737310	1
V	3737539	1
V	3737770	1
V	3737982	1
V	3738212	1
V	3738442	1
V	3738672	1
V	3738901	1
V	3739133	1
V	3739362	1
V	3739589	1
V	3739821	1
V	3740057	1
V	3740286	1
V	3740514	1
V	3740749	1
V	3740982	1
V	3741216	1
V	3741451	1
V	3741684	1
V	3741918	1
V	3742138	1
V	3742380	1
V	3742615	1
V	3742851	1
V	3743086	1
V	3743321	1
V	3743558	1
V	3743799	1
V	3744036	1
V	3744277	1
V	3744518	1
V	3744756	1
V	3744997	1
V	3745237	1
V	3745478	1
V	3745716	1
V	3745932	1
V	3746166	1
V	3746404	1
V	3746644	1
V	3746880	1
V	3747115	1
V	3747351	1
V	3747591	1
V	3747832	1
V	3748075	1
V	3748294	1
V	3748530	1
V	3748766	1
V	3749003	1
V	3749239	1
V	3749480	1
V	3749715	1
V	3749951	1
V	3750187	1
V	3750421	1
V	3750638	1
V	3750869	1
V	3751105	1
V	3751335	1
V	3751568	1
V	3751801	1
V	3752043	1
V	3752274	1
V	3752509	1
V	3752744	1
V	3752974	1
V	3753208	1
V	3753438	1
V	3753666	1
V	3753901	1
V	3754135	1
V	3754362	1
V	3754591	1
V	3754820	1
V	3755050	1
V	3755278	1
V	3755504	1
V	3755737	1
V	3755966	1
V	3756202	1
V	3756430	1
V	3756665	1
V	3756900	1
V	3757136	1
V	3757371	1
V	3757605	1
V	3757834	1
V	3758063	1
V	3758299	1
V	3758527	1
V	3758761	1
V	3758996	1
V	3759216	1
V	3759450	1
V	3759687	1
V	3759919	1
V	3760155	1
V	3760390	1
V	3760624	1
V	3760859	1
V	3761101	1
V	3761325	1
V	3761565	1
V	3761804	1
V	3762044	1
V	3762281	1
V	3762523	1
V	3762764	1
V	3762997	1
V	3763234	1
V	3763468	1
V	3763706	1
V	3763942	1
V	3764178	1
V	3764415	1
V	3764650	1
V	3764886	1
V	3765118	1
V	3765360	1
V	3765593	1
V	3765827	1
V	3766066	1
V	3766304	1
V	3766539	1
V	3766775	1
V	3767008	1
V	3767250	1
V	3767488	1
V	3767731	1
V	3767970	1
V	3768213	1
V	3768449	1
V	3768685	1
V	3768920	1
V	3769156	1
V	3769394	1
V	3769628	1
V	3769864	1
V	3770097	1
V	3770329	1
V	3770560	1
V	3770796	1
V	3771032	1
V	3771266	1
V	3771509	1
V	3771746	1
V	3771983	1
V	3772218	1
V	3772457	1
V	3772691	1
V	3772923	1
V	3773164	1
V	3773398	1
V	3773628	1
V	3773858	1
V	3774087	1
V	3774315	1
V	3774547	1
V	3774783	1
V	3775019	1
V	3775253	1
V	3775482	1
V	3775715	1
V	3775949	1
V	3776183	1
V	3776421	1
V	3776651	1
V	3776884	1
V	3777119	1
V	3777349	1
V	3777578	1
V	3777810	1
V	3778046	1
V	3778276	1
V	3778506	1
V	3778735	1
V	3778964	1
V	3779200	1
V	3779422	1
V	3779633	1
V	3779862	1
V	3780091	1
V	3780327	1
V	3780564	1
V	3780799	1
V	3781034	1
V	3781267	1
V	3781499	1
V	3781729	1
V	3781970	1
V	3782207	1
V	3782446	1
V	3782686	1
V	3782927	1
V	3783169	1
V	3783410	1
V	3783649	1
V	3783889	1
V	3784129	1
V	3784350	1
V	3784587	1
V	3784825	1
V	3785064	1
V	3785306	1
V	3785542	1
V	3785778	1
V	3786014	1
V	3786249	1
V	3786484	1
V	3786716	1
V	3786950	1
V	3787184	1
V	3787423	1
V	3787660	1
V	3787903	1
V	3788136	1
V	3788369	1
V	3788608	1
V	3788844	1
V	3789083	1
V	3789324	1
V	3789559	1
V	3789800	1
V	3790027	1
V	3790260	1
V	3790494	1
V	3790726	1
V	3790959	1
V	3791191	1
V	3791422	1
V	3791656	1
V	3791893	1
V	3792132	1
V	3792361	1
V	3792591	1
V	3792825	1
V	3793055	1
V	3793286	1
V	3793498	1
V	3793728	1
V	3793962	1
V	3794192	1
V	3794427	1
V	3794659	1
V	3794892	1
V	3795123	1
V	3795360	1
V	3795594	1
V	3795829	1
V	3796059	1
V	3796295	1
V	3796531	1
V	3796761	1
V	3796995	1
V	3797216	1
V	3797447	1
V	3797682	1
V	3797910	1
V	3798141	1
V	3798370	1
V	3798603	1
V	3798835	1
V	3799063	1
V	3799298	1
V	3799531	1
V	3799767	1
V	3800002	1
V	3800238	1
V	3800473	1
V	3800713	1
V	3800952	1
V	3801192	1
V	3801434	1
V	3801677	1
V	3801917	1
V	3802157	1
V	3802394	1
V	3802634	1
V	3802876	1
V	3803110	1
V	3803346	1
V	3803582	1
V	3803816	1
V	3804050	1
V	3804282	1
V	3804518	1
V	3804758	1
V	3804991	1
V	3805234	1
V	3805474	1
V	3805709	1
V	3805945	1
V	3806180	1
V	3806423	1
V	3806656	1
V	3806892	1
V	3807126	1
V	3807364	1
V	3807598	1
V	3807815	1
V	3808029	1
V	3808263	1
V	3808499	1
V	3808729	1
V	3808956	1
V	3809184	1
V	3809412	1
V	3809642	1
V	3809871	1
V	3810103	1
V	3810337	1
V	3810567	1
V	3810801	1
V	3811030	1
V	3811260	1
V	3811488	1
V	3811718	1
V	3811947	1
V	3812177	1
V	3812407	1
V	3812643	1
V	3812872	1
V	3813108	1
V	3813320	1
V	3813548	1
V	3813785	1
V	3814013	1
V	3814253	1
V	3814487	1
V	3814720	1
V	3814955	1
V	3815191	1
V	3815432	1
V	3815656	1
V	3815897	1
V	3816135	1
V	3816374	1
V	3816615	1
V	3816839	1
V	3817072	1
V	3817307	1
V	3817540	1
V	3817778	1
V	3818013	1
V	3818247	1
V	3818478	1
V	3818711	1
V	3818942	1
V	3819178	1
V	3819417	1
V	3819653	1
V	3819889	1
V	3820123	1
V	3820357	1
V	3820593	1
V	3820827	1
V	3821061	1
V	3821304	1
V	3821532	1
V	3821759	1
V	3821992	1
V	3822226	1
V	3822454	1
V	3822682	1
V	3822910	1
V	3823145	1
V	3823379	1
V	3823613	1
V	3823849	1
V	3824079	1
V	3824309	1
V	3824536	1
V	3824766	1
V	3824997	1
V	3825231	1
V	3825466	1
V	3825692	1
V	3825928	1
V	3826157	1
V	3826395	1
V	3826607	1
V	3826819	1
V	3827054	1
V	3827283	1
V	3827520	1
V	3827749	1
V	3827980	1
V	3828213	1
V	3828445	1
V	3828665	1
V	3828901	1
V	3829139	1
V	3829372	1
V	3829605	1
V	3829846	1
V	3830084	1
V	3830321	1
V	3830557	1
V	3830793	1
V	3831032	1
V	3831270	1
V	3831507	1
V	3831749	1
V	3831985	1
V	3832227	1
V	3832462	1
V	3832696	1
V	3832939	1
V	3833168	1
V	3833399	1
V	3833611	1
V	3833839	1
V	3834065	1
V	3834295	1
V	3834525	1
V	3834753	1
V	3834983	1
V	3835212	1
V	3835441	1
V	3835670	1
V	3835901	1
V	3836129	1
V	3836360	1
V	3836590	1
V	3836818	1
V	3837047	1
V	3837277	1
V	3837514	1
V	3837743	1
V	3837980	1
V	3838213	1
V	3838451	1
V	3838681	1
V	3838911	1
V	3839139	1
V	3839369	1
V	3839596	1
V	3839832	1
V	3840060	1
V	3840289	1
V	3840518	1
V	3840754	1
V	3840990	1
V	3841222	1
V	3841454	1
V	3841685	1
V	3841920	1
V	3842156	1
V	3842392	1
V	3842628	1
V	3842870	1
V	3843110	1
V	3843347	1
V	3843588	1
V	3843829	1
V	3844070	1
V	3844308	1
V	3844546	1
V	3844784	1
V	3845023	1
V	3845260	1
V	3845492	1
V	3845727	1
V	3845961	1
V	3846196	1
V	3846415	1
V	3846652	1
V	3846890	1
V	3847131	1
V	3847370	1
V	3847609	1
V	3847847	1
V	3848089	1
V	3848329	1
V	3848566	1
V	3848802	1
V	3849037	1
V	3849271	1
V	3849513	1
V	3849756	1
V	3849992	1
V	3850230	1
V	3850464	1
V	3850681	1
V	3850913	1
V	3851152	1
V	3851378	1
V	3851612	1
V	3851847	1
V	3852076	1
V	3852311	1
V	3852540	1
V	3852774	1
V	3853004	1
V	3853237	1
V	3853463	1
V	3853691	1
V	3853927	1
V	3854163	1
V	3854394	1
V	3854630	1
V	3854860	1
V	3855088	1
V	3855319	1
V	3855547	1
V	3855775	1
V	3856008	1
V	3856240	1
V	3856476	1
V	3856688	1
V	3856923	1
V	3857144	1
V	3857378	1
V	3857614	1
V	3857851	1
V	3858066	1
V	3858301	1
V	3858538	1
V	3858774	1
V	3859011	1
V	3859246	1
V	3859464	1
V	3859700	1
V	3859940	1
V	3860183	1
V	3860424	1
V	3860666	1
V	3860905	1
V	3861141	1
V	3861382	1
V	3861616	1
V	3861856	1
V	3862093	1
V	3862329	1
V	3862565	1
V	3862799	1
V	3863033	1
V	3863266	1
V	3863498	1
V	3863716	1
V	3863951	1
V	3864193	1
V	3864426	1
V	3864663	1
V	3864905	1
V	3865143	1
V	3865380	1
V	3865621	1
V	3865857	1
V	3866093	1
V	3866326	1
V	3866559	1
V	3866776	1
V	3866993	1
V	3867228	1
V	3867462	1
V	3867698	1
V	3867932	1
V	3868168	1
V	3868395	1
V	3868629	1
V	3868864	1
V	3869098	1
V	3869341	1
V	3869580	1
V	3869808	1
V	3870042	1
V	3870274	1
V	3870503	1
V	3870738	1
V	3870954	1
V	3871188	1
V	3871417	1
V	3871649	1
V	3871879	1
V	3872113	1
V	3872345	1
V	3872574	1
V	3872786	1
V	3873021	1
V	3873250	1
V	3873476	1
V	3873705	1
V	3873935	1
V	3874163	1
V	3874393	1
V	3874620	1
V	3874846	1
V	3875076	1
V	3875307	1
V	3875534	1
V	3875763	1
V	3875997	1
V	3876230	1
V	3876466	1
V	3876699	1
V	3876936	1
V	3877173	1
V	3877409	1
V	3877627	1
V	3877858	1
V	3878099	1
V	3878342	1
V	3878583	1
V	3878820	1
V	3879061	1
V	3879299	1
V	3879538	1
V	3879770	1
V	3879994	1
V	3880230	1
V	3880462	1
V	3880694	1
V	3880936	1
V	3881170	1
V	3881412	1
V	3881648	1
V	3881889	1
V	3882126	1
V	3882366	1
V	3882606	1
V	3882841	1
V	3883082	1
V	3883320	1
V	3883558	1
V	3883793	1
V	3884029	1
V	3884264	1
V	3884498	1
V	3884736	1
V	3884971	1
V	3885205	1
V	3885442	1
V	3885672	1
V	3885915	1
V	3886157	1
V	3886392	1
V	3886622	1
V	3886834	1
V	3887051	1
V	3887286	1
V	3887516	1
V	3887752	1
V	3887982	1
V	3888212	1
V	3888442	1
V	3888668	1
V	3888903	1
V	3889130	1
V	3889366	1
V	3889596	1
V	3889828	1
V	3890055	1
V	3890285	1
V	3890518	1
V	3890750	1
V	3890983	1
V	3891214	1
V	3891444	1
V	3891680	1
V	3891915	1
V	3892152	1
V	3892389	1
V	3892623	1
V	3892857	1
V	3893097	1
V	3893338	1
V	3893579	1
V	3893821	1
V	3894054	1
V	3894291	1
V	3894526	1
V	3894764	1
V	3895000	1
V	3895239	1
V	3895475	1
V	3895710	1
V	3895946	1
V	3896187	1
V	3896422	1
V	3896655	1
V	3896894	1
V	3897127	1
V	3897363	1
V	3897604	1
V	3897844	1
V	3898069	1
V	3898309	1
V	3898543	1
V	3898770	1
V	3899002	1
V	3899236	1
V	3899469	1
V	3899703	1
V	3899938	1
V	3900172	1
V	3900407	1
V	3900643	1
V	3900885	1
V	3901122	1
V	3901350	1
V	3901579	1
V	3901807	1
V	3902032	1
V	3902262	1
V	3902494	1
V	3902727	1
V	3902962	1
V	3903195	1
V	3903428	1
V	3903656	1
V	3903887	1
V	3904121	1
V	3904330	1
V	3904559	1
V	3904786	1
V	3905018	1
V	3905246	1
V	3905476	1
V	3905698	1
V	3905928	1
V	3906158	1
V	3906387	1
V	3906613	1
V	3906840	1
V	3907076	1
V	3907313	1
V	3907539	1
V	3907774	1
V	3908003	1
V	3908233	1
V	3908461	1
V	3908696	1
V	3908926	1
V	3909152	1
V	3909388	1
V	3909624	1
V	3909860	1
V	3910096	1
V	3910333	1
V	3910570	1
V	3910805	1
V	3911040	1
V	3911276	1
V	3911518	1
V	3911758	1
V	3911998	1
V	3912238	1
V	3912476	1
V	3912714	1
V	3912955	1
V	3913189	1
V	3913424	1
V	3913656	1
V	3913890	1
V	3914125	1
V	3914359	1
V	3914595	1
V	3914831	1
V	3915063	1
V	3915304	1
V	3915536	1
V	3915770	1
V	3916002	1
V	3916242	1
V	3916479	1
V	3916715	1
V	3916948	1
V	3917182	1
V	3917414	1
V	3917653	1
V	3917885	1
V	3918117	1
V	3918347	1
V	3918576	1
V	3918810	1
V	3919040	1
V	3919266	1
V	3919495	1
V	3919724	1
V	3919954	1
V	3920184	1
V	3920413	1
V	3920623	1
V	3920858	1
V	3921087	1
V	3921324	1
V	3921558	1
V	3921788	1
V	3922020	1
V	3922256	1
V	3922490	1
V	3922719	1
V	3922945	1
V	3923174	1
V	3923404	1
V	3923640	1
V	3923870	1
V	3924105	1
V	3924339	1
V	3924569	1
V	3924800	1
V	3925037	1
V	3925277	1
V	3925510	1
V	3925750	1
V	3925991	1
V	3926230	1
V	3926469	1
V	3926709	1
V	3926950	1
V	3927184	1
V	3927426	1
V	3927662	1
V	3927895	1
V	3928134	1
V	3928373	1
V	3928608	1
V	3928842	1
V	3929080	1
V	3929319	1
V	3929547	1
V	3929781	1
V	3930016	1
V	3930251	1
V	3930478	1
V	3930713	1
V	3930949	1
V	3931182	1
V	3931417	1
V	3931652	1
V	3931888	1
V	3932131	1
V	3932370	1
V	3932611	1
V	3932851	1
V	3933087	1
V	3933316	1
V	3933528	1
V	3933755	1
V	3933988	1
V	3934221	1
V	3934456	1
V	3934691	1
V	3934921	1
V	3935150	1
V	3935380	1
V	3935613	1
V	3935843	1
V	3936075	1
V	3936303	1
V	3936532	1
V	3936762	1
V	3936992	1
V	3937223	1
V	3937453	1
V	3937683	1
V	3937914	1
V	3938150	1
V	3938378	1
V	3938605	1
V	3938835	1
V	3939064	1
V	3939291	1
V	3939520	1
V	3939747	1
V	3939980	1
V	3940213	1
V	3940439	1
V	3940666	1
V	3940903	1
V	3941138	1
V	3941372	1
V	3941609	1
V	3941849	1
V	3942085	1
V	3942320	1
V	3942554	1
V	3942773	1
V	3943015	1
V	3943257	1
V	3943498	1
V	3943739	1
V	3943981	1
V	3944222	1
V	3944459	1
V	3944694	1
V	3944930	1
V	3945173	1
V	3945415	1
V	3945654	1
V	3945891	1
V	3946132	1
V	3946368	1
V	3946585	1
V	3946819	1
V	3947055	1
V	3947286	1
V	3947528	1
V	3947770	1
V	3948004	1
V	3948237	1
V	3948480	1
V	3948721	1
V	3948960	1
V	3949193	1
V	3949422	1
V	3949652	1
V	3949886	1
V	3950114	1
V	3950349	1
V	3950576	1
V	3950806	1
V	3951036	1
V	3951271	1
V	3951505	1
V	3951734	1
V	3951961	1
V	3952190	1
V	3952416	1
V	3952651	1
V	3952886	1
V	3953114	1
V	3953349	1
V	3953578	1
V	3953808	1
V	3954037	1
V	3954274	1
V	3954506	1
V	3954740	1
V	3954974	1
V	3955212	1
V	3955448	1
V	3955684	1
V	3955919	1
V	3956155	1
V	3956388	1
V	3956627	1
V	3956866	1
V	3957106	1
V	3957327	1
V	3957562	1
V	3957802	1
V	3958035	1
V	3958271	1
V	3958506	1
V	3958747	1
V	3958980	1
V	3959214	1
V	3959449	1
V	3959680	1
V	3959921	1
V	3960158	1
V	3960394	1
V	3960636	1
V	3960878	1
V	3961120	1
V	3961356	1
V	3961596	1
V	3961835	1
V	3962072	1
V	3962314	1
V	3962557	1
V	3962792	1
V	3963034	1
V	3963271	1
V	3963501	1
V	3963737	1
V	3963972	1
V	3964206	1
V	3964441	1
V	3964677	1
V	3964909	1
V	3965146	1
V	3965383	1
V	3965613	1
V	3965845	1
V	3966081	1
V	3966324	1
V	3966557	1
V	3966788	1
V	3967018	1
V	3967245	1
V	3967479	1
V	3967716	1
V	3967950	1
V	3968162	1
V	3968397	1
V	3968633	1
V	3968860	1
V	3969090	1
V	3969325	1
V	3969561	1
V	3969790	1
V	3970015	1
V	3970246	1
V	3970478	1
V	3970711	1
V	3970938	1
V	3971176	1
V	3971413	1
V	3971649	1
V	3971889	1
V	3972125	1
V	3972360	1
V	3972597	1
V	3972834	1
V	3973070	1
V	3973294	1
V	3973534	1
V	3973771	1
V	3974011	1
V	3974252	1
V	3974488	1
V	3974724	1
V	3974960	1
V	3975202	1
V	3975443	1
V	3975679	1
V	3975921	1
V	3976158	1
V	3976396	1
V	3976636	1
V	3976874	1
V	3977109	1
V	3977343	1
V	3977577	1
V	3977812	1
V	3978043	1
V	3978279	1
V	3978514	1
V	3978749	1
V	3978982	1
V	3979218	1
V	3979461	1
V	3979697	1
V	3979928	1
V	3980159	1
V	3980390	1
V	3980620	1
V	3980832	1
V	3981059	1
V	3981286	1
V	3981518	1
V	3981752	1
V	3981987	1
V	3982217	1
V	3982443	1
V	3982662	1
V	3982901	1
V	3983137	1
V	3983366	1
V	3983603	1
V	3983832	1
V	3984062	1
V	3984291	1
V	3984529	1
V	3984764	1
V	3985003	1
V	3985237	1
V	3985474	1
V	3985709	1
V	3985952	1
V	3986188	1
V	3986423	1
V	3986657	1
V	3986890	1
V	3987124	1
V	3987366	1
V	3987606	1
V	3987848	1
V	3988090	1
V	3988329	1
V	3988568	1
V	3988808	1
V	3989046	1
V	3989288	1
V	3989528	1
V	3989770	1
V	3990008	1
V	3990245	1
V	3990481	1
V	3990716	1
V	3990954	1
V	3991186	1
V	3991426	1
V	3991659	1
V	3991899	1
V	3992133	1
V	3992367	1
V	3992600	1
V	3992841	1
V	3993078	1
V	3993320	1
V	3993562	1
V	3993803	1
V	3994040	1
V	3994283	1
V	3994524	1
V	3994765	1
V	3994992	1
V	3995226	1
V	3995461	1
V	3995695	1
V	3995926	1
V	3996158	1
V	3996387	1
V	3996621	1
V	3996852	1
V	3997085	1
V	3997325	1
V	3997555	1
V	3997786	1
V	3998016	1
V	3998246	1
V	3998477	1
V	3998712	1
V	3998944	1
V	3999174	1
V	3999405	1
V	3999638	1
V	3999871	1
V	4000100	1
V	4000329	1
V	4000558	1
V	4000785	1
V	4001013	1
V	4001248	1
V	4001483	1
V	4001719	1
V	4001955	1
V	4002187	1
V	4002422	1
V	4002658	1
V	4002894	1
V	4003136	1
V	4003372	1
V	4003608	1
V	4003841	1
V	4004078	1
V	4004314	1
V	4004548	1
V	4004788	1
V	4005030	1
V	4005253	1
V	4005490	1
V	4005729	1
V	4005971	1
V	4006208	1
V	4006443	1
V	4006684	1
V	4006921	1
V	4007154	1
V	4007387	1
V	4007620	1
V	4007856	1
V	4008091	1
V	4008324	1
V	4008562	1
V	4008798	1
V	4009040	1
V	4009277	1
V	4009512	1
V	4009748	1
V	4009966	1
V	4010199	1
V	4010432	1
V	4010666	1
V	4010899	1
V	4011131	1
V	4011367	1
V	4011603	1
V	4011836	1
V	4012069	1
V	4012298	1
V	4012526	1
V	4012761	1
V	4012996	1
V	4013226	1
V	4013455	1
V	4013685	1
V	4013916	1
V	4014151	1
V	4014369	1
V	4014598	1
V	4014831	1
V	4015060	1
V	4015293	1
V	4015521	1
V	4015756	1
V	4015998	1
V	4016235	1
V	4016476	1
V	4016713	1
V	4016954	1
V	4017192	1
V	4017427	1
V	4017662	1
V	4017898	1
V	4018134	1
V	4018373	1
V	4018612	1
V	4018848	1
V	4019083	1
V	4019301	1
V	4019528	1
V	4019739	1
V	4019972	1
V	4020206	1
V	4020438	1
V	4020671	1
V	4020893	1
V	4021136	1
V	4021371	1
V	4021614	1
V	4021849	1
V	4022082	1
V	4022312	1
V	4022541	1
V	4022775	1
V	4023004	1
V	4023230	1
V	4023464	1
V	4023696	1
V	4023923	1
V	4024155	1
V	4024384	1
V	4024620	1
V	4024847	1
V	4025076	1
V	4025285	1
V	4025516	1
V	4025747	1
V	4025978	1
V	4026214	1
V	4026444	1
V	4026672	1
V	4026907	1
V	4027136	1
V	4027363	1
V	4027595	1
V	4027826	1
V	4028057	1
V	4028287	1
V	4028518	1
V	4028751	1
V	4028970	1
V	4029207	1
V	4029440	1
V	4029681	1
V	4029922	1
V	4030164	1
V	4030405	1
V	4030642	1
V	4030883	1
V	4031124	1
V	4031366	1
V	4031600	1
V	4031833	1
V	4032065	1
V	4032301	1
V	4032534	1
V	4032773	1
V	4033008	1
V	4033241	1
V	4033480	1
V	4033715	1
V	4033958	1
V	4034200	1
V	4034439	1
V	4034680	1
V	4034921	1
V	4035163	1
V	4035406	1
V	4035642	1
V	4035877	1
V	4036113	1
V	4036346	1
V	4036572	1
V	4036807	1
V	4037023	1
V	4037257	1
V	4037491	1
V	4037726	1
V	4037960	1
V	4038194	1
V	4038426	1
V	4038660	1
V	4038894	1
V	4039125	1
V	4039361	1
V	4039598	1
V	4039836	1
V	4040077	1
V	4040304	1
V	4040535	1
V	4040765	1
V	4040996	1
V	4041207	1
V	4041437	1
V	4041666	1
V	4041901	1
V	4042118	1
V	4042347	1
V	4042577	1
V	4042806	1
V	4043038	1
V	4043259	1
V	4043488	1
V	4043718	1
V	4043947	1
V	4044176	1
V	4044388	1
V	4044613	1
V	4044848	1
V	4045082	1
V	4045315	1
V	4045527	1
V	4045762	1
V	4045997	1
V	4046226	1
V	4046460	1
V	4046696	1
V	4046933	1
V	4047171	1
V	4047411	1
V	4047653	1
V	4047895	1
V	4048135	1
V	4048375	1
V	4048610	1
V	4048843	1
V	4049077	1
V	4049314	1
V	4049544	1
V	4049775	1
V	4050015	1
V	4050251	1
V	4050488	1
V	4050726	1
V	4050962	1
V	4051197	1
V	4051426	1
V	4051661	1
V	4051899	1
V	4052139	1
V	4052368	1
V	4052598	1
V	4052827	1
V	4053056	1
V	4053285	1
V	4053513	1
V	4053737	1
V	4053967	1
V	4054202	1
V	4054428	1
V	4054640	1
V	4054875	1
V	4055102	1
V	4055327	1
V	4055562	1
V	4055795	1
V	4056023	1
V	4056252	1
V	4056478	1
V	4056707	1
V	4056940	1
V	4057170	1
V	4057405	1
V	4057636	1
V	4057865	1
V	4058098	1
V	4058331	1
V	4058565	1
V	4058797	1
V	4059033	1
V	4059270	1
V	4059506	1
V	4059741	1
V	4059962	1
V	4060201	1
V	4060436	1
V	4060671	1
V	4060909	1
V	4061149	1
V	4061390	1
V	4061629	1
V	4061849	1
V	4062086	1
V	4062327	1
V	4062560	1
V	4062795	1
V	4063027	1
V	4063261	1
V	4063497	1
V	4063731	1
V	4063966	1
V	4064202	1
V	4064437	1
V	4064668	1
V	4064908	1
V	4065147	1
V	4065384	1
V	4065626	1
V	4065864	1
V	4066084	1
V	4066325	1
V	4066562	1
V	4066805	1
V	4067041	1
V	4067274	1
V	4067508	1
V	4067741	1
V	4067974	1
V	4068206	1
V	4068450	1
V	4068686	1
V	4068925	1
V	4069159	1
V	4069398	1
V	4069628	1
V	4069866	1
V	4070102	1
V	4070331	1
V	4070559	1
V	4070771	1
V	4071007	1
V	4071237	1
V	4071466	1
V	4071696	1
V	4071925	1
V	4072155	1
V	4072382	1
V	4072611	1
V	4072838	1
V	4073067	1
V	4073297	1
V	4073526	1
V	4073757	1
V	4073993	1
V	4074225	1
V	4074451	1
V	4074687	1
V	4074918	1
V	4075148	1
V	4075378	1
V	4075608	1
V	4075836	1
V	4076064	1
V	4076298	1
V	4076524	1
V	4076751	1
V	4076993	1
V	4077229	1
V	4077463	1
V	4077699	1
V	4077936	1
V	4078178	1
V	4078417	1
V	4078654	1
V	4078896	1
V	4079131	1
V	4079366	1
V	4079601	1
V	4079838	1
V	4080072	1
V	4080305	1
V	4080539	1
V	4080775	1
V	4081011	1
V	4081246	1
V	4081485	1
V	4081722	1
V	4081958	1
V	4082194	1
V	4082433	1
V	4082672	1
V	4082912	1
V	4083154	1
V	4083390	1
V	4083625	1
V	4083862	1
V	4084096	1
V	4084329	1
V	4084563	1
V	4084798	1
V	4085034	1
V	4085264	1
V	4085496	1
V	4085729	1
V	4085963	1
V	4086203	1
V	4086437	1
V	4086671	1
V	4086901	1
V	4087136	1
V	4087366	1
V	4087595	1
V	4087826	1
V	4088055	1
V	4088285	1
V	4088515	1
V	4088750	1
V	4088979	1
V	4089208	1
V	4089436	1
V	4089670	1
V	4089903	1
V	4090129	1
V	4090359	1
V	4090592	1
V	4090829	1
V	4091065	1
V	4091294	1
V	4091524	1
V	4091759	1
V	4091996	1
V	4092239	1
V	4092475	1
V	4092711	1
V	4092943	1
V	4093176	1
V	4093418	1
V	4093660	1
V	4093899	1
V	4094139	1
V	4094380	1
V	4094604	1
V	4094828	1
V	4095070	1
V	4095302	1
V	4095540	1
V	4095774	1
V	4096010	1
V	4096243	1
V	4096479	1
V	4096717	1
V	4096950	1
V	4097186	1
V	4097421	1
V	4097654	1
V	4097891	1
V	4098124	1
V	4098364	1
V	4098599	1
V	4098832	1
V	4099044	1
V	4099275	1
V	4099508	1
V	4099745	1
V	4099979	1
V	4100215	1
V	4100445	1
V	4100672	1
V	4100903	1
V	4101137	1
V	4101371	1
V	4101601	1
V	4101836	1
V	4102065	1
V	4102301	1
V	4102537	1
V	4102772	1
V	4103001	1
V	4103232	1
V	4103461	1
V	4103691	1
V	4103925	1
V	4104158	1
V	4104393	1
V	4104630	1
V	4104865	1
V	4105102	1
V	4105343	1
V	4105583	1
V	4105802	1
V	4106041	1
V	4106283	1
V	4106525	1
V	4106764	1
V	4107002	1
V	4107244	1
V	4107478	1
V	4107714	1
V	4107949	1
V	4108185	1
V	4108422	1
V	4108652	1
V	4108885	1
V	4109118	1
V	4109352	1
V	4109584	1
V	4109819	1
V	4110060	1
V	4110295	1
V	4110535	1
V	4110768	1
V	4111010	1
V	4111253	1
V	4111497	1
V	4111733	1
V	4111968	1
V	4112202	1
V	4112436	1
V	4112671	1
V	4112905	1
V	4113140	1
V	4113375	1
V	4113611	1
V	4113845	1
V	4114077	1
V	4114313	1
V	4114550	1
V	4114769	1
V	4114996	1
V	4115224	1
V	4115456	1
V	4115685	1
V	4115915	1
V	4116149	1
V	4116380	1
V	4116608	1
V	4116842	1
V	4117079	1
V	4117310	1
V	4117536	1
V	4117766	1
V	4117993	1
V	4118222	1
V	4118453	1
V	4118681	1
V	4118913	1
V	4119148	1
V	4119378	1
V	4119604	1
V	4119837	1
V	4120067	1
V	4120297	1
V	4120527	1
V	4120757	1
V	4120985	1
V	4121219	1
V	4121448	1
V	4121683	1
V	4121918	1
V	4122133	1
V	4122364	1
V	4122600	1
V	4122837	1
V	4123074	1
V	4123308	1
V	4123541	1
V	4123774	1
V	4124008	1
V	4124240	1
V	4124481	1
V	4124717	1
V	4124952	1
V	4125194	1
V	4125429	1
V	4125664	1
V	4125899	1
V	4126133	1
V	4126371	1
V	4126604	1
V	4126838	1
V	4127074	1
V	4127309	1
V	4127548	1
V	4127786	1
V	4128023	1
V	4128260	1
V	4128501	1
V	4128740	1
V	4128978	1
V	4129214	1
V	4129457	1
V	4129694	1
V	4129930	1
V	4130164	1
V	4130406	1
V	4130623	1
V	4130857	1
V	4131093	1
V	4131312	1
V	4131551	1
V	4131794	1
V	4132027	1
V	4132254	1
V	4132482	1
V	4132711	1
V	4132938	1
V	4133172	1
V	4133404	1
V	4133633	1
V	4133867	1
V	4134103	1
V	4134338	1
V	4134567	1
V	4134797	1
V	4135029	1
V	4135259	1
V	4135493	1
V	4135730	1
V	4135957	1
V	4136185	1
V	4136421	1
V	4136657	1
V	4136892	1
V	4137122	1
V	4137353	1
V	4137579	1
V	4137808	1
V	4138038	1
V	4138265	1
V	4138504	1
V	4138740	1
V	4138959	1
V	4139193	1
V	4139434	1
V	4139674	1
V	4139916	1
V	4140156	1
V	4140397	1
V	4140639	1
V	4140875	1
V	4141111	1
V	4141353	1
V	4141589	1
V	4141826	1
V	4142065	1
V	4142283	1
V	4142524	1
V	4142759	1
V	4142991	1
V	4143228	1
V	4143461	1
V	4143696	1
V	4143939	1
V	4144175	1
V	4144407	1
V	4144642	1
V	4144877	1
V	4145111	1
V	4145347	1
V	4145581	1
V	4145818	1
V	4146049	1
V	4146265	1
V	4146498	1
V	4146730	1
V	4146965	1
V	4147200	1
V	4147438	1
V	4147674	1
V	4147906	1
V	4148149	1
V	4148383	1
V	4148614	1
V	4148831	1
V	4149047	1
V	4149282	1
V	4149516	1
V	4149750	1
V	4149985	1
V	4150215	1
V	4150444	1
V	4150676	1
V	4150913	1
V	4151143	1
V	4151374	1
V	4151602	1
V	4151836	1
V	4152066	1
V	4152291	1
V	4152525	1
V	4152754	1
V	4152982	1
V	4153212	1
V	4153441	1
V	4153675	1
V	4153912	1
V	4154140	1
V	4154371	1
V	4154604	1
V	4154838	1
V	4155066	1
V	4155298	1
V	4155529	1
V	4155760	1
V	4155991	1
V	4156219	1
V	4156455	1
V	4156698	1
V	4156932	1
V	4157150	1
V	4157386	1
V	4157621	1
V	4157857	1
V	4158091	1
V	4158332	1
V	4158572	1
V	4158814	1
V	4159054	1
V	4159292	1
V	4159530	1
V	4159768	1
V	4160010	1
V	4160248	1
V	4160481	1
V	4160720	1
V	4160959	1
V	4161199	1
V	4161433	1
V	4161674	5
V	4161924	5
V	4162173	5
V	4162427	5
V	4162679	5
V	4162934	5
V	4163184	5
V	4163444	5
V	4163699	5
V	4163950	5
V	4164205	5
V	4164446	5
V	4164703	5
V	4164948	5
V	4165204	5
V	4165445	5
V	4165700	5
V	4165954	5
V	4166214	5
V	4166460	5
V	4166703	5
V	4166957	5
V	4167210	5
V	4167460	5
V	4167717	5
V	4167973	5
V	4168221	5
V	4168475	5
V	4168730	5
V	4168978	5
V	4169226	5
V	4169469	5
V	4169722	5
V	4169967	5
V	4170209	5
V	4170458	5
V	4170713	5
V	4170966	5
V	4171221	5
V	4171477	5
V	4171728	5
V	4171977	5
V	4172232	5
V	4172487	5
V	4172742	5
V	4172995	5
V	4173245	5
V	4173498	5
V	4173744	5
V	4173993	5
V	4174249	5
V	4174497	5
V	4174749	5
V	4175005	5
V	4175253	5
V	4175509	5
V	4175763	5
V	4176024	5
V	4176276	5
V	4176520	5
V	4176778	5
V	4177016	5
V	4177266	5
V	4177524	5
V	4177775	5
V	4178027	5
V	4178283	5
V	4178533	5
V	4178786	5
V	4179037	5
V	4179288	5
V	4179542	5
V	4179796	5
V	4180045	5
V	4180293	5
V	4180538	5
V	4180797	5
V	4181053	5
V	4181305	5
V	4181552	5
V	4181801	5
V	4182048	5
V	4182301	5
V	4182552	5
V	4182794	5
V	4183043	5
V	4183299	5
V	4183543	5
V	4183788	5
V	4184027	5
V	4184278	5
V	4184536	5
V	4184788	5
V	4185038	5
V	4185289	5
V	4185540	5
V	4185788	1
V	4186018	1
V	4186253	1
V	4186488	1
V	4186719	1
V	4186951	1
V	4187185	1
V	4187418	1
V	4187654	1
V	4187887	1
V	4188130	1
V	4188372	1
V	4188600	1
V	4188829	1
V	4189057	1
V	4189287	1
V	4189518	1
V	4189748	1
V	4189983	1
V	4190219	1
V	4190454	1
V	4190683	1
V	4190913	1
V	4191142	1
V	4191370	1
V	4191597	1
V	4191827	1
V	4192052	1
V	4192282	1
V	4192520	1
V	4192755	1
V	4192984	1
V	4193213	1
V	4193451	1
V	4193688	1
V	4193931	1
V	4194174	1
V	4194415	1
V	4194657	1
V	4194899	1
V	4195140	1
V	4195381	1
V	4195614	1
V	4195848	1
V	4196087	1
V	4196324	1
V	4196547	1
V	4196783	1
V	4197017	1
V	4197252	1
V	4197486	1
V	4197720	1
V	4197955	1
V	4198186	1
V	4198423	1
V	4198660	1
V	4198896	1
V	4199138	1
V	4199373	1
V	4199610	1
V	4199838	1
V	4200067	1
V	4200295	1
V	4200511	1
V	4200739	1
V	4200974	1
V	4201202	1
V	4201431	1
V	4201660	1
V	4201892	1
V	4202104	1
V	4202334	1
V	4202562	1
V	4202799	1
V	4203029	1
V	4203246	1
V	4203476	1
V	4203707	1
V	4203940	1
V	4204169	1
V	4204398	1
V	4204634	1
V	4204864	1
V	4205095	1
V	4205316	1
V	4205554	1
V	4205787	1
V	4206022	1
V	4206256	1
V	4206489	1
V	4206725	1
V	4206958	1
V	4207194	1
V	4207434	1
V	4207674	1
V	4207908	1
V	4208145	1
V	4208381	1
V	4208616	1
V	4208857	1
V	4209096	1
V	4209333	1
V	4209575	1
V	4209795	1
V	4210021	1
V	4210255	1
V	4210487	1
V	4210720	1
V	4210934	1
V	4211165	1
V	4211397	1
V	4211634	1
V	4211867	1
V	4212110	1
V	4212328	1
V	4212569	1
V	4212799	1
V	4213015	1
V	4213244	1
V	4213473	1
V	4213708	1
V	4213933	1
V	4214163	1
V	4214380	1
V	4214609	1
V	4214843	1
V	4215080	1
V	4215309	1
V	4215543	1
V	4215774	1
V	4216005	1
V	4216234	1
V	4216464	1
V	4216699	1
V	4216928	1
V	4217154	1
V	4217390	1
V	4217620	1
V	4217833	1
V	4218047	1
V	4218265	1
V	4218501	1
V	4218736	1
V	4218971	1
V	4219207	1
V	4219444	1
V	4219682	1
V	4219922	1
V	4220157	1
V	4220397	1
V	4220638	1
V	4220861	1
V	4221102	1
V	4221345	1
V	4221586	1
V	4221820	1
V	4222054	1
V	4222293	1
V	4222531	1
V	4222768	1
V	4223010	1
V	4223252	1
V	4223485	1
V	4223720	1
V	4223955	1
V	4224190	1
V	4224425	1
V	4224661	1
V	4224877	1
V	4225116	1
V	4225353	1
V	4225578	1
V	4225812	1
V	4226049	1
V	4226284	1
V	4226518	1
V	4226752	1
V	4226986	1
V	4227220	1
V	4227455	1
V	4227683	1
V	4227917	1
V	4228144	1
V	4228363	1
V	4228597	1
V	4228832	1
V	4229068	1
V	4229303	1
V	4229530	1
V	4229758	1
V	4229989	1
V	4230218	1
V	4230448	1
V	4230685	1
V	4230920	1
V	4231142	1
V	4231370	1
V	4231603	1
V	4231838	1
V	4232070	1
V	4232303	1
V	4232537	1
V	4232780	1
V	4233020	1
V	4233262	1
V	4233503	1
V	4233735	1
V	4233978	1
V	4234211	1
V	4234452	1
V	4234687	1
V	4234922	1
V	4235156	1
V	4235395	1
V	4235629	1
V	4235863	1
V	4236098	1
V	4236334	1
V	4236569	1
V	4236804	1
V	4237043	1
V	4237285	1
V	4237521	1
V	4237756	1
V	4237998	1
V	4238227	1
V	4238456	1
V	4238687	1
V	4238922	1
V	4239151	1
V	4239384	1
V	4239619	1
V	4239849	1
V	4240078	1
V	4240313	1
V	4240542	1
V	4240777	1
V	4241007	1
V	4241239	1
V	4241470	1
V	4241706	1
V	4241942	1
V	4242178	1
V	4242407	1
V	4242638	1
V	4242867	1
V	4243097	1
V	4243332	1
V	4243565	1
V	4243792	1
V	4244022	1
V	4244259	1
V	4244494	1
V	4244718	1
V	4244960	1
V	4245202	1
V	4245443	1
V	4245685	1
V	4245924	1
V	4246161	1
V	4246395	1
V	4246633	1
V	4246873	1
V	4247106	1
V	4247338	1
V	4247572	1
V	4247805	1
V	4248040	1
V	4248259	1
V	4248501	1
V	4248739	1
V	4248974	1
V	4249207	1
V	4249441	1
V	4249675	1
V	4249900	1
V	4250134	1
V	4250369	1
V	4250599	1
V	4250835	1
V	4251070	1
V	4251312	1
V	4251537	1
V	4251765	1
V	4252000	1
V	4252231	1
V	4252460	1
V	4252695	1
V	4252924	1
V	4253150	1
V	4253386	1
V	4253619	1
V	4253854	1
V	4254066	1
V	4254298	1
V	4254527	1
V	4254754	1
V	4254981	1
V	4255216	1
V	4255445	1
V	4255679	1
V	4255891	1
V	4256124	1
V	4256353	1
V	4256588	1
V	4256823	1
V	4257059	1
V	4257293	1
V	4257522	1
V	4257753	1
V	4257988	1
V	4258218	1
V	4258460	1
V	4258695	1
V	4258935	1
V	4259154	1
V	4259394	1
V	4259634	1
V	4259871	1
V	4260113	1
V	4260355	1
V	4260589	1
V	4260826	1
V	4261058	1
V	4261299	1
V	4261534	1
V	4261766	1
V	4261987	1
V	4262225	1
V	4262464	1
V	4262700	1
V	4262932	1
V	4263167	1
V	4263402	1
V	4263639	1
V	4263873	1
V	4264113	1
V	4264342	1
V	4264569	1
V	4264804	1
V	4265035	1
V	4265267	1
V	4265499	1
V	4265734	1
V	4265971	1
V	4266204	1
V	4266440	1
V	4266674	1
V	4266903	1
V	4267136	1
V	4267368	1
V	4267601	1
V	4267831	1
V	4268060	1
V	4268285	1
V	4268516	1
V	4268744	1
V	4268979	1
V	4269206	1
V	4269434	1
V	4269670	1
V	4269902	1
V	4270128	1
V	4270357	1
V	4270594	1
V	4270831	1
V	4271067	1
V	4271302	1
V	4271543	1
V	4271779	1
V	4272022	1
V	4272263	1
V	4272496	1
V	4272731	1
V	4272967	1
V	4273186	1
V	4273423	1
V	4273656	1
V	4273895	1
V	4274129	1
V	4274365	1
V	4274600	1
V	4274832	1
V	4275074	1
V	4275307	1
V	4275547	1
V	4275788	1
V	4276029	1
V	4276272	1
V	4276506	1
V	4276741	1
V	4276976	1
V	4277206	1
V	4277441	1
V	4277674	1
V	4277909	1
V	4278143	1
V	4278377	1
V	4278596	1
V	4278834	1
V	4279071	1
V	4279307	1
V	4279531	1
V	4279766	1
V	4280008	1
V	4280241	1
V	4280476	1
V	4280711	1
V	4280942	1
V	4281172	1
V	4281402	1
V	4281630	1
V	4281858	1
V	4282088	1
V	4282318	1
V	4282547	1
V	4282776	1
V	4283005	1
V	4283235	1
V	4283470	1
V	4283704	1
V	4283933	1
V	4284163	1
V	4284393	1
V	4284628	1
V	4284840	1
V	4285068	1
V	4285303	1
V	4285520	1
V	4285752	1
V	4285974	1
V	4286203	1
V	4286430	1
V	4286657	1
V	4286886	1
V	4287116	1
V	4287345	1
V	4287580	1
V	4287810	1
V	4288042	1
V	4288271	1
V	4288501	1
V	4288734	1
V	4288969	1
V	4289204	1
V	4289423	1
V	4289663	1
V	4289897	1
V	4290131	1
V	4290365	1
V	4290600	1
V	4290840	1
V	4291073	1
V	4291288	1
V	4291522	1
V	4291763	1
V	4292000	1
V	4292239	1
V	4292473	1
V	4292692	1
V	4292925	1
V	4293158	1
V	4293400	1
V	4293639	1
V	4293872	1
V	4294103	1
V	4294337	1
V	4294569	1
V	4294811	1
V	4295042	1
V	4295253	1
V	4295487	1
V	4295722	1
V	4295950	1
V	4296180	1
V	4296397	1
V	4296627	1
V	4296860	1
V	4297090	1
V	4297322	1
V	4297554	1
V	4297781	1
V	4298010	1
V	4298240	1
V	4298468	1
V	4298699	1
V	4298930	1
V	4299160	1
V	4299391	1
V	4299603	1
V	4299838	1
V	4300068	1
V	4300298	1
V	4300529	1
V	4300765	1
V	4301000	1
V	4301230	1
V	4301464	1
V	4301700	1
V	4301936	1
V	4302172	1
V	4302409	1
V	4302650	1
V	4302886	1
V	4303127	1
V	4303367	1
V	4303609	1
V	4303845	1
V	4304080	1
V	4304314	1
V	4304551	1
V	4304783	1
V	4305018	1
V	4305260	1
V	4305497	1
V	4305731	1
V	4305965	1
V	4306201	1
V	4306438	1
V	4306654	1
V	4306886	1
V	4307109	1
V	4307341	1
V	4307575	1
V	4307810	1
V	4308049	1
V	4308285	1
V	4308521	1
V	4308758	1
V	4308992	1
V	4309221	1
V	4309451	1
V	4309686	1
V	4309920	1
V	4310150	1
V	4310383	1
V	4310615	1
V	4310851	1
V	4311083	1
V	4311311	1
V	4311538	1
V	4311768	1
V	4312001	1
V	4312234	1
V	4312468	1
V	4312696	1
V	4312926	1
V	4313160	1
V	4313396	1
V	4313608	1
V	4313844	1
V	4314077	1
V	4314307	1
V	4314525	1
V	4314761	1
V	4314987	1
V	4315213	1
V	4315443	1
V	4315673	1
V	4315903	1
V	4316129	1
V	4316364	1
V	4316592	1
V	4316830	1
V	4317065	1
V	4317294	1
V	4317527	1
V	4317760	1
V	4317994	1
V	4318231	1
V	4318449	1
V	4318683	1
V	4318917	1
V	4319156	1
V	4319398	1
V	4319635	1
V	4319872	1
V	4320114	1
V	4320352	1
V	4320589	1
V	4320825	1
V	4321058	1
V	4321292	1
V	4321533	1
V	4321768	1
V	4322004	1
V	4322246	1
V	4322487	1
V	4322722	1
V	4322956	1
V	4323190	1
V	4323427	1
V	4323669	1
V	4323911	1
V	4324147	1
V	4324375	1
V	4324605	1
V	4324814	1
V	4325049	1
V	4325280	1
V	4325512	1
V	4325737	1
V	4325966	1
V	4326193	1
V	4326424	1
V	4326658	1
V	4326887	1
V	4327115	1
V	4327345	1
V	4327572	1
V	4327801	1
V	4328038	1
V	4328267	1
V	4328499	1
V	4328728	1
V	4328963	1
V	4329192	1
V	4329426	1
V	4329656	1
V	4329886	1
V	4330119	1
V	4330353	1
V	4330582	1
V	4330818	1
V	4331050	1
V	4331284	1
V	4331513	1
V	4331748	1
V	4331978	1
V	4332214	1
V	4332449	1
V	4332676	1
V	4332904	1
V	4333136	1
V	4333378	1
V	4333613	1
V	4333844	1
V	4334088	1
V	4334329	1
V	4334570	1
V	4334813	1
V	4335050	1
V	4335288	1
V	4335528	1
V	4335769	1
V	4336009	1
V	4336246	1
V	4336482	1
V	4336716	1
V	4336951	1
V	4337190	1
V	4337427	1
V	4337670	1
V	4337909	1
V	4338146	1
V	4338380	1
V	4338612	1
V	4338845	1
V	4339078	1
V	4339310	1
V	4339544	1
V	4339771	1
V	4339998	1
V	4340227	1
V	4340462	1
V	4340691	1
V	4340929	1
V	4341159	1
V	4341387	1
V	4341614	1
V	4341843	1
V	4342074	1
V	4342309	1
V	4342546	1
V	4342758	1
V	4342995	1
V	4343223	1
V	4343458	1
V	4343691	1
V	4343921	1
V	4344153	1
V	4344395	1
V	4344631	1
V	4344868	1
V	4345105	1
V	4345346	1
V	4345589	1
V	4345824	1
V	4346065	1
V	4346307	1
V	4346546	1
V	4346787	1
V	4347028	1
V	4347264	1
V	4347501	1
V	4347738	1
V	4347971	1
V	4348208	1
V	4348448	1
V	4348688	1
V	4348930	1
V	4349171	1
V	4349413	1
V	4349652	1
V	4349879	1
V	4350114	1
V	4350346	1
V	4350581	1
V	4350798	1
V	4351035	1
V	4351270	1
V	4351513	1
V	4351752	1
V	4351992	1
V	4352227	1
V	4352458	1
V	4352693	1
V	4352922	1
V	4353151	1
V	4353381	1
V	4353610	1
V	4353840	1
V	4354072	1
V	4354306	1
V	4354537	1
V	4354766	1
V	4355001	1
V	4355228	1
V	4355463	1
V	4355692	1
V	4355913	1
V	4356142	1
V	4356371	1
V	4356608	1
V	4356842	1
V	4357078	1
V	4357319	1
V	4357555	1
V	4357791	1
V	4358031	1
V	4358273	1
V	4358514	1
V	4358757	1
V	4358996	1
V	4359231	1
V	4359473	1
V	4359710	1
V	4359945	1
V	4360180	1
V	4360412	1
V	4360653	1
V	4360892	1
V	4361132	1
V	4361371	1
V	4361604	1
V	4361837	1
V	4362071	1
V	4362305	1
V	4362539	1
V	4362772	1
V	4363006	1
V	4363237	1
V	4363470	1
V	4363687	1
V	4363929	1
V	4364166	1
V	4364384	1
V	4364621	1
V	4364856	1
V	4365086	1
V	4365316	1
V	4365543	1
V	4365779	1
V	4366013	1
V	4366241	1
V	4366471	1
V	4366707	1
V	4366941	1
V	4367174	1
V	4367407	1
V	4367637	1
V	4367863	1
V	4368091	1
V	4368326	1
V	4368564	1
V	4368804	1
V	4369034	1
V	4369262	1
V	4369491	1
V	4369719	1
V	4369949	1
V	4370179	1
V	4370417	1
V	4370646	1
V	4370874	1
V	4371109	1
V	4371339	1
V	4371567	1
V	4371800	1
V	4372015	1
V	4372249	1
V	4372484	1
V	4372702	1
V	4372938	1
V	4373172	1
V	4373408	1
V	4373643	1
V	4373877	1
V	4374117	1
V	4374358	1
V	4374599	1
V	4374840	1
V	4375072	1
V	4375306	1
V	4375539	1
V	4375774	1
V	4376016	1
V	4376258	1
V	4376496	1
V	4376734	1
V	4376965	1
V	4377197	1
V	4377432	1
V	4377667	1
V	4377904	1
V	4378137	1
V	4378370	1
V	4378599	1
V	4378841	1
V	4379083	1
V	4379314	1
V	4379541	1
V	4379770	1
V	4380000	1
V	4380230	1
V	4380458	1
V	4380689	1
V	4380925	1
V	4381160	1
V	4381390	1
V	4381616	1
V	4381848	1
V	4382082	1
V	4382309	1
V	4382543	1
V	4382769	1
V	4383004	1
V	4383237	1
V	4383469	1
V	4383699	1
V	4383928	1
V	4384157	1
V	4384385	1
V	4384615	1
V	4384845	1
V	4385080	1
V	4385307	1
V	4385541	1
V	4385767	1
V	4385997	1
V	4386230	1
V	4386464	1
V	4386702	1
V	4386936	1
V	4387169	1
V	4387405	1
V	4387647	1
V	4387890	1
V	4388127	1
V	4388370	1
V	4388612	1
V	4388852	1
V	4389094	1
V	4389334	1
V	4389575	1
V	4389817	1
V	4390057	1
V	4390299	1
V	4390534	1
V	4390768	1
V	4391010	1
V	4391243	1
V	4391476	1
V	4391711	1
V	4391950	1
V	4392184	1
V	4392420	1
V	4392659	1
V	4392900	1
V	4393138	1
V	4393367	1
V	4393600	1
V	4393835	1
V	4394069	1
V	4394303	1
V	4394534	1
V	4394766	1
V	4394999	1
V	4395231	1
V	4395465	1
V	4395700	1
V	4395932	1
V	4396164	1
V	4396395	1
V	4396633	1
V	4396866	1
V	4397108	1
V	4397347	1
V	4397584	1
V	4397818	1
V	4398054	1
V	4398280	1
V	4398514	1
V	4398745	1
V	4398972	1
V	4399201	1
V	4399430	1
V	4399660	1
V	4399891	1
V	4400121	1
V	4400353	1
V	4400583	1
V	4400818	1
V	4401047	1
V	4401277	1
V	4401512	1
V	4401747	1
V	4401976	1
V	4402202	1
V	4402432	1
V	4402667	1
V	4402899	1
V	4403135	1
V	4403364	1
V	4403600	1
V	4403818	1
V	4404054	1
V	4404287	1
V	4404510	1
V	4404748	1
V	4404982	1
V	4405218	1
V	4405450	1
V	4405683	1
V	4405917	1
V	4406150	1
V	4406384	1
V	4406627	1
V	4406863	1
V	4407106	1
V	4407348	1
V	4407588	1
V	4407830	1
V	4408071	1
V	4408312	1
V	4408548	1
V	4408782	1
V	4409018	1
V	4409259	1
V	4409502	1
V	4409737	1
V	4409967	1
V	4410206	1
V	4410444	1
V	4410683	1
V	4410894	1
V	4411128	1
V	4411363	1
V	4411600	1
V	4411834	1
V	4412068	1
V	4412299	1
V	4412534	1
V	4412766	1
V	4413002	1
V	4413238	1
V	4413476	1
V	4413714	1
V	4413941	1
V	4414176	1
V	4414407	1
V	4414635	1
V	4414858	1
V	4415096	1
V	4415327	1
V	4415562	1
V	4415794	1
V	4416028	1
V	4416262	1
V	4416491	1
V	4416723	1
V	4416953	1
V	4417165	1
V	4417390	1
V	4417620	1
V	4417854	1
V	4418090	1
V	4418325	1
V	4418556	1
V	4418791	1
V	4419022	1
V	4419250	1
V	4419489	1
V	4419725	1
V	4419966	1
V	4420207	1
V	4420446	1
V	4420686	1
V	4420924	1
V	4421166	1
V	4421401	1
V	4421637	1
V	4421874	1
V	4422108	1
V	4422347	1
V	4422588	1
V	4422827	1
V	4423061	1
V	4423278	1
V	4423511	1
V	4423747	1
V	4423980	1
V	4424214	1
V	4424453	1
V	4424687	1
V	4424925	1
V	4425168	1
V	4425404	1
V	4425634	1
V	4425864	1
V	4426097	1
V	4426326	1
V	4426554	1
V	4426783	1
V	4427015	1
V	4427252	1
V	4427482	1
V	4427711	1
V	4427940	1
V	4428169	1
V	4428402	1
V	4428634	1
V	4428870	1
V	4429099	1
V	4429331	1
V	4429552	1
V	4429783	1
V	4430011	1
V	4430240	1
V	4430476	1
V	4430710	1
V	4430944	1
V	4431174	1
V	4431400	1
V	4431631	1
V	4431861	1
V	4432095	1
V	4432322	1
V	4432552	1
V	4432781	1
V	4433012	1
V	4433248	1
V	4433481	1
V	4433717	1
V	4433960	1
V	4434199	1
V	4434440	1
V	4434675	1
V	4434912	1
V	4435145	1
V	4435380	1
V	4435620	1
V	4435853	1
V	4436097	1
V	4436336	1
V	4436577	1
V	4436814	1
V	4437053	1
V	4437291	1
V	4437525	1
V	4437760	1
V	4437976	1
V	4438210	1
V	4438443	1
V	4438682	1
V	4438925	1
V	4439156	1
V	4439385	1
V	4439611	1
V	4439846	1
V	4440076	1
V	4440306	1
V	4440541	1
V	4440772	1
V	4441001	1
V	4441228	1
V	4441460	1
V	4441694	1
V	4441927	1
V	4442161	1
V	4442391	1
V	4442622	1
V	4442848	1
V	4443078	1
V	4443307	1
V	4443536	1
V	4443763	1
V	4443994	1
V	4444223	1
V	4444458	1
V	4444692	1
V	4444929	1
V	4445164	1
V	4445400	1
V	4445640	1
V	4445883	1
V	4446125	1
V	4446362	1
V	4446603	1
V	4446839	1
V	4447079	1
V	4447311	1
V	4447543	1
V	4447774	1
V	4448010	1
V	4448230	1
V	4448467	1
V	4448704	1
V	4448938	1
V	4449173	1
V	4449412	1
V	4449646	1
V	4449881	1
V	4450115	1
V	4450332	1
V	4450564	1
V	4450799	1
V	4451031	1
V	4451266	1
V	4451500	1
V	4451743	1
V	4451962	1
V	4452186	1
V	4452422	1
V	4452655	1
V	4452887	1
V	4453116	1
V	4453346	1
V	4453576	1
V	4453805	1
V	4454034	1
V	4454261	1
V	4454490	1
V	4454725	1
V	4454954	1
V	4455181	1
V	4455412	1
V	4455642	1
V	4455870	1
V	4456098	1
V	4456327	1
V	4456557	1
V	4456791	1
V	4457020	1
V	4457249	1
V	4457484	1
V	4457716	1
V	4457951	1
V	4458182	1
V	4458419	1
V	4458648	1
V	4458877	1
V	4459096	1
V	4459331	1
V	4459564	1
V	4459800	1
V	4460040	1
V	4460277	1
V	4460514	1
V	4460751	1
V	4460986	1
V	4461227	1
V	4461469	1
V	4461711	1
V	4461947	1
V	4462170	1
V	4462409	1
V	4462650	1
V	4462891	1
V	4463131	1
V	4463370	1
V	4463612	1
V	4463846	1
V	4464082	1
V	4464314	1
V	4464546	1
V	4464780	1
V	4465013	1
V	4465253	1
V	4465492	1
V	4465735	1
V	4465968	1
V	4466189	1
V	4466424	1
V	4466661	1
V	4466895	1
V	4467127	1
V	4467362	1
V	4467597	1
V	4467831	1
V	4468063	1
V	4468297	1
V	4468534	1
V	4468771	1
V	4469008	1
V	4469237	1
V	4469472	1
V	4469703	1
V	4469938	1
V	4470172	1
V	4470403	1
V	4470638	1
V	4470869	1
V	4471105	1
V	4471333	1
V	4471568	1
V	4471802	1
V	4472037	1
V	4472273	1
V	4472502	1
V	4472732	1
V	4472958	1
V	4473190	1
V	4473421	1
V	4473652	1
V	4473880	1
V	4474092	1
V	4474321	1
V	4474550	1
V	4474787	1
V	4475016	1
V	4475245	1
V	4475481	1
V	4475717	1
V	4475957	1
V	4476172	1
V	4476404	1
V	4476643	1
V	4476884	1
V	4477125	1
V	4477366	1
V	4477608	1
V	4477848	1
V	4478085	1
V	4478318	1
V	4478555	1
V	4478788	1
V	4479027	1
V	4479242	1
V	4479479	1
V	4479720	1
V	4479953	1
V	4480195	1
V	4480425	1
V	4480659	1
V	4480886	1
V	4481117	1
V	4481352	1
V	4481591	1
V	4481825	1
V	4482067	1
V	4482302	1
V	4482539	1
V	4482776	1
V	4483010	1
V	4483244	1
V	4483479	1
V	4483713	1
V	4483945	1
V	4484180	1
V	4484411	1
V	4484645	1
V	4484878	1
V	4485106	1
V	4485339	1
V	4485569	1
V	4485801	1
V	4486030	1
V	4486248	1
V	4486460	1
V	4486690	1
V	4486925	1
V	4487159	1
V	4487399	1
V	4487637	1
V	4487874	1
V	4488112	1
V	4488354	1
V	4488594	1
V	4488835	1
V	4489077	1
V	4489304	1
V	4489540	1
V	4489773	1
V	4490005	1
V	4490237	1
V	4490472	1
V	4490707	1
V	4490944	1
V	4491184	1
V	4491424	1
V	4491664	1
V	4491907	1
V	4492142	1
V	4492358	1
V	4492590	1
V	4492805	1
V	4493036	1
V	4493267	1
V	4493503	1
V	4493740	1
V	4493977	1
V	4494207	1
V	4494436	1
V	4494665	1
V	4494899	1
V	4495128	1
V	4495356	1
V	4495582	1
V	4495818	1
V	4496047	1
V	4496277	1
V	4496504	1
V	4496735	1
V	4496970	1
V	4497198	1
V	4497433	1
V	4497662	1
V	4497897	1
V	4498126	1
V	4498351	1
V	4498585	1
V	4498819	1
V	4499054	1
V	4499288	1
V	4499516	1
V	4499753	1
V	4499990	1
V	4500226	1
V	4500462	1
V	4500698	1
V	4500940	1
V	4501177	1
V	4501419	1
V	4501660	1
V	4501893	1
V	4502135	1
V	4502370	1
V	4502612	1
V	4502849	1
V	4503075	1
V	4503308	1
V	4503542	1
V	4503778	1
V	4504011	1
V	4504244	1
V	4504479	1
V	4504712	1
V	4504946	1
V	4505177	1
V	4505417	1
V	4505650	1
V	4505887	1
V	4506123	1
V	4506364	1
V	4506588	1
V	4506817	1
V	4507029	1
V	4507255	1
V	4507480	1
V	4507706	1
V	4507939	1
V	4508169	1
V	4508399	1
V	4508634	1
V	4508862	1
V	4509094	1
V	4509329	1
V	4509564	1
V	4509793	1
V	4510021	1
V	4510256	1
V	4510492	1
V	4510727	1
V	4510961	1
V	4511197	1
V	4511434	1
V	4511658	1
V	4511894	1
V	4512131	1
V	4512374	1
V	4512611	1
V	4512852	1
V	4513092	1
V	4513333	1
V	4513574	1
V	4513814	1
V	4514054	1
V	4514296	1
V	4514538	1
V	4514781	1
V	4514998	1
V	4515231	1
V	4515468	1
V	4515704	1
V	4515945	1
V	4516178	1
V	4516417	1
V	4516652	1
V	4516887	1
V	4517128	1
V	4517368	1
V	4517583	1
V	4517825	1
V	4518062	1
V	4518303	1
V	4518524	1
V	4518754	1
V	4518982	1
V	4519216	1
V	4519452	1
V	4519683	1
V	4519917	1
V	4520157	1
V	4520394	1
V	4520630	1
V	4520841	1
V	4521067	1
V	4521294	1
V	4521522	1
V	4521751	1
V	4521980	1
V	4522215	1
V	4522445	1
V	4522674	1
V	4522907	1
V	4523135	1
V	4523369	1
V	4523599	1
V	4523831	1
V	4524062	1
V	4524292	1
V	4524504	1
V	4524734	1
V	4524969	1
V	4525204	1
V	4525436	1
V	4525667	1
V	4525902	1
V	4526141	1
V	4526377	1
V	4526607	1
V	4526843	1
V	4527073	1
V	4527290	1
V	4527515	1
V	4527749	1
V	4527986	1
V	4528221	1
V	4528463	1
V	4528703	1
V	4528943	1
V	4529184	1
V	4529422	1
V	4529659	1
V	4529889	1
V	4530120	1
V	4530357	1
V	4530598	1
V	4530833	1
V	4531073	1
V	4531311	1
V	4531552	1
V	4531780	1
V	4532016	1
V	4532251	1
V	4532485	1
V	4532720	1
V	4532955	1
V	4533187	1
V	4533422	1
V	4533654	1
V	4533887	1
V	4534129	1
V	4534366	1
V	4534603	1
V	4534840	1
V	4535082	1
V	4535316	1
V	4535560	1
V	4535796	1
V	4536037	1
V	4536263	1
V	4536492	1
V	4536720	1
V	4536946	1
V	4537175	1
V	4537410	1
V	4537643	1
V	4537874	1
V	4538107	1
V	4538319	1
V	4538548	1
V	4538781	1
V	4539013	1
V	4539245	1
V	4539480	1
V	4539716	1
V	4539946	1
V	4540175	1
V	4540405	1
V	4540633	1
V	4540863	1
V	4541096	1
V	4541331	1
V	4541560	1
V	4541771	1
V	4541983	1
V	4542210	1
V	4542445	1
V	4542678	1
V	4542914	1
V	4543149	1
V	4543383	1
V	4543615	1
V	4543853	1
V	4544088	1
V	4544321	1
V	4544562	1
V	4544800	1
V	4545042	1
V	4545266	1
V	4545500	1
V	4545737	1
V	4545978	1
V	4546212	1
V	4546446	1
V	4546686	1
V	4546924	1
V	4547162	1
V	4547405	1
V	4547642	1
V	4547880	1
V	4548115	1
V	4548348	1
V	4548581	1
V	4548815	1
V	4549051	1
V	4549288	1
V	4549529	1
V	4549764	1
V	4550000	1
V	4550229	1
V	4550464	1
V	4550694	1
V	4550923	1
V	4551155	1
V	4551383	1
V	4551612	1
V	4551839	1
V	4552069	1
V	4552299	1
V	4552528	1
V	4552758	1
V	4552986	1
V	4553212	1
V	4553449	1
V	4553675	1
V	4553911	1
V	4554146	1
V	4554375	1
V	4554603	1
V	4554833	1
V	4555065	1
V	4555298	1
V	4555537	1
V	4555773	1
V	4556009	1
V	4556244	1
V	4556482	1
V	4556717	1
V	4556959	1
V	4557200	1
V	4557443	1
V	4557681	1
V	4557919	1
V	4558159	1
V	4558399	1
V	4558633	1
V	4558874	1
V	4559115	1
V	4559351	1
V	4559573	1
V	4559808	1
V	4560050	1
V	4560292	1
V	4560531	1
V	4560765	1
V	4560999	1
V	4561226	1
V	4561461	1
V	4561697	1
V	4561930	1
V	4562146	1
V	4562379	1
V	4562615	1
V	4562847	1
V	4563082	1
V	4563318	1
V	4563555	1
V	4563783	1
V	4564018	1
V	4564248	1
V	4564477	1
V	4564704	1
V	4564934	1
V	4565161	1
V	4565390	1
V	4565627	1
V	4565858	1
V	4566087	1
V	4566316	1
V	4566544	1
V	4566777	1
V	4567005	1
V	4567235	1
V	4567463	1
V	4567692	1
V	4567921	1
V	4568153	1
V	4568389	1
V	4568619	1
V	4568855	1
V	4569090	1
V	4569324	1
V	4569550	1
V	4569786	1
V	4570018	1
V	4570247	1
V	4570468	1
V	4570700	1
V	4570932	1
V	4571166	1
V	4571401	1
V	4571637	1
V	4571874	1
V	4572111	1
V	4572347	1
V	4572589	1
V	4572832	1
V	4573066	1
V	4573307	1
V	4573547	1
V	4573789	1
V	4574030	1
V	4574272	1
V	4574512	1
V	4574751	1
V	4574987	1
V	4575221	1
V	4575454	1
V	4575689	1
V	4575923	1
V	4576164	1
V	4576401	1
V	4576640	1
V	4576874	1
V	4577109	1
V	4577338	1
V	4577573	1
V	4577789	1
V	4578024	1
V	4578260	1
V	4578499	1
V	4578735	1
V	4578978	1
V	4579214	1
V	4579449	1
V	4579684	1
V	4579918	1
V	4580150	1
V	4580381	1
V	4580611	1
V	4580844	1
V	4581075	1
V	4581304	1
V	4581534	1
V	4581765	1
V	4581999	1
V	4582234	1
V	4582467	1
V	4582694	1
V	4582929	1
V	4583164	1
V	4583399	1
V	4583627	1
V	4583857	1
V	4584088	1
V	4584317	1
V	4584546	1
V	4584780	1
V	4585015	1
V	4585246	1
V	4585485	1
V	4585720	1
V	4585950	1
V	4586186	1
V	4586426	1
V	4586664	1
V	4586900	1
V	4587133	1
V	4587374	1
V	4587616	1
V	4587858	1
V	4588098	1
V	4588331	1
V	4588563	1
V	4588796	1
V	4589032	1
V	4589274	1
V	4589507	1
V	4589746	1
V	4589985	1
V	4590223	1
V	4590461	1
V	4590693	1
V	4590928	1
V	4591162	1
V	4591393	1
V	4591628	1
V	4591862	1
V	4592096	1
V	4592330	1
V	4592561	1
V	4592793	1
V	4593028	1
V	4593262	1
V	4593499	1
V	4593735	1
V	4593969	1
V	4594199	1
V	4594432	1
V	4594667	1
V	4594896	1
V	4595125	1
V	4595354	1
V	4595585	1
V	4595812	1
V	4596041	1
V	4596270	1
V	4596498	1
V	4596730	1
V	4596963	1
V	4597193	1
V	4597423	1
V	4597653	1
V	4597883	1
V	4598110	1
V	4598343	1
V	4598578	1
V	4598810	1
V	4599045	1
V	4599280	1
V	4599515	1
V	4599750	1
V	4599986	1
V	4600223	1
V	4600465	1
V	4600700	1
V	4600936	1
V	4601173	1
V	4601405	1
V	4601635	1
V	4601873	1
V	4602109	1
V	4602346	1
V	4602581	1
V	4602815	1
V	4603052	1
V	4603289	1
V	4603530	1
V	4603751	1
V	4603991	1
V	4604225	1
V	4604459	1
V	4604694	1
V	4604926	1
V	4605159	1
V	4605392	1
V	4605626	1
V	4605861	1
V	4606095	1
V	4606326	1
V	4606556	1
V	4606790	1
V	4607019	1
V	4607248	1
V	4607474	1
V	4607704	1
V	4607939	1
V	4608167	1
V	4608396	1
V	4608621	1
V	4608855	1
V	4609087	1
V	4609319	1
V	4609551	1
V	4609784	1
V	4610015	1
V	4610245	1
V	4610475	1
V	4610704	1
V	4610934	1
V	4611170	1
V	4611407	1
V	4611634	1
V	4611868	1
V	4612098	1
V	4612335	1
V	4612569	1
V	4612801	1
V	4613034	1
V	4613263	1
V	4613494	1
V	4613729	1
V	4613971	1
V	4614212	1
V	4614453	1
V	4614694	1
V	4614933	1
V	4615175	1
V	4615417	1
V	4615659	1
V	4615895	1
V	4616131	1
V	4616364	1
V	4616596	1
V	4616837	1
V	4617077	1
V	4617314	1
V	4617551	5
V	4617800	5
V	4618049	5
V	4618299	5
V	4618549	5
V	4618802	5
V	4619054	5
V	4619303	5
V	4619556	5
V	4619807	5
V	4620064	5
V	4620318	5
V	4620567	5
V	4620824	5
V	4621083	5
V	4621338	5
V	4621590	5
V	4621839	5
V	4622096	5
V	4622341	5
V	4622596	5
V	4622846	5
V	4623105	5
V	4623359	5
V	4623601	5
V	4623846	5
V	4624094	5
V	4624351	5
V	4624602	5
V	4624842	5
V	4625088	5
V	4625343	5
V	4625589	5
V	4625838	5
V	4626090	5
V	4626341	5
V	4626593	5
V	4626849	5
V	4627103	5
V	4627358	5
V	4627606	5
V	4627854	5
V	4628100	5
V	4628350	5
V	4628595	5
V	4628844	5
V	4629098	5
V	4629346	5
V	4629603	5
V	4629855	5
V	4630104	5
V	4630355	5
V	4630611	5
V	4630868	5
V	4631118	5
V	4631376	5
V	4631632	5
V	4631882	5
V	4632134	5
V	4632392	5
V	4632646	5
V	4632897	5
V	4633150	5
V	4633402	5
V	4633654	5
V	4633903	5
V	4634144	5
V	4634394	5
V	4634646	5
V	4634891	5
V	4635138	5
V	4635386	5
V	4635631	5
V	4635881	5
V	4636131	5
V	4636378	5
V	4636630	5
V	4636881	5
V	4637129	5
V	4637380	5
V	4637627	5
V	4637876	5
V	4638129	5
V	4638382	5
V	4638635	5
V	4638889	5
V	4639148	5
V	4639392	5
V	4639643	5
V	4639894	5
V	4640148	5
V	4640400	5
V	4640654	5
V	4640910	5
V	4641164	5
V	4641419	5
V	4641678	5
V	4641923	5
V	4642178	5
V	4642429	5
V	4642687	5
V	4642935	5
V	4643182	5
V	4643422	5
V	4643677	5
V	4643926	5
V	4644180	5
V	4644437	5
V	4644678	5
V	4644927	5
V	4645176	5
V	4645422	5
V	4645678	5
V	4645929	5
V	4646171	5
V	4646427	5
V	4646671	5
V	4646918	5
V	4647172	5
V	4647429	5
V	4647671	5
V	4647927	5
V	4648179	5
V	4648437	5
V	4648689	5
V	4648938	5
V	4649191	5
V	4649443	5
V	4649694	5
V	4649944	5
V	4650185	5
V	4650434	5
V	4650684	5
V	4650936	5
V	4651187	5
V	4651437	5
V	4651695	5
V	4651947	5
V	4652201	5
V	4652456	5
V	4652703	5
V	4652947	5
V	4653198	5
V	4653448	5
V	4653701	5
V	4653954	5
V	4654200	5
V	4654444	5
V	4654703	5
V	4654954	5
V	4655203	5
V	4655458	5
V	4655707	5
V	4655957	5
V	4656207	5
V	4656447	5
V	4656689	5
V	4656931	5
V	4657171	5
V	4657420	5
V	4657664	5
V	4657916	5
V	4658167	5
V	4658420	5
V	4658674	5
V	4658930	5
V	4659186	5
V	4659438	5
V	4659682	5
V	4659927	5
V	4660179	5
V	4660427	5
V	4660683	5
V	4660940	5
V	4661192	5
V	4661443	1
V	4661678	1
V	4661911	1
V	4662147	1
V	4662378	1
V	4662613	1
V	4662847	1
V	4663084	1
V	4663319	1
V	4663556	1
V	4663789	1
V	4664022	1
V	4664256	1
V	4664486	1
V	4664721	1
V	4664951	1
V	4665187	1
V	4665420	1
V	4665656	1
V	4665893	1
V	4666122	1
V	4666349	1
V	4666584	1
V	4666816	1
V	4667046	1
V	4667274	1
V	4667502	1
V	4667732	1
V	4667963	1
V	4668197	1
V	4668430	1
V	4668662	1
V	4668892	1
V	4669104	1
V	4669334	1
V	4669564	1
V	4669796	1
V	4670023	1
V	4670262	1
V	4670490	1
V	4670718	1
V	4670954	1
V	4671188	1
V	4671421	1
V	4671654	1
V	4671890	1
V	4672127	1
V	4672364	1
V	4672600	1
V	4672836	1
V	4673065	1
V	4673305	1
V	4673538	1
V	4673779	1
V	4674021	1
V	4674264	1
V	4674505	1
V	4674746	1
V	4674982	1
V	4675200	1
V	4675441	1
V	4675675	1
V	4675907	1
V	4676143	1
V	4676377	1
V	4676612	1
V	4676836	1
V	4677069	1
V	4677307	1
V	4677550	1
V	4677783	1
V	4678018	1
V	4678249	1
V	4678484	1
V	4678720	1
V	4678955	1
V	4679197	1
V	4679433	1
V	4679675	1
V	4679916	1
V	4680144	1
V	4680374	1
V	4680601	1
V	4680830	1
V	4681061	1
V	4681295	1
V	4681530	1
V	4681764	1
V	4681994	1
V	4682224	1
V	4682454	1
V	4682680	1
V	4682914	1
V	4683151	1
V	4683382	1
V	4683609	1
V	4683839	1
V	4684066	1
V	4684296	1
V	4684526	1
V	4684756	1
V	4684983	1
V	4685216	1
V	4685445	1
V	4685681	1
V	4685910	1
V	4686136	1
V	4686364	1
V	4686600	1
V	4686828	1
V	4687064	1
V	4687300	1
V	4687537	1
V	4687779	1
V	4688020	1
V	4688261	1
V	4688503	1
V	4688744	1
V	4688985	1
V	4689216	1
V	4689450	1
V	4689684	1
V	4689924	1
V	4690160	1
V	4690396	1
V	4690629	1
V	4690869	1
V	4691108	1
V	4691343	1
V	4691579	1
V	4691817	1
V	4692057	1
V	4692294	1
V	4692531	1
V	4692768	1
V	4693009	1
V	4693244	1
V	4693472	1
V	4693708	1
V	4693939	1
V	4694172	1
V	4694408	1
V	4694642	1
V	4694878	1
V	4695113	1
V	4695345	1
V	4695579	1
V	4695814	1
V	4696056	1
V	4696284	1
V	4696513	1
V	4696747	1
V	4696981	1
V	4697208	1
V	4697438	1
V	4697672	1
V	4697906	1
V	4698137	1
V	4698371	1
V	4698600	1
V	4698826	1
V	4699057	1
V	4699293	1
V	4699522	1
V	4699757	1
V	4699987	1
V	4700223	1
V	4700454	1
V	4700681	1
V	4700910	1
V	4701139	1
V	4701375	1
V	4701606	1
V	4701840	1
V	4702070	1
V	4702300	1
V	4702533	1
V	4702766	1
V	4703001	1
V	4703243	1
V	4703479	1
V	4703721	1
V	4703961	1
V	4704200	1
V	4704433	1
V	4704672	1
V	4704913	1
V	4705153	1
V	4705393	1
V	4705631	1
V	4705872	1
V	4706114	1
V	4706356	1
V	4706589	1
V	4706825	1
V	4707062	1
V	4707297	1
V	4707534	1
V	4707769	1
V	4708003	1
V	4708228	1
V	4708472	1
V	4708708	1
V	4708950	1
V	4709184	1
V	4709418	1
V	4709652	1
V	4709884	1
V	4710121	1
V	4710352	1
V	4710594	1
V	4710831	1
V	4711050	1
V	4711292	1
V	4711519	1
V	4711737	1
V	4711969	1
V	4712204	1
V	4712433	1
V	4712663	1
V	4712893	1
V	4713129	1
V	4713359	1
V	4713595	1
V	4713825	1
V	4714054	1
V	4714285	1
V	4714513	1
V	4714743	1
V	4714969	1
V	4715205	1
V	4715428	1
V	4715658	1
V	4715893	1
V	4716120	1
V	4716349	1
V	4716578	1
V	4716809	1
V	4717042	1
V	4717279	1
V	4717497	1
V	4717721	1
V	4717955	1
V	4718196	1
V	4718437	1
V	4718679	1
V	4718920	1
V	4719156	1
V	4719375	1
V	4719608	1
V	4719842	1
V	4720076	1
V	4720312	1
V	4720548	1
V	4720789	1
V	4721030	1
V	4721271	1
V	4721510	1
V	4721744	1
V	4721980	1
V	4722213	1
V	4722448	1
V	4722680	1
V	4722923	1
V	4723160	1
V	4723392	1
V	4723630	1
V	4723867	1
V	4724103	1
V	4724340	1
V	4724569	1
V	4724802	1
V	4725037	1
V	4725267	1
V	4725499	1
V	4725727	1
V	4725960	1
V	4726190	1
V	4726420	1
V	4726651	1
V	4726881	1
V	4727110	1
V	4727345	1
V	4727575	1
V	4727808	1
V	4728040	1
V	4728269	1
V	4728499	1
V	4728734	1
V	4728969	1
V	4729198	1
V	4729434	1
V	4729660	1
V	4729889	1
V	4730117	1
V	4730347	1
V	4730581	1
V	4730815	1
V	4731044	1
V	4731280	1
V	4731513	1
V	4731742	1
V	4731975	1
V	4732210	1
V	4732451	1
V	4732686	1
V	4732922	1
V	4733162	1
V	4733404	1
V	4733644	1
V	4733881	1
V	4734122	1
V	4734363	1
V	4734604	1
V	4734841	1
V	4735078	1
V	4735313	1
V	4735548	1
V	4735783	1
V	4736019	1
V	4736254	1
V	4736494	1
V	4736731	1
V	4736966	1
V	4737198	1
V	4737431	1
V	4737670	1
V	4737909	1
V	4738141	1
V	4738377	1
V	4738611	1
V	4738846	1
V	4739063	1
V	4739297	1
V	4739531	1
V	4739763	1
V	4739996	1
V	4740236	1
V	4740480	1
V	4740715	1
V	4740947	1
V	4741182	1
V	4741409	1
V	4741643	1
V	4741875	1
V	4742109	1
V	4742338	1
V	4742567	1
V	4742797	1
V	4743027	1
V	4743257	1
V	4743487	1
V	4743716	1
V	4743946	1
V	4744179	1
V	4744410	1
V	4744639	1
V	4744874	1
V	4745104	1
V	4745334	1
V	4745564	1
V	4745793	1
V	4746021	1
V	4746251	1
V	4746482	1
V	4746712	1
V	4746940	1
V	4747176	1
V	4747403	1
V	4747635	1
V	4747864	1
V	4748097	1
V	4748326	1
V	4748559	1
V	4748795	1
V	4749036	1
V	4749272	1
V	4749512	1
V	4749750	1
V	4749992	1
V	4750233	1
V	4750472	1
V	4750711	1
V	4750950	1
V	4751190	1
V	4751431	1
V	4751672	1
V	4751907	1
V	4752147	1
V	4752383	1
V	4752619	1
V	4752855	1
V	4753087	1
V	4753322	1
V	4753558	1
V	4753800	1
V	4754037	1
V	4754269	1
V	4754505	1
V	4754737	1
V	4754970	1
V	4755201	1
V	4755443	1
V	4755685	1
V	4755922	1
V	4756164	1
V	4756401	1
V	4756638	1
V	4756880	1
V	4757117	1
V	4757360	1
V	4757595	1
V	4757828	1
V	4758064	1
V	4758292	1
V	4758522	1
V	4758755	1
V	4758984	1
V	4759214	1
V	4759443	1
V	4759673	1
V	4759909	1
V	4760143	1
V	4760372	1
V	4760601	1
V	4760829	1
V	4761056	1
V	4761286	1
V	4761516	1
V	4761752	1
V	4761978	1
V	4762212	1
V	4762423	1
V	4762657	1
V	4762891	1
V	4763127	1
V	4763363	1
V	4763599	1
V	4763835	1
V	4764076	1
V	4764317	1
V	4764555	1
V	4764795	1
V	4765037	1
V	4765277	1
V	4765517	1
V	4765751	1
V	4765992	1
V	4766229	1
V	4766465	1
V	4766701	1
V	4766937	1
V	4767174	1
V	4767406	1
V	4767641	1
V	4767880	1
V	4768117	1
V	4768358	1
V	4768599	1
V	4768837	1
V	4769075	1
V	4769314	1
V	4769554	1
V	4769793	1
V	4770023	1
V	4770265	1
V	4770500	1
V	4770734	1
V	4770966	1
V	4771197	1
V	4771429	1
V	4771670	1
V	4771903	1
V	4772143	1
V	4772377	1
V	4772611	1
V	4772840	1
V	4773073	1
V	4773307	1
V	4773536	1
V	4773762	1
V	4773994	1
V	4774223	1
V	4774453	1
V	4774684	1
V	4774914	1
V	4775142	1
V	4775377	1
V	4775589	1
V	4775818	1
V	4776047	1
V	4776276	1
V	4776511	1
V	4776746	1
V	4776975	1
V	4777203	1
V	4777438	1
V	4777672	1
V	4777908	1
V	4778144	1
V	4778385	1
V	4778627	1
V	4778852	1
V	4779089	1
V	4779327	1
V	4779567	1
V	4779791	1
V	4780033	1
V	4780274	1
V	4780509	1
V	4780746	1
V	4780982	1
V	4781217	1
V	4781450	1
V	4781683	1
V	4781914	1
V	4782148	1
V	4782385	1
V	4782622	1
V	4782858	1
V	4783095	1
V	4783330	1
V	4783563	1
V	4783796	1
V	4784036	1
V	4784274	1
V	4784512	1
V	4784755	1
V	4784993	1
V	4785228	1
V	4785463	1
V	4785687	1
V	4785924	1
V	4786159	1
V	4786393	1
V	4786626	1
V	4786860	1
V	4787098	1
V	4787333	1
V	4787566	1
V	4787807	1
V	4788039	1
V	4788270	1
V	4788487	1
V	4788715	1
V	4788946	1
V	4789179	1
V	4789409	1
V	4789635	1
V	4789865	1
V	4790096	1
V	4790326	1
V	4790564	1
V	4790792	1
V	4791019	1
V	4791249	1
V	4791484	1
V	4791715	1
V	4791950	1
V	4792179	1
V	4792415	1
V	4792647	1
V	4792879	1
V	4793114	1
V	4793350	1
V	4793561	1
V	4793791	1
V	4794018	1
V	4794251	1
V	4794487	1
V	4794729	1
V	4794970	1
V	4795207	1
V	4795446	1
V	4795685	1
V	4795925	1
V	4796165	1
V	4796406	1
V	4796638	1
V	4796877	1
V	4797114	1
V	4797349	1
V	4797591	1
V	4797825	1
V	4798063	1
V	4798305	1
V	4798547	1
V	4798783	1
V	4799019	1
V	4799245	1
V	4799479	1
V	4799712	1
V	4799947	1
V	4800180	1
V	4800412	1
V	4800648	1
V	4800883	1
V	4801116	1
V	4801350	1
V	4801586	1
V	4801829	1
V	4802063	1
V	4802291	1
V	4802523	1
V	4802757	1
V	4802987	1
V	4803217	1
V	4803434	1
V	4803669	1
V	4803897	1
V	4804123	1
V	4804353	1
V	4804588	1
V	4804824	1
V	4805059	1
V	4805289	1
V	4805518	1
V	4805748	1
V	4805985	1
V	4806220	1
V	4806450	1
V	4806680	1
V	4806918	1
V	4807149	1
V	4807384	1
V	4807613	1
V	4807842	1
V	4808072	1
V	4808303	1
V	4808532	1
V	4808764	1
V	4809002	1
V	4809238	1
V	4809477	1
V	4809719	1
V	4809954	1
V	4810191	1
V	4810429	1
V	4810669	1
V	4810903	1
V	4811145	1
V	4811376	1
V	4811614	1
V	4811854	1
V	4812095	1
V	4812330	1
V	4812567	1
V	4812802	1
V	4813038	1
V	4813273	1
V	4813506	1
V	4813746	1
V	4813986	1
V	4814225	1
V	4814460	1
V	4814696	1
V	4814922	1
V	4815154	1
V	4815386	1
V	4815620	1
V	4815853	1
V	4816086	1
V	4816320	1
V	4816562	1
V	4816800	1
V	4817035	1
V	4817276	1
V	4817515	1
V	4817743	1
V	4817977	1
V	4818204	1
V	4818433	1
V	4818667	1
V	4818898	1
V	4819133	1
V	4819367	1
V	4819596	1
V	4819830	1
V	4820059	1
V	4820290	1
V	4820524	1
V	4820758	1
V	4820988	1
V	4821217	1
V	4821448	1
V	4821681	1
V	4821922	1
V	4822159	1
V	4822400	1
V	4822638	1
V	4822858	1
V	4823098	1
V	4823339	1
V	4823575	1
V	4823812	1
V	4824050	1
V	4824283	1
V	4824520	1
V	4824755	1
V	4824988	1
V	4825226	1
V	4825462	1
V	4825702	1
V	4825943	1
V	4826177	1
V	4826405	1
V	4826640	1
V	4826875	1
V	4827109	1
V	4827344	1
V	4827576	1
V	4827811	1
V	4828046	1
V	4828279	1
V	4828515	1
V	4828748	1
V	4828983	1
V	4829213	1
V	4829442	1
V	4829673	1
V	4829902	1
V	4830132	1
V	4830356	1
V	4830586	1
V	4830812	1
V	4831042	1
V	4831272	1
V	4831500	1
V	4831733	1
V	4831965	1
V	4832197	1
V	4832429	1
V	4832661	1
V	4832890	1
V	4833118	1
V	4833353	1
V	4833588	1
V	4833816	1
V	4834046	1
V	4834276	1
V	4834505	1
V	4834735	1
V	4834969	1
V	4835210	1
V	4835447	1
V	4835682	1
V	4835922	1
V	4836161	1
V	4836401	1
V	4836644	1
V	4836880	1
V	4837113	1
V	4837346	1
V	4837579	1
V	4837813	1
V	4838053	1
V	4838296	1
V	4838536	1
V	4838772	1
V	4839014	1
V	4839253	1
V	4839495	1
V	4839729	1
V	4839963	1
V	4840201	1
V	4840434	1
V	4840669	1
V	4840903	1
V	4841137	1
V	4841373	1
V	4841606	1
V	4841839	1
V	4842073	1
V	4842310	1
V	4842546	1
V	4842782	1
V	4843021	1
V	4843264	1
V	4843507	1
V	4843743	1
V	4843977	1
V	4844204	1
V	4844435	1
V	4844665	1
V	4844893	1
V	4845125	1
V	4845359	1
V	4845587	1
V	4845817	1
V	4846046	1
V	4846280	1
V	4846509	1
V	4846744	1
V	4846972	1
V	4847206	1
V	4847437	1
V	4847671	1
V	4847899	1
V	4848127	1
V	4848356	1
V	4848584	1
V	4848820	1
V	4849048	1
V	4849280	1
V	4849509	1
V	4849740	1
V	4849968	1
V	4850203	1
V	4850436	1
V	4850672	1
V	4850905	1
V	4851147	1
V	4851384	1
V	4851624	1
V	4851865	1
V	4852106	1
V	4852322	1
V	4852559	1
V	4852796	1
V	4853029	1
V	4853265	1
V	4853505	1
V	4853741	1
V	4853970	1
V	4854204	1
V	4854439	1
V	4854672	1
V	4854907	1
V	4855142	1
V	4855376	1
V	4855612	1
V	4855856	1
V	4856088	1
V	4856325	1
V	4856561	1
V	4856804	1
V	4857039	1
V	4857267	1
V	4857501	1
V	4857728	1
V	4857958	1
V	4858192	1
V	4858403	1
V	4858634	1
V	4858864	1
V	4859098	1
V	4859327	1
V	4859559	1
V	4859783	1
V	4860015	1
V	4860244	1
V	4860480	1
V	4860714	1
V	4860949	1
V	4861177	1
V	4861402	1
V	4861638	1
V	4861868	1
V	4862094	1
V	4862323	1
V	4862534	1
V	4862767	1
V	4863004	1
V	4863244	1
V	4863481	1
V	4863715	1
V	4863955	1
V	4864191	1
V	4864428	1
V	4864667	1
V	4864906	1
V	4865146	1
V	4865388	1
V	4865629	1
V	4865863	1
V	4866097	1
V	4866331	1
V	4866564	1
V	4866801	1
V	4867038	1
V	4867275	1
V	4867516	1
V	4867750	1
V	4867987	1
V	4868228	1
V	4868463	1
V	4868697	1
V	4868931	1
V	4869163	1
V	4869395	1
V	4869637	1
V	4869876	1
V	4870115	1
V	4870352	1
V	4870588	1
V	4870821	1
V	4871051	1
V	4871280	1
V	4871514	1
V	4871741	1
V	4871970	1
V	4872199	1
V	4872434	1
V	4872669	1
V	4872898	1
V	4873128	1
V	4873358	1
V	4873587	1
V	4873822	1
V	4874056	1
V	4874289	1
V	4874519	1
V	4874736	1
V	4874965	1
V	4875195	1
V	4875407	1
V	4875634	1
V	4875855	1
V	4876085	1
V	4876323	1
V	4876557	1
V	4876790	1
V	4877026	1
V	4877261	1
V	4877497	1
V	4877730	1
V	4877954	1
V	4878178	1
V	4878418	1
V	4878655	1
V	4878894	1
V	4879131	1
V	4879370	1
V	4879610	1
V	4879851	1
V	4880091	1
V	4880332	1
V	4880566	1
V	4880808	1
V	4881044	1
V	4881279	1
V	4881512	1
V	4881749	1
V	4881989	1
V	4882225	1
V	4882457	1
V	4882690	1
V	4882924	1
V	4883142	1
V	4883361	1
V	4883598	1
V	4883839	1
V	4884073	1
V	4884306	1
V	4884540	1
V	4884776	1
V	4884995	1
V	4885228	1
V	4885464	1
V	4885707	1
V	4885936	1
V	4886168	1
V	4886401	1
V	4886631	1
V	4886858	1
V	4887092	1
V	4887304	1
V	4887532	1
V	4887762	1
V	4887974	1
V	4888203	1
V	4888433	1
V	4888668	1
V	4888899	1
V	4889128	1
V	4889358	1
V	4889589	1
V	4889819	1
V	4890048	1
V	4890278	1
V	4890507	1
V	4890734	1
V	4890964	1
V	4891200	1
V	4891429	1
V	4891659	1
V	4891886	1
V	4892121	1
V	4892357	1
V	4892599	1
V	4892841	1
V	4893084	1
V	4893317	1
V	4893555	1
V	4893793	1
V	4894034	1
V	4894270	1
V	4894506	1
V	4894743	1
V	4894976	1
V	4895210	1
V	4895452	1
V	4895691	1
V	4895932	1
V	4896172	1
V	4896407	1
V	4896642	1
V	4896876	1
V	4897110	1
V	4897346	1
V	4897581	1
V	4897812	1
V	4898044	1
V	4898284	1
V	4898519	1
V	4898753	1
V	4898991	1
V	4899227	1
V	4899464	1
V	4899707	1
V	4899942	1
V	4900175	1
V	4900402	1
V	4900637	1
V	4900872	1
V	4901100	1
V	4901335	1
V	4901564	1
V	4901793	1
V	4902022	1
V	4902252	1
V	4902479	1
V	4902716	1
V	4902950	1
V	4903180	1
V	4903410	1
V	4903645	1
V	4903876	1
V	4904111	1
V	4904341	1
V	4904577	1
V	4904812	1
V	4905043	1
V	4905278	1
V	4905505	1
V	4905741	1
V	4905971	1
V	4906200	1
V	4906430	1
V	4906665	1
V	4906892	1
V	4907127	1
V	4907361	1
V	4907597	1
V	4907834	1
V	4908054	1
V	4908278	1
V	4908507	1
V	4908748	1
V	4908988	1
V	4909225	1
V	4909462	1
V	4909704	1
V	4909946	1
V	4910182	1
V	4910423	1
V	4910663	1
V	4910901	1
V	4911142	1
V	4911384	1
V	4911626	1
V	4911868	1
V	4912104	1
V	4912342	1
V	4912581	1
V	4912814	1
V	4913030	1
V	4913262	1
V	4913495	1
V	4913729	1
V	4913966	1
V	4914201	1
V	4914441	1
V	4914681	1
V	4914917	1
V	4915147	1
V	4915376	1
V	4915592	1
V	4915826	1
V	4916060	1
V	4916295	1
V	4916530	1
V	4916762	1
V	4916995	1
V	4917227	1
V	4917459	1
V	4917693	1
V	4917928	1
V	4918170	1
V	4918406	1
V	4918638	1
V	4918874	1
V	4919108	1
V	4919335	1
V	4919569	1
V	4919802	1
V	4920029	1
V	4920260	1
V	4920487	1
V	4920724	1
V	4920953	1
V	4921183	1
V	4921409	1
V	4921633	1
V	4921864	1
V	4922100	1
V	4922329	1
V	4922564	1
V	4922798	1
V	4923034	1
V	4923261	1
V	4923497	1
V	4923715	1
V	4923945	1
V	4924181	1
V	4924411	1
V	4924646	1
V	4924858	1
V	4925093	1
V	4925327	1
V	4925565	1
V	4925797	1
V	4926031	1
V	4926266	1
V	4926503	1
V	4926740	1
V	4926976	1
V	4927217	1
V	4927456	1
V	4927694	1
V	4927936	1
V	4928179	1
V	4928412	1
V	4928644	1
V	4928879	1
V	4929098	1
V	4929322	1
V	4929558	1
V	4929791	1
V	4930024	1
V	4930259	1
V	4930494	1
V	4930717	1
V	4930954	1
V	4931194	1
V	4931433	1
V	4931672	1
V	4931908	1
V	4932150	1
V	4932391	1
V	4932627	1
V	4932863	1
V	4933106	1
V	4933340	1
V	4933575	1
V	4933809	1
V	4934043	1
V	4934277	1
V	4934513	1
V	4934747	1
V	4934982	1
V	4935219	1
V	4935450	1
V	4935687	1
V	4935921	1
V	4936162	1
V	4936381	1
V	4936611	1
V	4936843	1
V	4937069	1
V	4937299	1
V	4937531	1
V	4937766	1
V	4937993	1
V	4938221	1
V	4938451	1
V	4938680	1
V	4938915	1
V	4939150	1
V	4939382	1
V	4939611	1
V	4939838	1
V	4940070	1
V	4940306	1
V	4940536	1
V	4940773	1
V	4941009	1
V	4941235	1
V	4941461	1
V	4941689	1
V	4941907	1
V	4942137	1
V	4942367	1
V	4942588	1
V	4942817	1
V	4943028	1
V	4943262	1
V	4943497	1
V	4943732	1
V	4943943	1
V	4944178	1
V	4944413	1
V	4944654	1
V	4944889	1
V	4945130	1
V	4945371	1
V	4945611	1
V	4945852	1
V	4946086	1
V	4946321	1
V	4946554	1
V	4946783	1
V	4947016	1
V	4947249	1
V	4947482	1
V	4947717	1
V	4947951	1
V	4948187	1
V	4948430	1
V	4948666	1
V	4948909	1
V	4949151	1
V	4949386	1
V	4949624	1
V	4949859	1
V	4950094	1
V	4950327	1
V	4950561	1
V	4950795	1
V	4951028	1
V	4951261	1
V	4951493	1
V	4951724	1
V	4951958	1
V	4952197	1
V	4952432	1
V	4952672	1
V	4952907	1
V	4953140	1
V	4953376	1
V	4953611	1
V	4953845	1
V	4954087	1
V	4954323	1
V	4954560	1
V	4954796	1
V	4955025	1
V	4955255	1
V	4955485	1
V	4955714	1
V	4955924	1
V	4956153	1
V	4956381	1
V	4956609	1
V	4956818	1
V	4957050	1
V	4957276	1
V	4957509	1
V	4957713	1
V	4957927	1
V	4958156	1
V	4958381	1
V	4958612	1
V	4958838	1
V	4959064	1
V	4959293	1
V	4959521	1
V	4959755	1
V	4959984	1
V	4960219	1
V	4960447	1
V	4960677	1
V	4960907	1
V	4961141	1
V	4961374	1
V	4961602	1
V	4961837	1
V	4962066	1
V	4962295	1
V	4962530	1
V	4962766	1
V	4962999	1
V	4963233	1
V	4963470	1
V	4963708	1
V	4963943	1
V	4964179	1
V	4964413	1
V	4964648	1
V	4964885	1
V	4965128	1
V	4965369	1
V	4965593	1
V	4965834	1
V	4966073	1
V	4966315	1
V	4966556	1
V	4966796	1
V	4967035	1
V	4967272	1
V	4967509	1
V	4967746	1
V	4967979	1
V	4968215	1
V	4968451	1
V	4968688	1
V	4968923	1
V	4969158	1
V	4969399	1
V	4969633	1
V	4969868	1
V	4970100	1
V	4970331	1
V	4970565	1
V	4970799	1
V	4971035	1
V	4971272	1
V	4971483	1
V	4971711	1
V	4971943	1
V	4972171	1
V	4972402	1
V	4972636	1
V	4972870	1
V	4973106	1
V	4973340	1
V	4973570	1
V	4973800	1
V	4974034	1
V	4974266	1
V	4974481	1
V	4974710	1
V	4974939	1
V	4975155	1
V	4975385	1
V	4975599	1
V	4975825	1
V	4976065	1
V	4976300	1
V	4976514	1
V	4976744	1
V	4976973	1
V	4977185	1
V	4977414	1
V	4977643	1
V	4977879	1
V	4978108	1
V	4978341	1
V	4978575	1
V	4978808	1
V	4979040	1
V	4979275	1
V	4979511	1
V	4979745	1
V	4979987	1
V	4980228	1
V	4980469	1
V	4980708	1
V	4980947	1
V	4981187	1
V	4981427	1
V	4981661	1
V	4981898	1
V	4982133	1
V	4982373	1
V	4982609	1
V	4982842	1
V	4983078	1
V	4983314	1
V	4983548	1
V	4983781	1
V	4984022	1
V	4984258	1
V	4984497	1
V	4984732	1
V	4984965	1
V	4985198	1
V	4985432	1
V	4985667	1
V	4985901	1
V	4986134	1
V	4986370	1
V	4986604	1
V	4986821	1
V	4987054	1
V	4987290	1
V	4987527	1
V	4987768	1
V	4988004	1
V	4988241	1
V	4988472	1
V	4988702	1
V	4988928	1
V	4989158	1
V	4989387	1
V	4989622	1
V	4989853	1
V	4990083	1
V	4990314	1
V	4990549	1
V	4990779	1
V	4991012	1
V	4991239	1
V	4991471	1
V	4991703	1
V	4991933	1
V	4992162	1
V	4992393	1
V	4992627	1
V	4992869	1
V	4993104	1
V	4993343	1
V	4993577	1
V	4993819	1
V	4994039	1
V	4994277	1
V	4994518	1
V	4994758	1
V	4995000	1
V	4995235	1
V	4995470	1
V	4995704	1
V	4995944	1
V	4996184	1
V	4996425	1
V	4996662	1
V	4996889	1
V	4997124	1
V	4997358	1
V	4997596	1
V	4997832	1
V	4998074	1
V	4998312	1
V	4998555	1
V	4998788	1
V	4999023	1
V	4999250	1
V	4999484	1
V	4999714	1
V	4999945	1
V	5000175	1
V	5000410	1
V	5000639	1
V	5000875	1
V	5001105	1
V	5001340	1
V	5001570	1
V	5001799	1
V	5002029	1
V	5002259	1
V	5002488	1
V	5002716	1
V	5002951	1
V	5003179	1
V	5003414	1
V	5003642	1
V	5003873	1
V	5004103	1
V	5004338	1
V	5004572	1
V	5004802	1
V	5005038	1
V	5005271	1
V	5005506	1
V	5005743	1
V	5005983	1
V	5006222	1
V	5006456	1
V	5006692	1
V	5006929	1
V	5007171	1
V	5007410	1
V	5007650	1
V	5007888	1
V	5008124	1
V	5008358	1
V	5008595	1
V	5008832	1
V	5009067	1
V	5009300	1
V	5009534	1
V	5009765	1
V	5010004	1
V	5010247	1
V	5010485	1
V	5010705	1
V	5010945	1
V	5011181	1
V	5011423	1
V	5011656	1
V	5011891	1
V	5012122	1
V	5012356	1
V	5012599	1
V	5012835	1
V	5013072	1
V	5013316	1
V	5013558	1
V	5013790	1
V	5014029	1
V	5014265	1
V	5014501	1
V	5014729	1
V	5014959	1
V	5015186	1
V	5015412	1
V	5015646	1
V	5015873	1
V	5016104	1
V	5016333	1
V	5016567	1
V	5016802	1
V	5017032	1
V	5017261	1
V	5017496	1
V	5017725	1
V	5017957	1
V	5018187	1
V	5018417	1
V	5018653	1
V	5018880	1
V	5019109	1
V	5019336	1
V	5019566	1
V	5019795	1
V	5020025	1
V	5020252	1
V	5020481	1
V	5020703	1
V	5020933	1
V	5021162	1
V	5021394	1
V	5021628	1
V	5021860	1
V	5022090	1
V	5022326	1
V	5022561	1
V	5022794	1
V	5023028	1
V	5023262	1
V	5023503	1
V	5023744	1
V	5023984	1
V	5024221	1
V	5024457	1
V	5024698	1
V	5024938	1
V	5025180	1
V	5025419	1
V	5025662	1
V	5025899	1
V	5026139	1
V	5026375	1
V	5026609	1
V	5026842	1
V	5027077	1
V	5027310	1
V	5027541	1
V	5027777	1
V	5028010	1
V	5028243	1
V	5028484	1
V	5028721	1
V	5028949	1
V	5029179	1
V	5029415	1
V	5029627	1
V	5029857	1
V	5030091	1
V	5030319	1
V	5030546	1
V	5030773	1
V	5031007	1
V	5031233	1
V	5031460	1
V	5031690	1
V	5031920	1
V	5032146	1
V	5032379	1
V	5032605	1
V	5032836	1
V	5033075	1
V	5033308	1
V	5033541	1
V	5033782	1
V	5034024	1
V	5034265	1
V	5034500	1
V	5034734	1
V	5034969	1
V	5035204	1
V	5035442	1
V	5035673	1
V	5035914	1
V	5036151	1
V	5036385	1
V	5036619	1
V	5036846	1
V	5037083	1
V	5037317	1
V	5037555	1
V	5037796	1
V	5038031	1
V	5038270	1
V	5038499	1
V	5038729	1
V	5038959	1
V	5039188	1
V	5039417	1
V	5039651	1
V	5039880	1
V	5040109	1
V	5040339	1
V	5040567	1
V	5040794	1
V	5041021	1
V	5041256	1
V	5041486	1
V	5041722	1
V	5041951	1
V	5042186	1
V	5042414	1
V	5042647	1
V	5042880	1
V	5043108	1
V	5043338	1
V	5043556	1
V	5043792	1
V	5044028	1
V	5044262	1
V	5044493	1
V	5044734	1
V	5044958	1
V	5045199	1
V	5045439	1
V	5045677	1
V	5045917	1
V	5046150	1
V	5046382	1
V	5046615	1
V	5046849	1
V	5047087	1
V	5047321	1
V	5047554	1
V	5047796	1
V	5048024	1
V	5048258	1
V	5048492	1
V	5048710	1
V	5048945	1
V	5049179	1
V	5049414	1
V	5049648	1
V	5049883	1
V	5050117	1
V	5050352	1
V	5050588	1
V	5050822	1
V	5051055	1
V	5051285	1
V	5051522	1
V	5051752	1
V	5051982	1
V	5052211	1
V	5052438	1
V	5052665	1
V	5052895	1
V	5053123	1
V	5053353	1
V	5053588	1
V	5053821	1
V	5054050	1
V	5054280	1
V	5054509	1
V	5054741	1
V	5054979	1
V	5055214	1
V	5055441	1
V	5055672	1
V	5055899	1
V	5056134	1
V	5056359	1
V	5056589	1
V	5056815	1
V	5057051	1
V	5057280	1
V	5057516	1
V	5057746	1
V	5057976	1
V	5058211	1
V	5058447	1
V	5058677	1
V	5058912	1
V	5059148	1
V	5059378	1
V	5059611	1
V	5059844	1
V	5060084	1
V	5060320	1
V	5060556	1
V	5060793	1
V	5061033	1
V	5061273	1
V	5061515	1
V	5061754	1
V	5061995	1
V	5062237	1
V	5062478	1
V	5062711	1
V	5062947	1
V	5063175	1
V	5063410	1
V	5063650	1
V	5063883	1
V	5064125	1
V	5064363	1
V	5064597	1
V	5064836	1
V	5065072	1
V	5065307	1
V	5065542	1
V	5065777	1
V	5066012	1
V	5066248	1
V	5066484	1
V	5066717	1
V	5066949	1
V	5067181	1
V	5067416	1
V	5067652	1
V	5067889	1
V	5068125	1
V	5068353	1
V	5068582	1
V	5068812	1
V	5069046	1
V	5069275	1
V	5069487	1
V	5069719	1
V	5069953	1
V	5070190	1
V	5070417	1
V	5070648	1
V	5070877	1
V	5071099	1
V	5071334	1
V	5071563	1
V	5071792	1
V	5072025	1
V	5072260	1
V	5072496	1
V	5072732	1
V	5072967	1
V	5073198	1
V	5073428	1
V	5073655	1
V	5073883	1
V	5074118	1
V	5074351	1
V	5074584	1
V	5074819	1
V	5075055	1
V	5075291	1
V	5075533	1
V	5075772	1
V	5076013	1
V	5076254	1
V	5076494	1
V	5076737	1
V	5076975	1
V	5077212	1
V	5077447	1
V	5077683	1
V	5077916	1
V	5078151	1
V	5078387	1
V	5078620	1
V	5078856	1
V	5079090	1
V	5079331	1
V	5079571	1
V	5079804	1
V	5080037	1
V	5080277	1
V	5080519	1
V	5080758	5
V	5081005	5
V	5081251	1
V	5081482	1
V	5081716	1
V	5081950	1
V	5082184	1
V	5082421	1
V	5082664	1
V	5082904	1
V	5083146	1
V	5083376	1
V	5083605	1
V	5083831	1
V	5084066	1
V	5084303	1
V	5084531	1
V	5084761	1
V	5084989	1
V	5085217	1
V	5085443	1
V	5085680	1
V	5085910	1
V	5086137	1
V	5086369	1
V	5086599	1
V	5086826	1
V	5087056	1
V	5087286	1
V	5087498	1
V	5087728	1
V	5087964	1
V	5088199	1
V	5088428	1
V	5088657	1
V	5088891	1
V	5089119	1
V	5089348	1
V	5089579	1
V	5089809	1
V	5090041	1
V	5090275	1
V	5090487	1
V	5090719	1
V	5090956	1
V	5091196	1
V	5091429	1
V	5091670	1
V	5091912	1
V	5092130	1
V	5092371	1
V	5092611	1
V	5092851	1
V	5093091	1
V	5093331	1
V	5093572	1
V	5093813	1
V	5094049	1
V	5094285	1
V	5094520	1
V	5094757	1
V	5094993	1
V	5095231	5
V	5095476	5
V	5095730	5
V	5095975	5
V	5096234	5
V	5096489	5
V	5096746	5
V	5097002	5
V	5097263	5
V	5097514	5
V	5097765	5
V	5098015	5
V	5098268	5
V	5098528	5
V	5098787	5
V	5099037	5
V	5099283	5
V	5099539	5
V	5099793	5
V	5100039	5
V	5100289	5
V	5100543	5
V	5100799	5
V	5101057	5
V	5101315	5
V	5101567	5
V	5101822	5
V	5102082	5
V	5102335	5
V	5102583	5
V	5102832	5
V	5103083	5
V	5103340	5
V	5103597	5
V	5103851	5
V	5104103	5
V	5104346	5
V	5104597	5
V	5104855	5
V	5105110	5
V	5105362	5
V	5105620	5
V	5105870	5
V	5106118	5
V	5106371	5
V	5106624	5
V	5106876	5
V	5107130	5
V	5107379	5
V	5107631	5
V	5107885	5
V	5108138	5
V	5108392	5
V	5108640	5
V	5108881	5
V	5109133	5
V	5109389	5
V	5109643	5
V	5109891	5
V	5110145	5
V	5110396	5
V	5110640	5
V	5110884	5
V	5111135	5
V	5111380	5
V	5111632	5
V	5111888	5
V	5112140	5
V	5112398	5
V	5112644	5
V	5112895	5
V	5113148	5
V	5113399	5
V	5113638	5
V	5113895	5
V	5114140	5
V	5114392	5
V	5114638	5
V	5114895	5
V	5115145	5
V	5115387	5
V	5115636	5
V	5115890	5
V	5116138	5
V	5116392	5
V	5116652	5
V	5116903	5
V	5117158	5
V	5117414	5
V	5117658	5
V	5117908	5
V	5118163	5
V	5118417	5
V	5118671	5
V	5118927	5
V	5119178	5
V	5119426	5
V	5119685	5
V	5119938	5
V	5120186	5
V	5120443	5
V	5120694	5
V	5120949	5
V	5121204	5
V	5121454	5
V	5121703	5
V	5121951	5
V	5122199	5
V	5122449	5
V	5122696	5
V	5122944	5
V	5123197	5
V	5123440	5
V	5123693	5
V	5123948	5
V	5124191	5
V	5124430	5
V	5124687	5
V	5124936	5
V	5125192	5
V	5125439	5
V	5125697	5
V	5125938	5
V	5126195	5
V	5126443	5
V	5126693	5
V	5126942	5
V	5127191	5
V	5127443	5
V	5127689	5
V	5127946	5
V	5128197	5
V	5128455	5
V	5128703	5
V	5128952	5
V	5129203	5
V	5129452	5
V	5129697	5
V	5129946	5
V	5130187	5
V	5130439	5
V	5130686	5
V	5130940	5
V	5131191	5
V	5131439	5
V	5131687	5
V	5131933	5
V	5132181	5
V	5132420	5
V	5132668	5
V	5132915	5
V	5133156	5
V	5133395	5
V	5133649	5
V	5133898	5
V	5134146	5
V	5134398	5
V	5134647	5
V	5134893	5
V	5135141	5
V	5135392	5
V	5135641	5
V	5135895	5
V	5136141	5
V	5136389	5
V	5136640	5
V	5136882	5
V	5137134	5
V	5137386	5
V	5137639	5
V	5137890	5
V	5138134	5
V	5138382	5
V	5138631	1
V	5138867	1
V	5139104	1
V	5139344	1
V	5139585	1
V	5139827	1
V	5140069	1
V	5140305	1
V	5140540	1
V	5140772	1
V	5141008	1
V	5141242	1
V	5141465	1
V	5141699	1
V	5141941	1
V	5142177	1
V	5142419	1
V	5142646	1
V	5142877	1
V	5143112	1
V	5143341	1
V	5143574	1
V	5143804	1
V	5144036	1
V	5144265	1
V	5144501	1
V	5144731	1
V	5144957	1
V	5145191	1
V	5145420	1
V	5145650	1
V	5145882	1
V	5146117	1
V	5146349	1
V	5146579	1
V	5146814	1
V	5147049	1
V	5147261	1
V	5147490	1
V	5147722	1
V	5147956	1
V	5148192	1
V	5148422	1
V	5148648	1
V	5148860	1
V	5149089	1
V	5149322	1
V	5149556	1
V	5149795	1
V	5150030	1
V	5150266	1
V	5150503	1
V	5150744	1
V	5150984	1
V	5151226	1
V	5151466	1
V	5151707	1
V	5151949	1
V	5152190	1
V	5152430	1
V	5152654	1
V	5152890	1
V	5153127	1
V	5153361	1
V	5153576	1
V	5153811	1
V	5154052	1
V	5154294	1
V	5154528	1
V	5154766	1
V	5155009	1
V	5155250	1
V	5155491	1
V	5155731	1
V	5155972	1
V	5156203	1
V	5156435	1
V	5156670	1
V	5156905	1
V	5157142	1
V	5157375	1
V	5157616	1
V	5157857	1
V	5158084	1
V	5158314	1
V	5158547	1
V	5158782	1
V	5159017	1
V	5159247	1
V	5159476	1
V	5159707	1
V	5159935	1
V	5160169	1
V	5160398	1
V	5160625	1
V	5160857	1
V	5161086	1
V	5161312	1
V	5161541	1
V	5161775	1
V	5162004	1
V	5162241	1
V	5162469	1
V	5162699	1
V	5162925	1
V	5163160	1
V	5163390	1
V	5163620	1
V	5163856	1
V	5164092	1
V	5164328	1
V	5164560	1
V	5164797	1
V	5165037	1
V	5165278	1
V	5165516	1
V	5165755	1
V	5165991	1
V	5166228	1
V	5166469	1
V	5166712	1
V	5166954	1
V	5167192	1
V	5167428	1
V	5167662	1
V	5167902	1
V	5168136	1
V	5168377	1
V	5168617	1
V	5168859	1
V	5169095	1
V	5169332	1
V	5169567	1
V	5169793	1
V	5170030	1
V	5170263	1
V	5170480	1
V	5170697	1
V	5170931	1
V	5171168	1
V	5171408	1
V	5171640	1
V	5171857	1
V	5172092	1
V	5172322	1
V	5172551	1
V	5172781	1
V	5173015	1
V	5173248	1
V	5173479	1
V	5173714	1
V	5173945	1
V	5174175	1
V	5174405	1
V	5174640	1
V	5174870	1
V	5175100	1
V	5175329	1
V	5175559	1
V	5175790	1
V	5176002	1
V	5176234	1
V	5176462	1
V	5176691	1
V	5176925	1
V	5177155	1
V	5177389	1
V	5177625	1
V	5177866	1
V	5178102	1
V	5178336	1
V	5178576	1
V	5178816	1
V	5179058	1
V	5179297	1
V	5179533	1
V	5179773	1
V	5180001	1
V	5180234	1
V	5180468	1
V	5180700	1
V	5180938	1
V	5181173	1
V	5181409	1
V	5181647	1
V	5181880	1
V	5182113	1
V	5182350	1
V	5182589	1
V	5182822	1
V	5183051	1
V	5183281	1
V	5183513	1
V	5183744	1
V	5183974	1
V	5184203	1
V	5184437	1
V	5184671	1
V	5184897	1
V	5185127	1
V	5185361	1
V	5185596	1
V	5185826	1
V	5186054	1
V	5186284	1
V	5186520	1
V	5186749	1
V	5186980	1
V	5187210	1
V	5187447	1
V	5187682	1
V	5187912	1
V	5188147	1
V	5188356	1
V	5188585	1
V	5188820	1
V	5189054	1
V	5189288	1
V	5189525	1
V	5189758	1
V	5189999	1
V	5190239	1
V	5190480	1
V	5190700	1
V	5190939	1
V	5191178	1
V	5191420	1
V	5191656	1
V	5191872	1
V	5192104	1
V	5192339	1
V	5192576	1
V	5192814	1
V	5193050	1
V	5193286	1
V	5193520	1
V	5193755	1
V	5193996	1
V	5194232	1
V	5194469	1
V	5194693	1
V	5194922	1
V	5195157	1
V	5195391	1
V	5195623	1
V	5195855	1
V	5196095	1
V	5196338	1
V	5196567	1
V	5196797	1
V	5197031	1
V	5197259	1
V	5197492	1
V	5197728	1
V	5197960	1
V	5198190	1
V	5198420	1
V	5198651	1
V	5198878	1
V	5199112	1
V	5199343	1
V	5199573	1
V	5199801	1
V	5200033	1
V	5200261	1
V	5200491	1
V	5200717	1
V	5200947	1
V	5201183	1
V	5201413	1
V	5201643	1
V	5201877	1
V	5202099	1
V	5202334	1
V	5202557	1
V	5202785	1
V	5203020	1
V	5203249	1
V	5203479	1
V	5203714	1
V	5203950	1
V	5204187	1
V	5204423	1
V	5204657	1
V	5204890	1
V	5205125	1
V	5205368	1
V	5205608	1
V	5205849	1
V	5206088	1
V	5206328	1
V	5206570	1
V	5206810	1
V	5207029	1
V	5207265	1
V	5207499	1
V	5207735	1
V	5207973	1
V	5208209	1
V	5208445	1
V	5208684	1
V	5208920	1
V	5209144	1
V	5209383	1
V	5209617	1
V	5209851	1
V	5210077	1
V	5210304	1
V	5210532	1
V	5210768	1
V	5210984	1
V	5211201	1
V	5211438	1
V	5211680	1
V	5211919	1
V	5212153	1
V	5212393	1
V	5212621	1
V	5212851	1
V	5213083	1
V	5213313	1
V	5213546	1
V	5213774	1
V	5214002	1
V	5214230	1
V	5214459	1
V	5214689	1
V	5214924	1
V	5215153	1
V	5215390	1
V	5215617	1
V	5215847	1
V	5216077	1
V	5216314	1
V	5216550	1
V	5216778	1
V	5217008	1
V	5217237	1
V	5217467	1
V	5217696	1
V	5217929	1
V	5218159	1
V	5218392	1
V	5218627	1
V	5218851	1
V	5219072	1
V	5219314	1
V	5219555	1
V	5219796	1
V	5220037	1
V	5220279	1
V	5220511	1
V	5220745	1
V	5220986	1
V	5221220	1
V	5221459	1
V	5221693	1
V	5221930	1
V	5222170	1
V	5222406	1
V	5222632	1
V	5222866	1
V	5223083	1
V	5223325	1
V	5223549	1
V	5223779	1
V	5224014	1
V	5224242	1
V	5224470	1
V	5224693	1
V	5224920	1
V	5225154	1
V	5225384	1
V	5225617	1
V	5225844	1
V	5226072	1
V	5226309	1
V	5226542	1
V	5226770	1
V	5227005	1
V	5227235	1
V	5227462	1
V	5227692	1
V	5227926	1
V	5228155	1
V	5228390	1
V	5228618	1
V	5228855	1
V	5229088	1
V	5229318	1
V	5229554	1
V	5229781	1
V	5229990	1
V	5230223	1
V	5230456	1
V	5230684	1
V	5230913	1
V	5231147	1
V	5231377	1
V	5231611	1
V	5231852	1
V	5232091	1
V	5232327	1
V	5232551	1
V	5232792	1
V	5233033	1
V	5233272	1
V	5233511	1
V	5233750	1
V	5233992	1
V	5234216	1
V	5234455	1
V	5234692	1
V	5234933	1
V	5235165	1
V	5235397	1
V	5235633	1
V	5235869	1
V	5236087	1
V	5236324	1
V	5236565	1
V	5236808	1
V	5237049	1
V	5237288	1
V	5237526	1
V	5237761	1
V	5237996	1
V	5238230	1
V	5238465	1
V	5238697	1
V	5238932	1
V	5239169	1
V	5239412	1
V	5239642	1
V	5239856	1
V	5240090	1
V	5240299	1
V	5240527	1
V	5240758	1
V	5240986	1
V	5241217	1
V	5241446	1
V	5241675	1
V	5241906	1
V	5242135	1
V	5242361	1
V	5242591	1
V	5242820	1
V	5243051	1
V	5243281	1
V	5243518	1
V	5243753	1
V	5243989	1
V	5244224	1
V	5244466	1
V	5244708	1
V	5244947	1
V	5245186	1
V	5245425	1
V	5245663	1
V	5245905	1
V	5246146	1
V	5246383	1
V	5246618	1
V	5246855	1
V	5247087	1
V	5247321	1
V	5247555	1
V	5247788	1
V	5248019	1
V	5248253	1
V	5248486	1
V	5248720	1
V	5248955	1
V	5249194	1
V	5249434	1
V	5249674	1
V	5249915	1
V	5250156	1
V	5250396	1
V	5250633	1
V	5250875	1
V	5251108	1
V	5251343	1
V	5251577	1
V	5251812	1
V	5252044	1
V	5252279	1
V	5252514	1
V	5252748	1
V	5252981	1
V	5253213	1
V	5253447	1
V	5253680	1
V	5253909	1
V	5254138	1
V	5254369	1
V	5254597	1
V	5254829	1
V	5255060	1
V	5255288	1
V	5255521	1
V	5255749	1
V	5255985	1
V	5256215	1
V	5256449	1
V	5256679	1
V	5256913	1
V	5257144	1
V	5257356	1
V	5257586	1
V	5257825	1
V	5258046	1
V	5258280	1
V	5258510	1
V	5258744	1
V	5258973	1
V	5259203	1
V	5259415	1
V	5259645	1
V	5259873	1
V	5260107	1
V	5260340	1
V	5260567	1
V	5260802	1
V	5261035	1
V	5261266	1
V	5261501	1
V	5261737	1
V	5261975	1
V	5262208	1
V	5262450	1
V	5262692	1
V	5262934	1
V	5263175	1
V	5263415	1
V	5263653	1
V	5263895	1
V	5264131	1
V	5264366	1
V	5264599	1
V	5264816	1
V	5265055	1
V	5265291	1
V	5265528	1
V	5265766	1
V	5266003	1
V	5266239	1
V	5266477	1
V	5266710	1
V	5266952	1
V	5267192	1
V	5267407	1
V	5267645	1
V	5267883	1
V	5268125	1
V	5268362	1
V	5268580	1
V	5268815	1
V	5269049	1
V	5269282	1
V	5269514	1
V	5269747	1
V	5269979	1
V	5270214	1
V	5270451	1
V	5270692	1
V	5270926	1
V	5271155	1
V	5271389	1
V	5271622	1
V	5271851	1
V	5272080	1
V	5272308	1
V	5272534	1
V	5272769	1
V	5272997	1
V	5273233	1
V	5273467	1
V	5273704	1
V	5273939	1
V	5274176	1
V	5274404	1
V	5274632	1
V	5274859	1
V	5275093	1
V	5275328	1
V	5275557	1
V	5275787	1
V	5276022	1
V	5276253	1
V	5276480	1
V	5276715	1
V	5276940	1
V	5277177	1
V	5277408	1
V	5277644	1
V	5277872	1
V	5278102	1
V	5278331	1
V	5278561	1
V	5278798	1
V	5279037	1
V	5279267	1
V	5279502	1
V	5279739	1
V	5279971	1
V	5280209	1
V	5280445	1
V	5280681	1
V	5280919	1
V	5281160	1
V	5281403	1
V	5281644	1
V	5281884	1
V	5282123	1
V	5282363	1
V	5282602	1
V	5282844	1
V	5283085	1
V	5283320	1
V	5283555	1
V	5283792	1
V	5284028	1
V	5284270	1
V	5284505	1
V	5284744	1
V	5284962	1
V	5285203	1
V	5285440	1
V	5285674	1
V	5285908	1
V	5286142	1
V	5286377	1
V	5286614	1
V	5286848	1
V	5287083	1
V	5287319	1
V	5287555	1
V	5287787	1
V	5288015	1
V	5288242	1
V	5288470	1
V	5288704	1
V	5288938	1
V	5289173	1
V	5289410	1
V	5289639	1
V	5289873	1
V	5290108	1
V	5290343	1
V	5290572	1
V	5290807	1
V	5291038	1
V	5291274	1
V	5291501	1
V	5291731	1
V	5291960	1
V	5292191	1
V	5292421	1
V	5292657	1
V	5292887	1
V	5293122	1
V	5293334	1
V	5293561	1
V	5293797	1
V	5294027	1
V	5294263	1
V	5294491	1
V	5294719	1
V	5294928	1
V	5295162	1
V	5295392	1
V	5295625	1
V	5295864	1
V	5296097	1
V	5296334	1
V	5296571	1
V	5296808	1
V	5297043	1
V	5297279	1
V	5297515	1
V	5297751	1
V	5297991	1
V	5298228	1
V	5298466	1
V	5298701	1
V	5298935	1
V	5299169	1
V	5299387	1
V	5299627	1
V	5299864	1
V	5300102	1
V	5300339	1
V	5300582	1
V	5300819	1
V	5301055	1
V	5301291	1
V	5301526	1
V	5301762	1
V	5301996	1
V	5302231	1
V	5302448	1
V	5302681	1
V	5302916	1
V	5303147	1
V	5303382	1
V	5303624	1
V	5303859	1
V	5304089	1
V	5304319	1
V	5304548	1
V	5304780	1
V	5305008	1
V	5305243	1
V	5305472	1
V	5305698	1
V	5305935	1
V	5306165	1
V	5306394	1
V	5306624	1
V	5306851	1
V	5307087	1
V	5307323	1
V	5307553	1
V	5307783	1
V	5308012	1
V	5308249	1
V	5308492	1
V	5308728	1
V	5308965	1
V	5309200	1
V	5309436	1
V	5309673	1
V	5309907	1
V	5310145	1
V	5310388	1
V	5310630	1
V	5310870	1
V	5311112	1
V	5311353	1
V	5311593	1
V	5311826	1
V	5312062	1
V	5312296	1
V	5312532	1
V	5312768	1
V	5313002	1
V	5313239	1
V	5313474	1
V	5313711	1
V	5313943	1
V	5314186	1
V	5314422	1
V	5314660	1
V	5314884	1
V	5315121	1
V	5315343	1
V	5315578	1
V	5315813	1
V	5316045	1
V	5316281	1
V	5316500	1
V	5316735	1
V	5316967	1
V	5317201	1
V	5317436	1
V	5317680	1
V	5317923	1
V	5318159	1
V	5318393	1
V	5318626	1
V	5318865	1
V	5319094	1
V	5319321	1
V	5319551	1
V	5319770	1
V	5320000	1
V	5320231	1
V	5320465	1
V	5320695	1
V	5320923	1
V	5321157	1
V	5321392	1
V	5321621	1
V	5321856	1
V	5322093	1
V	5322323	1
V	5322554	1
V	5322784	1
V	5323014	1
V	5323244	1
V	5323475	1
V	5323705	1
V	5323935	1
V	5324164	1
V	5324400	1
V	5324629	1
V	5324864	1
V	5325095	1
V	5325306	1
V	5325542	1
V	5325768	1
V	5325996	1
V	5326226	1
V	5326460	1
V	5326693	1
V	5326931	1
V	5327166	1
V	5327402	1
V	5327635	1
V	5327874	1
V	5328112	1
V	5328351	1
V	5328574	1
V	5328815	1
V	5329057	1
V	5329298	1
V	5329540	1
V	5329777	1
V	5330012	1
V	5330248	1
V	5330463	1
V	5330697	1
V	5330932	1
V	5331166	1
V	5331384	1
V	5331625	1
V	5331863	1
V	5332105	1
V	5332349	1
V	5332585	1
V	5332813	1
V	5333043	1
V	5333277	1
V	5333512	1
V	5333746	1
V	5333980	1
V	5334216	1
V	5334449	1
V	5334683	1
V	5334919	1
V	5335152	1
V	5335381	1
V	5335596	1
V	5335823	1
V	5336049	1
V	5336281	1
V	5336508	1
V	5336732	1
V	5336961	1
V	5337188	1
V	5337422	1
V	5337658	1
V	5337894	1
V	5338124	1
V	5338360	1
V	5338586	1
V	5338815	1
V	5339036	1
V	5339266	1
V	5339496	1
V	5339728	1
V	5339963	1
V	5340203	1
V	5340435	1
V	5340672	1
V	5340907	1
V	5341148	1
V	5341390	1
V	5341628	1
V	5341866	1
V	5342099	1
V	5342335	1
V	5342573	1
V	5342810	1
V	5343046	1
V	5343282	1
V	5343518	1
V	5343755	1
V	5343987	1
V	5344228	1
V	5344470	1
V	5344712	1
V	5344947	1
V	5345180	1
V	5345414	1
V	5345649	1
V	5345885	1
V	5346120	1
V	5346349	1
V	5346578	1
V	5346812	1
V	5347042	1
V	5347269	1
V	5347501	1
V	5347731	1
V	5347961	1
V	5348190	1
V	5348424	1
V	5348657	1
V	5348892	1
V	5349128	1
V	5349359	1
V	5349590	1
V	5349823	1
V	5350056	1
V	5350291	1
V	5350521	1
V	5350748	1
V	5350978	1
V	5351200	1
V	5351438	1
V	5351674	1
V	5351904	1
V	5352134	1
V	5352369	1
V	5352599	1
V	5352833	1
V	5353067	1
V	5353301	1
V	5353539	1
V	5353779	1
V	5354021	1
V	5354262	1
V	5354505	1
V	5354747	1
V	5354988	1
V	5355229	1
V	5355471	1
V	5355707	1
V	5355949	1
V	5356184	1
V	5356422	1
V	5356655	1
V	5356894	1
V	5357133	1
V	5357374	1
V	5357611	1
V	5357853	1
V	5358084	1
V	5358318	1
V	5358552	1
V	5358788	1
V	5359023	1
V	5359257	1
V	5359492	1
V	5359727	1
V	5359963	1
V	5360197	1
V	5360425	1
V	5360660	1
V	5360890	1
V	5361118	1
V	5361347	1
V	5361578	1
V	5361804	1
V	5362033	1
V	5362264	1
V	5362493	1
V	5362720	1
V	5362955	1
V	5363183	1
V	5363416	1
V	5363646	1
V	5363873	1
V	5364106	1
V	5364337	1
V	5364566	1
V	5364794	1
V	5365020	1
V	5365246	1
V	5365480	1
V	5365714	1
V	5365947	1
V	5366182	1
V	5366419	1
V	5366655	1
V	5366895	1
V	5367136	1
V	5367377	1
V	5367600	1
V	5367840	1
V	5368077	1
V	5368318	1
V	5368550	1
V	5368784	1
V	5369018	1
V	5369249	1
V	5369482	1
V	5369722	1
V	5369958	1
V	5370194	1
V	5370433	1
V	5370667	1
V	5370906	1
V	5371146	1
V	5371382	1
V	5371616	1
V	5371850	1
V	5372084	1
V	5372320	1
V	5372556	1
V	5372787	1
V	5373029	1
V	5373270	1
V	5373498	1
V	5373714	1
V	5373944	1
V	5374178	1
V	5374413	1
V	5374640	1
V	5374876	1
V	5375106	1
V	5375336	1
V	5375566	1
V	5375802	1
V	5376030	1
V	5376261	1
V	5376491	1
V	5376725	1
V	5376955	1
V	5377192	1
V	5377422	1
V	5377652	1
V	5377880	1
V	5378114	1
V	5378353	1
V	5378587	1
V	5378821	1
V	5379057	1
V	5379294	1
V	5379528	1
V	5379765	1
V	5380002	1
V	5380243	1
V	5380485	1
V	5380706	1
V	5380948	1
V	5381184	1
V	5381424	1
V	5381660	1
V	5381896	1
V	5382129	1
V	5382362	1
V	5382596	1
V	5382834	1
V	5383072	1
V	5383310	1
V	5383550	1
V	5383788	1
V	5384024	1
V	5384260	1
V	5384492	1
V	5384725	1
V	5384959	1
V	5385191	1
V	5385427	1
V	5385660	1
V	5385881	1
V	5386110	1
V	5386338	1
V	5386567	1
V	5386801	1
V	5387037	1
V	5387267	1
V	5387502	1
V	5387730	1
V	5387962	1
V	5388192	1
V	5388424	1
V	5388658	1
V	5388889	1
V	5389117	1
V	5389347	1
V	5389584	1
V	5389815	1
V	5390048	1
V	5390281	1
V	5390513	1
V	5390744	1
V	5390977	1
V	5391213	1
V	5391450	1
V	5391685	1
V	5391922	1
V	5392162	1
V	5392400	1
V	5392616	1
V	5392856	1
V	5393090	1
V	5393327	1
V	5393568	1
V	5393806	1
V	5394046	1
V	5394288	1
V	5394530	1
V	5394771	1
V	5395009	1
V	5395244	1
V	5395481	1
V	5395718	1
V	5395953	1
V	5396194	1
V	5396429	1
V	5396667	1
V	5396900	1
V	5397116	1
V	5397352	1
V	5397589	1
V	5397823	1
V	5398059	1
V	5398294	1
V	5398528	1
V	5398762	1
V	5398994	1
V	5399229	1
V	5399465	1
V	5399699	1
V	5399942	1
V	5400183	1
V	5400416	1
V	5400651	1
V	5400885	1
V	5401119	1
V	5401356	1
V	5401586	1
V	5401816	1
V	5402049	1
V	5402277	1
V	5402506	1
V	5402736	1
V	5402966	1
V	5403195	1
V	5403425	1
V	5403655	1
V	5403883	1
V	5404118	1
V	5404347	1
V	5404576	1
V	5404803	1
V	5405032	1
V	5405260	1
V	5405493	1
V	5405719	1
V	5405949	1
V	5406180	1
V	5406416	1
V	5406644	1
V	5406878	1
V	5407106	1
V	5407333	1
V	5407566	1
V	5407799	1
V	5408034	1
V	5408270	1
V	5408506	1
V	5408748	1
V	5408966	1
V	5409203	1
V	5409445	1
V	5409686	1
V	5409926	1
V	5410164	1
V	5410401	1
V	5410642	1
V	5410883	1
V	5411126	1
V	5411363	1
V	5411597	1
V	5411832	1
V	5412069	1
V	5412304	1
V	5412540	1
V	5412775	1
V	5413011	1
V	5413244	1
V	5413479	1
V	5413721	1
V	5413964	1
V	5414206	1
V	5414443	1
V	5414685	1
V	5414922	1
V	5415158	1
V	5415392	1
V	5415626	1
V	5415840	1
V	5416071	1
V	5416304	1
V	5416538	1
V	5416770	1
V	5417004	1
V	5417236	1
V	5417471	1
V	5417705	1
V	5417936	1
V	5418170	1
V	5418404	1
V	5418626	1
V	5418853	1
V	5419083	1
V	5419320	1
V	5419556	1
V	5419786	1
V	5420014	1
V	5420240	1
V	5420466	1
V	5420695	1
V	5420925	1
V	5421154	1
V	5421381	1
V	5421616	1
V	5421852	1
V	5422082	1
V	5422314	1
V	5422544	1
V	5422774	1
V	5423009	1
V	5423229	1
V	5423469	1
V	5423706	1
V	5423949	1
V	5424189	1
V	5424431	1
V	5424673	1
V	5424914	1
V	5425148	1
V	5425384	1
V	5425619	1
V	5425856	1
V	5426090	1
V	5426325	1
V	5426557	1
V	5426792	1
V	5427028	1
V	5427263	1
V	5427499	1
V	5427736	1
V	5427972	1
V	5428211	1
V	5428445	1
V	5428685	1
V	5428909	1
V	5429151	1
V	5429395	1
V	5429614	1
V	5429841	1
V	5430080	1
V	5430311	1
V	5430548	1
V	5430781	1
V	5431012	1
V	5431230	1
V	5431473	1
V	5431713	1
V	5431951	1
V	5432162	1
V	5432390	1
V	5432624	1
V	5432854	1
V	5433093	1
V	5433304	1
V	5433540	1
V	5433774	1
V	5434006	1
V	5434231	1
V	5434462	1
V	5434691	1
V	5434921	1
V	5435150	1
V	5435380	1
V	5435615	1
V	5435845	1
V	5436081	1
V	5436313	1
V	5436544	1
V	5436776	1
V	5437006	1
V	5437235	1
V	5437465	1
V	5437694	1
V	5437924	1
V	5438161	1
V	5438389	1
V	5438618	1
V	5438830	1
V	5439065	1
V	5439294	1
V	5439529	1
V	5439756	1
V	5439990	1
V	5440222	1
V	5440453	1
V	5440688	1
V	5440929	1
V	5441164	1
V	5441404	1
V	5441644	1
V	5441878	1
V	5442112	1
V	5442355	1
V	5442583	1
V	5442820	1
V	5443059	1
V	5443292	1
V	5443526	1
V	5443759	1
V	5443994	1
V	5444235	1
V	5444471	1
V	5444705	1
V	5444937	1
V	5445178	1
V	5445421	1
V	5445663	1
V	5445899	1
V	5446140	1
V	5446378	1
V	5446608	1
V	5446843	1
V	5447078	1
V	5447312	1
V	5447546	1
V	5447779	1
V	5448013	1
V	5448248	1
V	5448480	1
V	5448712	1
V	5448951	1
V	5449185	1
V	5449418	1
V	5449652	1
V	5449882	1
V	5450117	1
V	5450352	1
V	5450582	1
V	5450811	1
V	5451041	1
V	5451270	1
V	5451496	1
V	5451726	1
V	5451960	1
V	5452196	1
V	5452429	1
V	5452662	1
V	5452892	1
V	5453127	1
V	5453338	1
V	5453567	1
V	5453796	1
V	5454033	1
V	5454263	1
V	5454500	1
V	5454729	1
V	5454958	1
V	5455193	1
V	5455429	1
V	5455660	1
V	5455889	1
V	5456118	1
V	5456352	1
V	5456593	1
V	5456829	1
V	5457070	1
V	5457310	1
V	5457548	1
V	5457786	1
V	5458021	1
V	5458256	1
V	5458493	1
V	5458736	1
V	5458975	1
V	5459199	1
V	5459439	1
V	5459681	1
V	5459923	1
V	5460158	1
V	5460392	1
V	5460634	1
V	5460869	1
V	5461103	1
V	5461333	1
V	5461567	1
V	5461802	1
V	5462038	1
V	5462271	1
V	5462511	1
V	5462738	1
V	5462966	1
V	5463200	1
V	5463429	1
V	5463663	1
V	5463889	1
V	5464120	1
V	5464350	1
V	5464582	1
V	5464811	1
V	5465043	1
V	5465257	1
V	5465490	1
V	5465725	1
V	5465955	1
V	5466189	1
V	5466420	1
V	5466647	1
V	5466877	1
V	5467095	1
V	5467330	1
V	5467560	1
V	5467793	1
V	5468019	1
V	5468253	1
V	5468487	1
V	5468722	1
V	5468956	1
V	5469198	1
V	5469435	1
V	5469672	1
V	5469911	1
V	5470154	1
V	5470395	1
V	5470634	1
V	5470875	1
V	5471118	1
V	5471359	1
V	5471597	1
V	5471818	1
V	5472057	1
V	5472276	1
V	5472507	1
V	5472744	1
V	5472980	1
V	5473222	1
V	5473453	1
V	5473685	1
V	5473919	1
V	5474162	1
V	5474395	1
V	5474627	1
V	5474842	1
V	5475080	1
V	5475323	1
V	5475565	1
V	5475799	1
V	5476034	1
V	5476268	1
V	5476501	1
V	5476735	1
V	5476967	1
V	5477200	1
V	5477435	1
V	5477669	1
V	5477901	1
V	5478120	1
V	5478356	1
V	5478593	1
V	5478833	1
V	5479073	1
V	5479310	1
V	5479539	1
V	5479773	1
V	5480005	1
V	5480238	1
V	5480467	1
V	5480695	1
V	5480929	1
V	5481165	1
V	5481395	1
V	5481630	1
V	5481859	1
V	5482093	1
V	5482327	1
V	5482557	1
V	5482792	1
V	5483022	1
V	5483252	1
V	5483487	1
V	5483716	1
V	5483945	1
V	5484174	1
V	5484386	1
V	5484607	1
V	5484824	1
V	5485048	1
V	5485278	1
V	5485509	1
V	5485736	1
V	5485972	1
V	5486205	1
V	5486439	1
V	5486674	1
V	5486908	1
V	5487150	1
V	5487392	1
V	5487632	1
V	5487873	1
V	5488108	1
V	5488347	1
V	5488581	1
V	5488815	1
V	5489048	1
V	5489281	1
V	5489523	1
V	5489763	1
V	5490001	1
V	5490244	1
V	5490481	1
V	5490716	1
V	5490950	1
V	5491182	1
V	5491417	1
V	5491650	1
V	5491884	1
V	5492119	1
V	5492363	1
V	5492590	1
V	5492818	1
V	5493055	1
V	5493290	1
V	5493517	1
V	5493751	1
V	5493981	1
V	5494211	1
V	5494450	1
V	5494677	1
V	5494907	1
V	5495136	1
V	5495367	1
V	5495597	1
V	5495821	1
V	5496054	1
V	5496289	1
V	5496501	1
V	5496737	1
V	5496963	1
V	5497198	1
V	5497433	1
V	5497667	1
V	5497895	1
V	5498132	1
V	5498363	1
V	5498596	1
V	5498828	1
V	5499071	1
V	5499311	1
V	5499550	1
V	5499788	1
V	5500029	1
V	5500270	1
V	5500513	1
V	5500745	1
V	5500981	1
V	5501217	1
V	5501450	1
V	5501683	1
V	5501899	1
V	5502133	1
V	5502368	1
V	5502603	1
V	5502836	1
V	5503070	1
V	5503308	1
V	5503547	1
V	5503784	1
V	5504018	1
V	5504244	1
V	5504477	1
V	5504711	1
V	5504945	1
V	5505182	1
V	5505416	1
V	5505649	1
V	5505866	1
V	5506101	1
V	5506331	1
V	5506560	1
V	5506789	1
V	5507017	1
V	5507253	1
V	5507484	1
V	5507713	1
V	5507941	1
V	5508167	1
V	5508403	1
V	5508632	1
V	5508862	1
V	5509091	1
V	5509326	1
V	5509557	1
V	5509783	1
V	5510013	1
V	5510243	1
V	5510478	1
V	5510709	1
V	5510937	1
V	5511170	1
V	5511403	1
V	5511639	1
V	5511872	1
V	5512108	1
V	5512349	1
V	5512590	1
V	5512831	1
V	5513068	1
V	5513288	1
V	5513524	1
V	5513765	1
V	5514007	1
V	5514247	1
V	5514484	1
V	5514720	1
V	5514951	1
V	5515185	1
V	5515418	1
V	5515652	1
V	5515886	1
V	5516126	1
V	5516367	1
V	5516602	1
V	5516839	1
V	5517080	1
V	5517322	1
V	5517557	1
V	5517791	1
V	5518026	1
V	5518259	1
V	5518492	1
V	5518725	1
V	5518950	1
V	5519187	1
V	5519428	1
V	5519662	1
V	5519895	1
V	5520129	1
V	5520362	1
V	5520596	1
V	5520824	1
V	5521053	1
V	5521284	1
V	5521515	1
V	5521743	1
V	5521973	1
V	5522202	1
V	5522436	1
V	5522666	1
V	5522883	1
V	5523113	1
V	5523337	1
V	5523567	1
V	5523796	1
V	5524031	1
V	5524260	1
V	5524494	1
V	5524729	1
V	5524959	1
V	5525195	1
V	5525427	1
V	5525661	1
V	5525888	1
V	5526119	1
V	5526348	1
V	5526581	1
V	5526813	1
V	5527017	1
V	5527248	1
V	5527478	1
V	5527712	1
V	5527942	1
V	5528175	1
V	5528409	1
V	5528646	1
V	5528883	1
V	5529117	1
V	5529354	1
V	5529592	1
V	5529832	1
V	5530062	1
V	5530301	1
V	5530543	1
V	5530784	1
V	5531023	1
V	5531257	1
V	5531492	1
V	5531725	1
V	5531958	1
V	5532194	1
V	5532429	1
V	5532671	1
V	5532904	1
V	5533138	1
V	5533379	1
V	5533618	1
V	5533859	1
V	5534101	1
V	5534334	1
V	5534568	1
V	5534788	1
V	5535020	1
V	5535255	1
V	5535492	1
V	5535729	1
V	5535966	1
V	5536209	1
V	5536443	1
V	5536676	1
V	5536903	1
V	5537134	1
V	5537366	1
V	5537596	1
V	5537826	1
V	5538051	1
V	5538281	1
V	5538513	1
V	5538745	1
V	5538978	1
V	5539207	1
V	5539437	1
V	5539667	1
V	5539896	1
V	5540127	1
V	5540336	1
V	5540571	1
V	5540806	1
V	5541042	1
V	5541278	1
V	5541502	1
V	5541731	1
V	5541957	1
V	5542194	1
V	5542423	1
V	5542650	1
V	5542863	1
V	5543092	1
V	5543321	1
V	5543551	1
V	5543782	1
V	5544015	1
V	5544245	1
V	5544480	1
V	5544715	1
V	5544953	1
V	5545189	1
V	5545407	1
V	5545644	1
V	5545879	1
V	5546119	1
V	5546354	1
V	5546596	1
V	5546832	1
V	5547071	1
V	5547294	1
V	5547533	1
V	5547774	1
V	5548009	1
V	5548244	1
V	5548480	1
V	5548722	1
V	5548961	1
V	5549197	1
V	5549433	1
V	5549668	1
V	5549901	1
V	5550136	1
V	5550371	1
V	5550608	1
V	5550845	1
V	5551087	1
V	5551325	1
V	5551554	1
V	5551771	1
V	5552005	1
V	5552234	1
V	5552464	1
V	5552696	1
V	5552929	1
V	5553141	1
V	5553353	1
V	5553583	1
V	5553795	1
V	5554029	1
V	5554259	1
V	5554488	1
V	5554718	1
V	5554948	1
V	5555177	1
V	5555407	1
V	5555638	1
V	5555868	1
V	5556103	1
V	5556336	1
V	5556564	1
V	5556800	1
V	5557030	1
V	5557263	1
V	5557475	1
V	5557701	1
V	5557928	1
V	5558164	1
V	5558392	1
V	5558613	1
V	5558843	1
V	5559072	1
V	5559308	1
V	5559545	1
V	5559778	1
V	5560021	1
V	5560244	1
V	5560466	1
V	5560707	1
V	5560948	1
V	5561189	1
V	5561425	1
V	5561660	1
V	5561879	1
V	5562119	1
V	5562352	1
V	5562592	1
V	5562829	1
V	5563066	1
V	5563302	1
V	5563544	1
V	5563779	1
V	5564013	1
V	5564252	1
V	5564486	1
V	5564719	1
V	5564953	1
V	5565190	1
V	5565423	1
V	5565658	1
V	5565889	1
V	5566122	1
V	5566363	1
V	5566598	1
V	5566832	1
V	5567061	1
V	5567292	1
V	5567521	1
V	5567750	1
V	5567979	1
V	5568214	1
V	5568444	1
V	5568673	1
V	5568902	1
V	5569130	1
V	5569364	1
V	5569593	1
V	5569823	1
V	5570035	1
V	5570272	1
V	5570500	1
V	5570733	1
V	5570963	1
V	5571195	1
V	5571429	1
V	5571665	1
V	5571897	1
V	5572127	1
V	5572362	1
V	5572599	1
V	5572840	1
V	5573081	1
V	5573323	1
V	5573546	1
V	5573787	1
V	5574027	1
V	5574263	1
V	5574497	1
V	5574729	1
V	5574964	1
V	5575200	1
V	5575439	1
V	5575675	1
V	5575912	1
V	5576148	1
V	5576380	1
V	5576615	1
V	5576855	5
V	5577099	5
V	5577353	5
V	5577601	1
V	5577840	1
V	5578083	1
V	5578300	1
V	5578532	1
V	5578767	1
V	5579002	1
V	5579238	1
V	5579454	1
V	5579688	1
V	5579923	1
V	5580157	1
V	5580387	1
V	5580616	1
V	5580842	1
V	5581072	1
V	5581301	1
V	5581531	1
V	5581765	1
V	5581991	1
V	5582225	1
V	5582442	1
V	5582671	1
V	5582899	1
V	5583128	1
V	5583363	1
V	5583596	1
V	5583828	1
V	5584057	1
V	5584291	1
V	5584521	1
V	5584756	1
V	5584988	1
V	5585204	1
V	5585438	1
V	5585673	1
V	5585910	1
V	5586147	1
V	5586383	1
V	5586620	1
V	5586856	1
V	5587078	1
V	5587320	1
V	5587559	1
V	5587800	1
V	5588041	1
V	5588278	1
V	5588514	1
V	5588750	1
V	5588985	1
V	5589218	1
V	5589453	1
V	5589689	1
V	5589925	1
V	5590165	1
V	5590407	5
V	5590661	5
V	5590915	5
V	5591163	5
V	5591416	5
V	5591669	5
V	5591917	5
V	5592171	5
V	5592420	5
V	5592677	5
V	5592922	5
V	5593180	5
V	5593431	5
V	5593688	5
V	5593939	5
V	5594195	5
V	5594441	5
V	5594695	5
V	5594948	5
V	5595208	5
V	5595463	5
V	5595719	5
V	5595961	5
V	5596214	5
V	5596460	5
V	5596714	5
V	5596964	5
V	5597222	5
V	5597478	5
V	5597731	5
V	5597993	5
V	5598244	5
V	5598486	5
V	5598740	5
V	5598994	5
V	5599245	5
V	5599503	5
V	5599747	5
V	5600002	5
V	5600259	5
V	5600507	5
V	5600750	5
V	5600993	5
V	5601250	5
V	5601495	5
V	5601755	5
V	5602014	5
V	5602270	5
V	5602514	5
V	5602768	5
V	5603016	5
V	5603261	5
V	5603513	5
V	5603768	5
V	5604014	5
V	5604266	5
V	5604515	5
V	5604774	5
V	5605031	5
V	5605276	5
V	5605528	5
V	5605780	5
V	5606033	5
V	5606286	5
V	5606539	5
V	5606799	5
V	5607055	5
V	5607298	5
V	5607551	5
V	5607800	5
V	5608053	5
V	5608299	5
V	5608546	5
V	5608794	5
V	5609050	5
V	5609291	5
V	5609541	5
V	5609792	5
V	5610034	5
V	5610282	5
V	5610538	5
V	5610782	5
V	5611025	5
V	5611283	5
V	5611540	5
V	5611789	5
V	5612038	5
V	5612289	5
V	5612544	5
V	5612797	5
V	5613052	5
V	5613298	1
V	5613532	1
V	5613765	1
V	5614002	1
V	5614239	1
V	5614458	1
V	5614696	1
V	5614932	1
V	5615161	1
V	5615391	1
V	5615619	1
V	5615852	1
V	5616083	1
V	5616319	1
V	5616549	1
V	5616778	1
V	5617008	1
V	5617243	1
V	5617470	1
V	5617705	1
V	5617940	1
V	5618174	1
V	5618404	1
V	5618633	1
V	5618873	1
V	5619101	1
V	5619328	1
V	5619563	1
V	5619800	1
V	5620022	1
V	5620256	1
V	5620490	1
V	5620717	1
V	5620951	1
V	5621180	1
V	5621411	1
V	5621646	1
V	5621883	1
V	5622117	1
V	5622357	1
V	5622581	1
V	5622820	1
V	5623062	1
V	5623298	1
V	5623536	1
V	5623772	1
V	5624003	1
V	5624235	1
V	5624469	1
V	5624704	1
V	5624938	1
V	5625173	1
V	5625406	1
V	5625638	1
V	5625875	1
V	5626112	1
V	5626349	1
V	5626585	1
V	5626820	1
V	5627056	1
V	5627290	1
V	5627523	1
V	5627765	1
V	5628001	1
V	5628241	1
V	5628483	1
V	5628725	1
V	5628966	1
V	5629204	1
V	5629439	1
V	5629674	1
V	5629908	1
V	5630142	1
V	5630376	1
V	5630608	1
V	5630842	1
V	5631077	1
V	5631313	1
V	5631556	1
V	5631792	1
V	5632028	1
V	5632261	1
V	5632498	1
V	5632728	1
V	5632958	1
V	5633168	1
V	5633399	1
V	5633629	1
V	5633864	1
V	5634093	1
V	5634322	1
V	5634551	1
V	5634781	1
V	5635011	1
V	5635241	1
V	5635477	1
V	5635703	1
V	5635933	1
V	5636161	1
V	5636396	1
V	5636631	1
V	5636866	1
V	5637098	1
V	5637315	1
V	5637547	1
V	5637780	1
V	5638017	1
V	5638256	1
V	5638492	1
V	5638732	1
V	5638967	1
V	5639208	1
V	5639450	1
V	5639691	1
V	5639930	1
V	5640171	1
V	5640404	1
V	5640639	1
V	5640874	1
V	5641108	1
V	5641348	1
V	5641590	1
V	5641824	1
V	5642057	1
V	5642272	1
V	5642505	1
V	5642748	1
V	5642982	1
V	5643219	1
V	5643459	1
V	5643699	1
V	5643941	1
V	5644180	1
V	5644401	1
V	5644637	1
V	5644872	1
V	5645107	1
V	5645343	1
V	5645578	1
V	5645813	1
V	5646044	1
V	5646277	1
V	5646509	1
V	5646742	1
V	5646977	1
V	5647211	1
V	5647448	1
V	5647666	1
V	5647902	1
V	5648136	1
V	5648370	1
V	5648604	1
V	5648839	1
V	5649073	1
V	5649304	1
V	5649533	1
V	5649771	1
V	5650006	1
V	5650240	1
V	5650472	1
V	5650700	1
V	5650930	1
V	5651164	1
V	5651394	1
V	5651623	1
V	5651851	1
V	5652078	1
V	5652307	1
V	5652534	1
V	5652761	1
V	5652992	1
V	5653226	1
V	5653459	1
V	5653694	1
V	5653928	1
V	5654161	1
V	5654391	1
V	5654626	1
V	5654855	1
V	5655084	1
V	5655318	1
V	5655552	1
V	5655782	1
V	5656018	1
V	5656248	1
V	5656481	1
V	5656711	1
V	5656940	1
V	5657176	1
V	5657403	1
V	5657638	1
V	5657874	1
V	5658103	1
V	5658337	1
V	5658575	1
V	5658808	1
V	5659044	1
V	5659276	1
V	5659513	1
V	5659754	1
V	5659997	1
V	5660238	1
V	5660476	1
V	5660717	1
V	5660955	1
V	5661194	1
V	5661431	1
V	5661673	1
V	5661909	1
V	5662147	1
V	5662384	1
V	5662625	1
V	5662858	1
V	5663091	1
V	5663324	1
V	5663559	1
V	5663793	1
V	5664029	1
V	5664265	1
V	5664497	1
V	5664732	1
V	5664969	1
V	5665206	1
V	5665449	1
V	5665690	1
V	5665931	1
V	5666172	1
V	5666410	1
V	5666643	1
V	5666877	1
V	5667110	1
V	5667346	1
V	5667581	1
V	5667818	1
V	5668054	1
V	5668295	1
V	5668510	1
V	5668746	1
V	5668979	1
V	5669214	1
V	5669444	1
V	5669656	1
V	5669886	1
V	5670112	1
V	5670341	1
V	5670572	1
V	5670802	1
V	5671031	1
V	5671261	1
V	5671490	1
V	5671722	1
V	5671953	1
V	5672185	1
V	5672415	1
V	5672642	1
V	5672860	1
V	5673089	1
V	5673319	1
V	5673549	1
V	5673785	1
V	5674015	1
V	5674252	1
V	5674484	1
V	5674714	1
V	5674947	1
V	5675181	1
V	5675411	1
V	5675646	1
V	5675880	1
V	5676118	1
V	5676359	1
V	5676592	1
V	5676822	1
V	5677058	1
V	5677299	1
V	5677538	1
V	5677777	1
V	5678013	1
V	5678250	1
V	5678489	1
V	5678730	1
V	5678971	1
V	5679207	1
V	5679444	1
V	5679679	1
V	5679913	1
V	5680150	1
V	5680386	1
V	5680621	1
V	5680861	1
V	5681091	1
V	5681334	1
V	5681571	1
V	5681812	1
V	5682053	1
V	5682286	1
V	5682519	1
V	5682753	1
V	5682969	1
V	5683204	1
V	5683415	1
V	5683649	1
V	5683884	1
V	5684117	1
V	5684352	1
V	5684585	1
V	5684818	1
V	5685049	1
V	5685279	1
V	5685508	1
V	5685736	1
V	5685969	1
V	5686203	1
V	5686433	1
V	5686668	1
V	5686903	1
V	5687132	1
V	5687360	1
V	5687594	1
V	5687808	1
V	5688044	1
V	5688280	1
V	5688508	1
V	5688739	1
V	5688970	1
V	5689197	1
V	5689433	1
V	5689664	1
V	5689892	1
V	5690119	1
V	5690348	1
V	5690581	1
V	5690811	1
V	5691047	1
V	5691280	1
V	5691522	1
V	5691764	1
V	5692003	1
V	5692243	1
V	5692485	1
V	5692718	1
V	5692954	1
V	5693190	1
V	5693423	1
V	5693638	1
V	5693880	1
V	5694122	1
V	5694356	1
V	5694591	1
V	5694826	1
V	5695060	1
V	5695295	1
V	5695538	1
V	5695774	1
V	5696016	1
V	5696245	1
V	5696474	1
V	5696704	1
V	5696934	1
V	5697162	1
V	5697397	1
V	5697631	1
V	5697867	1
V	5698102	1
V	5698331	1
V	5698561	1
V	5698791	1
V	5699021	1
V	5699249	1
V	5699478	1
V	5699700	1
V	5699934	1
V	5700158	1
V	5700388	1
V	5700623	1
V	5700852	1
V	5701081	1
V	5701317	1
V	5701541	1
V	5701775	1
V	5702009	1
V	5702236	1
V	5702469	1
V	5702706	1
V	5702942	1
V	5703179	1
V	5703416	1
V	5703652	1
V	5703888	1
V	5704106	1
V	5704340	1
V	5704584	1
V	5704826	1
V	5705065	1
V	5705287	1
V	5705528	1
V	5705750	1
V	5705991	1
V	5706231	1
V	5706467	1
V	5706702	1
V	5706938	1
V	5707172	1
V	5707407	1
V	5707623	1
V	5707854	1
V	5708087	1
V	5708328	1
V	5708568	1
V	5708805	1
V	5709042	1
V	5709275	1
V	5709515	1
V	5709748	1
V	5709985	1
V	5710216	1
V	5710450	1
V	5710685	1
V	5710919	1
V	5711150	1
V	5711385	1
V	5711618	1
V	5711850	1
V	5712085	1
V	5712325	1
V	5712563	1
V	5712799	1
V	5713018	1
V	5713259	1
V	5713491	1
V	5713726	1
V	5713963	1
V	5714195	1
V	5714422	1
V	5714651	1
V	5714875	1
V	5715103	1
V	5715334	1
V	5715564	1
V	5715792	1
V	5716018	1
V	5716252	1
V	5716482	1
V	5716716	1
V	5716946	1
V	5717177	1
V	5717392	1
V	5717618	1
V	5717848	1
V	5718080	1
V	5718289	1
V	5718524	1
V	5718760	1
V	5718978	1
V	5719206	1
V	5719438	1
V	5719668	1
V	5719905	1
V	5720135	1
V	5720364	1
V	5720598	1
V	5720834	1
V	5721067	1
V	5721298	1
V	5721517	1
V	5721744	1
V	5721974	1
V	5722206	1
V	5722442	1
V	5722678	1
V	5722910	1
V	5723144	1
V	5723377	1
V	5723620	1
V	5723861	1
V	5724100	1
V	5724339	1
V	5724576	1
V	5724816	1
V	5725056	1
V	5725289	1
V	5725523	1
V	5725756	1
V	5725992	1
V	5726228	1
V	5726469	1
V	5726693	1
V	5726932	1
V	5727173	1
V	5727382	1
V	5727611	1
V	5727846	1
V	5728083	1
V	5728318	1
V	5728552	1
V	5728783	1
V	5729018	1
V	5729253	1
V	5729489	1
V	5729725	1
V	5729967	1
V	5730209	1
V	5730442	1
V	5730679	1
V	5730906	1
V	5731135	1
V	5731365	1
V	5731578	1
V	5731807	1
V	5732036	1
V	5732270	1
V	5732500	1
V	5732728	1
V	5732957	1
V	5733192	1
V	5733419	1
V	5733648	1
V	5733877	1
V	5734108	1
V	5734339	1
V	5734565	1
V	5734793	1
V	5735029	1
V	5735260	1
V	5735499	1
V	5735733	1
V	5735963	1
V	5736198	1
V	5736426	1
V	5736638	1
V	5736867	1
V	5737095	1
V	5737329	1
V	5737565	1
V	5737806	1
V	5738042	1
V	5738275	1
V	5738516	1
V	5738754	1
V	5738994	1
V	5739235	1
V	5739473	1
V	5739714	1
V	5739957	1
V	5740198	1
V	5740435	1
V	5740671	1
V	5740906	1
V	5741141	1
V	5741378	1
V	5741615	1
V	5741850	1
V	5742082	1
V	5742324	1
V	5742559	1
V	5742794	1
V	5743028	1
V	5743263	1
V	5743500	1
V	5743725	1
V	5743961	1
V	5744203	1
V	5744433	1
V	5744661	1
V	5744896	1
V	5745130	1
V	5745364	1
V	5745594	1
V	5745830	1
V	5746059	1
V	5746290	1
V	5746520	1
V	5746751	1
V	5746983	1
V	5747213	1
V	5747440	1
V	5747674	1
V	5747905	1
V	5748134	1
V	5748369	1
V	5748597	1
V	5748827	1
V	5749056	1
V	5749287	1
V	5749517	1
V	5749743	1
V	5749972	1
V	5750184	1
V	5750414	1
V	5750651	1
V	5750886	1
V	5751122	1
V	5751364	1
V	5751586	1
V	5751821	1
V	5752062	1
V	5752298	1
V	5752514	1
V	5752752	1
V	5752984	1
V	5753222	1
V	5753456	1
V	5753692	1
V	5753928	1
V	5754165	1
V	5754401	1
V	5754640	1
V	5754872	1
V	5755107	1
V	5755344	1
V	5755580	1
V	5755817	1
V	5756053	1
V	5756290	1
V	5756530	1
V	5756765	1
V	5756998	1
V	5757233	1
V	5757469	1
V	5757703	1
V	5757938	1
V	5758173	1
V	5758407	1
V	5758624	1
V	5758860	1
V	5759079	1
V	5759317	1
V	5759550	1
V	5759786	1
V	5760018	1
V	5760245	1
V	5760474	1
V	5760685	1
V	5760914	1
V	5761145	1
V	5761357	1
V	5761592	1
V	5761804	1
V	5762033	1
V	5762267	1
V	5762502	1
V	5762728	1
V	5762963	1
V	5763192	1
V	5763424	1
V	5763659	1
V	5763889	1
V	5764122	1
V	5764352	1
V	5764586	1
V	5764816	1
V	5765044	1
V	5765276	1
V	5765505	1
V	5765734	1
V	5765971	1
V	5766204	1
V	5766443	1
V	5766679	1
V	5766922	1
V	5767163	1
V	5767404	1
V	5767641	1
V	5767880	1
V	5768118	1
V	5768358	1
V	5768596	1
V	5768833	1
V	5769066	1
V	5769300	1
V	5769533	1
V	5769768	1
V	5770006	1
V	5770242	1
V	5770483	1
V	5770724	1
V	5770966	1
V	5771203	1
V	5771445	1
V	5771686	1
V	5771913	1
V	5772149	1
V	5772375	1
V	5772609	1
V	5772842	1
V	5773075	1
V	5773305	1
V	5773542	1
V	5773771	1
V	5774006	1
V	5774219	1
V	5774449	1
V	5774678	1
V	5774904	1
V	5775131	1
V	5775363	1
V	5775590	1
V	5775816	1
V	5776045	1
V	5776280	1
V	5776509	1
V	5776739	1
V	5776974	1
V	5777209	1
V	5777438	1
V	5777671	1
V	5777900	1
V	5778137	1
V	5778366	1
V	5778596	1
V	5778830	1
V	5779063	1
V	5779295	1
V	5779530	1
V	5779767	1
V	5780008	1
V	5780248	1
V	5780484	1
V	5780719	1
V	5780961	1
V	5781198	1
V	5781435	1
V	5781667	1
V	5781900	1
V	5782130	1
V	5782363	1
V	5782598	1
V	5782835	1
V	5783070	1
V	5783306	1
V	5783547	1
V	5783780	1
V	5784014	1
V	5784248	1
V	5784467	1
V	5784707	1
V	5784949	1
V	5785191	1
V	5785431	1
V	5785671	1
V	5785899	1
V	5786132	1
V	5786366	1
V	5786600	1
V	5786832	1
V	5787066	1
V	5787305	1
V	5787542	1
V	5787778	1
V	5788019	1
V	5788256	1
V	5788495	1
V	5788732	1
V	5788962	1
V	5789194	1
V	5789422	1
V	5789652	1
V	5789886	1
V	5790116	1
V	5790353	1
V	5790567	1
V	5790798	1
V	5791026	1
V	5791261	1
V	5791495	1
V	5791727	1
V	5791959	1
V	5792191	1
V	5792418	1
V	5792649	1
V	5792881	1
V	5793107	1
V	5793335	1
V	5793570	1
V	5793799	1
V	5794029	1
V	5794268	1
V	5794498	1
V	5794729	1
V	5794970	1
V	5795188	1
V	5795426	1
V	5795662	1
V	5795880	1
V	5796116	1
V	5796354	1
V	5796593	1
V	5796832	1
V	5797072	1
V	5797313	1
V	5797548	1
V	5797786	1
V	5798021	1
V	5798261	1
V	5798498	1
V	5798735	1
V	5798976	1
V	5799216	1
V	5799449	1
V	5799688	1
V	5799924	1
V	5800162	1
V	5800389	1
V	5800626	1
V	5800860	1
V	5801092	1
V	5801326	1
V	5801558	1
V	5801792	1
V	5802027	1
V	5802269	1
V	5802505	1
V	5802745	1
V	5802982	1
V	5803215	1
V	5803442	1
V	5803674	1
V	5803903	1
V	5804132	1
V	5804361	1
V	5804586	1
V	5804816	1
V	5805045	1
V	5805274	1
V	5805503	1
V	5805732	1
V	5805963	1
V	5806190	1
V	5806424	1
V	5806654	1
V	5806891	1
V	5807127	1
V	5807364	1
V	5807592	1
V	5807825	1
V	5808060	1
V	5808293	1
V	5808509	1
V	5808743	1
V	5808983	1
V	5809223	1
V	5809464	1
V	5809702	1
V	5809939	1
V	5810173	1
V	5810407	1
V	5810645	1
V	5810883	1
V	5811125	1
V	5811359	1
V	5811593	1
V	5811824	1
V	5812062	1
V	5812298	1
V	5812540	1
V	5812783	1
V	5813017	1
V	5813247	1
V	5813481	1
V	5813707	1
V	5813942	1
V	5814177	1
V	5814406	1
V	5814637	1
V	5814872	1
V	5815102	1
V	5815332	1
V	5815562	1
V	5815789	1
V	5816020	1
V	5816247	1
V	5816480	1
V	5816712	1
V	5816939	1
V	5817174	1
V	5817409	1
V	5817639	1
V	5817868	1
V	5818098	1
V	5818334	1
V	5818563	1
V	5818792	1
V	5819026	1
V	5819261	1
V	5819495	1
V	5819727	1
V	5819960	1
V	5820195	1
V	5820424	1
V	5820656	1
V	5820898	1
V	5821136	1
V	5821372	1
V	5821610	1
V	5821847	1
V	5822080	1
V	5822315	1
V	5822556	1
V	5822793	1
V	5823026	1
V	5823261	1
V	5823503	1
V	5823745	1
V	5823986	1
V	5824223	1
V	5824459	1
V	5824693	1
V	5824932	1
V	5825165	1
V	5825399	1
V	5825636	1
V	5825872	1
V	5826106	1
V	5826348	1
V	5826588	1
V	5826830	1
V	5827066	1
V	5827301	1
V	5827529	1
V	5827764	1
V	5828000	1
V	5828235	1
V	5828470	1
V	5828701	1
V	5828917	1
V	5829149	1
V	5829379	1
V	5829595	1
V	5829814	1
V	5830051	1
V	5830286	1
V	5830527	1
V	5830761	1
V	5831000	1
V	5831234	1
V	5831468	1
V	5831695	1
V	5831925	1
V	5832159	1
V	5832386	1
V	5832615	1
V	5832842	1
V	5833077	1
V	5833310	1
V	5833541	1
V	5833770	1
V	5833999	1
V	5834229	1
V	5834458	1
V	5834688	1
V	5834921	1
V	5835151	1
V	5835380	1
V	5835606	1
V	5835836	1
V	5836066	1
V	5836295	1
V	5836524	1
V	5836752	1
V	5836981	1
V	5837216	1
V	5837445	1
V	5837677	1
V	5837912	1
V	5838147	1
V	5838376	1
V	5838606	1
V	5838836	1
V	5839066	1
V	5839288	1
V	5839518	1
V	5839744	1
V	5839978	1
V	5840219	1
V	5840455	1
V	5840692	1
V	5840933	1
V	5841174	1
V	5841415	1
V	5841656	1
V	5841897	1
V	5842130	1
V	5842367	1
V	5842601	1
V	5842835	1
V	5843069	1
V	5843305	1
V	5843543	1
V	5843762	1
V	5843998	1
V	5844234	1
V	5844472	1
V	5844701	1
V	5844937	1
V	5845154	1
V	5845380	1
V	5845611	1
V	5845845	1
V	5846082	1
V	5846318	1
V	5846555	1
V	5846785	1
V	5847018	1
V	5847245	1
V	5847478	1
V	5847709	1
V	5847944	1
V	5848172	1
V	5848406	1
V	5848636	1
V	5848863	1
V	5849093	1
V	5849324	1
V	5849559	1
V	5849787	1
V	5850014	1
V	5850248	1
V	5850463	1
V	5850698	1
V	5850928	1
V	5851152	1
V	5851387	1
V	5851616	1
V	5851838	1
V	5852071	1
V	5852301	1
V	5852535	1
V	5852768	1
V	5853002	1
V	5853238	1
V	5853475	1
V	5853710	1
V	5853944	1
V	5854184	1
V	5854426	1
V	5854666	1
V	5854906	1
V	5855148	1
V	5855387	1
V	5855621	1
V	5855853	1
V	5856086	1
V	5856321	1
V	5856558	1
V	5856791	1
V	5857033	1
V	5857271	1
V	5857512	1
V	5857755	1
V	5857998	1
V	5858239	1
V	5858480	1
V	5858712	1
V	5858947	1
V	5859180	1
V	5859412	1
V	5859643	1
V	5859886	1
V	5860123	1
V	5860356	1
V	5860596	1
V	5860831	1
V	5861048	1
V	5861275	1
V	5861505	1
V	5861740	1
V	5861969	1
V	5862198	1
V	5862427	1
V	5862658	1
V	5862893	1
V	5863109	1
V	5863338	1
V	5863572	1
V	5863804	1
V	5864033	1
V	5864262	1
V	5864492	1
V	5864721	1
V	5864959	1
V	5865194	1
V	5865430	1
V	5865661	1
V	5865888	1
V	5866122	1
V	5866334	1
V	5866565	1
V	5866799	1
V	5867028	1
V	5867258	1
V	5867495	1
V	5867731	1
V	5867965	1
V	5868199	1
V	5868435	1
V	5868676	1
V	5868917	1
V	5869158	1
V	5869400	1
V	5869638	1
V	5869871	1
V	5870108	1
V	5870344	1
V	5870579	1
V	5870815	1
V	5871050	1
V	5871288	1
V	5871518	1
V	5871751	1
V	5871983	1
V	5872219	1
V	5872457	1
V	5872698	1
V	5872932	1
V	5873164	1
V	5873397	1
V	5873631	1
V	5873870	1
V	5874109	1
V	5874347	1
V	5874584	1
V	5874814	1
V	5875046	1
V	5875278	1
V	5875513	1
V	5875744	1
V	5875979	1
V	5876210	1
V	5876442	1
V	5876686	1
V	5876918	1
V	5877159	1
V	5877399	1
V	5877631	1
V	5877866	1
V	5878097	1
V	5878328	1
V	5878562	1
V	5878792	1
V	5879028	1
V	5879257	1
V	5879486	1
V	5879720	1
V	5879948	1
V	5880177	1
V	5880407	1
V	5880641	1
V	5880875	1
V	5881104	1
V	5881331	1
V	5881560	1
V	5881797	1
V	5882026	1
V	5882259	1
V	5882488	1
V	5882717	1
V	5882943	1
V	5883179	1
V	5883417	1
V	5883654	1
V	5883890	1
V	5884127	1
V	5884369	1
V	5884612	1
V	5884852	1
V	5885092	1
V	5885316	1
V	5885557	1
V	5885799	1
V	5886038	1
V	5886276	1
V	5886516	1
V	5886757	1
V	5886998	1
V	5887235	1
V	5887469	1
V	5887712	1
V	5887945	1
V	5888177	1
V	5888409	1
V	5888644	1
V	5888861	1
V	5889097	1
V	5889331	1
V	5889567	1
V	5889804	1
V	5890023	1
V	5890266	1
V	5890504	1
V	5890746	1
V	5890972	1
V	5891207	1
V	5891425	1
V	5891657	1
V	5891888	1
V	5892121	1
V	5892362	1
V	5892606	1
V	5892843	1
V	5893081	1
V	5893317	1
V	5893554	1
V	5893796	1
V	5894030	1
V	5894269	1
V	5894502	1
V	5894745	1
V	5894974	1
V	5895202	1
V	5895437	1
V	5895649	1
V	5895878	1
V	5896089	1
V	5896324	1
V	5896552	1
V	5896781	1
V	5897015	1
V	5897250	1
V	5897479	1
V	5897699	1
V	5897928	1
V	5898158	1
V	5898392	1
V	5898623	1
V	5898850	1
V	5899078	1
V	5899312	1
V	5899544	1
V	5899780	1
V	5900015	1
V	5900245	1
V	5900465	1
V	5900700	1
V	5900930	1
V	5901161	1
V	5901387	1
V	5901620	1
V	5901848	1
V	5902077	1
V	5902307	1
V	5902518	1
V	5902751	1
V	5902986	1
V	5903216	1
V	5903450	1
V	5903686	1
V	5903923	1
V	5904160	1
V	5904396	1
V	5904633	1
V	5904866	1
V	5905099	1
V	5905333	1
V	5905575	1
V	5905809	1
V	5906050	1
V	5906292	1
V	5906531	1
V	5906769	1
V	5907002	1
V	5907238	1
V	5907475	1
V	5907714	1
V	5907947	1
V	5908182	1
V	5908418	1
V	5908655	1
V	5908891	1
V	5909123	1
V	5909364	1
V	5909582	1
V	5909817	1
V	5910053	1
V	5910291	1
V	5910525	1
V	5910742	1
V	5910977	1
V	5911211	1
V	5911445	1
V	5911679	1
V	5911912	1
V	5912146	1
V	5912389	1
V	5912626	1
V	5912863	1
V	5913089	1
V	5913317	1
V	5913551	1
V	5913787	1
V	5914019	1
V	5914247	1
V	5914475	1
V	5914701	1
V	5914930	1
V	5915165	1
V	5915395	1
V	5915629	1
V	5915858	1
V	5916075	1
V	5916305	1
V	5916543	1
V	5916779	1
V	5917015	1
V	5917244	1
V	5917471	1
V	5917701	1
V	5917936	1
V	5918167	1
V	5918402	1
V	5918643	1
V	5918884	1
V	5919124	1
V	5919364	1
V	5919603	1
V	5919842	1
V	5920083	1
V	5920321	1
V	5920562	1
V	5920795	1
V	5921037	1
V	5921269	1
V	5921502	1
V	5921734	1
V	5921975	1
V	5922214	1
V	5922448	1
V	5922686	1
V	5922906	1
V	5923147	1
V	5923386	1
V	5923627	1
V	5923868	1
V	5924110	1
V	5924349	1
V	5924584	1
V	5924820	1
V	5925055	1
V	5925297	1
V	5925538	1
V	5925766	1
V	5925999	1
V	5926232	1
V	5926459	1
V	5926686	1
V	5926916	1
V	5927150	1
V	5927384	1
V	5927614	1
V	5927840	1
V	5928071	1
V	5928305	1
V	5928536	1
V	5928767	1
V	5928979	1
V	5929207	1
V	5929441	1
V	5929671	1
V	5929902	1
V	5930132	1
V	5930362	1
V	5930591	1
V	5930803	1
V	5931033	1
V	5931268	1
V	5931496	1
V	5931727	1
V	5931968	1
V	5932205	1
V	5932440	1
V	5932675	1
V	5932916	1
V	5933156	1
V	5933397	1
V	5933634	1
V	5933875	1
V	5934108	1
V	5934345	1
V	5934581	1
V	5934819	1
V	5935061	1
V	5935294	1
V	5935527	1
V	5935763	1
V	5935995	1
V	5936234	1
V	5936471	1
V	5936711	1
V	5936951	1
V	5937194	1
V	5937429	1
V	5937663	1
V	5937898	1
V	5938133	1
V	5938367	1
V	5938599	1
V	5938833	1
V	5939056	1
V	5939294	1
V	5939538	1
V	5939778	1
V	5940012	1
V	5940242	1
V	5940471	1
V	5940703	1
V	5940937	1
V	5941148	1
V	5941379	1
V	5941608	1
V	5941838	1
V	5942068	1
V	5942298	1
V	5942534	1
V	5942771	1
V	5943005	1
V	5943234	1
V	5943460	1
V	5943691	1
V	5943926	1
V	5944156	1
V	5944385	1
V	5944615	1
V	5944845	1
V	5945074	1
V	5945304	1
V	5945534	1
V	5945764	1
V	5945998	1
V	5946207	1
V	5946440	1
V	5946670	1
V	5946900	1
V	5947136	1
V	5947370	1
V	5947608	1
V	5947844	1
V	5948081	1
V	5948322	1
V	5948544	1
V	5948784	1
V	5949024	1
V	5949266	1
V	5949507	1
V	5949748	1
V	5949987	1
V	5950221	1
V	5950457	1
V	5950693	1
V	5950931	1
V	5951167	1
V	5951403	1
V	5951641	1
V	5951875	1
V	5952107	1
V	5952341	1
V	5952574	1
V	5952812	1
V	5953048	1
V	5953285	1
V	5953523	1
V	5953762	1
V	5953986	1
V	5954228	1
V	5954462	1
V	5954696	1
V	5954929	1
V	5955165	1
V	5955399	1
V	5955634	1
V	5955868	1
V	5956102	1
V	5956337	1
V	5956574	1
V	5956808	1
V	5957045	1
V	5957287	1
V	5957523	1
V	5957760	1
V	5957971	1
V	5958183	1
V	5958412	1
V	5958647	1
V	5958874	1
V	5959105	1
V	5959338	1
V	5959572	1
V	5959805	1
V	5960034	1
V	5960263	1
V	5960493	1
V	5960724	1
V	5960953	1
V	5961191	1
V	5961422	1
V	5961653	1
V	5961888	1
V	5962116	1
V	5962347	1
V	5962576	1
V	5962806	1
V	5963036	1
V	5963260	1
V	5963493	1
V	5963730	1
V	5963960	1
V	5964196	1
V	5964432	1
V	5964665	1
V	5964897	1
V	5965129	1
V	5965365	1
V	5965600	1
V	5965842	1
V	5966083	1
V	5966323	1
V	5966565	1
V	5966806	1
V	5967048	1
V	5967287	1
V	5967524	1
V	5967766	1
V	5968008	1
V	5968251	1
V	5968483	1
V	5968720	1
V	5968954	1
V	5969189	1
V	5969425	1
V	5969665	1
V	5969900	1
V	5970134	1
V	5970375	1
V	5970614	1
V	5970846	1
V	5971085	1
V	5971321	1
V	5971560	1
V	5971801	1
V	5972033	1
V	5972267	1
V	5972501	1
V	5972736	1
V	5972971	1
V	5973205	1
V	5973439	1
V	5973673	1
V	5973907	1
V	5974142	1
V	5974380	1
V	5974615	1
V	5974858	1
V	5975094	1
V	5975326	1
V	5975556	1
V	5975785	1
V	5976014	1
V	5976243	1
V	5976473	1
V	5976707	1
V	5976938	1
V	5977174	1
V	5977409	1
V	5977638	1
V	5977867	1
V	5978096	1
V	5978324	1
V	5978554	1
V	5978791	1
V	5979026	1
V	5979262	1
V	5979492	1
V	5979721	1
V	5979951	1
V	5980181	1
V	5980415	1
V	5980652	1
V	5980889	1
V	5981125	1
V	5981361	1
V	5981599	1
V	5981834	1
V	5982075	1
V	5982316	1
V	5982557	1
V	5982797	1
V	5983038	1
V	5983280	1
V	5983522	1
V	5983760	1
V	5983998	1
V	5984235	1
V	5984469	1
V	5984702	1
V	5984935	1
V	5985171	1
V	5985408	1
V	5985649	1
V	5985883	1
V	5986123	1
V	5986365	1
V	5986602	1
V	5986845	1
V	5987087	1
V	5987314	1
V	5987540	1
V	5987769	1
V	5988005	1
V	5988239	1
V	5988474	1
V	5988709	1
V	5988944	1
V	5989179	1
V	5989416	1
V	5989650	1
V	5989886	1
V	5990102	1
V	5990344	1
V	5990586	1
V	5990821	1
V	5991050	1
V	5991285	1
V	5991514	1
V	5991742	1
V	5991973	1
V	5992205	1
V	5992439	1
V	5992667	1
V	5992901	1
V	5993127	1
V	5993341	1
V	5993569	1
V	5993794	1
V	5994023	1
V	5994258	1
V	5994484	1
V	5994714	1
V	5994946	1
V	5995179	1
V	5995408	1
V	5995638	1
V	5995850	1
V	5996082	1
V	5996311	1
V	5996522	1
V	5996761	1
V	5996990	1
V	5997223	1
V	5997459	1
V	5997690	1
V	5997913	1
V	5998153	1
V	5998393	1
V	5998630	1
V	5998869	1
V	5999106	1
V	5999344	1
V	5999585	1
V	5999828	1
V	6000069	1
V	6000307	1
V	6000548	1
V	6000783	1
V	6001023	1
V	6001257	1
V	6001488	1
V	6001719	1
V	6001954	1
V	6002188	1
V	6002424	1
V	6002661	1
V	6002893	1
V	6003125	1
V	6003357	1
V	6003589	1
V	6003827	1
V	6004067	1
V	6004307	1
V	6004548	1
V	6004782	1
V	6005016	1
V	6005250	1
V	6005486	1
V	6005729	1
V	6005962	1
V	6006179	1
V	6006406	1
V	6006640	1
V	6006870	1
V	6007100	1
V	6007329	1
V	6007564	1
V	6007794	1
V	6008023	1
V	6008257	1
V	6008488	1
V	6008720	1
V	6008956	1
V	6009191	1
V	6009418	1
V	6009655	1
V	6009890	1
V	6010119	1
V	6010348	1
V	6010577	1
V	6010807	1
V	6011040	1
V	6011276	1
V	6011515	1
V	6011747	1
V	6011981	1
V	6012217	1
V	6012435	1
V	6012671	1
V	6012907	1
V	6013144	1
V	6013386	1
V	6013627	1
V	6013867	1
V	6014106	1
V	6014346	1
V	6014587	1
V	6014826	1
V	6015065	1
V	6015306	1
V	6015543	1
V	6015778	1
V	6016015	1
V	6016251	1
V	6016489	1
V	6016722	1
V	6016956	1
V	6017189	1
V	6017424	1
V	6017665	1
V	6017900	1
V	6018135	1
V	6018373	1
V	6018609	1
V	6018846	1
V	6019084	1
V	6019325	1
V	6019541	1
V	6019776	1
V	6020010	1
V	6020245	1
V	6020481	1
V	6020714	1
V	6020950	1
V	6021192	1
V	6021428	1
V	6021663	1
V	6021899	1
V	6022134	1
V	6022372	1
V	6022599	1
V	6022833	1
V	6023064	1
V	6023291	1
V	6023520	1
V	6023755	1
V	6023990	1
V	6024217	1
V	6024453	1
V	6024683	1
V	6024911	1
V	6025137	1
V	6025364	1
V	6025597	1
V	6025826	1
V	6026056	1
V	6026286	1
V	6026516	1
V	6026745	1
V	6026972	1
V	6027209	1
V	6027443	1
V	6027679	1
V	6027908	1
V	6028124	1
V	6028363	1
V	6028598	1
V	6028834	1
V	6029071	1
V	6029313	1
V	6029549	1
V	6029790	1
V	6030031	1
V	6030272	1
V	6030513	1
V	6030754	1
V	6030996	1
V	6031234	1
V	6031474	1
V	6031716	1
V	6031957	1
V	6032194	1
V	6032430	1
V	6032667	1
V	6032905	1
V	6033145	1
V	6033382	1
V	6033619	1
V	6033853	1
V	6034086	1
V	6034318	1
V	6034554	1
V	6034787	1
V	6035023	1
V	6035263	1
V	6035499	1
V	6035740	1
V	6035981	1
V	6036210	1
V	6036443	1
V	6036679	1
V	6036913	1
V	6037148	1
V	6037382	1
V	6037599	1
V	6037835	1
V	6038067	1
V	6038302	1
V	6038534	1
V	6038773	1
V	6039008	1
V	6039251	1
V	6039491	1
V	6039732	1
V	6039966	1
V	6040201	1
V	6040428	1
V	6040655	1
V	6040886	1
V	6041123	1
V	6041353	1
V	6041589	1
V	6041823	1
V	6042058	1
V	6042289	1
V	6042519	1
V	6042748	1
V	6042975	1
V	6043206	1
V	6043432	1
V	6043659	1
V	6043889	1
V	6044124	1
V	6044336	1
V	6044572	1
V	6044801	1
V	6045031	1
V	6045259	1
V	6045479	1
V	6045715	1
V	6045945	1
V	6046175	1
V	6046414	1
V	6046640	1
V	6046876	1
V	6047108	1
V	6047343	1
V	6047572	1
V	6047803	1
V	6048032	1
V	6048260	1
V	6048501	1
V	6048738	1
V	6048975	1
V	6049207	1
V	6049426	1
V	6049662	1
V	6049897	1
V	6050135	1
V	6050358	1
V	6050598	1
V	6050839	1
V	6051076	1
V	6051317	1
V	6051551	1
V	6051770	1
V	6052012	1
V	6052246	1
V	6052481	1
V	6052714	1
V	6052951	1
V	6053186	1
V	6053425	1
V	6053661	1
V	6053901	1
V	6054134	1
V	6054375	1
V	6054612	1
V	6054848	1
V	6055086	1
V	6055325	1
V	6055564	1
V	6055790	1
V	6056026	1
V	6056259	1
V	6056473	1
V	6056707	1
V	6056942	1
V	6057179	1
V	6057415	1
V	6057650	1
V	6057894	1
V	6058131	1
V	6058364	1
V	6058602	1
V	6058831	1
V	6059065	1
V	6059294	1
V	6059525	1
V	6059761	1
V	6059993	1
V	6060222	1
V	6060455	1
V	6060685	1
V	6060919	1
V	6061149	1
V	6061378	1
V	6061609	1
V	6061841	1
V	6062073	1
V	6062303	1
V	6062532	1
V	6062764	1
V	6062999	1
V	6063229	1
V	6063464	1
V	6063693	1
V	6063919	1
V	6064157	1
V	6064395	1
V	6064625	1
V	6064861	1
V	6065091	1
V	6065326	1
V	6065559	1
V	6065795	1
V	6066035	1
V	6066271	1
V	6066509	1
V	6066743	1
V	6066961	1
V	6067203	1
V	6067444	1
V	6067684	1
V	6067923	1
V	6068161	1
V	6068402	1
V	6068642	1
V	6068884	1
V	6069121	1
V	6069361	1
V	6069597	1
V	6069835	1
V	6070051	1
V	6070290	1
V	6070527	5
V	6070784	5
V	6071035	1
V	6071268	1
V	6071503	1
V	6071734	1
V	6071966	1
V	6072200	1
V	6072434	1
V	6072677	1
V	6072919	1
V	6073155	1
V	6073397	1
V	6073640	1
V	6073881	1
V	6074121	1
V	6074361	1
V	6074599	1
V	6074828	1
V	6075062	1
V	6075296	1
V	6075525	1
V	6075755	1
V	6075986	1
V	6076221	1
V	6076451	1
V	6076682	1
V	6076919	1
V	6077148	1
V	6077382	1
V	6077612	1
V	6077848	1
V	6078082	1
V	6078309	1
V	6078537	1
V	6078766	1
V	6078999	1
V	6079228	1
V	6079457	1
V	6079692	1
V	6079926	1
V	6080153	1
V	6080389	1
V	6080625	1
V	6080856	1
V	6081085	1
V	6081314	1
V	6081543	1
V	6081770	1
V	6081979	1
V	6082214	1
V	6082448	1
V	6082678	1
V	6082904	1
V	6083137	1
V	6083369	1
V	6083602	1
V	6083840	1
V	6084072	1
V	6084308	1
V	6084543	1
V	6084779	1
V	6085015	1
V	6085257	1
V	6085497	1
V	6085735	1
V	6085974	1
V	6086215	1
V	6086456	1
V	6086698	1
V	6086938	1
V	6087173	1
V	6087413	1
V	6087648	1
V	6087883	1
V	6088119	1
V	6088355	1
V	6088597	1
V	6088832	1
V	6089066	5
V	6089318	5
V	6089573	5
V	6089818	5
V	6090073	5
V	6090323	5
V	6090577	5
V	6090829	5
V	6091081	5
V	6091332	5
V	6091590	5
V	6091838	5
V	6092098	5
V	6092352	5
V	6092611	5
V	6092856	5
V	6093106	5
V	6093356	5
V	6093605	5
V	6093852	5
V	6094101	5
V	6094356	5
V	6094608	5
V	6094865	5
V	6095116	5
V	6095370	5
V	6095623	5
V	6095875	5
V	6096127	5
V	6096375	5
V	6096631	5
V	6096885	5
V	6097133	5
V	6097381	5
V	6097635	5
V	6097891	5
V	6098135	5
V	6098379	5
V	6098627	5
V	6098879	5
V	6099124	5
V	6099376	5
V	6099629	5
V	6099881	5
V	6100128	5
V	6100379	5
V	6100637	5
V	6100890	5
V	6101142	5
V	6101396	5
V	6101651	5
V	6101888	5
V	6102139	5
V	6102384	5
V	6102639	5
V	6102893	5
V	6103145	5
V	6103405	5
V	6103660	5
V	6103914	5
V	6104167	5
V	6104426	5
V	6104684	5
V	6104937	5
V	6105189	5
V	6105438	5
V	6105684	5
V	6105941	5
V	6106191	5
V	6106450	5
V	6106700	5
V	6106944	5
V	6107186	5
V	6107442	5
V	6107700	5
V	6107947	5
V	6108190	5
V	6108440	5
V	6108693	5
V	6108947	5
V	6109199	5
V	6109447	5
V	6109697	5
V	6109951	5
V	6110209	5
V	6110456	5
V	6110705	5
V	6110955	5
V	6111207	5
V	6111456	5
V	6111706	5
V	6111963	5
V	6112221	5
V	6112472	5
V	6112721	5
V	6112978	5
V	6113232	5
V	6113480	5
V	6113729	5
V	6113974	5
V	6114223	5
V	6114469	5
V	6114715	5
V	6114969	5
V	6115223	5
V	6115468	5
V	6115720	5
V	6115965	5
V	6116214	5
V	6116459	5
V	6116707	5
V	6116959	5
V	6117205	5
V	6117452	5
V	6117705	5
V	6117952	5
V	6118208	5
V	6118465	5
V	6118715	5
V	6118964	5
V	6119208	5
V	6119465	5
V	6119717	5
V	6119964	5
V	6120222	5
V	6120467	5
V	6120717	5
V	6120967	5
V	6121221	5
V	6121471	5
V	6121721	5
V	6121975	5
V	6122219	5
V	6122479	5
V	6122731	5
V	6122986	5
V	6123228	5
V	6123474	5
V	6123725	5
V	6123977	5
V	6124229	5
V	6124481	5
V	6124730	5
V	6124972	5
V	6125227	5
V	6125481	5
V	6125735	5
V	6125977	5
V	6126235	5
V	6126488	5
V	6126740	5
V	6126994	5
V	6127245	5
V	6127504	5
V	6127760	5
V	6128017	5
V	6128268	5
V	6128520	5
V	6128774	5
V	6129024	5
V	6129264	5
V	6129510	5
V	6129759	5
V	6130017	5
V	6130267	5
V	6130516	5
V	6130767	5
V	6131021	5
V	6131271	5
V	6131523	5
V	6131773	5
V	6132032	5
V	6132278	5
V	6132537	5
V	6132792	5
V	6133038	5
V	6133296	5
V	6133552	5
V	6133800	1
V	6134026	1
V	6134259	1
V	6134493	1
V	6134728	1
V	6134962	1
V	6135197	1
V	6135430	1
V	6135663	1
V	6135895	1
V	6136127	1
V	6136361	1
V	6136598	1
V	6136817	1
V	6137053	1
V	6137271	1
V	6137505	1
V	6137743	1
V	6137971	1
V	6138199	1
V	6138425	1
V	6138656	1
V	6138891	1
V	6139125	1
V	6139360	1
V	6139595	1
V	6139824	1
V	6140055	1
V	6140281	1
V	6140513	1
V	6140746	1
V	6140977	1
V	6141211	1
V	6141437	1
V	6141671	1
V	6141895	1
V	6142125	1
V	6142353	1
V	6142587	1
V	6142814	1
V	6143044	1
V	6143272	1
V	6143502	1
V	6143729	1
V	6143959	1
V	6144194	1
V	6144429	1
V	6144658	1
V	6144887	1
V	6145117	1
V	6145346	1
V	6145583	1
V	6145818	1
V	6146051	1
V	6146288	1
V	6146524	1
V	6146757	1
V	6146994	1
V	6147230	1
V	6147466	1
V	6147706	1
V	6147947	1
V	6148171	1
V	6148412	1
V	6148653	1
V	6148894	1
V	6149135	1
V	6149372	1
V	6149609	1
V	6149848	1
V	6150085	1
V	6150318	1
V	6150555	1
V	6150793	1
V	6151028	1
V	6151249	1
V	6151486	1
V	6151721	1
V	6151956	1
V	6152198	1
V	6152432	1
V	6152667	1
V	6152904	1
V	6153137	1
V	6153377	1
V	6153611	1
V	6153842	1
V	6154078	1
V	6154317	1
V	6154555	1
V	6154798	1
V	6155040	1
V	6155277	1
V	6155518	1
V	6155748	1
V	6155980	1
V	6156215	1
V	6156450	1
V	6156686	1
V	6156920	1
V	6157151	1
V	6157383	1
V	6157599	1
V	6157832	1
V	6158066	1
V	6158299	1
V	6158533	1
V	6158761	1
V	6158972	1
V	6159206	1
V	6159435	1
V	6159648	1
V	6159881	1
V	6160115	1
V	6160343	1
V	6160572	1
V	6160802	1
V	6161033	1
V	6161249	1
V	6161479	1
V	6161713	1
V	6161940	1
V	6162167	1
V	6162397	1
V	6162632	1
V	6162858	1
V	6163088	1
V	6163318	1
V	6163555	1
V	6163788	1
V	6164023	1
V	6164253	1
V	6164466	1
V	6164700	1
V	6164930	1
V	6165161	1
V	6165394	1
V	6165634	1
V	6165872	1
V	6166107	1
V	6166339	1
V	6166580	1
V	6166820	1
V	6167058	1
V	6167300	1
V	6167542	1
V	6167776	1
V	6168009	1
V	6168244	1
V	6168478	1
V	6168713	1
V	6168950	1
V	6169186	1
V	6169420	1
V	6169661	1
V	6169896	1
V	6170137	1
V	6170374	1
V	6170591	1
V	6170822	1
V	6171055	1
V	6171287	1
V	6171518	1
V	6171753	1
V	6171984	1
V	6172215	1
V	6172454	1
V	6172693	1
V	6172928	1
V	6173163	1
V	6173405	1
V	6173640	1
V	6173874	1
V	6174108	1
V	6174342	1
V	6174577	1
V	6174806	1
V	6175035	1
V	6175265	1
V	6175492	1
V	6175704	1
V	6175932	1
V	6176167	1
V	6176396	1
V	6176626	1
V	6176859	1
V	6177089	1
V	6177317	1
V	6177552	1
V	6177782	1
V	6178010	1
V	6178241	1
V	6178473	1
V	6178710	1
V	6178946	1
V	6179177	1
V	6179412	1
V	6179644	1
V	6179879	1
V	6180113	1
V	6180345	1
V	6180581	1
V	6180818	1
V	6181053	1
V	6181294	1
V	6181531	1
V	6181764	1
V	6182001	1
V	6182243	1
V	6182486	1
V	6182726	1
V	6182968	1
V	6183209	1
V	6183449	1
V	6183688	1
V	6183928	1
V	6184165	1
V	6184401	1
V	6184637	1
V	6184870	1
V	6185104	1
V	6185340	1
V	6185576	1
V	6185814	1
V	6186054	1
V	6186297	1
V	6186534	1
V	6186777	1
V	6187020	1
V	6187263	1
V	6187501	1
V	6187735	1
V	6187969	1
V	6188205	1
V	6188442	1
V	6188676	1
V	6188915	1
V	6189157	1
V	6189394	1
V	6189630	1
V	6189864	1
V	6190090	1
V	6190324	1
V	6190553	1
V	6190780	1
V	6191010	1
V	6191238	1
V	6191469	1
V	6191702	1
V	6191931	1
V	6192166	1
V	6192395	1
V	6192626	1
V	6192859	1
V	6193094	1
V	6193325	1
V	6193552	1
V	6193785	1
V	6194015	1
V	6194244	1
V	6194456	1
V	6194683	1
V	6194918	1
V	6195148	1
V	6195378	1
V	6195608	1
V	6195838	1
V	6196068	1
V	6196304	1
V	6196533	1
V	6196766	1
V	6196981	1
V	6197222	1
V	6197459	1
V	6197698	1
V	6197933	1
V	6198166	1
V	6198400	1
V	6198633	1
V	6198875	1
V	6199116	1
V	6199356	1
V	6199596	1
V	6199837	1
V	6200078	1
V	6200320	1
V	6200552	1
V	6200789	1
V	6201025	1
V	6201258	1
V	6201490	1
V	6201722	1
V	6201955	1
V	6202189	1
V	6202407	1
V	6202641	1
V	6202880	1
V	6203114	1
V	6203356	1
V	6203597	1
V	6203832	1
V	6204059	1
V	6204288	1
V	6204519	1
V	6204753	1
V	6204988	1
V	6205224	1
V	6205458	1
V	6205690	1
V	6205926	1
V	6206162	1
V	6206399	1
V	6206636	1
V	6206872	1
V	6207116	1
V	6207350	1
V	6207580	1
V	6207809	1
V	6208039	1
V	6208276	1
V	6208505	1
V	6208739	1
V	6208969	1
V	6209198	1
V	6209433	1
V	6209663	1
V	6209891	1
V	6210118	1
V	6210345	1
V	6210573	1
V	6210802	1
V	6211032	1
V	6211258	1
V	6211491	1
V	6211720	1
V	6211950	1
V	6212179	1
V	6212409	1
V	6212640	1
V	6212870	1
V	6213099	1
V	6213333	1
V	6213563	1
V	6213798	1
V	6214028	1
V	6214255	1
V	6214491	1
V	6214726	1
V	6214963	1
V	6215200	1
V	6215437	1
V	6215680	1
V	6215921	1
V	6216161	1
V	6216394	1
V	6216636	1
V	6216879	1
V	6217120	1
V	6217358	1
V	6217598	1
V	6217836	1
V	6218074	1
V	6218315	1
V	6218551	1
V	6218786	1
V	6219025	1
V	6219260	1
V	6219496	1
V	6219712	1
V	6219945	1
V	6220178	1
V	6220407	1
V	6220625	1
V	6220862	1
V	6221101	1
V	6221342	1
V	6221581	1
V	6221819	1
V	6222062	1
V	6222303	1
V	6222544	1
V	6222778	1
V	6223011	1
V	6223246	1
V	6223478	1
V	6223713	1
V	6223946	1
V	6224162	1
V	6224398	1
V	6224631	1
V	6224867	1
V	6225109	1
V	6225343	1
V	6225582	1
V	6225816	1
V	6226042	1
V	6226271	1
V	6226500	1
V	6226729	1
V	6226959	1
V	6227192	1
V	6227426	1
V	6227656	1
V	6227882	1
V	6228112	1
V	6228346	1
V	6228576	1
V	6228798	1
V	6229010	1
V	6229222	1
V	6229452	1
V	6229682	1
V	6229911	1
V	6230144	1
V	6230373	1
V	6230606	1
V	6230839	1
V	6231076	1
V	6231309	1
V	6231545	1
V	6231781	1
V	6232022	1
V	6232256	1
V	6232494	1
V	6232733	1
V	6232956	1
V	6233197	1
V	6233437	1
V	6233670	1
V	6233906	1
V	6234143	1
V	6234380	1
V	6234616	1
V	6234853	1
V	6235086	1
V	6235324	1
V	6235558	1
V	6235793	1
V	6236029	1
V	6236266	1
V	6236509	1
V	6236749	1
V	6236984	1
V	6237219	1
V	6237452	1
V	6237692	1
V	6237923	1
V	6238161	1
V	6238397	1
V	6238637	1
V	6238874	1
V	6239110	1
V	6239346	1
V	6239588	1
V	6239824	1
V	6240056	1
V	6240288	1
V	6240522	1
V	6240757	1
V	6240992	1
V	6241227	1
V	6241460	1
V	6241694	1
V	6241932	1
V	6242169	1
V	6242410	1
V	6242634	1
V	6242871	1
V	6243108	1
V	6243335	1
V	6243562	1
V	6243792	1
V	6244021	1
V	6244250	1
V	6244479	1
V	6244714	1
V	6244943	1
V	6245172	1
V	6245407	1
V	6245637	1
V	6245865	1
V	6246095	1
V	6246322	1
V	6246552	1
V	6246779	1
V	6247010	1
V	6247224	1
V	6247451	1
V	6247680	1
V	6247914	1
V	6248147	1
V	6248376	1
V	6248606	1
V	6248839	1
V	6249072	1
V	6249306	1
V	6249542	1
V	6249777	1
V	6250012	1
V	6250248	1
V	6250478	1
V	6250714	1
V	6250948	1
V	6251187	1
V	6251428	1
V	6251669	1
V	6251911	1
V	6252153	1
V	6252391	1
V	6252632	1
V	6252872	1
V	6253112	1
V	6253345	1
V	6253584	1
V	6253817	1
V	6254053	1
V	6254289	1
V	6254527	1
V	6254761	1
V	6254997	1
V	6255234	1
V	6255470	1
V	6255707	1
V	6255942	1
V	6256181	1
V	6256408	1
V	6256643	1
V	6256876	1
V	6257111	1
V	6257346	1
V	6257581	1
V	6257818	1
V	6258053	1
V	6258293	1
V	6258522	1
V	6258749	1
V	6258978	1
V	6259207	1
V	6259439	1
V	6259671	1
V	6259906	1
V	6260134	1
V	6260363	1
V	6260589	1
V	6260818	1
V	6261048	1
V	6261284	1
V	6261518	1
V	6261752	1
V	6261981	1
V	6262210	1
V	6262439	1
V	6262667	1
V	6262897	1
V	6263129	1
V	6263355	1
V	6263594	1
V	6263823	1
V	6264058	1
V	6264287	1
V	6264516	1
V	6264745	1
V	6264975	1
V	6265186	1
V	6265417	1
V	6265650	1
V	6265880	1
V	6266119	1
V	6266361	1
V	6266597	1
V	6266833	1
V	6267069	1
V	6267306	1
V	6267540	1
V	6267756	1
V	6267992	1
V	6268227	1
V	6268468	1
V	6268711	1
V	6268948	1
V	6269185	1
V	6269426	1
V	6269659	1
V	6269900	1
V	6270140	1
V	6270379	1
V	6270617	1
V	6270859	1
V	6271101	1
V	6271335	1
V	6271569	1
V	6271803	1
V	6272037	1
V	6272273	1
V	6272507	1
V	6272745	1
V	6272977	1
V	6273196	1
V	6273434	1
V	6273672	1
V	6273893	1
V	6274127	1
V	6274360	1
V	6274595	1
V	6274830	1
V	6275065	1
V	6275297	1
V	6275533	1
V	6275766	1
V	6275995	1
V	6276230	1
V	6276463	1
V	6276692	1
V	6276926	1
V	6277156	1
V	6277386	1
V	6277617	1
V	6277847	1
V	6278083	1
V	6278313	1
V	6278548	1
V	6278779	1
V	6279010	1
V	6279245	1
V	6279470	1
V	6279704	1
V	6279936	1
V	6280165	1
V	6280395	1
V	6280628	1
V	6280857	1
V	6281086	1
V	6281315	1
V	6281542	1
V	6281768	1
V	6281997	1
V	6282227	1
V	6282436	1
V	6282663	1
V	6282893	1
V	6283122	1
V	6283355	1
V	6283584	1
V	6283814	1
V	6284048	1
V	6284282	1
V	6284520	1
V	6284755	1
V	6284991	1
V	6285229	1
V	6285461	1
V	6285700	1
V	6285937	1
V	6286173	1
V	6286411	1
V	6286647	1
V	6286883	1
V	6287126	1
V	6287369	1
V	6287608	1
V	6287846	1
V	6288086	1
V	6288327	1
V	6288567	1
V	6288802	1
V	6289039	1
V	6289273	1
V	6289509	1
V	6289745	1
V	6289974	1
V	6290211	1
V	6290452	1
V	6290684	1
V	6290920	1
V	6291161	1
V	6291396	1
V	6291632	1
V	6291863	1
V	6292099	1
V	6292340	1
V	6292562	1
V	6292800	1
V	6293040	1
V	6293276	1
V	6293494	1
V	6293722	1
V	6293957	1
V	6294191	1
V	6294424	1
V	6294658	1
V	6294895	1
V	6295134	1
V	6295376	1
V	6295612	1
V	6295855	1
V	6296091	1
V	6296320	1
V	6296549	1
V	6296775	1
V	6297010	1
V	6297238	1
V	6297471	1
V	6297700	1
V	6297930	1
V	6298165	1
V	6298402	1
V	6298632	1
V	6298851	1
V	6299078	1
V	6299305	1
V	6299533	1
V	6299765	1
V	6300001	1
V	6300231	1
V	6300461	1
V	6300695	1
V	6300931	1
V	6301161	1
V	6301388	1
V	6301623	1
V	6301853	1
V	6302085	1
V	6302314	1
V	6302544	1
V	6302774	1
V	6303007	1
V	6303242	1
V	6303478	1
V	6303715	1
V	6303953	1
V	6304188	1
V	6304430	1
V	6304666	1
V	6304906	1
V	6305137	1
V	6305380	1
V	6305613	1
V	6305848	1
V	6306085	1
V	6306320	1
V	6306555	1
V	6306791	1
V	6307033	1
V	6307272	1
V	6307514	1
V	6307752	1
V	6307990	1
V	6308222	1
V	6308456	1
V	6308691	1
V	6308925	1
V	6309159	1
V	6309402	1
V	6309636	1
V	6309874	1
V	6310109	1
V	6310352	1
V	6310590	1
V	6310832	1
V	6311071	1
V	6311299	1
V	6311535	1
V	6311768	1
V	6312001	1
V	6312231	1
V	6312459	1
V	6312694	1
V	6312929	1
V	6313164	1
V	6313394	1
V	6313620	1
V	6313850	1
V	6314079	1
V	6314309	1
V	6314542	1
V	6314775	1
V	6315007	1
V	6315233	1
V	6315466	1
V	6315702	1
V	6315932	1
V	6316170	1
V	6316403	1
V	6316636	1
V	6316865	1
V	6317106	1
V	6317344	1
V	6317580	1
V	6317815	1
V	6318051	1
V	6318288	1
V	6318530	1
V	6318771	1
V	6319012	1
V	6319250	1
V	6319491	1
V	6319732	1
V	6319947	1
V	6320164	1
V	6320401	1
V	6320637	1
V	6320877	1
V	6321115	1
V	6321349	1
V	6321567	1
V	6321802	1
V	6322036	1
V	6322276	1
V	6322516	1
V	6322754	1
V	6322992	1
V	6323232	1
V	6323474	1
V	6323703	1
V	6323936	1
V	6324169	1
V	6324404	1
V	6324640	1
V	6324877	1
V	6325111	1
V	6325345	1
V	6325587	1
V	6325806	1
V	6326035	1
V	6326261	1
V	6326490	1
V	6326721	1
V	6326947	1
V	6327183	1
V	6327413	1
V	6327645	1
V	6327880	1
V	6328107	1
V	6328335	1
V	6328568	1
V	6328803	1
V	6329034	1
V	6329263	1
V	6329498	1
V	6329729	1
V	6329959	1
V	6330187	1
V	6330420	1
V	6330654	1
V	6330889	1
V	6331119	1
V	6331348	1
V	6331583	1
V	6331812	1
V	6332040	1
V	6332269	1
V	6332500	1
V	6332732	1
V	6332961	1
V	6333188	1
V	6333417	1
V	6333652	1
V	6333885	1
V	6334118	1
V	6334355	1
V	6334590	1
V	6334826	1
V	6335059	1
V	6335296	1
V	6335532	1
V	6335769	1
V	6336005	1
V	6336240	1
V	6336480	1
V	6336720	1
V	6336962	1
V	6337201	1
V	6337442	1
V	6337679	1
V	6337916	1
V	6338148	1
V	6338384	1
V	6338616	1
V	6338850	1
V	6339092	1
V	6339334	1
V	6339574	1
V	6339806	1
V	6340045	1
V	6340283	1
V	6340523	1
V	6340764	1
V	6341002	1
V	6341232	1
V	6341467	1
V	6341702	1
V	6341937	1
V	6342173	1
V	6342407	1
V	6342641	1
V	6342876	1
V	6343107	1
V	6343337	1
V	6343573	1
V	6343808	1
V	6344043	1
V	6344278	1
V	6344518	1
V	6344761	1
V	6344990	1
V	6345219	1
V	6345449	1
V	6345683	1
V	6345913	1
V	6346142	1
V	6346371	1
V	6346606	1
V	6346835	1
V	6347065	1
V	6347296	1
V	6347523	1
V	6347752	1
V	6347987	1
V	6348217	1
V	6348447	1
V	6348685	1
V	6348911	1
V	6349146	1
V	6349378	1
V	6349609	1
V	6349847	1
V	6350076	1
V	6350313	1
V	6350540	1
V	6350775	1
V	6351005	1
V	6351233	1
V	6351469	1
V	6351700	1
V	6351930	1
V	6352159	1
V	6352401	1
V	6352639	1
V	6352878	1
V	6353114	1
V	6353348	1
V	6353589	1
V	6353823	1
V	6354063	1
V	6354304	1
V	6354543	1
V	6354776	1
V	6355009	1
V	6355244	1
V	6355479	1
V	6355715	1
V	6355950	1
V	6356189	1
V	6356421	1
V	6356654	1
V	6356891	1
V	6357129	1
V	6357371	1
V	6357613	1
V	6357850	1
V	6358085	1
V	6358319	1
V	6358553	1
V	6358786	1
V	6359019	1
V	6359252	1
V	6359471	1
V	6359701	1
V	6359931	1
V	6360166	1
V	6360399	1
V	6360633	1
V	6360864	1
V	6361100	1
V	6361330	1
V	6361565	1
V	6361797	1
V	6362024	1
V	6362253	1
V	6362483	1
V	6362718	1
V	6362947	1
V	6363177	1
V	6363406	1
V	6363642	1
V	6363871	1
V	6364103	1
V	6364332	1
V	6364544	1
V	6364774	1
V	6364985	1
V	6365217	1
V	6365452	1
V	6365683	1
V	6365918	1
V	6366147	1
V	6366381	1
V	6366611	1
V	6366842	1
V	6367075	1
V	6367291	1
V	6367525	1
V	6367765	1
V	6368005	1
V	6368240	1
V	6368482	1
V	6368722	1
V	6368965	1
V	6369198	1
V	6369433	1
V	6369676	1
V	6369915	1
V	6370155	1
V	6370395	1
V	6370636	1
V	6370875	1
V	6371117	1
V	6371354	1
V	6371590	1
V	6371828	1
V	6372064	1
V	6372299	1
V	6372535	1
V	6372771	1
V	6373005	1
V	6373238	1
V	6373476	1
V	6373697	1
V	6373932	1
V	6374171	1
V	6374411	1
V	6374647	1
V	6374887	1
V	6375120	1
V	6375355	1
V	6375586	1
V	6375818	1
V	6376059	1
V	6376297	1
V	6376530	1
V	6376759	1
V	6376994	1
V	6377221	1
V	6377450	1
V	6377667	1
V	6377896	1
V	6378127	1
V	6378357	1
V	6378592	1
V	6378821	1
V	6379050	1
V	6379284	1
V	6379507	1
V	6379738	1
V	6379972	1
V	6380202	1
V	6380437	1
V	6380670	1
V	6380902	1
V	6381128	1
V	6381355	1
V	6381591	1
V	6381818	1
V	6382054	1
V	6382283	1
V	6382510	1
V	6382721	1
V	6382951	1
V	6383180	1
V	6383409	1
V	6383647	1
V	6383875	1
V	6384106	1
V	6384343	1
V	6384576	1
V	6384812	1
V	6385045	1
V	6385287	1
V	6385522	1
V	6385758	1
V	6385993	1
V	6386230	1
V	6386470	1
V	6386711	1
V	6386951	1
V	6387190	1
V	6387431	1
V	6387671	1
V	6387913	1
V	6388146	1
V	6388382	1
V	6388618	1
V	6388852	1
V	6389087	1
V	6389319	1
V	6389553	1
V	6389788	1
V	6390024	1
V	6390262	1
V	6390503	1
V	6390738	1
V	6390978	1
V	6391212	1
V	6391447	1
V	6391680	1
V	6391915	1
V	6392154	1
V	6392396	1
V	6392637	1
V	6392871	1
V	6393106	1
V	6393322	1
V	6393536	1
V	6393769	1
V	6394001	1
V	6394238	1
V	6394471	1
V	6394707	1
V	6394949	1
V	6395177	1
V	6395410	1
V	6395637	1
V	6395872	1
V	6396102	1
V	6396331	1
V	6396560	1
V	6396795	1
V	6397024	1
V	6397255	1
V	6397485	1
V	6397715	1
V	6397943	1
V	6398173	1
V	6398410	1
V	6398645	1
V	6398875	1
V	6399109	1
V	6399338	1
V	6399566	1
V	6399804	1
V	6400037	1
V	6400266	1
V	6400501	1
V	6400723	1
V	6400960	1
V	6401189	1
V	6401426	1
V	6401663	1
V	6401899	1
V	6402134	1
V	6402365	1
V	6402597	1
V	6402833	1
V	6403069	1
V	6403287	1
V	6403522	1
V	6403758	1
V	6403992	1
V	6404226	1
V	6404467	1
V	6404710	1
V	6404952	1
V	6405193	1
V	6405432	1
V	6405653	1
V	6405895	1
V	6406136	1
V	6406371	1
V	6406608	1
V	6406850	1
V	6407086	1
V	6407320	1
V	6407552	1
V	6407787	1
V	6408023	1
V	6408258	1
V	6408494	1
V	6408730	1
V	6408965	1
V	6409199	1
V	6409432	1
V	6409671	1
V	6409905	1
V	6410144	1
V	6410382	1
V	6410624	1
V	6410865	1
V	6411107	1
V	6411341	1
V	6411575	1
V	6411809	1
V	6412043	1
V	6412275	1
V	6412509	1
V	6412737	1
V	6412970	1
V	6413205	1
V	6413441	1
V	6413676	1
V	6413912	1
V	6414147	1
V	6414381	1
V	6414615	1
V	6414844	1
V	6415073	1
V	6415302	1
V	6415530	1
V	6415762	1
V	6415997	1
V	6416235	1
V	6416470	1
V	6416701	1
V	6416933	1
V	6417162	1
V	6417395	1
V	6417624	1
V	6417855	1
V	6418090	1
V	6418316	1
V	6418553	1
V	6418782	1
V	6419011	1
V	6419239	1
V	6419474	1
V	6419704	1
V	6419933	1
V	6420169	1
V	6420402	1
V	6420630	1
V	6420859	1
V	6421089	1
V	6421323	1
V	6421560	1
V	6421778	1
V	6422011	1
V	6422248	1
V	6422490	1
V	6422731	1
V	6422972	1
V	6423210	1
V	6423447	1
V	6423689	1
V	6423930	1
V	6424154	1
V	6424388	1
V	6424621	1
V	6424861	1
V	6425100	1
V	6425334	1
V	6425569	1
V	6425803	1
V	6426039	1
V	6426274	1
V	6426508	1
V	6426749	1
V	6426986	1
V	6427225	1
V	6427467	1
V	6427702	1
V	6427939	1
V	6428174	1
V	6428408	1
V	6428645	1
V	6428880	1
V	6429114	1
V	6429350	1
V	6429587	1
V	6429821	1
V	6430050	1
V	6430279	1
V	6430509	1
V	6430737	1
V	6430966	1
V	6431196	1
V	6431432	1
V	6431668	1
V	6431897	1
V	6432128	1
V	6432358	1
V	6432594	1
V	6432825	1
V	6433057	1
V	6433293	1
V	6433524	1
V	6433757	1
V	6433991	1
V	6434212	1
V	6434449	1
V	6434685	1
V	6434921	1
V	6435158	1
V	6435393	1
V	6435630	1
V	6435867	1
V	6436106	1
V	6436348	1
V	6436585	1
V	6436823	1
V	6437065	1
V	6437301	1
V	6437520	1
V	6437758	1
V	6437992	1
V	6438224	1
V	6438458	1
V	6438697	1
V	6438936	1
V	6439177	1
V	6439402	1
V	6439636	1
V	6439872	1
V	6440106	1
V	6440337	1
V	6440571	1
V	6440806	1
V	6441030	1
V	6441265	1
V	6441508	1
V	6441748	1
V	6441990	1
V	6442217	1
V	6442428	1
V	6442658	1
V	6442888	1
V	6443118	1
V	6443349	1
V	6443584	1
V	6443822	1
V	6444055	1
V	6444286	1
V	6444515	1
V	6444745	1
V	6444977	1
V	6445212	1
V	6445444	1
V	6445677	1
V	6445907	1
V	6446142	1
V	6446378	1
V	6446608	1
V	6446841	1
V	6447072	1
V	6447302	1
V	6447531	1
V	6447762	1
V	6447997	1
V	6448240	1
V	6448475	1
V	6448710	1
V	6448952	1
V	6449192	1
V	6449426	1
V	6449650	1
V	6449891	1
V	6450132	1
V	6450373	1
V	6450613	1
V	6450851	1
V	6451090	1
V	6451325	1
V	6451560	1
V	6451794	1
V	6452036	1
V	6452273	1
V	6452510	1
V	6452746	1
V	6452982	1
V	6453219	1
V	6453455	1
V	6453696	1
V	6453936	1
V	6454176	1
V	6454418	1
V	6454660	1
V	6454894	1
V	6455133	1
V	6455375	1
V	6455609	1
V	6455845	1
V	6456080	1
V	6456316	1
V	6456550	1
V	6456784	1
V	6457019	1
V	6457253	1
V	6457489	1
V	6457724	1
V	6457957	1
V	6458193	1
V	6458435	1
V	6458670	1
V	6458903	1
V	6459140	1
V	6459355	1
V	6459581	1
V	6459811	1
V	6460040	1
V	6460271	1
V	6460501	1
V	6460734	1
V	6460961	1
V	6461187	1
V	6461418	1
V	6461648	1
V	6461877	1
V	6462112	1
V	6462341	1
V	6462570	1
V	6462800	1
V	6463033	1
V	6463269	1
V	6463499	1
V	6463732	1
V	6463969	1
V	6464199	1
V	6464429	1
V	6464650	1
V	6464880	1
V	6465113	1
V	6465347	1
V	6465584	1
V	6465820	1
V	6466055	1
V	6466291	1
V	6466528	1
V	6466762	1
V	6466997	1
V	6467233	1
V	6467469	1
V	6467705	1
V	6467945	1
V	6468182	1
V	6468424	1
V	6468660	1
V	6468900	1
V	6469139	1
V	6469375	1
V	6469612	1
V	6469853	1
V	6470088	1
V	6470328	1
V	6470565	1
V	6470800	1
V	6471032	1
V	6471264	1
V	6471498	1
V	6471732	1
V	6471964	1
V	6472199	1
V	6472436	1
V	6472677	1
V	6472910	1
V	6473126	1
V	6473362	1
V	6473581	1
V	6473822	1
V	6474059	1
V	6474278	1
V	6474520	1
V	6474757	1
V	6474989	1
V	6475222	1
V	6475457	1
V	6475697	1
V	6475921	1
V	6476155	1
V	6476394	1
V	6476626	1
V	6476857	1
V	6477086	1
V	6477317	1
V	6477551	1
V	6477779	1
V	6478009	1
V	6478233	1
V	6478462	1
V	6478691	1
V	6478920	1
V	6479150	1
V	6479381	1
V	6479611	1
V	6479841	1
V	6480077	1
V	6480305	1
V	6480541	1
V	6480773	1
V	6481004	1
V	6481222	1
V	6481452	1
V	6481681	1
V	6481910	1
V	6482141	1
V	6482370	1
V	6482607	1
V	6482842	1
V	6483078	1
V	6483314	1
V	6483551	1
V	6483786	1
V	6484021	1
V	6484239	1
V	6484474	1
V	6484708	1
V	6484943	1
V	6485183	1
V	6485423	1
V	6485648	1
V	6485888	1
V	6486128	1
V	6486370	1
V	6486612	1
V	6486835	1
V	6487069	1
V	6487305	1
V	6487535	1
V	6487777	1
V	6488014	1
V	6488247	1
V	6488488	1
V	6488725	1
V	6488965	1
V	6489200	1
V	6489432	1
V	6489672	1
V	6489907	1
V	6490142	1
V	6490380	1
V	6490622	1
V	6490856	1
V	6491093	1
V	6491310	1
V	6491543	1
V	6491777	1
V	6492013	1
V	6492244	1
V	6492480	1
V	6492715	1
V	6492950	1
V	6493193	1
V	6493428	1
V	6493661	1
V	6493889	1
V	6494121	1
V	6494351	1
V	6494581	1
V	6494812	1
V	6495039	1
V	6495264	1
V	6495490	1
V	6495718	1
V	6495951	1
V	6496187	1
V	6496422	1
V	6496655	1
V	6496882	1
V	6497109	1
V	6497340	1
V	6497569	1
V	6497804	1
V	6498038	1
V	6498274	1
V	6498514	1
V	6498758	1
V	6498994	1
V	6499234	1
V	6499457	1
V	6499695	1
V	6499935	1
V	6500176	1
V	6500412	1
V	6500648	1
V	6500883	1
V	6501119	1
V	6501355	1
V	6501587	1
V	6501828	1
V	6502070	1
V	6502305	1
V	6502529	1
V	6502763	1
V	6502978	1
V	6503221	1
V	6503460	1
V	6503702	1
V	6503945	1
V	6504181	1
V	6504423	1
V	6504657	1
V	6504894	1
V	6505129	1
V	6505364	1
V	6505601	1
V	6505834	1
V	6506070	1
V	6506292	1
V	6506528	1
V	6506747	1
V	6506964	1
V	6507195	1
V	6507429	1
V	6507658	1
V	6507893	1
V	6508121	1
V	6508357	1
V	6508585	1
V	6508817	1
V	6509043	1
V	6509272	1
V	6509511	1
V	6509745	1
V	6509981	1
V	6510211	1
V	6510446	1
V	6510675	1
V	6510892	1
V	6511123	1
V	6511357	1
V	6511596	1
V	6511832	1
V	6512065	1
V	6512300	1
V	6512537	1
V	6512771	1
V	6513006	1
V	6513249	1
V	6513486	1
V	6513724	1
V	6513963	1
V	6514203	1
V	6514444	1
V	6514684	1
V	6514925	1
V	6515148	1
V	6515390	1
V	6515630	1
V	6515865	1
V	6516102	1
V	6516339	1
V	6516576	1
V	6516814	1
V	6517052	1
V	6517286	1
V	6517524	1
V	6517757	1
V	6517990	1
V	6518224	1
V	6518455	1
V	6518689	1
V	6518925	1
V	6519165	1
V	6519404	1
V	6519638	1
V	6519878	1
V	6520116	1
V	6520352	1
V	6520587	1
V	6520821	1
V	6521055	1
V	6521289	1
V	6521523	1
V	6521757	1
V	6521988	1
V	6522220	1
V	6522453	1
V	6522689	1
V	6522907	1
V	6523144	1
V	6523373	1
V	6523608	1
V	6523843	1
V	6524077	1
V	6524311	1
V	6524546	1
V	6524774	1
V	6525009	1
V	6525245	1
V	6525475	1
V	6525704	1
V	6525936	1
V	6526168	1
V	6526400	1
V	6526637	1
V	6526864	1
V	6527099	1
V	6527333	1
V	6527569	1
V	6527810	1
V	6528047	1
V	6528288	1
V	6528519	1
V	6528755	1
V	6528990	1
V	6529224	1
V	6529460	1
V	6529702	1
V	6529944	1
V	6530181	1
V	6530416	1
V	6530655	1
V	6530896	1
V	6531138	1
V	6531376	1
V	6531617	1
V	6531858	1
V	6532091	1
V	6532326	1
V	6532562	1
V	6532796	1
V	6533029	1
V	6533262	1
V	6533497	1
V	6533733	1
V	6533968	1
V	6534211	1
V	6534450	1
V	6534685	1
V	6534920	1
V	6535162	1
V	6535403	1
V	6535644	1
V	6535877	1
V	6536109	1
V	6536336	1
V	6536571	1
V	6536806	1
V	6537042	1
V	6537278	1
V	6537511	1
V	6537745	1
V	6537973	1
V	6538203	1
V	6538437	1
V	6538672	1
V	6538906	1
V	6539135	1
V	6539360	1
V	6539590	1
V	6539820	1
V	6540044	1
V	6540271	1
V	6540506	1
V	6540736	1
V	6540966	1
V	6541195	1
V	6541430	1
V	6541658	1
V	6541892	1
V	6542119	1
V	6542356	1
V	6542586	1
V	6542820	1
V	6543054	1
V	6543292	1
V	6543522	1
V	6543756	1
V	6543993	1
V	6544234	1
V	6544470	1
V	6544707	1
V	6544942	1
V	6545177	1
V	6545414	1
V	6545649	1
V	6545891	1
V	6546133	1
V	6546375	1
V	6546615	1
V	6546856	1
V	6547098	1
V	6547334	1
V	6547568	1
V	6547800	1
V	6548033	1
V	6548270	1
V	6548505	1
V	6548740	1
V	6548974	1
V	6549210	1
V	6549446	1
V	6549687	1
V	6549920	1
V	6550154	1
V	6550391	1
V	6550633	1
V	6550871	1
V	6551112	1
V	6551343	1
V	6551571	1
V	6551806	1
V	6552040	1
V	6552274	1
V	6552508	1
V	6552743	1
V	6552976	1
V	6553211	1
V	6553443	1
V	6553676	1
V	6553908	1
V	6554143	1
V	6554382	1
V	6554616	1
V	6554850	1
V	6555085	1
V	6555313	1
V	6555543	1
V	6555772	1
V	6556001	1
V	6556231	1
V	6556465	1
V	6556691	1
V	6556921	1
V	6557143	1
V	6557373	1
V	6557608	1
V	6557839	1
V	6558070	1
V	6558295	1
V	6558522	1
V	6558755	1
V	6558986	1
V	6559221	1
V	6559451	1
V	6559687	1
V	6559921	1
V	6560147	1
V	6560374	1
V	6560605	1
V	6560837	1
V	6561073	1
V	6561306	1
V	6561537	1
V	6561773	1
V	6562007	1
V	6562243	1
V	6562473	1
V	6562705	1
V	6562939	1
V	6563170	1
V	6563404	1
V	6563632	1
V	6563853	1
V	6564089	1
V	6564324	1
V	6564559	1
V	6564795	1
V	6565031	1
V	6565267	1
V	6565504	1
V	6565746	1
V	6565988	1
V	6566230	1
V	6566468	1
V	6566711	1
V	6566948	1
V	6567186	1
V	6567427	1
V	6567666	1
V	6567899	1
V	6568141	1
V	6568383	1
V	6568621	1
V	6568846	1
V	6569083	1
V	6569316	1
V	6569551	1
V	6569784	1
V	6570001	1
V	6570234	1
V	6570470	1
V	6570706	1
V	6570940	1
V	6571174	1
V	6571402	1
V	6571631	1
V	6571859	1
V	6572089	1
V	6572319	1
V	6572550	1
V	6572779	1
V	6573005	1
V	6573235	1
V	6573472	1
V	6573684	1
V	6573902	1
V	6574137	1
V	6574367	1
V	6574597	1
V	6574827	1
V	6575056	1
V	6575286	1
V	6575515	1
V	6575749	1
V	6575979	1
V	6576214	1
V	6576445	1
V	6576674	1
V	6576910	1
V	6577144	1
V	6577379	1
V	6577612	1
V	6577849	1
V	6578083	1
V	6578317	1
V	6578553	1
V	6578793	1
V	6579036	1
V	6579276	1
V	6579517	1
V	6579756	1
V	6579998	1
V	6580234	1
V	6580469	1
V	6580707	1
V	6580941	1
V	6581176	1
V	6581394	1
V	6581628	1
V	6581865	1
V	6582107	1
V	6582342	1
V	6582582	1
V	6582817	1
V	6583054	1
V	6583295	1
V	6583522	1
V	6583749	1
V	6583977	1
V	6584206	1
V	6584440	1
V	6584674	1
V	6584908	1
V	6585142	1
V	6585376	1
V	6585609	1
V	6585840	1
V	6586076	1
V	6586319	1
V	6586538	1
V	6586779	1
V	6587017	1
V	6587255	1
V	6587488	1
V	6587724	1
V	6587961	1
V	6588204	1
V	6588437	1
V	6588669	1
V	6588903	1
V	6589115	1
V	6589345	1
V	6589579	1
V	6589809	1
V	6590046	1
V	6590275	1
V	6590502	1
V	6590732	1
V	6590967	1
V	6591194	1
V	6591420	1
V	6591647	1
V	6591874	1
V	6592109	1
V	6592338	1
V	6592573	1
V	6592801	1
V	6593035	1
V	6593265	1
V	6593495	1
V	6593732	1
V	6593960	1
V	6594195	1
V	6594424	1
V	6594656	1
V	6594891	1
V	6595124	1
V	6595359	1
V	6595597	1
V	6595834	1
V	6596073	1
V	6596313	1
V	6596551	1
V	6596793	1
V	6597017	1
V	6597251	1
V	6597488	1
V	6597724	1
V	6597966	1
V	6598204	1
V	6598437	1
V	6598671	1
V	6598912	1
V	6599151	1
V	6599391	1
V	6599630	1
V	6599871	1
V	6600113	1
V	6600338	1
V	6600579	1
V	6600813	1
V	6601048	1
V	6601282	1
V	6601517	1
V	6601750	1
V	6601993	1
V	6602226	1
V	6602465	1
V	6602707	1
V	6602942	1
V	6603184	1
V	6603411	1
V	6603641	1
V	6603870	1
V	6604098	1
V	6604333	1
V	6604567	1
V	6604796	1
V	6605027	1
V	6605256	1
V	6605486	1
V	6605714	1
V	6605944	1
V	6606173	1
V	6606408	1
V	6606633	1
V	6606863	1
V	6607093	1
V	6607319	1
V	6607549	1
V	6607785	1
V	6608013	1
V	6608236	1
V	6608470	1
V	6608704	1
V	6608941	1
V	6609181	1
V	6609415	1
V	6609650	1
V	6609892	1
V	6610134	1
V	6610374	1
V	6610613	1
V	6610852	1
V	6611089	1
V	6611328	1
V	6611569	1
V	6611804	1
V	6612040	1
V	6612277	1
V	6612515	1
V	6612754	1
V	6612989	1
V	6613224	1
V	6613460	1
V	6613697	1
V	6613935	1
V	6614171	1
V	6614409	1
V	6614642	1
V	6614879	1
V	6615112	1
V	6615346	1
V	6615579	1
V	6615810	1
V	6616042	1
V	6616276	1
V	6616512	1
V	6616755	1
V	6616988	1
V	6617222	1
V	6617461	1
V	6617694	1
V	6617924	1
V	6618157	1
V	6618383	1
V	6618613	1
V	6618841	1
V	6619075	1
V	6619289	1
V	6619518	1
V	6619748	1
V	6619983	1
V	6620213	1
V	6620446	1
V	6620674	1
V	6620904	1
V	6621133	1
V	6621362	1
V	6621596	1
V	6621827	1
V	6622057	1
V	6622287	1
V	6622517	1
V	6622746	1
V	6622980	1
V	6623210	1
V	6623439	1
V	6623668	1
V	6623889	1
V	6624116	1
V	6624345	1
V	6624560	1
V	6624798	1
V	6625034	1
V	6625267	1
V	6625500	1
V	6625734	1
V	6625970	1
V	6626213	1
V	6626452	1
V	6626695	1
V	6626935	1
V	6627178	1
V	6627418	1
V	6627654	1
V	6627889	1
V	6628123	1
V	6628361	1
V	6628594	1
V	6628831	1
V	6629067	1
V	6629303	1
V	6629537	1
V	6629770	1
V	6630012	1
V	6630250	1
V	6630487	5
V	6630738	5
V	6630986	1
V	6631227	1
V	6631469	1
V	6631696	1
V	6631930	1
V	6632164	1
V	6632399	1
V	6632630	1
V	6632863	1
V	6633097	1
V	6633332	1
V	6633562	1
V	6633798	1
V	6634034	1
V	6634271	1
V	6634501	1
V	6634737	1
V	6634966	1
V	6635200	1
V	6635430	1
V	6635659	1
V	6635894	1
V	6636123	1
V	6636352	1
V	6636587	1
V	6636818	1
V	6637053	1
V	6637282	1
V	6637516	1
V	6637751	1
V	6637986	1
V	6638213	1
V	6638448	1
V	6638676	1
V	6638912	1
V	6639140	1
V	6639375	1
V	6639610	1
V	6639843	1
V	6640070	1
V	6640301	1
V	6640530	1
V	6640760	1
V	6640990	1
V	6641226	1
V	6641466	1
V	6641701	1
V	6641935	1
V	6642173	1
V	6642414	1
V	6642650	1
V	6642874	1
V	6643115	1
V	6643352	1
V	6643586	1
V	6643822	1
V	6644055	1
V	6644292	1
V	6644533	1
V	6644774	1
V	6645013	1
V	6645234	1
V	6645472	1
V	6645713	1
V	6645953	1
V	6646193	1
V	6646426	1
V	6646661	1
V	6646897	1
V	6647133	1
V	6647370	1
V	6647608	1
V	6647840	1
V	6648073	1
V	6648308	1
V	6648549	1
V	6648786	1
V	6649022	1
V	6649259	1
V	6649500	1
V	6649737	1
V	6649974	5
V	6650219	5
V	6650465	5
V	6650711	5
V	6650958	5
V	6651203	5
V	6651458	5
V	6651718	5
V	6651974	5
V	6652230	5
V	6652481	5
V	6652743	5
V	6652996	5
V	6653251	5
V	6653501	5
V	6653753	5
V	6654001	5
V	6654251	5
V	6654503	5
V	6654760	5
V	6655006	5
V	6655266	5
V	6655523	5
V	6655779	5
V	6656040	5
V	6656292	5
V	6656545	5
V	6656801	5
V	6657056	5
V	6657308	5
V	6657562	5
V	6657815	5
V	6658074	5
V	6658332	5
V	6658583	5
V	6658841	5
V	6659095	5
V	6659341	5
V	6659588	5
V	6659843	5
V	6660100	5
V	6660355	5
V	6660603	5
V	6660855	5
V	6661105	5
V	6661361	5
V	6661613	5
V	6661867	5
V	6662115	5
V	6662370	5
V	6662621	5
V	6662876	5
V	6663130	5
V	6663387	5
V	6663635	5
V	6663894	5
V	6664153	5
V	6664412	5
V	6664667	5
V	6664927	5
V	6665181	5
V	6665432	5
V	6665683	5
V	6665936	5
V	6666187	5
V	6666438	5
V	6666691	5
V	6666937	5
V	6667192	5
V	6667438	5
V	6667690	5
V	6667943	5
V	6668198	5
V	6668453	5
V	6668713	5
V	6668965	5
V	6669220	5
V	6669470	5
V	6669728	5
V	6669980	5
V	6670235	5
V	6670495	5
V	6670740	5
V	6670989	5
V	6671244	5
V	6671499	5
V	6671748	5
V	6672002	5
V	6672251	5
V	6672500	5
V	6672752	5
V	6673004	5
V	6673248	5
V	6673501	5
V	6673750	5
V	6674002	5
V	6674251	5
V	6674498	5
V	6674753	5
V	6674996	5
V	6675246	5
V	6675498	5
V	6675750	5
V	6676004	5
V	6676255	5
V	6676510	5
V	6676761	5
V	6677014	5
V	6677267	5
V	6677520	5
V	6677765	5
V	6678019	5
V	6678270	5
V	6678522	5
V	6678771	5
V	6679020	5
V	6679272	5
V	6679522	5
V	6679773	5
V	6680030	5
V	6680282	5
V	6680531	5
V	6680775	5
V	6681032	5
V	6681284	5
V	6681542	5
V	6681790	5
V	6682043	5
V	6682290	5
V	6682544	5
V	6682792	5
V	6683044	5
V	6683297	5
V	6683546	5
V	6683799	5
V	6684048	5
V	6684296	5
V	6684544	5
V	6684791	5
V	6685040	5
V	6685294	5
V	6685546	5
V	6685793	5
V	6686044	5
V	6686287	5
V	6686540	5
V	6686787	5
V	6687037	5
V	6687287	5
V	6687535	5
V	6687780	5
V	6688027	5
V	6688273	5
V	6688523	5
V	6688763	5
V	6689008	5
V	6689249	5
V	6689496	5
V	6689743	5
V	6689986	5
V	6690244	5
V	6690493	5
V	6690740	5
V	6690997	5
V	6691248	5
V	6691506	5
V	6691751	5
V	6691995	5
V	6692241	5
V	6692490	5
V	6692742	5
V	6692994	5
V	6693250	5
V	6693497	5
V	6693749	5
V	6694001	5
V	6694254	5
V	6694502	5
V	6694750	5
V	6695004	1
V	6695230	1
V	6695460	1
V	6695697	1
V	6695933	1
V	6696164	1
V	6696405	1
V	6696639	1
V	6696881	1
V	6697118	1
V	6697346	1
V	6697580	1
V	6697807	1
V	6698041	1
V	6698271	1
V	6698501	1
V	6698731	1
V	6698966	1
V	6699193	1
V	6699424	1
V	6699654	1
V	6699887	1
V	6700121	1
V	6700356	1
V	6700586	1
V	6700816	1
V	6701044	1
V	6701281	1
V	6701516	1
V	6701750	1
V	6701986	1
V	6702222	1
V	6702461	1
V	6702702	1
V	6702936	1
V	6703172	1
V	6703414	1
V	6703651	1
V	6703893	1
V	6704128	1
V	6704366	1
V	6704602	1
V	6704841	1
V	6705075	1
V	6705312	1
V	6705550	1
V	6705785	1
V	6706023	1
V	6706266	1
V	6706492	1
V	6706725	1
V	6706961	1
V	6707197	1
V	6707431	1
V	6707666	1
V	6707909	1
V	6708147	1
V	6708389	1
V	6708608	1
V	6708841	1
V	6709074	1
V	6709306	1
V	6709542	1
V	6709777	1
V	6710006	1
V	6710231	1
V	6710466	1
V	6710699	1
V	6710927	1
V	6711154	1
V	6711383	1
V	6711612	1
V	6711838	1
V	6712064	1
V	6712301	1
V	6712535	1
V	6712747	1
V	6712977	1
V	6713205	1
V	6713436	1
V	6713672	1
V	6713902	1
V	6714136	1
V	6714363	1
V	6714598	1
V	6714810	1
V	6715044	1
V	6715270	1
V	6715502	1
V	6715732	1
V	6715969	1
V	6716204	1
V	6716436	1
V	6716669	1
V	6716908	1
V	6717149	1
V	6717391	1
V	6717631	1
V	6717872	1
V	6718105	1
V	6718339	1
V	6718572	1
V	6718814	1
V	6719051	1
V	6719288	1
V	6719507	1
V	6719745	1
V	6719983	1
V	6720220	1
V	6720458	1
V	6720679	1
V	6720907	1
V	6721137	1
V	6721372	1
V	6721589	1
V	6721823	1
V	6722059	1
V	6722301	1
V	6722540	1
V	6722783	1
V	6723024	1
V	6723268	1
V	6723505	1
V	6723734	1
V	6723964	1
V	6724194	1
V	6724422	1
V	6724653	1
V	6724888	1
V	6725122	1
V	6725360	1
V	6725595	1
V	6725823	1
V	6726051	1
V	6726279	1
V	6726513	1
V	6726740	1
V	6726969	1
V	6727204	1
V	6727434	1
V	6727660	1
V	6727890	1
V	6728117	1
V	6728353	1
V	6728585	1
V	6728821	1
V	6729056	1
V	6729295	1
V	6729518	1
V	6729757	1
V	6729995	1
V	6730235	1
V	6730476	1
V	6730714	1
V	6730956	1
V	6731198	1
V	6731439	1
V	6731674	1
V	6731917	1
V	6732154	1
V	6732387	1
V	6732618	1
V	6732851	1
V	6733087	1
V	6733323	1
V	6733559	1
V	6733796	1
V	6734033	1
V	6734269	1
V	6734503	1
V	6734736	1
V	6734975	1
V	6735208	1
V	6735441	1
V	6735680	1
V	6735918	1
V	6736138	1
V	6736379	1
V	6736614	1
V	6736848	1
V	6737078	1
V	6737311	1
V	6737547	1
V	6737779	1
V	6738011	1
V	6738245	1
V	6738480	1
V	6738719	1
V	6738953	1
V	6739189	1
V	6739425	1
V	6739661	1
V	6739894	1
V	6740126	1
V	6740355	1
V	6740589	1
V	6740823	1
V	6741053	1
V	6741289	1
V	6741519	1
V	6741756	1
V	6741993	1
V	6742219	1
V	6742450	1
V	6742681	1
V	6742916	1
V	6743151	1
V	6743380	1
V	6743612	1
V	6743838	1
V	6744071	1
V	6744305	1
V	6744540	1
V	6744772	1
V	6745004	1
V	6745244	1
V	6745484	1
V	6745723	1
V	6745962	1
V	6746200	1
V	6746438	1
V	6746674	1
V	6746911	1
V	6747145	1
V	6747379	1
V	6747614	1
V	6747855	1
V	6748090	1
V	6748326	1
V	6748563	1
V	6748798	1
V	6749035	1
V	6749276	1
V	6749500	1
V	6749733	1
V	6749967	1
V	6750202	1
V	6750419	1
V	6750638	1
V	6750873	1
V	6751108	1
V	6751343	1
V	6751586	1
V	6751830	1
V	6752066	1
V	6752303	1
V	6752537	1
V	6752766	1
V	6752994	1
V	6753210	1
V	6753436	1
V	6753671	1
V	6753901	1
V	6754131	1
V	6754356	1
V	6754582	1
V	6754813	1
V	6755039	1
V	6755269	1
V	6755503	1
V	6755732	1
V	6755967	1
V	6756198	1
V	6756425	1
V	6756654	1
V	6756882	1
V	6757117	1
V	6757351	1
V	6757581	1
V	6757811	1
V	6758039	1
V	6758268	1
V	6758500	1
V	6758727	1
V	6758963	1
V	6759198	1
V	6759427	1
V	6759654	1
V	6759884	1
V	6760114	1
V	6760352	1
V	6760581	1
V	6760811	1
V	6761041	1
V	6761271	1
V	6761505	1
V	6761744	1
V	6761981	1
V	6762218	1
V	6762452	1
V	6762688	1
V	6762923	1
V	6763155	1
V	6763395	1
V	6763626	1
V	6763869	1
V	6764105	1
V	6764346	1
V	6764584	1
V	6764822	1
V	6765063	1
V	6765304	1
V	6765546	1
V	6765783	1
V	6766018	1
V	6766252	1
V	6766486	1
V	6766728	1
V	6766962	1
V	6767196	1
V	6767434	1
V	6767670	1
V	6767906	1
V	6768142	1
V	6768375	1
V	6768595	1
V	6768837	1
V	6769075	1
V	6769312	1
V	6769551	1
V	6769789	1
V	6770022	1
V	6770257	1
V	6770491	1
V	6770723	1
V	6770957	1
V	6771191	1
V	6771425	1
V	6771660	1
V	6771896	1
V	6772138	1
V	6772379	1
V	6772613	1
V	6772843	1
V	6773080	1
V	6773322	1
V	6773552	1
V	6773781	1
V	6774009	1
V	6774238	1
V	6774467	1
V	6774697	1
V	6774926	1
V	6775163	1
V	6775398	1
V	6775629	1
V	6775859	1
V	6776089	1
V	6776324	1
V	6776556	1
V	6776788	1
V	6777019	1
V	6777249	1
V	6777478	1
V	6777713	1
V	6777943	1
V	6778178	1
V	6778409	1
V	6778645	1
V	6778882	1
V	6779113	1
V	6779345	1
V	6779575	1
V	6779806	1
V	6780042	1
V	6780278	1
V	6780511	1
V	6780746	1
V	6780983	1
V	6781219	1
V	6781460	1
V	6781692	1
V	6781929	1
V	6782170	1
V	6782411	1
V	6782653	1
V	6782893	1
V	6783135	1
V	6783375	1
V	6783614	1
V	6783849	1
V	6784091	1
V	6784334	1
V	6784567	1
V	6784803	1
V	6785040	1
V	6785280	1
V	6785514	1
V	6785748	1
V	6785987	1
V	6786220	1
V	6786454	1
V	6786690	1
V	6786925	1
V	6787166	1
V	6787403	1
V	6787641	1
V	6787860	1
V	6788101	1
V	6788335	1
V	6788574	1
V	6788814	1
V	6789045	1
V	6789284	1
V	6789523	1
V	6789762	1
V	6790003	1
V	6790235	1
V	6790468	1
V	6790702	1
V	6790936	1
V	6791170	1
V	6791403	1
V	6791638	1
V	6791875	1
V	6792113	1
V	6792356	1
V	6792586	1
V	6792820	1
V	6793054	1
V	6793282	1
V	6793512	1
V	6793741	1
V	6793968	1
V	6794200	1
V	6794429	1
V	6794656	1
V	6794888	1
V	6795117	1
V	6795354	1
V	6795588	1
V	6795817	1
V	6796044	1
V	6796279	1
V	6796514	1
V	6796725	1
V	6796937	1
V	6797173	1
V	6797403	1
V	6797625	1
V	6797855	1
V	6798091	1
V	6798321	1
V	6798558	1
V	6798792	1
V	6799030	1
V	6799264	1
V	6799500	1
V	6799735	1
V	6799971	1
V	6800206	1
V	6800442	1
V	6800680	1
V	6800914	1
V	6801148	1
V	6801385	1
V	6801622	1
V	6801858	1
V	6802098	1
V	6802334	1
V	6802574	1
V	6802815	1
V	6803056	1
V	6803297	1
V	6803539	1
V	6803779	1
V	6804019	1
V	6804251	1
V	6804493	1
V	6804732	1
V	6804973	1
V	6805210	1
V	6805446	1
V	6805687	1
V	6805925	1
V	6806160	1
V	6806394	1
V	6806629	1
V	6806847	1
V	6807065	1
V	6807308	1
V	6807550	1
V	6807783	1
V	6808025	1
V	6808258	1
V	6808500	1
V	6808738	1
V	6808977	1
V	6809194	1
V	6809430	1
V	6809665	1
V	6809899	1
V	6810133	1
V	6810366	1
V	6810599	1
V	6810832	1
V	6811055	1
V	6811296	1
V	6811531	1
V	6811764	1
V	6811997	1
V	6812228	1
V	6812464	1
V	6812694	1
V	6812923	1
V	6813156	1
V	6813386	1
V	6813617	1
V	6813829	1
V	6814058	1
V	6814290	1
V	6814521	1
V	6814749	1
V	6814979	1
V	6815212	1
V	6815442	1
V	6815679	1
V	6815908	1
V	6816142	1
V	6816377	1
V	6816611	1
V	6816838	1
V	6817069	1
V	6817298	1
V	6817528	1
V	6817758	1
V	6817990	1
V	6818227	1
V	6818461	1
V	6818692	1
V	6818930	1
V	6819164	1
V	6819405	1
V	6819645	1
V	6819887	1
V	6820127	1
V	6820368	1
V	6820610	1
V	6820850	1
V	6821090	1
V	6821327	1
V	6821567	1
V	6821804	1
V	6822044	1
V	6822279	1
V	6822512	1
V	6822753	1
V	6822987	1
V	6823220	1
V	6823455	1
V	6823691	1
V	6823934	1
V	6824170	1
V	6824407	1
V	6824644	1
V	6824886	1
V	6825129	1
V	6825369	1
V	6825603	1
V	6825840	1
V	6826078	1
V	6826315	1
V	6826558	1
V	6826794	1
V	6827026	1
V	6827257	1
V	6827492	1
V	6827729	1
V	6827960	1
V	6828202	1
V	6828432	1
V	6828658	1
V	6828886	1
V	6829122	1
V	6829355	1
V	6829573	1
V	6829803	1
V	6830031	1
V	6830260	1
V	6830487	1
V	6830716	1
V	6830947	1
V	6831175	1
V	6831409	1
V	6831639	1
V	6831868	1
V	6832080	1
V	6832298	1
V	6832524	1
V	6832760	1
V	6832978	1
V	6833214	1
V	6833447	1
V	6833681	1
V	6833916	1
V	6834153	1
V	6834386	1
V	6834623	1
V	6834858	1
V	6835100	1
V	6835336	1
V	6835571	1
V	6835806	1
V	6836045	1
V	6836285	1
V	6836525	1
V	6836765	1
V	6837004	1
V	6837245	1
V	6837487	1
V	6837725	1
V	6837960	1
V	6838197	1
V	6838434	1
V	6838676	1
V	6838917	1
V	6839150	1
V	6839385	1
V	6839617	1
V	6839832	1
V	6840067	1
V	6840306	1
V	6840543	1
V	6840777	1
V	6841013	1
V	6841254	1
V	6841486	1
V	6841720	1
V	6841961	1
V	6842201	1
V	6842435	1
V	6842652	1
V	6842884	1
V	6843114	1
V	6843346	1
V	6843587	1
V	6843823	1
V	6844060	1
V	6844295	1
V	6844531	1
V	6844750	1
V	6844987	1
V	6845222	1
V	6845456	1
V	6845684	1
V	6845911	1
V	6846141	1
V	6846371	1
V	6846599	1
V	6846833	1
V	6847062	1
V	6847292	1
V	6847523	1
V	6847753	1
V	6847987	1
V	6848214	1
V	6848445	1
V	6848679	1
V	6848910	1
V	6849140	1
V	6849376	1
V	6849610	1
V	6849844	1
V	6850080	1
V	6850313	1
V	6850546	1
V	6850781	1
V	6851017	1
V	6851252	1
V	6851485	1
V	6851708	1
V	6851948	1
V	6852189	1
V	6852430	1
V	6852667	1
V	6852883	1
V	6853118	1
V	6853358	1
V	6853590	1
V	6853825	1
V	6854061	1
V	6854296	1
V	6854515	1
V	6854750	1
V	6854987	1
V	6855230	1
V	6855468	1
V	6855708	1
V	6855949	1
V	6856181	1
V	6856415	1
V	6856651	1
V	6856886	1
V	6857120	1
V	6857355	1
V	6857591	1
V	6857828	1
V	6858064	1
V	6858300	1
V	6858539	1
V	6858772	1
V	6859008	1
V	6859243	1
V	6859485	1
V	6859728	1
V	6859964	1
V	6860199	1
V	6860435	1
V	6860673	1
V	6860905	1
V	6861143	1
V	6861370	1
V	6861606	1
V	6861835	1
V	6862069	1
V	6862304	1
V	6862534	1
V	6862768	1
V	6863006	1
V	6863235	1
V	6863462	1
V	6863692	1
V	6863927	1
V	6864162	1
V	6864392	1
V	6864629	1
V	6864865	1
V	6865094	1
V	6865326	1
V	6865537	1
V	6865764	1
V	6865993	1
V	6866219	1
V	6866448	1
V	6866677	1
V	6866912	1
V	6867146	1
V	6867379	1
V	6867607	1
V	6867843	1
V	6868076	1
V	6868309	1
V	6868525	1
V	6868759	1
V	6868990	1
V	6869226	1
V	6869463	1
V	6869697	1
V	6869938	1
V	6870180	1
V	6870420	1
V	6870661	1
V	6870884	1
V	6871124	1
V	6871362	1
V	6871604	1
V	6871846	1
V	6872084	1
V	6872326	1
V	6872565	1
V	6872801	1
V	6873038	1
V	6873272	1
V	6873510	1
V	6873744	1
V	6873979	1
V	6874214	1
V	6874450	1
V	6874668	1
V	6874901	1
V	6875131	1
V	6875373	1
V	6875611	1
V	6875849	1
V	6876089	1
V	6876326	1
V	6876567	1
V	6876809	1
V	6877050	1
V	6877293	1
V	6877528	1
V	6877763	1
V	6877994	1
V	6878217	1
V	6878451	1
V	6878684	1
V	6878922	1
V	6879161	1
V	6879395	1
V	6879622	1
V	6879852	1
V	6880086	1
V	6880312	1
V	6880542	1
V	6880772	1
V	6881009	1
V	6881244	1
V	6881474	1
V	6881701	1
V	6881927	1
V	6882154	1
V	6882384	1
V	6882613	1
V	6882842	1
V	6883076	1
V	6883306	1
V	6883541	1
V	6883771	1
V	6883998	1
V	6884231	1
V	6884466	1
V	6884695	1
V	6884912	1
V	6885146	1
V	6885377	1
V	6885614	1
V	6885845	1
V	6886081	1
V	6886318	1
V	6886554	1
V	6886791	1
V	6887028	1
V	6887269	1
V	6887511	1
V	6887744	1
V	6887984	1
V	6888221	1
V	6888458	1
V	6888691	1
V	6888934	1
V	6889172	1
V	6889415	1
V	6889656	1
V	6889895	1
V	6890136	1
V	6890377	1
V	6890616	1
V	6890851	1
V	6891085	1
V	6891322	1
V	6891555	1
V	6891791	1
V	6892033	1
V	6892266	1
V	6892501	1
V	6892735	1
V	6892970	1
V	6893202	1
V	6893437	1
V	6893672	1
V	6893901	1
V	6894130	1
V	6894363	1
V	6894592	1
V	6894822	1
V	6895050	1
V	6895279	1
V	6895514	1
V	6895745	1
V	6895980	1
V	6896211	1
V	6896440	1
V	6896670	1
V	6896904	1
V	6897133	1
V	6897368	1
V	6897597	1
V	6897829	1
V	6898069	1
V	6898305	1
V	6898541	1
V	6898778	1
V	6899014	1
V	6899256	1
V	6899499	1
V	6899741	1
V	6899980	1
V	6900220	1
V	6900458	1
V	6900696	1
V	6900936	1
V	6901178	1
V	6901411	1
V	6901644	1
V	6901880	1
V	6902115	1
V	6902353	1
V	6902594	1
V	6902828	1
V	6903068	1
V	6903307	1
V	6903548	1
V	6903791	1
V	6904032	1
V	6904268	1
V	6904510	1
V	6904752	1
V	6904993	1
V	6905230	1
V	6905472	1
V	6905700	1
V	6905936	1
V	6906170	1
V	6906406	1
V	6906641	1
V	6906875	1
V	6907095	1
V	6907329	1
V	6907564	1
V	6907797	1
V	6908031	1
V	6908268	1
V	6908501	1
V	6908734	1
V	6908975	1
V	6909213	1
V	6909447	1
V	6909690	1
V	6909928	1
V	6910170	1
V	6910408	1
V	6910638	1
V	6910874	1
V	6911103	1
V	6911332	1
V	6911565	1
V	6911795	1
V	6912023	1
V	6912260	1
V	6912491	1
V	6912722	1
V	6912957	1
V	6913184	1
V	6913415	1
V	6913644	1
V	6913874	1
V	6914102	1
V	6914333	1
V	6914562	1
V	6914791	1
V	6915025	1
V	6915253	1
V	6915482	1
V	6915717	1
V	6915945	1
V	6916175	1
V	6916403	1
V	6916623	1
V	6916858	1
V	6917088	1
V	6917317	1
V	6917544	1
V	6917774	1
V	6918010	1
V	6918245	1
V	6918479	1
V	6918714	1
V	6918950	1
V	6919191	1
V	6919416	1
V	6919658	1
V	6919891	1
V	6920132	1
V	6920373	1
V	6920612	1
V	6920852	1
V	6921093	1
V	6921332	1
V	6921570	1
V	6921812	1
V	6922053	1
V	6922290	1
V	6922526	1
V	6922758	1
V	6922993	1
V	6923228	1
V	6923463	1
V	6923698	1
V	6923934	1
V	6924175	1
V	6924394	1
V	6924631	1
V	6924867	1
V	6925103	1
V	6925339	1
V	6925575	1
V	6925812	1
V	6926049	1
V	6926292	1
V	6926528	1
V	6926765	1
V	6927007	1
V	6927243	1
V	6927483	1
V	6927724	1
V	6927947	1
V	6928181	1
V	6928415	1
V	6928648	1
V	6928888	1
V	6929127	1
V	6929365	1
V	6929592	1
V	6929801	1
V	6930034	1
V	6930262	1
V	6930497	1
V	6930731	1
V	6930966	1
V	6931200	1
V	6931435	1
V	6931667	1
V	6931898	1
V	6932128	1
V	6932363	1
V	6932600	1
V	6932836	1
V	6933073	1
V	6933315	1
V	6933531	1
V	6933771	1
V	6934000	1
V	6934232	1
V	6934459	1
V	6934694	1
V	6934921	1
V	6935155	1
V	6935384	1
V	6935614	1
V	6935843	1
V	6936073	1
V	6936306	1
V	6936536	1
V	6936771	1
V	6936996	1
V	6937223	1
V	6937449	1
V	6937677	1
V	6937906	1
V	6938139	1
V	6938366	1
V	6938601	1
V	6938838	1
V	6939068	1
V	6939298	1
V	6939526	1
V	6939756	1
V	6939985	1
V	6940218	1
V	6940447	1
V	6940685	1
V	6940923	1
V	6941161	1
V	6941398	1
V	6941634	1
V	6941876	1
V	6942112	1
V	6942347	1
V	6942580	1
V	6942822	1
V	6943058	1
V	6943300	1
V	6943540	1
V	6943779	1
V	6944018	1
V	6944253	1
V	6944489	1
V	6944721	1
V	6944955	1
V	6945190	1
V	6945425	1
V	6945660	1
V	6945901	1
V	6946136	1
V	6946379	1
V	6946615	1
V	6946851	1
V	6947093	1
V	6947332	1
V	6947572	1
V	6947809	1
V	6948050	1
V	6948277	1
V	6948505	1
V	6948739	1
V	6948977	1
V	6949212	1
V	6949445	1
V	6949678	1
V	6949920	1
V	6950157	1
V	6950391	1
V	6950630	1
V	6950867	1
V	6951086	1
V	6951319	1
V	6951549	1
V	6951784	1
V	6952014	1
V	6952244	1
V	6952475	1
V	6952710	1
V	6952941	1
V	6953177	1
V	6953411	1
V	6953638	1
V	6953868	1
V	6954102	1
V	6954338	1
V	6954569	1
V	6954802	1
V	6955038	1
V	6955268	1
V	6955501	1
V	6955730	1
V	6955952	1
V	6956182	1
V	6956417	1
V	6956654	1
V	6956897	1
V	6957130	1
V	6957366	1
V	6957606	1
V	6957844	1
V	6958085	1
V	6958323	1
V	6958559	1
V	6958793	1
V	6959031	1
V	6959267	1
V	6959503	1
V	6959739	1
V	6959972	1
V	6960209	1
V	6960443	1
V	6960680	1
V	6960915	1
V	6961149	1
V	6961384	1
V	6961619	1
V	6961854	1
V	6962094	1
V	6962333	1
V	6962569	1
V	6962807	1
V	6963045	1
V	6963286	1
V	6963529	1
V	6963769	1
V	6964003	1
V	6964238	1
V	6964472	1
V	6964705	1
V	6964940	1
V	6965176	1
V	6965410	1
V	6965644	1
V	6965879	1
V	6966117	1
V	6966354	1
V	6966596	1
V	6966836	1
V	6967079	1
V	6967322	1
V	6967559	1
V	6967800	1
V	6968032	1
V	6968248	1
V	6968484	1
V	6968714	1
V	6968944	1
V	6969173	1
V	6969407	1
V	6969619	1
V	6969850	1
V	6970080	1
V	6970309	1
V	6970545	1
V	6970775	1
V	6971009	1
V	6971239	1
V	6971469	1
V	6971699	1
V	6971929	1
V	6972162	1
V	6972389	1
V	6972615	1
V	6972841	1
V	6973074	1
V	6973304	1
V	6973537	1
V	6973767	1
V	6973997	1
V	6974228	1
V	6974463	1
V	6974696	1
V	6974927	1
V	6975163	1
V	6975392	1
V	6975629	1
V	6975866	1
V	6976103	1
V	6976336	1
V	6976570	1
V	6976807	1
V	6977044	1
V	6977285	1
V	6977522	1
V	6977755	1
V	6977996	1
V	6978234	1
V	6978469	1
V	6978708	1
V	6978944	1
V	6979180	1
V	6979417	1
V	6979657	1
V	6979888	1
V	6980122	1
V	6980355	1
V	6980595	1
V	6980831	1
V	6981074	1
V	6981314	1
V	6981550	1
V	6981786	1
V	6982021	1
V	6982264	1
V	6982502	1
V	6982740	1
V	6982977	1
V	6983216	1
V	6983457	1
V	6983680	1
V	6983894	1
V	6984127	1
V	6984361	1
V	6984597	1
V	6984832	1
V	6985064	1
V	6985300	1
V	6985539	1
V	6985766	1
V	6985995	1
V	6986222	1
V	6986457	1
V	6986691	1
V	6986923	1
V	6987154	1
V	6987383	1
V	6987619	1
V	6987850	1
V	6988079	1
V	6988308	1
V	6988541	1
V	6988774	1
V	6989004	1
V	6989234	1
V	6989467	1
V	6989701	1
V	6989922	1
V	6990143	1
V	6990372	1
V	6990608	1
V	6990838	1
V	6991074	1
V	6991301	1
V	6991536	1
V	6991764	1
V	6991976	1
V	6992203	1
V	6992436	1
V	6992670	1
V	6992903	1
V	6993139	1
V	6993379	1
V	6993615	1
V	6993854	1
V	6994087	1
V	6994302	1
V	6994539	1
V	6994775	1
V	6995010	1
V	6995244	1
V	6995486	1
V	6995727	1
V	6995967	1
V	6996204	1
V	6996421	1
V	6996663	1
V	6996893	1
V	6997129	1
V	6997363	1
V	6997586	1
V	6997820	1
V	6998056	1
V	6998293	1
V	6998535	1
V	6998771	1
V	6999003	1
V	6999236	1
V	6999473	1
V	6999713	1
V	6999949	1
V	7000191	1
V	7000413	1
V	7000640	1
V	7000873	1
V	7001108	1
V	7001337	1
V	7001570	1
V	7001802	1
V	7002033	1
V	7002270	1
V	7002508	1
V	7002746	1
V	7002983	1
V	7003220	1
V	7003462	1
V	7003705	1
V	7003934	1
V	7004161	1
V	7004395	1
V	7004629	1
V	7004863	1
V	7005097	1
V	7005324	1
V	7005553	1
V	7005791	1
V	7006027	1
V	7006257	1
V	7006486	1
V	7006720	1
V	7006946	1
V	7007172	1
V	7007400	1
V	7007630	1
V	7007865	1
V	7008100	1
V	7008329	1
V	7008559	1
V	7008788	1
V	7009021	1
V	7009247	1
V	7009481	1
V	7009711	1
V	7009942	1
V	7010174	1
V	7010409	1
V	7010638	1
V	7010874	1
V	7011111	1
V	7011347	1
V	7011582	1
V	7011815	1
V	7012048	1
V	7012284	1
V	7012527	1
V	7012751	1
V	7012991	1
V	7013231	1
V	7013470	1
V	7013705	1
V	7013938	1
V	7014173	1
V	7014407	1
V	7014641	1
V	7014875	1
V	7015111	1
V	7015347	1
V	7015589	1
V	7015826	1
V	7016068	1
V	7016309	1
V	7016546	1
V	7016779	1
V	7017020	1
V	7017252	1
V	7017484	1
V	7017727	1
V	7017968	1
V	7018205	1
V	7018446	1
V	7018689	1
V	7018928	1
V	7019170	1
V	7019412	1
V	7019647	1
V	7019881	1
V	7020115	1
V	7020349	1
V	7020584	1
V	7020818	1
V	7021052	1
V	7021287	1
V	7021522	1
V	7021757	1
V	7021999	1
V	7022235	1
V	7022471	1
V	7022704	1
V	7022938	1
V	7023165	1
V	7023393	1
V	7023622	1
V	7023851	1
V	7024083	1
V	7024321	1
V	7024548	1
V	7024777	1
V	7025005	1
V	7025235	1
V	7025466	1
V	7025701	1
V	7025937	1
V	7026167	1
V	7026402	1
V	7026638	1
V	7026874	1
V	7027104	1
V	7027340	1
V	7027569	1
V	7027799	1
V	7028031	1
V	7028260	1
V	7028494	1
V	7028731	1
V	7028966	1
V	7029201	1
V	7029441	1
V	7029681	1
V	7029915	1
V	7030156	1
V	7030397	1
V	7030640	1
V	7030882	1
V	7031124	1
V	7031364	1
V	7031603	1
V	7031841	1
V	7032079	1
V	7032319	1
V	7032558	1
V	7032799	1
V	7033036	1
V	7033268	1
V	7033507	1
V	7033742	1
V	7033960	1
V	7034193	1
V	7034426	1
V	7034659	1
V	7034891	1
V	7035125	1
V	7035361	1
V	7035595	1
V	7035835	1
V	7036054	1
V	7036289	1
V	7036528	1
V	7036765	1
V	7036999	1
V	7037234	1
V	7037467	1
V	7037699	1
V	7037935	1
V	7038167	1
V	7038407	1
V	7038643	1
V	7038875	1
V	7039111	1
V	7039353	1
V	7039595	1
V	7039830	1
V	7040072	1
V	7040309	1
V	7040543	1
V	7040767	1
V	7041000	1
V	7041232	1
V	7041459	1
V	7041688	1
V	7041917	1
V	7042146	1
V	7042377	1
V	7042612	1
V	7042841	1
V	7043073	1
V	7043303	1
V	7043534	1
V	7043765	1
V	7043999	1
V	7044227	1
V	7044455	1
V	7044687	1
V	7044914	1
V	7045147	1
V	7045360	1
V	7045594	1
V	7045822	1
V	7046057	1
V	7046286	1
V	7046515	1
V	7046744	1
V	7046974	1
V	7047209	1
V	7047438	1
V	7047666	1
V	7047895	1
V	7048125	1
V	7048358	1
V	7048593	1
V	7048828	1
V	7049063	1
V	7049290	1
V	7049524	1
V	7049743	1
V	7049985	1
V	7050226	1
V	7050462	1
V	7050703	1
V	7050944	1
V	7051185	1
V	7051424	1
V	7051663	1
V	7051898	1
V	7052133	1
V	7052367	1
V	7052606	1
V	7052838	1
V	7053074	1
V	7053308	1
V	7053548	1
V	7053781	1
V	7054014	1
V	7054253	1
V	7054496	1
V	7054731	1
V	7054968	1
V	7055204	1
V	7055439	1
V	7055673	1
V	7055906	1
V	7056147	1
V	7056380	1
V	7056616	1
V	7056837	1
V	7057077	1
V	7057316	1
V	7057554	1
V	7057796	1
V	7058036	1
V	7058275	1
V	7058509	1
V	7058743	1
V	7058978	1
V	7059220	1
V	7059463	1
V	7059697	1
V	7059939	1
V	7060175	1
V	7060411	1
V	7060647	1
V	7060885	1
V	7061112	1
V	7061341	1
V	7061576	1
V	7061811	1
V	7062041	1
V	7062271	1
V	7062501	1
V	7062734	1
V	7062960	1
V	7063190	1
V	7063419	1
V	7063649	1
V	7063881	1
V	7064113	1
V	7064344	1
V	7064573	1
V	7064810	1
V	7065037	1
V	7065267	1
V	7065502	1
V	7065732	1
V	7065945	1
V	7066175	1
V	7066405	1
V	7066636	1
V	7066870	1
V	7067099	1
V	7067327	1
V	7067556	1
V	7067785	1
V	7068014	1
V	7068244	1
V	7068480	1
V	7068709	1
V	7068946	1
V	7069155	1
V	7069385	1
V	7069613	1
V	7069849	1
V	7070085	1
V	7070320	1
V	7070557	1
V	7070792	1
V	7071026	1
V	7071261	1
V	7071497	1
V	7071733	1
V	7071971	1
V	7072211	1
V	7072451	1
V	7072673	1
V	7072915	1
V	7073148	1
V	7073384	1
V	7073621	1
V	7073855	1
V	7074071	1
V	7074307	1
V	7074542	1
V	7074783	1
V	7075020	1
V	7075257	1
V	7075498	1
V	7075730	1
V	7075962	1
V	7076196	1
V	7076429	1
V	7076663	1
V	7076898	1
V	7077130	1
V	7077366	1
V	7077602	1
V	7077841	1
V	7078078	1
V	7078314	1
V	7078541	1
V	7078776	1
V	7079006	1
V	7079240	1
V	7079469	1
V	7079702	1
V	7079933	1
V	7080161	1
V	7080390	1
V	7080619	1
V	7080848	1
V	7081083	1
V	7081317	1
V	7081546	1
V	7081776	1
V	7082012	1
V	7082241	1
V	7082478	1
V	7082714	1
V	7082945	1
V	7083173	1
V	7083407	1
V	7083634	1
V	7083867	1
V	7084102	1
V	7084337	1
V	7084571	1
V	7084814	1
V	7085053	1
V	7085288	1
V	7085524	1
V	7085760	1
V	7085997	1
V	7086232	1
V	7086463	1
V	7086696	1
V	7086933	1
V	7087173	1
V	7087411	1
V	7087648	1
V	7087883	1
V	7088105	1
V	7088344	1
V	7088577	1
V	7088814	1
V	7089051	1
V	7089292	1
V	7089531	1
V	7089770	1
V	7090010	1
V	7090248	1
V	7090488	1
V	7090718	1
V	7090954	1
V	7091188	1
V	7091423	1
V	7091658	1
V	7091892	1
V	7092124	1
V	7092357	1
V	7092588	1
V	7092805	1
V	7093037	1
V	7093271	1
V	7093514	1
V	7093755	1
V	7093991	1
V	7094227	1
V	7094464	1
V	7094706	1
V	7094943	1
V	7095184	1
V	7095413	1
V	7095642	1
V	7095873	1
V	7096102	1
V	7096337	1
V	7096567	1
V	7096796	1
V	7097026	1
V	7097255	1
V	7097483	1
V	7097714	1
V	7097949	1
V	7098174	1
V	7098404	1
V	7098639	1
V	7098869	1
V	7099081	1
V	7099312	1
V	7099546	1
V	7099775	1
V	7100005	1
V	7100233	1
V	7100466	1
V	7100695	1
V	7100928	1
V	7101164	1
V	7101406	1
V	7101646	1
V	7101886	1
V	7102127	1
V	7102369	1
V	7102609	1
V	7102846	1
V	7103084	1
V	7103321	1
V	7103557	1
V	7103793	1
V	7104034	1
V	7104267	1
V	7104499	1
V	7104737	1
V	7104970	1
V	7105206	1
V	7105443	1
V	7105686	1
V	7105919	1
V	7106157	1
V	7106394	1
V	7106633	1
V	7106874	1
V	7107113	1
V	7107350	1
V	7107592	1
V	7107833	1
V	7108068	1
V	7108303	1
V	7108538	1
V	7108772	1
V	7109011	1
V	7109227	1
V	7109470	1
V	7109707	1
V	7109931	1
V	7110172	1
V	7110408	1
V	7110642	1
V	7110877	1
V	7111106	1
V	7111335	1
V	7111560	1
V	7111785	1
V	7112020	1
V	7112250	1
V	7112481	1
V	7112715	1
V	7112951	1
V	7113185	1
V	7113417	1
V	7113650	1
V	7113886	1
V	7114113	1
V	7114344	1
V	7114571	1
V	7114782	1
V	7115020	1
V	7115256	1
V	7115483	1
V	7115692	1
V	7115920	1
V	7116152	1
V	7116385	1
V	7116621	1
V	7116852	1
V	7117088	1
V	7117325	1
V	7117568	1
V	7117808	1
V	7118041	1
V	7118282	1
V	7118523	1
V	7118765	1
V	7119005	1
V	7119245	1
V	7119486	1
V	7119728	1
V	7119961	1
V	7120195	1
V	7120431	1
V	7120662	1
V	7120897	1
V	7121129	1
V	7121367	1
V	7121603	1
V	7121845	1
V	7122081	1
V	7122324	1
V	7122559	1
V	7122790	1
V	7123029	1
V	7123261	1
V	7123496	1
V	7123737	1
V	7123979	1
V	7124219	1
V	7124461	1
V	7124699	1
V	7124941	1
V	7125181	1
V	7125415	1
V	7125650	1
V	7125884	1
V	7126118	1
V	7126352	1
V	7126588	1
V	7126819	1
V	7127058	1
V	7127290	1
V	7127524	1
V	7127759	1
V	7127996	1
V	7128236	1
V	7128466	1
V	7128701	1
V	7128944	1
V	7129162	1
V	7129389	1
V	7129619	1
V	7129848	1
V	7130084	1
V	7130317	1
V	7130545	1
V	7130772	1
V	7131001	1
V	7131231	1
V	7131461	1
V	7131691	1
V	7131910	1
V	7132148	1
V	7132383	1
V	7132618	1
V	7132855	1
V	7133067	1
V	7133297	1
V	7133527	1
V	7133755	1
V	7133991	1
V	7134220	1
V	7134453	1
V	7134682	1
V	7134919	1
V	7135148	1
V	7135374	1
V	7135610	1
V	7135846	1
V	7136086	1
V	7136322	1
V	7136555	1
V	7136791	1
V	7137026	1
V	7137262	1
V	7137502	1
V	7137742	1
V	7137982	1
V	7138221	1
V	7138459	1
V	7138697	1
V	7138939	1
V	7139176	1
V	7139413	1
V	7139650	1
V	7139888	1
V	7140121	1
V	7140356	1
V	7140595	1
V	7140830	1
V	7141066	1
V	7141302	1
V	7141540	1
V	7141774	1
V	7142011	1
V	7142244	1
V	7142472	1
V	7142708	1
V	7142947	1
V	7143186	1
V	7143427	1
V	7143662	1
V	7143896	1
V	7144131	1
V	7144365	1
V	7144600	1
V	7144842	1
V	7145084	1
V	7145319	1
V	7145552	1
V	7145785	1
V	7146018	1
V	7146247	1
V	7146477	1
V	7146706	1
V	7146935	1
V	7147161	1
V	7147389	1
V	7147619	1
V	7147855	1
V	7148087	1
V	7148313	1
V	7148544	1
V	7148776	1
V	7149002	1
V	7149237	1
V	7149467	1
V	7149694	1
V	7149923	1
V	7150149	1
V	7150379	1
V	7150615	1
V	7150844	1
V	7151079	1
V	7151306	1
V	7151536	1
V	7151772	1
V	7151993	1
V	7152228	1
V	7152438	1
V	7152667	1
V	7152903	1
V	7153138	1
V	7153373	1
V	7153605	1
V	7153843	1
V	7154080	1
V	7154302	1
V	7154536	1
V	7154778	1
V	7155019	1
V	7155261	1
V	7155503	1
V	7155744	1
V	7155981	1
V	7156222	1
V	7156463	1
V	7156682	1
V	7156916	1
V	7157150	1
V	7157384	1
V	7157619	1
V	7157853	1
V	7158089	1
V	7158321	1
V	7158557	1
V	7158793	1
V	7159035	1
V	7159269	1
V	7159503	1
V	7159739	1
V	7159978	1
V	7160219	1
V	7160448	1
V	7160682	1
V	7160917	1
V	7161152	1
V	7161387	1
V	7161622	1
V	7161839	1
V	7162072	1
V	7162307	1
V	7162542	1
V	7162776	1
V	7163011	1
V	7163247	1
V	7163477	1
V	7163713	1
V	7163955	1
V	7164170	1
V	7164404	1
V	7164632	1
V	7164865	1
V	7165095	1
V	7165324	1
V	7165553	1
V	7165782	1
V	7166012	1
V	7166240	1
V	7166455	1
V	7166685	1
V	7166913	1
V	7167147	1
V	7167374	1
V	7167602	1
V	7167832	1
V	7168063	1
V	7168297	1
V	7168525	1
V	7168760	1
V	7168989	1
V	7169218	1
V	7169454	1
V	7169686	1
V	7169921	1
V	7170154	1
V	7170391	1
V	7170626	1
V	7170856	1
V	7171092	1
V	7171327	1
V	7171563	1
V	7171800	1
V	7172036	1
V	7172272	1
V	7172508	1
V	7172745	1
V	7172979	1
V	7173216	1
V	7173453	1
V	7173676	1
V	7173911	1
V	7174147	1
V	7174382	1
V	7174618	1
V	7174859	1
V	7175099	1
V	7175336	1
V	7175578	1
V	7175814	1
V	7176047	1
V	7176262	1
V	7176495	1
V	7176729	1
V	7176964	1
V	7177199	1
V	7177434	1
V	7177669	1
V	7177906	1
V	7178142	1
V	7178379	1
V	7178615	1
V	7178851	1
V	7179085	1
V	7179325	1
V	7179568	1
V	7179810	1
V	7180048	1
V	7180286	1
V	7180525	1
V	7180763	1
V	7180984	1
V	7181225	1
V	7181458	1
V	7181693	1
V	7181926	1
V	7182164	1
V	7182398	1
V	7182635	1
V	7182872	1
V	7183115	1
V	7183357	1
V	7183593	1
V	7183819	1
V	7184053	1
V	7184284	1
V	7184514	1
V	7184726	1
V	7184957	1
V	7185187	1
V	7185418	1
V	7185652	1
V	7185879	1
V	7186108	1
V	7186337	1
V	7186567	1
V	7186779	1
V	7187007	1
V	7187237	1
V	7187467	1
V	7187696	1
V	7187923	1
V	7188157	1
V	7188392	1
V	7188623	1
V	7188861	1
V	7189097	1
V	7189330	1
V	7189563	1
V	7189802	1
V	7190018	1
V	7190256	1
V	7190493	1
V	7190734	1
V	7190974	1
V	7191212	1
V	7191445	1
V	7191687	1
V	7191929	1
V	7192170	1
V	7192404	1
V	7192638	1
V	7192880	1
V	7193118	1
V	7193354	1
V	7193588	1
V	7193824	1
V	7194060	1
V	7194296	1
V	7194533	1
V	7194772	1
V	7195006	1
V	7195239	1
V	7195471	1
V	7195713	1
V	7195950	1
V	7196188	1
V	7196430	1
V	7196654	1
V	7196888	1
V	7197124	1
V	7197358	1
V	7197595	1
V	7197831	1
V	7198064	1
V	7198298	1
V	7198541	1
V	7198776	1
V	7199019	1
V	7199255	1
V	7199497	1
V	7199740	1
V	7199969	1
V	7200199	1
V	7200427	1
V	7200662	1
V	7200891	1
V	7201121	1
V	7201350	1
V	7201582	1
V	7201817	1
V	7202049	1
V	7202286	1
V	7202516	1
V	7202752	1
V	7202981	1
V	7203211	1
V	7203443	1
V	7203678	1
V	7203913	1
V	7204153	1
V	7204389	1
V	7204630	1
V	7204866	1
V	7205106	1
V	7205347	1
V	7205583	1
V	7205816	1
V	7206057	1
V	7206299	1
V	7206535	1
V	7206776	1
V	7207012	1
V	7207247	1
V	7207483	1
V	7207724	1
V	7207960	1
V	7208202	1
V	7208440	1
V	7208679	1
V	7208908	1
V	7209141	1
V	7209376	1
V	7209610	1
V	7209844	1
V	7210079	1
V	7210314	1
V	7210548	1
V	7210781	1
V	7211010	1
V	7211240	1
V	7211452	1
V	7211680	1
V	7211915	1
V	7212147	1
V	7212380	1
V	7212614	1
V	7212844	1
V	7213078	1
V	7213307	1
V	7213539	1
V	7213775	1
V	7214006	1
V	7214235	1
V	7214469	1
V	7214697	1
V	7214926	1
V	7215159	1
V	7215390	1
V	7215625	1
V	7215848	1
V	7216078	1
V	7216309	1
V	7216539	1
V	7216773	1
V	7216999	1
V	7217233	1
V	7217460	1
V	7217690	1
V	7217919	1
V	7218145	1
V	7218377	1
V	7218607	1
V	7218836	1
V	7219061	1
V	7219291	1
V	7219520	1
V	7219751	1
V	7219979	1
V	7220208	1
V	7220434	1
V	7220661	1
V	7220891	1
V	7221121	1
V	7221350	1
V	7221580	1
V	7221809	1
V	7222034	1
V	7222264	1
V	7222496	1
V	7222725	1
V	7222954	1
V	7223184	1
V	7223416	1
V	7223644	1
V	7223871	1
V	7224100	1
V	7224331	1
V	7224560	1
V	7224787	1
V	7225015	1
V	7225245	1
V	7225467	1
V	7225695	1
V	7225924	1
V	7226154	1
V	7226382	1
V	7226609	1
V	7226841	1
V	7227071	1
V	7227301	1
V	7227532	1
V	7227758	1
V	7227987	1
V	7228215	1
V	7228446	1
V	7228674	1
V	7228901	1
V	7229128	1
V	7229356	1
V	7229579	1
V	7229808	1
V	7230038	1
V	7230268	1
V	7230498	1
V	7230725	1
V	7230956	1
V	7231188	1
V	7231417	1
V	7231649	1
V	7231878	1
V	7232108	1
V	7232339	1
V	7232569	1
V	7232794	1
V	7233023	1
V	7233234	1
V	7233464	1
V	7233695	1
V	7233921	1
V	7234152	1
V	7234384	1
V	7234614	1
V	7234841	1
V	7235050	1
V	7235278	1
V	7235506	1
V	7235736	1
V	7235965	1
V	7236195	1
V	7236421	1
V	7236653	1
V	7236883	1
V	7237112	1
V	7237342	1
V	7237570	1
V	7237799	1
V	7238028	1
V	7238257	1
V	7238486	1
V	7238719	1
V	7238947	1
V	7239173	1
V	7239401	1
V	7239630	1
V	7239858	1
V	7240087	1
V	7240316	1
V	7240546	1
V	7240776	1
V	7241005	1
V	7241235	1
V	7241466	1
V	7241695	1
V	7241922	1
V	7242152	1
V	7242380	1
V	7242610	1
V	7242837	1
V	7243065	1
V	7243296	1
V	7243525	1
V	7243754	1
V	7243985	1
V	7244214	1
V	7244444	1
V	7244671	1
V	7244901	1
V	7245130	1
V	7245357	1
V	7245587	1
V	7245817	1
V	7246042	1
V	7246272	1
V	7246499	1
V	7246727	1
V	7246955	1
V	7247185	1
V	7247414	1
V	7247643	1
V	7247875	1
V	7248106	1
V	7248339	1
V	7248569	1
V	7248797	1
V	7249027	1
V	7249254	1
V	7249482	1
V	7249712	1
V	7249942	1
V	7250172	1
V	7250403	1
V	7250614	1
V	7250842	1
V	7251071	1
V	7251299	1
V	7251530	1
V	7251758	1
V	7251987	1
V	7252216	1
V	7252445	1
V	7252674	1
V	7252905	1
V	7253132	1
V	7253359	1
V	7253588	1
V	7253814	1
V	7254043	1
V	7254272	1
V	7254501	1
V	7254731	1
V	7254964	1
V	7255192	1
V	7255420	1
V	7255649	1
V	7255876	1
V	7256106	1
V	7256336	1
V	7256565	1
V	7256796	1
V	7257026	1
V	7257256	1
V	7257485	1
V	7257715	1
V	7257944	1
V	7258173	1
V	7258401	1
V	7258630	1
V	7258859	1
V	7259087	1
V	7259315	1
V	7259544	1
V	7259773	1
V	7260001	1
V	7260230	1
V	7260459	1
V	7260689	1
V	7260917	1
V	7261144	1
V	7261374	1
V	7261604	1
V	7261833	1
V	7262062	1
V	7262292	1
V	7262503	1
V	7262731	1
V	7262961	1
V	7263189	1
V	7263419	1
V	7263649	1
V	7263880	1
V	7264111	1
V	7264341	1
V	7264573	1
V	7264802	1
V	7265032	1
V	7265262	1
V	7265492	1
V	7265722	1
V	7265951	1
V	7266180	1
V	7266410	1
V	7266643	1
V	7266872	1
V	7267104	1
V	7267335	1
V	7267565	1
V	7267792	1
V	7268022	1
V	7268249	1
V	7268480	1
V	7268709	1
V	7268937	1
V	7269166	1
V	7269397	1
V	7269627	1
V	7269857	1
V	7270085	1
V	7270313	1
V	7270536	1
V	7270766	1
V	7270996	1
V	7271222	1
V	7271451	1
V	7271680	1
V	7271908	1
V	7272138	1
V	7272366	1
V	7272595	1
V	7272820	1
V	7273050	1
V	7273280	1
V	7273509	1
V	7273740	1
V	7273968	1
V	7274193	1
V	7274423	1
V	7274638	1
V	7274869	1
V	7275099	1
V	7275311	1
V	7275540	1
V	7275767	1
V	7275993	1
V	7276223	1
V	7276437	1
V	7276665	1
V	7276895	1
V	7277106	1
V	7277334	1
V	7277564	1
V	7277793	1
V	7278022	1
V	7278251	1
V	7278481	1
V	7278710	1
V	7278936	1
V	7279165	1
V	7279397	1
V	7279626	1
V	7279856	1
V	7280086	1
V	7280315	1
V	7280541	1
V	7280772	1
V	7280984	1
V	7281213	1
V	7281443	1
V	7281672	1
V	7281903	1
V	7282133	1
V	7282354	1
V	7282554	1
V	7282779	1
V	7283008	1
V	7283237	1
V	7283465	1
V	7283689	1
V	7283918	1
V	7284146	1
V	7284374	1
V	7284604	1
V	7284834	1
V	7285064	1
V	7285289	1
V	7285519	1
V	7285730	1
V	7285960	1
V	7286188	1
V	7286417	1
V	7286645	1
V	7286872	1
V	7287102	1
V	7287330	1
V	7287556	1
V	7287786	1
V	7288015	1
V	7288244	1
V	7288474	1
V	7288705	1
V	7288931	1
V	7289161	1
V	7289391	1
V	7289619	1
V	7289848	1
V	7290075	1
V	7290302	1
V	7290532	1
V	7290761	1
V	7290989	1
V	7291218	1
V	7291449	1
V	7291678	1
V	7291905	1
V	7292135	1
V	7292368	1
V	7292599	1
V	7292830	1
V	7293062	1
V	7293289	1
V	7293500	1
V	7293730	1
V	7293959	1
V	7294188	1
V	7294417	1
V	7294642	1
V	7294870	1
V	7295102	1
V	7295333	1
V	7295560	1
V	7295788	1
V	7296010	1
V	7296232	1
V	7296459	1
V	7296690	1
V	7296918	1
V	7297148	1
V	7297379	1
V	7297608	1
V	7297825	1
V	7298051	1
V	7298279	1
V	7298509	1
V	7298720	1
V	7298949	1
V	7299177	1
V	7299408	1
V	7299638	1
V	7299864	1
V	7300096	1
V	7300317	1
V	7300546	1
V	7300774	1
V	7301002	1
V	7301233	1
V	7301445	1
V	7301674	1
V	7301907	1
V	7302136	1
V	7302364	1
V	7302591	1
V	7302820	1
V	7303049	1
V	7303267	1
V	7303497	1
V	7303725	1
V	7303955	1
V	7304184	1
V	7304414	1
V	7304645	1
V	7304875	1
V	7305101	1
V	7305327	1
V	7305556	1
V	7305785	1
V	7306011	1
V	7306240	1
V	7306469	1
V	7306699	1
V	7306931	1
V	7307157	1
V	7307385	1
V	7307617	1
V	7307846	1
V	7308076	1
V	7308303	1
V	7308532	1
V	7308761	1
V	7308989	1
V	7309217	1
V	7309446	1
V	7309655	1
V	7309881	1
V	7310110	1
V	7310338	1
V	7310568	1
V	7310799	1
V	7311028	1
V	7311255	1
V	7311485	1
V	7311715	1
V	7311944	1
V	7312169	1
V	7312399	1
V	7312626	1
V	7312856	1
V	7313087	1
V	7313317	1
V	7313548	1
V	7313778	1
V	7314009	1
V	7314241	1
V	7314471	1
V	7314699	1
V	7314930	1
V	7315159	1
V	7315389	1
V	7315619	1
V	7315846	1
V	7316074	1
V	7316304	1
V	7316530	1
V	7316759	1
V	7316988	1
V	7317221	1
V	7317449	1
V	7317660	1
V	7317890	1
V	7318118	1
V	7318348	1
V	7318576	1
V	7318805	1
V	7319030	1
V	7319258	1
V	7319487	1
V	7319718	1
V	7319951	1
V	7320179	1
V	7320410	1
V	7320639	1
V	7320871	1
V	7321100	1
V	7321331	1
V	7321561	1
V	7321788	1
V	7322015	1
V	7322242	1
V	7322469	1
V	7322698	1
V	7322921	1
V	7323151	1
V	7323376	1
V	7323605	1
V	7323833	1
V	7324063	1
V	7324275	1
V	7324501	1
V	7324732	1
V	7324963	1
V	7325192	1
V	7325419	1
V	7325652	1
V	7325881	1
V	7326110	1
V	7326338	1
V	7326567	1
V	7326797	1
V	7327029	1
V	7327255	1
V	7327484	1
V	7327713	1
V	7327942	1
V	7328173	1
V	7328402	1
V	7328630	1
V	7328858	1
V	7329088	1
V	7329300	1
V	7329530	1
V	7329758	1
V	7329987	1
V	7330220	1
V	7330450	1
V	7330678	1
V	7330908	1
V	7331140	1
V	7331370	1
V	7331601	1
V	7331828	1
V	7332058	1
V	7332287	1
V	7332513	1
V	7332742	1
V	7332971	1
V	7333182	1
V	7333412	1
V	7333641	1
V	7333868	1
V	7334099	1
V	7334329	1
V	7334557	1
V	7334786	1
V	7335019	1
V	7335249	1
V	7335479	1
V	7335709	1
V	7335936	1
V	7336162	1
V	7336392	1
V	7336621	1
V	7336851	1
V	7337080	1
V	7337311	1
V	7337540	1
V	7337770	1
V	7338001	1
V	7338211	1
V	7338439	1
V	7338670	1
V	7338899	1
V	7339129	1
V	7339357	1
V	7339572	1
V	7339802	1
V	7340031	1
V	7340258	1
V	7340488	1
V	7340717	1
V	7340946	1
V	7341176	1
V	7341405	1
V	7341636	1
V	7341865	1
V	7342095	1
V	7342323	1
V	7342553	1
V	7342782	1
V	7343012	1
V	7343241	1
V	7343470	1
V	7343700	1
V	7343929	1
V	7344158	1
V	7344388	1
V	7344619	1
V	7344848	1
V	7345077	1
V	7345308	1
V	7345539	1
V	7345767	1
V	7345998	1
V	7346229	1
V	7346457	1
V	7346686	1
V	7346915	1
V	7347144	1
V	7347374	1
V	7347603	1
V	7347829	1
V	7348060	1
V	7348288	1
V	7348517	1
V	7348748	1
V	7348976	1
V	7349205	1
V	7349436	1
V	7349666	1
V	7349895	1
V	7350124	1
V	7350353	1
V	7350580	1
V	7350806	1
V	7351036	1
V	7351266	1
V	7351500	1
V	7351730	1
V	7351960	1
V	7352191	1
V	7352420	1
V	7352647	1
V	7352876	1
V	7353108	1
V	7353338	1
V	7353567	1
V	7353798	1
V	7354028	1
V	7354253	1
V	7354479	1
V	7354709	1
V	7354939	1
V	7355171	1
V	7355402	1
V	7355614	1
V	7355841	1
V	7356070	1
V	7356302	1
V	7356529	1
V	7356759	1
V	7356987	1
V	7357218	1
V	7357446	1
V	7357674	1
V	7357904	1
V	7358134	1
V	7358358	1
V	7358588	1
V	7358819	1
V	7359045	1
V	7359274	1
V	7359505	1
V	7359736	1
V	7359965	1
V	7360194	1
V	7360425	1
V	7360655	1
V	7360864	1
V	7361093	1
V	7361323	1
V	7361555	1
V	7361785	1
V	7362015	1
V	7362243	1
V	7362473	1
V	7362703	1
V	7362936	1
V	7363167	1
V	7363396	1
V	7363624	1
V	7363852	1
V	7364083	1
V	7364313	1
V	7364542	1
V	7364775	1
V	7365005	1
V	7365234	1
V	7365461	1
V	7365687	1
V	7365917	1
V	7366147	1
V	7366376	1
V	7366604	1
V	7366833	1
V	7367062	1
V	7367292	1
V	7367523	1
V	7367749	1
V	7367978	1
V	7368207	1
V	7368421	1
V	7368651	1
V	7368879	1
V	7369109	1
V	7369338	1
V	7369564	1
V	7369789	1
V	7370017	1
V	7370247	1
V	7370474	1
V	7370702	1
V	7370931	1
V	7371142	1
V	7371372	1
V	7371602	1
V	7371831	1
V	7372061	1
V	7372290	1
V	7372523	1
V	7372752	1
V	7372978	1
V	7373202	1
V	7373432	1
V	7373663	1
V	7373894	1
V	7374123	1
V	7374352	1
V	7374581	1
V	7374813	1
V	7375043	1
V	7375270	1
V	7375500	1
V	7375726	1
V	7375945	1
V	7376172	1
V	7376403	1
V	7376633	1
V	7376861	1
V	7377088	1
V	7377297	1
V	7377527	1
V	7377753	1
V	7377983	1
V	7378212	1
V	7378442	1
V	7378670	1
V	7378900	1
V	7379133	1
V	7379363	1
V	7379592	1
V	7379820	1
V	7380047	1
V	7380274	1
V	7380501	1
V	7380733	1
V	7380962	1
V	7381191	1
V	7381421	1
V	7381647	1
V	7381877	1
V	7382107	1
V	7382335	1
V	7382566	1
V	7382798	1
V	7383027	1
V	7383258	1
V	7383487	1
V	7383714	1
V	7383940	1
V	7384171	1
V	7384401	1
V	7384630	1
V	7384857	1
V	7385068	1
V	7385294	1
V	7385521	1
V	7385750	1
V	7385978	1
V	7386205	1
V	7386435	1
V	7386666	1
V	7386896	1
V	7387127	1
V	7387357	1
V	7387587	1
V	7387818	1
V	7388047	1
V	7388275	1
V	7388504	1
V	7388725	1
V	7388955	1
V	7389184	1
V	7389414	1
V	7389645	1
V	7389874	1
V	7390102	1
V	7390331	1
V	7390562	1
V	7390795	1
V	7391025	1
V	7391256	1
V	7391485	1
V	7391716	1
V	7391945	1
V	7392175	1
V	7392402	1
V	7392630	1
V	7392860	1
V	7393093	1
V	7393317	1
V	7393545	1
V	7393771	1
V	7393997	1
V	7394208	1
V	7394438	1
V	7394668	1
V	7394898	1
V	7395127	1
V	7395357	1
V	7395588	1
V	7395817	1
V	7396048	1
V	7396276	1
V	7396507	1
V	7396734	1
V	7396964	1
V	7397193	1
V	7397422	1
V	7397650	1
V	7397880	1
V	7398110	1
V	7398340	1
V	7398568	1
V	7398797	1
V	7399009	1
V	7399237	1
V	7399449	1
V	7399679	1
V	7399908	1
V	7400131	1
V	7400360	1
V	7400587	1
V	7400815	1
V	7401045	1
V	7401275	1
V	7401506	1
V	7401736	1
V	7401945	1
V	7402175	1
V	7402403	1
V	7402630	1
V	7402859	1
V	7403088	1
V	7403319	1
V	7403545	1
V	7403777	1
V	7404005	1
V	7404234	1
V	7404464	1
V	7404694	1
V	7404925	1
V	7405155	1
V	7405385	1
V	7405616	1
V	7405845	1
V	7406074	1
V	7406300	1
V	7406533	1
V	7406762	1
V	7406992	1
V	7407220	1
V	7407450	1
V	7407679	1
V	7407907	1
V	7408137	1
V	7408369	1
V	7408600	1
V	7408832	1
V	7409060	1
V	7409289	1
V	7409517	1
V	7409744	1
V	7409972	1
V	7410202	1
V	7410413	1
V	7410640	1
V	7410867	1
V	7411097	1
V	7411325	1
V	7411551	1
V	7411780	1
V	7412007	1
V	7412236	1
V	7412465	1
V	7412694	1
V	7412925	1
V	7413156	1
V	7413383	1
V	7413610	1
V	7413842	1
V	7414070	1
V	7414300	1
V	7414533	1
V	7414763	1
V	7414990	1
V	7415215	1
V	7415447	1
V	7415658	1
V	7415886	1
V	7416121	1
V	7416350	1
V	7416579	1
V	7416811	1
V	7417043	1
V	7417276	1
V	7417505	1
V	7417732	1
V	7417963	1
V	7418193	1
V	7418419	1
V	7418649	1
V	7418879	1
V	7419106	1
V	7419336	1
V	7419565	1
V	7419794	1
V	7420023	1
V	7420251	1
V	7420481	1
V	7420711	1
V	7420941	1
V	7421169	1
V	7421398	1
V	7421628	1
V	7421861	1
V	7422088	1
V	7422317	1
V	7422545	1
V	7422763	1
V	7422993	1
V	7423220	1
V	7423449	1
V	7423679	1
V	7423908	1
V	7424138	1
V	7424369	1
V	7424599	1
V	7424831	1
V	7425059	1
V	7425287	1
V	7425517	1
V	7425747	1
V	7425976	1
V	7426206	1
V	7426435	1
V	7426668	1
V	7426900	1
V	7427130	1
V	7427359	1
V	7427590	1
V	7427814	1
V	7428044	1
V	7428269	1
V	7428498	1
V	7428728	1
V	7428958	1
V	7429185	1
V	7429417	1
V	7429646	1
V	7429875	1
V	7430103	1
V	7430333	1
V	7430566	1
V	7430794	1
V	7431022	1
V	7431252	1
V	7431482	1