\P\	Pos	StateProvinceID\
T	5	5
N	0	0
#
V	225	79
V	365	79
V	510	79
V	657	79
V	800	79
V	940	79
V	1087	79
V	1227	79
V	1372	79
V	1516	79
V	1658	79
V	1805	79
V	1953	79
V	2092	79
V	2232	79
V	2374	79
V	2514	79
V	2659	79
V	2803	79
V	2947	79
V	3093	79
V	3239	58
V	3385	79
V	3534	36
V	3679	73
V	3822	9
V	3971	74
V	4118	6
V	4261	72
V	4406	15
V	4554	57
V	4709	63
V	4857	1
V	5004	119
V	5161	20
V	5301	77
V	5446	14
V	5591	35
V	5734	30
V	5880	79
V	6023	79
V	6170	79
V	6318	79
V	6464	79
V	6607	79
V	6756	79
V	6901	79
V	7047	79
V	7191	79
V	7330	79
V	7472	79
V	7622	79
V	7767	79
V	7919	79
V	8066	79
V	8216	79
V	8366	79
V	8518	79
V	8668	79
V	8810	79
V	8960	79
V	9107	79
V	9256	79
V	9399	79
V	9539	79
V	9680	79
V	9830	79
V	9976	79
V	10116	79
V	10260	79
V	10403	79
V	10548	79
V	10694	79
V	10835	79
V	10979	79
V	11128	79
V	11275	79
V	11423	79
V	11570	79
V	11718	79
V	11864	79
V	12012	79
V	12156	79
V	12311	79
V	12456	79
V	12598	79
V	12745	79
V	12891	79
V	13040	79
V	13186	79
V	13334	79
V	13477	79
V	13620	79
V	13766	79
V	13912	79
V	14057	79
V	14206	79
V	14351	79
V	14496	79
V	14644	79
V	14788	79
V	14941	79
V	15088	79
V	15237	79
V	15388	79
V	15536	79
V	15680	79
V	15825	79
V	15978	79
V	16123	79
V	16272	79
V	16413	79
V	16560	79
V	16703	79
V	16848	79
V	16993	79
V	17139	79
V	17282	79
V	17427	79
V	17574	79
V	17718	79
V	17865	79
V	18008	79
V	18156	79
V	18301	79
V	18447	79
V	18594	79
V	18743	79
V	18893	79
V	19040	79
V	19187	79
V	19325	79
V	19474	79
V	19619	79
V	19764	79
V	19906	79
V	20050	79
V	20197	79
V	20338	79
V	20482	79
V	20624	79
V	20770	79
V	20918	79
V	21062	79
V	21209	79
V	21359	79
V	21503	79
V	21651	79
V	21793	79
V	21939	79
V	22082	79
V	22228	79
V	22378	79
V	22529	79
V	22675	79
V	22819	79
V	22967	79
V	23112	79
V	23261	79
V	23409	79
V	23557	79
V	23696	79
V	23846	79
V	23991	79
V	24141	79
V	24286	79
V	24435	79
V	24588	79
V	24734	79
V	24881	79
V	25036	79
V	25181	79
V	25328	79
V	25474	79
V	25622	79
V	25772	79
V	25918	79
V	26062	79
V	26204	79
V	26359	79
V	26503	79
V	26650	79
V	26799	79
V	26950	79
V	27096	79
V	27241	79
V	27388	79
V	27532	79
V	27674	79
V	27816	79
V	27962	79
V	28109	79
V	28258	79
V	28409	79
V	28557	79
V	28703	79
V	28851	79
V	28997	79
V	29146	79
V	29295	79
V	29442	79
V	29587	79
V	29731	79
V	29872	79
V	30019	79
V	30168	79
V	30318	79
V	30463	79
V	30609	79
V	30757	79
V	30903	79
V	31049	79
V	31194	79
V	31341	79
V	31483	79
V	31625	79
V	31774	79
V	31921	79
V	32066	79
V	32217	79
V	32360	79
V	32504	79
V	32653	79
V	32798	79
V	32944	79
V	33090	79
V	33238	79
V	33386	79
V	33533	79
V	33680	79
V	33824	79
V	33970	79
V	34119	79
V	34265	79
V	34419	79
V	34567	79
V	34716	79
V	34862	79
V	35009	79
V	35153	79
V	35297	79
V	35441	79
V	35589	79
V	35736	79
V	35883	79
V	36027	79
V	36174	79
V	36321	79
V	36471	79
V	36621	79
V	36772	79
V	36925	79
V	37082	79
V	37234	79
V	37387	79
V	37539	79
V	37689	79
V	37838	79
V	37988	79
V	38137	79
V	38289	79
V	38431	79
V	38573	79
V	38713	79
V	38854	79
V	39001	79
V	39153	79
V	39300	79
V	39442	79
V	39586	79
V	39737	79
V	39881	79
V	40026	79
V	40177	79
V	40324	79
V	40466	79
V	40617	79
V	40761	79
V	40906	79
V	41054	79
V	41202	79
V	41348	79
V	41500	79
V	41642	79
V	41789	79
V	41933	79
V	42077	79
V	42220	79
V	42364	79
V	42513	79
V	42659	79
V	42805	79
V	42948	79
V	43090	79
V	43235	79
V	43382	79
V	43529	79
V	43672	79
V	43817	79
V	43965	79
V	44111	9
V	44259	79
V	44406	9
V	44547	9
V	44697	9
V	44838	9
V	44981	58
V	45128	79
V	45280	79
V	45429	23
V	45582	40
V	45727	58
V	45880	72
V	46025	9
V	46176	58
V	46325	40
V	46471	9
V	46616	40
V	46767	6
V	46910	9
V	47057	9
V	47202	58
V	47348	9
V	47511	79
V	47655	73
V	47796	17
V	47937	9
V	48081	9
V	48225	24
V	48367	9
V	48511	37
V	48662	79
V	48813	9
V	48954	79
V	49100	79
V	49246	9
V	49400	9
V	49545	23
V	49686	48
V	49830	79
V	49977	52
V	50123	9
V	50270	79
V	50415	10
V	50559	6
V	50703	54
V	50853	9
V	50999	9
V	51141	6
V	51289	9
V	51438	44
V	51589	9
V	51738	82
V	51883	9
V	52019	58
V	52167	9
V	52307	74
V	52456	9
V	52614	74
V	52759	9
V	52902	9
V	53052	9
V	53197	9
V	53344	58
V	53484	9
V	53640	58
V	53782	9
V	53931	9
V	54085	58
V	54226	9
V	54372	58
V	54509	79
V	54651	58
V	54795	35
V	54939	79
V	55087	54
V	55230	79
V	55372	79
V	55518	58
V	55664	79
V	55812	30
V	55959	9
V	56109	9
V	56258	79
V	56409	58
V	56555	79
V	56701	9
V	56842	79
V	56994	79
V	57135	9
V	57283	79
V	57426	79
V	57572	9
V	57712	79
V	57860	37
V	58005	79
V	58147	9
V	58288	79
V	58428	79
V	58576	9
V	58722	58
V	58861	79
V	59003	73
V	59154	59
V	59301	50
V	59448	50
V	59611	66
V	59790	50
V	59935	50
V	60082	50
V	60235	50
V	60379	50
V	60534	50
V	60679	64
V	60829	50
V	60980	77
V	61147	50
V	61288	77
V	61433	77
V	61591	50
V	61752	50
V	61903	50
V	62047	50
V	62204	66
V	62346	64
V	62493	50
V	62654	50
V	62803	50
V	62952	50
V	63095	50
V	63258	50
V	63407	50
V	63559	77
V	63710	50
V	63864	50
V	64019	50
V	64163	77
V	64316	50
V	64471	50
V	64625	66
V	64771	50
V	64910	77
V	65061	50
V	65214	50
V	65364	7
V	65512	57
V	65660	57
V	65808	57
V	65961	57
V	66105	63
V	66248	1
V	66393	57
V	66546	63
V	66693	57
V	66846	57
V	66993	7
V	67136	7
V	67287	57
V	67434	57
V	67586	57
V	67738	57
V	67884	57
V	68036	57
V	68188	63
V	68342	63
V	68500	1
V	68646	1
V	68798	7
V	68942	7
V	69098	57
V	69244	63
V	69408	7
V	69561	7
V	69711	7
V	69860	1
V	70012	57
V	70163	57
V	70318	57
V	70470	57
V	70626	57
V	70780	63
V	70920	57
V	71073	57
V	71228	63
V	71375	63
V	71533	63
V	71694	1
V	71847	7
V	71993	57
V	72143	57
V	72287	63
V	72436	63
V	72603	31
V	72756	41
V	72916	57
V	73074	57
V	73237	7
V	73392	7
V	73540	57
V	73696	57
V	73850	63
V	74008	1
V	74163	31
V	74304	1
V	74469	1
V	74621	7
V	74769	57
V	74915	7
V	75074	7
V	75236	57
V	75381	63
V	75545	63
V	75692	7
V	75854	57
V	76011	57
V	76161	57
V	76308	57
V	76459	57
V	76608	1
V	76757	63
V	76909	57
V	77061	7
V	77218	7
V	77365	63
V	77526	57
V	77682	1
V	77828	7
V	77977	57
V	78129	7
V	78275	57
V	78420	57
V	78574	57
V	78727	57
V	78872	63
V	79007	57
V	79171	63
V	79328	57
V	79489	57
V	79648	57
V	79809	57
V	79957	63
V	80109	63
V	80260	57
V	80406	7
V	80567	57
V	80720	1
V	80877	57
V	81033	57
V	81175	57
V	81322	57
V	81471	57
V	81636	63
V	81788	1
V	81957	57
V	82109	57
V	82269	63
V	82437	63
V	82598	1
V	82762	73
V	82911	73
V	83070	73
V	83215	68
V	83371	36
V	83523	73
V	83670	24
V	83819	24
V	83959	73
V	84104	24
V	84256	73
V	84402	73
V	84551	24
V	84696	73
V	84840	24
V	84990	73
V	85132	24
V	85276	24
V	85429	73
V	85584	73
V	85728	24
V	85870	73
V	86019	73
V	86161	73
V	86302	24
V	86460	37
V	86609	24
V	86747	37
V	86901	73
V	87053	73
V	87210	73
V	87372	36
V	87526	73
V	87686	73
V	87835	73
V	87982	24
V	88126	37
V	88272	73
V	88421	73
V	88571	24
V	88712	37
V	88856	37
V	89005	37
V	89158	73
V	89307	73
V	89469	24
V	89612	73
V	89765	80
V	89914	73
V	90068	73
V	90221	80
V	90369	68
V	90511	73
V	90667	24
V	90807	73
V	90952	73
V	91098	73
V	91249	73
V	91396	80
V	91544	37
V	91692	73
V	91841	36
V	91985	36
V	92127	73
V	92275	73
V	92413	37
V	92559	80
V	92706	73
V	92854	24
V	93006	36
V	93150	37
V	93304	73
V	93449	37
V	93603	73
V	93764	36
V	93914	37
V	94066	14
V	94222	14
V	94399	14
V	94562	14
V	94709	14
V	94881	14
V	95035	14
V	95174	14
V	95316	14
V	95452	14
V	95613	14
V	95786	14
V	95951	14
V	96102	14
V	96248	14
V	96402	14
V	96554	14
V	96718	14
V	96862	14
V	97020	14
V	97170	14
V	97318	14
V	97469	14
V	97629	14
V	97777	14
V	97933	14
V	98090	14
V	98234	14
V	98379	14
V	98525	14
V	98672	14
V	98823	14
V	98972	14
V	99122	14
V	99269	14
V	99435	14
V	99600	14
V	99759	14
V	99909	14
V	100074	14
V	100232	177
V	100395	161
V	100554	145
V	100714	177
V	100892	178
V	101054	179
V	101211	127
V	101373	178
V	101537	161
V	101696	131
V	101855	117
V	102019	163
V	102183	178
V	102347	180
V	102503	161
V	102663	163
V	102833	161
V	102987	179
V	103144	178
V	103319	161
V	103481	177
V	103642	161
V	103802	118
V	103972	161
V	104127	179
V	104283	177
V	104442	127
V	104606	131
V	104769	177
V	104942	181
V	105107	161
V	105270	148
V	105446	161
V	105613	161
V	105777	177
V	105935	161
V	106105	161
V	106260	145
V	106428	178
V	106589	178
V	106752	70
V	106914	70
V	107057	85
V	107224	20
V	107372	20
V	107511	19
V	107660	19
V	107805	20
V	107942	53
V	108084	70
V	108254	20
V	108400	19
V	108548	19
V	108702	70
V	108852	8
V	109010	53
V	109151	70
V	109299	20
V	109452	70
V	109602	19
V	109747	19
V	109891	20
V	110039	70
V	110176	53
V	110321	20
V	110468	70
V	110613	85
V	110773	19
V	110916	19
V	111087	70
V	111230	20
V	111372	53
V	111519	70
V	111663	53
V	111817	8
V	111987	8
V	112134	20
V	112280	20
V	112440	70
V	112589	53
V	112743	75
V	112900	35
V	113049	65
V	113205	25
V	113364	30
V	113511	54
V	113676	11
V	113819	46
V	113960	55
V	114102	75
V	114264	30
V	114407	33
V	114558	11
V	114706	54
V	114849	11
V	115000	54
V	115152	25
V	115299	65
V	115441	55
V	115586	35
V	115739	35
V	115886	35
V	116038	11
V	116183	11
V	116328	54
V	116481	25
V	116637	11
V	116783	11
V	116928	55
V	117070	55
V	117222	35
V	117377	35
V	117523	25
V	117685	35
V	117831	35
V	117982	54
V	118138	54
V	118297	25
V	118453	55
V	118602	35
V	118746	35
V	118897	55
V	119048	35
V	119193	25
V	119341	54
V	119493	25
V	119645	35
V	119795	25
V	119949	75
V	120114	30
V	120252	75
V	120412	35
V	120561	75
V	120721	30
V	120862	46
V	121017	35
V	121159	65
V	121308	54
V	121456	54
V	121614	55
V	121764	30
V	121910	46
V	122064	55
V	122214	55
V	122373	55
V	122522	46
V	122664	46
V	122809	54
V	122949	25
V	123096	33
V	123237	35
V	123379	35
V	123530	55
V	123679	54
V	123830	11
V	123980	55
V	124124	11
V	124266	79
V	124413	79
V	124557	79
V	124707	79
V	124857	79
V	125006	40
V	125158	58
V	125304	58
V	125441	79
V	125591	58
V	125738	58
V	125896	79
V	126052	79
V	126199	23
V	126353	79
V	126503	79
V	126651	79
V	126794	79
V	126940	58
V	127087	58
V	127239	58
V	127396	58
V	127549	79
V	127690	79
V	127836	79
V	127985	79
V	128136	79
V	128288	79
V	128432	79
V	128587	79
V	128735	79
V	128893	79
V	129039	79
V	129182	79
V	129328	79
V	129473	79
V	129621	79
V	129767	79
V	129909	79
V	130060	79
V	130209	79
V	130363	79
V	130511	58
V	130659	82
V	130809	79
V	130957	23
V	131103	79
V	131250	79
V	131392	79
V	131542	40
V	131686	58
V	131822	58
V	131963	79
V	132110	79
V	132262	58
V	132403	23
V	132546	79
V	132690	82
V	132832	40
V	132985	79
V	133137	82
V	133280	82
V	133433	79
V	133580	79
V	133729	58
V	133877	79
V	134025	58
V	134177	79
V	134333	82
V	134485	79
V	134643	58
V	134794	58
V	134948	79
V	135098	79
V	135253	58
V	135399	58
V	135561	15
V	135716	72
V	135864	15
V	136015	72
V	136162	3
V	136313	72
V	136460	72
V	136603	42
V	136746	15
V	136890	15
V	137038	15
V	137181	15
V	137329	17
V	137479	17
V	137635	72
V	137777	72
V	137927	17
V	138084	15
V	138232	72
V	138389	17
V	138537	15
V	138689	3
V	138835	42
V	138994	42
V	139152	3
V	139300	27
V	139457	15
V	139604	15
V	139752	15
V	139892	15
V	140049	15
V	140201	72
V	140348	3
V	140499	27
V	140655	39
V	140807	15
V	140969	3
V	141119	72
V	141262	72
V	141411	17
V	141560	17
V	141710	27
V	141861	67
V	142010	3
V	142158	72
V	142315	72
V	142461	67
V	142612	39
V	142754	15
V	142911	27
V	143060	15
V	143215	17
V	143366	17
V	143510	15
V	143653	15
V	143798	15
V	143957	72
V	144105	27
V	144257	42
V	144414	17
V	144562	15
V	144710	15
V	144863	67
V	145027	15
V	145179	39
V	145331	72
V	145484	17
V	145638	72
V	145782	72
V	145927	15
V	146080	15
V	146225	15
V	146377	42
V	146521	15
V	146669	17
V	146829	17
V	146979	15
V	147139	17
V	147286	42
V	147441	42
V	147597	9
V	147750	9
V	147903	74
V	148060	9
V	148217	9
V	148363	9
V	148510	9
V	148664	9
V	148823	74
V	148979	9
V	149131	9
V	149277	9
V	149416	9
V	149574	9
V	149722	10
V	149869	9
V	150024	9
V	150176	9
V	150314	9
V	150459	9
V	150620	52
V	150765	9
V	150925	10
V	151078	9
V	151221	10
V	151371	9
V	151519	9
V	151673	9
V	151832	9
V	151984	52
V	152133	9
V	152282	48
V	152428	9
V	152577	9
V	152730	9
V	152881	6
V	153027	48
V	153179	10
V	153333	10
V	153487	9
V	153643	9
V	153785	9
V	153931	9
V	154071	9
V	154222	9
V	154371	9
V	154514	9
V	154655	9
V	154802	74
V	154959	9
V	155105	9
V	155251	9
V	155394	9
V	155536	9
V	155679	9
V	155821	9
V	155962	9
V	156104	9
V	156251	10
V	156409	9
V	156568	9
V	156714	9
V	156878	9
V	157031	9
V	157181	9
V	157330	9
V	157477	52
V	157628	9
V	157784	9
V	157937	9
V	158080	9
V	158223	9
V	158372	6
V	158517	52
V	158671	6
V	158820	9
V	158968	9
V	159111	6
V	159262	6
V	159404	9
V	159545	6
V	159699	9
V	159842	9
V	159998	9
V	160156	6
V	160304	9
V	160468	9
V	160624	10
V	160776	10
V	160927	9
V	161079	9
V	161235	9
V	161386	10
V	161541	9
V	161698	6
V	161848	52
V	162007	9
V	162156	48
V	162315	9
V	162462	6
V	162613	9
V	162767	9
V	162921	74
V	163073	9
V	163229	9
V	163372	6
V	163522	6
V	163669	6
V	163822	52
V	163980	9
V	164134	9
V	164278	52
V	164420	74
V	164570	74
V	164713	9
V	164860	74
V	165010	74
V	165155	74
V	165299	73
V	165443	10
V	165590	36
V	165740	32
V	165883	9
V	166032	79
V	166174	9
V	166326	36
V	166480	8
V	166620	179
V	166780	9
V	166924	180
V	167095	70
V	167246	131
V	167407	64
V	167555	19
V	167709	14
V	167851	9
V	168000	53
V	168159	50
V	168312	14
V	168457	50
V	168610	64
V	168759	53
V	168905	64
V	169063	79
V	169213	14
V	169365	79
V	169515	14
V	169670	50
V	169819	70
V	169965	50
V	170112	64
V	170257	9
V	170409	79
V	170553	20
V	170701	9
V	170856	50
V	171003	9
V	171151	161
V	171313	7
V	171456	14
V	171605	7
V	171760	177
V	171925	53
V	172066	77
V	172215	9
V	172362	9
V	172515	50
V	172661	77
V	172805	14
V	172951	14
V	173109	8
V	173255	9
V	173396	163
V	173572	14
V	173725	20
V	173871	14
V	174022	50
V	174172	20
V	174327	9
V	174474	50
V	174623	14
V	174783	14
V	174932	177
V	175092	178
V	175250	9
V	175398	145
V	175563	14
V	175712	20
V	175854	14
V	176011	77
V	176159	9
V	176305	50
V	176455	14
V	176608	177
V	176776	66
V	176926	14
V	177076	64
V	177221	64
V	177375	79
V	177522	20
V	177677	77
V	177830	66
V	177984	64
V	178138	79
V	178287	53
V	178436	64
V	178586	9
V	178738	79
V	178885	77
V	179032	9
V	179180	9
V	179329	58
V	179479	64
V	179626	50
V	179775	14
V	179924	9
V	180075	9
V	180224	50
V	180372	50
V	180529	77
V	180686	66
V	180826	64
V	180978	20
V	181135	9
V	181282	178
V	181443	14
V	181592	161
V	181750	64
V	181897	9
V	182048	14
V	182193	50
V	182349	14
V	182501	50
V	182647	50
V	182796	66
V	182947	177
V	183122	53
V	183282	50
V	183431	53
V	183598	14
V	183743	179
V	183903	70
V	184049	77
V	184197	77
V	184349	19
V	184492	50
V	184639	50
V	184796	9
V	184946	79
V	185098	7
V	185251	143
V	185418	19
V	185561	70
V	185711	14
V	185866	50
V	186011	9
V	186161	77
V	186307	179
V	186476	9
V	186622	79
V	186773	161
V	186931	79
V	187082	50
V	187237	64
V	187382	179
V	187543	9
V	187689	79
V	187843	77
V	187993	77
V	188143	64
V	188292	64
V	188441	15
V	188591	14
V	188741	50
V	188888	9
V	189031	50
V	189185	70
V	189339	143
V	189497	9
V	189645	64
V	189796	85
V	189942	53
V	190096	50
V	190246	14
V	190396	64
V	190546	181
V	190708	79
V	190853	9
V	190999	143
V	191155	9
V	191306	180
V	191470	50
V	191620	19
V	191763	77
V	191914	50
V	192068	9
V	192217	20
V	192362	79
V	192512	14
V	192661	64
V	192815	71
V	192964	9
V	193121	50
V	193275	178
V	193434	50
V	193585	14
V	193743	50
V	193893	9
V	194038	50
V	194191	70
V	194349	161
V	194511	66
V	194652	9
V	194797	164
V	194967	9
V	195121	64
V	195270	50
V	195421	50
V	195572	14
V	195725	79
V	195874	50
V	196026	161
V	196187	14
V	196341	7
V	196484	77
V	196637	71
V	196785	161
V	196957	9
V	197103	14
V	197258	19
V	197406	14
V	197559	14
V	197707	9
V	197857	50
V	198008	9
V	198165	77
V	198313	14
V	198460	50
V	198612	161
V	198770	164
V	198953	50
V	199103	58
V	199261	9
V	199412	71
V	199558	77
V	199707	131
V	199862	9
V	200011	79
V	200159	14
V	200307	50
V	200457	64
V	200609	53
V	200752	58
V	200901	7
V	201054	50
V	201203	53
V	201351	14
V	201497	20
V	201637	66
V	201789	19
V	201940	64
V	202092	77
V	202240	161
V	202401	145
V	202569	8
V	202722	14
V	202868	64
V	203019	145
V	203185	9
V	203338	7
V	203489	70
V	203636	179
V	203800	7
V	203951	20
V	204096	177
V	204269	14
V	204413	179
V	204571	64
V	204720	58
V	204869	14
V	205024	14
V	205178	50
V	205326	77
V	205475	50
V	205628	19
V	205775	19
V	205915	14
V	206064	70
V	206212	178
V	206374	161
V	206538	14
V	206693	14
V	206846	163
V	207015	177
V	207187	179
V	207348	14
V	207502	127
V	207675	7
V	207827	50
V	207976	50
V	208132	177
V	208287	50
V	208439	79
V	208585	179
V	208751	9
V	208899	50
V	209049	9
V	209198	7
V	209342	17
V	209494	53
V	209642	161
V	209801	50
V	209955	9
V	210102	9
V	210253	178
V	210420	50
V	210568	161
V	210732	8
V	210886	64
V	211035	145
V	211209	50
V	211360	7
V	211510	77
V	211669	14
V	211817	50
V	211964	77
V	212107	9
V	212256	161
V	212419	177
V	212582	9
V	212736	161
V	212893	58
V	213039	58
V	213189	20
V	213336	9
V	213489	50
V	213637	64
V	213790	79
V	213928	9
V	214075	178
V	214250	9
V	214403	145
V	214567	58
V	214717	177
V	214878	58
V	215028	9
V	215176	9
V	215324	179
V	215486	79
V	215636	7
V	215781	7
V	215930	14
V	216088	14
V	216233	64
V	216383	79
V	216533	58
V	216684	14
V	216848	9
V	217000	9
V	217144	58
V	217294	14
V	217452	178
V	217625	9
V	217775	79
V	217919	50
V	218069	64
V	218227	53
V	218367	20
V	218517	50
V	218666	9
V	218819	7
V	218972	179
V	219139	19
V	219290	9
V	219443	9
V	219594	9
V	219743	7
V	219892	9
V	220044	9
V	220197	148
V	220370	7
V	220521	79
V	220673	7
V	220825	9
V	220977	79
V	221127	79
V	221284	161
V	221441	53
V	221584	179
V	221759	145
V	221927	20
V	222073	77
V	222219	14
V	222369	179
V	222528	58
V	222672	58
V	222817	50
V	222962	9
V	223115	79
V	223266	14
V	223419	145
V	223582	14
V	223727	178
V	223894	9
V	224040	9
V	224189	9
V	224331	79
V	224482	58
V	224633	145
V	224791	58
V	224946	9
V	225097	179
V	225264	58
V	225407	9
V	225560	164
V	225734	79
V	225888	64
V	226037	53
V	226192	9
V	226347	9
V	226500	53
V	226649	7
V	226800	58
V	226947	7
V	227094	50
V	227251	79
V	227397	7
V	227541	66
V	227685	7
V	227835	161
V	227995	79
V	228144	20
V	228300	79
V	228447	79
V	228598	53
V	228739	50
V	228889	79
V	229038	145
V	229206	9
V	229354	7
V	229500	79
V	229642	145
V	229813	77
V	229968	79
V	230113	50
V	230262	9
V	230405	58
V	230555	7
V	230700	79
V	230852	9
V	231002	161
V	231159	9
V	231308	7
V	231453	161
V	231610	9
V	231755	79
V	231908	77
V	232058	143
V	232220	178
V	232394	9
V	232548	64
V	232698	14
V	232849	7
V	233005	9
V	233158	14
V	233310	14
V	233456	50
V	233607	79
V	233760	14
V	233906	9
V	234054	77
V	234194	9
V	234345	50
V	234493	9
V	234648	9
V	234795	64
V	234941	79
V	235090	79
V	235236	163
V	235415	20
V	235562	58
V	235714	9
V	235860	50
V	236009	79
V	236158	77
V	236308	20
V	236461	143
V	236620	9
V	236771	9
V	236921	14
V	237075	64
V	237225	64
V	237373	9
V	237525	50
V	237679	9
V	237826	79
V	237979	58
V	238128	77
V	238272	9
V	238423	79
V	238574	50
V	238718	9
V	238874	58
V	239025	50
V	239170	79
V	239317	7
V	239469	9
V	239613	9
V	239764	9
V	239917	58
V	240067	79
V	240219	14
V	240366	58
V	240519	9
V	240669	79
V	240815	77
V	240962	9
V	241115	77
V	241262	50
V	241415	58
V	241559	179
V	241722	9
V	241866	14
V	242018	64
V	242166	79
V	242313	9
V	242467	8
V	242626	14
V	242778	14
V	242929	7
V	243079	7
V	243233	64
V	243390	58
V	243547	14
V	243694	14
V	243850	79
V	244000	77
V	244145	71
V	244290	9
V	244435	8
V	244586	179
V	244771	66
V	244916	79
V	245058	58
V	245204	9
V	245354	9
V	245496	77
V	245642	50
V	245787	66
V	245935	8
V	246085	161
V	246254	9
V	246405	9
V	246550	50
V	246697	53
V	246847	58
V	247003	77
V	247150	7
V	247299	14
V	247452	70
V	247607	77
V	247757	7
V	247907	9
V	248060	161
V	248217	50
V	248357	50
V	248504	9
V	248649	53
V	248794	178
V	248955	9
V	249093	79
V	249236	9
V	249384	181
V	249546	70
V	249697	145
V	249858	77
V	250008	70
V	250158	9
V	250307	71
V	250453	9
V	250608	79
V	250759	58
V	250909	19
V	251058	9
V	251208	58
V	251358	79
V	251506	9
V	251656	7
V	251804	9
V	251951	14
V	252105	53
V	252249	58
V	252401	77
V	252544	58
V	252693	9
V	252843	58
V	252997	9
V	253149	79
V	253297	9
V	253450	50
V	253602	161
V	253763	50
V	253911	9
V	254063	53
V	254211	145
V	254372	9
V	254526	9
V	254668	79
V	254813	9
V	254967	14
V	255119	8
V	255263	8
V	255411	70
V	255559	7
V	255697	20
V	255843	8
V	255981	58
V	256132	50
V	256287	9
V	256438	79
V	256584	77
V	256729	9
V	256886	53
V	257030	77
V	257182	9
V	257329	14
V	257479	79
V	257629	79
V	257777	14
V	257929	14
V	258083	9
V	258236	9
V	258385	9
V	258529	7
V	258675	9
V	258826	9
V	258975	7
V	259131	7
V	259279	64
V	259437	70
V	259594	9
V	259745	14
V	259887	7
V	260026	70
V	260170	79
V	260319	9
V	260466	19
V	260611	58
V	260768	9
V	260917	73
V	261066	70
V	261221	7
V	261369	7
V	261523	9
V	261666	79
V	261816	55
V	261961	58
V	262110	9
V	262267	58
V	262417	58
V	262572	9
V	262727	79
V	262876	58
V	263027	9
V	263189	9
V	263342	14
V	263484	79
V	263629	79
V	263784	64
V	263938	9
V	264090	14
V	264246	58
V	264392	79
V	264539	9
V	264692	9
V	264845	50
V	264996	14
V	265148	179
V	265310	9
V	265458	66
V	265605	148
V	265777	79
V	265928	9
V	266081	50
V	266226	64
V	266374	77
V	266525	9
V	266676	50
V	266822	58
V	266964	127
V	267131	7
V	267276	14
V	267430	14
V	267585	50
V	267740	58
V	267883	50
V	268036	58
V	268185	161
V	268349	9
V	268495	70
V	268641	58
V	268795	9
V	268945	64
V	269093	9
V	269246	58
V	269387	9
V	269534	79
V	269682	19
V	269824	9
V	269985	71
V	270133	9
V	270279	161
V	270441	9
V	270597	14
V	270752	58
V	270900	7
V	271046	9
V	271193	9
V	271338	79
V	271485	79
V	271644	9
V	271801	9
V	271948	64
V	272096	79
V	272244	50
V	272385	9
V	272529	164
V	272697	180
V	272859	181
V	273028	161
V	273186	7
V	273339	79
V	273484	79
V	273626	79
V	273774	19
V	273921	7
V	274076	79
V	274229	9
V	274380	53
V	274529	50
V	274682	179
V	274845	79
V	274990	14
V	275150	79
V	275300	79
V	275447	50
V	275598	79
V	275744	9
V	275889	7
V	276039	145
V	276199	7
V	276357	14
V	276508	58
V	276660	64
V	276807	9
V	276951	7
V	277097	79
V	277251	19
V	277400	145
V	277564	7
V	277702	7
V	277851	14
V	278004	9
V	278149	50
V	278294	161
V	278466	64
V	278618	79
V	278762	66
V	278911	58
V	279059	79
V	279208	9
V	279366	7
V	279509	20
V	279650	7
V	279800	14
V	279944	14
V	280093	14
V	280244	50
V	280389	9
V	280550	145
V	280715	50
V	280861	50
V	281015	9
V	281167	58
V	281317	9
V	281456	19
V	281621	79
V	281773	19
V	281921	70
V	282079	9
V	282228	53
V	282374	50
V	282520	7
V	282663	9
V	282810	14
V	282953	7
V	283107	177
V	283267	14
V	283419	9
V	283572	79
V	283719	79
V	283867	8
V	284010	58
V	284158	19
V	284302	9
V	284459	58
V	284608	50
V	284760	178
V	284917	79
V	285068	7
V	285220	7
V	285367	79
V	285514	9
V	285664	50
V	285815	58
V	285966	79
V	286111	79
V	286256	161
V	286417	9
V	286570	53
V	286713	9
V	286856	79
V	287009	79
V	287162	58
V	287313	19
V	287456	161
V	287618	77
V	287768	7
V	287915	9
V	288067	64
V	288213	19
V	288366	79
V	288513	9
V	288659	145
V	288832	9
V	288980	50
V	289132	14
V	289279	7
V	289426	70
V	289576	9
V	289732	117
V	289896	79
V	290049	19
V	290195	14
V	290345	70
V	290508	9
V	290661	9
V	290815	50
V	290960	7
V	291115	77
V	291262	50
V	291415	9
V	291568	9
V	291713	9
V	291858	7
V	292003	58
V	292153	66
V	292302	164
V	292474	14
V	292626	9
V	292769	9
V	292911	79
V	293058	71
V	293205	53
V	293359	14
V	293507	9
V	293660	7
V	293809	161
V	293968	79
V	294117	179
V	294288	50
V	294437	53
V	294588	7
V	294734	79
V	294877	164
V	295032	58
V	295185	77
V	295334	9
V	295483	9
V	295630	177
V	295797	85
V	295942	79
V	296092	79
V	296242	7
V	296398	7
V	296550	79
V	296693	50
V	296840	9
V	296992	58
V	297142	50
V	297293	58
V	297441	9
V	297598	145
V	297768	9
V	297917	9
V	298056	161
V	298217	9
V	298368	50
V	298519	161
V	298685	70
V	298830	7
V	298981	64
V	299128	145
V	299294	9
V	299442	9
V	299595	9
V	299745	9
V	299892	20
V	300046	143
V	300201	7
V	300348	71
V	300498	70
V	300645	9
V	300792	9
V	300944	50
V	301094	14
V	301248	9
V	301397	9
V	301549	50
V	301693	64
V	301846	19
V	301988	164
V	302150	79
V	302300	9
V	302454	50
V	302603	8
V	302746	14
V	302888	7
V	303034	58
V	303185	177
V	303350	79
V	303498	70
V	303643	79
V	303794	50
V	303942	9
V	304091	64
V	304238	64
V	304389	14
V	304539	14
V	304701	53
V	304846	145
V	305009	50
V	305157	9
V	305299	7
V	305448	58
V	305594	64
V	305742	7
V	305895	70
V	306040	58
V	306179	50
V	306328	9
V	306476	50
V	306624	9
V	306775	58
V	306923	79
V	307076	178
V	307235	7
V	307391	58
V	307539	9
V	307689	9
V	307837	178
V	307997	9
V	308147	58
V	308292	50
V	308446	9
V	308596	50
V	308746	9
V	308894	79
V	309048	9
V	309195	7
V	309341	79
V	309490	7
V	309649	50
V	309801	70
V	309951	50
V	310099	79
V	310249	9
V	310401	179
V	310573	50
V	310722	143
V	310883	9
V	311033	77
V	311182	79
V	311332	19
V	311480	79
V	311629	79
V	311776	50
V	311930	9
V	312076	14
V	312225	7
V	312373	9
V	312525	7
V	312670	79
V	312823	9
V	312969	9
V	313119	66
V	313267	70
V	313420	7
V	313566	58
V	313715	14
V	313860	9
V	314016	50
V	314165	127
V	314331	9
V	314478	50
V	314632	9
V	314782	64
V	314928	9
V	315075	79
V	315223	77
V	315368	79
V	315519	58
V	315659	178
V	315819	9
V	315969	64
V	316121	79
V	316270	53
V	316412	58
V	316564	163
V	316730	9
V	316884	64
V	317036	7
V	317182	131
V	317342	79
V	317496	77
V	317645	79
V	317789	77
V	317940	7
V	318088	9
V	318241	14
V	318390	7
V	318528	53
V	318683	9
V	318840	179
V	319007	64
V	319158	50
V	319307	79
V	319453	177
V	319617	20
V	319767	7
V	319915	19
V	320057	9
V	320205	9
V	320356	164
V	320520	79
V	320668	53
V	320814	14
V	320970	9
V	321117	164
V	321282	64
V	321434	14
V	321593	7
V	321744	14
V	321896	79
V	322046	79
V	322201	50
V	322357	79
V	322510	14
V	322662	14
V	322813	7
V	322954	79
V	323106	9
V	323255	50
V	323406	79
V	323558	19
V	323711	50
V	323858	19
V	324009	7
V	324162	7
V	324319	53
V	324465	79
V	324619	177
V	324781	9
V	324928	178
V	325091	9
V	325233	77
V	325379	9
V	325528	64
V	325683	79
V	325831	19
V	325985	79
V	326136	9
V	326288	145
V	326462	9
V	326611	58
V	326761	70
V	326913	14
V	327065	9
V	327219	9
V	327368	50
V	327520	7
V	327675	64
V	327823	164
V	327996	9
V	328160	19
V	328305	9
V	328450	70
V	328592	9
V	328742	9
V	328887	9
V	329041	9
V	329191	70
V	329337	7
V	329486	161
V	329653	9
V	329799	14
V	329946	14
V	330093	58
V	330244	50
V	330391	178
V	330556	66
V	330699	70
V	330850	9
V	331008	50
V	331159	9
V	331306	7
V	331461	53
V	331603	9
V	331750	9
V	331904	14
V	332049	9
V	332199	50
V	332352	9
V	332499	9
V	332645	20
V	332791	79
V	332937	50
V	333090	50
V	333245	79
V	333393	7
V	333546	14
V	333695	79
V	333839	9
V	333989	14
V	334141	58
V	334289	9
V	334436	50
V	334586	58
V	334745	50
V	334903	9
V	335056	77
V	335206	163
V	335376	164
V	335539	79
V	335687	14
V	335843	7
V	335993	64
V	336143	14
V	336286	77
V	336439	9
V	336595	20
V	336745	79
V	336893	179
V	337058	50
V	337208	9
V	337358	14
V	337502	177
V	337668	9
V	337818	14
V	337968	77
V	338121	50
V	338278	79
V	338434	53
V	338583	9
V	338736	9
V	338885	9
V	339033	14
V	339174	179
V	339337	79
V	339481	7
V	339628	64
V	339779	50
V	339930	53
V	340077	9
V	340227	14
V	340371	64
V	340517	58
V	340665	9
V	340816	58
V	340969	50
V	341117	9
V	341273	7
V	341423	53
V	341571	14
V	341718	79
V	341867	79
V	342016	7
V	342155	50
V	342304	58
V	342455	79
V	342599	14
V	342746	14
V	342893	14
V	343040	9
V	343190	14
V	343347	79
V	343495	14
V	343641	58
V	343794	177
V	343957	14
V	344108	79
V	344254	14
V	344400	9
V	344554	19
V	344701	9
V	344849	70
V	345001	8
V	345145	58
V	345293	164
V	345455	9
V	345606	70
V	345753	9
V	345907	50
V	346054	14
V	346203	8
V	346340	79
V	346496	9
V	346642	50
V	346789	9
V	346938	7
V	347085	9
V	347236	50
V	347386	9
V	347533	9
V	347684	77
V	347829	79
V	347989	20
V	348131	9
V	348284	58
V	348439	50
V	348589	79
V	348739	9
V	348883	14
V	349038	9
V	349186	79
V	349336	58
V	349485	70
V	349634	77
V	349788	9
V	349933	179
V	350091	79
V	350230	77
V	350380	9
V	350535	53
V	350677	58
V	350826	9
V	350972	14
V	351129	20
V	351299	7
V	351444	53
V	351600	9
V	351749	79
V	351898	7
V	352052	58
V	352202	50
V	352353	58
V	352498	50
V	352645	79
V	352798	79
V	352942	77
V	353089	7
V	353231	179
V	353404	19
V	353560	9
V	353711	9
V	353863	50
V	354016	79
V	354168	14
V	354318	79
V	354470	79
V	354618	145
V	354784	79
V	354928	177
V	355093	50
V	355241	79
V	355390	79
V	355542	79
V	355692	58
V	355843	9
V	355994	57
V	356152	9
V	356300	66
V	356444	53
V	356589	79
V	356741	7
V	356891	9
V	357044	64
V	357193	9
V	357341	20
V	357487	145
V	357646	9
V	357797	79
V	357943	177
V	358107	9
V	358255	58
V	358408	71
V	358552	9
V	358699	9
V	358842	14
V	358994	79
V	359145	64
V	359298	9
V	359446	64
V	359592	50
V	359736	79
V	359885	58
V	360033	7
V	360181	9
V	360327	79
V	360475	77
V	360622	50
V	360773	66
V	360918	58
V	361062	9
V	361209	7
V	361359	20
V	361503	14
V	361655	9
V	361797	145
V	361962	77
V	362110	9
V	362260	9
V	362411	179
V	362576	9
V	362726	19
V	362875	58
V	363032	7
V	363177	9
V	363331	64
V	363478	14
V	363620	20
V	363762	79
V	363906	7
V	364058	14
V	364206	79
V	364354	79
V	364505	79
V	364659	58
V	364805	9
V	364955	14
V	365101	9
V	365249	9
V	365405	58
V	365550	9
V	365699	14
V	365849	9
V	366009	14
V	366152	79
V	366298	79
V	366439	145
V	366605	7
V	366750	50
V	366895	14
V	367046	50
V	367193	14
V	367344	79
V	367487	79
V	367638	9
V	367791	7
V	367942	117
V	368108	9
V	368252	20
V	368393	50
V	368542	7
V	368687	79
V	368840	77
V	368984	77
V	369139	79
V	369284	9
V	369425	9
V	369577	79
V	369721	79
V	369873	58
V	370022	9
V	370170	161
V	370333	79
V	370478	9
V	370629	70
V	370771	14
V	370916	178
V	371084	20
V	371225	58
V	371373	9
V	371519	64
V	371672	79
V	371822	9
V	371972	9
V	372124	9
V	372278	77
V	372431	9
V	372585	14
V	372734	7
V	372887	9
V	373041	9
V	373193	50
V	373342	9
V	373492	9
V	373642	58
V	373792	85
V	373942	58
V	374093	50
V	374247	164
V	374406	79
V	374553	55
V	374702	77
V	374847	14
V	374995	9
V	375136	20
V	375278	9
V	375431	9
V	375586	64
V	375737	9
V	375886	9
V	376036	58
V	376188	177
V	376365	117
V	376529	58
V	376682	9
V	376828	7
V	376979	50
V	377132	64
V	377278	79
V	377430	14
V	377578	79
V	377731	7
V	377874	9
V	378026	9
V	378174	58
V	378320	9
V	378480	9
V	378631	9
V	378786	53
V	378927	9
V	379080	58
V	379227	7
V	379370	9
V	379521	9
V	379672	79
V	379819	64
V	379972	20
V	380121	77
V	380269	9
V	380422	9
V	380571	7
V	380721	161
V	380883	9
V	381031	79
V	381179	9
V	381319	177
V	381495	14
V	381645	9
V	381796	14
V	381935	58
V	382083	1
V	382232	9
V	382385	50
V	382536	9
V	382692	50
V	382839	9
V	382987	77
V	383139	79
V	383286	9
V	383427	145
V	383594	7
V	383736	50
V	383890	9
V	384046	9
V	384197	19
V	384354	50
V	384502	58
V	384648	77
V	384792	14
V	384946	79
V	385096	178
V	385265	7
V	385415	7
V	385569	14
V	385718	50
V	385869	7
V	386017	14
V	386157	79
V	386315	50
V	386465	79
V	386617	14
V	386769	58
V	386920	50
V	387070	14
V	387224	9
V	387370	50
V	387525	50
V	387679	161
V	387844	9
V	387987	7
V	388139	9
V	388290	77
V	388447	7
V	388602	163
V	388773	79
V	388926	161
V	389087	7
V	389237	14
V	389384	9
V	389530	7
V	389687	50
V	389840	7
V	389988	14
V	390136	9
V	390288	14
V	390430	145
V	390593	79
V	390743	50
V	390895	64
V	391043	9
V	391190	64
V	391337	53
V	391492	14
V	391640	9
V	391784	50
V	391935	19
V	392086	64
V	392235	66
V	392384	9
V	392531	58
V	392681	77
V	392830	58
V	392977	9
V	393129	14
V	393270	77
V	393421	79
V	393576	50
V	393722	164
V	393885	79
V	394041	7
V	394194	58
V	394339	58
V	394489	77
V	394639	79
V	394787	9
V	394934	9
V	395077	161
V	395238	9
V	395389	53
V	395534	178
V	395708	7
V	395851	79
V	395999	77
V	396152	9
V	396292	9
V	396444	79
V	396597	58
V	396746	50
V	396895	77
V	397045	79
V	397190	14
V	397340	14
V	397484	64
V	397633	9
V	397791	58
V	397945	58
V	398094	9
V	398247	179
V	398420	58
V	398567	50
V	398717	9
V	398867	9
V	399012	64
V	399164	145
V	399326	14
V	399479	79
V	399631	9
V	399779	79
V	399927	9
V	400081	50
V	400232	9
V	400388	50
V	400541	79
V	400691	9
V	400847	58
V	400998	9
V	401150	7
V	401297	127
V	401472	9
V	401624	50
V	401773	79
V	401922	14
V	402071	79
V	402217	145
V	402393	70
V	402536	58
V	402685	180
V	402839	77
V	402985	8
V	403125	77
V	403270	9
V	403418	79
V	403568	9
V	403713	14
V	403873	58
V	404027	7
V	404174	14
V	404323	79
V	404473	7
V	404617	79
V	404771	9
V	404916	14
V	405073	58
V	405219	50
V	405368	58
V	405526	9
V	405676	79
V	405824	50
V	405975	9
V	406127	177
V	406297	9
V	406445	7
V	406594	164
V	406772	7
V	406918	14
V	407072	77
V	407226	79
V	407376	9
V	407525	161
V	407692	9
V	407835	9
V	407987	9
V	408141	7
V	408284	79
V	408432	50
V	408584	79
V	408739	64
V	408895	50
V	409048	58
V	409195	79
V	409347	9
V	409496	7
V	409653	9
V	409801	9
V	409948	9
V	410096	50
V	410248	70
V	410391	9
V	410543	58
V	410695	70
V	410856	8
V	411009	20
V	411153	161
V	411318	14
V	411463	7
V	411612	127
V	411783	79
V	411934	7
V	412081	9
V	412225	50
V	412378	7
V	412531	50
V	412678	9
V	412826	9
V	412972	7
V	413121	53
V	413268	7
V	413417	14
V	413566	79
V	413715	79
V	413858	14
V	414010	14
V	414162	58
V	414311	9
V	414459	14
V	414616	79
V	414766	58
V	414920	7
V	415062	50
V	415214	77
V	415366	9
V	415512	9
V	415663	77
V	415810	79
V	415955	19
V	416101	58
V	416245	20
V	416386	64
V	416538	9
V	416690	14
V	416844	79
V	416995	58
V	417139	9
V	417287	9
V	417433	71
V	417585	14
V	417736	58
V	417882	9
V	418032	50
V	418179	14
V	418318	9
V	418469	9
V	418618	9
V	418772	145
V	418933	7
V	419084	164
V	419245	53
V	419393	9
V	419542	50
V	419691	9
V	419838	19
V	419984	9
V	420126	79
V	420287	164
V	420449	19
V	420598	53
V	420740	7
V	420887	77
V	421041	14
V	421188	58
V	421335	7
V	421488	64
V	421637	79
V	421787	9
V	421943	50
V	422097	8
V	422244	58
V	422397	70
V	422551	79
V	422701	70
V	422848	9
V	422998	79
V	423150	14
V	423311	9
V	423473	53
V	423619	179
V	423795	50
V	423947	9
V	424095	20
V	424244	79
V	424393	79
V	424540	53
V	424689	58
V	424839	9
V	424992	79
V	425146	9
V	425292	9
V	425446	64
V	425598	14
V	425743	70
V	425891	53
V	426036	70
V	426207	71
V	426350	9
V	426504	179
V	426662	71
V	426810	7
V	426958	145
V	427118	79
V	427262	79
V	427407	58
V	427554	9
V	427708	79
V	427862	164
V	428040	145
V	428202	7
V	428360	177
V	428521	9
V	428672	14
V	428822	9
V	428971	164
V	429135	58
V	429283	71
V	429425	64
V	429572	14
V	429712	66
V	429859	9
V	430012	9
V	430166	50
V	430315	53
V	430460	9
V	430618	64
V	430768	14
V	430911	9
V	431051	77
V	431196	9
V	431348	7
V	431494	14
V	431639	8
V	431782	9
V	431935	58
V	432074	53
V	432222	14
V	432375	79
V	432523	14
V	432673	50
V	432826	58
V	432973	145
V	433155	79
V	433305	7
V	433452	64
V	433598	9
V	433758	14
V	433906	58
V	434058	14
V	434218	70
V	434366	58
V	434514	79
V	434655	177
V	434822	14
V	434967	9
V	435115	179
V	435286	79
V	435431	66
V	435582	79
V	435733	77
V	435880	79
V	436031	19
V	436177	9
V	436329	79
V	436478	70
V	436622	131
V	436786	79
V	436935	14
V	437080	127
V	437257	50
V	437405	79
V	437556	179
V	437736	79
V	437883	53
V	438031	66
V	438183	79
V	438333	50
V	438475	79
V	438625	9
V	438776	145
V	438935	58
V	439090	7
V	439236	20
V	439388	79
V	439537	9
V	439690	9
V	439833	8
V	439978	9
V	440127	58
V	440270	58
V	440423	9
V	440575	9
V	440720	19
V	440876	20
V	441019	58
V	441167	9
V	441317	79
V	441474	79
V	441622	58
V	441770	70
V	441919	9
V	442068	7
V	442213	14
V	442361	164
V	442523	58
V	442671	7
V	442822	9
V	442978	79
V	443127	9
V	443272	79
V	443420	19
V	443574	50
V	443721	50
V	443863	19
V	444017	50
V	444158	181
V	444321	58
V	444472	9
V	444624	14
V	444770	77
V	444919	164
V	445083	7
V	445235	9
V	445375	148
V	445548	79
V	445693	7
V	445849	9
V	445999	9
V	446142	131
V	446302	14
V	446454	79
V	446601	177
V	446761	7
V	446906	50
V	447050	7
V	447194	71
V	447339	8
V	447485	79
V	447634	179
V	447794	177
V	447958	64
V	448104	9
V	448260	64
V	448404	14
V	448553	64
V	448697	14
V	448852	20
V	448998	64
V	449151	50
V	449300	20
V	449452	148
V	449626	58
V	449770	7
V	449923	9
V	450075	7
V	450222	19
V	450374	50
V	450530	7
V	450676	70
V	450825	14
V	450976	7
V	451134	161
V	451295	7
V	451434	79
V	451587	178
V	451751	79
V	451898	9
V	452047	77
V	452194	9
V	452342	77
V	452495	9
V	452653	9
V	452797	14
V	452957	9
V	453109	14
V	453263	58
V	453409	9
V	453555	79
V	453704	50
V	453861	9
V	454014	79
V	454166	9
V	454313	79
V	454474	9
V	454625	14
V	454772	50
V	454918	50
V	455073	58
V	455221	7
V	455371	9
V	455520	9
V	455679	85
V	455826	64
V	455970	58
V	456125	14
V	456284	58
V	456432	66
V	456577	79
V	456724	14
V	456866	85
V	457017	9
V	457166	7
V	457310	14
V	457461	9
V	457609	79
V	457761	20
V	457914	53
V	458065	177
V	458230	79
V	458381	79
V	458542	14
V	458695	50
V	458843	64
V	458995	9
V	459146	9
V	459298	14
V	459451	64
V	459600	9
V	459750	79
V	459899	7
V	460057	50
V	460200	79
V	460351	9
V	460503	7
V	460652	50
V	460802	164
V	460989	50
V	461137	58
V	461286	14
V	461432	179
V	461593	7
V	461734	79
V	461890	9
V	462035	70
V	462178	50
V	462328	58
V	462478	9
V	462635	64
V	462785	79
V	462928	9
V	463074	9
V	463228	179
V	463395	7
V	463542	77
V	463696	9
V	463841	71
V	463989	9
V	464140	64
V	464295	79
V	464439	9
V	464583	9
V	464732	58
V	464887	179
V	465061	50
V	465209	9
V	465362	9
V	465510	79
V	465662	53
V	465826	79
V	465977	9
V	466129	77
V	466278	9
V	466424	9
V	466574	64
V	466725	14
V	466872	19
V	467029	79
V	467181	9
V	467327	9
V	467473	9
V	467625	20
V	467772	8
V	467921	14
V	468074	7
V	468227	9
V	468374	9
V	468524	70
V	468668	64
V	468822	9
V	468971	177
V	469131	14
V	469283	50
V	469436	9
V	469580	50
V	469733	9
V	469885	9
V	470035	179
V	470193	161
V	470355	7
V	470504	50
V	470657	58
V	470807	9
V	470961	177
V	471139	79
V	471284	14
V	471432	53
V	471581	179
V	471750	9
V	471900	70
V	472048	14
V	472201	79
V	472356	53
V	472502	9
V	472649	9
V	472795	77
V	472944	164
V	473123	9
V	473276	7
V	473419	50
V	473572	7
V	473719	7
V	473870	66
V	474013	79
V	474160	79
V	474312	9
V	474458	50
V	474602	64
V	474755	177
V	474918	9
V	475065	9
V	475219	177
V	475383	9
V	475530	79
V	475679	14
V	475829	9
V	475973	58
V	476122	14
V	476271	50
V	476424	79
V	476570	70
V	476722	9
V	476869	9
V	477021	8
V	477162	145
V	477324	9
V	477474	50
V	477627	9
V	477779	50
V	477931	37
V	478083	7
V	478233	50
V	478386	79
V	478537	9
V	478695	9
V	478848	9
V	478999	70
V	479153	9
V	479306	58
V	479453	7
V	479600	9
V	479752	9
V	479901	50
V	480054	58
V	480201	14
V	480352	9
V	480501	9
V	480651	20
V	480806	50
V	480952	77
V	481107	50
V	481264	64
V	481415	179
V	481584	7
V	481729	14
V	481875	8
V	482019	58
V	482175	9
V	482329	9
V	482474	77
V	482624	7
V	482773	7
V	482924	77
V	483069	9
V	483213	14
V	483377	161
V	483538	9
V	483688	9
V	483837	58
V	483984	9
V	484131	19
V	484278	7
V	484438	9
V	484586	14
V	484739	79
V	484885	14
V	485035	14
V	485192	50
V	485342	79
V	485494	64
V	485639	14
V	485797	14
V	485949	79
V	486111	79
V	486256	66
V	486410	9
V	486556	79
V	486707	14
V	486858	64
V	487004	14
V	487160	179
V	487324	79
V	487479	9
V	487631	9
V	487779	19
V	487925	79
V	488074	1
V	488230	14
V	488386	58
V	488524	20
V	488670	9
V	488820	79
V	488965	58
V	489117	14
V	489267	9
V	489415	14
V	489561	179
V	489729	9
V	489875	64
V	490025	9
V	490178	9
V	490326	117
V	490494	58
V	490644	58
V	490788	64
V	490933	50
V	491086	53
V	491234	9
V	491385	7
V	491528	50
V	491684	14
V	491830	79
V	491981	9
V	492134	50
V	492284	79
V	492433	79
V	492582	127
V	492744	50
V	492891	7
V	493037	50
V	493194	9
V	493356	9
V	493507	9
V	493654	14
V	493802	77
V	493949	7
V	494092	53
V	494238	79
V	494385	9
V	494540	9
V	494693	163
V	494852	70
V	495023	9
V	495171	58
V	495314	64
V	495460	14
V	495607	19
V	495771	9
V	495925	79
V	496071	64
V	496217	9
V	496360	9
V	496512	9
V	496664	50
V	496804	9
V	496948	9
V	497095	7
V	497239	9
V	497391	50
V	497542	71
V	497680	7
V	497836	7
V	497983	79
V	498131	79
V	498272	64
V	498422	30
V	498575	79
V	498721	19
V	498879	179
V	499053	161
V	499211	85
V	499355	9
V	499499	79
V	499645	70
V	499805	66
V	499955	64
V	500104	161
V	500265	19
V	500415	9
V	500566	9
V	500715	9
V	500865	58
V	501016	50
V	501169	9
V	501317	79
V	501459	9
V	501607	8
V	501749	8
V	501892	9
V	502038	9
V	502176	9
V	502319	9
V	502470	77
V	502614	66
V	502757	9
V	502905	79
V	503054	58
V	503207	58
V	503357	9
V	503507	64
V	503661	14
V	503808	50
V	503963	177
V	504122	9
V	504267	14
V	504419	9
V	504561	9
V	504716	66
V	504867	9
V	505017	14
V	505170	58
V	505314	79
V	505469	7
V	505618	177
V	505779	9
V	505926	9
V	506071	9
V	506225	179
V	506388	7
V	506543	58
V	506690	14
V	506838	79
V	506985	178
V	507146	79
V	507295	9
V	507439	79
V	507591	14
V	507734	9
V	507889	64
V	508037	58
V	508196	145
V	508352	9
V	508503	14
V	508649	9
V	508792	9
V	508943	53
V	509093	179
V	509251	14
V	509408	58
V	509551	161
V	509716	70
V	509863	58
V	510008	9
V	510162	79
V	510312	19
V	510461	9
V	510608	50
V	510764	7
V	510915	7
V	511057	9
V	511208	53
V	511361	9
V	511505	9
V	511657	79
V	511806	66
V	511957	145
V	512120	64
V	512268	9
V	512413	9
V	512561	7
V	512709	64
V	512856	9
V	513007	50
V	513151	9
V	513299	178
V	513467	9
V	513611	8
V	513759	143
V	513917	7
V	514063	9
V	514222	9
V	514366	14
V	514522	9
V	514671	9
V	514817	9
V	514964	9
V	515114	79
V	515266	53
V	515417	77
V	515567	9
V	515718	58
V	515868	50
V	516020	79
V	516169	79
V	516313	9
V	516461	9
V	516615	79
V	516772	79
V	516923	71
V	517064	7
V	517212	71
V	517357	7
V	517512	161
V	517670	79
V	517819	9
V	517963	14
V	518115	14
V	518265	79
V	518426	9
V	518571	7
V	518725	58
V	518872	7
V	519021	145
V	519188	7
V	519335	50
V	519485	77
V	519634	177
V	519797	9
V	519943	7
V	520084	50
V	520231	9
V	520387	79
V	520538	50
V	520696	161
V	520868	64
V	521018	64
V	521170	77
V	521317	70
V	521464	77
V	521614	117
V	521776	58
V	521927	79
V	522073	50
V	522223	71
V	522369	79
V	522512	7
V	522665	79
V	522814	50
V	522966	9
V	523117	79
V	523273	20
V	523418	179
V	523586	7
V	523734	14
V	523894	7
V	524042	164
V	524207	179
V	524368	77
V	524508	64
V	524653	9
V	524803	178
V	524960	20
V	525126	58
V	525272	50
V	525423	9
V	525572	70
V	525718	50
V	525872	14
V	526031	9
V	526184	9
V	526340	164
V	526498	77
V	526647	64
V	526802	7
V	526946	79
V	527096	9
V	527248	9
V	527403	77
V	527553	161
V	527725	79
V	527875	14
V	528028	9
V	528177	79
V	528331	20
V	528489	9
V	528647	50
V	528799	79
V	528944	14
V	529104	50
V	529257	9
V	529409	179
V	529579	79
V	529730	79
V	529880	7
V	530021	64
V	530162	14
V	530310	79
V	530461	14
V	530617	50
V	530765	14
V	530914	178
V	531074	58
V	531225	66
V	531373	14
V	531518	50
V	531662	19
V	531809	79
V	531957	50
V	532101	7
V	532260	7
V	532403	9
V	532556	50
V	532720	64
V	532872	14
V	533023	14
V	533172	9
V	533317	9
V	533462	7
V	533609	7
V	533756	161
V	533921	7
V	534070	50
V	534220	9
V	534369	50
V	534530	9
V	534682	163
V	534849	79
V	535001	7
V	535137	9
V	535289	7
V	535438	79
V	535583	79
V	535734	50
V	535888	14
V	536042	58
V	536188	79
V	536333	8
V	536471	58
V	536621	9
V	536772	79
V	536918	9
V	537066	9
V	537210	9
V	537363	79
V	537511	9
V	537661	50
V	537812	79
V	537964	9
V	538113	14
V	538264	9
V	538423	77
V	538574	9
V	538723	14
V	538879	7
V	539021	50
V	539172	9
V	539322	179
V	539481	79
V	539632	58
V	539785	164
V	539952	14
V	540096	79
V	540246	9
V	540402	14
V	540554	20
V	540700	7
V	540853	9
V	541007	70
V	541156	9
V	541307	71
V	541449	58
V	541596	58
V	541741	117
V	541911	161
V	542074	9
V	542222	14
V	542369	7
V	542519	7
V	542669	7
V	542816	77
V	542965	9
V	543119	50
V	543267	9
V	543416	9
V	543564	19
V	543711	77
V	543864	9
V	544013	20
V	544160	64
V	544309	79
V	544461	77
V	544606	77
V	544754	7
V	544904	9
V	545056	20
V	545205	9
V	545351	9
V	545504	8
V	545652	7
V	545797	145
V	545967	50
V	546119	77
V	546271	71
V	546417	7
V	546559	9
V	546713	9
V	546865	14
V	547007	9
V	547157	79
V	547307	50
V	547460	58
V	547607	9
V	547754	79
V	547902	9
V	548053	79
V	548198	143
V	548371	9
V	548520	9
V	548673	50
V	548824	9
V	548971	79
V	549125	14
V	549274	7
V	549421	14
V	549565	131
V	549730	9
V	549877	14
V	550034	9
V	550180	79
V	550332	14
V	550483	9
V	550637	50
V	550786	7
V	550937	79
V	551083	180
V	551239	9
V	551392	77
V	551541	58
V	551692	58
V	551838	64
V	551988	9
V	552140	178
V	552317	79
V	552468	77
V	552612	77
V	552758	14
V	552909	14
V	553060	9
V	553207	55
V	553356	50
V	553502	9
V	553652	77
V	553803	9
V	553952	53
V	554103	19
V	554252	9
V	554403	9
V	554558	9
V	554705	9
V	554867	14
V	555015	7
V	555161	9
V	555315	79
V	555459	1
V	555605	9
V	555751	70
V	555900	50
V	556048	14
V	556193	179
V	556357	14
V	556512	50
V	556663	79
V	556816	20
V	556958	7
V	557112	50
V	557265	9
V	557408	66
V	557556	9
V	557706	50
V	557853	14
V	558000	14
V	558145	58
V	558292	79
V	558438	14
V	558585	9
V	558735	14
V	558882	64
V	559032	79
V	559179	8
V	559322	77
V	559472	9
V	559623	9
V	559772	77
V	559915	77
V	560069	14
V	560219	9
V	560370	77
V	560517	58
V	560666	64
V	560818	70
V	560973	70
V	561135	50
V	561277	50
V	561422	70
V	561571	58
V	561710	14
V	561866	9
V	562023	50
V	562176	9
V	562324	9
V	562468	177
V	562630	14
V	562779	7
V	562924	145
V	563086	77
V	563236	79
V	563385	64
V	563535	9
V	563683	19
V	563834	7
V	563984	66
V	564128	19
V	564270	9
V	564418	79
V	564566	14
V	564715	79
V	564864	64
V	565014	117
V	565176	14
V	565320	53
V	565471	9
V	565618	53
V	565773	58
V	565924	66
V	566073	7
V	566223	20
V	566371	7
V	566515	53
V	566658	20
V	566805	19
V	566955	9
V	567109	50
V	567259	53
V	567401	64
V	567553	50
V	567703	79
V	567854	79
V	568000	9
V	568148	79
V	568295	64
V	568443	50
V	568592	9
V	568745	64
V	568893	9
V	569037	8
V	569183	79
V	569333	14
V	569487	9
V	569640	58
V	569787	161
V	569948	9
V	570089	161
V	570252	9
V	570402	14
V	570554	7
V	570705	9
V	570850	79
V	570997	148
V	571167	50
V	571319	7
V	571470	58
V	571622	50
V	571767	70
V	571913	7
V	572063	177
V	572227	163
V	572398	9
V	572548	20
V	572706	9
V	572855	7
V	573004	14
V	573154	9
V	573305	64
V	573458	9
V	573610	164
V	573789	9
V	573928	7
V	574070	9
V	574219	7
V	574366	9
V	574516	9
V	574664	9
V	574821	7
V	574970	50
V	575129	9
V	575276	66
V	575427	50
V	575576	70
V	575733	7
V	575881	79
V	576029	178
V	576196	9
V	576349	20
V	576494	161
V	576654	9
V	576805	14
V	576962	179
V	577136	7
V	577292	14
V	577446	79
V	577592	58
V	577743	77
V	577898	58
V	578040	143
V	578200	161
V	578359	9
V	578513	71
V	578661	7
V	578810	79
V	578954	20
V	579097	50
V	579242	8
V	579391	79
V	579540	70
V	579697	79
V	579844	79
V	579990	7
V	580142	70
V	580306	9
V	580466	79
V	580617	164
V	580777	50
V	580919	9
V	581069	50
V	581226	79
V	581370	7
V	581523	9
V	581671	50
V	581824	20
V	581973	79
V	582120	20
V	582266	7
V	582412	50
V	582566	58
V	582721	9
V	582872	79
V	583023	9
V	583180	79
V	583327	14
V	583484	50
V	583633	9
V	583786	79
V	583936	77
V	584086	9
V	584234	8
V	584379	7
V	584526	77
V	584671	58
V	584820	9
V	584959	9
V	585110	9
V	585254	77
V	585397	7
V	585544	9
V	585698	179
V	585861	9
V	586011	79
V	586158	19
V	586311	117
V	586477	9
V	586628	7
V	586770	77
V	586915	14
V	587066	79
V	587216	79
V	587365	164
V	587535	64
V	587685	79
V	587829	14
V	587976	9
V	588131	14
V	588287	7
V	588440	9
V	588589	79
V	588744	77
V	588893	50
V	589040	7
V	589182	9
V	589337	7
V	589484	9
V	589635	145
V	589789	64
V	589942	9
V	590097	9
V	590247	7
V	590398	50
V	590545	7
V	590691	9
V	590843	77
V	590991	8
V	591140	79
V	591286	9
V	591436	14
V	591587	8
V	591751	9
V	591897	9
V	592040	64
V	592188	9
V	592344	9
V	592493	19
V	592636	58
V	592786	77
V	592934	58
V	593083	145
V	593249	7
V	593406	79
V	593556	9
V	593710	9
V	593865	9
V	594018	14
V	594166	9
V	594316	53
V	594465	7
V	594615	9
V	594766	9
V	594924	58
V	595071	9
V	595219	58
V	595374	64
V	595527	9
V	595679	178
V	595856	7
V	596012	79
V	596159	79
V	596315	79
V	596467	178
V	596631	7
V	596773	14
V	596923	58
V	597067	7
V	597219	64
V	597368	9
V	597511	79
V	597657	161
V	597817	164
V	597981	79
V	598130	7
V	598269	58
V	598416	50
V	598567	70
V	598713	79
V	598863	9
V	599005	9
V	599159	14
V	599303	50
V	599462	9
V	599608	66
V	599759	79
V	599900	9
V	600047	14
V	600197	50
V	600350	79
V	600502	64
V	600652	9
V	600804	70
V	600951	9
V	601098	14
V	601250	64
V	601397	7
V	601544	14
V	601692	117
V	601861	7
V	602008	14
V	602156	9
V	602306	58
V	602457	9
V	602607	53
V	602769	9
V	602918	9
V	603068	53
V	603214	164
V	603382	58
V	603529	9
V	603680	79
V	603824	14
V	603967	79
V	604116	64
V	604272	58
V	604427	14
V	604577	19
V	604723	9
V	604874	9
V	605023	145
V	605183	9
V	605327	145
V	605493	143
V	605651	7
V	605796	9
V	605950	50
V	606098	58
V	606245	58
V	606392	50
V	606550	70
V	606700	178
V	606861	9
V	607010	7
V	607158	164
V	607336	58
V	607480	70
V	607627	9
V	607776	79
V	607933	7
V	608083	14
V	608237	14
V	608384	58
V	608528	50
V	608682	79
V	608823	14
V	608978	79
V	609130	7
V	609279	9
V	609427	127
V	609590	58
V	609738	14
V	609892	145
V	610054	9
V	610205	181
V	610366	9
V	610516	79
V	610667	20
V	610826	79
V	610978	79
V	611127	77
V	611276	14
V	611423	79
V	611570	19
V	611718	9
V	611873	58
V	612024	9
V	612177	20
V	612325	164
V	612491	53
V	612638	79
V	612786	9
V	612934	9
V	613082	77
V	613233	14
V	613384	79
V	613535	9
V	613679	7
V	613830	77
V	613992	9
V	614144	14
V	614307	9
V	614454	7
V	614600	50
V	614755	53
V	614901	64
V	615050	9
V	615194	9
V	615352	177
V	615510	79
V	615657	50
V	615808	9
V	615954	14
V	616100	7
V	616243	79
V	616384	50
V	616535	79
V	616688	64
V	616843	58
V	616989	9
V	617137	64
V	617283	161
V	617439	64
V	617583	7
V	617727	9
V	617869	19
V	618015	66
V	618165	9
V	618309	9
V	618458	145
V	618630	79
V	618779	64
V	618932	9
V	619080	58
V	619233	161
V	619391	7
V	619529	9
V	619682	79
V	619824	161
V	619997	77
V	620145	77
V	620294	7
V	620448	9
V	620601	14
V	620750	79
V	620901	74
V	621050	7
V	621202	9
V	621352	50
V	621500	79
V	621651	50
V	621798	145
V	621964	9
V	622118	14
V	622279	79
V	622428	79
V	622575	9
V	622723	9
V	622877	58
V	623027	50
V	623178	79
V	623336	77
V	623480	50
V	623632	79
V	623778	20
V	623929	178
V	624103	50
V	624251	9
V	624405	14
V	624566	79
V	624718	77
V	624868	77
V	625015	9
V	625161	9
V	625319	145
V	625479	9
V	625622	79
V	625769	9
V	625919	161
V	626082	14
V	626226	7
V	626374	7
V	626525	7
V	626672	79
V	626820	9
V	626969	9
V	627121	77
V	627276	161
V	627437	79
V	627588	9
V	627737	64
V	627880	77
V	628026	9
V	628172	79
V	628321	79
V	628471	53
V	628615	66
V	628764	50
V	628915	19
V	629058	58
V	629206	161
V	629368	14
V	629512	64
V	629665	14
V	629811	79
V	629959	79
V	630110	7
V	630258	9
V	630406	19
V	630550	79
V	630696	9
V	630848	58
V	630998	161
V	631166	7
V	631310	20
V	631461	9
V	631616	70
V	631763	79
V	631917	58
V	632066	7
V	632217	9
V	632366	9
V	632511	14
V	632664	7
V	632805	9
V	632955	77
V	633095	9
V	633246	50
V	633399	19
V	633545	9
V	633689	9
V	633842	131
V	634004	79
V	634146	14
V	634292	7
V	634450	7
V	634605	14
V	634754	79
V	634901	19
V	635045	9
V	635201	14
V	635363	7
V	635510	64
V	635661	58
V	635812	20
V	635962	79
V	636116	9
V	636265	9
V	636411	9
V	636558	64
V	636712	9
V	636863	7
V	637015	178
V	637177	50
V	637327	7
V	637476	66
V	637623	161
V	637784	64
V	637928	58
V	638080	9
V	638229	9
V	638375	19
V	638537	9
V	638689	77
V	638838	7
V	638983	7
V	639125	79
V	639277	79
V	639428	7
V	639576	19
V	639726	64
V	639876	58
V	640026	9
V	640171	7
V	640320	9
V	640464	9
V	640616	9
V	640772	79
V	640919	14
V	641069	79
V	641222	14
V	641376	77
V	641529	14
V	641671	79
V	641824	161
V	641986	77
V	642136	9
V	642283	9
V	642434	79
V	642585	9
V	642736	9
V	642891	9
V	643045	50
V	643198	7
V	643344	9
V	643495	161
V	643657	66
V	643806	77
V	643958	79
V	644109	77
V	644258	58
V	644409	64
V	644563	14
V	644711	14
V	644862	9
V	645010	77
V	645158	9
V	645305	79
V	645453	14
V	645602	9
V	645751	9
V	645897	14
V	646044	58
V	646193	77
V	646345	19
V	646497	14
V	646647	20
V	646789	7
V	646937	50
V	647087	7
V	647234	79
V	647384	9
V	647533	9
V	647675	50
V	647825	7
V	647976	164
V	648139	79
V	648280	7
V	648425	7
V	648575	50
V	648723	163
V	648881	9
V	649027	79
V	649175	164
V	649365	7
V	649513	71
V	649657	58
V	649806	164
V	649964	77
V	650113	9
V	650268	9
V	650412	178
V	650573	163
V	650756	53
V	650906	50
V	651051	79
V	651200	14
V	651359	9
V	651509	79
V	651666	70
V	651817	66
V	651963	14
V	652116	7
V	652258	58
V	652408	9
V	652554	9
V	652702	70
V	652859	163
V	653023	9
V	653175	14
V	653318	50
V	653472	9
V	653616	9
V	653772	14
V	653919	50
V	654064	79
V	654213	9
V	654365	127
V	654531	161
V	654704	9
V	654857	19
V	655003	77
V	655153	20
V	655299	9
V	655448	9
V	655607	79
V	655752	14
V	655898	20
V	656052	145
V	656211	79
V	656358	7
V	656503	9
V	656650	9
V	656804	9
V	656952	9
V	657104	79
V	657256	9
V	657404	14
V	657558	77
V	657707	7
V	657849	9
V	658000	9
V	658155	50
V	658305	7
V	658452	64
V	658606	127
V	658767	9
V	658920	58
V	659068	9
V	659220	50
V	659374	50
V	659524	7
V	659678	70
V	659821	9
V	659977	14
V	660134	70
V	660285	50
V	660433	7
V	660581	7
V	660732	19
V	660881	143
V	661043	9
V	661192	79
V	661343	9
V	661493	79
V	661643	181
V	661801	79
V	661946	64
V	662094	77
V	662242	9
V	662392	131
V	662554	7
V	662699	9
V	662855	9
V	663008	79
V	663155	77
V	663303	50
V	663453	7
V	663601	14
V	663750	9
V	663901	7
V	664050	79
V	664211	9
V	664361	79
V	664511	58
V	664656	14
V	664802	79
V	664948	77
V	665098	70
V	665244	79
V	665392	161
V	665554	8
V	665701	14
V	665846	50
V	666001	9
V	666146	66
V	666299	79
V	666448	9
V	666603	58
V	666745	79
V	666894	79
V	667040	79
V	667186	77
V	667339	19
V	667484	7
V	667636	79
V	667785	79
V	667933	50
V	668083	14
V	668227	79
V	668374	79
V	668525	58
V	668673	58
V	668823	50
V	668971	50
V	669118	9
V	669263	79
V	669413	64
V	669564	19
V	669714	64
V	669865	9
V	670013	9
V	670162	53
V	670310	7
V	670454	161
V	670615	79
V	670759	9
V	670903	70
V	671052	9
V	671201	79
V	671350	9
V	671501	66
V	671644	9
V	671791	7
V	671937	64
V	672086	9
V	672237	131
V	672397	50
V	672548	7
V	672693	50
V	672840	8
V	672989	7
V	673131	9
V	673284	19
V	673441	79
V	673590	9
V	673737	64
V	673889	79
V	674040	7
V	674194	7
V	674348	161
V	674508	79
V	674657	70
V	674806	9
V	674958	7
V	675108	14
V	675263	64
V	675412	9
V	675560	79
V	675708	9
V	675853	79
V	676000	77
V	676144	9
V	676299	9
V	676462	9
V	676609	53
V	676764	50
V	676918	77
V	677067	50
V	677215	9
V	677367	9
V	677514	9
V	677664	161
V	677826	9
V	677970	9
V	678119	79
V	678265	79
V	678414	179
V	678582	79
V	678733	14
V	678883	181
V	679041	7
V	679189	50
V	679339	58
V	679484	9
V	679635	9
V	679783	9
V	679930	14
V	680077	9
V	680231	9
V	680384	70
V	680538	79
V	680690	14
V	680836	14
V	680982	9
V	681140	9
V	681294	73
V	681449	9
V	681605	9
V	681754	14
V	681905	79
V	682052	7
V	682204	58
V	682356	9
V	682509	179
V	682681	79
V	682827	50
V	682972	9
V	683124	64
V	683276	53
V	683420	70
V	683577	14
V	683723	77
V	683869	50
V	684029	9
V	684179	19
V	684323	9
V	684474	79
V	684627	9
V	684777	50
V	684927	53
V	685072	79
V	685216	9
V	685367	9
V	685519	8
V	685669	50
V	685818	9
V	685972	7
V	686111	9
V	686268	79
V	686421	9
V	686579	14
V	686731	50
V	686870	79
V	687017	143
V	687178	131
V	687338	9
V	687487	79
V	687635	58
V	687788	53
V	687951	19
V	688093	9
V	688247	9
V	688391	9
V	688547	9
V	688706	7
V	688848	50
V	689002	77
V	689149	50
V	689300	9
V	689453	9
V	689601	79
V	689751	64
V	689895	64
V	690046	9
V	690197	7
V	690343	77
V	690490	85
V	690639	14
V	690788	14
V	690935	14
V	691078	79
V	691227	8
V	691374	9
V	691527	58
V	691678	58
V	691828	79
V	691972	9
V	692128	50
V	692286	7
V	692434	79
V	692583	161
V	692735	66
V	692882	8
V	693032	9
V	693186	85
V	693328	9
V	693478	9
V	693632	7
V	693783	70
V	693941	178
V	694112	178
V	694276	77
V	694420	64
V	694565	14
V	694716	50
V	694867	9
V	695019	8
V	695162	70
V	695313	9
V	695457	20
V	695612	143
V	695782	53
V	695935	9
V	696087	9
V	696239	14
V	696399	14
V	696548	79
V	696702	9
V	696859	164
V	697028	14
V	697175	179
V	697335	79
V	697480	77
V	697630	53
V	697773	7
V	697922	161
V	698079	58
V	698229	79
V	698377	58
V	698524	9
V	698679	14
V	698828	79
V	698981	50
V	699132	58
V	699279	7
V	699428	19
V	699576	9
V	699731	9
V	699885	64
V	700041	9
V	700186	9
V	700340	50
V	700497	70
V	700649	79
V	700803	7
V	700953	77
V	701104	64
V	701257	77
V	701405	9
V	701555	79
V	701698	7
V	701844	50
V	701987	7
V	702134	9
V	702287	7
V	702441	79
V	702594	9
V	702734	79
V	702886	79
V	703031	70
V	703191	50
V	703344	164
V	703518	50
V	703669	58
V	703821	79
V	703962	9
V	704123	9
V	704275	8
V	704420	9
V	704572	70
V	704718	58
V	704869	7
V	705019	7
V	705169	14
V	705317	79
V	705468	14
V	705621	14
V	705772	9
V	705922	64
V	706068	53
V	706224	14
V	706376	9
V	706526	14
V	706675	50
V	706829	145
V	706993	161
V	707163	145
V	707328	50
V	707483	9
V	707637	79
V	707789	9
V	707939	7
V	708085	14
V	708242	7
V	708391	77
V	708541	50
V	708692	14
V	708847	79
V	708993	70
V	709156	50
V	709310	9
V	709453	143
V	709619	64
V	709767	7
V	709912	7
V	710064	7
V	710213	79
V	710365	9
V	710515	9
V	710677	64
V	710824	9
V	710972	71
V	711118	50
V	711271	7
V	711413	50
V	711563	77
V	711709	79
V	711857	9
V	711998	9
V	712153	127
V	712320	9
V	712470	58
V	712619	9
V	712766	19
V	712910	14
V	713062	9
V	713213	50
V	713360	58
V	713504	79
V	713655	9
V	713807	14
V	713961	9
V	714111	7
V	714258	161
V	714418	58
V	714563	7
V	714708	9
V	714857	14
V	715002	79
V	715157	19
V	715303	58
V	715455	50
V	715610	9
V	715761	70
V	715913	9
V	716056	9
V	716211	79
V	716364	9
V	716512	7
V	716657	163
V	716827	77
V	716971	177
V	717134	9
V	717281	64
V	717430	9
V	717576	9
V	717729	79
V	717879	7
V	718031	79
V	718181	70
V	718328	64
V	718481	9
V	718632	14
V	718780	9
V	718928	9
V	719071	14
V	719216	79
V	719361	14
V	719517	9
V	719672	9
V	719817	7
V	719964	58
V	720113	79
V	720262	7
V	720409	53
V	720549	14
V	720698	9
V	720847	9
V	720990	9
V	721136	127
V	721301	14
V	721452	8
V	721605	9
V	721751	64
V	721900	9
V	722052	8
V	722192	50
V	722342	50
V	722493	70
V	722660	9
V	722816	9
V	722961	9
V	723110	9
V	723262	9
V	723410	9
V	723565	9
V	723718	71
V	723864	58
V	724016	14
V	724170	77
V	724319	50
V	724464	14
V	724616	79
V	724760	79
V	724910	9
V	725057	9
V	725201	64
V	725354	9
V	725502	7
V	725651	50
V	725797	9
V	725949	79
V	726101	9
V	726253	50
V	726397	79
V	726546	64
V	726699	58
V	726844	64
V	726992	9
V	727141	9
V	727292	164
V	727465	79
V	727608	9
V	727760	19
V	727914	7
V	728055	145
V	728228	14
V	728374	9
V	728517	53
V	728664	8
V	728807	9
V	728956	64
V	729105	79
V	729254	79
V	729406	20
V	729552	7
V	729700	58
V	729846	145
V	730003	9
V	730156	9
V	730306	14
V	730462	9
V	730616	71
V	730765	58
V	730916	50
V	731073	9
V	731222	9
V	731365	19
V	731513	9
V	731663	9
V	731814	70
V	731962	9
V	732118	79
V	732272	14
V	732418	79
V	732565	64
V	732713	77
V	732863	66
V	733006	9
V	733157	14
V	733311	9
V	733458	9
V	733612	53
V	733757	9
V	733902	9
V	734050	9
V	734197	178
V	734364	9
V	734515	20
V	734659	53
V	734801	77
V	734944	77
V	735094	66
V	735246	64
V	735395	14
V	735543	50
V	735695	79
V	735838	9
V	735989	66
V	736137	9
V	736286	9
V	736437	58
V	736591	50
V	736744	58
V	736893	9
V	737039	179
V	737216	9
V	737362	79
V	737509	77
V	737663	145
V	737828	77
V	737978	14
V	738129	179
V	738290	9
V	738441	9
V	738593	7
V	738740	14
V	738887	53
V	739031	117
V	739191	164
V	739353	14
V	739500	79
V	739653	20
V	739797	9
V	739945	50
V	740097	79
V	740245	9
V	740390	70
V	740530	79
V	740683	79
V	740835	58
V	740989	7
V	741138	14
V	741292	178
V	741450	64
V	741604	70
V	741762	9
V	741916	14
V	742069	9
V	742227	79
V	742380	20
V	742523	9
V	742672	8
V	742821	66
V	742973	145
V	743130	181
V	743292	50
V	743435	7
V	743583	64
V	743728	14
V	743873	66
V	744026	9
V	744177	9
V	744330	14
V	744473	7
V	744620	79
V	744766	7
V	744912	67
V	745061	9
V	745205	14
V	745355	14
V	745506	14
V	745665	50
V	745811	79
V	745959	14
V	746112	9
V	746261	14
V	746412	58
V	746567	70
V	746717	79
V	746862	177
V	747026	9
V	747179	9
V	747330	79
V	747478	53
V	747627	77
V	747774	58
V	747924	14
V	748071	79
V	748218	9
V	748364	64
V	748517	14
V	748662	53
V	748809	9
V	748963	14
V	749107	14
V	749255	58
V	749410	79
V	749561	9
V	749707	50
V	749853	14
V	750005	58
V	750155	79
V	750311	50
V	750468	14
V	750623	50
V	750773	50
V	750920	7
V	751069	178
V	751243	131
V	751408	7
V	751556	9
V	751711	14
V	751861	7
V	752010	50
V	752163	9
V	752315	9
V	752469	79
V	752624	9
V	752772	7
V	752923	7
V	753075	79
V	753220	58
V	753370	14
V	753514	64
V	753663	9
V	753822	9
V	753968	79
V	754113	58
V	754261	66
V	754416	9
V	754565	58
V	754713	178
V	754876	77
V	755021	161
V	755176	14
V	755330	77
V	755483	9
V	755624	161
V	755783	9
V	755933	14
V	756077	7
V	756221	178
V	756385	19
V	756541	9
V	756686	7
V	756840	50
V	756989	179
V	757148	19
V	757310	9
V	757457	79
V	757605	14
V	757752	7
V	757899	9
V	758050	66
V	758196	64
V	758341	79
V	758494	9
V	758644	19
V	758797	79
V	758955	50
V	759101	7
V	759249	20
V	759396	9
V	759545	58
V	759700	9
V	759845	179
V	760018	143
V	760176	9
V	760329	50
V	760477	14
V	760624	9
V	760763	50
V	760905	9
V	761056	9
V	761205	58
V	761359	14
V	761507	50
V	761662	58
V	761812	7
V	761964	9
V	762117	50
V	762262	79
V	762417	77
V	762573	66
V	762715	58
V	762859	79
V	763009	77
V	763158	79
V	763310	143
V	763469	58
V	763611	9
V	763767	77
V	763921	50
V	764072	79
V	764221	58
V	764375	14
V	764531	14
V	764682	79
V	764837	66
V	764984	50
V	765131	79
V	765275	79
V	765420	7
V	765574	9
V	765730	9
V	765878	70
V	766028	179
V	766204	14
V	766360	58
V	766510	9
V	766659	164
V	766837	9
V	766987	20
V	767134	64
V	767282	9
V	767431	9
V	767579	64
V	767728	77
V	767880	7
V	768027	58
V	768174	14
V	768317	9
V	768463	8
V	768609	77
V	768758	9
V	768912	19
V	769057	50
V	769213	77
V	769357	70
V	769497	50
V	769652	53
V	769796	177
V	769957	64
V	770106	14
V	770255	79
V	770404	50
V	770558	70
V	770710	70
V	770873	9
V	771031	7
V	771171	181
V	771331	14
V	771478	79
V	771619	161
V	771791	79
V	771943	9
V	772091	64
V	772246	79
V	772392	7
V	772544	9
V	772696	50
V	772843	9
V	772986	9
V	773133	77
V	773277	50
V	773429	64
V	773580	7
V	773730	9
V	773876	9
V	774024	9
V	774172	14
V	774315	20
V	774456	9
V	774604	64
V	774753	14
V	774908	9
V	775059	79
V	775211	58
V	775361	79
V	775516	14
V	775664	9
V	775813	9
V	775962	9
V	776112	8
V	776257	7
V	776412	7
V	776556	9
V	776711	79
V	776863	58
V	777015	58
V	777167	14
V	777317	178
V	777484	131
V	777648	9
V	777796	7
V	777943	64
V	778093	9
V	778246	7
V	778388	164
V	778564	145
V	778737	9
V	778887	64
V	779035	71
V	779184	9
V	779335	9
V	779481	145
V	779643	20
V	779784	179
V	779950	178
V	780114	9
V	780266	7
V	780417	164
V	780584	66
V	780730	9
V	780876	79
V	781026	178
V	781190	7
V	781337	50
V	781489	50
V	781638	9
V	781789	14
V	781943	79
V	782088	50
V	782234	14
V	782389	79
V	782545	7
V	782689	9
V	782841	7
V	782999	9
V	783150	79
V	783304	70
V	783462	9
V	783616	58
V	783772	58
V	783921	70
V	784067	178
V	784229	9
V	784389	70
V	784535	7
V	784681	9
V	784827	64
V	784981	161
V	785153	77
V	785304	131
V	785473	58
V	785622	66
V	785767	64
V	785917	14
V	786068	79
V	786217	77
V	786368	79
V	786520	7
V	786674	70
V	786826	79
V	786978	58
V	787132	164
V	787305	7
V	787453	50
V	787598	14
V	787751	9
V	787906	178
V	788071	9
V	788213	145
V	788384	9
V	788537	50
V	788687	77
V	788838	79
V	788992	9
V	789144	145
V	789303	9
V	789449	64
V	789596	58
V	789744	79
V	789890	9
V	790042	66
V	790186	79
V	790338	9
V	790489	58
V	790640	9
V	790790	14
V	790940	79
V	791088	164
V	791270	9
V	791428	161
V	791594	77
V	791743	14
V	791895	79
V	792041	58
V	792191	66
V	792338	145
V	792501	58
V	792644	20
V	792787	14
V	792942	58
V	793098	20
V	793249	9
V	793397	50
V	793547	9
V	793704	85
V	793851	50
V	794003	79
V	794149	79
V	794302	7
V	794453	79
V	794604	7
V	794753	179
V	794919	58
V	795067	9
V	795218	20
V	795372	58
V	795523	148
V	795692	50
V	795841	58
V	795998	19
V	796141	9
V	796289	58
V	796434	77
V	796582	50
V	796733	9
V	796889	9
V	797040	14
V	797190	77
V	797344	9
V	797492	14
V	797632	79
V	797790	79
V	797950	79
V	798101	50
V	798246	7
V	798397	79
V	798543	9
V	798690	79
V	798838	9
V	798990	70
V	799144	20
V	799286	50
V	799437	79
V	799589	8
V	799734	9
V	799888	50
V	800038	7
V	800182	9
V	800333	50
V	800489	9
V	800641	9
V	800790	161
V	800957	7
V	801099	9
V	801245	9
V	801394	7
V	801545	14
V	801694	9
V	801835	50
V	801989	9
V	802137	7
V	802288	58
V	802435	9
V	802585	66
V	802727	9
V	802882	58
V	803034	177
V	803213	9
V	803357	14
V	803510	9
V	803656	148
V	803825	14
V	803975	79
V	804123	50
V	804272	79
V	804423	19
V	804568	9
V	804720	19
V	804867	14
V	805017	79
V	805165	64
V	805315	66
V	805468	58
V	805621	20
V	805766	50
V	805919	7
V	806068	7
V	806222	77
V	806377	19
V	806539	79
V	806684	79
V	806832	7
V	806978	50
V	807124	79
V	807276	9
V	807422	58
V	807575	77
V	807714	79
V	807862	7
V	808013	66
V	808155	9
V	808308	9
V	808451	7
V	808603	77
V	808747	9
V	808897	9
V	809049	9
V	809200	79
V	809342	9
V	809490	14
V	809634	14
V	809779	77
V	809929	9
V	810076	14
V	810228	9
V	810375	7
V	810515	58
V	810666	79
V	810813	79
V	810962	79
V	811114	50
V	811261	179
V	811437	50
V	811589	50
V	811736	50
V	811892	14
V	812043	7
V	812184	79
V	812331	9
V	812479	50
V	812629	9
V	812777	53
V	812920	14
V	813074	79
V	813224	70
V	813371	117
V	813528	7
V	813673	9
V	813823	79
V	813980	70
V	814124	8
V	814269	9
V	814418	9
V	814566	7
V	814719	20
V	814867	161
V	815023	9
V	815169	177
V	815344	9
V	815496	9
V	815647	64
V	815793	79
V	815939	64
V	816092	9
V	816243	9
V	816392	9
V	816537	7
V	816692	9
V	816850	9
V	817004	9
V	817155	71
V	817310	58
V	817461	7
V	817610	79
V	817758	9
V	817905	9
V	818046	14
V	818198	7
V	818353	14
V	818500	71
V	818648	9
V	818804	79
V	818952	50
V	819103	58
V	819249	14
V	819399	50
V	819548	70
V	819700	77
V	819851	9
V	820001	9
V	820152	79
V	820305	1
V	820454	64
V	820606	9
V	820758	7
V	820907	161
V	821065	64
V	821212	64
V	821364	161
V	821528	50
V	821689	7
V	821839	58
V	821987	19
V	822136	77
V	822283	79
V	822427	9
V	822574	79
V	822721	145
V	822880	9
V	823028	58
V	823175	14
V	823324	7
V	823474	79
V	823619	9
V	823773	14
V	823924	58
V	824078	79
V	824230	58
V	824383	9
V	824537	14
V	824684	79
V	824837	79
V	824987	58
V	825135	14
V	825282	14
V	825425	9
V	825575	14
V	825725	79
V	825869	70
V	826017	14
V	826164	19
V	826312	7
V	826459	9
V	826607	9
V	826758	9
V	826907	9
V	827059	161
V	827221	9
V	827364	64
V	827516	145
V	827683	9
V	827827	7
V	827971	64
V	828123	9
V	828272	9
V	828423	14
V	828578	9
V	828728	19
V	828885	14
V	829031	79
V	829185	7
V	829331	14
V	829484	14
V	829626	53
V	829780	145
V	829951	179
V	830123	19
V	830272	58
V	830421	9
V	830569	161
V	830729	7
V	830876	7
V	831024	79
V	831181	50
V	831333	58
V	831479	14
V	831626	70
V	831772	7
V	831932	9
V	832083	9
V	832241	79
V	832381	9
V	832532	9
V	832684	7
V	832830	19
V	832976	53
V	833118	58
V	833270	50
V	833423	14
V	833568	9
V	833722	58
V	833876	50
V	834028	7
V	834177	77
V	834322	143
V	834484	9
V	834639	20
V	834784	7
V	834930	79
V	835084	9
V	835227	53
V	835368	79
V	835511	58
V	835666	161
V	835831	9
V	835982	7
V	836134	58
V	836281	64
V	836433	77
V	836582	178
V	836746	9
V	836896	70
V	837042	9
V	837197	79
V	837346	79
V	837489	161
V	837651	53
V	837793	9
V	837939	9
V	838085	145
V	838249	9
V	838402	77
V	838557	9
V	838709	19
V	838857	64
V	839004	9
V	839151	14
V	839297	9
V	839441	9
V	839591	179
V	839757	7
V	839901	70
V	840040	79
V	840189	7
V	840338	145
V	840501	178
V	840674	50
V	840824	70
V	840971	14
V	841115	7
V	841258	161
V	841423	14
V	841568	79
V	841715	79
V	841871	14
V	842028	9
V	842184	9
V	842332	14
V	842485	9
V	842637	66
V	842785	77
V	842935	7
V	843089	58
V	843240	79
V	843393	9
V	843536	7
V	843683	14
V	843834	127
V	843995	20
V	844150	79
V	844297	9
V	844449	7
V	844599	9
V	844753	50
V	844901	50
V	845054	79
V	845204	79
V	845354	50
V	845507	79
V	845662	70
V	845805	77
V	845956	9
V	846101	7
V	846250	7
V	846399	148
V	846564	9
V	846718	9
V	846865	9
V	847022	7
V	847164	64
V	847311	50
V	847457	9
V	847609	79
V	847759	14
V	847909	163
V	848073	77
V	848230	9
V	848379	9
V	848529	50
V	848682	50
V	848828	58
V	848975	178
V	849143	50
V	849286	58
V	849434	77
V	849582	79
V	849727	9
V	849879	14
V	850029	53
V	850190	77
V	850335	9
V	850488	178
V	850657	64
V	850806	9
V	850953	58
V	851104	9
V	851253	7
V	851398	9
V	851550	161
V	851711	7
V	851856	64
V	852011	9
V	852161	14
V	852305	7
V	852451	9
V	852603	79
V	852760	9
V	852898	19
V	853043	9
V	853189	79
V	853338	14
V	853490	70
V	853644	161
V	853802	77
V	853946	9
V	854103	20
V	854265	9
V	854421	50
V	854570	7
V	854711	79
V	854871	77
V	855019	143
V	855176	64
V	855329	9
V	855475	79
V	855621	9
V	855764	79
V	855914	163
V	856076	79
V	856229	19
V	856374	50
V	856528	53
V	856674	14
V	856818	7
V	856967	9
V	857112	9
V	857266	50
V	857410	70
V	857571	9
V	857723	58
V	857864	9
V	858007	131
V	858168	14
V	858315	9
V	858465	64
V	858620	14
V	858783	7
V	858941	20
V	859088	14
V	859237	9
V	859393	9
V	859538	77
V	859686	79
V	859836	7
V	859982	145
V	860149	53
V	860292	117
V	860454	79
V	860603	50
V	860763	79
V	860918	7
V	861066	79
V	861209	9
V	861355	58
V	861501	7
V	861644	9
V	861794	53
V	861941	9
V	862093	9
V	862238	50
V	862384	79
V	862533	9
V	862676	177
V	862840	70
V	862989	9
V	863137	70
V	863284	9
V	863431	79
V	863581	9
V	863731	50
V	863878	70
V	864030	58
V	864174	9
V	864322	9
V	864468	180
V	864622	64
V	864777	14
V	864930	66
V	865076	9
V	865227	14
V	865380	50
V	865533	77
V	865689	9
V	865838	58
V	865990	79
V	866143	9
V	866292	77
V	866443	50
V	866594	14
V	866740	64
V	866883	50
V	867036	70
V	867185	9
V	867340	79
V	867488	14
V	867634	14
V	867788	14
V	867932	9
V	868083	58
V	868238	178
V	868408	19
V	868562	79
V	868708	9
V	868857	9
V	869007	64
V	869156	161
V	869314	14
V	869461	161
V	869622	9
V	869769	7
V	869925	14
V	870069	64
V	870217	7
V	870368	19
V	870523	79
V	870666	9
V	870815	50
V	870961	9
V	871109	58
V	871259	77
V	871411	7
V	871554	79
V	871708	14
V	871862	9
V	872013	9
V	872162	9
V	872309	9
V	872463	14
V	872610	9
V	872763	7
V	872907	9
V	873058	66
V	873206	9
V	873354	79
V	873506	9
V	873658	7
V	873805	19
V	873956	58
V	874105	77
V	874263	9
V	874406	14
V	874554	9
V	874702	9
V	874844	9
V	874997	14
V	875148	14
V	875303	58
V	875451	64
V	875599	66
V	875741	9
V	875889	50
V	876038	79
V	876188	9
V	876336	9
V	876487	179
V	876651	14
V	876801	50
V	876950	58
V	877098	9
V	877250	14
V	877400	9
V	877553	14
V	877708	9
V	877853	9
V	878003	58
V	878151	20
V	878296	127
V	878470	14
V	878624	50
V	878765	9
V	878920	14
V	879069	9
V	879221	79
V	879375	14
V	879517	7
V	879668	9
V	879815	9
V	879959	9
V	880108	9
V	880258	77
V	880409	64
V	880558	66
V	880703	9
V	880847	50
V	880997	7
V	881142	50
V	881293	14
V	881444	79
V	881585	77
V	881730	9
V	881873	50
V	882023	66
V	882173	50
V	882330	9
V	882480	58
V	882630	8
V	882807	79
V	882960	66
V	883101	9
V	883250	7
V	883391	14
V	883547	9
V	883698	14
V	883848	9
V	884001	79
V	884149	79
V	884300	79
V	884454	14
V	884602	70
V	884746	9
V	884903	9
V	885062	9
V	885212	79
V	885367	178
V	885523	7
V	885677	9
V	885823	19
V	885972	50
V	886120	64
V	886271	58
V	886417	9
V	886570	181
V	886732	20
V	886881	9
V	887035	58
V	887178	53
V	887325	14
V	887477	9
V	887627	14
V	887773	66
V	887919	71
V	888060	77
V	888207	58
V	888355	50
V	888507	14
V	888662	9
V	888811	9
V	888962	79
V	889111	145
V	889272	50
V	889423	9
V	889574	53
V	889726	164
V	889893	9
V	890042	9
V	890192	9
V	890337	7
V	890485	50
V	890630	20
V	890781	64
V	890931	9
V	891084	9
V	891233	70
V	891387	79
V	891542	79
V	891698	14
V	891854	177
V	892012	7
V	892152	1
V	892299	79
V	892446	7
V	892598	50
V	892744	79
V	892892	164
V	893074	9
V	893226	71
V	893373	77
V	893521	79
V	893668	79
V	893815	50
V	893965	50
V	894119	79
V	894261	179
V	894416	8
V	894564	145
V	894720	179
V	894878	9
V	895021	164
V	895182	14
V	895335	53
V	895485	7
V	895636	19
V	895786	19
V	895928	14
V	896086	7
V	896228	64
V	896376	9
V	896524	58
V	896674	50
V	896828	7
V	896978	53
V	897127	50
V	897285	9
V	897437	64
V	897583	7
V	897728	7
V	897870	9
V	898019	14
V	898170	79
V	898314	9
V	898464	79
V	898613	7
V	898769	7
V	898918	7
V	899062	179
V	899224	9
V	899375	77
V	899530	14
V	899678	177
V	899837	8
V	899980	9
V	900128	9
V	900274	58
V	900424	77
V	900569	161
V	900726	14
V	900875	70
V	901017	179
V	901180	50
V	901329	79
V	901480	9
V	901624	7
V	901775	131
V	901934	50
V	902091	9
V	902241	7
V	902389	8
V	902534	163
V	902705	58
V	902855	79
V	903007	50
V	903155	19
V	903302	20
V	903443	9
V	903594	9
V	903748	79
V	903896	9
V	904040	66
V	904186	9
V	904329	9
V	904475	79
V	904627	50
V	904778	70
V	904924	53
V	905079	145
V	905237	9
V	905388	9
V	905534	64
V	905684	79
V	905833	7
V	905980	64
V	906132	9
V	906287	9
V	906443	9
V	906591	177
V	906752	179
V	906934	7
V	907082	50
V	907233	9
V	907384	58
V	907530	64
V	907681	9
V	907830	14
V	907977	20
V	908123	9
V	908274	7
V	908419	9
V	908568	79
V	908722	9
V	908872	7
V	909026	64
V	909171	7
V	909322	58
V	909467	79
V	909618	161
V	909783	79
V	909941	70
V	910099	7
V	910253	79
V	910397	177
V	910566	9
V	910715	179
V	910879	9
V	911033	79
V	911176	79
V	911326	161
V	911488	9
V	911642	58
V	911791	9
V	911938	9
V	912096	79
V	912249	9
V	912392	64
V	912538	58
V	912685	9
V	912837	14
V	912992	9
V	913144	14
V	913298	179
V	913465	79
V	913608	64
V	913760	9
V	913912	14
V	914065	179
V	914232	79
V	914391	50
V	914547	9
V	914693	9
V	914843	50
V	914991	14
V	915140	9
V	915283	14
V	915432	9
V	915576	79
V	915726	7
V	915879	50
V	916025	14
V	916177	53
V	916328	9
V	916477	7
V	916618	14
V	916769	7
V	916920	79
V	917066	9
V	917220	53
V	917369	50
V	917520	9
V	917662	14
V	917805	9
V	917956	79
V	918107	9
V	918268	53
V	918414	79
V	918565	9
V	918719	58
V	918870	161
V	919032	7
V	919182	9
V	919334	79
V	919478	79
V	919627	50
V	919778	14
V	919924	79
V	920069	19
V	920220	79
V	920367	79
V	920519	161
V	920678	7
V	920827	145
V	920988	14
V	921131	77
V	921279	9
V	921434	42
V	921585	79
V	921737	9
V	921883	9
V	922033	79
V	922179	14
V	922325	71
V	922470	79
V	922617	145
V	922774	177
V	922950	9
V	923092	50
V	923245	79
V	923391	9
V	923540	9
V	923688	7
V	923833	77
V	923979	9
V	924123	19
V	924267	9
V	924418	9
V	924567	53
V	924711	14
V	924858	9
V	925009	179
V	925169	20
V	925318	9
V	925466	14
V	925616	14
V	925757	77
V	925909	14
V	926069	77
V	926212	79
V	926361	14
V	926522	9
V	926672	77
V	926829	19
V	926976	7
V	927133	9
V	927279	14
V	927431	79
V	927581	7
V	927737	9
V	927887	9
V	928032	181
V	928192	9
V	928339	9
V	928486	7
V	928635	19
V	928785	70
V	928940	79
V	929087	7
V	929243	53
V	929388	161
V	929548	9
V	929698	53
V	929842	79
V	929988	14
V	930136	66
V	930284	58
V	930433	58
V	930583	9
V	930732	131
V	930897	58
V	931045	58
V	931190	77
V	931339	164
V	931501	9
V	931650	9
V	931803	14
V	931957	9
V	932116	58
V	932267	58
V	932416	9
V	932564	9
V	932712	14
V	932859	79
V	933007	20
V	933150	7
V	933298	9
V	933442	14
V	933593	9
V	933749	19
V	933893	50
V	934047	58
V	934200	79
V	934354	19
V	934502	14
V	934650	9
V	934803	79
V	934952	7
V	935104	77
V	935254	79
V	935401	70
V	935555	79
V	935699	145
V	935873	14
V	936020	14
V	936171	58
V	936320	19
V	936466	79
V	936609	50
V	936762	9
V	936912	79
V	937060	161
V	937220	9
V	937372	14
V	937514	58
V	937666	19
V	937810	9
V	937962	14
V	938114	14
V	938268	9
V	938412	7
V	938563	9
V	938711	145
V	938873	9
V	939019	79
V	939166	177
V	939330	79
V	939489	58
V	939640	79
V	939789	7
V	939944	163
V	940109	64
V	940259	14
V	940407	7
V	940557	53
V	940700	9
V	940848	79
V	940999	50
V	941148	14
V	941296	14
V	941444	79
V	941595	19
V	941743	9
V	941889	58
V	942044	77
V	942186	7
V	942334	14
V	942481	14
V	942622	7
V	942775	79
V	942922	9
V	943060	14
V	943217	7
V	943374	7
V	943524	9
V	943671	50
V	943824	9
V	943978	53
V	944122	79
V	944272	50
V	944419	64
V	944569	14
V	944720	53
V	944866	79
V	945012	70
V	945162	17
V	945315	7
V	945466	9
V	945615	161
V	945773	79
V	945931	19
V	946075	7
V	946225	178
V	946385	7
V	946534	161
V	946695	9
V	946842	79
V	946998	7
V	947139	58
V	947292	9
V	947444	70
V	947591	9
V	947741	50
V	947889	14
V	948038	50
V	948194	161
V	948352	50
V	948503	9
V	948650	9
V	948797	7
V	948947	79
V	949089	177
V	949264	9
V	949412	79
V	949568	79
V	949723	64
V	949875	58
V	950029	14
V	950183	8
V	950327	79
V	950468	79
V	950616	50
V	950766	19
V	950909	14
V	951061	64
V	951212	20
V	951358	58
V	951508	14
V	951657	14
V	951804	179
V	951964	64
V	952114	14
V	952260	79
V	952408	50
V	952556	9
V	952710	79
V	952861	64
V	953006	9
V	953150	50
V	953300	58
V	953450	70
V	953598	9
V	953749	9
V	953895	9
V	954041	9
V	954192	7
V	954340	50
V	954489	9
V	954639	9
V	954788	77
V	954928	77
V	955078	79
V	955223	9
V	955369	79
V	955512	9
V	955663	161
V	955825	7
V	955967	9
V	956123	9
V	956277	177
V	956438	7
V	956579	7
V	956729	9
V	956883	79
V	957036	14
V	957186	9
V	957337	79
V	957488	117
V	957652	14
V	957801	7
V	957951	7
V	958096	14
V	958247	79
V	958402	9
V	958561	14
V	958720	178
V	958889	7
V	959041	79
V	959192	53
V	959345	50
V	959492	50
V	959639	9
V	959785	14
V	959937	77
V	960082	79
V	960234	9
V	960384	9
V	960538	53
V	960700	58
V	960855	50
V	961013	64
V	961163	50
V	961319	9
V	961461	79
V	961614	143
V	961771	8
V	961921	58
V	962071	9
V	962224	9
V	962371	9
V	962523	50
V	962674	9
V	962828	58
V	962984	14
V	963131	79
V	963286	77
V	963432	14
V	963585	79
V	963731	14
V	963886	79
V	964037	9
V	964186	79
V	964325	9
V	964480	14
V	964635	9
V	964783	9
V	964927	50
V	965075	58
V	965226	79
V	965378	77
V	965525	179
V	965686	64
V	965830	79
V	965975	77
V	966121	14
V	966276	9
V	966431	7
V	966580	179
V	966746	79
V	966897	161
V	967050	9
V	967210	9
V	967364	145
V	967527	20
V	967679	9
V	967837	50
V	967984	9
V	968135	58
V	968284	148
V	968457	179
V	968623	9
V	968768	79
V	968924	9
V	969080	9
V	969232	79
V	969380	79
V	969531	9
V	969682	177
V	969848	9
V	970003	58
V	970156	9
V	970300	7
V	970448	9
V	970597	14
V	970746	9
V	970901	14
V	971054	14
V	971203	64
V	971354	79
V	971506	19
V	971648	79
V	971797	58
V	971950	77
V	972097	19
V	972242	14
V	972387	9
V	972540	79
V	972687	79
V	972833	50
V	972985	14
V	973132	9
V	973290	7
V	973444	7
V	973601	14
V	973756	9
V	973914	9
V	974061	50
V	974215	7
V	974360	70
V	974510	9
V	974657	9
V	974806	64
V	974955	9
V	975107	9
V	975254	7
V	975406	180
V	975565	79
V	975720	79
V	975870	20
V	976030	7
V	976183	77
V	976330	9
V	976479	14
V	976626	7
V	976771	64
V	976919	9
V	977068	20
V	977222	9
V	977376	50
V	977531	179
V	977693	14
V	977850	145
V	978013	79
V	978163	77
V	978319	9
V	978473	161
V	978633	145
V	978810	9
V	978963	145
V	979124	9
V	979281	9
V	979434	14
V	979580	9
V	979723	77
V	979864	9
V	980012	79
V	980157	9
V	980313	9
V	980470	14
V	980619	9
V	980766	9
V	980916	77
V	981062	9
V	981212	77
V	981358	70
V	981503	14
V	981649	9
V	981801	20
V	981951	9
V	982095	9
V	982242	7
V	982397	14
V	982550	9
V	982701	9
V	982854	77
V	983001	161
V	983168	164
V	983351	19
V	983512	58
V	983666	50
V	983816	79
V	983961	161
V	984124	9
V	984272	9
V	984424	64
V	984571	77
V	984718	79
V	984870	79
V	985017	14
V	985169	8
V	985327	79
V	985473	145
V	985633	179
V	985813	71
V	985959	19
V	986102	79
V	986253	9
V	986399	79
V	986556	58
V	986704	9
V	986858	9
V	987013	7
V	987159	177
V	987331	7
V	987480	14
V	987622	79
V	987771	7
V	987925	14
V	988078	79
V	988224	9
V	988374	177
V	988539	58
V	988689	58
V	988838	79
V	988987	145
V	989147	20
V	989301	14
V	989453	64
V	989602	14
V	989753	179
V	989931	14
V	990078	14
V	990227	179
V	990388	79
V	990542	161
V	990704	9
V	990852	58
V	991005	79
V	991147	177
V	991317	9
V	991469	164
V	991627	9
V	991779	79
V	991931	14
V	992079	14
V	992235	85
V	992389	19
V	992534	9
V	992687	14
V	992831	77
V	992984	7
V	993134	14
V	993280	79
V	993431	161
V	993603	9
V	993764	145
V	993932	14
V	994080	77
V	994229	9
V	994378	161
V	994533	9
V	994677	58
V	994834	161
V	995000	7
V	995150	9
V	995305	9
V	995458	58
V	995612	64
V	995765	50
V	995918	131
V	996091	9
V	996240	178
V	996411	58
V	996561	24
V	996710	85
V	996865	9
V	997009	161
V	997170	9
V	997317	14
V	997472	9
V	997622	77
V	997775	71
V	997919	19
V	998068	9
V	998224	79
V	998379	9
V	998529	14
V	998685	79
V	998838	79
V	998990	7
V	999140	58
V	999290	14
V	999444	7
V	999594	9
V	999748	7
V	999901	177
V	1000068	19
V	1000218	79
V	1000374	50
V	1000526	7
V	1000672	53
V	1000823	14
V	1000970	58
V	1001119	79
V	1001273	50
V	1001424	70
V	1001569	9
V	1001723	50
V	1001876	70
V	1002028	9
V	1002173	58
V	1002319	9
V	1002464	58
V	1002615	77
V	1002763	79
V	1002915	9
V	1003066	14
V	1003207	70
V	1003358	9
V	1003512	8
V	1003657	9
V	1003801	9
V	1003952	50
V	1004101	9
V	1004249	50
V	1004400	14
V	1004556	79
V	1004698	24
V	1004844	79
V	1004992	14
V	1005142	77
V	1005285	179
V	1005447	79
V	1005593	7
V	1005737	79
V	1005886	66
V	1006032	9
V	1006186	178
V	1006345	9
V	1006494	9
V	1006639	79
V	1006789	14
V	1006940	66
V	1007085	14
V	1007234	145
V	1007395	9
V	1007543	20
V	1007702	58
V	1007854	50
V	1007999	9
V	1008150	9
V	1008299	14
V	1008450	50
V	1008603	7
V	1008743	50
V	1008891	9
V	1009040	161
V	1009201	9
V	1009357	58
V	1009508	9
V	1009653	7
V	1009805	79
V	1009957	9
V	1010107	79
V	1010250	103
V	1010425	50
V	1010574	14
V	1010724	9
V	1010875	163
V	1011046	9
V	1011199	9
V	1011348	7
V	1011500	7
V	1011644	19
V	1011789	79
V	1011940	14
V	1012092	9
V	1012241	9
V	1012392	7
V	1012538	77
V	1012686	9
V	1012833	50
V	1012984	79
V	1013130	79
V	1013285	14
V	1013439	79
V	1013587	14
V	1013737	14
V	1013889	9
V	1014039	79
V	1014190	79
V	1014337	164
V	1014513	9
V	1014665	79
V	1014818	79
V	1014964	79
V	1015107	8
V	1015250	145
V	1015415	79
V	1015565	50
V	1015711	7
V	1015859	14
V	1016009	177
V	1016188	9
V	1016343	9
V	1016490	14
V	1016641	58
V	1016788	9
V	1016935	14
V	1017085	77
V	1017235	79
V	1017386	9
V	1017547	9
V	1017694	14
V	1017849	77
V	1017992	79
V	1018136	7
V	1018280	14
V	1018433	7
V	1018581	9
V	1018722	70
V	1018876	9
V	1019026	14
V	1019180	9
V	1019333	50
V	1019484	79
V	1019636	8
V	1019796	161
V	1019952	58
V	1020106	58
V	1020257	8
V	1020405	14
V	1020549	14
V	1020697	9
V	1020844	64
V	1020997	9
V	1021143	9
V	1021292	53
V	1021436	9
V	1021588	20
V	1021728	9
V	1021884	79
V	1022034	20
V	1022191	79
V	1022342	64
V	1022495	66
V	1022639	79
V	1022789	79
V	1022936	50
V	1023081	14
V	1023235	9
V	1023386	79
V	1023534	9
V	1023685	64
V	1023843	77
V	1023986	9
V	1024134	7
V	1024290	14
V	1024439	50
V	1024592	53
V	1024745	161
V	1024907	9
V	1025060	9
V	1025204	70
V	1025360	9
V	1025509	7
V	1025660	178
V	1025831	7
V	1025983	14
V	1026128	70
V	1026278	79
V	1026428	14
V	1026579	79
V	1026728	79
V	1026878	79
V	1027023	9
V	1027176	79
V	1027326	9
V	1027476	64
V	1027624	64
V	1027774	79
V	1027928	9
V	1028084	9
V	1028239	58
V	1028384	9
V	1028530	58
V	1028681	161
V	1028846	9
V	1028996	79
V	1029143	9
V	1029290	50
V	1029437	77
V	1029585	58
V	1029735	7
V	1029878	14
V	1030029	7
V	1030176	7
V	1030323	145
V	1030488	166
V	1030648	9
V	1030797	50
V	1030948	64
V	1031096	79
V	1031243	9
V	1031391	145
V	1031549	79
V	1031696	20
V	1031836	9
V	1031983	58
V	1032133	20
V	1032275	79
V	1032424	9
V	1032578	20
V	1032743	64
V	1032898	50
V	1033051	79
V	1033203	58
V	1033349	66
V	1033495	58
V	1033646	79
V	1033797	19
V	1033949	145
V	1034126	9
V	1034271	7
V	1034425	9
V	1034573	58
V	1034727	64
V	1034876	58
V	1035019	179
V	1035192	9
V	1035350	58
V	1035504	9
V	1035654	14
V	1035794	161
V	1035955	9
V	1036106	53
V	1036262	14
V	1036406	7
V	1036561	58
V	1036714	50
V	1036863	9
V	1037021	79
V	1037174	79
V	1037330	178
V	1037505	58
V	1037651	145
V	1037810	64
V	1037957	9
V	1038104	58
V	1038257	64
V	1038408	9
V	1038563	79
V	1038714	79
V	1038865	9
V	1039012	14
V	1039164	58
V	1039313	14
V	1039469	9
V	1039616	14
V	1039768	145
V	1039924	58
V	1040070	77
V	1040218	9
V	1040373	9
V	1040525	64
V	1040673	14
V	1040825	117
V	1041000	164
V	1041179	14
V	1041321	64
V	1041471	7
V	1041624	58
V	1041774	70
V	1041928	7
V	1042078	9
V	1042225	71
V	1042375	53
V	1042520	79
V	1042673	50
V	1042822	50
V	1042972	145
V	1043146	79
V	1043297	64
V	1043448	9
V	1043598	79
V	1043750	77
V	1043899	58
V	1044061	77
V	1044210	70
V	1044363	58
V	1044510	53
V	1044653	14
V	1044809	50
V	1044958	8
V	1045095	79
V	1045244	161
V	1045407	79
V	1045554	164
V	1045721	9
V	1045875	50
V	1046028	9
V	1046186	14
V	1046341	77
V	1046490	64
V	1046639	77
V	1046789	20
V	1046932	9
V	1047083	9
V	1047235	50
V	1047383	7
V	1047536	50
V	1047693	164
V	1047862	58
V	1048008	79
V	1048153	66
V	1048299	164
V	1048463	7
V	1048616	14
V	1048763	77
V	1048915	79
V	1049068	79
V	1049216	7
V	1049363	77
V	1049513	79
V	1049655	9
V	1049801	79
V	1049958	58
V	1050104	64
V	1050258	9
V	1050409	9
V	1050562	64
V	1050712	58
V	1050859	58
V	1051010	20
V	1051163	50
V	1051312	131
V	1051472	58
V	1051624	77
V	1051773	58
V	1051923	8
V	1052069	9
V	1052212	9
V	1052363	64
V	1052516	14
V	1052670	58
V	1052817	9
V	1052964	131
V	1053139	79
V	1053287	9
V	1053438	7
V	1053581	53
V	1053723	9
V	1053875	179
V	1054038	70
V	1054186	7
V	1054338	14
V	1054495	9
V	1054645	7
V	1054787	79
V	1054934	9
V	1055083	14
V	1055231	14
V	1055380	79
V	1055531	14
V	1055677	79
V	1055832	9
V	1055976	9
V	1056132	64
V	1056287	8
V	1056435	131
V	1056598	70
V	1056750	9
V	1056893	50
V	1057050	58
V	1057197	19
V	1057345	9
V	1057496	103
V	1057655	143
V	1057807	14
V	1057963	77
V	1058110	164
V	1058268	14
V	1058419	9
V	1058570	14
V	1058723	50
V	1058874	145
V	1059035	64
V	1059184	14
V	1059337	9
V	1059491	79
V	1059635	79
V	1059786	58
V	1059936	70
V	1060078	9
V	1060221	163
V	1060384	7
V	1060541	20
V	1060684	58
V	1060831	7
V	1060973	79
V	1061121	70
V	1061267	79
V	1061412	9
V	1061557	58
V	1061708	50
V	1061857	58
V	1062004	77
V	1062150	9
V	1062301	9
V	1062452	9
V	1062602	19
V	1062761	178
V	1062926	131
V	1063087	58
V	1063234	79
V	1063382	79
V	1063533	50
V	1063686	9
V	1063838	58
V	1063990	64
V	1064142	14
V	1064296	145
V	1064460	77
V	1064612	70
V	1064764	9
V	1064913	79
V	1065058	8
V	1065199	9
V	1065343	9
V	1065491	50
V	1065645	50
V	1065800	161
V	1065960	9
V	1066111	14
V	1066261	77
V	1066413	9
V	1066563	79
V	1066720	9
V	1066865	79
V	1067024	9
V	1067170	9
V	1067316	50
V	1067460	53
V	1067614	50
V	1067758	7
V	1067900	14
V	1068047	77
V	1068204	161
V	1068364	79
V	1068513	9
V	1068668	9
V	1068818	79
V	1068963	53
V	1069106	9
V	1069257	145
V	1069421	7
V	1069575	9
V	1069727	14
V	1069891	79
V	1070045	7
V	1070189	79
V	1070338	143
V	1070501	9
V	1070646	50
V	1070792	58
V	1070942	50
V	1071094	9
V	1071255	70
V	1071410	20
V	1071558	79
V	1071706	79
V	1071853	58
V	1072002	58
V	1072152	9
V	1072303	14
V	1072447	14
V	1072592	7
V	1072736	7
V	1072887	9
V	1073030	161
V	1073185	79
V	1073331	50
V	1073481	79
V	1073625	9
V	1073776	58
V	1073928	9
V	1074081	58
V	1074234	79
V	1074380	79
V	1074538	9
V	1074689	14
V	1074837	7
V	1074988	177
V	1075150	161
V	1075319	9
V	1075464	7
V	1075609	161
V	1075771	58
V	1075922	79
V	1076073	79
V	1076228	178
V	1076403	9
V	1076558	50
V	1076710	64
V	1076861	50
V	1077010	58
V	1077163	79
V	1077311	71
V	1077458	9
V	1077610	9
V	1077759	145
V	1077918	79
V	1078072	14
V	1078228	179
V	1078390	79
V	1078540	14
V	1078685	77
V	1078834	9
V	1078979	66
V	1079126	79
V	1079276	14
V	1079419	9
V	1079565	8
V	1079712	8
V	1079853	50
V	1080000	8
V	1080136	9
V	1080286	8
V	1080443	58
V	1080592	58
V	1080748	145
V	1080909	9
V	1081060	7
V	1081209	50
V	1081355	9
V	1081504	9
V	1081650	58
V	1081801	9
V	1081950	14
V	1082101	79
V	1082242	14
V	1082384	53
V	1082528	79
V	1082683	71
V	1082826	54
V	1082970	50
V	1083116	58
V	1083268	14
V	1083421	79
V	1083568	14
V	1083716	9
V	1083862	64
V	1084006	9
V	1084160	50
V	1084312	7
V	1084456	9
V	1084607	50
V	1084753	64
V	1084898	7
V	1085052	7
V	1085202	79
V	1085356	77
V	1085504	164
V	1085670	66
V	1085816	58
V	1085963	79
V	1086113	8
V	1086253	20
V	1086397	64
V	1086550	79
V	1086697	14
V	1086841	79
V	1086991	9
V	1087141	161
V	1087305	77
V	1087461	58
V	1087610	9
V	1087758	14
V	1087909	77
V	1088062	79
V	1088206	9
V	1088353	9
V	1088498	9
V	1088644	64
V	1088793	70
V	1088935	79
V	1089084	58
V	1089231	53
V	1089376	53
V	1089520	9
V	1089671	79
V	1089824	177
V	1090006	58
V	1090153	7
V	1090300	79
V	1090452	164
V	1090628	64
V	1090780	9
V	1090935	9
V	1091082	70
V	1091250	58
V	1091400	79
V	1091549	64
V	1091693	7
V	1091838	79
V	1091982	9
V	1092130	64
V	1092276	9
V	1092426	9
V	1092572	50
V	1092726	66
V	1092874	7
V	1093019	161
V	1093178	14
V	1093326	9
V	1093469	64
V	1093621	77
V	1093768	9
V	1093913	7
V	1094058	14
V	1094208	79
V	1094357	50
V	1094506	79
V	1094658	58
V	1094805	79
V	1094963	7
V	1095112	53
V	1095259	7
V	1095405	14
V	1095557	79
V	1095708	50
V	1095863	9
V	1096004	79
V	1096157	161
V	1096318	14
V	1096474	77
V	1096622	178
V	1096786	64
V	1096936	77
V	1097083	14
V	1097236	79
V	1097379	14
V	1097535	9
V	1097694	64
V	1097843	79
V	1097995	79
V	1098142	19
V	1098305	58
V	1098458	177
V	1098622	50
V	1098784	77
V	1098934	14
V	1099085	9
V	1099230	9
V	1099387	9
V	1099542	70
V	1099706	9
V	1099850	58
V	1099993	164
V	1100166	180
V	1100326	79
V	1100474	79
V	1100629	178
V	1100792	79
V	1100946	14
V	1101099	50
V	1101249	79
V	1101400	50
V	1101553	58
V	1101698	161
V	1101855	7
V	1101995	14
V	1102147	9
V	1102298	9
V	1102453	9
V	1102609	50
V	1102765	79
V	1102912	14
V	1103058	58
V	1103208	53
V	1103349	50
V	1103500	9
V	1103653	58
V	1103804	9
V	1103956	64
V	1104104	79
V	1104251	145
V	1104414	9
V	1104557	9
V	1104707	19
V	1104870	9
V	1105028	77
V	1105177	9
V	1105331	70
V	1105473	7
V	1105622	58
V	1105776	177
V	1105948	79
V	1106105	79
V	1106254	79
V	1106411	14
V	1106560	9
V	1106713	58
V	1106857	50
V	1107007	7
V	1107159	7
V	1107303	14
V	1107458	177
V	1107618	79
V	1107769	50
V	1107922	14
V	1108086	8
V	1108235	79
V	1108391	14
V	1108550	79
V	1108693	79
V	1108842	14
V	1108995	7
V	1109144	20
V	1109290	9
V	1109438	79
V	1109584	9
V	1109730	53
V	1109879	9
V	1110027	79
V	1110174	79
V	1110315	103
V	1110477	79
V	1110626	58
V	1110778	64
V	1110920	19
V	1111071	79
V	1111223	9
V	1111374	9
V	1111526	70
V	1111671	50
V	1111823	179
V	1111991	79
V	1112139	79
V	1112284	9
V	1112426	20
V	1112571	20
V	1112728	14
V	1112882	9
V	1113033	9
V	1113195	66
V	1113339	20
V	1113501	50
V	1113655	145
V	1113828	178
V	1113992	64
V	1114144	14
V	1114293	50
V	1114446	14
V	1114595	179
V	1114760	79
V	1114908	66
V	1115054	64
V	1115205	7
V	1115362	9
V	1115514	50
V	1115662	9
V	1115807	9
V	1115957	9
V	1116108	79
V	1116257	19
V	1116411	58
V	1116559	70
V	1116725	79
V	1116878	9
V	1117026	79
V	1117182	71
V	1117331	14
V	1117476	77
V	1117622	14
V	1117774	79
V	1117927	64
V	1118073	9
V	1118230	77
V	1118381	50
V	1118527	7
V	1118674	14
V	1118827	14
V	1118978	64
V	1119127	50
V	1119277	7
V	1119421	9
V	1119570	14
V	1119716	79
V	1119861	9
V	1120010	7
V	1120155	8
V	1120302	164
V	1120479	9
V	1120629	79
V	1120783	9
V	1120923	177
V	1121086	8
V	1121226	19
V	1121373	64
V	1121516	53
V	1121659	77
V	1121807	77
V	1121955	7
V	1122101	58
V	1122253	9
V	1122400	79
V	1122551	14
V	1122696	7
V	1122849	64
V	1122998	19
V	1123150	9
V	1123295	64
V	1123442	8
V	1123582	9
V	1123736	50
V	1123886	9
V	1124029	70
V	1124173	64
V	1124324	7
V	1124473	9
V	1124623	9
V	1124784	9
V	1124940	161
V	1125102	14
V	1125254	179
V	1125423	9
V	1125569	180
V	1125729	14
V	1125884	14
V	1126026	64
V	1126174	79
V	1126322	7
V	1126468	19
V	1126615	19
V	1126763	66
V	1126914	14
V	1127063	9
V	1127220	9
V	1127363	145
V	1127524	79
V	1127677	50
V	1127826	9
V	1127978	58
V	1128126	70
V	1128276	79
V	1128424	9
V	1128573	50
V	1128726	77
V	1128878	9
V	1129028	79
V	1129171	58
V	1129315	50
V	1129469	178
V	1129628	50
V	1129779	8
V	1129923	70
V	1130073	50
V	1130219	9
V	1130366	50
V	1130518	9
V	1130666	50
V	1130820	58
V	1130969	14
V	1131117	58
V	1131266	20
V	1131414	9
V	1131565	7
V	1131720	79
V	1131867	70
V	1132010	64
V	1132159	53
V	1132304	20
V	1132453	9
V	1132604	7
V	1132759	50
V	1132907	7
V	1133055	9
V	1133200	9
V	1133348	9
V	1133494	7
V	1133639	9
V	1133788	20
V	1133935	7
V	1134089	14
V	1134245	145
V	1134418	14
V	1134569	164
V	1134749	9
V	1134904	9
V	1135055	9
V	1135197	7
V	1135350	7
V	1135496	161
V	1135663	50
V	1135822	79
V	1135966	58
V	1136115	77
V	1136268	19
V	1136417	9
V	1136575	8
V	1136723	7
V	1136868	58
V	1137018	50
V	1137171	79
V	1137326	53
V	1137467	9
V	1137612	9
V	1137760	58
V	1137914	9
V	1138061	58
V	1138212	9
V	1138357	79
V	1138508	8
V	1138662	145
V	1138822	79
V	1138975	70
V	1139121	9
V	1139269	9
V	1139415	7
V	1139561	8
V	1139711	20
V	1139856	9
V	1140001	14
V	1140154	79
V	1140307	14
V	1140457	77
V	1140605	64
V	1140757	79
V	1140909	179
V	1141071	14
V	1141217	7
V	1141367	9
V	1141519	9
V	1141667	77
V	1141816	145
V	1141985	58
V	1142134	19
V	1142284	77
V	1142430	7
V	1142578	79
V	1142729	9
V	1142877	9
V	1143025	178
V	1143190	7
V	1143333	58
V	1143484	9
V	1143635	9
V	1143791	14
V	1143938	79
V	1144091	77
V	1144239	9
V	1144389	9
V	1144534	79
V	1144684	9
V	1144836	9
V	1144985	161
V	1145151	70
V	1145305	9
V	1145458	9
V	1145616	79
V	1145767	58
V	1145913	79
V	1146060	50
V	1146207	79
V	1146352	79
V	1146499	50
V	1146652	53
V	1146804	50
V	1146948	14
V	1147104	9
V	1147254	50
V	1147412	50
V	1147561	77
V	1147709	79
V	1147862	77
V	1148007	9
V	1148154	79
V	1148308	19
V	1148458	9
V	1148601	64
V	1148749	14
V	1148897	9
V	1149048	180
V	1149205	50
V	1149371	50
V	1149515	53
V	1149661	79
V	1149808	53
V	1149960	70
V	1150111	9
V	1150257	9
V	1150406	14
V	1150553	14
V	1150700	145
V	1150863	9
V	1151007	79
V	1151154	9
V	1151305	7
V	1151454	7
V	1151595	131
V	1151753	79
V	1151903	145
V	1152059	9
V	1152201	161
V	1152363	58
V	1152506	79
V	1152658	79
V	1152810	64
V	1152952	64
V	1153102	180
V	1153257	14
V	1153410	9
V	1153566	50
V	1153715	9
V	1153863	79
V	1154015	58
V	1154166	20
V	1154313	14
V	1154462	7
V	1154613	54
V	1154764	14
V	1154921	77
V	1155072	145
V	1155236	161
V	1155398	14
V	1155540	9
V	1155691	9
V	1155839	7
V	1155989	70
V	1156135	58
V	1156288	9
V	1156437	79
V	1156586	50
V	1156740	50
V	1156895	79
V	1157044	50
V	1157194	7
V	1157341	19
V	1157490	7
V	1157641	14
V	1157794	7
V	1157939	9
V	1158091	77
V	1158235	9
V	1158389	9
V	1158545	178
V	1158714	161
V	1158879	8
V	1159017	58
V	1159165	79
V	1159310	9
V	1159457	64
V	1159605	79
V	1159760	9
V	1159914	64
V	1160068	50
V	1160221	58
V	1160372	161
V	1160536	145
V	1160698	163
V	1160872	19
V	1161022	9
V	1161171	9
V	1161323	143
V	1161481	79
V	1161630	14
V	1161785	66
V	1161931	179
V	1162091	9
V	1162242	79
V	1162392	9
V	1162542	9
V	1162690	77
V	1162836	53
V	1162980	64
V	1163127	79
V	1163280	79
V	1163425	70
V	1163574	14
V	1163716	9
V	1163863	64
V	1164013	58
V	1164163	7
V	1164322	19
V	1164475	79
V	1164626	79
V	1164779	9
V	1164926	64
V	1165077	50
V	1165225	50
V	1165377	163
V	1165544	9
V	1165687	14
V	1165837	58
V	1165990	7
V	1166136	7
V	1166280	79
V	1166438	179
V	1166600	77
V	1166748	7
V	1166893	53
V	1167033	50
V	1167184	9
V	1167333	70
V	1167488	50
V	1167643	14
V	1167792	8
V	1167939	7
V	1168087	9
V	1168235	14
V	1168392	58
V	1168533	50
V	1168683	79
V	1168833	79
V	1168984	7
V	1169142	58
V	1169298	64
V	1169447	9
V	1169592	53
V	1169735	14
V	1169886	9
V	1170038	14
V	1170185	14
V	1170330	145
V	1170489	53
V	1170636	58
V	1170785	19
V	1170928	79
V	1171080	145
V	1171245	9
V	1171399	66
V	1171546	9
V	1171694	79
V	1171841	14
V	1171996	9
V	1172142	164
V	1172307	58
V	1172460	131
V	1172627	14
V	1172773	9
V	1172925	79
V	1173068	53
V	1173213	8
V	1173358	58
V	1173505	20
V	1173658	58
V	1173809	77
V	1173957	9
V	1174107	58
V	1174259	19
V	1174402	161
V	1174564	14
V	1174712	166
V	1174874	9
V	1175017	9
V	1175170	9
V	1175321	14
V	1175474	14
V	1175628	14
V	1175780	77
V	1175931	7
V	1176078	79
V	1176222	179
V	1176385	14
V	1176532	9
V	1176683	145
V	1176842	9
V	1176990	77
V	1177145	7
V	1177297	79
V	1177450	14
V	1177602	64
V	1177752	9
V	1177903	9
V	1178050	14
V	1178204	58
V	1178356	9
V	1178512	9
V	1178672	8
V	1178812	7
V	1178960	79
V	1179108	163
V	1179277	79
V	1179427	50
V	1179570	79
V	1179719	79
V	1179872	77
V	1180021	14
V	1180170	14
V	1180316	145
V	1180490	8
V	1180634	9
V	1180787	7
V	1180943	177
V	1181108	179
V	1181277	50
V	1181429	14
V	1181578	66
V	1181720	14
V	1181882	9
V	1182030	9
V	1182178	58
V	1182324	64
V	1182471	7
V	1182613	9
V	1182765	117
V	1182930	79
V	1183082	14
V	1183236	7
V	1183395	58
V	1183544	79
V	1183695	9
V	1183849	7
V	1184005	161
V	1184166	79
V	1184312	9
V	1184458	9
V	1184608	77
V	1184760	64
V	1184914	14
V	1185062	9
V	1185208	7
V	1185354	7
V	1185513	64
V	1185658	7
V	1185803	77
V	1185952	14
V	1186096	9
V	1186250	64
V	1186403	145
V	1186563	9
V	1186721	9
V	1186880	7
V	1187026	64
V	1187173	161
V	1187335	161
V	1187498	64
V	1187649	9
V	1187795	9
V	1187946	9
V	1188096	14
V	1188240	7
V	1188390	14
V	1188543	9
V	1188699	79
V	1188845	53
V	1188990	7
V	1189142	9
V	1189293	181
V	1189449	79
V	1189598	9
V	1189747	77
V	1189893	79
V	1190047	9
V	1190196	117
V	1190366	64
V	1190516	79
V	1190663	7
V	1190806	9
V	1190955	19
V	1191099	79
V	1191248	77
V	1191396	9
V	1191542	7
V	1191693	79
V	1191841	9
V	1191986	177
V	1192148	79
V	1192299	161
V	1192471	7
V	1192627	71
V	1192768	9
V	1192913	77
V	1193064	7
V	1193210	14
V	1193357	53
V	1193503	7
V	1193649	9
V	1193805	14
V	1193955	179
V	1194116	64
V	1194265	14
V	1194422	20
V	1194569	79
V	1194716	66
V	1194864	9
V	1195021	79
V	1195167	14
V	1195316	7
V	1195473	50
V	1195626	161
V	1195787	9
V	1195938	50
V	1196093	9
V	1196244	20
V	1196393	9
V	1196546	58
V	1196696	77
V	1196839	14
V	1196992	79
V	1197143	64
V	1197289	9
V	1197436	79
V	1197584	9
V	1197735	77
V	1197882	9
V	1198034	64
V	1198185	79
V	1198336	9
V	1198493	161
V	1198652	9
V	1198800	143
V	1198958	70
V	1199106	50
V	1199263	58
V	1199409	66
V	1199560	19
V	1199708	64
V	1199856	14
V	1200002	9
V	1200146	9
V	1200297	79
V	1200451	9
V	1200600	79
V	1200750	50
V	1200899	14
V	1201052	9
V	1201201	14
V	1201347	79
V	1201501	161
V	1201660	64
V	1201812	79
V	1201965	14
V	1202119	77
V	1202259	70
V	1202418	14
V	1202567	9
V	1202716	14
V	1202868	9
V	1203019	9
V	1203168	145
V	1203336	79
V	1203480	7
V	1203630	9
V	1203775	64
V	1203925	64
V	1204077	20
V	1204221	8
V	1204371	77
V	1204518	50
V	1204671	79
V	1204826	50
V	1204983	50
V	1205125	9
V	1205274	64
V	1205425	7
V	1205580	9
V	1205729	9
V	1205877	9
V	1206028	77
V	1206180	7
V	1206328	70
V	1206485	179
V	1206644	9
V	1206803	14
V	1206957	53
V	1207097	66
V	1207240	79
V	1207390	14
V	1207547	9
V	1207701	8
V	1207845	9
V	1207994	66
V	1208137	9
V	1208286	14
V	1208433	9
V	1208588	9
V	1208738	79
V	1208886	79
V	1209038	14
V	1209190	79
V	1209335	14
V	1209485	66
V	1209636	64
V	1209785	14
V	1209934	64
V	1210083	79
V	1210230	145
V	1210406	9
V	1210554	50
V	1210702	145
V	1210864	9
V	1211011	58
V	1211166	50
V	1211321	58
V	1211468	77
V	1211612	9
V	1211763	53
V	1211911	79
V	1212059	50
V	1212210	7
V	1212365	14
V	1212517	19
V	1212661	58
V	1212817	9
V	1212971	53
V	1213121	14
V	1213273	79
V	1213421	79
V	1213576	161
V	1213741	14
V	1213898	7
V	1214048	58
V	1214199	79
V	1214352	14
V	1214514	9
V	1214664	79
V	1214815	79
V	1214963	79
V	1215118	58
V	1215269	178
V	1215445	179
V	1215613	50
V	1215762	79
V	1215910	9
V	1216064	79
V	1216207	9
V	1216355	161
V	1216521	8
V	1216665	50
V	1216816	58
V	1216963	50
V	1217116	64
V	1217268	9
V	1217417	9
V	1217561	50
V	1217708	50
V	1217860	9
V	1218012	19
V	1218152	9
V	1218300	164
V	1218478	79
V	1218635	9
V	1218778	7
V	1218922	14
V	1219066	9
V	1219220	9
V	1219374	50
V	1219519	9
V	1219672	14
V	1219821	9
V	1219980	50
V	1220129	58
V	1220277	79
V	1220424	9
V	1220571	9
V	1220712	7
V	1220862	14
V	1221003	58
V	1221149	70
V	1221294	64
V	1221446	9
V	1221592	9
V	1221736	7
V	1221888	7
V	1222040	9
V	1222189	163
V	1222351	9
V	1222496	58
V	1222649	145
V	1222810	19
V	1222954	50
V	1223107	7
V	1223255	9
V	1223401	79
V	1223549	9
V	1223701	7
V	1223860	77
V	1224005	58
V	1224156	14
V	1224302	14
V	1224452	79
V	1224605	9
V	1224757	20
V	1224901	79
V	1225054	50
V	1225206	79
V	1225357	19
V	1225503	7
V	1225657	66
V	1225814	70
V	1225969	79
V	1226119	77
V	1226263	9
V	1226417	9
V	1226567	7
V	1226718	181
V	1226878	79
V	1227029	79
V	1227179	64
V	1227331	177
V	1227498	14
V	1227648	53
V	1227789	14
V	1227941	79
V	1228089	14
V	1228244	79
V	1228393	9
V	1228542	77
V	1228691	77
V	1228851	58
V	1229000	9
V	1229153	9
V	1229310	19
V	1229457	9
V	1229601	79
V	1229748	53
V	1229890	79
V	1230043	8
V	1230193	70
V	1230344	50
V	1230495	79
V	1230643	9
V	1230792	50
V	1230934	7
V	1231087	9
V	1231238	9
V	1231387	7
V	1231531	9
V	1231682	14
V	1231826	79
V	1231978	14
V	1232133	9
V	1232285	64
V	1232437	79
V	1232590	145
V	1232747	64
V	1232897	9
V	1233047	79
V	1233197	58
V	1233344	161
V	1233506	9
V	1233650	7
V	1233794	64
V	1233946	103
V	1234109	58
V	1234260	50
V	1234413	66
V	1234565	9
V	1234711	179
V	1234873	164
V	1235045	66
V	1235190	9
V	1235332	9
V	1235483	50
V	1235639	79
V	1235785	64
V	1235928	9
V	1236082	58
V	1236230	66
V	1236379	7
V	1236530	64
V	1236678	14
V	1236824	77
V	1236972	9
V	1237126	79
V	1237272	77
V	1237423	7
V	1237566	7
V	1237710	9
V	1237869	9
V	1238021	50
V	1238173	9
V	1238317	9
V	1238468	79
V	1238619	19
V	1238764	7
V	1238916	50
V	1239066	7
V	1239211	77
V	1239354	79
V	1239503	9
V	1239659	50
V	1239803	9
V	1239951	50
V	1240099	9
V	1240252	164
V	1240429	70
V	1240586	71
V	1240733	161
V	1240898	50
V	1241055	79
V	1241207	9
V	1241353	79
V	1241508	7
V	1241656	9
V	1241807	7
V	1241952	58
V	1242096	14
V	1242252	9
V	1242397	9
V	1242548	9
V	1242698	50
V	1242849	77
V	1242998	7
V	1243153	9
V	1243302	7
V	1243451	79
V	1243608	79
V	1243762	79
V	1243915	50
V	1244063	79
V	1244208	50
V	1244363	14
V	1244514	9
V	1244656	64
V	1244809	64
V	1244963	14
V	1245117	161
V	1245282	7
V	1245439	9
V	1245585	9
V	1245736	58
V	1245889	53
V	1246034	179
V	1246197	161
V	1246354	9
V	1246499	9
V	1246654	70
V	1246799	9
V	1246949	50
V	1247099	9
V	1247246	7
V	1247393	9
V	1247554	19
V	1247707	14
V	1247853	9
V	1248003	79
V	1248148	50
V	1248289	58
V	1248441	161
V	1248604	14
V	1248751	9
V	1248898	7
V	1249043	9
V	1249189	64
V	1249338	9
V	1249490	9
V	1249637	77
V	1249783	79
V	1249930	50
V	1250086	7
V	1250251	7
V	1250403	20
V	1250559	79
V	1250708	9
V	1250859	161
V	1251015	7
V	1251166	8
V	1251314	79
V	1251463	64
V	1251610	7
V	1251764	161
V	1251931	7
V	1252081	9
V	1252231	9
V	1252376	14
V	1252530	79
V	1252682	79
V	1252831	7
V	1252972	14
V	1253122	58
V	1253276	9
V	1253423	70
V	1253568	70
V	1253716	9
V	1253864	14
V	1254013	7
V	1254159	8
V	1254299	79
V	1254448	9
V	1254603	79
V	1254756	7
V	1254906	9
V	1255057	14
V	1255202	50
V	1255352	7
V	1255498	50
V	1255648	9
V	1255797	9
V	1255950	177
V	1256112	14
V	1256257	77
V	1256404	14
V	1256554	79
V	1256701	50
V	1256853	9
V	1256998	9
V	1257150	14
V	1257297	9
V	1257452	9
V	1257597	181
V	1257770	9
V	1257925	9
V	1258078	14
V	1258228	58
V	1258380	79
V	1258528	14
V	1258681	79
V	1258827	70
V	1258995	58
V	1259146	7
V	1259293	50
V	1259436	9
V	1259585	79
V	1259738	9
V	1259886	9
V	1260041	58
V	1260194	9
V	1260343	53
V	1260494	9
V	1260647	77
V	1260793	7
V	1260946	14
V	1261092	9
V	1261242	9
V	1261393	19
V	1261547	77
V	1261694	145
V	1261861	64
V	1262017	9
V	1262168	50
V	1262316	79
V	1262463	7
V	1262616	64
V	1262766	9
V	1262919	8
V	1263062	9
V	1263209	7
V	1263356	9
V	1263508	50
V	1263652	7
V	1263802	14
V	1263947	20
V	1264089	9
V	1264238	70
V	1264383	9
V	1264536	14
V	1264687	58
V	1264834	50
V	1264989	53
V	1265141	7
V	1265284	9
V	1265440	14
V	1265595	64
V	1265745	14
V	1265890	7
V	1266037	79
V	1266191	14
V	1266342	145
V	1266518	7
V	1266666	14
V	1266817	14
V	1266973	50
V	1267122	79
V	1267270	9
V	1267425	14
V	1267570	77
V	1267715	14
V	1267863	50
V	1268008	58
V	1268158	70
V	1268298	58
V	1268445	14
V	1268595	79
V	1268744	79
V	1268896	14
V	1269044	53
V	1269187	64
V	1269337	53
V	1269478	7
V	1269628	164
V	1269796	9
V	1269947	70
V	1270093	79
V	1270242	50
V	1270394	9
V	1270549	79
V	1270697	50
V	1270851	79
V	1270999	79
V	1271150	50
V	1271299	7
V	1271450	50
V	1271600	79
V	1271751	79
V	1271898	14
V	1272045	161
V	1272205	79
V	1272358	53
V	1272502	79
V	1272653	58
V	1272800	79
V	1272948	50
V	1273092	9
V	1273245	58
V	1273399	14
V	1273554	9
V	1273712	19
V	1273856	9
V	1274004	70
V	1274148	9
V	1274303	50
V	1274453	7
V	1274599	50
V	1274747	9
V	1274889	50
V	1275028	9
V	1275178	79
V	1275340	9
V	1275486	79
V	1275637	9
V	1275791	9
V	1275938	50
V	1276088	7
V	1276236	9
V	1276385	3
V	1276536	7
V	1276680	7
V	1276826	9
V	1276977	19
V	1277123	79
V	1277269	70
V	1277414	14
V	1277567	79
V	1277719	9
V	1277861	53
V	1278009	179
V	1278179	79
V	1278325	7
V	1278467	77
V	1278612	7
V	1278760	79
V	1278908	14
V	1279055	9
V	1279210	14
V	1279356	14
V	1279504	70
V	1279654	9
V	1279806	53
V	1279950	9
V	1280106	14
V	1280250	7
V	1280403	14
V	1280553	79
V	1280697	7
V	1280844	64
V	1280998	50
V	1281149	64
V	1281299	64
V	1281451	58
V	1281606	131
V	1281765	9
V	1281915	79
V	1282061	179
V	1282218	9
V	1282365	9
V	1282522	9
V	1282680	9
V	1282826	58
V	1282975	50
V	1283126	79
V	1283274	131
V	1283434	71
V	1283579	163
V	1283740	7
V	1283882	79
V	1284024	9
V	1284172	161
V	1284344	9
V	1284491	164
V	1284666	77
V	1284819	161
V	1284982	50
V	1285124	9
V	1285281	19
V	1285424	14
V	1285578	50
V	1285729	9
V	1285869	58
V	1286022	14
V	1286166	14
V	1286318	50
V	1286464	9
V	1286616	179
V	1286788	14
V	1286933	161
V	1287094	70
V	1287237	7
V	1287391	64
V	1287539	79
V	1287685	7
V	1287834	20
V	1287975	9
V	1288126	7
V	1288278	9
V	1288428	9
V	1288574	161
V	1288735	14
V	1288885	161
V	1289046	7
V	1289192	14
V	1289342	64
V	1289489	7
V	1289642	145
V	1289811	50
V	1289965	79
V	1290114	7
V	1290266	77
V	1290406	9
V	1290557	14
V	1290702	9
V	1290852	58
V	1291001	7
V	1291145	9
V	1291299	9
V	1291447	50
V	1291594	53
V	1291747	70
V	1291901	161
V	1292074	79
V	1292221	58
V	1292370	145
V	1292544	9
V	1292691	9
V	1292839	79
V	1292982	14
V	1293132	77
V	1293285	9
V	1293433	9
V	1293580	9
V	1293732	79
V	1293884	9
V	1294035	9
V	1294192	9
V	1294343	7
V	1294493	161
V	1294654	64
V	1294795	53
V	1294937	9
V	1295081	8
V	1295232	66
V	1295376	9
V	1295527	9
V	1295678	64
V	1295830	53
V	1295972	9
V	1296125	9
V	1296273	79
V	1296418	77
V	1296569	7
V	1296716	9
V	1296870	14
V	1297023	50
V	1297172	58
V	1297317	178
V	1297484	58
V	1297634	7
V	1297789	70
V	1297943	9
V	1298094	50
V	1298247	79
V	1298395	9
V	1298544	58
V	1298692	9
V	1298845	14
V	1298998	9
V	1299147	58
V	1299299	79
V	1299453	9
V	1299606	64
V	1299757	14
V	1299916	7
V	1300065	50
V	1300217	9
V	1300368	50
V	1300517	7
V	1300661	79
V	1300809	50
V	1300958	64
V	1301109	79
V	1301263	50
V	1301413	9
V	1301566	9
V	1301716	161
V	1301878	50
V	1302020	19
V	1302168	7
V	1302317	70
V	1302468	50
V	1302614	79
V	1302761	50
V	1302913	79
V	1303058	50
V	1303210	79
V	1303368	9
V	1303520	53
V	1303662	145
V	1303824	7
V	1303977	7
V	1304125	9
V	1304279	9
V	1304425	77
V	1304577	9
V	1304727	58
V	1304876	71
V	1305021	14
V	1305176	9
V	1305329	20
V	1305476	14
V	1305623	9
V	1305771	166
V	1305926	77
V	1306078	19
V	1306228	77
V	1306371	70
V	1306517	64
V	1306664	9
V	1306809	9
V	1306958	166
V	1307120	9
V	1307274	145
V	1307433	9
V	1307586	145
V	1307744	7
V	1307889	178
V	1308048	9
V	1308199	77
V	1308350	9
V	1308502	53
V	1308646	64
V	1308792	79
V	1308943	14
V	1309098	9
V	1309244	79
V	1309389	50
V	1309539	7
V	1309688	53
V	1309837	53
V	1309985	64
V	1310130	70
V	1310283	64
V	1310429	9
V	1310584	9
V	1310743	58
V	1310893	58
V	1311047	14
V	1311201	7
V	1311353	79
V	1311503	14
V	1311653	9
V	1311807	9
V	1311957	9
V	1312107	9
V	1312260	14
V	1312408	161
V	1312568	79
V	1312722	7
V	1312870	64
V	1313017	7
V	1313175	9
V	1313318	70
V	1313460	9
V	1313606	9
V	1313753	14
V	1313904	164
V	1314078	9
V	1314231	77
V	1314374	7
V	1314527	77
V	1314678	53
V	1314822	79
V	1314968	77
V	1315121	14
V	1315269	19
V	1315416	9
V	1315565	79
V	1315718	79
V	1315867	9
V	1316013	64
V	1316169	64
V	1316319	77
V	1316462	9
V	1316614	7
V	1316762	58
V	1316914	14
V	1317065	9
V	1317216	53
V	1317368	79
V	1317517	50
V	1317668	50
V	1317819	9
V	1317970	9
V	1318125	164
V	1318289	7
V	1318443	58
V	1318588	70
V	1318737	9
V	1318889	50
V	1319034	14
V	1319181	58
V	1319330	179
V	1319492	70
V	1319634	50
V	1319785	50
V	1319931	9
V	1320081	70
V	1320230	79
V	1320387	9
V	1320544	9
V	1320698	7
V	1320844	178
V	1321014	9
V	1321166	79
V	1321314	9
V	1321468	19
V	1321609	79
V	1321761	7
V	1321909	50
V	1322055	9
V	1322205	9
V	1322363	20
V	1322509	79
V	1322667	9
V	1322827	145
V	1322982	9
V	1323132	7
V	1323283	9
V	1323431	64
V	1323585	9
V	1323733	178
V	1323905	50
V	1324061	79
V	1324214	14
V	1324362	77
V	1324507	7
V	1324660	66
V	1324808	19
V	1324954	58
V	1325102	178
V	1325279	9
V	1325431	50
V	1325582	14
V	1325729	9
V	1325878	50
V	1326027	9
V	1326172	9
V	1326311	7
V	1326454	14
V	1326612	50
V	1326770	7
V	1326918	7
V	1327069	9
V	1327220	145
V	1327382	79
V	1327528	14
V	1327676	178
V	1327841	14
V	1327983	179
V	1328142	7
V	1328287	85
V	1328432	77
V	1328581	14
V	1328732	9
V	1328883	164
V	1329071	9
V	1329222	9
V	1329375	7
V	1329528	79
V	1329679	7
V	1329835	145
V	1330000	79
V	1330153	50
V	1330306	161
V	1330460	9
V	1330615	58
V	1330760	9
V	1330906	79
V	1331056	79
V	1331209	14
V	1331363	9
V	1331508	9
V	1331667	181
V	1331829	7
V	1331971	117
V	1332133	71
V	1332283	79
V	1332431	14
V	1332580	64
V	1332726	7
V	1332876	79
V	1333025	14
V	1333178	9
V	1333326	179
V	1333491	9
V	1333651	79
V	1333809	9
V	1333955	9
V	1334110	7
V	1334260	14
V	1334402	9
V	1334549	50
V	1334703	9
V	1334849	9
V	1335001	9
V	1335149	79
V	1335298	50
V	1335450	64
V	1335600	70
V	1335749	145
V	1335911	9
V	1336067	161
V	1336232	70
V	1336379	9
V	1336527	50
V	1336673	58
V	1336824	9
V	1336968	9
V	1337120	14
V	1337270	79
V	1337416	64
V	1337571	9
V	1337725	7
V	1337874	70
V	1338016	79
V	1338166	79
V	1338312	79
V	1338464	77
V	1338616	71
V	1338758	14
V	1338908	9
V	1339059	164
V	1339241	73
V	1339395	14
V	1339550	9
V	1339700	179
V	1339864	9
V	1340015	20
V	1340169	161
V	1340327	163
V	1340490	50
V	1340639	50
V	1340791	14
V	1340943	161
V	1341098	50
V	1341249	64
V	1341400	9
V	1341552	14
V	1341704	161
V	1341865	9
V	1342019	14
V	1342165	64
V	1342314	9
V	1342463	9
V	1342617	14
V	1342766	7
V	1342917	9
V	1343071	70
V	1343212	9
V	1343366	9
V	1343518	178
V	1343688	58
V	1343839	178
V	1344008	58
V	1344160	70
V	1344302	9
V	1344454	14
V	1344603	79
V	1344756	70
V	1344901	79
V	1345049	50
V	1345201	178
V	1345383	9
V	1345538	70
V	1345681	77
V	1345826	58
V	1345978	7
V	1346125	7
V	1346277	7
V	1346427	8
V	1346589	53
V	1346733	79
V	1346879	79
V	1347027	163
V	1347193	79
V	1347343	9
V	1347496	9
V	1347651	8
V	1347793	9
V	1347941	70
V	1348096	79
V	1348252	9
V	1348397	77
V	1348547	164
V	1348708	53
V	1348861	9
V	1349010	58
V	1349159	177
V	1349324	14
V	1349471	77
V	1349616	58
V	1349770	64
V	1349919	179
V	1350097	79
V	1350246	9
V	1350400	77
V	1350546	9
V	1350694	14
V	1350842	9
V	1350989	77
V	1351139	71
V	1351282	7
V	1351435	58
V	1351590	66
V	1351732	7
V	1351882	20
V	1352029	79
V	1352180	7
V	1352322	79
V	1352476	14
V	1352623	50
V	1352777	58
V	1352930	14
V	1353076	53
V	1353223	14
V	1353372	7
V	1353525	9
V	1353677	103
V	1353838	9
V	1353984	19
V	1354130	50
V	1354279	9
V	1354429	9
V	1354573	77
V	1354726	164
V	1354891	9
V	1355046	8
V	1355193	7
V	1355342	50
V	1355485	79
V	1355637	9
V	1355782	7
V	1355932	70
V	1356084	9
V	1356231	77
V	1356378	50
V	1356532	58
V	1356679	58
V	1356828	14
V	1356978	9
V	1357128	9
V	1357286	58
V	1357436	9
V	1357590	79
V	1357739	50
V	1357888	64
V	1358037	7
V	1358189	7
V	1358341	50
V	1358489	79
V	1358637	14
V	1358786	9
V	1358933	19
V	1359080	9
V	1359225	143
V	1359382	64
V	1359532	14
V	1359684	9
V	1359833	7
V	1359977	58
V	1360128	50
V	1360282	14
V	1360435	9
V	1360588	178
V	1360754	79
V	1360907	179
V	1361069	7
V	1361216	145
V	1361381	177
V	1361546	50
V	1361696	7
V	1361845	7
V	1361995	179
V	1362161	9
V	1362313	64
V	1362465	58
V	1362616	9
V	1362766	66
V	1362906	64
V	1363055	50
V	1363209	14
V	1363362	7
V	1363517	70
V	1363659	50
V	1363810	50
V	1363958	77
V	1364105	50
V	1364253	9
V	1364403	9
V	1364543	79
V	1364689	79
V	1364839	145
V	1365001	7
V	1365150	77
V	1365299	9
V	1365455	79
V	1365603	7
V	1365757	14
V	1365907	9
V	1366056	64
V	1366211	164
V	1366399	50
V	1366551	58
V	1366706	77
V	1366856	66
V	1367002	64
V	1367155	9
V	1367303	50
V	1367455	145
V	1367639	14
V	1367788	9
V	1367947	58
V	1368096	79
V	1368244	7
V	1368386	179
V	1368559	79
V	1368710	58
V	1368858	79
V	1369008	79
V	1369158	50
V	1369312	20
V	1369456	14
V	1369601	77
V	1369747	161
V	1369903	9
V	1370050	145
V	1370220	50
V	1370373	9
V	1370524	9
V	1370668	9
V	1370824	9
V	1370974	79
V	1371122	58
V	1371274	58
V	1371423	9
V	1371574	9
V	1371725	20
V	1371867	8
V	1372027	9
V	1372174	8
V	1372318	79
V	1372467	58
V	1372615	14
V	1372768	27
V	1372923	19
V	1373075	14
V	1373231	9
V	1373385	79
V	1373536	77
V	1373693	58
V	1373840	161
V	1374001	14
V	1374152	79
V	1374298	79
V	1374448	50
V	1374601	79
V	1374747	9
V	1374900	70
V	1375051	9
V	1375204	9
V	1375350	50
V	1375503	58
V	1375652	19
V	1375798	9
V	1375949	64
V	1376099	79
V	1376249	9
V	1376398	66
V	1376549	145
V	1376723	9
V	1376874	14
V	1377022	70
V	1377178	14
V	1377339	64
V	1377495	14
V	1377654	14
V	1377797	7
V	1377948	7
V	1378100	19
V	1378245	58
V	1378393	9
V	1378545	20
V	1378697	9
V	1378848	77
V	1379002	14
V	1379156	9
V	1379309	14
V	1379450	7
V	1379604	77
V	1379753	9
V	1379905	79
V	1380048	53
V	1380193	14
V	1380344	79
V	1380495	9
V	1380645	7
V	1380790	64
V	1380937	9
V	1381086	77
V	1381236	50
V	1381386	9
V	1381532	14
V	1381677	7
V	1381822	50
V	1381977	79
V	1382124	9
V	1382264	14
V	1382416	14
V	1382566	85
V	1382733	9
V	1382883	14
V	1383036	9
V	1383184	9
V	1383336	7
V	1383484	50
V	1383638	58
V	1383790	58
V	1383938	14
V	1384084	79
V	1384236	9
V	1384389	179
V	1384558	9
V	1384704	58
V	1384855	7
V	1384999	161
V	1385161	50
V	1385312	7
V	1385456	50
V	1385610	66
V	1385756	9
V	1385904	177
V	1386080	8
V	1386234	79
V	1386381	58
V	1386532	50
V	1386687	79
V	1386835	9
V	1386982	14
V	1387121	9
V	1387271	77
V	1387420	9
V	1387577	70
V	1387733	9
V	1387889	77
V	1388038	9
V	1388187	9
V	1388343	79
V	1388491	9
V	1388639	9
V	1388792	145
V	1388951	9
V	1389104	14
V	1389252	70
V	1389406	77
V	1389556	64
V	1389710	50
V	1389859	20
V	1390003	7
V	1390153	14
V	1390302	58
V	1390453	9
V	1390603	7
V	1390752	9
V	1390903	164
V	1391063	9
V	1391209	9
V	1391361	58
V	1391509	58
V	1391659	77
V	1391809	9
V	1391960	14
V	1392115	79
V	1392262	79
V	1392416	19
V	1392570	64
V	1392716	79
V	1392871	7
V	1393025	178
V	1393189	64
V	1393342	7
V	1393484	79
V	1393634	9
V	1393792	79
V	1393939	79
V	1394087	71
V	1394236	79
V	1394386	50
V	1394536	9
V	1394685	8
V	1394828	79
V	1394976	9
V	1395122	79
V	1395276	179
V	1395449	79
V	1395599	58
V	1395751	9
V	1395904	79
V	1396055	53
V	1396202	66
V	1396349	14
V	1396500	20
V	1396645	7
V	1396788	79
V	1396937	9
V	1397092	179
V	1397265	9
V	1397418	58
V	1397572	19
V	1397720	9
V	1397867	178
V	1398038	9
V	1398188	9
V	1398344	143
V	1398504	50
V	1398653	117
V	1398818	77
V	1398963	7
V	1399116	77
V	1399263	177
V	1399429	9
V	1399580	9
V	1399733	70
V	1399882	77
V	1400028	14
V	1400182	9
V	1400331	79
V	1400479	77
V	1400625	77
V	1400775	9
V	1400925	58
V	1401076	79
V	1401223	70
V	1401370	9
V	1401524	9
V	1401676	19
V	1401822	14
V	1401970	64
V	1402126	14
V	1402276	9
V	1402425	7
V	1402574	20
V	1402722	50
V	1402878	58
V	1403033	9
V	1403186	77
V	1403345	58
V	1403499	58
V	1403656	9
V	1403803	79
V	1403955	9
V	1404106	50
V	1404263	79
V	1404413	79
V	1404568	14
V	1404716	7
V	1404862	7
V	1405020	14
V	1405182	19
V	1405342	161
V	1405502	9
V	1405648	79
V	1405796	66
V	1405949	9
V	1406105	58
V	1406253	77
V	1406403	50
V	1406550	79
V	1406701	58
V	1406851	9
V	1407006	8
V	1407152	79
V	1407302	179
V	1407473	178
V	1407646	79
V	1407797	58
V	1407950	50
V	1408097	148
V	1408269	79
V	1408415	66
V	1408560	14
V	1408701	9
V	1408850	14
V	1408997	9
V	1409143	14
V	1409298	58
V	1409452	58
V	1409606	9
V	1409764	9
V	1409916	9
V	1410073	50
V	1410228	66
V	1410375	177
V	1410560	9
V	1410707	178
V	1410865	179
V	1411029	9
V	1411172	7
V	1411321	64
V	1411470	9
V	1411620	64
V	1411772	64
V	1411924	9
V	1412077	70
V	1412217	50
V	1412369	8
V	1412519	7
V	1412668	9
V	1412816	19
V	1412956	79
V	1413109	145
V	1413269	53
V	1413419	19
V	1413560	58
V	1413712	14
V	1413863	50
V	1414012	14
V	1414158	79
V	1414302	9
V	1414448	50
V	1414593	9
V	1414741	50
V	1414898	14
V	1415044	79
V	1415197	58
V	1415342	161
V	1415499	14
V	1415644	164
V	1415815	179
V	1415983	9
V	1416143	50
V	1416297	79
V	1416447	58
V	1416599	77
V	1416747	179
V	1416908	9
V	1417053	161
V	1417210	14
V	1417362	79
V	1417514	79
V	1417664	9
V	1417806	14
V	1417957	70
V	1418105	79
V	1418251	14
V	1418399	79
V	1418553	9
V	1418705	145
V	1418865	58
V	1419019	19
V	1419166	79
V	1419315	145
V	1419479	58
V	1419633	7
V	1419783	64
V	1419935	9
V	1420084	50
V	1420232	9
V	1420379	9
V	1420523	50
V	1420681	79
V	1420836	77
V	1420980	14
V	1421137	77
V	1421286	9
V	1421441	9
V	1421591	9
V	1421745	70
V	1421895	50
V	1422045	7
V	1422195	145
V	1422372	79
V	1422521	9
V	1422661	79
V	1422807	58
V	1422954	79
V	1423105	9
V	1423248	50
V	1423399	7
V	1423545	77
V	1423693	20
V	1423838	9
V	1423983	50
V	1424133	79
V	1424282	8
V	1424430	9
V	1424578	19
V	1424721	9
V	1424875	77
V	1425017	145
V	1425185	7
V	1425328	9
V	1425475	66
V	1425622	8
V	1425773	7
V	1425919	7
V	1426065	79
V	1426211	7
V	1426357	7
V	1426506	50
V	1426650	1
V	1426803	9
V	1426952	161
V	1427117	9
V	1427271	161
V	1427430	79
V	1427581	50
V	1427731	79
V	1427884	66
V	1428027	77
V	1428176	7
V	1428324	9
V	1428476	70
V	1428618	9
V	1428773	9
V	1428929	9
V	1429080	14
V	1429234	161
V	1429410	53
V	1429552	7
V	1429695	77
V	1429841	79
V	1429990	131
V	1430151	9
V	1430298	9
V	1430452	71
V	1430599	9
V	1430747	50
V	1430899	9
V	1431044	79
V	1431194	66
V	1431343	131
V	1431505	58
V	1431654	58
V	1431804	9
V	1431959	7
V	1432106	14
V	1432251	77
V	1432405	79
V	1432550	9
V	1432692	9
V	1432842	70
V	1432998	79
V	1433151	9
V	1433300	14
V	1433454	9
V	1433600	14
V	1433750	7
V	1433900	9
V	1434045	145
V	1434207	9
V	1434358	161
V	1434513	50
V	1434664	7
V	1434809	58
V	1434963	79
V	1435109	164
V	1435292	79
V	1435441	79
V	1435596	9
V	1435748	70
V	1435893	50
V	1436043	9
V	1436190	70
V	1436338	14
V	1436485	7
V	1436631	14
V	1436776	20
V	1436914	79
V	1437061	50
V	1437221	9
V	1437367	14
V	1437510	70
V	1437656	7
V	1437798	179
V	1437957	70
V	1438098	164
V	1438263	58
V	1438413	50
V	1438566	14
V	1438716	179
V	1438878	79
V	1439023	19
V	1439168	20
V	1439311	70
V	1439480	14
V	1439630	50
V	1439784	8
V	1439940	145
V	1440108	148
V	1440287	178
V	1440454	70
V	1440631	64
V	1440781	9
V	1440937	9
V	1441085	50
V	1441242	178
V	1441407	79
V	1441557	79
V	1441707	9
V	1441857	50
V	1442014	50
V	1442166	53
V	1442318	9
V	1442461	9
V	1442606	14
V	1442752	64
V	1442901	8
V	1443053	9
V	1443199	8
V	1443341	70
V	1443484	14
V	1443632	70
V	1443775	79
V	1443921	14
V	1444075	7
V	1444229	14
V	1444378	79
V	1444528	79
V	1444676	58
V	1444829	145
V	1444989	50
V	1445138	77
V	1445282	50
V	1445438	53
V	1445583	7
V	1445729	50
V	1445883	85
V	1446036	145
V	1446202	9
V	1446345	14
V	1446491	178
V	1446656	79
V	1446803	14
V	1446952	58
V	1447106	161
V	1447268	8
V	1447430	178
V	1447591	9
V	1447743	58
V	1447895	14
V	1448048	79
V	1448203	9
V	1448348	19
V	1448498	14
V	1448652	64
V	1448799	7
V	1448951	9
V	1449096	77
V	1449239	179
V	1449411	14
V	1449567	58
V	1449714	19
V	1449869	58
V	1450021	14
V	1450175	9
V	1450328	9
V	1450477	145
V	1450639	58
V	1450794	14
V	1450937	14
V	1451100	79
V	1451246	77
V	1451392	9
V	1451538	14
V	1451686	179
V	1451855	77
V	1452001	9
V	1452148	79
V	1452301	14
V	1452447	14
V	1452601	79
V	1452749	7
V	1452899	50
V	1453050	77
V	1453198	79
V	1453346	53
V	1453494	14
V	1453641	79
V	1453791	9
V	1453939	64
V	1454086	9
V	1454234	58
V	1454381	9
V	1454534	77
V	1454682	77
V	1454833	145
V	1455007	178
V	1455169	127
V	1455332	9
V	1455489	53
V	1455637	77
V	1455794	9
V	1455949	77
V	1456095	77
V	1456240	7
V	1456387	79
V	1456536	14
V	1456692	79
V	1456838	9
V	1456986	145
V	1457146	20
V	1457293	58
V	1457437	145
V	1457613	9
V	1457752	9
V	1457906	50
V	1458053	7
V	1458201	79
V	1458352	58
V	1458500	77
V	1458651	77
V	1458802	50
V	1458943	50
V	1459095	50
V	1459243	64
V	1459399	7
V	1459541	145
V	1459710	50
V	1459864	58
V	1460014	8
V	1460163	53
V	1460307	79
V	1460454	9
V	1460610	19
V	1460756	14
V	1460911	161
V	1461068	79
V	1461222	77
V	1461364	9
V	1461518	66
V	1461663	14
V	1461823	9
V	1461974	14
V	1462123	77
V	1462278	58
V	1462429	77
V	1462581	79
V	1462730	77
V	1462877	64
V	1463025	7
V	1463177	9
V	1463327	64
V	1463478	163
V	1463658	50
V	1463808	19
V	1463959	9
V	1464106	7
V	1464262	14
V	1464410	58
V	1464560	50
V	1464709	64
V	1464862	19
V	1465007	77
V	1465155	64
V	1465302	145
V	1465486	66
V	1465637	58
V	1465785	9
V	1465936	161
V	1466095	58
V	1466244	9
V	1466391	9
V	1466545	58
V	1466695	177
V	1466863	9
V	1467010	1
V	1467161	50
V	1467315	79
V	1467468	79
V	1467616	14
V	1467772	64
V	1467923	14
V	1468074	178
V	1468235	9
V	1468376	9
V	1468527	14
V	1468679	50
V	1468830	14
V	1468985	7
V	1469124	9
V	1469276	53
V	1469419	9
V	1469569	14
V	1469723	14
V	1469879	163
V	1470043	50
V	1470196	70
V	1470353	7
V	1470504	9
V	1470651	50
V	1470803	177
V	1470967	79
V	1471117	7
V	1471274	50
V	1471419	79
V	1471568	14
V	1471718	9
V	1471874	50
V	1472023	9
V	1472174	179
V	1472342	19
V	1472490	14
V	1472642	19
V	1472786	9
V	1472931	79
V	1473086	79
V	1473238	79
V	1473385	79
V	1473534	79
V	1473680	70
V	1473829	14
V	1473982	9
V	1474133	164
V	1474321	9
V	1474467	145
V	1474629	58
V	1474778	79
V	1474924	79
V	1475078	19
V	1475222	79
V	1475372	9
V	1475519	7
V	1475671	7
V	1475814	9
V	1475964	64
V	1476115	9
V	1476262	14
V	1476409	50
V	1476563	161
V	1476721	50
V	1476872	77
V	1477026	79
V	1477180	14
V	1477334	7
V	1477485	50
V	1477640	9
V	1477795	9
V	1477943	79
V	1478095	161
V	1478257	9
V	1478411	19
V	1478556	50
V	1478709	7
V	1478860	9
V	1479012	55
V	1479161	79
V	1479318	9
V	1479466	9
V	1479615	14
V	1479767	79
V	1479919	58
V	1480071	53
V	1480214	79
V	1480360	64
V	1480513	7
V	1480663	50
V	1480808	14
V	1480961	8
V	1481115	9
V	1481273	66
V	1481423	179
V	1481586	9
V	1481729	14
V	1481874	79
V	1482027	9
V	1482182	79
V	1482330	9
V	1482473	9
V	1482618	9
V	1482769	9
V	1482919	1
V	1483067	14
V	1483219	20
V	1483364	79
V	1483515	7
V	1483655	79
V	1483797	79
V	1483940	70
V	1484087	9
V	1484243	58
V	1484396	9
V	1484550	19
V	1484694	79
V	1484849	14
V	1485000	161
V	1485157	7
V	1485305	50
V	1485458	14
V	1485607	7
V	1485759	79
V	1485910	14
V	1486058	79
V	1486208	64
V	1486357	14
V	1486511	79
V	1486658	79
V	1486811	79
V	1486955	9
V	1487113	9
V	1487263	9
V	1487418	14
V	1487574	50
V	1487732	161
V	1487898	19
V	1488048	79
V	1488194	14
V	1488340	79
V	1488480	58
V	1488633	9
V	1488783	7
V	1488935	77
V	1489078	14
V	1489227	9
V	1489380	79
V	1489522	8
V	1489667	58
V	1489813	14
V	1489965	7
V	1490106	79
V	1490252	14
V	1490394	9
V	1490544	145
V	1490704	9
V	1490854	14
V	1491004	7
V	1491155	9
V	1491314	9
V	1491469	64
V	1491620	9
V	1491771	77
V	1491920	58
V	1492071	58
V	1492223	14
V	1492370	148
V	1492543	58
V	1492691	19
V	1492837	14
V	1492987	9
V	1493132	50
V	1493281	77
V	1493431	9
V	1493578	79
V	1493727	70
V	1493876	64
V	1494030	50
V	1494178	9
V	1494326	14
V	1494470	9
V	1494622	19
V	1494766	79
V	1494915	64
V	1495065	9
V	1495221	14
V	1495367	58
V	1495517	9
V	1495662	64
V	1495818	85
V	1495966	9
V	1496117	9
V	1496262	79
V	1496412	20
V	1496553	79
V	1496705	7
V	1496847	64
V	1496993	14
V	1497144	7
V	1497296	79
V	1497443	58
V	1497593	9
V	1497740	58
V	1497890	64
V	1498038	58
V	1498191	14
V	1498339	70
V	1498479	14
V	1498629	64
V	1498777	7
V	1498916	58
V	1499066	9
V	1499213	14
V	1499360	53
V	1499519	9
V	1499669	79
V	1499812	161
V	1499969	20
V	1500112	77
V	1500264	7
V	1500416	145
V	1500582	50
V	1500736	50
V	1500892	7
V	1501038	77
V	1501182	58
V	1501328	70
V	1501495	77
V	1501641	77
V	1501792	9
V	1501941	77
V	1502090	20
V	1502238	177
V	1502412	58
V	1502566	50
V	1502724	9
V	1502881	9
V	1503037	145
V	1503195	9
V	1503345	77
V	1503503	9
V	1503652	64
V	1503803	145
V	1503956	66
V	1504107	7
V	1504259	14
V	1504400	9
V	1504552	20
V	1504701	58
V	1504850	9
V	1504998	77
V	1505143	7
V	1505293	178
V	1505462	7
V	1505606	14
V	1505756	79
V	1505910	179
V	1506077	58
V	1506226	161
V	1506388	7
V	1506535	9
V	1506686	7
V	1506840	9
V	1506988	58
V	1507137	9
V	1507289	9
V	1507442	70
V	1507601	64
V	1507753	50
V	1507904	7
V	1508059	64
V	1508210	77
V	1508354	9
V	1508511	53
V	1508654	64
V	1508806	14
V	1508955	145
V	1509112	79
V	1509266	9
V	1509419	7
V	1509562	14
V	1509711	7
V	1509856	50
V	1510007	77
V	1510159	9
V	1510308	14
V	1510460	9
V	1510612	7
V	1510762	9
V	1510909	9
V	1511057	7
V	1511212	7
V	1511360	77
V	1511516	79
V	1511662	9
V	1511817	9
V	1511967	9
V	1512116	9
V	1512263	7
V	1512414	14
V	1512568	7
V	1512715	7
V	1512870	19
V	1513019	77
V	1513160	9
V	1513312	14
V	1513469	177
V	1513645	9
V	1513793	8
V	1513934	161
V	1514106	7
V	1514254	79
V	1514399	71
V	1514545	9
V	1514696	50
V	1514843	9
V	1514985	9
V	1515136	77
V	1515284	50
V	1515437	7
V	1515586	70
V	1515734	53
V	1515882	9
V	1516037	71
V	1516182	7
V	1516332	14
V	1516486	9
V	1516635	9
V	1516784	7
V	1516928	163
V	1517094	58
V	1517246	50
V	1517401	9
V	1517557	9
V	1517708	9
V	1517854	9
V	1518002	20
V	1518156	79
V	1518307	7
V	1518455	14
V	1518610	9
V	1518759	14
V	1518910	50
V	1519061	9
V	1519213	66
V	1519359	161
V	1519520	7
V	1519662	64
V	1519814	7
V	1519963	58
V	1520113	64
V	1520267	9
V	1520417	50
V	1520575	9
V	1520719	9
V	1520869	50
V	1521019	79
V	1521172	145
V	1521333	14
V	1521480	14
V	1521626	7
V	1521773	9
V	1521923	14
V	1522073	79
V	1522221	53
V	1522366	9
V	1522515	9
V	1522663	79
V	1522812	9
V	1522958	79
V	1523109	50
V	1523262	9
V	1523407	161
V	1523563	64
V	1523712	9
V	1523860	9
V	1524012	50
V	1524160	7
V	1524302	50
V	1524450	53
V	1524593	79
V	1524743	14
V	1524891	79
V	1525040	64
V	1525191	79
V	1525342	64
V	1525489	145
V	1525663	7
V	1525805	8
V	1525942	79
V	1526090	9
V	1526238	64
V	1526386	9
V	1526531	9
V	1526682	9
V	1526837	9
V	1526986	64
V	1527138	79
V	1527285	79
V	1527439	9
V	1527590	9
V	1527734	9
V	1527881	178
V	1528053	79
V	1528199	9
V	1528348	79
V	1528495	9
V	1528646	14
V	1528797	50
V	1528949	50
V	1529098	9
V	1529245	77
V	1529391	50
V	1529540	50
V	1529693	58
V	1529845	64
V	1529996	79
V	1530146	9
V	1530287	66
V	1530432	7
V	1530583	9
V	1530733	9
V	1530887	14
V	1531044	50
V	1531195	178
V	1531361	79
V	1531511	50
V	1531666	9
V	1531817	8
V	1531972	20
V	1532119	127
V	1532281	14
V	1532437	7
V	1532592	79
V	1532745	9
V	1532897	9
V	1533046	79
V	1533193	14
V	1533353	9
V	1533495	9
V	1533646	79
V	1533795	9
V	1533947	9
V	1534098	7
V	1534248	50
V	1534396	7
V	1534553	131
V	1534713	50
V	1534866	79
V	1535015	79
V	1535167	14
V	1535323	79
V	1535470	9
V	1535615	7
V	1535766	58
V	1535918	58
V	1536068	58
V	1536215	145
V	1536380	14
V	1536529	77
V	1536681	9
V	1536832	7
V	1536979	145
V	1537145	9
V	1537299	9
V	1537452	77
V	1537599	64
V	1537747	7
V	1537892	14
V	1538043	14
V	1538188	14
V	1538335	9
V	1538485	9
V	1538636	58
V	1538793	64
V	1538943	9
V	1539090	14
V	1539237	50
V	1539386	145
V	1539550	9
V	1539702	7
V	1539850	9
V	1539997	50
V	1540155	79
V	1540302	77
V	1540450	58
V	1540602	79
V	1540756	177
V	1540925	7
V	1541071	14
V	1541218	77
V	1541367	64
V	1541520	50
V	1541673	9
V	1541824	9
V	1541980	79
V	1542130	9
V	1542275	9
V	1542425	178
V	1542589	8
V	1542728	14
V	1542881	117
V	1543057	9
V	1543203	9
V	1543349	9
V	1543501	50
V	1543657	9
V	1543813	7
V	1543953	9
V	1544103	58
V	1544254	14
V	1544406	50
V	1544558	9
V	1544711	50
V	1544864	9
V	1545010	14
V	1545158	50
V	1545308	79
V	1545458	9
V	1545612	14
V	1545769	9
V	1545916	179
V	1546075	14
V	1546229	64
V	1546379	50
V	1546522	58
V	1546679	77
V	1546833	161
V	1546994	9
V	1547146	9
V	1547306	53
V	1547451	14
V	1547599	50
V	1547754	9
V	1547905	7
V	1548054	64
V	1548203	79
V	1548352	19
V	1548495	79
V	1548642	7
V	1548783	77
V	1548939	53
V	1549083	53
V	1549232	58
V	1549381	79
V	1549530	117
V	1549698	9
V	1549847	50
V	1549996	7
V	1550141	64
V	1550292	79
V	1550446	70
V	1550593	50
V	1550745	9
V	1550894	7
V	1551039	161
V	1551199	50
V	1551345	9
V	1551499	77
V	1551647	9
V	1551801	7
V	1551952	9
V	1552104	50
V	1552260	9
V	1552405	7
V	1552555	19
V	1552697	7
V	1552854	14
V	1553003	53
V	1553145	9
V	1553289	9
V	1553437	64
V	1553587	7
V	1553735	15
V	1553886	14
V	1554034	9
V	1554182	9
V	1554326	9
V	1554472	9
V	1554626	9
V	1554780	58
V	1554935	64
V	1555085	79
V	1555232	9
V	1555382	14
V	1555529	50
V	1555674	9
V	1555819	9
V	1555973	64
V	1556125	9
V	1556266	14
V	1556410	181
V	1556574	77
V	1556729	145
V	1556897	9
V	1557047	58
V	1557198	9
V	1557347	77
V	1557495	53
V	1557637	79
V	1557788	50
V	1557938	178
V	1558100	19
V	1558250	9
V	1558394	145
V	1558555	9
V	1558708	7
V	1558863	77
V	1559011	145
V	1559166	9
V	1559313	9
V	1559466	9
V	1559613	9
V	1559765	9
V	1559916	50
V	1560067	8
V	1560222	9
V	1560374	9
V	1560522	7
V	1560666	77
V	1560814	178
V	1560975	9
V	1561124	20
V	1561268	14
V	1561422	19
V	1561565	9
V	1561711	71
V	1561857	79
V	1562003	64
V	1562155	70
V	1562299	7
V	1562451	7
V	1562594	77
V	1562753	50
V	1562906	9
V	1563054	50
V	1563197	7
V	1563344	58
V	1563498	9
V	1563654	50
V	1563800	77
V	1563943	8
V	1564101	9
V	1564250	77
V	1564404	9
V	1564553	64
V	1564699	50
V	1564853	14
V	1565005	9
V	1565160	79
V	1565309	9
V	1565463	50
V	1565601	9
V	1565752	9
V	1565907	50
V	1566063	77
V	1566210	58
V	1566359	14
V	1566511	7
V	1566668	64
V	1566815	9
V	1566968	9
V	1567109	9
V	1567258	9
V	1567406	8
V	1567557	79
V	1567702	50
V	1567855	9
V	1568005	79
V	1568149	14
V	1568304	79
V	1568458	9
V	1568602	79
V	1568749	9
V	1568895	9
V	1569040	77
V	1569185	14
V	1569331	9
V	1569481	14
V	1569630	79
V	1569779	50
V	1569931	79
V	1570088	50
V	1570233	14
V	1570386	64
V	1570536	9
V	1570692	9
V	1570840	9
V	1570985	77
V	1571133	9
V	1571284	77
V	1571430	9
V	1571576	14
V	1571727	79
V	1571882	9
V	1572030	9
V	1572180	64
V	1572333	9
V	1572482	164
V	1572649	164
V	1572818	58
V	1572966	9
V	1573115	79
V	1573265	58
V	1573409	79
V	1573560	9
V	1573710	14
V	1573861	9
V	1574011	70
V	1574164	64
V	1574314	7
V	1574452	164
V	1574629	7
V	1574773	79
V	1574924	9
V	1575078	177
V	1575251	9
V	1575393	9
V	1575541	79
V	1575691	7
V	1575841	7
V	1575983	79
V	1576135	161
V	1576292	161
V	1576452	9
V	1576605	161
V	1576762	9
V	1576912	9
V	1577064	9
V	1577206	9
V	1577352	9
V	1577501	50
V	1577654	79
V	1577803	9
V	1577955	19
V	1578102	50
V	1578254	7
V	1578399	9
V	1578544	7
V	1578691	58
V	1578842	14
V	1578994	7
V	1579135	79
V	1579282	9
V	1579435	79
V	1579588	50
V	1579734	50
V	1579884	9
V	1580038	179
V	1580212	9
V	1580356	64
V	1580505	71
V	1580655	79
V	1580806	9
V	1580963	9
V	1581116	79
V	1581267	9
V	1581413	9
V	1581558	58
V	1581708	178
V	1581873	9
V	1582023	50
V	1582170	79
V	1582320	50
V	1582473	58
V	1582624	7
V	1582775	14
V	1582931	79
V	1583076	79
V	1583223	143
V	1583394	145
V	1583561	79
V	1583709	9
V	1583855	14
V	1584001	7
V	1584154	9
V	1584304	14
V	1584459	9
V	1584612	7
V	1584760	9
V	1584912	9
V	1585054	77
V	1585194	7
V	1585347	14
V	1585493	7
V	1585638	79
V	1585787	66
V	1585939	9
V	1586087	9
V	1586239	14
V	1586393	58
V	1586543	50
V	1586697	7
V	1586847	70
V	1586995	7
V	1587143	79
V	1587290	9
V	1587443	14
V	1587592	77
V	1587743	9
V	1587896	9
V	1588047	145
V	1588208	58
V	1588362	9
V	1588508	9
V	1588656	79
V	1588808	127
V	1588982	64
V	1589134	77
V	1589288	179
V	1589449	50
V	1589597	14
V	1589751	58
V	1589903	50
V	1590049	14
V	1590200	53
V	1590345	50
V	1590497	50
V	1590647	79
V	1590799	79
V	1590945	9
V	1591095	77
V	1591244	9
V	1591396	50
V	1591550	163
V	1591721	50
V	1591872	66
V	1592020	58
V	1592169	164
V	1592331	50
V	1592479	9
V	1592626	64
V	1592778	79
V	1592929	9
V	1593085	161
V	1593242	8
V	1593387	164
V	1593566	50
V	1593720	58
V	1593869	143
V	1594028	77
V	1594179	9
V	1594330	9
V	1594485	9
V	1594631	50
V	1594784	58
V	1594936	58
V	1595086	9
V	1595230	14
V	1595377	79
V	1595527	79
V	1595675	19
V	1595821	58
V	1595976	9
V	1596124	85
V	1596269	79
V	1596423	7
V	1596568	50
V	1596721	9
V	1596869	7
V	1597019	79
V	1597168	64
V	1597322	9
V	1597477	178
V	1597636	7
V	1597782	77
V	1597926	7
V	1598074	145
V	1598235	8
V	1598385	7
V	1598538	8
V	1598692	79
V	1598840	9
V	1598989	20
V	1599135	58
V	1599283	66
V	1599423	64
V	1599580	9
V	1599727	9
V	1599877	79
V	1600029	7
V	1600175	179
V	1600333	14
V	1600479	77
V	1600622	14
V	1600772	77
V	1600917	19
V	1601062	50
V	1601215	77
V	1601362	9
V	1601517	66
V	1601661	7
V	1601805	14
V	1601953	58
V	1602103	9
V	1602259	14
V	1602405	64
V	1602561	79
V	1602719	50
V	1602866	14
V	1603014	177
V	1603175	9
V	1603320	9
V	1603468	71
V	1603612	64
V	1603759	50
V	1603906	79
V	1604053	14
V	1604201	161
V	1604362	9
V	1604504	9
V	1604657	178
V	1604821	58
V	1604962	145
V	1605139	9
V	1605283	9
V	1605426	14
V	1605573	9
V	1605725	14
V	1605878	7
V	1606029	64
V	1606181	9
V	1606334	79
V	1606483	177
V	1606661	145
V	1606827	7
V	1606981	64
V	1607136	79
V	1607283	9
V	1607437	58
V	1607585	53
V	1607735	14
V	1607878	53
V	1608021	9
V	1608173	9
V	1608318	50
V	1608463	9
V	1608608	58
V	1608758	50
V	1608909	50
V	1609052	9
V	1609198	58
V	1609349	145
V	1609511	9
V	1609660	79
V	1609815	7
V	1609957	180
V	1610123	7
V	1610272	9
V	1610423	50
V	1610564	77
V	1610717	77
V	1610863	7
V	1611012	14
V	1611163	9
V	1611309	14
V	1611450	9
V	1611601	9
V	1611751	50
V	1611903	9
V	1612054	77
V	1612201	50
V	1612358	79
V	1612508	64
V	1612655	14
V	1612812	9
V	1612963	9
V	1613113	9
V	1613261	14
V	1613405	79
V	1613556	9
V	1613708	58
V	1613861	14
V	1614010	9
V	1614162	9
V	1614308	9
V	1614461	7
V	1614603	58
V	1614753	9
V	1614898	9
V	1615049	79
V	1615198	79
V	1615343	19
V	1615491	9
V	1615644	9
V	1615791	14
V	1615942	50
V	1616093	79
V	1616245	58
V	1616391	164
V	1616551	9
V	1616703	9
V	1616851	50
V	1617007	58
V	1617159	177
V	1617319	19
V	1617471	7
V	1617622	64
V	1617769	70
V	1617911	9
V	1618057	79
V	1618205	7
V	1618358	85
V	1618512	9
V	1618662	177
V	1618819	179
V	1618992	64
V	1619144	50
V	1619283	79
V	1619428	7
V	1619575	53
V	1619724	79
V	1619876	7
V	1620025	50
V	1620176	9
V	1620332	131
V	1620489	179
V	1620653	14
V	1620797	79
V	1620947	9
V	1621100	179
V	1621263	50
V	1621410	14
V	1621556	77
V	1621705	8
V	1621853	143
V	1622014	79
V	1622164	14
V	1622309	9
V	1622456	79
V	1622607	19
V	1622767	7
V	1622909	50
V	1623062	14
V	1623209	7
V	1623352	79
V	1623507	77
V	1623658	7
V	1623806	145
V	1623960	9
V	1624111	77
V	1624257	50
V	1624406	1
V	1624557	7
V	1624701	79
V	1624852	9
V	1624997	19
V	1625147	79
V	1625297	79
V	1625449	77
V	1625592	53
V	1625743	50
V	1625889	58
V	1626041	79
V	1626188	9
V	1626334	148
V	1626508	77
V	1626652	14
V	1626806	9
V	1626952	7
V	1627103	19
V	1627250	50
V	1627410	79
V	1627563	7
V	1627709	9
V	1627862	7
V	1628016	9
V	1628169	9
V	1628317	19
V	1628476	9
V	1628624	50
V	1628770	77
V	1628926	79
V	1629074	9
V	1629219	9
V	1629371	19
V	1629515	9
V	1629668	58
V	1629825	161
V	1629984	7
V	1630130	9
V	1630282	9
V	1630430	9
V	1630578	9
V	1630724	66
V	1630870	14
V	1631015	14
V	1631156	9
V	1631308	163
V	1631481	58
V	1631632	50
V	1631778	58
V	1631928	14
V	1632088	79
V	1632232	66
V	1632383	79
V	1632535	7
V	1632684	9
V	1632833	161
V	1632990	9
V	1633148	9
V	1633297	9
V	1633449	9
V	1633599	9
V	1633747	79
V	1633893	178
V	1634057	19
V	1634207	179
V	1634377	7
V	1634533	77
V	1634676	7
V	1634829	79
V	1634982	9
V	1635132	20
V	1635274	7
V	1635420	79
V	1635573	14
V	1635724	64
V	1635872	14
V	1636022	79
V	1636173	70
V	1636337	7
V	1636490	14
V	1636642	79
V	1636790	9
V	1636940	9
V	1637093	14
V	1637253	7
V	1637407	20
V	1637547	19
V	1637694	58
V	1637842	19
V	1637987	161
V	1638143	9
V	1638296	14
V	1638443	79
V	1638591	7
V	1638739	9
V	1638886	20
V	1639033	70
V	1639174	53
V	1639324	77
V	1639472	9
V	1639620	9
V	1639765	70
V	1639920	131
V	1640088	9
V	1640233	79
V	1640385	14
V	1640532	50
V	1640679	7
V	1640829	14
V	1640987	58
V	1641138	9
V	1641284	79
V	1641436	77
V	1641583	7
V	1641726	9
V	1641868	9
V	1642019	77
V	1642169	9
V	1642322	143
V	1642480	19
V	1642632	79
V	1642776	79
V	1642929	70
V	1643081	9
V	1643232	9
V	1643384	9
V	1643536	9
V	1643684	164
V	1643848	14
V	1644006	14
V	1644157	9
V	1644317	58
V	1644469	50
V	1644623	79
V	1644778	177
V	1644939	79
V	1645086	77
V	1645239	14
V	1645386	58
V	1645533	9
V	1645681	14
V	1645834	50
V	1645987	50
V	1646137	70
V	1646283	9
V	1646429	14
V	1646583	9
V	1646734	9
V	1646882	19
V	1647030	9
V	1647179	179
V	1647348	71
V	1647490	9
V	1647631	9
V	1647783	77
V	1647932	7
V	1648081	50
V	1648235	7
V	1648384	79
V	1648530	50
V	1648682	9
V	1648839	50
V	1648993	7
V	1649139	50
V	1649293	14
V	1649442	79
V	1649596	143
V	1649754	7
V	1649904	50
V	1650051	9
V	1650200	77
V	1650351	164
V	1650515	145
V	1650687	164
V	1650862	77
V	1651010	14
V	1651158	50
V	1651313	178
V	1651486	7
V	1651635	14
V	1651785	9
V	1651930	79
V	1652079	14
V	1652227	131
V	1652393	7
V	1652544	14
V	1652698	50
V	1652848	9
V	1652993	50
V	1653143	9
V	1653296	7
V	1653440	9
V	1653587	58
V	1653738	9
V	1653885	50
V	1654033	14
V	1654184	14
V	1654346	9
V	1654496	70
V	1654644	14
V	1654804	50
V	1654956	9
V	1655104	7
V	1655254	14
V	1655401	79
V	1655549	9
V	1655704	64
V	1655850	9
V	1656001	50
V	1656149	9
V	1656301	143
V	1656462	145
V	1656626	9
V	1656776	9
V	1656932	77
V	1657076	53
V	1657224	79
V	1657370	161
V	1657530	145
V	1657692	79
V	1657843	64
V	1657996	50
V	1658150	77
V	1658292	14
V	1658447	7
V	1658601	9
V	1658751	79
V	1658900	179
V	1659068	9
V	1659219	14
V	1659373	79
V	1659524	163
V	1659689	14
V	1659840	9
V	1659994	58
V	1660150	58
V	1660299	50
V	1660450	79
V	1660602	70
V	1660755	8
V	1660898	164
V	1661077	20
V	1661220	177
V	1661384	7
V	1661528	14
V	1661686	7
V	1661839	161
V	1662000	179
V	1662164	58
V	1662309	50
V	1662454	9
V	1662601	66
V	1662748	71
V	1662893	64
V	1663049	77
V	1663205	9
V	1663350	7
V	1663501	9
V	1663651	64
V	1663804	7
V	1663961	7
V	1664110	14
V	1664251	9
V	1664407	79
V	1664561	50
V	1664706	9
V	1664859	79
V	1665013	7
V	1665155	9
V	1665303	7
V	1665448	178
V	1665608	9
V	1665752	50
V	1665901	79
V	1666045	50
V	1666192	14
V	1666351	79
V	1666499	19
V	1666644	66
V	1666789	14
V	1666943	79
V	1667088	7
V	1667240	77
V	1667391	79
V	1667541	9
V	1667689	14
V	1667843	79
V	1667989	58
V	1668142	9
V	1668291	53
V	1668439	71
V	1668581	166
V	1668747	53
V	1668891	77
V	1669035	9
V	1669179	14
V	1669323	14
V	1669474	179
V	1669647	177
V	1669820	79
V	1669969	79
V	1670109	9
V	1670259	7
V	1670402	79
V	1670554	64
V	1670707	50
V	1670859	79
V	1671011	20
V	1671171	79
V	1671317	14
V	1671477	9
V	1671621	7
V	1671777	9
V	1671925	77
V	1672082	50
V	1672235	9
V	1672390	64
V	1672548	58
V	1672691	77
V	1672837	117
V	1673005	14
V	1673153	14
V	1673305	14
V	1673452	77
V	1673603	79
V	1673755	9
V	1673899	50
V	1674052	79
V	1674201	7
V	1674346	77
V	1674496	53
V	1674640	7
V	1674787	79
V	1674928	145
V	1675092	9
V	1675244	9
V	1675397	7
V	1675544	73
V	1675692	50
V	1675842	9
V	1675989	7
V	1676136	7
V	1676278	24
V	1676432	58
V	1676578	9
V	1676729	9
V	1676875	9
V	1677021	164
V	1677185	50
V	1677328	14
V	1677481	79
V	1677626	7
V	1677781	7
V	1677936	145
V	1678103	77
V	1678259	14
V	1678413	79
V	1678561	9
V	1678711	7
V	1678862	178
V	1679028	64
V	1679175	164
V	1679355	9
V	1679500	79
V	1679650	79
V	1679799	50
V	1679951	14
V	1680101	14
V	1680249	64
V	1680401	64
V	1680556	9
V	1680707	9
V	1680861	53
V	1681028	64
V	1681174	50
V	1681319	50
V	1681467	9
V	1681614	77
V	1681758	7
V	1681908	9
V	1682051	70
V	1682193	7
V	1682345	14
V	1682489	20
V	1682650	9
V	1682797	9
V	1682944	50
V	1683094	9
V	1683242	7
V	1683389	79
V	1683539	79
V	1683684	7
V	1683835	77
V	1683979	58
V	1684128	9
V	1684286	9
V	1684438	50
V	1684591	7
V	1684735	77
V	1684880	9
V	1685026	14
V	1685176	177
V	1685336	50
V	1685490	9
V	1685645	9
V	1685804	50
V	1685957	50
V	1686104	53
V	1686251	14
V	1686402	179
V	1686559	77
V	1686707	79
V	1686857	14
V	1687010	9
V	1687161	53
V	1687303	19
V	1687459	7
V	1687616	9
V	1687768	19
V	1687912	9
V	1688063	9
V	1688211	9
V	1688355	58
V	1688505	9
V	1688648	50
V	1688802	8
V	1688953	9
V	1689105	9
V	1689258	14
V	1689408	9
V	1689557	77
V	1689706	9
V	1689857	64
V	1690008	79
V	1690162	50
V	1690311	64
V	1690464	50
V	1690614	7
V	1690768	14
V	1690925	9
V	1691075	161
V	1691232	9
V	1691384	71
V	1691531	9
V	1691682	79
V	1691833	58
V	1691983	9
V	1692126	14
V	1692272	79
V	1692412	79
V	1692560	179
V	1692733	14
V	1692887	19
V	1693033	9
V	1693181	9
V	1693328	79
V	1693479	58
V	1693628	19
V	1693772	145
V	1693934	9
V	1694079	8
V	1694223	9
V	1694367	77
V	1694523	79
V	1694671	9
V	1694822	145
V	1694991	14
V	1695140	9
V	1695289	79
V	1695438	8
V	1695584	164
V	1695750	20
V	1695898	79
V	1696047	9
V	1696199	58
V	1696353	9
V	1696504	79
V	1696648	8
V	1696797	77
V	1696947	79
V	1697098	77
V	1697248	77
V	1697397	14
V	1697542	79
V	1697694	50
V	1697846	9
V	1697993	77
V	1698142	53
V	1698284	58
V	1698435	58
V	1698582	79
V	1698734	50
V	1698882	77
V	1699037	9
V	1699183	9
V	1699334	14
V	1699485	79
V	1699632	50
V	1699783	50
V	1699928	14
V	1700077	7
V	1700228	50
V	1700386	161
V	1700546	9
V	1700693	9
V	1700839	9
V	1700993	7
V	1701144	50
V	1701293	9
V	1701443	179
V	1701602	14
V	1701753	14
V	1701899	177
V	1702076	9
V	1702226	9
V	1702376	19
V	1702523	50
V	1702672	9
V	1702826	131
V	1702992	77
V	1703138	50
V	1703290	8
V	1703446	79
V	1703602	9
V	1703755	7
V	1703906	148
V	1704081	145
V	1704241	77
V	1704391	7
V	1704538	8
V	1704677	9
V	1704829	9
V	1704974	70
V	1705119	58
V	1705265	53
V	1705412	9
V	1705558	9
V	1705709	79
V	1705853	58
V	1706002	145
V	1706165	7
V	1706319	14
V	1706469	14
V	1706617	9
V	1706762	79
V	1706914	9
V	1707065	14
V	1707212	79
V	1707361	9
V	1707511	9
V	1707663	7
V	1707819	50
V	1707964	50
V	1708117	53
V	1708260	9
V	1708407	9
V	1708552	58
V	1708701	9
V	1708851	58
V	1709003	7
V	1709150	50
V	1709296	9
V	1709448	53
V	1709594	7
V	1709745	79
V	1709897	9
V	1710042	19
V	1710198	148
V	1710369	77
V	1710520	79
V	1710673	58
V	1710826	70
V	1710985	14
V	1711121	64
V	1711275	161
V	1711431	79
V	1711583	79
V	1711731	9
V	1711885	50
V	1712031	64
V	1712188	79
V	1712338	53
V	1712493	14
V	1712642	7
V	1712789	103
V	1712956	14
V	1713100	7
V	1713252	20
V	1713408	9
V	1713557	66
V	1713706	8
V	1713852	77
V	1713994	77
V	1714136	19
V	1714284	70
V	1714431	9
V	1714580	77
V	1714731	64
V	1714887	145
V	1715063	9
V	1715218	77
V	1715372	9
V	1715523	64
V	1715674	9
V	1715830	9
V	1715977	145
V	1716149	163
V	1716315	179
V	1716478	7
V	1716621	14
V	1716776	79
V	1716930	7
V	1717085	64
V	1717238	64
V	1717387	161
V	1717552	177
V	1717715	50
V	1717863	14
V	1718019	79
V	1718168	70
V	1718316	79
V	1718465	164
V	1718628	9
V	1718776	53
V	1718920	14
V	1719065	14
V	1719208	9
V	1719354	8
V	1719503	14
V	1719658	58
V	1719811	79
V	1719959	8
V	1720099	7
V	1720241	53
V	1720390	9
V	1720543	77
V	1720691	70
V	1720840	58
V	1720994	14
V	1721144	9
V	1721290	50
V	1721437	7
V	1721582	9
V	1721731	58
V	1721880	145
V	1722042	9
V	1722187	20
V	1722330	50
V	1722474	9
V	1722625	9
V	1722773	9
V	1722923	7
V	1723076	53
V	1723226	14
V	1723371	9
V	1723518	9
V	1723668	131
V	1723826	50
V	1723976	7
V	1724119	79
V	1724268	66
V	1724412	9
V	1724558	50
V	1724708	79
V	1724856	79
V	1725005	14
V	1725157	9
V	1725309	179
V	1725480	66
V	1725631	20
V	1725774	79
V	1725929	7
V	1726069	7
V	1726217	66
V	1726362	79
V	1726512	79
V	1726655	64
V	1726805	14
V	1726955	9
V	1727107	164
V	1727282	9
V	1727425	70
V	1727576	77
V	1727720	14
V	1727878	7
V	1728022	161
V	1728194	14
V	1728339	79
V	1728491	79
V	1728641	131
V	1728799	9
V	1728947	9
V	1729091	79
V	1729236	9
V	1729387	50
V	1729538	64
V	1729685	14
V	1729827	53
V	1729969	7
V	1730121	64
V	1730275	161
V	1730437	79
V	1730585	179
V	1730753	9
V	1730901	64
V	1731048	14
V	1731196	79
V	1731345	14
V	1731495	9
V	1731644	9
V	1731798	161
V	1731958	9
V	1732106	58
V	1732266	14
V	1732411	9
V	1732555	77
V	1732699	14
V	1732851	9
V	1732998	50
V	1733142	7
V	1733295	9
V	1733443	64
V	1733590	9
V	1733738	9
V	1733889	58
V	1734039	64
V	1734191	14
V	1734342	79
V	1734486	50
V	1734641	9
V	1734791	9
V	1734935	77
V	1735082	64
V	1735234	148
V	1735405	14
V	1735554	7
V	1735709	9
V	1735859	7
V	1736003	14
V	1736153	145
V	1736315	7
V	1736472	14
V	1736617	9
V	1736769	7
V	1736919	53
V	1737062	7
V	1737220	53
V	1737369	79
V	1737522	14
V	1737670	79
V	1737820	14
V	1737971	79
V	1738122	19
V	1738268	9
V	1738414	79
V	1738564	9
V	1738713	14
V	1738863	14
V	1739014	9
V	1739160	9
V	1739319	14
V	1739465	161
V	1739625	9
V	1739777	58
V	1739928	161
V	1740088	14
V	1740237	177
V	1740402	50
V	1740546	9
V	1740697	9
V	1740844	9
V	1740992	64
V	1741142	14
V	1741292	64
V	1741443	79
V	1741590	64
V	1741741	7
V	1741889	143
V	1742047	79
V	1742199	14
V	1742349	7
V	1742495	64
V	1742646	53
V	1742791	9
V	1742937	79
V	1743087	64
V	1743236	19
V	1743384	161
V	1743553	77
V	1743699	9
V	1743848	50
V	1743999	9
V	1744150	9
V	1744300	70
V	1744449	64
V	1744595	177
V	1744760	9
V	1744904	9
V	1745062	20
V	1745207	9
V	1745359	77
V	1745510	79
V	1745663	1
V	1745814	9
V	1745964	9
V	1746111	8
V	1746256	58
V	1746404	9
V	1746553	14
V	1746695	58
V	1746850	79
V	1746999	53
V	1747148	7
V	1747295	9
V	1747442	50
V	1747597	58
V	1747741	58
V	1747893	50
V	1748048	9
V	1748199	9
V	1748353	79
V	1748503	79
V	1748649	7
V	1748801	179
V	1748978	14
V	1749132	14
V	1749284	50
V	1749435	7
V	1749586	50
V	1749736	64
V	1749888	79
V	1750036	9
V	1750186	58
V	1750339	64
V	1750489	9
V	1750637	64
V	1750792	9
V	1750941	14
V	1751092	79
V	1751245	8
V	1751390	9
V	1751543	179
V	1751701	77
V	1751849	9
V	1751993	79
V	1752142	53
V	1752290	53
V	1752434	14
V	1752590	9
V	1752742	164
V	1752918	9
V	1753072	77
V	1753221	9
V	1753373	178
V	1753533	7
V	1753679	9
V	1753830	50
V	1753982	7
V	1754138	7
V	1754285	9
V	1754437	9
V	1754586	53
V	1754728	77
V	1754881	9
V	1755034	77
V	1755180	131
V	1755348	7
V	1755506	7
V	1755652	50
V	1755808	79
V	1755952	9
V	1756099	9
V	1756255	77
V	1756408	79
V	1756562	66
V	1756709	9
V	1756856	179
V	1757016	9
V	1757165	9
V	1757312	14
V	1757455	77
V	1757605	9
V	1757752	8
V	1757898	58
V	1758049	58
V	1758202	14
V	1758362	9
V	1758509	58
V	1758654	19
V	1758808	9
V	1758954	66
V	1759101	71
V	1759252	58
V	1759405	161
V	1759559	79
V	1759706	50
V	1759857	9
V	1760007	19
V	1760161	64
V	1760314	58
V	1760464	79
V	1760608	179
V	1760784	79
V	1760939	50
V	1761090	8
V	1761239	79
V	1761394	77
V	1761548	9
V	1761697	58
V	1761850	179
V	1762021	9
V	1762171	77
V	1762322	58
V	1762472	50
V	1762627	50
V	1762776	9
V	1762929	58
V	1763079	50
V	1763238	66
V	1763391	79
V	1763535	9
V	1763684	58
V	1763829	53
V	1763982	58
V	1764129	9
V	1764283	178
V	1764441	9
V	1764592	58
V	1764741	9
V	1764893	14
V	1765044	58
V	1765196	164
V	1765351	9
V	1765502	64
V	1765657	64
V	1765807	131
V	1765968	9
V	1766124	64
V	1766275	9
V	1766417	50
V	1766564	58
V	1766720	7
V	1766868	77
V	1767011	50
V	1767164	79
V	1767311	117
V	1767481	64
V	1767629	79
V	1767775	7
V	1767924	179
V	1768092	79
V	1768244	20
V	1768393	50
V	1768548	70
V	1768712	9
V	1768855	9
V	1769012	9
V	1769164	9
V	1769311	9
V	1769456	64
V	1769605	14
V	1769746	19
V	1769890	7
V	1770037	50
V	1770185	79
V	1770332	9
V	1770488	19
V	1770638	19
V	1770784	58
V	1770936	14
V	1771081	9
V	1771228	79
V	1771382	79
V	1771530	79
V	1771669	50
V	1771823	79
V	1771971	9
V	1772117	145
V	1772276	7
V	1772430	14
V	1772591	7
V	1772738	77
V	1772887	20
V	1773030	7
V	1773174	70
V	1773320	71
V	1773463	79
V	1773612	179
V	1773777	9
V	1773925	82
V	1774072	58
V	1774215	14
V	1774366	79
V	1774516	53
V	1774668	9
V	1774812	9
V	1774962	145
V	1775127	14
V	1775277	9
V	1775426	9
V	1775573	7
V	1775720	50
V	1775865	58
V	1776012	145
V	1776186	50
V	1776340	9
V	1776491	50
V	1776636	145
V	1776796	9
V	1776945	9
V	1777088	58
V	1777239	161
V	1777401	50
V	1777557	50
V	1777710	79
V	1777857	9
V	1778003	77
V	1778150	7
V	1778304	9
V	1778456	164
V	1778629	58
V	1778781	14
V	1778930	58
V	1779082	7
V	1779222	9
V	1779372	9
V	1779520	14
V	1779667	9
V	1779820	58
V	1779972	79
V	1780114	58
V	1780263	14
V	1780411	164
V	1780569	9
V	1780720	9
V	1780873	143
V	1781035	9
V	1781180	50
V	1781333	58
V	1781482	79
V	1781630	178
V	1781793	79
V	1781939	79
V	1782083	79
V	1782236	163
V	1782400	77
V	1782555	50
V	1782703	164
V	1782869	9
V	1783020	9
V	1783171	53
V	1783314	9
V	1783463	79
V	1783609	77
V	1783763	14
V	1783911	58
V	1784069	7
V	1784219	79
V	1784367	66
V	1784514	50
V	1784667	7
V	1784815	7
V	1784971	50
V	1785125	77
V	1785280	50
V	1785429	64
V	1785580	9
V	1785734	77
V	1785888	7
V	1786040	79
V	1786188	50
V	1786335	53
V	1786481	9
V	1786632	9
V	1786780	14
V	1786932	58
V	1787083	58
V	1787235	79
V	1787389	9
V	1787539	50
V	1787681	7
V	1787825	9
V	1787973	179
V	1788142	58
V	1788289	58
V	1788436	9
V	1788586	9
V	1788741	9
V	1788893	79
V	1789042	9
V	1789189	14
V	1789339	77
V	1789493	9
V	1789644	19
V	1789787	70
V	1789939	50
V	1790092	9
V	1790246	9
V	1790392	64
V	1790542	179
V	1790707	50
V	1790865	8
V	1791010	50
V	1791169	7
V	1791313	58
V	1791467	79
V	1791616	9
V	1791765	9
V	1791912	9
V	1792065	9
V	1792218	53
V	1792367	64
V	1792517	7
V	1792676	9
V	1792833	9
V	1792984	79
V	1793138	66
V	1793280	58
V	1793429	77
V	1793574	161
V	1793737	14
V	1793883	9
V	1794028	9
V	1794178	50
V	1794326	53
V	1794484	14
V	1794637	14
V	1794781	9
V	1794934	9
V	1795084	79
V	1795233	17
V	1795385	9
V	1795535	77
V	1795682	79
V	1795829	19
V	1795973	145
V	1796147	64
V	1796292	8
V	1796441	50
V	1796596	58
V	1796743	70
V	1796883	53
V	1797035	50
V	1797189	9
V	1797336	7
V	1797488	9
V	1797632	9
V	1797781	79
V	1797936	179
V	1798104	50
V	1798251	58
V	1798392	9
V	1798543	50
V	1798691	9
V	1798847	9
V	1799001	179
V	1799157	103
V	1799325	9
V	1799481	66
V	1799635	7
V	1799778	14
V	1799933	14
V	1800076	9
V	1800229	7
V	1800379	7
V	1800534	9
V	1800684	58
V	1800836	9
V	1800985	50
V	1801138	9
V	1801285	9
V	1801433	9
V	1801577	9
V	1801726	64
V	1801876	64
V	1802022	50
V	1802178	79
V	1802321	58
V	1802466	53
V	1802619	179
V	1802794	164
V	1802953	9
V	1803106	9
V	1803253	77
V	1803399	79
V	1803549	9
V	1803698	50
V	1803843	58
V	1803991	9
V	1804140	14
V	1804298	14
V	1804450	58
V	1804597	178
V	1804757	58
V	1804906	14
V	1805063	9
V	1805212	7
V	1805359	50
V	1805509	58
V	1805656	9
V	1805807	8
V	1805951	79
V	1806105	50
V	1806258	145
V	1806424	7
V	1806580	178
V	1806743	20
V	1806887	50
V	1807038	20
V	1807190	58
V	1807334	1
V	1807483	131
V	1807639	79
V	1807783	161
V	1807939	53
V	1808081	9
V	1808234	9
V	1808386	58
V	1808535	50
V	1808686	77
V	1808835	50
V	1808987	7
V	1809133	77
V	1809278	163
V	1809447	79
V	1809597	53
V	1809746	9
V	1809899	58
V	1810044	9
V	1810203	7
V	1810351	9
V	1810500	77
V	1810653	79
V	1810799	14
V	1810951	19
V	1811102	66
V	1811253	50
V	1811402	64
V	1811552	66
V	1811695	19
V	1811848	79
V	1812005	9
V	1812154	14
V	1812308	9
V	1812464	9
V	1812618	77
V	1812766	53
V	1812936	9
V	1813085	14
V	1813244	70
V	1813387	79
V	1813536	9
V	1813687	180
V	1813856	9
V	1814007	9
V	1814157	53
V	1814306	7
V	1814453	58
V	1814608	179
V	1814782	9
V	1814938	14
V	1815084	14
V	1815243	66
V	1815393	9
V	1815542	143
V	1815697	64
V	1815850	9
V	1815998	9
V	1816142	77
V	1816291	9
V	1816449	9
V	1816597	50
V	1816744	50
V	1816893	9
V	1817038	14
V	1817190	9
V	1817340	7
V	1817483	58
V	1817632	64
V	1817785	9
V	1817940	79
V	1818090	14
V	1818244	9
V	1818395	50
V	1818541	14
V	1818689	58
V	1818840	9
V	1818990	7
V	1819145	79
V	1819295	131
V	1819459	79
V	1819610	7
V	1819763	64
V	1819914	9
V	1820065	58
V	1820218	9
V	1820370	50
V	1820523	7
V	1820667	177
V	1820841	53
V	1820986	9
V	1821135	9
V	1821286	77
V	1821436	50
V	1821585	14
V	1821724	50
V	1821874	177
V	1822051	50
V	1822202	14
V	1822358	7
V	1822510	9
V	1822659	164
V	1822837	9
V	1822985	9
V	1823135	70
V	1823281	50
V	1823437	53
V	1823588	9
V	1823733	7
V	1823883	79
V	1824032	64
V	1824181	50
V	1824326	58
V	1824477	14
V	1824623	58
V	1824771	9
V	1824929	161
V	1825090	9
V	1825242	77
V	1825390	66
V	1825540	7
V	1825691	9
V	1825846	14
V	1825998	14
V	1826144	53
V	1826285	9
V	1826436	19
V	1826584	77
V	1826733	14
V	1826879	64
V	1827027	58
V	1827177	14
V	1827330	79
V	1827476	53
V	1827619	58
V	1827765	19
V	1827916	77
V	1828059	77
V	1828211	9
V	1828356	77
V	1828508	9
V	1828661	79
V	1828812	14
V	1828961	50
V	1829118	7
V	1829265	77
V	1829413	9
V	1829561	14
V	1829715	58
V	1829863	50
V	1830013	7
V	1830159	9
V	1830310	79
V	1830462	64
V	1830611	19
V	1830757	71
V	1830904	50
V	1831049	7
V	1831198	9
V	1831346	14
V	1831496	14
V	1831646	19
V	1831792	177
V	1831972	79
V	1832121	145
V	1832284	7
V	1832429	161
V	1832591	58
V	1832733	181
V	1832898	179
V	1833061	14
V	1833204	70
V	1833351	9
V	1833498	71
V	1833647	9
V	1833792	9
V	1833940	50
V	1834092	9
V	1834243	58
V	1834389	7
V	1834542	77
V	1834691	9
V	1834841	50
V	1834991	9
V	1835143	77
V	1835287	70
V	1835443	77
V	1835589	179
V	1835766	181
V	1835922	14
V	1836066	50
V	1836217	9
V	1836367	58
V	1836517	9
V	1836675	79
V	1836825	20
V	1836965	79
V	1837120	9
V	1837276	14
V	1837431	7
V	1837575	14
V	1837729	71
V	1837874	66
V	1838023	64
V	1838172	50
V	1838321	161
V	1838482	77
V	1838630	9
V	1838785	53
V	1838928	79
V	1839079	77
V	1839227	180
V	1839383	64
V	1839533	64
V	1839689	9
V	1839839	7
V	1839985	9
V	1840135	178
V	1840299	14
V	1840443	9
V	1840593	14
V	1840744	77
V	1840891	70
V	1841046	7
V	1841200	103
V	1841366	50
V	1841514	161
V	1841674	9
V	1841823	9
V	1841977	50
V	1842127	79
V	1842275	9
V	1842423	58
V	1842562	53
V	1842711	77
V	1842860	14
V	1843011	9
V	1843165	9
V	1843305	7
V	1843444	164
V	1843605	79
V	1843748	7
V	1843900	9
V	1844055	79
V	1844199	14
V	1844348	161
V	1844509	50
V	1844663	77
V	1844810	14
V	1844965	66
V	1845113	14
V	1845257	79
V	1845411	79
V	1845556	71
V	1845701	7
V	1845848	9
V	1846000	53
V	1846145	50
V	1846298	50
V	1846453	64
V	1846600	9
V	1846749	77
V	1846903	79
V	1847053	77
V	1847197	7
V	1847350	9
V	1847506	9
V	1847655	79
V	1847800	77
V	1847946	9
V	1848094	9
V	1848237	164
V	1848408	9
V	1848562	7
V	1848718	64
V	1848867	9
V	1849015	179
V	1849179	9
V	1849332	9
V	1849479	58
V	1849629	58
V	1849777	77
V	1849929	9
V	1850073	79
V	1850222	64
V	1850370	77
V	1850518	8
V	1850675	79
V	1850821	50
V	1850966	7
V	1851117	66
V	1851263	7
V	1851409	50
V	1851560	14
V	1851705	50
V	1851856	64
V	1852003	79
V	1852150	9
V	1852299	50
V	1852452	50
V	1852594	58
V	1852745	7
V	1852892	9
V	1853043	179
V	1853202	7
V	1853354	50
V	1853511	20
V	1853658	50
V	1853807	77
V	1853954	14
V	1854098	14
V	1854249	14
V	1854403	58
V	1854552	9
V	1854701	58
V	1854852	9
V	1855003	14
V	1855152	77
V	1855298	9
V	1855449	9
V	1855602	7
V	1855759	50
V	1855902	9
V	1856051	9
V	1856204	9
V	1856354	79
V	1856506	50
V	1856658	9
V	1856801	58
V	1856952	14
V	1857104	77
V	1857257	179
V	1857418	19
V	1857563	9
V	1857708	79
V	1857854	64
V	1858003	9
V	1858147	14
V	1858294	9
V	1858446	53
V	1858590	7
V	1858734	9
V	1858892	79
V	1859041	85
V	1859203	9
V	1859357	9
V	1859508	77
V	1859659	79
V	1859805	70
V	1859976	9
V	1860120	58
V	1860266	79
V	1860420	7
V	1860570	53
V	1860714	70
V	1860860	9
V	1861011	19
V	1861159	9
V	1861310	79
V	1861463	9
V	1861617	161
V	1861782	14
V	1861924	9
V	1862072	50
V	1862223	9
V	1862375	19
V	1862528	50
V	1862678	7
V	1862828	50
V	1862981	9
V	1863133	9
V	1863278	163
V	1863439	70
V	1863590	58
V	1863739	58
V	1863882	103
V	1864052	9
V	1864205	79
V	1864354	50
V	1864504	79
V	1864655	79
V	1864804	7
V	1864945	177
V	1865106	58
V	1865260	9
V	1865407	9
V	1865557	9
V	1865711	20
V	1865853	79
V	1866004	79
V	1866152	7
V	1866294	58
V	1866443	9
V	1866597	9
V	1866742	39
V	1866889	50
V	1867041	14
V	1867193	9
V	1867345	14
V	1867492	14
V	1867640	79
V	1867792	7
V	1867937	50
V	1868088	77
V	1868241	14
V	1868394	79
V	1868542	9
V	1868696	9
V	1868847	79
V	1868993	9
V	1869142	14
V	1869287	164
V	1869466	58
V	1869607	14
V	1869763	9
V	1869912	9
V	1870061	161
V	1870219	9
V	1870368	19
V	1870511	161
V	1870673	79
V	1870827	50
V	1870981	9
V	1871136	77
V	1871288	14
V	1871443	64
V	1871589	50
V	1871739	9
V	1871888	14
V	1872036	14
V	1872184	9
V	1872334	9
V	1872479	9
V	1872630	85
V	1872776	53
V	1872923	58
V	1873072	79
V	1873219	79
V	1873372	50
V	1873525	20
V	1873694	58
V	1873847	179
V	1874016	9
V	1874165	161
V	1874323	9
V	1874476	53
V	1874635	50
V	1874784	9
V	1874933	145
V	1875091	19
V	1875242	7
V	1875389	9
V	1875534	66
V	1875682	58
V	1875830	77
V	1875979	58
V	1876128	164
V	1876302	14
V	1876452	79
V	1876602	7
V	1876755	58
V	1876903	79
V	1877056	7
V	1877207	161
V	1877366	58
V	1877511	9
V	1877665	7
V	1877815	9
V	1877966	7
V	1878114	77
V	1878260	66
V	1878413	14
V	1878572	14
V	1878727	79
V	1878870	9
V	1879023	9
V	1879171	79
V	1879317	64
V	1879469	7
V	1879614	77
V	1879759	50
V	1879910	14
V	1880059	9
V	1880210	177
V	1880381	9
V	1880531	64
V	1880679	66
V	1880824	8
V	1880967	50
V	1881116	58
V	1881258	9
V	1881413	9
V	1881564	14
V	1881705	70
V	1881860	14
V	1882011	9
V	1882160	79
V	1882308	9
V	1882454	77
V	1882601	9
V	1882749	9
V	1882900	9
V	1883046	77
V	1883197	14
V	1883360	9
V	1883504	20
V	1883657	77
V	1883803	79
V	1883956	79
V	1884096	79
V	1884252	58
V	1884403	64
V	1884554	143
V	1884707	7
V	1884861	70
V	1885037	20
V	1885179	14
V	1885338	9
V	1885482	9
V	1885633	77
V	1885782	9
V	1885931	9
V	1886081	9
V	1886234	9
V	1886388	53
V	1886536	9
V	1886689	70
V	1886832	77
V	1886977	58
V	1887125	79
V	1887273	7
V	1887417	14
V	1887571	9
V	1887725	9
V	1887869	14
V	1888024	9
V	1888177	7
V	1888318	19
V	1888467	9
V	1888610	9
V	1888757	79
V	1888903	9
V	1889048	50
V	1889201	161
V	1889362	79
V	1889515	70
V	1889667	7
V	1889812	7
V	1889955	79
V	1890107	50
V	1890259	9
V	1890408	14
V	1890558	179
V	1890733	9
V	1890884	77
V	1891033	58
V	1891182	9
V	1891329	14
V	1891478	8
V	1891631	14
V	1891788	50
V	1891935	9
V	1892086	7
V	1892227	77
V	1892378	161
V	1892534	77
V	1892687	9
V	1892840	20
V	1892982	50
V	1893139	9
V	1893294	180
V	1893449	79
V	1893602	143
V	1893766	77
V	1893912	50
V	1894068	64
V	1894215	179
V	1894396	8
V	1894543	79
V	1894698	50
V	1894845	9
V	1894998	79
V	1895144	77
V	1895298	50
V	1895437	179
V	1895595	79
V	1895744	9
V	1895900	50
V	1896052	20
V	1896199	79
V	1896352	9
V	1896497	77
V	1896645	9
V	1896796	58
V	1896942	70
V	1897093	50
V	1897242	9
V	1897396	179
V	1897561	50
V	1897711	9
V	1897855	50
V	1898007	79
V	1898152	79
V	1898299	9
V	1898448	70
V	1898605	50
V	1898751	58
V	1898902	20
V	1899055	7
V	1899199	58
V	1899344	19
V	1899499	177
V	1899661	7
V	1899816	9
V	1899969	79
V	1900116	64
V	1900264	14
V	1900416	58
V	1900562	161
V	1900723	9
V	1900871	7
V	1901024	79
V	1901173	161
V	1901343	79
V	1901492	50
V	1901643	70
V	1901788	19
V	1901937	7
V	1902088	177
V	1902248	58
V	1902399	7
V	1902540	64
V	1902685	9
V	1902839	14
V	1902994	9
V	1903140	9
V	1903290	14
V	1903435	50
V	1903586	79
V	1903730	50
V	1903887	58
V	1904033	178
V	1904194	50
V	1904351	77
V	1904498	64
V	1904645	79
V	1904793	64
V	1904944	9
V	1905097	161
V	1905256	50
V	1905399	9
V	1905550	70
V	1905722	24
V	1905868	79
V	1906015	77
V	1906165	9
V	1906312	79
V	1906463	7
V	1906610	9
V	1906756	77
V	1906906	79
V	1907054	14
V	1907205	9
V	1907350	14
V	1907502	14
V	1907656	70
V	1907796	64
V	1907947	53
V	1908092	9
V	1908238	7
V	1908386	8
V	1908532	178
V	1908704	79
V	1908856	79
V	1909001	164
V	1909168	70
V	1909318	7
V	1909466	58
V	1909613	9
V	1909760	14
V	1909910	7
V	1910059	161
V	1910220	9
V	1910370	9
V	1910524	9
V	1910679	9
V	1910833	145
V	1910996	64
V	1911147	7
V	1911294	14
V	1911437	19
V	1911585	9
V	1911732	79
V	1911882	9
V	1912027	103
V	1912194	9
V	1912343	58
V	1912493	14
V	1912636	161
V	1912792	50
V	1912942	9
V	1913091	181
V	1913265	77
V	1913425	9
V	1913575	7
V	1913722	9
V	1913872	79
V	1914023	53
V	1914165	77
V	1914315	50
V	1914464	58
V	1914611	8
V	1914765	9
V	1914913	79
V	1915061	9
V	1915208	50
V	1915359	14
V	1915505	79
V	1915656	9
V	1915815	9
V	1915966	7
V	1916117	50
V	1916267	9
V	1916422	64
V	1916577	9
V	1916729	179
V	1916891	77
V	1917038	14
V	1917189	9
V	1917340	77
V	1917486	9
V	1917634	77
V	1917782	9
V	1917931	9
V	1918084	53
V	1918237	79
V	1918384	77
V	1918535	64
V	1918686	178
V	1918855	19
V	1919009	79
V	1919155	79
V	1919300	64
V	1919452	79
V	1919599	53
V	1919745	53
V	1919901	14
V	1920044	9
V	1920188	58
V	1920340	14
V	1920489	7
V	1920636	64
V	1920787	77
V	1920939	79
V	1921085	9
V	1921239	50
V	1921387	79
V	1921535	20
V	1921678	79
V	1921830	7
V	1921980	58
V	1922131	177
V	1922306	164
V	1922465	9
V	1922613	64
V	1922765	9
V	1922913	145
V	1923074	9
V	1923224	9
V	1923375	9
V	1923519	161
V	1923676	14
V	1923828	58
V	1923972	79
V	1924118	50
V	1924269	9
V	1924415	77
V	1924562	79
V	1924716	9
V	1924868	131
V	1925029	79
V	1925180	64
V	1925330	145
V	1925502	58
V	1925652	179
V	1925829	50
V	1925984	79
V	1926137	79
V	1926288	50
V	1926441	9
V	1926592	9
V	1926742	9
V	1926890	50
V	1927037	50
V	1927189	7
V	1927340	50
V	1927484	58
V	1927630	166
V	1927798	66
V	1927941	14
V	1928085	19
V	1928234	50
V	1928385	9
V	1928533	9
V	1928685	9
V	1928831	50
V	1928979	14
V	1929131	79
V	1929279	9
V	1929425	7
V	1929575	50
V	1929720	9
V	1929873	9
V	1930022	7
V	1930177	58
V	1930324	50
V	1930477	64
V	1930628	9
V	1930780	79
V	1930928	79
V	1931075	9
V	1931223	66
V	1931373	9
V	1931522	50
V	1931676	7
V	1931822	14
V	1931968	58
V	1932112	179
V	1932274	9
V	1932421	14
V	1932570	9
V	1932715	9
V	1932861	20
V	1933006	145
V	1933161	7
V	1933314	7
V	1933460	14
V	1933613	70
V	1933761	9
V	1933913	9
V	1934068	166
V	1934235	161
V	1934395	79
V	1934547	9
V	1934700	14
V	1934851	64
V	1935001	58
V	1935152	14
V	1935303	50
V	1935456	20
V	1935602	181
V	1935760	7
V	1935908	9
V	1936055	50
V	1936203	79
V	1936353	50
V	1936501	9
V	1936644	53
V	1936796	9
V	1936946	179
V	1937105	9
V	1937256	58
V	1937409	161
V	1937570	50
V	1937723	14
V	1937874	79
V	1938025	9
V	1938177	9
V	1938329	9
V	1938480	77
V	1938629	79
V	1938780	79
V	1938924	164
V	1939086	14
V	1939233	66
V	1939379	77
V	1939526	58
V	1939682	79
V	1939835	79
V	1939982	179
V	1940144	50
V	1940288	14
V	1940433	7
V	1940578	53
V	1940731	14
V	1940887	9
V	1941037	79
V	1941194	14
V	1941351	9
V	1941510	66
V	1941661	8
V	1941811	9
V	1941961	53
V	1942107	64
V	1942257	179
V	1942417	79
V	1942559	9
V	1942713	7
V	1942863	9
V	1943014	14
V	1943178	7
V	1943324	77
V	1943476	7
V	1943619	14
V	1943761	161
V	1943926	50
V	1944074	66
V	1944219	14
V	1944376	9
V	1944525	79
V	1944674	79
V	1944820	9
V	1944970	9
V	1945120	14
V	1945261	58
V	1945409	79
V	1945557	66
V	1945707	58
V	1945857	9
V	1946005	7
V	1946163	14
V	1946315	14
V	1946468	58
V	1946617	7
V	1946762	14
V	1946908	9
V	1947053	50
V	1947202	9
V	1947350	70
V	1947499	64
V	1947653	79
V	1947804	19
V	1947948	9
V	1948102	58
V	1948249	7
V	1948397	9
V	1948551	79
V	1948702	79
V	1948851	20
V	1948991	19
V	1949147	7
V	1949299	9
V	1949455	131
V	1949619	77
V	1949770	79
V	1949916	50
V	1950071	9
V	1950218	7
V	1950368	8
V	1950513	9
V	1950665	50
V	1950818	58
V	1950969	77
V	1951119	145
V	1951281	9
V	1951428	9
V	1951576	50
V	1951725	79
V	1951876	79
V	1952032	178
V	1952197	79
V	1952350	19
V	1952496	7
V	1952650	161
V	1952808	58
V	1952959	7
V	1953106	8
V	1953252	79
V	1953395	9
V	1953551	58
V	1953707	164
V	1953869	70
V	1954017	8
V	1954169	14
V	1954318	7
V	1954473	8
V	1954627	79
V	1954780	9
V	1954926	77
V	1955073	53
V	1955219	9
V	1955367	9
V	1955520	9
V	1955668	50
V	1955819	9
V	1955967	79
V	1956117	64
V	1956269	9
V	1956422	58
V	1956573	9
V	1956724	161
V	1956886	9
V	1957036	103
V	1957203	50
V	1957349	19
V	1957503	177
V	1957668	145
V	1957838	64
V	1957993	19
V	1958136	77
V	1958282	7
V	1958435	9
V	1958587	9
V	1958736	19
V	1958883	7
V	1959032	145
V	1959199	64
V	1959352	58
V	1959504	161
V	1959675	14
V	1959831	9
V	1959984	9
V	1960135	14
V	1960280	77
V	1960428	14
V	1960586	70
V	1960743	79
V	1960895	79
V	1961043	14
V	1961194	79
V	1961342	77
V	1961495	64
V	1961647	19
V	1961814	50
V	1961963	14
V	1962111	20
V	1962257	58
V	1962404	7
V	1962551	7
V	1962697	50
V	1962847	145
V	1963008	79
V	1963161	9
V	1963315	9
V	1963462	7
V	1963612	7
V	1963757	14
V	1963908	79
V	1964055	64
V	1964203	50
V	1964354	7
V	1964505	8
V	1964660	79
V	1964815	9
V	1964967	77
V	1965118	58
V	1965268	58
V	1965420	79
V	1965570	20
V	1965716	7
V	1965861	79
V	1966008	77
V	1966153	14
V	1966304	79
V	1966453	179
V	1966617	8
V	1966769	9
V	1966924	9
V	1967073	7
V	1967217	20
V	1967370	8
V	1967531	77
V	1967680	9
V	1967831	50
V	1967983	50
V	1968130	9
V	1968273	64
V	1968422	77
V	1968567	58
V	1968718	14
V	1968874	9
V	1969027	77
V	1969173	66
V	1969320	71
V	1969469	77
V	1969613	77
V	1969761	9
V	1969911	7
V	1970061	14
V	1970209	9
V	1970359	7
V	1970507	9
V	1970660	9
V	1970815	9
V	1970965	7
V	1971115	14
V	1971270	53
V	1971412	58
V	1971559	79
V	1971709	179
V	1971871	14
V	1972014	8
V	1972161	20
V	1972309	9
V	1972464	7
V	1972607	20
V	1972751	70
V	1972908	79
V	1973059	77
V	1973208	19
V	1973359	14
V	1973507	14
V	1973666	9
V	1973813	14
V	1973966	9
V	1974118	9
V	1974264	19
V	1974405	180
V	1974568	7
V	1974722	50
V	1974878	7
V	1975028	9
V	1975178	79
V	1975334	79
V	1975484	14
V	1975627	161
V	1975793	7
V	1975944	7
V	1976099	9
V	1976252	7
V	1976407	58
V	1976555	79
V	1976705	9
V	1976855	79
V	1977000	50
V	1977151	58
V	1977303	79
V	1977453	9
V	1977607	9
V	1977764	58
V	1977919	19
V	1978072	177
V	1978236	58
V	1978385	9
V	1978531	50
V	1978671	14
V	1978826	70
V	1978978	64
V	1979131	79
V	1979283	79
V	1979428	9
V	1979582	64
V	1979725	117
V	1979886	79
V	1980037	9
V	1980186	50
V	1980339	64
V	1980486	50
V	1980635	64
V	1980784	9
V	1980929	179
V	1981092	9
V	1981242	77
V	1981390	9
V	1981537	7
V	1981687	161
V	1981859	79
V	1982009	66
V	1982159	9
V	1982317	77
V	1982465	9
V	1982617	178
V	1982776	9
V	1982928	14
V	1983073	9
V	1983223	79
V	1983369	58
V	1983520	14
V	1983664	14
V	1983818	9
V	1983965	77
V	1984115	9
V	1984266	164
V	1984426	9
V	1984574	9
V	1984722	70
V	1984869	50
V	1985018	143
V	1985182	19
V	1985325	8
V	1985478	50
V	1985626	14
V	1985769	64
V	1985918	50
V	1986074	9
V	1986227	9
V	1986382	66
V	1986534	9
V	1986677	14
V	1986827	7
V	1986978	7
V	1987127	7
V	1987276	14
V	1987425	9
V	1987579	14
V	1987721	9
V	1987869	9
V	1988023	70
V	1988168	77
V	1988317	7
V	1988460	9
V	1988608	9
V	1988761	117
V	1988925	9
V	1989072	7
V	1989221	14
V	1989375	9
V	1989520	9
V	1989675	9
V	1989832	179
V	1990006	79
V	1990159	79
V	1990309	9
V	1990458	14
V	1990610	9
V	1990755	181
V	1990918	20
V	1991060	50
V	1991206	50
V	1991357	77
V	1991505	14
V	1991647	7
V	1991791	9
V	1991941	50
V	1992093	145
V	1992276	161
V	1992431	79
V	1992581	14
V	1992733	79
V	1992885	77
V	1993030	20
V	1993178	178
V	1993358	9
V	1993505	50
V	1993655	58
V	1993805	7
V	1993948	58
V	1994091	79
V	1994238	9
V	1994389	19
V	1994539	7
V	1994681	14
V	1994824	79
V	1994983	79
V	1995133	79
V	1995285	9
V	1995429	79
V	1995578	178
V	1995746	9
V	1995894	9
V	1996043	50
V	1996186	79
V	1996335	9
V	1996482	14
V	1996632	77
V	1996775	50
V	1996925	14
V	1997073	7
V	1997225	14
V	1997376	14
V	1997537	9
V	1997683	50
V	1997829	50
V	1997983	79
V	1998136	9
V	1998287	19
V	1998430	79
V	1998584	9
V	1998730	77
V	1998877	19
V	1999020	77
V	1999169	77
V	1999318	9
V	1999467	79
V	1999622	9
V	1999771	9
V	1999922	9
V	2000067	64
V	2000216	164
V	2000389	14
V	2000542	178
V	2000705	164
V	2000883	7
V	2001028	79
V	2001181	79
V	2001330	70
V	2001483	50
V	2001635	9
V	2001788	9
V	2001938	58
V	2002086	50
V	2002239	50
V	2002380	79
V	2002528	9
V	2002672	58
V	2002825	161
V	2002990	19
V	2003137	179
V	2003321	64
V	2003463	9
V	2003615	7
V	2003759	58
V	2003913	7
V	2004065	14
V	2004216	9
V	2004367	9
V	2004514	71
V	2004663	70
V	2004810	53
V	2004960	9
V	2005109	9
V	2005254	7
V	2005402	7
V	2005553	50
V	2005702	9
V	2005846	14
V	2005995	79
V	2006144	64
V	2006294	79
V	2006443	50
V	2006593	7
V	2006746	9
V	2006895	53
V	2007052	58
V	2007197	79
V	2007350	50
V	2007501	7
V	2007647	9
V	2007802	9
V	2007957	14
V	2008110	77
V	2008252	50
V	2008398	58
V	2008548	58
V	2008698	64
V	2008847	50
V	2008997	161
V	2009164	71
V	2009311	9
V	2009462	50
V	2009614	177
V	2009789	9
V	2009947	77
V	2010092	14
V	2010242	64
V	2010390	50
V	2010544	58
V	2010696	9
V	2010848	50
V	2010997	9
V	2011147	9
V	2011298	161
V	2011459	9
V	2011615	71
V	2011761	7
V	2011911	14
V	2012060	79
V	2012213	9
V	2012363	9
V	2012516	145
V	2012678	9
V	2012824	9
V	2012972	9
V	2013124	14
V	2013277	79
V	2013419	77
V	2013563	58
V	2013714	79
V	2013859	7
V	2014013	79
V	2014160	131
V	2014329	14
V	2014473	9
V	2014623	58
V	2014772	178
V	2014945	58
V	2015094	79
V	2015247	9
V	2015390	7
V	2015531	9
V	2015676	7
V	2015827	14
V	2015983	58
V	2016126	50
V	2016276	50
V	2016434	79
V	2016591	9
V	2016736	14
V	2016886	9
V	2017035	77
V	2017185	178
V	2017347	9
V	2017491	9
V	2017645	9
V	2017797	9
V	2017953	9
V	2018101	66
V	2018248	9
V	2018400	8
V	2018550	50
V	2018704	9
V	2018855	177
V	2019042	79
V	2019190	14
V	2019341	161
V	2019500	9
V	2019647	64
V	2019796	14
V	2019942	58
V	2020088	9
V	2020245	7
V	2020400	9
V	2020553	9
V	2020704	64
V	2020857	20
V	2021020	145
V	2021190	64
V	2021347	161
V	2021507	58
V	2021661	79
V	2021811	53
V	2021955	179
V	2022118	9
V	2022269	9
V	2022420	20
V	2022576	64
V	2022728	70
V	2022873	70
V	2023018	14
V	2023165	64
V	2023318	58
V	2023469	14
V	2023621	14
V	2023781	79
V	2023921	79
V	2024070	14
V	2024219	20
V	2024363	53
V	2024510	14
V	2024658	77
V	2024805	9
V	2024952	79
V	2025104	50
V	2025247	58
V	2025394	14
V	2025540	70
V	2025686	14
V	2025837	7
V	2025989	64
V	2026141	79
V	2026292	19
V	2026439	7
V	2026592	14
V	2026740	7
V	2026889	50
V	2027041	53
V	2027194	79
V	2027343	9
V	2027500	9
V	2027648	50
V	2027798	58
V	2027951	58
V	2028100	79
V	2028246	9
V	2028396	19
V	2028553	79
V	2028700	9
V	2028854	9
V	2029009	177
V	2029170	14
V	2029329	14
V	2029477	9
V	2029626	9
V	2029776	50
V	2029926	9
V	2030070	9
V	2030221	14
V	2030367	77
V	2030513	14
V	2030663	58
V	2030812	79
V	2030966	70
V	2031117	9
V	2031265	9
V	2031418	79
V	2031571	50
V	2031719	9
V	2031868	14
V	2032014	19
V	2032160	79
V	2032304	50
V	2032450	58
V	2032600	145
V	2032760	9
V	2032908	50
V	2033052	14
V	2033206	9
V	2033361	70
V	2033518	14
V	2033678	50
V	2033837	161
V	2033991	58
V	2034142	7
V	2034288	9
V	2034432	50
V	2034583	50
V	2034731	14
V	2034875	79
V	2035028	9
V	2035180	58
V	2035327	9
V	2035476	9
V	2035631	79
V	2035786	64
V	2035936	7
V	2036082	70
V	2036230	14
V	2036387	9
V	2036538	14
V	2036691	145
V	2036858	7
V	2037015	14
V	2037165	79
V	2037314	9
V	2037469	77
V	2037623	9
V	2037774	14
V	2037927	7
V	2038069	79
V	2038219	64
V	2038369	77
V	2038526	64
V	2038672	161
V	2038837	64
V	2038988	79
V	2039141	9
V	2039294	20
V	2039460	70
V	2039616	53
V	2039764	9
V	2039916	77
V	2040071	77
V	2040216	7
V	2040361	7
V	2040508	14
V	2040656	9
V	2040803	19
V	2040954	77
V	2041109	79
V	2041256	50
V	2041410	66
V	2041557	64
V	2041709	179
V	2041875	14
V	2042022	14
V	2042173	70
V	2042325	50
V	2042472	79
V	2042616	14
V	2042765	64
V	2042914	70
V	2043063	9
V	2043213	79
V	2043359	79
V	2043512	79
V	2043659	161
V	2043821	58
V	2043968	50
V	2044122	77
V	2044276	14
V	2044424	14
V	2044578	14
V	2044727	9
V	2044871	64
V	2045017	70
V	2045166	9
V	2045313	50
V	2045465	50
V	2045618	77
V	2045769	19
V	2045916	64
V	2046068	79
V	2046213	79
V	2046365	64
V	2046512	58
V	2046659	178
V	2046830	66
V	2046981	9
V	2047133	9
V	2047279	79
V	2047427	58
V	2047580	79
V	2047729	7
V	2047880	50
V	2048032	50
V	2048181	14
V	2048334	9
V	2048478	9
V	2048626	79
V	2048773	14
V	2048920	163
V	2049087	64
V	2049238	9
V	2049392	58
V	2049543	66
V	2049689	9
V	2049838	14
V	2049981	9
V	2050128	9
V	2050273	14
V	2050422	9
V	2050577	7
V	2050731	58
V	2050877	70
V	2051026	50
V	2051177	9
V	2051333	177
V	2051494	14
V	2051647	9
V	2051797	14
V	2051943	77
V	2052088	58
V	2052238	9
V	2052385	7
V	2052532	53
V	2052681	79
V	2052831	79
V	2052977	79
V	2053130	77
V	2053284	7
V	2053435	14
V	2053578	14
V	2053729	179
V	2053892	7
V	2054035	79
V	2054181	9
V	2054328	163
V	2054493	79
V	2054640	163
V	2054811	79
V	2054968	50
V	2055126	70
V	2055265	50
V	2055419	53
V	2055568	9
V	2055717	14
V	2055857	9
V	2056001	9
V	2056150	20
V	2056300	79
V	2056448	14
V	2056600	14
V	2056749	79
V	2056897	53
V	2057047	7
V	2057202	58
V	2057347	161
V	2057509	9
V	2057655	50
V	2057798	19
V	2057942	50
V	2058090	14
V	2058240	8
V	2058385	8
V	2058526	163
V	2058699	9
V	2058850	164
V	2059021	9
V	2059171	14
V	2059325	58
V	2059474	70
V	2059625	9
V	2059774	79
V	2059923	9
V	2060070	9
V	2060222	50
V	2060377	64
V	2060525	79
V	2060673	64
V	2060820	79
V	2060973	50
V	2061125	9
V	2061279	9
V	2061429	9
V	2061578	14
V	2061728	79
V	2061876	58
V	2062029	77
V	2062177	58
V	2062323	79
V	2062469	14
V	2062620	79
V	2062764	9
V	2062903	9
V	2063053	79
V	2063200	161
V	2063362	79
V	2063511	145
V	2063676	14
V	2063832	19
V	2063982	9
V	2064132	66
V	2064278	178
V	2064442	9
V	2064594	14
V	2064742	9
V	2064887	9
V	2065034	58
V	2065187	58
V	2065338	14
V	2065488	9
V	2065637	9
V	2065787	79
V	2065935	9
V	2066087	9
V	2066232	50
V	2066383	77
V	2066530	79
V	2066678	7
V	2066835	79
V	2066988	14
V	2067139	9
V	2067292	9
V	2067447	9
V	2067594	14
V	2067744	7
V	2067892	145
V	2068065	7
V	2068209	50
V	2068362	58
V	2068506	9
V	2068657	79
V	2068804	9
V	2068955	75
V	2069109	14
V	2069263	180
V	2069424	64
V	2069570	161
V	2069730	9
V	2069881	14
V	2070031	7
V	2070181	50
V	2070331	9
V	2070481	7
V	2070631	50
V	2070781	79
V	2070928	9
V	2071077	9
V	2071217	14
V	2071361	50
V	2071509	7
V	2071659	74
V	2071811	9
V	2071968	9
V	2072119	9
V	2072267	64
V	2072418	177
V	2072593	50
V	2072746	79
V	2072894	7
V	2073041	14
V	2073196	9
V	2073349	77
V	2073496	64
V	2073644	79
V	2073799	9
V	2073946	19
V	2074091	58
V	2074240	53
V	2074386	79
V	2074535	9
V	2074688	70
V	2074841	9
V	2074992	79
V	2075145	14
V	2075298	70
V	2075452	164
V	2075622	14
V	2075770	145
V	2075934	9
V	2076088	14
V	2076242	64
V	2076392	9
V	2076543	7
V	2076695	77
V	2076843	9
V	2076998	50
V	2077147	8
V	2077299	64
V	2077447	14
V	2077594	9
V	2077743	77
V	2077895	58
V	2078046	9
V	2078190	58
V	2078344	9
V	2078497	14
V	2078649	64
V	2078799	7
V	2078948	9
V	2079096	79
V	2079250	7
V	2079404	7
V	2079553	14
V	2079709	70
V	2079859	14
V	2080007	79
V	2080159	7
V	2080307	50
V	2080463	9
V	2080613	9
V	2080762	77
V	2080908	58
V	2081054	50
V	2081211	7
V	2081362	79
V	2081512	14
V	2081664	9
V	2081813	14
V	2081960	79
V	2082104	7
V	2082254	70
V	2082397	7
V	2082538	79
V	2082683	20
V	2082831	14
V	2082981	54
V	2083135	20
V	2083277	145
V	2083437	9
V	2083581	9
V	2083733	9
V	2083885	145
V	2084046	50
V	2084197	7
V	2084349	58
V	2084494	9
V	2084649	77
V	2084804	9
V	2084953	164
V	2085123	161
V	2085285	50
V	2085431	145
V	2085588	7
V	2085734	7
V	2085879	177
V	2086041	9
V	2086191	79
V	2086342	64
V	2086495	7
V	2086647	53
V	2086802	66
V	2086948	20
V	2087108	179
V	2087274	7
V	2087419	58
V	2087570	20
V	2087716	66
V	2087860	58
V	2088014	20
V	2088165	79
V	2088316	14
V	2088466	77
V	2088618	19
V	2088773	50
V	2088926	177
V	2089090	50
V	2089241	177
V	2089402	9
V	2089556	14
V	2089702	79
V	2089852	9
V	2090003	19
V	2090148	9
V	2090298	79
V	2090451	58
V	2090599	77
V	2090746	79
V	2090893	14
V	2091037	58
V	2091189	8
V	2091336	50
V	2091491	9
V	2091643	14
V	2091795	79
V	2091946	77
V	2092091	64
V	2092243	58
V	2092395	58
V	2092548	178
V	2092704	79
V	2092858	79
V	2093003	50
V	2093155	79
V	2093303	166
V	2093473	180
V	2093631	9
V	2093777	20
V	2093922	7
V	2094068	77
V	2094225	50
V	2094373	14
V	2094519	7
V	2094667	9
V	2094818	166
V	2094985	9
V	2095142	14
V	2095292	70
V	2095438	7
V	2095579	14
V	2095738	9
V	2095888	79
V	2096037	14
V	2096198	14
V	2096349	53
V	2096497	179
V	2096660	50
V	2096806	9
V	2096953	8
V	2097105	50
V	2097255	9
V	2097408	14
V	2097562	14
V	2097710	7
V	2097861	50
V	2098018	7
V	2098166	79
V	2098310	79
V	2098461	50
V	2098604	7
V	2098751	77
V	2098900	58
V	2099043	7
V	2099189	14
V	2099344	9
V	2099491	79
V	2099639	9
V	2099786	50
V	2099943	145
V	2100105	9
V	2100254	14
V	2100403	64
V	2100551	9
V	2100706	79
V	2100854	19
V	2101013	9
V	2101160	77
V	2101309	9
V	2101452	64
V	2101602	14
V	2101745	9
V	2101893	79
V	2102042	9
V	2102190	20
V	2102332	79
V	2102480	145
V	2102654	7
V	2102805	79
V	2102952	161
V	2103112	9
V	2103253	19
V	2103405	9
V	2103555	9
V	2103707	79
V	2103854	19
V	2104006	177
V	2104182	164
V	2104345	70
V	2104491	14
V	2104632	179
V	2104798	79
V	2104943	64
V	2105094	14
V	2105247	79
V	2105394	9
V	2105544	14
V	2105697	79
V	2105842	14
V	2105996	9
V	2106144	64
V	2106293	7
V	2106442	14
V	2106592	7
V	2106744	9
V	2106898	79
V	2107047	70
V	2107193	14
V	2107353	66
V	2107498	58
V	2107648	8
V	2107804	14
V	2107945	14
V	2108089	9
V	2108239	161
V	2108411	9
V	2108559	77
V	2108708	79
V	2108862	9
V	2109012	9
V	2109158	9
V	2109309	77
V	2109457	58
V	2109604	64
V	2109759	79
V	2109912	9
V	2110066	77
V	2110220	79
V	2110368	179
V	2110533	14
V	2110689	50
V	2110837	14
V	2110990	145
V	2111160	14
V	2111312	79
V	2111463	71
V	2111601	14
V	2111751	9
V	2111900	14
V	2112046	77
V	2112193	9
V	2112350	177
V	2112524	178
V	2112702	9
V	2112857	79
V	2113006	14
V	2113159	14
V	2113306	14
V	2113460	77
V	2113605	77
V	2113754	70
V	2113907	9
V	2114061	79
V	2114209	9
V	2114353	19
V	2114503	14
V	2114652	79
V	2114795	79
V	2114941	9
V	2115095	14
V	2115246	7
V	2115397	9
V	2115545	77
V	2115693	9
V	2115840	14
V	2115984	9
V	2116135	14
V	2116291	79
V	2116440	79
V	2116593	14
V	2116748	9
V	2116902	14
V	2117050	14
V	2117210	79
V	2117357	66
V	2117511	9
V	2117659	9
V	2117809	77
V	2117959	77
V	2118109	14
V	2118261	14
V	2118421	53
V	2118567	53
V	2118713	9
V	2118860	9
V	2119014	53
V	2119163	9
V	2119312	20
V	2119468	14
V	2119619	14
V	2119768	9
V	2119915	70
V	2120072	7
V	2120222	179
V	2120398	50
V	2120551	79
V	2120703	79
V	2120849	20
V	2120992	7
V	2121132	58
V	2121280	9
V	2121421	14
V	2121567	50
V	2121716	58
V	2121873	64
V	2122022	9
V	2122171	7
V	2122325	66
V	2122470	9
V	2122617	66
V	2122762	50
V	2122909	7
V	2123065	53
V	2123212	14
V	2123365	9
V	2123521	9
V	2123666	9
V	2123816	64
V	2123966	7
V	2124113	9
V	2124258	9
V	2124401	14
V	2124550	9
V	2124698	79
V	2124844	77
V	2124991	50
V	2125149	70
V	2125307	14
V	2125460	9
V	2125610	7
V	2125749	64
V	2125900	9
V	2126057	53
V	2126214	9
V	2126367	70
V	2126511	9
V	2126662	14
V	2126814	9
V	2126965	179
V	2127132	64
V	2127283	164
V	2127446	9
V	2127591	161
V	2127747	58
V	2127898	79
V	2128043	7
V	2128190	9
V	2128350	58
V	2128500	8
V	2128643	58
V	2128793	8
V	2128940	79
V	2129086	9
V	2129238	58
V	2129384	14
V	2129534	9
V	2129684	53
V	2129832	79
V	2129979	79
V	2130127	9
V	2130275	9
V	2130429	77
V	2130582	9
V	2130734	7
V	2130886	9
V	2131039	9
V	2131189	53
V	2131335	178
V	2131500	179
V	2131666	7
V	2131819	58
V	2131967	178
V	2132140	14
V	2132292	14
V	2132445	79
V	2132602	79
V	2132756	77
V	2132907	70
V	2133075	7
V	2133229	77
V	2133376	79
V	2133529	7
V	2133680	9
V	2133828	179
V	2133988	14
V	2134148	58
V	2134298	50
V	2134454	77
V	2134608	79
V	2134761	50
V	2134913	79
V	2135062	8
V	2135210	79
V	2135356	161
V	2135519	9
V	2135671	7
V	2135818	79
V	2135968	9
V	2136116	161
V	2136273	9
V	2136427	7
V	2136572	70
V	2136726	161
V	2136884	19
V	2137028	77
V	2137176	9
V	2137322	79
V	2137472	77
V	2137613	179
V	2137779	9
V	2137929	9
V	2138080	177
V	2138240	7
V	2138398	50
V	2138545	178
V	2138705	79
V	2138854	14
V	2139009	14
V	2139158	9
V	2139312	77
V	2139463	9
V	2139617	64
V	2139769	14
V	2139909	9
V	2140053	9
V	2140203	53
V	2140347	9
V	2140503	79
V	2140650	19
V	2140798	9
V	2140947	9
V	2141100	9
V	2141255	181
V	2141421	9
V	2141568	64
V	2141720	9
V	2141868	77
V	2142022	79
V	2142167	164
V	2142328	9
V	2142476	64
V	2142623	9
V	2142774	9
V	2142927	50
V	2143077	77
V	2143229	9
V	2143373	79
V	2143522	50
V	2143669	9
V	2143818	7
V	2143973	14
V	2144132	77
V	2144288	71
V	2144434	7
V	2144581	179
V	2144741	79
V	2144888	20
V	2145045	50
V	2145193	9
V	2145341	181
V	2145495	145
V	2145654	58
V	2145801	79
V	2145947	9
V	2146094	50
V	2146240	179
V	2146403	9
V	2146556	9
V	2146710	14
V	2146862	19
V	2147011	70
V	2147160	7
V	2147316	14
V	2147466	9
V	2147618	50
V	2147760	53
V	2147901	7
V	2148047	143
V	2148218	77
V	2148376	77
V	2148524	9
V	2148673	9
V	2148819	9
V	2148963	177
V	2149122	9
V	2149269	9
V	2149417	64
V	2149574	9
V	2149729	7
V	2149872	64
V	2150025	9
V	2150169	19
V	2150314	9
V	2150462	143
V	2150617	20
V	2150764	103
V	2150931	9
V	2151080	50
V	2151233	9
V	2151381	14
V	2151525	64
V	2151674	14
V	2151823	58
V	2151971	50
V	2152126	9
V	2152282	164
V	2152440	77
V	2152591	70
V	2152736	58
V	2152888	178
V	2153047	164
V	2153215	79
V	2153367	9
V	2153516	50
V	2153670	9
V	2153821	50
V	2153971	50
V	2154117	9
V	2154269	77
V	2154416	20
V	2154565	64
V	2154720	53
V	2154864	64
V	2155016	9
V	2155163	9
V	2155316	50
V	2155466	14
V	2155622	79
V	2155771	14
V	2155919	9
V	2156064	7
V	2156210	50
V	2156360	58
V	2156507	14
V	2156659	9
V	2156809	178
V	2156974	79
V	2157125	50
V	2157272	66
V	2157417	9
V	2157567	58
V	2157717	9
V	2157862	9
V	2158013	179
V	2158175	50
V	2158326	50
V	2158480	58
V	2158623	64
V	2158773	179
V	2158932	14
V	2159075	50
V	2159224	7
V	2159367	9
V	2159517	77
V	2159672	20
V	2159834	14
V	2159976	79
V	2160132	9
V	2160287	77
V	2160430	64
V	2160580	58
V	2160728	64
V	2160878	19
V	2161025	79
V	2161174	58
V	2161323	9
V	2161477	8
V	2161621	9
V	2161771	79
V	2161922	9
V	2162073	58
V	2162224	9
V	2162378	164
V	2162548	79
V	2162695	161
V	2162857	9
V	2163002	70
V	2163166	50
V	2163319	9
V	2163478	64
V	2163626	9
V	2163773	9
V	2163927	8
V	2164074	9
V	2164223	64
V	2164370	9
V	2164527	77
V	2164681	9
V	2164829	70
V	2164977	9
V	2165130	7
V	2165276	70
V	2165423	145
V	2165589	58
V	2165735	79
V	2165883	50
V	2166035	77
V	2166194	64
V	2166343	7
V	2166496	14
V	2166646	9
V	2166794	9
V	2166940	64
V	2167085	77
V	2167232	14
V	2167384	14
V	2167531	58
V	2167683	64
V	2167833	9
V	2167983	9
V	2168139	131
V	2168307	79
V	2168456	9
V	2168605	9
V	2168752	77
V	2168899	50
V	2169051	178
V	2169215	71
V	2169358	9
V	2169503	9
V	2169649	77
V	2169808	9
V	2169958	77
V	2170099	53
V	2170240	64
V	2170393	79
V	2170542	50
V	2170684	7
V	2170830	77
V	2170978	19
V	2171129	70
V	2171278	64
V	2171429	9
V	2171583	19
V	2171726	9
V	2171881	50
V	2172030	14
V	2172178	14
V	2172332	9
V	2172481	9
V	2172627	9
V	2172777	9
V	2172919	77
V	2173076	9
V	2173228	77
V	2173372	14
V	2173524	20
V	2173669	9
V	2173818	7
V	2173963	7
V	2174113	161
V	2174278	79
V	2174425	19
V	2174572	8
V	2174716	77
V	2174864	53
V	2175017	9
V	2175166	58
V	2175315	7
V	2175464	14
V	2175616	7
V	2175766	179
V	2175929	7
V	2176082	9
V	2176230	77
V	2176377	64
V	2176534	9
V	2176686	64
V	2176839	77
V	2176984	50
V	2177128	71
V	2177274	77
V	2177420	64
V	2177577	71
V	2177724	9
V	2177875	77
V	2178031	14
V	2178180	77
V	2178323	9
V	2178475	79
V	2178619	79
V	2178770	64
V	2178922	50
V	2179068	64
V	2179213	50
V	2179359	14
V	2179509	7
V	2179664	50
V	2179817	9
V	2179967	71
V	2180114	58
V	2180264	14
V	2180418	9
V	2180566	9
V	2180715	9
V	2180861	7
V	2181003	145
V	2181166	9
V	2181318	79
V	2181471	19
V	2181627	50
V	2181770	77
V	2181919	14
V	2182069	53
V	2182215	7
V	2182371	58
V	2182518	50
V	2182669	79
V	2182816	77
V	2182965	9
V	2183124	14
V	2183267	66
V	2183408	9
V	2183558	58
V	2183707	8
V	2183859	64
V	2184009	9
V	2184162	7
V	2184308	77
V	2184452	77
V	2184597	19
V	2184742	9
V	2184895	70
V	2185041	9
V	2185198	9
V	2185343	7
V	2185490	179
V	2185650	6
V	2185799	50
V	2185953	9
V	2186102	9
V	2186253	9
V	2186403	9
V	2186557	50
V	2186717	7
V	2186865	14
V	2187012	180
V	2187173	50
V	2187329	9
V	2187481	7
V	2187626	77
V	2187776	66
V	2187924	64
V	2188072	19
V	2188233	79
V	2188386	50
V	2188535	64
V	2188682	9
V	2188834	64
V	2188989	8
V	2189141	14
V	2189291	161
V	2189456	58
V	2189609	20
V	2189760	14
V	2189911	180
V	2190066	79
V	2190218	14
V	2190371	9
V	2190521	79
V	2190678	79
V	2190834	14
V	2190978	178
V	2191151	58
V	2191301	77
V	2191455	58
V	2191608	7
V	2191755	164
V	2191916	50
V	2192067	145
V	2192236	14
V	2192389	7
V	2192534	79
V	2192684	79
V	2192836	77
V	2192987	58
V	2193135	79
V	2193283	77
V	2193431	7
V	2193580	9
V	2193725	79
V	2193876	9
V	2194031	117
V	2194197	179
V	2194371	9
V	2194528	161
V	2194690	53
V	2194834	9
V	2194979	71
V	2195125	9
V	2195279	7
V	2195432	9
V	2195577	64
V	2195720	53
V	2195870	79
V	2196018	7
V	2196168	77
V	2196321	64
V	2196470	77
V	2196615	14
V	2196769	79
V	2196914	19
V	2197074	9
V	2197226	9
V	2197375	50
V	2197522	64
V	2197674	79
V	2197820	9
V	2197965	79
V	2198110	9
V	2198261	7
V	2198414	58
V	2198563	77
V	2198709	9
V	2198862	64
V	2199012	50
V	2199161	79
V	2199307	9
V	2199458	79
V	2199601	77
V	2199753	9
V	2199903	14
V	2200052	20
V	2200196	9
V	2200344	14
V	2200498	7
V	2200635	79
V	2200782	9
V	2200936	71
V	2201077	50
V	2201228	9
V	2201379	50
V	2201526	14
V	2201674	79
V	2201822	20
V	2201977	9
V	2202136	8
V	2202278	7
V	2202426	64
V	2202582	9
V	2202733	145
V	2202891	161
V	2203051	9
V	2203203	9
V	2203353	64
V	2203508	53
V	2203652	9
V	2203803	7
V	2203956	50
V	2204111	9
V	2204257	79
V	2204406	161
V	2204571	64
V	2204729	179
V	2204888	9
V	2205032	53
V	2205181	14
V	2205332	161
V	2205494	7
V	2205645	166
V	2205816	50
V	2205967	8
V	2206108	79
V	2206259	64
V	2206410	161
V	2206569	179
V	2206730	79
V	2206873	9
V	2207021	50
V	2207166	7
V	2207312	9
V	2207468	9
V	2207621	9
V	2207769	7
V	2207915	9
V	2208061	14
V	2208211	9
V	2208358	14
V	2208503	9
V	2208652	9
V	2208805	9
V	2208958	9
V	2209110	117
V	2209275	7
V	2209421	58
V	2209575	64
V	2209720	7
V	2209872	70
V	2210018	14
V	2210174	9
V	2210330	50
V	2210477	14
V	2210625	178
V	2210799	79
V	2210948	79
V	2211101	70
V	2211265	58
V	2211411	9
V	2211561	50
V	2211714	58
V	2211863	14
V	2212014	58
V	2212159	131
V	2212321	14
V	2212478	50
V	2212627	50
V	2212774	77
V	2212924	9
V	2213067	9
V	2213212	58
V	2213367	77
V	2213516	58
V	2213666	85
V	2213822	14
V	2213972	9
V	2214114	77
V	2214261	9
V	2214412	70
V	2214563	79
V	2214711	14
V	2214868	9
V	2215014	9
V	2215157	50
V	2215307	64
V	2215454	9
V	2215602	79
V	2215746	161
V	2215909	79
V	2216055	64
V	2216211	19
V	2216362	50
V	2216515	64
V	2216665	9
V	2216815	14
V	2216967	20
V	2217119	8
V	2217268	20
V	2217413	161
V	2217573	9
V	2217717	161
V	2217882	79
V	2218036	9
V	2218184	64
V	2218332	79
V	2218478	7
V	2218620	58
V	2218773	58
V	2218927	9
V	2219080	53
V	2219229	9
V	2219380	14
V	2219535	79
V	2219690	79
V	2219830	53
V	2219973	9
V	2220122	178
V	2220297	70
V	2220440	7
V	2220589	9
V	2220741	163
V	2220922	70
V	2221074	77
V	2221218	9
V	2221370	85
V	2221517	14
V	2221667	70
V	2221817	9
V	2221971	19
V	2222121	70
V	2222268	179
V	2222436	14
V	2222590	161
V	2222762	9
V	2222909	50
V	2223056	7
V	2223202	7
V	2223348	7
V	2223503	66
V	2223651	66
V	2223804	14
V	2223952	71
V	2224098	14
V	2224249	7
V	2224392	164
V	2224562	14
V	2224705	53
V	2224846	9
V	2224993	9
V	2225140	164
V	2225313	53
V	2225462	8
V	2225612	50
V	2225767	50
V	2225924	9
V	2226074	14
V	2226223	9
V	2226372	50
V	2226524	9
V	2226674	58
V	2226823	79
V	2226966	79
V	2227114	66
V	2227265	79
V	2227411	58
V	2227560	70
V	2227710	14
V	2227856	77
V	2228004	9
V	2228154	64
V	2228304	71
V	2228452	58
V	2228600	9
V	2228756	7
V	2228909	58
V	2229057	179
V	2229215	9
V	2229358	9
V	2229508	70
V	2229656	7
V	2229805	79
V	2229951	181
V	2230112	9
V	2230257	50
V	2230408	19
V	2230552	50
V	2230704	58
V	2230852	58
V	2231010	66
V	2231151	7
V	2231295	79
V	2231445	70
V	2231590	14
V	2231732	79
V	2231882	9
V	2232031	7
V	2232177	9
V	2232321	50
V	2232473	19
V	2232622	77
V	2232778	7
V	2232927	58
V	2233075	79
V	2233232	50
V	2233385	180
V	2233544	79
V	2233699	50
V	2233853	7
V	2234004	50
V	2234157	79
V	2234301	8
V	2234451	9
V	2234600	14
V	2234756	9
V	2234906	79
V	2235059	14
V	2235206	14
V	2235355	7
V	2235502	79
V	2235654	9
V	2235803	179
V	2235983	180
V	2236144	58
V	2236293	9
V	2236446	14
V	2236595	58
V	2236746	50
V	2236897	9
V	2237054	9
V	2237199	166
V	2237368	145
V	2237538	145
V	2237697	19
V	2237852	79
V	2238003	14
V	2238154	7
V	2238315	19
V	2238459	9
V	2238608	161
V	2238775	66
V	2238927	77
V	2239076	9
V	2239229	8
V	2239375	179
V	2239545	179
V	2239723	19
V	2239884	9
V	2240030	143
V	2240191	15
V	2240345	79
V	2240492	79
V	2240642	14
V	2240789	9
V	2240946	20
V	2241088	64
V	2241232	7
V	2241371	7
V	2241522	20
V	2241676	66
V	2241821	14
V	2241969	7
V	2242115	14
V	2242265	14
V	2242414	79
V	2242564	19
V	2242707	9
V	2242858	14
V	2243006	9
V	2243151	9
V	2243305	79
V	2243450	66
V	2243595	79
V	2243741	14
V	2243897	79
V	2244042	9
V	2244187	161
V	2244352	14
V	2244504	7
V	2244647	9
V	2244796	50
V	2244946	50
V	2245089	9
V	2245244	14
V	2245389	14
V	2245534	77
V	2245692	79
V	2245839	9
V	2245984	9
V	2246127	79
V	2246278	50
V	2246427	9
V	2246582	7
V	2246727	7
V	2246875	50
V	2247029	19
V	2247191	20
V	2247336	53
V	2247485	9
V	2247636	50
V	2247789	79
V	2247942	66
V	2248085	9
V	2248236	79
V	2248387	7
V	2248535	161
V	2248696	7
V	2248841	14
V	2248992	79
V	2249143	161
V	2249310	7
V	2249461	53
V	2249627	64
V	2249782	14
V	2249931	50
V	2250083	77
V	2250230	9
V	2250380	79
V	2250528	77
V	2250676	79
V	2250830	161
V	2251003	79
V	2251151	53
V	2251326	66
V	2251472	7
V	2251624	19
V	2251779	58
V	2251928	19
V	2252077	50
V	2252223	9
V	2252378	79
V	2252530	20
V	2252673	179
V	2252847	66
V	2252998	50
V	2253144	9
V	2253290	179
V	2253451	161
V	2253618	7
V	2253765	14
V	2253913	79
V	2254062	58
V	2254207	7
V	2254361	9
V	2254514	19
V	2254661	70
V	2254812	9
V	2254960	9
V	2255107	50
V	2255255	7
V	2255401	50
V	2255551	9
V	2255701	145
V	2255869	9
V	2256013	9
V	2256161	9
V	2256313	9
V	2256463	7
V	2256604	9
V	2256752	19
V	2256904	53
V	2257050	145
V	2257212	14
V	2257358	7
V	2257512	50
V	2257668	79
V	2257817	9
V	2257965	79
V	2258115	9
V	2258269	79
V	2258421	53
V	2258565	9
V	2258718	79
V	2258868	64
V	2259019	7
V	2259162	9
V	2259311	53
V	2259455	163
V	2259633	7
V	2259776	79
V	2259924	14
V	2260071	50
V	2260225	79
V	2260370	19
V	2260519	7
V	2260670	9
V	2260817	77
V	2260970	7
V	2261114	50
V	2261263	7
V	2261407	79
V	2261560	166
V	2261725	53
V	2261882	79
V	2262032	9
V	2262176	9
V	2262322	50
V	2262474	79
V	2262619	53
V	2262770	7
V	2262926	50
V	2263078	70
V	2263221	7
V	2263377	9
V	2263527	9
V	2263680	145
V	2263849	58
V	2263999	77
V	2264146	58
V	2264292	50
V	2264444	66
V	2264592	9
V	2264743	79
V	2264889	131
V	2265056	79
V	2265202	50
V	2265356	14
V	2265500	9
V	2265652	77
V	2265799	9
V	2265947	64
V	2266097	179
V	2266255	161
V	2266416	9
V	2266572	9
V	2266719	70
V	2266881	79
V	2267027	58
V	2267178	9
V	2267324	71
V	2267464	7
V	2267607	7
V	2267759	79
V	2267910	14
V	2268062	50
V	2268206	179
V	2268387	79
V	2268533	7
V	2268683	14
V	2268832	50
V	2268983	77
V	2269139	77
V	2269289	77
V	2269438	9
V	2269590	64
V	2269741	7
V	2269892	58
V	2270036	9
V	2270187	7
V	2270338	145
V	2270512	7
V	2270665	79
V	2270809	9
V	2270960	66
V	2271106	9
V	2271260	53
V	2271410	9
V	2271557	9
V	2271710	9
V	2271857	77
V	2272001	9
V	2272150	20
V	2272299	9
V	2272447	79
V	2272597	179
V	2272760	9
V	2272913	14
V	2273060	53
V	2273210	58
V	2273361	9
V	2273512	71
V	2273665	161
V	2273817	50
V	2273970	9
V	2274122	178
V	2274305	179
V	2274467	19
V	2274624	14
V	2274770	163
V	2274935	64
V	2275087	14
V	2275230	66
V	2275375	14
V	2275523	50
V	2275676	19
V	2275828	50
V	2275980	7
V	2276139	9
V	2276291	53
V	2276441	9
V	2276595	70
V	2276744	166
V	2276909	20
V	2277062	50
V	2277211	7
V	2277361	14
V	2277514	79
V	2277663	58
V	2277823	14
V	2277971	79
V	2278114	50
V	2278269	64
V	2278420	79
V	2278569	58
V	2278715	53
V	2278884	9
V	2279032	50
V	2279179	64
V	2279329	9
V	2279476	9
V	2279628	14
V	2279781	14
V	2279922	9
V	2280075	14
V	2280227	9
V	2280382	7
V	2280530	14
V	2280688	9
V	2280837	58
V	2280986	58
V	2281132	9
V	2281280	7
V	2281429	66
V	2281571	9
V	2281716	79
V	2281858	8
V	2282004	7
V	2282152	79
V	2282305	64
V	2282453	14
V	2282600	161
V	2282757	58
V	2282913	9
V	2283068	14
V	2283217	7
V	2283369	9
V	2283520	64
V	2283671	9
V	2283822	64
V	2283975	79
V	2284126	70
V	2284277	70
V	2284445	77
V	2284592	7
V	2284746	14
V	2284901	9
V	2285054	79
V	2285201	14
V	2285350	161
V	2285512	145
V	2285675	50
V	2285826	20
V	2285971	14
V	2286125	7
V	2286278	178
V	2286441	50
V	2286589	64
V	2286741	161
V	2286899	9
V	2287052	7
V	2287202	14
V	2287361	14
V	2287504	145
V	2287659	50
V	2287808	9
V	2287956	9
V	2288110	50
V	2288262	50
V	2288415	64
V	2288566	50
V	2288713	58
V	2288866	145
V	2289040	9
V	2289193	9
V	2289344	79
V	2289493	79
V	2289639	9
V	2289789	7
V	2289936	64
V	2290086	161
V	2290249	79
V	2290399	177
V	2290559	9
V	2290715	19
V	2290859	9
V	2291010	14
V	2291165	7
V	2291319	161
V	2291477	53
V	2291638	64
V	2291788	9
V	2291931	79
V	2292086	9
V	2292237	79
V	2292380	9
V	2292528	161
V	2292681	9
V	2292828	7
V	2292974	50
V	2293126	50
V	2293277	58
V	2293423	50
V	2293571	164
V	2293738	161
V	2293898	9
V	2294047	64
V	2294193	14
V	2294346	50
V	2294509	50
V	2294657	9
V	2294802	79
V	2294956	9
V	2295098	50
V	2295249	58
V	2295401	9
V	2295548	50
V	2295704	7
V	2295859	19
V	2296003	7
V	2296151	66
V	2296295	7
V	2296448	9
V	2296604	77
V	2296760	50
V	2296909	178
V	2297070	79
V	2297229	20
V	2297381	9
V	2297534	58
V	2297685	50
V	2297839	20
V	2297985	50
V	2298137	7
V	2298287	179
V	2298451	9
V	2298594	9
V	2298744	77
V	2298891	9
V	2299048	131
V	2299212	14
V	2299361	64
V	2299507	14
V	2299657	79
V	2299811	179
V	2299970	9
V	2300117	14
V	2300268	9
V	2300423	64
V	2300575	58
V	2300722	9
V	2300870	20
V	2301013	79
V	2301164	79
V	2301310	9
V	2301462	9
V	2301610	53
V	2301756	79
V	2301908	53
V	2302058	7
V	2302196	7
V	2302341	79
V	2302494	178
V	2302654	64
V	2302806	14
V	2302954	70
V	2303103	7
V	2303261	64
V	2303411	14
V	2303562	58
V	2303711	14
V	2303861	8
V	2304010	58
V	2304158	178
V	2304321	9
V	2304469	79
V	2304620	164
V	2304803	77
V	2304952	145
V	2305122	9
V	2305272	14
V	2305418	77
V	2305567	145
V	2305730	58
V	2305884	7
V	2306029	161
V	2306190	64
V	2306337	20
V	2306513	79
V	2306657	79
V	2306811	77
V	2306962	9
V	2307117	9
V	2307264	50
V	2307419	9
V	2307562	79
V	2307707	79
V	2307855	64
V	2308006	50
V	2308163	161
V	2308330	9
V	2308484	19
V	2308631	9
V	2308786	64
V	2308937	79
V	2309080	181
V	2309237	9
V	2309386	50
V	2309536	9
V	2309684	178
V	2309848	14
V	2310001	58
V	2310152	50
V	2310305	178
V	2310469	79
V	2310616	9
V	2310764	79
V	2310913	14
V	2311063	20
V	2311206	14
V	2311348	7
V	2311499	58
V	2311649	14
V	2311804	7
V	2311951	79
V	2312097	9
V	2312243	9
V	2312397	50
V	2312550	79
V	2312699	9
V	2312848	14
V	2313005	53
V	2313147	58
V	2313295	9
V	2313440	7
V	2313592	50
V	2313742	9
V	2313892	79
V	2314042	14
V	2314195	79
V	2314347	14
V	2314504	9
V	2314656	70
V	2314800	9
V	2314958	14
V	2315106	145
V	2315268	9
V	2315420	9
V	2315567	20
V	2315713	9
V	2315861	50
V	2316011	79
V	2316166	14
V	2316313	79
V	2316463	9
V	2316613	7
V	2316762	7
V	2316908	79
V	2317056	50
V	2317212	9
V	2317361	14
V	2317506	9
V	2317657	9
V	2317808	50
V	2317960	79
V	2318111	79
V	2318267	64
V	2318415	145
V	2318576	7
V	2318727	9
V	2318881	14
V	2319024	79
V	2319174	14
V	2319321	9
V	2319470	64
V	2319621	14
V	2319764	50
V	2319918	50
V	2320069	64
V	2320219	50
V	2320369	19
V	2320522	64
V	2320667	7
V	2320822	64
V	2320976	14
V	2321126	79
V	2321276	50
V	2321416	9
V	2321569	9
V	2321718	9
V	2321867	9
V	2322017	14
V	2322171	9
V	2322320	79
V	2322471	50
V	2322614	79
V	2322763	7
V	2322918	20
V	2323071	79
V	2323218	9
V	2323368	7
V	2323525	50
V	2323672	14
V	2323816	9
V	2323966	14
V	2324121	9
V	2324270	14
V	2324429	58
V	2324586	14
V	2324740	50
V	2324890	64
V	2325038	50
V	2325188	64
V	2325336	14
V	2325484	79
V	2325639	9
V	2325789	9
V	2325936	14
V	2326098	14
V	2326247	179
V	2326414	9
V	2326567	9
V	2326718	14
V	2326870	9
V	2327024	64
V	2327170	9
V	2327325	50
V	2327472	14
V	2327625	79
V	2327775	77
V	2327924	14
V	2328070	9
V	2328220	79
V	2328369	58
V	2328523	14
V	2328669	161
V	2328830	9
V	2328985	9
V	2329139	50
V	2329288	9
V	2329435	79
V	2329589	179
V	2329758	53
V	2329905	58
V	2330059	50
V	2330213	77
V	2330362	7
V	2330508	14
V	2330669	9
V	2330818	9
V	2330974	64
V	2331123	161
V	2331287	164
V	2331449	177
V	2331610	58
V	2331755	64
V	2331901	178
V	2332061	64
V	2332210	58
V	2332367	19
V	2332511	77
V	2332657	9
V	2332806	64
V	2332955	20
V	2333100	9
V	2333247	66
V	2333392	64
V	2333540	79
V	2333697	161
V	2333856	145
V	2334039	79
V	2334187	7
V	2334341	163
V	2334510	14
V	2334660	70
V	2334802	9
V	2334952	9
V	2335098	50
V	2335245	7
V	2335391	79
V	2335537	14
V	2335687	79
V	2335839	9
V	2335990	71
V	2336134	7
V	2336280	9
V	2336431	9
V	2336578	9
V	2336728	19
V	2336874	14
V	2337026	53
V	2337169	79
V	2337321	50
V	2337472	7
V	2337620	9
V	2337770	50
V	2337922	7
V	2338071	77
V	2338218	14
V	2338362	64
V	2338508	14
V	2338657	9
V	2338807	9
V	2338954	50
V	2339099	177
V	2339259	79
V	2339403	14
V	2339549	14
V	2339694	50
V	2339842	166
V	2340012	14
V	2340163	79
V	2340319	9
V	2340472	14
V	2340621	161
V	2340793	20
V	2340940	64
V	2341094	50
V	2341241	14
V	2341398	9
V	2341549	50
V	2341694	64
V	2341841	9
V	2341993	179
V	2342159	64
V	2342312	9
V	2342465	14
V	2342610	58
V	2342761	14
V	2342916	161
V	2343076	79
V	2343223	14
V	2343371	9
V	2343522	79
V	2343667	14
V	2343813	58
V	2343966	145
V	2344128	7
V	2344273	9
V	2344421	9
V	2344571	50
V	2344720	50
V	2344864	9
V	2345021	179
V	2345199	9
V	2345349	64
V	2345500	9
V	2345650	14
V	2345808	9
V	2345958	14
V	2346107	79
V	2346257	58
V	2346402	70
V	2346564	77
V	2346707	14
V	2346858	9
V	2347011	14
V	2347165	64
V	2347315	9
V	2347468	64
V	2347618	9
V	2347766	7
V	2347913	14
V	2348057	14
V	2348204	178
V	2348378	178
V	2348555	50
V	2348701	7
V	2348849	177
V	2349010	19
V	2349165	19
V	2349317	14
V	2349465	77
V	2349610	9
V	2349760	145
V	2349931	9
V	2350072	14
V	2350224	50
V	2350379	79
V	2350533	166
V	2350710	58
V	2350859	50
V	2351011	7
V	2351149	9
V	2351299	70
V	2351443	50
V	2351600	9
V	2351746	79
V	2351893	79
V	2352039	7
V	2352193	77
V	2352346	14
V	2352494	79
V	2352649	9
V	2352800	9
V	2352947	58
V	2353099	58
V	2353250	79
V	2353402	79
V	2353554	14
V	2353703	77
V	2353857	70
V	2354003	9
V	2354157	9
V	2354313	9
V	2354468	53
V	2354609	79
V	2354763	50
V	2354916	79
V	2355067	50
V	2355219	7
V	2355371	50
V	2355525	50
V	2355678	79
V	2355828	79
V	2355975	50
V	2356129	79
V	2356284	7
V	2356436	19
V	2356587	145
V	2356754	79
V	2356911	58
V	2357056	66
V	2357201	9
V	2357347	9
V	2357496	79
V	2357648	14
V	2357805	71
V	2357947	9
V	2358095	9
V	2358245	70
V	2358395	70
V	2358551	58
V	2358700	50
V	2358852	14
V	2359002	58
V	2359157	9
V	2359305	77
V	2359452	14
V	2359600	9
V	2359754	79
V	2359906	58
V	2360053	19
V	2360201	50
V	2360354	9
V	2360508	79
V	2360659	77
V	2360806	9
V	2360953	9
V	2361101	7
V	2361248	58
V	2361398	9
V	2361548	14
V	2361708	9
V	2361857	7
V	2362003	58
V	2362151	9
V	2362306	7
V	2362448	66
V	2362596	161
V	2362756	103
V	2362922	14
V	2363073	79
V	2363219	79
V	2363368	9
V	2363518	50
V	2363670	8
V	2363808	79
V	2363955	53
V	2364107	64
V	2364257	179
V	2364427	9
V	2364575	70
V	2364723	77
V	2364869	161
V	2365025	20
V	2365170	7
V	2365324	79
V	2365478	58
V	2365627	20
V	2365780	7
V	2365927	9
V	2366077	50
V	2366228	9
V	2366375	161
V	2366533	64
V	2366681	14
V	2366834	79
V	2366985	53
V	2367130	79
V	2367273	8
V	2367422	131
V	2367585	64
V	2367736	79
V	2367883	9
V	2368028	14
V	2368176	79
V	2368328	14
V	2368475	79
V	2368623	66
V	2368770	19
V	2368915	9
V	2369064	14
V	2369218	9
V	2369375	77
V	2369520	9
V	2369672	9
V	2369826	9
V	2369977	8
V	2370122	179
V	2370285	79
V	2370431	14
V	2370577	14
V	2370731	77
V	2370879	79
V	2371026	79
V	2371176	7
V	2371325	79
V	2371473	9
V	2371623	9
V	2371778	70
V	2371928	9
V	2372077	9
V	2372230	9
V	2372382	79
V	2372531	9
V	2372681	77
V	2372829	9
V	2372982	180
V	2373140	79
V	2373292	70
V	2373439	9
V	2373590	19
V	2373737	79
V	2373884	9
V	2374034	14
V	2374182	9
V	2374332	9
V	2374483	14
V	2374629	71
V	2374774	58
V	2374925	9
V	2375074	14
V	2375220	14
V	2375368	9
V	2375512	9
V	2375658	7
V	2375810	9
V	2375962	7
V	2376116	178
V	2376291	50
V	2376441	9
V	2376591	9
V	2376747	14
V	2376896	14
V	2377041	58
V	2377197	7
V	2377345	50
V	2377499	50
V	2377645	9
V	2377795	9
V	2377949	143
V	2378107	64
V	2378261	58
V	2378408	64
V	2378562	58
V	2378710	50
V	2378864	20
V	2379018	8
V	2379163	50
V	2379316	9
V	2379466	64
V	2379612	9
V	2379765	8
V	2379914	9
V	2380065	14
V	2380210	9
V	2380360	7
V	2380513	9
V	2380661	9
V	2380816	50
V	2380964	9
V	2381120	14
V	2381273	77
V	2381420	7
V	2381571	9
V	2381716	50
V	2381862	9
V	2382014	9
V	2382161	9
V	2382311	14
V	2382463	9
V	2382613	79
V	2382760	79
V	2382905	24
V	2383065	50
V	2383214	20
V	2383360	7
V	2383508	77
V	2383656	181
V	2383817	79
V	2383969	7
V	2384121	79
V	2384267	77
V	2384420	9
V	2384572	64
V	2384723	58
V	2384875	58
V	2385026	79
V	2385177	14
V	2385327	14
V	2385472	70
V	2385621	9
V	2385773	70
V	2385914	9
V	2386059	9
V	2386204	7
V	2386348	9
V	2386490	161
V	2386646	50
V	2386802	9
V	2386957	163
V	2387118	9
V	2387269	77
V	2387422	7
V	2387567	50
V	2387720	9
V	2387872	14
V	2388021	77
V	2388169	77
V	2388315	19
V	2388464	9
V	2388620	79
V	2388773	179
V	2388946	9
V	2389101	9
V	2389253	14
V	2389399	77
V	2389550	9
V	2389706	19
V	2389851	77
V	2389997	79
V	2390142	19
V	2390285	14
V	2390433	79
V	2390586	14
V	2390733	53
V	2390874	50
V	2391025	9
V	2391169	179
V	2391331	9
V	2391480	8
V	2391628	58
V	2391779	77
V	2391931	14
V	2392078	14
V	2392228	50
V	2392382	9
V	2392529	79
V	2392670	58
V	2392820	50
V	2392967	58
V	2393121	58
V	2393272	164
V	2393450	9
V	2393598	19
V	2393757	53
V	2393902	71
V	2394046	79
V	2394190	82
V	2394337	117
V	2394499	79
V	2394647	50
V	2394797	79
V	2394942	50
V	2395090	9
V	2395238	79
V	2395389	161
V	2395542	14
V	2395694	14
V	2395846	8
V	2395993	64
V	2396146	53
V	2396290	70
V	2396434	50
V	2396585	177
V	2396749	58
V	2396898	9
V	2397043	14
V	2397198	14
V	2397354	50
V	2397504	79
V	2397652	50
V	2397803	178
V	2397975	79
V	2398126	50
V	2398282	19
V	2398428	7
V	2398573	64
V	2398721	9
V	2398877	9
V	2399029	50
V	2399180	70
V	2399326	164
V	2399495	58
V	2399647	58
V	2399799	79
V	2399945	103
V	2400114	9
V	2400269	50
V	2400413	9
V	2400566	79
V	2400717	70
V	2400865	7
V	2401007	7
V	2401157	50
V	2401307	161
V	2401464	64
V	2401613	9
V	2401762	64
V	2401916	161
V	2402074	9
V	2402224	9
V	2402372	53
V	2402525	64
V	2402674	178
V	2402839	9
V	2402985	14
V	2403141	9
V	2403294	71
V	2403444	66
V	2403588	9
V	2403741	7
V	2403883	19
V	2404028	53
V	2404175	64
V	2404323	20
V	2404477	70
V	2404631	64
V	2404780	14
V	2404923	14
V	2405071	179
V	2405230	178
V	2405401	79
V	2405546	70
V	2405691	9
V	2405843	50
V	2405991	9
V	2406145	9
V	2406292	64
V	2406438	58
V	2406587	7
V	2406732	9
V	2406884	77
V	2407034	9
V	2407183	58
V	2407330	79
V	2407478	161
V	2407643	79
V	2407795	9
V	2407944	8
V	2408083	79
V	2408230	79
V	2408373	58
V	2408523	9
V	2408673	9
V	2408825	58
V	2408977	9
V	2409122	20
V	2409269	9
V	2409417	58
V	2409566	66
V	2409712	161
V	2409874	79
V	2410016	20
V	2410168	9
V	2410318	50
V	2410466	9
V	2410622	164
V	2410797	7
V	2410942	77
V	2411094	9
V	2411244	14
V	2411392	79
V	2411538	50
V	2411692	9
V	2411843	79
V	2411986	79
V	2412132	50
V	2412284	9
V	2412434	179
V	2412591	71
V	2412733	8
V	2412883	9
V	2413039	14
V	2413189	9
V	2413346	178
V	2413507	79
V	2413653	64
V	2413811	79
V	2413962	53
V	2414112	9
V	2414269	7
V	2414421	77
V	2414578	9
V	2414723	9
V	2414873	9
V	2415024	9
V	2415176	79
V	2415323	14
V	2415478	161
V	2415638	9
V	2415784	77
V	2415935	103
V	2416111	58
V	2416265	9
V	2416410	9
V	2416560	14
V	2416711	9
V	2416862	19
V	2417019	9
V	2417173	58
V	2417322	14
V	2417473	177
V	2417646	79
V	2417791	58
V	2417944	70
V	2418092	50
V	2418248	79
V	2418401	14
V	2418554	58
V	2418703	77
V	2418857	9
V	2419006	9
V	2419153	50
V	2419302	9
V	2419454	9
V	2419602	64
V	2419744	9
V	2419888	58
V	2420038	177
V	2420209	50
V	2420362	9
V	2420520	9
V	2420673	9
V	2420827	50
V	2420972	70
V	2421119	79
V	2421262	79
V	2421411	14
V	2421565	9
V	2421717	9
V	2421868	145
V	2422034	9
V	2422186	9
V	2422339	9
V	2422492	79
V	2422643	70
V	2422792	7
V	2422939	9
V	2423083	77
V	2423236	77
V	2423385	145
V	2423542	9
V	2423695	177
V	2423861	7
V	2424009	14
V	2424156	14
V	2424311	58
V	2424463	145
V	2424627	79
V	2424774	79
V	2424922	79
V	2425077	14
V	2425233	9
V	2425386	64
V	2425531	66
V	2425681	50
V	2425830	179
V	2426006	20
V	2426153	7
V	2426306	66
V	2426454	7
V	2426609	145
V	2426776	19
V	2426928	79
V	2427081	64
V	2427234	77
V	2427382	79
V	2427531	178
V	2427707	79
V	2427858	14
V	2428009	7
V	2428156	161
V	2428321	9
V	2428471	179
V	2428632	79
V	2428784	50
V	2428938	9
V	2429088	70
V	2429233	77
V	2429373	71
V	2429521	79
V	2429668	8
V	2429820	79
V	2429970	180
V	2430127	58
V	2430279	71
V	2430427	14
V	2430577	50
V	2430729	64
V	2430880	14
V	2431033	77
V	2431178	9
V	2431322	64
V	2431475	164
V	2431655	58
V	2431807	58
V	2431958	9
V	2432112	66
V	2432254	79
V	2432399	50
V	2432537	9
V	2432689	64
V	2432833	70
V	2432978	50
V	2433130	79
V	2433283	8
V	2433428	79
V	2433581	53
V	2433735	58
V	2433885	77
V	2434035	14
V	2434181	179
V	2434344	9
V	2434502	178
V	2434662	9
V	2434814	64
V	2434965	14
V	2435115	9
V	2435267	9
V	2435416	71
V	2435565	36
V	2435714	145
V	2435888	161
V	2436044	9
V	2436197	9
V	2436341	79
V	2436487	14
V	2436641	14
V	2436787	70
V	2436928	19
V	2437091	70
V	2437246	179
V	2437413	9
V	2437562	145
V	2437733	14
V	2437884	77
V	2438032	9
V	2438182	66
V	2438335	9
V	2438487	9
V	2438637	58
V	2438790	58
V	2438941	77
V	2439095	9
V	2439240	117
V	2439415	50
V	2439565	50
V	2439709	64
V	2439853	77
V	2439998	9
V	2440150	79
V	2440297	50
V	2440447	179
V	2440618	79
V	2440771	177
V	2440958	64
V	2441109	19
V	2441266	77
V	2441414	8
V	2441562	177
V	2441727	14
V	2441874	7
V	2442026	7
V	2442176	64
V	2442324	64
V	2442476	70
V	2442628	50
V	2442777	20
V	2442919	66
V	2443062	79
V	2443209	79
V	2443357	53
V	2443501	7
V	2443648	20
V	2443805	79
V	2443951	79
V	2444099	77
V	2444253	77
V	2444400	20
V	2444547	9
V	2444697	70
V	2444845	79
V	2444989	79
V	2445144	77
V	2445291	85
V	2445434	178
V	2445610	9
V	2445759	7
V	2445909	9
V	2446060	145
V	2446243	58
V	2446393	77
V	2446538	14
V	2446684	66
V	2446827	9
V	2446976	14
V	2447134	9
V	2447281	19
V	2447423	79
V	2447572	131
V	2447739	9
V	2447891	14
V	2448047	179
V	2448208	77
V	2448354	7
V	2448503	9
V	2448653	9
V	2448804	50
V	2448954	79
V	2449109	9
V	2449255	64
V	2449408	50
V	2449560	79
V	2449704	9
V	2449854	7
V	2450005	9
V	2450154	20
V	2450296	70
V	2450446	178
V	2450613	145
V	2450786	79
V	2450932	53
V	2451082	178
V	2451255	58
V	2451406	79
V	2451555	14
V	2451708	9
V	2451856	9
V	2452003	79
V	2452156	66
V	2452304	58
V	2452448	14
V	2452600	161
V	2452762	177
V	2452937	70
V	2453087	7
V	2453233	14
V	2453380	77
V	2453528	79
V	2453687	9
V	2453834	58
V	2453986	70
V	2454126	178
V	2454291	77
V	2454435	70
V	2454591	79
V	2454743	77
V	2454889	70
V	2455035	9
V	2455182	7
V	2455327	14
V	2455479	7
V	2455628	145
V	2455785	9
V	2455936	50
V	2456093	9
V	2456242	14
V	2456395	64
V	2456544	70
V	2456698	79
V	2456847	53
V	2456994	79
V	2457140	79
V	2457291	20
V	2457444	7
V	2457593	64
V	2457741	179
V	2457907	14
V	2458057	7
V	2458210	9
V	2458359	70
V	2458500	50
V	2458656	9
V	2458810	66
V	2458952	9
V	2459104	79
V	2459260	9
V	2459408	7
V	2459558	53
V	2459705	14
V	2459856	7
V	2460009	161
V	2460167	64
V	2460319	14
V	2460474	79
V	2460620	58
V	2460769	161
V	2460932	50
V	2461081	161
V	2461243	9
V	2461398	58
V	2461542	9
V	2461693	79
V	2461845	14
V	2461996	9
V	2462150	9
V	2462308	58
V	2462459	50
V	2462610	7
V	2462764	50
V	2462916	178
V	2463077	9
V	2463226	9
V	2463373	9
V	2463521	14
V	2463670	9
V	2463815	77
V	2463967	161
V	2464128	14
V	2464285	79
V	2464437	9
V	2464580	66
V	2464730	79
V	2464882	64
V	2465032	53
V	2465181	9
V	2465333	77
V	2465479	50
V	2465629	77
V	2465773	79
V	2465924	14
V	2466073	50
V	2466226	9
V	2466380	9
V	2466528	20
V	2466681	79
V	2466830	79
V	2466976	79
V	2467120	58
V	2467275	19
V	2467419	9
V	2467572	9
V	2467722	14
V	2467872	19
V	2468016	58
V	2468163	79
V	2468309	79
V	2468457	79
V	2468604	79
V	2468753	66
V	2468901	9
V	2469056	77
V	2469209	9
V	2469357	7
V	2469505	20
V	2469649	9
V	2469804	64
V	2469955	9
V	2470107	66
V	2470262	7
V	2470408	14
V	2470562	9
V	2470710	7
V	2470858	177
V	2471024	7
V	2471169	7
V	2471315	9
V	2471468	9
V	2471621	9
V	2471772	8
V	2471917	9
V	2472065	79
V	2472210	7
V	2472357	177
V	2472525	50
V	2472681	7
V	2472829	66
V	2472973	79
V	2473123	53
V	2473267	79
V	2473417	64
V	2473572	64
V	2473725	9
V	2473873	14
V	2474023	66
V	2474174	19
V	2474315	58
V	2474464	9
V	2474616	9
V	2474761	14
V	2474915	70
V	2475074	79
V	2475230	9
V	2475376	50
V	2475521	64
V	2475674	14
V	2475831	7
V	2475976	77
V	2476128	14
V	2476276	7
V	2476433	164
V	2476610	161
V	2476782	14
V	2476926	79
V	2477076	179
V	2477237	14
V	2477388	9
V	2477540	9
V	2477690	50
V	2477839	7
V	2477981	14
V	2478133	79
V	2478286	20
V	2478442	7
V	2478588	79
V	2478733	14
V	2478880	9
V	2479032	163
V	2479197	7
V	2479351	50
V	2479503	9
V	2479651	9
V	2479798	14
V	2479947	64
V	2480096	77
V	2480244	66
V	2480397	9
V	2480542	70
V	2480688	9
V	2480838	79
V	2480985	166
V	2481148	79
V	2481294	9
V	2481439	179
V	2481601	58
V	2481749	14
V	2481897	9
V	2482043	177
V	2482208	143
V	2482370	177
V	2482531	7
V	2482676	64
V	2482825	9
V	2482974	79
V	2483122	145
V	2483291	58
V	2483442	50
V	2483588	179
V	2483748	161
V	2483906	14
V	2484055	7
V	2484199	14
V	2484343	14
V	2484498	77
V	2484645	66
V	2484794	9
V	2484947	79
V	2485098	9
V	2485248	70
V	2485401	79
V	2485549	50
V	2485699	14
V	2485851	9
V	2486001	7
V	2486150	53
V	2486303	14
V	2486455	9
V	2486610	77
V	2486757	9
V	2486910	7
V	2487055	177
V	2487226	50
V	2487374	53
V	2487521	79
V	2487669	14
V	2487823	9
V	2487976	9
V	2488129	9
V	2488279	9
V	2488429	14
V	2488580	79
V	2488732	7
V	2488880	9
V	2489030	79
V	2489178	14
V	2489326	14
V	2489483	20
V	2489627	14
V	2489776	9
V	2489926	8
V	2490073	64
V	2490223	79
V	2490371	79
V	2490525	9
V	2490676	64
V	2490832	50
V	2490977	79
V	2491127	50
V	2491277	7
V	2491424	7
V	2491565	79
V	2491717	9
V	2491873	77
V	2492023	181
V	2492179	58
V	2492324	58
V	2492475	70
V	2492619	19
V	2492763	50
V	2492912	64
V	2493058	71
V	2493202	79
V	2493349	9
V	2493492	161
V	2493655	79
V	2493802	79
V	2493947	178
V	2494116	14
V	2494261	179
V	2494439	50
V	2494586	79
V	2494737	64
V	2494888	58
V	2495039	143
V	2495210	177
V	2495397	79
V	2495549	7
V	2495695	7
V	2495848	79
V	2495999	14
V	2496151	9
V	2496297	58
V	2496444	77
V	2496586	64
V	2496732	53
V	2496873	14
V	2497029	7
V	2497179	64
V	2497334	8
V	2497473	9
V	2497625	131
V	2497783	14
V	2497937	9
V	2498085	9
V	2498229	178
V	2498398	77
V	2498549	177
V	2498711	9
V	2498863	64
V	2499012	79
V	2499158	7
V	2499313	9
V	2499462	77
V	2499608	66
V	2499755	9
V	2499911	14
V	2500064	177
V	2500238	58
V	2500386	79
V	2500535	70
V	2500685	9
V	2500835	131
V	2501000	79
V	2501152	66
V	2501294	9
V	2501446	9
V	2501600	163
V	2501765	79
V	2501913	64
V	2502067	14
V	2502217	50
V	2502360	19
V	2502508	50
V	2502656	77
V	2502804	50
V	2502956	53
V	2503104	164
V	2503277	9
V	2503429	77
V	2503584	14
V	2503733	14
V	2503889	20
V	2504033	77
V	2504183	7
V	2504332	58
V	2504475	58
V	2504624	64
V	2504774	79
V	2504923	9
V	2505071	7
V	2505214	70
V	2505366	145
V	2505524	14
V	2505677	161
V	2505834	9
V	2505979	79
V	2506132	8
V	2506283	77
V	2506427	145
V	2506601	9
V	2506748	64
V	2506899	14
V	2507053	77
V	2507209	50
V	2507363	7
V	2507508	77
V	2507653	71
V	2507801	79
V	2507947	77
V	2508093	9
V	2508244	9
V	2508389	79
V	2508540	77
V	2508688	50
V	2508836	9
V	2508982	7
V	2509130	179
V	2509293	19
V	2509441	7
V	2509591	53
V	2509734	14
V	2509880	161
V	2510047	145
V	2510213	50
V	2510360	50
V	2510505	14
V	2510662	14
V	2510807	50
V	2510956	66
V	2511109	14
V	2511257	9
V	2511407	19
V	2511556	53
V	2511698	53
V	2511843	14
V	2511992	145
V	2512157	79
V	2512299	79
V	2512450	9
V	2512602	77
V	2512749	53
V	2512893	64
V	2513041	7
V	2513197	9
V	2513341	53
V	2513486	9
V	2513632	9
V	2513783	161
V	2513948	50
V	2514102	7
V	2514249	177
V	2514426	14
V	2514584	9
V	2514736	50
V	2514882	9
V	2515036	161
V	2515201	7
V	2515346	9
V	2515490	58
V	2515645	9
V	2515793	70
V	2515940	77
V	2516091	6
V	2516241	9
V	2516395	179
V	2516558	9
V	2516704	14
V	2516858	79
V	2517010	20
V	2517153	9
V	2517294	79
V	2517444	58
V	2517592	14
V	2517740	9
V	2517897	9
V	2518044	145
V	2518208	79
V	2518360	14
V	2518507	79
V	2518662	58
V	2518811	70
V	2518956	14
V	2519109	20
V	2519253	7
V	2519400	77
V	2519557	79
V	2519706	179
V	2519869	9
V	2520025	79
V	2520172	9
V	2520319	9
V	2520472	9
V	2520621	7
V	2520777	50
V	2520930	7
V	2521083	9
V	2521234	70
V	2521382	50
V	2521536	14
V	2521688	79
V	2521840	9
V	2521989	77
V	2522142	9
V	2522299	64
V	2522442	58
V	2522596	9
V	2522756	164
V	2522926	14
V	2523082	79
V	2523236	161
V	2523401	50
V	2523558	9
V	2523710	79
V	2523862	64
V	2524010	179
V	2524188	9
V	2524340	7
V	2524488	64
V	2524645	50
V	2524804	79
V	2524951	79
V	2525100	20
V	2525242	58
V	2525397	79
V	2525546	66
V	2525697	7
V	2525843	145
V	2526003	161
V	2526160	164
V	2526323	50
V	2526470	20
V	2526618	7
V	2526769	79
V	2526923	79
V	2527071	64
V	2527226	14
V	2527384	79
V	2527536	70
V	2527692	79
V	2527839	64
V	2527989	14
V	2528140	77
V	2528292	9
V	2528444	64
V	2528596	64
V	2528748	7
V	2528889	9
V	2529039	9
V	2529190	79
V	2529342	50
V	2529499	7
V	2529650	7
V	2529803	14
V	2529955	50
V	2530105	7
V	2530247	163
V	2530411	9
V	2530566	9
V	2530718	9
V	2530868	58
V	2531014	9
V	2531167	77
V	2531320	9
V	2531473	9
V	2531622	9
V	2531776	20
V	2531924	19
V	2532072	64
V	2532222	14
V	2532375	77
V	2532529	7
V	2532680	9
V	2532826	9
V	2532976	143
V	2533137	9
V	2533290	77
V	2533441	7
V	2533589	14
V	2533733	79
V	2533884	79
V	2534036	70
V	2534178	9
V	2534334	9
V	2534480	50
V	2534632	9
V	2534780	9
V	2534928	79
V	2535078	53
V	2535224	7
V	2535374	7
V	2535527	64
V	2535674	14
V	2535831	161
V	2535994	79
V	2536143	14
V	2536300	77
V	2536459	14
V	2536606	71
V	2536753	161
V	2536909	20
V	2537056	53
V	2537203	14
V	2537350	9
V	2537503	9
V	2537653	179
V	2537816	79
V	2537965	79
V	2538119	9
V	2538268	50
V	2538416	7
V	2538566	50
V	2538719	9
V	2538863	79
V	2539012	50
V	2539151	7
V	2539306	70
V	2539456	77
V	2539605	9
V	2539750	7
V	2539893	8
V	2540036	164
V	2540202	79
V	2540351	14
V	2540500	14
V	2540657	79
V	2540804	178
V	2540963	9
V	2541108	77
V	2541257	19
V	2541403	14
V	2541556	7
V	2541703	14
V	2541846	9
V	2541999	7
V	2542147	79
V	2542302	70
V	2542446	9
V	2542589	7
V	2542742	14
V	2542889	14
V	2543042	9
V	2543200	71
V	2543342	145
V	2543504	70
V	2543648	79
V	2543799	14
V	2543951	166
V	2544113	9
V	2544266	79
V	2544416	50
V	2544564	70
V	2544712	19
V	2544857	70
V	2545005	9
V	2545157	50
V	2545310	64
V	2545462	14
V	2545612	9
V	2545767	164
V	2545928	9
V	2546071	77
V	2546220	70
V	2546362	9
V	2546513	9
V	2546666	77
V	2546818	53
V	2546977	161
V	2547135	64
V	2547289	77
V	2547440	79
V	2547590	7
V	2547746	58
V	2547891	77
V	2548035	9
V	2548180	9
V	2548331	9
V	2548477	9
V	2548622	19
V	2548768	180
V	2548933	161
V	2549092	58
V	2549243	71
V	2549390	9
V	2549543	70
V	2549687	9
V	2549834	50
V	2549978	9
V	2550125	50
V	2550273	79
V	2550422	58
V	2550576	77
V	2550725	178
V	2550888	9
V	2551037	77
V	2551188	70
V	2551350	9
V	2551501	79
V	2551651	53
V	2551804	164
V	2551976	79
V	2552128	50
V	2552273	7
V	2552424	64
V	2552576	103
V	2552745	50
V	2552890	50
V	2553040	9
V	2553193	79
V	2553343	9
V	2553493	14
V	2553651	14
V	2553805	7
V	2553950	14
V	2554098	179
V	2554257	19
V	2554401	9
V	2554549	50
V	2554700	79
V	2554851	9
V	2555006	161
V	2555164	50
V	2555314	14
V	2555459	9
V	2555610	7
V	2555759	7
V	2555906	79
V	2556057	14
V	2556210	79
V	2556358	145
V	2556532	77
V	2556673	50
V	2556819	14
V	2556978	50
V	2557125	9
V	2557278	79
V	2557430	9
V	2557577	9
V	2557724	77
V	2557871	9
V	2558017	77
V	2558163	50
V	2558317	9
V	2558472	179
V	2558631	50
V	2558776	79
V	2558926	7
V	2559075	14
V	2559218	9
V	2559375	20
V	2559520	14
V	2559671	50
V	2559821	64
V	2559973	9
V	2560129	66
V	2560276	8
V	2560424	7
V	2560570	79
V	2560720	9
V	2560869	7
V	2561020	9
V	2561167	9
V	2561321	9
V	2561466	179
V	2561633	50
V	2561785	58
V	2561932	58
V	2562086	14
V	2562242	9
V	2562401	50
V	2562549	50
V	2562700	70
V	2562858	50
V	2563014	131
V	2563174	9
V	2563326	14
V	2563478	9
V	2563627	14
V	2563783	19
V	2563928	20
V	2564081	19
V	2564228	7
V	2564376	179
V	2564561	58
V	2564704	79
V	2564854	166
V	2565017	79
V	2565168	7
V	2565321	9
V	2565471	79
V	2565622	9
V	2565772	9
V	2565925	77
V	2566072	14
V	2566225	79
V	2566375	79
V	2566523	79
V	2566675	161
V	2566837	9
V	2566991	164
V	2567152	7
V	2567295	9
V	2567449	180
V	2567609	9
V	2567765	177
V	2567928	7
V	2568077	9
V	2568227	77
V	2568380	79
V	2568531	131
V	2568694	7
V	2568846	77
V	2568998	79
V	2569152	9
V	2569300	64
V	2569448	9
V	2569601	7
V	2569753	164
V	2569915	77
V	2570067	53
V	2570213	131
V	2570371	77
V	2570524	77
V	2570672	9
V	2570824	9
V	2570975	79
V	2571124	9
V	2571273	9
V	2571427	79
V	2571572	14
V	2571723	14
V	2571877	14
V	2572022	77
V	2572172	79
V	2572321	79
V	2572471	9
V	2572628	14
V	2572780	9
V	2572927	79
V	2573078	178
V	2573243	9
V	2573396	50
V	2573550	9
V	2573697	53
V	2573842	9
V	2573989	9
V	2574142	14
V	2574287	79
V	2574438	14
V	2574590	164
V	2574750	58
V	2574898	7
V	2575048	64
V	2575196	7
V	2575346	79
V	2575493	179
V	2575659	79
V	2575810	50
V	2575963	50
V	2576121	50
V	2576276	79
V	2576430	79
V	2576580	9
V	2576728	9
V	2576882	9
V	2577032	50
V	2577182	77
V	2577329	14
V	2577481	50
V	2577633	79
V	2577782	70
V	2577938	64
V	2578088	79
V	2578238	179
V	2578398	9
V	2578548	9
V	2578695	8
V	2578839	7
V	2578990	161
V	2579150	9
V	2579301	7
V	2579459	14
V	2579606	9
V	2579757	14
V	2579906	7
V	2580053	66
V	2580199	9
V	2580346	64
V	2580498	9
V	2580651	14
V	2580801	50
V	2580955	161
V	2581116	166
V	2581292	79
V	2581438	50
V	2581582	79
V	2581740	79
V	2581893	9
V	2582043	9
V	2582192	14
V	2582336	9
V	2582478	9
V	2582630	14
V	2582776	9
V	2582930	9
V	2583077	79
V	2583229	9
V	2583380	9
V	2583529	50
V	2583678	64
V	2583829	64
V	2583983	9
V	2584139	64
V	2584294	9
V	2584446	20
V	2584601	50
V	2584754	9
V	2584903	58
V	2585055	77
V	2585202	9
V	2585352	20
V	2585516	9
V	2585670	9
V	2585820	50
V	2585971	79
V	2586126	53
V	2586271	7
V	2586419	20
V	2586564	50
V	2586716	64
V	2586868	14
V	2587021	9
V	2587171	9
V	2587326	9
V	2587477	77
V	2587622	9
V	2587776	53
V	2587934	77
V	2588081	70
V	2588223	79
V	2588374	9
V	2588525	53
V	2588686	53
V	2588845	177
V	2589008	19
V	2589156	14
V	2589301	70
V	2589443	58
V	2589589	50
V	2589741	178
V	2589905	77
V	2590059	14
V	2590205	9
V	2590353	7
V	2590505	9
V	2590655	9
V	2590800	7
V	2590948	7
V	2591096	7
V	2591246	50
V	2591398	9
V	2591549	9
V	2591700	14
V	2591850	79
V	2591995	20
V	2592138	7
V	2592291	7
V	2592446	8
V	2592601	79
V	2592747	64
V	2592900	177
V	2593056	9
V	2593205	9
V	2593354	70
V	2593502	9
V	2593655	50
V	2593804	8
V	2593949	20
V	2594095	9
V	2594249	178
V	2594425	7
V	2594573	14
V	2594723	9
V	2594880	79
V	2595028	14
V	2595176	161
V	2595332	79
V	2595481	50
V	2595631	7
V	2595775	50
V	2595926	50
V	2596077	178
V	2596237	58
V	2596386	9
V	2596537	9
V	2596688	8
V	2596838	9
V	2596986	179
V	2597151	66
V	2597305	9
V	2597454	9
V	2597600	14
V	2597749	7
V	2597899	14
V	2598053	9
V	2598208	50
V	2598355	14
V	2598509	79
V	2598662	7
V	2598816	8
V	2598964	14
V	2599111	9
V	2599263	14
V	2599408	7
V	2599557	50
V	2599706	9
V	2599860	9
V	2600011	85
V	2600158	9
V	2600307	77
V	2600458	164
V	2600616	14
V	2600770	9
V	2600917	85
V	2601065	9
V	2601216	7
V	2601356	8
V	2601495	20
V	2601640	9
V	2601786	9
V	2601935	50
V	2602082	64
V	2602230	9
V	2602380	9
V	2602532	66
V	2602671	66
V	2602826	58
V	2602981	79
V	2603129	19
V	2603278	79
V	2603430	58
V	2603579	9
V	2603724	178
V	2603888	178
V	2604055	77
V	2604200	14
V	2604356	7
V	2604512	14
V	2604665	79
V	2604811	9
V	2604961	50
V	2605109	9
V	2605257	58
V	2605407	7
V	2605559	14
V	2605713	77
V	2605864	7
V	2606012	79
V	2606162	71
V	2606309	9
V	2606465	14
V	2606612	9
V	2606761	7
V	2606912	64
V	2607062	164
V	2607237	161
V	2607399	50
V	2607548	143
V	2607709	161
V	2607872	9
V	2608018	50
V	2608171	58
V	2608312	163
V	2608475	50
V	2608628	179
V	2608787	79
V	2608938	166
V	2609105	79
V	2609255	19
V	2609402	79
V	2609558	7
V	2609708	20
V	2609856	161
V	2610015	79
V	2610167	9
V	2610315	19
V	2610462	9
V	2610615	7
V	2610764	64
V	2610914	79
V	2611065	9
V	2611216	79
V	2611363	7
V	2611510	50
V	2611656	53
V	2611811	50
V	2611967	9
V	2612117	161
V	2612279	179
V	2612454	9
V	2612602	9
V	2612755	58
V	2612908	9
V	2613056	7
V	2613204	50
V	2613347	20
V	2613488	58
V	2613642	9
V	2613794	64
V	2613949	53
V	2614093	7
V	2614245	53
V	2614390	9
V	2614541	14
V	2614687	50
V	2614830	9
V	2614977	9
V	2615126	77
V	2615274	161
V	2615447	9
V	2615592	77
V	2615738	7
V	2615887	20
V	2616034	64
V	2616184	50
V	2616336	7
V	2616490	70
V	2616644	145
V	2616803	50
V	2616953	50
V	2617098	9
V	2617251	64
V	2617402	9
V	2617556	9
V	2617703	50
V	2617860	9
V	2618005	50
V	2618159	8
V	2618300	79
V	2618444	19
V	2618593	14
V	2618740	53
V	2618891	66
V	2619038	79
V	2619192	79
V	2619345	79
V	2619497	14
V	2619648	9
V	2619806	7
V	2619949	7
V	2620101	70
V	2620248	7
V	2620394	14
V	2620536	79
V	2620686	77
V	2620835	9
V	2620988	50
V	2621137	53
V	2621281	9
V	2621430	14
V	2621582	79
V	2621728	79
V	2621871	50
V	2622021	79
V	2622172	77
V	2622324	77
V	2622475	9
V	2622627	14
V	2622783	14
V	2622945	53
V	2623091	7
V	2623235	9
V	2623385	9
V	2623531	14
V	2623685	64
V	2623834	9
V	2623986	9
V	2624140	70
V	2624286	7
V	2624428	79
V	2624580	145
V	2624742	7
V	2624893	53
V	2625037	9
V	2625187	79
V	2625336	14
V	2625487	66
V	2625639	70
V	2625782	79
V	2625931	20
V	2626076	9
V	2626228	79
V	2626379	9
V	2626527	7
V	2626671	7
V	2626818	14
V	2626966	64
V	2627118	79
V	2627272	70
V	2627424	7
V	2627577	9
V	2627728	50
V	2627881	79
V	2628029	7
V	2628178	64
V	2628326	79
V	2628476	14
V	2628633	64
V	2628784	64
V	2628935	79
V	2629087	70
V	2629237	8
V	2629389	50
V	2629541	50
V	2629686	9
V	2629840	14
V	2629984	14
V	2630135	53
V	2630285	79
V	2630435	9
V	2630581	77
V	2630726	70
V	2630875	7
V	2631028	66
V	2631174	161
V	2631335	58
V	2631491	79
V	2631638	79
V	2631789	79
V	2631932	9
V	2632088	14
V	2632236	161
V	2632398	58
V	2632546	79
V	2632704	79
V	2632848	8
V	2633005	79
V	2633149	77
V	2633298	50
V	2633453	79
V	2633599	50
V	2633747	9
V	2633895	14
V	2634045	79
V	2634196	50
V	2634340	179
V	2634502	9
V	2634651	50
V	2634802	9
V	2634956	14
V	2635105	64
V	2635258	145
V	2635421	9
V	2635567	50
V	2635718	79
V	2635871	9
V	2636020	58
V	2636169	58
V	2636318	7
V	2636464	77
V	2636611	50
V	2636763	58
V	2636919	163
V	2637091	7
V	2637245	9
V	2637392	79
V	2637540	9
V	2637687	7
V	2637839	14
V	2637982	14
V	2638128	7
V	2638271	79
V	2638418	177
V	2638593	131
V	2638760	8
V	2638896	164
V	2639059	145
V	2639225	9
V	2639369	79
V	2639520	20
V	2639670	8
V	2639825	64
V	2639969	14
V	2640118	161
V	2640278	14
V	2640428	179
V	2640587	58
V	2640737	50
V	2640884	145
V	2641060	9
V	2641210	14
V	2641369	9
V	2641522	7
V	2641666	64
V	2641820	70
V	2641967	50
V	2642114	14
V	2642257	77
V	2642402	9
V	2642546	9
V	2642702	178
V	2642864	79
V	2643009	7
V	2643161	79
V	2643311	9
V	2643462	64
V	2643612	14
V	2643762	7
V	2643908	77
V	2644057	9
V	2644205	77
V	2644357	50
V	2644503	79
V	2644649	14
V	2644799	7
V	2644942	58
V	2645097	9
V	2645242	14
V	2645390	161
V	2645547	77
V	2645696	9
V	2645848	14
V	2645993	64
V	2646142	50
V	2646289	161
V	2646452	14
V	2646601	77
V	2646758	58
V	2646909	79
V	2647061	79
V	2647210	64
V	2647359	77
V	2647502	58
V	2647652	178
V	2647813	9
V	2647961	58
V	2648105	9
V	2648254	161
V	2648415	77
V	2648567	9
V	2648715	77
V	2648858	9
V	2649005	79
V	2649150	64
V	2649299	9
V	2649447	79
V	2649594	9
V	2649748	7
V	2649892	50
V	2650046	53
V	2650193	8
V	2650352	14
V	2650497	9
V	2650643	79
V	2650790	8
V	2650938	79
V	2651085	77
V	2651234	7
V	2651375	7
V	2651527	50
V	2651683	9
V	2651837	9
V	2651994	53
V	2652144	53
V	2652289	14
V	2652440	9
V	2652585	77
V	2652732	79
V	2652883	163
V	2653047	14
V	2653196	50
V	2653354	7
V	2653502	53
V	2653644	77
V	2653803	79
V	2653949	53
V	2654094	131
V	2654256	9
V	2654411	9
V	2654551	50
V	2654704	77
V	2654848	58
V	2654999	179
V	2655171	7
V	2655317	79
V	2655471	77
V	2655625	14
V	2655775	7
V	2655922	7
V	2656074	14
V	2656223	50
V	2656374	9
V	2656525	50
V	2656678	9
V	2656821	50
V	2656971	50
V	2657124	64
V	2657279	7
V	2657427	79
V	2657572	7
V	2657717	79
V	2657865	9
V	2658012	79
V	2658163	79
V	2658319	14
V	2658469	178
V	2658633	14
V	2658783	9
V	2658928	9
V	2659071	50
V	2659228	178
V	2659387	50
V	2659541	58
V	2659685	79
V	2659833	50
V	2659988	9
V	2660140	9
V	2660287	58
V	2660438	50
V	2660592	53
V	2660737	79
V	2660885	53
V	2661034	19
V	2661181	7
V	2661325	64
V	2661479	164
V	2661642	70
V	2661786	9
V	2661932	50
V	2662083	79
V	2662231	7
V	2662380	14
V	2662531	9
V	2662682	19
V	2662847	58
V	2663000	9
V	2663150	7
V	2663292	131
V	2663454	9
V	2663605	77
V	2663762	53
V	2663919	58
V	2664068	7
V	2664224	77
V	2664378	14
V	2664521	70
V	2664677	77
V	2664816	58
V	2664966	50
V	2665112	145
V	2665295	50
V	2665453	14
V	2665599	145
V	2665766	64
V	2665918	14
V	2666071	50
V	2666217	79
V	2666363	53
V	2666512	7
V	2666666	66
V	2666812	50
V	2666959	14
V	2667110	7
V	2667254	19
V	2667402	14
V	2667547	9
V	2667696	64
V	2667845	9
V	2667992	179
V	2668153	9
V	2668305	77
V	2668446	7
V	2668591	58
V	2668740	7
V	2668890	7
V	2669035	161
V	2669207	14
V	2669361	9
V	2669511	77
V	2669661	77
V	2669811	9
V	2669960	9
V	2670111	7
V	2670253	50
V	2670408	7
V	2670554	70
V	2670698	53
V	2670846	79
V	2670997	7
V	2671151	178
V	2671318	58
V	2671469	14
V	2671619	9
V	2671780	19
V	2671933	79
V	2672084	50
V	2672236	9
V	2672386	179
V	2672558	77
V	2672700	9
V	2672841	53
V	2672989	179
V	2673160	9
V	2673305	79
V	2673458	14
V	2673612	79
V	2673760	9
V	2673905	58
V	2674058	9
V	2674206	9
V	2674354	9
V	2674503	9
V	2674650	85
V	2674798	7
V	2674947	9
V	2675092	70
V	2675250	9
V	2675398	14
V	2675553	79
V	2675704	79
V	2675855	50
V	2676005	14
V	2676157	79
V	2676305	79
V	2676457	103
V	2676617	9
V	2676772	181
V	2676933	14
V	2677084	50
V	2677228	161
V	2677390	7
V	2677539	179
V	2677708	9
V	2677860	77
V	2678011	50
V	2678156	14
V	2678302	179
V	2678469	161
V	2678631	178
V	2678798	163
V	2678957	14
V	2679105	179
V	2679280	58
V	2679426	14
V	2679573	9
V	2679721	79
V	2679869	66
V	2680017	145
V	2680171	50
V	2680321	64
V	2680469	14
V	2680614	50
V	2680763	9
V	2680911	7
V	2681068	7
V	2681215	70
V	2681358	7
V	2681506	7
V	2681660	14
V	2681813	7
V	2681954	9
V	2682104	79
V	2682256	20
V	2682399	9
V	2682550	14
V	2682709	66
V	2682855	79
V	2683006	14
V	2683148	64
V	2683306	71
V	2683451	14
V	2683610	50
V	2683754	14
V	2683903	161
V	2684070	164
V	2684234	50
V	2684391	8
V	2684538	58
V	2684680	64
V	2684830	14
V	2684992	50
V	2685142	178
V	2685311	7
V	2685468	7
V	2685613	70
V	2685755	79
V	2685905	50
V	2686059	117
V	2686222	9
V	2686370	19
V	2686525	58
V	2686676	143
V	2686838	164
V	2687003	79
V	2687147	9
V	2687291	9
V	2687444	9
V	2687596	9
V	2687744	66
V	2687890	50
V	2688035	178
V	2688222	58
V	2688373	7
V	2688519	53
V	2688675	9
V	2688818	79
V	2688965	9
V	2689116	177
V	2689281	58
V	2689430	64
V	2689575	9
V	2689728	19
V	2689879	9
V	2690017	9
V	2690167	50
V	2690320	79
V	2690469	20
V	2690612	9
V	2690762	7
V	2690911	177
V	2691076	71
V	2691225	9
V	2691377	66
V	2691518	14
V	2691670	50
V	2691823	64
V	2691974	50
V	2692122	58
V	2692270	14
V	2692423	50
V	2692571	161
V	2692738	50
V	2692891	58
V	2693037	9
V	2693189	178
V	2693366	53
V	2693519	164
V	2693681	79
V	2693832	79
V	2693983	79
V	2694135	161
V	2694297	9
V	2694449	7
V	2694592	14
V	2694740	7
V	2694884	79
V	2695032	9
V	2695190	58
V	2695339	14
V	2695483	14
V	2695640	50
V	2695792	7
V	2695938	70
V	2696090	58
V	2696239	9
V	2696390	179
V	2696554	70
V	2696704	14
V	2696852	66
V	2697002	79
V	2697153	9
V	2697304	9
V	2697456	50
V	2697603	20
V	2697745	53
V	2697892	53
V	2698039	14
V	2698188	7
V	2698343	9
V	2698492	9
V	2698646	9
V	2698799	103
V	2698965	14
V	2699115	9
V	2699265	50
V	2699408	9
V	2699556	64
V	2699699	9
V	2699849	7
V	2699997	7
V	2700150	50
V	2700299	14
V	2700455	9
V	2700605	79
V	2700758	131
V	2700920	50
V	2701064	77
V	2701210	145
V	2701372	9
V	2701516	58
V	2701666	9
V	2701814	58
V	2701963	14
V	2702116	50
V	2702266	14
V	2702423	66
V	2702567	9
V	2702714	14
V	2702853	9
V	2703000	14
V	2703147	14
V	2703294	14
V	2703442	9
V	2703595	9
V	2703740	164
V	2703901	9
V	2704058	9
V	2704204	79
V	2704352	58
V	2704495	9
V	2704645	14
V	2704793	9
V	2704942	9
V	2705089	145
V	2705255	53
V	2705404	9
V	2705554	79
V	2705707	9
V	2705860	166
V	2706025	7
V	2706169	77
V	2706321	66
V	2706468	64
V	2706615	161
V	2706780	64
V	2706932	7
V	2707085	71
V	2707229	14
V	2707376	58
V	2707524	14
V	2707670	58
V	2707815	50
V	2707967	9
V	2708109	50
V	2708262	9
V	2708411	19
V	2708555	7
V	2708711	20
V	2708859	79
V	2709010	79
V	2709163	19
V	2709313	161
V	2709483	7
V	2709628	14
V	2709773	178
V	2709938	79
V	2710093	50
V	2710238	50
V	2710385	58
V	2710530	64
V	2710682	58
V	2710833	50
V	2710986	7
V	2711133	58
V	2711282	9
V	2711430	77
V	2711582	14
V	2711740	9
V	2711888	79
V	2712038	161
V	2712202	50
V	2712349	14
V	2712503	9
V	2712654	14
V	2712804	20
V	2712949	20
V	2713100	79
V	2713251	50
V	2713397	14
V	2713546	143
V	2713702	53
V	2713853	14
V	2713999	53
V	2714143	19
V	2714292	9
V	2714437	7
V	2714591	7
V	2714741	9
V	2714898	50
V	2715045	14
V	2715193	14
V	2715349	8
V	2715497	50
V	2715648	77
V	2715797	9
V	2715945	58
V	2716100	20
V	2716245	53
V	2716389	14
V	2716530	14
V	2716672	177
V	2716857	9
V	2717011	9
V	2717160	64
V	2717309	7
V	2717452	53
V	2717594	9
V	2717745	71
V	2717893	7
V	2718038	9
V	2718190	58
V	2718341	9
V	2718491	50
V	2718641	7
V	2718788	14
V	2718938	50
V	2719092	58
V	2719244	9
V	2719399	79
V	2719548	7
V	2719706	179
V	2719880	50
V	2720036	79
V	2720192	70
V	2720340	14
V	2720498	50
V	2720648	58
V	2720802	14
V	2720949	7
V	2721103	14
V	2721250	77
V	2721407	9
V	2721555	9
V	2721707	178
V	2721880	9
V	2722025	9
V	2722174	53
V	2722317	50
V	2722465	70
V	2722614	14
V	2722765	53
V	2722915	50
V	2723062	9
V	2723213	20
V	2723354	58
V	2723501	163
V	2723672	9
V	2723822	79
V	2723974	14
V	2724121	77
V	2724270	14
V	2724420	14
V	2724569	79
V	2724720	9
V	2724872	7
V	2725018	77
V	2725162	58
V	2725310	64
V	2725457	79
V	2725611	9
V	2725761	50
V	2725905	19
V	2726053	9
V	2726198	14
V	2726350	9
V	2726497	9
V	2726649	50
V	2726800	9
V	2726955	14
V	2727114	64
V	2727266	19
V	2727420	70
V	2727572	50
V	2727723	9
V	2727869	161
V	2728034	14
V	2728182	64
V	2728336	9
V	2728491	50
V	2728636	79
V	2728781	50
V	2728927	7
V	2729084	19
V	2729230	9
V	2729384	79
V	2729539	20
V	2729690	9
V	2729849	53
V	2729997	77
V	2730141	77
V	2730289	9
V	2730437	7
V	2730586	9
V	2730737	9
V	2730886	14
V	2731042	70
V	2731192	179
V	2731355	14
V	2731504	14
V	2731663	50
V	2731813	77
V	2731960	179
V	2732138	14
V	2732293	14
V	2732441	7
V	2732598	9
V	2732747	9
V	2732896	79
V	2733051	9
V	2733201	177
V	2733362	161
V	2733521	70
V	2733674	9
V	2733820	161
V	2733980	7
V	2734134	70
V	2734282	77
V	2734429	7
V	2734575	79
V	2734730	64
V	2734877	9
V	2735027	7
V	2735171	145
V	2735328	50
V	2735485	19
V	2735633	9
V	2735787	14
V	2735941	9
V	2736081	79
V	2736230	9
V	2736380	50
V	2736537	64
V	2736683	79
V	2736831	14
V	2736976	53
V	2737122	14
V	2737270	85
V	2737413	50
V	2737564	64
V	2737717	50
V	2737863	79
V	2738010	7
V	2738153	79
V	2738297	14
V	2738441	50
V	2738589	14
V	2738735	161
V	2738893	50
V	2739040	9
V	2739194	53
V	2739341	79
V	2739494	77
V	2739638	9
V	2739791	53
V	2739935	7
V	2740078	9
V	2740226	179
V	2740397	58
V	2740550	64
V	2740701	9
V	2740853	7
V	2741005	9
V	2741155	9
V	2741312	9
V	2741466	8
V	2741609	14
V	2741760	79
V	2741905	9
V	2742053	179
V	2742213	50
V	2742362	70
V	2742517	161
V	2742679	79
V	2742832	9
V	2742980	14
V	2743128	7
V	2743277	178
V	2743447	164
V	2743603	79
V	2743753	20
V	2743897	77
V	2744050	9
V	2744194	77
V	2744342	179
V	2744507	145
V	2744681	178
V	2744845	58
V	2744996	53
V	2745142	79
V	2745296	50
V	2745450	79
V	2745609	143
V	2745767	20
V	2745909	164
V	2746068	9
V	2746220	50
V	2746375	14
V	2746525	53
V	2746688	50
V	2746834	58
V	2746981	77
V	2747126	64
V	2747275	79
V	2747421	79
V	2747568	161
V	2747733	9
V	2747886	50
V	2748035	70
V	2748187	66
V	2748339	7
V	2748478	9
V	2748632	58
V	2748780	14
V	2748925	58
V	2749079	53
V	2749221	19
V	2749367	7
V	2749510	77
V	2749656	9
V	2749808	70
V	2749955	50
V	2750111	14
V	2750265	9
V	2750415	77
V	2750566	9
V	2750715	9
V	2750863	70
V	2751016	50
V	2751170	7
V	2751320	7
V	2751470	8
V	2751617	70
V	2751769	14
V	2751915	9
V	2752067	50
V	2752218	70
V	2752370	9
V	2752523	178
V	2752691	79
V	2752839	9
V	2752989	58
V	2753144	79
V	2753297	14
V	2753442	66
V	2753584	7
V	2753731	14
V	2753881	58
V	2754035	14
V	2754185	50
V	2754340	161
V	2754497	66
V	2754637	9
V	2754793	20
V	2754944	79
V	2755089	77
V	2755234	53
V	2755378	9
V	2755529	8
V	2755674	9
V	2755825	9
V	2755974	20
V	2756127	179
V	2756289	9
V	2756441	77
V	2756586	8
V	2756730	9
V	2756873	143
V	2757033	7
V	2757175	7
V	2757319	14
V	2757471	79
V	2757619	79
V	2757762	64
V	2757906	77
V	2758050	50
V	2758203	53
V	2758366	9
V	2758512	19
V	2758672	77
V	2758819	20
V	2758961	50
V	2759109	50
V	2759264	9
V	2759412	77
V	2759557	9
V	2759701	77
V	2759852	58
V	2759998	9
V	2760139	9
V	2760291	9
V	2760438	9
V	2760588	14
V	2760745	9
V	2760900	14
V	2761049	70
V	2761201	14
V	2761358	179
V	2761524	14
V	2761677	14
V	2761830	58
V	2761981	64
V	2762134	178
V	2762297	20
V	2762439	9
V	2762585	79
V	2762733	77
V	2762877	7
V	2763028	50
V	2763180	64
V	2763334	7
V	2763478	20
V	2763625	9
V	2763779	9
V	2763932	50
V	2764082	64
V	2764229	20
V	2764369	145
V	2764531	9
V	2764682	79
V	2764831	14
V	2764981	9
V	2765132	77
V	2765282	9
V	2765433	14
V	2765593	77
V	2765739	9
V	2765890	7
V	2766029	66
V	2766182	79
V	2766326	58
V	2766478	9
V	2766629	19
V	2766781	7
V	2766935	70
V	2767083	79
V	2767232	7
V	2767379	179
V	2767539	7
V	2767684	50
V	2767830	9
V	2767983	9
V	2768136	71
V	2768281	50
V	2768429	9
V	2768576	14
V	2768726	64
V	2768875	79
V	2769029	9
V	2769174	178
V	2769341	50
V	2769489	71
V	2769630	77
V	2769788	9
V	2769940	19
V	2770089	64
V	2770240	9
V	2770391	79
V	2770539	70
V	2770684	40
V	2770836	163
V	2771012	79
V	2771160	8
V	2771298	9
V	2771442	50
V	2771593	79
V	2771740	14
V	2771903	9
V	2772047	70
V	2772192	79
V	2772334	9
V	2772490	7
V	2772633	70
V	2772788	7
V	2772933	50
V	2773081	79
V	2773230	53
V	2773378	50
V	2773535	8
V	2773675	64
V	2773824	161
V	2773986	9
V	2774138	178
V	2774302	9
V	2774450	64
V	2774601	7
V	2774748	164
V	2774909	14
V	2775050	58
V	2775195	161
V	2775365	8
V	2775510	50
V	2775657	14
V	2775810	8
V	2775953	14
V	2776099	9
V	2776249	70
V	2776401	77
V	2776550	7
V	2776696	79
V	2776849	7
V	2777005	58
V	2777157	14
V	2777302	14
V	2777450	79
V	2777600	58
V	2777749	70
V	2777902	66
V	2778051	53
V	2778196	50
V	2778349	77
V	2778498	179
V	2778661	14
V	2778816	50
V	2778971	9
V	2779120	77
V	2779271	9
V	2779422	14
V	2779571	79
V	2779712	7
V	2779863	77
V	2780021	79
V	2780176	178
V	2780339	14
V	2780501	79
V	2780647	50
V	2780799	20
V	2780940	9
V	2781087	50
V	2781239	14
V	2781386	77
V	2781532	9
V	2781681	9
V	2781828	64
V	2781981	58
V	2782133	50
V	2782287	143
V	2782445	79
V	2782590	79
V	2782737	79
V	2782884	14
V	2783035	50
V	2783183	58
V	2783325	70
V	2783484	14
V	2783632	9
V	2783782	50
V	2783934	58
V	2784085	66
V	2784232	50
V	2784381	8
V	2784528	179
V	2784690	7
V	2784832	66
V	2784980	9
V	2785127	79
V	2785275	58
V	2785426	14
V	2785577	179
V	2785736	53
V	2785881	9
V	2786029	14
V	2786171	9
V	2786316	79
V	2786460	163
V	2786625	50
V	2786775	178
V	2786933	50
V	2787085	77
V	2787234	79
V	2787383	7
V	2787529	64
V	2787679	9
V	2787833	14
V	2787979	9
V	2788132	179
V	2788296	9
V	2788450	79
V	2788596	77
V	2788744	58
V	2788891	145
V	2789054	79
V	2789199	50
V	2789341	79
V	2789494	58
V	2789641	77
V	2789791	9
V	2789946	9
V	2790095	77
V	2790247	53
V	2790390	53
V	2790538	77
V	2790688	7
V	2790837	58
V	2790990	71
V	2791138	50
V	2791289	9
V	2791435	77
V	2791584	7
V	2791732	178
V	2791897	9
V	2792048	50
V	2792191	79
V	2792345	85
V	2792492	50
V	2792649	161
V	2792809	53
V	2792968	14
V	2793127	14
V	2793277	50
V	2793428	79
V	2793579	19
V	2793725	14
V	2793873	177
V	2794028	53
V	2794170	53
V	2794313	14
V	2794456	161
V	2794614	9
V	2794760	9
V	2794907	9
V	2795052	14
V	2795199	14
V	2795351	14
V	2795504	79
V	2795655	53
V	2795796	14
V	2795944	14
V	2796095	77
V	2796238	71
V	2796388	7
V	2796538	9
V	2796690	7
V	2796846	7
V	2796999	9
V	2797151	9
V	2797299	9
V	2797451	70
V	2797598	14
V	2797748	79
V	2797899	77
V	2798052	64
V	2798197	9
V	2798349	77
V	2798498	64
V	2798645	50
V	2798798	179
V	2798961	161
V	2799122	164
V	2799282	9
V	2799439	66
V	2799580	79
V	2799726	9
V	2799870	9
V	2800022	58
V	2800167	14
V	2800317	7
V	2800466	14
V	2800612	7
V	2800757	14
V	2800917	14
V	2801070	79
V	2801218	14
V	2801368	58
V	2801522	14
V	2801669	7
V	2801819	9
V	2801969	50
V	2802123	85
V	2802274	9
V	2802429	9
V	2802579	77
V	2802733	9
V	2802881	50
V	2803041	64
V	2803195	50
V	2803351	19
V	2803497	9
V	2803646	9
V	2803798	9
V	2803951	64
V	2804102	7
V	2804253	64
V	2804405	7
V	2804559	9
V	2804715	180
V	2804884	77
V	2805030	9
V	2805174	177
V	2805338	145
V	2805499	58
V	2805648	77
V	2805794	79
V	2805947	145
V	2806109	79
V	2806255	9
V	2806410	9
V	2806562	77
V	2806718	161
V	2806884	7
V	2807029	58
V	2807176	66
V	2807323	20
V	2807468	145
V	2807630	7
V	2807786	50
V	2807938	14
V	2808090	77
V	2808232	14
V	2808375	9
V	2808523	20
V	2808677	70
V	2808827	161
V	2808983	58
V	2809131	19
V	2809272	7
V	2809416	9
V	2809563	53
V	2809726	9
V	2809878	64
V	2810028	77
V	2810180	71
V	2810323	9
V	2810473	14
V	2810626	58
V	2810772	50
V	2810926	66
V	2811071	79
V	2811218	77
V	2811366	79
V	2811513	9
V	2811662	50
V	2811810	145
V	2811981	14
V	2812137	50
V	2812290	19
V	2812444	9
V	2812587	9
V	2812737	161
V	2812899	58
V	2813049	79
V	2813196	85
V	2813343	8
V	2813489	9
V	2813638	9
V	2813785	9
V	2813927	79
V	2814075	14
V	2814227	50
V	2814373	14
V	2814519	8
V	2814663	161
V	2814825	79
V	2814969	178
V	2815136	70
V	2815282	179
V	2815447	79
V	2815599	20
V	2815762	64
V	2815912	64
V	2816067	79
V	2816215	77
V	2816365	71
V	2816516	79
V	2816664	79
V	2816810	79
V	2816961	14
V	2817109	58
V	2817261	9
V	2817409	180
V	2817570	177
V	2817734	9
V	2817887	7
V	2818038	9
V	2818189	14
V	2818334	9
V	2818480	9
V	2818628	20
V	2818777	7
V	2818920	64
V	2819067	9
V	2819216	9
V	2819371	64
V	2819524	20
V	2819683	79
V	2819834	9
V	2819983	70
V	2820127	64
V	2820277	9
V	2820421	50
V	2820570	7
V	2820718	14
V	2820869	9
V	2821017	79
V	2821165	79
V	2821314	9
V	2821461	14
V	2821606	14
V	2821757	7
V	2821905	50
V	2822051	14
V	2822200	58
V	2822348	14
V	2822507	145
V	2822674	7
V	2822831	14
V	2822988	9
V	2823139	7
V	2823293	79
V	2823439	79
V	2823586	19
V	2823747	9
V	2823897	179
V	2824061	79
V	2824213	64
V	2824356	14
V	2824501	9
V	2824655	164
V	2824833	79
V	2824995	64
V	2825151	9
V	2825299	9
V	2825445	50
V	2825603	14
V	2825756	161
V	2825914	9
V	2826068	64
V	2826220	79
V	2826374	70
V	2826519	50
V	2826670	9
V	2826814	64
V	2826960	70
V	2827100	9
V	2827248	7
V	2827401	7
V	2827552	14
V	2827695	77
V	2827853	20
V	2827996	14
V	2828147	161
V	2828318	9
V	2828475	50
V	2828621	9
V	2828769	58
V	2828915	9
V	2829065	14
V	2829213	9
V	2829362	50
V	2829514	9
V	2829659	64
V	2829810	50
V	2829959	9
V	2830110	79
V	2830261	50
V	2830413	9
V	2830564	164
V	2830729	14
V	2830882	79
V	2831030	14
V	2831178	145
V	2831350	7
V	2831498	50
V	2831649	77
V	2831797	64
V	2831948	7
V	2832092	64
V	2832240	179
V	2832410	70
V	2832558	79
V	2832707	9
V	2832855	64
V	2833003	58
V	2833152	79
V	2833299	50
V	2833452	70
V	2833602	19
V	2833744	58
V	2833899	50
V	2834046	103
V	2834213	164
V	2834379	14
V	2834526	9
V	2834671	50
V	2834820	79
V	2834967	161
V	2835139	58
V	2835288	179
V	2835446	77
V	2835594	50
V	2835745	7
V	2835903	9
V	2836048	161
V	2836215	53
V	2836359	179
V	2836523	181
V	2836693	77
V	2836838	9
V	2836986	178
V	2837153	14
V	2837311	20
V	2837459	9
V	2837610	50
V	2837759	7
V	2837915	179
V	2838077	7
V	2838233	161
V	2838395	164
V	2838557	79
V	2838701	79
V	2838857	7
V	2839001	50
V	2839152	58
V	2839303	70
V	2839443	79
V	2839585	70
V	2839723	7
V	2839866	50
V	2840018	9
V	2840177	178
V	2840352	161
V	2840509	9
V	2840663	77
V	2840816	9
V	2840970	58
V	2841115	58
V	2841263	66
V	2841405	131
V	2841575	9
V	2841729	9
V	2841876	79
V	2842022	50
V	2842173	9
V	2842324	9
V	2842476	70
V	2842618	50
V	2842769	64
V	2842922	14
V	2843072	58
V	2843227	14
V	2843372	9
V	2843524	77
V	2843675	70
V	2843821	7
V	2843972	14
V	2844127	164
V	2844283	9
V	2844433	50
V	2844581	79
V	2844731	20
V	2844878	9
V	2845028	9
V	2845175	66
V	2845318	14
V	2845468	14
V	2845612	8
V	2845758	7
V	2845905	9
V	2846052	7
V	2846207	9
V	2846352	50
V	2846509	9
V	2846657	53
V	2846816	9
V	2846965	70
V	2847111	9
V	2847264	20
V	2847406	50
V	2847553	66
V	2847698	58
V	2847850	79
V	2847992	9
V	2848142	50
V	2848294	58
V	2848447	9
V	2848599	64
V	2848752	14
V	2848910	9
V	2849064	77
V	2849211	77
V	2849355	70
V	2849499	9
V	2849654	53
V	2849806	177
V	2849970	9
V	2850115	9
V	2850269	14
V	2850421	19
V	2850569	14
V	2850716	145
V	2850886	19
V	2851030	7
V	2851184	9
V	2851334	50
V	2851489	131
V	2851653	53
V	2851801	50
V	2851954	58
V	2852103	14
V	2852255	9
V	2852406	179
V	2852570	9
V	2852720	14
V	2852876	9
V	2853024	9
V	2853178	9
V	2853323	14
V	2853473	53
V	2853616	7
V	2853765	145
V	2853927	19
V	2854077	9
V	2854229	14
V	2854372	50
V	2854529	178
V	2854691	9
V	2854842	9
V	2854990	163
V	2855152	9
V	2855304	77
V	2855449	79
V	2855599	71
V	2855743	9
V	2855895	79
V	2856046	14
V	2856194	50
V	2856346	77
V	2856502	77
V	2856651	9
V	2856806	179
V	2856969	14
V	2857125	9
V	2857276	7
V	2857422	8
V	2857572	58
V	2857721	19
V	2857863	50
V	2858011	50
V	2858166	9
V	2858310	14
V	2858459	14
V	2858610	14
V	2858757	58
V	2858908	9
V	2859058	50
V	2859207	14
V	2859362	179
V	2859526	58
V	2859672	163
V	2859831	79
V	2859981	70
V	2860133	79
V	2860285	9
V	2860432	50
V	2860579	9
V	2860726	9
V	2860886	66
V	2861030	9
V	2861185	7
V	2861335	14
V	2861486	64
V	2861640	19
V	2861787	180
V	2861944	77
V	2862091	14
V	2862246	58
V	2862393	161
V	2862564	161
V	2862730	9
V	2862874	9
V	2863030	77
V	2863178	66
V	2863325	64
V	2863475	79
V	2863628	79
V	2863783	53
V	2863925	9
V	2864072	71
V	2864222	79
V	2864371	50
V	2864522	14
V	2864677	58
V	2864824	145
V	2865000	14
V	2865153	79
V	2865297	79
V	2865448	178
V	2865613	50
V	2865763	77
V	2865917	53
V	2866062	9
V	2866213	164
V	2866383	9
V	2866535	145
V	2866706	79
V	2866852	20
V	2867002	180
V	2867159	131
V	2867322	9
V	2867470	178
V	2867643	163
V	2867813	50
V	2867967	53
V	2868108	9
V	2868257	70
V	2868402	79
V	2868553	53
V	2868695	14
V	2868847	70
V	2868994	53
V	2869146	79
V	2869298	50
V	2869449	9
V	2869599	9
V	2869752	9
V	2869899	9
V	2870051	9
V	2870195	14
V	2870341	50
V	2870487	58
V	2870631	14
V	2870788	79
V	2870936	9
V	2871088	77
V	2871238	66
V	2871383	79
V	2871526	9
V	2871673	14
V	2871813	79
V	2871961	9
V	2872114	9
V	2872268	7
V	2872413	14
V	2872560	19
V	2872702	161
V	2872863	14
V	2873018	77
V	2873162	50
V	2873310	9
V	2873458	66
V	2873603	77
V	2873757	14
V	2873909	9
V	2874063	50
V	2874209	14
V	2874355	50
V	2874506	7
V	2874654	9
V	2874794	7
V	2874940	9
V	2875088	8
V	2875237	177
V	2875412	79
V	2875557	64
V	2875709	178
V	2875884	58
V	2876035	50
V	2876185	14
V	2876327	50
V	2876483	131
V	2876646	9
V	2876798	14
V	2876952	79
V	2877101	50
V	2877250	14
V	2877396	50
V	2877548	19
V	2877690	9
V	2877833	9
V	2877980	79
V	2878127	166
V	2878303	77
V	2878453	9
V	2878606	50
V	2878753	9
V	2878905	9
V	2879058	64
V	2879208	70
V	2879354	58
V	2879499	50
V	2879653	9
V	2879802	50
V	2879951	179
V	2880126	161
V	2880296	79
V	2880443	79
V	2880598	9
V	2880751	7
V	2880897	79
V	2881043	143
V	2881199	50
V	2881352	79
V	2881504	79
V	2881659	77
V	2881806	164
V	2881983	50
V	2882133	77
V	2882283	161
V	2882454	77
V	2882600	79
V	2882757	9
V	2882910	7
V	2883056	9
V	2883210	9
V	2883361	9
V	2883508	14
V	2883657	161
V	2883815	19
V	2883961	20
V	2884103	143
V	2884263	50
V	2884415	9
V	2884569	79
V	2884714	164
V	2884878	53
V	2885020	79
V	2885173	64
V	2885325	79
V	2885477	79
V	2885625	19
V	2885772	58
V	2885922	77
V	2886072	77
V	2886217	79
V	2886363	9
V	2886510	177
V	2886666	7
V	2886814	179
V	2886992	117
V	2887158	79
V	2887305	77
V	2887449	177
V	2887621	9
V	2887772	50
V	2887924	9
V	2888069	77
V	2888216	14
V	2888361	20
V	2888501	50
V	2888655	9
V	2888800	50
V	2888947	79
V	2889086	58
V	2889235	9
V	2889386	14
V	2889533	79
V	2889682	161
V	2889843	58
V	2889991	50
V	2890141	53
V	2890285	7
V	2890439	178
V	2890600	79
V	2890749	14
V	2890898	50
V	2891049	178
V	2891216	50
V	2891372	79
V	2891518	70
V	2891682	7
V	2891832	58
V	2891983	7
V	2892133	79
V	2892282	8
V	2892435	9
V	2892587	58
V	2892738	179
V	2892916	8
V	2893071	7
V	2893221	77
V	2893371	9
V	2893524	7
V	2893676	9
V	2893824	9
V	2893976	58
V	2894129	53
V	2894281	9
V	2894424	9
V	2894572	14
V	2894720	50
V	2894872	14
V	2895019	7
V	2895163	79
V	2895314	9
V	2895459	66
V	2895605	9
V	2895756	9
V	2895907	7
V	2896049	7
V	2896197	14
V	2896347	66
V	2896494	161
V	2896654	79
V	2896801	50
V	2896948	7
V	2897098	14
V	2897252	79
V	2897398	77
V	2897544	9
V	2897691	14
V	2897839	178
V	2898008	7
V	2898162	9
V	2898309	9
V	2898458	53
V	2898605	9
V	2898749	14
V	2898899	58
V	2899055	7
V	2899205	24
V	2899357	79
V	2899510	50
V	2899663	77
V	2899812	50
V	2899968	9
V	2900117	66
V	2900258	79
V	2900406	79
V	2900555	14
V	2900702	20
V	2900858	9
V	2901002	58
V	2901156	14
V	2901304	14
V	2901448	9
V	2901596	178
V	2901762	20
V	2901924	8
V	2902072	103
V	2902238	7
V	2902388	50
V	2902537	9
V	2902683	177
V	2902859	7
V	2903013	7
V	2903166	9
V	2903314	50
V	2903467	19
V	2903611	14
V	2903758	14
V	2903909	163
V	2904074	9
V	2904225	50
V	2904376	79
V	2904521	9
V	2904674	79
V	2904830	19
V	2904980	79
V	2905126	50
V	2905271	8
V	2905419	14
V	2905573	7
V	2905719	50
V	2905865	79
V	2906015	9
V	2906169	9
V	2906315	9
V	2906465	145
V	2906638	64
V	2906788	64
V	2906934	9
V	2907087	9
V	2907236	9
V	2907386	14
V	2907538	58
V	2907690	20
V	2907835	9
V	2907983	50
V	2908134	14
V	2908284	9
V	2908426	9
V	2908578	50
V	2908729	79
V	2908874	20
V	2909022	178
V	2909188	70
V	2909338	77
V	2909487	145
V	2909643	9
V	2909795	143
V	2909955	9
V	2910107	79
V	2910255	53
V	2910405	178
V	2910569	14
V	2910723	50
V	2910872	77
V	2911018	9
V	2911163	161
V	2911325	14
V	2911474	79
V	2911626	14
V	2911778	9
V	2911926	58
V	2912076	50
V	2912224	79
V	2912368	164
V	2912538	9
V	2912684	79
V	2912833	7
V	2912985	58
V	2913133	177
V	2913319	143
V	2913477	9
V	2913627	77
V	2913775	64
V	2913926	19
V	2914074	7
V	2914228	9
V	2914381	77
V	2914528	9
V	2914677	9
V	2914834	9
V	2914981	77
V	2915137	161
V	2915300	7
V	2915451	53
V	2915594	50
V	2915746	53
V	2915890	79
V	2916038	64
V	2916189	14
V	2916341	50
V	2916494	53
V	2916637	77
V	2916788	9
V	2916942	64
V	2917091	145
V	2917260	164
V	2917436	9
V	2917587	14
V	2917744	9
V	2917889	7
V	2918035	9
V	2918176	7
V	2918321	70
V	2918465	77
V	2918613	178
V	2918799	9
V	2918942	9
V	2919079	20
V	2919225	50
V	2919375	145
V	2919537	64
V	2919687	50
V	2919841	9
V	2919993	9
V	2920148	20
V	2920306	58
V	2920459	70
V	2920609	50
V	2920754	161
V	2920915	50
V	2921066	9
V	2921216	164
V	2921393	50
V	2921545	7
V	2921701	79
V	2921855	9
V	2922005	9
V	2922150	178
V	2922313	58
V	2922460	9
V	2922610	9
V	2922766	145
V	2922935	7
V	2923081	181
V	2923251	9
V	2923398	14
V	2923545	179
V	2923704	9
V	2923845	9
V	2923990	14
V	2924132	50
V	2924279	79
V	2924426	9
V	2924571	9
V	2924728	7
V	2924878	14
V	2925028	9
V	2925175	145
V	2925329	9
V	2925484	9
V	2925631	50
V	2925784	64
V	2925932	58
V	2926077	77
V	2926226	14
V	2926377	9
V	2926531	50
V	2926683	9
V	2926833	9
V	2926984	7
V	2927139	79
V	2927280	179
V	2927443	19
V	2927590	19
V	2927744	145
V	2927905	161
V	2928067	9
V	2928224	14
V	2928375	8
V	2928520	161
V	2928682	9
V	2928834	77
V	2928983	9
V	2929138	177
V	2929303	14
V	2929445	58
V	2929596	19
V	2929739	64
V	2929886	7
V	2930035	9
V	2930188	14
V	2930346	79
V	2930494	145
V	2930662	9
V	2930812	9
V	2930961	9
V	2931114	58
V	2931259	9
V	2931406	50
V	2931558	79
V	2931701	178
V	2931870	179
V	2932033	50
V	2932180	50
V	2932327	50
V	2932476	14
V	2932623	9
V	2932769	7
V	2932914	7
V	2933055	14
V	2933211	9
V	2933364	179
V	2933538	14
V	2933689	50
V	2933836	50
V	2933982	14
V	2934128	9
V	2934280	103
V	2934445	14
V	2934604	9
V	2934757	9
V	2934904	70
V	2935051	9
V	2935202	50
V	2935344	7
V	2935497	79
V	2935644	9
V	2935794	161
V	2935954	145
V	2936114	79
V	2936259	161
V	2936426	145
V	2936584	79
V	2936741	20
V	2936886	19
V	2937035	71
V	2937186	79
V	2937328	9
V	2937477	79
V	2937621	64
V	2937773	53
V	2937923	9
V	2938077	64
V	2938232	79
V	2938382	7
V	2938524	164
V	2938687	7
V	2938830	179
V	2938998	79
V	2939147	50
V	2939298	14
V	2939441	77
V	2939596	9
V	2939746	14
V	2939896	50
V	2940041	9
V	2940190	7
V	2940334	64
V	2940482	19
V	2940627	9
V	2940778	79
V	2940932	163
V	2941099	161
V	2941260	70
V	2941418	20
V	2941562	14
V	2941712	14
V	2941867	53
V	2942016	77
V	2942161	58
V	2942308	9
V	2942459	9
V	2942605	14
V	2942750	7
V	2942896	70
V	2943042	58
V	2943193	145
V	2943357	53
V	2943506	9
V	2943655	9
V	2943802	9
V	2943951	50
V	2944106	9
V	2944256	14
V	2944409	161
V	2944571	7
V	2944720	77
V	2944869	58
V	2945018	14
V	2945165	58
V	2945312	14
V	2945467	64
V	2945620	7
V	2945766	50
V	2945917	50
V	2946062	64
V	2946218	79
V	2946366	7
V	2946518	9
V	2946665	9
V	2946819	9
V	2946963	77
V	2947111	9
V	2947259	14
V	2947415	145
V	2947567	70
V	2947719	14
V	2947863	9
V	2948008	50
V	2948159	50
V	2948309	77
V	2948456	177
V	2948632	9
V	2948783	50
V	2948933	9
V	2949088	8
V	2949231	14
V	2949385	58
V	2949533	9
V	2949680	70
V	2949829	50
V	2949979	64
V	2950135	77
V	2950292	77
V	2950440	9
V	2950583	9
V	2950730	50
V	2950879	79
V	2951030	7
V	2951175	9
V	2951324	164
V	2951513	7
V	2951660	7
V	2951807	66
V	2951955	9
V	2952108	77
V	2952258	64
V	2952409	7
V	2952561	53
V	2952710	79
V	2952854	64
V	2953003	9
V	2953149	161
V	2953314	79
V	2953468	77
V	2953615	9
V	2953766	9
V	2953917	9
V	2954066	77
V	2954221	9
V	2954375	53
V	2954519	58
V	2954671	50
V	2954819	9
V	2954967	9
V	2955109	64
V	2955263	14
V	2955413	179
V	2955583	64
V	2955735	79
V	2955889	79
V	2956033	79
V	2956182	7
V	2956327	66
V	2956473	64
V	2956624	77
V	2956771	50
V	2956921	50
V	2957074	85
V	2957218	143
V	2957378	20
V	2957531	19
V	2957684	9
V	2957833	14
V	2957981	14
V	2958135	9
V	2958283	79
V	2958432	164
V	2958599	50
V	2958751	79
V	2958902	79
V	2959048	79
V	2959198	79
V	2959348	79
V	2959497	79
V	2959643	79
V	2959792	79
V	2959942	79
V	2960086	79
V	2960230	79
V	2960380	79
V	2960525	79
V	2960670	79
V	2960813	79
V	2960956	79
V	2961099	79