\P\	Pos	AddressID\
T	5	5
N	0	0
K	0	1
V	225	1
V	365	2
V	510	3
V	657	4
V	800	5
V	940	6
V	1087	7
V	1227	8
V	1372	9
V	1516	10
V	1658	11
V	1805	12
V	1953	13
V	2092	14
V	2232	15
V	2374	16
V	2514	17
V	2659	18
V	2803	19
V	2947	20
V	3093	21
V	3239	22
V	3385	23
V	3534	24
V	3679	25
V	3822	26
V	3971	27
V	4118	28
V	4261	29
V	4406	30
V	4554	31
V	4709	32
V	4857	33
V	5004	34
V	5161	35
V	5301	36
V	5446	37
V	5591	38
V	5734	39
V	5880	40
V	6023	41
V	6170	42
V	6318	43
V	6464	44
V	6607	45
V	6756	46
V	6901	47
V	7047	48
V	7191	49
V	7330	50
V	7472	51
V	7622	52
V	7767	53
V	7919	54
V	8066	55
V	8216	56
V	8366	57
V	8518	58
V	8668	59
V	8810	60
V	8960	61
V	9107	62
V	9256	63
V	9399	64
V	9539	65
V	9680	66
V	9830	67
V	9976	68
V	10116	69
V	10260	70
V	10403	71
V	10548	72
V	10694	73
V	10835	74
V	10979	75
V	11128	76
V	11275	77
V	11423	78
V	11570	79
V	11718	80
V	11864	81
V	12012	82
V	12156	83
V	12311	84
V	12456	85
V	12598	86
V	12745	87
V	12891	88
V	13040	89
V	13186	90
V	13334	91
V	13477	92
V	13620	93
V	13766	94
V	13912	95
V	14057	96
V	14206	97
V	14351	98
V	14496	99
V	14644	100
V	14788	101
V	14941	102
V	15088	103
V	15237	104
V	15388	105
V	15536	106
V	15680	107
V	15825	108
V	15978	109
V	16123	110
V	16272	111
V	16413	112
V	16560	113
V	16703	114
V	16848	115
V	16993	116
V	17139	117
V	17282	118
V	17427	119
V	17574	120
V	17718	121
V	17865	122
V	18008	123
V	18156	124
V	18301	125
V	18447	126
V	18594	127
V	18743	128
V	18893	129
V	19040	130
V	19187	131
V	19325	132
V	19474	133
V	19619	134
V	19764	135
V	19906	136
V	20050	137
V	20197	138
V	20338	139
V	20482	140
V	20624	141
V	20770	142
V	20918	143
V	21062	144
V	21209	145
V	21359	146
V	21503	147
V	21651	148
V	21793	149
V	21939	150
V	22082	151
V	22228	152
V	22378	153
V	22529	154
V	22675	155
V	22819	156
V	22967	157
V	23112	158
V	23261	159
V	23409	160
V	23557	161
V	23696	162
V	23846	163
V	23991	164
V	24141	165
V	24286	166
V	24435	167
V	24588	168
V	24734	169
V	24881	170
V	25036	171
V	25181	172
V	25328	173
V	25474	174
V	25622	175
V	25772	176
V	25918	177
V	26062	178
V	26204	179
V	26359	180
V	26503	181
V	26650	182
V	26799	183
V	26950	184
V	27096	185
V	27241	186
V	27388	187
V	27532	188
V	27674	189
V	27816	190
V	27962	191
V	28109	192
V	28258	193
V	28409	194
V	28557	195
V	28703	196
V	28851	197
V	28997	198
V	29146	199
V	29295	200
V	29442	201
V	29587	202
V	29731	203
V	29872	204
V	30019	205
V	30168	206
V	30318	207
V	30463	208
V	30609	209
V	30757	210
V	30903	211
V	31049	212
V	31194	213
V	31341	214
V	31483	215
V	31625	216
V	31774	217
V	31921	218
V	32066	219
V	32217	220
V	32360	221
V	32504	222
V	32653	223
V	32798	224
V	32944	225
V	33090	226
V	33238	227
V	33386	228
V	33533	229
V	33680	230
V	33824	231
V	33970	232
V	34119	233
V	34265	234
V	34419	235
V	34567	236
V	34716	237
V	34862	238
V	35009	239
V	35153	240
V	35297	241
V	35441	242
V	35589	243
V	35736	244
V	35883	245
V	36027	246
V	36174	247
V	36321	248
V	36471	249
V	36621	250
V	36772	251
V	36925	252
V	37082	253
V	37234	254
V	37387	255
V	37539	256
V	37689	257
V	37838	258
V	37988	259
V	38137	260
V	38289	261
V	38431	262
V	38573	263
V	38713	264
V	38854	265
V	39001	266
V	39153	267
V	39300	268
V	39442	269
V	39586	270
V	39737	271
V	39881	272
V	40026	273
V	40177	274
V	40324	275
V	40466	276
V	40617	277
V	40761	278
V	40906	279
V	41054	280
V	41202	281
V	41348	282
V	41500	283
V	41642	284
V	41789	285
V	41933	286
V	42077	287
V	42220	288
V	42364	289
V	42513	290
V	42659	291
V	42805	292
V	42948	293
V	43090	294
V	43235	295
V	43382	296
V	43529	297
V	43672	298
V	43817	299
V	43965	300
V	44111	301
V	44259	302
V	44406	303
V	44547	304
V	44697	305
V	44838	306
V	44981	307
V	45128	308
V	45280	309
V	45429	310
V	45582	311
V	45727	312
V	45880	313
V	46025	314
V	46176	315
V	46325	316
V	46471	317
V	46616	318
V	46767	319
V	46910	320
V	47057	321
V	47202	322
V	47348	323
V	47511	324
V	47655	325
V	47796	326
V	47937	327
V	48081	328
V	48225	329
V	48367	330
V	48511	331
V	48662	332
V	48813	333
V	48954	334
V	49100	335
V	49246	336
V	49400	337
V	49545	338
V	49686	339
V	49830	340
V	49977	341
V	50123	342
V	50270	343
V	50415	344
V	50559	345
V	50703	346
V	50853	347
V	50999	348
V	51141	349
V	51289	350
V	51438	351
V	51589	352
V	51738	353
V	51883	354
V	52019	355
V	52167	356
V	52307	357
V	52456	358
V	52614	359
V	52759	360
V	52902	361
V	53052	362
V	53197	363
V	53344	364
V	53484	365
V	53640	366
V	53782	367
V	53931	368
V	54085	369
V	54226	370
V	54372	371
V	54509	372
V	54651	373
V	54795	374
V	54939	375
V	55087	376
V	55230	377
V	55372	378
V	55518	379
V	55664	380
V	55812	381
V	55959	382
V	56109	383
V	56258	384
V	56409	385
V	56555	386
V	56701	387
V	56842	388
V	56994	389
V	57135	390
V	57283	391
V	57426	392
V	57572	393
V	57712	394
V	57860	395
V	58005	396
V	58147	397
V	58288	398
V	58428	399
V	58576	400
V	58722	401
V	58861	402
V	59003	403
V	59154	404
V	59301	405
V	59448	406
V	59611	407
V	59790	408
V	59935	409
V	60082	410
V	60235	411
V	60379	412
V	60534	413
V	60679	414
V	60829	415
V	60980	416
V	61147	417
V	61288	418
V	61433	419
V	61591	420
V	61752	421
V	61903	422
V	62047	423
V	62204	424
V	62346	425
V	62493	426
V	62654	427
V	62803	428
V	62952	429
V	63095	430
V	63258	431
V	63407	432
V	63559	433
V	63710	434
V	63864	435
V	64019	436
V	64163	437
V	64316	438
V	64471	439
V	64625	440
V	64771	441
V	64910	442
V	65061	443
V	65214	444
V	65364	445
V	65512	446
V	65660	447
V	65808	448
V	65961	449
V	66105	450
V	66248	451
V	66393	452
V	66546	453
V	66693	454
V	66846	455
V	66993	456
V	67136	457
V	67287	458
V	67434	459
V	67586	460
V	67738	461
V	67884	462
V	68036	463
V	68188	464
V	68342	465
V	68500	466
V	68646	467
V	68798	468
V	68942	469
V	69098	470
V	69244	471
V	69408	472
V	69561	473
V	69711	474
V	69860	475
V	70012	476
V	70163	477
V	70318	478
V	70470	479
V	70626	480
V	70780	481
V	70920	482
V	71073	483
V	71228	484
V	71375	485
V	71533	486
V	71694	487
V	71847	488
V	71993	489
V	72143	490
V	72287	491
V	72436	492
V	72603	493
V	72756	494
V	72916	495
V	73074	496
V	73237	497
V	73392	498
V	73540	499
V	73696	500
V	73850	501
V	74008	502
V	74163	503
V	74304	504
V	74469	505
V	74621	506
V	74769	507
V	74915	508
V	75074	509
V	75236	510
V	75381	511
V	75545	512
V	75692	513
V	75854	514
V	76011	515
V	76161	516
V	76308	517
V	76459	518
V	76608	519
V	76757	520
V	76909	521
V	77061	522
V	77218	523
V	77365	524
V	77526	525
V	77682	526
V	77828	527
V	77977	528
V	78129	529
V	78275	530
V	78420	531
V	78574	532
V	78727	533
V	78872	534
V	79007	535
V	79171	536
V	79328	537
V	79489	538
V	79648	539
V	79809	540
V	79957	541
V	80109	542
V	80260	543
V	80406	544
V	80567	545
V	80720	546
V	80877	547
V	81033	548
V	81175	549
V	81322	550
V	81471	551
V	81636	552
V	81788	553
V	81957	554
V	82109	555
V	82269	556
V	82437	557
V	82598	558
V	82762	559
V	82911	560
V	83070	561
V	83215	562
V	83371	563
V	83523	564
V	83670	565
V	83819	566
V	83959	567
V	84104	568
V	84256	569
V	84402	570
V	84551	571
V	84696	572
V	84840	573
V	84990	574
V	85132	575
V	85276	576
V	85429	577
V	85584	578
V	85728	579
V	85870	580
V	86019	581
V	86161	582
V	86302	583
V	86460	584
V	86609	585
V	86747	586
V	86901	587
V	87053	588
V	87210	589
V	87372	590
V	87526	591
V	87686	592
V	87835	593
V	87982	594
V	88126	595
V	88272	596
V	88421	597
V	88571	598
V	88712	599
V	88856	600
V	89005	601
V	89158	602
V	89307	603
V	89469	604
V	89612	605
V	89765	606
V	89914	607
V	90068	608
V	90221	609
V	90369	610
V	90511	611
V	90667	612
V	90807	613
V	90952	614
V	91098	615
V	91249	616
V	91396	617
V	91544	618
V	91692	619
V	91841	620
V	91985	621
V	92127	622
V	92275	623
V	92413	624
V	92559	625
V	92706	626
V	92854	627
V	93006	628
V	93150	629
V	93304	630
V	93449	631
V	93603	632
V	93764	633
V	93914	634
V	94066	635
V	94222	636
V	94399	637
V	94562	638
V	94709	639
V	94881	640
V	95035	641
V	95174	642
V	95316	643
V	95452	644
V	95613	645
V	95786	646
V	95951	647
V	96102	648
V	96248	649
V	96402	650
V	96554	651
V	96718	652
V	96862	653
V	97020	654
V	97170	655
V	97318	656
V	97469	657
V	97629	658
V	97777	659
V	97933	660
V	98090	661
V	98234	662
V	98379	663
V	98525	664
V	98672	665
V	98823	666
V	98972	667
V	99122	668
V	99269	669
V	99435	670
V	99600	671
V	99759	672
V	99909	673
V	100074	674
V	100232	675
V	100395	676
V	100554	677
V	100714	678
V	100892	679
V	101054	680
V	101211	681
V	101373	682
V	101537	683
V	101696	684
V	101855	685
V	102019	686
V	102183	687
V	102347	688
V	102503	689
V	102663	690
V	102833	691
V	102987	692
V	103144	693
V	103319	694
V	103481	695
V	103642	696
V	103802	697
V	103972	698
V	104127	699
V	104283	700
V	104442	701
V	104606	702
V	104769	703
V	104942	704
V	105107	705
V	105270	706
V	105446	707
V	105613	708
V	105777	709
V	105935	710
V	106105	711
V	106260	712
V	106428	713
V	106589	714
V	106752	715
V	106914	716
V	107057	717
V	107224	718
V	107372	719
V	107511	720
V	107660	721
V	107805	722
V	107942	723
V	108084	724
V	108254	725
V	108400	726
V	108548	727
V	108702	728
V	108852	729
V	109010	730
V	109151	731
V	109299	732
V	109452	733
V	109602	734
V	109747	735
V	109891	736
V	110039	737
V	110176	738
V	110321	739
V	110468	740
V	110613	741
V	110773	742
V	110916	743
V	111087	744
V	111230	745
V	111372	746
V	111519	747
V	111663	748
V	111817	749
V	111987	750
V	112134	751
V	112280	752
V	112440	753
V	112589	754
V	112743	755
V	112900	756
V	113049	757
V	113205	758
V	113364	759
V	113511	760
V	113676	761
V	113819	762
V	113960	763
V	114102	764
V	114264	765
V	114407	766
V	114558	767
V	114706	768
V	114849	769
V	115000	770
V	115152	771
V	115299	772
V	115441	773
V	115586	774
V	115739	775
V	115886	776
V	116038	777
V	116183	778
V	116328	779
V	116481	780
V	116637	781
V	116783	782
V	116928	783
V	117070	784
V	117222	785
V	117377	786
V	117523	787
V	117685	788
V	117831	789
V	117982	790
V	118138	791
V	118297	792
V	118453	793
V	118602	794
V	118746	795
V	118897	796
V	119048	797
V	119193	798
V	119341	799
V	119493	800
V	119645	801
V	119795	802
V	119949	803
V	120114	804
V	120252	805
V	120412	806
V	120561	807
V	120721	808
V	120862	809
V	121017	810
V	121159	811
V	121308	812
V	121456	813
V	121614	814
V	121764	815
V	121910	816
V	122064	817
V	122214	818
V	122373	819
V	122522	820
V	122664	821
V	122809	822
V	122949	823
V	123096	824
V	123237	825
V	123379	826
V	123530	827
V	123679	828
V	123830	829
V	123980	830
V	124124	831
V	124266	832
V	124413	833
V	124557	834
V	124707	835
V	124857	836
V	125006	837
V	125158	838
V	125304	839
V	125441	840
V	125591	841
V	125738	842
V	125896	843
V	126052	844
V	126199	845
V	126353	846
V	126503	847
V	126651	848
V	126794	849
V	126940	850
V	127087	851
V	127239	852
V	127396	853
V	127549	854
V	127690	855
V	127836	856
V	127985	857
V	128136	858
V	128288	859
V	128432	860
V	128587	861
V	128735	862
V	128893	863
V	129039	864
V	129182	865
V	129328	866
V	129473	867
V	129621	868
V	129767	869
V	129909	870
V	130060	871
V	130209	872
V	130363	873
V	130511	874
V	130659	875
V	130809	876
V	130957	877
V	131103	878
V	131250	879
V	131392	880
V	131542	881
V	131686	882
V	131822	883
V	131963	884
V	132110	885
V	132262	886
V	132403	887
V	132546	888
V	132690	889
V	132832	890
V	132985	891
V	133137	892
V	133280	893
V	133433	894
V	133580	895
V	133729	896
V	133877	897
V	134025	898
V	134177	899
V	134333	900
V	134485	901
V	134643	902
V	134794	903
V	134948	904
V	135098	905
V	135253	906
V	135399	907
V	135561	908
V	135716	909
V	135864	910
V	136015	911
V	136162	912
V	136313	913
V	136460	914
V	136603	915
V	136746	916
V	136890	917
V	137038	918
V	137181	919
V	137329	920
V	137479	921
V	137635	922
V	137777	923
V	137927	924
V	138084	925
V	138232	926
V	138389	927
V	138537	928
V	138689	929
V	138835	930
V	138994	931
V	139152	932
V	139300	933
V	139457	934
V	139604	935
V	139752	936
V	139892	937
V	140049	938
V	140201	939
V	140348	940
V	140499	941
V	140655	942
V	140807	943
V	140969	944
V	141119	945
V	141262	946
V	141411	947
V	141560	948
V	141710	949
V	141861	950
V	142010	951
V	142158	952
V	142315	953
V	142461	954
V	142612	955
V	142754	956
V	142911	957
V	143060	958
V	143215	959
V	143366	960
V	143510	961
V	143653	962
V	143798	963
V	143957	964
V	144105	965
V	144257	966
V	144414	967
V	144562	968
V	144710	969
V	144863	970
V	145027	971
V	145179	972
V	145331	973
V	145484	974
V	145638	975
V	145782	976
V	145927	977
V	146080	978
V	146225	979
V	146377	980
V	146521	981
V	146669	982
V	146829	983
V	146979	984
V	147139	985
V	147286	986
V	147441	987
V	147597	988
V	147750	989
V	147903	990
V	148060	991
V	148217	992
V	148363	993
V	148510	994
V	148664	995
V	148823	996
V	148979	997
V	149131	998
V	149277	999
V	149416	1000
V	149574	1001
V	149722	1002
V	149869	1003
V	150024	1004
V	150176	1005
V	150314	1006
V	150459	1007
V	150620	1008
V	150765	1009
V	150925	1010
V	151078	1011
V	151221	1012
V	151371	1013
V	151519	1014
V	151673	1015
V	151832	1016
V	151984	1017
V	152133	1018
V	152282	1019
V	152428	1020
V	152577	1021
V	152730	1022
V	152881	1023
V	153027	1024
V	153179	1025
V	153333	1026
V	153487	1027
V	153643	1028
V	153785	1029
V	153931	1030
V	154071	1031
V	154222	1032
V	154371	1033
V	154514	1034
V	154655	1035
V	154802	1036
V	154959	1037
V	155105	1038
V	155251	1039
V	155394	1040
V	155536	1041
V	155679	1042
V	155821	1043
V	155962	1044
V	156104	1045
V	156251	1046
V	156409	1047
V	156568	1048
V	156714	1049
V	156878	1050
V	157031	1051
V	157181	1052
V	157330	1053
V	157477	1054
V	157628	1055
V	157784	1056
V	157937	1057
V	158080	1058
V	158223	1059
V	158372	1060
V	158517	1061
V	158671	1062
V	158820	1063
V	158968	1064
V	159111	1065
V	159262	1066
V	159404	1067
V	159545	1068
V	159699	1069
V	159842	1070
V	159998	1071
V	160156	1072
V	160304	1073
V	160468	1074
V	160624	1075
V	160776	1076
V	160927	1077
V	161079	1078
V	161235	1079
V	161386	1080
V	161541	1081
V	161698	1082
V	161848	1083
V	162007	1084
V	162156	1085
V	162315	1086
V	162462	1087
V	162613	1088
V	162767	1089
V	162921	1090
V	163073	1091
V	163229	1092
V	163372	1093
V	163522	1094
V	163669	1095
V	163822	1096
V	163980	1097
V	164134	1098
V	164278	1099
V	164420	1100
V	164570	1101
V	164713	1102
V	164860	1103
V	165010	1104
V	165155	1105
V	165299	11380
V	165443	11381
V	165590	11382
V	165740	11383
V	165883	11384
V	166032	11385
V	166174	11386
V	166326	11387
V	166480	11400
V	166620	11401
V	166780	11402
V	166924	11403
V	167095	11404
V	167246	11405
V	167407	11406
V	167555	11407
V	167709	11408
V	167851	11409
V	168000	11410
V	168159	11411
V	168312	11412
V	168457	11413
V	168610	11414
V	168759	11415
V	168905	11416
V	169063	11417
V	169213	11418
V	169365	11419
V	169515	11420
V	169670	11421
V	169819	11422
V	169965	11423
V	170112	11424
V	170257	11425
V	170409	11426
V	170553	11427
V	170701	11428
V	170856	11429
V	171003	11430
V	171151	11431
V	171313	11432
V	171456	11433
V	171605	11434
V	171760	11435
V	171925	11436
V	172066	11437
V	172215	11438
V	172362	11439
V	172515	11440
V	172661	11441
V	172805	11442
V	172951	11443
V	173109	11444
V	173255	11445
V	173396	11446
V	173572	11447
V	173725	11448
V	173871	11449
V	174022	11450
V	174172	11451
V	174327	11452
V	174474	11453
V	174623	11454
V	174783	11455
V	174932	11456
V	175092	11457
V	175250	11458
V	175398	11459
V	175563	11460
V	175712	11461
V	175854	11462
V	176011	11463
V	176159	11464
V	176305	11465
V	176455	11466
V	176608	11467
V	176776	11468
V	176926	11469
V	177076	11470
V	177221	11471
V	177375	11472
V	177522	11473
V	177677	11474
V	177830	11475
V	177984	11476
V	178138	11477
V	178287	11478
V	178436	11479
V	178586	11480
V	178738	11481
V	178885	11482
V	179032	11483
V	179180	11484
V	179329	11485
V	179479	11486
V	179626	11487
V	179775	11488
V	179924	11489
V	180075	11490
V	180224	11491
V	180372	11492
V	180529	11493
V	180686	11494
V	180826	11495
V	180978	11496
V	181135	11497
V	181282	11498
V	181443	11499
V	181592	11500
V	181750	11501
V	181897	11502
V	182048	11503
V	182193	11504
V	182349	11505
V	182501	11506
V	182647	11507
V	182796	11508
V	182947	11509
V	183122	11510
V	183282	11511
V	183431	11512
V	183598	11513
V	183743	11514
V	183903	11515
V	184049	11516
V	184197	11517
V	184349	11518
V	184492	11519
V	184639	11520
V	184796	11521
V	184946	11522
V	185098	11523
V	185251	11524
V	185418	11525
V	185561	11526
V	185711	11527
V	185866	11528
V	186011	11529
V	186161	11530
V	186307	11531
V	186476	11532
V	186622	11533
V	186773	11534
V	186931	11535
V	187082	11536
V	187237	11537
V	187382	11538
V	187543	11539
V	187689	11540
V	187843	11541
V	187993	11542
V	188143	11543
V	188292	11544
V	188441	11545
V	188591	11546
V	188741	11547
V	188888	11548
V	189031	11549
V	189185	11550
V	189339	11551
V	189497	11552
V	189645	11553
V	189796	11554
V	189942	11555
V	190096	11556
V	190246	11557
V	190396	11558
V	190546	11559
V	190708	11560
V	190853	11561
V	190999	11562
V	191155	11563
V	191306	11564
V	191470	11565
V	191620	11566
V	191763	11567
V	191914	11568
V	192068	11569
V	192217	11570
V	192362	11571
V	192512	11572
V	192661	11573
V	192815	11574
V	192964	11575
V	193121	11576
V	193275	11577
V	193434	11578
V	193585	11579
V	193743	11580
V	193893	11581
V	194038	11582
V	194191	11583
V	194349	11584
V	194511	11585
V	194652	11586
V	194797	11587
V	194967	11588
V	195121	11589
V	195270	11590
V	195421	11591
V	195572	11592
V	195725	11593
V	195874	11594
V	196026	11595
V	196187	11596
V	196341	11597
V	196484	11598
V	196637	11599
V	196785	11600
V	196957	11601
V	197103	11602
V	197258	11603
V	197406	11604
V	197559	11605
V	197707	11606
V	197857	11607
V	198008	11608
V	198165	11609
V	198313	11610
V	198460	11611
V	198612	11612
V	198770	11613
V	198953	11614
V	199103	11615
V	199261	11616
V	199412	11617
V	199558	11618
V	199707	11619
V	199862	11620
V	200011	11621
V	200159	11622
V	200307	11623
V	200457	11624
V	200609	11625
V	200752	11626
V	200901	11627
V	201054	11628
V	201203	11629
V	201351	11630
V	201497	11631
V	201637	11632
V	201789	11633
V	201940	11634
V	202092	11635
V	202240	11636
V	202401	11637
V	202569	11638
V	202722	11639
V	202868	11640
V	203019	11641
V	203185	11642
V	203338	11643
V	203489	11644
V	203636	11645
V	203800	11646
V	203951	11647
V	204096	11648
V	204269	11649
V	204413	11650
V	204571	11651
V	204720	11652
V	204869	11653
V	205024	11654
V	205178	11655
V	205326	11656
V	205475	11657
V	205628	11658
V	205775	11659
V	205915	11660
V	206064	11661
V	206212	11662
V	206374	11663
V	206538	11664
V	206693	11665
V	206846	11666
V	207015	11667
V	207187	11668
V	207348	11669
V	207502	11670
V	207675	11671
V	207827	11672
V	207976	11673
V	208132	11674
V	208287	11675
V	208439	11676
V	208585	11677
V	208751	11678
V	208899	11679
V	209049	11680
V	209198	11681
V	209342	11682
V	209494	11683
V	209642	11684
V	209801	11685
V	209955	11686
V	210102	11687
V	210253	11688
V	210420	11689
V	210568	11690
V	210732	11691
V	210886	11692
V	211035	11693
V	211209	11694
V	211360	11695
V	211510	11696
V	211669	11697
V	211817	11698
V	211964	11699
V	212107	11700
V	212256	11701
V	212419	11702
V	212582	11703
V	212736	11704
V	212893	11705
V	213039	11706
V	213189	11707
V	213336	11708
V	213489	11709
V	213637	11710
V	213790	11711
V	213928	11712
V	214075	11713
V	214250	11714
V	214403	11715
V	214567	11716
V	214717	11717
V	214878	11718
V	215028	11719
V	215176	11720
V	215324	11721
V	215486	11722
V	215636	11723
V	215781	11724
V	215930	11725
V	216088	11726
V	216233	11727
V	216383	11728
V	216533	11729
V	216684	11730
V	216848	11731
V	217000	11732
V	217144	11733
V	217294	11734
V	217452	11735
V	217625	11736
V	217775	11737
V	217919	11738
V	218069	11739
V	218227	11740
V	218367	11741
V	218517	11742
V	218666	11743
V	218819	11744
V	218972	11745
V	219139	11746
V	219290	11747
V	219443	11748
V	219594	11749
V	219743	11750
V	219892	11751
V	220044	11752
V	220197	11753
V	220370	11754
V	220521	11755
V	220673	11756
V	220825	11757
V	220977	11758
V	221127	11759
V	221284	11760
V	221441	11761
V	221584	11762
V	221759	11763
V	221927	11764
V	222073	11765
V	222219	11766
V	222369	11767
V	222528	11768
V	222672	11769
V	222817	11770
V	222962	11771
V	223115	11772
V	223266	11773
V	223419	11774
V	223582	11775
V	223727	11776
V	223894	11777
V	224040	11778
V	224189	11779
V	224331	11780
V	224482	11781
V	224633	11782
V	224791	11783
V	224946	11784
V	225097	11785
V	225264	11786
V	225407	11787
V	225560	11788
V	225734	11789
V	225888	11790
V	226037	11791
V	226192	11792
V	226347	11793
V	226500	11794
V	226649	11795
V	226800	11796
V	226947	11797
V	227094	11798
V	227251	11799
V	227397	11800
V	227541	11801
V	227685	11802
V	227835	11803
V	227995	11804
V	228144	11805
V	228300	11806
V	228447	11807
V	228598	11808
V	228739	11809
V	228889	11810
V	229038	11811
V	229206	11812
V	229354	11813
V	229500	11814
V	229642	11815
V	229813	11816
V	229968	11817
V	230113	11818
V	230262	11819
V	230405	11820
V	230555	11821
V	230700	11822
V	230852	11823
V	231002	11824
V	231159	11825
V	231308	11826
V	231453	11827
V	231610	11828
V	231755	11829
V	231908	11830
V	232058	11831
V	232220	11832
V	232394	11833
V	232548	11834
V	232698	11835
V	232849	11836
V	233005	11837
V	233158	11838
V	233310	11839
V	233456	11840
V	233607	11841
V	233760	11842
V	233906	11843
V	234054	11844
V	234194	11845
V	234345	11846
V	234493	11847
V	234648	11848
V	234795	11849
V	234941	11850
V	235090	11851
V	235236	11852
V	235415	11853
V	235562	11854
V	235714	11855
V	235860	11856
V	236009	11857
V	236158	11858
V	236308	11859
V	236461	11860
V	236620	11861
V	236771	11862
V	236921	11863
V	237075	11864
V	237225	11865
V	237373	11866
V	237525	11867
V	237679	11868
V	237826	11869
V	237979	11870
V	238128	11871
V	238272	11872
V	238423	11873
V	238574	11874
V	238718	11875
V	238874	11876
V	239025	11877
V	239170	11878
V	239317	11879
V	239469	11880
V	239613	11881
V	239764	11882
V	239917	11883
V	240067	11884
V	240219	11885
V	240366	11886
V	240519	11887
V	240669	11888
V	240815	11889
V	240962	11890
V	241115	11891
V	241262	11892
V	241415	11893
V	241559	11894
V	241722	11895
V	241866	11896
V	242018	11897
V	242166	11898
V	242313	11899
V	242467	11900
V	242626	11901
V	242778	11902
V	242929	11903
V	243079	11904
V	243233	11905
V	243390	11906
V	243547	11907
V	243694	11908
V	243850	11909
V	244000	11910
V	244145	11911
V	244290	11912
V	244435	11913
V	244586	11914
V	244771	11915
V	244916	11916
V	245058	11917
V	245204	11918
V	245354	11919
V	245496	11920
V	245642	11921
V	245787	11922
V	245935	11923
V	246085	11924
V	246254	11925
V	246405	11926
V	246550	11927
V	246697	11928
V	246847	11929
V	247003	11930
V	247150	11931
V	247299	11932
V	247452	11933
V	247607	11934
V	247757	11935
V	247907	11936
V	248060	11937
V	248217	11938
V	248357	11939
V	248504	11940
V	248649	11941
V	248794	11942
V	248955	11943
V	249093	11944
V	249236	11945
V	249384	11946
V	249546	11947
V	249697	11948
V	249858	11949
V	250008	11950
V	250158	11951
V	250307	11952
V	250453	11953
V	250608	11954
V	250759	11955
V	250909	11956
V	251058	11957
V	251208	11958
V	251358	11959
V	251506	11960
V	251656	11961
V	251804	11962
V	251951	11963
V	252105	11964
V	252249	11965
V	252401	11966
V	252544	11967
V	252693	11968
V	252843	11969
V	252997	11970
V	253149	11971
V	253297	11972
V	253450	11973
V	253602	11974
V	253763	11975
V	253911	11976
V	254063	11977
V	254211	11978
V	254372	11979
V	254526	11980
V	254668	11981
V	254813	11982
V	254967	11983
V	255119	11984
V	255263	11985
V	255411	11986
V	255559	11987
V	255697	11988
V	255843	11989
V	255981	11990
V	256132	11991
V	256287	11992
V	256438	11993
V	256584	11994
V	256729	11995
V	256886	11996
V	257030	11997
V	257182	11998
V	257329	11999
V	257479	12000
V	257629	12001
V	257777	12002
V	257929	12003
V	258083	12004
V	258236	12005
V	258385	12006
V	258529	12007
V	258675	12008
V	258826	12009
V	258975	12010
V	259131	12011
V	259279	12012
V	259437	12013
V	259594	12014
V	259745	12015
V	259887	12016
V	260026	12017
V	260170	12018
V	260319	12019
V	260466	12020
V	260611	12021
V	260768	12022
V	260917	12023
V	261066	12024
V	261221	12025
V	261369	12026
V	261523	12027
V	261666	12028
V	261816	12029
V	261961	12030
V	262110	12031
V	262267	12032
V	262417	12033
V	262572	12034
V	262727	12035
V	262876	12036
V	263027	12037
V	263189	12038
V	263342	12039
V	263484	12040
V	263629	12041
V	263784	12042
V	263938	12043
V	264090	12044
V	264246	12045
V	264392	12046
V	264539	12047
V	264692	12048
V	264845	12049
V	264996	12050
V	265148	12051
V	265310	12052
V	265458	12053
V	265605	12054
V	265777	12055
V	265928	12056
V	266081	12057
V	266226	12058
V	266374	12059
V	266525	12060
V	266676	12061
V	266822	12062
V	266964	12063
V	267131	12064
V	267276	12065
V	267430	12066
V	267585	12067
V	267740	12068
V	267883	12069
V	268036	12070
V	268185	12071
V	268349	12072
V	268495	12073
V	268641	12074
V	268795	12075
V	268945	12076
V	269093	12077
V	269246	12078
V	269387	12079
V	269534	12080
V	269682	12081
V	269824	12082
V	269985	12083
V	270133	12084
V	270279	12085
V	270441	12086
V	270597	12087
V	270752	12088
V	270900	12089
V	271046	12090
V	271193	12091
V	271338	12092
V	271485	12093
V	271644	12094
V	271801	12095
V	271948	12096
V	272096	12097
V	272244	12098
V	272385	12099
V	272529	12100
V	272697	12101
V	272859	12102
V	273028	12103
V	273186	12104
V	273339	12105
V	273484	12106
V	273626	12107
V	273774	12108
V	273921	12109
V	274076	12110
V	274229	12111
V	274380	12112
V	274529	12113
V	274682	12114
V	274845	12115
V	274990	12116
V	275150	12117
V	275300	12118
V	275447	12119
V	275598	12120
V	275744	12121
V	275889	12122
V	276039	12123
V	276199	12124
V	276357	12125
V	276508	12126
V	276660	12127
V	276807	12128
V	276951	12129
V	277097	12130
V	277251	12131
V	277400	12132
V	277564	12133
V	277702	12134
V	277851	12135
V	278004	12136
V	278149	12137
V	278294	12138
V	278466	12139
V	278618	12140
V	278762	12141
V	278911	12142
V	279059	12143
V	279208	12144
V	279366	12145
V	279509	12146
V	279650	12147
V	279800	12148
V	279944	12149
V	280093	12150
V	280244	12151
V	280389	12152
V	280550	12153
V	280715	12154
V	280861	12155
V	281015	12156
V	281167	12157
V	281317	12158
V	281456	12159
V	281621	12160
V	281773	12161
V	281921	12162
V	282079	12163
V	282228	12164
V	282374	12165
V	282520	12166
V	282663	12167
V	282810	12168
V	282953	12169
V	283107	12170
V	283267	12171
V	283419	12172
V	283572	12173
V	283719	12174
V	283867	12175
V	284010	12176
V	284158	12177
V	284302	12178
V	284459	12179
V	284608	12180
V	284760	12181
V	284917	12182
V	285068	12183
V	285220	12184
V	285367	12185
V	285514	12186
V	285664	12187
V	285815	12188
V	285966	12189
V	286111	12190
V	286256	12191
V	286417	12192
V	286570	12193
V	286713	12194
V	286856	12195
V	287009	12196
V	287162	12197
V	287313	12198
V	287456	12199
V	287618	12200
V	287768	12201
V	287915	12202
V	288067	12203
V	288213	12204
V	288366	12205
V	288513	12206
V	288659	12207
V	288832	12208
V	288980	12209
V	289132	12210
V	289279	12211
V	289426	12212
V	289576	12213
V	289732	12214
V	289896	12215
V	290049	12216
V	290195	12217
V	290345	12218
V	290508	12219
V	290661	12220
V	290815	12221
V	290960	12222
V	291115	12223
V	291262	12224
V	291415	12225
V	291568	12226
V	291713	12227
V	291858	12228
V	292003	12229
V	292153	12230
V	292302	12231
V	292474	12232
V	292626	12233
V	292769	12234
V	292911	12235
V	293058	12236
V	293205	12237
V	293359	12238
V	293507	12239
V	293660	12240
V	293809	12241
V	293968	12242
V	294117	12243
V	294288	12244
V	294437	12245
V	294588	12246
V	294734	12247
V	294877	12248
V	295032	12249
V	295185	12250
V	295334	12251
V	295483	12252
V	295630	12253
V	295797	12254
V	295942	12255
V	296092	12256
V	296242	12257
V	296398	12258
V	296550	12259
V	296693	12260
V	296840	12261
V	296992	12262
V	297142	12263
V	297293	12264
V	297441	12265
V	297598	12266
V	297768	12267
V	297917	12268
V	298056	12269
V	298217	12270
V	298368	12271
V	298519	12272
V	298685	12273
V	298830	12274
V	298981	12275
V	299128	12276
V	299294	12277
V	299442	12278
V	299595	12279
V	299745	12280
V	299892	12281
V	300046	12282
V	300201	12283
V	300348	12284
V	300498	12285
V	300645	12286
V	300792	12287
V	300944	12288
V	301094	12289
V	301248	12290
V	301397	12291
V	301549	12292
V	301693	12293
V	301846	12294
V	301988	12295
V	302150	12296
V	302300	12297
V	302454	12298
V	302603	12299
V	302746	12300
V	302888	12301
V	303034	12302
V	303185	12303
V	303350	12304
V	303498	12305
V	303643	12306
V	303794	12307
V	303942	12308
V	304091	12309
V	304238	12310
V	304389	12311
V	304539	12312
V	304701	12313
V	304846	12314
V	305009	12315
V	305157	12316
V	305299	12317
V	305448	12318
V	305594	12319
V	305742	12320
V	305895	12321
V	306040	12322
V	306179	12323
V	306328	12324
V	306476	12325
V	306624	12326
V	306775	12327
V	306923	12328
V	307076	12329
V	307235	12330
V	307391	12331
V	307539	12332
V	307689	12333
V	307837	12334
V	307997	12335
V	308147	12336
V	308292	12337
V	308446	12338
V	308596	12339
V	308746	12340
V	308894	12341
V	309048	12342
V	309195	12343
V	309341	12344
V	309490	12345
V	309649	12346
V	309801	12347
V	309951	12348
V	310099	12349
V	310249	12350
V	310401	12351
V	310573	12352
V	310722	12353
V	310883	12354
V	311033	12355
V	311182	12356
V	311332	12357
V	311480	12358
V	311629	12359
V	311776	12360
V	311930	12361
V	312076	12362
V	312225	12363
V	312373	12364
V	312525	12365
V	312670	12366
V	312823	12367
V	312969	12368
V	313119	12369
V	313267	12370
V	313420	12371
V	313566	12372
V	313715	12373
V	313860	12374
V	314016	12375
V	314165	12376
V	314331	12377
V	314478	12378
V	314632	12379
V	314782	12380
V	314928	12381
V	315075	12382
V	315223	12383
V	315368	12384
V	315519	12385
V	315659	12386
V	315819	12387
V	315969	12388
V	316121	12389
V	316270	12390
V	316412	12391
V	316564	12392
V	316730	12393
V	316884	12394
V	317036	12395
V	317182	12396
V	317342	12397
V	317496	12398
V	317645	12399
V	317789	12400
V	317940	12401
V	318088	12402
V	318241	12403
V	318390	12404
V	318528	12405
V	318683	12406
V	318840	12407
V	319007	12408
V	319158	12409
V	319307	12410
V	319453	12411
V	319617	12412
V	319767	12413
V	319915	12414
V	320057	12415
V	320205	12416
V	320356	12417
V	320520	12418
V	320668	12419
V	320814	12420
V	320970	12421
V	321117	12422
V	321282	12423
V	321434	12424
V	321593	12425
V	321744	12426
V	321896	12427
V	322046	12428
V	322201	12429
V	322357	12430
V	322510	12431
V	322662	12432
V	322813	12433
V	322954	12434
V	323106	12435
V	323255	12436
V	323406	12437
V	323558	12438
V	323711	12439
V	323858	12440
V	324009	12441
V	324162	12442
V	324319	12443
V	324465	12444
V	324619	12445
V	324781	12446
V	324928	12447
V	325091	12448
V	325233	12449
V	325379	12450
V	325528	12451
V	325683	12452
V	325831	12453
V	325985	12454
V	326136	12455
V	326288	12456
V	326462	12457
V	326611	12458
V	326761	12459
V	326913	12460
V	327065	12461
V	327219	12462
V	327368	12463
V	327520	12464
V	327675	12465
V	327823	12466
V	327996	12467
V	328160	12468
V	328305	12469
V	328450	12470
V	328592	12471
V	328742	12472
V	328887	12473
V	329041	12474
V	329191	12475
V	329337	12476
V	329486	12477
V	329653	12478
V	329799	12479
V	329946	12480
V	330093	12481
V	330244	12482
V	330391	12483
V	330556	12484
V	330699	12485
V	330850	12486
V	331008	12487
V	331159	12488
V	331306	12489
V	331461	12490
V	331603	12491
V	331750	12492
V	331904	12493
V	332049	12494
V	332199	12495
V	332352	12496
V	332499	12497
V	332645	12498
V	332791	12499
V	332937	12500
V	333090	12501
V	333245	12502
V	333393	12503
V	333546	12504
V	333695	12505
V	333839	12506
V	333989	12507
V	334141	12508
V	334289	12509
V	334436	12510
V	334586	12511
V	334745	12512
V	334903	12513
V	335056	12514
V	335206	12515
V	335376	12516
V	335539	12517
V	335687	12518
V	335843	12519
V	335993	12520
V	336143	12521
V	336286	12522
V	336439	12523
V	336595	12524
V	336745	12525
V	336893	12526
V	337058	12527
V	337208	12528
V	337358	12529
V	337502	12530
V	337668	12531
V	337818	12532
V	337968	12533
V	338121	12534
V	338278	12535
V	338434	12536
V	338583	12537
V	338736	12538
V	338885	12539
V	339033	12540
V	339174	12541
V	339337	12542
V	339481	12543
V	339628	12544
V	339779	12545
V	339930	12546
V	340077	12547
V	340227	12548
V	340371	12549
V	340517	12550
V	340665	12551
V	340816	12552
V	340969	12553
V	341117	12554
V	341273	12555
V	341423	12556
V	341571	12557
V	341718	12558
V	341867	12559
V	342016	12560
V	342155	12561
V	342304	12562
V	342455	12563
V	342599	12564
V	342746	12565
V	342893	12566
V	343040	12567
V	343190	12568
V	343347	12569
V	343495	12570
V	343641	12571
V	343794	12572
V	343957	12573
V	344108	12574
V	344254	12575
V	344400	12576
V	344554	12577
V	344701	12578
V	344849	12579
V	345001	12580
V	345145	12581
V	345293	12582
V	345455	12583
V	345606	12584
V	345753	12585
V	345907	12586
V	346054	12587
V	346203	12588
V	346340	12589
V	346496	12590
V	346642	12591
V	346789	12592
V	346938	12593
V	347085	12594
V	347236	12595
V	347386	12596
V	347533	12597
V	347684	12598
V	347829	12599
V	347989	12600
V	348131	12601
V	348284	12602
V	348439	12603
V	348589	12604
V	348739	12605
V	348883	12606
V	349038	12607
V	349186	12608
V	349336	12609
V	349485	12610
V	349634	12611
V	349788	12612
V	349933	12613
V	350091	12614
V	350230	12615
V	350380	12616
V	350535	12617
V	350677	12618
V	350826	12619
V	350972	12620
V	351129	12621
V	351299	12622
V	351444	12623
V	351600	12624
V	351749	12625
V	351898	12626
V	352052	12627
V	352202	12628
V	352353	12629
V	352498	12630
V	352645	12631
V	352798	12632
V	352942	12633
V	353089	12634
V	353231	12635
V	353404	12636
V	353560	12637
V	353711	12638
V	353863	12639
V	354016	12640
V	354168	12641
V	354318	12642
V	354470	12643
V	354618	12644
V	354784	12645
V	354928	12646
V	355093	12647
V	355241	12648
V	355390	12649
V	355542	12650
V	355692	12651
V	355843	12652
V	355994	12653
V	356152	12654
V	356300	12655
V	356444	12656
V	356589	12657
V	356741	12658
V	356891	12659
V	357044	12660
V	357193	12661
V	357341	12662
V	357487	12663
V	357646	12664
V	357797	12665
V	357943	12666
V	358107	12667
V	358255	12668
V	358408	12669
V	358552	12670
V	358699	12671
V	358842	12672
V	358994	12673
V	359145	12674
V	359298	12675
V	359446	12676
V	359592	12677
V	359736	12678
V	359885	12679
V	360033	12680
V	360181	12681
V	360327	12682
V	360475	12683
V	360622	12684
V	360773	12685
V	360918	12686
V	361062	12687
V	361209	12688
V	361359	12689
V	361503	12690
V	361655	12691
V	361797	12692
V	361962	12693
V	362110	12694
V	362260	12695
V	362411	12696
V	362576	12697
V	362726	12698
V	362875	12699
V	363032	12700
V	363177	12701
V	363331	12702
V	363478	12703
V	363620	12704
V	363762	12705
V	363906	12706
V	364058	12707
V	364206	12708
V	364354	12709
V	364505	12710
V	364659	12711
V	364805	12712
V	364955	12713
V	365101	12714
V	365249	12715
V	365405	12716
V	365550	12717
V	365699	12718
V	365849	12719
V	366009	12720
V	366152	12721
V	366298	12722
V	366439	12723
V	366605	12724
V	366750	12725
V	366895	12726
V	367046	12727
V	367193	12728
V	367344	12729
V	367487	12730
V	367638	12731
V	367791	12732
V	367942	12733
V	368108	12734
V	368252	12735
V	368393	12736
V	368542	12737
V	368687	12738
V	368840	12739
V	368984	12740
V	369139	12741
V	369284	12742
V	369425	12743
V	369577	12744
V	369721	12745
V	369873	12746
V	370022	12747
V	370170	12748
V	370333	12749
V	370478	12750
V	370629	12751
V	370771	12752
V	370916	12753
V	371084	12754
V	371225	12755
V	371373	12756
V	371519	12757
V	371672	12758
V	371822	12759
V	371972	12760
V	372124	12761
V	372278	12762
V	372431	12763
V	372585	12764
V	372734	12765
V	372887	12766
V	373041	12767
V	373193	12768
V	373342	12769
V	373492	12770
V	373642	12771
V	373792	12772
V	373942	12773
V	374093	12774
V	374247	12775
V	374406	12776
V	374553	12777
V	374702	12778
V	374847	12779
V	374995	12780
V	375136	12781
V	375278	12782
V	375431	12783
V	375586	12784
V	375737	12785
V	375886	12786
V	376036	12787
V	376188	12788
V	376365	12789
V	376529	12790
V	376682	12791
V	376828	12792
V	376979	12793
V	377132	12794
V	377278	12795
V	377430	12796
V	377578	12797
V	377731	12798
V	377874	12799
V	378026	12800
V	378174	12801
V	378320	12802
V	378480	12803
V	378631	12804
V	378786	12805
V	378927	12806
V	379080	12807
V	379227	12808
V	379370	12809
V	379521	12810
V	379672	12811
V	379819	12812
V	379972	12813
V	380121	12814
V	380269	12815
V	380422	12816
V	380571	12817
V	380721	12818
V	380883	12819
V	381031	12820
V	381179	12821
V	381319	12822
V	381495	12823
V	381645	12824
V	381796	12825
V	381935	12826
V	382083	12827
V	382232	12828
V	382385	12829
V	382536	12830
V	382692	12831
V	382839	12832
V	382987	12833
V	383139	12834
V	383286	12835
V	383427	12836
V	383594	12837
V	383736	12838
V	383890	12839
V	384046	12840
V	384197	12841
V	384354	12842
V	384502	12843
V	384648	12844
V	384792	12845
V	384946	12846
V	385096	12847
V	385265	12848
V	385415	12849
V	385569	12850
V	385718	12851
V	385869	12852
V	386017	12853
V	386157	12854
V	386315	12855
V	386465	12856
V	386617	12857
V	386769	12858
V	386920	12859
V	387070	12860
V	387224	12861
V	387370	12862
V	387525	12863
V	387679	12864
V	387844	12865
V	387987	12866
V	388139	12867
V	388290	12868
V	388447	12869
V	388602	12870
V	388773	12871
V	388926	12872
V	389087	12873
V	389237	12874
V	389384	12875
V	389530	12876
V	389687	12877
V	389840	12878
V	389988	12879
V	390136	12880
V	390288	12881
V	390430	12882
V	390593	12883
V	390743	12884
V	390895	12885
V	391043	12886
V	391190	12887
V	391337	12888
V	391492	12889
V	391640	12890
V	391784	12891
V	391935	12892
V	392086	12893
V	392235	12894
V	392384	12895
V	392531	12896
V	392681	12897
V	392830	12898
V	392977	12899
V	393129	12900
V	393270	12901
V	393421	12902
V	393576	12903
V	393722	12904
V	393885	12905
V	394041	12906
V	394194	12907
V	394339	12908
V	394489	12909
V	394639	12910
V	394787	12911
V	394934	12912
V	395077	12913
V	395238	12914
V	395389	12915
V	395534	12916
V	395708	12917
V	395851	12918
V	395999	12919
V	396152	12920
V	396292	12921
V	396444	12922
V	396597	12923
V	396746	12924
V	396895	12925
V	397045	12926
V	397190	12927
V	397340	12928
V	397484	12929
V	397633	12930
V	397791	12931
V	397945	12932
V	398094	12933
V	398247	12934
V	398420	12935
V	398567	12936
V	398717	12937
V	398867	12938
V	399012	12939
V	399164	12940
V	399326	12941
V	399479	12942
V	399631	12943
V	399779	12944
V	399927	12945
V	400081	12946
V	400232	12947
V	400388	12948
V	400541	12949
V	400691	12950
V	400847	12951
V	400998	12952
V	401150	12953
V	401297	12954
V	401472	12955
V	401624	12956
V	401773	12957
V	401922	12958
V	402071	12959
V	402217	12960
V	402393	12961
V	402536	12962
V	402685	12963
V	402839	12964
V	402985	12965
V	403125	12966
V	403270	12967
V	403418	12968
V	403568	12969
V	403713	12970
V	403873	12971
V	404027	12972
V	404174	12973
V	404323	12974
V	404473	12975
V	404617	12976
V	404771	12977
V	404916	12978
V	405073	12979
V	405219	12980
V	405368	12981
V	405526	12982
V	405676	12983
V	405824	12984
V	405975	12985
V	406127	12986
V	406297	12987
V	406445	12988
V	406594	12989
V	406772	12990
V	406918	12991
V	407072	12992
V	407226	12993
V	407376	12994
V	407525	12995
V	407692	12996
V	407835	12997
V	407987	12998
V	408141	12999
V	408284	13000
V	408432	13001
V	408584	13002
V	408739	13003
V	408895	13004
V	409048	13005
V	409195	13006
V	409347	13007
V	409496	13008
V	409653	13009
V	409801	13010
V	409948	13011
V	410096	13012
V	410248	13013
V	410391	13014
V	410543	13015
V	410695	13016
V	410856	13017
V	411009	13018
V	411153	13019
V	411318	13020
V	411463	13021
V	411612	13022
V	411783	13023
V	411934	13024
V	412081	13025
V	412225	13026
V	412378	13027
V	412531	13028
V	412678	13029
V	412826	13030
V	412972	13031
V	413121	13032
V	413268	13033
V	413417	13034
V	413566	13035
V	413715	13036
V	413858	13037
V	414010	13038
V	414162	13039
V	414311	13040
V	414459	13041
V	414616	13042
V	414766	13043
V	414920	13044
V	415062	13045
V	415214	13046
V	415366	13047
V	415512	13048
V	415663	13049
V	415810	13050
V	415955	13051
V	416101	13052
V	416245	13053
V	416386	13054
V	416538	13055
V	416690	13056
V	416844	13057
V	416995	13058
V	417139	13059
V	417287	13060
V	417433	13061
V	417585	13062
V	417736	13063
V	417882	13064
V	418032	13065
V	418179	13066
V	418318	13067
V	418469	13068
V	418618	13069
V	418772	13070
V	418933	13071
V	419084	13072
V	419245	13073
V	419393	13074
V	419542	13075
V	419691	13076
V	419838	13077
V	419984	13078
V	420126	13079
V	420287	13080
V	420449	13081
V	420598	13082
V	420740	13083
V	420887	13084
V	421041	13085
V	421188	13086
V	421335	13087
V	421488	13088
V	421637	13089
V	421787	13090
V	421943	13091
V	422097	13092
V	422244	13093
V	422397	13094
V	422551	13095
V	422701	13096
V	422848	13097
V	422998	13098
V	423150	13099
V	423311	13100
V	423473	13101
V	423619	13102
V	423795	13103
V	423947	13104
V	424095	13105
V	424244	13106
V	424393	13107
V	424540	13108
V	424689	13109
V	424839	13110
V	424992	13111
V	425146	13112
V	425292	13113
V	425446	13114
V	425598	13115
V	425743	13116
V	425891	13117
V	426036	13118
V	426207	13119
V	426350	13120
V	426504	13121
V	426662	13122
V	426810	13123
V	426958	13124
V	427118	13125
V	427262	13126
V	427407	13127
V	427554	13128
V	427708	13129
V	427862	13130
V	428040	13131
V	428202	13132
V	428360	13133
V	428521	13134
V	428672	13135
V	428822	13136
V	428971	13137
V	429135	13138
V	429283	13139
V	429425	13140
V	429572	13141
V	429712	13142
V	429859	13143
V	430012	13144
V	430166	13145
V	430315	13146
V	430460	13147
V	430618	13148
V	430768	13149
V	430911	13150
V	431051	13151
V	431196	13152
V	431348	13153
V	431494	13154
V	431639	13155
V	431782	13156
V	431935	13157
V	432074	13158
V	432222	13159
V	432375	13160
V	432523	13161
V	432673	13162
V	432826	13163
V	432973	13164
V	433155	13165
V	433305	13166
V	433452	13167
V	433598	13168
V	433758	13169
V	433906	13170
V	434058	13171
V	434218	13172
V	434366	13173
V	434514	13174
V	434655	13175
V	434822	13176
V	434967	13177
V	435115	13178
V	435286	13179
V	435431	13180
V	435582	13181
V	435733	13182
V	435880	13183
V	436031	13184
V	436177	13185
V	436329	13186
V	436478	13187
V	436622	13188
V	436786	13189
V	436935	13190
V	437080	13191
V	437257	13192
V	437405	13193
V	437556	13194
V	437736	13195
V	437883	13196
V	438031	13197
V	438183	13198
V	438333	13199
V	438475	13200
V	438625	13201
V	438776	13202
V	438935	13203
V	439090	13204
V	439236	13205
V	439388	13206
V	439537	13207
V	439690	13208
V	439833	13209
V	439978	13210
V	440127	13211
V	440270	13212
V	440423	13213
V	440575	13214
V	440720	13215
V	440876	13216
V	441019	13217
V	441167	13218
V	441317	13219
V	441474	13220
V	441622	13221
V	441770	13222
V	441919	13223
V	442068	13224
V	442213	13225
V	442361	13226
V	442523	13227
V	442671	13228
V	442822	13229
V	442978	13230
V	443127	13231
V	443272	13232
V	443420	13233
V	443574	13234
V	443721	13235
V	443863	13236
V	444017	13237
V	444158	13238
V	444321	13239
V	444472	13240
V	444624	13241
V	444770	13242
V	444919	13243
V	445083	13244
V	445235	13245
V	445375	13246
V	445548	13247
V	445693	13248
V	445849	13249
V	445999	13250
V	446142	13251
V	446302	13252
V	446454	13253
V	446601	13254
V	446761	13255
V	446906	13256
V	447050	13257
V	447194	13258
V	447339	13259
V	447485	13260
V	447634	13261
V	447794	13262
V	447958	13263
V	448104	13264
V	448260	13265
V	448404	13266
V	448553	13267
V	448697	13268
V	448852	13269
V	448998	13270
V	449151	13271
V	449300	13272
V	449452	13273
V	449626	13274
V	449770	13275
V	449923	13276
V	450075	13277
V	450222	13278
V	450374	13279
V	450530	13280
V	450676	13281
V	450825	13282
V	450976	13283
V	451134	13284
V	451295	13285
V	451434	13286
V	451587	13287
V	451751	13288
V	451898	13289
V	452047	13290
V	452194	13291
V	452342	13292
V	452495	13293
V	452653	13294
V	452797	13295
V	452957	13296
V	453109	13297
V	453263	13298
V	453409	13299
V	453555	13300
V	453704	13301
V	453861	13302
V	454014	13303
V	454166	13304
V	454313	13305
V	454474	13306
V	454625	13307
V	454772	13308
V	454918	13309
V	455073	13310
V	455221	13311
V	455371	13312
V	455520	13313
V	455679	13314
V	455826	13315
V	455970	13316
V	456125	13317
V	456284	13318
V	456432	13319
V	456577	13320
V	456724	13321
V	456866	13322
V	457017	13323
V	457166	13324
V	457310	13325
V	457461	13326
V	457609	13327
V	457761	13328
V	457914	13329
V	458065	13330
V	458230	13331
V	458381	13332
V	458542	13333
V	458695	13334
V	458843	13335
V	458995	13336
V	459146	13337
V	459298	13338
V	459451	13339
V	459600	13340
V	459750	13341
V	459899	13342
V	460057	13343
V	460200	13344
V	460351	13345
V	460503	13346
V	460652	13347
V	460802	13348
V	460989	13349
V	461137	13350
V	461286	13351
V	461432	13352
V	461593	13353
V	461734	13354
V	461890	13355
V	462035	13356
V	462178	13357
V	462328	13358
V	462478	13359
V	462635	13360
V	462785	13361
V	462928	13362
V	463074	13363
V	463228	13364
V	463395	13365
V	463542	13366
V	463696	13367
V	463841	13368
V	463989	13369
V	464140	13370
V	464295	13371
V	464439	13372
V	464583	13373
V	464732	13374
V	464887	13375
V	465061	13376
V	465209	13377
V	465362	13378
V	465510	13379
V	465662	13380
V	465826	13381
V	465977	13382
V	466129	13383
V	466278	13384
V	466424	13385
V	466574	13386
V	466725	13387
V	466872	13388
V	467029	13389
V	467181	13390
V	467327	13391
V	467473	13392
V	467625	13393
V	467772	13394
V	467921	13395
V	468074	13396
V	468227	13397
V	468374	13398
V	468524	13399
V	468668	13400
V	468822	13401
V	468971	13402
V	469131	13403
V	469283	13404
V	469436	13405
V	469580	13406
V	469733	13407
V	469885	13408
V	470035	13409
V	470193	13410
V	470355	13411
V	470504	13412
V	470657	13413
V	470807	13414
V	470961	13415
V	471139	13416
V	471284	13417
V	471432	13418
V	471581	13419
V	471750	13420
V	471900	13421
V	472048	13422
V	472201	13423
V	472356	13424
V	472502	13425
V	472649	13426
V	472795	13427
V	472944	13428
V	473123	13429
V	473276	13430
V	473419	13431
V	473572	13432
V	473719	13433
V	473870	13434
V	474013	13435
V	474160	13436
V	474312	13437
V	474458	13438
V	474602	13439
V	474755	13440
V	474918	13441
V	475065	13442
V	475219	13443
V	475383	13444
V	475530	13445
V	475679	13446
V	475829	13447
V	475973	13448
V	476122	13449
V	476271	13450
V	476424	13451
V	476570	13452
V	476722	13453
V	476869	13454
V	477021	13455
V	477162	13456
V	477324	13457
V	477474	13458
V	477627	13459
V	477779	13460
V	477931	13461
V	478083	13462
V	478233	13463
V	478386	13464
V	478537	13465
V	478695	13466
V	478848	13467
V	478999	13468
V	479153	13469
V	479306	13470
V	479453	13471
V	479600	13472
V	479752	13473
V	479901	13474
V	480054	13475
V	480201	13476
V	480352	13477
V	480501	13478
V	480651	13479
V	480806	13480
V	480952	13481
V	481107	13482
V	481264	13483
V	481415	13484
V	481584	13485
V	481729	13486
V	481875	13487
V	482019	13488
V	482175	13489
V	482329	13490
V	482474	13491
V	482624	13492
V	482773	13493
V	482924	13494
V	483069	13495
V	483213	13496
V	483377	13497
V	483538	13498
V	483688	13499
V	483837	13500
V	483984	13501
V	484131	13502
V	484278	13503
V	484438	13504
V	484586	13505
V	484739	13506
V	484885	13507
V	485035	13508
V	485192	13509
V	485342	13510
V	485494	13511
V	485639	13512
V	485797	13513
V	485949	13514
V	486111	13515
V	486256	13516
V	486410	13517
V	486556	13518
V	486707	13519
V	486858	13520
V	487004	13521
V	487160	13522
V	487324	13523
V	487479	13524
V	487631	13525
V	487779	13526
V	487925	13527
V	488074	13528
V	488230	13529
V	488386	13530
V	488524	13531
V	488670	13532
V	488820	13533
V	488965	13534
V	489117	13535
V	489267	13536
V	489415	13537
V	489561	13538
V	489729	13539
V	489875	13540
V	490025	13541
V	490178	13542
V	490326	13543
V	490494	13544
V	490644	13545
V	490788	13546
V	490933	13547
V	491086	13548
V	491234	13549
V	491385	13550
V	491528	13551
V	491684	13552
V	491830	13553
V	491981	13554
V	492134	13555
V	492284	13556
V	492433	13557
V	492582	13558
V	492744	13559
V	492891	13560
V	493037	13561
V	493194	13562
V	493356	13563
V	493507	13564
V	493654	13565
V	493802	13566
V	493949	13567
V	494092	13568
V	494238	13569
V	494385	13570
V	494540	13571
V	494693	13572
V	494852	13573
V	495023	13574
V	495171	13575
V	495314	13576
V	495460	13577
V	495607	13578
V	495771	13579
V	495925	13580
V	496071	13581
V	496217	13582
V	496360	13583
V	496512	13584
V	496664	13585
V	496804	13586
V	496948	13587
V	497095	13588
V	497239	13589
V	497391	13590
V	497542	13591
V	497680	13592
V	497836	13593
V	497983	13594
V	498131	13595
V	498272	13596
V	498422	13597
V	498575	13598
V	498721	13599
V	498879	13600
V	499053	13601
V	499211	13602
V	499355	13603
V	499499	13604
V	499645	13605
V	499805	13606
V	499955	13607
V	500104	13608
V	500265	13609
V	500415	13610
V	500566	13611
V	500715	13612
V	500865	13613
V	501016	13614
V	501169	13615
V	501317	13616
V	501459	13617
V	501607	13618
V	501749	13619
V	501892	13620
V	502038	13621
V	502176	13622
V	502319	13623
V	502470	13624
V	502614	13625
V	502757	13626
V	502905	13627
V	503054	13628
V	503207	13629
V	503357	13630
V	503507	13631
V	503661	13632
V	503808	13633
V	503963	13634
V	504122	13635
V	504267	13636
V	504419	13637
V	504561	13638
V	504716	13639
V	504867	13640
V	505017	13641
V	505170	13642
V	505314	13643
V	505469	13644
V	505618	13645
V	505779	13646
V	505926	13647
V	506071	13648
V	506225	13649
V	506388	13650
V	506543	13651
V	506690	13652
V	506838	13653
V	506985	13654
V	507146	13655
V	507295	13656
V	507439	13657
V	507591	13658
V	507734	13659
V	507889	13660
V	508037	13661
V	508196	13662
V	508352	13663
V	508503	13664
V	508649	13665
V	508792	13666
V	508943	13667
V	509093	13668
V	509251	13669
V	509408	13670
V	509551	13671
V	509716	13672
V	509863	13673
V	510008	13674
V	510162	13675
V	510312	13676
V	510461	13677
V	510608	13678
V	510764	13679
V	510915	13680
V	511057	13681
V	511208	13682
V	511361	13683
V	511505	13684
V	511657	13685
V	511806	13686
V	511957	13687
V	512120	13688
V	512268	13689
V	512413	13690
V	512561	13691
V	512709	13692
V	512856	13693
V	513007	13694
V	513151	13695
V	513299	13696
V	513467	13697
V	513611	13698
V	513759	13699
V	513917	13700
V	514063	13701
V	514222	13702
V	514366	13703
V	514522	13704
V	514671	13705
V	514817	13706
V	514964	13707
V	515114	13708
V	515266	13709
V	515417	13710
V	515567	13711
V	515718	13712
V	515868	13713
V	516020	13714
V	516169	13715
V	516313	13716
V	516461	13717
V	516615	13718
V	516772	13719
V	516923	13720
V	517064	13721
V	517212	13722
V	517357	13723
V	517512	13724
V	517670	13725
V	517819	13726
V	517963	13727
V	518115	13728
V	518265	13729
V	518426	13730
V	518571	13731
V	518725	13732
V	518872	13733
V	519021	13734
V	519188	13735
V	519335	13736
V	519485	13737
V	519634	13738
V	519797	13739
V	519943	13740
V	520084	13741
V	520231	13742
V	520387	13743
V	520538	13744
V	520696	13745
V	520868	13746
V	521018	13747
V	521170	13748
V	521317	13749
V	521464	13750
V	521614	13751
V	521776	13752
V	521927	13753
V	522073	13754
V	522223	13755
V	522369	13756
V	522512	13757
V	522665	13758
V	522814	13759
V	522966	13760
V	523117	13761
V	523273	13762
V	523418	13763
V	523586	13764
V	523734	13765
V	523894	13766
V	524042	13767
V	524207	13768
V	524368	13769
V	524508	13770
V	524653	13771
V	524803	13772
V	524960	13773
V	525126	13774
V	525272	13775
V	525423	13776
V	525572	13777
V	525718	13778
V	525872	13779
V	526031	13780
V	526184	13781
V	526340	13782
V	526498	13783
V	526647	13784
V	526802	13785
V	526946	13786
V	527096	13787
V	527248	13788
V	527403	13789
V	527553	13790
V	527725	13791
V	527875	13792
V	528028	13793
V	528177	13794
V	528331	13795
V	528489	13796
V	528647	13797
V	528799	13798
V	528944	13799
V	529104	13800
V	529257	13801
V	529409	13802
V	529579	13803
V	529730	13804
V	529880	13805
V	530021	13806
V	530162	13807
V	530310	13808
V	530461	13809
V	530617	13810
V	530765	13811
V	530914	13812
V	531074	13813
V	531225	13814
V	531373	13815
V	531518	13816
V	531662	13817
V	531809	13818
V	531957	13819
V	532101	13820
V	532260	13821
V	532403	13822
V	532556	13823
V	532720	13824
V	532872	13825
V	533023	13826
V	533172	13827
V	533317	13828
V	533462	13829
V	533609	13830
V	533756	13831
V	533921	13832
V	534070	13833
V	534220	13834
V	534369	13835
V	534530	13836
V	534682	13837
V	534849	13838
V	535001	13839
V	535137	13840
V	535289	13841
V	535438	13842
V	535583	13843
V	535734	13844
V	535888	13845
V	536042	13846
V	536188	13847
V	536333	13848
V	536471	13849
V	536621	13850
V	536772	13851
V	536918	13852
V	537066	13853
V	537210	13854
V	537363	13855
V	537511	13856
V	537661	13857
V	537812	13858
V	537964	13859
V	538113	13860
V	538264	13861
V	538423	13862
V	538574	13863
V	538723	13864
V	538879	13865
V	539021	13866
V	539172	13867
V	539322	13868
V	539481	13869
V	539632	13870
V	539785	13871
V	539952	13872
V	540096	13873
V	540246	13874
V	540402	13875
V	540554	13876
V	540700	13877
V	540853	13878
V	541007	13879
V	541156	13880
V	541307	13881
V	541449	13882
V	541596	13883
V	541741	13884
V	541911	13885
V	542074	13886
V	542222	13887
V	542369	13888
V	542519	13889
V	542669	13890
V	542816	13891
V	542965	13892
V	543119	13893
V	543267	13894
V	543416	13895
V	543564	13896
V	543711	13897
V	543864	13898
V	544013	13899
V	544160	13900
V	544309	13901
V	544461	13902
V	544606	13903
V	544754	13904
V	544904	13905
V	545056	13906
V	545205	13907
V	545351	13908
V	545504	13909
V	545652	13910
V	545797	13911
V	545967	13912
V	546119	13913
V	546271	13914
V	546417	13915
V	546559	13916
V	546713	13917
V	546865	13918
V	547007	13919
V	547157	13920
V	547307	13921
V	547460	13922
V	547607	13923
V	547754	13924
V	547902	13925
V	548053	13926
V	548198	13927
V	548371	13928
V	548520	13929
V	548673	13930
V	548824	13931
V	548971	13932
V	549125	13933
V	549274	13934
V	549421	13935
V	549565	13936
V	549730	13937
V	549877	13938
V	550034	13939
V	550180	13940
V	550332	13941
V	550483	13942
V	550637	13943
V	550786	13944
V	550937	13945
V	551083	13946
V	551239	13947
V	551392	13948
V	551541	13949
V	551692	13950
V	551838	13951
V	551988	13952
V	552140	13953
V	552317	13954
V	552468	13955
V	552612	13956
V	552758	13957
V	552909	13958
V	553060	13959
V	553207	13960
V	553356	13961
V	553502	13962
V	553652	13963
V	553803	13964
V	553952	13965
V	554103	13966
V	554252	13967
V	554403	13968
V	554558	13969
V	554705	13970
V	554867	13971
V	555015	13972
V	555161	13973
V	555315	13974
V	555459	13975
V	555605	13976
V	555751	13977
V	555900	13978
V	556048	13979
V	556193	13980
V	556357	13981
V	556512	13982
V	556663	13983
V	556816	13984
V	556958	13985
V	557112	13986
V	557265	13987
V	557408	13988
V	557556	13989
V	557706	13990
V	557853	13991
V	558000	13992
V	558145	13993
V	558292	13994
V	558438	13995
V	558585	13996
V	558735	13997
V	558882	13998
V	559032	13999
V	559179	14000
V	559322	14001
V	559472	14002
V	559623	14003
V	559772	14004
V	559915	14005
V	560069	14006
V	560219	14007
V	560370	14008
V	560517	14009
V	560666	14010
V	560818	14011
V	560973	14012
V	561135	14013
V	561277	14014
V	561422	14015
V	561571	14016
V	561710	14017
V	561866	14018
V	562023	14019
V	562176	14020
V	562324	14021
V	562468	14022
V	562630	14023
V	562779	14024
V	562924	14025
V	563086	14026
V	563236	14027
V	563385	14028
V	563535	14029
V	563683	14030
V	563834	14031
V	563984	14032
V	564128	14033
V	564270	14034
V	564418	14035
V	564566	14036
V	564715	14037
V	564864	14038
V	565014	14039
V	565176	14040
V	565320	14041
V	565471	14042
V	565618	14043
V	565773	14044
V	565924	14045
V	566073	14046
V	566223	14047
V	566371	14048
V	566515	14049
V	566658	14050
V	566805	14051
V	566955	14052
V	567109	14053
V	567259	14054
V	567401	14055
V	567553	14056
V	567703	14057
V	567854	14058
V	568000	14059
V	568148	14060
V	568295	14061
V	568443	14062
V	568592	14063
V	568745	14064
V	568893	14065
V	569037	14066
V	569183	14067
V	569333	14068
V	569487	14069
V	569640	14070
V	569787	14071
V	569948	14072
V	570089	14073
V	570252	14074
V	570402	14075
V	570554	14076
V	570705	14077
V	570850	14078
V	570997	14079
V	571167	14080
V	571319	14081
V	571470	14082
V	571622	14083
V	571767	14084
V	571913	14085
V	572063	14086
V	572227	14087
V	572398	14088
V	572548	14089
V	572706	14090
V	572855	14091
V	573004	14092
V	573154	14093
V	573305	14094
V	573458	14095
V	573610	14096
V	573789	14097
V	573928	14098
V	574070	14099
V	574219	14100
V	574366	14101
V	574516	14102
V	574664	14103
V	574821	14104
V	574970	14105
V	575129	14106
V	575276	14107
V	575427	14108
V	575576	14109
V	575733	14110
V	575881	14111
V	576029	14112
V	576196	14113
V	576349	14114
V	576494	14115
V	576654	14116
V	576805	14117
V	576962	14118
V	577136	14119
V	577292	14120
V	577446	14121
V	577592	14122
V	577743	14123
V	577898	14124
V	578040	14125
V	578200	14126
V	578359	14127
V	578513	14128
V	578661	14129
V	578810	14130
V	578954	14131
V	579097	14132
V	579242	14133
V	579391	14134
V	579540	14135
V	579697	14136
V	579844	14137
V	579990	14138
V	580142	14139
V	580306	14140
V	580466	14141
V	580617	14142
V	580777	14143
V	580919	14144
V	581069	14145
V	581226	14146
V	581370	14147
V	581523	14148
V	581671	14149
V	581824	14150
V	581973	14151
V	582120	14152
V	582266	14153
V	582412	14154
V	582566	14155
V	582721	14156
V	582872	14157
V	583023	14158
V	583180	14159
V	583327	14160
V	583484	14161
V	583633	14162
V	583786	14163
V	583936	14164
V	584086	14165
V	584234	14166
V	584379	14167
V	584526	14168
V	584671	14169
V	584820	14170
V	584959	14171
V	585110	14172
V	585254	14173
V	585397	14174
V	585544	14175
V	585698	14176
V	585861	14177
V	586011	14178
V	586158	14179
V	586311	14180
V	586477	14181
V	586628	14182
V	586770	14183
V	586915	14184
V	587066	14185
V	587216	14186
V	587365	14187
V	587535	14188
V	587685	14189
V	587829	14190
V	587976	14191
V	588131	14192
V	588287	14193
V	588440	14194
V	588589	14195
V	588744	14196
V	588893	14197
V	589040	14198
V	589182	14199
V	589337	14200
V	589484	14201
V	589635	14202
V	589789	14203
V	589942	14204
V	590097	14205
V	590247	14206
V	590398	14207
V	590545	14208
V	590691	14209
V	590843	14210
V	590991	14211
V	591140	14212
V	591286	14213
V	591436	14214
V	591587	14215
V	591751	14216
V	591897	14217
V	592040	14218
V	592188	14219
V	592344	14220
V	592493	14221
V	592636	14222
V	592786	14223
V	592934	14224
V	593083	14225
V	593249	14226
V	593406	14227
V	593556	14228
V	593710	14229
V	593865	14230
V	594018	14231
V	594166	14232
V	594316	14233
V	594465	14234
V	594615	14235
V	594766	14236
V	594924	14237
V	595071	14238
V	595219	14239
V	595374	14240
V	595527	14241
V	595679	14242
V	595856	14243
V	596012	14244
V	596159	14245
V	596315	14246
V	596467	14247
V	596631	14248
V	596773	14249
V	596923	14250
V	597067	14251
V	597219	14252
V	597368	14253
V	597511	14254
V	597657	14255
V	597817	14256
V	597981	14257
V	598130	14258
V	598269	14259
V	598416	14260
V	598567	14261
V	598713	14262
V	598863	14263
V	599005	14264
V	599159	14265
V	599303	14266
V	599462	14267
V	599608	14268
V	599759	14269
V	599900	14270
V	600047	14271
V	600197	14272
V	600350	14273
V	600502	14274
V	600652	14275
V	600804	14276
V	600951	14277
V	601098	14278
V	601250	14279
V	601397	14280
V	601544	14281
V	601692	14282
V	601861	14283
V	602008	14284
V	602156	14285
V	602306	14286
V	602457	14287
V	602607	14288
V	602769	14289
V	602918	14290
V	603068	14291
V	603214	14292
V	603382	14293
V	603529	14294
V	603680	14295
V	603824	14296
V	603967	14297
V	604116	14298
V	604272	14299
V	604427	14300
V	604577	14301
V	604723	14302
V	604874	14303
V	605023	14304
V	605183	14305
V	605327	14306
V	605493	14307
V	605651	14308
V	605796	14309
V	605950	14310
V	606098	14311
V	606245	14312
V	606392	14313
V	606550	14314
V	606700	14315
V	606861	14316
V	607010	14317
V	607158	14318
V	607336	14319
V	607480	14320
V	607627	14321
V	607776	14322
V	607933	14323
V	608083	14324
V	608237	14325
V	608384	14326
V	608528	14327
V	608682	14328
V	608823	14329
V	608978	14330
V	609130	14331
V	609279	14332
V	609427	14333
V	609590	14334
V	609738	14335
V	609892	14336
V	610054	14337
V	610205	14338
V	610366	14339
V	610516	14340
V	610667	14341
V	610826	14342
V	610978	14343
V	611127	14344
V	611276	14345
V	611423	14346
V	611570	14347
V	611718	14348
V	611873	14349
V	612024	14350
V	612177	14351
V	612325	14352
V	612491	14353
V	612638	14354
V	612786	14355
V	612934	14356
V	613082	14357
V	613233	14358
V	613384	14359
V	613535	14360
V	613679	14361
V	613830	14362
V	613992	14363
V	614144	14364
V	614307	14365
V	614454	14366
V	614600	14367
V	614755	14368
V	614901	14369
V	615050	14370
V	615194	14371
V	615352	14372
V	615510	14373
V	615657	14374
V	615808	14375
V	615954	14376
V	616100	14377
V	616243	14378
V	616384	14379
V	616535	14380
V	616688	14381
V	616843	14382
V	616989	14383
V	617137	14384
V	617283	14385
V	617439	14386
V	617583	14387
V	617727	14388
V	617869	14389
V	618015	14390
V	618165	14391
V	618309	14392
V	618458	14393
V	618630	14394
V	618779	14395
V	618932	14396
V	619080	14397
V	619233	14398
V	619391	14399
V	619529	14400
V	619682	14401
V	619824	14402
V	619997	14403
V	620145	14404
V	620294	14405
V	620448	14406
V	620601	14407
V	620750	14408
V	620901	14409
V	621050	14410
V	621202	14411
V	621352	14412
V	621500	14413
V	621651	14414
V	621798	14415
V	621964	14416
V	622118	14417
V	622279	14418
V	622428	14419
V	622575	14420
V	622723	14421
V	622877	14422
V	623027	14423
V	623178	14424
V	623336	14425
V	623480	14426
V	623632	14427
V	623778	14428
V	623929	14429
V	624103	14430
V	624251	14431
V	624405	14432
V	624566	14433
V	624718	14434
V	624868	14435
V	625015	14436
V	625161	14437
V	625319	14438
V	625479	14439
V	625622	14440
V	625769	14441
V	625919	14442
V	626082	14443
V	626226	14444
V	626374	14445
V	626525	14446
V	626672	14447
V	626820	14448
V	626969	14449
V	627121	14450
V	627276	14451
V	627437	14452
V	627588	14453
V	627737	14454
V	627880	14455
V	628026	14456
V	628172	14457
V	628321	14458
V	628471	14459
V	628615	14460
V	628764	14461
V	628915	14462
V	629058	14463
V	629206	14464
V	629368	14465
V	629512	14466
V	629665	14467
V	629811	14468
V	629959	14469
V	630110	14470
V	630258	14471
V	630406	14472
V	630550	14473
V	630696	14474
V	630848	14475
V	630998	14476
V	631166	14477
V	631310	14478
V	631461	14479
V	631616	14480
V	631763	14481
V	631917	14482
V	632066	14483
V	632217	14484
V	632366	14485
V	632511	14486
V	632664	14487
V	632805	14488
V	632955	14489
V	633095	14490
V	633246	14491
V	633399	14492
V	633545	14493
V	633689	14494
V	633842	14495
V	634004	14496
V	634146	14497
V	634292	14498
V	634450	14499
V	634605	14500
V	634754	14501
V	634901	14502
V	635045	14503
V	635201	14504
V	635363	14505
V	635510	14506
V	635661	14507
V	635812	14508
V	635962	14509
V	636116	14510
V	636265	14511
V	636411	14512
V	636558	14513
V	636712	14514
V	636863	14515
V	637015	14516
V	637177	14517
V	637327	14518
V	637476	14519
V	637623	14520
V	637784	14521
V	637928	14522
V	638080	14523
V	638229	14524
V	638375	14525
V	638537	14526
V	638689	14527
V	638838	14528
V	638983	14529
V	639125	14530
V	639277	14531
V	639428	14532
V	639576	14533
V	639726	14534
V	639876	14535
V	640026	14536
V	640171	14537
V	640320	14538
V	640464	14539
V	640616	14540
V	640772	14541
V	640919	14542
V	641069	14543
V	641222	14544
V	641376	14545
V	641529	14546
V	641671	14547
V	641824	14548
V	641986	14549
V	642136	14550
V	642283	14551
V	642434	14552
V	642585	14553
V	642736	14554
V	642891	14555
V	643045	14556
V	643198	14557
V	643344	14558
V	643495	14559
V	643657	14560
V	643806	14561
V	643958	14562
V	644109	14563
V	644258	14564
V	644409	14565
V	644563	14566
V	644711	14567
V	644862	14568
V	645010	14569
V	645158	14570
V	645305	14571
V	645453	14572
V	645602	14573
V	645751	14574
V	645897	14575
V	646044	14576
V	646193	14577
V	646345	14578
V	646497	14579
V	646647	14580
V	646789	14581
V	646937	14582
V	647087	14583
V	647234	14584
V	647384	14585
V	647533	14586
V	647675	14587
V	647825	14588
V	647976	14589
V	648139	14590
V	648280	14591
V	648425	14592
V	648575	14593
V	648723	14594
V	648881	14595
V	649027	14596
V	649175	14597
V	649365	14598
V	649513	14599
V	649657	14600
V	649806	14601
V	649964	14602
V	650113	14603
V	650268	14604
V	650412	14605
V	650573	14606
V	650756	14607
V	650906	14608
V	651051	14609
V	651200	14610
V	651359	14611
V	651509	14612
V	651666	14613
V	651817	14614
V	651963	14615
V	652116	14616
V	652258	14617
V	652408	14618
V	652554	14619
V	652702	14620
V	652859	14621
V	653023	14622
V	653175	14623
V	653318	14624
V	653472	14625
V	653616	14626
V	653772	14627
V	653919	14628
V	654064	14629
V	654213	14630
V	654365	14631
V	654531	14632
V	654704	14633
V	654857	14634
V	655003	14635
V	655153	14636
V	655299	14637
V	655448	14638
V	655607	14639
V	655752	14640
V	655898	14641
V	656052	14642
V	656211	14643
V	656358	14644
V	656503	14645
V	656650	14646
V	656804	14647
V	656952	14648
V	657104	14649
V	657256	14650
V	657404	14651
V	657558	14652
V	657707	14653
V	657849	14654
V	658000	14655
V	658155	14656
V	658305	14657
V	658452	14658
V	658606	14659
V	658767	14660
V	658920	14661
V	659068	14662
V	659220	14663
V	659374	14664
V	659524	14665
V	659678	14666
V	659821	14667
V	659977	14668
V	660134	14669
V	660285	14670
V	660433	14671
V	660581	14672
V	660732	14673
V	660881	14674
V	661043	14675
V	661192	14676
V	661343	14677
V	661493	14678
V	661643	14679
V	661801	14680
V	661946	14681
V	662094	14682
V	662242	14683
V	662392	14684
V	662554	14685
V	662699	14686
V	662855	14687
V	663008	14688
V	663155	14689
V	663303	14690
V	663453	14691
V	663601	14692
V	663750	14693
V	663901	14694
V	664050	14695
V	664211	14696
V	664361	14697
V	664511	14698
V	664656	14699
V	664802	14700
V	664948	14701
V	665098	14702
V	665244	14703
V	665392	14704
V	665554	14705
V	665701	14706
V	665846	14707
V	666001	14708
V	666146	14709
V	666299	14710
V	666448	14711
V	666603	14712
V	666745	14713
V	666894	14714
V	667040	14715
V	667186	14716
V	667339	14717
V	667484	14718
V	667636	14719
V	667785	14720
V	667933	14721
V	668083	14722
V	668227	14723
V	668374	14724
V	668525	14725
V	668673	14726
V	668823	14727
V	668971	14728
V	669118	14729
V	669263	14730
V	669413	14731
V	669564	14732
V	669714	14733
V	669865	14734
V	670013	14735
V	670162	14736
V	670310	14737
V	670454	14738
V	670615	14739
V	670759	14740
V	670903	14741
V	671052	14742
V	671201	14743
V	671350	14744
V	671501	14745
V	671644	14746
V	671791	14747
V	671937	14748
V	672086	14749
V	672237	14750
V	672397	14751
V	672548	14752
V	672693	14753
V	672840	14754
V	672989	14755
V	673131	14756
V	673284	14757
V	673441	14758
V	673590	14759
V	673737	14760
V	673889	14761
V	674040	14762
V	674194	14763
V	674348	14764
V	674508	14765
V	674657	14766
V	674806	14767
V	674958	14768
V	675108	14769
V	675263	14770
V	675412	14771
V	675560	14772
V	675708	14773
V	675853	14774
V	676000	14775
V	676144	14776
V	676299	14777
V	676462	14778
V	676609	14779
V	676764	14780
V	676918	14781
V	677067	14782
V	677215	14783
V	677367	14784
V	677514	14785
V	677664	14786
V	677826	14787
V	677970	14788
V	678119	14789
V	678265	14790
V	678414	14791
V	678582	14792
V	678733	14793
V	678883	14794
V	679041	14795
V	679189	14796
V	679339	14797
V	679484	14798
V	679635	14799
V	679783	14800
V	679930	14801
V	680077	14802
V	680231	14803
V	680384	14804
V	680538	14805
V	680690	14806
V	680836	14807
V	680982	14808
V	681140	14809
V	681294	14810
V	681449	14811
V	681605	14812
V	681754	14813
V	681905	14814
V	682052	14815
V	682204	14816
V	682356	14817
V	682509	14818
V	682681	14819
V	682827	14820
V	682972	14821
V	683124	14822
V	683276	14823
V	683420	14824
V	683577	14825
V	683723	14826
V	683869	14827
V	684029	14828
V	684179	14829
V	684323	14830
V	684474	14831
V	684627	14832
V	684777	14833
V	684927	14834
V	685072	14835
V	685216	14836
V	685367	14837
V	685519	14838
V	685669	14839
V	685818	14840
V	685972	14841
V	686111	14842
V	686268	14843
V	686421	14844
V	686579	14845
V	686731	14846
V	686870	14847
V	687017	14848
V	687178	14849
V	687338	14850
V	687487	14851
V	687635	14852
V	687788	14853
V	687951	14854
V	688093	14855
V	688247	14856
V	688391	14857
V	688547	14858
V	688706	14859
V	688848	14860
V	689002	14861
V	689149	14862
V	689300	14863
V	689453	14864
V	689601	14865
V	689751	14866
V	689895	14867
V	690046	14868
V	690197	14869
V	690343	14870
V	690490	14871
V	690639	14872
V	690788	14873
V	690935	14874
V	691078	14875
V	691227	14876
V	691374	14877
V	691527	14878
V	691678	14879
V	691828	14880
V	691972	14881
V	692128	14882
V	692286	14883
V	692434	14884
V	692583	14885
V	692735	14886
V	692882	14887
V	693032	14888
V	693186	14889
V	693328	14890
V	693478	14891
V	693632	14892
V	693783	14893
V	693941	14894
V	694112	14895
V	694276	14896
V	694420	14897
V	694565	14898
V	694716	14899
V	694867	14900
V	695019	14901
V	695162	14902
V	695313	14903
V	695457	14904
V	695612	14905
V	695782	14906
V	695935	14907
V	696087	14908
V	696239	14909
V	696399	14910
V	696548	14911
V	696702	14912
V	696859	14913
V	697028	14914
V	697175	14915
V	697335	14916
V	697480	14917
V	697630	14918
V	697773	14919
V	697922	14920
V	698079	14921
V	698229	14922
V	698377	14923
V	698524	14924
V	698679	14925
V	698828	14926
V	698981	14927
V	699132	14928
V	699279	14929
V	699428	14930
V	699576	14931
V	699731	14932
V	699885	14933
V	700041	14934
V	700186	14935
V	700340	14936
V	700497	14937
V	700649	14938
V	700803	14939
V	700953	14940
V	701104	14941
V	701257	14942
V	701405	14943
V	701555	14944
V	701698	14945
V	701844	14946
V	701987	14947
V	702134	14948
V	702287	14949
V	702441	14950
V	702594	14951
V	702734	14952
V	702886	14953
V	703031	14954
V	703191	14955
V	703344	14956
V	703518	14957
V	703669	14958
V	703821	14959
V	703962	14960
V	704123	14961
V	704275	14962
V	704420	14963
V	704572	14964
V	704718	14965
V	704869	14966
V	705019	14967
V	705169	14968
V	705317	14969
V	705468	14970
V	705621	14971
V	705772	14972
V	705922	14973
V	706068	14974
V	706224	14975
V	706376	14976
V	706526	14977
V	706675	14978
V	706829	14979
V	706993	14980
V	707163	14981
V	707328	14982
V	707483	14983
V	707637	14984
V	707789	14985
V	707939	14986
V	708085	14987
V	708242	14988
V	708391	14989
V	708541	14990
V	708692	14991
V	708847	14992
V	708993	14993
V	709156	14994
V	709310	14995
V	709453	14996
V	709619	14997
V	709767	14998
V	709912	14999
V	710064	15000
V	710213	15001
V	710365	15002
V	710515	15003
V	710677	15004
V	710824	15005
V	710972	15006
V	711118	15007
V	711271	15008
V	711413	15009
V	711563	15010
V	711709	15011
V	711857	15012
V	711998	15013
V	712153	15014
V	712320	15015
V	712470	15016
V	712619	15017
V	712766	15018
V	712910	15019
V	713062	15020
V	713213	15021
V	713360	15022
V	713504	15023
V	713655	15024
V	713807	15025
V	713961	15026
V	714111	15027
V	714258	15028
V	714418	15029
V	714563	15030
V	714708	15031
V	714857	15032
V	715002	15033
V	715157	15034
V	715303	15035
V	715455	15036
V	715610	15037
V	715761	15038
V	715913	15039
V	716056	15040
V	716211	15041
V	716364	15042
V	716512	15043
V	716657	15044
V	716827	15045
V	716971	15046
V	717134	15047
V	717281	15048
V	717430	15049
V	717576	15050
V	717729	15051
V	717879	15052
V	718031	15053
V	718181	15054
V	718328	15055
V	718481	15056
V	718632	15057
V	718780	15058
V	718928	15059
V	719071	15060
V	719216	15061
V	719361	15062
V	719517	15063
V	719672	15064
V	719817	15065
V	719964	15066
V	720113	15067
V	720262	15068
V	720409	15069
V	720549	15070
V	720698	15071
V	720847	15072
V	720990	15073
V	721136	15074
V	721301	15075
V	721452	15076
V	721605	15077
V	721751	15078
V	721900	15079
V	722052	15080
V	722192	15081
V	722342	15082
V	722493	15083
V	722660	15084
V	722816	15085
V	722961	15086
V	723110	15087
V	723262	15088
V	723410	15089
V	723565	15090
V	723718	15091
V	723864	15092
V	724016	15093
V	724170	15094
V	724319	15095
V	724464	15096
V	724616	15097
V	724760	15098
V	724910	15099
V	725057	15100
V	725201	15101
V	725354	15102
V	725502	15103
V	725651	15104
V	725797	15105
V	725949	15106
V	726101	15107
V	726253	15108
V	726397	15109
V	726546	15110
V	726699	15111
V	726844	15112
V	726992	15113
V	727141	15114
V	727292	15115
V	727465	15116
V	727608	15117
V	727760	15118
V	727914	15119
V	728055	15120
V	728228	15121
V	728374	15122
V	728517	15123
V	728664	15124
V	728807	15125
V	728956	15126
V	729105	15127
V	729254	15128
V	729406	15129
V	729552	15130
V	729700	15131
V	729846	15132
V	730003	15133
V	730156	15134
V	730306	15135
V	730462	15136
V	730616	15137
V	730765	15138
V	730916	15139
V	731073	15140
V	731222	15141
V	731365	15142
V	731513	15143
V	731663	15144
V	731814	15145
V	731962	15146
V	732118	15147
V	732272	15148
V	732418	15149
V	732565	15150
V	732713	15151
V	732863	15152
V	733006	15153
V	733157	15154
V	733311	15155
V	733458	15156
V	733612	15157
V	733757	15158
V	733902	15159
V	734050	15160
V	734197	15161
V	734364	15162
V	734515	15163
V	734659	15164
V	734801	15165
V	734944	15166
V	735094	15167
V	735246	15168
V	735395	15169
V	735543	15170
V	735695	15171
V	735838	15172
V	735989	15173
V	736137	15174
V	736286	15175
V	736437	15176
V	736591	15177
V	736744	15178
V	736893	15179
V	737039	15180
V	737216	15181
V	737362	15182
V	737509	15183
V	737663	15184
V	737828	15185
V	737978	15186
V	738129	15187
V	738290	15188
V	738441	15189
V	738593	15190
V	738740	15191
V	738887	15192
V	739031	15193
V	739191	15194
V	739353	15195
V	739500	15196
V	739653	15197
V	739797	15198
V	739945	15199
V	740097	15200
V	740245	15201
V	740390	15202
V	740530	15203
V	740683	15204
V	740835	15205
V	740989	15206
V	741138	15207
V	741292	15208
V	741450	15209
V	741604	15210
V	741762	15211
V	741916	15212
V	742069	15213
V	742227	15214
V	742380	15215
V	742523	15216
V	742672	15217
V	742821	15218
V	742973	15219
V	743130	15220
V	743292	15221
V	743435	15222
V	743583	15223
V	743728	15224
V	743873	15225
V	744026	15226
V	744177	15227
V	744330	15228
V	744473	15229
V	744620	15230
V	744766	15231
V	744912	15232
V	745061	15233
V	745205	15234
V	745355	15235
V	745506	15236
V	745665	15237
V	745811	15238
V	745959	15239
V	746112	15240
V	746261	15241
V	746412	15242
V	746567	15243
V	746717	15244
V	746862	15245
V	747026	15246
V	747179	15247
V	747330	15248
V	747478	15249
V	747627	15250
V	747774	15251
V	747924	15252
V	748071	15253
V	748218	15254
V	748364	15255
V	748517	15256
V	748662	15257
V	748809	15258
V	748963	15259
V	749107	15260
V	749255	15261
V	749410	15262
V	749561	15263
V	749707	15264
V	749853	15265
V	750005	15266
V	750155	15267
V	750311	15268
V	750468	15269
V	750623	15270
V	750773	15271
V	750920	15272
V	751069	15273
V	751243	15274
V	751408	15275
V	751556	15276
V	751711	15277
V	751861	15278
V	752010	15279
V	752163	15280
V	752315	15281
V	752469	15282
V	752624	15283
V	752772	15284
V	752923	15285
V	753075	15286
V	753220	15287
V	753370	15288
V	753514	15289
V	753663	15290
V	753822	15291
V	753968	15292
V	754113	15293
V	754261	15294
V	754416	15295
V	754565	15296
V	754713	15297
V	754876	15298
V	755021	15299
V	755176	15300
V	755330	15301
V	755483	15302
V	755624	15303
V	755783	15304
V	755933	15305
V	756077	15306
V	756221	15307
V	756385	15308
V	756541	15309
V	756686	15310
V	756840	15311
V	756989	15312
V	757148	15313
V	757310	15314
V	757457	15315
V	757605	15316
V	757752	15317
V	757899	15318
V	758050	15319
V	758196	15320
V	758341	15321
V	758494	15322
V	758644	15323
V	758797	15324
V	758955	15325
V	759101	15326
V	759249	15327
V	759396	15328
V	759545	15329
V	759700	15330
V	759845	15331
V	760018	15332
V	760176	15333
V	760329	15334
V	760477	15335
V	760624	15336
V	760763	15337
V	760905	15338
V	761056	15339
V	761205	15340
V	761359	15341
V	761507	15342
V	761662	15343
V	761812	15344
V	761964	15345
V	762117	15346
V	762262	15347
V	762417	15348
V	762573	15349
V	762715	15350
V	762859	15351
V	763009	15352
V	763158	15353
V	763310	15354
V	763469	15355
V	763611	15356
V	763767	15357
V	763921	15358
V	764072	15359
V	764221	15360
V	764375	15361
V	764531	15362
V	764682	15363
V	764837	15364
V	764984	15365
V	765131	15366
V	765275	15367
V	765420	15368
V	765574	15369
V	765730	15370
V	765878	15371
V	766028	15372
V	766204	15373
V	766360	15374
V	766510	15375
V	766659	15376
V	766837	15377
V	766987	15378
V	767134	15379
V	767282	15380
V	767431	15381
V	767579	15382
V	767728	15383
V	767880	15384
V	768027	15385
V	768174	15386
V	768317	15387
V	768463	15388
V	768609	15389
V	768758	15390
V	768912	15391
V	769057	15392
V	769213	15393
V	769357	15394
V	769497	15395
V	769652	15396
V	769796	15397
V	769957	15398
V	770106	15399
V	770255	15400
V	770404	15401
V	770558	15402
V	770710	15403
V	770873	15404
V	771031	15405
V	771171	15406
V	771331	15407
V	771478	15408
V	771619	15409
V	771791	15410
V	771943	15411
V	772091	15412
V	772246	15413
V	772392	15414
V	772544	15415
V	772696	15416
V	772843	15417
V	772986	15418
V	773133	15419
V	773277	15420
V	773429	15421
V	773580	15422
V	773730	15423
V	773876	15424
V	774024	15425
V	774172	15426
V	774315	15427
V	774456	15428
V	774604	15429
V	774753	15430
V	774908	15431
V	775059	15432
V	775211	15433
V	775361	15434
V	775516	15435
V	775664	15436
V	775813	15437
V	775962	15438
V	776112	15439
V	776257	15440
V	776412	15441
V	776556	15442
V	776711	15443
V	776863	15444
V	777015	15445
V	777167	15446
V	777317	15447
V	777484	15448
V	777648	15449
V	777796	15450
V	777943	15451
V	778093	15452
V	778246	15453
V	778388	15454
V	778564	15455
V	778737	15456
V	778887	15457
V	779035	15458
V	779184	15459
V	779335	15460
V	779481	15461
V	779643	15462
V	779784	15463
V	779950	15464
V	780114	15465
V	780266	15466
V	780417	15467
V	780584	15468
V	780730	15469
V	780876	15470
V	781026	15471
V	781190	15472
V	781337	15473
V	781489	15474
V	781638	15475
V	781789	15476
V	781943	15477
V	782088	15478
V	782234	15479
V	782389	15480
V	782545	15481
V	782689	15482
V	782841	15483
V	782999	15484
V	783150	15485
V	783304	15486
V	783462	15487
V	783616	15488
V	783772	15489
V	783921	15490
V	784067	15491
V	784229	15492
V	784389	15493
V	784535	15494
V	784681	15495
V	784827	15496
V	784981	15497
V	785153	15498
V	785304	15499
V	785473	15500
V	785622	15501
V	785767	15502
V	785917	15503
V	786068	15504
V	786217	15505
V	786368	15506
V	786520	15507
V	786674	15508
V	786826	15509
V	786978	15510
V	787132	15511
V	787305	15512
V	787453	15513
V	787598	15514
V	787751	15515
V	787906	15516
V	788071	15517
V	788213	15518
V	788384	15519
V	788537	15520
V	788687	15521
V	788838	15522
V	788992	15523
V	789144	15524
V	789303	15525
V	789449	15526
V	789596	15527
V	789744	15528
V	789890	15529
V	790042	15530
V	790186	15531
V	790338	15532
V	790489	15533
V	790640	15534
V	790790	15535
V	790940	15536
V	791088	15537
V	791270	15538
V	791428	15539
V	791594	15540
V	791743	15541
V	791895	15542
V	792041	15543
V	792191	15544
V	792338	15545
V	792501	15546
V	792644	15547
V	792787	15548
V	792942	15549
V	793098	15550
V	793249	15551
V	793397	15552
V	793547	15553
V	793704	15554
V	793851	15555
V	794003	15556
V	794149	15557
V	794302	15558
V	794453	15559
V	794604	15560
V	794753	15561
V	794919	15562
V	795067	15563
V	795218	15564
V	795372	15565
V	795523	15566
V	795692	15567
V	795841	15568
V	795998	15569
V	796141	15570
V	796289	15571
V	796434	15572
V	796582	15573
V	796733	15574
V	796889	15575
V	797040	15576
V	797190	15577
V	797344	15578
V	797492	15579
V	797632	15580
V	797790	15581
V	797950	15582
V	798101	15583
V	798246	15584
V	798397	15585
V	798543	15586
V	798690	15587
V	798838	15588
V	798990	15589
V	799144	15590
V	799286	15591
V	799437	15592
V	799589	15593
V	799734	15594
V	799888	15595
V	800038	15596
V	800182	15597
V	800333	15598
V	800489	15599
V	800641	15600
V	800790	15601
V	800957	15602
V	801099	15603
V	801245	15604
V	801394	15605
V	801545	15606
V	801694	15607
V	801835	15608
V	801989	15609
V	802137	15610
V	802288	15611
V	802435	15612
V	802585	15613
V	802727	15614
V	802882	15615
V	803034	15616
V	803213	15617
V	803357	15618
V	803510	15619
V	803656	15620
V	803825	15621
V	803975	15622
V	804123	15623
V	804272	15624
V	804423	15625
V	804568	15626
V	804720	15627
V	804867	15628
V	805017	15629
V	805165	15630
V	805315	15631
V	805468	15632
V	805621	15633
V	805766	15634
V	805919	15635
V	806068	15636
V	806222	15637
V	806377	15638
V	806539	15639
V	806684	15640
V	806832	15641
V	806978	15642
V	807124	15643
V	807276	15644
V	807422	15645
V	807575	15646
V	807714	15647
V	807862	15648
V	808013	15649
V	808155	15650
V	808308	15651
V	808451	15652
V	808603	15653
V	808747	15654
V	808897	15655
V	809049	15656
V	809200	15657
V	809342	15658
V	809490	15659
V	809634	15660
V	809779	15661
V	809929	15662
V	810076	15663
V	810228	15664
V	810375	15665
V	810515	15666
V	810666	15667
V	810813	15668
V	810962	15669
V	811114	15670
V	811261	15671
V	811437	15672
V	811589	15673
V	811736	15674
V	811892	15675
V	812043	15676
V	812184	15677
V	812331	15678
V	812479	15679
V	812629	15680
V	812777	15681
V	812920	15682
V	813074	15683
V	813224	15684
V	813371	15685
V	813528	15686
V	813673	15687
V	813823	15688
V	813980	15689
V	814124	15690
V	814269	15691
V	814418	15692
V	814566	15693
V	814719	15694
V	814867	15695
V	815023	15696
V	815169	15697
V	815344	15698
V	815496	15699
V	815647	15700
V	815793	15701
V	815939	15702
V	816092	15703
V	816243	15704
V	816392	15705
V	816537	15706
V	816692	15707
V	816850	15708
V	817004	15709
V	817155	15710
V	817310	15711
V	817461	15712
V	817610	15713
V	817758	15714
V	817905	15715
V	818046	15716
V	818198	15717
V	818353	15718
V	818500	15719
V	818648	15720
V	818804	15721
V	818952	15722
V	819103	15723
V	819249	15724
V	819399	15725
V	819548	15726
V	819700	15727
V	819851	15728
V	820001	15729
V	820152	15730
V	820305	15731
V	820454	15732
V	820606	15733
V	820758	15734
V	820907	15735
V	821065	15736
V	821212	15737
V	821364	15738
V	821528	15739
V	821689	15740
V	821839	15741
V	821987	15742
V	822136	15743
V	822283	15744
V	822427	15745
V	822574	15746
V	822721	15747
V	822880	15748
V	823028	15749
V	823175	15750
V	823324	15751
V	823474	15752
V	823619	15753
V	823773	15754
V	823924	15755
V	824078	15756
V	824230	15757
V	824383	15758
V	824537	15759
V	824684	15760
V	824837	15761
V	824987	15762
V	825135	15763
V	825282	15764
V	825425	15765
V	825575	15766
V	825725	15767
V	825869	15768
V	826017	15769
V	826164	15770
V	826312	15771
V	826459	15772
V	826607	15773
V	826758	15774
V	826907	15775
V	827059	15776
V	827221	15777
V	827364	15778
V	827516	15779
V	827683	15780
V	827827	15781
V	827971	15782
V	828123	15783
V	828272	15784
V	828423	15785
V	828578	15786
V	828728	15787
V	828885	15788
V	829031	15789
V	829185	15790
V	829331	15791
V	829484	15792
V	829626	15793
V	829780	15794
V	829951	15795
V	830123	15796
V	830272	15797
V	830421	15798
V	830569	15799
V	830729	15800
V	830876	15801
V	831024	15802
V	831181	15803
V	831333	15804
V	831479	15805
V	831626	15806
V	831772	15807
V	831932	15808
V	832083	15809
V	832241	15810
V	832381	15811
V	832532	15812
V	832684	15813
V	832830	15814
V	832976	15815
V	833118	15816
V	833270	15817
V	833423	15818
V	833568	15819
V	833722	15820
V	833876	15821
V	834028	15822
V	834177	15823
V	834322	15824
V	834484	15825
V	834639	15826
V	834784	15827
V	834930	15828
V	835084	15829
V	835227	15830
V	835368	15831
V	835511	15832
V	835666	15833
V	835831	15834
V	835982	15835
V	836134	15836
V	836281	15837
V	836433	15838
V	836582	15839
V	836746	15840
V	836896	15841
V	837042	15842
V	837197	15843
V	837346	15844
V	837489	15845
V	837651	15846
V	837793	15847
V	837939	15848
V	838085	15849
V	838249	15850
V	838402	15851
V	838557	15852
V	838709	15853
V	838857	15854
V	839004	15855
V	839151	15856
V	839297	15857
V	839441	15858
V	839591	15859
V	839757	15860
V	839901	15861
V	840040	15862
V	840189	15863
V	840338	15864
V	840501	15865
V	840674	15866
V	840824	15867
V	840971	15868
V	841115	15869
V	841258	15870
V	841423	15871
V	841568	15872
V	841715	15873
V	841871	15874
V	842028	15875
V	842184	15876
V	842332	15877
V	842485	15878
V	842637	15879
V	842785	15880
V	842935	15881
V	843089	15882
V	843240	15883
V	843393	15884
V	843536	15885
V	843683	15886
V	843834	15887
V	843995	15888
V	844150	15889
V	844297	15890
V	844449	15891
V	844599	15892
V	844753	15893
V	844901	15894
V	845054	15895
V	845204	15896
V	845354	15897
V	845507	15898
V	845662	15899
V	845805	15900
V	845956	15901
V	846101	15902
V	846250	15903
V	846399	15904
V	846564	15905
V	846718	15906
V	846865	15907
V	847022	15908
V	847164	15909
V	847311	15910
V	847457	15911
V	847609	15912
V	847759	15913
V	847909	15914
V	848073	15915
V	848230	15916
V	848379	15917
V	848529	15918
V	848682	15919
V	848828	15920
V	848975	15921
V	849143	15922
V	849286	15923
V	849434	15924
V	849582	15925
V	849727	15926
V	849879	15927
V	850029	15928
V	850190	15929
V	850335	15930
V	850488	15931
V	850657	15932
V	850806	15933
V	850953	15934
V	851104	15935
V	851253	15936
V	851398	15937
V	851550	15938
V	851711	15939
V	851856	15940
V	852011	15941
V	852161	15942
V	852305	15943
V	852451	15944
V	852603	15945
V	852760	15946
V	852898	15947
V	853043	15948
V	853189	15949
V	853338	15950
V	853490	15951
V	853644	15952
V	853802	15953
V	853946	15954
V	854103	15955
V	854265	15956
V	854421	15957
V	854570	15958
V	854711	15959
V	854871	15960
V	855019	15961
V	855176	15962
V	855329	15963
V	855475	15964
V	855621	15965
V	855764	15966
V	855914	15967
V	856076	15968
V	856229	15969
V	856374	15970
V	856528	15971
V	856674	15972
V	856818	15973
V	856967	15974
V	857112	15975
V	857266	15976
V	857410	15977
V	857571	15978
V	857723	15979
V	857864	15980
V	858007	15981
V	858168	15982
V	858315	15983
V	858465	15984
V	858620	15985
V	858783	15986
V	858941	15987
V	859088	15988
V	859237	15989
V	859393	15990
V	859538	15991
V	859686	15992
V	859836	15993
V	859982	15994
V	860149	15995
V	860292	15996
V	860454	15997
V	860603	15998
V	860763	15999
V	860918	16000
V	861066	16001
V	861209	16002
V	861355	16003
V	861501	16004
V	861644	16005
V	861794	16006
V	861941	16007
V	862093	16008
V	862238	16009
V	862384	16010
V	862533	16011
V	862676	16012
V	862840	16013
V	862989	16014
V	863137	16015
V	863284	16016
V	863431	16017
V	863581	16018
V	863731	16019
V	863878	16020
V	864030	16021
V	864174	16022
V	864322	16023
V	864468	16024
V	864622	16025
V	864777	16026
V	864930	16027
V	865076	16028
V	865227	16029
V	865380	16030
V	865533	16031
V	865689	16032
V	865838	16033
V	865990	16034
V	866143	16035
V	866292	16036
V	866443	16037
V	866594	16038
V	866740	16039
V	866883	16040
V	867036	16041
V	867185	16042
V	867340	16043
V	867488	16044
V	867634	16045
V	867788	16046
V	867932	16047
V	868083	16048
V	868238	16049
V	868408	16050
V	868562	16051
V	868708	16052
V	868857	16053
V	869007	16054
V	869156	16055
V	869314	16056
V	869461	16057
V	869622	16058
V	869769	16059
V	869925	16060
V	870069	16061
V	870217	16062
V	870368	16063
V	870523	16064
V	870666	16065
V	870815	16066
V	870961	16067
V	871109	16068
V	871259	16069
V	871411	16070
V	871554	16071
V	871708	16072
V	871862	16073
V	872013	16074
V	872162	16075
V	872309	16076
V	872463	16077
V	872610	16078
V	872763	16079
V	872907	16080
V	873058	16081
V	873206	16082
V	873354	16083
V	873506	16084
V	873658	16085
V	873805	16086
V	873956	16087
V	874105	16088
V	874263	16089
V	874406	16090
V	874554	16091
V	874702	16092
V	874844	16093
V	874997	16094
V	875148	16095
V	875303	16096
V	875451	16097
V	875599	16098
V	875741	16099
V	875889	16100
V	876038	16101
V	876188	16102
V	876336	16103
V	876487	16104
V	876651	16105
V	876801	16106
V	876950	16107
V	877098	16108
V	877250	16109
V	877400	16110
V	877553	16111
V	877708	16112
V	877853	16113
V	878003	16114
V	878151	16115
V	878296	16116
V	878470	16117
V	878624	16118
V	878765	16119
V	878920	16120
V	879069	16121
V	879221	16122
V	879375	16123
V	879517	16124
V	879668	16125
V	879815	16126
V	879959	16127
V	880108	16128
V	880258	16129
V	880409	16130
V	880558	16131
V	880703	16132
V	880847	16133
V	880997	16134
V	881142	16135
V	881293	16136
V	881444	16137
V	881585	16138
V	881730	16139
V	881873	16140
V	882023	16141
V	882173	16142
V	882330	16143
V	882480	16144
V	882630	16145
V	882807	16146
V	882960	16147
V	883101	16148
V	883250	16149
V	883391	16150
V	883547	16151
V	883698	16152
V	883848	16153
V	884001	16154
V	884149	16155
V	884300	16156
V	884454	16157
V	884602	16158
V	884746	16159
V	884903	16160
V	885062	16161
V	885212	16162
V	885367	16163
V	885523	16164
V	885677	16165
V	885823	16166
V	885972	16167
V	886120	16168
V	886271	16169
V	886417	16170
V	886570	16171
V	886732	16172
V	886881	16173
V	887035	16174
V	887178	16175
V	887325	16176
V	887477	16177
V	887627	16178
V	887773	16179
V	887919	16180
V	888060	16181
V	888207	16182
V	888355	16183
V	888507	16184
V	888662	16185
V	888811	16186
V	888962	16187
V	889111	16188
V	889272	16189
V	889423	16190
V	889574	16191
V	889726	16192
V	889893	16193
V	890042	16194
V	890192	16195
V	890337	16196
V	890485	16197
V	890630	16198
V	890781	16199
V	890931	16200
V	891084	16201
V	891233	16202
V	891387	16203
V	891542	16204
V	891698	16205
V	891854	16206
V	892012	16207
V	892152	16208
V	892299	16209
V	892446	16210
V	892598	16211
V	892744	16212
V	892892	16213
V	893074	16214
V	893226	16215
V	893373	16216
V	893521	16217
V	893668	16218
V	893815	16219
V	893965	16220
V	894119	16221
V	894261	16222
V	894416	16223
V	894564	16224
V	894720	16225
V	894878	16226
V	895021	16227
V	895182	16228
V	895335	16229
V	895485	16230
V	895636	16231
V	895786	16232
V	895928	16233
V	896086	16234
V	896228	16235
V	896376	16236
V	896524	16237
V	896674	16238
V	896828	16239
V	896978	16240
V	897127	16241
V	897285	16242
V	897437	16243
V	897583	16244
V	897728	16245
V	897870	16246
V	898019	16247
V	898170	16248
V	898314	16249
V	898464	16250
V	898613	16251
V	898769	16252
V	898918	16253
V	899062	16254
V	899224	16255
V	899375	16256
V	899530	16257
V	899678	16258
V	899837	16259
V	899980	16260
V	900128	16261
V	900274	16262
V	900424	16263
V	900569	16264
V	900726	16265
V	900875	16266
V	901017	16267
V	901180	16268
V	901329	16269
V	901480	16270
V	901624	16271
V	901775	16272
V	901934	16273
V	902091	16274
V	902241	16275
V	902389	16276
V	902534	16277
V	902705	16278
V	902855	16279
V	903007	16280
V	903155	16281
V	903302	16282
V	903443	16283
V	903594	16284
V	903748	16285
V	903896	16286
V	904040	16287
V	904186	16288
V	904329	16289
V	904475	16290
V	904627	16291
V	904778	16292
V	904924	16293
V	905079	16294
V	905237	16295
V	905388	16296
V	905534	16297
V	905684	16298
V	905833	16299
V	905980	16300
V	906132	16301
V	906287	16302
V	906443	16303
V	906591	16304
V	906752	16305
V	906934	16306
V	907082	16307
V	907233	16308
V	907384	16309
V	907530	16310
V	907681	16311
V	907830	16312
V	907977	16313
V	908123	16314
V	908274	16315
V	908419	16316
V	908568	16317
V	908722	16318
V	908872	16319
V	909026	16320
V	909171	16321
V	909322	16322
V	909467	16323
V	909618	16324
V	909783	16325
V	909941	16326
V	910099	16327
V	910253	16328
V	910397	16329
V	910566	16330
V	910715	16331
V	910879	16332
V	911033	16333
V	911176	16334
V	911326	16335
V	911488	16336
V	911642	16337
V	911791	16338
V	911938	16339
V	912096	16340
V	912249	16341
V	912392	16342
V	912538	16343
V	912685	16344
V	912837	16345
V	912992	16346
V	913144	16347
V	913298	16348
V	913465	16349
V	913608	16350
V	913760	16351
V	913912	16352
V	914065	16353
V	914232	16354
V	914391	16355
V	914547	16356
V	914693	16357
V	914843	16358
V	914991	16359
V	915140	16360
V	915283	16361
V	915432	16362
V	915576	16363
V	915726	16364
V	915879	16365
V	916025	16366
V	916177	16367
V	916328	16368
V	916477	16369
V	916618	16370
V	916769	16371
V	916920	16372
V	917066	16373
V	917220	16374
V	917369	16375
V	917520	16376
V	917662	16377
V	917805	16378
V	917956	16379
V	918107	16380
V	918268	16381
V	918414	16382
V	918565	16383
V	918719	16384
V	918870	16385
V	919032	16386
V	919182	16387
V	919334	16388
V	919478	16389
V	919627	16390
V	919778	16391
V	919924	16392
V	920069	16393
V	920220	16394
V	920367	16395
V	920519	16396
V	920678	16397
V	920827	16398
V	920988	16399
V	921131	16400
V	921279	16401
V	921434	16402
V	921585	16403
V	921737	16404
V	921883	16405
V	922033	16406
V	922179	16407
V	922325	16408
V	922470	16409
V	922617	16410
V	922774	16411
V	922950	16412
V	923092	16413
V	923245	16414
V	923391	16415
V	923540	16416
V	923688	16417
V	923833	16418
V	923979	16419
V	924123	16420
V	924267	16421
V	924418	16422
V	924567	16423
V	924711	16424
V	924858	16425
V	925009	16426
V	925169	16427
V	925318	16428
V	925466	16429
V	925616	16430
V	925757	16431
V	925909	16432
V	926069	16433
V	926212	16434
V	926361	16435
V	926522	16436
V	926672	16437
V	926829	16438
V	926976	16439
V	927133	16440
V	927279	16441
V	927431	16442
V	927581	16443
V	927737	16444
V	927887	16445
V	928032	16446
V	928192	16447
V	928339	16448
V	928486	16449
V	928635	16450
V	928785	16451
V	928940	16452
V	929087	16453
V	929243	16454
V	929388	16455
V	929548	16456
V	929698	16457
V	929842	16458
V	929988	16459
V	930136	16460
V	930284	16461
V	930433	16462
V	930583	16463
V	930732	16464
V	930897	16465
V	931045	16466
V	931190	16467
V	931339	16468
V	931501	16469
V	931650	16470
V	931803	16471
V	931957	16472
V	932116	16473
V	932267	16474
V	932416	16475
V	932564	16476
V	932712	16477
V	932859	16478
V	933007	16479
V	933150	16480
V	933298	16481
V	933442	16482
V	933593	16483
V	933749	16484
V	933893	16485
V	934047	16486
V	934200	16487
V	934354	16488
V	934502	16489
V	934650	16490
V	934803	16491
V	934952	16492
V	935104	16493
V	935254	16494
V	935401	16495
V	935555	16496
V	935699	16497
V	935873	16498
V	936020	16499
V	936171	16500
V	936320	16501
V	936466	16502
V	936609	16503
V	936762	16504
V	936912	16505
V	937060	16506
V	937220	16507
V	937372	16508
V	937514	16509
V	937666	16510
V	937810	16511
V	937962	16512
V	938114	16513
V	938268	16514
V	938412	16515
V	938563	16516
V	938711	16517
V	938873	16518
V	939019	16519
V	939166	16520
V	939330	16521
V	939489	16522
V	939640	16523
V	939789	16524
V	939944	16525
V	940109	16526
V	940259	16527
V	940407	16528
V	940557	16529
V	940700	16530
V	940848	16531
V	940999	16532
V	941148	16533
V	941296	16534
V	941444	16535
V	941595	16536
V	941743	16537
V	941889	16538
V	942044	16539
V	942186	16540
V	942334	16541
V	942481	16542
V	942622	16543
V	942775	16544
V	942922	16545
V	943060	16546
V	943217	16547
V	943374	16548
V	943524	16549
V	943671	16550
V	943824	16551
V	943978	16552
V	944122	16553
V	944272	16554
V	944419	16555
V	944569	16556
V	944720	16557
V	944866	16558
V	945012	16559
V	945162	16560
V	945315	16561
V	945466	16562
V	945615	16563
V	945773	16564
V	945931	16565
V	946075	16566
V	946225	16567
V	946385	16568
V	946534	16569
V	946695	16570
V	946842	16571
V	946998	16572
V	947139	16573
V	947292	16574
V	947444	16575
V	947591	16576
V	947741	16577
V	947889	16578
V	948038	16579
V	948194	16580
V	948352	16581
V	948503	16582
V	948650	16583
V	948797	16584
V	948947	16585
V	949089	16586
V	949264	16587
V	949412	16588
V	949568	16589
V	949723	16590
V	949875	16591
V	950029	16592
V	950183	16593
V	950327	16594
V	950468	16595
V	950616	16596
V	950766	16597
V	950909	16598
V	951061	16599
V	951212	16600
V	951358	16601
V	951508	16602
V	951657	16603
V	951804	16604
V	951964	16605
V	952114	16606
V	952260	16607
V	952408	16608
V	952556	16609
V	952710	16610
V	952861	16611
V	953006	16612
V	953150	16613
V	953300	16614
V	953450	16615
V	953598	16616
V	953749	16617
V	953895	16618
V	954041	16619
V	954192	16620
V	954340	16621
V	954489	16622
V	954639	16623
V	954788	16624
V	954928	16625
V	955078	16626
V	955223	16627
V	955369	16628
V	955512	16629
V	955663	16630
V	955825	16631
V	955967	16632
V	956123	16633
V	956277	16634
V	956438	16635
V	956579	16636
V	956729	16637
V	956883	16638
V	957036	16639
V	957186	16640
V	957337	16641
V	957488	16642
V	957652	16643
V	957801	16644
V	957951	16645
V	958096	16646
V	958247	16647
V	958402	16648
V	958561	16649
V	958720	16650
V	958889	16651
V	959041	16652
V	959192	16653
V	959345	16654
V	959492	16655
V	959639	16656
V	959785	16657
V	959937	16658
V	960082	16659
V	960234	16660
V	960384	16661
V	960538	16662
V	960700	16663
V	960855	16664
V	961013	16665
V	961163	16666
V	961319	16667
V	961461	16668
V	961614	16669
V	961771	16670
V	961921	16671
V	962071	16672
V	962224	16673
V	962371	16674
V	962523	16675
V	962674	16676
V	962828	16677
V	962984	16678
V	963131	16679
V	963286	16680
V	963432	16681
V	963585	16682
V	963731	16683
V	963886	16684
V	964037	16685
V	964186	16686
V	964325	16687
V	964480	16688
V	964635	16689
V	964783	16690
V	964927	16691
V	965075	16692
V	965226	16693
V	965378	16694
V	965525	16695
V	965686	16696
V	965830	16697
V	965975	16698
V	966121	16699
V	966276	16700
V	966431	16701
V	966580	16702
V	966746	16703
V	966897	16704
V	967050	16705
V	967210	16706
V	967364	16707
V	967527	16708
V	967679	16709
V	967837	16710
V	967984	16711
V	968135	16712
V	968284	16713
V	968457	16714
V	968623	16715
V	968768	16716
V	968924	16717
V	969080	16718
V	969232	16719
V	969380	16720
V	969531	16721
V	969682	16722
V	969848	16723
V	970003	16724
V	970156	16725
V	970300	16726
V	970448	16727
V	970597	16728
V	970746	16729
V	970901	16730
V	971054	16731
V	971203	16732
V	971354	16733
V	971506	16734
V	971648	16735
V	971797	16736
V	971950	16737
V	972097	16738
V	972242	16739
V	972387	16740
V	972540	16741
V	972687	16742
V	972833	16743
V	972985	16744
V	973132	16745
V	973290	16746
V	973444	16747
V	973601	16748
V	973756	16749
V	973914	16750
V	974061	16751
V	974215	16752
V	974360	16753
V	974510	16754
V	974657	16755
V	974806	16756
V	974955	16757
V	975107	16758
V	975254	16759
V	975406	16760
V	975565	16761
V	975720	16762
V	975870	16763
V	976030	16764
V	976183	16765
V	976330	16766
V	976479	16767
V	976626	16768
V	976771	16769
V	976919	16770
V	977068	16771
V	977222	16772
V	977376	16773
V	977531	16774
V	977693	16775
V	977850	16776
V	978013	16777
V	978163	16778
V	978319	16779
V	978473	16780
V	978633	16781
V	978810	16782
V	978963	16783
V	979124	16784
V	979281	16785
V	979434	16786
V	979580	16787
V	979723	16788
V	979864	16789
V	980012	16790
V	980157	16791
V	980313	16792
V	980470	16793
V	980619	16794
V	980766	16795
V	980916	16796
V	981062	16797
V	981212	16798
V	981358	16799
V	981503	16800
V	981649	16801
V	981801	16802
V	981951	16803
V	982095	16804
V	982242	16805
V	982397	16806
V	982550	16807
V	982701	16808
V	982854	16809
V	983001	16810
V	983168	16811
V	983351	16812
V	983512	16813
V	983666	16814
V	983816	16815
V	983961	16816
V	984124	16817
V	984272	16818
V	984424	16819
V	984571	16820
V	984718	16821
V	984870	16822
V	985017	16823
V	985169	16824
V	985327	16825
V	985473	16826
V	985633	16827
V	985813	16828
V	985959	16829
V	986102	16830
V	986253	16831
V	986399	16832
V	986556	16833
V	986704	16834
V	986858	16835
V	987013	16836
V	987159	16837
V	987331	16838
V	987480	16839
V	987622	16840
V	987771	16841
V	987925	16842
V	988078	16843
V	988224	16844
V	988374	16845
V	988539	16846
V	988689	16847
V	988838	16848
V	988987	16849
V	989147	16850
V	989301	16851
V	989453	16852
V	989602	16853
V	989753	16854
V	989931	16855
V	990078	16856
V	990227	16857
V	990388	16858
V	990542	16859
V	990704	16860
V	990852	16861
V	991005	16862
V	991147	16863
V	991317	16864
V	991469	16865
V	991627	16866
V	991779	16867
V	991931	16868
V	992079	16869
V	992235	16870
V	992389	16871
V	992534	16872
V	992687	16873
V	992831	16874
V	992984	16875
V	993134	16876
V	993280	16877
V	993431	16878
V	993603	16879
V	993764	16880
V	993932	16881
V	994080	16882
V	994229	16883
V	994378	16884
V	994533	16885
V	994677	16886
V	994834	16887
V	995000	16888
V	995150	16889
V	995305	16890
V	995458	16891
V	995612	16892
V	995765	16893
V	995918	16894
V	996091	16895
V	996240	16896
V	996411	16897
V	996561	16898
V	996710	16899
V	996865	16900
V	997009	16901
V	997170	16902
V	997317	16903
V	997472	16904
V	997622	16905
V	997775	16906
V	997919	16907
V	998068	16908
V	998224	16909
V	998379	16910
V	998529	16911
V	998685	16912
V	998838	16913
V	998990	16914
V	999140	16915
V	999290	16916
V	999444	16917
V	999594	16918
V	999748	16919
V	999901	16920
V	1000068	16921
V	1000218	16922
V	1000374	16923
V	1000526	16924
V	1000672	16925
V	1000823	16926
V	1000970	16927
V	1001119	16928
V	1001273	16929
V	1001424	16930
V	1001569	16931
V	1001723	16932
V	1001876	16933
V	1002028	16934
V	1002173	16935
V	1002319	16936
V	1002464	16937
V	1002615	16938
V	1002763	16939
V	1002915	16940
V	1003066	16941
V	1003207	16942
V	1003358	16943
V	1003512	16944
V	1003657	16945
V	1003801	16946
V	1003952	16947
V	1004101	16948
V	1004249	16949
V	1004400	16950
V	1004556	16951
V	1004698	16952
V	1004844	16953
V	1004992	16954
V	1005142	16955
V	1005285	16956
V	1005447	16957
V	1005593	16958
V	1005737	16959
V	1005886	16960
V	1006032	16961
V	1006186	16962
V	1006345	16963
V	1006494	16964
V	1006639	16965
V	1006789	16966
V	1006940	16967
V	1007085	16968
V	1007234	16969
V	1007395	16970
V	1007543	16971
V	1007702	16972
V	1007854	16973
V	1007999	16974
V	1008150	16975
V	1008299	16976
V	1008450	16977
V	1008603	16978
V	1008743	16979
V	1008891	16980
V	1009040	16981
V	1009201	16982
V	1009357	16983
V	1009508	16984
V	1009653	16985
V	1009805	16986
V	1009957	16987
V	1010107	16988
V	1010250	16989
V	1010425	16990
V	1010574	16991
V	1010724	16992
V	1010875	16993
V	1011046	16994
V	1011199	16995
V	1011348	16996
V	1011500	16997
V	1011644	16998
V	1011789	16999
V	1011940	17000
V	1012092	17001
V	1012241	17002
V	1012392	17003
V	1012538	17004
V	1012686	17005
V	1012833	17006
V	1012984	17007
V	1013130	17008
V	1013285	17009
V	1013439	17010
V	1013587	17011
V	1013737	17012
V	1013889	17013
V	1014039	17014
V	1014190	17015
V	1014337	17016
V	1014513	17017
V	1014665	17018
V	1014818	17019
V	1014964	17020
V	1015107	17021
V	1015250	17022
V	1015415	17023
V	1015565	17024
V	1015711	17025
V	1015859	17026
V	1016009	17027
V	1016188	17028
V	1016343	17029
V	1016490	17030
V	1016641	17031
V	1016788	17032
V	1016935	17033
V	1017085	17034
V	1017235	17035
V	1017386	17036
V	1017547	17037
V	1017694	17038
V	1017849	17039
V	1017992	17040
V	1018136	17041
V	1018280	17042
V	1018433	17043
V	1018581	17044
V	1018722	17045
V	1018876	17046
V	1019026	17047
V	1019180	17048
V	1019333	17049
V	1019484	17050
V	1019636	17051
V	1019796	17052
V	1019952	17053
V	1020106	17054
V	1020257	17055
V	1020405	17056
V	1020549	17057
V	1020697	17058
V	1020844	17059
V	1020997	17060
V	1021143	17061
V	1021292	17062
V	1021436	17063
V	1021588	17064
V	1021728	17065
V	1021884	17066
V	1022034	17067
V	1022191	17068
V	1022342	17069
V	1022495	17070
V	1022639	17071
V	1022789	17072
V	1022936	17073
V	1023081	17074
V	1023235	17075
V	1023386	17076
V	1023534	17077
V	1023685	17078
V	1023843	17079
V	1023986	17080
V	1024134	17081
V	1024290	17082
V	1024439	17083
V	1024592	17084
V	1024745	17085
V	1024907	17086
V	1025060	17087
V	1025204	17088
V	1025360	17089
V	1025509	17090
V	1025660	17091
V	1025831	17092
V	1025983	17093
V	1026128	17094
V	1026278	17095
V	1026428	17096
V	1026579	17097
V	1026728	17098
V	1026878	17099
V	1027023	17100
V	1027176	17101
V	1027326	17102
V	1027476	17103
V	1027624	17104
V	1027774	17105
V	1027928	17106
V	1028084	17107
V	1028239	17108
V	1028384	17109
V	1028530	17110
V	1028681	17111
V	1028846	17112
V	1028996	17113
V	1029143	17114
V	1029290	17115
V	1029437	17116
V	1029585	17117
V	1029735	17118
V	1029878	17119
V	1030029	17120
V	1030176	17121
V	1030323	17122
V	1030488	17123
V	1030648	17124
V	1030797	17125
V	1030948	17126
V	1031096	17127
V	1031243	17128
V	1031391	17129
V	1031549	17130
V	1031696	17131
V	1031836	17132
V	1031983	17133
V	1032133	17134
V	1032275	17135
V	1032424	17136
V	1032578	17137
V	1032743	17138
V	1032898	17139
V	1033051	17140
V	1033203	17141
V	1033349	17142
V	1033495	17143
V	1033646	17144
V	1033797	17145
V	1033949	17146
V	1034126	17147
V	1034271	17148
V	1034425	17149
V	1034573	17150
V	1034727	17151
V	1034876	17152
V	1035019	17153
V	1035192	17154
V	1035350	17155
V	1035504	17156
V	1035654	17157
V	1035794	17158
V	1035955	17159
V	1036106	17160
V	1036262	17161
V	1036406	17162
V	1036561	17163
V	1036714	17164
V	1036863	17165
V	1037021	17166
V	1037174	17167
V	1037330	17168
V	1037505	17169
V	1037651	17170
V	1037810	17171
V	1037957	17172
V	1038104	17173
V	1038257	17174
V	1038408	17175
V	1038563	17176
V	1038714	17177
V	1038865	17178
V	1039012	17179
V	1039164	17180
V	1039313	17181
V	1039469	17182
V	1039616	17183
V	1039768	17184
V	1039924	17185
V	1040070	17186
V	1040218	17187
V	1040373	17188
V	1040525	17189
V	1040673	17190
V	1040825	17191
V	1041000	17192
V	1041179	17193
V	1041321	17194
V	1041471	17195
V	1041624	17196
V	1041774	17197
V	1041928	17198
V	1042078	17199
V	1042225	17200
V	1042375	17201
V	1042520	17202
V	1042673	17203
V	1042822	17204
V	1042972	17205
V	1043146	17206
V	1043297	17207
V	1043448	17208
V	1043598	17209
V	1043750	17210
V	1043899	17211
V	1044061	17212
V	1044210	17213
V	1044363	17214
V	1044510	17215
V	1044653	17216
V	1044809	17217
V	1044958	17218
V	1045095	17219
V	1045244	17220
V	1045407	17221
V	1045554	17222
V	1045721	17223
V	1045875	17224
V	1046028	17225
V	1046186	17226
V	1046341	17227
V	1046490	17228
V	1046639	17229
V	1046789	17230
V	1046932	17231
V	1047083	17232
V	1047235	17233
V	1047383	17234
V	1047536	17235
V	1047693	17236
V	1047862	17237
V	1048008	17238
V	1048153	17239
V	1048299	17240
V	1048463	17241
V	1048616	17242
V	1048763	17243
V	1048915	17244
V	1049068	17245
V	1049216	17246
V	1049363	17247
V	1049513	17248
V	1049655	17249
V	1049801	17250
V	1049958	17251
V	1050104	17252
V	1050258	17253
V	1050409	17254
V	1050562	17255
V	1050712	17256
V	1050859	17257
V	1051010	17258
V	1051163	17259
V	1051312	17260
V	1051472	17261
V	1051624	17262
V	1051773	17263
V	1051923	17264
V	1052069	17265
V	1052212	17266
V	1052363	17267
V	1052516	17268
V	1052670	17269
V	1052817	17270
V	1052964	17271
V	1053139	17272
V	1053287	17273
V	1053438	17274
V	1053581	17275
V	1053723	17276
V	1053875	17277
V	1054038	17278
V	1054186	17279
V	1054338	17280
V	1054495	17281
V	1054645	17282
V	1054787	17283
V	1054934	17284
V	1055083	17285
V	1055231	17286
V	1055380	17287
V	1055531	17288
V	1055677	17289
V	1055832	17290
V	1055976	17291
V	1056132	17292
V	1056287	17293
V	1056435	17294
V	1056598	17295
V	1056750	17296
V	1056893	17297
V	1057050	17298
V	1057197	17299
V	1057345	17300
V	1057496	17301
V	1057655	17302
V	1057807	17303
V	1057963	17304
V	1058110	17305
V	1058268	17306
V	1058419	17307
V	1058570	17308
V	1058723	17309
V	1058874	17310
V	1059035	17311
V	1059184	17312
V	1059337	17313
V	1059491	17314
V	1059635	17315
V	1059786	17316
V	1059936	17317
V	1060078	17318
V	1060221	17319
V	1060384	17320
V	1060541	17321
V	1060684	17322
V	1060831	17323
V	1060973	17324
V	1061121	17325
V	1061267	17326
V	1061412	17327
V	1061557	17328
V	1061708	17329
V	1061857	17330
V	1062004	17331
V	1062150	17332
V	1062301	17333
V	1062452	17334
V	1062602	17335
V	1062761	17336
V	1062926	17337
V	1063087	17338
V	1063234	17339
V	1063382	17340
V	1063533	17341
V	1063686	17342
V	1063838	17343
V	1063990	17344
V	1064142	17345
V	1064296	17346
V	1064460	17347
V	1064612	17348
V	1064764	17349
V	1064913	17350
V	1065058	17351
V	1065199	17352
V	1065343	17353
V	1065491	17354
V	1065645	17355
V	1065800	17356
V	1065960	17357
V	1066111	17358
V	1066261	17359
V	1066413	17360
V	1066563	17361
V	1066720	17362
V	1066865	17363
V	1067024	17364
V	1067170	17365
V	1067316	17366
V	1067460	17367
V	1067614	17368
V	1067758	17369
V	1067900	17370
V	1068047	17371
V	1068204	17372
V	1068364	17373
V	1068513	17374
V	1068668	17375
V	1068818	17376
V	1068963	17377
V	1069106	17378
V	1069257	17379
V	1069421	17380
V	1069575	17381
V	1069727	17382
V	1069891	17383
V	1070045	17384
V	1070189	17385
V	1070338	17386
V	1070501	17387
V	1070646	17388
V	1070792	17389
V	1070942	17390
V	1071094	17391
V	1071255	17392
V	1071410	17393
V	1071558	17394
V	1071706	17395
V	1071853	17396
V	1072002	17397
V	1072152	17398
V	1072303	17399
V	1072447	17400
V	1072592	17401
V	1072736	17402
V	1072887	17403
V	1073030	17404
V	1073185	17405
V	1073331	17406
V	1073481	17407
V	1073625	17408
V	1073776	17409
V	1073928	17410
V	1074081	17411
V	1074234	17412
V	1074380	17413
V	1074538	17414
V	1074689	17415
V	1074837	17416
V	1074988	17417
V	1075150	17418
V	1075319	17419
V	1075464	17420
V	1075609	17421
V	1075771	17422
V	1075922	17423
V	1076073	17424
V	1076228	17425
V	1076403	17426
V	1076558	17427
V	1076710	17428
V	1076861	17429
V	1077010	17430
V	1077163	17431
V	1077311	17432
V	1077458	17433
V	1077610	17434
V	1077759	17435
V	1077918	17436
V	1078072	17437
V	1078228	17438
V	1078390	17439
V	1078540	17440
V	1078685	17441
V	1078834	17442
V	1078979	17443
V	1079126	17444
V	1079276	17445
V	1079419	17446
V	1079565	17447
V	1079712	17448
V	1079853	17449
V	1080000	17450
V	1080136	17451
V	1080286	17452
V	1080443	17453
V	1080592	17454
V	1080748	17455
V	1080909	17456
V	1081060	17457
V	1081209	17458
V	1081355	17459
V	1081504	17460
V	1081650	17461
V	1081801	17462
V	1081950	17463
V	1082101	17464
V	1082242	17465
V	1082384	17466
V	1082528	17467
V	1082683	17468
V	1082826	17469
V	1082970	17470
V	1083116	17471
V	1083268	17472
V	1083421	17473
V	1083568	17474
V	1083716	17475
V	1083862	17476
V	1084006	17477
V	1084160	17478
V	1084312	17479
V	1084456	17480
V	1084607	17481
V	1084753	17482
V	1084898	17483
V	1085052	17484
V	1085202	17485
V	1085356	17486
V	1085504	17487
V	1085670	17488
V	1085816	17489
V	1085963	17490
V	1086113	17491
V	1086253	17492
V	1086397	17493
V	1086550	17494
V	1086697	17495
V	1086841	17496
V	1086991	17497
V	1087141	17498
V	1087305	17499
V	1087461	17500
V	1087610	17501
V	1087758	17502
V	1087909	17503
V	1088062	17504
V	1088206	17505
V	1088353	17506
V	1088498	17507
V	1088644	17508
V	1088793	17509
V	1088935	17510
V	1089084	17511
V	1089231	17512
V	1089376	17513
V	1089520	17514
V	1089671	17515
V	1089824	17516
V	1090006	17517
V	1090153	17518
V	1090300	17519
V	1090452	17520
V	1090628	17521
V	1090780	17522
V	1090935	17523
V	1091082	17524
V	1091250	17525
V	1091400	17526
V	1091549	17527
V	1091693	17528
V	1091838	17529
V	1091982	17530
V	1092130	17531
V	1092276	17532
V	1092426	17533
V	1092572	17534
V	1092726	17535
V	1092874	17536
V	1093019	17537
V	1093178	17538
V	1093326	17539
V	1093469	17540
V	1093621	17541
V	1093768	17542
V	1093913	17543
V	1094058	17544
V	1094208	17545
V	1094357	17546
V	1094506	17547
V	1094658	17548
V	1094805	17549
V	1094963	17550
V	1095112	17551
V	1095259	17552
V	1095405	17553
V	1095557	17554
V	1095708	17555
V	1095863	17556
V	1096004	17557
V	1096157	17558
V	1096318	17559
V	1096474	17560
V	1096622	17561
V	1096786	17562
V	1096936	17563
V	1097083	17564
V	1097236	17565
V	1097379	17566
V	1097535	17567
V	1097694	17568
V	1097843	17569
V	1097995	17570
V	1098142	17571
V	1098305	17572
V	1098458	17573
V	1098622	17574
V	1098784	17575
V	1098934	17576
V	1099085	17577
V	1099230	17578
V	1099387	17579
V	1099542	17580
V	1099706	17581
V	1099850	17582
V	1099993	17583
V	1100166	17584
V	1100326	17585
V	1100474	17586
V	1100629	17587
V	1100792	17588
V	1100946	17589
V	1101099	17590
V	1101249	17591
V	1101400	17592
V	1101553	17593
V	1101698	17594
V	1101855	17595
V	1101995	17596
V	1102147	17597
V	1102298	17598
V	1102453	17599
V	1102609	17600
V	1102765	17601
V	1102912	17602
V	1103058	17603
V	1103208	17604
V	1103349	17605
V	1103500	17606
V	1103653	17607
V	1103804	17608
V	1103956	17609
V	1104104	17610
V	1104251	17611
V	1104414	17612
V	1104557	17613
V	1104707	17614
V	1104870	17615
V	1105028	17616
V	1105177	17617
V	1105331	17618
V	1105473	17619
V	1105622	17620
V	1105776	17621
V	1105948	17622
V	1106105	17623
V	1106254	17624
V	1106411	17625
V	1106560	17626
V	1106713	17627
V	1106857	17628
V	1107007	17629
V	1107159	17630
V	1107303	17631
V	1107458	17632
V	1107618	17633
V	1107769	17634
V	1107922	17635
V	1108086	17636
V	1108235	17637
V	1108391	17638
V	1108550	17639
V	1108693	17640
V	1108842	17641
V	1108995	17642
V	1109144	17643
V	1109290	17644
V	1109438	17645
V	1109584	17646
V	1109730	17647
V	1109879	17648
V	1110027	17649
V	1110174	17650
V	1110315	17651
V	1110477	17652
V	1110626	17653
V	1110778	17654
V	1110920	17655
V	1111071	17656
V	1111223	17657
V	1111374	17658
V	1111526	17659
V	1111671	17660
V	1111823	17661
V	1111991	17662
V	1112139	17663
V	1112284	17664
V	1112426	17665
V	1112571	17666
V	1112728	17667
V	1112882	17668
V	1113033	17669
V	1113195	17670
V	1113339	17671
V	1113501	17672
V	1113655	17673
V	1113828	17674
V	1113992	17675
V	1114144	17676
V	1114293	17677
V	1114446	17678
V	1114595	17679
V	1114760	17680
V	1114908	17681
V	1115054	17682
V	1115205	17683
V	1115362	17684
V	1115514	17685
V	1115662	17686
V	1115807	17687
V	1115957	17688
V	1116108	17689
V	1116257	17690
V	1116411	17691
V	1116559	17692
V	1116725	17693
V	1116878	17694
V	1117026	17695
V	1117182	17696
V	1117331	17697
V	1117476	17698
V	1117622	17699
V	1117774	17700
V	1117927	17701
V	1118073	17702
V	1118230	17703
V	1118381	17704
V	1118527	17705
V	1118674	17706
V	1118827	17707
V	1118978	17708
V	1119127	17709
V	1119277	17710
V	1119421	17711
V	1119570	17712
V	1119716	17713
V	1119861	17714
V	1120010	17715
V	1120155	17716
V	1120302	17717
V	1120479	17718
V	1120629	17719
V	1120783	17720
V	1120923	17721
V	1121086	17722
V	1121226	17723
V	1121373	17724
V	1121516	17725
V	1121659	17726
V	1121807	17727
V	1121955	17728
V	1122101	17729
V	1122253	17730
V	1122400	17731
V	1122551	17732
V	1122696	17733
V	1122849	17734
V	1122998	17735
V	1123150	17736
V	1123295	17737
V	1123442	17738
V	1123582	17739
V	1123736	17740
V	1123886	17741
V	1124029	17742
V	1124173	17743
V	1124324	17744
V	1124473	17745
V	1124623	17746
V	1124784	17747
V	1124940	17748
V	1125102	17749
V	1125254	17750
V	1125423	17751
V	1125569	17752
V	1125729	17753
V	1125884	17754
V	1126026	17755
V	1126174	17756
V	1126322	17757
V	1126468	17758
V	1126615	17759
V	1126763	17760
V	1126914	17761
V	1127063	17762
V	1127220	17763
V	1127363	17764
V	1127524	17765
V	1127677	17766
V	1127826	17767
V	1127978	17768
V	1128126	17769
V	1128276	17770
V	1128424	17771
V	1128573	17772
V	1128726	17773
V	1128878	17774
V	1129028	17775
V	1129171	17776
V	1129315	17777
V	1129469	17778
V	1129628	17779
V	1129779	17780
V	1129923	17781
V	1130073	17782
V	1130219	17783
V	1130366	17784
V	1130518	17785
V	1130666	17786
V	1130820	17787
V	1130969	17788
V	1131117	17789
V	1131266	17790
V	1131414	17791
V	1131565	17792
V	1131720	17793
V	1131867	17794
V	1132010	17795
V	1132159	17796
V	1132304	17797
V	1132453	17798
V	1132604	17799
V	1132759	17800
V	1132907	17801
V	1133055	17802
V	1133200	17803
V	1133348	17804
V	1133494	17805
V	1133639	17806
V	1133788	17807
V	1133935	17808
V	1134089	17809
V	1134245	17810
V	1134418	17811
V	1134569	17812
V	1134749	17813
V	1134904	17814
V	1135055	17815
V	1135197	17816
V	1135350	17817
V	1135496	17818
V	1135663	17819
V	1135822	17820
V	1135966	17821
V	1136115	17822
V	1136268	17823
V	1136417	17824
V	1136575	17825
V	1136723	17826
V	1136868	17827
V	1137018	17828
V	1137171	17829
V	1137326	17830
V	1137467	17831
V	1137612	17832
V	1137760	17833
V	1137914	17834
V	1138061	17835
V	1138212	17836
V	1138357	17837
V	1138508	17838
V	1138662	17839
V	1138822	17840
V	1138975	17841
V	1139121	17842
V	1139269	17843
V	1139415	17844
V	1139561	17845
V	1139711	17846
V	1139856	17847
V	1140001	17848
V	1140154	17849
V	1140307	17850
V	1140457	17851
V	1140605	17852
V	1140757	17853
V	1140909	17854
V	1141071	17855
V	1141217	17856
V	1141367	17857
V	1141519	17858
V	1141667	17859
V	1141816	17860
V	1141985	17861
V	1142134	17862
V	1142284	17863
V	1142430	17864
V	1142578	17865
V	1142729	17866
V	1142877	17867
V	1143025	17868
V	1143190	17869
V	1143333	17870
V	1143484	17871
V	1143635	17872
V	1143791	17873
V	1143938	17874
V	1144091	17875
V	1144239	17876
V	1144389	17877
V	1144534	17878
V	1144684	17879
V	1144836	17880
V	1144985	17881
V	1145151	17882
V	1145305	17883
V	1145458	17884
V	1145616	17885
V	1145767	17886
V	1145913	17887
V	1146060	17888
V	1146207	17889
V	1146352	17890
V	1146499	17891
V	1146652	17892
V	1146804	17893
V	1146948	17894
V	1147104	17895
V	1147254	17896
V	1147412	17897
V	1147561	17898
V	1147709	17899
V	1147862	17900
V	1148007	17901
V	1148154	17902
V	1148308	17903
V	1148458	17904
V	1148601	17905
V	1148749	17906
V	1148897	17907
V	1149048	17908
V	1149205	17909
V	1149371	17910
V	1149515	17911
V	1149661	17912
V	1149808	17913
V	1149960	17914
V	1150111	17915
V	1150257	17916
V	1150406	17917
V	1150553	17918
V	1150700	17919
V	1150863	17920
V	1151007	17921
V	1151154	17922
V	1151305	17923
V	1151454	17924
V	1151595	17925
V	1151753	17926
V	1151903	17927
V	1152059	17928
V	1152201	17929
V	1152363	17930
V	1152506	17931
V	1152658	17932
V	1152810	17933
V	1152952	17934
V	1153102	17935
V	1153257	17936
V	1153410	17937
V	1153566	17938
V	1153715	17939
V	1153863	17940
V	1154015	17941
V	1154166	17942
V	1154313	17943
V	1154462	17944
V	1154613	17945
V	1154764	17946
V	1154921	17947
V	1155072	17948
V	1155236	17949
V	1155398	17950
V	1155540	17951
V	1155691	17952
V	1155839	17953
V	1155989	17954
V	1156135	17955
V	1156288	17956
V	1156437	17957
V	1156586	17958
V	1156740	17959
V	1156895	17960
V	1157044	17961
V	1157194	17962
V	1157341	17963
V	1157490	17964
V	1157641	17965
V	1157794	17966
V	1157939	17967
V	1158091	17968
V	1158235	17969
V	1158389	17970
V	1158545	17971
V	1158714	17972
V	1158879	17973
V	1159017	17974
V	1159165	17975
V	1159310	17976
V	1159457	17977
V	1159605	17978
V	1159760	17979
V	1159914	17980
V	1160068	17981
V	1160221	17982
V	1160372	17983
V	1160536	17984
V	1160698	17985
V	1160872	17986
V	1161022	17987
V	1161171	17988
V	1161323	17989
V	1161481	17990
V	1161630	17991
V	1161785	17992
V	1161931	17993
V	1162091	17994
V	1162242	17995
V	1162392	17996
V	1162542	17997
V	1162690	17998
V	1162836	17999
V	1162980	18000
V	1163127	18001
V	1163280	18002
V	1163425	18003
V	1163574	18004
V	1163716	18005
V	1163863	18006
V	1164013	18007
V	1164163	18008
V	1164322	18009
V	1164475	18010
V	1164626	18011
V	1164779	18012
V	1164926	18013
V	1165077	18014
V	1165225	18015
V	1165377	18016
V	1165544	18017
V	1165687	18018
V	1165837	18019
V	1165990	18020
V	1166136	18021
V	1166280	18022
V	1166438	18023
V	1166600	18024
V	1166748	18025
V	1166893	18026
V	1167033	18027
V	1167184	18028
V	1167333	18029
V	1167488	18030
V	1167643	18031
V	1167792	18032
V	1167939	18033
V	1168087	18034
V	1168235	18035
V	1168392	18036
V	1168533	18037
V	1168683	18038
V	1168833	18039
V	1168984	18040
V	1169142	18041
V	1169298	18042
V	1169447	18043
V	1169592	18044
V	1169735	18045
V	1169886	18046
V	1170038	18047
V	1170185	18048
V	1170330	18049
V	1170489	18050
V	1170636	18051
V	1170785	18052
V	1170928	18053
V	1171080	18054
V	1171245	18055
V	1171399	18056
V	1171546	18057
V	1171694	18058
V	1171841	18059
V	1171996	18060
V	1172142	18061
V	1172307	18062
V	1172460	18063
V	1172627	18064
V	1172773	18065
V	1172925	18066
V	1173068	18067
V	1173213	18068
V	1173358	18069
V	1173505	18070
V	1173658	18071
V	1173809	18072
V	1173957	18073
V	1174107	18074
V	1174259	18075
V	1174402	18076
V	1174564	18077
V	1174712	18078
V	1174874	18079
V	1175017	18080
V	1175170	18081
V	1175321	18082
V	1175474	18083
V	1175628	18084
V	1175780	18085
V	1175931	18086
V	1176078	18087
V	1176222	18088
V	1176385	18089
V	1176532	18090
V	1176683	18091
V	1176842	18092
V	1176990	18093
V	1177145	18094
V	1177297	18095
V	1177450	18096
V	1177602	18097
V	1177752	18098
V	1177903	18099
V	1178050	18100
V	1178204	18101
V	1178356	18102
V	1178512	18103
V	1178672	18104
V	1178812	18105
V	1178960	18106
V	1179108	18107
V	1179277	18108
V	1179427	18109
V	1179570	18110
V	1179719	18111
V	1179872	18112
V	1180021	18113
V	1180170	18114
V	1180316	18115
V	1180490	18116
V	1180634	18117
V	1180787	18118
V	1180943	18119
V	1181108	18120
V	1181277	18121
V	1181429	18122
V	1181578	18123
V	1181720	18124
V	1181882	18125
V	1182030	18126
V	1182178	18127
V	1182324	18128
V	1182471	18129
V	1182613	18130
V	1182765	18131
V	1182930	18132
V	1183082	18133
V	1183236	18134
V	1183395	18135
V	1183544	18136
V	1183695	18137
V	1183849	18138
V	1184005	18139
V	1184166	18140
V	1184312	18141
V	1184458	18142
V	1184608	18143
V	1184760	18144
V	1184914	18145
V	1185062	18146
V	1185208	18147
V	1185354	18148
V	1185513	18149
V	1185658	18150
V	1185803	18151
V	1185952	18152
V	1186096	18153
V	1186250	18154
V	1186403	18155
V	1186563	18156
V	1186721	18157
V	1186880	18158
V	1187026	18159
V	1187173	18160
V	1187335	18161
V	1187498	18162
V	1187649	18163
V	1187795	18164
V	1187946	18165
V	1188096	18166
V	1188240	18167
V	1188390	18168
V	1188543	18169
V	1188699	18170
V	1188845	18171
V	1188990	18172
V	1189142	18173
V	1189293	18174
V	1189449	18175
V	1189598	18176
V	1189747	18177
V	1189893	18178
V	1190047	18179
V	1190196	18180
V	1190366	18181
V	1190516	18182
V	1190663	18183
V	1190806	18184
V	1190955	18185
V	1191099	18186
V	1191248	18187
V	1191396	18188
V	1191542	18189
V	1191693	18190
V	1191841	18191
V	1191986	18192
V	1192148	18193
V	1192299	18194
V	1192471	18195
V	1192627	18196
V	1192768	18197
V	1192913	18198
V	1193064	18199
V	1193210	18200
V	1193357	18201
V	1193503	18202
V	1193649	18203
V	1193805	18204
V	1193955	18205
V	1194116	18206
V	1194265	18207
V	1194422	18208
V	1194569	18209
V	1194716	18210
V	1194864	18211
V	1195021	18212
V	1195167	18213
V	1195316	18214
V	1195473	18215
V	1195626	18216
V	1195787	18217
V	1195938	18218
V	1196093	18219
V	1196244	18220
V	1196393	18221
V	1196546	18222
V	1196696	18223
V	1196839	18224
V	1196992	18225
V	1197143	18226
V	1197289	18227
V	1197436	18228
V	1197584	18229
V	1197735	18230
V	1197882	18231
V	1198034	18232
V	1198185	18233
V	1198336	18234
V	1198493	18235
V	1198652	18236
V	1198800	18237
V	1198958	18238
V	1199106	18239
V	1199263	18240
V	1199409	18241
V	1199560	18242
V	1199708	18243
V	1199856	18244
V	1200002	18245
V	1200146	18246
V	1200297	18247
V	1200451	18248
V	1200600	18249
V	1200750	18250
V	1200899	18251
V	1201052	18252
V	1201201	18253
V	1201347	18254
V	1201501	18255
V	1201660	18256
V	1201812	18257
V	1201965	18258
V	1202119	18259
V	1202259	18260
V	1202418	18261
V	1202567	18262
V	1202716	18263
V	1202868	18264
V	1203019	18265
V	1203168	18266
V	1203336	18267
V	1203480	18268
V	1203630	18269
V	1203775	18270
V	1203925	18271
V	1204077	18272
V	1204221	18273
V	1204371	18274
V	1204518	18275
V	1204671	18276
V	1204826	18277
V	1204983	18278
V	1205125	18279
V	1205274	18280
V	1205425	18281
V	1205580	18282
V	1205729	18283
V	1205877	18284
V	1206028	18285
V	1206180	18286
V	1206328	18287
V	1206485	18288
V	1206644	18289
V	1206803	18290
V	1206957	18291
V	1207097	18292
V	1207240	18293
V	1207390	18294
V	1207547	18295
V	1207701	18296
V	1207845	18297
V	1207994	18298
V	1208137	18299
V	1208286	18300
V	1208433	18301
V	1208588	18302
V	1208738	18303
V	1208886	18304
V	1209038	18305
V	1209190	18306
V	1209335	18307
V	1209485	18308
V	1209636	18309
V	1209785	18310
V	1209934	18311
V	1210083	18312
V	1210230	18313
V	1210406	18314
V	1210554	18315
V	1210702	18316
V	1210864	18317
V	1211011	18318
V	1211166	18319
V	1211321	18320
V	1211468	18321
V	1211612	18322
V	1211763	18323
V	1211911	18324
V	1212059	18325
V	1212210	18326
V	1212365	18327
V	1212517	18328
V	1212661	18329
V	1212817	18330
V	1212971	18331
V	1213121	18332
V	1213273	18333
V	1213421	18334
V	1213576	18335
V	1213741	18336
V	1213898	18337
V	1214048	18338
V	1214199	18339
V	1214352	18340
V	1214514	18341
V	1214664	18342
V	1214815	18343
V	1214963	18344
V	1215118	18345
V	1215269	18346
V	1215445	18347
V	1215613	18348
V	1215762	18349
V	1215910	18350
V	1216064	18351
V	1216207	18352
V	1216355	18353
V	1216521	18354
V	1216665	18355
V	1216816	18356
V	1216963	18357
V	1217116	18358
V	1217268	18359
V	1217417	18360
V	1217561	18361
V	1217708	18362
V	1217860	18363
V	1218012	18364
V	1218152	18365
V	1218300	18366
V	1218478	18367
V	1218635	18368
V	1218778	18369
V	1218922	18370
V	1219066	18371
V	1219220	18372
V	1219374	18373
V	1219519	18374
V	1219672	18375
V	1219821	18376
V	1219980	18377
V	1220129	18378
V	1220277	18379
V	1220424	18380
V	1220571	18381
V	1220712	18382
V	1220862	18383
V	1221003	18384
V	1221149	18385
V	1221294	18386
V	1221446	18387
V	1221592	18388
V	1221736	18389
V	1221888	18390
V	1222040	18391
V	1222189	18392
V	1222351	18393
V	1222496	18394
V	1222649	18395
V	1222810	18396
V	1222954	18397
V	1223107	18398
V	1223255	18399
V	1223401	18400
V	1223549	18401
V	1223701	18402
V	1223860	18403
V	1224005	18404
V	1224156	18405
V	1224302	18406
V	1224452	18407
V	1224605	18408
V	1224757	18409
V	1224901	18410
V	1225054	18411
V	1225206	18412
V	1225357	18413
V	1225503	18414
V	1225657	18415
V	1225814	18416
V	1225969	18417
V	1226119	18418
V	1226263	18419
V	1226417	18420
V	1226567	18421
V	1226718	18422
V	1226878	18423
V	1227029	18424
V	1227179	18425
V	1227331	18426
V	1227498	18427
V	1227648	18428
V	1227789	18429
V	1227941	18430
V	1228089	18431
V	1228244	18432
V	1228393	18433
V	1228542	18434
V	1228691	18435
V	1228851	18436
V	1229000	18437
V	1229153	18438
V	1229310	18439
V	1229457	18440
V	1229601	18441
V	1229748	18442
V	1229890	18443
V	1230043	18444
V	1230193	18445
V	1230344	18446
V	1230495	18447
V	1230643	18448
V	1230792	18449
V	1230934	18450
V	1231087	18451
V	1231238	18452
V	1231387	18453
V	1231531	18454
V	1231682	18455
V	1231826	18456
V	1231978	18457
V	1232133	18458
V	1232285	18459
V	1232437	18460
V	1232590	18461
V	1232747	18462
V	1232897	18463
V	1233047	18464
V	1233197	18465
V	1233344	18466
V	1233506	18467
V	1233650	18468
V	1233794	18469
V	1233946	18470
V	1234109	18471
V	1234260	18472
V	1234413	18473
V	1234565	18474
V	1234711	18475
V	1234873	18476
V	1235045	18477
V	1235190	18478
V	1235332	18479
V	1235483	18480
V	1235639	18481
V	1235785	18482
V	1235928	18483
V	1236082	18484
V	1236230	18485
V	1236379	18486
V	1236530	18487
V	1236678	18488
V	1236824	18489
V	1236972	18490
V	1237126	18491
V	1237272	18492
V	1237423	18493
V	1237566	18494
V	1237710	18495
V	1237869	18496
V	1238021	18497
V	1238173	18498
V	1238317	18499
V	1238468	18500
V	1238619	18501
V	1238764	18502
V	1238916	18503
V	1239066	18504
V	1239211	18505
V	1239354	18506
V	1239503	18507
V	1239659	18508
V	1239803	18509
V	1239951	18510
V	1240099	18511
V	1240252	18512
V	1240429	18513
V	1240586	18514
V	1240733	18515
V	1240898	18516
V	1241055	18517
V	1241207	18518
V	1241353	18519
V	1241508	18520
V	1241656	18521
V	1241807	18522
V	1241952	18523
V	1242096	18524
V	1242252	18525
V	1242397	18526
V	1242548	18527
V	1242698	18528
V	1242849	18529
V	1242998	18530
V	1243153	18531
V	1243302	18532
V	1243451	18533
V	1243608	18534
V	1243762	18535
V	1243915	18536
V	1244063	18537
V	1244208	18538
V	1244363	18539
V	1244514	18540
V	1244656	18541
V	1244809	18542
V	1244963	18543
V	1245117	18544
V	1245282	18545
V	1245439	18546
V	1245585	18547
V	1245736	18548
V	1245889	18549
V	1246034	18550
V	1246197	18551
V	1246354	18552
V	1246499	18553
V	1246654	18554
V	1246799	18555
V	1246949	18556
V	1247099	18557
V	1247246	18558
V	1247393	18559
V	1247554	18560
V	1247707	18561
V	1247853	18562
V	1248003	18563
V	1248148	18564
V	1248289	18565
V	1248441	18566
V	1248604	18567
V	1248751	18568
V	1248898	18569
V	1249043	18570
V	1249189	18571
V	1249338	18572
V	1249490	18573
V	1249637	18574
V	1249783	18575
V	1249930	18576
V	1250086	18577
V	1250251	18578
V	1250403	18579
V	1250559	18580
V	1250708	18581
V	1250859	18582
V	1251015	18583
V	1251166	18584
V	1251314	18585
V	1251463	18586
V	1251610	18587
V	1251764	18588
V	1251931	18589
V	1252081	18590
V	1252231	18591
V	1252376	18592
V	1252530	18593
V	1252682	18594
V	1252831	18595
V	1252972	18596
V	1253122	18597
V	1253276	18598
V	1253423	18599
V	1253568	18600
V	1253716	18601
V	1253864	18602
V	1254013	18603
V	1254159	18604
V	1254299	18605
V	1254448	18606
V	1254603	18607
V	1254756	18608
V	1254906	18609
V	1255057	18610
V	1255202	18611
V	1255352	18612
V	1255498	18613
V	1255648	18614
V	1255797	18615
V	1255950	18616
V	1256112	18617
V	1256257	18618
V	1256404	18619
V	1256554	18620
V	1256701	18621
V	1256853	18622
V	1256998	18623
V	1257150	18624
V	1257297	18625
V	1257452	18626
V	1257597	18627
V	1257770	18628
V	1257925	18629
V	1258078	18630
V	1258228	18631
V	1258380	18632
V	1258528	18633
V	1258681	18634
V	1258827	18635
V	1258995	18636
V	1259146	18637
V	1259293	18638
V	1259436	18639
V	1259585	18640
V	1259738	18641
V	1259886	18642
V	1260041	18643
V	1260194	18644
V	1260343	18645
V	1260494	18646
V	1260647	18647
V	1260793	18648
V	1260946	18649
V	1261092	18650
V	1261242	18651
V	1261393	18652
V	1261547	18653
V	1261694	18654
V	1261861	18655
V	1262017	18656
V	1262168	18657
V	1262316	18658
V	1262463	18659
V	1262616	18660
V	1262766	18661
V	1262919	18662
V	1263062	18663
V	1263209	18664
V	1263356	18665
V	1263508	18666
V	1263652	18667
V	1263802	18668
V	1263947	18669
V	1264089	18670
V	1264238	18671
V	1264383	18672
V	1264536	18673
V	1264687	18674
V	1264834	18675
V	1264989	18676
V	1265141	18677
V	1265284	18678
V	1265440	18679
V	1265595	18680
V	1265745	18681
V	1265890	18682
V	1266037	18683
V	1266191	18684
V	1266342	18685
V	1266518	18686
V	1266666	18687
V	1266817	18688
V	1266973	18689
V	1267122	18690
V	1267270	18691
V	1267425	18692
V	1267570	18693
V	1267715	18694
V	1267863	18695
V	1268008	18696
V	1268158	18697
V	1268298	18698
V	1268445	18699
V	1268595	18700
V	1268744	18701
V	1268896	18702
V	1269044	18703
V	1269187	18704
V	1269337	18705
V	1269478	18706
V	1269628	18707
V	1269796	18708
V	1269947	18709
V	1270093	18710
V	1270242	18711
V	1270394	18712
V	1270549	18713
V	1270697	18714
V	1270851	18715
V	1270999	18716
V	1271150	18717
V	1271299	18718
V	1271450	18719
V	1271600	18720
V	1271751	18721
V	1271898	18722
V	1272045	18723
V	1272205	18724
V	1272358	18725
V	1272502	18726
V	1272653	18727
V	1272800	18728
V	1272948	18729
V	1273092	18730
V	1273245	18731
V	1273399	18732
V	1273554	18733
V	1273712	18734
V	1273856	18735
V	1274004	18736
V	1274148	18737
V	1274303	18738
V	1274453	18739
V	1274599	18740
V	1274747	18741
V	1274889	18742
V	1275028	18743
V	1275178	18744
V	1275340	18745
V	1275486	18746
V	1275637	18747
V	1275791	18748
V	1275938	18749
V	1276088	18750
V	1276236	18751
V	1276385	18752
V	1276536	18753
V	1276680	18754
V	1276826	18755
V	1276977	18756
V	1277123	18757
V	1277269	18758
V	1277414	18759
V	1277567	18760
V	1277719	18761
V	1277861	18762
V	1278009	18763
V	1278179	18764
V	1278325	18765
V	1278467	18766
V	1278612	18767
V	1278760	18768
V	1278908	18769
V	1279055	18770
V	1279210	18771
V	1279356	18772
V	1279504	18773
V	1279654	18774
V	1279806	18775
V	1279950	18776
V	1280106	18777
V	1280250	18778
V	1280403	18779
V	1280553	18780
V	1280697	18781
V	1280844	18782
V	1280998	18783
V	1281149	18784
V	1281299	18785
V	1281451	18786
V	1281606	18787
V	1281765	18788
V	1281915	18789
V	1282061	18790
V	1282218	18791
V	1282365	18792
V	1282522	18793
V	1282680	18794
V	1282826	18795
V	1282975	18796
V	1283126	18797
V	1283274	18798
V	1283434	18799
V	1283579	18800
V	1283740	18801
V	1283882	18802
V	1284024	18803
V	1284172	18804
V	1284344	18805
V	1284491	18806
V	1284666	18807
V	1284819	18808
V	1284982	18809
V	1285124	18810
V	1285281	18811
V	1285424	18812
V	1285578	18813
V	1285729	18814
V	1285869	18815
V	1286022	18816
V	1286166	18817
V	1286318	18818
V	1286464	18819
V	1286616	18820
V	1286788	18821
V	1286933	18822
V	1287094	18823
V	1287237	18824
V	1287391	18825
V	1287539	18826
V	1287685	18827
V	1287834	18828
V	1287975	18829
V	1288126	18830
V	1288278	18831
V	1288428	18832
V	1288574	18833
V	1288735	18834
V	1288885	18835
V	1289046	18836
V	1289192	18837
V	1289342	18838
V	1289489	18839
V	1289642	18840
V	1289811	18841
V	1289965	18842
V	1290114	18843
V	1290266	18844
V	1290406	18845
V	1290557	18846
V	1290702	18847
V	1290852	18848
V	1291001	18849
V	1291145	18850
V	1291299	18851
V	1291447	18852
V	1291594	18853
V	1291747	18854
V	1291901	18855
V	1292074	18856
V	1292221	18857
V	1292370	18858
V	1292544	18859
V	1292691	18860
V	1292839	18861
V	1292982	18862
V	1293132	18863
V	1293285	18864
V	1293433	18865
V	1293580	18866
V	1293732	18867
V	1293884	18868
V	1294035	18869
V	1294192	18870
V	1294343	18871
V	1294493	18872
V	1294654	18873
V	1294795	18874
V	1294937	18875
V	1295081	18876
V	1295232	18877
V	1295376	18878
V	1295527	18879
V	1295678	18880
V	1295830	18881
V	1295972	18882
V	1296125	18883
V	1296273	18884
V	1296418	18885
V	1296569	18886
V	1296716	18887
V	1296870	18888
V	1297023	18889
V	1297172	18890
V	1297317	18891
V	1297484	18892
V	1297634	18893
V	1297789	18894
V	1297943	18895
V	1298094	18896
V	1298247	18897
V	1298395	18898
V	1298544	18899
V	1298692	18900
V	1298845	18901
V	1298998	18902
V	1299147	18903
V	1299299	18904
V	1299453	18905
V	1299606	18906
V	1299757	18907
V	1299916	18908
V	1300065	18909
V	1300217	18910
V	1300368	18911
V	1300517	18912
V	1300661	18913
V	1300809	18914
V	1300958	18915
V	1301109	18916
V	1301263	18917
V	1301413	18918
V	1301566	18919
V	1301716	18920
V	1301878	18921
V	1302020	18922
V	1302168	18923
V	1302317	18924
V	1302468	18925
V	1302614	18926
V	1302761	18927
V	1302913	18928
V	1303058	18929
V	1303210	18930
V	1303368	18931
V	1303520	18932
V	1303662	18933
V	1303824	18934
V	1303977	18935
V	1304125	18936
V	1304279	18937
V	1304425	18938
V	1304577	18939
V	1304727	18940
V	1304876	18941
V	1305021	18942
V	1305176	18943
V	1305329	18944
V	1305476	18945
V	1305623	18946
V	1305771	18947
V	1305926	18948
V	1306078	18949
V	1306228	18950
V	1306371	18951
V	1306517	18952
V	1306664	18953
V	1306809	18954
V	1306958	18955
V	1307120	18956
V	1307274	18957
V	1307433	18958
V	1307586	18959
V	1307744	18960
V	1307889	18961
V	1308048	18962
V	1308199	18963
V	1308350	18964
V	1308502	18965
V	1308646	18966
V	1308792	18967
V	1308943	18968
V	1309098	18969
V	1309244	18970
V	1309389	18971
V	1309539	18972
V	1309688	18973
V	1309837	18974
V	1309985	18975
V	1310130	18976
V	1310283	18977
V	1310429	18978
V	1310584	18979
V	1310743	18980
V	1310893	18981
V	1311047	18982
V	1311201	18983
V	1311353	18984
V	1311503	18985
V	1311653	18986
V	1311807	18987
V	1311957	18988
V	1312107	18989
V	1312260	18990
V	1312408	18991
V	1312568	18992
V	1312722	18993
V	1312870	18994
V	1313017	18995
V	1313175	18996
V	1313318	18997
V	1313460	18998
V	1313606	18999
V	1313753	19000
V	1313904	19001
V	1314078	19002
V	1314231	19003
V	1314374	19004
V	1314527	19005
V	1314678	19006
V	1314822	19007
V	1314968	19008
V	1315121	19009
V	1315269	19010
V	1315416	19011
V	1315565	19012
V	1315718	19013
V	1315867	19014
V	1316013	19015
V	1316169	19016
V	1316319	19017
V	1316462	19018
V	1316614	19019
V	1316762	19020
V	1316914	19021
V	1317065	19022
V	1317216	19023
V	1317368	19024
V	1317517	19025
V	1317668	19026
V	1317819	19027
V	1317970	19028
V	1318125	19029
V	1318289	19030
V	1318443	19031
V	1318588	19032
V	1318737	19033
V	1318889	19034
V	1319034	19035
V	1319181	19036
V	1319330	19037
V	1319492	19038
V	1319634	19039
V	1319785	19040
V	1319931	19041
V	1320081	19042
V	1320230	19043
V	1320387	19044
V	1320544	19045
V	1320698	19046
V	1320844	19047
V	1321014	19048
V	1321166	19049
V	1321314	19050
V	1321468	19051
V	1321609	19052
V	1321761	19053
V	1321909	19054
V	1322055	19055
V	1322205	19056
V	1322363	19057
V	1322509	19058
V	1322667	19059
V	1322827	19060
V	1322982	19061
V	1323132	19062
V	1323283	19063
V	1323431	19064
V	1323585	19065
V	1323733	19066
V	1323905	19067
V	1324061	19068
V	1324214	19069
V	1324362	19070
V	1324507	19071
V	1324660	19072
V	1324808	19073
V	1324954	19074
V	1325102	19075
V	1325279	19076
V	1325431	19077
V	1325582	19078
V	1325729	19079
V	1325878	19080
V	1326027	19081
V	1326172	19082
V	1326311	19083
V	1326454	19084
V	1326612	19085
V	1326770	19086
V	1326918	19087
V	1327069	19088
V	1327220	19089
V	1327382	19090
V	1327528	19091
V	1327676	19092
V	1327841	19093
V	1327983	19094
V	1328142	19095
V	1328287	19096
V	1328432	19097
V	1328581	19098
V	1328732	19099
V	1328883	19100
V	1329071	19101
V	1329222	19102
V	1329375	19103
V	1329528	19104
V	1329679	19105
V	1329835	19106
V	1330000	19107
V	1330153	19108
V	1330306	19109
V	1330460	19110
V	1330615	19111
V	1330760	19112
V	1330906	19113
V	1331056	19114
V	1331209	19115
V	1331363	19116
V	1331508	19117
V	1331667	19118
V	1331829	19119
V	1331971	19120
V	1332133	19121
V	1332283	19122
V	1332431	19123
V	1332580	19124
V	1332726	19125
V	1332876	19126
V	1333025	19127
V	1333178	19128
V	1333326	19129
V	1333491	19130
V	1333651	19131
V	1333809	19132
V	1333955	19133
V	1334110	19134
V	1334260	19135
V	1334402	19136
V	1334549	19137
V	1334703	19138
V	1334849	19139
V	1335001	19140
V	1335149	19141
V	1335298	19142
V	1335450	19143
V	1335600	19144
V	1335749	19145
V	1335911	19146
V	1336067	19147
V	1336232	19148
V	1336379	19149
V	1336527	19150
V	1336673	19151
V	1336824	19152
V	1336968	19153
V	1337120	19154
V	1337270	19155
V	1337416	19156
V	1337571	19157
V	1337725	19158
V	1337874	19159
V	1338016	19160
V	1338166	19161
V	1338312	19162
V	1338464	19163
V	1338616	19164
V	1338758	19165
V	1338908	19166
V	1339059	19167
V	1339241	19168
V	1339395	19169
V	1339550	19170
V	1339700	19171
V	1339864	19172
V	1340015	19173
V	1340169	19174
V	1340327	19175
V	1340490	19176
V	1340639	19177
V	1340791	19178
V	1340943	19179
V	1341098	19180
V	1341249	19181
V	1341400	19182
V	1341552	19183
V	1341704	19184
V	1341865	19185
V	1342019	19186
V	1342165	19187
V	1342314	19188
V	1342463	19189
V	1342617	19190
V	1342766	19191
V	1342917	19192
V	1343071	19193
V	1343212	19194
V	1343366	19195
V	1343518	19196
V	1343688	19197
V	1343839	19198
V	1344008	19199
V	1344160	19200
V	1344302	19201
V	1344454	19202
V	1344603	19203
V	1344756	19204
V	1344901	19205
V	1345049	19206
V	1345201	19207
V	1345383	19208
V	1345538	19209
V	1345681	19210
V	1345826	19211
V	1345978	19212
V	1346125	19213
V	1346277	19214
V	1346427	19215
V	1346589	19216
V	1346733	19217
V	1346879	19218
V	1347027	19219
V	1347193	19220
V	1347343	19221
V	1347496	19222
V	1347651	19223
V	1347793	19224
V	1347941	19225
V	1348096	19226
V	1348252	19227
V	1348397	19228
V	1348547	19229
V	1348708	19230
V	1348861	19231
V	1349010	19232
V	1349159	19233
V	1349324	19234
V	1349471	19235
V	1349616	19236
V	1349770	19237
V	1349919	19238
V	1350097	19239
V	1350246	19240
V	1350400	19241
V	1350546	19242
V	1350694	19243
V	1350842	19244
V	1350989	19245
V	1351139	19246
V	1351282	19247
V	1351435	19248
V	1351590	19249
V	1351732	19250
V	1351882	19251
V	1352029	19252
V	1352180	19253
V	1352322	19254
V	1352476	19255
V	1352623	19256
V	1352777	19257
V	1352930	19258
V	1353076	19259
V	1353223	19260
V	1353372	19261
V	1353525	19262
V	1353677	19263
V	1353838	19264
V	1353984	19265
V	1354130	19266
V	1354279	19267
V	1354429	19268
V	1354573	19269
V	1354726	19270
V	1354891	19271
V	1355046	19272
V	1355193	19273
V	1355342	19274
V	1355485	19275
V	1355637	19276
V	1355782	19277
V	1355932	19278
V	1356084	19279
V	1356231	19280
V	1356378	19281
V	1356532	19282
V	1356679	19283
V	1356828	19284
V	1356978	19285
V	1357128	19286
V	1357286	19287
V	1357436	19288
V	1357590	19289
V	1357739	19290
V	1357888	19291
V	1358037	19292
V	1358189	19293
V	1358341	19294
V	1358489	19295
V	1358637	19296
V	1358786	19297
V	1358933	19298
V	1359080	19299
V	1359225	19300
V	1359382	19301
V	1359532	19302
V	1359684	19303
V	1359833	19304
V	1359977	19305
V	1360128	19306
V	1360282	19307
V	1360435	19308
V	1360588	19309
V	1360754	19310
V	1360907	19311
V	1361069	19312
V	1361216	19313
V	1361381	19314
V	1361546	19315
V	1361696	19316
V	1361845	19317
V	1361995	19318
V	1362161	19319
V	1362313	19320
V	1362465	19321
V	1362616	19322
V	1362766	19323
V	1362906	19324
V	1363055	19325
V	1363209	19326
V	1363362	19327
V	1363517	19328
V	1363659	19329
V	1363810	19330
V	1363958	19331
V	1364105	19332
V	1364253	19333
V	1364403	19334
V	1364543	19335
V	1364689	19336
V	1364839	19337
V	1365001	19338
V	1365150	19339
V	1365299	19340
V	1365455	19341
V	1365603	19342
V	1365757	19343
V	1365907	19344
V	1366056	19345
V	1366211	19346
V	1366399	19347
V	1366551	19348
V	1366706	19349
V	1366856	19350
V	1367002	19351
V	1367155	19352
V	1367303	19353
V	1367455	19354
V	1367639	19355
V	1367788	19356
V	1367947	19357
V	1368096	19358
V	1368244	19359
V	1368386	19360
V	1368559	19361
V	1368710	19362
V	1368858	19363
V	1369008	19364
V	1369158	19365
V	1369312	19366
V	1369456	19367
V	1369601	19368
V	1369747	19369
V	1369903	19370
V	1370050	19371
V	1370220	19372
V	1370373	19373
V	1370524	19374
V	1370668	19375
V	1370824	19376
V	1370974	19377
V	1371122	19378
V	1371274	19379
V	1371423	19380
V	1371574	19381
V	1371725	19382
V	1371867	19383
V	1372027	19384
V	1372174	19385
V	1372318	19386
V	1372467	19387
V	1372615	19388
V	1372768	19389
V	1372923	19390
V	1373075	19391
V	1373231	19392
V	1373385	19393
V	1373536	19394
V	1373693	19395
V	1373840	19396
V	1374001	19397
V	1374152	19398
V	1374298	19399
V	1374448	19400
V	1374601	19401
V	1374747	19402
V	1374900	19403
V	1375051	19404
V	1375204	19405
V	1375350	19406
V	1375503	19407
V	1375652	19408
V	1375798	19409
V	1375949	19410
V	1376099	19411
V	1376249	19412
V	1376398	19413
V	1376549	19414
V	1376723	19415
V	1376874	19416
V	1377022	19417
V	1377178	19418
V	1377339	19419
V	1377495	19420
V	1377654	19421
V	1377797	19422
V	1377948	19423
V	1378100	19424
V	1378245	19425
V	1378393	19426
V	1378545	19427
V	1378697	19428
V	1378848	19429
V	1379002	19430
V	1379156	19431
V	1379309	19432
V	1379450	19433
V	1379604	19434
V	1379753	19435
V	1379905	19436
V	1380048	19437
V	1380193	19438
V	1380344	19439
V	1380495	19440
V	1380645	19441
V	1380790	19442
V	1380937	19443
V	1381086	19444
V	1381236	19445
V	1381386	19446
V	1381532	19447
V	1381677	19448
V	1381822	19449
V	1381977	19450
V	1382124	19451
V	1382264	19452
V	1382416	19453
V	1382566	19454
V	1382733	19455
V	1382883	19456
V	1383036	19457
V	1383184	19458
V	1383336	19459
V	1383484	19460
V	1383638	19461
V	1383790	19462
V	1383938	19463
V	1384084	19464
V	1384236	19465
V	1384389	19466
V	1384558	19467
V	1384704	19468
V	1384855	19469
V	1384999	19470
V	1385161	19471
V	1385312	19472
V	1385456	19473
V	1385610	19474
V	1385756	19475
V	1385904	19476
V	1386080	19477
V	1386234	19478
V	1386381	19479
V	1386532	19480
V	1386687	19481
V	1386835	19482
V	1386982	19483
V	1387121	19484
V	1387271	19485
V	1387420	19486
V	1387577	19487
V	1387733	19488
V	1387889	19489
V	1388038	19490
V	1388187	19491
V	1388343	19492
V	1388491	19493
V	1388639	19494
V	1388792	19495
V	1388951	19496
V	1389104	19497
V	1389252	19498
V	1389406	19499
V	1389556	19500
V	1389710	19501
V	1389859	19502
V	1390003	19503
V	1390153	19504
V	1390302	19505
V	1390453	19506
V	1390603	19507
V	1390752	19508
V	1390903	19509
V	1391063	19510
V	1391209	19511
V	1391361	19512
V	1391509	19513
V	1391659	19514
V	1391809	19515
V	1391960	19516
V	1392115	19517
V	1392262	19518
V	1392416	19519
V	1392570	19520
V	1392716	19521
V	1392871	19522
V	1393025	19523
V	1393189	19524
V	1393342	19525
V	1393484	19526
V	1393634	19527
V	1393792	19528
V	1393939	19529
V	1394087	19530
V	1394236	19531
V	1394386	19532
V	1394536	19533
V	1394685	19534
V	1394828	19535
V	1394976	19536
V	1395122	19537
V	1395276	19538
V	1395449	19539
V	1395599	19540
V	1395751	19541
V	1395904	19542
V	1396055	19543
V	1396202	19544
V	1396349	19545
V	1396500	19546
V	1396645	19547
V	1396788	19548
V	1396937	19549
V	1397092	19550
V	1397265	19551
V	1397418	19552
V	1397572	19553
V	1397720	19554
V	1397867	19555
V	1398038	19556
V	1398188	19557
V	1398344	19558
V	1398504	19559
V	1398653	19560
V	1398818	19561
V	1398963	19562
V	1399116	19563
V	1399263	19564
V	1399429	19565
V	1399580	19566
V	1399733	19567
V	1399882	19568
V	1400028	19569
V	1400182	19570
V	1400331	19571
V	1400479	19572
V	1400625	19573
V	1400775	19574
V	1400925	19575
V	1401076	19576
V	1401223	19577
V	1401370	19578
V	1401524	19579
V	1401676	19580
V	1401822	19581
V	1401970	19582
V	1402126	19583
V	1402276	19584
V	1402425	19585
V	1402574	19586
V	1402722	19587
V	1402878	19588
V	1403033	19589
V	1403186	19590
V	1403345	19591
V	1403499	19592
V	1403656	19593
V	1403803	19594
V	1403955	19595
V	1404106	19596
V	1404263	19597
V	1404413	19598
V	1404568	19599
V	1404716	19600
V	1404862	19601
V	1405020	19602
V	1405182	19603
V	1405342	19604
V	1405502	19605
V	1405648	19606
V	1405796	19607
V	1405949	19608
V	1406105	19609
V	1406253	19610
V	1406403	19611
V	1406550	19612
V	1406701	19613
V	1406851	19614
V	1407006	19615
V	1407152	19616
V	1407302	19617
V	1407473	19618
V	1407646	19619
V	1407797	19620
V	1407950	19621
V	1408097	19622
V	1408269	19623
V	1408415	19624
V	1408560	19625
V	1408701	19626
V	1408850	19627
V	1408997	19628
V	1409143	19629
V	1409298	19630
V	1409452	19631
V	1409606	19632
V	1409764	19633
V	1409916	19634
V	1410073	19635
V	1410228	19636
V	1410375	19637
V	1410560	19638
V	1410707	19639
V	1410865	19640
V	1411029	19641
V	1411172	19642
V	1411321	19643
V	1411470	19644
V	1411620	19645
V	1411772	19646
V	1411924	19647
V	1412077	19648
V	1412217	19649
V	1412369	19650
V	1412519	19651
V	1412668	19652
V	1412816	19653
V	1412956	19654
V	1413109	19655
V	1413269	19656
V	1413419	19657
V	1413560	19658
V	1413712	19659
V	1413863	19660
V	1414012	19661
V	1414158	19662
V	1414302	19663
V	1414448	19664
V	1414593	19665
V	1414741	19666
V	1414898	19667
V	1415044	19668
V	1415197	19669
V	1415342	19670
V	1415499	19671
V	1415644	19672
V	1415815	19673
V	1415983	19674
V	1416143	19675
V	1416297	19676
V	1416447	19677
V	1416599	19678
V	1416747	19679
V	1416908	19680
V	1417053	19681
V	1417210	19682
V	1417362	19683
V	1417514	19684
V	1417664	19685
V	1417806	19686
V	1417957	19687
V	1418105	19688
V	1418251	19689
V	1418399	19690
V	1418553	19691
V	1418705	19692
V	1418865	19693
V	1419019	19694
V	1419166	19695
V	1419315	19696
V	1419479	19697
V	1419633	19698
V	1419783	19699
V	1419935	19700
V	1420084	19701
V	1420232	19702
V	1420379	19703
V	1420523	19704
V	1420681	19705
V	1420836	19706
V	1420980	19707
V	1421137	19708
V	1421286	19709
V	1421441	19710
V	1421591	19711
V	1421745	19712
V	1421895	19713
V	1422045	19714
V	1422195	19715
V	1422372	19716
V	1422521	19717
V	1422661	19718
V	1422807	19719
V	1422954	19720
V	1423105	19721
V	1423248	19722
V	1423399	19723
V	1423545	19724
V	1423693	19725
V	1423838	19726
V	1423983	19727
V	1424133	19728
V	1424282	19729
V	1424430	19730
V	1424578	19731
V	1424721	19732
V	1424875	19733
V	1425017	19734
V	1425185	19735
V	1425328	19736
V	1425475	19737
V	1425622	19738
V	1425773	19739
V	1425919	19740
V	1426065	19741
V	1426211	19742
V	1426357	19743
V	1426506	19744
V	1426650	19745
V	1426803	19746
V	1426952	19747
V	1427117	19748
V	1427271	19749
V	1427430	19750
V	1427581	19751
V	1427731	19752
V	1427884	19753
V	1428027	19754
V	1428176	19755
V	1428324	19756
V	1428476	19757
V	1428618	19758
V	1428773	19759
V	1428929	19760
V	1429080	19761
V	1429234	19762
V	1429410	19763
V	1429552	19764
V	1429695	19765
V	1429841	19766
V	1429990	19767
V	1430151	19768
V	1430298	19769
V	1430452	19770
V	1430599	19771
V	1430747	19772
V	1430899	19773
V	1431044	19774
V	1431194	19775
V	1431343	19776
V	1431505	19777
V	1431654	19778
V	1431804	19779
V	1431959	19780
V	1432106	19781
V	1432251	19782
V	1432405	19783
V	1432550	19784
V	1432692	19785
V	1432842	19786
V	1432998	19787
V	1433151	19788
V	1433300	19789
V	1433454	19790
V	1433600	19791
V	1433750	19792
V	1433900	19793
V	1434045	19794
V	1434207	19795
V	1434358	19796
V	1434513	19797
V	1434664	19798
V	1434809	19799
V	1434963	19800
V	1435109	19801
V	1435292	19802
V	1435441	19803
V	1435596	19804
V	1435748	19805
V	1435893	19806
V	1436043	19807
V	1436190	19808
V	1436338	19809
V	1436485	19810
V	1436631	19811
V	1436776	19812
V	1436914	19813
V	1437061	19814
V	1437221	19815
V	1437367	19816
V	1437510	19817
V	1437656	19818
V	1437798	19819
V	1437957	19820
V	1438098	19821
V	1438263	19822
V	1438413	19823
V	1438566	19824
V	1438716	19825
V	1438878	19826
V	1439023	19827
V	1439168	19828
V	1439311	19829
V	1439480	19830
V	1439630	19831
V	1439784	19832
V	1439940	19833
V	1440108	19834
V	1440287	19835
V	1440454	19836
V	1440631	19837
V	1440781	19838
V	1440937	19839
V	1441085	19840
V	1441242	19841
V	1441407	19842
V	1441557	19843
V	1441707	19844
V	1441857	19845
V	1442014	19846
V	1442166	19847
V	1442318	19848
V	1442461	19849
V	1442606	19850
V	1442752	19851
V	1442901	19852
V	1443053	19853
V	1443199	19854
V	1443341	19855
V	1443484	19856
V	1443632	19857
V	1443775	19858
V	1443921	19859
V	1444075	19860
V	1444229	19861
V	1444378	19862
V	1444528	19863
V	1444676	19864
V	1444829	19865
V	1444989	19866
V	1445138	19867
V	1445282	19868
V	1445438	19869
V	1445583	19870
V	1445729	19871
V	1445883	19872
V	1446036	19873
V	1446202	19874
V	1446345	19875
V	1446491	19876
V	1446656	19877
V	1446803	19878
V	1446952	19879
V	1447106	19880
V	1447268	19881
V	1447430	19882
V	1447591	19883
V	1447743	19884
V	1447895	19885
V	1448048	19886
V	1448203	19887
V	1448348	19888
V	1448498	19889
V	1448652	19890
V	1448799	19891
V	1448951	19892
V	1449096	19893
V	1449239	19894
V	1449411	19895
V	1449567	19896
V	1449714	19897
V	1449869	19898
V	1450021	19899
V	1450175	19900
V	1450328	19901
V	1450477	19902
V	1450639	19903
V	1450794	19904
V	1450937	19905
V	1451100	19906
V	1451246	19907
V	1451392	19908
V	1451538	19909
V	1451686	19910
V	1451855	19911
V	1452001	19912
V	1452148	19913
V	1452301	19914
V	1452447	19915
V	1452601	19916
V	1452749	19917
V	1452899	19918
V	1453050	19919
V	1453198	19920
V	1453346	19921
V	1453494	19922
V	1453641	19923
V	1453791	19924
V	1453939	19925
V	1454086	19926
V	1454234	19927
V	1454381	19928
V	1454534	19929
V	1454682	19930
V	1454833	19931
V	1455007	19932
V	1455169	19933
V	1455332	19934
V	1455489	19935
V	1455637	19936
V	1455794	19937
V	1455949	19938
V	1456095	19939
V	1456240	19940
V	1456387	19941
V	1456536	19942
V	1456692	19943
V	1456838	19944
V	1456986	19945
V	1457146	19946
V	1457293	19947
V	1457437	19948
V	1457613	19949
V	1457752	19950
V	1457906	19951
V	1458053	19952
V	1458201	19953
V	1458352	19954
V	1458500	19955
V	1458651	19956
V	1458802	19957
V	1458943	19958
V	1459095	19959
V	1459243	19960
V	1459399	19961
V	1459541	19962
V	1459710	19963
V	1459864	19964
V	1460014	19965
V	1460163	19966
V	1460307	19967
V	1460454	19968
V	1460610	19969
V	1460756	19970
V	1460911	19971
V	1461068	19972
V	1461222	19973
V	1461364	19974
V	1461518	19975
V	1461663	19976
V	1461823	19977
V	1461974	19978
V	1462123	19979
V	1462278	19980
V	1462429	19981
V	1462581	19982
V	1462730	19983
V	1462877	19984
V	1463025	19985
V	1463177	19986
V	1463327	19987
V	1463478	19988
V	1463658	19989
V	1463808	19990
V	1463959	19991
V	1464106	19992
V	1464262	19993
V	1464410	19994
V	1464560	19995
V	1464709	19996
V	1464862	19997
V	1465007	19998
V	1465155	19999
V	1465302	20000
V	1465486	20001
V	1465637	20002
V	1465785	20003
V	1465936	20004
V	1466095	20005
V	1466244	20006
V	1466391	20007
V	1466545	20008
V	1466695	20009
V	1466863	20010
V	1467010	20011
V	1467161	20012
V	1467315	20013
V	1467468	20014
V	1467616	20015
V	1467772	20016
V	1467923	20017
V	1468074	20018
V	1468235	20019
V	1468376	20020
V	1468527	20021
V	1468679	20022
V	1468830	20023
V	1468985	20024
V	1469124	20025
V	1469276	20026
V	1469419	20027
V	1469569	20028
V	1469723	20029
V	1469879	20030
V	1470043	20031
V	1470196	20032
V	1470353	20033
V	1470504	20034
V	1470651	20035
V	1470803	20036
V	1470967	20037
V	1471117	20038
V	1471274	20039
V	1471419	20040
V	1471568	20041
V	1471718	20042
V	1471874	20043
V	1472023	20044
V	1472174	20045
V	1472342	20046
V	1472490	20047
V	1472642	20048
V	1472786	20049
V	1472931	20050
V	1473086	20051
V	1473238	20052
V	1473385	20053
V	1473534	20054
V	1473680	20055
V	1473829	20056
V	1473982	20057
V	1474133	20058
V	1474321	20059
V	1474467	20060
V	1474629	20061
V	1474778	20062
V	1474924	20063
V	1475078	20064
V	1475222	20065
V	1475372	20066
V	1475519	20067
V	1475671	20068
V	1475814	20069
V	1475964	20070
V	1476115	20071
V	1476262	20072
V	1476409	20073
V	1476563	20074
V	1476721	20075
V	1476872	20076
V	1477026	20077
V	1477180	20078
V	1477334	20079
V	1477485	20080
V	1477640	20081
V	1477795	20082
V	1477943	20083
V	1478095	20084
V	1478257	20085
V	1478411	20086
V	1478556	20087
V	1478709	20088
V	1478860	20089
V	1479012	20090
V	1479161	20091
V	1479318	20092
V	1479466	20093
V	1479615	20094
V	1479767	20095
V	1479919	20096
V	1480071	20097
V	1480214	20098
V	1480360	20099
V	1480513	20100
V	1480663	20101
V	1480808	20102
V	1480961	20103
V	1481115	20104
V	1481273	20105
V	1481423	20106
V	1481586	20107
V	1481729	20108
V	1481874	20109
V	1482027	20110
V	1482182	20111
V	1482330	20112
V	1482473	20113
V	1482618	20114
V	1482769	20115
V	1482919	20116
V	1483067	20117
V	1483219	20118
V	1483364	20119
V	1483515	20120
V	1483655	20121
V	1483797	20122
V	1483940	20123
V	1484087	20124
V	1484243	20125
V	1484396	20126
V	1484550	20127
V	1484694	20128
V	1484849	20129
V	1485000	20130
V	1485157	20131
V	1485305	20132
V	1485458	20133
V	1485607	20134
V	1485759	20135
V	1485910	20136
V	1486058	20137
V	1486208	20138
V	1486357	20139
V	1486511	20140
V	1486658	20141
V	1486811	20142
V	1486955	20143
V	1487113	20144
V	1487263	20145
V	1487418	20146
V	1487574	20147
V	1487732	20148
V	1487898	20149
V	1488048	20150
V	1488194	20151
V	1488340	20152
V	1488480	20153
V	1488633	20154
V	1488783	20155
V	1488935	20156
V	1489078	20157
V	1489227	20158
V	1489380	20159
V	1489522	20160
V	1489667	20161
V	1489813	20162
V	1489965	20163
V	1490106	20164
V	1490252	20165
V	1490394	20166
V	1490544	20167
V	1490704	20168
V	1490854	20169
V	1491004	20170
V	1491155	20171
V	1491314	20172
V	1491469	20173
V	1491620	20174
V	1491771	20175
V	1491920	20176
V	1492071	20177
V	1492223	20178
V	1492370	20179
V	1492543	20180
V	1492691	20181
V	1492837	20182
V	1492987	20183
V	1493132	20184
V	1493281	20185
V	1493431	20186
V	1493578	20187
V	1493727	20188
V	1493876	20189
V	1494030	20190
V	1494178	20191
V	1494326	20192
V	1494470	20193
V	1494622	20194
V	1494766	20195
V	1494915	20196
V	1495065	20197
V	1495221	20198
V	1495367	20199
V	1495517	20200
V	1495662	20201
V	1495818	20202
V	1495966	20203
V	1496117	20204
V	1496262	20205
V	1496412	20206
V	1496553	20207
V	1496705	20208
V	1496847	20209
V	1496993	20210
V	1497144	20211
V	1497296	20212
V	1497443	20213
V	1497593	20214
V	1497740	20215
V	1497890	20216
V	1498038	20217
V	1498191	20218
V	1498339	20219
V	1498479	20220
V	1498629	20221
V	1498777	20222
V	1498916	20223
V	1499066	20224
V	1499213	20225
V	1499360	20226
V	1499519	20227
V	1499669	20228
V	1499812	20229
V	1499969	20230
V	1500112	20231
V	1500264	20232
V	1500416	20233
V	1500582	20234
V	1500736	20235
V	1500892	20236
V	1501038	20237
V	1501182	20238
V	1501328	20239
V	1501495	20240
V	1501641	20241
V	1501792	20242
V	1501941	20243
V	1502090	20244
V	1502238	20245
V	1502412	20246
V	1502566	20247
V	1502724	20248
V	1502881	20249
V	1503037	20250
V	1503195	20251
V	1503345	20252
V	1503503	20253
V	1503652	20254
V	1503803	20255
V	1503956	20256
V	1504107	20257
V	1504259	20258
V	1504400	20259
V	1504552	20260
V	1504701	20261
V	1504850	20262
V	1504998	20263
V	1505143	20264
V	1505293	20265
V	1505462	20266
V	1505606	20267
V	1505756	20268
V	1505910	20269
V	1506077	20270
V	1506226	20271
V	1506388	20272
V	1506535	20273
V	1506686	20274
V	1506840	20275
V	1506988	20276
V	1507137	20277
V	1507289	20278
V	1507442	20279
V	1507601	20280
V	1507753	20281
V	1507904	20282
V	1508059	20283
V	1508210	20284
V	1508354	20285
V	1508511	20286
V	1508654	20287
V	1508806	20288
V	1508955	20289
V	1509112	20290
V	1509266	20291
V	1509419	20292
V	1509562	20293
V	1509711	20294
V	1509856	20295
V	1510007	20296
V	1510159	20297
V	1510308	20298
V	1510460	20299
V	1510612	20300
V	1510762	20301
V	1510909	20302
V	1511057	20303
V	1511212	20304
V	1511360	20305
V	1511516	20306
V	1511662	20307
V	1511817	20308
V	1511967	20309
V	1512116	20310
V	1512263	20311
V	1512414	20312
V	1512568	20313
V	1512715	20314
V	1512870	20315
V	1513019	20316
V	1513160	20317
V	1513312	20318
V	1513469	20319
V	1513645	20320
V	1513793	20321
V	1513934	20322
V	1514106	20323
V	1514254	20324
V	1514399	20325
V	1514545	20326
V	1514696	20327
V	1514843	20328
V	1514985	20329
V	1515136	20330
V	1515284	20331
V	1515437	20332
V	1515586	20333
V	1515734	20334
V	1515882	20335
V	1516037	20336
V	1516182	20337
V	1516332	20338
V	1516486	20339
V	1516635	20340
V	1516784	20341
V	1516928	20342
V	1517094	20343
V	1517246	20344
V	1517401	20345
V	1517557	20346
V	1517708	20347
V	1517854	20348
V	1518002	20349
V	1518156	20350
V	1518307	20351
V	1518455	20352
V	1518610	20353
V	1518759	20354
V	1518910	20355
V	1519061	20356
V	1519213	20357
V	1519359	20358
V	1519520	20359
V	1519662	20360
V	1519814	20361
V	1519963	20362
V	1520113	20363
V	1520267	20364
V	1520417	20365
V	1520575	20366
V	1520719	20367
V	1520869	20368
V	1521019	20369
V	1521172	20370
V	1521333	20371
V	1521480	20372
V	1521626	20373
V	1521773	20374
V	1521923	20375
V	1522073	20376
V	1522221	20377
V	1522366	20378
V	1522515	20379
V	1522663	20380
V	1522812	20381
V	1522958	20382
V	1523109	20383
V	1523262	20384
V	1523407	20385
V	1523563	20386
V	1523712	20387
V	1523860	20388
V	1524012	20389
V	1524160	20390
V	1524302	20391
V	1524450	20392
V	1524593	20393
V	1524743	20394
V	1524891	20395
V	1525040	20396
V	1525191	20397
V	1525342	20398
V	1525489	20399
V	1525663	20400
V	1525805	20401
V	1525942	20402
V	1526090	20403
V	1526238	20404
V	1526386	20405
V	1526531	20406
V	1526682	20407
V	1526837	20408
V	1526986	20409
V	1527138	20410
V	1527285	20411
V	1527439	20412
V	1527590	20413
V	1527734	20414
V	1527881	20415
V	1528053	20416
V	1528199	20417
V	1528348	20418
V	1528495	20419
V	1528646	20420
V	1528797	20421
V	1528949	20422
V	1529098	20423
V	1529245	20424
V	1529391	20425
V	1529540	20426
V	1529693	20427
V	1529845	20428
V	1529996	20429
V	1530146	20430
V	1530287	20431
V	1530432	20432
V	1530583	20433
V	1530733	20434
V	1530887	20435
V	1531044	20436
V	1531195	20437
V	1531361	20438
V	1531511	20439
V	1531666	20440
V	1531817	20441
V	1531972	20442
V	1532119	20443
V	1532281	20444
V	1532437	20445
V	1532592	20446
V	1532745	20447
V	1532897	20448
V	1533046	20449
V	1533193	20450
V	1533353	20451
V	1533495	20452
V	1533646	20453
V	1533795	20454
V	1533947	20455
V	1534098	20456
V	1534248	20457
V	1534396	20458
V	1534553	20459
V	1534713	20460
V	1534866	20461
V	1535015	20462
V	1535167	20463
V	1535323	20464
V	1535470	20465
V	1535615	20466
V	1535766	20467
V	1535918	20468
V	1536068	20469
V	1536215	20470
V	1536380	20471
V	1536529	20472
V	1536681	20473
V	1536832	20474
V	1536979	20475
V	1537145	20476
V	1537299	20477
V	1537452	20478
V	1537599	20479
V	1537747	20480
V	1537892	20481
V	1538043	20482
V	1538188	20483
V	1538335	20484
V	1538485	20485
V	1538636	20486
V	1538793	20487
V	1538943	20488
V	1539090	20489
V	1539237	20490
V	1539386	20491
V	1539550	20492
V	1539702	20493
V	1539850	20494
V	1539997	20495
V	1540155	20496
V	1540302	20497
V	1540450	20498
V	1540602	20499
V	1540756	20500
V	1540925	20501
V	1541071	20502
V	1541218	20503
V	1541367	20504
V	1541520	20505
V	1541673	20506
V	1541824	20507
V	1541980	20508
V	1542130	20509
V	1542275	20510
V	1542425	20511
V	1542589	20512
V	1542728	20513
V	1542881	20514
V	1543057	20515
V	1543203	20516
V	1543349	20517
V	1543501	20518
V	1543657	20519
V	1543813	20520
V	1543953	20521
V	1544103	20522
V	1544254	20523
V	1544406	20524
V	1544558	20525
V	1544711	20526
V	1544864	20527
V	1545010	20528
V	1545158	20529
V	1545308	20530
V	1545458	20531
V	1545612	20532
V	1545769	20533
V	1545916	20534
V	1546075	20535
V	1546229	20536
V	1546379	20537
V	1546522	20538
V	1546679	20539
V	1546833	20540
V	1546994	20541
V	1547146	20542
V	1547306	20543
V	1547451	20544
V	1547599	20545
V	1547754	20546
V	1547905	20547
V	1548054	20548
V	1548203	20549
V	1548352	20550
V	1548495	20551
V	1548642	20552
V	1548783	20553
V	1548939	20554
V	1549083	20555
V	1549232	20556
V	1549381	20557
V	1549530	20558
V	1549698	20559
V	1549847	20560
V	1549996	20561
V	1550141	20562
V	1550292	20563
V	1550446	20564
V	1550593	20565
V	1550745	20566
V	1550894	20567
V	1551039	20568
V	1551199	20569
V	1551345	20570
V	1551499	20571
V	1551647	20572
V	1551801	20573
V	1551952	20574
V	1552104	20575
V	1552260	20576
V	1552405	20577
V	1552555	20578
V	1552697	20579
V	1552854	20580
V	1553003	20581
V	1553145	20582
V	1553289	20583
V	1553437	20584
V	1553587	20585
V	1553735	20586
V	1553886	20587
V	1554034	20588
V	1554182	20589
V	1554326	20590
V	1554472	20591
V	1554626	20592
V	1554780	20593
V	1554935	20594
V	1555085	20595
V	1555232	20596
V	1555382	20597
V	1555529	20598
V	1555674	20599
V	1555819	20600
V	1555973	20601
V	1556125	20602
V	1556266	20603
V	1556410	20604
V	1556574	20605
V	1556729	20606
V	1556897	20607
V	1557047	20608
V	1557198	20609
V	1557347	20610
V	1557495	20611
V	1557637	20612
V	1557788	20613
V	1557938	20614
V	1558100	20615
V	1558250	20616
V	1558394	20617
V	1558555	20618
V	1558708	20619
V	1558863	20620
V	1559011	20621
V	1559166	20622
V	1559313	20623
V	1559466	20624
V	1559613	20625
V	1559765	20626
V	1559916	20627
V	1560067	20628
V	1560222	20629
V	1560374	20630
V	1560522	20631
V	1560666	20632
V	1560814	20633
V	1560975	20634
V	1561124	20635
V	1561268	20636
V	1561422	20637
V	1561565	20638
V	1561711	20639
V	1561857	20640
V	1562003	20641
V	1562155	20642
V	1562299	20643
V	1562451	20644
V	1562594	20645
V	1562753	20646
V	1562906	20647
V	1563054	20648
V	1563197	20649
V	1563344	20650
V	1563498	20651
V	1563654	20652
V	1563800	20653
V	1563943	20654
V	1564101	20655
V	1564250	20656
V	1564404	20657
V	1564553	20658
V	1564699	20659
V	1564853	20660
V	1565005	20661
V	1565160	20662
V	1565309	20663
V	1565463	20664
V	1565601	20665
V	1565752	20666
V	1565907	20667
V	1566063	20668
V	1566210	20669
V	1566359	20670
V	1566511	20671
V	1566668	20672
V	1566815	20673
V	1566968	20674
V	1567109	20675
V	1567258	20676
V	1567406	20677
V	1567557	20678
V	1567702	20679
V	1567855	20680
V	1568005	20681
V	1568149	20682
V	1568304	20683
V	1568458	20684
V	1568602	20685
V	1568749	20686
V	1568895	20687
V	1569040	20688
V	1569185	20689
V	1569331	20690
V	1569481	20691
V	1569630	20692
V	1569779	20693
V	1569931	20694
V	1570088	20695
V	1570233	20696
V	1570386	20697
V	1570536	20698
V	1570692	20699
V	1570840	20700
V	1570985	20701
V	1571133	20702
V	1571284	20703
V	1571430	20704
V	1571576	20705
V	1571727	20706
V	1571882	20707
V	1572030	20708
V	1572180	20709
V	1572333	20710
V	1572482	20711
V	1572649	20712
V	1572818	20713
V	1572966	20714
V	1573115	20715
V	1573265	20716
V	1573409	20717
V	1573560	20718
V	1573710	20719
V	1573861	20720
V	1574011	20721
V	1574164	20722
V	1574314	20723
V	1574452	20724
V	1574629	20725
V	1574773	20726
V	1574924	20727
V	1575078	20728
V	1575251	20729
V	1575393	20730
V	1575541	20731
V	1575691	20732
V	1575841	20733
V	1575983	20734
V	1576135	20735
V	1576292	20736
V	1576452	20737
V	1576605	20738
V	1576762	20739
V	1576912	20740
V	1577064	20741
V	1577206	20742
V	1577352	20743
V	1577501	20744
V	1577654	20745
V	1577803	20746
V	1577955	20747
V	1578102	20748
V	1578254	20749
V	1578399	20750
V	1578544	20751
V	1578691	20752
V	1578842	20753
V	1578994	20754
V	1579135	20755
V	1579282	20756
V	1579435	20757
V	1579588	20758
V	1579734	20759
V	1579884	20760
V	1580038	20761
V	1580212	20762
V	1580356	20763
V	1580505	20764
V	1580655	20765
V	1580806	20766
V	1580963	20767
V	1581116	20768
V	1581267	20769
V	1581413	20770
V	1581558	20771
V	1581708	20772
V	1581873	20773
V	1582023	20774
V	1582170	20775
V	1582320	20776
V	1582473	20777
V	1582624	20778
V	1582775	20779
V	1582931	20780
V	1583076	20781
V	1583223	20782
V	1583394	20783
V	1583561	20784
V	1583709	20785
V	1583855	20786
V	1584001	20787
V	1584154	20788
V	1584304	20789
V	1584459	20790
V	1584612	20791
V	1584760	20792
V	1584912	20793
V	1585054	20794
V	1585194	20795
V	1585347	20796
V	1585493	20797
V	1585638	20798
V	1585787	20799
V	1585939	20800
V	1586087	20801
V	1586239	20802
V	1586393	20803
V	1586543	20804
V	1586697	20805
V	1586847	20806
V	1586995	20807
V	1587143	20808
V	1587290	20809
V	1587443	20810
V	1587592	20811
V	1587743	20812
V	1587896	20813
V	1588047	20814
V	1588208	20815
V	1588362	20816
V	1588508	20817
V	1588656	20818
V	1588808	20819
V	1588982	20820
V	1589134	20821
V	1589288	20822
V	1589449	20823
V	1589597	20824
V	1589751	20825
V	1589903	20826
V	1590049	20827
V	1590200	20828
V	1590345	20829
V	1590497	20830
V	1590647	20831
V	1590799	20832
V	1590945	20833
V	1591095	20834
V	1591244	20835
V	1591396	20836
V	1591550	20837
V	1591721	20838
V	1591872	20839
V	1592020	20840
V	1592169	20841
V	1592331	20842
V	1592479	20843
V	1592626	20844
V	1592778	20845
V	1592929	20846
V	1593085	20847
V	1593242	20848
V	1593387	20849
V	1593566	20850
V	1593720	20851
V	1593869	20852
V	1594028	20853
V	1594179	20854
V	1594330	20855
V	1594485	20856
V	1594631	20857
V	1594784	20858
V	1594936	20859
V	1595086	20860
V	1595230	20861
V	1595377	20862
V	1595527	20863
V	1595675	20864
V	1595821	20865
V	1595976	20866
V	1596124	20867
V	1596269	20868
V	1596423	20869
V	1596568	20870
V	1596721	20871
V	1596869	20872
V	1597019	20873
V	1597168	20874
V	1597322	20875
V	1597477	20876
V	1597636	20877
V	1597782	20878
V	1597926	20879
V	1598074	20880
V	1598235	20881
V	1598385	20882
V	1598538	20883
V	1598692	20884
V	1598840	20885
V	1598989	20886
V	1599135	20887
V	1599283	20888
V	1599423	20889
V	1599580	20890
V	1599727	20891
V	1599877	20892
V	1600029	20893
V	1600175	20894
V	1600333	20895
V	1600479	20896
V	1600622	20897
V	1600772	20898
V	1600917	20899
V	1601062	20900
V	1601215	20901
V	1601362	20902
V	1601517	20903
V	1601661	20904
V	1601805	20905
V	1601953	20906
V	1602103	20907
V	1602259	20908
V	1602405	20909
V	1602561	20910
V	1602719	20911
V	1602866	20912
V	1603014	20913
V	1603175	20914
V	1603320	20915
V	1603468	20916
V	1603612	20917
V	1603759	20918
V	1603906	20919
V	1604053	20920
V	1604201	20921
V	1604362	20922
V	1604504	20923
V	1604657	20924
V	1604821	20925
V	1604962	20926
V	1605139	20927
V	1605283	20928
V	1605426	20929
V	1605573	20930
V	1605725	20931
V	1605878	20932
V	1606029	20933
V	1606181	20934
V	1606334	20935
V	1606483	20936
V	1606661	20937
V	1606827	20938
V	1606981	20939
V	1607136	20940
V	1607283	20941
V	1607437	20942
V	1607585	20943
V	1607735	20944
V	1607878	20945
V	1608021	20946
V	1608173	20947
V	1608318	20948
V	1608463	20949
V	1608608	20950
V	1608758	20951
V	1608909	20952
V	1609052	20953
V	1609198	20954
V	1609349	20955
V	1609511	20956
V	1609660	20957
V	1609815	20958
V	1609957	20959
V	1610123	20960
V	1610272	20961
V	1610423	20962
V	1610564	20963
V	1610717	20964
V	1610863	20965
V	1611012	20966
V	1611163	20967
V	1611309	20968
V	1611450	20969
V	1611601	20970
V	1611751	20971
V	1611903	20972
V	1612054	20973
V	1612201	20974
V	1612358	20975
V	1612508	20976
V	1612655	20977
V	1612812	20978
V	1612963	20979
V	1613113	20980
V	1613261	20981
V	1613405	20982
V	1613556	20983
V	1613708	20984
V	1613861	20985
V	1614010	20986
V	1614162	20987
V	1614308	20988
V	1614461	20989
V	1614603	20990
V	1614753	20991
V	1614898	20992
V	1615049	20993
V	1615198	20994
V	1615343	20995
V	1615491	20996
V	1615644	20997
V	1615791	20998
V	1615942	20999
V	1616093	21000
V	1616245	21001
V	1616391	21002
V	1616551	21003
V	1616703	21004
V	1616851	21005
V	1617007	21006
V	1617159	21007
V	1617319	21008
V	1617471	21009
V	1617622	21010
V	1617769	21011
V	1617911	21012
V	1618057	21013
V	1618205	21014
V	1618358	21015
V	1618512	21016
V	1618662	21017
V	1618819	21018
V	1618992	21019
V	1619144	21020
V	1619283	21021
V	1619428	21022
V	1619575	21023
V	1619724	21024
V	1619876	21025
V	1620025	21026
V	1620176	21027
V	1620332	21028
V	1620489	21029
V	1620653	21030
V	1620797	21031
V	1620947	21032
V	1621100	21033
V	1621263	21034
V	1621410	21035
V	1621556	21036
V	1621705	21037
V	1621853	21038
V	1622014	21039
V	1622164	21040
V	1622309	21041
V	1622456	21042
V	1622607	21043
V	1622767	21044
V	1622909	21045
V	1623062	21046
V	1623209	21047
V	1623352	21048
V	1623507	21049
V	1623658	21050
V	1623806	21051
V	1623960	21052
V	1624111	21053
V	1624257	21054
V	1624406	21055
V	1624557	21056
V	1624701	21057
V	1624852	21058
V	1624997	21059
V	1625147	21060
V	1625297	21061
V	1625449	21062
V	1625592	21063
V	1625743	21064
V	1625889	21065
V	1626041	21066
V	1626188	21067
V	1626334	21068
V	1626508	21069
V	1626652	21070
V	1626806	21071
V	1626952	21072
V	1627103	21073
V	1627250	21074
V	1627410	21075
V	1627563	21076
V	1627709	21077
V	1627862	21078
V	1628016	21079
V	1628169	21080
V	1628317	21081
V	1628476	21082
V	1628624	21083
V	1628770	21084
V	1628926	21085
V	1629074	21086
V	1629219	21087
V	1629371	21088
V	1629515	21089
V	1629668	21090
V	1629825	21091
V	1629984	21092
V	1630130	21093
V	1630282	21094
V	1630430	21095
V	1630578	21096
V	1630724	21097
V	1630870	21098
V	1631015	21099
V	1631156	21100
V	1631308	21101
V	1631481	21102
V	1631632	21103
V	1631778	21104
V	1631928	21105
V	1632088	21106
V	1632232	21107
V	1632383	21108
V	1632535	21109
V	1632684	21110
V	1632833	21111
V	1632990	21112
V	1633148	21113
V	1633297	21114
V	1633449	21115
V	1633599	21116
V	1633747	21117
V	1633893	21118
V	1634057	21119
V	1634207	21120
V	1634377	21121
V	1634533	21122
V	1634676	21123
V	1634829	21124
V	1634982	21125
V	1635132	21126
V	1635274	21127
V	1635420	21128
V	1635573	21129
V	1635724	21130
V	1635872	21131
V	1636022	21132
V	1636173	21133
V	1636337	21134
V	1636490	21135
V	1636642	21136
V	1636790	21137
V	1636940	21138
V	1637093	21139
V	1637253	21140
V	1637407	21141
V	1637547	21142
V	1637694	21143
V	1637842	21144
V	1637987	21145
V	1638143	21146
V	1638296	21147
V	1638443	21148
V	1638591	21149
V	1638739	21150
V	1638886	21151
V	1639033	21152
V	1639174	21153
V	1639324	21154
V	1639472	21155
V	1639620	21156
V	1639765	21157
V	1639920	21158
V	1640088	21159
V	1640233	21160
V	1640385	21161
V	1640532	21162
V	1640679	21163
V	1640829	21164
V	1640987	21165
V	1641138	21166
V	1641284	21167
V	1641436	21168
V	1641583	21169
V	1641726	21170
V	1641868	21171
V	1642019	21172
V	1642169	21173
V	1642322	21174
V	1642480	21175
V	1642632	21176
V	1642776	21177
V	1642929	21178
V	1643081	21179
V	1643232	21180
V	1643384	21181
V	1643536	21182
V	1643684	21183
V	1643848	21184
V	1644006	21185
V	1644157	21186
V	1644317	21187
V	1644469	21188
V	1644623	21189
V	1644778	21190
V	1644939	21191
V	1645086	21192
V	1645239	21193
V	1645386	21194
V	1645533	21195
V	1645681	21196
V	1645834	21197
V	1645987	21198
V	1646137	21199
V	1646283	21200
V	1646429	21201
V	1646583	21202
V	1646734	21203
V	1646882	21204
V	1647030	21205
V	1647179	21206
V	1647348	21207
V	1647490	21208
V	1647631	21209
V	1647783	21210
V	1647932	21211
V	1648081	21212
V	1648235	21213
V	1648384	21214
V	1648530	21215
V	1648682	21216
V	1648839	21217
V	1648993	21218
V	1649139	21219
V	1649293	21220
V	1649442	21221
V	1649596	21222
V	1649754	21223
V	1649904	21224
V	1650051	21225
V	1650200	21226
V	1650351	21227
V	1650515	21228
V	1650687	21229
V	1650862	21230
V	1651010	21231
V	1651158	21232
V	1651313	21233
V	1651486	21234
V	1651635	21235
V	1651785	21236
V	1651930	21237
V	1652079	21238
V	1652227	21239
V	1652393	21240
V	1652544	21241
V	1652698	21242
V	1652848	21243
V	1652993	21244
V	1653143	21245
V	1653296	21246
V	1653440	21247
V	1653587	21248
V	1653738	21249
V	1653885	21250
V	1654033	21251
V	1654184	21252
V	1654346	21253
V	1654496	21254
V	1654644	21255
V	1654804	21256
V	1654956	21257
V	1655104	21258
V	1655254	21259
V	1655401	21260
V	1655549	21261
V	1655704	21262
V	1655850	21263
V	1656001	21264
V	1656149	21265
V	1656301	21266
V	1656462	21267
V	1656626	21268
V	1656776	21269
V	1656932	21270
V	1657076	21271
V	1657224	21272
V	1657370	21273
V	1657530	21274
V	1657692	21275
V	1657843	21276
V	1657996	21277
V	1658150	21278
V	1658292	21279
V	1658447	21280
V	1658601	21281
V	1658751	21282
V	1658900	21283
V	1659068	21284
V	1659219	21285
V	1659373	21286
V	1659524	21287
V	1659689	21288
V	1659840	21289
V	1659994	21290
V	1660150	21291
V	1660299	21292
V	1660450	21293
V	1660602	21294
V	1660755	21295
V	1660898	21296
V	1661077	21297
V	1661220	21298
V	1661384	21299
V	1661528	21300
V	1661686	21301
V	1661839	21302
V	1662000	21303
V	1662164	21304
V	1662309	21305
V	1662454	21306
V	1662601	21307
V	1662748	21308
V	1662893	21309
V	1663049	21310
V	1663205	21311
V	1663350	21312
V	1663501	21313
V	1663651	21314
V	1663804	21315
V	1663961	21316
V	1664110	21317
V	1664251	21318
V	1664407	21319
V	1664561	21320
V	1664706	21321
V	1664859	21322
V	1665013	21323
V	1665155	21324
V	1665303	21325
V	1665448	21326
V	1665608	21327
V	1665752	21328
V	1665901	21329
V	1666045	21330
V	1666192	21331
V	1666351	21332
V	1666499	21333
V	1666644	21334
V	1666789	21335
V	1666943	21336
V	1667088	21337
V	1667240	21338
V	1667391	21339
V	1667541	21340
V	1667689	21341
V	1667843	21342
V	1667989	21343
V	1668142	21344
V	1668291	21345
V	1668439	21346
V	1668581	21347
V	1668747	21348
V	1668891	21349
V	1669035	21350
V	1669179	21351
V	1669323	21352
V	1669474	21353
V	1669647	21354
V	1669820	21355
V	1669969	21356
V	1670109	21357
V	1670259	21358
V	1670402	21359
V	1670554	21360
V	1670707	21361
V	1670859	21362
V	1671011	21363
V	1671171	21364
V	1671317	21365
V	1671477	21366
V	1671621	21367
V	1671777	21368
V	1671925	21369
V	1672082	21370
V	1672235	21371
V	1672390	21372
V	1672548	21373
V	1672691	21374
V	1672837	21375
V	1673005	21376
V	1673153	21377
V	1673305	21378
V	1673452	21379
V	1673603	21380
V	1673755	21381
V	1673899	21382
V	1674052	21383
V	1674201	21384
V	1674346	21385
V	1674496	21386
V	1674640	21387
V	1674787	21388
V	1674928	21389
V	1675092	21390
V	1675244	21391
V	1675397	21392
V	1675544	21393
V	1675692	21394
V	1675842	21395
V	1675989	21396
V	1676136	21397
V	1676278	21398
V	1676432	21399
V	1676578	21400
V	1676729	21401
V	1676875	21402
V	1677021	21403
V	1677185	21404
V	1677328	21405
V	1677481	21406
V	1677626	21407
V	1677781	21408
V	1677936	21409
V	1678103	21410
V	1678259	21411
V	1678413	21412
V	1678561	21413
V	1678711	21414
V	1678862	21415
V	1679028	21416
V	1679175	21417
V	1679355	21418
V	1679500	21419
V	1679650	21420
V	1679799	21421
V	1679951	21422
V	1680101	21423
V	1680249	21424
V	1680401	21425
V	1680556	21426
V	1680707	21427
V	1680861	21428
V	1681028	21429
V	1681174	21430
V	1681319	21431
V	1681467	21432
V	1681614	21433
V	1681758	21434
V	1681908	21435
V	1682051	21436
V	1682193	21437
V	1682345	21438
V	1682489	21439
V	1682650	21440
V	1682797	21441
V	1682944	21442
V	1683094	21443
V	1683242	21444
V	1683389	21445
V	1683539	21446
V	1683684	21447
V	1683835	21448
V	1683979	21449
V	1684128	21450
V	1684286	21451
V	1684438	21452
V	1684591	21453
V	1684735	21454
V	1684880	21455
V	1685026	21456
V	1685176	21457
V	1685336	21458
V	1685490	21459
V	1685645	21460
V	1685804	21461
V	1685957	21462
V	1686104	21463
V	1686251	21464
V	1686402	21465
V	1686559	21466
V	1686707	21467
V	1686857	21468
V	1687010	21469
V	1687161	21470
V	1687303	21471
V	1687459	21472
V	1687616	21473
V	1687768	21474
V	1687912	21475
V	1688063	21476
V	1688211	21477
V	1688355	21478
V	1688505	21479
V	1688648	21480
V	1688802	21481
V	1688953	21482
V	1689105	21483
V	1689258	21484
V	1689408	21485
V	1689557	21486
V	1689706	21487
V	1689857	21488
V	1690008	21489
V	1690162	21490
V	1690311	21491
V	1690464	21492
V	1690614	21493
V	1690768	21494
V	1690925	21495
V	1691075	21496
V	1691232	21497
V	1691384	21498
V	1691531	21499
V	1691682	21500
V	1691833	21501
V	1691983	21502
V	1692126	21503
V	1692272	21504
V	1692412	21505
V	1692560	21506
V	1692733	21507
V	1692887	21508
V	1693033	21509
V	1693181	21510
V	1693328	21511
V	1693479	21512
V	1693628	21513
V	1693772	21514
V	1693934	21515
V	1694079	21516
V	1694223	21517
V	1694367	21518
V	1694523	21519
V	1694671	21520
V	1694822	21521
V	1694991	21522
V	1695140	21523
V	1695289	21524
V	1695438	21525
V	1695584	21526
V	1695750	21527
V	1695898	21528
V	1696047	21529
V	1696199	21530
V	1696353	21531
V	1696504	21532
V	1696648	21533
V	1696797	21534
V	1696947	21535
V	1697098	21536
V	1697248	21537
V	1697397	21538
V	1697542	21539
V	1697694	21540
V	1697846	21541
V	1697993	21542
V	1698142	21543
V	1698284	21544
V	1698435	21545
V	1698582	21546
V	1698734	21547
V	1698882	21548
V	1699037	21549
V	1699183	21550
V	1699334	21551
V	1699485	21552
V	1699632	21553
V	1699783	21554
V	1699928	21555
V	1700077	21556
V	1700228	21557
V	1700386	21558
V	1700546	21559
V	1700693	21560
V	1700839	21561
V	1700993	21562
V	1701144	21563
V	1701293	21564
V	1701443	21565
V	1701602	21566
V	1701753	21567
V	1701899	21568
V	1702076	21569
V	1702226	21570
V	1702376	21571
V	1702523	21572
V	1702672	21573
V	1702826	21574
V	1702992	21575
V	1703138	21576
V	1703290	21577
V	1703446	21578
V	1703602	21579
V	1703755	21580
V	1703906	21581
V	1704081	21582
V	1704241	21583
V	1704391	21584
V	1704538	21585
V	1704677	21586
V	1704829	21587
V	1704974	21588
V	1705119	21589
V	1705265	21590
V	1705412	21591
V	1705558	21592
V	1705709	21593
V	1705853	21594
V	1706002	21595
V	1706165	21596
V	1706319	21597
V	1706469	21598
V	1706617	21599
V	1706762	21600
V	1706914	21601
V	1707065	21602
V	1707212	21603
V	1707361	21604
V	1707511	21605
V	1707663	21606
V	1707819	21607
V	1707964	21608
V	1708117	21609
V	1708260	21610
V	1708407	21611
V	1708552	21612
V	1708701	21613
V	1708851	21614
V	1709003	21615
V	1709150	21616
V	1709296	21617
V	1709448	21618
V	1709594	21619
V	1709745	21620
V	1709897	21621
V	1710042	21622
V	1710198	21623
V	1710369	21624
V	1710520	21625
V	1710673	21626
V	1710826	21627
V	1710985	21628
V	1711121	21629
V	1711275	21630
V	1711431	21631
V	1711583	21632
V	1711731	21633
V	1711885	21634
V	1712031	21635
V	1712188	21636
V	1712338	21637
V	1712493	21638
V	1712642	21639
V	1712789	21640
V	1712956	21641
V	1713100	21642
V	1713252	21643
V	1713408	21644
V	1713557	21645
V	1713706	21646
V	1713852	21647
V	1713994	21648
V	1714136	21649
V	1714284	21650
V	1714431	21651
V	1714580	21652
V	1714731	21653
V	1714887	21654
V	1715063	21655
V	1715218	21656
V	1715372	21657
V	1715523	21658
V	1715674	21659
V	1715830	21660
V	1715977	21661
V	1716149	21662
V	1716315	21663
V	1716478	21664
V	1716621	21665
V	1716776	21666
V	1716930	21667
V	1717085	21668
V	1717238	21669
V	1717387	21670
V	1717552	21671
V	1717715	21672
V	1717863	21673
V	1718019	21674
V	1718168	21675
V	1718316	21676
V	1718465	21677
V	1718628	21678
V	1718776	21679
V	1718920	21680
V	1719065	21681
V	1719208	21682
V	1719354	21683
V	1719503	21684
V	1719658	21685
V	1719811	21686
V	1719959	21687
V	1720099	21688
V	1720241	21689
V	1720390	21690
V	1720543	21691
V	1720691	21692
V	1720840	21693
V	1720994	21694
V	1721144	21695
V	1721290	21696
V	1721437	21697
V	1721582	21698
V	1721731	21699
V	1721880	21700
V	1722042	21701
V	1722187	21702
V	1722330	21703
V	1722474	21704
V	1722625	21705
V	1722773	21706
V	1722923	21707
V	1723076	21708
V	1723226	21709
V	1723371	21710
V	1723518	21711
V	1723668	21712
V	1723826	21713
V	1723976	21714
V	1724119	21715
V	1724268	21716
V	1724412	21717
V	1724558	21718
V	1724708	21719
V	1724856	21720
V	1725005	21721
V	1725157	21722
V	1725309	21723
V	1725480	21724
V	1725631	21725
V	1725774	21726
V	1725929	21727
V	1726069	21728
V	1726217	21729
V	1726362	21730
V	1726512	21731
V	1726655	21732
V	1726805	21733
V	1726955	21734
V	1727107	21735
V	1727282	21736
V	1727425	21737
V	1727576	21738
V	1727720	21739
V	1727878	21740
V	1728022	21741
V	1728194	21742
V	1728339	21743
V	1728491	21744
V	1728641	21745
V	1728799	21746
V	1728947	21747
V	1729091	21748
V	1729236	21749
V	1729387	21750
V	1729538	21751
V	1729685	21752
V	1729827	21753
V	1729969	21754
V	1730121	21755
V	1730275	21756
V	1730437	21757
V	1730585	21758
V	1730753	21759
V	1730901	21760
V	1731048	21761
V	1731196	21762
V	1731345	21763
V	1731495	21764
V	1731644	21765
V	1731798	21766
V	1731958	21767
V	1732106	21768
V	1732266	21769
V	1732411	21770
V	1732555	21771
V	1732699	21772
V	1732851	21773
V	1732998	21774
V	1733142	21775
V	1733295	21776
V	1733443	21777
V	1733590	21778
V	1733738	21779
V	1733889	21780
V	1734039	21781
V	1734191	21782
V	1734342	21783
V	1734486	21784
V	1734641	21785
V	1734791	21786
V	1734935	21787
V	1735082	21788
V	1735234	21789
V	1735405	21790
V	1735554	21791
V	1735709	21792
V	1735859	21793
V	1736003	21794
V	1736153	21795
V	1736315	21796
V	1736472	21797
V	1736617	21798
V	1736769	21799
V	1736919	21800
V	1737062	21801
V	1737220	21802
V	1737369	21803
V	1737522	21804
V	1737670	21805
V	1737820	21806
V	1737971	21807
V	1738122	21808
V	1738268	21809
V	1738414	21810
V	1738564	21811
V	1738713	21812
V	1738863	21813
V	1739014	21814
V	1739160	21815
V	1739319	21816
V	1739465	21817
V	1739625	21818
V	1739777	21819
V	1739928	21820
V	1740088	21821
V	1740237	21822
V	1740402	21823
V	1740546	21824
V	1740697	21825
V	1740844	21826
V	1740992	21827
V	1741142	21828
V	1741292	21829
V	1741443	21830
V	1741590	21831
V	1741741	21832
V	1741889	21833
V	1742047	21834
V	1742199	21835
V	1742349	21836
V	1742495	21837
V	1742646	21838
V	1742791	21839
V	1742937	21840
V	1743087	21841
V	1743236	21842
V	1743384	21843
V	1743553	21844
V	1743699	21845
V	1743848	21846
V	1743999	21847
V	1744150	21848
V	1744300	21849
V	1744449	21850
V	1744595	21851
V	1744760	21852
V	1744904	21853
V	1745062	21854
V	1745207	21855
V	1745359	21856
V	1745510	21857
V	1745663	21858
V	1745814	21859
V	1745964	21860
V	1746111	21861
V	1746256	21862
V	1746404	21863
V	1746553	21864
V	1746695	21865
V	1746850	21866
V	1746999	21867
V	1747148	21868
V	1747295	21869
V	1747442	21870
V	1747597	21871
V	1747741	21872
V	1747893	21873
V	1748048	21874
V	1748199	21875
V	1748353	21876
V	1748503	21877
V	1748649	21878
V	1748801	21879
V	1748978	21880
V	1749132	21881
V	1749284	21882
V	1749435	21883
V	1749586	21884
V	1749736	21885
V	1749888	21886
V	1750036	21887
V	1750186	21888
V	1750339	21889
V	1750489	21890
V	1750637	21891
V	1750792	21892
V	1750941	21893
V	1751092	21894
V	1751245	21895
V	1751390	21896
V	1751543	21897
V	1751701	21898
V	1751849	21899
V	1751993	21900
V	1752142	21901
V	1752290	21902
V	1752434	21903
V	1752590	21904
V	1752742	21905
V	1752918	21906
V	1753072	21907
V	1753221	21908
V	1753373	21909
V	1753533	21910
V	1753679	21911
V	1753830	21912
V	1753982	21913
V	1754138	21914
V	1754285	21915
V	1754437	21916
V	1754586	21917
V	1754728	21918
V	1754881	21919
V	1755034	21920
V	1755180	21921
V	1755348	21922
V	1755506	21923
V	1755652	21924
V	1755808	21925
V	1755952	21926
V	1756099	21927
V	1756255	21928
V	1756408	21929
V	1756562	21930
V	1756709	21931
V	1756856	21932
V	1757016	21933
V	1757165	21934
V	1757312	21935
V	1757455	21936
V	1757605	21937
V	1757752	21938
V	1757898	21939
V	1758049	21940
V	1758202	21941
V	1758362	21942
V	1758509	21943
V	1758654	21944
V	1758808	21945
V	1758954	21946
V	1759101	21947
V	1759252	21948
V	1759405	21949
V	1759559	21950
V	1759706	21951
V	1759857	21952
V	1760007	21953
V	1760161	21954
V	1760314	21955
V	1760464	21956
V	1760608	21957
V	1760784	21958
V	1760939	21959
V	1761090	21960
V	1761239	21961
V	1761394	21962
V	1761548	21963
V	1761697	21964
V	1761850	21965
V	1762021	21966
V	1762171	21967
V	1762322	21968
V	1762472	21969
V	1762627	21970
V	1762776	21971
V	1762929	21972
V	1763079	21973
V	1763238	21974
V	1763391	21975
V	1763535	21976
V	1763684	21977
V	1763829	21978
V	1763982	21979
V	1764129	21980
V	1764283	21981
V	1764441	21982
V	1764592	21983
V	1764741	21984
V	1764893	21985
V	1765044	21986
V	1765196	21987
V	1765351	21988
V	1765502	21989
V	1765657	21990
V	1765807	21991
V	1765968	21992
V	1766124	21993
V	1766275	21994
V	1766417	21995
V	1766564	21996
V	1766720	21997
V	1766868	21998
V	1767011	21999
V	1767164	22000
V	1767311	22001
V	1767481	22002
V	1767629	22003
V	1767775	22004
V	1767924	22005
V	1768092	22006
V	1768244	22007
V	1768393	22008
V	1768548	22009
V	1768712	22010
V	1768855	22011
V	1769012	22012
V	1769164	22013
V	1769311	22014
V	1769456	22015
V	1769605	22016
V	1769746	22017
V	1769890	22018
V	1770037	22019
V	1770185	22020
V	1770332	22021
V	1770488	22022
V	1770638	22023
V	1770784	22024
V	1770936	22025
V	1771081	22026
V	1771228	22027
V	1771382	22028
V	1771530	22029
V	1771669	22030
V	1771823	22031
V	1771971	22032
V	1772117	22033
V	1772276	22034
V	1772430	22035
V	1772591	22036
V	1772738	22037
V	1772887	22038
V	1773030	22039
V	1773174	22040
V	1773320	22041
V	1773463	22042
V	1773612	22043
V	1773777	22044
V	1773925	22045
V	1774072	22046
V	1774215	22047
V	1774366	22048
V	1774516	22049
V	1774668	22050
V	1774812	22051
V	1774962	22052
V	1775127	22053
V	1775277	22054
V	1775426	22055
V	1775573	22056
V	1775720	22057
V	1775865	22058
V	1776012	22059
V	1776186	22060
V	1776340	22061
V	1776491	22062
V	1776636	22063
V	1776796	22064
V	1776945	22065
V	1777088	22066
V	1777239	22067
V	1777401	22068
V	1777557	22069
V	1777710	22070
V	1777857	22071
V	1778003	22072
V	1778150	22073
V	1778304	22074
V	1778456	22075
V	1778629	22076
V	1778781	22077
V	1778930	22078
V	1779082	22079
V	1779222	22080
V	1779372	22081
V	1779520	22082
V	1779667	22083
V	1779820	22084
V	1779972	22085
V	1780114	22086
V	1780263	22087
V	1780411	22088
V	1780569	22089
V	1780720	22090
V	1780873	22091
V	1781035	22092
V	1781180	22093
V	1781333	22094
V	1781482	22095
V	1781630	22096
V	1781793	22097
V	1781939	22098
V	1782083	22099
V	1782236	22100
V	1782400	22101
V	1782555	22102
V	1782703	22103
V	1782869	22104
V	1783020	22105
V	1783171	22106
V	1783314	22107
V	1783463	22108
V	1783609	22109
V	1783763	22110
V	1783911	22111
V	1784069	22112
V	1784219	22113
V	1784367	22114
V	1784514	22115
V	1784667	22116
V	1784815	22117
V	1784971	22118
V	1785125	22119
V	1785280	22120
V	1785429	22121
V	1785580	22122
V	1785734	22123
V	1785888	22124
V	1786040	22125
V	1786188	22126
V	1786335	22127
V	1786481	22128
V	1786632	22129
V	1786780	22130
V	1786932	22131
V	1787083	22132
V	1787235	22133
V	1787389	22134
V	1787539	22135
V	1787681	22136
V	1787825	22137
V	1787973	22138
V	1788142	22139
V	1788289	22140
V	1788436	22141
V	1788586	22142
V	1788741	22143
V	1788893	22144
V	1789042	22145
V	1789189	22146
V	1789339	22147
V	1789493	22148
V	1789644	22149
V	1789787	22150
V	1789939	22151
V	1790092	22152
V	1790246	22153
V	1790392	22154
V	1790542	22155
V	1790707	22156
V	1790865	22157
V	1791010	22158
V	1791169	22159
V	1791313	22160
V	1791467	22161
V	1791616	22162
V	1791765	22163
V	1791912	22164
V	1792065	22165
V	1792218	22166
V	1792367	22167
V	1792517	22168
V	1792676	22169
V	1792833	22170
V	1792984	22171
V	1793138	22172
V	1793280	22173
V	1793429	22174
V	1793574	22175
V	1793737	22176
V	1793883	22177
V	1794028	22178
V	1794178	22179
V	1794326	22180
V	1794484	22181
V	1794637	22182
V	1794781	22183
V	1794934	22184
V	1795084	22185
V	1795233	22186
V	1795385	22187
V	1795535	22188
V	1795682	22189
V	1795829	22190
V	1795973	22191
V	1796147	22192
V	1796292	22193
V	1796441	22194
V	1796596	22195
V	1796743	22196
V	1796883	22197
V	1797035	22198
V	1797189	22199
V	1797336	22200
V	1797488	22201
V	1797632	22202
V	1797781	22203
V	1797936	22204
V	1798104	22205
V	1798251	22206
V	1798392	22207
V	1798543	22208
V	1798691	22209
V	1798847	22210
V	1799001	22211
V	1799157	22212
V	1799325	22213
V	1799481	22214
V	1799635	22215
V	1799778	22216
V	1799933	22217
V	1800076	22218
V	1800229	22219
V	1800379	22220
V	1800534	22221
V	1800684	22222
V	1800836	22223
V	1800985	22224
V	1801138	22225
V	1801285	22226
V	1801433	22227
V	1801577	22228
V	1801726	22229
V	1801876	22230
V	1802022	22231
V	1802178	22232
V	1802321	22233
V	1802466	22234
V	1802619	22235
V	1802794	22236
V	1802953	22237
V	1803106	22238
V	1803253	22239
V	1803399	22240
V	1803549	22241
V	1803698	22242
V	1803843	22243
V	1803991	22244
V	1804140	22245
V	1804298	22246
V	1804450	22247
V	1804597	22248
V	1804757	22249
V	1804906	22250
V	1805063	22251
V	1805212	22252
V	1805359	22253
V	1805509	22254
V	1805656	22255
V	1805807	22256
V	1805951	22257
V	1806105	22258
V	1806258	22259
V	1806424	22260
V	1806580	22261
V	1806743	22262
V	1806887	22263
V	1807038	22264
V	1807190	22265
V	1807334	22266
V	1807483	22267
V	1807639	22268
V	1807783	22269
V	1807939	22270
V	1808081	22271
V	1808234	22272
V	1808386	22273
V	1808535	22274
V	1808686	22275
V	1808835	22276
V	1808987	22277
V	1809133	22278
V	1809278	22279
V	1809447	22280
V	1809597	22281
V	1809746	22282
V	1809899	22283
V	1810044	22284
V	1810203	22285
V	1810351	22286
V	1810500	22287
V	1810653	22288
V	1810799	22289
V	1810951	22290
V	1811102	22291
V	1811253	22292
V	1811402	22293
V	1811552	22294
V	1811695	22295
V	1811848	22296
V	1812005	22297
V	1812154	22298
V	1812308	22299
V	1812464	22300
V	1812618	22301
V	1812766	22302
V	1812936	22303
V	1813085	22304
V	1813244	22305
V	1813387	22306
V	1813536	22307
V	1813687	22308
V	1813856	22309
V	1814007	22310
V	1814157	22311
V	1814306	22312
V	1814453	22313
V	1814608	22314
V	1814782	22315
V	1814938	22316
V	1815084	22317
V	1815243	22318
V	1815393	22319
V	1815542	22320
V	1815697	22321
V	1815850	22322
V	1815998	22323
V	1816142	22324
V	1816291	22325
V	1816449	22326
V	1816597	22327
V	1816744	22328
V	1816893	22329
V	1817038	22330
V	1817190	22331
V	1817340	22332
V	1817483	22333
V	1817632	22334
V	1817785	22335
V	1817940	22336
V	1818090	22337
V	1818244	22338
V	1818395	22339
V	1818541	22340
V	1818689	22341
V	1818840	22342
V	1818990	22343
V	1819145	22344
V	1819295	22345
V	1819459	22346
V	1819610	22347
V	1819763	22348
V	1819914	22349
V	1820065	22350
V	1820218	22351
V	1820370	22352
V	1820523	22353
V	1820667	22354
V	1820841	22355
V	1820986	22356
V	1821135	22357
V	1821286	22358
V	1821436	22359
V	1821585	22360
V	1821724	22361
V	1821874	22362
V	1822051	22363
V	1822202	22364
V	1822358	22365
V	1822510	22366
V	1822659	22367
V	1822837	22368
V	1822985	22369
V	1823135	22370
V	1823281	22371
V	1823437	22372
V	1823588	22373
V	1823733	22374
V	1823883	22375
V	1824032	22376
V	1824181	22377
V	1824326	22378
V	1824477	22379
V	1824623	22380
V	1824771	22381
V	1824929	22382
V	1825090	22383
V	1825242	22384
V	1825390	22385
V	1825540	22386
V	1825691	22387
V	1825846	22388
V	1825998	22389
V	1826144	22390
V	1826285	22391
V	1826436	22392
V	1826584	22393
V	1826733	22394
V	1826879	22395
V	1827027	22396
V	1827177	22397
V	1827330	22398
V	1827476	22399
V	1827619	22400
V	1827765	22401
V	1827916	22402
V	1828059	22403
V	1828211	22404
V	1828356	22405
V	1828508	22406
V	1828661	22407
V	1828812	22408
V	1828961	22409
V	1829118	22410
V	1829265	22411
V	1829413	22412
V	1829561	22413
V	1829715	22414
V	1829863	22415
V	1830013	22416
V	1830159	22417
V	1830310	22418
V	1830462	22419
V	1830611	22420
V	1830757	22421
V	1830904	22422
V	1831049	22423
V	1831198	22424
V	1831346	22425
V	1831496	22426
V	1831646	22427
V	1831792	22428
V	1831972	22429
V	1832121	22430
V	1832284	22431
V	1832429	22432
V	1832591	22433
V	1832733	22434
V	1832898	22435
V	1833061	22436
V	1833204	22437
V	1833351	22438
V	1833498	22439
V	1833647	22440
V	1833792	22441
V	1833940	22442
V	1834092	22443
V	1834243	22444
V	1834389	22445
V	1834542	22446
V	1834691	22447
V	1834841	22448
V	1834991	22449
V	1835143	22450
V	1835287	22451
V	1835443	22452
V	1835589	22453
V	1835766	22454
V	1835922	22455
V	1836066	22456
V	1836217	22457
V	1836367	22458
V	1836517	22459
V	1836675	22460
V	1836825	22461
V	1836965	22462
V	1837120	22463
V	1837276	22464
V	1837431	22465
V	1837575	22466
V	1837729	22467
V	1837874	22468
V	1838023	22469
V	1838172	22470
V	1838321	22471
V	1838482	22472
V	1838630	22473
V	1838785	22474
V	1838928	22475
V	1839079	22476
V	1839227	22477
V	1839383	22478
V	1839533	22479
V	1839689	22480
V	1839839	22481
V	1839985	22482
V	1840135	22483
V	1840299	22484
V	1840443	22485
V	1840593	22486
V	1840744	22487
V	1840891	22488
V	1841046	22489
V	1841200	22490
V	1841366	22491
V	1841514	22492
V	1841674	22493
V	1841823	22494
V	1841977	22495
V	1842127	22496
V	1842275	22497
V	1842423	22498
V	1842562	22499
V	1842711	22500
V	1842860	22501
V	1843011	22502
V	1843165	22503
V	1843305	22504
V	1843444	22505
V	1843605	22506
V	1843748	22507
V	1843900	22508
V	1844055	22509
V	1844199	22510
V	1844348	22511
V	1844509	22512
V	1844663	22513
V	1844810	22514
V	1844965	22515
V	1845113	22516
V	1845257	22517
V	1845411	22518
V	1845556	22519
V	1845701	22520
V	1845848	22521
V	1846000	22522
V	1846145	22523
V	1846298	22524
V	1846453	22525
V	1846600	22526
V	1846749	22527
V	1846903	22528
V	1847053	22529
V	1847197	22530
V	1847350	22531
V	1847506	22532
V	1847655	22533
V	1847800	22534
V	1847946	22535
V	1848094	22536
V	1848237	22537
V	1848408	22538
V	1848562	22539
V	1848718	22540
V	1848867	22541
V	1849015	22542
V	1849179	22543
V	1849332	22544
V	1849479	22545
V	1849629	22546
V	1849777	22547
V	1849929	22548
V	1850073	22549
V	1850222	22550
V	1850370	22551
V	1850518	22552
V	1850675	22553
V	1850821	22554
V	1850966	22555
V	1851117	22556
V	1851263	22557
V	1851409	22558
V	1851560	22559
V	1851705	22560
V	1851856	22561
V	1852003	22562
V	1852150	22563
V	1852299	22564
V	1852452	22565
V	1852594	22566
V	1852745	22567
V	1852892	22568
V	1853043	22569
V	1853202	22570
V	1853354	22571
V	1853511	22572
V	1853658	22573
V	1853807	22574
V	1853954	22575
V	1854098	22576
V	1854249	22577
V	1854403	22578
V	1854552	22579
V	1854701	22580
V	1854852	22581
V	1855003	22582
V	1855152	22583
V	1855298	22584
V	1855449	22585
V	1855602	22586
V	1855759	22587
V	1855902	22588
V	1856051	22589
V	1856204	22590
V	1856354	22591
V	1856506	22592
V	1856658	22593
V	1856801	22594
V	1856952	22595
V	1857104	22596
V	1857257	22597
V	1857418	22598
V	1857563	22599
V	1857708	22600
V	1857854	22601
V	1858003	22602
V	1858147	22603
V	1858294	22604
V	1858446	22605
V	1858590	22606
V	1858734	22607
V	1858892	22608
V	1859041	22609
V	1859203	22610
V	1859357	22611
V	1859508	22612
V	1859659	22613
V	1859805	22614
V	1859976	22615
V	1860120	22616
V	1860266	22617
V	1860420	22618
V	1860570	22619
V	1860714	22620
V	1860860	22621
V	1861011	22622
V	1861159	22623
V	1861310	22624
V	1861463	22625
V	1861617	22626
V	1861782	22627
V	1861924	22628
V	1862072	22629
V	1862223	22630
V	1862375	22631
V	1862528	22632
V	1862678	22633
V	1862828	22634
V	1862981	22635
V	1863133	22636
V	1863278	22637
V	1863439	22638
V	1863590	22639
V	1863739	22640
V	1863882	22641
V	1864052	22642
V	1864205	22643
V	1864354	22644
V	1864504	22645
V	1864655	22646
V	1864804	22647
V	1864945	22648
V	1865106	22649
V	1865260	22650
V	1865407	22651
V	1865557	22652
V	1865711	22653
V	1865853	22654
V	1866004	22655
V	1866152	22656
V	1866294	22657
V	1866443	22658
V	1866597	22659
V	1866742	22660
V	1866889	22661
V	1867041	22662
V	1867193	22663
V	1867345	22664
V	1867492	22665
V	1867640	22666
V	1867792	22667
V	1867937	22668
V	1868088	22669
V	1868241	22670
V	1868394	22671
V	1868542	22672
V	1868696	22673
V	1868847	22674
V	1868993	22675
V	1869142	22676
V	1869287	22677
V	1869466	22678
V	1869607	22679
V	1869763	22680
V	1869912	22681
V	1870061	22682
V	1870219	22683
V	1870368	22684
V	1870511	22685
V	1870673	22686
V	1870827	22687
V	1870981	22688
V	1871136	22689
V	1871288	22690
V	1871443	22691
V	1871589	22692
V	1871739	22693
V	1871888	22694
V	1872036	22695
V	1872184	22696
V	1872334	22697
V	1872479	22698
V	1872630	22699
V	1872776	22700
V	1872923	22701
V	1873072	22702
V	1873219	22703
V	1873372	22704
V	1873525	22705
V	1873694	22706
V	1873847	22707
V	1874016	22708
V	1874165	22709
V	1874323	22710
V	1874476	22711
V	1874635	22712
V	1874784	22713
V	1874933	22714
V	1875091	22715
V	1875242	22716
V	1875389	22717
V	1875534	22718
V	1875682	22719
V	1875830	22720
V	1875979	22721
V	1876128	22722
V	1876302	22723
V	1876452	22724
V	1876602	22725
V	1876755	22726
V	1876903	22727
V	1877056	22728
V	1877207	22729
V	1877366	22730
V	1877511	22731
V	1877665	22732
V	1877815	22733
V	1877966	22734
V	1878114	22735
V	1878260	22736
V	1878413	22737
V	1878572	22738
V	1878727	22739
V	1878870	22740
V	1879023	22741
V	1879171	22742
V	1879317	22743
V	1879469	22744
V	1879614	22745
V	1879759	22746
V	1879910	22747
V	1880059	22748
V	1880210	22749
V	1880381	22750
V	1880531	22751
V	1880679	22752
V	1880824	22753
V	1880967	22754
V	1881116	22755
V	1881258	22756
V	1881413	22757
V	1881564	22758
V	1881705	22759
V	1881860	22760
V	1882011	22761
V	1882160	22762
V	1882308	22763
V	1882454	22764
V	1882601	22765
V	1882749	22766
V	1882900	22767
V	1883046	22768
V	1883197	22769
V	1883360	22770
V	1883504	22771
V	1883657	22772
V	1883803	22773
V	1883956	22774
V	1884096	22775
V	1884252	22776
V	1884403	22777
V	1884554	22778
V	1884707	22779
V	1884861	22780
V	1885037	22781
V	1885179	22782
V	1885338	22783
V	1885482	22784
V	1885633	22785
V	1885782	22786
V	1885931	22787
V	1886081	22788
V	1886234	22789
V	1886388	22790
V	1886536	22791
V	1886689	22792
V	1886832	22793
V	1886977	22794
V	1887125	22795
V	1887273	22796
V	1887417	22797
V	1887571	22798
V	1887725	22799
V	1887869	22800
V	1888024	22801
V	1888177	22802
V	1888318	22803
V	1888467	22804
V	1888610	22805
V	1888757	22806
V	1888903	22807
V	1889048	22808
V	1889201	22809
V	1889362	22810
V	1889515	22811
V	1889667	22812
V	1889812	22813
V	1889955	22814
V	1890107	22815
V	1890259	22816
V	1890408	22817
V	1890558	22818
V	1890733	22819
V	1890884	22820
V	1891033	22821
V	1891182	22822
V	1891329	22823
V	1891478	22824
V	1891631	22825
V	1891788	22826
V	1891935	22827
V	1892086	22828
V	1892227	22829
V	1892378	22830
V	1892534	22831
V	1892687	22832
V	1892840	22833
V	1892982	22834
V	1893139	22835
V	1893294	22836
V	1893449	22837
V	1893602	22838
V	1893766	22839
V	1893912	22840
V	1894068	22841
V	1894215	22842
V	1894396	22843
V	1894543	22844
V	1894698	22845
V	1894845	22846
V	1894998	22847
V	1895144	22848
V	1895298	22849
V	1895437	22850
V	1895595	22851
V	1895744	22852
V	1895900	22853
V	1896052	22854
V	1896199	22855
V	1896352	22856
V	1896497	22857
V	1896645	22858
V	1896796	22859
V	1896942	22860
V	1897093	22861
V	1897242	22862
V	1897396	22863
V	1897561	22864
V	1897711	22865
V	1897855	22866
V	1898007	22867
V	1898152	22868
V	1898299	22869
V	1898448	22870
V	1898605	22871
V	1898751	22872
V	1898902	22873
V	1899055	22874
V	1899199	22875
V	1899344	22876
V	1899499	22877
V	1899661	22878
V	1899816	22879
V	1899969	22880
V	1900116	22881
V	1900264	22882
V	1900416	22883
V	1900562	22884
V	1900723	22885
V	1900871	22886
V	1901024	22887
V	1901173	22888
V	1901343	22889
V	1901492	22890
V	1901643	22891
V	1901788	22892
V	1901937	22893
V	1902088	22894
V	1902248	22895
V	1902399	22896
V	1902540	22897
V	1902685	22898
V	1902839	22899
V	1902994	22900
V	1903140	22901
V	1903290	22902
V	1903435	22903
V	1903586	22904
V	1903730	22905
V	1903887	22906
V	1904033	22907
V	1904194	22908
V	1904351	22909
V	1904498	22910
V	1904645	22911
V	1904793	22912
V	1904944	22913
V	1905097	22914
V	1905256	22915
V	1905399	22916
V	1905550	22917
V	1905722	22918
V	1905868	22919
V	1906015	22920
V	1906165	22921
V	1906312	22922
V	1906463	22923
V	1906610	22924
V	1906756	22925
V	1906906	22926
V	1907054	22927
V	1907205	22928
V	1907350	22929
V	1907502	22930
V	1907656	22931
V	1907796	22932
V	1907947	22933
V	1908092	22934
V	1908238	22935
V	1908386	22936
V	1908532	22937
V	1908704	22938
V	1908856	22939
V	1909001	22940
V	1909168	22941
V	1909318	22942
V	1909466	22943
V	1909613	22944
V	1909760	22945
V	1909910	22946
V	1910059	22947
V	1910220	22948
V	1910370	22949
V	1910524	22950
V	1910679	22951
V	1910833	22952
V	1910996	22953
V	1911147	22954
V	1911294	22955
V	1911437	22956
V	1911585	22957
V	1911732	22958
V	1911882	22959
V	1912027	22960
V	1912194	22961
V	1912343	22962
V	1912493	22963
V	1912636	22964
V	1912792	22965
V	1912942	22966
V	1913091	22967
V	1913265	22968
V	1913425	22969
V	1913575	22970
V	1913722	22971
V	1913872	22972
V	1914023	22973
V	1914165	22974
V	1914315	22975
V	1914464	22976
V	1914611	22977
V	1914765	22978
V	1914913	22979
V	1915061	22980
V	1915208	22981
V	1915359	22982
V	1915505	22983
V	1915656	22984
V	1915815	22985
V	1915966	22986
V	1916117	22987
V	1916267	22988
V	1916422	22989
V	1916577	22990
V	1916729	22991
V	1916891	22992
V	1917038	22993
V	1917189	22994
V	1917340	22995
V	1917486	22996
V	1917634	22997
V	1917782	22998
V	1917931	22999
V	1918084	23000
V	1918237	23001
V	1918384	23002
V	1918535	23003
V	1918686	23004
V	1918855	23005
V	1919009	23006
V	1919155	23007
V	1919300	23008
V	1919452	23009
V	1919599	23010
V	1919745	23011
V	1919901	23012
V	1920044	23013
V	1920188	23014
V	1920340	23015
V	1920489	23016
V	1920636	23017
V	1920787	23018
V	1920939	23019
V	1921085	23020
V	1921239	23021
V	1921387	23022
V	1921535	23023
V	1921678	23024
V	1921830	23025
V	1921980	23026
V	1922131	23027
V	1922306	23028
V	1922465	23029
V	1922613	23030
V	1922765	23031
V	1922913	23032
V	1923074	23033
V	1923224	23034
V	1923375	23035
V	1923519	23036
V	1923676	23037
V	1923828	23038
V	1923972	23039
V	1924118	23040
V	1924269	23041
V	1924415	23042
V	1924562	23043
V	1924716	23044
V	1924868	23045
V	1925029	23046
V	1925180	23047
V	1925330	23048
V	1925502	23049
V	1925652	23050
V	1925829	23051
V	1925984	23052
V	1926137	23053
V	1926288	23054
V	1926441	23055
V	1926592	23056
V	1926742	23057
V	1926890	23058
V	1927037	23059
V	1927189	23060
V	1927340	23061
V	1927484	23062
V	1927630	23063
V	1927798	23064
V	1927941	23065
V	1928085	23066
V	1928234	23067
V	1928385	23068
V	1928533	23069
V	1928685	23070
V	1928831	23071
V	1928979	23072
V	1929131	23073
V	1929279	23074
V	1929425	23075
V	1929575	23076
V	1929720	23077
V	1929873	23078
V	1930022	23079
V	1930177	23080
V	1930324	23081
V	1930477	23082
V	1930628	23083
V	1930780	23084
V	1930928	23085
V	1931075	23086
V	1931223	23087
V	1931373	23088
V	1931522	23089
V	1931676	23090
V	1931822	23091
V	1931968	23092
V	1932112	23093
V	1932274	23094
V	1932421	23095
V	1932570	23096
V	1932715	23097
V	1932861	23098
V	1933006	23099
V	1933161	23100
V	1933314	23101
V	1933460	23102
V	1933613	23103
V	1933761	23104
V	1933913	23105
V	1934068	23106
V	1934235	23107
V	1934395	23108
V	1934547	23109
V	1934700	23110
V	1934851	23111
V	1935001	23112
V	1935152	23113
V	1935303	23114
V	1935456	23115
V	1935602	23116
V	1935760	23117
V	1935908	23118
V	1936055	23119
V	1936203	23120
V	1936353	23121
V	1936501	23122
V	1936644	23123
V	1936796	23124
V	1936946	23125
V	1937105	23126
V	1937256	23127
V	1937409	23128
V	1937570	23129
V	1937723	23130
V	1937874	23131
V	1938025	23132
V	1938177	23133
V	1938329	23134
V	1938480	23135
V	1938629	23136
V	1938780	23137
V	1938924	23138
V	1939086	23139
V	1939233	23140
V	1939379	23141
V	1939526	23142
V	1939682	23143
V	1939835	23144
V	1939982	23145
V	1940144	23146
V	1940288	23147
V	1940433	23148
V	1940578	23149
V	1940731	23150
V	1940887	23151
V	1941037	23152
V	1941194	23153
V	1941351	23154
V	1941510	23155
V	1941661	23156
V	1941811	23157
V	1941961	23158
V	1942107	23159
V	1942257	23160
V	1942417	23161
V	1942559	23162
V	1942713	23163
V	1942863	23164
V	1943014	23165
V	1943178	23166
V	1943324	23167
V	1943476	23168
V	1943619	23169
V	1943761	23170
V	1943926	23171
V	1944074	23172
V	1944219	23173
V	1944376	23174
V	1944525	23175
V	1944674	23176
V	1944820	23177
V	1944970	23178
V	1945120	23179
V	1945261	23180
V	1945409	23181
V	1945557	23182
V	1945707	23183
V	1945857	23184
V	1946005	23185
V	1946163	23186
V	1946315	23187
V	1946468	23188
V	1946617	23189
V	1946762	23190
V	1946908	23191
V	1947053	23192
V	1947202	23193
V	1947350	23194
V	1947499	23195
V	1947653	23196
V	1947804	23197
V	1947948	23198
V	1948102	23199
V	1948249	23200
V	1948397	23201
V	1948551	23202
V	1948702	23203
V	1948851	23204
V	1948991	23205
V	1949147	23206
V	1949299	23207
V	1949455	23208
V	1949619	23209
V	1949770	23210
V	1949916	23211
V	1950071	23212
V	1950218	23213
V	1950368	23214
V	1950513	23215
V	1950665	23216
V	1950818	23217
V	1950969	23218
V	1951119	23219
V	1951281	23220
V	1951428	23221
V	1951576	23222
V	1951725	23223
V	1951876	23224
V	1952032	23225
V	1952197	23226
V	1952350	23227
V	1952496	23228
V	1952650	23229
V	1952808	23230
V	1952959	23231
V	1953106	23232
V	1953252	23233
V	1953395	23234
V	1953551	23235
V	1953707	23236
V	1953869	23237
V	1954017	23238
V	1954169	23239
V	1954318	23240
V	1954473	23241
V	1954627	23242
V	1954780	23243
V	1954926	23244
V	1955073	23245
V	1955219	23246
V	1955367	23247
V	1955520	23248
V	1955668	23249
V	1955819	23250
V	1955967	23251
V	1956117	23252
V	1956269	23253
V	1956422	23254
V	1956573	23255
V	1956724	23256
V	1956886	23257
V	1957036	23258
V	1957203	23259
V	1957349	23260
V	1957503	23261
V	1957668	23262
V	1957838	23263
V	1957993	23264
V	1958136	23265
V	1958282	23266
V	1958435	23267
V	1958587	23268
V	1958736	23269
V	1958883	23270
V	1959032	23271
V	1959199	23272
V	1959352	23273
V	1959504	23274
V	1959675	23275
V	1959831	23276
V	1959984	23277
V	1960135	23278
V	1960280	23279
V	1960428	23280
V	1960586	23281
V	1960743	23282
V	1960895	23283
V	1961043	23284
V	1961194	23285
V	1961342	23286
V	1961495	23287
V	1961647	23288
V	1961814	23289
V	1961963	23290
V	1962111	23291
V	1962257	23292
V	1962404	23293
V	1962551	23294
V	1962697	23295
V	1962847	23296
V	1963008	23297
V	1963161	23298
V	1963315	23299
V	1963462	23300
V	1963612	23301
V	1963757	23302
V	1963908	23303
V	1964055	23304
V	1964203	23305
V	1964354	23306
V	1964505	23307
V	1964660	23308
V	1964815	23309
V	1964967	23310
V	1965118	23311
V	1965268	23312
V	1965420	23313
V	1965570	23314
V	1965716	23315
V	1965861	23316
V	1966008	23317
V	1966153	23318
V	1966304	23319
V	1966453	23320
V	1966617	23321
V	1966769	23322
V	1966924	23323
V	1967073	23324
V	1967217	23325
V	1967370	23326
V	1967531	23327
V	1967680	23328
V	1967831	23329
V	1967983	23330
V	1968130	23331
V	1968273	23332
V	1968422	23333
V	1968567	23334
V	1968718	23335
V	1968874	23336
V	1969027	23337
V	1969173	23338
V	1969320	23339
V	1969469	23340
V	1969613	23341
V	1969761	23342
V	1969911	23343
V	1970061	23344
V	1970209	23345
V	1970359	23346
V	1970507	23347
V	1970660	23348
V	1970815	23349
V	1970965	23350
V	1971115	23351
V	1971270	23352
V	1971412	23353
V	1971559	23354
V	1971709	23355
V	1971871	23356
V	1972014	23357
V	1972161	23358
V	1972309	23359
V	1972464	23360
V	1972607	23361
V	1972751	23362
V	1972908	23363
V	1973059	23364
V	1973208	23365
V	1973359	23366
V	1973507	23367
V	1973666	23368
V	1973813	23369
V	1973966	23370
V	1974118	23371
V	1974264	23372
V	1974405	23373
V	1974568	23374
V	1974722	23375
V	1974878	23376
V	1975028	23377
V	1975178	23378
V	1975334	23379
V	1975484	23380
V	1975627	23381
V	1975793	23382
V	1975944	23383
V	1976099	23384
V	1976252	23385
V	1976407	23386
V	1976555	23387
V	1976705	23388
V	1976855	23389
V	1977000	23390
V	1977151	23391
V	1977303	23392
V	1977453	23393
V	1977607	23394
V	1977764	23395
V	1977919	23396
V	1978072	23397
V	1978236	23398
V	1978385	23399
V	1978531	23400
V	1978671	23401
V	1978826	23402
V	1978978	23403
V	1979131	23404
V	1979283	23405
V	1979428	23406
V	1979582	23407
V	1979725	23408
V	1979886	23409
V	1980037	23410
V	1980186	23411
V	1980339	23412
V	1980486	23413
V	1980635	23414
V	1980784	23415
V	1980929	23416
V	1981092	23417
V	1981242	23418
V	1981390	23419
V	1981537	23420
V	1981687	23421
V	1981859	23422
V	1982009	23423
V	1982159	23424
V	1982317	23425
V	1982465	23426
V	1982617	23427
V	1982776	23428
V	1982928	23429
V	1983073	23430
V	1983223	23431
V	1983369	23432
V	1983520	23433
V	1983664	23434
V	1983818	23435
V	1983965	23436
V	1984115	23437
V	1984266	23438
V	1984426	23439
V	1984574	23440
V	1984722	23441
V	1984869	23442
V	1985018	23443
V	1985182	23444
V	1985325	23445
V	1985478	23446
V	1985626	23447
V	1985769	23448
V	1985918	23449
V	1986074	23450
V	1986227	23451
V	1986382	23452
V	1986534	23453
V	1986677	23454
V	1986827	23455
V	1986978	23456
V	1987127	23457
V	1987276	23458
V	1987425	23459
V	1987579	23460
V	1987721	23461
V	1987869	23462
V	1988023	23463
V	1988168	23464
V	1988317	23465
V	1988460	23466
V	1988608	23467
V	1988761	23468
V	1988925	23469
V	1989072	23470
V	1989221	23471
V	1989375	23472
V	1989520	23473
V	1989675	23474
V	1989832	23475
V	1990006	23476
V	1990159	23477
V	1990309	23478
V	1990458	23479
V	1990610	23480
V	1990755	23481
V	1990918	23482
V	1991060	23483
V	1991206	23484
V	1991357	23485
V	1991505	23486
V	1991647	23487
V	1991791	23488
V	1991941	23489
V	1992093	23490
V	1992276	23491
V	1992431	23492
V	1992581	23493
V	1992733	23494
V	1992885	23495
V	1993030	23496
V	1993178	23497
V	1993358	23498
V	1993505	23499
V	1993655	23500
V	1993805	23501
V	1993948	23502
V	1994091	23503
V	1994238	23504
V	1994389	23505
V	1994539	23506
V	1994681	23507
V	1994824	23508
V	1994983	23509
V	1995133	23510
V	1995285	23511
V	1995429	23512
V	1995578	23513
V	1995746	23514
V	1995894	23515
V	1996043	23516
V	1996186	23517
V	1996335	23518
V	1996482	23519
V	1996632	23520
V	1996775	23521
V	1996925	23522
V	1997073	23523
V	1997225	23524
V	1997376	23525
V	1997537	23526
V	1997683	23527
V	1997829	23528
V	1997983	23529
V	1998136	23530
V	1998287	23531
V	1998430	23532
V	1998584	23533
V	1998730	23534
V	1998877	23535
V	1999020	23536
V	1999169	23537
V	1999318	23538
V	1999467	23539
V	1999622	23540
V	1999771	23541
V	1999922	23542
V	2000067	23543
V	2000216	23544
V	2000389	23545
V	2000542	23546
V	2000705	23547
V	2000883	23548
V	2001028	23549
V	2001181	23550
V	2001330	23551
V	2001483	23552
V	2001635	23553
V	2001788	23554
V	2001938	23555
V	2002086	23556
V	2002239	23557
V	2002380	23558
V	2002528	23559
V	2002672	23560
V	2002825	23561
V	2002990	23562
V	2003137	23563
V	2003321	23564
V	2003463	23565
V	2003615	23566
V	2003759	23567
V	2003913	23568
V	2004065	23569
V	2004216	23570
V	2004367	23571
V	2004514	23572
V	2004663	23573
V	2004810	23574
V	2004960	23575
V	2005109	23576
V	2005254	23577
V	2005402	23578
V	2005553	23579
V	2005702	23580
V	2005846	23581
V	2005995	23582
V	2006144	23583
V	2006294	23584
V	2006443	23585
V	2006593	23586
V	2006746	23587
V	2006895	23588
V	2007052	23589
V	2007197	23590
V	2007350	23591
V	2007501	23592
V	2007647	23593
V	2007802	23594
V	2007957	23595
V	2008110	23596
V	2008252	23597
V	2008398	23598
V	2008548	23599
V	2008698	23600
V	2008847	23601
V	2008997	23602
V	2009164	23603
V	2009311	23604
V	2009462	23605
V	2009614	23606
V	2009789	23607
V	2009947	23608
V	2010092	23609
V	2010242	23610
V	2010390	23611
V	2010544	23612
V	2010696	23613
V	2010848	23614
V	2010997	23615
V	2011147	23616
V	2011298	23617
V	2011459	23618
V	2011615	23619
V	2011761	23620
V	2011911	23621
V	2012060	23622
V	2012213	23623
V	2012363	23624
V	2012516	23625
V	2012678	23626
V	2012824	23627
V	2012972	23628
V	2013124	23629
V	2013277	23630
V	2013419	23631
V	2013563	23632
V	2013714	23633
V	2013859	23634
V	2014013	23635
V	2014160	23636
V	2014329	23637
V	2014473	23638
V	2014623	23639
V	2014772	23640
V	2014945	23641
V	2015094	23642
V	2015247	23643
V	2015390	23644
V	2015531	23645
V	2015676	23646
V	2015827	23647
V	2015983	23648
V	2016126	23649
V	2016276	23650
V	2016434	23651
V	2016591	23652
V	2016736	23653
V	2016886	23654
V	2017035	23655
V	2017185	23656
V	2017347	23657
V	2017491	23658
V	2017645	23659
V	2017797	23660
V	2017953	23661
V	2018101	23662
V	2018248	23663
V	2018400	23664
V	2018550	23665
V	2018704	23666
V	2018855	23667
V	2019042	23668
V	2019190	23669
V	2019341	23670
V	2019500	23671
V	2019647	23672
V	2019796	23673
V	2019942	23674
V	2020088	23675
V	2020245	23676
V	2020400	23677
V	2020553	23678
V	2020704	23679
V	2020857	23680
V	2021020	23681
V	2021190	23682
V	2021347	23683
V	2021507	23684
V	2021661	23685
V	2021811	23686
V	2021955	23687
V	2022118	23688
V	2022269	23689
V	2022420	23690
V	2022576	23691
V	2022728	23692
V	2022873	23693
V	2023018	23694
V	2023165	23695
V	2023318	23696
V	2023469	23697
V	2023621	23698
V	2023781	23699
V	2023921	23700
V	2024070	23701
V	2024219	23702
V	2024363	23703
V	2024510	23704
V	2024658	23705
V	2024805	23706
V	2024952	23707
V	2025104	23708
V	2025247	23709
V	2025394	23710
V	2025540	23711
V	2025686	23712
V	2025837	23713
V	2025989	23714
V	2026141	23715
V	2026292	23716
V	2026439	23717
V	2026592	23718
V	2026740	23719
V	2026889	23720
V	2027041	23721
V	2027194	23722
V	2027343	23723
V	2027500	23724
V	2027648	23725
V	2027798	23726
V	2027951	23727
V	2028100	23728
V	2028246	23729
V	2028396	23730
V	2028553	23731
V	2028700	23732
V	2028854	23733
V	2029009	23734
V	2029170	23735
V	2029329	23736
V	2029477	23737
V	2029626	23738
V	2029776	23739
V	2029926	23740
V	2030070	23741
V	2030221	23742
V	2030367	23743
V	2030513	23744
V	2030663	23745
V	2030812	23746
V	2030966	23747
V	2031117	23748
V	2031265	23749
V	2031418	23750
V	2031571	23751
V	2031719	23752
V	2031868	23753
V	2032014	23754
V	2032160	23755
V	2032304	23756
V	2032450	23757
V	2032600	23758
V	2032760	23759
V	2032908	23760
V	2033052	23761
V	2033206	23762
V	2033361	23763
V	2033518	23764
V	2033678	23765
V	2033837	23766
V	2033991	23767
V	2034142	23768
V	2034288	23769
V	2034432	23770
V	2034583	23771
V	2034731	23772
V	2034875	23773
V	2035028	23774
V	2035180	23775
V	2035327	23776
V	2035476	23777
V	2035631	23778
V	2035786	23779
V	2035936	23780
V	2036082	23781
V	2036230	23782
V	2036387	23783
V	2036538	23784
V	2036691	23785
V	2036858	23786
V	2037015	23787
V	2037165	23788
V	2037314	23789
V	2037469	23790
V	2037623	23791
V	2037774	23792
V	2037927	23793
V	2038069	23794
V	2038219	23795
V	2038369	23796
V	2038526	23797
V	2038672	23798
V	2038837	23799
V	2038988	23800
V	2039141	23801
V	2039294	23802
V	2039460	23803
V	2039616	23804
V	2039764	23805
V	2039916	23806
V	2040071	23807
V	2040216	23808
V	2040361	23809
V	2040508	23810
V	2040656	23811
V	2040803	23812
V	2040954	23813
V	2041109	23814
V	2041256	23815
V	2041410	23816
V	2041557	23817
V	2041709	23818
V	2041875	23819
V	2042022	23820
V	2042173	23821
V	2042325	23822
V	2042472	23823
V	2042616	23824
V	2042765	23825
V	2042914	23826
V	2043063	23827
V	2043213	23828
V	2043359	23829
V	2043512	23830
V	2043659	23831
V	2043821	23832
V	2043968	23833
V	2044122	23834
V	2044276	23835
V	2044424	23836
V	2044578	23837
V	2044727	23838
V	2044871	23839
V	2045017	23840
V	2045166	23841
V	2045313	23842
V	2045465	23843
V	2045618	23844
V	2045769	23845
V	2045916	23846
V	2046068	23847
V	2046213	23848
V	2046365	23849
V	2046512	23850
V	2046659	23851
V	2046830	23852
V	2046981	23853
V	2047133	23854
V	2047279	23855
V	2047427	23856
V	2047580	23857
V	2047729	23858
V	2047880	23859
V	2048032	23860
V	2048181	23861
V	2048334	23862
V	2048478	23863
V	2048626	23864
V	2048773	23865
V	2048920	23866
V	2049087	23867
V	2049238	23868
V	2049392	23869
V	2049543	23870
V	2049689	23871
V	2049838	23872
V	2049981	23873
V	2050128	23874
V	2050273	23875
V	2050422	23876
V	2050577	23877
V	2050731	23878
V	2050877	23879
V	2051026	23880
V	2051177	23881
V	2051333	23882
V	2051494	23883
V	2051647	23884
V	2051797	23885
V	2051943	23886
V	2052088	23887
V	2052238	23888
V	2052385	23889
V	2052532	23890
V	2052681	23891
V	2052831	23892
V	2052977	23893
V	2053130	23894
V	2053284	23895
V	2053435	23896
V	2053578	23897
V	2053729	23898
V	2053892	23899
V	2054035	23900
V	2054181	23901
V	2054328	23902
V	2054493	23903
V	2054640	23904
V	2054811	23905
V	2054968	23906
V	2055126	23907
V	2055265	23908
V	2055419	23909
V	2055568	23910
V	2055717	23911
V	2055857	23912
V	2056001	23913
V	2056150	23914
V	2056300	23915
V	2056448	23916
V	2056600	23917
V	2056749	23918
V	2056897	23919
V	2057047	23920
V	2057202	23921
V	2057347	23922
V	2057509	23923
V	2057655	23924
V	2057798	23925
V	2057942	23926
V	2058090	23927
V	2058240	23928
V	2058385	23929
V	2058526	23930
V	2058699	23931
V	2058850	23932
V	2059021	23933
V	2059171	23934
V	2059325	23935
V	2059474	23936
V	2059625	23937
V	2059774	23938
V	2059923	23939
V	2060070	23940
V	2060222	23941
V	2060377	23942
V	2060525	23943
V	2060673	23944
V	2060820	23945
V	2060973	23946
V	2061125	23947
V	2061279	23948
V	2061429	23949
V	2061578	23950
V	2061728	23951
V	2061876	23952
V	2062029	23953
V	2062177	23954
V	2062323	23955
V	2062469	23956
V	2062620	23957
V	2062764	23958
V	2062903	23959
V	2063053	23960
V	2063200	23961
V	2063362	23962
V	2063511	23963
V	2063676	23964
V	2063832	23965
V	2063982	23966
V	2064132	23967
V	2064278	23968
V	2064442	23969
V	2064594	23970
V	2064742	23971
V	2064887	23972
V	2065034	23973
V	2065187	23974
V	2065338	23975
V	2065488	23976
V	2065637	23977
V	2065787	23978
V	2065935	23979
V	2066087	23980
V	2066232	23981
V	2066383	23982
V	2066530	23983
V	2066678	23984
V	2066835	23985
V	2066988	23986
V	2067139	23987
V	2067292	23988
V	2067447	23989
V	2067594	23990
V	2067744	23991
V	2067892	23992
V	2068065	23993
V	2068209	23994
V	2068362	23995
V	2068506	23996
V	2068657	23997
V	2068804	23998
V	2068955	23999
V	2069109	24000
V	2069263	24001
V	2069424	24002
V	2069570	24003
V	2069730	24004
V	2069881	24005
V	2070031	24006
V	2070181	24007
V	2070331	24008
V	2070481	24009
V	2070631	24010
V	2070781	24011
V	2070928	24012
V	2071077	24013
V	2071217	24014
V	2071361	24015
V	2071509	24016
V	2071659	24017
V	2071811	24018
V	2071968	24019
V	2072119	24020
V	2072267	24021
V	2072418	24022
V	2072593	24023
V	2072746	24024
V	2072894	24025
V	2073041	24026
V	2073196	24027
V	2073349	24028
V	2073496	24029
V	2073644	24030
V	2073799	24031
V	2073946	24032
V	2074091	24033
V	2074240	24034
V	2074386	24035
V	2074535	24036
V	2074688	24037
V	2074841	24038
V	2074992	24039
V	2075145	24040
V	2075298	24041
V	2075452	24042
V	2075622	24043
V	2075770	24044
V	2075934	24045
V	2076088	24046
V	2076242	24047
V	2076392	24048
V	2076543	24049
V	2076695	24050
V	2076843	24051
V	2076998	24052
V	2077147	24053
V	2077299	24054
V	2077447	24055
V	2077594	24056
V	2077743	24057
V	2077895	24058
V	2078046	24059
V	2078190	24060
V	2078344	24061
V	2078497	24062
V	2078649	24063
V	2078799	24064
V	2078948	24065
V	2079096	24066
V	2079250	24067
V	2079404	24068
V	2079553	24069
V	2079709	24070
V	2079859	24071
V	2080007	24072
V	2080159	24073
V	2080307	24074
V	2080463	24075
V	2080613	24076
V	2080762	24077
V	2080908	24078
V	2081054	24079
V	2081211	24080
V	2081362	24081
V	2081512	24082
V	2081664	24083
V	2081813	24084
V	2081960	24085
V	2082104	24086
V	2082254	24087
V	2082397	24088
V	2082538	24089
V	2082683	24090
V	2082831	24091
V	2082981	24092
V	2083135	24093
V	2083277	24094
V	2083437	24095
V	2083581	24096
V	2083733	24097
V	2083885	24098
V	2084046	24099
V	2084197	24100
V	2084349	24101
V	2084494	24102
V	2084649	24103
V	2084804	24104
V	2084953	24105
V	2085123	24106
V	2085285	24107
V	2085431	24108
V	2085588	24109
V	2085734	24110
V	2085879	24111
V	2086041	24112
V	2086191	24113
V	2086342	24114
V	2086495	24115
V	2086647	24116
V	2086802	24117
V	2086948	24118
V	2087108	24119
V	2087274	24120
V	2087419	24121
V	2087570	24122
V	2087716	24123
V	2087860	24124
V	2088014	24125
V	2088165	24126
V	2088316	24127
V	2088466	24128
V	2088618	24129
V	2088773	24130
V	2088926	24131
V	2089090	24132
V	2089241	24133
V	2089402	24134
V	2089556	24135
V	2089702	24136
V	2089852	24137
V	2090003	24138
V	2090148	24139
V	2090298	24140
V	2090451	24141
V	2090599	24142
V	2090746	24143
V	2090893	24144
V	2091037	24145
V	2091189	24146
V	2091336	24147
V	2091491	24148
V	2091643	24149
V	2091795	24150
V	2091946	24151
V	2092091	24152
V	2092243	24153
V	2092395	24154
V	2092548	24155
V	2092704	24156
V	2092858	24157
V	2093003	24158
V	2093155	24159
V	2093303	24160
V	2093473	24161
V	2093631	24162
V	2093777	24163
V	2093922	24164
V	2094068	24165
V	2094225	24166
V	2094373	24167
V	2094519	24168
V	2094667	24169
V	2094818	24170
V	2094985	24171
V	2095142	24172
V	2095292	24173
V	2095438	24174
V	2095579	24175
V	2095738	24176
V	2095888	24177
V	2096037	24178
V	2096198	24179
V	2096349	24180
V	2096497	24181
V	2096660	24182
V	2096806	24183
V	2096953	24184
V	2097105	24185
V	2097255	24186
V	2097408	24187
V	2097562	24188
V	2097710	24189
V	2097861	24190
V	2098018	24191
V	2098166	24192
V	2098310	24193
V	2098461	24194
V	2098604	24195
V	2098751	24196
V	2098900	24197
V	2099043	24198
V	2099189	24199
V	2099344	24200
V	2099491	24201
V	2099639	24202
V	2099786	24203
V	2099943	24204
V	2100105	24205
V	2100254	24206
V	2100403	24207
V	2100551	24208
V	2100706	24209
V	2100854	24210
V	2101013	24211
V	2101160	24212
V	2101309	24213
V	2101452	24214
V	2101602	24215
V	2101745	24216
V	2101893	24217
V	2102042	24218
V	2102190	24219
V	2102332	24220
V	2102480	24221
V	2102654	24222
V	2102805	24223
V	2102952	24224
V	2103112	24225
V	2103253	24226
V	2103405	24227
V	2103555	24228
V	2103707	24229
V	2103854	24230
V	2104006	24231
V	2104182	24232
V	2104345	24233
V	2104491	24234
V	2104632	24235
V	2104798	24236
V	2104943	24237
V	2105094	24238
V	2105247	24239
V	2105394	24240
V	2105544	24241
V	2105697	24242
V	2105842	24243
V	2105996	24244
V	2106144	24245
V	2106293	24246
V	2106442	24247
V	2106592	24248
V	2106744	24249
V	2106898	24250
V	2107047	24251
V	2107193	24252
V	2107353	24253
V	2107498	24254
V	2107648	24255
V	2107804	24256
V	2107945	24257
V	2108089	24258
V	2108239	24259
V	2108411	24260
V	2108559	24261
V	2108708	24262
V	2108862	24263
V	2109012	24264
V	2109158	24265
V	2109309	24266
V	2109457	24267
V	2109604	24268
V	2109759	24269
V	2109912	24270
V	2110066	24271
V	2110220	24272
V	2110368	24273
V	2110533	24274
V	2110689	24275
V	2110837	24276
V	2110990	24277
V	2111160	24278
V	2111312	24279
V	2111463	24280
V	2111601	24281
V	2111751	24282
V	2111900	24283
V	2112046	24284
V	2112193	24285
V	2112350	24286
V	2112524	24287
V	2112702	24288
V	2112857	24289
V	2113006	24290
V	2113159	24291
V	2113306	24292
V	2113460	24293
V	2113605	24294
V	2113754	24295
V	2113907	24296
V	2114061	24297
V	2114209	24298
V	2114353	24299
V	2114503	24300
V	2114652	24301
V	2114795	24302
V	2114941	24303
V	2115095	24304
V	2115246	24305
V	2115397	24306
V	2115545	24307
V	2115693	24308
V	2115840	24309
V	2115984	24310
V	2116135	24311
V	2116291	24312
V	2116440	24313
V	2116593	24314
V	2116748	24315
V	2116902	24316
V	2117050	24317
V	2117210	24318
V	2117357	24319
V	2117511	24320
V	2117659	24321
V	2117809	24322
V	2117959	24323
V	2118109	24324
V	2118261	24325
V	2118421	24326
V	2118567	24327
V	2118713	24328
V	2118860	24329
V	2119014	24330
V	2119163	24331
V	2119312	24332
V	2119468	24333
V	2119619	24334
V	2119768	24335
V	2119915	24336
V	2120072	24337
V	2120222	24338
V	2120398	24339
V	2120551	24340
V	2120703	24341
V	2120849	24342
V	2120992	24343
V	2121132	24344
V	2121280	24345
V	2121421	24346
V	2121567	24347
V	2121716	24348
V	2121873	24349
V	2122022	24350
V	2122171	24351
V	2122325	24352
V	2122470	24353
V	2122617	24354
V	2122762	24355
V	2122909	24356
V	2123065	24357
V	2123212	24358
V	2123365	24359
V	2123521	24360
V	2123666	24361
V	2123816	24362
V	2123966	24363
V	2124113	24364
V	2124258	24365
V	2124401	24366
V	2124550	24367
V	2124698	24368
V	2124844	24369
V	2124991	24370
V	2125149	24371
V	2125307	24372
V	2125460	24373
V	2125610	24374
V	2125749	24375
V	2125900	24376
V	2126057	24377
V	2126214	24378
V	2126367	24379
V	2126511	24380
V	2126662	24381
V	2126814	24382
V	2126965	24383
V	2127132	24384
V	2127283	24385
V	2127446	24386
V	2127591	24387
V	2127747	24388
V	2127898	24389
V	2128043	24390
V	2128190	24391
V	2128350	24392
V	2128500	24393
V	2128643	24394
V	2128793	24395
V	2128940	24396
V	2129086	24397
V	2129238	24398
V	2129384	24399
V	2129534	24400
V	2129684	24401
V	2129832	24402
V	2129979	24403
V	2130127	24404
V	2130275	24405
V	2130429	24406
V	2130582	24407
V	2130734	24408
V	2130886	24409
V	2131039	24410
V	2131189	24411
V	2131335	24412
V	2131500	24413
V	2131666	24414
V	2131819	24415
V	2131967	24416
V	2132140	24417
V	2132292	24418
V	2132445	24419
V	2132602	24420
V	2132756	24421
V	2132907	24422
V	2133075	24423
V	2133229	24424
V	2133376	24425
V	2133529	24426
V	2133680	24427
V	2133828	24428
V	2133988	24429
V	2134148	24430
V	2134298	24431
V	2134454	24432
V	2134608	24433
V	2134761	24434
V	2134913	24435
V	2135062	24436
V	2135210	24437
V	2135356	24438
V	2135519	24439
V	2135671	24440
V	2135818	24441
V	2135968	24442
V	2136116	24443
V	2136273	24444
V	2136427	24445
V	2136572	24446
V	2136726	24447
V	2136884	24448
V	2137028	24449
V	2137176	24450
V	2137322	24451
V	2137472	24452
V	2137613	24453
V	2137779	24454
V	2137929	24455
V	2138080	24456
V	2138240	24457
V	2138398	24458
V	2138545	24459
V	2138705	24460
V	2138854	24461
V	2139009	24462
V	2139158	24463
V	2139312	24464
V	2139463	24465
V	2139617	24466
V	2139769	24467
V	2139909	24468
V	2140053	24469
V	2140203	24470
V	2140347	24471
V	2140503	24472
V	2140650	24473
V	2140798	24474
V	2140947	24475
V	2141100	24476
V	2141255	24477
V	2141421	24478
V	2141568	24479
V	2141720	24480
V	2141868	24481
V	2142022	24482
V	2142167	24483
V	2142328	24484
V	2142476	24485
V	2142623	24486
V	2142774	24487
V	2142927	24488
V	2143077	24489
V	2143229	24490
V	2143373	24491
V	2143522	24492
V	2143669	24493
V	2143818	24494
V	2143973	24495
V	2144132	24496
V	2144288	24497
V	2144434	24498
V	2144581	24499
V	2144741	24500
V	2144888	24501
V	2145045	24502
V	2145193	24503
V	2145341	24504
V	2145495	24505
V	2145654	24506
V	2145801	24507
V	2145947	24508
V	2146094	24509
V	2146240	24510
V	2146403	24511
V	2146556	24512
V	2146710	24513
V	2146862	24514
V	2147011	24515
V	2147160	24516
V	2147316	24517
V	2147466	24518
V	2147618	24519
V	2147760	24520
V	2147901	24521
V	2148047	24522
V	2148218	24523
V	2148376	24524
V	2148524	24525
V	2148673	24526
V	2148819	24527
V	2148963	24528
V	2149122	24529
V	2149269	24530
V	2149417	24531
V	2149574	24532
V	2149729	24533
V	2149872	24534
V	2150025	24535
V	2150169	24536
V	2150314	24537
V	2150462	24538
V	2150617	24539
V	2150764	24540
V	2150931	24541
V	2151080	24542
V	2151233	24543
V	2151381	24544
V	2151525	24545
V	2151674	24546
V	2151823	24547
V	2151971	24548
V	2152126	24549
V	2152282	24550
V	2152440	24551
V	2152591	24552
V	2152736	24553
V	2152888	24554
V	2153047	24555
V	2153215	24556
V	2153367	24557
V	2153516	24558
V	2153670	24559
V	2153821	24560
V	2153971	24561
V	2154117	24562
V	2154269	24563
V	2154416	24564
V	2154565	24565
V	2154720	24566
V	2154864	24567
V	2155016	24568
V	2155163	24569
V	2155316	24570
V	2155466	24571
V	2155622	24572
V	2155771	24573
V	2155919	24574
V	2156064	24575
V	2156210	24576
V	2156360	24577
V	2156507	24578
V	2156659	24579
V	2156809	24580
V	2156974	24581
V	2157125	24582
V	2157272	24583
V	2157417	24584
V	2157567	24585
V	2157717	24586
V	2157862	24587
V	2158013	24588
V	2158175	24589
V	2158326	24590
V	2158480	24591
V	2158623	24592
V	2158773	24593
V	2158932	24594
V	2159075	24595
V	2159224	24596
V	2159367	24597
V	2159517	24598
V	2159672	24599
V	2159834	24600
V	2159976	24601
V	2160132	24602
V	2160287	24603
V	2160430	24604
V	2160580	24605
V	2160728	24606
V	2160878	24607
V	2161025	24608
V	2161174	24609
V	2161323	24610
V	2161477	24611
V	2161621	24612
V	2161771	24613
V	2161922	24614
V	2162073	24615
V	2162224	24616
V	2162378	24617
V	2162548	24618
V	2162695	24619
V	2162857	24620
V	2163002	24621
V	2163166	24622
V	2163319	24623
V	2163478	24624
V	2163626	24625
V	2163773	24626
V	2163927	24627
V	2164074	24628
V	2164223	24629
V	2164370	24630
V	2164527	24631
V	2164681	24632
V	2164829	24633
V	2164977	24634
V	2165130	24635
V	2165276	24636
V	2165423	24637
V	2165589	24638
V	2165735	24639
V	2165883	24640
V	2166035	24641
V	2166194	24642
V	2166343	24643
V	2166496	24644
V	2166646	24645
V	2166794	24646
V	2166940	24647
V	2167085	24648
V	2167232	24649
V	2167384	24650
V	2167531	24651
V	2167683	24652
V	2167833	24653
V	2167983	24654
V	2168139	24655
V	2168307	24656
V	2168456	24657
V	2168605	24658
V	2168752	24659
V	2168899	24660
V	2169051	24661
V	2169215	24662
V	2169358	24663
V	2169503	24664
V	2169649	24665
V	2169808	24666
V	2169958	24667
V	2170099	24668
V	2170240	24669
V	2170393	24670
V	2170542	24671
V	2170684	24672
V	2170830	24673
V	2170978	24674
V	2171129	24675
V	2171278	24676
V	2171429	24677
V	2171583	24678
V	2171726	24679
V	2171881	24680
V	2172030	24681
V	2172178	24682
V	2172332	24683
V	2172481	24684
V	2172627	24685
V	2172777	24686
V	2172919	24687
V	2173076	24688
V	2173228	24689
V	2173372	24690
V	2173524	24691
V	2173669	24692
V	2173818	24693
V	2173963	24694
V	2174113	24695
V	2174278	24696
V	2174425	24697
V	2174572	24698
V	2174716	24699
V	2174864	24700
V	2175017	24701
V	2175166	24702
V	2175315	24703
V	2175464	24704
V	2175616	24705
V	2175766	24706
V	2175929	24707
V	2176082	24708
V	2176230	24709
V	2176377	24710
V	2176534	24711
V	2176686	24712
V	2176839	24713
V	2176984	24714
V	2177128	24715
V	2177274	24716
V	2177420	24717
V	2177577	24718
V	2177724	24719
V	2177875	24720
V	2178031	24721
V	2178180	24722
V	2178323	24723
V	2178475	24724
V	2178619	24725
V	2178770	24726
V	2178922	24727
V	2179068	24728
V	2179213	24729
V	2179359	24730
V	2179509	24731
V	2179664	24732
V	2179817	24733
V	2179967	24734
V	2180114	24735
V	2180264	24736
V	2180418	24737
V	2180566	24738
V	2180715	24739
V	2180861	24740
V	2181003	24741
V	2181166	24742
V	2181318	24743
V	2181471	24744
V	2181627	24745
V	2181770	24746
V	2181919	24747
V	2182069	24748
V	2182215	24749
V	2182371	24750
V	2182518	24751
V	2182669	24752
V	2182816	24753
V	2182965	24754
V	2183124	24755
V	2183267	24756
V	2183408	24757
V	2183558	24758
V	2183707	24759
V	2183859	24760
V	2184009	24761
V	2184162	24762
V	2184308	24763
V	2184452	24764
V	2184597	24765
V	2184742	24766
V	2184895	24767
V	2185041	24768
V	2185198	24769
V	2185343	24770
V	2185490	24771
V	2185650	24772
V	2185799	24773
V	2185953	24774
V	2186102	24775
V	2186253	24776
V	2186403	24777
V	2186557	24778
V	2186717	24779
V	2186865	24780
V	2187012	24781
V	2187173	24782
V	2187329	24783
V	2187481	24784
V	2187626	24785
V	2187776	24786
V	2187924	24787
V	2188072	24788
V	2188233	24789
V	2188386	24790
V	2188535	24791
V	2188682	24792
V	2188834	24793
V	2188989	24794
V	2189141	24795
V	2189291	24796
V	2189456	24797
V	2189609	24798
V	2189760	24799
V	2189911	24800
V	2190066	24801
V	2190218	24802
V	2190371	24803
V	2190521	24804
V	2190678	24805
V	2190834	24806
V	2190978	24807
V	2191151	24808
V	2191301	24809
V	2191455	24810
V	2191608	24811
V	2191755	24812
V	2191916	24813
V	2192067	24814
V	2192236	24815
V	2192389	24816
V	2192534	24817
V	2192684	24818
V	2192836	24819
V	2192987	24820
V	2193135	24821
V	2193283	24822
V	2193431	24823
V	2193580	24824
V	2193725	24825
V	2193876	24826
V	2194031	24827
V	2194197	24828
V	2194371	24829
V	2194528	24830
V	2194690	24831
V	2194834	24832
V	2194979	24833
V	2195125	24834
V	2195279	24835
V	2195432	24836
V	2195577	24837
V	2195720	24838
V	2195870	24839
V	2196018	24840
V	2196168	24841
V	2196321	24842
V	2196470	24843
V	2196615	24844
V	2196769	24845
V	2196914	24846
V	2197074	24847
V	2197226	24848
V	2197375	24849
V	2197522	24850
V	2197674	24851
V	2197820	24852
V	2197965	24853
V	2198110	24854
V	2198261	24855
V	2198414	24856
V	2198563	24857
V	2198709	24858
V	2198862	24859
V	2199012	24860
V	2199161	24861
V	2199307	24862
V	2199458	24863
V	2199601	24864
V	2199753	24865
V	2199903	24866
V	2200052	24867
V	2200196	24868
V	2200344	24869
V	2200498	24870
V	2200635	24871
V	2200782	24872
V	2200936	24873
V	2201077	24874
V	2201228	24875
V	2201379	24876
V	2201526	24877
V	2201674	24878
V	2201822	24879
V	2201977	24880
V	2202136	24881
V	2202278	24882
V	2202426	24883
V	2202582	24884
V	2202733	24885
V	2202891	24886
V	2203051	24887
V	2203203	24888
V	2203353	24889
V	2203508	24890
V	2203652	24891
V	2203803	24892
V	2203956	24893
V	2204111	24894
V	2204257	24895
V	2204406	24896
V	2204571	24897
V	2204729	24898
V	2204888	24899
V	2205032	24900
V	2205181	24901
V	2205332	24902
V	2205494	24903
V	2205645	24904
V	2205816	24905
V	2205967	24906
V	2206108	24907
V	2206259	24908
V	2206410	24909
V	2206569	24910
V	2206730	24911
V	2206873	24912
V	2207021	24913
V	2207166	24914
V	2207312	24915
V	2207468	24916
V	2207621	24917
V	2207769	24918
V	2207915	24919
V	2208061	24920
V	2208211	24921
V	2208358	24922
V	2208503	24923
V	2208652	24924
V	2208805	24925
V	2208958	24926
V	2209110	24927
V	2209275	24928
V	2209421	24929
V	2209575	24930
V	2209720	24931
V	2209872	24932
V	2210018	24933
V	2210174	24934
V	2210330	24935
V	2210477	24936
V	2210625	24937
V	2210799	24938
V	2210948	24939
V	2211101	24940
V	2211265	24941
V	2211411	24942
V	2211561	24943
V	2211714	24944
V	2211863	24945
V	2212014	24946
V	2212159	24947
V	2212321	24948
V	2212478	24949
V	2212627	24950
V	2212774	24951
V	2212924	24952
V	2213067	24953
V	2213212	24954
V	2213367	24955
V	2213516	24956
V	2213666	24957
V	2213822	24958
V	2213972	24959
V	2214114	24960
V	2214261	24961
V	2214412	24962
V	2214563	24963
V	2214711	24964
V	2214868	24965
V	2215014	24966
V	2215157	24967
V	2215307	24968
V	2215454	24969
V	2215602	24970
V	2215746	24971
V	2215909	24972
V	2216055	24973
V	2216211	24974
V	2216362	24975
V	2216515	24976
V	2216665	24977
V	2216815	24978
V	2216967	24979
V	2217119	24980
V	2217268	24981
V	2217413	24982
V	2217573	24983
V	2217717	24984
V	2217882	24985
V	2218036	24986
V	2218184	24987
V	2218332	24988
V	2218478	24989
V	2218620	24990
V	2218773	24991
V	2218927	24992
V	2219080	24993
V	2219229	24994
V	2219380	24995
V	2219535	24996
V	2219690	24997
V	2219830	24998
V	2219973	24999
V	2220122	25000
V	2220297	25001
V	2220440	25002
V	2220589	25003
V	2220741	25004
V	2220922	25005
V	2221074	25006
V	2221218	25007
V	2221370	25008
V	2221517	25009
V	2221667	25010
V	2221817	25011
V	2221971	25012
V	2222121	25013
V	2222268	25014
V	2222436	25015
V	2222590	25016
V	2222762	25017
V	2222909	25018
V	2223056	25019
V	2223202	25020
V	2223348	25021
V	2223503	25022
V	2223651	25023
V	2223804	25024
V	2223952	25025
V	2224098	25026
V	2224249	25027
V	2224392	25028
V	2224562	25029
V	2224705	25030
V	2224846	25031
V	2224993	25032
V	2225140	25033
V	2225313	25034
V	2225462	25035
V	2225612	25036
V	2225767	25037
V	2225924	25038
V	2226074	25039
V	2226223	25040
V	2226372	25041
V	2226524	25042
V	2226674	25043
V	2226823	25044
V	2226966	25045
V	2227114	25046
V	2227265	25047
V	2227411	25048
V	2227560	25049
V	2227710	25050
V	2227856	25051
V	2228004	25052
V	2228154	25053
V	2228304	25054
V	2228452	25055
V	2228600	25056
V	2228756	25057
V	2228909	25058
V	2229057	25059
V	2229215	25060
V	2229358	25061
V	2229508	25062
V	2229656	25063
V	2229805	25064
V	2229951	25065
V	2230112	25066
V	2230257	25067
V	2230408	25068
V	2230552	25069
V	2230704	25070
V	2230852	25071
V	2231010	25072
V	2231151	25073
V	2231295	25074
V	2231445	25075
V	2231590	25076
V	2231732	25077
V	2231882	25078
V	2232031	25079
V	2232177	25080
V	2232321	25081
V	2232473	25082
V	2232622	25083
V	2232778	25084
V	2232927	25085
V	2233075	25086
V	2233232	25087
V	2233385	25088
V	2233544	25089
V	2233699	25090
V	2233853	25091
V	2234004	25092
V	2234157	25093
V	2234301	25094
V	2234451	25095
V	2234600	25096
V	2234756	25097
V	2234906	25098
V	2235059	25099
V	2235206	25100
V	2235355	25101
V	2235502	25102
V	2235654	25103
V	2235803	25104
V	2235983	25105
V	2236144	25106
V	2236293	25107
V	2236446	25108
V	2236595	25109
V	2236746	25110
V	2236897	25111
V	2237054	25112
V	2237199	25113
V	2237368	25114
V	2237538	25115
V	2237697	25116
V	2237852	25117
V	2238003	25118
V	2238154	25119
V	2238315	25120
V	2238459	25121
V	2238608	25122
V	2238775	25123
V	2238927	25124
V	2239076	25125
V	2239229	25126
V	2239375	25127
V	2239545	25128
V	2239723	25129
V	2239884	25130
V	2240030	25131
V	2240191	25132
V	2240345	25133
V	2240492	25134
V	2240642	25135
V	2240789	25136
V	2240946	25137
V	2241088	25138
V	2241232	25139
V	2241371	25140
V	2241522	25141
V	2241676	25142
V	2241821	25143
V	2241969	25144
V	2242115	25145
V	2242265	25146
V	2242414	25147
V	2242564	25148
V	2242707	25149
V	2242858	25150
V	2243006	25151
V	2243151	25152
V	2243305	25153
V	2243450	25154
V	2243595	25155
V	2243741	25156
V	2243897	25157
V	2244042	25158
V	2244187	25159
V	2244352	25160
V	2244504	25161
V	2244647	25162
V	2244796	25163
V	2244946	25164
V	2245089	25165
V	2245244	25166
V	2245389	25167
V	2245534	25168
V	2245692	25169
V	2245839	25170
V	2245984	25171
V	2246127	25172
V	2246278	25173
V	2246427	25174
V	2246582	25175
V	2246727	25176
V	2246875	25177
V	2247029	25178
V	2247191	25179
V	2247336	25180
V	2247485	25181
V	2247636	25182
V	2247789	25183
V	2247942	25184
V	2248085	25185
V	2248236	25186
V	2248387	25187
V	2248535	25188
V	2248696	25189
V	2248841	25190
V	2248992	25191
V	2249143	25192
V	2249310	25193
V	2249461	25194
V	2249627	25195
V	2249782	25196
V	2249931	25197
V	2250083	25198
V	2250230	25199
V	2250380	25200
V	2250528	25201
V	2250676	25202
V	2250830	25203
V	2251003	25204
V	2251151	25205
V	2251326	25206
V	2251472	25207
V	2251624	25208
V	2251779	25209
V	2251928	25210
V	2252077	25211
V	2252223	25212
V	2252378	25213
V	2252530	25214
V	2252673	25215
V	2252847	25216
V	2252998	25217
V	2253144	25218
V	2253290	25219
V	2253451	25220
V	2253618	25221
V	2253765	25222
V	2253913	25223
V	2254062	25224
V	2254207	25225
V	2254361	25226
V	2254514	25227
V	2254661	25228
V	2254812	25229
V	2254960	25230
V	2255107	25231
V	2255255	25232
V	2255401	25233
V	2255551	25234
V	2255701	25235
V	2255869	25236
V	2256013	25237
V	2256161	25238
V	2256313	25239
V	2256463	25240
V	2256604	25241
V	2256752	25242
V	2256904	25243
V	2257050	25244
V	2257212	25245
V	2257358	25246
V	2257512	25247
V	2257668	25248
V	2257817	25249
V	2257965	25250
V	2258115	25251
V	2258269	25252
V	2258421	25253
V	2258565	25254
V	2258718	25255
V	2258868	25256
V	2259019	25257
V	2259162	25258
V	2259311	25259
V	2259455	25260
V	2259633	25261
V	2259776	25262
V	2259924	25263
V	2260071	25264
V	2260225	25265
V	2260370	25266
V	2260519	25267
V	2260670	25268
V	2260817	25269
V	2260970	25270
V	2261114	25271
V	2261263	25272
V	2261407	25273
V	2261560	25274
V	2261725	25275
V	2261882	25276
V	2262032	25277
V	2262176	25278
V	2262322	25279
V	2262474	25280
V	2262619	25281
V	2262770	25282
V	2262926	25283
V	2263078	25284
V	2263221	25285
V	2263377	25286
V	2263527	25287
V	2263680	25288
V	2263849	25289
V	2263999	25290
V	2264146	25291
V	2264292	25292
V	2264444	25293
V	2264592	25294
V	2264743	25295
V	2264889	25296
V	2265056	25297
V	2265202	25298
V	2265356	25299
V	2265500	25300
V	2265652	25301
V	2265799	25302
V	2265947	25303
V	2266097	25304
V	2266255	25305
V	2266416	25306
V	2266572	25307
V	2266719	25308
V	2266881	25309
V	2267027	25310
V	2267178	25311
V	2267324	25312
V	2267464	25313
V	2267607	25314
V	2267759	25315
V	2267910	25316
V	2268062	25317
V	2268206	25318
V	2268387	25319
V	2268533	25320
V	2268683	25321
V	2268832	25322
V	2268983	25323
V	2269139	25324
V	2269289	25325
V	2269438	25326
V	2269590	25327
V	2269741	25328
V	2269892	25329
V	2270036	25330
V	2270187	25331
V	2270338	25332
V	2270512	25333
V	2270665	25334
V	2270809	25335
V	2270960	25336
V	2271106	25337
V	2271260	25338
V	2271410	25339
V	2271557	25340
V	2271710	25341
V	2271857	25342
V	2272001	25343
V	2272150	25344
V	2272299	25345
V	2272447	25346
V	2272597	25347
V	2272760	25348
V	2272913	25349
V	2273060	25350
V	2273210	25351
V	2273361	25352
V	2273512	25353
V	2273665	25354
V	2273817	25355
V	2273970	25356
V	2274122	25357
V	2274305	25358
V	2274467	25359
V	2274624	25360
V	2274770	25361
V	2274935	25362
V	2275087	25363
V	2275230	25364
V	2275375	25365
V	2275523	25366
V	2275676	25367
V	2275828	25368
V	2275980	25369
V	2276139	25370
V	2276291	25371
V	2276441	25372
V	2276595	25373
V	2276744	25374
V	2276909	25375
V	2277062	25376
V	2277211	25377
V	2277361	25378
V	2277514	25379
V	2277663	25380
V	2277823	25381
V	2277971	25382
V	2278114	25383
V	2278269	25384
V	2278420	25385
V	2278569	25386
V	2278715	25387
V	2278884	25388
V	2279032	25389
V	2279179	25390
V	2279329	25391
V	2279476	25392
V	2279628	25393
V	2279781	25394
V	2279922	25395
V	2280075	25396
V	2280227	25397
V	2280382	25398
V	2280530	25399
V	2280688	25400
V	2280837	25401
V	2280986	25402
V	2281132	25403
V	2281280	25404
V	2281429	25405
V	2281571	25406
V	2281716	25407
V	2281858	25408
V	2282004	25409
V	2282152	25410
V	2282305	25411
V	2282453	25412
V	2282600	25413
V	2282757	25414
V	2282913	25415
V	2283068	25416
V	2283217	25417
V	2283369	25418
V	2283520	25419
V	2283671	25420
V	2283822	25421
V	2283975	25422
V	2284126	25423
V	2284277	25424
V	2284445	25425
V	2284592	25426
V	2284746	25427
V	2284901	25428
V	2285054	25429
V	2285201	25430
V	2285350	25431
V	2285512	25432
V	2285675	25433
V	2285826	25434
V	2285971	25435
V	2286125	25436
V	2286278	25437
V	2286441	25438
V	2286589	25439
V	2286741	25440
V	2286899	25441
V	2287052	25442
V	2287202	25443
V	2287361	25444
V	2287504	25445
V	2287659	25446
V	2287808	25447
V	2287956	25448
V	2288110	25449
V	2288262	25450
V	2288415	25451
V	2288566	25452
V	2288713	25453
V	2288866	25454
V	2289040	25455
V	2289193	25456
V	2289344	25457
V	2289493	25458
V	2289639	25459
V	2289789	25460
V	2289936	25461
V	2290086	25462
V	2290249	25463
V	2290399	25464
V	2290559	25465
V	2290715	25466
V	2290859	25467
V	2291010	25468
V	2291165	25469
V	2291319	25470
V	2291477	25471
V	2291638	25472
V	2291788	25473
V	2291931	25474
V	2292086	25475
V	2292237	25476
V	2292380	25477
V	2292528	25478
V	2292681	25479
V	2292828	25480
V	2292974	25481
V	2293126	25482
V	2293277	25483
V	2293423	25484
V	2293571	25485
V	2293738	25486
V	2293898	25487
V	2294047	25488
V	2294193	25489
V	2294346	25490
V	2294509	25491
V	2294657	25492
V	2294802	25493
V	2294956	25494
V	2295098	25495
V	2295249	25496
V	2295401	25497
V	2295548	25498
V	2295704	25499
V	2295859	25500
V	2296003	25501
V	2296151	25502
V	2296295	25503
V	2296448	25504
V	2296604	25505
V	2296760	25506
V	2296909	25507
V	2297070	25508
V	2297229	25509
V	2297381	25510
V	2297534	25511
V	2297685	25512
V	2297839	25513
V	2297985	25514
V	2298137	25515
V	2298287	25516
V	2298451	25517
V	2298594	25518
V	2298744	25519
V	2298891	25520
V	2299048	25521
V	2299212	25522
V	2299361	25523
V	2299507	25524
V	2299657	25525
V	2299811	25526
V	2299970	25527
V	2300117	25528
V	2300268	25529
V	2300423	25530
V	2300575	25531
V	2300722	25532
V	2300870	25533
V	2301013	25534
V	2301164	25535
V	2301310	25536
V	2301462	25537
V	2301610	25538
V	2301756	25539
V	2301908	25540
V	2302058	25541
V	2302196	25542
V	2302341	25543
V	2302494	25544
V	2302654	25545
V	2302806	25546
V	2302954	25547
V	2303103	25548
V	2303261	25549
V	2303411	25550
V	2303562	25551
V	2303711	25552
V	2303861	25553
V	2304010	25554
V	2304158	25555
V	2304321	25556
V	2304469	25557
V	2304620	25558
V	2304803	25559
V	2304952	25560
V	2305122	25561
V	2305272	25562
V	2305418	25563
V	2305567	25564
V	2305730	25565
V	2305884	25566
V	2306029	25567
V	2306190	25568
V	2306337	25569
V	2306513	25570
V	2306657	25571
V	2306811	25572
V	2306962	25573
V	2307117	25574
V	2307264	25575
V	2307419	25576
V	2307562	25577
V	2307707	25578
V	2307855	25579
V	2308006	25580
V	2308163	25581
V	2308330	25582
V	2308484	25583
V	2308631	25584
V	2308786	25585
V	2308937	25586
V	2309080	25587
V	2309237	25588
V	2309386	25589
V	2309536	25590
V	2309684	25591
V	2309848	25592
V	2310001	25593
V	2310152	25594
V	2310305	25595
V	2310469	25596
V	2310616	25597
V	2310764	25598
V	2310913	25599
V	2311063	25600
V	2311206	25601
V	2311348	25602
V	2311499	25603
V	2311649	25604
V	2311804	25605
V	2311951	25606
V	2312097	25607
V	2312243	25608
V	2312397	25609
V	2312550	25610
V	2312699	25611
V	2312848	25612
V	2313005	25613
V	2313147	25614
V	2313295	25615
V	2313440	25616
V	2313592	25617
V	2313742	25618
V	2313892	25619
V	2314042	25620
V	2314195	25621
V	2314347	25622
V	2314504	25623
V	2314656	25624
V	2314800	25625
V	2314958	25626
V	2315106	25627
V	2315268	25628
V	2315420	25629
V	2315567	25630
V	2315713	25631
V	2315861	25632
V	2316011	25633
V	2316166	25634
V	2316313	25635
V	2316463	25636
V	2316613	25637
V	2316762	25638
V	2316908	25639
V	2317056	25640
V	2317212	25641
V	2317361	25642
V	2317506	25643
V	2317657	25644
V	2317808	25645
V	2317960	25646
V	2318111	25647
V	2318267	25648
V	2318415	25649
V	2318576	25650
V	2318727	25651
V	2318881	25652
V	2319024	25653
V	2319174	25654
V	2319321	25655
V	2319470	25656
V	2319621	25657
V	2319764	25658
V	2319918	25659
V	2320069	25660
V	2320219	25661
V	2320369	25662
V	2320522	25663
V	2320667	25664
V	2320822	25665
V	2320976	25666
V	2321126	25667
V	2321276	25668
V	2321416	25669
V	2321569	25670
V	2321718	25671
V	2321867	25672
V	2322017	25673
V	2322171	25674
V	2322320	25675
V	2322471	25676
V	2322614	25677
V	2322763	25678
V	2322918	25679
V	2323071	25680
V	2323218	25681
V	2323368	25682
V	2323525	25683
V	2323672	25684
V	2323816	25685
V	2323966	25686
V	2324121	25687
V	2324270	25688
V	2324429	25689
V	2324586	25690
V	2324740	25691
V	2324890	25692
V	2325038	25693
V	2325188	25694
V	2325336	25695
V	2325484	25696
V	2325639	25697
V	2325789	25698
V	2325936	25699
V	2326098	25700
V	2326247	25701
V	2326414	25702
V	2326567	25703
V	2326718	25704
V	2326870	25705
V	2327024	25706
V	2327170	25707
V	2327325	25708
V	2327472	25709
V	2327625	25710
V	2327775	25711
V	2327924	25712
V	2328070	25713
V	2328220	25714
V	2328369	25715
V	2328523	25716
V	2328669	25717
V	2328830	25718
V	2328985	25719
V	2329139	25720
V	2329288	25721
V	2329435	25722
V	2329589	25723
V	2329758	25724
V	2329905	25725
V	2330059	25726
V	2330213	25727
V	2330362	25728
V	2330508	25729
V	2330669	25730
V	2330818	25731
V	2330974	25732
V	2331123	25733
V	2331287	25734
V	2331449	25735
V	2331610	25736
V	2331755	25737
V	2331901	25738
V	2332061	25739
V	2332210	25740
V	2332367	25741
V	2332511	25742
V	2332657	25743
V	2332806	25744
V	2332955	25745
V	2333100	25746
V	2333247	25747
V	2333392	25748
V	2333540	25749
V	2333697	25750
V	2333856	25751
V	2334039	25752
V	2334187	25753
V	2334341	25754
V	2334510	25755
V	2334660	25756
V	2334802	25757
V	2334952	25758
V	2335098	25759
V	2335245	25760
V	2335391	25761
V	2335537	25762
V	2335687	25763
V	2335839	25764
V	2335990	25765
V	2336134	25766
V	2336280	25767
V	2336431	25768
V	2336578	25769
V	2336728	25770
V	2336874	25771
V	2337026	25772
V	2337169	25773
V	2337321	25774
V	2337472	25775
V	2337620	25776
V	2337770	25777
V	2337922	25778
V	2338071	25779
V	2338218	25780
V	2338362	25781
V	2338508	25782
V	2338657	25783
V	2338807	25784
V	2338954	25785
V	2339099	25786
V	2339259	25787
V	2339403	25788
V	2339549	25789
V	2339694	25790
V	2339842	25791
V	2340012	25792
V	2340163	25793
V	2340319	25794
V	2340472	25795
V	2340621	25796
V	2340793	25797
V	2340940	25798
V	2341094	25799
V	2341241	25800
V	2341398	25801
V	2341549	25802
V	2341694	25803
V	2341841	25804
V	2341993	25805
V	2342159	25806
V	2342312	25807
V	2342465	25808
V	2342610	25809
V	2342761	25810
V	2342916	25811
V	2343076	25812
V	2343223	25813
V	2343371	25814
V	2343522	25815
V	2343667	25816
V	2343813	25817
V	2343966	25818
V	2344128	25819
V	2344273	25820
V	2344421	25821
V	2344571	25822
V	2344720	25823
V	2344864	25824
V	2345021	25825
V	2345199	25826
V	2345349	25827
V	2345500	25828
V	2345650	25829
V	2345808	25830
V	2345958	25831
V	2346107	25832
V	2346257	25833
V	2346402	25834
V	2346564	25835
V	2346707	25836
V	2346858	25837
V	2347011	25838
V	2347165	25839
V	2347315	25840
V	2347468	25841
V	2347618	25842
V	2347766	25843
V	2347913	25844
V	2348057	25845
V	2348204	25846
V	2348378	25847
V	2348555	25848
V	2348701	25849
V	2348849	25850
V	2349010	25851
V	2349165	25852
V	2349317	25853
V	2349465	25854
V	2349610	25855
V	2349760	25856
V	2349931	25857
V	2350072	25858
V	2350224	25859
V	2350379	25860
V	2350533	25861
V	2350710	25862
V	2350859	25863
V	2351011	25864
V	2351149	25865
V	2351299	25866
V	2351443	25867
V	2351600	25868
V	2351746	25869
V	2351893	25870
V	2352039	25871
V	2352193	25872
V	2352346	25873
V	2352494	25874
V	2352649	25875
V	2352800	25876
V	2352947	25877
V	2353099	25878
V	2353250	25879
V	2353402	25880
V	2353554	25881
V	2353703	25882
V	2353857	25883
V	2354003	25884
V	2354157	25885
V	2354313	25886
V	2354468	25887
V	2354609	25888
V	2354763	25889
V	2354916	25890
V	2355067	25891
V	2355219	25892
V	2355371	25893
V	2355525	25894
V	2355678	25895
V	2355828	25896
V	2355975	25897
V	2356129	25898
V	2356284	25899
V	2356436	25900
V	2356587	25901
V	2356754	25902
V	2356911	25903
V	2357056	25904
V	2357201	25905
V	2357347	25906
V	2357496	25907
V	2357648	25908
V	2357805	25909
V	2357947	25910
V	2358095	25911
V	2358245	25912
V	2358395	25913
V	2358551	25914
V	2358700	25915
V	2358852	25916
V	2359002	25917
V	2359157	25918
V	2359305	25919
V	2359452	25920
V	2359600	25921
V	2359754	25922
V	2359906	25923
V	2360053	25924
V	2360201	25925
V	2360354	25926
V	2360508	25927
V	2360659	25928
V	2360806	25929
V	2360953	25930
V	2361101	25931
V	2361248	25932
V	2361398	25933
V	2361548	25934
V	2361708	25935
V	2361857	25936
V	2362003	25937
V	2362151	25938
V	2362306	25939
V	2362448	25940
V	2362596	25941
V	2362756	25942
V	2362922	25943
V	2363073	25944
V	2363219	25945
V	2363368	25946
V	2363518	25947
V	2363670	25948
V	2363808	25949
V	2363955	25950
V	2364107	25951
V	2364257	25952
V	2364427	25953
V	2364575	25954
V	2364723	25955
V	2364869	25956
V	2365025	25957
V	2365170	25958
V	2365324	25959
V	2365478	25960
V	2365627	25961
V	2365780	25962
V	2365927	25963
V	2366077	25964
V	2366228	25965
V	2366375	25966
V	2366533	25967
V	2366681	25968
V	2366834	25969
V	2366985	25970
V	2367130	25971
V	2367273	25972
V	2367422	25973
V	2367585	25974
V	2367736	25975
V	2367883	25976
V	2368028	25977
V	2368176	25978
V	2368328	25979
V	2368475	25980
V	2368623	25981
V	2368770	25982
V	2368915	25983
V	2369064	25984
V	2369218	25985
V	2369375	25986
V	2369520	25987
V	2369672	25988
V	2369826	25989
V	2369977	25990
V	2370122	25991
V	2370285	25992
V	2370431	25993
V	2370577	25994
V	2370731	25995
V	2370879	25996
V	2371026	25997
V	2371176	25998
V	2371325	25999
V	2371473	26000
V	2371623	26001
V	2371778	26002
V	2371928	26003
V	2372077	26004
V	2372230	26005
V	2372382	26006
V	2372531	26007
V	2372681	26008
V	2372829	26009
V	2372982	26010
V	2373140	26011
V	2373292	26012
V	2373439	26013
V	2373590	26014
V	2373737	26015
V	2373884	26016
V	2374034	26017
V	2374182	26018
V	2374332	26019
V	2374483	26020
V	2374629	26021
V	2374774	26022
V	2374925	26023
V	2375074	26024
V	2375220	26025
V	2375368	26026
V	2375512	26027
V	2375658	26028
V	2375810	26029
V	2375962	26030
V	2376116	26031
V	2376291	26032
V	2376441	26033
V	2376591	26034
V	2376747	26035
V	2376896	26036
V	2377041	26037
V	2377197	26038
V	2377345	26039
V	2377499	26040
V	2377645	26041
V	2377795	26042
V	2377949	26043
V	2378107	26044
V	2378261	26045
V	2378408	26046
V	2378562	26047
V	2378710	26048
V	2378864	26049
V	2379018	26050
V	2379163	26051
V	2379316	26052
V	2379466	26053
V	2379612	26054
V	2379765	26055
V	2379914	26056
V	2380065	26057
V	2380210	26058
V	2380360	26059
V	2380513	26060
V	2380661	26061
V	2380816	26062
V	2380964	26063
V	2381120	26064
V	2381273	26065
V	2381420	26066
V	2381571	26067
V	2381716	26068
V	2381862	26069
V	2382014	26070
V	2382161	26071
V	2382311	26072
V	2382463	26073
V	2382613	26074
V	2382760	26075
V	2382905	26076
V	2383065	26077
V	2383214	26078
V	2383360	26079
V	2383508	26080
V	2383656	26081
V	2383817	26082
V	2383969	26083
V	2384121	26084
V	2384267	26085
V	2384420	26086
V	2384572	26087
V	2384723	26088
V	2384875	26089
V	2385026	26090
V	2385177	26091
V	2385327	26092
V	2385472	26093
V	2385621	26094
V	2385773	26095
V	2385914	26096
V	2386059	26097
V	2386204	26098
V	2386348	26099
V	2386490	26100
V	2386646	26101
V	2386802	26102
V	2386957	26103
V	2387118	26104
V	2387269	26105
V	2387422	26106
V	2387567	26107
V	2387720	26108
V	2387872	26109
V	2388021	26110
V	2388169	26111
V	2388315	26112
V	2388464	26113
V	2388620	26114
V	2388773	26115
V	2388946	26116
V	2389101	26117
V	2389253	26118
V	2389399	26119
V	2389550	26120
V	2389706	26121
V	2389851	26122
V	2389997	26123
V	2390142	26124
V	2390285	26125
V	2390433	26126
V	2390586	26127
V	2390733	26128
V	2390874	26129
V	2391025	26130
V	2391169	26131
V	2391331	26132
V	2391480	26133
V	2391628	26134
V	2391779	26135
V	2391931	26136
V	2392078	26137
V	2392228	26138
V	2392382	26139
V	2392529	26140
V	2392670	26141
V	2392820	26142
V	2392967	26143
V	2393121	26144
V	2393272	26145
V	2393450	26146
V	2393598	26147
V	2393757	26148
V	2393902	26149
V	2394046	26150
V	2394190	26151
V	2394337	26152
V	2394499	26153
V	2394647	26154
V	2394797	26155
V	2394942	26156
V	2395090	26157
V	2395238	26158
V	2395389	26159
V	2395542	26160
V	2395694	26161
V	2395846	26162
V	2395993	26163
V	2396146	26164
V	2396290	26165
V	2396434	26166
V	2396585	26167
V	2396749	26168
V	2396898	26169
V	2397043	26170
V	2397198	26171
V	2397354	26172
V	2397504	26173
V	2397652	26174
V	2397803	26175
V	2397975	26176
V	2398126	26177
V	2398282	26178
V	2398428	26179
V	2398573	26180
V	2398721	26181
V	2398877	26182
V	2399029	26183
V	2399180	26184
V	2399326	26185
V	2399495	26186
V	2399647	26187
V	2399799	26188
V	2399945	26189
V	2400114	26190
V	2400269	26191
V	2400413	26192
V	2400566	26193
V	2400717	26194
V	2400865	26195
V	2401007	26196
V	2401157	26197
V	2401307	26198
V	2401464	26199
V	2401613	26200
V	2401762	26201
V	2401916	26202
V	2402074	26203
V	2402224	26204
V	2402372	26205
V	2402525	26206
V	2402674	26207
V	2402839	26208
V	2402985	26209
V	2403141	26210
V	2403294	26211
V	2403444	26212
V	2403588	26213
V	2403741	26214
V	2403883	26215
V	2404028	26216
V	2404175	26217
V	2404323	26218
V	2404477	26219
V	2404631	26220
V	2404780	26221
V	2404923	26222
V	2405071	26223
V	2405230	26224
V	2405401	26225
V	2405546	26226
V	2405691	26227
V	2405843	26228
V	2405991	26229
V	2406145	26230
V	2406292	26231
V	2406438	26232
V	2406587	26233
V	2406732	26234
V	2406884	26235
V	2407034	26236
V	2407183	26237
V	2407330	26238
V	2407478	26239
V	2407643	26240
V	2407795	26241
V	2407944	26242
V	2408083	26243
V	2408230	26244
V	2408373	26245
V	2408523	26246
V	2408673	26247
V	2408825	26248
V	2408977	26249
V	2409122	26250
V	2409269	26251
V	2409417	26252
V	2409566	26253
V	2409712	26254
V	2409874	26255
V	2410016	26256
V	2410168	26257
V	2410318	26258
V	2410466	26259
V	2410622	26260
V	2410797	26261
V	2410942	26262
V	2411094	26263
V	2411244	26264
V	2411392	26265
V	2411538	26266
V	2411692	26267
V	2411843	26268
V	2411986	26269
V	2412132	26270
V	2412284	26271
V	2412434	26272
V	2412591	26273
V	2412733	26274
V	2412883	26275
V	2413039	26276
V	2413189	26277
V	2413346	26278
V	2413507	26279
V	2413653	26280
V	2413811	26281
V	2413962	26282
V	2414112	26283
V	2414269	26284
V	2414421	26285
V	2414578	26286
V	2414723	26287
V	2414873	26288
V	2415024	26289
V	2415176	26290
V	2415323	26291
V	2415478	26292
V	2415638	26293
V	2415784	26294
V	2415935	26295
V	2416111	26296
V	2416265	26297
V	2416410	26298
V	2416560	26299
V	2416711	26300
V	2416862	26301
V	2417019	26302
V	2417173	26303
V	2417322	26304
V	2417473	26305
V	2417646	26306
V	2417791	26307
V	2417944	26308
V	2418092	26309
V	2418248	26310
V	2418401	26311
V	2418554	26312
V	2418703	26313
V	2418857	26314
V	2419006	26315
V	2419153	26316
V	2419302	26317
V	2419454	26318
V	2419602	26319
V	2419744	26320
V	2419888	26321
V	2420038	26322
V	2420209	26323
V	2420362	26324
V	2420520	26325
V	2420673	26326
V	2420827	26327
V	2420972	26328
V	2421119	26329
V	2421262	26330
V	2421411	26331
V	2421565	26332
V	2421717	26333
V	2421868	26334
V	2422034	26335
V	2422186	26336
V	2422339	26337
V	2422492	26338
V	2422643	26339
V	2422792	26340
V	2422939	26341
V	2423083	26342
V	2423236	26343
V	2423385	26344
V	2423542	26345
V	2423695	26346
V	2423861	26347
V	2424009	26348
V	2424156	26349
V	2424311	26350
V	2424463	26351
V	2424627	26352
V	2424774	26353
V	2424922	26354
V	2425077	26355
V	2425233	26356
V	2425386	26357
V	2425531	26358
V	2425681	26359
V	2425830	26360
V	2426006	26361
V	2426153	26362
V	2426306	26363
V	2426454	26364
V	2426609	26365
V	2426776	26366
V	2426928	26367
V	2427081	26368
V	2427234	26369
V	2427382	26370
V	2427531	26371
V	2427707	26372
V	2427858	26373
V	2428009	26374
V	2428156	26375
V	2428321	26376
V	2428471	26377
V	2428632	26378
V	2428784	26379
V	2428938	26380
V	2429088	26381
V	2429233	26382
V	2429373	26383
V	2429521	26384
V	2429668	26385
V	2429820	26386
V	2429970	26387
V	2430127	26388
V	2430279	26389
V	2430427	26390
V	2430577	26391
V	2430729	26392
V	2430880	26393
V	2431033	26394
V	2431178	26395
V	2431322	26396
V	2431475	26397
V	2431655	26398
V	2431807	26399
V	2431958	26400
V	2432112	26401
V	2432254	26402
V	2432399	26403
V	2432537	26404
V	2432689	26405
V	2432833	26406
V	2432978	26407
V	2433130	26408
V	2433283	26409
V	2433428	26410
V	2433581	26411
V	2433735	26412
V	2433885	26413
V	2434035	26414
V	2434181	26415
V	2434344	26416
V	2434502	26417
V	2434662	26418
V	2434814	26419
V	2434965	26420
V	2435115	26421
V	2435267	26422
V	2435416	26423
V	2435565	26424
V	2435714	26425
V	2435888	26426
V	2436044	26427
V	2436197	26428
V	2436341	26429
V	2436487	26430
V	2436641	26431
V	2436787	26432
V	2436928	26433
V	2437091	26434
V	2437246	26435
V	2437413	26436
V	2437562	26437
V	2437733	26438
V	2437884	26439
V	2438032	26440
V	2438182	26441
V	2438335	26442
V	2438487	26443
V	2438637	26444
V	2438790	26445
V	2438941	26446
V	2439095	26447
V	2439240	26448
V	2439415	26449
V	2439565	26450
V	2439709	26451
V	2439853	26452
V	2439998	26453
V	2440150	26454
V	2440297	26455
V	2440447	26456
V	2440618	26457
V	2440771	26458
V	2440958	26459
V	2441109	26460
V	2441266	26461
V	2441414	26462
V	2441562	26463
V	2441727	26464
V	2441874	26465
V	2442026	26466
V	2442176	26467
V	2442324	26468
V	2442476	26469
V	2442628	26470
V	2442777	26471
V	2442919	26472
V	2443062	26473
V	2443209	26474
V	2443357	26475
V	2443501	26476
V	2443648	26477
V	2443805	26478
V	2443951	26479
V	2444099	26480
V	2444253	26481
V	2444400	26482
V	2444547	26483
V	2444697	26484
V	2444845	26485
V	2444989	26486
V	2445144	26487
V	2445291	26488
V	2445434	26489
V	2445610	26490
V	2445759	26491
V	2445909	26492
V	2446060	26493
V	2446243	26494
V	2446393	26495
V	2446538	26496
V	2446684	26497
V	2446827	26498
V	2446976	26499
V	2447134	26500
V	2447281	26501
V	2447423	26502
V	2447572	26503
V	2447739	26504
V	2447891	26505
V	2448047	26506
V	2448208	26507
V	2448354	26508
V	2448503	26509
V	2448653	26510
V	2448804	26511
V	2448954	26512
V	2449109	26513
V	2449255	26514
V	2449408	26515
V	2449560	26516
V	2449704	26517
V	2449854	26518
V	2450005	26519
V	2450154	26520
V	2450296	26521
V	2450446	26522
V	2450613	26523
V	2450786	26524
V	2450932	26525
V	2451082	26526
V	2451255	26527
V	2451406	26528
V	2451555	26529
V	2451708	26530
V	2451856	26531
V	2452003	26532
V	2452156	26533
V	2452304	26534
V	2452448	26535
V	2452600	26536
V	2452762	26537
V	2452937	26538
V	2453087	26539
V	2453233	26540
V	2453380	26541
V	2453528	26542
V	2453687	26543
V	2453834	26544
V	2453986	26545
V	2454126	26546
V	2454291	26547
V	2454435	26548
V	2454591	26549
V	2454743	26550
V	2454889	26551
V	2455035	26552
V	2455182	26553
V	2455327	26554
V	2455479	26555
V	2455628	26556
V	2455785	26557
V	2455936	26558
V	2456093	26559
V	2456242	26560
V	2456395	26561
V	2456544	26562
V	2456698	26563
V	2456847	26564
V	2456994	26565
V	2457140	26566
V	2457291	26567
V	2457444	26568
V	2457593	26569
V	2457741	26570
V	2457907	26571
V	2458057	26572
V	2458210	26573
V	2458359	26574
V	2458500	26575
V	2458656	26576
V	2458810	26577
V	2458952	26578
V	2459104	26579
V	2459260	26580
V	2459408	26581
V	2459558	26582
V	2459705	26583
V	2459856	26584
V	2460009	26585
V	2460167	26586
V	2460319	26587
V	2460474	26588
V	2460620	26589
V	2460769	26590
V	2460932	26591
V	2461081	26592
V	2461243	26593
V	2461398	26594
V	2461542	26595
V	2461693	26596
V	2461845	26597
V	2461996	26598
V	2462150	26599
V	2462308	26600
V	2462459	26601
V	2462610	26602
V	2462764	26603
V	2462916	26604
V	2463077	26605
V	2463226	26606
V	2463373	26607
V	2463521	26608
V	2463670	26609
V	2463815	26610
V	2463967	26611
V	2464128	26612
V	2464285	26613
V	2464437	26614
V	2464580	26615
V	2464730	26616
V	2464882	26617
V	2465032	26618
V	2465181	26619
V	2465333	26620
V	2465479	26621
V	2465629	26622
V	2465773	26623
V	2465924	26624
V	2466073	26625
V	2466226	26626
V	2466380	26627
V	2466528	26628
V	2466681	26629
V	2466830	26630
V	2466976	26631
V	2467120	26632
V	2467275	26633
V	2467419	26634
V	2467572	26635
V	2467722	26636
V	2467872	26637
V	2468016	26638
V	2468163	26639
V	2468309	26640
V	2468457	26641
V	2468604	26642
V	2468753	26643
V	2468901	26644
V	2469056	26645
V	2469209	26646
V	2469357	26647
V	2469505	26648
V	2469649	26649
V	2469804	26650
V	2469955	26651
V	2470107	26652
V	2470262	26653
V	2470408	26654
V	2470562	26655
V	2470710	26656
V	2470858	26657
V	2471024	26658
V	2471169	26659
V	2471315	26660
V	2471468	26661
V	2471621	26662
V	2471772	26663
V	2471917	26664
V	2472065	26665
V	2472210	26666
V	2472357	26667
V	2472525	26668
V	2472681	26669
V	2472829	26670
V	2472973	26671
V	2473123	26672
V	2473267	26673
V	2473417	26674
V	2473572	26675
V	2473725	26676
V	2473873	26677
V	2474023	26678
V	2474174	26679
V	2474315	26680
V	2474464	26681
V	2474616	26682
V	2474761	26683
V	2474915	26684
V	2475074	26685
V	2475230	26686
V	2475376	26687
V	2475521	26688
V	2475674	26689
V	2475831	26690
V	2475976	26691
V	2476128	26692
V	2476276	26693
V	2476433	26694
V	2476610	26695
V	2476782	26696
V	2476926	26697
V	2477076	26698
V	2477237	26699
V	2477388	26700
V	2477540	26701
V	2477690	26702
V	2477839	26703
V	2477981	26704
V	2478133	26705
V	2478286	26706
V	2478442	26707
V	2478588	26708
V	2478733	26709
V	2478880	26710
V	2479032	26711
V	2479197	26712
V	2479351	26713
V	2479503	26714
V	2479651	26715
V	2479798	26716
V	2479947	26717
V	2480096	26718
V	2480244	26719
V	2480397	26720
V	2480542	26721
V	2480688	26722
V	2480838	26723
V	2480985	26724
V	2481148	26725
V	2481294	26726
V	2481439	26727
V	2481601	26728
V	2481749	26729
V	2481897	26730
V	2482043	26731
V	2482208	26732
V	2482370	26733
V	2482531	26734
V	2482676	26735
V	2482825	26736
V	2482974	26737
V	2483122	26738
V	2483291	26739
V	2483442	26740
V	2483588	26741
V	2483748	26742
V	2483906	26743
V	2484055	26744
V	2484199	26745
V	2484343	26746
V	2484498	26747
V	2484645	26748
V	2484794	26749
V	2484947	26750
V	2485098	26751
V	2485248	26752
V	2485401	26753
V	2485549	26754
V	2485699	26755
V	2485851	26756
V	2486001	26757
V	2486150	26758
V	2486303	26759
V	2486455	26760
V	2486610	26761
V	2486757	26762
V	2486910	26763
V	2487055	26764
V	2487226	26765
V	2487374	26766
V	2487521	26767
V	2487669	26768
V	2487823	26769
V	2487976	26770
V	2488129	26771
V	2488279	26772
V	2488429	26773
V	2488580	26774
V	2488732	26775
V	2488880	26776
V	2489030	26777
V	2489178	26778
V	2489326	26779
V	2489483	26780
V	2489627	26781
V	2489776	26782
V	2489926	26783
V	2490073	26784
V	2490223	26785
V	2490371	26786
V	2490525	26787
V	2490676	26788
V	2490832	26789
V	2490977	26790
V	2491127	26791
V	2491277	26792
V	2491424	26793
V	2491565	26794
V	2491717	26795
V	2491873	26796
V	2492023	26797
V	2492179	26798
V	2492324	26799
V	2492475	26800
V	2492619	26801
V	2492763	26802
V	2492912	26803
V	2493058	26804
V	2493202	26805
V	2493349	26806
V	2493492	26807
V	2493655	26808
V	2493802	26809
V	2493947	26810
V	2494116	26811
V	2494261	26812
V	2494439	26813
V	2494586	26814
V	2494737	26815
V	2494888	26816
V	2495039	26817
V	2495210	26818
V	2495397	26819
V	2495549	26820
V	2495695	26821
V	2495848	26822
V	2495999	26823
V	2496151	26824
V	2496297	26825
V	2496444	26826
V	2496586	26827
V	2496732	26828
V	2496873	26829
V	2497029	26830
V	2497179	26831
V	2497334	26832
V	2497473	26833
V	2497625	26834
V	2497783	26835
V	2497937	26836
V	2498085	26837
V	2498229	26838
V	2498398	26839
V	2498549	26840
V	2498711	26841
V	2498863	26842
V	2499012	26843
V	2499158	26844
V	2499313	26845
V	2499462	26846
V	2499608	26847
V	2499755	26848
V	2499911	26849
V	2500064	26850
V	2500238	26851
V	2500386	26852
V	2500535	26853
V	2500685	26854
V	2500835	26855
V	2501000	26856
V	2501152	26857
V	2501294	26858
V	2501446	26859
V	2501600	26860
V	2501765	26861
V	2501913	26862
V	2502067	26863
V	2502217	26864
V	2502360	26865
V	2502508	26866
V	2502656	26867
V	2502804	26868
V	2502956	26869
V	2503104	26870
V	2503277	26871
V	2503429	26872
V	2503584	26873
V	2503733	26874
V	2503889	26875
V	2504033	26876
V	2504183	26877
V	2504332	26878
V	2504475	26879
V	2504624	26880
V	2504774	26881
V	2504923	26882
V	2505071	26883
V	2505214	26884
V	2505366	26885
V	2505524	26886
V	2505677	26887
V	2505834	26888
V	2505979	26889
V	2506132	26890
V	2506283	26891
V	2506427	26892
V	2506601	26893
V	2506748	26894
V	2506899	26895
V	2507053	26896
V	2507209	26897
V	2507363	26898
V	2507508	26899
V	2507653	26900
V	2507801	26901
V	2507947	26902
V	2508093	26903
V	2508244	26904
V	2508389	26905
V	2508540	26906
V	2508688	26907
V	2508836	26908
V	2508982	26909
V	2509130	26910
V	2509293	26911
V	2509441	26912
V	2509591	26913
V	2509734	26914
V	2509880	26915
V	2510047	26916
V	2510213	26917
V	2510360	26918
V	2510505	26919
V	2510662	26920
V	2510807	26921
V	2510956	26922
V	2511109	26923
V	2511257	26924
V	2511407	26925
V	2511556	26926
V	2511698	26927
V	2511843	26928
V	2511992	26929
V	2512157	26930
V	2512299	26931
V	2512450	26932
V	2512602	26933
V	2512749	26934
V	2512893	26935
V	2513041	26936
V	2513197	26937
V	2513341	26938
V	2513486	26939
V	2513632	26940
V	2513783	26941
V	2513948	26942
V	2514102	26943
V	2514249	26944
V	2514426	26945
V	2514584	26946
V	2514736	26947
V	2514882	26948
V	2515036	26949
V	2515201	26950
V	2515346	26951
V	2515490	26952
V	2515645	26953
V	2515793	26954
V	2515940	26955
V	2516091	26956
V	2516241	26957
V	2516395	26958
V	2516558	26959
V	2516704	26960
V	2516858	26961
V	2517010	26962
V	2517153	26963
V	2517294	26964
V	2517444	26965
V	2517592	26966
V	2517740	26967
V	2517897	26968
V	2518044	26969
V	2518208	26970
V	2518360	26971
V	2518507	26972
V	2518662	26973
V	2518811	26974
V	2518956	26975
V	2519109	26976
V	2519253	26977
V	2519400	26978
V	2519557	26979
V	2519706	26980
V	2519869	26981
V	2520025	26982
V	2520172	26983
V	2520319	26984
V	2520472	26985
V	2520621	26986
V	2520777	26987
V	2520930	26988
V	2521083	26989
V	2521234	26990
V	2521382	26991
V	2521536	26992
V	2521688	26993
V	2521840	26994
V	2521989	26995
V	2522142	26996
V	2522299	26997
V	2522442	26998
V	2522596	26999
V	2522756	27000
V	2522926	27001
V	2523082	27002
V	2523236	27003
V	2523401	27004
V	2523558	27005
V	2523710	27006
V	2523862	27007
V	2524010	27008
V	2524188	27009
V	2524340	27010
V	2524488	27011
V	2524645	27012
V	2524804	27013
V	2524951	27014
V	2525100	27015
V	2525242	27016
V	2525397	27017
V	2525546	27018
V	2525697	27019
V	2525843	27020
V	2526003	27021
V	2526160	27022
V	2526323	27023
V	2526470	27024
V	2526618	27025
V	2526769	27026
V	2526923	27027
V	2527071	27028
V	2527226	27029
V	2527384	27030
V	2527536	27031
V	2527692	27032
V	2527839	27033
V	2527989	27034
V	2528140	27035
V	2528292	27036
V	2528444	27037
V	2528596	27038
V	2528748	27039
V	2528889	27040
V	2529039	27041
V	2529190	27042
V	2529342	27043
V	2529499	27044
V	2529650	27045
V	2529803	27046
V	2529955	27047
V	2530105	27048
V	2530247	27049
V	2530411	27050
V	2530566	27051
V	2530718	27052
V	2530868	27053
V	2531014	27054
V	2531167	27055
V	2531320	27056
V	2531473	27057
V	2531622	27058
V	2531776	27059
V	2531924	27060
V	2532072	27061
V	2532222	27062
V	2532375	27063
V	2532529	27064
V	2532680	27065
V	2532826	27066
V	2532976	27067
V	2533137	27068
V	2533290	27069
V	2533441	27070
V	2533589	27071
V	2533733	27072
V	2533884	27073
V	2534036	27074
V	2534178	27075
V	2534334	27076
V	2534480	27077
V	2534632	27078
V	2534780	27079
V	2534928	27080
V	2535078	27081
V	2535224	27082
V	2535374	27083
V	2535527	27084
V	2535674	27085
V	2535831	27086
V	2535994	27087
V	2536143	27088
V	2536300	27089
V	2536459	27090
V	2536606	27091
V	2536753	27092
V	2536909	27093
V	2537056	27094
V	2537203	27095
V	2537350	27096
V	2537503	27097
V	2537653	27098
V	2537816	27099
V	2537965	27100
V	2538119	27101
V	2538268	27102
V	2538416	27103
V	2538566	27104
V	2538719	27105
V	2538863	27106
V	2539012	27107
V	2539151	27108
V	2539306	27109
V	2539456	27110
V	2539605	27111
V	2539750	27112
V	2539893	27113
V	2540036	27114
V	2540202	27115
V	2540351	27116
V	2540500	27117
V	2540657	27118
V	2540804	27119
V	2540963	27120
V	2541108	27121
V	2541257	27122
V	2541403	27123
V	2541556	27124
V	2541703	27125
V	2541846	27126
V	2541999	27127
V	2542147	27128
V	2542302	27129
V	2542446	27130
V	2542589	27131
V	2542742	27132
V	2542889	27133
V	2543042	27134
V	2543200	27135
V	2543342	27136
V	2543504	27137
V	2543648	27138
V	2543799	27139
V	2543951	27140
V	2544113	27141
V	2544266	27142
V	2544416	27143
V	2544564	27144
V	2544712	27145
V	2544857	27146
V	2545005	27147
V	2545157	27148
V	2545310	27149
V	2545462	27150
V	2545612	27151
V	2545767	27152
V	2545928	27153
V	2546071	27154
V	2546220	27155
V	2546362	27156
V	2546513	27157
V	2546666	27158
V	2546818	27159
V	2546977	27160
V	2547135	27161
V	2547289	27162
V	2547440	27163
V	2547590	27164
V	2547746	27165
V	2547891	27166
V	2548035	27167
V	2548180	27168
V	2548331	27169
V	2548477	27170
V	2548622	27171
V	2548768	27172
V	2548933	27173
V	2549092	27174
V	2549243	27175
V	2549390	27176
V	2549543	27177
V	2549687	27178
V	2549834	27179
V	2549978	27180
V	2550125	27181
V	2550273	27182
V	2550422	27183
V	2550576	27184
V	2550725	27185
V	2550888	27186
V	2551037	27187
V	2551188	27188
V	2551350	27189
V	2551501	27190
V	2551651	27191
V	2551804	27192
V	2551976	27193
V	2552128	27194
V	2552273	27195
V	2552424	27196
V	2552576	27197
V	2552745	27198
V	2552890	27199
V	2553040	27200
V	2553193	27201
V	2553343	27202
V	2553493	27203
V	2553651	27204
V	2553805	27205
V	2553950	27206
V	2554098	27207
V	2554257	27208
V	2554401	27209
V	2554549	27210
V	2554700	27211
V	2554851	27212
V	2555006	27213
V	2555164	27214
V	2555314	27215
V	2555459	27216
V	2555610	27217
V	2555759	27218
V	2555906	27219
V	2556057	27220
V	2556210	27221
V	2556358	27222
V	2556532	27223
V	2556673	27224
V	2556819	27225
V	2556978	27226
V	2557125	27227
V	2557278	27228
V	2557430	27229
V	2557577	27230
V	2557724	27231
V	2557871	27232
V	2558017	27233
V	2558163	27234
V	2558317	27235
V	2558472	27236
V	2558631	27237
V	2558776	27238
V	2558926	27239
V	2559075	27240
V	2559218	27241
V	2559375	27242
V	2559520	27243
V	2559671	27244
V	2559821	27245
V	2559973	27246
V	2560129	27247
V	2560276	27248
V	2560424	27249
V	2560570	27250
V	2560720	27251
V	2560869	27252
V	2561020	27253
V	2561167	27254
V	2561321	27255
V	2561466	27256
V	2561633	27257
V	2561785	27258
V	2561932	27259
V	2562086	27260
V	2562242	27261
V	2562401	27262
V	2562549	27263
V	2562700	27264
V	2562858	27265
V	2563014	27266
V	2563174	27267
V	2563326	27268
V	2563478	27269
V	2563627	27270
V	2563783	27271
V	2563928	27272
V	2564081	27273
V	2564228	27274
V	2564376	27275
V	2564561	27276
V	2564704	27277
V	2564854	27278
V	2565017	27279
V	2565168	27280
V	2565321	27281
V	2565471	27282
V	2565622	27283
V	2565772	27284
V	2565925	27285
V	2566072	27286
V	2566225	27287
V	2566375	27288
V	2566523	27289
V	2566675	27290
V	2566837	27291
V	2566991	27292
V	2567152	27293
V	2567295	27294
V	2567449	27295
V	2567609	27296
V	2567765	27297
V	2567928	27298
V	2568077	27299
V	2568227	27300
V	2568380	27301
V	2568531	27302
V	2568694	27303
V	2568846	27304
V	2568998	27305
V	2569152	27306
V	2569300	27307
V	2569448	27308
V	2569601	27309
V	2569753	27310
V	2569915	27311
V	2570067	27312
V	2570213	27313
V	2570371	27314
V	2570524	27315
V	2570672	27316
V	2570824	27317
V	2570975	27318
V	2571124	27319
V	2571273	27320
V	2571427	27321
V	2571572	27322
V	2571723	27323
V	2571877	27324
V	2572022	27325
V	2572172	27326
V	2572321	27327
V	2572471	27328
V	2572628	27329
V	2572780	27330
V	2572927	27331
V	2573078	27332
V	2573243	27333
V	2573396	27334
V	2573550	27335
V	2573697	27336
V	2573842	27337
V	2573989	27338
V	2574142	27339
V	2574287	27340
V	2574438	27341
V	2574590	27342
V	2574750	27343
V	2574898	27344
V	2575048	27345
V	2575196	27346
V	2575346	27347
V	2575493	27348
V	2575659	27349
V	2575810	27350
V	2575963	27351
V	2576121	27352
V	2576276	27353
V	2576430	27354
V	2576580	27355
V	2576728	27356
V	2576882	27357
V	2577032	27358
V	2577182	27359
V	2577329	27360
V	2577481	27361
V	2577633	27362
V	2577782	27363
V	2577938	27364
V	2578088	27365
V	2578238	27366
V	2578398	27367
V	2578548	27368
V	2578695	27369
V	2578839	27370
V	2578990	27371
V	2579150	27372
V	2579301	27373
V	2579459	27374
V	2579606	27375
V	2579757	27376
V	2579906	27377
V	2580053	27378
V	2580199	27379
V	2580346	27380
V	2580498	27381
V	2580651	27382
V	2580801	27383
V	2580955	27384
V	2581116	27385
V	2581292	27386
V	2581438	27387
V	2581582	27388
V	2581740	27389
V	2581893	27390
V	2582043	27391
V	2582192	27392
V	2582336	27393
V	2582478	27394
V	2582630	27395
V	2582776	27396
V	2582930	27397
V	2583077	27398
V	2583229	27399
V	2583380	27400
V	2583529	27401
V	2583678	27402
V	2583829	27403
V	2583983	27404
V	2584139	27405
V	2584294	27406
V	2584446	27407
V	2584601	27408
V	2584754	27409
V	2584903	27410
V	2585055	27411
V	2585202	27412
V	2585352	27413
V	2585516	27414
V	2585670	27415
V	2585820	27416
V	2585971	27417
V	2586126	27418
V	2586271	27419
V	2586419	27420
V	2586564	27421
V	2586716	27422
V	2586868	27423
V	2587021	27424
V	2587171	27425
V	2587326	27426
V	2587477	27427
V	2587622	27428
V	2587776	27429
V	2587934	27430
V	2588081	27431
V	2588223	27432
V	2588374	27433
V	2588525	27434
V	2588686	27435
V	2588845	27436
V	2589008	27437
V	2589156	27438
V	2589301	27439
V	2589443	27440
V	2589589	27441
V	2589741	27442
V	2589905	27443
V	2590059	27444
V	2590205	27445
V	2590353	27446
V	2590505	27447
V	2590655	27448
V	2590800	27449
V	2590948	27450
V	2591096	27451
V	2591246	27452
V	2591398	27453
V	2591549	27454
V	2591700	27455
V	2591850	27456
V	2591995	27457
V	2592138	27458
V	2592291	27459
V	2592446	27460
V	2592601	27461
V	2592747	27462
V	2592900	27463
V	2593056	27464
V	2593205	27465
V	2593354	27466
V	2593502	27467
V	2593655	27468
V	2593804	27469
V	2593949	27470
V	2594095	27471
V	2594249	27472
V	2594425	27473
V	2594573	27474
V	2594723	27475
V	2594880	27476
V	2595028	27477
V	2595176	27478
V	2595332	27479
V	2595481	27480
V	2595631	27481
V	2595775	27482
V	2595926	27483
V	2596077	27484
V	2596237	27485
V	2596386	27486
V	2596537	27487
V	2596688	27488
V	2596838	27489
V	2596986	27490
V	2597151	27491
V	2597305	27492
V	2597454	27493
V	2597600	27494
V	2597749	27495
V	2597899	27496
V	2598053	27497
V	2598208	27498
V	2598355	27499
V	2598509	27500
V	2598662	27501
V	2598816	27502
V	2598964	27503
V	2599111	27504
V	2599263	27505
V	2599408	27506
V	2599557	27507
V	2599706	27508
V	2599860	27509
V	2600011	27510
V	2600158	27511
V	2600307	27512
V	2600458	27513
V	2600616	27514
V	2600770	27515
V	2600917	27516
V	2601065	27517
V	2601216	27518
V	2601356	27519
V	2601495	27520
V	2601640	27521
V	2601786	27522
V	2601935	27523
V	2602082	27524
V	2602230	27525
V	2602380	27526
V	2602532	27527
V	2602671	27528
V	2602826	27529
V	2602981	27530
V	2603129	27531
V	2603278	27532
V	2603430	27533
V	2603579	27534
V	2603724	27535
V	2603888	27536
V	2604055	27537
V	2604200	27538
V	2604356	27539
V	2604512	27540
V	2604665	27541
V	2604811	27542
V	2604961	27543
V	2605109	27544
V	2605257	27545
V	2605407	27546
V	2605559	27547
V	2605713	27548
V	2605864	27549
V	2606012	27550
V	2606162	27551
V	2606309	27552
V	2606465	27553
V	2606612	27554
V	2606761	27555
V	2606912	27556
V	2607062	27557
V	2607237	27558
V	2607399	27559
V	2607548	27560
V	2607709	27561
V	2607872	27562
V	2608018	27563
V	2608171	27564
V	2608312	27565
V	2608475	27566
V	2608628	27567
V	2608787	27568
V	2608938	27569
V	2609105	27570
V	2609255	27571
V	2609402	27572
V	2609558	27573
V	2609708	27574
V	2609856	27575
V	2610015	27576
V	2610167	27577
V	2610315	27578
V	2610462	27579
V	2610615	27580
V	2610764	27581
V	2610914	27582
V	2611065	27583
V	2611216	27584
V	2611363	27585
V	2611510	27586
V	2611656	27587
V	2611811	27588
V	2611967	27589
V	2612117	27590
V	2612279	27591
V	2612454	27592
V	2612602	27593
V	2612755	27594
V	2612908	27595
V	2613056	27596
V	2613204	27597
V	2613347	27598
V	2613488	27599
V	2613642	27600
V	2613794	27601
V	2613949	27602
V	2614093	27603
V	2614245	27604
V	2614390	27605
V	2614541	27606
V	2614687	27607
V	2614830	27608
V	2614977	27609
V	2615126	27610
V	2615274	27611
V	2615447	27612
V	2615592	27613
V	2615738	27614
V	2615887	27615
V	2616034	27616
V	2616184	27617
V	2616336	27618
V	2616490	27619
V	2616644	27620
V	2616803	27621
V	2616953	27622
V	2617098	27623
V	2617251	27624
V	2617402	27625
V	2617556	27626
V	2617703	27627
V	2617860	27628
V	2618005	27629
V	2618159	27630
V	2618300	27631
V	2618444	27632
V	2618593	27633
V	2618740	27634
V	2618891	27635
V	2619038	27636
V	2619192	27637
V	2619345	27638
V	2619497	27639
V	2619648	27640
V	2619806	27641
V	2619949	27642
V	2620101	27643
V	2620248	27644
V	2620394	27645
V	2620536	27646
V	2620686	27647
V	2620835	27648
V	2620988	27649
V	2621137	27650
V	2621281	27651
V	2621430	27652
V	2621582	27653
V	2621728	27654
V	2621871	27655
V	2622021	27656
V	2622172	27657
V	2622324	27658
V	2622475	27659
V	2622627	27660
V	2622783	27661
V	2622945	27662
V	2623091	27663
V	2623235	27664
V	2623385	27665
V	2623531	27666
V	2623685	27667
V	2623834	27668
V	2623986	27669
V	2624140	27670
V	2624286	27671
V	2624428	27672
V	2624580	27673
V	2624742	27674
V	2624893	27675
V	2625037	27676
V	2625187	27677
V	2625336	27678
V	2625487	27679
V	2625639	27680
V	2625782	27681
V	2625931	27682
V	2626076	27683
V	2626228	27684
V	2626379	27685
V	2626527	27686
V	2626671	27687
V	2626818	27688
V	2626966	27689
V	2627118	27690
V	2627272	27691
V	2627424	27692
V	2627577	27693
V	2627728	27694
V	2627881	27695
V	2628029	27696
V	2628178	27697
V	2628326	27698
V	2628476	27699
V	2628633	27700
V	2628784	27701
V	2628935	27702
V	2629087	27703
V	2629237	27704
V	2629389	27705
V	2629541	27706
V	2629686	27707
V	2629840	27708
V	2629984	27709
V	2630135	27710
V	2630285	27711
V	2630435	27712
V	2630581	27713
V	2630726	27714
V	2630875	27715
V	2631028	27716
V	2631174	27717
V	2631335	27718
V	2631491	27719
V	2631638	27720
V	2631789	27721
V	2631932	27722
V	2632088	27723
V	2632236	27724
V	2632398	27725
V	2632546	27726
V	2632704	27727
V	2632848	27728
V	2633005	27729
V	2633149	27730
V	2633298	27731
V	2633453	27732
V	2633599	27733
V	2633747	27734
V	2633895	27735
V	2634045	27736
V	2634196	27737
V	2634340	27738
V	2634502	27739
V	2634651	27740
V	2634802	27741
V	2634956	27742
V	2635105	27743
V	2635258	27744
V	2635421	27745
V	2635567	27746
V	2635718	27747
V	2635871	27748
V	2636020	27749
V	2636169	27750
V	2636318	27751
V	2636464	27752
V	2636611	27753
V	2636763	27754
V	2636919	27755
V	2637091	27756
V	2637245	27757
V	2637392	27758
V	2637540	27759
V	2637687	27760
V	2637839	27761
V	2637982	27762
V	2638128	27763
V	2638271	27764
V	2638418	27765
V	2638593	27766
V	2638760	27767
V	2638896	27768
V	2639059	27769
V	2639225	27770
V	2639369	27771
V	2639520	27772
V	2639670	27773
V	2639825	27774
V	2639969	27775
V	2640118	27776
V	2640278	27777
V	2640428	27778
V	2640587	27779
V	2640737	27780
V	2640884	27781
V	2641060	27782
V	2641210	27783
V	2641369	27784
V	2641522	27785
V	2641666	27786
V	2641820	27787
V	2641967	27788
V	2642114	27789
V	2642257	27790
V	2642402	27791
V	2642546	27792
V	2642702	27793
V	2642864	27794
V	2643009	27795
V	2643161	27796
V	2643311	27797
V	2643462	27798
V	2643612	27799
V	2643762	27800
V	2643908	27801
V	2644057	27802
V	2644205	27803
V	2644357	27804
V	2644503	27805
V	2644649	27806
V	2644799	27807
V	2644942	27808
V	2645097	27809
V	2645242	27810
V	2645390	27811
V	2645547	27812
V	2645696	27813
V	2645848	27814
V	2645993	27815
V	2646142	27816
V	2646289	27817
V	2646452	27818
V	2646601	27819
V	2646758	27820
V	2646909	27821
V	2647061	27822
V	2647210	27823
V	2647359	27824
V	2647502	27825
V	2647652	27826
V	2647813	27827
V	2647961	27828
V	2648105	27829
V	2648254	27830
V	2648415	27831
V	2648567	27832
V	2648715	27833
V	2648858	27834
V	2649005	27835
V	2649150	27836
V	2649299	27837
V	2649447	27838
V	2649594	27839
V	2649748	27840
V	2649892	27841
V	2650046	27842
V	2650193	27843
V	2650352	27844
V	2650497	27845
V	2650643	27846
V	2650790	27847
V	2650938	27848
V	2651085	27849
V	2651234	27850
V	2651375	27851
V	2651527	27852
V	2651683	27853
V	2651837	27854
V	2651994	27855
V	2652144	27856
V	2652289	27857
V	2652440	27858
V	2652585	27859
V	2652732	27860
V	2652883	27861
V	2653047	27862
V	2653196	27863
V	2653354	27864
V	2653502	27865
V	2653644	27866
V	2653803	27867
V	2653949	27868
V	2654094	27869
V	2654256	27870
V	2654411	27871
V	2654551	27872
V	2654704	27873
V	2654848	27874
V	2654999	27875
V	2655171	27876
V	2655317	27877
V	2655471	27878
V	2655625	27879
V	2655775	27880
V	2655922	27881
V	2656074	27882
V	2656223	27883
V	2656374	27884
V	2656525	27885
V	2656678	27886
V	2656821	27887
V	2656971	27888
V	2657124	27889
V	2657279	27890
V	2657427	27891
V	2657572	27892
V	2657717	27893
V	2657865	27894
V	2658012	27895
V	2658163	27896
V	2658319	27897
V	2658469	27898
V	2658633	27899
V	2658783	27900
V	2658928	27901
V	2659071	27902
V	2659228	27903
V	2659387	27904
V	2659541	27905
V	2659685	27906
V	2659833	27907
V	2659988	27908
V	2660140	27909
V	2660287	27910
V	2660438	27911
V	2660592	27912
V	2660737	27913
V	2660885	27914
V	2661034	27915
V	2661181	27916
V	2661325	27917
V	2661479	27918
V	2661642	27919
V	2661786	27920
V	2661932	27921
V	2662083	27922
V	2662231	27923
V	2662380	27924
V	2662531	27925
V	2662682	27926
V	2662847	27927
V	2663000	27928
V	2663150	27929
V	2663292	27930
V	2663454	27931
V	2663605	27932
V	2663762	27933
V	2663919	27934
V	2664068	27935
V	2664224	27936
V	2664378	27937
V	2664521	27938
V	2664677	27939
V	2664816	27940
V	2664966	27941
V	2665112	27942
V	2665295	27943
V	2665453	27944
V	2665599	27945
V	2665766	27946
V	2665918	27947
V	2666071	27948
V	2666217	27949
V	2666363	27950
V	2666512	27951
V	2666666	27952
V	2666812	27953
V	2666959	27954
V	2667110	27955
V	2667254	27956
V	2667402	27957
V	2667547	27958
V	2667696	27959
V	2667845	27960
V	2667992	27961
V	2668153	27962
V	2668305	27963
V	2668446	27964
V	2668591	27965
V	2668740	27966
V	2668890	27967
V	2669035	27968
V	2669207	27969
V	2669361	27970
V	2669511	27971
V	2669661	27972
V	2669811	27973
V	2669960	27974
V	2670111	27975
V	2670253	27976
V	2670408	27977
V	2670554	27978
V	2670698	27979
V	2670846	27980
V	2670997	27981
V	2671151	27982
V	2671318	27983
V	2671469	27984
V	2671619	27985
V	2671780	27986
V	2671933	27987
V	2672084	27988
V	2672236	27989
V	2672386	27990
V	2672558	27991
V	2672700	27992
V	2672841	27993
V	2672989	27994
V	2673160	27995
V	2673305	27996
V	2673458	27997
V	2673612	27998
V	2673760	27999
V	2673905	28000
V	2674058	28001
V	2674206	28002
V	2674354	28003
V	2674503	28004
V	2674650	28005
V	2674798	28006
V	2674947	28007
V	2675092	28008
V	2675250	28009
V	2675398	28010
V	2675553	28011
V	2675704	28012
V	2675855	28013
V	2676005	28014
V	2676157	28015
V	2676305	28016
V	2676457	28017
V	2676617	28018
V	2676772	28019
V	2676933	28020
V	2677084	28021
V	2677228	28022
V	2677390	28023
V	2677539	28024
V	2677708	28025
V	2677860	28026
V	2678011	28027
V	2678156	28028
V	2678302	28029
V	2678469	28030
V	2678631	28031
V	2678798	28032
V	2678957	28033
V	2679105	28034
V	2679280	28035
V	2679426	28036
V	2679573	28037
V	2679721	28038
V	2679869	28039
V	2680017	28040
V	2680171	28041
V	2680321	28042
V	2680469	28043
V	2680614	28044
V	2680763	28045
V	2680911	28046
V	2681068	28047
V	2681215	28048
V	2681358	28049
V	2681506	28050
V	2681660	28051
V	2681813	28052
V	2681954	28053
V	2682104	28054
V	2682256	28055
V	2682399	28056
V	2682550	28057
V	2682709	28058
V	2682855	28059
V	2683006	28060
V	2683148	28061
V	2683306	28062
V	2683451	28063
V	2683610	28064
V	2683754	28065
V	2683903	28066
V	2684070	28067
V	2684234	28068
V	2684391	28069
V	2684538	28070
V	2684680	28071
V	2684830	28072
V	2684992	28073
V	2685142	28074
V	2685311	28075
V	2685468	28076
V	2685613	28077
V	2685755	28078
V	2685905	28079
V	2686059	28080
V	2686222	28081
V	2686370	28082
V	2686525	28083
V	2686676	28084
V	2686838	28085
V	2687003	28086
V	2687147	28087
V	2687291	28088
V	2687444	28089
V	2687596	28090
V	2687744	28091
V	2687890	28092
V	2688035	28093
V	2688222	28094
V	2688373	28095
V	2688519	28096
V	2688675	28097
V	2688818	28098
V	2688965	28099
V	2689116	28100
V	2689281	28101
V	2689430	28102
V	2689575	28103
V	2689728	28104
V	2689879	28105
V	2690017	28106
V	2690167	28107
V	2690320	28108
V	2690469	28109
V	2690612	28110
V	2690762	28111
V	2690911	28112
V	2691076	28113
V	2691225	28114
V	2691377	28115
V	2691518	28116
V	2691670	28117
V	2691823	28118
V	2691974	28119
V	2692122	28120
V	2692270	28121
V	2692423	28122
V	2692571	28123
V	2692738	28124
V	2692891	28125
V	2693037	28126
V	2693189	28127
V	2693366	28128
V	2693519	28129
V	2693681	28130
V	2693832	28131
V	2693983	28132
V	2694135	28133
V	2694297	28134
V	2694449	28135
V	2694592	28136
V	2694740	28137
V	2694884	28138
V	2695032	28139
V	2695190	28140
V	2695339	28141
V	2695483	28142
V	2695640	28143
V	2695792	28144
V	2695938	28145
V	2696090	28146
V	2696239	28147
V	2696390	28148
V	2696554	28149
V	2696704	28150
V	2696852	28151
V	2697002	28152
V	2697153	28153
V	2697304	28154
V	2697456	28155
V	2697603	28156
V	2697745	28157
V	2697892	28158
V	2698039	28159
V	2698188	28160
V	2698343	28161
V	2698492	28162
V	2698646	28163
V	2698799	28164
V	2698965	28165
V	2699115	28166
V	2699265	28167
V	2699408	28168
V	2699556	28169
V	2699699	28170
V	2699849	28171
V	2699997	28172
V	2700150	28173
V	2700299	28174
V	2700455	28175
V	2700605	28176
V	2700758	28177
V	2700920	28178
V	2701064	28179
V	2701210	28180
V	2701372	28181
V	2701516	28182
V	2701666	28183
V	2701814	28184
V	2701963	28185
V	2702116	28186
V	2702266	28187
V	2702423	28188
V	2702567	28189
V	2702714	28190
V	2702853	28191
V	2703000	28192
V	2703147	28193
V	2703294	28194
V	2703442	28195
V	2703595	28196
V	2703740	28197
V	2703901	28198
V	2704058	28199
V	2704204	28200
V	2704352	28201
V	2704495	28202
V	2704645	28203
V	2704793	28204
V	2704942	28205
V	2705089	28206
V	2705255	28207
V	2705404	28208
V	2705554	28209
V	2705707	28210
V	2705860	28211
V	2706025	28212
V	2706169	28213
V	2706321	28214
V	2706468	28215
V	2706615	28216
V	2706780	28217
V	2706932	28218
V	2707085	28219
V	2707229	28220
V	2707376	28221
V	2707524	28222
V	2707670	28223
V	2707815	28224
V	2707967	28225
V	2708109	28226
V	2708262	28227
V	2708411	28228
V	2708555	28229
V	2708711	28230
V	2708859	28231
V	2709010	28232
V	2709163	28233
V	2709313	28234
V	2709483	28235
V	2709628	28236
V	2709773	28237
V	2709938	28238
V	2710093	28239
V	2710238	28240
V	2710385	28241
V	2710530	28242
V	2710682	28243
V	2710833	28244
V	2710986	28245
V	2711133	28246
V	2711282	28247
V	2711430	28248
V	2711582	28249
V	2711740	28250
V	2711888	28251
V	2712038	28252
V	2712202	28253
V	2712349	28254
V	2712503	28255
V	2712654	28256
V	2712804	28257
V	2712949	28258
V	2713100	28259
V	2713251	28260
V	2713397	28261
V	2713546	28262
V	2713702	28263
V	2713853	28264
V	2713999	28265
V	2714143	28266
V	2714292	28267
V	2714437	28268
V	2714591	28269
V	2714741	28270
V	2714898	28271
V	2715045	28272
V	2715193	28273
V	2715349	28274
V	2715497	28275
V	2715648	28276
V	2715797	28277
V	2715945	28278
V	2716100	28279
V	2716245	28280
V	2716389	28281
V	2716530	28282
V	2716672	28283
V	2716857	28284
V	2717011	28285
V	2717160	28286
V	2717309	28287
V	2717452	28288
V	2717594	28289
V	2717745	28290
V	2717893	28291
V	2718038	28292
V	2718190	28293
V	2718341	28294
V	2718491	28295
V	2718641	28296
V	2718788	28297
V	2718938	28298
V	2719092	28299
V	2719244	28300
V	2719399	28301
V	2719548	28302
V	2719706	28303
V	2719880	28304
V	2720036	28305
V	2720192	28306
V	2720340	28307
V	2720498	28308
V	2720648	28309
V	2720802	28310
V	2720949	28311
V	2721103	28312
V	2721250	28313
V	2721407	28314
V	2721555	28315
V	2721707	28316
V	2721880	28317
V	2722025	28318
V	2722174	28319
V	2722317	28320
V	2722465	28321
V	2722614	28322
V	2722765	28323
V	2722915	28324
V	2723062	28325
V	2723213	28326
V	2723354	28327
V	2723501	28328
V	2723672	28329
V	2723822	28330
V	2723974	28331
V	2724121	28332
V	2724270	28333
V	2724420	28334
V	2724569	28335
V	2724720	28336
V	2724872	28337
V	2725018	28338
V	2725162	28339
V	2725310	28340
V	2725457	28341
V	2725611	28342
V	2725761	28343
V	2725905	28344
V	2726053	28345
V	2726198	28346
V	2726350	28347
V	2726497	28348
V	2726649	28349
V	2726800	28350
V	2726955	28351
V	2727114	28352
V	2727266	28353
V	2727420	28354
V	2727572	28355
V	2727723	28356
V	2727869	28357
V	2728034	28358
V	2728182	28359
V	2728336	28360
V	2728491	28361
V	2728636	28362
V	2728781	28363
V	2728927	28364
V	2729084	28365
V	2729230	28366
V	2729384	28367
V	2729539	28368
V	2729690	28369
V	2729849	28370
V	2729997	28371
V	2730141	28372
V	2730289	28373
V	2730437	28374
V	2730586	28375
V	2730737	28376
V	2730886	28377
V	2731042	28378
V	2731192	28379
V	2731355	28380
V	2731504	28381
V	2731663	28382
V	2731813	28383
V	2731960	28384
V	2732138	28385
V	2732293	28386
V	2732441	28387
V	2732598	28388
V	2732747	28389
V	2732896	28390
V	2733051	28391
V	2733201	28392
V	2733362	28393
V	2733521	28394
V	2733674	28395
V	2733820	28396
V	2733980	28397
V	2734134	28398
V	2734282	28399
V	2734429	28400
V	2734575	28401
V	2734730	28402
V	2734877	28403
V	2735027	28404
V	2735171	28405
V	2735328	28406
V	2735485	28407
V	2735633	28408
V	2735787	28409
V	2735941	28410
V	2736081	28411
V	2736230	28412
V	2736380	28413
V	2736537	28414
V	2736683	28415
V	2736831	28416
V	2736976	28417
V	2737122	28418
V	2737270	28419
V	2737413	28420
V	2737564	28421
V	2737717	28422
V	2737863	28423
V	2738010	28424
V	2738153	28425
V	2738297	28426
V	2738441	28427
V	2738589	28428
V	2738735	28429
V	2738893	28430
V	2739040	28431
V	2739194	28432
V	2739341	28433
V	2739494	28434
V	2739638	28435
V	2739791	28436
V	2739935	28437
V	2740078	28438
V	2740226	28439
V	2740397	28440
V	2740550	28441
V	2740701	28442
V	2740853	28443
V	2741005	28444
V	2741155	28445
V	2741312	28446
V	2741466	28447
V	2741609	28448
V	2741760	28449
V	2741905	28450
V	2742053	28451
V	2742213	28452
V	2742362	28453
V	2742517	28454
V	2742679	28455
V	2742832	28456
V	2742980	28457
V	2743128	28458
V	2743277	28459
V	2743447	28460
V	2743603	28461
V	2743753	28462
V	2743897	28463
V	2744050	28464
V	2744194	28465
V	2744342	28466
V	2744507	28467
V	2744681	28468
V	2744845	28469
V	2744996	28470
V	2745142	28471
V	2745296	28472
V	2745450	28473
V	2745609	28474
V	2745767	28475
V	2745909	28476
V	2746068	28477
V	2746220	28478
V	2746375	28479
V	2746525	28480
V	2746688	28481
V	2746834	28482
V	2746981	28483
V	2747126	28484
V	2747275	28485
V	2747421	28486
V	2747568	28487
V	2747733	28488
V	2747886	28489
V	2748035	28490
V	2748187	28491
V	2748339	28492
V	2748478	28493
V	2748632	28494
V	2748780	28495
V	2748925	28496
V	2749079	28497
V	2749221	28498
V	2749367	28499
V	2749510	28500
V	2749656	28501
V	2749808	28502
V	2749955	28503
V	2750111	28504
V	2750265	28505
V	2750415	28506
V	2750566	28507
V	2750715	28508
V	2750863	28509
V	2751016	28510
V	2751170	28511
V	2751320	28512
V	2751470	28513
V	2751617	28514
V	2751769	28515
V	2751915	28516
V	2752067	28517
V	2752218	28518
V	2752370	28519
V	2752523	28520
V	2752691	28521
V	2752839	28522
V	2752989	28523
V	2753144	28524
V	2753297	28525
V	2753442	28526
V	2753584	28527
V	2753731	28528
V	2753881	28529
V	2754035	28530
V	2754185	28531
V	2754340	28532
V	2754497	28533
V	2754637	28534
V	2754793	28535
V	2754944	28536
V	2755089	28537
V	2755234	28538
V	2755378	28539
V	2755529	28540
V	2755674	28541
V	2755825	28542
V	2755974	28543
V	2756127	28544
V	2756289	28545
V	2756441	28546
V	2756586	28547
V	2756730	28548
V	2756873	28549
V	2757033	28550
V	2757175	28551
V	2757319	28552
V	2757471	28553
V	2757619	28554
V	2757762	28555
V	2757906	28556
V	2758050	28557
V	2758203	28558
V	2758366	28559
V	2758512	28560
V	2758672	28561
V	2758819	28562
V	2758961	28563
V	2759109	28564
V	2759264	28565
V	2759412	28566
V	2759557	28567
V	2759701	28568
V	2759852	28569
V	2759998	28570
V	2760139	28571
V	2760291	28572
V	2760438	28573
V	2760588	28574
V	2760745	28575
V	2760900	28576
V	2761049	28577
V	2761201	28578
V	2761358	28579
V	2761524	28580
V	2761677	28581
V	2761830	28582
V	2761981	28583
V	2762134	28584
V	2762297	28585
V	2762439	28586
V	2762585	28587
V	2762733	28588
V	2762877	28589
V	2763028	28590
V	2763180	28591
V	2763334	28592
V	2763478	28593
V	2763625	28594
V	2763779	28595
V	2763932	28596
V	2764082	28597
V	2764229	28598
V	2764369	28599
V	2764531	28600
V	2764682	28601
V	2764831	28602
V	2764981	28603
V	2765132	28604
V	2765282	28605
V	2765433	28606
V	2765593	28607
V	2765739	28608
V	2765890	28609
V	2766029	28610
V	2766182	28611
V	2766326	28612
V	2766478	28613
V	2766629	28614
V	2766781	28615
V	2766935	28616
V	2767083	28617
V	2767232	28618
V	2767379	28619
V	2767539	28620
V	2767684	28621
V	2767830	28622
V	2767983	28623
V	2768136	28624
V	2768281	28625
V	2768429	28626
V	2768576	28627
V	2768726	28628
V	2768875	28629
V	2769029	28630
V	2769174	28631
V	2769341	28632
V	2769489	28633
V	2769630	28634
V	2769788	28635
V	2769940	28636
V	2770089	28637
V	2770240	28638
V	2770391	28639
V	2770539	28640
V	2770684	28641
V	2770836	28642
V	2771012	28643
V	2771160	28644
V	2771298	28645
V	2771442	28646
V	2771593	28647
V	2771740	28648
V	2771903	28649
V	2772047	28650
V	2772192	28651
V	2772334	28652
V	2772490	28653
V	2772633	28654
V	2772788	28655
V	2772933	28656
V	2773081	28657
V	2773230	28658
V	2773378	28659
V	2773535	28660
V	2773675	28661
V	2773824	28662
V	2773986	28663
V	2774138	28664
V	2774302	28665
V	2774450	28666
V	2774601	28667
V	2774748	28668
V	2774909	28669
V	2775050	28670
V	2775195	28671
V	2775365	28672
V	2775510	28673
V	2775657	28674
V	2775810	28675
V	2775953	28676
V	2776099	28677
V	2776249	28678
V	2776401	28679
V	2776550	28680
V	2776696	28681
V	2776849	28682
V	2777005	28683
V	2777157	28684
V	2777302	28685
V	2777450	28686
V	2777600	28687
V	2777749	28688
V	2777902	28689
V	2778051	28690
V	2778196	28691
V	2778349	28692
V	2778498	28693
V	2778661	28694
V	2778816	28695
V	2778971	28696
V	2779120	28697
V	2779271	28698
V	2779422	28699
V	2779571	28700
V	2779712	28701
V	2779863	28702
V	2780021	28703
V	2780176	28704
V	2780339	28705
V	2780501	28706
V	2780647	28707
V	2780799	28708
V	2780940	28709
V	2781087	28710
V	2781239	28711
V	2781386	28712
V	2781532	28713
V	2781681	28714
V	2781828	28715
V	2781981	28716
V	2782133	28717
V	2782287	28718
V	2782445	28719
V	2782590	28720
V	2782737	28721
V	2782884	28722
V	2783035	28723
V	2783183	28724
V	2783325	28725
V	2783484	28726
V	2783632	28727
V	2783782	28728
V	2783934	28729
V	2784085	28730
V	2784232	28731
V	2784381	28732
V	2784528	28733
V	2784690	28734
V	2784832	28735
V	2784980	28736
V	2785127	28737
V	2785275	28738
V	2785426	28739
V	2785577	28740
V	2785736	28741
V	2785881	28742
V	2786029	28743
V	2786171	28744
V	2786316	28745
V	2786460	28746
V	2786625	28747
V	2786775	28748
V	2786933	28749
V	2787085	28750
V	2787234	28751
V	2787383	28752
V	2787529	28753
V	2787679	28754
V	2787833	28755
V	2787979	28756
V	2788132	28757
V	2788296	28758
V	2788450	28759
V	2788596	28760
V	2788744	28761
V	2788891	28762
V	2789054	28763
V	2789199	28764
V	2789341	28765
V	2789494	28766
V	2789641	28767
V	2789791	28768
V	2789946	28769
V	2790095	28770
V	2790247	28771
V	2790390	28772
V	2790538	28773
V	2790688	28774
V	2790837	28775
V	2790990	28776
V	2791138	28777
V	2791289	28778
V	2791435	28779
V	2791584	28780
V	2791732	28781
V	2791897	28782
V	2792048	28783
V	2792191	28784
V	2792345	28785
V	2792492	28786
V	2792649	28787
V	2792809	28788
V	2792968	28789
V	2793127	28790
V	2793277	28791
V	2793428	28792
V	2793579	28793
V	2793725	28794
V	2793873	28795
V	2794028	28796
V	2794170	28797
V	2794313	28798
V	2794456	28799
V	2794614	28800
V	2794760	28801
V	2794907	28802
V	2795052	28803
V	2795199	28804
V	2795351	28805
V	2795504	28806
V	2795655	28807
V	2795796	28808
V	2795944	28809
V	2796095	28810
V	2796238	28811
V	2796388	28812
V	2796538	28813
V	2796690	28814
V	2796846	28815
V	2796999	28816
V	2797151	28817
V	2797299	28818
V	2797451	28819
V	2797598	28820
V	2797748	28821
V	2797899	28822
V	2798052	28823
V	2798197	28824
V	2798349	28825
V	2798498	28826
V	2798645	28827
V	2798798	28828
V	2798961	28829
V	2799122	28830
V	2799282	28831
V	2799439	28832
V	2799580	28833
V	2799726	28834
V	2799870	28835
V	2800022	28836
V	2800167	28837
V	2800317	28838
V	2800466	28839
V	2800612	28840
V	2800757	28841
V	2800917	28842
V	2801070	28843
V	2801218	28844
V	2801368	28845
V	2801522	28846
V	2801669	28847
V	2801819	28848
V	2801969	28849
V	2802123	28850
V	2802274	28851
V	2802429	28852
V	2802579	28853
V	2802733	28854
V	2802881	28855
V	2803041	28856
V	2803195	28857
V	2803351	28858
V	2803497	28859
V	2803646	28860
V	2803798	28861
V	2803951	28862
V	2804102	28863
V	2804253	28864
V	2804405	28865
V	2804559	28866
V	2804715	28867
V	2804884	28868
V	2805030	28869
V	2805174	28870
V	2805338	28871
V	2805499	28872
V	2805648	28873
V	2805794	28874
V	2805947	28875
V	2806109	28876
V	2806255	28877
V	2806410	28878
V	2806562	28879
V	2806718	28880
V	2806884	28881
V	2807029	28882
V	2807176	28883
V	2807323	28884
V	2807468	28885
V	2807630	28886
V	2807786	28887
V	2807938	28888
V	2808090	28889
V	2808232	28890
V	2808375	28891
V	2808523	28892
V	2808677	28893
V	2808827	28894
V	2808983	28895
V	2809131	28896
V	2809272	28897
V	2809416	28898
V	2809563	28899
V	2809726	28900
V	2809878	28901
V	2810028	28902
V	2810180	28903
V	2810323	28904
V	2810473	28905
V	2810626	28906
V	2810772	28907
V	2810926	28908
V	2811071	28909
V	2811218	28910
V	2811366	28911
V	2811513	28912
V	2811662	28913
V	2811810	28914
V	2811981	28915
V	2812137	28916
V	2812290	28917
V	2812444	28918
V	2812587	28919
V	2812737	28920
V	2812899	28921
V	2813049	28922
V	2813196	28923
V	2813343	28924
V	2813489	28925
V	2813638	28926
V	2813785	28927
V	2813927	28928
V	2814075	28929
V	2814227	28930
V	2814373	28931
V	2814519	28932
V	2814663	28933
V	2814825	28934
V	2814969	28935
V	2815136	28936
V	2815282	28937
V	2815447	28938
V	2815599	28939
V	2815762	28940
V	2815912	28941
V	2816067	28942
V	2816215	28943
V	2816365	28944
V	2816516	28945
V	2816664	28946
V	2816810	28947
V	2816961	28948
V	2817109	28949
V	2817261	28950
V	2817409	28951
V	2817570	28952
V	2817734	28953
V	2817887	28954
V	2818038	28955
V	2818189	28956
V	2818334	28957
V	2818480	28958
V	2818628	28959
V	2818777	28960
V	2818920	28961
V	2819067	28962
V	2819216	28963
V	2819371	28964
V	2819524	28965
V	2819683	28966
V	2819834	28967
V	2819983	28968
V	2820127	28969
V	2820277	28970
V	2820421	28971
V	2820570	28972
V	2820718	28973
V	2820869	28974
V	2821017	28975
V	2821165	28976
V	2821314	28977
V	2821461	28978
V	2821606	28979
V	2821757	28980
V	2821905	28981
V	2822051	28982
V	2822200	28983
V	2822348	28984
V	2822507	28985
V	2822674	28986
V	2822831	28987
V	2822988	28988
V	2823139	28989
V	2823293	28990
V	2823439	28991
V	2823586	28992
V	2823747	28993
V	2823897	28994
V	2824061	28995
V	2824213	28996
V	2824356	28997
V	2824501	28998
V	2824655	28999
V	2824833	29000
V	2824995	29001
V	2825151	29002
V	2825299	29003
V	2825445	29004
V	2825603	29005
V	2825756	29006
V	2825914	29007
V	2826068	29008
V	2826220	29009
V	2826374	29010
V	2826519	29011
V	2826670	29012
V	2826814	29013
V	2826960	29014
V	2827100	29015
V	2827248	29016
V	2827401	29017
V	2827552	29018
V	2827695	29019
V	2827853	29020
V	2827996	29021
V	2828147	29022
V	2828318	29023
V	2828475	29024
V	2828621	29025
V	2828769	29026
V	2828915	29027
V	2829065	29028
V	2829213	29029
V	2829362	29030
V	2829514	29031
V	2829659	29032
V	2829810	29033
V	2829959	29034
V	2830110	29035
V	2830261	29036
V	2830413	29037
V	2830564	29038
V	2830729	29039
V	2830882	29040
V	2831030	29041
V	2831178	29042
V	2831350	29043
V	2831498	29044
V	2831649	29045
V	2831797	29046
V	2831948	29047
V	2832092	29048
V	2832240	29049
V	2832410	29050
V	2832558	29051
V	2832707	29052
V	2832855	29053
V	2833003	29054
V	2833152	29055
V	2833299	29056
V	2833452	29057
V	2833602	29058
V	2833744	29059
V	2833899	29060
V	2834046	29061
V	2834213	29062
V	2834379	29063
V	2834526	29064
V	2834671	29065
V	2834820	29066
V	2834967	29067
V	2835139	29068
V	2835288	29069
V	2835446	29070
V	2835594	29071
V	2835745	29072
V	2835903	29073
V	2836048	29074
V	2836215	29075
V	2836359	29076
V	2836523	29077
V	2836693	29078
V	2836838	29079
V	2836986	29080
V	2837153	29081
V	2837311	29082
V	2837459	29083
V	2837610	29084
V	2837759	29085
V	2837915	29086
V	2838077	29087
V	2838233	29088
V	2838395	29089
V	2838557	29090
V	2838701	29091
V	2838857	29092
V	2839001	29093
V	2839152	29094
V	2839303	29095
V	2839443	29096
V	2839585	29097
V	2839723	29098
V	2839866	29099
V	2840018	29100
V	2840177	29101
V	2840352	29102
V	2840509	29103
V	2840663	29104
V	2840816	29105
V	2840970	29106
V	2841115	29107
V	2841263	29108
V	2841405	29109
V	2841575	29110
V	2841729	29111
V	2841876	29112
V	2842022	29113
V	2842173	29114
V	2842324	29115
V	2842476	29116
V	2842618	29117
V	2842769	29118
V	2842922	29119
V	2843072	29120
V	2843227	29121
V	2843372	29122
V	2843524	29123
V	2843675	29124
V	2843821	29125
V	2843972	29126
V	2844127	29127
V	2844283	29128
V	2844433	29129
V	2844581	29130
V	2844731	29131
V	2844878	29132
V	2845028	29133
V	2845175	29134
V	2845318	29135
V	2845468	29136
V	2845612	29137
V	2845758	29138
V	2845905	29139
V	2846052	29140
V	2846207	29141
V	2846352	29142
V	2846509	29143
V	2846657	29144
V	2846816	29145
V	2846965	29146
V	2847111	29147
V	2847264	29148
V	2847406	29149
V	2847553	29150
V	2847698	29151
V	2847850	29152
V	2847992	29153
V	2848142	29154
V	2848294	29155
V	2848447	29156
V	2848599	29157
V	2848752	29158
V	2848910	29159
V	2849064	29160
V	2849211	29161
V	2849355	29162
V	2849499	29163
V	2849654	29164
V	2849806	29165
V	2849970	29166
V	2850115	29167
V	2850269	29168
V	2850421	29169
V	2850569	29170
V	2850716	29171
V	2850886	29172
V	2851030	29173
V	2851184	29174
V	2851334	29175
V	2851489	29176
V	2851653	29177
V	2851801	29178
V	2851954	29179
V	2852103	29180
V	2852255	29181
V	2852406	29182
V	2852570	29183
V	2852720	29184
V	2852876	29185
V	2853024	29186
V	2853178	29187
V	2853323	29188
V	2853473	29189
V	2853616	29190
V	2853765	29191
V	2853927	29192
V	2854077	29193
V	2854229	29194
V	2854372	29195
V	2854529	29196
V	2854691	29197
V	2854842	29198
V	2854990	29199
V	2855152	29200
V	2855304	29201
V	2855449	29202
V	2855599	29203
V	2855743	29204
V	2855895	29205
V	2856046	29206
V	2856194	29207
V	2856346	29208
V	2856502	29209
V	2856651	29210
V	2856806	29211
V	2856969	29212
V	2857125	29213
V	2857276	29214
V	2857422	29215
V	2857572	29216
V	2857721	29217
V	2857863	29218
V	2858011	29219
V	2858166	29220
V	2858310	29221
V	2858459	29222
V	2858610	29223
V	2858757	29224
V	2858908	29225
V	2859058	29226
V	2859207	29227
V	2859362	29228
V	2859526	29229
V	2859672	29230
V	2859831	29231
V	2859981	29232
V	2860133	29233
V	2860285	29234
V	2860432	29235
V	2860579	29236
V	2860726	29237
V	2860886	29238
V	2861030	29239
V	2861185	29240
V	2861335	29241
V	2861486	29242
V	2861640	29243
V	2861787	29244
V	2861944	29245
V	2862091	29246
V	2862246	29247
V	2862393	29248
V	2862564	29249
V	2862730	29250
V	2862874	29251
V	2863030	29252
V	2863178	29253
V	2863325	29254
V	2863475	29255
V	2863628	29256
V	2863783	29257
V	2863925	29258
V	2864072	29259
V	2864222	29260
V	2864371	29261
V	2864522	29262
V	2864677	29263
V	2864824	29264
V	2865000	29265
V	2865153	29266
V	2865297	29267
V	2865448	29268
V	2865613	29269
V	2865763	29270
V	2865917	29271
V	2866062	29272
V	2866213	29273
V	2866383	29274
V	2866535	29275
V	2866706	29276
V	2866852	29277
V	2867002	29278
V	2867159	29279
V	2867322	29280
V	2867470	29281
V	2867643	29282
V	2867813	29283
V	2867967	29284
V	2868108	29285
V	2868257	29286
V	2868402	29287
V	2868553	29288
V	2868695	29289
V	2868847	29290
V	2868994	29291
V	2869146	29292
V	2869298	29293
V	2869449	29294
V	2869599	29295
V	2869752	29296
V	2869899	29297
V	2870051	29298
V	2870195	29299
V	2870341	29300
V	2870487	29301
V	2870631	29302
V	2870788	29303
V	2870936	29304
V	2871088	29305
V	2871238	29306
V	2871383	29307
V	2871526	29308
V	2871673	29309
V	2871813	29310
V	2871961	29311
V	2872114	29312
V	2872268	29313
V	2872413	29314
V	2872560	29315
V	2872702	29316
V	2872863	29317
V	2873018	29318
V	2873162	29319
V	2873310	29320
V	2873458	29321
V	2873603	29322
V	2873757	29323
V	2873909	29324
V	2874063	29325
V	2874209	29326
V	2874355	29327
V	2874506	29328
V	2874654	29329
V	2874794	29330
V	2874940	29331
V	2875088	29332
V	2875237	29333
V	2875412	29334
V	2875557	29335
V	2875709	29336
V	2875884	29337
V	2876035	29338
V	2876185	29339
V	2876327	29340
V	2876483	29341
V	2876646	29342
V	2876798	29343
V	2876952	29344
V	2877101	29345
V	2877250	29346
V	2877396	29347
V	2877548	29348
V	2877690	29349
V	2877833	29350
V	2877980	29351
V	2878127	29352
V	2878303	29353
V	2878453	29354
V	2878606	29355
V	2878753	29356
V	2878905	29357
V	2879058	29358
V	2879208	29359
V	2879354	29360
V	2879499	29361
V	2879653	29362
V	2879802	29363
V	2879951	29364
V	2880126	29365
V	2880296	29366
V	2880443	29367
V	2880598	29368
V	2880751	29369
V	2880897	29370
V	2881043	29371
V	2881199	29372
V	2881352	29373
V	2881504	29374
V	2881659	29375
V	2881806	29376
V	2881983	29377
V	2882133	29378
V	2882283	29379
V	2882454	29380
V	2882600	29381
V	2882757	29382
V	2882910	29383
V	2883056	29384
V	2883210	29385
V	2883361	29386
V	2883508	29387
V	2883657	29388
V	2883815	29389
V	2883961	29390
V	2884103	29391
V	2884263	29392
V	2884415	29393
V	2884569	29394
V	2884714	29395
V	2884878	29396
V	2885020	29397
V	2885173	29398
V	2885325	29399
V	2885477	29400
V	2885625	29401
V	2885772	29402
V	2885922	29403
V	2886072	29404
V	2886217	29405
V	2886363	29406
V	2886510	29407
V	2886666	29408
V	2886814	29409
V	2886992	29410
V	2887158	29411
V	2887305	29412
V	2887449	29413
V	2887621	29414
V	2887772	29415
V	2887924	29416
V	2888069	29417
V	2888216	29418
V	2888361	29419
V	2888501	29420
V	2888655	29421
V	2888800	29422
V	2888947	29423
V	2889086	29424
V	2889235	29425
V	2889386	29426
V	2889533	29427
V	2889682	29428
V	2889843	29429
V	2889991	29430
V	2890141	29431
V	2890285	29432
V	2890439	29433
V	2890600	29434
V	2890749	29435
V	2890898	29436
V	2891049	29437
V	2891216	29438
V	2891372	29439
V	2891518	29440
V	2891682	29441
V	2891832	29442
V	2891983	29443
V	2892133	29444
V	2892282	29445
V	2892435	29446
V	2892587	29447
V	2892738	29448
V	2892916	29449
V	2893071	29450
V	2893221	29451
V	2893371	29452
V	2893524	29453
V	2893676	29454
V	2893824	29455
V	2893976	29456
V	2894129	29457
V	2894281	29458
V	2894424	29459
V	2894572	29460
V	2894720	29461
V	2894872	29462
V	2895019	29463
V	2895163	29464
V	2895314	29465
V	2895459	29466
V	2895605	29467
V	2895756	29468
V	2895907	29469
V	2896049	29470
V	2896197	29471
V	2896347	29472
V	2896494	29473
V	2896654	29474
V	2896801	29475
V	2896948	29476
V	2897098	29477
V	2897252	29478
V	2897398	29479
V	2897544	29480
V	2897691	29481
V	2897839	29482
V	2898008	29483
V	2898162	29484
V	2898309	29485
V	2898458	29486
V	2898605	29487
V	2898749	29488
V	2898899	29489
V	2899055	29490
V	2899205	29491
V	2899357	29492
V	2899510	29493
V	2899663	29494
V	2899812	29495
V	2899968	29496
V	2900117	29497
V	2900258	29498
V	2900406	29499
V	2900555	29500
V	2900702	29501
V	2900858	29502
V	2901002	29503
V	2901156	29504
V	2901304	29505
V	2901448	29506
V	2901596	29507
V	2901762	29508
V	2901924	29509
V	2902072	29510
V	2902238	29511
V	2902388	29512
V	2902537	29513
V	2902683	29514
V	2902859	29515
V	2903013	29516
V	2903166	29517
V	2903314	29518
V	2903467	29519
V	2903611	29520
V	2903758	29521
V	2903909	29522
V	2904074	29523
V	2904225	29524
V	2904376	29525
V	2904521	29526
V	2904674	29527
V	2904830	29528
V	2904980	29529
V	2905126	29530
V	2905271	29531
V	2905419	29532
V	2905573	29533
V	2905719	29534
V	2905865	29535
V	2906015	29536
V	2906169	29537
V	2906315	29538
V	2906465	29539
V	2906638	29540
V	2906788	29541
V	2906934	29542
V	2907087	29543
V	2907236	29544
V	2907386	29545
V	2907538	29546
V	2907690	29547
V	2907835	29548
V	2907983	29549
V	2908134	29550
V	2908284	29551
V	2908426	29552
V	2908578	29553
V	2908729	29554
V	2908874	29555
V	2909022	29556
V	2909188	29557
V	2909338	29558
V	2909487	29559
V	2909643	29560
V	2909795	29561
V	2909955	29562
V	2910107	29563
V	2910255	29564
V	2910405	29565
V	2910569	29566
V	2910723	29567
V	2910872	29568
V	2911018	29569
V	2911163	29570
V	2911325	29571
V	2911474	29572
V	2911626	29573
V	2911778	29574
V	2911926	29575
V	2912076	29576
V	2912224	29577
V	2912368	29578
V	2912538	29579
V	2912684	29580
V	2912833	29581
V	2912985	29582
V	2913133	29583
V	2913319	29584
V	2913477	29585
V	2913627	29586
V	2913775	29587
V	2913926	29588
V	2914074	29589
V	2914228	29590
V	2914381	29591
V	2914528	29592
V	2914677	29593
V	2914834	29594
V	2914981	29595
V	2915137	29596
V	2915300	29597
V	2915451	29598
V	2915594	29599
V	2915746	29600
V	2915890	29601
V	2916038	29602
V	2916189	29603
V	2916341	29604
V	2916494	29605
V	2916637	29606
V	2916788	29607
V	2916942	29608
V	2917091	29609
V	2917260	29610
V	2917436	29611
V	2917587	29612
V	2917744	29613
V	2917889	29614
V	2918035	29615
V	2918176	29616
V	2918321	29617
V	2918465	29618
V	2918613	29619
V	2918799	29620
V	2918942	29621
V	2919079	29622
V	2919225	29623
V	2919375	29624
V	2919537	29625
V	2919687	29626
V	2919841	29627
V	2919993	29628
V	2920148	29629
V	2920306	29630
V	2920459	29631
V	2920609	29632
V	2920754	29633
V	2920915	29634
V	2921066	29635
V	2921216	29636
V	2921393	29637
V	2921545	29638
V	2921701	29639
V	2921855	29640
V	2922005	29641
V	2922150	29642
V	2922313	29643
V	2922460	29644
V	2922610	29645
V	2922766	29646
V	2922935	29647
V	2923081	29648
V	2923251	29649
V	2923398	29650
V	2923545	29651
V	2923704	29652
V	2923845	29653
V	2923990	29654
V	2924132	29655
V	2924279	29656
V	2924426	29657
V	2924571	29658
V	2924728	29659
V	2924878	29660
V	2925028	29661
V	2925175	29662
V	2925329	29663
V	2925484	29664
V	2925631	29665
V	2925784	29666
V	2925932	29667
V	2926077	29668
V	2926226	29669
V	2926377	29670
V	2926531	29671
V	2926683	29672
V	2926833	29673
V	2926984	29674
V	2927139	29675
V	2927280	29676
V	2927443	29677
V	2927590	29678
V	2927744	29679
V	2927905	29680
V	2928067	29681
V	2928224	29682
V	2928375	29683
V	2928520	29684
V	2928682	29685
V	2928834	29686
V	2928983	29687
V	2929138	29688
V	2929303	29689
V	2929445	29690
V	2929596	29691
V	2929739	29692
V	2929886	29693
V	2930035	29694
V	2930188	29695
V	2930346	29696
V	2930494	29697
V	2930662	29698
V	2930812	29699
V	2930961	29700
V	2931114	29701
V	2931259	29702
V	2931406	29703
V	2931558	29704
V	2931701	29705
V	2931870	29706
V	2932033	29707
V	2932180	29708
V	2932327	29709
V	2932476	29710
V	2932623	29711
V	2932769	29712
V	2932914	29713
V	2933055	29714
V	2933211	29715
V	2933364	29716
V	2933538	29717
V	2933689	29718
V	2933836	29719
V	2933982	29720
V	2934128	29721
V	2934280	29722
V	2934445	29723
V	2934604	29724
V	2934757	29725
V	2934904	29726
V	2935051	29727
V	2935202	29728
V	2935344	29729
V	2935497	29730
V	2935644	29731
V	2935794	29732
V	2935954	29733
V	2936114	29734
V	2936259	29735
V	2936426	29736
V	2936584	29737
V	2936741	29738
V	2936886	29739
V	2937035	29740
V	2937186	29741
V	2937328	29742
V	2937477	29743
V	2937621	29744
V	2937773	29745
V	2937923	29746
V	2938077	29747
V	2938232	29748
V	2938382	29749
V	2938524	29750
V	2938687	29751
V	2938830	29752
V	2938998	29753
V	2939147	29754
V	2939298	29755
V	2939441	29756
V	2939596	29757
V	2939746	29758
V	2939896	29759
V	2940041	29760
V	2940190	29761
V	2940334	29762
V	2940482	29763
V	2940627	29764
V	2940778	29765
V	2940932	29766
V	2941099	29767
V	2941260	29768
V	2941418	29769
V	2941562	29770
V	2941712	29771
V	2941867	29772
V	2942016	29773
V	2942161	29774
V	2942308	29775
V	2942459	29776
V	2942605	29777
V	2942750	29778
V	2942896	29779
V	2943042	29780
V	2943193	29781
V	2943357	29782
V	2943506	29783
V	2943655	29784
V	2943802	29785
V	2943951	29786
V	2944106	29787
V	2944256	29788
V	2944409	29789
V	2944571	29790
V	2944720	29791
V	2944869	29792
V	2945018	29793
V	2945165	29794
V	2945312	29795
V	2945467	29796
V	2945620	29797
V	2945766	29798
V	2945917	29799
V	2946062	29800
V	2946218	29801
V	2946366	29802
V	2946518	29803
V	2946665	29804
V	2946819	29805
V	2946963	29806
V	2947111	29807
V	2947259	29808
V	2947415	29809
V	2947567	29810
V	2947719	29811
V	2947863	29812
V	2948008	29813
V	2948159	29814
V	2948309	29815
V	2948456	29816
V	2948632	29817
V	2948783	29818
V	2948933	29819
V	2949088	29820
V	2949231	29821
V	2949385	29822
V	2949533	29823
V	2949680	29824
V	2949829	29825
V	2949979	29826
V	2950135	29827
V	2950292	29828
V	2950440	29829
V	2950583	29830
V	2950730	29831
V	2950879	29832
V	2951030	29833
V	2951175	29834
V	2951324	29835
V	2951513	29836
V	2951660	29837
V	2951807	29838
V	2951955	29839
V	2952108	29840
V	2952258	29841
V	2952409	29842
V	2952561	29843
V	2952710	29844
V	2952854	29845
V	2953003	29846
V	2953149	29847
V	2953314	29848
V	2953468	29849
V	2953615	29850
V	2953766	29851
V	2953917	29852
V	2954066	29853
V	2954221	29854
V	2954375	29855
V	2954519	29856
V	2954671	29857
V	2954819	29858
V	2954967	29859
V	2955109	29860
V	2955263	29861
V	2955413	29862
V	2955583	29863
V	2955735	29864
V	2955889	29865
V	2956033	29866
V	2956182	29867
V	2956327	29868
V	2956473	29869
V	2956624	29870
V	2956771	29871
V	2956921	29872
V	2957074	29873
V	2957218	29874
V	2957378	29875
V	2957531	29876
V	2957684	29877
V	2957833	29878
V	2957981	29879
V	2958135	29880
V	2958283	29881
V	2958432	29882
V	2958599	29883
V	2958751	32505
V	2958902	32506
V	2959048	32507
V	2959198	32508
V	2959348	32509
V	2959497	32510
V	2959643	32511
V	2959792	32512
V	2959942	32513
V	2960086	32514
V	2960230	32515
V	2960380	32516
V	2960525	32517
V	2960670	32518
V	2960813	32519
V	2960956	32520
V	2961099	32521
