\P\	Pos	BusinessEntityID\
T	5	5
N	0	0
K	0	1
#
V	64	1
V	135	2
V	206	3
V	277	4
V	348	5
V	419	6
V	490	7
V	561	8
V	632	9
V	703	10
V	775	11
V	847	12
V	919	13
V	991	14
V	1063	15
V	1135	16
V	1207	17
V	1279	18
V	1351	19
V	1423	20
V	1495	21
V	1567	22
V	1639	23
V	1711	24
V	1783	25
V	1855	26
V	1927	27
V	1999	28
V	2071	29
V	2143	30
V	2215	31
V	2287	32
V	2359	33
V	2431	34
V	2503	35
V	2575	36
V	2647	37
V	2719	38
V	2791	39
V	2863	40
V	2935	41
V	3007	42
V	3079	43
V	3151	44
V	3223	45
V	3295	46
V	3367	47
V	3439	48
V	3511	49
V	3583	50
V	3655	51
V	3727	52
V	3799	53
V	3871	54
V	3943	55
V	4015	56
V	4087	57
V	4159	58
V	4231	59
V	4303	60
V	4375	61
V	4447	62
V	4519	63
V	4591	64
V	4663	65
V	4735	66
V	4807	67
V	4879	68
V	4951	69
V	5023	70
V	5095	71
V	5167	72
V	5239	73
V	5311	74
V	5383	75
V	5455	76
V	5527	77
V	5599	78
V	5671	79
V	5743	80
V	5815	81
V	5887	82
V	5959	83
V	6031	84
V	6103	85
V	6175	86
V	6247	87
V	6319	88
V	6391	89
V	6463	90
V	6535	91
V	6607	92
V	6679	93
V	6751	94
V	6823	95
V	6895	96
V	6967	97
V	7039	98
V	7111	99
V	7183	100
V	7256	101
V	7329	102
V	7402	103
V	7475	104
V	7548	105
V	7621	106
V	7694	107
V	7767	108
V	7840	109
V	7913	110
V	7986	111
V	8059	112
V	8132	113
V	8205	114
V	8278	115
V	8351	116
V	8424	117
V	8497	118
V	8570	119
V	8643	120
V	8716	121
V	8789	122
V	8862	123
V	8935	124
V	9008	125
V	9081	126
V	9154	127
V	9227	128
V	9300	129
V	9373	130
V	9446	131
V	9519	132
V	9592	133
V	9665	134
V	9738	135
V	9811	136
V	9884	137
V	9957	138
V	10030	139
V	10103	140
V	10176	141
V	10249	142
V	10322	143
V	10395	144
V	10468	145
V	10541	146
V	10614	147
V	10687	148
V	10760	149
V	10833	150
V	10906	151
V	10979	152
V	11052	153
V	11125	154
V	11198	155
V	11271	156
V	11344	157
V	11417	158
V	11490	159
V	11563	160
V	11636	161
V	11709	162
V	11782	163
V	11855	164
V	11928	165
V	12001	166
V	12074	167
V	12147	168
V	12220	169
V	12293	170
V	12366	171
V	12439	172
V	12512	173
V	12585	174
V	12658	175
V	12731	176
V	12804	177
V	12877	178
V	12950	179
V	13023	180
V	13096	181
V	13169	182
V	13242	183
V	13315	184
V	13388	185
V	13461	186
V	13534	187
V	13607	188
V	13680	189
V	13753	190
V	13826	191
V	13899	192
V	13972	193
V	14045	194
V	14118	195
V	14191	196
V	14264	197
V	14337	198
V	14410	199
V	14483	200
V	14556	201
V	14629	202
V	14702	203
V	14775	204
V	14848	205
V	14921	206
V	14994	207
V	15067	208
V	15140	209
V	15213	210
V	15286	211
V	15359	212
V	15432	213
V	15505	214
V	15578	215
V	15651	216
V	15724	217
V	15797	218
V	15870	219
V	15943	220
V	16016	221
V	16089	222
V	16162	223
V	16235	224
V	16308	225
V	16381	226
V	16454	227
V	16527	228
V	16600	229
V	16673	230
V	16746	231
V	16819	232
V	16892	233
V	16965	234
V	17038	235
V	17111	236
V	17184	237
V	17257	238
V	17330	239
V	17403	240
V	17476	241
V	17549	242
V	17622	243
V	17695	244
V	17768	245
V	17841	246
V	17914	247
V	17987	248
V	18060	249
V	18133	250
V	18206	251
V	18279	252
V	18352	253
V	18425	254
V	18498	255
V	18571	256
V	18644	257
V	18717	258
V	18790	259
V	18863	260
V	18936	261
V	19009	262
V	19082	263
V	19155	264
V	19228	265
V	19301	266
V	19374	267
V	19447	268
V	19520	269
V	19593	270
V	19666	271
V	19739	272
V	19812	273
V	19885	274
V	19958	275
V	20031	276
V	20104	277
V	20177	278
V	20250	279
V	20323	280
V	20396	281
V	20469	282
V	20542	283
V	20615	284
V	20688	285
V	20761	286
V	20834	287
V	20907	288
V	20980	289
V	21053	290
V	21126	291
V	21199	292
V	21272	293
V	21345	294
V	21418	295
V	21491	296
V	21564	297
V	21637	298
V	21710	299
V	21783	300
V	21856	301
V	21929	302
V	22002	303
V	22075	304
V	22148	305
V	22221	306
V	22294	307
V	22367	308
V	22440	309
V	22513	310
V	22586	311
V	22659	312
V	22732	313
V	22805	314
V	22878	315
V	22951	316
V	23024	317
V	23097	318
V	23170	319
V	23243	320
V	23316	321
V	23389	322
V	23462	323
V	23535	324
V	23608	325
V	23681	326
V	23754	327
V	23827	328
V	23900	329
V	23973	330
V	24046	331
V	24119	332
V	24192	333
V	24265	334
V	24338	335
V	24411	336
V	24484	337
V	24557	338
V	24630	339
V	24703	340
V	24776	341
V	24849	342
V	24922	343
V	24995	344
V	25068	345
V	25141	346
V	25214	347
V	25287	348
V	25360	349
V	25433	350
V	25506	351
V	25579	352
V	25652	353
V	25725	354
V	25798	355
V	25871	356
V	25944	357
V	26017	358
V	26090	359
V	26163	360
V	26236	361
V	26309	362
V	26382	363
V	26455	364
V	26528	365
V	26601	366
V	26674	367
V	26747	368
V	26820	369
V	26893	370
V	26966	371
V	27039	372
V	27112	373
V	27185	374
V	27258	375
V	27331	376
V	27404	377
V	27477	378
V	27550	379
V	27623	380
V	27696	381
V	27769	382
V	27842	383
V	27915	384
V	27988	385
V	28061	386
V	28134	387
V	28207	388
V	28280	389
V	28353	390
V	28426	391
V	28499	392
V	28572	393
V	28645	394
V	28718	395
V	28791	396
V	28864	397
V	28937	398
V	29010	399
V	29083	400
V	29156	401
V	29229	402
V	29302	403
V	29375	404
V	29448	405
V	29521	406
V	29594	407
V	29667	408
V	29740	409
V	29813	410
V	29886	411
V	29959	412
V	30032	413
V	30105	414
V	30178	415
V	30251	416
V	30324	417
V	30397	418
V	30470	419
V	30543	420
V	30616	421
V	30689	422
V	30762	423
V	30835	424
V	30908	425
V	30981	426
V	31054	427
V	31127	428
V	31200	429
V	31273	430
V	31346	431
V	31419	432
V	31492	433
V	31565	434
V	31638	435
V	31711	436
V	31784	437
V	31857	438
V	31930	439
V	32003	440
V	32076	441
V	32149	442
V	32222	443
V	32295	444
V	32368	445
V	32441	446
V	32514	447
V	32587	448
V	32660	449
V	32733	450
V	32806	451
V	32879	452
V	32952	453
V	33025	454
V	33098	455
V	33171	456
V	33244	457
V	33317	458
V	33390	459
V	33463	460
V	33536	461
V	33609	462
V	33682	463
V	33755	464
V	33828	465
V	33901	466
V	33974	467
V	34047	468
V	34120	469
V	34193	470
V	34266	471
V	34339	472
V	34412	473
V	34485	474
V	34558	475
V	34631	476
V	34704	477
V	34777	478
V	34850	479
V	34923	480
V	34996	481
V	35069	482
V	35142	483
V	35215	484
V	35288	485
V	35361	486
V	35434	487
V	35507	488
V	35580	489
V	35653	490
V	35726	491
V	35799	492
V	35872	493
V	35945	494
V	36018	495
V	36091	496
V	36164	497
V	36237	498
V	36310	499
V	36383	500
V	36456	501
V	36529	502
V	36602	503
V	36675	504
V	36748	505
V	36821	506
V	36894	507
V	36967	508
V	37040	509
V	37113	510
V	37186	511
V	37259	512
V	37332	513
V	37405	514
V	37478	515
V	37551	516
V	37624	517
V	37697	518
V	37770	519
V	37843	520
V	37916	521
V	37989	522
V	38062	523
V	38135	524
V	38208	525
V	38281	526
V	38354	527
V	38427	528
V	38500	529
V	38573	530
V	38646	531
V	38719	532
V	38792	533
V	38865	534
V	38938	535
V	39011	536
V	39084	537
V	39157	538
V	39230	539
V	39303	540
V	39376	541
V	39449	542
V	39522	543
V	39595	544
V	39668	545
V	39741	546
V	39814	547
V	39887	548
V	39960	549
V	40033	550
V	40106	551
V	40179	552
V	40252	553
V	40325	554
V	40398	555
V	40471	556
V	40544	557
V	40617	558
V	40690	559
V	40763	560
V	40836	561
V	40909	562
V	40982	563
V	41055	564
V	41128	565
V	41201	566
V	41274	567
V	41347	568
V	41420	569
V	41493	570
V	41566	571
V	41639	572
V	41712	573
V	41785	574
V	41858	575
V	41931	576
V	42004	577
V	42077	578
V	42150	579
V	42223	580
V	42296	581
V	42369	582
V	42442	583
V	42515	584
V	42588	585
V	42661	586
V	42734	587
V	42807	588
V	42880	589
V	42953	590
V	43026	591
V	43099	592
V	43172	593
V	43245	594
V	43318	595
V	43391	596
V	43464	597
V	43537	598
V	43610	599
V	43683	600
V	43756	601
V	43829	602
V	43902	603
V	43975	604
V	44048	605
V	44121	606
V	44194	607
V	44267	608
V	44340	609
V	44413	610
V	44486	611
V	44559	612
V	44632	613
V	44705	614
V	44778	615
V	44851	616
V	44924	617
V	44997	618
V	45070	619
V	45143	620
V	45216	621
V	45289	622
V	45362	623
V	45435	624
V	45508	625
V	45581	626
V	45654	627
V	45727	628
V	45800	629
V	45873	630
V	45946	631
V	46019	632
V	46092	633
V	46165	634
V	46238	635
V	46311	636
V	46384	637
V	46457	638
V	46530	639
V	46603	640
V	46676	641
V	46749	642
V	46822	643
V	46895	644
V	46968	645
V	47041	646
V	47114	647
V	47187	648
V	47260	649
V	47333	650
V	47406	651
V	47479	652
V	47552	653
V	47625	654
V	47698	655
V	47771	656
V	47844	657
V	47917	658
V	47990	659
V	48063	660
V	48136	661
V	48209	662
V	48282	663
V	48355	664
V	48428	665
V	48501	666
V	48574	667
V	48647	668
V	48720	669
V	48793	670
V	48866	671
V	48939	672
V	49012	673
V	49085	674
V	49158	675
V	49231	676
V	49304	677
V	49377	678
V	49450	679
V	49523	680
V	49596	681
V	49669	682
V	49742	683
V	49815	684
V	49888	685
V	49961	686
V	50034	687
V	50107	688
V	50180	689
V	50253	690
V	50326	691
V	50399	692
V	50472	693
V	50545	694
V	50618	695
V	50691	696
V	50764	697
V	50837	698
V	50910	699
V	50983	700
V	51056	701
V	51129	702
V	51202	703
V	51275	704
V	51348	705
V	51421	706
V	51494	707
V	51567	708
V	51640	709
V	51713	710
V	51786	711
V	51859	712
V	51932	713
V	52005	714
V	52078	715
V	52151	716
V	52224	717
V	52297	718
V	52370	719
V	52443	720
V	52516	721
V	52589	722
V	52662	723
V	52735	724
V	52808	725
V	52881	726
V	52954	727
V	53027	728
V	53100	729
V	53173	730
V	53246	731
V	53319	732
V	53392	733
V	53465	734
V	53538	735
V	53611	736
V	53684	737
V	53757	738
V	53830	739
V	53903	740
V	53976	741
V	54049	742
V	54122	743
V	54195	744
V	54268	745
V	54341	746
V	54414	747
V	54487	748
V	54560	749
V	54633	750
V	54706	751
V	54779	752
V	54852	753
V	54925	754
V	54998	755
V	55071	756
V	55144	757
V	55217	758
V	55290	759
V	55363	760
V	55436	761
V	55509	762
V	55582	763
V	55655	764
V	55728	765
V	55801	766
V	55874	767
V	55947	768
V	56020	769
V	56093	770
V	56166	771
V	56239	772
V	56312	773
V	56385	774
V	56458	775
V	56531	776
V	56604	777
V	56677	778
V	56750	779
V	56823	780
V	56896	781
V	56969	782
V	57042	783
V	57115	784
V	57188	785
V	57261	786
V	57334	787
V	57407	788
V	57480	789
V	57553	790
V	57626	791
V	57699	792
V	57772	793
V	57845	794
V	57918	795
V	57991	796
V	58064	797
V	58137	798
V	58210	799
V	58283	800
V	58356	801
V	58429	802
V	58502	803
V	58575	804
V	58648	805
V	58721	806
V	58794	807
V	58867	808
V	58940	809
V	59013	810
V	59086	811
V	59159	812
V	59232	813
V	59305	814
V	59378	815
V	59451	816
V	59524	817
V	59597	818
V	59670	819
V	59743	820
V	59816	821
V	59889	822
V	59962	823
V	60035	824
V	60108	825
V	60181	826
V	60254	827
V	60327	828
V	60400	829
V	60473	830
V	60546	831
V	60619	832
V	60692	833
V	60765	834
V	60838	835
V	60911	836
V	60984	837
V	61057	838
V	61130	839
V	61203	840
V	61276	841
V	61349	842
V	61422	843
V	61495	844
V	61568	845
V	61641	846
V	61714	847
V	61787	848
V	61860	849
V	61933	850
V	62006	851
V	62079	852
V	62152	853
V	62225	854
V	62298	855
V	62371	856
V	62444	857
V	62517	858
V	62590	859
V	62663	860
V	62736	861
V	62809	862
V	62882	863
V	62955	864
V	63028	865
V	63101	866
V	63174	867
V	63247	868
V	63320	869
V	63393	870
V	63466	871
V	63539	872
V	63612	873
V	63685	874
V	63758	875
V	63831	876
V	63904	877
V	63977	878
V	64050	879
V	64123	880
V	64196	881
V	64269	882
V	64342	883
V	64415	884
V	64488	885
V	64561	886
V	64634	887
V	64707	888
V	64780	889
V	64853	890
V	64926	891
V	64999	892
V	65072	893
V	65145	894
V	65218	895
V	65291	896
V	65364	897
V	65437	898
V	65510	899
V	65583	900
V	65656	901
V	65729	902
V	65802	903
V	65875	904
V	65948	905
V	66021	906
V	66094	907
V	66167	908
V	66240	909
V	66313	910
V	66386	911
V	66459	912
V	66532	913
V	66605	914
V	66678	915
V	66751	916
V	66824	917
V	66897	918
V	66970	919
V	67043	920
V	67116	921
V	67189	922
V	67262	923
V	67335	924
V	67408	925
V	67481	926
V	67554	927
V	67627	928
V	67700	929
V	67773	930
V	67846	931
V	67919	932
V	67992	933
V	68065	934
V	68138	935
V	68211	936
V	68284	937
V	68357	938
V	68430	939
V	68503	940
V	68576	941
V	68649	942
V	68722	943
V	68795	944
V	68868	945
V	68941	946
V	69014	947
V	69087	948
V	69160	949
V	69233	950
V	69306	951
V	69379	952
V	69452	953
V	69525	954
V	69598	955
V	69671	956
V	69744	957
V	69817	958
V	69890	959
V	69963	960
V	70036	961
V	70109	962
V	70182	963
V	70255	964
V	70328	965
V	70401	966
V	70474	967
V	70547	968
V	70620	969
V	70693	970
V	70766	971
V	70839	972
V	70912	973
V	70985	974
V	71058	975
V	71131	976
V	71204	977
V	71277	978
V	71350	979
V	71423	980
V	71496	981
V	71569	982
V	71642	983
V	71715	984
V	71788	985
V	71861	986
V	71934	987
V	72007	988
V	72080	989
V	72153	990
V	72226	991
V	72299	992
V	72372	993
V	72445	994
V	72518	995
V	72591	996
V	72664	997
V	72737	998
V	72810	999
V	72883	1000
V	72957	1001
V	73031	1002
V	73105	1003
V	73179	1004
V	73253	1005
V	73327	1006
V	73401	1007
V	73475	1008
V	73549	1009
V	73623	1010
V	73697	1011
V	73771	1012
V	73845	1013
V	73919	1014
V	73993	1015
V	74067	1016
V	74141	1017
V	74215	1018
V	74289	1019
V	74363	1020
V	74437	1021
V	74511	1022
V	74585	1023
V	74659	1024
V	74733	1025
V	74807	1026
V	74881	1027
V	74955	1028
V	75029	1029
V	75103	1030
V	75177	1031
V	75251	1032
V	75325	1033
V	75399	1034
V	75473	1035
V	75547	1036
V	75621	1037
V	75695	1038
V	75769	1039
V	75843	1040
V	75917	1041
V	75991	1042
V	76065	1043
V	76139	1044
V	76213	1045
V	76287	1046
V	76361	1047
V	76435	1048
V	76509	1049
V	76583	1050
V	76657	1051
V	76731	1052
V	76805	1053
V	76879	1054
V	76953	1055
V	77027	1056
V	77101	1057
V	77175	1058
V	77249	1059
V	77323	1060
V	77397	1061
V	77471	1062
V	77545	1063
V	77619	1064
V	77693	1065
V	77767	1066
V	77841	1067
V	77915	1068
V	77989	1069
V	78063	1070
V	78137	1071
V	78211	1072
V	78285	1073
V	78359	1074
V	78433	1075
V	78507	1076
V	78581	1077
V	78655	1078
V	78729	1079
V	78803	1080
V	78877	1081
V	78951	1082
V	79025	1083
V	79099	1084
V	79173	1085
V	79247	1086
V	79321	1087
V	79395	1088
V	79469	1089
V	79543	1090
V	79617	1091
V	79691	1092
V	79765	1093
V	79839	1094
V	79913	1095
V	79987	1096
V	80061	1097
V	80135	1098
V	80209	1099
V	80283	1100
V	80357	1101
V	80431	1102
V	80505	1103
V	80579	1104
V	80653	1105
V	80727	1106
V	80801	1107
V	80875	1108
V	80949	1109
V	81023	1110
V	81097	1111
V	81171	1112
V	81245	1113
V	81319	1114
V	81393	1115
V	81467	1116
V	81541	1117
V	81615	1118
V	81689	1119
V	81763	1120
V	81837	1121
V	81911	1122
V	81985	1123
V	82059	1124
V	82133	1125
V	82207	1126
V	82281	1127
V	82355	1128
V	82429	1129
V	82503	1130
V	82577	1131
V	82651	1132
V	82725	1133
V	82799	1134
V	82873	1135
V	82947	1136
V	83021	1137
V	83095	1138
V	83169	1139
V	83243	1140
V	83317	1141
V	83391	1142
V	83465	1143
V	83539	1144
V	83613	1145
V	83687	1146
V	83761	1147
V	83835	1148
V	83909	1149
V	83983	1150
V	84057	1151
V	84131	1152
V	84205	1153
V	84279	1154
V	84353	1155
V	84427	1156
V	84501	1157
V	84575	1158
V	84649	1159
V	84723	1160
V	84797	1161
V	84871	1162
V	84945	1163
V	85019	1164
V	85093	1165
V	85167	1166
V	85241	1167
V	85315	1168
V	85389	1169
V	85463	1170
V	85537	1171
V	85611	1172
V	85685	1173
V	85759	1174
V	85833	1175
V	85907	1176
V	85981	1177
V	86055	1178
V	86129	1179
V	86203	1180
V	86277	1181
V	86351	1182
V	86425	1183
V	86499	1184
V	86573	1185
V	86647	1186
V	86721	1187
V	86795	1188
V	86869	1189
V	86943	1190
V	87017	1191
V	87091	1192
V	87165	1193
V	87239	1194
V	87313	1195
V	87387	1196
V	87461	1197
V	87535	1198
V	87609	1199
V	87683	1200
V	87757	1201
V	87831	1202
V	87905	1203
V	87979	1204
V	88053	1205
V	88127	1206
V	88201	1207
V	88275	1208
V	88349	1209
V	88423	1210
V	88497	1211
V	88571	1212
V	88645	1213
V	88719	1214
V	88793	1215
V	88867	1216
V	88941	1217
V	89015	1218
V	89089	1219
V	89163	1220
V	89237	1221
V	89311	1222
V	89385	1223
V	89459	1224
V	89533	1225
V	89607	1226
V	89681	1227
V	89755	1228
V	89829	1229
V	89903	1230
V	89977	1231
V	90051	1232
V	90125	1233
V	90199	1234
V	90273	1235
V	90347	1236
V	90421	1237
V	90495	1238
V	90569	1239
V	90643	1240
V	90717	1241
V	90791	1242
V	90865	1243
V	90939	1244
V	91013	1245
V	91087	1246
V	91161	1247
V	91235	1248
V	91309	1249
V	91383	1250
V	91457	1251
V	91531	1252
V	91605	1253
V	91679	1254
V	91753	1255
V	91827	1256
V	91901	1257
V	91975	1258
V	92049	1259
V	92123	1260
V	92197	1261
V	92271	1262
V	92345	1263
V	92419	1264
V	92493	1265
V	92567	1266
V	92641	1267
V	92715	1268
V	92789	1269
V	92863	1270
V	92937	1271
V	93011	1272
V	93085	1273
V	93159	1274
V	93233	1275
V	93307	1276
V	93381	1277
V	93455	1278
V	93529	1279
V	93603	1280
V	93677	1281
V	93751	1282
V	93825	1283
V	93899	1284
V	93973	1285
V	94047	1286
V	94121	1287
V	94195	1288
V	94269	1289
V	94343	1290
V	94417	1291
V	94491	1292
V	94565	1293
V	94639	1294
V	94713	1295
V	94787	1296
V	94861	1297
V	94935	1298
V	95009	1299
V	95083	1300
V	95157	1301
V	95231	1302
V	95305	1303
V	95379	1304
V	95453	1305
V	95527	1306
V	95601	1307
V	95675	1308
V	95749	1309
V	95823	1310
V	95897	1311
V	95971	1312
V	96045	1313
V	96119	1314
V	96193	1315
V	96267	1316
V	96341	1317
V	96415	1318
V	96489	1319
V	96563	1320
V	96637	1321
V	96711	1322
V	96785	1323
V	96859	1324
V	96933	1325
V	97007	1326
V	97081	1327
V	97155	1328
V	97229	1329
V	97303	1330
V	97377	1331
V	97451	1332
V	97525	1333
V	97599	1334
V	97673	1335
V	97747	1336
V	97821	1337
V	97895	1338
V	97969	1339
V	98043	1340
V	98117	1341
V	98191	1342
V	98265	1343
V	98339	1344
V	98413	1345
V	98487	1346
V	98561	1347
V	98635	1348
V	98709	1349
V	98783	1350
V	98857	1351
V	98931	1352
V	99005	1353
V	99079	1354
V	99153	1355
V	99227	1356
V	99301	1357
V	99375	1358
V	99449	1359
V	99523	1360
V	99597	1361
V	99671	1362
V	99745	1363
V	99819	1364
V	99893	1365
V	99967	1366
V	100041	1367
V	100115	1368
V	100189	1369
V	100263	1370
V	100337	1371
V	100411	1372
V	100485	1373
V	100559	1374
V	100633	1375
V	100707	1376
V	100781	1377
V	100855	1378
V	100929	1379
V	101003	1380
V	101077	1381
V	101151	1382
V	101225	1383
V	101299	1384
V	101373	1385
V	101447	1386
V	101521	1387
V	101595	1388
V	101669	1389
V	101743	1390
V	101817	1391
V	101891	1392
V	101965	1393
V	102039	1394
V	102113	1395
V	102187	1396
V	102261	1397
V	102335	1398
V	102409	1399
V	102483	1400
V	102557	1401
V	102631	1402
V	102705	1403
V	102779	1404
V	102853	1405
V	102927	1406
V	103001	1407
V	103075	1408
V	103149	1409
V	103223	1410
V	103297	1411
V	103371	1412
V	103445	1413
V	103519	1414
V	103593	1415
V	103667	1416
V	103741	1417
V	103815	1418
V	103889	1419
V	103963	1420
V	104037	1421
V	104111	1422
V	104185	1423
V	104259	1424
V	104333	1425
V	104407	1426
V	104481	1427
V	104555	1428
V	104629	1429
V	104703	1430
V	104777	1431
V	104851	1432
V	104925	1433
V	104999	1434
V	105073	1435
V	105147	1436
V	105221	1437
V	105295	1438
V	105369	1439
V	105443	1440
V	105517	1441
V	105591	1442
V	105665	1443
V	105739	1444
V	105813	1445
V	105887	1446
V	105961	1447
V	106035	1448
V	106109	1449
V	106183	1450
V	106257	1451
V	106331	1452
V	106405	1453
V	106479	1454
V	106553	1455
V	106627	1456
V	106701	1457
V	106775	1458
V	106849	1459
V	106923	1460
V	106997	1461
V	107071	1462
V	107145	1463
V	107219	1464
V	107293	1465
V	107367	1466
V	107441	1467
V	107515	1468
V	107589	1469
V	107663	1470
V	107737	1471
V	107811	1472
V	107885	1473
V	107959	1474
V	108033	1475
V	108107	1476
V	108181	1477
V	108255	1478
V	108329	1479
V	108403	1480
V	108477	1481
V	108551	1482
V	108625	1483
V	108699	1484
V	108773	1485
V	108847	1486
V	108921	1487
V	108995	1488
V	109069	1489
V	109143	1490
V	109217	1491
V	109291	1492
V	109365	1493
V	109439	1494
V	109513	1495
V	109587	1496
V	109661	1497
V	109735	1498
V	109809	1499
V	109883	1500
V	109957	1501
V	110031	1502
V	110105	1503
V	110179	1504
V	110253	1505
V	110327	1506
V	110401	1507
V	110475	1508
V	110549	1509
V	110623	1510
V	110697	1511
V	110771	1512
V	110845	1513
V	110919	1514
V	110993	1515
V	111067	1516
V	111141	1517
V	111215	1518
V	111289	1519
V	111363	1520
V	111437	1521
V	111511	1522
V	111585	1523
V	111659	1524
V	111733	1525
V	111807	1526
V	111881	1527
V	111955	1528
V	112029	1529
V	112103	1530
V	112177	1531
V	112251	1532
V	112325	1533
V	112399	1534
V	112473	1535
V	112547	1536
V	112621	1537
V	112695	1538
V	112769	1539
V	112843	1540
V	112917	1541
V	112991	1542
V	113065	1543
V	113139	1544
V	113213	1545
V	113287	1546
V	113361	1547
V	113435	1548
V	113509	1549
V	113583	1550
V	113657	1551
V	113731	1552
V	113805	1553
V	113879	1554
V	113953	1555
V	114027	1556
V	114101	1557
V	114175	1558
V	114249	1559
V	114323	1560
V	114397	1561
V	114471	1562
V	114545	1563
V	114619	1564
V	114693	1565
V	114767	1566
V	114841	1567
V	114915	1568
V	114989	1569
V	115063	1570
V	115137	1571
V	115211	1572
V	115285	1573
V	115359	1574
V	115433	1575
V	115507	1576
V	115581	1577
V	115655	1578
V	115729	1579
V	115803	1580
V	115877	1581
V	115951	1582
V	116025	1583
V	116099	1584
V	116173	1585
V	116247	1586
V	116321	1587
V	116395	1588
V	116469	1589
V	116543	1590
V	116617	1591
V	116691	1592
V	116765	1593
V	116839	1594
V	116913	1595
V	116987	1596
V	117061	1597
V	117135	1598
V	117209	1599
V	117283	1600
V	117357	1601
V	117431	1602
V	117505	1603
V	117579	1604
V	117653	1605
V	117727	1606
V	117801	1607
V	117875	1608
V	117949	1609
V	118023	1610
V	118097	1611
V	118171	1612
V	118245	1613
V	118319	1614
V	118393	1615
V	118467	1616
V	118541	1617
V	118615	1618
V	118689	1619
V	118763	1620
V	118837	1621
V	118911	1622
V	118985	1623
V	119059	1624
V	119133	1625
V	119207	1626
V	119281	1627
V	119355	1628
V	119429	1629
V	119503	1630
V	119577	1631
V	119651	1632
V	119725	1633
V	119799	1634
V	119873	1635
V	119947	1636
V	120021	1637
V	120095	1638
V	120169	1639
V	120243	1640
V	120317	1641
V	120391	1642
V	120465	1643
V	120539	1644
V	120613	1645
V	120687	1646
V	120761	1647
V	120835	1648
V	120909	1649
V	120983	1650
V	121057	1651
V	121131	1652
V	121205	1653
V	121279	1654
V	121353	1655
V	121427	1656
V	121501	1657
V	121575	1658
V	121649	1659
V	121723	1660
V	121797	1661
V	121871	1662
V	121945	1663
V	122019	1664
V	122093	1665
V	122167	1666
V	122241	1667
V	122315	1668
V	122389	1669
V	122463	1670
V	122537	1671
V	122611	1672
V	122685	1673
V	122759	1674
V	122833	1675
V	122907	1676
V	122981	1677
V	123055	1678
V	123129	1679
V	123203	1680
V	123277	1681
V	123351	1682
V	123425	1683
V	123499	1684
V	123573	1685
V	123647	1686
V	123721	1687
V	123795	1688
V	123869	1689
V	123943	1690
V	124017	1691
V	124091	1692
V	124165	1693
V	124239	1694
V	124313	1695
V	124387	1696
V	124461	1697
V	124535	1698
V	124609	1699
V	124683	1700
V	124757	1701
V	124831	1702
V	124905	1703
V	124979	1704
V	125053	1705
V	125127	1706
V	125201	1707
V	125275	1708
V	125349	1709
V	125423	1710
V	125497	1711
V	125571	1712
V	125645	1713
V	125719	1714
V	125793	1715
V	125867	1716
V	125941	1717
V	126015	1718
V	126089	1719
V	126163	1720
V	126237	1721
V	126311	1722
V	126385	1723
V	126459	1724
V	126533	1725
V	126607	1726
V	126681	1727
V	126755	1728
V	126829	1729
V	126903	1730
V	126977	1731
V	127051	1732
V	127125	1733
V	127199	1734
V	127273	1735
V	127347	1736
V	127421	1737
V	127495	1738
V	127569	1739
V	127643	1740
V	127717	1741
V	127791	1742
V	127865	1743
V	127939	1744
V	128013	1745
V	128087	1746
V	128161	1747
V	128235	1748
V	128309	1749
V	128383	1750
V	128457	1751
V	128531	1752
V	128605	1753
V	128679	1754
V	128753	1755
V	128827	1756
V	128901	1757
V	128975	1758
V	129049	1759
V	129123	1760
V	129197	1761
V	129271	1762
V	129345	1763
V	129419	1764
V	129493	1765
V	129567	1766
V	129641	1767
V	129715	1768
V	129789	1769
V	129863	1770
V	129937	1771
V	130011	1772
V	130085	1773
V	130159	1774
V	130233	1775
V	130307	1776
V	130381	1777
V	130455	1778
V	130529	1779
V	130603	1780
V	130677	1781
V	130751	1782
V	130825	1783
V	130899	1784
V	130973	1785
V	131047	1786
V	131121	1787
V	131195	1788
V	131269	1789
V	131343	1790
V	131417	1791
V	131491	1792
V	131565	1793
V	131639	1794
V	131713	1795
V	131787	1796
V	131861	1797
V	131935	1798
V	132009	1799
V	132083	1800
V	132157	1801
V	132231	1802
V	132305	1803
V	132379	1804
V	132453	1805
V	132527	1806
V	132601	1807
V	132675	1808
V	132749	1809
V	132823	1810
V	132897	1811
V	132971	1812
V	133045	1813
V	133119	1814
V	133193	1815
V	133267	1816
V	133341	1817
V	133415	1818
V	133489	1819
V	133563	1820
V	133637	1821
V	133711	1822
V	133785	1823
V	133859	1824
V	133933	1825
V	134007	1826
V	134081	1827
V	134155	1828
V	134229	1829
V	134303	1830
V	134377	1831
V	134451	1832
V	134525	1833
V	134599	1834
V	134673	1835
V	134747	1836
V	134821	1837
V	134895	1838
V	134969	1839
V	135043	1840
V	135117	1841
V	135191	1842
V	135265	1843
V	135339	1844
V	135413	1845
V	135487	1846
V	135561	1847
V	135635	1848
V	135709	1849
V	135783	1850
V	135857	1851
V	135931	1852
V	136005	1853
V	136079	1854
V	136153	1855
V	136227	1856
V	136301	1857
V	136375	1858
V	136449	1859
V	136523	1860
V	136597	1861
V	136671	1862
V	136745	1863
V	136819	1864
V	136893	1865
V	136967	1866
V	137041	1867
V	137115	1868
V	137189	1869
V	137263	1870
V	137337	1871
V	137411	1872
V	137485	1873
V	137559	1874
V	137633	1875
V	137707	1876
V	137781	1877
V	137855	1878
V	137929	1879
V	138003	1880
V	138077	1881
V	138151	1882
V	138225	1883
V	138299	1884
V	138373	1885
V	138447	1886
V	138521	1887
V	138595	1888
V	138669	1889
V	138743	1890
V	138817	1891
V	138891	1892
V	138965	1893
V	139039	1894
V	139113	1895
V	139187	1896
V	139261	1897
V	139335	1898
V	139409	1899
V	139483	1900
V	139557	1901
V	139631	1902
V	139705	1903
V	139779	1904
V	139853	1905
V	139927	1906
V	140001	1907
V	140075	1908
V	140149	1909
V	140223	1910
V	140297	1911
V	140371	1912
V	140445	1913
V	140519	1914
V	140593	1915
V	140667	1916
V	140741	1917
V	140815	1918
V	140889	1919
V	140963	1920
V	141037	1921
V	141111	1922
V	141185	1923
V	141259	1924
V	141333	1925
V	141407	1926
V	141481	1927
V	141555	1928
V	141629	1929
V	141703	1930
V	141777	1931
V	141851	1932
V	141925	1933
V	141999	1934
V	142073	1935
V	142147	1936
V	142221	1937
V	142295	1938
V	142369	1939
V	142443	1940
V	142517	1941
V	142591	1942
V	142665	1943
V	142739	1944
V	142813	1945
V	142887	1946
V	142961	1947
V	143035	1948
V	143109	1949
V	143183	1950
V	143257	1951
V	143331	1952
V	143405	1953
V	143479	1954
V	143553	1955
V	143627	1956
V	143701	1957
V	143775	1958
V	143849	1959
V	143923	1960
V	143997	1961
V	144071	1962
V	144145	1963
V	144219	1964
V	144293	1965
V	144367	1966
V	144441	1967
V	144515	1968
V	144589	1969
V	144663	1970
V	144737	1971
V	144811	1972
V	144885	1973
V	144959	1974
V	145033	1975
V	145107	1976
V	145181	1977
V	145255	1978
V	145329	1979
V	145403	1980
V	145477	1981
V	145551	1982
V	145625	1983
V	145699	1984
V	145773	1985
V	145847	1986
V	145921	1987
V	145995	1988
V	146069	1989
V	146143	1990
V	146217	1991
V	146291	1992
V	146365	1993
V	146439	1994
V	146513	1995
V	146587	1996
V	146661	1997
V	146735	1998
V	146809	1999
V	146883	2000
V	146957	2001
V	147031	2002
V	147105	2003
V	147179	2004
V	147253	2005
V	147327	2006
V	147401	2007
V	147475	2008
V	147549	2009
V	147623	2010
V	147697	2011
V	147771	2012
V	147845	2013
V	147919	2014
V	147993	2015
V	148067	2016
V	148141	2017
V	148215	2018
V	148289	2019
V	148363	2020
V	148437	2021
V	148511	2022
V	148585	2023
V	148659	2024
V	148733	2025
V	148807	2026
V	148881	2027
V	148955	2028
V	149029	2029
V	149103	2030
V	149177	2031
V	149251	2032
V	149325	2033
V	149399	2034
V	149473	2035
V	149547	2036
V	149621	2037
V	149695	2038
V	149769	2039
V	149843	2040
V	149917	2041
V	149991	2042
V	150065	2043
V	150139	2044
V	150213	2045
V	150287	2046
V	150361	2047
V	150435	2048
V	150509	2049
V	150583	2050
V	150657	2051
V	150731	2052
V	150805	2053
V	150879	2054
V	150953	2055
V	151027	2056
V	151101	2057
V	151175	2058
V	151249	2059
V	151323	2060
V	151397	2061
V	151471	2062
V	151545	2063
V	151619	2064
V	151693	2065
V	151767	2066
V	151841	2067
V	151915	2068
V	151989	2069
V	152063	2070
V	152137	2071
V	152211	2072
V	152285	2073
V	152359	2074
V	152433	2075
V	152507	2076
V	152581	2077
V	152655	2078
V	152729	2079
V	152803	2080
V	152877	2081
V	152951	2082
V	153025	2083
V	153099	2084
V	153173	2085
V	153247	2086
V	153321	2087
V	153395	2088
V	153469	2089
V	153543	2090
V	153617	2091
V	153691	2092
V	153765	2093
V	153839	2094
V	153913	2095
V	153987	2096
V	154061	2097
V	154135	2098
V	154209	2099
V	154283	2100
V	154357	2101
V	154431	2102
V	154505	2103
V	154579	2104
V	154653	2105
V	154727	2106
V	154801	2107
V	154875	2108
V	154949	2109
V	155023	2110
V	155097	2111
V	155171	2112
V	155245	2113
V	155319	2114
V	155393	2115
V	155467	2116
V	155541	2117
V	155615	2118
V	155689	2119
V	155763	2120
V	155837	2121
V	155911	2122
V	155985	2123
V	156059	2124
V	156133	2125
V	156207	2126
V	156281	2127
V	156355	2128
V	156429	2129
V	156503	2130
V	156577	2131
V	156651	2132
V	156725	2133
V	156799	2134
V	156873	2135
V	156947	2136
V	157021	2137
V	157095	2138
V	157169	2139
V	157243	2140
V	157317	2141
V	157391	2142
V	157465	2143
V	157539	2144
V	157613	2145
V	157687	2146
V	157761	2147
V	157835	2148
V	157909	2149
V	157983	2150
V	158057	2151
V	158131	2152
V	158205	2153
V	158279	2154
V	158353	2155
V	158427	2156
V	158501	2157
V	158575	2158
V	158649	2159
V	158723	2160
V	158797	2161
V	158871	2162
V	158945	2163
V	159019	2164
V	159093	2165
V	159167	2166
V	159241	2167
V	159315	2168
V	159389	2169
V	159463	2170
V	159537	2171
V	159611	2172
V	159685	2173
V	159759	2174
V	159833	2175
V	159907	2176
V	159981	2177
V	160055	2178
V	160129	2179
V	160203	2180
V	160277	2181
V	160351	2182
V	160425	2183
V	160499	2184
V	160573	2185
V	160647	2186
V	160721	2187
V	160795	2188
V	160869	2189
V	160943	2190
V	161017	2191
V	161091	2192
V	161165	2193
V	161239	2194
V	161313	2195
V	161387	2196
V	161461	2197
V	161535	2198
V	161609	2199
V	161683	2200
V	161757	2201
V	161831	2202
V	161905	2203
V	161979	2204
V	162053	2205
V	162127	2206
V	162201	2207
V	162275	2208
V	162349	2209
V	162423	2210
V	162497	2211
V	162571	2212
V	162645	2213
V	162719	2214
V	162793	2215
V	162867	2216
V	162941	2217
V	163015	2218
V	163089	2219
V	163163	2220
V	163237	2221
V	163311	2222
V	163385	2223
V	163459	2224
V	163533	2225
V	163607	2226
V	163681	2227
V	163755	2228
V	163829	2229
V	163903	2230
V	163977	2231
V	164051	2232
V	164125	2233
V	164199	2234
V	164273	2235
V	164347	2236
V	164421	2237
V	164495	2238
V	164569	2239
V	164643	2240
V	164717	2241
V	164791	2242
V	164865	2243
V	164939	2244
V	165013	2245
V	165087	2246
V	165161	2247
V	165235	2248
V	165309	2249
V	165383	2250
V	165457	2251
V	165531	2252
V	165605	2253
V	165679	2254
V	165753	2255
V	165827	2256
V	165901	2257
V	165975	2258
V	166049	2259
V	166123	2260
V	166197	2261
V	166271	2262
V	166345	2263
V	166419	2264
V	166493	2265
V	166567	2266
V	166641	2267
V	166715	2268
V	166789	2269
V	166863	2270
V	166937	2271
V	167011	2272
V	167085	2273
V	167159	2274
V	167233	2275
V	167307	2276
V	167381	2277
V	167455	2278
V	167529	2279
V	167603	2280
V	167677	2281
V	167751	2282
V	167825	2283
V	167899	2284
V	167973	2285
V	168047	2286
V	168121	2287
V	168195	2288
V	168269	2289
V	168343	2290
V	168417	2291
V	168491	2292
V	168565	2293
V	168639	2294
V	168713	2295
V	168787	2296
V	168861	2297
V	168935	2298
V	169009	2299
V	169083	2300
V	169157	2301
V	169231	2302
V	169305	2303
V	169379	2304
V	169453	2305
V	169527	2306
V	169601	2307
V	169675	2308
V	169749	2309
V	169823	2310
V	169897	2311
V	169971	2312
V	170045	2313
V	170119	2314
V	170193	2315
V	170267	2316
V	170341	2317
V	170415	2318
V	170489	2319
V	170563	2320
V	170637	2321
V	170711	2322
V	170785	2323
V	170859	2324
V	170933	2325
V	171007	2326
V	171081	2327
V	171155	2328
V	171229	2329
V	171303	2330
V	171377	2331
V	171451	2332
V	171525	2333
V	171599	2334
V	171673	2335
V	171747	2336
V	171821	2337
V	171895	2338
V	171969	2339
V	172043	2340
V	172117	2341
V	172191	2342
V	172265	2343
V	172339	2344
V	172413	2345
V	172487	2346
V	172561	2347
V	172635	2348
V	172709	2349
V	172783	2350
V	172857	2351
V	172931	2352
V	173005	2353
V	173079	2354
V	173153	2355
V	173227	2356
V	173301	2357
V	173375	2358
V	173449	2359
V	173523	2360
V	173597	2361
V	173671	2362
V	173745	2363
V	173819	2364
V	173893	2365
V	173967	2366
V	174041	2367
V	174115	2368
V	174189	2369
V	174263	2370
V	174337	2371
V	174411	2372
V	174485	2373
V	174559	2374
V	174633	2375
V	174707	2376
V	174781	2377
V	174855	2378
V	174929	2379
V	175003	2380
V	175077	2381
V	175151	2382
V	175225	2383
V	175299	2384
V	175373	2385
V	175447	2386
V	175521	2387
V	175595	2388
V	175669	2389
V	175743	2390
V	175817	2391
V	175891	2392
V	175965	2393
V	176039	2394
V	176113	2395
V	176187	2396
V	176261	2397
V	176335	2398
V	176409	2399
V	176483	2400
V	176557	2401
V	176631	2402
V	176705	2403
V	176779	2404
V	176853	2405
V	176927	2406
V	177001	2407
V	177075	2408
V	177149	2409
V	177223	2410
V	177297	2411
V	177371	2412
V	177445	2413
V	177519	2414
V	177593	2415
V	177667	2416
V	177741	2417
V	177815	2418
V	177889	2419
V	177963	2420
V	178037	2421
V	178111	2422
V	178185	2423
V	178259	2424
V	178333	2425
V	178407	2426
V	178481	2427
V	178555	2428
V	178629	2429
V	178703	2430
V	178777	2431
V	178851	2432
V	178925	2433
V	178999	2434
V	179073	2435
V	179147	2436
V	179221	2437
V	179295	2438
V	179369	2439
V	179443	2440
V	179517	2441
V	179591	2442
V	179665	2443
V	179739	2444
V	179813	2445
V	179887	2446
V	179961	2447
V	180035	2448
V	180109	2449
V	180183	2450
V	180257	2451
V	180331	2452
V	180405	2453
V	180479	2454
V	180553	2455
V	180627	2456
V	180701	2457
V	180775	2458
V	180849	2459
V	180923	2460
V	180997	2461
V	181071	2462
V	181145	2463
V	181219	2464
V	181293	2465
V	181367	2466
V	181441	2467
V	181515	2468
V	181589	2469
V	181663	2470
V	181737	2471
V	181811	2472
V	181885	2473
V	181959	2474
V	182033	2475
V	182107	2476
V	182181	2477
V	182255	2478
V	182329	2479
V	182403	2480
V	182477	2481
V	182551	2482
V	182625	2483
V	182699	2484
V	182773	2485
V	182847	2486
V	182921	2487
V	182995	2488
V	183069	2489
V	183143	2490
V	183217	2491
V	183291	2492
V	183365	2493
V	183439	2494
V	183513	2495
V	183587	2496
V	183661	2497
V	183735	2498
V	183809	2499
V	183883	2500
V	183957	2501
V	184031	2502
V	184105	2503
V	184179	2504
V	184253	2505
V	184327	2506
V	184401	2507
V	184475	2508
V	184549	2509
V	184623	2510
V	184697	2511
V	184771	2512
V	184845	2513
V	184919	2514
V	184993	2515
V	185067	2516
V	185141	2517
V	185215	2518
V	185289	2519
V	185363	2520
V	185437	2521
V	185511	2522
V	185585	2523
V	185659	2524
V	185733	2525
V	185807	2526
V	185881	2527
V	185955	2528
V	186029	2529
V	186103	2530
V	186177	2531
V	186251	2532
V	186325	2533
V	186399	2534
V	186473	2535
V	186547	2536
V	186621	2537
V	186695	2538
V	186769	2539
V	186843	2540
V	186917	2541
V	186991	2542
V	187065	2543
V	187139	2544
V	187213	2545
V	187287	2546
V	187361	2547
V	187435	2548
V	187509	2549
V	187583	2550
V	187657	2551
V	187731	2552
V	187805	2553
V	187879	2554
V	187953	2555
V	188027	2556
V	188101	2557
V	188175	2558
V	188249	2559
V	188323	2560
V	188397	2561
V	188471	2562
V	188545	2563
V	188619	2564
V	188693	2565
V	188767	2566
V	188841	2567
V	188915	2568
V	188989	2569
V	189063	2570
V	189137	2571
V	189211	2572
V	189285	2573
V	189359	2574
V	189433	2575
V	189507	2576
V	189581	2577
V	189655	2578
V	189729	2579
V	189803	2580
V	189877	2581
V	189951	2582
V	190025	2583
V	190099	2584
V	190173	2585
V	190247	2586
V	190321	2587
V	190395	2588
V	190469	2589
V	190543	2590
V	190617	2591
V	190691	2592
V	190765	2593
V	190839	2594
V	190913	2595
V	190987	2596
V	191061	2597
V	191135	2598
V	191209	2599
V	191283	2600
V	191357	2601
V	191431	2602
V	191505	2603
V	191579	2604
V	191653	2605
V	191727	2606
V	191801	2607
V	191875	2608
V	191949	2609
V	192023	2610
V	192097	2611
V	192171	2612
V	192245	2613
V	192319	2614
V	192393	2615
V	192467	2616
V	192541	2617
V	192615	2618
V	192689	2619
V	192763	2620
V	192837	2621
V	192911	2622
V	192985	2623
V	193059	2624
V	193133	2625
V	193207	2626
V	193281	2627
V	193355	2628
V	193429	2629
V	193503	2630
V	193577	2631
V	193651	2632
V	193725	2633
V	193799	2634
V	193873	2635
V	193947	2636
V	194021	2637
V	194095	2638
V	194169	2639
V	194243	2640
V	194317	2641
V	194391	2642
V	194465	2643
V	194539	2644
V	194613	2645
V	194687	2646
V	194761	2647
V	194835	2648
V	194909	2649
V	194983	2650
V	195057	2651
V	195131	2652
V	195205	2653
V	195279	2654
V	195353	2655
V	195427	2656
V	195501	2657
V	195575	2658
V	195649	2659
V	195723	2660
V	195797	2661
V	195871	2662
V	195945	2663
V	196019	2664
V	196093	2665
V	196167	2666
V	196241	2667
V	196315	2668
V	196389	2669
V	196463	2670
V	196537	2671
V	196611	2672
V	196685	2673
V	196759	2674
V	196833	2675
V	196907	2676
V	196981	2677
V	197055	2678
V	197129	2679
V	197203	2680
V	197277	2681
V	197351	2682
V	197425	2683
V	197499	2684
V	197573	2685
V	197647	2686
V	197721	2687
V	197795	2688
V	197869	2689
V	197943	2690
V	198017	2691
V	198091	2692
V	198165	2693
V	198239	2694
V	198313	2695
V	198387	2696
V	198461	2697
V	198535	2698
V	198609	2699
V	198683	2700
V	198757	2701
V	198831	2702
V	198905	2703
V	198979	2704
V	199053	2705
V	199127	2706
V	199201	2707
V	199275	2708
V	199349	2709
V	199423	2710
V	199497	2711
V	199571	2712
V	199645	2713
V	199719	2714
V	199793	2715
V	199867	2716
V	199941	2717
V	200015	2718
V	200089	2719
V	200163	2720
V	200237	2721
V	200311	2722
V	200385	2723
V	200459	2724
V	200533	2725
V	200607	2726
V	200681	2727
V	200755	2728
V	200829	2729
V	200903	2730
V	200977	2731
V	201051	2732
V	201125	2733
V	201199	2734
V	201273	2735
V	201347	2736
V	201421	2737
V	201495	2738
V	201569	2739
V	201643	2740
V	201717	2741
V	201791	2742
V	201865	2743
V	201939	2744
V	202013	2745
V	202087	2746
V	202161	2747
V	202235	2748
V	202309	2749
V	202383	2750
V	202457	2751
V	202531	2752
V	202605	2753
V	202679	2754
V	202753	2755
V	202827	2756
V	202901	2757
V	202975	2758
V	203049	2759
V	203123	2760
V	203197	2761
V	203271	2762
V	203345	2763
V	203419	2764
V	203493	2765
V	203567	2766
V	203641	2767
V	203715	2768
V	203789	2769
V	203863	2770
V	203937	2771
V	204011	2772
V	204085	2773
V	204159	2774
V	204233	2775
V	204307	2776
V	204381	2777
V	204455	2778
V	204529	2779
V	204603	2780
V	204677	2781
V	204751	2782
V	204825	2783
V	204899	2784
V	204973	2785
V	205047	2786
V	205121	2787
V	205195	2788
V	205269	2789
V	205343	2790
V	205417	2791
V	205491	2792
V	205565	2793
V	205639	2794
V	205713	2795
V	205787	2796
V	205861	2797
V	205935	2798
V	206009	2799
V	206083	2800
V	206157	2801
V	206231	2802
V	206305	2803
V	206379	2804
V	206453	2805
V	206527	2806
V	206601	2807
V	206675	2808
V	206749	2809
V	206823	2810
V	206897	2811
V	206971	2812
V	207045	2813
V	207119	2814
V	207193	2815
V	207267	2816
V	207341	2817
V	207415	2818
V	207489	2819
V	207563	2820
V	207637	2821
V	207711	2822
V	207785	2823
V	207859	2824
V	207933	2825
V	208007	2826
V	208081	2827
V	208155	2828
V	208229	2829
V	208303	2830
V	208377	2831
V	208451	2832
V	208525	2833
V	208599	2834
V	208673	2835
V	208747	2836
V	208821	2837
V	208895	2838
V	208969	2839
V	209043	2840
V	209117	2841
V	209191	2842
V	209265	2843
V	209339	2844
V	209413	2845
V	209487	2846
V	209561	2847
V	209635	2848
V	209709	2849
V	209783	2850
V	209857	2851
V	209931	2852
V	210005	2853
V	210079	2854
V	210153	2855
V	210227	2856
V	210301	2857
V	210375	2858
V	210449	2859
V	210523	2860
V	210597	2861
V	210671	2862
V	210745	2863
V	210819	2864
V	210893	2865
V	210967	2866
V	211041	2867
V	211115	2868
V	211189	2869
V	211263	2870
V	211337	2871
V	211411	2872
V	211485	2873
V	211559	2874
V	211633	2875
V	211707	2876
V	211781	2877
V	211855	2878
V	211929	2879
V	212003	2880
V	212077	2881
V	212151	2882
V	212225	2883
V	212299	2884
V	212373	2885
V	212447	2886
V	212521	2887
V	212595	2888
V	212669	2889
V	212743	2890
V	212817	2891
V	212891	2892
V	212965	2893
V	213039	2894
V	213113	2895
V	213187	2896
V	213261	2897
V	213335	2898
V	213409	2899
V	213483	2900
V	213557	2901
V	213631	2902
V	213705	2903
V	213779	2904
V	213853	2905
V	213927	2906
V	214001	2907
V	214075	2908
V	214149	2909
V	214223	2910
V	214297	2911
V	214371	2912
V	214445	2913
V	214519	2914
V	214593	2915
V	214667	2916
V	214741	2917
V	214815	2918
V	214889	2919
V	214963	2920
V	215037	2921
V	215111	2922
V	215185	2923
V	215259	2924
V	215333	2925
V	215407	2926
V	215481	2927
V	215555	2928
V	215629	2929
V	215703	2930
V	215777	2931
V	215851	2932
V	215925	2933
V	215999	2934
V	216073	2935
V	216147	2936
V	216221	2937
V	216295	2938
V	216369	2939
V	216443	2940
V	216517	2941
V	216591	2942
V	216665	2943
V	216739	2944
V	216813	2945
V	216887	2946
V	216961	2947
V	217035	2948
V	217109	2949
V	217183	2950
V	217257	2951
V	217331	2952
V	217405	2953
V	217479	2954
V	217553	2955
V	217627	2956
V	217701	2957
V	217775	2958
V	217849	2959
V	217923	2960
V	217997	2961
V	218071	2962
V	218145	2963
V	218219	2964
V	218293	2965
V	218367	2966
V	218441	2967
V	218515	2968
V	218589	2969
V	218663	2970
V	218737	2971
V	218811	2972
V	218885	2973
V	218959	2974
V	219033	2975
V	219107	2976
V	219181	2977
V	219255	2978
V	219329	2979
V	219403	2980
V	219477	2981
V	219551	2982
V	219625	2983
V	219699	2984
V	219773	2985
V	219847	2986
V	219921	2987
V	219995	2988
V	220069	2989
V	220143	2990
V	220217	2991
V	220291	2992
V	220365	2993
V	220439	2994
V	220513	2995
V	220587	2996
V	220661	2997
V	220735	2998
V	220809	2999
V	220883	3000
V	220957	3001
V	221031	3002
V	221105	3003
V	221179	3004
V	221253	3005
V	221327	3006
V	221401	3007
V	221475	3008
V	221549	3009
V	221623	3010
V	221697	3011
V	221771	3012
V	221845	3013
V	221919	3014
V	221993	3015
V	222067	3016
V	222141	3017
V	222215	3018
V	222289	3019
V	222363	3020
V	222437	3021
V	222511	3022
V	222585	3023
V	222659	3024
V	222733	3025
V	222807	3026
V	222881	3027
V	222955	3028
V	223029	3029
V	223103	3030
V	223177	3031
V	223251	3032
V	223325	3033
V	223399	3034
V	223473	3035
V	223547	3036
V	223621	3037
V	223695	3038
V	223769	3039
V	223843	3040
V	223917	3041
V	223991	3042
V	224065	3043
V	224139	3044
V	224213	3045
V	224287	3046
V	224361	3047
V	224435	3048
V	224509	3049
V	224583	3050
V	224657	3051
V	224731	3052
V	224805	3053
V	224879	3054
V	224953	3055
V	225027	3056
V	225101	3057
V	225175	3058
V	225249	3059
V	225323	3060
V	225397	3061
V	225471	3062
V	225545	3063
V	225619	3064
V	225693	3065
V	225767	3066
V	225841	3067
V	225915	3068
V	225989	3069
V	226063	3070
V	226137	3071
V	226211	3072
V	226285	3073
V	226359	3074
V	226433	3075
V	226507	3076
V	226581	3077
V	226655	3078
V	226729	3079
V	226803	3080
V	226877	3081
V	226951	3082
V	227025	3083
V	227099	3084
V	227173	3085
V	227247	3086
V	227321	3087
V	227395	3088
V	227469	3089
V	227543	3090
V	227617	3091
V	227691	3092
V	227765	3093
V	227839	3094
V	227913	3095
V	227987	3096
V	228061	3097
V	228135	3098
V	228209	3099
V	228283	3100
V	228357	3101
V	228431	3102
V	228505	3103
V	228579	3104
V	228653	3105
V	228727	3106
V	228801	3107
V	228875	3108
V	228949	3109
V	229023	3110
V	229097	3111
V	229171	3112
V	229245	3113
V	229319	3114
V	229393	3115
V	229467	3116
V	229541	3117
V	229615	3118
V	229689	3119
V	229763	3120
V	229837	3121
V	229911	3122
V	229985	3123
V	230059	3124
V	230133	3125
V	230207	3126
V	230281	3127
V	230355	3128
V	230429	3129
V	230503	3130
V	230577	3131
V	230651	3132
V	230725	3133
V	230799	3134
V	230873	3135
V	230947	3136
V	231021	3137
V	231095	3138
V	231169	3139
V	231243	3140
V	231317	3141
V	231391	3142
V	231465	3143
V	231539	3144
V	231613	3145
V	231687	3146
V	231761	3147
V	231835	3148
V	231909	3149
V	231983	3150
V	232057	3151
V	232131	3152
V	232205	3153
V	232279	3154
V	232353	3155
V	232427	3156
V	232501	3157
V	232575	3158
V	232649	3159
V	232723	3160
V	232797	3161
V	232871	3162
V	232945	3163
V	233019	3164
V	233093	3165
V	233167	3166
V	233241	3167
V	233315	3168
V	233389	3169
V	233463	3170
V	233537	3171
V	233611	3172
V	233685	3173
V	233759	3174
V	233833	3175
V	233907	3176
V	233981	3177
V	234055	3178
V	234129	3179
V	234203	3180
V	234277	3181
V	234351	3182
V	234425	3183
V	234499	3184
V	234573	3185
V	234647	3186
V	234721	3187
V	234795	3188
V	234869	3189
V	234943	3190
V	235017	3191
V	235091	3192
V	235165	3193
V	235239	3194
V	235313	3195
V	235387	3196
V	235461	3197
V	235535	3198
V	235609	3199
V	235683	3200
V	235757	3201
V	235831	3202
V	235905	3203
V	235979	3204
V	236053	3205
V	236127	3206
V	236201	3207
V	236275	3208
V	236349	3209
V	236423	3210
V	236497	3211
V	236571	3212
V	236645	3213
V	236719	3214
V	236793	3215
V	236867	3216
V	236941	3217
V	237015	3218
V	237089	3219
V	237163	3220
V	237237	3221
V	237311	3222
V	237385	3223
V	237459	3224
V	237533	3225
V	237607	3226
V	237681	3227
V	237755	3228
V	237829	3229
V	237903	3230
V	237977	3231
V	238051	3232
V	238125	3233
V	238199	3234
V	238273	3235
V	238347	3236
V	238421	3237
V	238495	3238
V	238569	3239
V	238643	3240
V	238717	3241
V	238791	3242
V	238865	3243
V	238939	3244
V	239013	3245
V	239087	3246
V	239161	3247
V	239235	3248
V	239309	3249
V	239383	3250
V	239457	3251
V	239531	3252
V	239605	3253
V	239679	3254
V	239753	3255
V	239827	3256
V	239901	3257
V	239975	3258
V	240049	3259
V	240123	3260
V	240197	3261
V	240271	3262
V	240345	3263
V	240419	3264
V	240493	3265
V	240567	3266
V	240641	3267
V	240715	3268
V	240789	3269
V	240863	3270
V	240937	3271
V	241011	3272
V	241085	3273
V	241159	3274
V	241233	3275
V	241307	3276
V	241381	3277
V	241455	3278
V	241529	3279
V	241603	3280
V	241677	3281
V	241751	3282
V	241825	3283
V	241899	3284
V	241973	3285
V	242047	3286
V	242121	3287
V	242195	3288
V	242269	3289
V	242343	3290
V	242417	3291
V	242491	3292
V	242565	3293
V	242639	3294
V	242713	3295
V	242787	3296
V	242861	3297
V	242935	3298
V	243009	3299
V	243083	3300
V	243157	3301
V	243231	3302
V	243305	3303
V	243379	3304
V	243453	3305
V	243527	3306
V	243601	3307
V	243675	3308
V	243749	3309
V	243823	3310
V	243897	3311
V	243971	3312
V	244045	3313
V	244119	3314
V	244193	3315
V	244267	3316
V	244341	3317
V	244415	3318
V	244489	3319
V	244563	3320
V	244637	3321
V	244711	3322
V	244785	3323
V	244859	3324
V	244933	3325
V	245007	3326
V	245081	3327
V	245155	3328
V	245229	3329
V	245303	3330
V	245377	3331
V	245451	3332
V	245525	3333
V	245599	3334
V	245673	3335
V	245747	3336
V	245821	3337
V	245895	3338
V	245969	3339
V	246043	3340
V	246117	3341
V	246191	3342
V	246265	3343
V	246339	3344
V	246413	3345
V	246487	3346
V	246561	3347
V	246635	3348
V	246709	3349
V	246783	3350
V	246857	3351
V	246931	3352
V	247005	3353
V	247079	3354
V	247153	3355
V	247227	3356
V	247301	3357
V	247375	3358
V	247449	3359
V	247523	3360
V	247597	3361
V	247671	3362
V	247745	3363
V	247819	3364
V	247893	3365
V	247967	3366
V	248041	3367
V	248115	3368
V	248189	3369
V	248263	3370
V	248337	3371
V	248411	3372
V	248485	3373
V	248559	3374
V	248633	3375
V	248707	3376
V	248781	3377
V	248855	3378
V	248929	3379
V	249003	3380
V	249077	3381
V	249151	3382
V	249225	3383
V	249299	3384
V	249373	3385
V	249447	3386
V	249521	3387
V	249595	3388
V	249669	3389
V	249743	3390
V	249817	3391
V	249891	3392
V	249965	3393
V	250039	3394
V	250113	3395
V	250187	3396
V	250261	3397
V	250335	3398
V	250409	3399
V	250483	3400
V	250557	3401
V	250631	3402
V	250705	3403
V	250779	3404
V	250853	3405
V	250927	3406
V	251001	3407
V	251075	3408
V	251149	3409
V	251223	3410
V	251297	3411
V	251371	3412
V	251445	3413
V	251519	3414
V	251593	3415
V	251667	3416
V	251741	3417
V	251815	3418
V	251889	3419
V	251963	3420
V	252037	3421
V	252111	3422
V	252185	3423
V	252259	3424
V	252333	3425
V	252407	3426
V	252481	3427
V	252555	3428
V	252629	3429
V	252703	3430
V	252777	3431
V	252851	3432
V	252925	3433
V	252999	3434
V	253073	3435
V	253147	3436
V	253221	3437
V	253295	3438
V	253369	3439
V	253443	3440
V	253517	3441
V	253591	3442
V	253665	3443
V	253739	3444
V	253813	3445
V	253887	3446
V	253961	3447
V	254035	3448
V	254109	3449
V	254183	3450
V	254257	3451
V	254331	3452
V	254405	3453
V	254479	3454
V	254553	3455
V	254627	3456
V	254701	3457
V	254775	3458
V	254849	3459
V	254923	3460
V	254997	3461
V	255071	3462
V	255145	3463
V	255219	3464
V	255293	3465
V	255367	3466
V	255441	3467
V	255515	3468
V	255589	3469
V	255663	3470
V	255737	3471
V	255811	3472
V	255885	3473
V	255959	3474
V	256033	3475
V	256107	3476
V	256181	3477
V	256255	3478
V	256329	3479
V	256403	3480
V	256477	3481
V	256551	3482
V	256625	3483
V	256699	3484
V	256773	3485
V	256847	3486
V	256921	3487
V	256995	3488
V	257069	3489
V	257143	3490
V	257217	3491
V	257291	3492
V	257365	3493
V	257439	3494
V	257513	3495
V	257587	3496
V	257661	3497
V	257735	3498
V	257809	3499
V	257883	3500
V	257957	3501
V	258031	3502
V	258105	3503
V	258179	3504
V	258253	3505
V	258327	3506
V	258401	3507
V	258475	3508
V	258549	3509
V	258623	3510
V	258697	3511
V	258771	3512
V	258845	3513
V	258919	3514
V	258993	3515
V	259067	3516
V	259141	3517
V	259215	3518
V	259289	3519
V	259363	3520
V	259437	3521
V	259511	3522
V	259585	3523
V	259659	3524
V	259733	3525
V	259807	3526
V	259881	3527
V	259955	3528
V	260029	3529
V	260103	3530
V	260177	3531
V	260251	3532
V	260325	3533
V	260399	3534
V	260473	3535
V	260547	3536
V	260621	3537
V	260695	3538
V	260769	3539
V	260843	3540
V	260917	3541
V	260991	3542
V	261065	3543
V	261139	3544
V	261213	3545
V	261287	3546
V	261361	3547
V	261435	3548
V	261509	3549
V	261583	3550
V	261657	3551
V	261731	3552
V	261805	3553
V	261879	3554
V	261953	3555
V	262027	3556
V	262101	3557
V	262175	3558
V	262249	3559
V	262323	3560
V	262397	3561
V	262471	3562
V	262545	3563
V	262619	3564
V	262693	3565
V	262767	3566
V	262841	3567
V	262915	3568
V	262989	3569
V	263063	3570
V	263137	3571
V	263211	3572
V	263285	3573
V	263359	3574
V	263433	3575
V	263507	3576
V	263581	3577
V	263655	3578
V	263729	3579
V	263803	3580
V	263877	3581
V	263951	3582
V	264025	3583
V	264099	3584
V	264173	3585
V	264247	3586
V	264321	3587
V	264395	3588
V	264469	3589
V	264543	3590
V	264617	3591
V	264691	3592
V	264765	3593
V	264839	3594
V	264913	3595
V	264987	3596
V	265061	3597
V	265135	3598
V	265209	3599
V	265283	3600
V	265357	3601
V	265431	3602
V	265505	3603
V	265579	3604
V	265653	3605
V	265727	3606
V	265801	3607
V	265875	3608
V	265949	3609
V	266023	3610
V	266097	3611
V	266171	3612
V	266245	3613
V	266319	3614
V	266393	3615
V	266467	3616
V	266541	3617
V	266615	3618
V	266689	3619
V	266763	3620
V	266837	3621
V	266911	3622
V	266985	3623
V	267059	3624
V	267133	3625
V	267207	3626
V	267281	3627
V	267355	3628
V	267429	3629
V	267503	3630
V	267577	3631
V	267651	3632
V	267725	3633
V	267799	3634
V	267873	3635
V	267947	3636
V	268021	3637
V	268095	3638
V	268169	3639
V	268243	3640
V	268317	3641
V	268391	3642
V	268465	3643
V	268539	3644
V	268613	3645
V	268687	3646
V	268761	3647
V	268835	3648
V	268909	3649
V	268983	3650
V	269057	3651
V	269131	3652
V	269205	3653
V	269279	3654
V	269353	3655
V	269427	3656
V	269501	3657
V	269575	3658
V	269649	3659
V	269723	3660
V	269797	3661
V	269871	3662
V	269945	3663
V	270019	3664
V	270093	3665
V	270167	3666
V	270241	3667
V	270315	3668
V	270389	3669
V	270463	3670
V	270537	3671
V	270611	3672
V	270685	3673
V	270759	3674
V	270833	3675
V	270907	3676
V	270981	3677
V	271055	3678
V	271129	3679
V	271203	3680
V	271277	3681
V	271351	3682
V	271425	3683
V	271499	3684
V	271573	3685
V	271647	3686
V	271721	3687
V	271795	3688
V	271869	3689
V	271943	3690
V	272017	3691
V	272091	3692
V	272165	3693
V	272239	3694
V	272313	3695
V	272387	3696
V	272461	3697
V	272535	3698
V	272609	3699
V	272683	3700
V	272757	3701
V	272831	3702
V	272905	3703
V	272979	3704
V	273053	3705
V	273127	3706
V	273201	3707
V	273275	3708
V	273349	3709
V	273423	3710
V	273497	3711
V	273571	3712
V	273645	3713
V	273719	3714
V	273793	3715
V	273867	3716
V	273941	3717
V	274015	3718
V	274089	3719
V	274163	3720
V	274237	3721
V	274311	3722
V	274385	3723
V	274459	3724
V	274533	3725
V	274607	3726
V	274681	3727
V	274755	3728
V	274829	3729
V	274903	3730
V	274977	3731
V	275051	3732
V	275125	3733
V	275199	3734
V	275273	3735
V	275347	3736
V	275421	3737
V	275495	3738
V	275569	3739
V	275643	3740
V	275717	3741
V	275791	3742
V	275865	3743
V	275939	3744
V	276013	3745
V	276087	3746
V	276161	3747
V	276235	3748
V	276309	3749
V	276383	3750
V	276457	3751
V	276531	3752
V	276605	3753
V	276679	3754
V	276753	3755
V	276827	3756
V	276901	3757
V	276975	3758
V	277049	3759
V	277123	3760
V	277197	3761
V	277271	3762
V	277345	3763
V	277419	3764
V	277493	3765
V	277567	3766
V	277641	3767
V	277715	3768
V	277789	3769
V	277863	3770
V	277937	3771
V	278011	3772
V	278085	3773
V	278159	3774
V	278233	3775
V	278307	3776
V	278381	3777
V	278455	3778
V	278529	3779
V	278603	3780
V	278677	3781
V	278751	3782
V	278825	3783
V	278899	3784
V	278973	3785
V	279047	3786
V	279121	3787
V	279195	3788
V	279269	3789
V	279343	3790
V	279417	3791
V	279491	3792
V	279565	3793
V	279639	3794
V	279713	3795
V	279787	3796
V	279861	3797
V	279935	3798
V	280009	3799
V	280083	3800
V	280157	3801
V	280231	3802
V	280305	3803
V	280379	3804
V	280453	3805
V	280527	3806
V	280601	3807
V	280675	3808
V	280749	3809
V	280823	3810
V	280897	3811
V	280971	3812
V	281045	3813
V	281119	3814
V	281193	3815
V	281267	3816
V	281341	3817
V	281415	3818
V	281489	3819
V	281563	3820
V	281637	3821
V	281711	3822
V	281785	3823
V	281859	3824
V	281933	3825
V	282007	3826
V	282081	3827
V	282155	3828
V	282229	3829
V	282303	3830
V	282377	3831
V	282451	3832
V	282525	3833
V	282599	3834
V	282673	3835
V	282747	3836
V	282821	3837
V	282895	3838
V	282969	3839
V	283043	3840
V	283117	3841
V	283191	3842
V	283265	3843
V	283339	3844
V	283413	3845
V	283487	3846
V	283561	3847
V	283635	3848
V	283709	3849
V	283783	3850
V	283857	3851
V	283931	3852
V	284005	3853
V	284079	3854
V	284153	3855
V	284227	3856
V	284301	3857
V	284375	3858
V	284449	3859
V	284523	3860
V	284597	3861
V	284671	3862
V	284745	3863
V	284819	3864
V	284893	3865
V	284967	3866
V	285041	3867
V	285115	3868
V	285189	3869
V	285263	3870
V	285337	3871
V	285411	3872
V	285485	3873
V	285559	3874
V	285633	3875
V	285707	3876
V	285781	3877
V	285855	3878
V	285929	3879
V	286003	3880
V	286077	3881
V	286151	3882
V	286225	3883
V	286299	3884
V	286373	3885
V	286447	3886
V	286521	3887
V	286595	3888
V	286669	3889
V	286743	3890
V	286817	3891
V	286891	3892
V	286965	3893
V	287039	3894
V	287113	3895
V	287187	3896
V	287261	3897
V	287335	3898
V	287409	3899
V	287483	3900
V	287557	3901
V	287631	3902
V	287705	3903
V	287779	3904
V	287853	3905
V	287927	3906
V	288001	3907
V	288075	3908
V	288149	3909
V	288223	3910
V	288297	3911
V	288371	3912
V	288445	3913
V	288519	3914
V	288593	3915
V	288667	3916
V	288741	3917
V	288815	3918
V	288889	3919
V	288963	3920
V	289037	3921
V	289111	3922
V	289185	3923
V	289259	3924
V	289333	3925
V	289407	3926
V	289481	3927
V	289555	3928
V	289629	3929
V	289703	3930
V	289777	3931
V	289851	3932
V	289925	3933
V	289999	3934
V	290073	3935
V	290147	3936
V	290221	3937
V	290295	3938
V	290369	3939
V	290443	3940
V	290517	3941
V	290591	3942
V	290665	3943
V	290739	3944
V	290813	3945
V	290887	3946
V	290961	3947
V	291035	3948
V	291109	3949
V	291183	3950
V	291257	3951
V	291331	3952
V	291405	3953
V	291479	3954
V	291553	3955
V	291627	3956
V	291701	3957
V	291775	3958
V	291849	3959
V	291923	3960
V	291997	3961
V	292071	3962
V	292145	3963
V	292219	3964
V	292293	3965
V	292367	3966
V	292441	3967
V	292515	3968
V	292589	3969
V	292663	3970
V	292737	3971
V	292811	3972
V	292885	3973
V	292959	3974
V	293033	3975
V	293107	3976
V	293181	3977
V	293255	3978
V	293329	3979
V	293403	3980
V	293477	3981
V	293551	3982
V	293625	3983
V	293699	3984
V	293773	3985
V	293847	3986
V	293921	3987
V	293995	3988
V	294069	3989
V	294143	3990
V	294217	3991
V	294291	3992
V	294365	3993
V	294439	3994
V	294513	3995
V	294587	3996
V	294661	3997
V	294735	3998
V	294809	3999
V	294883	4000
V	294957	4001
V	295031	4002
V	295105	4003
V	295179	4004
V	295253	4005
V	295327	4006
V	295401	4007
V	295475	4008
V	295549	4009
V	295623	4010
V	295697	4011
V	295771	4012
V	295845	4013
V	295919	4014
V	295993	4015
V	296067	4016
V	296141	4017
V	296215	4018
V	296289	4019
V	296363	4020
V	296437	4021
V	296511	4022
V	296585	4023
V	296659	4024
V	296733	4025
V	296807	4026
V	296881	4027
V	296955	4028
V	297029	4029
V	297103	4030
V	297177	4031
V	297251	4032
V	297325	4033
V	297399	4034
V	297473	4035
V	297547	4036
V	297621	4037
V	297695	4038
V	297769	4039
V	297843	4040
V	297917	4041
V	297991	4042
V	298065	4043
V	298139	4044
V	298213	4045
V	298287	4046
V	298361	4047
V	298435	4048
V	298509	4049
V	298583	4050
V	298657	4051
V	298731	4052
V	298805	4053
V	298879	4054
V	298953	4055
V	299027	4056
V	299101	4057
V	299175	4058
V	299249	4059
V	299323	4060
V	299397	4061
V	299471	4062
V	299545	4063
V	299619	4064
V	299693	4065
V	299767	4066
V	299841	4067
V	299915	4068
V	299989	4069
V	300063	4070
V	300137	4071
V	300211	4072
V	300285	4073
V	300359	4074
V	300433	4075
V	300507	4076
V	300581	4077
V	300655	4078
V	300729	4079
V	300803	4080
V	300877	4081
V	300951	4082
V	301025	4083
V	301099	4084
V	301173	4085
V	301247	4086
V	301321	4087
V	301395	4088
V	301469	4089
V	301543	4090
V	301617	4091
V	301691	4092
V	301765	4093
V	301839	4094
V	301913	4095
V	301987	4096
V	302061	4097
V	302135	4098
V	302209	4099
V	302283	4100
V	302357	4101
V	302431	4102
V	302505	4103
V	302579	4104
V	302653	4105
V	302727	4106
V	302801	4107
V	302875	4108
V	302949	4109
V	303023	4110
V	303097	4111
V	303171	4112
V	303245	4113
V	303319	4114
V	303393	4115
V	303467	4116
V	303541	4117
V	303615	4118
V	303689	4119
V	303763	4120
V	303837	4121
V	303911	4122
V	303985	4123
V	304059	4124
V	304133	4125
V	304207	4126
V	304281	4127
V	304355	4128
V	304429	4129
V	304503	4130
V	304577	4131
V	304651	4132
V	304725	4133
V	304799	4134
V	304873	4135
V	304947	4136
V	305021	4137
V	305095	4138
V	305169	4139
V	305243	4140
V	305317	4141
V	305391	4142
V	305465	4143
V	305539	4144
V	305613	4145
V	305687	4146
V	305761	4147
V	305835	4148
V	305909	4149
V	305983	4150
V	306057	4151
V	306131	4152
V	306205	4153
V	306279	4154
V	306353	4155
V	306427	4156
V	306501	4157
V	306575	4158
V	306649	4159
V	306723	4160
V	306797	4161
V	306871	4162
V	306945	4163
V	307019	4164
V	307093	4165
V	307167	4166
V	307241	4167
V	307315	4168
V	307389	4169
V	307463	4170
V	307537	4171
V	307611	4172
V	307685	4173
V	307759	4174
V	307833	4175
V	307907	4176
V	307981	4177
V	308055	4178
V	308129	4179
V	308203	4180
V	308277	4181
V	308351	4182
V	308425	4183
V	308499	4184
V	308573	4185
V	308647	4186
V	308721	4187
V	308795	4188
V	308869	4189
V	308943	4190
V	309017	4191
V	309091	4192
V	309165	4193
V	309239	4194
V	309313	4195
V	309387	4196
V	309461	4197
V	309535	4198
V	309609	4199
V	309683	4200
V	309757	4201
V	309831	4202
V	309905	4203
V	309979	4204
V	310053	4205
V	310127	4206
V	310201	4207
V	310275	4208
V	310349	4209
V	310423	4210
V	310497	4211
V	310571	4212
V	310645	4213
V	310719	4214
V	310793	4215
V	310867	4216
V	310941	4217
V	311015	4218
V	311089	4219
V	311163	4220
V	311237	4221
V	311311	4222
V	311385	4223
V	311459	4224
V	311533	4225
V	311607	4226
V	311681	4227
V	311755	4228
V	311829	4229
V	311903	4230
V	311977	4231
V	312051	4232
V	312125	4233
V	312199	4234
V	312273	4235
V	312347	4236
V	312421	4237
V	312495	4238
V	312569	4239
V	312643	4240
V	312717	4241
V	312791	4242
V	312865	4243
V	312939	4244
V	313013	4245
V	313087	4246
V	313161	4247
V	313235	4248
V	313309	4249
V	313383	4250
V	313457	4251
V	313531	4252
V	313605	4253
V	313679	4254
V	313753	4255
V	313827	4256
V	313901	4257
V	313975	4258
V	314049	4259
V	314123	4260
V	314197	4261
V	314271	4262
V	314345	4263
V	314419	4264
V	314493	4265
V	314567	4266
V	314641	4267
V	314715	4268
V	314789	4269
V	314863	4270
V	314937	4271
V	315011	4272
V	315085	4273
V	315159	4274
V	315233	4275
V	315307	4276
V	315381	4277
V	315455	4278
V	315529	4279
V	315603	4280
V	315677	4281
V	315751	4282
V	315825	4283
V	315899	4284
V	315973	4285
V	316047	4286
V	316121	4287
V	316195	4288
V	316269	4289
V	316343	4290
V	316417	4291
V	316491	4292
V	316565	4293
V	316639	4294
V	316713	4295
V	316787	4296
V	316861	4297
V	316935	4298
V	317009	4299
V	317083	4300
V	317157	4301
V	317231	4302
V	317305	4303
V	317379	4304
V	317453	4305
V	317527	4306
V	317601	4307
V	317675	4308
V	317749	4309
V	317823	4310
V	317897	4311
V	317971	4312
V	318045	4313
V	318119	4314
V	318193	4315
V	318267	4316
V	318341	4317
V	318415	4318
V	318489	4319
V	318563	4320
V	318637	4321
V	318711	4322
V	318785	4323
V	318859	4324
V	318933	4325
V	319007	4326
V	319081	4327
V	319155	4328
V	319229	4329
V	319303	4330
V	319377	4331
V	319451	4332
V	319525	4333
V	319599	4334
V	319673	4335
V	319747	4336
V	319821	4337
V	319895	4338
V	319969	4339
V	320043	4340
V	320117	4341
V	320191	4342
V	320265	4343
V	320339	4344
V	320413	4345
V	320487	4346
V	320561	4347
V	320635	4348
V	320709	4349
V	320783	4350
V	320857	4351
V	320931	4352
V	321005	4353
V	321079	4354
V	321153	4355
V	321227	4356
V	321301	4357
V	321375	4358
V	321449	4359
V	321523	4360
V	321597	4361
V	321671	4362
V	321745	4363
V	321819	4364
V	321893	4365
V	321967	4366
V	322041	4367
V	322115	4368
V	322189	4369
V	322263	4370
V	322337	4371
V	322411	4372
V	322485	4373
V	322559	4374
V	322633	4375
V	322707	4376
V	322781	4377
V	322855	4378
V	322929	4379
V	323003	4380
V	323077	4381
V	323151	4382
V	323225	4383
V	323299	4384
V	323373	4385
V	323447	4386
V	323521	4387
V	323595	4388
V	323669	4389
V	323743	4390
V	323817	4391
V	323891	4392
V	323965	4393
V	324039	4394
V	324113	4395
V	324187	4396
V	324261	4397
V	324335	4398
V	324409	4399
V	324483	4400
V	324557	4401
V	324631	4402
V	324705	4403
V	324779	4404
V	324853	4405
V	324927	4406
V	325001	4407
V	325075	4408
V	325149	4409
V	325223	4410
V	325297	4411
V	325371	4412
V	325445	4413
V	325519	4414
V	325593	4415
V	325667	4416
V	325741	4417
V	325815	4418
V	325889	4419
V	325963	4420
V	326037	4421
V	326111	4422
V	326185	4423
V	326259	4424
V	326333	4425
V	326407	4426
V	326481	4427
V	326555	4428
V	326629	4429
V	326703	4430
V	326777	4431
V	326851	4432
V	326925	4433
V	326999	4434
V	327073	4435
V	327147	4436
V	327221	4437
V	327295	4438
V	327369	4439
V	327443	4440
V	327517	4441
V	327591	4442
V	327665	4443
V	327739	4444
V	327813	4445
V	327887	4446
V	327961	4447
V	328035	4448
V	328109	4449
V	328183	4450
V	328257	4451
V	328331	4452
V	328405	4453
V	328479	4454
V	328553	4455
V	328627	4456
V	328701	4457
V	328775	4458
V	328849	4459
V	328923	4460
V	328997	4461
V	329071	4462
V	329145	4463
V	329219	4464
V	329293	4465
V	329367	4466
V	329441	4467
V	329515	4468
V	329589	4469
V	329663	4470
V	329737	4471
V	329811	4472
V	329885	4473
V	329959	4474
V	330033	4475
V	330107	4476
V	330181	4477
V	330255	4478
V	330329	4479
V	330403	4480
V	330477	4481
V	330551	4482
V	330625	4483
V	330699	4484
V	330773	4485
V	330847	4486
V	330921	4487
V	330995	4488
V	331069	4489
V	331143	4490
V	331217	4491
V	331291	4492
V	331365	4493
V	331439	4494
V	331513	4495
V	331587	4496
V	331661	4497
V	331735	4498
V	331809	4499
V	331883	4500
V	331957	4501
V	332031	4502
V	332105	4503
V	332179	4504
V	332253	4505
V	332327	4506
V	332401	4507
V	332475	4508
V	332549	4509
V	332623	4510
V	332697	4511
V	332771	4512
V	332845	4513
V	332919	4514
V	332993	4515
V	333067	4516
V	333141	4517
V	333215	4518
V	333289	4519
V	333363	4520
V	333437	4521
V	333511	4522
V	333585	4523
V	333659	4524
V	333733	4525
V	333807	4526
V	333881	4527
V	333955	4528
V	334029	4529
V	334103	4530
V	334177	4531
V	334251	4532
V	334325	4533
V	334399	4534
V	334473	4535
V	334547	4536
V	334621	4537
V	334695	4538
V	334769	4539
V	334843	4540
V	334917	4541
V	334991	4542
V	335065	4543
V	335139	4544
V	335213	4545
V	335287	4546
V	335361	4547
V	335435	4548
V	335509	4549
V	335583	4550
V	335657	4551
V	335731	4552
V	335805	4553
V	335879	4554
V	335953	4555
V	336027	4556
V	336101	4557
V	336175	4558
V	336249	4559
V	336323	4560
V	336397	4561
V	336471	4562
V	336545	4563
V	336619	4564
V	336693	4565
V	336767	4566
V	336841	4567
V	336915	4568
V	336989	4569
V	337063	4570
V	337137	4571
V	337211	4572
V	337285	4573
V	337359	4574
V	337433	4575
V	337507	4576
V	337581	4577
V	337655	4578
V	337729	4579
V	337803	4580
V	337877	4581
V	337951	4582
V	338025	4583
V	338099	4584
V	338173	4585
V	338247	4586
V	338321	4587
V	338395	4588
V	338469	4589
V	338543	4590
V	338617	4591
V	338691	4592
V	338765	4593
V	338839	4594
V	338913	4595
V	338987	4596
V	339061	4597
V	339135	4598
V	339209	4599
V	339283	4600
V	339357	4601
V	339431	4602
V	339505	4603
V	339579	4604
V	339653	4605
V	339727	4606
V	339801	4607
V	339875	4608
V	339949	4609
V	340023	4610
V	340097	4611
V	340171	4612
V	340245	4613
V	340319	4614
V	340393	4615
V	340467	4616
V	340541	4617
V	340615	4618
V	340689	4619
V	340763	4620
V	340837	4621
V	340911	4622
V	340985	4623
V	341059	4624
V	341133	4625
V	341207	4626
V	341281	4627
V	341355	4628
V	341429	4629
V	341503	4630
V	341577	4631
V	341651	4632
V	341725	4633
V	341799	4634
V	341873	4635
V	341947	4636
V	342021	4637
V	342095	4638
V	342169	4639
V	342243	4640
V	342317	4641
V	342391	4642
V	342465	4643
V	342539	4644
V	342613	4645
V	342687	4646
V	342761	4647
V	342835	4648
V	342909	4649
V	342983	4650
V	343057	4651
V	343131	4652
V	343205	4653
V	343279	4654
V	343353	4655
V	343427	4656
V	343501	4657
V	343575	4658
V	343649	4659
V	343723	4660
V	343797	4661
V	343871	4662
V	343945	4663
V	344019	4664
V	344093	4665
V	344167	4666
V	344241	4667
V	344315	4668
V	344389	4669
V	344463	4670
V	344537	4671
V	344611	4672
V	344685	4673
V	344759	4674
V	344833	4675
V	344907	4676
V	344981	4677
V	345055	4678
V	345129	4679
V	345203	4680
V	345277	4681
V	345351	4682
V	345425	4683
V	345499	4684
V	345573	4685
V	345647	4686
V	345721	4687
V	345795	4688
V	345869	4689
V	345943	4690
V	346017	4691
V	346091	4692
V	346165	4693
V	346239	4694
V	346313	4695
V	346387	4696
V	346461	4697
V	346535	4698
V	346609	4699
V	346683	4700
V	346757	4701
V	346831	4702
V	346905	4703
V	346979	4704
V	347053	4705
V	347127	4706
V	347201	4707
V	347275	4708
V	347349	4709
V	347423	4710
V	347497	4711
V	347571	4712
V	347645	4713
V	347719	4714
V	347793	4715
V	347867	4716
V	347941	4717
V	348015	4718
V	348089	4719
V	348163	4720
V	348237	4721
V	348311	4722
V	348385	4723
V	348459	4724
V	348533	4725
V	348607	4726
V	348681	4727
V	348755	4728
V	348829	4729
V	348903	4730
V	348977	4731
V	349051	4732
V	349125	4733
V	349199	4734
V	349273	4735
V	349347	4736
V	349421	4737
V	349495	4738
V	349569	4739
V	349643	4740
V	349717	4741
V	349791	4742
V	349865	4743
V	349939	4744
V	350013	4745
V	350087	4746
V	350161	4747
V	350235	4748
V	350309	4749
V	350383	4750
V	350457	4751
V	350531	4752
V	350605	4753
V	350679	4754
V	350753	4755
V	350827	4756
V	350901	4757
V	350975	4758
V	351049	4759
V	351123	4760
V	351197	4761
V	351271	4762
V	351345	4763
V	351419	4764
V	351493	4765
V	351567	4766
V	351641	4767
V	351715	4768
V	351789	4769
V	351863	4770
V	351937	4771
V	352011	4772
V	352085	4773
V	352159	4774
V	352233	4775
V	352307	4776
V	352381	4777
V	352455	4778
V	352529	4779
V	352603	4780
V	352677	4781
V	352751	4782
V	352825	4783
V	352899	4784
V	352973	4785
V	353047	4786
V	353121	4787
V	353195	4788
V	353269	4789
V	353343	4790
V	353417	4791
V	353491	4792
V	353565	4793
V	353639	4794
V	353713	4795
V	353787	4796
V	353861	4797
V	353935	4798
V	354009	4799
V	354083	4800
V	354157	4801
V	354231	4802
V	354305	4803
V	354379	4804
V	354453	4805
V	354527	4806
V	354601	4807
V	354675	4808
V	354749	4809
V	354823	4810
V	354897	4811
V	354971	4812
V	355045	4813
V	355119	4814
V	355193	4815
V	355267	4816
V	355341	4817
V	355415	4818
V	355489	4819
V	355563	4820
V	355637	4821
V	355711	4822
V	355785	4823
V	355859	4824
V	355933	4825
V	356007	4826
V	356081	4827
V	356155	4828
V	356229	4829
V	356303	4830
V	356377	4831
V	356451	4832
V	356525	4833
V	356599	4834
V	356673	4835
V	356747	4836
V	356821	4837
V	356895	4838
V	356969	4839
V	357043	4840
V	357117	4841
V	357191	4842
V	357265	4843
V	357339	4844
V	357413	4845
V	357487	4846
V	357561	4847
V	357635	4848
V	357709	4849
V	357783	4850
V	357857	4851
V	357931	4852
V	358005	4853
V	358079	4854
V	358153	4855
V	358227	4856
V	358301	4857
V	358375	4858
V	358449	4859
V	358523	4860
V	358597	4861
V	358671	4862
V	358745	4863
V	358819	4864
V	358893	4865
V	358967	4866
V	359041	4867
V	359115	4868
V	359189	4869
V	359263	4870
V	359337	4871
V	359411	4872
V	359485	4873
V	359559	4874
V	359633	4875
V	359707	4876
V	359781	4877
V	359855	4878
V	359929	4879
V	360003	4880
V	360077	4881
V	360151	4882
V	360225	4883
V	360299	4884
V	360373	4885
V	360447	4886
V	360521	4887
V	360595	4888
V	360669	4889
V	360743	4890
V	360817	4891
V	360891	4892
V	360965	4893
V	361039	4894
V	361113	4895
V	361187	4896
V	361261	4897
V	361335	4898
V	361409	4899
V	361483	4900
V	361557	4901
V	361631	4902
V	361705	4903
V	361779	4904
V	361853	4905
V	361927	4906
V	362001	4907
V	362075	4908
V	362149	4909
V	362223	4910
V	362297	4911
V	362371	4912
V	362445	4913
V	362519	4914
V	362593	4915
V	362667	4916
V	362741	4917
V	362815	4918
V	362889	4919
V	362963	4920
V	363037	4921
V	363111	4922
V	363185	4923
V	363259	4924
V	363333	4925
V	363407	4926
V	363481	4927
V	363555	4928
V	363629	4929
V	363703	4930
V	363777	4931
V	363851	4932
V	363925	4933
V	363999	4934
V	364073	4935
V	364147	4936
V	364221	4937
V	364295	4938
V	364369	4939
V	364443	4940
V	364517	4941
V	364591	4942
V	364665	4943
V	364739	4944
V	364813	4945
V	364887	4946
V	364961	4947
V	365035	4948
V	365109	4949
V	365183	4950
V	365257	4951
V	365331	4952
V	365405	4953
V	365479	4954
V	365553	4955
V	365627	4956
V	365701	4957
V	365775	4958
V	365849	4959
V	365923	4960
V	365997	4961
V	366071	4962
V	366145	4963
V	366219	4964
V	366293	4965
V	366367	4966
V	366441	4967
V	366515	4968
V	366589	4969
V	366663	4970
V	366737	4971
V	366811	4972
V	366885	4973
V	366959	4974
V	367033	4975
V	367107	4976
V	367181	4977
V	367255	4978
V	367329	4979
V	367403	4980
V	367477	4981
V	367551	4982
V	367625	4983
V	367699	4984
V	367773	4985
V	367847	4986
V	367921	4987
V	367995	4988
V	368069	4989
V	368143	4990
V	368217	4991
V	368291	4992
V	368365	4993
V	368439	4994
V	368513	4995
V	368587	4996
V	368661	4997
V	368735	4998
V	368809	4999
V	368883	5000
V	368957	5001
V	369031	5002
V	369105	5003
V	369179	5004
V	369253	5005
V	369327	5006
V	369401	5007
V	369475	5008
V	369549	5009
V	369623	5010
V	369697	5011
V	369771	5012
V	369845	5013
V	369919	5014
V	369993	5015
V	370067	5016
V	370141	5017
V	370215	5018
V	370289	5019
V	370363	5020
V	370437	5021
V	370511	5022
V	370585	5023
V	370659	5024
V	370733	5025
V	370807	5026
V	370881	5027
V	370955	5028
V	371029	5029
V	371103	5030
V	371177	5031
V	371251	5032
V	371325	5033
V	371399	5034
V	371473	5035
V	371547	5036
V	371621	5037
V	371695	5038
V	371769	5039
V	371843	5040
V	371917	5041
V	371991	5042
V	372065	5043
V	372139	5044
V	372213	5045
V	372287	5046
V	372361	5047
V	372435	5048
V	372509	5049
V	372583	5050
V	372657	5051
V	372731	5052
V	372805	5053
V	372879	5054
V	372953	5055
V	373027	5056
V	373101	5057
V	373175	5058
V	373249	5059
V	373323	5060
V	373397	5061
V	373471	5062
V	373545	5063
V	373619	5064
V	373693	5065
V	373767	5066
V	373841	5067
V	373915	5068
V	373989	5069
V	374063	5070
V	374137	5071
V	374211	5072
V	374285	5073
V	374359	5074
V	374433	5075
V	374507	5076
V	374581	5077
V	374655	5078
V	374729	5079
V	374803	5080
V	374877	5081
V	374951	5082
V	375025	5083
V	375099	5084
V	375173	5085
V	375247	5086
V	375321	5087
V	375395	5088
V	375469	5089
V	375543	5090
V	375617	5091
V	375691	5092
V	375765	5093
V	375839	5094
V	375913	5095
V	375987	5096
V	376061	5097
V	376135	5098
V	376209	5099
V	376283	5100
V	376357	5101
V	376431	5102
V	376505	5103
V	376579	5104
V	376653	5105
V	376727	5106
V	376801	5107
V	376875	5108
V	376949	5109
V	377023	5110
V	377097	5111
V	377171	5112
V	377245	5113
V	377319	5114
V	377393	5115
V	377467	5116
V	377541	5117
V	377615	5118
V	377689	5119
V	377763	5120
V	377837	5121
V	377911	5122
V	377985	5123
V	378059	5124
V	378133	5125
V	378207	5126
V	378281	5127
V	378355	5128
V	378429	5129
V	378503	5130
V	378577	5131
V	378651	5132
V	378725	5133
V	378799	5134
V	378873	5135
V	378947	5136
V	379021	5137
V	379095	5138
V	379169	5139
V	379243	5140
V	379317	5141
V	379391	5142
V	379465	5143
V	379539	5144
V	379613	5145
V	379687	5146
V	379761	5147
V	379835	5148
V	379909	5149
V	379983	5150
V	380057	5151
V	380131	5152
V	380205	5153
V	380279	5154
V	380353	5155
V	380427	5156
V	380501	5157
V	380575	5158
V	380649	5159
V	380723	5160
V	380797	5161
V	380871	5162
V	380945	5163
V	381019	5164
V	381093	5165
V	381167	5166
V	381241	5167
V	381315	5168
V	381389	5169
V	381463	5170
V	381537	5171
V	381611	5172
V	381685	5173
V	381759	5174
V	381833	5175
V	381907	5176
V	381981	5177
V	382055	5178
V	382129	5179
V	382203	5180
V	382277	5181
V	382351	5182
V	382425	5183
V	382499	5184
V	382573	5185
V	382647	5186
V	382721	5187
V	382795	5188
V	382869	5189
V	382943	5190
V	383017	5191
V	383091	5192
V	383165	5193
V	383239	5194
V	383313	5195
V	383387	5196
V	383461	5197
V	383535	5198
V	383609	5199
V	383683	5200
V	383757	5201
V	383831	5202
V	383905	5203
V	383979	5204
V	384053	5205
V	384127	5206
V	384201	5207
V	384275	5208
V	384349	5209
V	384423	5210
V	384497	5211
V	384571	5212
V	384645	5213
V	384719	5214
V	384793	5215
V	384867	5216
V	384941	5217
V	385015	5218
V	385089	5219
V	385163	5220
V	385237	5221
V	385311	5222
V	385385	5223
V	385459	5224
V	385533	5225
V	385607	5226
V	385681	5227
V	385755	5228
V	385829	5229
V	385903	5230
V	385977	5231
V	386051	5232
V	386125	5233
V	386199	5234
V	386273	5235
V	386347	5236
V	386421	5237
V	386495	5238
V	386569	5239
V	386643	5240
V	386717	5241
V	386791	5242
V	386865	5243
V	386939	5244
V	387013	5245
V	387087	5246
V	387161	5247
V	387235	5248
V	387309	5249
V	387383	5250
V	387457	5251
V	387531	5252
V	387605	5253
V	387679	5254
V	387753	5255
V	387827	5256
V	387901	5257
V	387975	5258
V	388049	5259
V	388123	5260
V	388197	5261
V	388271	5262
V	388345	5263
V	388419	5264
V	388493	5265
V	388567	5266
V	388641	5267
V	388715	5268
V	388789	5269
V	388863	5270
V	388937	5271
V	389011	5272
V	389085	5273
V	389159	5274
V	389233	5275
V	389307	5276
V	389381	5277
V	389455	5278
V	389529	5279
V	389603	5280
V	389677	5281
V	389751	5282
V	389825	5283
V	389899	5284
V	389973	5285
V	390047	5286
V	390121	5287
V	390195	5288
V	390269	5289
V	390343	5290
V	390417	5291
V	390491	5292
V	390565	5293
V	390639	5294
V	390713	5295
V	390787	5296
V	390861	5297
V	390935	5298
V	391009	5299
V	391083	5300
V	391157	5301
V	391231	5302
V	391305	5303
V	391379	5304
V	391453	5305
V	391527	5306
V	391601	5307
V	391675	5308
V	391749	5309
V	391823	5310
V	391897	5311
V	391971	5312
V	392045	5313
V	392119	5314
V	392193	5315
V	392267	5316
V	392341	5317
V	392415	5318
V	392489	5319
V	392563	5320
V	392637	5321
V	392711	5322
V	392785	5323
V	392859	5324
V	392933	5325
V	393007	5326
V	393081	5327
V	393155	5328
V	393229	5329
V	393303	5330
V	393377	5331
V	393451	5332
V	393525	5333
V	393599	5334
V	393673	5335
V	393747	5336
V	393821	5337
V	393895	5338
V	393969	5339
V	394043	5340
V	394117	5341
V	394191	5342
V	394265	5343
V	394339	5344
V	394413	5345
V	394487	5346
V	394561	5347
V	394635	5348
V	394709	5349
V	394783	5350
V	394857	5351
V	394931	5352
V	395005	5353
V	395079	5354
V	395153	5355
V	395227	5356
V	395301	5357
V	395375	5358
V	395449	5359
V	395523	5360
V	395597	5361
V	395671	5362
V	395745	5363
V	395819	5364
V	395893	5365
V	395967	5366
V	396041	5367
V	396115	5368
V	396189	5369
V	396263	5370
V	396337	5371
V	396411	5372
V	396485	5373
V	396559	5374
V	396633	5375
V	396707	5376
V	396781	5377
V	396855	5378
V	396929	5379
V	397003	5380
V	397077	5381
V	397151	5382
V	397225	5383
V	397299	5384
V	397373	5385
V	397447	5386
V	397521	5387
V	397595	5388
V	397669	5389
V	397743	5390
V	397817	5391
V	397891	5392
V	397965	5393
V	398039	5394
V	398113	5395
V	398187	5396
V	398261	5397
V	398335	5398
V	398409	5399
V	398483	5400
V	398557	5401
V	398631	5402
V	398705	5403
V	398779	5404
V	398853	5405
V	398927	5406
V	399001	5407
V	399075	5408
V	399149	5409
V	399223	5410
V	399297	5411
V	399371	5412
V	399445	5413
V	399519	5414
V	399593	5415
V	399667	5416
V	399741	5417
V	399815	5418
V	399889	5419
V	399963	5420
V	400037	5421
V	400111	5422
V	400185	5423
V	400259	5424
V	400333	5425
V	400407	5426
V	400481	5427
V	400555	5428
V	400629	5429
V	400703	5430
V	400777	5431
V	400851	5432
V	400925	5433
V	400999	5434
V	401073	5435
V	401147	5436
V	401221	5437
V	401295	5438
V	401369	5439
V	401443	5440
V	401517	5441
V	401591	5442
V	401665	5443
V	401739	5444
V	401813	5445
V	401887	5446
V	401961	5447
V	402035	5448
V	402109	5449
V	402183	5450
V	402257	5451
V	402331	5452
V	402405	5453
V	402479	5454
V	402553	5455
V	402627	5456
V	402701	5457
V	402775	5458
V	402849	5459
V	402923	5460
V	402997	5461
V	403071	5462
V	403145	5463
V	403219	5464
V	403293	5465
V	403367	5466
V	403441	5467
V	403515	5468
V	403589	5469
V	403663	5470
V	403737	5471
V	403811	5472
V	403885	5473
V	403959	5474
V	404033	5475
V	404107	5476
V	404181	5477
V	404255	5478
V	404329	5479
V	404403	5480
V	404477	5481
V	404551	5482
V	404625	5483
V	404699	5484
V	404773	5485
V	404847	5486
V	404921	5487
V	404995	5488
V	405069	5489
V	405143	5490
V	405217	5491
V	405291	5492
V	405365	5493
V	405439	5494
V	405513	5495
V	405587	5496
V	405661	5497
V	405735	5498
V	405809	5499
V	405883	5500
V	405957	5501
V	406031	5502
V	406105	5503
V	406179	5504
V	406253	5505
V	406327	5506
V	406401	5507
V	406475	5508
V	406549	5509
V	406623	5510
V	406697	5511
V	406771	5512
V	406845	5513
V	406919	5514
V	406993	5515
V	407067	5516
V	407141	5517
V	407215	5518
V	407289	5519
V	407363	5520
V	407437	5521
V	407511	5522
V	407585	5523
V	407659	5524
V	407733	5525
V	407807	5526
V	407881	5527
V	407955	5528
V	408029	5529
V	408103	5530
V	408177	5531
V	408251	5532
V	408325	5533
V	408399	5534
V	408473	5535
V	408547	5536
V	408621	5537
V	408695	5538
V	408769	5539
V	408843	5540
V	408917	5541
V	408991	5542
V	409065	5543
V	409139	5544
V	409213	5545
V	409287	5546
V	409361	5547
V	409435	5548
V	409509	5549
V	409583	5550
V	409657	5551
V	409731	5552
V	409805	5553
V	409879	5554
V	409953	5555
V	410027	5556
V	410101	5557
V	410175	5558
V	410249	5559
V	410323	5560
V	410397	5561
V	410471	5562
V	410545	5563
V	410619	5564
V	410693	5565
V	410767	5566
V	410841	5567
V	410915	5568
V	410989	5569
V	411063	5570
V	411137	5571
V	411211	5572
V	411285	5573
V	411359	5574
V	411433	5575
V	411507	5576
V	411581	5577
V	411655	5578
V	411729	5579
V	411803	5580
V	411877	5581
V	411951	5582
V	412025	5583
V	412099	5584
V	412173	5585
V	412247	5586
V	412321	5587
V	412395	5588
V	412469	5589
V	412543	5590
V	412617	5591
V	412691	5592
V	412765	5593
V	412839	5594
V	412913	5595
V	412987	5596
V	413061	5597
V	413135	5598
V	413209	5599
V	413283	5600
V	413357	5601
V	413431	5602
V	413505	5603
V	413579	5604
V	413653	5605
V	413727	5606
V	413801	5607
V	413875	5608
V	413949	5609
V	414023	5610
V	414097	5611
V	414171	5612
V	414245	5613
V	414319	5614
V	414393	5615
V	414467	5616
V	414541	5617
V	414615	5618
V	414689	5619
V	414763	5620
V	414837	5621
V	414911	5622
V	414985	5623
V	415059	5624
V	415133	5625
V	415207	5626
V	415281	5627
V	415355	5628
V	415429	5629
V	415503	5630
V	415577	5631
V	415651	5632
V	415725	5633
V	415799	5634
V	415873	5635
V	415947	5636
V	416021	5637
V	416095	5638
V	416169	5639
V	416243	5640
V	416317	5641
V	416391	5642
V	416465	5643
V	416539	5644
V	416613	5645
V	416687	5646
V	416761	5647
V	416835	5648
V	416909	5649
V	416983	5650
V	417057	5651
V	417131	5652
V	417205	5653
V	417279	5654
V	417353	5655
V	417427	5656
V	417501	5657
V	417575	5658
V	417649	5659
V	417723	5660
V	417797	5661
V	417871	5662
V	417945	5663
V	418019	5664
V	418093	5665
V	418167	5666
V	418241	5667
V	418315	5668
V	418389	5669
V	418463	5670
V	418537	5671
V	418611	5672
V	418685	5673
V	418759	5674
V	418833	5675
V	418907	5676
V	418981	5677
V	419055	5678
V	419129	5679
V	419203	5680
V	419277	5681
V	419351	5682
V	419425	5683
V	419499	5684
V	419573	5685
V	419647	5686
V	419721	5687
V	419795	5688
V	419869	5689
V	419943	5690
V	420017	5691
V	420091	5692
V	420165	5693
V	420239	5694
V	420313	5695
V	420387	5696
V	420461	5697
V	420535	5698
V	420609	5699
V	420683	5700
V	420757	5701
V	420831	5702
V	420905	5703
V	420979	5704
V	421053	5705
V	421127	5706
V	421201	5707
V	421275	5708
V	421349	5709
V	421423	5710
V	421497	5711
V	421571	5712
V	421645	5713
V	421719	5714
V	421793	5715
V	421867	5716
V	421941	5717
V	422015	5718
V	422089	5719
V	422163	5720
V	422237	5721
V	422311	5722
V	422385	5723
V	422459	5724
V	422533	5725
V	422607	5726
V	422681	5727
V	422755	5728
V	422829	5729
V	422903	5730
V	422977	5731
V	423051	5732
V	423125	5733
V	423199	5734
V	423273	5735
V	423347	5736
V	423421	5737
V	423495	5738
V	423569	5739
V	423643	5740
V	423717	5741
V	423791	5742
V	423865	5743
V	423939	5744
V	424013	5745
V	424087	5746
V	424161	5747
V	424235	5748
V	424309	5749
V	424383	5750
V	424457	5751
V	424531	5752
V	424605	5753
V	424679	5754
V	424753	5755
V	424827	5756
V	424901	5757
V	424975	5758
V	425049	5759
V	425123	5760
V	425197	5761
V	425271	5762
V	425345	5763
V	425419	5764
V	425493	5765
V	425567	5766
V	425641	5767
V	425715	5768
V	425789	5769
V	425863	5770
V	425937	5771
V	426011	5772
V	426085	5773
V	426159	5774
V	426233	5775
V	426307	5776
V	426381	5777
V	426455	5778
V	426529	5779
V	426603	5780
V	426677	5781
V	426751	5782
V	426825	5783
V	426899	5784
V	426973	5785
V	427047	5786
V	427121	5787
V	427195	5788
V	427269	5789
V	427343	5790
V	427417	5791
V	427491	5792
V	427565	5793
V	427639	5794
V	427713	5795
V	427787	5796
V	427861	5797
V	427935	5798
V	428009	5799
V	428083	5800
V	428157	5801
V	428231	5802
V	428305	5803
V	428379	5804
V	428453	5805
V	428527	5806
V	428601	5807
V	428675	5808
V	428749	5809
V	428823	5810
V	428897	5811
V	428971	5812
V	429045	5813
V	429119	5814
V	429193	5815
V	429267	5816
V	429341	5817
V	429415	5818
V	429489	5819
V	429563	5820
V	429637	5821
V	429711	5822
V	429785	5823
V	429859	5824
V	429933	5825
V	430007	5826
V	430081	5827
V	430155	5828
V	430229	5829
V	430303	5830
V	430377	5831
V	430451	5832
V	430525	5833
V	430599	5834
V	430673	5835
V	430747	5836
V	430821	5837
V	430895	5838
V	430969	5839
V	431043	5840
V	431117	5841
V	431191	5842
V	431265	5843
V	431339	5844
V	431413	5845
V	431487	5846
V	431561	5847
V	431635	5848
V	431709	5849
V	431783	5850
V	431857	5851
V	431931	5852
V	432005	5853
V	432079	5854
V	432153	5855
V	432227	5856
V	432301	5857
V	432375	5858
V	432449	5859
V	432523	5860
V	432597	5861
V	432671	5862
V	432745	5863
V	432819	5864
V	432893	5865
V	432967	5866
V	433041	5867
V	433115	5868
V	433189	5869
V	433263	5870
V	433337	5871
V	433411	5872
V	433485	5873
V	433559	5874
V	433633	5875
V	433707	5876
V	433781	5877
V	433855	5878
V	433929	5879
V	434003	5880
V	434077	5881
V	434151	5882
V	434225	5883
V	434299	5884
V	434373	5885
V	434447	5886
V	434521	5887
V	434595	5888
V	434669	5889
V	434743	5890
V	434817	5891
V	434891	5892
V	434965	5893
V	435039	5894
V	435113	5895
V	435187	5896
V	435261	5897
V	435335	5898
V	435409	5899
V	435483	5900
V	435557	5901
V	435631	5902
V	435705	5903
V	435779	5904
V	435853	5905
V	435927	5906
V	436001	5907
V	436075	5908
V	436149	5909
V	436223	5910
V	436297	5911
V	436371	5912
V	436445	5913
V	436519	5914
V	436593	5915
V	436667	5916
V	436741	5917
V	436815	5918
V	436889	5919
V	436963	5920
V	437037	5921
V	437111	5922
V	437185	5923
V	437259	5924
V	437333	5925
V	437407	5926
V	437481	5927
V	437555	5928
V	437629	5929
V	437703	5930
V	437777	5931
V	437851	5932
V	437925	5933
V	437999	5934
V	438073	5935
V	438147	5936
V	438221	5937
V	438295	5938
V	438369	5939
V	438443	5940
V	438517	5941
V	438591	5942
V	438665	5943
V	438739	5944
V	438813	5945
V	438887	5946
V	438961	5947
V	439035	5948
V	439109	5949
V	439183	5950
V	439257	5951
V	439331	5952
V	439405	5953
V	439479	5954
V	439553	5955
V	439627	5956
V	439701	5957
V	439775	5958
V	439849	5959
V	439923	5960
V	439997	5961
V	440071	5962
V	440145	5963
V	440219	5964
V	440293	5965
V	440367	5966
V	440441	5967
V	440515	5968
V	440589	5969
V	440663	5970
V	440737	5971
V	440811	5972
V	440885	5973
V	440959	5974
V	441033	5975
V	441107	5976
V	441181	5977
V	441255	5978
V	441329	5979
V	441403	5980
V	441477	5981
V	441551	5982
V	441625	5983
V	441699	5984
V	441773	5985
V	441847	5986
V	441921	5987
V	441995	5988
V	442069	5989
V	442143	5990
V	442217	5991
V	442291	5992
V	442365	5993
V	442439	5994
V	442513	5995
V	442587	5996
V	442661	5997
V	442735	5998
V	442809	5999
V	442883	6000
V	442957	6001
V	443031	6002
V	443105	6003
V	443179	6004
V	443253	6005
V	443327	6006
V	443401	6007
V	443475	6008
V	443549	6009
V	443623	6010
V	443697	6011
V	443771	6012
V	443845	6013
V	443919	6014
V	443993	6015
V	444067	6016
V	444141	6017
V	444215	6018
V	444289	6019
V	444363	6020
V	444437	6021
V	444511	6022
V	444585	6023
V	444659	6024
V	444733	6025
V	444807	6026
V	444881	6027
V	444955	6028
V	445029	6029
V	445103	6030
V	445177	6031
V	445251	6032
V	445325	6033
V	445399	6034
V	445473	6035
V	445547	6036
V	445621	6037
V	445695	6038
V	445769	6039
V	445843	6040
V	445917	6041
V	445991	6042
V	446065	6043
V	446139	6044
V	446213	6045
V	446287	6046
V	446361	6047
V	446435	6048
V	446509	6049
V	446583	6050
V	446657	6051
V	446731	6052
V	446805	6053
V	446879	6054
V	446953	6055
V	447027	6056
V	447101	6057
V	447175	6058
V	447249	6059
V	447323	6060
V	447397	6061
V	447471	6062
V	447545	6063
V	447619	6064
V	447693	6065
V	447767	6066
V	447841	6067
V	447915	6068
V	447989	6069
V	448063	6070
V	448137	6071
V	448211	6072
V	448285	6073
V	448359	6074
V	448433	6075
V	448507	6076
V	448581	6077
V	448655	6078
V	448729	6079
V	448803	6080
V	448877	6081
V	448951	6082
V	449025	6083
V	449099	6084
V	449173	6085
V	449247	6086
V	449321	6087
V	449395	6088
V	449469	6089
V	449543	6090
V	449617	6091
V	449691	6092
V	449765	6093
V	449839	6094
V	449913	6095
V	449987	6096
V	450061	6097
V	450135	6098
V	450209	6099
V	450283	6100
V	450357	6101
V	450431	6102
V	450505	6103
V	450579	6104
V	450653	6105
V	450727	6106
V	450801	6107
V	450875	6108
V	450949	6109
V	451023	6110
V	451097	6111
V	451171	6112
V	451245	6113
V	451319	6114
V	451393	6115
V	451467	6116
V	451541	6117
V	451615	6118
V	451689	6119
V	451763	6120
V	451837	6121
V	451911	6122
V	451985	6123
V	452059	6124
V	452133	6125
V	452207	6126
V	452281	6127
V	452355	6128
V	452429	6129
V	452503	6130
V	452577	6131
V	452651	6132
V	452725	6133
V	452799	6134
V	452873	6135
V	452947	6136
V	453021	6137
V	453095	6138
V	453169	6139
V	453243	6140
V	453317	6141
V	453391	6142
V	453465	6143
V	453539	6144
V	453613	6145
V	453687	6146
V	453761	6147
V	453835	6148
V	453909	6149
V	453983	6150
V	454057	6151
V	454131	6152
V	454205	6153
V	454279	6154
V	454353	6155
V	454427	6156
V	454501	6157
V	454575	6158
V	454649	6159
V	454723	6160
V	454797	6161
V	454871	6162
V	454945	6163
V	455019	6164
V	455093	6165
V	455167	6166
V	455241	6167
V	455315	6168
V	455389	6169
V	455463	6170
V	455537	6171
V	455611	6172
V	455685	6173
V	455759	6174
V	455833	6175
V	455907	6176
V	455981	6177
V	456055	6178
V	456129	6179
V	456203	6180
V	456277	6181
V	456351	6182
V	456425	6183
V	456499	6184
V	456573	6185
V	456647	6186
V	456721	6187
V	456795	6188
V	456869	6189
V	456943	6190
V	457017	6191
V	457091	6192
V	457165	6193
V	457239	6194
V	457313	6195
V	457387	6196
V	457461	6197
V	457535	6198
V	457609	6199
V	457683	6200
V	457757	6201
V	457831	6202
V	457905	6203
V	457979	6204
V	458053	6205
V	458127	6206
V	458201	6207
V	458275	6208
V	458349	6209
V	458423	6210
V	458497	6211
V	458571	6212
V	458645	6213
V	458719	6214
V	458793	6215
V	458867	6216
V	458941	6217
V	459015	6218
V	459089	6219
V	459163	6220
V	459237	6221
V	459311	6222
V	459385	6223
V	459459	6224
V	459533	6225
V	459607	6226
V	459681	6227
V	459755	6228
V	459829	6229
V	459903	6230
V	459977	6231
V	460051	6232
V	460125	6233
V	460199	6234
V	460273	6235
V	460347	6236
V	460421	6237
V	460495	6238
V	460569	6239
V	460643	6240
V	460717	6241
V	460791	6242
V	460865	6243
V	460939	6244
V	461013	6245
V	461087	6246
V	461161	6247
V	461235	6248
V	461309	6249
V	461383	6250
V	461457	6251
V	461531	6252
V	461605	6253
V	461679	6254
V	461753	6255
V	461827	6256
V	461901	6257
V	461975	6258
V	462049	6259
V	462123	6260
V	462197	6261
V	462271	6262
V	462345	6263
V	462419	6264
V	462493	6265
V	462567	6266
V	462641	6267
V	462715	6268
V	462789	6269
V	462863	6270
V	462937	6271
V	463011	6272
V	463085	6273
V	463159	6274
V	463233	6275
V	463307	6276
V	463381	6277
V	463455	6278
V	463529	6279
V	463603	6280
V	463677	6281
V	463751	6282
V	463825	6283
V	463899	6284
V	463973	6285
V	464047	6286
V	464121	6287
V	464195	6288
V	464269	6289
V	464343	6290
V	464417	6291
V	464491	6292
V	464565	6293
V	464639	6294
V	464713	6295
V	464787	6296
V	464861	6297
V	464935	6298
V	465009	6299
V	465083	6300
V	465157	6301
V	465231	6302
V	465305	6303
V	465379	6304
V	465453	6305
V	465527	6306
V	465601	6307
V	465675	6308
V	465749	6309
V	465823	6310
V	465897	6311
V	465971	6312
V	466045	6313
V	466119	6314
V	466193	6315
V	466267	6316
V	466341	6317
V	466415	6318
V	466489	6319
V	466563	6320
V	466637	6321
V	466711	6322
V	466785	6323
V	466859	6324
V	466933	6325
V	467007	6326
V	467081	6327
V	467155	6328
V	467229	6329
V	467303	6330
V	467377	6331
V	467451	6332
V	467525	6333
V	467599	6334
V	467673	6335
V	467747	6336
V	467821	6337
V	467895	6338
V	467969	6339
V	468043	6340
V	468117	6341
V	468191	6342
V	468265	6343
V	468339	6344
V	468413	6345
V	468487	6346
V	468561	6347
V	468635	6348
V	468709	6349
V	468783	6350
V	468857	6351
V	468931	6352
V	469005	6353
V	469079	6354
V	469153	6355
V	469227	6356
V	469301	6357
V	469375	6358
V	469449	6359
V	469523	6360
V	469597	6361
V	469671	6362
V	469745	6363
V	469819	6364
V	469893	6365
V	469967	6366
V	470041	6367
V	470115	6368
V	470189	6369
V	470263	6370
V	470337	6371
V	470411	6372
V	470485	6373
V	470559	6374
V	470633	6375
V	470707	6376
V	470781	6377
V	470855	6378
V	470929	6379
V	471003	6380
V	471077	6381
V	471151	6382
V	471225	6383
V	471299	6384
V	471373	6385
V	471447	6386
V	471521	6387
V	471595	6388
V	471669	6389
V	471743	6390
V	471817	6391
V	471891	6392
V	471965	6393
V	472039	6394
V	472113	6395
V	472187	6396
V	472261	6397
V	472335	6398
V	472409	6399
V	472483	6400
V	472557	6401
V	472631	6402
V	472705	6403
V	472779	6404
V	472853	6405
V	472927	6406
V	473001	6407
V	473075	6408
V	473149	6409
V	473223	6410
V	473297	6411
V	473371	6412
V	473445	6413
V	473519	6414
V	473593	6415
V	473667	6416
V	473741	6417
V	473815	6418
V	473889	6419
V	473963	6420
V	474037	6421
V	474111	6422
V	474185	6423
V	474259	6424
V	474333	6425
V	474407	6426
V	474481	6427
V	474555	6428
V	474629	6429
V	474703	6430
V	474777	6431
V	474851	6432
V	474925	6433
V	474999	6434
V	475073	6435
V	475147	6436
V	475221	6437
V	475295	6438
V	475369	6439
V	475443	6440
V	475517	6441
V	475591	6442
V	475665	6443
V	475739	6444
V	475813	6445
V	475887	6446
V	475961	6447
V	476035	6448
V	476109	6449
V	476183	6450
V	476257	6451
V	476331	6452
V	476405	6453
V	476479	6454
V	476553	6455
V	476627	6456
V	476701	6457
V	476775	6458
V	476849	6459
V	476923	6460
V	476997	6461
V	477071	6462
V	477145	6463
V	477219	6464
V	477293	6465
V	477367	6466
V	477441	6467
V	477515	6468
V	477589	6469
V	477663	6470
V	477737	6471
V	477811	6472
V	477885	6473
V	477959	6474
V	478033	6475
V	478107	6476
V	478181	6477
V	478255	6478
V	478329	6479
V	478403	6480
V	478477	6481
V	478551	6482
V	478625	6483
V	478699	6484
V	478773	6485
V	478847	6486
V	478921	6487
V	478995	6488
V	479069	6489
V	479143	6490
V	479217	6491
V	479291	6492
V	479365	6493
V	479439	6494
V	479513	6495
V	479587	6496
V	479661	6497
V	479735	6498
V	479809	6499
V	479883	6500
V	479957	6501
V	480031	6502
V	480105	6503
V	480179	6504
V	480253	6505
V	480327	6506
V	480401	6507
V	480475	6508
V	480549	6509
V	480623	6510
V	480697	6511
V	480771	6512
V	480845	6513
V	480919	6514
V	480993	6515
V	481067	6516
V	481141	6517
V	481215	6518
V	481289	6519
V	481363	6520
V	481437	6521
V	481511	6522
V	481585	6523
V	481659	6524
V	481733	6525
V	481807	6526
V	481881	6527
V	481955	6528
V	482029	6529
V	482103	6530
V	482177	6531
V	482251	6532
V	482325	6533
V	482399	6534
V	482473	6535
V	482547	6536
V	482621	6537
V	482695	6538
V	482769	6539
V	482843	6540
V	482917	6541
V	482991	6542
V	483065	6543
V	483139	6544
V	483213	6545
V	483287	6546
V	483361	6547
V	483435	6548
V	483509	6549
V	483583	6550
V	483657	6551
V	483731	6552
V	483805	6553
V	483879	6554
V	483953	6555
V	484027	6556
V	484101	6557
V	484175	6558
V	484249	6559
V	484323	6560
V	484397	6561
V	484471	6562
V	484545	6563
V	484619	6564
V	484693	6565
V	484767	6566
V	484841	6567
V	484915	6568
V	484989	6569
V	485063	6570
V	485137	6571
V	485211	6572
V	485285	6573
V	485359	6574
V	485433	6575
V	485507	6576
V	485581	6577
V	485655	6578
V	485729	6579
V	485803	6580
V	485877	6581
V	485951	6582
V	486025	6583
V	486099	6584
V	486173	6585
V	486247	6586
V	486321	6587
V	486395	6588
V	486469	6589
V	486543	6590
V	486617	6591
V	486691	6592
V	486765	6593
V	486839	6594
V	486913	6595
V	486987	6596
V	487061	6597
V	487135	6598
V	487209	6599
V	487283	6600
V	487357	6601
V	487431	6602
V	487505	6603
V	487579	6604
V	487653	6605
V	487727	6606
V	487801	6607
V	487875	6608
V	487949	6609
V	488023	6610
V	488097	6611
V	488171	6612
V	488245	6613
V	488319	6614
V	488393	6615
V	488467	6616
V	488541	6617
V	488615	6618
V	488689	6619
V	488763	6620
V	488837	6621
V	488911	6622
V	488985	6623
V	489059	6624
V	489133	6625
V	489207	6626
V	489281	6627
V	489355	6628
V	489429	6629
V	489503	6630
V	489577	6631
V	489651	6632
V	489725	6633
V	489799	6634
V	489873	6635
V	489947	6636
V	490021	6637
V	490095	6638
V	490169	6639
V	490243	6640
V	490317	6641
V	490391	6642
V	490465	6643
V	490539	6644
V	490613	6645
V	490687	6646
V	490761	6647
V	490835	6648
V	490909	6649
V	490983	6650
V	491057	6651
V	491131	6652
V	491205	6653
V	491279	6654
V	491353	6655
V	491427	6656
V	491501	6657
V	491575	6658
V	491649	6659
V	491723	6660
V	491797	6661
V	491871	6662
V	491945	6663
V	492019	6664
V	492093	6665
V	492167	6666
V	492241	6667
V	492315	6668
V	492389	6669
V	492463	6670
V	492537	6671
V	492611	6672
V	492685	6673
V	492759	6674
V	492833	6675
V	492907	6676
V	492981	6677
V	493055	6678
V	493129	6679
V	493203	6680
V	493277	6681
V	493351	6682
V	493425	6683
V	493499	6684
V	493573	6685
V	493647	6686
V	493721	6687
V	493795	6688
V	493869	6689
V	493943	6690
V	494017	6691
V	494091	6692
V	494165	6693
V	494239	6694
V	494313	6695
V	494387	6696
V	494461	6697
V	494535	6698
V	494609	6699
V	494683	6700
V	494757	6701
V	494831	6702
V	494905	6703
V	494979	6704
V	495053	6705
V	495127	6706
V	495201	6707
V	495275	6708
V	495349	6709
V	495423	6710
V	495497	6711
V	495571	6712
V	495645	6713
V	495719	6714
V	495793	6715
V	495867	6716
V	495941	6717
V	496015	6718
V	496089	6719
V	496163	6720
V	496237	6721
V	496311	6722
V	496385	6723
V	496459	6724
V	496533	6725
V	496607	6726
V	496681	6727
V	496755	6728
V	496829	6729
V	496903	6730
V	496977	6731
V	497051	6732
V	497125	6733
V	497199	6734
V	497273	6735
V	497347	6736
V	497421	6737
V	497495	6738
V	497569	6739
V	497643	6740
V	497717	6741
V	497791	6742
V	497865	6743
V	497939	6744
V	498013	6745
V	498087	6746
V	498161	6747
V	498235	6748
V	498309	6749
V	498383	6750
V	498457	6751
V	498531	6752
V	498605	6753
V	498679	6754
V	498753	6755
V	498827	6756
V	498901	6757
V	498975	6758
V	499049	6759
V	499123	6760
V	499197	6761
V	499271	6762
V	499345	6763
V	499419	6764
V	499493	6765
V	499567	6766
V	499641	6767
V	499715	6768
V	499789	6769
V	499863	6770
V	499937	6771
V	500011	6772
V	500085	6773
V	500159	6774
V	500233	6775
V	500307	6776
V	500381	6777
V	500455	6778
V	500529	6779
V	500603	6780
V	500677	6781
V	500751	6782
V	500825	6783
V	500899	6784
V	500973	6785
V	501047	6786
V	501121	6787
V	501195	6788
V	501269	6789
V	501343	6790
V	501417	6791
V	501491	6792
V	501565	6793
V	501639	6794
V	501713	6795
V	501787	6796
V	501861	6797
V	501935	6798
V	502009	6799
V	502083	6800
V	502157	6801
V	502231	6802
V	502305	6803
V	502379	6804
V	502453	6805
V	502527	6806
V	502601	6807
V	502675	6808
V	502749	6809
V	502823	6810
V	502897	6811
V	502971	6812
V	503045	6813
V	503119	6814
V	503193	6815
V	503267	6816
V	503341	6817
V	503415	6818
V	503489	6819
V	503563	6820
V	503637	6821
V	503711	6822
V	503785	6823
V	503859	6824
V	503933	6825
V	504007	6826
V	504081	6827
V	504155	6828
V	504229	6829
V	504303	6830
V	504377	6831
V	504451	6832
V	504525	6833
V	504599	6834
V	504673	6835
V	504747	6836
V	504821	6837
V	504895	6838
V	504969	6839
V	505043	6840
V	505117	6841
V	505191	6842
V	505265	6843
V	505339	6844
V	505413	6845
V	505487	6846
V	505561	6847
V	505635	6848
V	505709	6849
V	505783	6850
V	505857	6851
V	505931	6852
V	506005	6853
V	506079	6854
V	506153	6855
V	506227	6856
V	506301	6857
V	506375	6858
V	506449	6859
V	506523	6860
V	506597	6861
V	506671	6862
V	506745	6863
V	506819	6864
V	506893	6865
V	506967	6866
V	507041	6867
V	507115	6868
V	507189	6869
V	507263	6870
V	507337	6871
V	507411	6872
V	507485	6873
V	507559	6874
V	507633	6875
V	507707	6876
V	507781	6877
V	507855	6878
V	507929	6879
V	508003	6880
V	508077	6881
V	508151	6882
V	508225	6883
V	508299	6884
V	508373	6885
V	508447	6886
V	508521	6887
V	508595	6888
V	508669	6889
V	508743	6890
V	508817	6891
V	508891	6892
V	508965	6893
V	509039	6894
V	509113	6895
V	509187	6896
V	509261	6897
V	509335	6898
V	509409	6899
V	509483	6900
V	509557	6901
V	509631	6902
V	509705	6903
V	509779	6904
V	509853	6905
V	509927	6906
V	510001	6907
V	510075	6908
V	510149	6909
V	510223	6910
V	510297	6911
V	510371	6912
V	510445	6913
V	510519	6914
V	510593	6915
V	510667	6916
V	510741	6917
V	510815	6918
V	510889	6919
V	510963	6920
V	511037	6921
V	511111	6922
V	511185	6923
V	511259	6924
V	511333	6925
V	511407	6926
V	511481	6927
V	511555	6928
V	511629	6929
V	511703	6930
V	511777	6931
V	511851	6932
V	511925	6933
V	511999	6934
V	512073	6935
V	512147	6936
V	512221	6937
V	512295	6938
V	512369	6939
V	512443	6940
V	512517	6941
V	512591	6942
V	512665	6943
V	512739	6944
V	512813	6945
V	512887	6946
V	512961	6947
V	513035	6948
V	513109	6949
V	513183	6950
V	513257	6951
V	513331	6952
V	513405	6953
V	513479	6954
V	513553	6955
V	513627	6956
V	513701	6957
V	513775	6958
V	513849	6959
V	513923	6960
V	513997	6961
V	514071	6962
V	514145	6963
V	514219	6964
V	514293	6965
V	514367	6966
V	514441	6967
V	514515	6968
V	514589	6969
V	514663	6970
V	514737	6971
V	514811	6972
V	514885	6973
V	514959	6974
V	515033	6975
V	515107	6976
V	515181	6977
V	515255	6978
V	515329	6979
V	515403	6980
V	515477	6981
V	515551	6982
V	515625	6983
V	515699	6984
V	515773	6985
V	515847	6986
V	515921	6987
V	515995	6988
V	516069	6989
V	516143	6990
V	516217	6991
V	516291	6992
V	516365	6993
V	516439	6994
V	516513	6995
V	516587	6996
V	516661	6997
V	516735	6998
V	516809	6999
V	516883	7000
V	516957	7001
V	517031	7002
V	517105	7003
V	517179	7004
V	517253	7005
V	517327	7006
V	517401	7007
V	517475	7008
V	517549	7009
V	517623	7010
V	517697	7011
V	517771	7012
V	517845	7013
V	517919	7014
V	517993	7015
V	518067	7016
V	518141	7017
V	518215	7018
V	518289	7019
V	518363	7020
V	518437	7021
V	518511	7022
V	518585	7023
V	518659	7024
V	518733	7025
V	518807	7026
V	518881	7027
V	518955	7028
V	519029	7029
V	519103	7030
V	519177	7031
V	519251	7032
V	519325	7033
V	519399	7034
V	519473	7035
V	519547	7036
V	519621	7037
V	519695	7038
V	519769	7039
V	519843	7040
V	519917	7041
V	519991	7042
V	520065	7043
V	520139	7044
V	520213	7045
V	520287	7046
V	520361	7047
V	520435	7048
V	520509	7049
V	520583	7050
V	520657	7051
V	520731	7052
V	520805	7053
V	520879	7054
V	520953	7055
V	521027	7056
V	521101	7057
V	521175	7058
V	521249	7059
V	521323	7060
V	521397	7061
V	521471	7062
V	521545	7063
V	521619	7064
V	521693	7065
V	521767	7066
V	521841	7067
V	521915	7068
V	521989	7069
V	522063	7070
V	522137	7071
V	522211	7072
V	522285	7073
V	522359	7074
V	522433	7075
V	522507	7076
V	522581	7077
V	522655	7078
V	522729	7079
V	522803	7080
V	522877	7081
V	522951	7082
V	523025	7083
V	523099	7084
V	523173	7085
V	523247	7086
V	523321	7087
V	523395	7088
V	523469	7089
V	523543	7090
V	523617	7091
V	523691	7092
V	523765	7093
V	523839	7094
V	523913	7095
V	523987	7096
V	524061	7097
V	524135	7098
V	524209	7099
V	524283	7100
V	524357	7101
V	524431	7102
V	524505	7103
V	524579	7104
V	524653	7105
V	524727	7106
V	524801	7107
V	524875	7108
V	524949	7109
V	525023	7110
V	525097	7111
V	525171	7112
V	525245	7113
V	525319	7114
V	525393	7115
V	525467	7116
V	525541	7117
V	525615	7118
V	525689	7119
V	525763	7120
V	525837	7121
V	525911	7122
V	525985	7123
V	526059	7124
V	526133	7125
V	526207	7126
V	526281	7127
V	526355	7128
V	526429	7129
V	526503	7130
V	526577	7131
V	526651	7132
V	526725	7133
V	526799	7134
V	526873	7135
V	526947	7136
V	527021	7137
V	527095	7138
V	527169	7139
V	527243	7140
V	527317	7141
V	527391	7142
V	527465	7143
V	527539	7144
V	527613	7145
V	527687	7146
V	527761	7147
V	527835	7148
V	527909	7149
V	527983	7150
V	528057	7151
V	528131	7152
V	528205	7153
V	528279	7154
V	528353	7155
V	528427	7156
V	528501	7157
V	528575	7158
V	528649	7159
V	528723	7160
V	528797	7161
V	528871	7162
V	528945	7163
V	529019	7164
V	529093	7165
V	529167	7166
V	529241	7167
V	529315	7168
V	529389	7169
V	529463	7170
V	529537	7171
V	529611	7172
V	529685	7173
V	529759	7174
V	529833	7175
V	529907	7176
V	529981	7177
V	530055	7178
V	530129	7179
V	530203	7180
V	530277	7181
V	530351	7182
V	530425	7183
V	530499	7184
V	530573	7185
V	530647	7186
V	530721	7187
V	530795	7188
V	530869	7189
V	530943	7190
V	531017	7191
V	531091	7192
V	531165	7193
V	531239	7194
V	531313	7195
V	531387	7196
V	531461	7197
V	531535	7198
V	531609	7199
V	531683	7200
V	531757	7201
V	531831	7202
V	531905	7203
V	531979	7204
V	532053	7205
V	532127	7206
V	532201	7207
V	532275	7208
V	532349	7209
V	532423	7210
V	532497	7211
V	532571	7212
V	532645	7213
V	532719	7214
V	532793	7215
V	532867	7216
V	532941	7217
V	533015	7218
V	533089	7219
V	533163	7220
V	533237	7221
V	533311	7222
V	533385	7223
V	533459	7224
V	533533	7225
V	533607	7226
V	533681	7227
V	533755	7228
V	533829	7229
V	533903	7230
V	533977	7231
V	534051	7232
V	534125	7233
V	534199	7234
V	534273	7235
V	534347	7236
V	534421	7237
V	534495	7238
V	534569	7239
V	534643	7240
V	534717	7241
V	534791	7242
V	534865	7243
V	534939	7244
V	535013	7245
V	535087	7246
V	535161	7247
V	535235	7248
V	535309	7249
V	535383	7250
V	535457	7251
V	535531	7252
V	535605	7253
V	535679	7254
V	535753	7255
V	535827	7256
V	535901	7257
V	535975	7258
V	536049	7259
V	536123	7260
V	536197	7261
V	536271	7262
V	536345	7263
V	536419	7264
V	536493	7265
V	536567	7266
V	536641	7267
V	536715	7268
V	536789	7269
V	536863	7270
V	536937	7271
V	537011	7272
V	537085	7273
V	537159	7274
V	537233	7275
V	537307	7276
V	537381	7277
V	537455	7278
V	537529	7279
V	537603	7280
V	537677	7281
V	537751	7282
V	537825	7283
V	537899	7284
V	537973	7285
V	538047	7286
V	538121	7287
V	538195	7288
V	538269	7289
V	538343	7290
V	538417	7291
V	538491	7292
V	538565	7293
V	538639	7294
V	538713	7295
V	538787	7296
V	538861	7297
V	538935	7298
V	539009	7299
V	539083	7300
V	539157	7301
V	539231	7302
V	539305	7303
V	539379	7304
V	539453	7305
V	539527	7306
V	539601	7307
V	539675	7308
V	539749	7309
V	539823	7310
V	539897	7311
V	539971	7312
V	540045	7313
V	540119	7314
V	540193	7315
V	540267	7316
V	540341	7317
V	540415	7318
V	540489	7319
V	540563	7320
V	540637	7321
V	540711	7322
V	540785	7323
V	540859	7324
V	540933	7325
V	541007	7326
V	541081	7327
V	541155	7328
V	541229	7329
V	541303	7330
V	541377	7331
V	541451	7332
V	541525	7333
V	541599	7334
V	541673	7335
V	541747	7336
V	541821	7337
V	541895	7338
V	541969	7339
V	542043	7340
V	542117	7341
V	542191	7342
V	542265	7343
V	542339	7344
V	542413	7345
V	542487	7346
V	542561	7347
V	542635	7348
V	542709	7349
V	542783	7350
V	542857	7351
V	542931	7352
V	543005	7353
V	543079	7354
V	543153	7355
V	543227	7356
V	543301	7357
V	543375	7358
V	543449	7359
V	543523	7360
V	543597	7361
V	543671	7362
V	543745	7363
V	543819	7364
V	543893	7365
V	543967	7366
V	544041	7367
V	544115	7368
V	544189	7369
V	544263	7370
V	544337	7371
V	544411	7372
V	544485	7373
V	544559	7374
V	544633	7375
V	544707	7376
V	544781	7377
V	544855	7378
V	544929	7379
V	545003	7380
V	545077	7381
V	545151	7382
V	545225	7383
V	545299	7384
V	545373	7385
V	545447	7386
V	545521	7387
V	545595	7388
V	545669	7389
V	545743	7390
V	545817	7391
V	545891	7392
V	545965	7393
V	546039	7394
V	546113	7395
V	546187	7396
V	546261	7397
V	546335	7398
V	546409	7399
V	546483	7400
V	546557	7401
V	546631	7402
V	546705	7403
V	546779	7404
V	546853	7405
V	546927	7406
V	547001	7407
V	547075	7408
V	547149	7409
V	547223	7410
V	547297	7411
V	547371	7412
V	547445	7413
V	547519	7414
V	547593	7415
V	547667	7416
V	547741	7417
V	547815	7418
V	547889	7419
V	547963	7420
V	548037	7421
V	548111	7422
V	548185	7423
V	548259	7424
V	548333	7425
V	548407	7426
V	548481	7427
V	548555	7428
V	548629	7429
V	548703	7430
V	548777	7431
V	548851	7432
V	548925	7433
V	548999	7434
V	549073	7435
V	549147	7436
V	549221	7437
V	549295	7438
V	549369	7439
V	549443	7440
V	549517	7441
V	549591	7442
V	549665	7443
V	549739	7444
V	549813	7445
V	549887	7446
V	549961	7447
V	550035	7448
V	550109	7449
V	550183	7450
V	550257	7451
V	550331	7452
V	550405	7453
V	550479	7454
V	550553	7455
V	550627	7456
V	550701	7457
V	550775	7458
V	550849	7459
V	550923	7460
V	550997	7461
V	551071	7462
V	551145	7463
V	551219	7464
V	551293	7465
V	551367	7466
V	551441	7467
V	551515	7468
V	551589	7469
V	551663	7470
V	551737	7471
V	551811	7472
V	551885	7473
V	551959	7474
V	552033	7475
V	552107	7476
V	552181	7477
V	552255	7478
V	552329	7479
V	552403	7480
V	552477	7481
V	552551	7482
V	552625	7483
V	552699	7484
V	552773	7485
V	552847	7486
V	552921	7487
V	552995	7488
V	553069	7489
V	553143	7490
V	553217	7491
V	553291	7492
V	553365	7493
V	553439	7494
V	553513	7495
V	553587	7496
V	553661	7497
V	553735	7498
V	553809	7499
V	553883	7500
V	553957	7501
V	554031	7502
V	554105	7503
V	554179	7504
V	554253	7505
V	554327	7506
V	554401	7507
V	554475	7508
V	554549	7509
V	554623	7510
V	554697	7511
V	554771	7512
V	554845	7513
V	554919	7514
V	554993	7515
V	555067	7516
V	555141	7517
V	555215	7518
V	555289	7519
V	555363	7520
V	555437	7521
V	555511	7522
V	555585	7523
V	555659	7524
V	555733	7525
V	555807	7526
V	555881	7527
V	555955	7528
V	556029	7529
V	556103	7530
V	556177	7531
V	556251	7532
V	556325	7533
V	556399	7534
V	556473	7535
V	556547	7536
V	556621	7537
V	556695	7538
V	556769	7539
V	556843	7540
V	556917	7541
V	556991	7542
V	557065	7543
V	557139	7544
V	557213	7545
V	557287	7546
V	557361	7547
V	557435	7548
V	557509	7549
V	557583	7550
V	557657	7551
V	557731	7552
V	557805	7553
V	557879	7554
V	557953	7555
V	558027	7556
V	558101	7557
V	558175	7558
V	558249	7559
V	558323	7560
V	558397	7561
V	558471	7562
V	558545	7563
V	558619	7564
V	558693	7565
V	558767	7566
V	558841	7567
V	558915	7568
V	558989	7569
V	559063	7570
V	559137	7571
V	559211	7572
V	559285	7573
V	559359	7574
V	559433	7575
V	559507	7576
V	559581	7577
V	559655	7578
V	559729	7579
V	559803	7580
V	559877	7581
V	559951	7582
V	560025	7583
V	560099	7584
V	560173	7585
V	560247	7586
V	560321	7587
V	560395	7588
V	560469	7589
V	560543	7590
V	560617	7591
V	560691	7592
V	560765	7593
V	560839	7594
V	560913	7595
V	560987	7596
V	561061	7597
V	561135	7598
V	561209	7599
V	561283	7600
V	561357	7601
V	561431	7602
V	561505	7603
V	561579	7604
V	561653	7605
V	561727	7606
V	561801	7607
V	561875	7608
V	561949	7609
V	562023	7610
V	562097	7611
V	562171	7612
V	562245	7613
V	562319	7614
V	562393	7615
V	562467	7616
V	562541	7617
V	562615	7618
V	562689	7619
V	562763	7620
V	562837	7621
V	562911	7622
V	562985	7623
V	563059	7624
V	563133	7625
V	563207	7626
V	563281	7627
V	563355	7628
V	563429	7629
V	563503	7630
V	563577	7631
V	563651	7632
V	563725	7633
V	563799	7634
V	563873	7635
V	563947	7636
V	564021	7637
V	564095	7638
V	564169	7639
V	564243	7640
V	564317	7641
V	564391	7642
V	564465	7643
V	564539	7644
V	564613	7645
V	564687	7646
V	564761	7647
V	564835	7648
V	564909	7649
V	564983	7650
V	565057	7651
V	565131	7652
V	565205	7653
V	565279	7654
V	565353	7655
V	565427	7656
V	565501	7657
V	565575	7658
V	565649	7659
V	565723	7660
V	565797	7661
V	565871	7662
V	565945	7663
V	566019	7664
V	566093	7665
V	566167	7666
V	566241	7667
V	566315	7668
V	566389	7669
V	566463	7670
V	566537	7671
V	566611	7672
V	566685	7673
V	566759	7674
V	566833	7675
V	566907	7676
V	566981	7677
V	567055	7678
V	567129	7679
V	567203	7680
V	567277	7681
V	567351	7682
V	567425	7683
V	567499	7684
V	567573	7685
V	567647	7686
V	567721	7687
V	567795	7688
V	567869	7689
V	567943	7690
V	568017	7691
V	568091	7692
V	568165	7693
V	568239	7694
V	568313	7695
V	568387	7696
V	568461	7697
V	568535	7698
V	568609	7699
V	568683	7700
V	568757	7701
V	568831	7702
V	568905	7703
V	568979	7704
V	569053	7705
V	569127	7706
V	569201	7707
V	569275	7708
V	569349	7709
V	569423	7710
V	569497	7711
V	569571	7712
V	569645	7713
V	569719	7714
V	569793	7715
V	569867	7716
V	569941	7717
V	570015	7718
V	570089	7719
V	570163	7720
V	570237	7721
V	570311	7722
V	570385	7723
V	570459	7724
V	570533	7725
V	570607	7726
V	570681	7727
V	570755	7728
V	570829	7729
V	570903	7730
V	570977	7731
V	571051	7732
V	571125	7733
V	571199	7734
V	571273	7735
V	571347	7736
V	571421	7737
V	571495	7738
V	571569	7739
V	571643	7740
V	571717	7741
V	571791	7742
V	571865	7743
V	571939	7744
V	572013	7745
V	572087	7746
V	572161	7747
V	572235	7748
V	572309	7749
V	572383	7750
V	572457	7751
V	572531	7752
V	572605	7753
V	572679	7754
V	572753	7755
V	572827	7756
V	572901	7757
V	572975	7758
V	573049	7759
V	573123	7760
V	573197	7761
V	573271	7762
V	573345	7763
V	573419	7764
V	573493	7765
V	573567	7766
V	573641	7767
V	573715	7768
V	573789	7769
V	573863	7770
V	573937	7771
V	574011	7772
V	574085	7773
V	574159	7774
V	574233	7775
V	574307	7776
V	574381	7777
V	574455	7778
V	574529	7779
V	574603	7780
V	574677	7781
V	574751	7782
V	574825	7783
V	574899	7784
V	574973	7785
V	575047	7786
V	575121	7787
V	575195	7788
V	575269	7789
V	575343	7790
V	575417	7791
V	575491	7792
V	575565	7793
V	575639	7794
V	575713	7795
V	575787	7796
V	575861	7797
V	575935	7798
V	576009	7799
V	576083	7800
V	576157	7801
V	576231	7802
V	576305	7803
V	576379	7804
V	576453	7805
V	576527	7806
V	576601	7807
V	576675	7808
V	576749	7809
V	576823	7810
V	576897	7811
V	576971	7812
V	577045	7813
V	577119	7814
V	577193	7815
V	577267	7816
V	577341	7817
V	577415	7818
V	577489	7819
V	577563	7820
V	577637	7821
V	577711	7822
V	577785	7823
V	577859	7824
V	577933	7825
V	578007	7826
V	578081	7827
V	578155	7828
V	578229	7829
V	578303	7830
V	578377	7831
V	578451	7832
V	578525	7833
V	578599	7834
V	578673	7835
V	578747	7836
V	578821	7837
V	578895	7838
V	578969	7839
V	579043	7840
V	579117	7841
V	579191	7842
V	579265	7843
V	579339	7844
V	579413	7845
V	579487	7846
V	579561	7847
V	579635	7848
V	579709	7849
V	579783	7850
V	579857	7851
V	579931	7852
V	580005	7853
V	580079	7854
V	580153	7855
V	580227	7856
V	580301	7857
V	580375	7858
V	580449	7859
V	580523	7860
V	580597	7861
V	580671	7862
V	580745	7863
V	580819	7864
V	580893	7865
V	580967	7866
V	581041	7867
V	581115	7868
V	581189	7869
V	581263	7870
V	581337	7871
V	581411	7872
V	581485	7873
V	581559	7874
V	581633	7875
V	581707	7876
V	581781	7877
V	581855	7878
V	581929	7879
V	582003	7880
V	582077	7881
V	582151	7882
V	582225	7883
V	582299	7884
V	582373	7885
V	582447	7886
V	582521	7887
V	582595	7888
V	582669	7889
V	582743	7890
V	582817	7891
V	582891	7892
V	582965	7893
V	583039	7894
V	583113	7895
V	583187	7896
V	583261	7897
V	583335	7898
V	583409	7899
V	583483	7900
V	583557	7901
V	583631	7902
V	583705	7903
V	583779	7904
V	583853	7905
V	583927	7906
V	584001	7907
V	584075	7908
V	584149	7909
V	584223	7910
V	584297	7911
V	584371	7912
V	584445	7913
V	584519	7914
V	584593	7915
V	584667	7916
V	584741	7917
V	584815	7918
V	584889	7919
V	584963	7920
V	585037	7921
V	585111	7922
V	585185	7923
V	585259	7924
V	585333	7925
V	585407	7926
V	585481	7927
V	585555	7928
V	585629	7929
V	585703	7930
V	585777	7931
V	585851	7932
V	585925	7933
V	585999	7934
V	586073	7935
V	586147	7936
V	586221	7937
V	586295	7938
V	586369	7939
V	586443	7940
V	586517	7941
V	586591	7942
V	586665	7943
V	586739	7944
V	586813	7945
V	586887	7946
V	586961	7947
V	587035	7948
V	587109	7949
V	587183	7950
V	587257	7951
V	587331	7952
V	587405	7953
V	587479	7954
V	587553	7955
V	587627	7956
V	587701	7957
V	587775	7958
V	587849	7959
V	587923	7960
V	587997	7961
V	588071	7962
V	588145	7963
V	588219	7964
V	588293	7965
V	588367	7966
V	588441	7967
V	588515	7968
V	588589	7969
V	588663	7970
V	588737	7971
V	588811	7972
V	588885	7973
V	588959	7974
V	589033	7975
V	589107	7976
V	589181	7977
V	589255	7978
V	589329	7979
V	589403	7980
V	589477	7981
V	589551	7982
V	589625	7983
V	589699	7984
V	589773	7985
V	589847	7986
V	589921	7987
V	589995	7988
V	590069	7989
V	590143	7990
V	590217	7991
V	590291	7992
V	590365	7993
V	590439	7994
V	590513	7995
V	590587	7996
V	590661	7997
V	590735	7998
V	590809	7999
V	590883	8000
V	590957	8001
V	591031	8002
V	591105	8003
V	591179	8004
V	591253	8005
V	591327	8006
V	591401	8007
V	591475	8008
V	591549	8009
V	591623	8010
V	591697	8011
V	591771	8012
V	591845	8013
V	591919	8014
V	591993	8015
V	592067	8016
V	592141	8017
V	592215	8018
V	592289	8019
V	592363	8020
V	592437	8021
V	592511	8022
V	592585	8023
V	592659	8024
V	592733	8025
V	592807	8026
V	592881	8027
V	592955	8028
V	593029	8029
V	593103	8030
V	593177	8031
V	593251	8032
V	593325	8033
V	593399	8034
V	593473	8035
V	593547	8036
V	593621	8037
V	593695	8038
V	593769	8039
V	593843	8040
V	593917	8041
V	593991	8042
V	594065	8043
V	594139	8044
V	594213	8045
V	594287	8046
V	594361	8047
V	594435	8048
V	594509	8049
V	594583	8050
V	594657	8051
V	594731	8052
V	594805	8053
V	594879	8054
V	594953	8055
V	595027	8056
V	595101	8057
V	595175	8058
V	595249	8059
V	595323	8060
V	595397	8061
V	595471	8062
V	595545	8063
V	595619	8064
V	595693	8065
V	595767	8066
V	595841	8067
V	595915	8068
V	595989	8069
V	596063	8070
V	596137	8071
V	596211	8072
V	596285	8073
V	596359	8074
V	596433	8075
V	596507	8076
V	596581	8077
V	596655	8078
V	596729	8079
V	596803	8080
V	596877	8081
V	596951	8082
V	597025	8083
V	597099	8084
V	597173	8085
V	597247	8086
V	597321	8087
V	597395	8088
V	597469	8089
V	597543	8090
V	597617	8091
V	597691	8092
V	597765	8093
V	597839	8094
V	597913	8095
V	597987	8096
V	598061	8097
V	598135	8098
V	598209	8099
V	598283	8100
V	598357	8101
V	598431	8102
V	598505	8103
V	598579	8104
V	598653	8105
V	598727	8106
V	598801	8107
V	598875	8108
V	598949	8109
V	599023	8110
V	599097	8111
V	599171	8112
V	599245	8113
V	599319	8114
V	599393	8115
V	599467	8116
V	599541	8117
V	599615	8118
V	599689	8119
V	599763	8120
V	599837	8121
V	599911	8122
V	599985	8123
V	600059	8124
V	600133	8125
V	600207	8126
V	600281	8127
V	600355	8128
V	600429	8129
V	600503	8130
V	600577	8131
V	600651	8132
V	600725	8133
V	600799	8134
V	600873	8135
V	600947	8136
V	601021	8137
V	601095	8138
V	601169	8139
V	601243	8140
V	601317	8141
V	601391	8142
V	601465	8143
V	601539	8144
V	601613	8145
V	601687	8146
V	601761	8147
V	601835	8148
V	601909	8149
V	601983	8150
V	602057	8151
V	602131	8152
V	602205	8153
V	602279	8154
V	602353	8155
V	602427	8156
V	602501	8157
V	602575	8158
V	602649	8159
V	602723	8160
V	602797	8161
V	602871	8162
V	602945	8163
V	603019	8164
V	603093	8165
V	603167	8166
V	603241	8167
V	603315	8168
V	603389	8169
V	603463	8170
V	603537	8171
V	603611	8172
V	603685	8173
V	603759	8174
V	603833	8175
V	603907	8176
V	603981	8177
V	604055	8178
V	604129	8179
V	604203	8180
V	604277	8181
V	604351	8182
V	604425	8183
V	604499	8184
V	604573	8185
V	604647	8186
V	604721	8187
V	604795	8188
V	604869	8189
V	604943	8190
V	605017	8191
V	605091	8192
V	605165	8193
V	605239	8194
V	605313	8195
V	605387	8196
V	605461	8197
V	605535	8198
V	605609	8199
V	605683	8200
V	605757	8201
V	605831	8202
V	605905	8203
V	605979	8204
V	606053	8205
V	606127	8206
V	606201	8207
V	606275	8208
V	606349	8209
V	606423	8210
V	606497	8211
V	606571	8212
V	606645	8213
V	606719	8214
V	606793	8215
V	606867	8216
V	606941	8217
V	607015	8218
V	607089	8219
V	607163	8220
V	607237	8221
V	607311	8222
V	607385	8223
V	607459	8224
V	607533	8225
V	607607	8226
V	607681	8227
V	607755	8228
V	607829	8229
V	607903	8230
V	607977	8231
V	608051	8232
V	608125	8233
V	608199	8234
V	608273	8235
V	608347	8236
V	608421	8237
V	608495	8238
V	608569	8239
V	608643	8240
V	608717	8241
V	608791	8242
V	608865	8243
V	608939	8244
V	609013	8245
V	609087	8246
V	609161	8247
V	609235	8248
V	609309	8249
V	609383	8250
V	609457	8251
V	609531	8252
V	609605	8253
V	609679	8254
V	609753	8255
V	609827	8256
V	609901	8257
V	609975	8258
V	610049	8259
V	610123	8260
V	610197	8261
V	610271	8262
V	610345	8263
V	610419	8264
V	610493	8265
V	610567	8266
V	610641	8267
V	610715	8268
V	610789	8269
V	610863	8270
V	610937	8271
V	611011	8272
V	611085	8273
V	611159	8274
V	611233	8275
V	611307	8276
V	611381	8277
V	611455	8278
V	611529	8279
V	611603	8280
V	611677	8281
V	611751	8282
V	611825	8283
V	611899	8284
V	611973	8285
V	612047	8286
V	612121	8287
V	612195	8288
V	612269	8289
V	612343	8290
V	612417	8291
V	612491	8292
V	612565	8293
V	612639	8294
V	612713	8295
V	612787	8296
V	612861	8297
V	612935	8298
V	613009	8299
V	613083	8300
V	613157	8301
V	613231	8302
V	613305	8303
V	613379	8304
V	613453	8305
V	613527	8306
V	613601	8307
V	613675	8308
V	613749	8309
V	613823	8310
V	613897	8311
V	613971	8312
V	614045	8313
V	614119	8314
V	614193	8315
V	614267	8316
V	614341	8317
V	614415	8318
V	614489	8319
V	614563	8320
V	614637	8321
V	614711	8322
V	614785	8323
V	614859	8324
V	614933	8325
V	615007	8326
V	615081	8327
V	615155	8328
V	615229	8329
V	615303	8330
V	615377	8331
V	615451	8332
V	615525	8333
V	615599	8334
V	615673	8335
V	615747	8336
V	615821	8337
V	615895	8338
V	615969	8339
V	616043	8340
V	616117	8341
V	616191	8342
V	616265	8343
V	616339	8344
V	616413	8345
V	616487	8346
V	616561	8347
V	616635	8348
V	616709	8349
V	616783	8350
V	616857	8351
V	616931	8352
V	617005	8353
V	617079	8354
V	617153	8355
V	617227	8356
V	617301	8357
V	617375	8358
V	617449	8359
V	617523	8360
V	617597	8361
V	617671	8362
V	617745	8363
V	617819	8364
V	617893	8365
V	617967	8366
V	618041	8367
V	618115	8368
V	618189	8369
V	618263	8370
V	618337	8371
V	618411	8372
V	618485	8373
V	618559	8374
V	618633	8375
V	618707	8376
V	618781	8377
V	618855	8378
V	618929	8379
V	619003	8380
V	619077	8381
V	619151	8382
V	619225	8383
V	619299	8384
V	619373	8385
V	619447	8386
V	619521	8387
V	619595	8388
V	619669	8389
V	619743	8390
V	619817	8391
V	619891	8392
V	619965	8393
V	620039	8394
V	620113	8395
V	620187	8396
V	620261	8397
V	620335	8398
V	620409	8399
V	620483	8400
V	620557	8401
V	620631	8402
V	620705	8403
V	620779	8404
V	620853	8405
V	620927	8406
V	621001	8407
V	621075	8408
V	621149	8409
V	621223	8410
V	621297	8411
V	621371	8412
V	621445	8413
V	621519	8414
V	621593	8415
V	621667	8416
V	621741	8417
V	621815	8418
V	621889	8419
V	621963	8420
V	622037	8421
V	622111	8422
V	622185	8423
V	622259	8424
V	622333	8425
V	622407	8426
V	622481	8427
V	622555	8428
V	622629	8429
V	622703	8430
V	622777	8431
V	622851	8432
V	622925	8433
V	622999	8434
V	623073	8435
V	623147	8436
V	623221	8437
V	623295	8438
V	623369	8439
V	623443	8440
V	623517	8441
V	623591	8442
V	623665	8443
V	623739	8444
V	623813	8445
V	623887	8446
V	623961	8447
V	624035	8448
V	624109	8449
V	624183	8450
V	624257	8451
V	624331	8452
V	624405	8453
V	624479	8454
V	624553	8455
V	624627	8456
V	624701	8457
V	624775	8458
V	624849	8459
V	624923	8460
V	624997	8461
V	625071	8462
V	625145	8463
V	625219	8464
V	625293	8465
V	625367	8466
V	625441	8467
V	625515	8468
V	625589	8469
V	625663	8470
V	625737	8471
V	625811	8472
V	625885	8473
V	625959	8474
V	626033	8475
V	626107	8476
V	626181	8477
V	626255	8478
V	626329	8479
V	626403	8480
V	626477	8481
V	626551	8482
V	626625	8483
V	626699	8484
V	626773	8485
V	626847	8486
V	626921	8487
V	626995	8488
V	627069	8489
V	627143	8490
V	627217	8491
V	627291	8492
V	627365	8493
V	627439	8494
V	627513	8495
V	627587	8496
V	627661	8497
V	627735	8498
V	627809	8499
V	627883	8500
V	627957	8501
V	628031	8502
V	628105	8503
V	628179	8504
V	628253	8505
V	628327	8506
V	628401	8507
V	628475	8508
V	628549	8509
V	628623	8510
V	628697	8511
V	628771	8512
V	628845	8513
V	628919	8514
V	628993	8515
V	629067	8516
V	629141	8517
V	629215	8518
V	629289	8519
V	629363	8520
V	629437	8521
V	629511	8522
V	629585	8523
V	629659	8524
V	629733	8525
V	629807	8526
V	629881	8527
V	629955	8528
V	630029	8529
V	630103	8530
V	630177	8531
V	630251	8532
V	630325	8533
V	630399	8534
V	630473	8535
V	630547	8536
V	630621	8537
V	630695	8538
V	630769	8539
V	630843	8540
V	630917	8541
V	630991	8542
V	631065	8543
V	631139	8544
V	631213	8545
V	631287	8546
V	631361	8547
V	631435	8548
V	631509	8549
V	631583	8550
V	631657	8551
V	631731	8552
V	631805	8553
V	631879	8554
V	631953	8555
V	632027	8556
V	632101	8557
V	632175	8558
V	632249	8559
V	632323	8560
V	632397	8561
V	632471	8562
V	632545	8563
V	632619	8564
V	632693	8565
V	632767	8566
V	632841	8567
V	632915	8568
V	632989	8569
V	633063	8570
V	633137	8571
V	633211	8572
V	633285	8573
V	633359	8574
V	633433	8575
V	633507	8576
V	633581	8577
V	633655	8578
V	633729	8579
V	633803	8580
V	633877	8581
V	633951	8582
V	634025	8583
V	634099	8584
V	634173	8585
V	634247	8586
V	634321	8587
V	634395	8588
V	634469	8589
V	634543	8590
V	634617	8591
V	634691	8592
V	634765	8593
V	634839	8594
V	634913	8595
V	634987	8596
V	635061	8597
V	635135	8598
V	635209	8599
V	635283	8600
V	635357	8601
V	635431	8602
V	635505	8603
V	635579	8604
V	635653	8605
V	635727	8606
V	635801	8607
V	635875	8608
V	635949	8609
V	636023	8610
V	636097	8611
V	636171	8612
V	636245	8613
V	636319	8614
V	636393	8615
V	636467	8616
V	636541	8617
V	636615	8618
V	636689	8619
V	636763	8620
V	636837	8621
V	636911	8622
V	636985	8623
V	637059	8624
V	637133	8625
V	637207	8626
V	637281	8627
V	637355	8628
V	637429	8629
V	637503	8630
V	637577	8631
V	637651	8632
V	637725	8633
V	637799	8634
V	637873	8635
V	637947	8636
V	638021	8637
V	638095	8638
V	638169	8639
V	638243	8640
V	638317	8641
V	638391	8642
V	638465	8643
V	638539	8644
V	638613	8645
V	638687	8646
V	638761	8647
V	638835	8648
V	638909	8649
V	638983	8650
V	639057	8651
V	639131	8652
V	639205	8653
V	639279	8654
V	639353	8655
V	639427	8656
V	639501	8657
V	639575	8658
V	639649	8659
V	639723	8660
V	639797	8661
V	639871	8662
V	639945	8663
V	640019	8664
V	640093	8665
V	640167	8666
V	640241	8667
V	640315	8668
V	640389	8669
V	640463	8670
V	640537	8671
V	640611	8672
V	640685	8673
V	640759	8674
V	640833	8675
V	640907	8676
V	640981	8677
V	641055	8678
V	641129	8679
V	641203	8680
V	641277	8681
V	641351	8682
V	641425	8683
V	641499	8684
V	641573	8685
V	641647	8686
V	641721	8687
V	641795	8688
V	641869	8689
V	641943	8690
V	642017	8691
V	642091	8692
V	642165	8693
V	642239	8694
V	642313	8695
V	642387	8696
V	642461	8697
V	642535	8698
V	642609	8699
V	642683	8700
V	642757	8701
V	642831	8702
V	642905	8703
V	642979	8704
V	643053	8705
V	643127	8706
V	643201	8707
V	643275	8708
V	643349	8709
V	643423	8710
V	643497	8711
V	643571	8712
V	643645	8713
V	643719	8714
V	643793	8715
V	643867	8716
V	643941	8717
V	644015	8718
V	644089	8719
V	644163	8720
V	644237	8721
V	644311	8722
V	644385	8723
V	644459	8724
V	644533	8725
V	644607	8726
V	644681	8727
V	644755	8728
V	644829	8729
V	644903	8730
V	644977	8731
V	645051	8732
V	645125	8733
V	645199	8734
V	645273	8735
V	645347	8736
V	645421	8737
V	645495	8738
V	645569	8739
V	645643	8740
V	645717	8741
V	645791	8742
V	645865	8743
V	645939	8744
V	646013	8745
V	646087	8746
V	646161	8747
V	646235	8748
V	646309	8749
V	646383	8750
V	646457	8751
V	646531	8752
V	646605	8753
V	646679	8754
V	646753	8755
V	646827	8756
V	646901	8757
V	646975	8758
V	647049	8759
V	647123	8760
V	647197	8761
V	647271	8762
V	647345	8763
V	647419	8764
V	647493	8765
V	647567	8766
V	647641	8767
V	647715	8768
V	647789	8769
V	647863	8770
V	647937	8771
V	648011	8772
V	648085	8773
V	648159	8774
V	648233	8775
V	648307	8776
V	648381	8777
V	648455	8778
V	648529	8779
V	648603	8780
V	648677	8781
V	648751	8782
V	648825	8783
V	648899	8784
V	648973	8785
V	649047	8786
V	649121	8787
V	649195	8788
V	649269	8789
V	649343	8790
V	649417	8791
V	649491	8792
V	649565	8793
V	649639	8794
V	649713	8795
V	649787	8796
V	649861	8797
V	649935	8798
V	650009	8799
V	650083	8800
V	650157	8801
V	650231	8802
V	650305	8803
V	650379	8804
V	650453	8805
V	650527	8806
V	650601	8807
V	650675	8808
V	650749	8809
V	650823	8810
V	650897	8811
V	650971	8812
V	651045	8813
V	651119	8814
V	651193	8815
V	651267	8816
V	651341	8817
V	651415	8818
V	651489	8819
V	651563	8820
V	651637	8821
V	651711	8822
V	651785	8823
V	651859	8824
V	651933	8825
V	652007	8826
V	652081	8827
V	652155	8828
V	652229	8829
V	652303	8830
V	652377	8831
V	652451	8832
V	652525	8833
V	652599	8834
V	652673	8835
V	652747	8836
V	652821	8837
V	652895	8838
V	652969	8839
V	653043	8840
V	653117	8841
V	653191	8842
V	653265	8843
V	653339	8844
V	653413	8845
V	653487	8846
V	653561	8847
V	653635	8848
V	653709	8849
V	653783	8850
V	653857	8851
V	653931	8852
V	654005	8853
V	654079	8854
V	654153	8855
V	654227	8856
V	654301	8857
V	654375	8858
V	654449	8859
V	654523	8860
V	654597	8861
V	654671	8862
V	654745	8863
V	654819	8864
V	654893	8865
V	654967	8866
V	655041	8867
V	655115	8868
V	655189	8869
V	655263	8870
V	655337	8871
V	655411	8872
V	655485	8873
V	655559	8874
V	655633	8875
V	655707	8876
V	655781	8877
V	655855	8878
V	655929	8879
V	656003	8880
V	656077	8881
V	656151	8882
V	656225	8883
V	656299	8884
V	656373	8885
V	656447	8886
V	656521	8887
V	656595	8888
V	656669	8889
V	656743	8890
V	656817	8891
V	656891	8892
V	656965	8893
V	657039	8894
V	657113	8895
V	657187	8896
V	657261	8897
V	657335	8898
V	657409	8899
V	657483	8900
V	657557	8901
V	657631	8902
V	657705	8903
V	657779	8904
V	657853	8905
V	657927	8906
V	658001	8907
V	658075	8908
V	658149	8909
V	658223	8910
V	658297	8911
V	658371	8912
V	658445	8913
V	658519	8914
V	658593	8915
V	658667	8916
V	658741	8917
V	658815	8918
V	658889	8919
V	658963	8920
V	659037	8921
V	659111	8922
V	659185	8923
V	659259	8924
V	659333	8925
V	659407	8926
V	659481	8927
V	659555	8928
V	659629	8929
V	659703	8930
V	659777	8931
V	659851	8932
V	659925	8933
V	659999	8934
V	660073	8935
V	660147	8936
V	660221	8937
V	660295	8938
V	660369	8939
V	660443	8940
V	660517	8941
V	660591	8942
V	660665	8943
V	660739	8944
V	660813	8945
V	660887	8946
V	660961	8947
V	661035	8948
V	661109	8949
V	661183	8950
V	661257	8951
V	661331	8952
V	661405	8953
V	661479	8954
V	661553	8955
V	661627	8956
V	661701	8957
V	661775	8958
V	661849	8959
V	661923	8960
V	661997	8961
V	662071	8962
V	662145	8963
V	662219	8964
V	662293	8965
V	662367	8966
V	662441	8967
V	662515	8968
V	662589	8969
V	662663	8970
V	662737	8971
V	662811	8972
V	662885	8973
V	662959	8974
V	663033	8975
V	663107	8976
V	663181	8977
V	663255	8978
V	663329	8979
V	663403	8980
V	663477	8981
V	663551	8982
V	663625	8983
V	663699	8984
V	663773	8985
V	663847	8986
V	663921	8987
V	663995	8988
V	664069	8989
V	664143	8990
V	664217	8991
V	664291	8992
V	664365	8993
V	664439	8994
V	664513	8995
V	664587	8996
V	664661	8997
V	664735	8998
V	664809	8999
V	664883	9000
V	664957	9001
V	665031	9002
V	665105	9003
V	665179	9004
V	665253	9005
V	665327	9006
V	665401	9007
V	665475	9008
V	665549	9009
V	665623	9010
V	665697	9011
V	665771	9012
V	665845	9013
V	665919	9014
V	665993	9015
V	666067	9016
V	666141	9017
V	666215	9018
V	666289	9019
V	666363	9020
V	666437	9021
V	666511	9022
V	666585	9023
V	666659	9024
V	666733	9025
V	666807	9026
V	666881	9027
V	666955	9028
V	667029	9029
V	667103	9030
V	667177	9031
V	667251	9032
V	667325	9033
V	667399	9034
V	667473	9035
V	667547	9036
V	667621	9037
V	667695	9038
V	667769	9039
V	667843	9040
V	667917	9041
V	667991	9042
V	668065	9043
V	668139	9044
V	668213	9045
V	668287	9046
V	668361	9047
V	668435	9048
V	668509	9049
V	668583	9050
V	668657	9051
V	668731	9052
V	668805	9053
V	668879	9054
V	668953	9055
V	669027	9056
V	669101	9057
V	669175	9058
V	669249	9059
V	669323	9060
V	669397	9061
V	669471	9062
V	669545	9063
V	669619	9064
V	669693	9065
V	669767	9066
V	669841	9067
V	669915	9068
V	669989	9069
V	670063	9070
V	670137	9071
V	670211	9072
V	670285	9073
V	670359	9074
V	670433	9075
V	670507	9076
V	670581	9077
V	670655	9078
V	670729	9079
V	670803	9080
V	670877	9081
V	670951	9082
V	671025	9083
V	671099	9084
V	671173	9085
V	671247	9086
V	671321	9087
V	671395	9088
V	671469	9089
V	671543	9090
V	671617	9091
V	671691	9092
V	671765	9093
V	671839	9094
V	671913	9095
V	671987	9096
V	672061	9097
V	672135	9098
V	672209	9099
V	672283	9100
V	672357	9101
V	672431	9102
V	672505	9103
V	672579	9104
V	672653	9105
V	672727	9106
V	672801	9107
V	672875	9108
V	672949	9109
V	673023	9110
V	673097	9111
V	673171	9112
V	673245	9113
V	673319	9114
V	673393	9115
V	673467	9116
V	673541	9117
V	673615	9118
V	673689	9119
V	673763	9120
V	673837	9121
V	673911	9122
V	673985	9123
V	674059	9124
V	674133	9125
V	674207	9126
V	674281	9127
V	674355	9128
V	674429	9129
V	674503	9130
V	674577	9131
V	674651	9132
V	674725	9133
V	674799	9134
V	674873	9135
V	674947	9136
V	675021	9137
V	675095	9138
V	675169	9139
V	675243	9140
V	675317	9141
V	675391	9142
V	675465	9143
V	675539	9144
V	675613	9145
V	675687	9146
V	675761	9147
V	675835	9148
V	675909	9149
V	675983	9150
V	676057	9151
V	676131	9152
V	676205	9153
V	676279	9154
V	676353	9155
V	676427	9156
V	676501	9157
V	676575	9158
V	676649	9159
V	676723	9160
V	676797	9161
V	676871	9162
V	676945	9163
V	677019	9164
V	677093	9165
V	677167	9166
V	677241	9167
V	677315	9168
V	677389	9169
V	677463	9170
V	677537	9171
V	677611	9172
V	677685	9173
V	677759	9174
V	677833	9175
V	677907	9176
V	677981	9177
V	678055	9178
V	678129	9179
V	678203	9180
V	678277	9181
V	678351	9182
V	678425	9183
V	678499	9184
V	678573	9185
V	678647	9186
V	678721	9187
V	678795	9188
V	678869	9189
V	678943	9190
V	679017	9191
V	679091	9192
V	679165	9193
V	679239	9194
V	679313	9195
V	679387	9196
V	679461	9197
V	679535	9198
V	679609	9199
V	679683	9200
V	679757	9201
V	679831	9202
V	679905	9203
V	679979	9204
V	680053	9205
V	680127	9206
V	680201	9207
V	680275	9208
V	680349	9209
V	680423	9210
V	680497	9211
V	680571	9212
V	680645	9213
V	680719	9214
V	680793	9215
V	680867	9216
V	680941	9217
V	681015	9218
V	681089	9219
V	681163	9220
V	681237	9221
V	681311	9222
V	681385	9223
V	681459	9224
V	681533	9225
V	681607	9226
V	681681	9227
V	681755	9228
V	681829	9229
V	681903	9230
V	681977	9231
V	682051	9232
V	682125	9233
V	682199	9234
V	682273	9235
V	682347	9236
V	682421	9237
V	682495	9238
V	682569	9239
V	682643	9240
V	682717	9241
V	682791	9242
V	682865	9243
V	682939	9244
V	683013	9245
V	683087	9246
V	683161	9247
V	683235	9248
V	683309	9249
V	683383	9250
V	683457	9251
V	683531	9252
V	683605	9253
V	683679	9254
V	683753	9255
V	683827	9256
V	683901	9257
V	683975	9258
V	684049	9259
V	684123	9260
V	684197	9261
V	684271	9262
V	684345	9263
V	684419	9264
V	684493	9265
V	684567	9266
V	684641	9267
V	684715	9268
V	684789	9269
V	684863	9270
V	684937	9271
V	685011	9272
V	685085	9273
V	685159	9274
V	685233	9275
V	685307	9276
V	685381	9277
V	685455	9278
V	685529	9279
V	685603	9280
V	685677	9281
V	685751	9282
V	685825	9283
V	685899	9284
V	685973	9285
V	686047	9286
V	686121	9287
V	686195	9288
V	686269	9289
V	686343	9290
V	686417	9291
V	686491	9292
V	686565	9293
V	686639	9294
V	686713	9295
V	686787	9296
V	686861	9297
V	686935	9298
V	687009	9299
V	687083	9300
V	687157	9301
V	687231	9302
V	687305	9303
V	687379	9304
V	687453	9305
V	687527	9306
V	687601	9307
V	687675	9308
V	687749	9309
V	687823	9310
V	687897	9311
V	687971	9312
V	688045	9313
V	688119	9314
V	688193	9315
V	688267	9316
V	688341	9317
V	688415	9318
V	688489	9319
V	688563	9320
V	688637	9321
V	688711	9322
V	688785	9323
V	688859	9324
V	688933	9325
V	689007	9326
V	689081	9327
V	689155	9328
V	689229	9329
V	689303	9330
V	689377	9331
V	689451	9332
V	689525	9333
V	689599	9334
V	689673	9335
V	689747	9336
V	689821	9337
V	689895	9338
V	689969	9339
V	690043	9340
V	690117	9341
V	690191	9342
V	690265	9343
V	690339	9344
V	690413	9345
V	690487	9346
V	690561	9347
V	690635	9348
V	690709	9349
V	690783	9350
V	690857	9351
V	690931	9352
V	691005	9353
V	691079	9354
V	691153	9355
V	691227	9356
V	691301	9357
V	691375	9358
V	691449	9359
V	691523	9360
V	691597	9361
V	691671	9362
V	691745	9363
V	691819	9364
V	691893	9365
V	691967	9366
V	692041	9367
V	692115	9368
V	692189	9369
V	692263	9370
V	692337	9371
V	692411	9372
V	692485	9373
V	692559	9374
V	692633	9375
V	692707	9376
V	692781	9377
V	692855	9378
V	692929	9379
V	693003	9380
V	693077	9381
V	693151	9382
V	693225	9383
V	693299	9384
V	693373	9385
V	693447	9386
V	693521	9387
V	693595	9388
V	693669	9389
V	693743	9390
V	693817	9391
V	693891	9392
V	693965	9393
V	694039	9394
V	694113	9395
V	694187	9396
V	694261	9397
V	694335	9398
V	694409	9399
V	694483	9400
V	694557	9401
V	694631	9402
V	694705	9403
V	694779	9404
V	694853	9405
V	694927	9406
V	695001	9407
V	695075	9408
V	695149	9409
V	695223	9410
V	695297	9411
V	695371	9412
V	695445	9413
V	695519	9414
V	695593	9415
V	695667	9416
V	695741	9417
V	695815	9418
V	695889	9419
V	695963	9420
V	696037	9421
V	696111	9422
V	696185	9423
V	696259	9424
V	696333	9425
V	696407	9426
V	696481	9427
V	696555	9428
V	696629	9429
V	696703	9430
V	696777	9431
V	696851	9432
V	696925	9433
V	696999	9434
V	697073	9435
V	697147	9436
V	697221	9437
V	697295	9438
V	697369	9439
V	697443	9440
V	697517	9441
V	697591	9442
V	697665	9443
V	697739	9444
V	697813	9445
V	697887	9446
V	697961	9447
V	698035	9448
V	698109	9449
V	698183	9450
V	698257	9451
V	698331	9452
V	698405	9453
V	698479	9454
V	698553	9455
V	698627	9456
V	698701	9457
V	698775	9458
V	698849	9459
V	698923	9460
V	698997	9461
V	699071	9462
V	699145	9463
V	699219	9464
V	699293	9465
V	699367	9466
V	699441	9467
V	699515	9468
V	699589	9469
V	699663	9470
V	699737	9471
V	699811	9472
V	699885	9473
V	699959	9474
V	700033	9475
V	700107	9476
V	700181	9477
V	700255	9478
V	700329	9479
V	700403	9480
V	700477	9481
V	700551	9482
V	700625	9483
V	700699	9484
V	700773	9485
V	700847	9486
V	700921	9487
V	700995	9488
V	701069	9489
V	701143	9490
V	701217	9491
V	701291	9492
V	701365	9493
V	701439	9494
V	701513	9495
V	701587	9496
V	701661	9497
V	701735	9498
V	701809	9499
V	701883	9500
V	701957	9501
V	702031	9502
V	702105	9503
V	702179	9504
V	702253	9505
V	702327	9506
V	702401	9507
V	702475	9508
V	702549	9509
V	702623	9510
V	702697	9511
V	702771	9512
V	702845	9513
V	702919	9514
V	702993	9515
V	703067	9516
V	703141	9517
V	703215	9518
V	703289	9519
V	703363	9520
V	703437	9521
V	703511	9522
V	703585	9523
V	703659	9524
V	703733	9525
V	703807	9526
V	703881	9527
V	703955	9528
V	704029	9529
V	704103	9530
V	704177	9531
V	704251	9532
V	704325	9533
V	704399	9534
V	704473	9535
V	704547	9536
V	704621	9537
V	704695	9538
V	704769	9539
V	704843	9540
V	704917	9541
V	704991	9542
V	705065	9543
V	705139	9544
V	705213	9545
V	705287	9546
V	705361	9547
V	705435	9548
V	705509	9549
V	705583	9550
V	705657	9551
V	705731	9552
V	705805	9553
V	705879	9554
V	705953	9555
V	706027	9556
V	706101	9557
V	706175	9558
V	706249	9559
V	706323	9560
V	706397	9561
V	706471	9562
V	706545	9563
V	706619	9564
V	706693	9565
V	706767	9566
V	706841	9567
V	706915	9568
V	706989	9569
V	707063	9570
V	707137	9571
V	707211	9572
V	707285	9573
V	707359	9574
V	707433	9575
V	707507	9576
V	707581	9577
V	707655	9578
V	707729	9579
V	707803	9580
V	707877	9581
V	707951	9582
V	708025	9583
V	708099	9584
V	708173	9585
V	708247	9586
V	708321	9587
V	708395	9588
V	708469	9589
V	708543	9590
V	708617	9591
V	708691	9592
V	708765	9593
V	708839	9594
V	708913	9595
V	708987	9596
V	709061	9597
V	709135	9598
V	709209	9599
V	709283	9600
V	709357	9601
V	709431	9602
V	709505	9603
V	709579	9604
V	709653	9605
V	709727	9606
V	709801	9607
V	709875	9608
V	709949	9609
V	710023	9610
V	710097	9611
V	710171	9612
V	710245	9613
V	710319	9614
V	710393	9615
V	710467	9616
V	710541	9617
V	710615	9618
V	710689	9619
V	710763	9620
V	710837	9621
V	710911	9622
V	710985	9623
V	711059	9624
V	711133	9625
V	711207	9626
V	711281	9627
V	711355	9628
V	711429	9629
V	711503	9630
V	711577	9631
V	711651	9632
V	711725	9633
V	711799	9634
V	711873	9635
V	711947	9636
V	712021	9637
V	712095	9638
V	712169	9639
V	712243	9640
V	712317	9641
V	712391	9642
V	712465	9643
V	712539	9644
V	712613	9645
V	712687	9646
V	712761	9647
V	712835	9648
V	712909	9649
V	712983	9650
V	713057	9651
V	713131	9652
V	713205	9653
V	713279	9654
V	713353	9655
V	713427	9656
V	713501	9657
V	713575	9658
V	713649	9659
V	713723	9660
V	713797	9661
V	713871	9662
V	713945	9663
V	714019	9664
V	714093	9665
V	714167	9666
V	714241	9667
V	714315	9668
V	714389	9669
V	714463	9670
V	714537	9671
V	714611	9672
V	714685	9673
V	714759	9674
V	714833	9675
V	714907	9676
V	714981	9677
V	715055	9678
V	715129	9679
V	715203	9680
V	715277	9681
V	715351	9682
V	715425	9683
V	715499	9684
V	715573	9685
V	715647	9686
V	715721	9687
V	715795	9688
V	715869	9689
V	715943	9690
V	716017	9691
V	716091	9692
V	716165	9693
V	716239	9694
V	716313	9695
V	716387	9696
V	716461	9697
V	716535	9698
V	716609	9699
V	716683	9700
V	716757	9701
V	716831	9702
V	716905	9703
V	716979	9704
V	717053	9705
V	717127	9706
V	717201	9707
V	717275	9708
V	717349	9709
V	717423	9710
V	717497	9711
V	717571	9712
V	717645	9713
V	717719	9714
V	717793	9715
V	717867	9716
V	717941	9717
V	718015	9718
V	718089	9719
V	718163	9720
V	718237	9721
V	718311	9722
V	718385	9723
V	718459	9724
V	718533	9725
V	718607	9726
V	718681	9727
V	718755	9728
V	718829	9729
V	718903	9730
V	718977	9731
V	719051	9732
V	719125	9733
V	719199	9734
V	719273	9735
V	719347	9736
V	719421	9737
V	719495	9738
V	719569	9739
V	719643	9740
V	719717	9741
V	719791	9742
V	719865	9743
V	719939	9744
V	720013	9745
V	720087	9746
V	720161	9747
V	720235	9748
V	720309	9749
V	720383	9750
V	720457	9751
V	720531	9752
V	720605	9753
V	720679	9754
V	720753	9755
V	720827	9756
V	720901	9757
V	720975	9758
V	721049	9759
V	721123	9760
V	721197	9761
V	721271	9762
V	721345	9763
V	721419	9764
V	721493	9765
V	721567	9766
V	721641	9767
V	721715	9768
V	721789	9769
V	721863	9770
V	721937	9771
V	722011	9772
V	722085	9773
V	722159	9774
V	722233	9775
V	722307	9776
V	722381	9777
V	722455	9778
V	722529	9779
V	722603	9780
V	722677	9781
V	722751	9782
V	722825	9783
V	722899	9784
V	722973	9785
V	723047	9786
V	723121	9787
V	723195	9788
V	723269	9789
V	723343	9790
V	723417	9791
V	723491	9792
V	723565	9793
V	723639	9794
V	723713	9795
V	723787	9796
V	723861	9797
V	723935	9798
V	724009	9799
V	724083	9800
V	724157	9801
V	724231	9802
V	724305	9803
V	724379	9804
V	724453	9805
V	724527	9806
V	724601	9807
V	724675	9808
V	724749	9809
V	724823	9810
V	724897	9811
V	724971	9812
V	725045	9813
V	725119	9814
V	725193	9815
V	725267	9816
V	725341	9817
V	725415	9818
V	725489	9819
V	725563	9820
V	725637	9821
V	725711	9822
V	725785	9823
V	725859	9824
V	725933	9825
V	726007	9826
V	726081	9827
V	726155	9828
V	726229	9829
V	726303	9830
V	726377	9831
V	726451	9832
V	726525	9833
V	726599	9834
V	726673	9835
V	726747	9836
V	726821	9837
V	726895	9838
V	726969	9839
V	727043	9840
V	727117	9841
V	727191	9842
V	727265	9843
V	727339	9844
V	727413	9845
V	727487	9846
V	727561	9847
V	727635	9848
V	727709	9849
V	727783	9850
V	727857	9851
V	727931	9852
V	728005	9853
V	728079	9854
V	728153	9855
V	728227	9856
V	728301	9857
V	728375	9858
V	728449	9859
V	728523	9860
V	728597	9861
V	728671	9862
V	728745	9863
V	728819	9864
V	728893	9865
V	728967	9866
V	729041	9867
V	729115	9868
V	729189	9869
V	729263	9870
V	729337	9871
V	729411	9872
V	729485	9873
V	729559	9874
V	729633	9875
V	729707	9876
V	729781	9877
V	729855	9878
V	729929	9879
V	730003	9880
V	730077	9881
V	730151	9882
V	730225	9883
V	730299	9884
V	730373	9885
V	730447	9886
V	730521	9887
V	730595	9888
V	730669	9889
V	730743	9890
V	730817	9891
V	730891	9892
V	730965	9893
V	731039	9894
V	731113	9895
V	731187	9896
V	731261	9897
V	731335	9898
V	731409	9899
V	731483	9900
V	731557	9901
V	731631	9902
V	731705	9903
V	731779	9904
V	731853	9905
V	731927	9906
V	732001	9907
V	732075	9908
V	732149	9909
V	732223	9910
V	732297	9911
V	732371	9912
V	732445	9913
V	732519	9914
V	732593	9915
V	732667	9916
V	732741	9917
V	732815	9918
V	732889	9919
V	732963	9920
V	733037	9921
V	733111	9922
V	733185	9923
V	733259	9924
V	733333	9925
V	733407	9926
V	733481	9927
V	733555	9928
V	733629	9929
V	733703	9930
V	733777	9931
V	733851	9932
V	733925	9933
V	733999	9934
V	734073	9935
V	734147	9936
V	734221	9937
V	734295	9938
V	734369	9939
V	734443	9940
V	734517	9941
V	734591	9942
V	734665	9943
V	734739	9944
V	734813	9945
V	734887	9946
V	734961	9947
V	735035	9948
V	735109	9949
V	735183	9950
V	735257	9951
V	735331	9952
V	735405	9953
V	735479	9954
V	735553	9955
V	735627	9956
V	735701	9957
V	735775	9958
V	735849	9959
V	735923	9960
V	735997	9961
V	736071	9962
V	736145	9963
V	736219	9964
V	736293	9965
V	736367	9966
V	736441	9967
V	736515	9968
V	736589	9969
V	736663	9970
V	736737	9971
V	736811	9972
V	736885	9973
V	736959	9974
V	737033	9975
V	737107	9976
V	737181	9977
V	737255	9978
V	737329	9979
V	737403	9980
V	737477	9981
V	737551	9982
V	737625	9983
V	737699	9984
V	737773	9985
V	737847	9986
V	737921	9987
V	737995	9988
V	738069	9989
V	738143	9990
V	738217	9991
V	738291	9992
V	738365	9993
V	738439	9994
V	738513	9995
V	738587	9996
V	738661	9997
V	738735	9998
V	738809	9999
V	738883	10000
V	738958	10001
V	739033	10002
V	739108	10003
V	739183	10004
V	739258	10005
V	739333	10006
V	739408	10007
V	739483	10008
V	739558	10009
V	739633	10010
V	739708	10011
V	739783	10012
V	739858	10013
V	739933	10014
V	740008	10015
V	740083	10016
V	740158	10017
V	740233	10018
V	740308	10019
V	740383	10020
V	740458	10021
V	740533	10022
V	740608	10023
V	740683	10024
V	740758	10025
V	740833	10026
V	740908	10027
V	740983	10028
V	741058	10029
V	741133	10030
V	741208	10031
V	741283	10032
V	741358	10033
V	741433	10034
V	741508	10035
V	741583	10036
V	741658	10037
V	741733	10038
V	741808	10039
V	741883	10040
V	741958	10041
V	742033	10042
V	742108	10043
V	742183	10044
V	742258	10045
V	742333	10046
V	742408	10047
V	742483	10048
V	742558	10049
V	742633	10050
V	742708	10051
V	742783	10052
V	742858	10053
V	742933	10054
V	743008	10055
V	743083	10056
V	743158	10057
V	743233	10058
V	743308	10059
V	743383	10060
V	743458	10061
V	743533	10062
V	743608	10063
V	743683	10064
V	743758	10065
V	743833	10066
V	743908	10067
V	743983	10068
V	744058	10069
V	744133	10070
V	744208	10071
V	744283	10072
V	744358	10073
V	744433	10074
V	744508	10075
V	744583	10076
V	744658	10077
V	744733	10078
V	744808	10079
V	744883	10080
V	744958	10081
V	745033	10082
V	745108	10083
V	745183	10084
V	745258	10085
V	745333	10086
V	745408	10087
V	745483	10088
V	745558	10089
V	745633	10090
V	745708	10091
V	745783	10092
V	745858	10093
V	745933	10094
V	746008	10095
V	746083	10096
V	746158	10097
V	746233	10098
V	746308	10099
V	746383	10100
V	746458	10101
V	746533	10102
V	746608	10103
V	746683	10104
V	746758	10105
V	746833	10106
V	746908	10107
V	746983	10108
V	747058	10109
V	747133	10110
V	747208	10111
V	747283	10112
V	747358	10113
V	747433	10114
V	747508	10115
V	747583	10116
V	747658	10117
V	747733	10118
V	747808	10119
V	747883	10120
V	747958	10121
V	748033	10122
V	748108	10123
V	748183	10124
V	748258	10125
V	748333	10126
V	748408	10127
V	748483	10128
V	748558	10129
V	748633	10130
V	748708	10131
V	748783	10132
V	748858	10133
V	748933	10134
V	749008	10135
V	749083	10136
V	749158	10137
V	749233	10138
V	749308	10139
V	749383	10140
V	749458	10141
V	749533	10142
V	749608	10143
V	749683	10144
V	749758	10145
V	749833	10146
V	749908	10147
V	749983	10148
V	750058	10149
V	750133	10150
V	750208	10151
V	750283	10152
V	750358	10153
V	750433	10154
V	750508	10155
V	750583	10156
V	750658	10157
V	750733	10158
V	750808	10159
V	750883	10160
V	750958	10161
V	751033	10162
V	751108	10163
V	751183	10164
V	751258	10165
V	751333	10166
V	751408	10167
V	751483	10168
V	751558	10169
V	751633	10170
V	751708	10171
V	751783	10172
V	751858	10173
V	751933	10174
V	752008	10175
V	752083	10176
V	752158	10177
V	752233	10178
V	752308	10179
V	752383	10180
V	752458	10181
V	752533	10182
V	752608	10183
V	752683	10184
V	752758	10185
V	752833	10186
V	752908	10187
V	752983	10188
V	753058	10189
V	753133	10190
V	753208	10191
V	753283	10192
V	753358	10193
V	753433	10194
V	753508	10195
V	753583	10196
V	753658	10197
V	753733	10198
V	753808	10199
V	753883	10200
V	753958	10201
V	754033	10202
V	754108	10203
V	754183	10204
V	754258	10205
V	754333	10206
V	754408	10207
V	754483	10208
V	754558	10209
V	754633	10210
V	754708	10211
V	754783	10212
V	754858	10213
V	754933	10214
V	755008	10215
V	755083	10216
V	755158	10217
V	755233	10218
V	755308	10219
V	755383	10220
V	755458	10221
V	755533	10222
V	755608	10223
V	755683	10224
V	755758	10225
V	755833	10226
V	755908	10227
V	755983	10228
V	756058	10229
V	756133	10230
V	756208	10231
V	756283	10232
V	756358	10233
V	756433	10234
V	756508	10235
V	756583	10236
V	756658	10237
V	756733	10238
V	756808	10239
V	756883	10240
V	756958	10241
V	757033	10242
V	757108	10243
V	757183	10244
V	757258	10245
V	757333	10246
V	757408	10247
V	757483	10248
V	757558	10249
V	757633	10250
V	757708	10251
V	757783	10252
V	757858	10253
V	757933	10254
V	758008	10255
V	758083	10256
V	758158	10257
V	758233	10258
V	758308	10259
V	758383	10260
V	758458	10261
V	758533	10262
V	758608	10263
V	758683	10264
V	758758	10265
V	758833	10266
V	758908	10267
V	758983	10268
V	759058	10269
V	759133	10270
V	759208	10271
V	759283	10272
V	759358	10273
V	759433	10274
V	759508	10275
V	759583	10276
V	759658	10277
V	759733	10278
V	759808	10279
V	759883	10280
V	759958	10281
V	760033	10282
V	760108	10283
V	760183	10284
V	760258	10285
V	760333	10286
V	760408	10287
V	760483	10288
V	760558	10289
V	760633	10290
V	760708	10291
V	760783	10292
V	760858	10293
V	760933	10294
V	761008	10295
V	761083	10296
V	761158	10297
V	761233	10298
V	761308	10299
V	761383	10300
V	761458	10301
V	761533	10302
V	761608	10303
V	761683	10304
V	761758	10305
V	761833	10306
V	761908	10307
V	761983	10308
V	762058	10309
V	762133	10310
V	762208	10311
V	762283	10312
V	762358	10313
V	762433	10314
V	762508	10315
V	762583	10316
V	762658	10317
V	762733	10318
V	762808	10319
V	762883	10320
V	762958	10321
V	763033	10322
V	763108	10323
V	763183	10324
V	763258	10325
V	763333	10326
V	763408	10327
V	763483	10328
V	763558	10329
V	763633	10330
V	763708	10331
V	763783	10332
V	763858	10333
V	763933	10334
V	764008	10335
V	764083	10336
V	764158	10337
V	764233	10338
V	764308	10339
V	764383	10340
V	764458	10341
V	764533	10342
V	764608	10343
V	764683	10344
V	764758	10345
V	764833	10346
V	764908	10347
V	764983	10348
V	765058	10349
V	765133	10350
V	765208	10351
V	765283	10352
V	765358	10353
V	765433	10354
V	765508	10355
V	765583	10356
V	765658	10357
V	765733	10358
V	765808	10359
V	765883	10360
V	765958	10361
V	766033	10362
V	766108	10363
V	766183	10364
V	766258	10365
V	766333	10366
V	766408	10367
V	766483	10368
V	766558	10369
V	766633	10370
V	766708	10371
V	766783	10372
V	766858	10373
V	766933	10374
V	767008	10375
V	767083	10376
V	767158	10377
V	767233	10378
V	767308	10379
V	767383	10380
V	767458	10381
V	767533	10382
V	767608	10383
V	767683	10384
V	767758	10385
V	767833	10386
V	767908	10387
V	767983	10388
V	768058	10389
V	768133	10390
V	768208	10391
V	768283	10392
V	768358	10393
V	768433	10394
V	768508	10395
V	768583	10396
V	768658	10397
V	768733	10398
V	768808	10399
V	768883	10400
V	768958	10401
V	769033	10402
V	769108	10403
V	769183	10404
V	769258	10405
V	769333	10406
V	769408	10407
V	769483	10408
V	769558	10409
V	769633	10410
V	769708	10411
V	769783	10412
V	769858	10413
V	769933	10414
V	770008	10415
V	770083	10416
V	770158	10417
V	770233	10418
V	770308	10419
V	770383	10420
V	770458	10421
V	770533	10422
V	770608	10423
V	770683	10424
V	770758	10425
V	770833	10426
V	770908	10427
V	770983	10428
V	771058	10429
V	771133	10430
V	771208	10431
V	771283	10432
V	771358	10433
V	771433	10434
V	771508	10435
V	771583	10436
V	771658	10437
V	771733	10438
V	771808	10439
V	771883	10440
V	771958	10441
V	772033	10442
V	772108	10443
V	772183	10444
V	772258	10445
V	772333	10446
V	772408	10447
V	772483	10448
V	772558	10449
V	772633	10450
V	772708	10451
V	772783	10452
V	772858	10453
V	772933	10454
V	773008	10455
V	773083	10456
V	773158	10457
V	773233	10458
V	773308	10459
V	773383	10460
V	773458	10461
V	773533	10462
V	773608	10463
V	773683	10464
V	773758	10465
V	773833	10466
V	773908	10467
V	773983	10468
V	774058	10469
V	774133	10470
V	774208	10471
V	774283	10472
V	774358	10473
V	774433	10474
V	774508	10475
V	774583	10476
V	774658	10477
V	774733	10478
V	774808	10479
V	774883	10480
V	774958	10481
V	775033	10482
V	775108	10483
V	775183	10484
V	775258	10485
V	775333	10486
V	775408	10487
V	775483	10488
V	775558	10489
V	775633	10490
V	775708	10491
V	775783	10492
V	775858	10493
V	775933	10494
V	776008	10495
V	776083	10496
V	776158	10497
V	776233	10498
V	776308	10499
V	776383	10500
V	776458	10501
V	776533	10502
V	776608	10503
V	776683	10504
V	776758	10505
V	776833	10506
V	776908	10507
V	776983	10508
V	777058	10509
V	777133	10510
V	777208	10511
V	777283	10512
V	777358	10513
V	777433	10514
V	777508	10515
V	777583	10516
V	777658	10517
V	777733	10518
V	777808	10519
V	777883	10520
V	777958	10521
V	778033	10522
V	778108	10523
V	778183	10524
V	778258	10525
V	778333	10526
V	778408	10527
V	778483	10528
V	778558	10529
V	778633	10530
V	778708	10531
V	778783	10532
V	778858	10533
V	778933	10534
V	779008	10535
V	779083	10536
V	779158	10537
V	779233	10538
V	779308	10539
V	779383	10540
V	779458	10541
V	779533	10542
V	779608	10543
V	779683	10544
V	779758	10545
V	779833	10546
V	779908	10547
V	779983	10548
V	780058	10549
V	780133	10550
V	780208	10551
V	780283	10552
V	780358	10553
V	780433	10554
V	780508	10555
V	780583	10556
V	780658	10557
V	780733	10558
V	780808	10559
V	780883	10560
V	780958	10561
V	781033	10562
V	781108	10563
V	781183	10564
V	781258	10565
V	781333	10566
V	781408	10567
V	781483	10568
V	781558	10569
V	781633	10570
V	781708	10571
V	781783	10572
V	781858	10573
V	781933	10574
V	782008	10575
V	782083	10576
V	782158	10577
V	782233	10578
V	782308	10579
V	782383	10580
V	782458	10581
V	782533	10582
V	782608	10583
V	782683	10584
V	782758	10585
V	782833	10586
V	782908	10587
V	782983	10588
V	783058	10589
V	783133	10590
V	783208	10591
V	783283	10592
V	783358	10593
V	783433	10594
V	783508	10595
V	783583	10596
V	783658	10597
V	783733	10598
V	783808	10599
V	783883	10600
V	783958	10601
V	784033	10602
V	784108	10603
V	784183	10604
V	784258	10605
V	784333	10606
V	784408	10607
V	784483	10608
V	784558	10609
V	784633	10610
V	784708	10611
V	784783	10612
V	784858	10613
V	784933	10614
V	785008	10615
V	785083	10616
V	785158	10617
V	785233	10618
V	785308	10619
V	785383	10620
V	785458	10621
V	785533	10622
V	785608	10623
V	785683	10624
V	785758	10625
V	785833	10626
V	785908	10627
V	785983	10628
V	786058	10629
V	786133	10630
V	786208	10631
V	786283	10632
V	786358	10633
V	786433	10634
V	786508	10635
V	786583	10636
V	786658	10637
V	786733	10638
V	786808	10639
V	786883	10640
V	786958	10641
V	787033	10642
V	787108	10643
V	787183	10644
V	787258	10645
V	787333	10646
V	787408	10647
V	787483	10648
V	787558	10649
V	787633	10650
V	787708	10651
V	787783	10652
V	787858	10653
V	787933	10654
V	788008	10655
V	788083	10656
V	788158	10657
V	788233	10658
V	788308	10659
V	788383	10660
V	788458	10661
V	788533	10662
V	788608	10663
V	788683	10664
V	788758	10665
V	788833	10666
V	788908	10667
V	788983	10668
V	789058	10669
V	789133	10670
V	789208	10671
V	789283	10672
V	789358	10673
V	789433	10674
V	789508	10675
V	789583	10676
V	789658	10677
V	789733	10678
V	789808	10679
V	789883	10680
V	789958	10681
V	790033	10682
V	790108	10683
V	790183	10684
V	790258	10685
V	790333	10686
V	790408	10687
V	790483	10688
V	790558	10689
V	790633	10690
V	790708	10691
V	790783	10692
V	790858	10693
V	790933	10694
V	791008	10695
V	791083	10696
V	791158	10697
V	791233	10698
V	791308	10699
V	791383	10700
V	791458	10701
V	791533	10702
V	791608	10703
V	791683	10704
V	791758	10705
V	791833	10706
V	791908	10707
V	791983	10708
V	792058	10709
V	792133	10710
V	792208	10711
V	792283	10712
V	792358	10713
V	792433	10714
V	792508	10715
V	792583	10716
V	792658	10717
V	792733	10718
V	792808	10719
V	792883	10720
V	792958	10721
V	793033	10722
V	793108	10723
V	793183	10724
V	793258	10725
V	793333	10726
V	793408	10727
V	793483	10728
V	793558	10729
V	793633	10730
V	793708	10731
V	793783	10732
V	793858	10733
V	793933	10734
V	794008	10735
V	794083	10736
V	794158	10737
V	794233	10738
V	794308	10739
V	794383	10740
V	794458	10741
V	794533	10742
V	794608	10743
V	794683	10744
V	794758	10745
V	794833	10746
V	794908	10747
V	794983	10748
V	795058	10749
V	795133	10750
V	795208	10751
V	795283	10752
V	795358	10753
V	795433	10754
V	795508	10755
V	795583	10756
V	795658	10757
V	795733	10758
V	795808	10759
V	795883	10760
V	795958	10761
V	796033	10762
V	796108	10763
V	796183	10764
V	796258	10765
V	796333	10766
V	796408	10767
V	796483	10768
V	796558	10769
V	796633	10770
V	796708	10771
V	796783	10772
V	796858	10773
V	796933	10774
V	797008	10775
V	797083	10776
V	797158	10777
V	797233	10778
V	797308	10779
V	797383	10780
V	797458	10781
V	797533	10782
V	797608	10783
V	797683	10784
V	797758	10785
V	797833	10786
V	797908	10787
V	797983	10788
V	798058	10789
V	798133	10790
V	798208	10791
V	798283	10792
V	798358	10793
V	798433	10794
V	798508	10795
V	798583	10796
V	798658	10797
V	798733	10798
V	798808	10799
V	798883	10800
V	798958	10801
V	799033	10802
V	799108	10803
V	799183	10804
V	799258	10805
V	799333	10806
V	799408	10807
V	799483	10808
V	799558	10809
V	799633	10810
V	799708	10811
V	799783	10812
V	799858	10813
V	799933	10814
V	800008	10815
V	800083	10816
V	800158	10817
V	800233	10818
V	800308	10819
V	800383	10820
V	800458	10821
V	800533	10822
V	800608	10823
V	800683	10824
V	800758	10825
V	800833	10826
V	800908	10827
V	800983	10828
V	801058	10829
V	801133	10830
V	801208	10831
V	801283	10832
V	801358	10833
V	801433	10834
V	801508	10835
V	801583	10836
V	801658	10837
V	801733	10838
V	801808	10839
V	801883	10840
V	801958	10841
V	802033	10842
V	802108	10843
V	802183	10844
V	802258	10845
V	802333	10846
V	802408	10847
V	802483	10848
V	802558	10849
V	802633	10850
V	802708	10851
V	802783	10852
V	802858	10853
V	802933	10854
V	803008	10855
V	803083	10856
V	803158	10857
V	803233	10858
V	803308	10859
V	803383	10860
V	803458	10861
V	803533	10862
V	803608	10863
V	803683	10864
V	803758	10865
V	803833	10866
V	803908	10867
V	803983	10868
V	804058	10869
V	804133	10870
V	804208	10871
V	804283	10872
V	804358	10873
V	804433	10874
V	804508	10875
V	804583	10876
V	804658	10877
V	804733	10878
V	804808	10879
V	804883	10880
V	804958	10881
V	805033	10882
V	805108	10883
V	805183	10884
V	805258	10885
V	805333	10886
V	805408	10887
V	805483	10888
V	805558	10889
V	805633	10890
V	805708	10891
V	805783	10892
V	805858	10893
V	805933	10894
V	806008	10895
V	806083	10896
V	806158	10897
V	806233	10898
V	806308	10899
V	806383	10900
V	806458	10901
V	806533	10902
V	806608	10903
V	806683	10904
V	806758	10905
V	806833	10906
V	806908	10907
V	806983	10908
V	807058	10909
V	807133	10910
V	807208	10911
V	807283	10912
V	807358	10913
V	807433	10914
V	807508	10915
V	807583	10916
V	807658	10917
V	807733	10918
V	807808	10919
V	807883	10920
V	807958	10921
V	808033	10922
V	808108	10923
V	808183	10924
V	808258	10925
V	808333	10926
V	808408	10927
V	808483	10928
V	808558	10929
V	808633	10930
V	808708	10931
V	808783	10932
V	808858	10933
V	808933	10934
V	809008	10935
V	809083	10936
V	809158	10937
V	809233	10938
V	809308	10939
V	809383	10940
V	809458	10941
V	809533	10942
V	809608	10943
V	809683	10944
V	809758	10945
V	809833	10946
V	809908	10947
V	809983	10948
V	810058	10949
V	810133	10950
V	810208	10951
V	810283	10952
V	810358	10953
V	810433	10954
V	810508	10955
V	810583	10956
V	810658	10957
V	810733	10958
V	810808	10959
V	810883	10960
V	810958	10961
V	811033	10962
V	811108	10963
V	811183	10964
V	811258	10965
V	811333	10966
V	811408	10967
V	811483	10968
V	811558	10969
V	811633	10970
V	811708	10971
V	811783	10972
V	811858	10973
V	811933	10974
V	812008	10975
V	812083	10976
V	812158	10977
V	812233	10978
V	812308	10979
V	812383	10980
V	812458	10981
V	812533	10982
V	812608	10983
V	812683	10984
V	812758	10985
V	812833	10986
V	812908	10987
V	812983	10988
V	813058	10989
V	813133	10990
V	813208	10991
V	813283	10992
V	813358	10993
V	813433	10994
V	813508	10995
V	813583	10996
V	813658	10997
V	813733	10998
V	813808	10999
V	813883	11000
V	813958	11001
V	814033	11002
V	814108	11003
V	814183	11004
V	814258	11005
V	814333	11006
V	814408	11007
V	814483	11008
V	814558	11009
V	814633	11010
V	814708	11011
V	814783	11012
V	814858	11013
V	814933	11014
V	815008	11015
V	815083	11016
V	815158	11017
V	815233	11018
V	815308	11019
V	815383	11020
V	815458	11021
V	815533	11022
V	815608	11023
V	815683	11024
V	815758	11025
V	815833	11026
V	815908	11027
V	815983	11028
V	816058	11029
V	816133	11030
V	816208	11031
V	816283	11032
V	816358	11033
V	816433	11034
V	816508	11035
V	816583	11036
V	816658	11037
V	816733	11038
V	816808	11039
V	816883	11040
V	816958	11041
V	817033	11042
V	817108	11043
V	817183	11044
V	817258	11045
V	817333	11046
V	817408	11047
V	817483	11048
V	817558	11049
V	817633	11050
V	817708	11051
V	817783	11052
V	817858	11053
V	817933	11054
V	818008	11055
V	818083	11056
V	818158	11057
V	818233	11058
V	818308	11059
V	818383	11060
V	818458	11061
V	818533	11062
V	818608	11063
V	818683	11064
V	818758	11065
V	818833	11066
V	818908	11067
V	818983	11068
V	819058	11069
V	819133	11070
V	819208	11071
V	819283	11072
V	819358	11073
V	819433	11074
V	819508	11075
V	819583	11076
V	819658	11077
V	819733	11078
V	819808	11079
V	819883	11080
V	819958	11081
V	820033	11082
V	820108	11083
V	820183	11084
V	820258	11085
V	820333	11086
V	820408	11087
V	820483	11088
V	820558	11089
V	820633	11090
V	820708	11091
V	820783	11092
V	820858	11093
V	820933	11094
V	821008	11095
V	821083	11096
V	821158	11097
V	821233	11098
V	821308	11099
V	821383	11100
V	821458	11101
V	821533	11102
V	821608	11103
V	821683	11104
V	821758	11105
V	821833	11106
V	821908	11107
V	821983	11108
V	822058	11109
V	822133	11110
V	822208	11111
V	822283	11112
V	822358	11113
V	822433	11114
V	822508	11115
V	822583	11116
V	822658	11117
V	822733	11118
V	822808	11119
V	822883	11120
V	822958	11121
V	823033	11122
V	823108	11123
V	823183	11124
V	823258	11125
V	823333	11126
V	823408	11127
V	823483	11128
V	823558	11129
V	823633	11130
V	823708	11131
V	823783	11132
V	823858	11133
V	823933	11134
V	824008	11135
V	824083	11136
V	824158	11137
V	824233	11138
V	824308	11139
V	824383	11140
V	824458	11141
V	824533	11142
V	824608	11143
V	824683	11144
V	824758	11145
V	824833	11146
V	824908	11147
V	824983	11148
V	825058	11149
V	825133	11150
V	825208	11151
V	825283	11152
V	825358	11153
V	825433	11154
V	825508	11155
V	825583	11156
V	825658	11157
V	825733	11158
V	825808	11159
V	825883	11160
V	825958	11161
V	826033	11162
V	826108	11163
V	826183	11164
V	826258	11165
V	826333	11166
V	826408	11167
V	826483	11168
V	826558	11169
V	826633	11170
V	826708	11171
V	826783	11172
V	826858	11173
V	826933	11174
V	827008	11175
V	827083	11176
V	827158	11177
V	827233	11178
V	827308	11179
V	827383	11180
V	827458	11181
V	827533	11182
V	827608	11183
V	827683	11184
V	827758	11185
V	827833	11186
V	827908	11187
V	827983	11188
V	828058	11189
V	828133	11190
V	828208	11191
V	828283	11192
V	828358	11193
V	828433	11194
V	828508	11195
V	828583	11196
V	828658	11197
V	828733	11198
V	828808	11199
V	828883	11200
V	828958	11201
V	829033	11202
V	829108	11203
V	829183	11204
V	829258	11205
V	829333	11206
V	829408	11207
V	829483	11208
V	829558	11209
V	829633	11210
V	829708	11211
V	829783	11212
V	829858	11213
V	829933	11214
V	830008	11215
V	830083	11216
V	830158	11217
V	830233	11218
V	830308	11219
V	830383	11220
V	830458	11221
V	830533	11222
V	830608	11223
V	830683	11224
V	830758	11225
V	830833	11226
V	830908	11227
V	830983	11228
V	831058	11229
V	831133	11230
V	831208	11231
V	831283	11232
V	831358	11233
V	831433	11234
V	831508	11235
V	831583	11236
V	831658	11237
V	831733	11238
V	831808	11239
V	831883	11240
V	831958	11241
V	832033	11242
V	832108	11243
V	832183	11244
V	832258	11245
V	832333	11246
V	832408	11247
V	832483	11248
V	832558	11249
V	832633	11250
V	832708	11251
V	832783	11252
V	832858	11253
V	832933	11254
V	833008	11255
V	833083	11256
V	833158	11257
V	833233	11258
V	833308	11259
V	833383	11260
V	833458	11261
V	833533	11262
V	833608	11263
V	833683	11264
V	833758	11265
V	833833	11266
V	833908	11267
V	833983	11268
V	834058	11269
V	834133	11270
V	834208	11271
V	834283	11272
V	834358	11273
V	834433	11274
V	834508	11275
V	834583	11276
V	834658	11277
V	834733	11278
V	834808	11279
V	834883	11280
V	834958	11281
V	835033	11282
V	835108	11283
V	835183	11284
V	835258	11285
V	835333	11286
V	835408	11287
V	835483	11288
V	835558	11289
V	835633	11290
V	835708	11291
V	835783	11292
V	835858	11293
V	835933	11294
V	836008	11295
V	836083	11296
V	836158	11297
V	836233	11298
V	836308	11299
V	836383	11300
V	836458	11301
V	836533	11302
V	836608	11303
V	836683	11304
V	836758	11305
V	836833	11306
V	836908	11307
V	836983	11308
V	837058	11309
V	837133	11310
V	837208	11311
V	837283	11312
V	837358	11313
V	837433	11314
V	837508	11315
V	837583	11316
V	837658	11317
V	837733	11318
V	837808	11319
V	837883	11320
V	837958	11321
V	838033	11322
V	838108	11323
V	838183	11324
V	838258	11325
V	838333	11326
V	838408	11327
V	838483	11328
V	838558	11329
V	838633	11330
V	838708	11331
V	838783	11332
V	838858	11333
V	838933	11334
V	839008	11335
V	839083	11336
V	839158	11337
V	839233	11338
V	839308	11339
V	839383	11340
V	839458	11341
V	839533	11342
V	839608	11343
V	839683	11344
V	839758	11345
V	839833	11346
V	839908	11347
V	839983	11348
V	840058	11349
V	840133	11350
V	840208	11351
V	840283	11352
V	840358	11353
V	840433	11354
V	840508	11355
V	840583	11356
V	840658	11357
V	840733	11358
V	840808	11359
V	840883	11360
V	840958	11361
V	841033	11362
V	841108	11363
V	841183	11364
V	841258	11365
V	841333	11366
V	841408	11367
V	841483	11368
V	841558	11369
V	841633	11370
V	841708	11371
V	841783	11372
V	841858	11373
V	841933	11374
V	842008	11375
V	842083	11376
V	842158	11377
V	842233	11378
V	842308	11379
V	842383	11380
V	842458	11381
V	842533	11382
V	842608	11383
V	842683	11384
V	842758	11385
V	842833	11386
V	842908	11387
V	842983	11388
V	843058	11389
V	843133	11390
V	843208	11391
V	843283	11392
V	843358	11393
V	843433	11394
V	843508	11395
V	843583	11396
V	843658	11397
V	843733	11398
V	843808	11399
V	843883	11400
V	843958	11401
V	844033	11402
V	844108	11403
V	844183	11404
V	844258	11405
V	844333	11406
V	844408	11407
V	844483	11408
V	844558	11409
V	844633	11410
V	844708	11411
V	844783	11412
V	844858	11413
V	844933	11414
V	845008	11415
V	845083	11416
V	845158	11417
V	845233	11418
V	845308	11419
V	845383	11420
V	845458	11421
V	845533	11422
V	845608	11423
V	845683	11424
V	845758	11425
V	845833	11426
V	845908	11427
V	845983	11428
V	846058	11429
V	846133	11430
V	846208	11431
V	846283	11432
V	846358	11433
V	846433	11434
V	846508	11435
V	846583	11436
V	846658	11437
V	846733	11438
V	846808	11439
V	846883	11440
V	846958	11441
V	847033	11442
V	847108	11443
V	847183	11444
V	847258	11445
V	847333	11446
V	847408	11447
V	847483	11448
V	847558	11449
V	847633	11450
V	847708	11451
V	847783	11452
V	847858	11453
V	847933	11454
V	848008	11455
V	848083	11456
V	848158	11457
V	848233	11458
V	848308	11459
V	848383	11460
V	848458	11461
V	848533	11462
V	848608	11463
V	848683	11464
V	848758	11465
V	848833	11466
V	848908	11467
V	848983	11468
V	849058	11469
V	849133	11470
V	849208	11471
V	849283	11472
V	849358	11473
V	849433	11474
V	849508	11475
V	849583	11476
V	849658	11477
V	849733	11478
V	849808	11479
V	849883	11480
V	849958	11481
V	850033	11482
V	850108	11483
V	850183	11484
V	850258	11485
V	850333	11486
V	850408	11487
V	850483	11488
V	850558	11489
V	850633	11490
V	850708	11491
V	850783	11492
V	850858	11493
V	850933	11494
V	851008	11495
V	851083	11496
V	851158	11497
V	851233	11498
V	851308	11499
V	851383	11500
V	851458	11501
V	851533	11502
V	851608	11503
V	851683	11504
V	851758	11505
V	851833	11506
V	851908	11507
V	851983	11508
V	852058	11509
V	852133	11510
V	852208	11511
V	852283	11512
V	852358	11513
V	852433	11514
V	852508	11515
V	852583	11516
V	852658	11517
V	852733	11518
V	852808	11519
V	852883	11520
V	852958	11521
V	853033	11522
V	853108	11523
V	853183	11524
V	853258	11525
V	853333	11526
V	853408	11527
V	853483	11528
V	853558	11529
V	853633	11530
V	853708	11531
V	853783	11532
V	853858	11533
V	853933	11534
V	854008	11535
V	854083	11536
V	854158	11537
V	854233	11538
V	854308	11539
V	854383	11540
V	854458	11541
V	854533	11542
V	854608	11543
V	854683	11544
V	854758	11545
V	854833	11546
V	854908	11547
V	854983	11548
V	855058	11549
V	855133	11550
V	855208	11551
V	855283	11552
V	855358	11553
V	855433	11554
V	855508	11555
V	855583	11556
V	855658	11557
V	855733	11558
V	855808	11559
V	855883	11560
V	855958	11561
V	856033	11562
V	856108	11563
V	856183	11564
V	856258	11565
V	856333	11566
V	856408	11567
V	856483	11568
V	856558	11569
V	856633	11570
V	856708	11571
V	856783	11572
V	856858	11573
V	856933	11574
V	857008	11575
V	857083	11576
V	857158	11577
V	857233	11578
V	857308	11579
V	857383	11580
V	857458	11581
V	857533	11582
V	857608	11583
V	857683	11584
V	857758	11585
V	857833	11586
V	857908	11587
V	857983	11588
V	858058	11589
V	858133	11590
V	858208	11591
V	858283	11592
V	858358	11593
V	858433	11594
V	858508	11595
V	858583	11596
V	858658	11597
V	858733	11598
V	858808	11599
V	858883	11600
V	858958	11601
V	859033	11602
V	859108	11603
V	859183	11604
V	859258	11605
V	859333	11606
V	859408	11607
V	859483	11608
V	859558	11609
V	859633	11610
V	859708	11611
V	859783	11612
V	859858	11613
V	859933	11614
V	860008	11615
V	860083	11616
V	860158	11617
V	860233	11618
V	860308	11619
V	860383	11620
V	860458	11621
V	860533	11622
V	860608	11623
V	860683	11624
V	860758	11625
V	860833	11626
V	860908	11627
V	860983	11628
V	861058	11629
V	861133	11630
V	861208	11631
V	861283	11632
V	861358	11633
V	861433	11634
V	861508	11635
V	861583	11636
V	861658	11637
V	861733	11638
V	861808	11639
V	861883	11640
V	861958	11641
V	862033	11642
V	862108	11643
V	862183	11644
V	862258	11645
V	862333	11646
V	862408	11647
V	862483	11648
V	862558	11649
V	862633	11650
V	862708	11651
V	862783	11652
V	862858	11653
V	862933	11654
V	863008	11655
V	863083	11656
V	863158	11657
V	863233	11658
V	863308	11659
V	863383	11660
V	863458	11661
V	863533	11662
V	863608	11663
V	863683	11664
V	863758	11665
V	863833	11666
V	863908	11667
V	863983	11668
V	864058	11669
V	864133	11670
V	864208	11671
V	864283	11672
V	864358	11673
V	864433	11674
V	864508	11675
V	864583	11676
V	864658	11677
V	864733	11678
V	864808	11679
V	864883	11680
V	864958	11681
V	865033	11682
V	865108	11683
V	865183	11684
V	865258	11685
V	865333	11686
V	865408	11687
V	865483	11688
V	865558	11689
V	865633	11690
V	865708	11691
V	865783	11692
V	865858	11693
V	865933	11694
V	866008	11695
V	866083	11696
V	866158	11697
V	866233	11698
V	866308	11699
V	866383	11700
V	866458	11701
V	866533	11702
V	866608	11703
V	866683	11704
V	866758	11705
V	866833	11706
V	866908	11707
V	866983	11708
V	867058	11709
V	867133	11710
V	867208	11711
V	867283	11712
V	867358	11713
V	867433	11714
V	867508	11715
V	867583	11716
V	867658	11717
V	867733	11718
V	867808	11719
V	867883	11720
V	867958	11721
V	868033	11722
V	868108	11723
V	868183	11724
V	868258	11725
V	868333	11726
V	868408	11727
V	868483	11728
V	868558	11729
V	868633	11730
V	868708	11731
V	868783	11732
V	868858	11733
V	868933	11734
V	869008	11735
V	869083	11736
V	869158	11737
V	869233	11738
V	869308	11739
V	869383	11740
V	869458	11741
V	869533	11742
V	869608	11743
V	869683	11744
V	869758	11745
V	869833	11746
V	869908	11747
V	869983	11748
V	870058	11749
V	870133	11750
V	870208	11751
V	870283	11752
V	870358	11753
V	870433	11754
V	870508	11755
V	870583	11756
V	870658	11757
V	870733	11758
V	870808	11759
V	870883	11760
V	870958	11761
V	871033	11762
V	871108	11763
V	871183	11764
V	871258	11765
V	871333	11766
V	871408	11767
V	871483	11768
V	871558	11769
V	871633	11770
V	871708	11771
V	871783	11772
V	871858	11773
V	871933	11774
V	872008	11775
V	872083	11776
V	872158	11777
V	872233	11778
V	872308	11779
V	872383	11780
V	872458	11781
V	872533	11782
V	872608	11783
V	872683	11784
V	872758	11785
V	872833	11786
V	872908	11787
V	872983	11788
V	873058	11789
V	873133	11790
V	873208	11791
V	873283	11792
V	873358	11793
V	873433	11794
V	873508	11795
V	873583	11796
V	873658	11797
V	873733	11798
V	873808	11799
V	873883	11800
V	873958	11801
V	874033	11802
V	874108	11803
V	874183	11804
V	874258	11805
V	874333	11806
V	874408	11807
V	874483	11808
V	874558	11809
V	874633	11810
V	874708	11811
V	874783	11812
V	874858	11813
V	874933	11814
V	875008	11815
V	875083	11816
V	875158	11817
V	875233	11818
V	875308	11819
V	875383	11820
V	875458	11821
V	875533	11822
V	875608	11823
V	875683	11824
V	875758	11825
V	875833	11826
V	875908	11827
V	875983	11828
V	876058	11829
V	876133	11830
V	876208	11831
V	876283	11832
V	876358	11833
V	876433	11834
V	876508	11835
V	876583	11836
V	876658	11837
V	876733	11838
V	876808	11839
V	876883	11840
V	876958	11841
V	877033	11842
V	877108	11843
V	877183	11844
V	877258	11845
V	877333	11846
V	877408	11847
V	877483	11848
V	877558	11849
V	877633	11850
V	877708	11851
V	877783	11852
V	877858	11853
V	877933	11854
V	878008	11855
V	878083	11856
V	878158	11857
V	878233	11858
V	878308	11859
V	878383	11860
V	878458	11861
V	878533	11862
V	878608	11863
V	878683	11864
V	878758	11865
V	878833	11866
V	878908	11867
V	878983	11868
V	879058	11869
V	879133	11870
V	879208	11871
V	879283	11872
V	879358	11873
V	879433	11874
V	879508	11875
V	879583	11876
V	879658	11877
V	879733	11878
V	879808	11879
V	879883	11880
V	879958	11881
V	880033	11882
V	880108	11883
V	880183	11884
V	880258	11885
V	880333	11886
V	880408	11887
V	880483	11888
V	880558	11889
V	880633	11890
V	880708	11891
V	880783	11892
V	880858	11893
V	880933	11894
V	881008	11895
V	881083	11896
V	881158	11897
V	881233	11898
V	881308	11899
V	881383	11900
V	881458	11901
V	881533	11902
V	881608	11903
V	881683	11904
V	881758	11905
V	881833	11906
V	881908	11907
V	881983	11908
V	882058	11909
V	882133	11910
V	882208	11911
V	882283	11912
V	882358	11913
V	882433	11914
V	882508	11915
V	882583	11916
V	882658	11917
V	882733	11918
V	882808	11919
V	882883	11920
V	882958	11921
V	883033	11922
V	883108	11923
V	883183	11924
V	883258	11925
V	883333	11926
V	883408	11927
V	883483	11928
V	883558	11929
V	883633	11930
V	883708	11931
V	883783	11932
V	883858	11933
V	883933	11934
V	884008	11935
V	884083	11936
V	884158	11937
V	884233	11938
V	884308	11939
V	884383	11940
V	884458	11941
V	884533	11942
V	884608	11943
V	884683	11944
V	884758	11945
V	884833	11946
V	884908	11947
V	884983	11948
V	885058	11949
V	885133	11950
V	885208	11951
V	885283	11952
V	885358	11953
V	885433	11954
V	885508	11955
V	885583	11956
V	885658	11957
V	885733	11958
V	885808	11959
V	885883	11960
V	885958	11961
V	886033	11962
V	886108	11963
V	886183	11964
V	886258	11965
V	886333	11966
V	886408	11967
V	886483	11968
V	886558	11969
V	886633	11970
V	886708	11971
V	886783	11972
V	886858	11973
V	886933	11974
V	887008	11975
V	887083	11976
V	887158	11977
V	887233	11978
V	887308	11979
V	887383	11980
V	887458	11981
V	887533	11982
V	887608	11983
V	887683	11984
V	887758	11985
V	887833	11986
V	887908	11987
V	887983	11988
V	888058	11989
V	888133	11990
V	888208	11991
V	888283	11992
V	888358	11993
V	888433	11994
V	888508	11995
V	888583	11996
V	888658	11997
V	888733	11998
V	888808	11999
V	888883	12000
V	888958	12001
V	889033	12002
V	889108	12003
V	889183	12004
V	889258	12005
V	889333	12006
V	889408	12007
V	889483	12008
V	889558	12009
V	889633	12010
V	889708	12011
V	889783	12012
V	889858	12013
V	889933	12014
V	890008	12015
V	890083	12016
V	890158	12017
V	890233	12018
V	890308	12019
V	890383	12020
V	890458	12021
V	890533	12022
V	890608	12023
V	890683	12024
V	890758	12025
V	890833	12026
V	890908	12027
V	890983	12028
V	891058	12029
V	891133	12030
V	891208	12031
V	891283	12032
V	891358	12033
V	891433	12034
V	891508	12035
V	891583	12036
V	891658	12037
V	891733	12038
V	891808	12039
V	891883	12040
V	891958	12041
V	892033	12042
V	892108	12043
V	892183	12044
V	892258	12045
V	892333	12046
V	892408	12047
V	892483	12048
V	892558	12049
V	892633	12050
V	892708	12051
V	892783	12052
V	892858	12053
V	892933	12054
V	893008	12055
V	893083	12056
V	893158	12057
V	893233	12058
V	893308	12059
V	893383	12060
V	893458	12061
V	893533	12062
V	893608	12063
V	893683	12064
V	893758	12065
V	893833	12066
V	893908	12067
V	893983	12068
V	894058	12069
V	894133	12070
V	894208	12071
V	894283	12072
V	894358	12073
V	894433	12074
V	894508	12075
V	894583	12076
V	894658	12077
V	894733	12078
V	894808	12079
V	894883	12080
V	894958	12081
V	895033	12082
V	895108	12083
V	895183	12084
V	895258	12085
V	895333	12086
V	895408	12087
V	895483	12088
V	895558	12089
V	895633	12090
V	895708	12091
V	895783	12092
V	895858	12093
V	895933	12094
V	896008	12095
V	896083	12096
V	896158	12097
V	896233	12098
V	896308	12099
V	896383	12100
V	896458	12101
V	896533	12102
V	896608	12103
V	896683	12104
V	896758	12105
V	896833	12106
V	896908	12107
V	896983	12108
V	897058	12109
V	897133	12110
V	897208	12111
V	897283	12112
V	897358	12113
V	897433	12114
V	897508	12115
V	897583	12116
V	897658	12117
V	897733	12118
V	897808	12119
V	897883	12120
V	897958	12121
V	898033	12122
V	898108	12123
V	898183	12124
V	898258	12125
V	898333	12126
V	898408	12127
V	898483	12128
V	898558	12129
V	898633	12130
V	898708	12131
V	898783	12132
V	898858	12133
V	898933	12134
V	899008	12135
V	899083	12136
V	899158	12137
V	899233	12138
V	899308	12139
V	899383	12140
V	899458	12141
V	899533	12142
V	899608	12143
V	899683	12144
V	899758	12145
V	899833	12146
V	899908	12147
V	899983	12148
V	900058	12149
V	900133	12150
V	900208	12151
V	900283	12152
V	900358	12153
V	900433	12154
V	900508	12155
V	900583	12156
V	900658	12157
V	900733	12158
V	900808	12159
V	900883	12160
V	900958	12161
V	901033	12162
V	901108	12163
V	901183	12164
V	901258	12165
V	901333	12166
V	901408	12167
V	901483	12168
V	901558	12169
V	901633	12170
V	901708	12171
V	901783	12172
V	901858	12173
V	901933	12174
V	902008	12175
V	902083	12176
V	902158	12177
V	902233	12178
V	902308	12179
V	902383	12180
V	902458	12181
V	902533	12182
V	902608	12183
V	902683	12184
V	902758	12185
V	902833	12186
V	902908	12187
V	902983	12188
V	903058	12189
V	903133	12190
V	903208	12191
V	903283	12192
V	903358	12193
V	903433	12194
V	903508	12195
V	903583	12196
V	903658	12197
V	903733	12198
V	903808	12199
V	903883	12200
V	903958	12201
V	904033	12202
V	904108	12203
V	904183	12204
V	904258	12205
V	904333	12206
V	904408	12207
V	904483	12208
V	904558	12209
V	904633	12210
V	904708	12211
V	904783	12212
V	904858	12213
V	904933	12214
V	905008	12215
V	905083	12216
V	905158	12217
V	905233	12218
V	905308	12219
V	905383	12220
V	905458	12221
V	905533	12222
V	905608	12223
V	905683	12224
V	905758	12225
V	905833	12226
V	905908	12227
V	905983	12228
V	906058	12229
V	906133	12230
V	906208	12231
V	906283	12232
V	906358	12233
V	906433	12234
V	906508	12235
V	906583	12236
V	906658	12237
V	906733	12238
V	906808	12239
V	906883	12240
V	906958	12241
V	907033	12242
V	907108	12243
V	907183	12244
V	907258	12245
V	907333	12246
V	907408	12247
V	907483	12248
V	907558	12249
V	907633	12250
V	907708	12251
V	907783	12252
V	907858	12253
V	907933	12254
V	908008	12255
V	908083	12256
V	908158	12257
V	908233	12258
V	908308	12259
V	908383	12260
V	908458	12261
V	908533	12262
V	908608	12263
V	908683	12264
V	908758	12265
V	908833	12266
V	908908	12267
V	908983	12268
V	909058	12269
V	909133	12270
V	909208	12271
V	909283	12272
V	909358	12273
V	909433	12274
V	909508	12275
V	909583	12276
V	909658	12277
V	909733	12278
V	909808	12279
V	909883	12280
V	909958	12281
V	910033	12282
V	910108	12283
V	910183	12284
V	910258	12285
V	910333	12286
V	910408	12287
V	910483	12288
V	910558	12289
V	910633	12290
V	910708	12291
V	910783	12292
V	910858	12293
V	910933	12294
V	911008	12295
V	911083	12296
V	911158	12297
V	911233	12298
V	911308	12299
V	911383	12300
V	911458	12301
V	911533	12302
V	911608	12303
V	911683	12304
V	911758	12305
V	911833	12306
V	911908	12307
V	911983	12308
V	912058	12309
V	912133	12310
V	912208	12311
V	912283	12312
V	912358	12313
V	912433	12314
V	912508	12315
V	912583	12316
V	912658	12317
V	912733	12318
V	912808	12319
V	912883	12320
V	912958	12321
V	913033	12322
V	913108	12323
V	913183	12324
V	913258	12325
V	913333	12326
V	913408	12327
V	913483	12328
V	913558	12329
V	913633	12330
V	913708	12331
V	913783	12332
V	913858	12333
V	913933	12334
V	914008	12335
V	914083	12336
V	914158	12337
V	914233	12338
V	914308	12339
V	914383	12340
V	914458	12341
V	914533	12342
V	914608	12343
V	914683	12344
V	914758	12345
V	914833	12346
V	914908	12347
V	914983	12348
V	915058	12349
V	915133	12350
V	915208	12351
V	915283	12352
V	915358	12353
V	915433	12354
V	915508	12355
V	915583	12356
V	915658	12357
V	915733	12358
V	915808	12359
V	915883	12360
V	915958	12361
V	916033	12362
V	916108	12363
V	916183	12364
V	916258	12365
V	916333	12366
V	916408	12367
V	916483	12368
V	916558	12369
V	916633	12370
V	916708	12371
V	916783	12372
V	916858	12373
V	916933	12374
V	917008	12375
V	917083	12376
V	917158	12377
V	917233	12378
V	917308	12379
V	917383	12380
V	917458	12381
V	917533	12382
V	917608	12383
V	917683	12384
V	917758	12385
V	917833	12386
V	917908	12387
V	917983	12388
V	918058	12389
V	918133	12390
V	918208	12391
V	918283	12392
V	918358	12393
V	918433	12394
V	918508	12395
V	918583	12396
V	918658	12397
V	918733	12398
V	918808	12399
V	918883	12400
V	918958	12401
V	919033	12402
V	919108	12403
V	919183	12404
V	919258	12405
V	919333	12406
V	919408	12407
V	919483	12408
V	919558	12409
V	919633	12410
V	919708	12411
V	919783	12412
V	919858	12413
V	919933	12414
V	920008	12415
V	920083	12416
V	920158	12417
V	920233	12418
V	920308	12419
V	920383	12420
V	920458	12421
V	920533	12422
V	920608	12423
V	920683	12424
V	920758	12425
V	920833	12426
V	920908	12427
V	920983	12428
V	921058	12429
V	921133	12430
V	921208	12431
V	921283	12432
V	921358	12433
V	921433	12434
V	921508	12435
V	921583	12436
V	921658	12437
V	921733	12438
V	921808	12439
V	921883	12440
V	921958	12441
V	922033	12442
V	922108	12443
V	922183	12444
V	922258	12445
V	922333	12446
V	922408	12447
V	922483	12448
V	922558	12449
V	922633	12450
V	922708	12451
V	922783	12452
V	922858	12453
V	922933	12454
V	923008	12455
V	923083	12456
V	923158	12457
V	923233	12458
V	923308	12459
V	923383	12460
V	923458	12461
V	923533	12462
V	923608	12463
V	923683	12464
V	923758	12465
V	923833	12466
V	923908	12467
V	923983	12468
V	924058	12469
V	924133	12470
V	924208	12471
V	924283	12472
V	924358	12473
V	924433	12474
V	924508	12475
V	924583	12476
V	924658	12477
V	924733	12478
V	924808	12479
V	924883	12480
V	924958	12481
V	925033	12482
V	925108	12483
V	925183	12484
V	925258	12485
V	925333	12486
V	925408	12487
V	925483	12488
V	925558	12489
V	925633	12490
V	925708	12491
V	925783	12492
V	925858	12493
V	925933	12494
V	926008	12495
V	926083	12496
V	926158	12497
V	926233	12498
V	926308	12499
V	926383	12500
V	926458	12501
V	926533	12502
V	926608	12503
V	926683	12504
V	926758	12505
V	926833	12506
V	926908	12507
V	926983	12508
V	927058	12509
V	927133	12510
V	927208	12511
V	927283	12512
V	927358	12513
V	927433	12514
V	927508	12515
V	927583	12516
V	927658	12517
V	927733	12518
V	927808	12519
V	927883	12520
V	927958	12521
V	928033	12522
V	928108	12523
V	928183	12524
V	928258	12525
V	928333	12526
V	928408	12527
V	928483	12528
V	928558	12529
V	928633	12530
V	928708	12531
V	928783	12532
V	928858	12533
V	928933	12534
V	929008	12535
V	929083	12536
V	929158	12537
V	929233	12538
V	929308	12539
V	929383	12540
V	929458	12541
V	929533	12542
V	929608	12543
V	929683	12544
V	929758	12545
V	929833	12546
V	929908	12547
V	929983	12548
V	930058	12549
V	930133	12550
V	930208	12551
V	930283	12552
V	930358	12553
V	930433	12554
V	930508	12555
V	930583	12556
V	930658	12557
V	930733	12558
V	930808	12559
V	930883	12560
V	930958	12561
V	931033	12562
V	931108	12563
V	931183	12564
V	931258	12565
V	931333	12566
V	931408	12567
V	931483	12568
V	931558	12569
V	931633	12570
V	931708	12571
V	931783	12572
V	931858	12573
V	931933	12574
V	932008	12575
V	932083	12576
V	932158	12577
V	932233	12578
V	932308	12579
V	932383	12580
V	932458	12581
V	932533	12582
V	932608	12583
V	932683	12584
V	932758	12585
V	932833	12586
V	932908	12587
V	932983	12588
V	933058	12589
V	933133	12590
V	933208	12591
V	933283	12592
V	933358	12593
V	933433	12594
V	933508	12595
V	933583	12596
V	933658	12597
V	933733	12598
V	933808	12599
V	933883	12600
V	933958	12601
V	934033	12602
V	934108	12603
V	934183	12604
V	934258	12605
V	934333	12606
V	934408	12607
V	934483	12608
V	934558	12609
V	934633	12610
V	934708	12611
V	934783	12612
V	934858	12613
V	934933	12614
V	935008	12615
V	935083	12616
V	935158	12617
V	935233	12618
V	935308	12619
V	935383	12620
V	935458	12621
V	935533	12622
V	935608	12623
V	935683	12624
V	935758	12625
V	935833	12626
V	935908	12627
V	935983	12628
V	936058	12629
V	936133	12630
V	936208	12631
V	936283	12632
V	936358	12633
V	936433	12634
V	936508	12635
V	936583	12636
V	936658	12637
V	936733	12638
V	936808	12639
V	936883	12640
V	936958	12641
V	937033	12642
V	937108	12643
V	937183	12644
V	937258	12645
V	937333	12646
V	937408	12647
V	937483	12648
V	937558	12649
V	937633	12650
V	937708	12651
V	937783	12652
V	937858	12653
V	937933	12654
V	938008	12655
V	938083	12656
V	938158	12657
V	938233	12658
V	938308	12659
V	938383	12660
V	938458	12661
V	938533	12662
V	938608	12663
V	938683	12664
V	938758	12665
V	938833	12666
V	938908	12667
V	938983	12668
V	939058	12669
V	939133	12670
V	939208	12671
V	939283	12672
V	939358	12673
V	939433	12674
V	939508	12675
V	939583	12676
V	939658	12677
V	939733	12678
V	939808	12679
V	939883	12680
V	939958	12681
V	940033	12682
V	940108	12683
V	940183	12684
V	940258	12685
V	940333	12686
V	940408	12687
V	940483	12688
V	940558	12689
V	940633	12690
V	940708	12691
V	940783	12692
V	940858	12693
V	940933	12694
V	941008	12695
V	941083	12696
V	941158	12697
V	941233	12698
V	941308	12699
V	941383	12700
V	941458	12701
V	941533	12702
V	941608	12703
V	941683	12704
V	941758	12705
V	941833	12706
V	941908	12707
V	941983	12708
V	942058	12709
V	942133	12710
V	942208	12711
V	942283	12712
V	942358	12713
V	942433	12714
V	942508	12715
V	942583	12716
V	942658	12717
V	942733	12718
V	942808	12719
V	942883	12720
V	942958	12721
V	943033	12722
V	943108	12723
V	943183	12724
V	943258	12725
V	943333	12726
V	943408	12727
V	943483	12728
V	943558	12729
V	943633	12730
V	943708	12731
V	943783	12732
V	943858	12733
V	943933	12734
V	944008	12735
V	944083	12736
V	944158	12737
V	944233	12738
V	944308	12739
V	944383	12740
V	944458	12741
V	944533	12742
V	944608	12743
V	944683	12744
V	944758	12745
V	944833	12746
V	944908	12747
V	944983	12748
V	945058	12749
V	945133	12750
V	945208	12751
V	945283	12752
V	945358	12753
V	945433	12754
V	945508	12755
V	945583	12756
V	945658	12757
V	945733	12758
V	945808	12759
V	945883	12760
V	945958	12761
V	946033	12762
V	946108	12763
V	946183	12764
V	946258	12765
V	946333	12766
V	946408	12767
V	946483	12768
V	946558	12769
V	946633	12770
V	946708	12771
V	946783	12772
V	946858	12773
V	946933	12774
V	947008	12775
V	947083	12776
V	947158	12777
V	947233	12778
V	947308	12779
V	947383	12780
V	947458	12781
V	947533	12782
V	947608	12783
V	947683	12784
V	947758	12785
V	947833	12786
V	947908	12787
V	947983	12788
V	948058	12789
V	948133	12790
V	948208	12791
V	948283	12792
V	948358	12793
V	948433	12794
V	948508	12795
V	948583	12796
V	948658	12797
V	948733	12798
V	948808	12799
V	948883	12800
V	948958	12801
V	949033	12802
V	949108	12803
V	949183	12804
V	949258	12805
V	949333	12806
V	949408	12807
V	949483	12808
V	949558	12809
V	949633	12810
V	949708	12811
V	949783	12812
V	949858	12813
V	949933	12814
V	950008	12815
V	950083	12816
V	950158	12817
V	950233	12818
V	950308	12819
V	950383	12820
V	950458	12821
V	950533	12822
V	950608	12823
V	950683	12824
V	950758	12825
V	950833	12826
V	950908	12827
V	950983	12828
V	951058	12829
V	951133	12830
V	951208	12831
V	951283	12832
V	951358	12833
V	951433	12834
V	951508	12835
V	951583	12836
V	951658	12837
V	951733	12838
V	951808	12839
V	951883	12840
V	951958	12841
V	952033	12842
V	952108	12843
V	952183	12844
V	952258	12845
V	952333	12846
V	952408	12847
V	952483	12848
V	952558	12849
V	952633	12850
V	952708	12851
V	952783	12852
V	952858	12853
V	952933	12854
V	953008	12855
V	953083	12856
V	953158	12857
V	953233	12858
V	953308	12859
V	953383	12860
V	953458	12861
V	953533	12862
V	953608	12863
V	953683	12864
V	953758	12865
V	953833	12866
V	953908	12867
V	953983	12868
V	954058	12869
V	954133	12870
V	954208	12871
V	954283	12872
V	954358	12873
V	954433	12874
V	954508	12875
V	954583	12876
V	954658	12877
V	954733	12878
V	954808	12879
V	954883	12880
V	954958	12881
V	955033	12882
V	955108	12883
V	955183	12884
V	955258	12885
V	955333	12886
V	955408	12887
V	955483	12888
V	955558	12889
V	955633	12890
V	955708	12891
V	955783	12892
V	955858	12893
V	955933	12894
V	956008	12895
V	956083	12896
V	956158	12897
V	956233	12898
V	956308	12899
V	956383	12900
V	956458	12901
V	956533	12902
V	956608	12903
V	956683	12904
V	956758	12905
V	956833	12906
V	956908	12907
V	956983	12908
V	957058	12909
V	957133	12910
V	957208	12911
V	957283	12912
V	957358	12913
V	957433	12914
V	957508	12915
V	957583	12916
V	957658	12917
V	957733	12918
V	957808	12919
V	957883	12920
V	957958	12921
V	958033	12922
V	958108	12923
V	958183	12924
V	958258	12925
V	958333	12926
V	958408	12927
V	958483	12928
V	958558	12929
V	958633	12930
V	958708	12931
V	958783	12932
V	958858	12933
V	958933	12934
V	959008	12935
V	959083	12936
V	959158	12937
V	959233	12938
V	959308	12939
V	959383	12940
V	959458	12941
V	959533	12942
V	959608	12943
V	959683	12944
V	959758	12945
V	959833	12946
V	959908	12947
V	959983	12948
V	960058	12949
V	960133	12950
V	960208	12951
V	960283	12952
V	960358	12953
V	960433	12954
V	960508	12955
V	960583	12956
V	960658	12957
V	960733	12958
V	960808	12959
V	960883	12960
V	960958	12961
V	961033	12962
V	961108	12963
V	961183	12964
V	961258	12965
V	961333	12966
V	961408	12967
V	961483	12968
V	961558	12969
V	961633	12970
V	961708	12971
V	961783	12972
V	961858	12973
V	961933	12974
V	962008	12975
V	962083	12976
V	962158	12977
V	962233	12978
V	962308	12979
V	962383	12980
V	962458	12981
V	962533	12982
V	962608	12983
V	962683	12984
V	962758	12985
V	962833	12986
V	962908	12987
V	962983	12988
V	963058	12989
V	963133	12990
V	963208	12991
V	963283	12992
V	963358	12993
V	963433	12994
V	963508	12995
V	963583	12996
V	963658	12997
V	963733	12998
V	963808	12999
V	963883	13000
V	963958	13001
V	964033	13002
V	964108	13003
V	964183	13004
V	964258	13005
V	964333	13006
V	964408	13007
V	964483	13008
V	964558	13009
V	964633	13010
V	964708	13011
V	964783	13012
V	964858	13013
V	964933	13014
V	965008	13015
V	965083	13016
V	965158	13017
V	965233	13018
V	965308	13019
V	965383	13020
V	965458	13021
V	965533	13022
V	965608	13023
V	965683	13024
V	965758	13025
V	965833	13026
V	965908	13027
V	965983	13028
V	966058	13029
V	966133	13030
V	966208	13031
V	966283	13032
V	966358	13033
V	966433	13034
V	966508	13035
V	966583	13036
V	966658	13037
V	966733	13038
V	966808	13039
V	966883	13040
V	966958	13041
V	967033	13042
V	967108	13043
V	967183	13044
V	967258	13045
V	967333	13046
V	967408	13047
V	967483	13048
V	967558	13049
V	967633	13050
V	967708	13051
V	967783	13052
V	967858	13053
V	967933	13054
V	968008	13055
V	968083	13056
V	968158	13057
V	968233	13058
V	968308	13059
V	968383	13060
V	968458	13061
V	968533	13062
V	968608	13063
V	968683	13064
V	968758	13065
V	968833	13066
V	968908	13067
V	968983	13068
V	969058	13069
V	969133	13070
V	969208	13071
V	969283	13072
V	969358	13073
V	969433	13074
V	969508	13075
V	969583	13076
V	969658	13077
V	969733	13078
V	969808	13079
V	969883	13080
V	969958	13081
V	970033	13082
V	970108	13083
V	970183	13084
V	970258	13085
V	970333	13086
V	970408	13087
V	970483	13088
V	970558	13089
V	970633	13090
V	970708	13091
V	970783	13092
V	970858	13093
V	970933	13094
V	971008	13095
V	971083	13096
V	971158	13097
V	971233	13098
V	971308	13099
V	971383	13100
V	971458	13101
V	971533	13102
V	971608	13103
V	971683	13104
V	971758	13105
V	971833	13106
V	971908	13107
V	971983	13108
V	972058	13109
V	972133	13110
V	972208	13111
V	972283	13112
V	972358	13113
V	972433	13114
V	972508	13115
V	972583	13116
V	972658	13117
V	972733	13118
V	972808	13119
V	972883	13120
V	972958	13121
V	973033	13122
V	973108	13123
V	973183	13124
V	973258	13125
V	973333	13126
V	973408	13127
V	973483	13128
V	973558	13129
V	973633	13130
V	973708	13131
V	973783	13132
V	973858	13133
V	973933	13134
V	974008	13135
V	974083	13136
V	974158	13137
V	974233	13138
V	974308	13139
V	974383	13140
V	974458	13141
V	974533	13142
V	974608	13143
V	974683	13144
V	974758	13145
V	974833	13146
V	974908	13147
V	974983	13148
V	975058	13149
V	975133	13150
V	975208	13151
V	975283	13152
V	975358	13153
V	975433	13154
V	975508	13155
V	975583	13156
V	975658	13157
V	975733	13158
V	975808	13159
V	975883	13160
V	975958	13161
V	976033	13162
V	976108	13163
V	976183	13164
V	976258	13165
V	976333	13166
V	976408	13167
V	976483	13168
V	976558	13169
V	976633	13170
V	976708	13171
V	976783	13172
V	976858	13173
V	976933	13174
V	977008	13175
V	977083	13176
V	977158	13177
V	977233	13178
V	977308	13179
V	977383	13180
V	977458	13181
V	977533	13182
V	977608	13183
V	977683	13184
V	977758	13185
V	977833	13186
V	977908	13187
V	977983	13188
V	978058	13189
V	978133	13190
V	978208	13191
V	978283	13192
V	978358	13193
V	978433	13194
V	978508	13195
V	978583	13196
V	978658	13197
V	978733	13198
V	978808	13199
V	978883	13200
V	978958	13201
V	979033	13202
V	979108	13203
V	979183	13204
V	979258	13205
V	979333	13206
V	979408	13207
V	979483	13208
V	979558	13209
V	979633	13210
V	979708	13211
V	979783	13212
V	979858	13213
V	979933	13214
V	980008	13215
V	980083	13216
V	980158	13217
V	980233	13218
V	980308	13219
V	980383	13220
V	980458	13221
V	980533	13222
V	980608	13223
V	980683	13224
V	980758	13225
V	980833	13226
V	980908	13227
V	980983	13228
V	981058	13229
V	981133	13230
V	981208	13231
V	981283	13232
V	981358	13233
V	981433	13234
V	981508	13235
V	981583	13236
V	981658	13237
V	981733	13238
V	981808	13239
V	981883	13240
V	981958	13241
V	982033	13242
V	982108	13243
V	982183	13244
V	982258	13245
V	982333	13246
V	982408	13247
V	982483	13248
V	982558	13249
V	982633	13250
V	982708	13251
V	982783	13252
V	982858	13253
V	982933	13254
V	983008	13255
V	983083	13256
V	983158	13257
V	983233	13258
V	983308	13259
V	983383	13260
V	983458	13261
V	983533	13262
V	983608	13263
V	983683	13264
V	983758	13265
V	983833	13266
V	983908	13267
V	983983	13268
V	984058	13269
V	984133	13270
V	984208	13271
V	984283	13272
V	984358	13273
V	984433	13274
V	984508	13275
V	984583	13276
V	984658	13277
V	984733	13278
V	984808	13279
V	984883	13280
V	984958	13281
V	985033	13282
V	985108	13283
V	985183	13284
V	985258	13285
V	985333	13286
V	985408	13287
V	985483	13288
V	985558	13289
V	985633	13290
V	985708	13291
V	985783	13292
V	985858	13293
V	985933	13294
V	986008	13295
V	986083	13296
V	986158	13297
V	986233	13298
V	986308	13299
V	986383	13300
V	986458	13301
V	986533	13302
V	986608	13303
V	986683	13304
V	986758	13305
V	986833	13306
V	986908	13307
V	986983	13308
V	987058	13309
V	987133	13310
V	987208	13311
V	987283	13312
V	987358	13313
V	987433	13314
V	987508	13315
V	987583	13316
V	987658	13317
V	987733	13318
V	987808	13319
V	987883	13320
V	987958	13321
V	988033	13322
V	988108	13323
V	988183	13324
V	988258	13325
V	988333	13326
V	988408	13327
V	988483	13328
V	988558	13329
V	988633	13330
V	988708	13331
V	988783	13332
V	988858	13333
V	988933	13334
V	989008	13335
V	989083	13336
V	989158	13337
V	989233	13338
V	989308	13339
V	989383	13340
V	989458	13341
V	989533	13342
V	989608	13343
V	989683	13344
V	989758	13345
V	989833	13346
V	989908	13347
V	989983	13348
V	990058	13349
V	990133	13350
V	990208	13351
V	990283	13352
V	990358	13353
V	990433	13354
V	990508	13355
V	990583	13356
V	990658	13357
V	990733	13358
V	990808	13359
V	990883	13360
V	990958	13361
V	991033	13362
V	991108	13363
V	991183	13364
V	991258	13365
V	991333	13366
V	991408	13367
V	991483	13368
V	991558	13369
V	991633	13370
V	991708	13371
V	991783	13372
V	991858	13373
V	991933	13374
V	992008	13375
V	992083	13376
V	992158	13377
V	992233	13378
V	992308	13379
V	992383	13380
V	992458	13381
V	992533	13382
V	992608	13383
V	992683	13384
V	992758	13385
V	992833	13386
V	992908	13387
V	992983	13388
V	993058	13389
V	993133	13390
V	993208	13391
V	993283	13392
V	993358	13393
V	993433	13394
V	993508	13395
V	993583	13396
V	993658	13397
V	993733	13398
V	993808	13399
V	993883	13400
V	993958	13401
V	994033	13402
V	994108	13403
V	994183	13404
V	994258	13405
V	994333	13406
V	994408	13407
V	994483	13408
V	994558	13409
V	994633	13410
V	994708	13411
V	994783	13412
V	994858	13413
V	994933	13414
V	995008	13415
V	995083	13416
V	995158	13417
V	995233	13418
V	995308	13419
V	995383	13420
V	995458	13421
V	995533	13422
V	995608	13423
V	995683	13424
V	995758	13425
V	995833	13426
V	995908	13427
V	995983	13428
V	996058	13429
V	996133	13430
V	996208	13431
V	996283	13432
V	996358	13433
V	996433	13434
V	996508	13435
V	996583	13436
V	996658	13437
V	996733	13438
V	996808	13439
V	996883	13440
V	996958	13441
V	997033	13442
V	997108	13443
V	997183	13444
V	997258	13445
V	997333	13446
V	997408	13447
V	997483	13448
V	997558	13449
V	997633	13450
V	997708	13451
V	997783	13452
V	997858	13453
V	997933	13454
V	998008	13455
V	998083	13456
V	998158	13457
V	998233	13458
V	998308	13459
V	998383	13460
V	998458	13461
V	998533	13462
V	998608	13463
V	998683	13464
V	998758	13465
V	998833	13466
V	998908	13467
V	998983	13468
V	999058	13469
V	999133	13470
V	999208	13471
V	999283	13472
V	999358	13473
V	999433	13474
V	999508	13475
V	999583	13476
V	999658	13477
V	999733	13478
V	999808	13479
V	999883	13480
V	999958	13481
V	1000033	13482
V	1000108	13483
V	1000183	13484
V	1000258	13485
V	1000333	13486
V	1000408	13487
V	1000483	13488
V	1000558	13489
V	1000633	13490
V	1000708	13491
V	1000783	13492
V	1000858	13493
V	1000933	13494
V	1001008	13495
V	1001083	13496
V	1001158	13497
V	1001233	13498
V	1001308	13499
V	1001383	13500
V	1001458	13501
V	1001533	13502
V	1001608	13503
V	1001683	13504
V	1001758	13505
V	1001833	13506
V	1001908	13507
V	1001983	13508
V	1002058	13509
V	1002133	13510
V	1002208	13511
V	1002283	13512
V	1002358	13513
V	1002433	13514
V	1002508	13515
V	1002583	13516
V	1002658	13517
V	1002733	13518
V	1002808	13519
V	1002883	13520
V	1002958	13521
V	1003033	13522
V	1003108	13523
V	1003183	13524
V	1003258	13525
V	1003333	13526
V	1003408	13527
V	1003483	13528
V	1003558	13529
V	1003633	13530
V	1003708	13531
V	1003783	13532
V	1003858	13533
V	1003933	13534
V	1004008	13535
V	1004083	13536
V	1004158	13537
V	1004233	13538
V	1004308	13539
V	1004383	13540
V	1004458	13541
V	1004533	13542
V	1004608	13543
V	1004683	13544
V	1004758	13545
V	1004833	13546
V	1004908	13547
V	1004983	13548
V	1005058	13549
V	1005133	13550
V	1005208	13551
V	1005283	13552
V	1005358	13553
V	1005433	13554
V	1005508	13555
V	1005583	13556
V	1005658	13557
V	1005733	13558
V	1005808	13559
V	1005883	13560
V	1005958	13561
V	1006033	13562
V	1006108	13563
V	1006183	13564
V	1006258	13565
V	1006333	13566
V	1006408	13567
V	1006483	13568
V	1006558	13569
V	1006633	13570
V	1006708	13571
V	1006783	13572
V	1006858	13573
V	1006933	13574
V	1007008	13575
V	1007083	13576
V	1007158	13577
V	1007233	13578
V	1007308	13579
V	1007383	13580
V	1007458	13581
V	1007533	13582
V	1007608	13583
V	1007683	13584
V	1007758	13585
V	1007833	13586
V	1007908	13587
V	1007983	13588
V	1008058	13589
V	1008133	13590
V	1008208	13591
V	1008283	13592
V	1008358	13593
V	1008433	13594
V	1008508	13595
V	1008583	13596
V	1008658	13597
V	1008733	13598
V	1008808	13599
V	1008883	13600
V	1008958	13601
V	1009033	13602
V	1009108	13603
V	1009183	13604
V	1009258	13605
V	1009333	13606
V	1009408	13607
V	1009483	13608
V	1009558	13609
V	1009633	13610
V	1009708	13611
V	1009783	13612
V	1009858	13613
V	1009933	13614
V	1010008	13615
V	1010083	13616
V	1010158	13617
V	1010233	13618
V	1010308	13619
V	1010383	13620
V	1010458	13621
V	1010533	13622
V	1010608	13623
V	1010683	13624
V	1010758	13625
V	1010833	13626
V	1010908	13627
V	1010983	13628
V	1011058	13629
V	1011133	13630
V	1011208	13631
V	1011283	13632
V	1011358	13633
V	1011433	13634
V	1011508	13635
V	1011583	13636
V	1011658	13637
V	1011733	13638
V	1011808	13639
V	1011883	13640
V	1011958	13641
V	1012033	13642
V	1012108	13643
V	1012183	13644
V	1012258	13645
V	1012333	13646
V	1012408	13647
V	1012483	13648
V	1012558	13649
V	1012633	13650
V	1012708	13651
V	1012783	13652
V	1012858	13653
V	1012933	13654
V	1013008	13655
V	1013083	13656
V	1013158	13657
V	1013233	13658
V	1013308	13659
V	1013383	13660
V	1013458	13661
V	1013533	13662
V	1013608	13663
V	1013683	13664
V	1013758	13665
V	1013833	13666
V	1013908	13667
V	1013983	13668
V	1014058	13669
V	1014133	13670
V	1014208	13671
V	1014283	13672
V	1014358	13673
V	1014433	13674
V	1014508	13675
V	1014583	13676
V	1014658	13677
V	1014733	13678
V	1014808	13679
V	1014883	13680
V	1014958	13681
V	1015033	13682
V	1015108	13683
V	1015183	13684
V	1015258	13685
V	1015333	13686
V	1015408	13687
V	1015483	13688
V	1015558	13689
V	1015633	13690
V	1015708	13691
V	1015783	13692
V	1015858	13693
V	1015933	13694
V	1016008	13695
V	1016083	13696
V	1016158	13697
V	1016233	13698
V	1016308	13699
V	1016383	13700
V	1016458	13701
V	1016533	13702
V	1016608	13703
V	1016683	13704
V	1016758	13705
V	1016833	13706
V	1016908	13707
V	1016983	13708
V	1017058	13709
V	1017133	13710
V	1017208	13711
V	1017283	13712
V	1017358	13713
V	1017433	13714
V	1017508	13715
V	1017583	13716
V	1017658	13717
V	1017733	13718
V	1017808	13719
V	1017883	13720
V	1017958	13721
V	1018033	13722
V	1018108	13723
V	1018183	13724
V	1018258	13725
V	1018333	13726
V	1018408	13727
V	1018483	13728
V	1018558	13729
V	1018633	13730
V	1018708	13731
V	1018783	13732
V	1018858	13733
V	1018933	13734
V	1019008	13735
V	1019083	13736
V	1019158	13737
V	1019233	13738
V	1019308	13739
V	1019383	13740
V	1019458	13741
V	1019533	13742
V	1019608	13743
V	1019683	13744
V	1019758	13745
V	1019833	13746
V	1019908	13747
V	1019983	13748
V	1020058	13749
V	1020133	13750
V	1020208	13751
V	1020283	13752
V	1020358	13753
V	1020433	13754
V	1020508	13755
V	1020583	13756
V	1020658	13757
V	1020733	13758
V	1020808	13759
V	1020883	13760
V	1020958	13761
V	1021033	13762
V	1021108	13763
V	1021183	13764
V	1021258	13765
V	1021333	13766
V	1021408	13767
V	1021483	13768
V	1021558	13769
V	1021633	13770
V	1021708	13771
V	1021783	13772
V	1021858	13773
V	1021933	13774
V	1022008	13775
V	1022083	13776
V	1022158	13777
V	1022233	13778
V	1022308	13779
V	1022383	13780
V	1022458	13781
V	1022533	13782
V	1022608	13783
V	1022683	13784
V	1022758	13785
V	1022833	13786
V	1022908	13787
V	1022983	13788
V	1023058	13789
V	1023133	13790
V	1023208	13791
V	1023283	13792
V	1023358	13793
V	1023433	13794
V	1023508	13795
V	1023583	13796
V	1023658	13797
V	1023733	13798
V	1023808	13799
V	1023883	13800
V	1023958	13801
V	1024033	13802
V	1024108	13803
V	1024183	13804
V	1024258	13805
V	1024333	13806
V	1024408	13807
V	1024483	13808
V	1024558	13809
V	1024633	13810
V	1024708	13811
V	1024783	13812
V	1024858	13813
V	1024933	13814
V	1025008	13815
V	1025083	13816
V	1025158	13817
V	1025233	13818
V	1025308	13819
V	1025383	13820
V	1025458	13821
V	1025533	13822
V	1025608	13823
V	1025683	13824
V	1025758	13825
V	1025833	13826
V	1025908	13827
V	1025983	13828
V	1026058	13829
V	1026133	13830
V	1026208	13831
V	1026283	13832
V	1026358	13833
V	1026433	13834
V	1026508	13835
V	1026583	13836
V	1026658	13837
V	1026733	13838
V	1026808	13839
V	1026883	13840
V	1026958	13841
V	1027033	13842
V	1027108	13843
V	1027183	13844
V	1027258	13845
V	1027333	13846
V	1027408	13847
V	1027483	13848
V	1027558	13849
V	1027633	13850
V	1027708	13851
V	1027783	13852
V	1027858	13853
V	1027933	13854
V	1028008	13855
V	1028083	13856
V	1028158	13857
V	1028233	13858
V	1028308	13859
V	1028383	13860
V	1028458	13861
V	1028533	13862
V	1028608	13863
V	1028683	13864
V	1028758	13865
V	1028833	13866
V	1028908	13867
V	1028983	13868
V	1029058	13869
V	1029133	13870
V	1029208	13871
V	1029283	13872
V	1029358	13873
V	1029433	13874
V	1029508	13875
V	1029583	13876
V	1029658	13877
V	1029733	13878
V	1029808	13879
V	1029883	13880
V	1029958	13881
V	1030033	13882
V	1030108	13883
V	1030183	13884
V	1030258	13885
V	1030333	13886
V	1030408	13887
V	1030483	13888
V	1030558	13889
V	1030633	13890
V	1030708	13891
V	1030783	13892
V	1030858	13893
V	1030933	13894
V	1031008	13895
V	1031083	13896
V	1031158	13897
V	1031233	13898
V	1031308	13899
V	1031383	13900
V	1031458	13901
V	1031533	13902
V	1031608	13903
V	1031683	13904
V	1031758	13905
V	1031833	13906
V	1031908	13907
V	1031983	13908
V	1032058	13909
V	1032133	13910
V	1032208	13911
V	1032283	13912
V	1032358	13913
V	1032433	13914
V	1032508	13915
V	1032583	13916
V	1032658	13917
V	1032733	13918
V	1032808	13919
V	1032883	13920
V	1032958	13921
V	1033033	13922
V	1033108	13923
V	1033183	13924
V	1033258	13925
V	1033333	13926
V	1033408	13927
V	1033483	13928
V	1033558	13929
V	1033633	13930
V	1033708	13931
V	1033783	13932
V	1033858	13933
V	1033933	13934
V	1034008	13935
V	1034083	13936
V	1034158	13937
V	1034233	13938
V	1034308	13939
V	1034383	13940
V	1034458	13941
V	1034533	13942
V	1034608	13943
V	1034683	13944
V	1034758	13945
V	1034833	13946
V	1034908	13947
V	1034983	13948
V	1035058	13949
V	1035133	13950
V	1035208	13951
V	1035283	13952
V	1035358	13953
V	1035433	13954
V	1035508	13955
V	1035583	13956
V	1035658	13957
V	1035733	13958
V	1035808	13959
V	1035883	13960
V	1035958	13961
V	1036033	13962
V	1036108	13963
V	1036183	13964
V	1036258	13965
V	1036333	13966
V	1036408	13967
V	1036483	13968
V	1036558	13969
V	1036633	13970
V	1036708	13971
V	1036783	13972
V	1036858	13973
V	1036933	13974
V	1037008	13975
V	1037083	13976
V	1037158	13977
V	1037233	13978
V	1037308	13979
V	1037383	13980
V	1037458	13981
V	1037533	13982
V	1037608	13983
V	1037683	13984
V	1037758	13985
V	1037833	13986
V	1037908	13987
V	1037983	13988
V	1038058	13989
V	1038133	13990
V	1038208	13991
V	1038283	13992
V	1038358	13993
V	1038433	13994
V	1038508	13995
V	1038583	13996
V	1038658	13997
V	1038733	13998
V	1038808	13999
V	1038883	14000
V	1038958	14001
V	1039033	14002
V	1039108	14003
V	1039183	14004
V	1039258	14005
V	1039333	14006
V	1039408	14007
V	1039483	14008
V	1039558	14009
V	1039633	14010
V	1039708	14011
V	1039783	14012
V	1039858	14013
V	1039933	14014
V	1040008	14015
V	1040083	14016
V	1040158	14017
V	1040233	14018
V	1040308	14019
V	1040383	14020
V	1040458	14021
V	1040533	14022
V	1040608	14023
V	1040683	14024
V	1040758	14025
V	1040833	14026
V	1040908	14027
V	1040983	14028
V	1041058	14029
V	1041133	14030
V	1041208	14031
V	1041283	14032
V	1041358	14033
V	1041433	14034
V	1041508	14035
V	1041583	14036
V	1041658	14037
V	1041733	14038
V	1041808	14039
V	1041883	14040
V	1041958	14041
V	1042033	14042
V	1042108	14043
V	1042183	14044
V	1042258	14045
V	1042333	14046
V	1042408	14047
V	1042483	14048
V	1042558	14049
V	1042633	14050
V	1042708	14051
V	1042783	14052
V	1042858	14053
V	1042933	14054
V	1043008	14055
V	1043083	14056
V	1043158	14057
V	1043233	14058
V	1043308	14059
V	1043383	14060
V	1043458	14061
V	1043533	14062
V	1043608	14063
V	1043683	14064
V	1043758	14065
V	1043833	14066
V	1043908	14067
V	1043983	14068
V	1044058	14069
V	1044133	14070
V	1044208	14071
V	1044283	14072
V	1044358	14073
V	1044433	14074
V	1044508	14075
V	1044583	14076
V	1044658	14077
V	1044733	14078
V	1044808	14079
V	1044883	14080
V	1044958	14081
V	1045033	14082
V	1045108	14083
V	1045183	14084
V	1045258	14085
V	1045333	14086
V	1045408	14087
V	1045483	14088
V	1045558	14089
V	1045633	14090
V	1045708	14091
V	1045783	14092
V	1045858	14093
V	1045933	14094
V	1046008	14095
V	1046083	14096
V	1046158	14097
V	1046233	14098
V	1046308	14099
V	1046383	14100
V	1046458	14101
V	1046533	14102
V	1046608	14103
V	1046683	14104
V	1046758	14105
V	1046833	14106
V	1046908	14107
V	1046983	14108
V	1047058	14109
V	1047133	14110
V	1047208	14111
V	1047283	14112
V	1047358	14113
V	1047433	14114
V	1047508	14115
V	1047583	14116
V	1047658	14117
V	1047733	14118
V	1047808	14119
V	1047883	14120
V	1047958	14121
V	1048033	14122
V	1048108	14123
V	1048183	14124
V	1048258	14125
V	1048333	14126
V	1048408	14127
V	1048483	14128
V	1048558	14129
V	1048633	14130
V	1048708	14131
V	1048783	14132
V	1048858	14133
V	1048933	14134
V	1049008	14135
V	1049083	14136
V	1049158	14137
V	1049233	14138
V	1049308	14139
V	1049383	14140
V	1049458	14141
V	1049533	14142
V	1049608	14143
V	1049683	14144
V	1049758	14145
V	1049833	14146
V	1049908	14147
V	1049983	14148
V	1050058	14149
V	1050133	14150
V	1050208	14151
V	1050283	14152
V	1050358	14153
V	1050433	14154
V	1050508	14155
V	1050583	14156
V	1050658	14157
V	1050733	14158
V	1050808	14159
V	1050883	14160
V	1050958	14161
V	1051033	14162
V	1051108	14163
V	1051183	14164
V	1051258	14165
V	1051333	14166
V	1051408	14167
V	1051483	14168
V	1051558	14169
V	1051633	14170
V	1051708	14171
V	1051783	14172
V	1051858	14173
V	1051933	14174
V	1052008	14175
V	1052083	14176
V	1052158	14177
V	1052233	14178
V	1052308	14179
V	1052383	14180
V	1052458	14181
V	1052533	14182
V	1052608	14183
V	1052683	14184
V	1052758	14185
V	1052833	14186
V	1052908	14187
V	1052983	14188
V	1053058	14189
V	1053133	14190
V	1053208	14191
V	1053283	14192
V	1053358	14193
V	1053433	14194
V	1053508	14195
V	1053583	14196
V	1053658	14197
V	1053733	14198
V	1053808	14199
V	1053883	14200
V	1053958	14201
V	1054033	14202
V	1054108	14203
V	1054183	14204
V	1054258	14205
V	1054333	14206
V	1054408	14207
V	1054483	14208
V	1054558	14209
V	1054633	14210
V	1054708	14211
V	1054783	14212
V	1054858	14213
V	1054933	14214
V	1055008	14215
V	1055083	14216
V	1055158	14217
V	1055233	14218
V	1055308	14219
V	1055383	14220
V	1055458	14221
V	1055533	14222
V	1055608	14223
V	1055683	14224
V	1055758	14225
V	1055833	14226
V	1055908	14227
V	1055983	14228
V	1056058	14229
V	1056133	14230
V	1056208	14231
V	1056283	14232
V	1056358	14233
V	1056433	14234
V	1056508	14235
V	1056583	14236
V	1056658	14237
V	1056733	14238
V	1056808	14239
V	1056883	14240
V	1056958	14241
V	1057033	14242
V	1057108	14243
V	1057183	14244
V	1057258	14245
V	1057333	14246
V	1057408	14247
V	1057483	14248
V	1057558	14249
V	1057633	14250
V	1057708	14251
V	1057783	14252
V	1057858	14253
V	1057933	14254
V	1058008	14255
V	1058083	14256
V	1058158	14257
V	1058233	14258
V	1058308	14259
V	1058383	14260
V	1058458	14261
V	1058533	14262
V	1058608	14263
V	1058683	14264
V	1058758	14265
V	1058833	14266
V	1058908	14267
V	1058983	14268
V	1059058	14269
V	1059133	14270
V	1059208	14271
V	1059283	14272
V	1059358	14273
V	1059433	14274
V	1059508	14275
V	1059583	14276
V	1059658	14277
V	1059733	14278
V	1059808	14279
V	1059883	14280
V	1059958	14281
V	1060033	14282
V	1060108	14283
V	1060183	14284
V	1060258	14285
V	1060333	14286
V	1060408	14287
V	1060483	14288
V	1060558	14289
V	1060633	14290
V	1060708	14291
V	1060783	14292
V	1060858	14293
V	1060933	14294
V	1061008	14295
V	1061083	14296
V	1061158	14297
V	1061233	14298
V	1061308	14299
V	1061383	14300
V	1061458	14301
V	1061533	14302
V	1061608	14303
V	1061683	14304
V	1061758	14305
V	1061833	14306
V	1061908	14307
V	1061983	14308
V	1062058	14309
V	1062133	14310
V	1062208	14311
V	1062283	14312
V	1062358	14313
V	1062433	14314
V	1062508	14315
V	1062583	14316
V	1062658	14317
V	1062733	14318
V	1062808	14319
V	1062883	14320
V	1062958	14321
V	1063033	14322
V	1063108	14323
V	1063183	14324
V	1063258	14325
V	1063333	14326
V	1063408	14327
V	1063483	14328
V	1063558	14329
V	1063633	14330
V	1063708	14331
V	1063783	14332
V	1063858	14333
V	1063933	14334
V	1064008	14335
V	1064083	14336
V	1064158	14337
V	1064233	14338
V	1064308	14339
V	1064383	14340
V	1064458	14341
V	1064533	14342
V	1064608	14343
V	1064683	14344
V	1064758	14345
V	1064833	14346
V	1064908	14347
V	1064983	14348
V	1065058	14349
V	1065133	14350
V	1065208	14351
V	1065283	14352
V	1065358	14353
V	1065433	14354
V	1065508	14355
V	1065583	14356
V	1065658	14357
V	1065733	14358
V	1065808	14359
V	1065883	14360
V	1065958	14361
V	1066033	14362
V	1066108	14363
V	1066183	14364
V	1066258	14365
V	1066333	14366
V	1066408	14367
V	1066483	14368
V	1066558	14369
V	1066633	14370
V	1066708	14371
V	1066783	14372
V	1066858	14373
V	1066933	14374
V	1067008	14375
V	1067083	14376
V	1067158	14377
V	1067233	14378
V	1067308	14379
V	1067383	14380
V	1067458	14381
V	1067533	14382
V	1067608	14383
V	1067683	14384
V	1067758	14385
V	1067833	14386
V	1067908	14387
V	1067983	14388
V	1068058	14389
V	1068133	14390
V	1068208	14391
V	1068283	14392
V	1068358	14393
V	1068433	14394
V	1068508	14395
V	1068583	14396
V	1068658	14397
V	1068733	14398
V	1068808	14399
V	1068883	14400
V	1068958	14401
V	1069033	14402
V	1069108	14403
V	1069183	14404
V	1069258	14405
V	1069333	14406
V	1069408	14407
V	1069483	14408
V	1069558	14409
V	1069633	14410
V	1069708	14411
V	1069783	14412
V	1069858	14413
V	1069933	14414
V	1070008	14415
V	1070083	14416
V	1070158	14417
V	1070233	14418
V	1070308	14419
V	1070383	14420
V	1070458	14421
V	1070533	14422
V	1070608	14423
V	1070683	14424
V	1070758	14425
V	1070833	14426
V	1070908	14427
V	1070983	14428
V	1071058	14429
V	1071133	14430
V	1071208	14431
V	1071283	14432
V	1071358	14433
V	1071433	14434
V	1071508	14435
V	1071583	14436
V	1071658	14437
V	1071733	14438
V	1071808	14439
V	1071883	14440
V	1071958	14441
V	1072033	14442
V	1072108	14443
V	1072183	14444
V	1072258	14445
V	1072333	14446
V	1072408	14447
V	1072483	14448
V	1072558	14449
V	1072633	14450
V	1072708	14451
V	1072783	14452
V	1072858	14453
V	1072933	14454
V	1073008	14455
V	1073083	14456
V	1073158	14457
V	1073233	14458
V	1073308	14459
V	1073383	14460
V	1073458	14461
V	1073533	14462
V	1073608	14463
V	1073683	14464
V	1073758	14465
V	1073833	14466
V	1073908	14467
V	1073983	14468
V	1074058	14469
V	1074133	14470
V	1074208	14471
V	1074283	14472
V	1074358	14473
V	1074433	14474
V	1074508	14475
V	1074583	14476
V	1074658	14477
V	1074733	14478
V	1074808	14479
V	1074883	14480
V	1074958	14481
V	1075033	14482
V	1075108	14483
V	1075183	14484
V	1075258	14485
V	1075333	14486
V	1075408	14487
V	1075483	14488
V	1075558	14489
V	1075633	14490
V	1075708	14491
V	1075783	14492
V	1075858	14493
V	1075933	14494
V	1076008	14495
V	1076083	14496
V	1076158	14497
V	1076233	14498
V	1076308	14499
V	1076383	14500
V	1076458	14501
V	1076533	14502
V	1076608	14503
V	1076683	14504
V	1076758	14505
V	1076833	14506
V	1076908	14507
V	1076983	14508
V	1077058	14509
V	1077133	14510
V	1077208	14511
V	1077283	14512
V	1077358	14513
V	1077433	14514
V	1077508	14515
V	1077583	14516
V	1077658	14517
V	1077733	14518
V	1077808	14519
V	1077883	14520
V	1077958	14521
V	1078033	14522
V	1078108	14523
V	1078183	14524
V	1078258	14525
V	1078333	14526
V	1078408	14527
V	1078483	14528
V	1078558	14529
V	1078633	14530
V	1078708	14531
V	1078783	14532
V	1078858	14533
V	1078933	14534
V	1079008	14535
V	1079083	14536
V	1079158	14537
V	1079233	14538
V	1079308	14539
V	1079383	14540
V	1079458	14541
V	1079533	14542
V	1079608	14543
V	1079683	14544
V	1079758	14545
V	1079833	14546
V	1079908	14547
V	1079983	14548
V	1080058	14549
V	1080133	14550
V	1080208	14551
V	1080283	14552
V	1080358	14553
V	1080433	14554
V	1080508	14555
V	1080583	14556
V	1080658	14557
V	1080733	14558
V	1080808	14559
V	1080883	14560
V	1080958	14561
V	1081033	14562
V	1081108	14563
V	1081183	14564
V	1081258	14565
V	1081333	14566
V	1081408	14567
V	1081483	14568
V	1081558	14569
V	1081633	14570
V	1081708	14571
V	1081783	14572
V	1081858	14573
V	1081933	14574
V	1082008	14575
V	1082083	14576
V	1082158	14577
V	1082233	14578
V	1082308	14579
V	1082383	14580
V	1082458	14581
V	1082533	14582
V	1082608	14583
V	1082683	14584
V	1082758	14585
V	1082833	14586
V	1082908	14587
V	1082983	14588
V	1083058	14589
V	1083133	14590
V	1083208	14591
V	1083283	14592
V	1083358	14593
V	1083433	14594
V	1083508	14595
V	1083583	14596
V	1083658	14597
V	1083733	14598
V	1083808	14599
V	1083883	14600
V	1083958	14601
V	1084033	14602
V	1084108	14603
V	1084183	14604
V	1084258	14605
V	1084333	14606
V	1084408	14607
V	1084483	14608
V	1084558	14609
V	1084633	14610
V	1084708	14611
V	1084783	14612
V	1084858	14613
V	1084933	14614
V	1085008	14615
V	1085083	14616
V	1085158	14617
V	1085233	14618
V	1085308	14619
V	1085383	14620
V	1085458	14621
V	1085533	14622
V	1085608	14623
V	1085683	14624
V	1085758	14625
V	1085833	14626
V	1085908	14627
V	1085983	14628
V	1086058	14629
V	1086133	14630
V	1086208	14631
V	1086283	14632
V	1086358	14633
V	1086433	14634
V	1086508	14635
V	1086583	14636
V	1086658	14637
V	1086733	14638
V	1086808	14639
V	1086883	14640
V	1086958	14641
V	1087033	14642
V	1087108	14643
V	1087183	14644
V	1087258	14645
V	1087333	14646
V	1087408	14647
V	1087483	14648
V	1087558	14649
V	1087633	14650
V	1087708	14651
V	1087783	14652
V	1087858	14653
V	1087933	14654
V	1088008	14655
V	1088083	14656
V	1088158	14657
V	1088233	14658
V	1088308	14659
V	1088383	14660
V	1088458	14661
V	1088533	14662
V	1088608	14663
V	1088683	14664
V	1088758	14665
V	1088833	14666
V	1088908	14667
V	1088983	14668
V	1089058	14669
V	1089133	14670
V	1089208	14671
V	1089283	14672
V	1089358	14673
V	1089433	14674
V	1089508	14675
V	1089583	14676
V	1089658	14677
V	1089733	14678
V	1089808	14679
V	1089883	14680
V	1089958	14681
V	1090033	14682
V	1090108	14683
V	1090183	14684
V	1090258	14685
V	1090333	14686
V	1090408	14687
V	1090483	14688
V	1090558	14689
V	1090633	14690
V	1090708	14691
V	1090783	14692
V	1090858	14693
V	1090933	14694
V	1091008	14695
V	1091083	14696
V	1091158	14697
V	1091233	14698
V	1091308	14699
V	1091383	14700
V	1091458	14701
V	1091533	14702
V	1091608	14703
V	1091683	14704
V	1091758	14705
V	1091833	14706
V	1091908	14707
V	1091983	14708
V	1092058	14709
V	1092133	14710
V	1092208	14711
V	1092283	14712
V	1092358	14713
V	1092433	14714
V	1092508	14715
V	1092583	14716
V	1092658	14717
V	1092733	14718
V	1092808	14719
V	1092883	14720
V	1092958	14721
V	1093033	14722
V	1093108	14723
V	1093183	14724
V	1093258	14725
V	1093333	14726
V	1093408	14727
V	1093483	14728
V	1093558	14729
V	1093633	14730
V	1093708	14731
V	1093783	14732
V	1093858	14733
V	1093933	14734
V	1094008	14735
V	1094083	14736
V	1094158	14737
V	1094233	14738
V	1094308	14739
V	1094383	14740
V	1094458	14741
V	1094533	14742
V	1094608	14743
V	1094683	14744
V	1094758	14745
V	1094833	14746
V	1094908	14747
V	1094983	14748
V	1095058	14749
V	1095133	14750
V	1095208	14751
V	1095283	14752
V	1095358	14753
V	1095433	14754
V	1095508	14755
V	1095583	14756
V	1095658	14757
V	1095733	14758
V	1095808	14759
V	1095883	14760
V	1095958	14761
V	1096033	14762
V	1096108	14763
V	1096183	14764
V	1096258	14765
V	1096333	14766
V	1096408	14767
V	1096483	14768
V	1096558	14769
V	1096633	14770
V	1096708	14771
V	1096783	14772
V	1096858	14773
V	1096933	14774
V	1097008	14775
V	1097083	14776
V	1097158	14777
V	1097233	14778
V	1097308	14779
V	1097383	14780
V	1097458	14781
V	1097533	14782
V	1097608	14783
V	1097683	14784
V	1097758	14785
V	1097833	14786
V	1097908	14787
V	1097983	14788
V	1098058	14789
V	1098133	14790
V	1098208	14791
V	1098283	14792
V	1098358	14793
V	1098433	14794
V	1098508	14795
V	1098583	14796
V	1098658	14797
V	1098733	14798
V	1098808	14799
V	1098883	14800
V	1098958	14801
V	1099033	14802
V	1099108	14803
V	1099183	14804
V	1099258	14805
V	1099333	14806
V	1099408	14807
V	1099483	14808
V	1099558	14809
V	1099633	14810
V	1099708	14811
V	1099783	14812
V	1099858	14813
V	1099933	14814
V	1100008	14815
V	1100083	14816
V	1100158	14817
V	1100233	14818
V	1100308	14819
V	1100383	14820
V	1100458	14821
V	1100533	14822
V	1100608	14823
V	1100683	14824
V	1100758	14825
V	1100833	14826
V	1100908	14827
V	1100983	14828
V	1101058	14829
V	1101133	14830
V	1101208	14831
V	1101283	14832
V	1101358	14833
V	1101433	14834
V	1101508	14835
V	1101583	14836
V	1101658	14837
V	1101733	14838
V	1101808	14839
V	1101883	14840
V	1101958	14841
V	1102033	14842
V	1102108	14843
V	1102183	14844
V	1102258	14845
V	1102333	14846
V	1102408	14847
V	1102483	14848
V	1102558	14849
V	1102633	14850
V	1102708	14851
V	1102783	14852
V	1102858	14853
V	1102933	14854
V	1103008	14855
V	1103083	14856
V	1103158	14857
V	1103233	14858
V	1103308	14859
V	1103383	14860
V	1103458	14861
V	1103533	14862
V	1103608	14863
V	1103683	14864
V	1103758	14865
V	1103833	14866
V	1103908	14867
V	1103983	14868
V	1104058	14869
V	1104133	14870
V	1104208	14871
V	1104283	14872
V	1104358	14873
V	1104433	14874
V	1104508	14875
V	1104583	14876
V	1104658	14877
V	1104733	14878
V	1104808	14879
V	1104883	14880
V	1104958	14881
V	1105033	14882
V	1105108	14883
V	1105183	14884
V	1105258	14885
V	1105333	14886
V	1105408	14887
V	1105483	14888
V	1105558	14889
V	1105633	14890
V	1105708	14891
V	1105783	14892
V	1105858	14893
V	1105933	14894
V	1106008	14895
V	1106083	14896
V	1106158	14897
V	1106233	14898
V	1106308	14899
V	1106383	14900
V	1106458	14901
V	1106533	14902
V	1106608	14903
V	1106683	14904
V	1106758	14905
V	1106833	14906
V	1106908	14907
V	1106983	14908
V	1107058	14909
V	1107133	14910
V	1107208	14911
V	1107283	14912
V	1107358	14913
V	1107433	14914
V	1107508	14915
V	1107583	14916
V	1107658	14917
V	1107733	14918
V	1107808	14919
V	1107883	14920
V	1107958	14921
V	1108033	14922
V	1108108	14923
V	1108183	14924
V	1108258	14925
V	1108333	14926
V	1108408	14927
V	1108483	14928
V	1108558	14929
V	1108633	14930
V	1108708	14931
V	1108783	14932
V	1108858	14933
V	1108933	14934
V	1109008	14935
V	1109083	14936
V	1109158	14937
V	1109233	14938
V	1109308	14939
V	1109383	14940
V	1109458	14941
V	1109533	14942
V	1109608	14943
V	1109683	14944
V	1109758	14945
V	1109833	14946
V	1109908	14947
V	1109983	14948
V	1110058	14949
V	1110133	14950
V	1110208	14951
V	1110283	14952
V	1110358	14953
V	1110433	14954
V	1110508	14955
V	1110583	14956
V	1110658	14957
V	1110733	14958
V	1110808	14959
V	1110883	14960
V	1110958	14961
V	1111033	14962
V	1111108	14963
V	1111183	14964
V	1111258	14965
V	1111333	14966
V	1111408	14967
V	1111483	14968
V	1111558	14969
V	1111633	14970
V	1111708	14971
V	1111783	14972
V	1111858	14973
V	1111933	14974
V	1112008	14975
V	1112083	14976
V	1112158	14977
V	1112233	14978
V	1112308	14979
V	1112383	14980
V	1112458	14981
V	1112533	14982
V	1112608	14983
V	1112683	14984
V	1112758	14985
V	1112833	14986
V	1112908	14987
V	1112983	14988
V	1113058	14989
V	1113133	14990
V	1113208	14991
V	1113283	14992
V	1113358	14993
V	1113433	14994
V	1113508	14995
V	1113583	14996
V	1113658	14997
V	1113733	14998
V	1113808	14999
V	1113883	15000
V	1113958	15001
V	1114033	15002
V	1114108	15003
V	1114183	15004
V	1114258	15005
V	1114333	15006
V	1114408	15007
V	1114483	15008
V	1114558	15009
V	1114633	15010
V	1114708	15011
V	1114783	15012
V	1114858	15013
V	1114933	15014
V	1115008	15015
V	1115083	15016
V	1115158	15017
V	1115233	15018
V	1115308	15019
V	1115383	15020
V	1115458	15021
V	1115533	15022
V	1115608	15023
V	1115683	15024
V	1115758	15025
V	1115833	15026
V	1115908	15027
V	1115983	15028
V	1116058	15029
V	1116133	15030
V	1116208	15031
V	1116283	15032
V	1116358	15033
V	1116433	15034
V	1116508	15035
V	1116583	15036
V	1116658	15037
V	1116733	15038
V	1116808	15039
V	1116883	15040
V	1116958	15041
V	1117033	15042
V	1117108	15043
V	1117183	15044
V	1117258	15045
V	1117333	15046
V	1117408	15047
V	1117483	15048
V	1117558	15049
V	1117633	15050
V	1117708	15051
V	1117783	15052
V	1117858	15053
V	1117933	15054
V	1118008	15055
V	1118083	15056
V	1118158	15057
V	1118233	15058
V	1118308	15059
V	1118383	15060
V	1118458	15061
V	1118533	15062
V	1118608	15063
V	1118683	15064
V	1118758	15065
V	1118833	15066
V	1118908	15067
V	1118983	15068
V	1119058	15069
V	1119133	15070
V	1119208	15071
V	1119283	15072
V	1119358	15073
V	1119433	15074
V	1119508	15075
V	1119583	15076
V	1119658	15077
V	1119733	15078
V	1119808	15079
V	1119883	15080
V	1119958	15081
V	1120033	15082
V	1120108	15083
V	1120183	15084
V	1120258	15085
V	1120333	15086
V	1120408	15087
V	1120483	15088
V	1120558	15089
V	1120633	15090
V	1120708	15091
V	1120783	15092
V	1120858	15093
V	1120933	15094
V	1121008	15095
V	1121083	15096
V	1121158	15097
V	1121233	15098
V	1121308	15099
V	1121383	15100
V	1121458	15101
V	1121533	15102
V	1121608	15103
V	1121683	15104
V	1121758	15105
V	1121833	15106
V	1121908	15107
V	1121983	15108
V	1122058	15109
V	1122133	15110
V	1122208	15111
V	1122283	15112
V	1122358	15113
V	1122433	15114
V	1122508	15115
V	1122583	15116
V	1122658	15117
V	1122733	15118
V	1122808	15119
V	1122883	15120
V	1122958	15121
V	1123033	15122
V	1123108	15123
V	1123183	15124
V	1123258	15125
V	1123333	15126
V	1123408	15127
V	1123483	15128
V	1123558	15129
V	1123633	15130
V	1123708	15131
V	1123783	15132
V	1123858	15133
V	1123933	15134
V	1124008	15135
V	1124083	15136
V	1124158	15137
V	1124233	15138
V	1124308	15139
V	1124383	15140
V	1124458	15141
V	1124533	15142
V	1124608	15143
V	1124683	15144
V	1124758	15145
V	1124833	15146
V	1124908	15147
V	1124983	15148
V	1125058	15149
V	1125133	15150
V	1125208	15151
V	1125283	15152
V	1125358	15153
V	1125433	15154
V	1125508	15155
V	1125583	15156
V	1125658	15157
V	1125733	15158
V	1125808	15159
V	1125883	15160
V	1125958	15161
V	1126033	15162
V	1126108	15163
V	1126183	15164
V	1126258	15165
V	1126333	15166
V	1126408	15167
V	1126483	15168
V	1126558	15169
V	1126633	15170
V	1126708	15171
V	1126783	15172
V	1126858	15173
V	1126933	15174
V	1127008	15175
V	1127083	15176
V	1127158	15177
V	1127233	15178
V	1127308	15179
V	1127383	15180
V	1127458	15181
V	1127533	15182
V	1127608	15183
V	1127683	15184
V	1127758	15185
V	1127833	15186
V	1127908	15187
V	1127983	15188
V	1128058	15189
V	1128133	15190
V	1128208	15191
V	1128283	15192
V	1128358	15193
V	1128433	15194
V	1128508	15195
V	1128583	15196
V	1128658	15197
V	1128733	15198
V	1128808	15199
V	1128883	15200
V	1128958	15201
V	1129033	15202
V	1129108	15203
V	1129183	15204
V	1129258	15205
V	1129333	15206
V	1129408	15207
V	1129483	15208
V	1129558	15209
V	1129633	15210
V	1129708	15211
V	1129783	15212
V	1129858	15213
V	1129933	15214
V	1130008	15215
V	1130083	15216
V	1130158	15217
V	1130233	15218
V	1130308	15219
V	1130383	15220
V	1130458	15221
V	1130533	15222
V	1130608	15223
V	1130683	15224
V	1130758	15225
V	1130833	15226
V	1130908	15227
V	1130983	15228
V	1131058	15229
V	1131133	15230
V	1131208	15231
V	1131283	15232
V	1131358	15233
V	1131433	15234
V	1131508	15235
V	1131583	15236
V	1131658	15237
V	1131733	15238
V	1131808	15239
V	1131883	15240
V	1131958	15241
V	1132033	15242
V	1132108	15243
V	1132183	15244
V	1132258	15245
V	1132333	15246
V	1132408	15247
V	1132483	15248
V	1132558	15249
V	1132633	15250
V	1132708	15251
V	1132783	15252
V	1132858	15253
V	1132933	15254
V	1133008	15255
V	1133083	15256
V	1133158	15257
V	1133233	15258
V	1133308	15259
V	1133383	15260
V	1133458	15261
V	1133533	15262
V	1133608	15263
V	1133683	15264
V	1133758	15265
V	1133833	15266
V	1133908	15267
V	1133983	15268
V	1134058	15269
V	1134133	15270
V	1134208	15271
V	1134283	15272
V	1134358	15273
V	1134433	15274
V	1134508	15275
V	1134583	15276
V	1134658	15277
V	1134733	15278
V	1134808	15279
V	1134883	15280
V	1134958	15281
V	1135033	15282
V	1135108	15283
V	1135183	15284
V	1135258	15285
V	1135333	15286
V	1135408	15287
V	1135483	15288
V	1135558	15289
V	1135633	15290
V	1135708	15291
V	1135783	15292
V	1135858	15293
V	1135933	15294
V	1136008	15295
V	1136083	15296
V	1136158	15297
V	1136233	15298
V	1136308	15299
V	1136383	15300
V	1136458	15301
V	1136533	15302
V	1136608	15303
V	1136683	15304
V	1136758	15305
V	1136833	15306
V	1136908	15307
V	1136983	15308
V	1137058	15309
V	1137133	15310
V	1137208	15311
V	1137283	15312
V	1137358	15313
V	1137433	15314
V	1137508	15315
V	1137583	15316
V	1137658	15317
V	1137733	15318
V	1137808	15319
V	1137883	15320
V	1137958	15321
V	1138033	15322
V	1138108	15323
V	1138183	15324
V	1138258	15325
V	1138333	15326
V	1138408	15327
V	1138483	15328
V	1138558	15329
V	1138633	15330
V	1138708	15331
V	1138783	15332
V	1138858	15333
V	1138933	15334
V	1139008	15335
V	1139083	15336
V	1139158	15337
V	1139233	15338
V	1139308	15339
V	1139383	15340
V	1139458	15341
V	1139533	15342
V	1139608	15343
V	1139683	15344
V	1139758	15345
V	1139833	15346
V	1139908	15347
V	1139983	15348
V	1140058	15349
V	1140133	15350
V	1140208	15351
V	1140283	15352
V	1140358	15353
V	1140433	15354
V	1140508	15355
V	1140583	15356
V	1140658	15357
V	1140733	15358
V	1140808	15359
V	1140883	15360
V	1140958	15361
V	1141033	15362
V	1141108	15363
V	1141183	15364
V	1141258	15365
V	1141333	15366
V	1141408	15367
V	1141483	15368
V	1141558	15369
V	1141633	15370
V	1141708	15371
V	1141783	15372
V	1141858	15373
V	1141933	15374
V	1142008	15375
V	1142083	15376
V	1142158	15377
V	1142233	15378
V	1142308	15379
V	1142383	15380
V	1142458	15381
V	1142533	15382
V	1142608	15383
V	1142683	15384
V	1142758	15385
V	1142833	15386
V	1142908	15387
V	1142983	15388
V	1143058	15389
V	1143133	15390
V	1143208	15391
V	1143283	15392
V	1143358	15393
V	1143433	15394
V	1143508	15395
V	1143583	15396
V	1143658	15397
V	1143733	15398
V	1143808	15399
V	1143883	15400
V	1143958	15401
V	1144033	15402
V	1144108	15403
V	1144183	15404
V	1144258	15405
V	1144333	15406
V	1144408	15407
V	1144483	15408
V	1144558	15409
V	1144633	15410
V	1144708	15411
V	1144783	15412
V	1144858	15413
V	1144933	15414
V	1145008	15415
V	1145083	15416
V	1145158	15417
V	1145233	15418
V	1145308	15419
V	1145383	15420
V	1145458	15421
V	1145533	15422
V	1145608	15423
V	1145683	15424
V	1145758	15425
V	1145833	15426
V	1145908	15427
V	1145983	15428
V	1146058	15429
V	1146133	15430
V	1146208	15431
V	1146283	15432
V	1146358	15433
V	1146433	15434
V	1146508	15435
V	1146583	15436
V	1146658	15437
V	1146733	15438
V	1146808	15439
V	1146883	15440
V	1146958	15441
V	1147033	15442
V	1147108	15443
V	1147183	15444
V	1147258	15445
V	1147333	15446
V	1147408	15447
V	1147483	15448
V	1147558	15449
V	1147633	15450
V	1147708	15451
V	1147783	15452
V	1147858	15453
V	1147933	15454
V	1148008	15455
V	1148083	15456
V	1148158	15457
V	1148233	15458
V	1148308	15459
V	1148383	15460
V	1148458	15461
V	1148533	15462
V	1148608	15463
V	1148683	15464
V	1148758	15465
V	1148833	15466
V	1148908	15467
V	1148983	15468
V	1149058	15469
V	1149133	15470
V	1149208	15471
V	1149283	15472
V	1149358	15473
V	1149433	15474
V	1149508	15475
V	1149583	15476
V	1149658	15477
V	1149733	15478
V	1149808	15479
V	1149883	15480
V	1149958	15481
V	1150033	15482
V	1150108	15483
V	1150183	15484
V	1150258	15485
V	1150333	15486
V	1150408	15487
V	1150483	15488
V	1150558	15489
V	1150633	15490
V	1150708	15491
V	1150783	15492
V	1150858	15493
V	1150933	15494
V	1151008	15495
V	1151083	15496
V	1151158	15497
V	1151233	15498
V	1151308	15499
V	1151383	15500
V	1151458	15501
V	1151533	15502
V	1151608	15503
V	1151683	15504
V	1151758	15505
V	1151833	15506
V	1151908	15507
V	1151983	15508
V	1152058	15509
V	1152133	15510
V	1152208	15511
V	1152283	15512
V	1152358	15513
V	1152433	15514
V	1152508	15515
V	1152583	15516
V	1152658	15517
V	1152733	15518
V	1152808	15519
V	1152883	15520
V	1152958	15521
V	1153033	15522
V	1153108	15523
V	1153183	15524
V	1153258	15525
V	1153333	15526
V	1153408	15527
V	1153483	15528
V	1153558	15529
V	1153633	15530
V	1153708	15531
V	1153783	15532
V	1153858	15533
V	1153933	15534
V	1154008	15535
V	1154083	15536
V	1154158	15537
V	1154233	15538
V	1154308	15539
V	1154383	15540
V	1154458	15541
V	1154533	15542
V	1154608	15543
V	1154683	15544
V	1154758	15545
V	1154833	15546
V	1154908	15547
V	1154983	15548
V	1155058	15549
V	1155133	15550
V	1155208	15551
V	1155283	15552
V	1155358	15553
V	1155433	15554
V	1155508	15555
V	1155583	15556
V	1155658	15557
V	1155733	15558
V	1155808	15559
V	1155883	15560
V	1155958	15561
V	1156033	15562
V	1156108	15563
V	1156183	15564
V	1156258	15565
V	1156333	15566
V	1156408	15567
V	1156483	15568
V	1156558	15569
V	1156633	15570
V	1156708	15571
V	1156783	15572
V	1156858	15573
V	1156933	15574
V	1157008	15575
V	1157083	15576
V	1157158	15577
V	1157233	15578
V	1157308	15579
V	1157383	15580
V	1157458	15581
V	1157533	15582
V	1157608	15583
V	1157683	15584
V	1157758	15585
V	1157833	15586
V	1157908	15587
V	1157983	15588
V	1158058	15589
V	1158133	15590
V	1158208	15591
V	1158283	15592
V	1158358	15593
V	1158433	15594
V	1158508	15595
V	1158583	15596
V	1158658	15597
V	1158733	15598
V	1158808	15599
V	1158883	15600
V	1158958	15601
V	1159033	15602
V	1159108	15603
V	1159183	15604
V	1159258	15605
V	1159333	15606
V	1159408	15607
V	1159483	15608
V	1159558	15609
V	1159633	15610
V	1159708	15611
V	1159783	15612
V	1159858	15613
V	1159933	15614
V	1160008	15615
V	1160083	15616
V	1160158	15617
V	1160233	15618
V	1160308	15619
V	1160383	15620
V	1160458	15621
V	1160533	15622
V	1160608	15623
V	1160683	15624
V	1160758	15625
V	1160833	15626
V	1160908	15627
V	1160983	15628
V	1161058	15629
V	1161133	15630
V	1161208	15631
V	1161283	15632
V	1161358	15633
V	1161433	15634
V	1161508	15635
V	1161583	15636
V	1161658	15637
V	1161733	15638
V	1161808	15639
V	1161883	15640
V	1161958	15641
V	1162033	15642
V	1162108	15643
V	1162183	15644
V	1162258	15645
V	1162333	15646
V	1162408	15647
V	1162483	15648
V	1162558	15649
V	1162633	15650
V	1162708	15651
V	1162783	15652
V	1162858	15653
V	1162933	15654
V	1163008	15655
V	1163083	15656
V	1163158	15657
V	1163233	15658
V	1163308	15659
V	1163383	15660
V	1163458	15661
V	1163533	15662
V	1163608	15663
V	1163683	15664
V	1163758	15665
V	1163833	15666
V	1163908	15667
V	1163983	15668
V	1164058	15669
V	1164133	15670
V	1164208	15671
V	1164283	15672
V	1164358	15673
V	1164433	15674
V	1164508	15675
V	1164583	15676
V	1164658	15677
V	1164733	15678
V	1164808	15679
V	1164883	15680
V	1164958	15681
V	1165033	15682
V	1165108	15683
V	1165183	15684
V	1165258	15685
V	1165333	15686
V	1165408	15687
V	1165483	15688
V	1165558	15689
V	1165633	15690
V	1165708	15691
V	1165783	15692
V	1165858	15693
V	1165933	15694
V	1166008	15695
V	1166083	15696
V	1166158	15697
V	1166233	15698
V	1166308	15699
V	1166383	15700
V	1166458	15701
V	1166533	15702
V	1166608	15703
V	1166683	15704
V	1166758	15705
V	1166833	15706
V	1166908	15707
V	1166983	15708
V	1167058	15709
V	1167133	15710
V	1167208	15711
V	1167283	15712
V	1167358	15713
V	1167433	15714
V	1167508	15715
V	1167583	15716
V	1167658	15717
V	1167733	15718
V	1167808	15719
V	1167883	15720
V	1167958	15721
V	1168033	15722
V	1168108	15723
V	1168183	15724
V	1168258	15725
V	1168333	15726
V	1168408	15727
V	1168483	15728
V	1168558	15729
V	1168633	15730
V	1168708	15731
V	1168783	15732
V	1168858	15733
V	1168933	15734
V	1169008	15735
V	1169083	15736
V	1169158	15737
V	1169233	15738
V	1169308	15739
V	1169383	15740
V	1169458	15741
V	1169533	15742
V	1169608	15743
V	1169683	15744
V	1169758	15745
V	1169833	15746
V	1169908	15747
V	1169983	15748
V	1170058	15749
V	1170133	15750
V	1170208	15751
V	1170283	15752
V	1170358	15753
V	1170433	15754
V	1170508	15755
V	1170583	15756
V	1170658	15757
V	1170733	15758
V	1170808	15759
V	1170883	15760
V	1170958	15761
V	1171033	15762
V	1171108	15763
V	1171183	15764
V	1171258	15765
V	1171333	15766
V	1171408	15767
V	1171483	15768
V	1171558	15769
V	1171633	15770
V	1171708	15771
V	1171783	15772
V	1171858	15773
V	1171933	15774
V	1172008	15775
V	1172083	15776
V	1172158	15777
V	1172233	15778
V	1172308	15779
V	1172383	15780
V	1172458	15781
V	1172533	15782
V	1172608	15783
V	1172683	15784
V	1172758	15785
V	1172833	15786
V	1172908	15787
V	1172983	15788
V	1173058	15789
V	1173133	15790
V	1173208	15791
V	1173283	15792
V	1173358	15793
V	1173433	15794
V	1173508	15795
V	1173583	15796
V	1173658	15797
V	1173733	15798
V	1173808	15799
V	1173883	15800
V	1173958	15801
V	1174033	15802
V	1174108	15803
V	1174183	15804
V	1174258	15805
V	1174333	15806
V	1174408	15807
V	1174483	15808
V	1174558	15809
V	1174633	15810
V	1174708	15811
V	1174783	15812
V	1174858	15813
V	1174933	15814
V	1175008	15815
V	1175083	15816
V	1175158	15817
V	1175233	15818
V	1175308	15819
V	1175383	15820
V	1175458	15821
V	1175533	15822
V	1175608	15823
V	1175683	15824
V	1175758	15825
V	1175833	15826
V	1175908	15827
V	1175983	15828
V	1176058	15829
V	1176133	15830
V	1176208	15831
V	1176283	15832
V	1176358	15833
V	1176433	15834
V	1176508	15835
V	1176583	15836
V	1176658	15837
V	1176733	15838
V	1176808	15839
V	1176883	15840
V	1176958	15841
V	1177033	15842
V	1177108	15843
V	1177183	15844
V	1177258	15845
V	1177333	15846
V	1177408	15847
V	1177483	15848
V	1177558	15849
V	1177633	15850
V	1177708	15851
V	1177783	15852
V	1177858	15853
V	1177933	15854
V	1178008	15855
V	1178083	15856
V	1178158	15857
V	1178233	15858
V	1178308	15859
V	1178383	15860
V	1178458	15861
V	1178533	15862
V	1178608	15863
V	1178683	15864
V	1178758	15865
V	1178833	15866
V	1178908	15867
V	1178983	15868
V	1179058	15869
V	1179133	15870
V	1179208	15871
V	1179283	15872
V	1179358	15873
V	1179433	15874
V	1179508	15875
V	1179583	15876
V	1179658	15877
V	1179733	15878
V	1179808	15879
V	1179883	15880
V	1179958	15881
V	1180033	15882
V	1180108	15883
V	1180183	15884
V	1180258	15885
V	1180333	15886
V	1180408	15887
V	1180483	15888
V	1180558	15889
V	1180633	15890
V	1180708	15891
V	1180783	15892
V	1180858	15893
V	1180933	15894
V	1181008	15895
V	1181083	15896
V	1181158	15897
V	1181233	15898
V	1181308	15899
V	1181383	15900
V	1181458	15901
V	1181533	15902
V	1181608	15903
V	1181683	15904
V	1181758	15905
V	1181833	15906
V	1181908	15907
V	1181983	15908
V	1182058	15909
V	1182133	15910
V	1182208	15911
V	1182283	15912
V	1182358	15913
V	1182433	15914
V	1182508	15915
V	1182583	15916
V	1182658	15917
V	1182733	15918
V	1182808	15919
V	1182883	15920
V	1182958	15921
V	1183033	15922
V	1183108	15923
V	1183183	15924
V	1183258	15925
V	1183333	15926
V	1183408	15927
V	1183483	15928
V	1183558	15929
V	1183633	15930
V	1183708	15931
V	1183783	15932
V	1183858	15933
V	1183933	15934
V	1184008	15935
V	1184083	15936
V	1184158	15937
V	1184233	15938
V	1184308	15939
V	1184383	15940
V	1184458	15941
V	1184533	15942
V	1184608	15943
V	1184683	15944
V	1184758	15945
V	1184833	15946
V	1184908	15947
V	1184983	15948
V	1185058	15949
V	1185133	15950
V	1185208	15951
V	1185283	15952
V	1185358	15953
V	1185433	15954
V	1185508	15955
V	1185583	15956
V	1185658	15957
V	1185733	15958
V	1185808	15959
V	1185883	15960
V	1185958	15961
V	1186033	15962
V	1186108	15963
V	1186183	15964
V	1186258	15965
V	1186333	15966
V	1186408	15967
V	1186483	15968
V	1186558	15969
V	1186633	15970
V	1186708	15971
V	1186783	15972
V	1186858	15973
V	1186933	15974
V	1187008	15975
V	1187083	15976
V	1187158	15977
V	1187233	15978
V	1187308	15979
V	1187383	15980
V	1187458	15981
V	1187533	15982
V	1187608	15983
V	1187683	15984
V	1187758	15985
V	1187833	15986
V	1187908	15987
V	1187983	15988
V	1188058	15989
V	1188133	15990
V	1188208	15991
V	1188283	15992
V	1188358	15993
V	1188433	15994
V	1188508	15995
V	1188583	15996
V	1188658	15997
V	1188733	15998
V	1188808	15999
V	1188883	16000
V	1188958	16001
V	1189033	16002
V	1189108	16003
V	1189183	16004
V	1189258	16005
V	1189333	16006
V	1189408	16007
V	1189483	16008
V	1189558	16009
V	1189633	16010
V	1189708	16011
V	1189783	16012
V	1189858	16013
V	1189933	16014
V	1190008	16015
V	1190083	16016
V	1190158	16017
V	1190233	16018
V	1190308	16019
V	1190383	16020
V	1190458	16021
V	1190533	16022
V	1190608	16023
V	1190683	16024
V	1190758	16025
V	1190833	16026
V	1190908	16027
V	1190983	16028
V	1191058	16029
V	1191133	16030
V	1191208	16031
V	1191283	16032
V	1191358	16033
V	1191433	16034
V	1191508	16035
V	1191583	16036
V	1191658	16037
V	1191733	16038
V	1191808	16039
V	1191883	16040
V	1191958	16041
V	1192033	16042
V	1192108	16043
V	1192183	16044
V	1192258	16045
V	1192333	16046
V	1192408	16047
V	1192483	16048
V	1192558	16049
V	1192633	16050
V	1192708	16051
V	1192783	16052
V	1192858	16053
V	1192933	16054
V	1193008	16055
V	1193083	16056
V	1193158	16057
V	1193233	16058
V	1193308	16059
V	1193383	16060
V	1193458	16061
V	1193533	16062
V	1193608	16063
V	1193683	16064
V	1193758	16065
V	1193833	16066
V	1193908	16067
V	1193983	16068
V	1194058	16069
V	1194133	16070
V	1194208	16071
V	1194283	16072
V	1194358	16073
V	1194433	16074
V	1194508	16075
V	1194583	16076
V	1194658	16077
V	1194733	16078
V	1194808	16079
V	1194883	16080
V	1194958	16081
V	1195033	16082
V	1195108	16083
V	1195183	16084
V	1195258	16085
V	1195333	16086
V	1195408	16087
V	1195483	16088
V	1195558	16089
V	1195633	16090
V	1195708	16091
V	1195783	16092
V	1195858	16093
V	1195933	16094
V	1196008	16095
V	1196083	16096
V	1196158	16097
V	1196233	16098
V	1196308	16099
V	1196383	16100
V	1196458	16101
V	1196533	16102
V	1196608	16103
V	1196683	16104
V	1196758	16105
V	1196833	16106
V	1196908	16107
V	1196983	16108
V	1197058	16109
V	1197133	16110
V	1197208	16111
V	1197283	16112
V	1197358	16113
V	1197433	16114
V	1197508	16115
V	1197583	16116
V	1197658	16117
V	1197733	16118
V	1197808	16119
V	1197883	16120
V	1197958	16121
V	1198033	16122
V	1198108	16123
V	1198183	16124
V	1198258	16125
V	1198333	16126
V	1198408	16127
V	1198483	16128
V	1198558	16129
V	1198633	16130
V	1198708	16131
V	1198783	16132
V	1198858	16133
V	1198933	16134
V	1199008	16135
V	1199083	16136
V	1199158	16137
V	1199233	16138
V	1199308	16139
V	1199383	16140
V	1199458	16141
V	1199533	16142
V	1199608	16143
V	1199683	16144
V	1199758	16145
V	1199833	16146
V	1199908	16147
V	1199983	16148
V	1200058	16149
V	1200133	16150
V	1200208	16151
V	1200283	16152
V	1200358	16153
V	1200433	16154
V	1200508	16155
V	1200583	16156
V	1200658	16157
V	1200733	16158
V	1200808	16159
V	1200883	16160
V	1200958	16161
V	1201033	16162
V	1201108	16163
V	1201183	16164
V	1201258	16165
V	1201333	16166
V	1201408	16167
V	1201483	16168
V	1201558	16169
V	1201633	16170
V	1201708	16171
V	1201783	16172
V	1201858	16173
V	1201933	16174
V	1202008	16175
V	1202083	16176
V	1202158	16177
V	1202233	16178
V	1202308	16179
V	1202383	16180
V	1202458	16181
V	1202533	16182
V	1202608	16183
V	1202683	16184
V	1202758	16185
V	1202833	16186
V	1202908	16187
V	1202983	16188
V	1203058	16189
V	1203133	16190
V	1203208	16191
V	1203283	16192
V	1203358	16193
V	1203433	16194
V	1203508	16195
V	1203583	16196
V	1203658	16197
V	1203733	16198
V	1203808	16199
V	1203883	16200
V	1203958	16201
V	1204033	16202
V	1204108	16203
V	1204183	16204
V	1204258	16205
V	1204333	16206
V	1204408	16207
V	1204483	16208
V	1204558	16209
V	1204633	16210
V	1204708	16211
V	1204783	16212
V	1204858	16213
V	1204933	16214
V	1205008	16215
V	1205083	16216
V	1205158	16217
V	1205233	16218
V	1205308	16219
V	1205383	16220
V	1205458	16221
V	1205533	16222
V	1205608	16223
V	1205683	16224
V	1205758	16225
V	1205833	16226
V	1205908	16227
V	1205983	16228
V	1206058	16229
V	1206133	16230
V	1206208	16231
V	1206283	16232
V	1206358	16233
V	1206433	16234
V	1206508	16235
V	1206583	16236
V	1206658	16237
V	1206733	16238
V	1206808	16239
V	1206883	16240
V	1206958	16241
V	1207033	16242
V	1207108	16243
V	1207183	16244
V	1207258	16245
V	1207333	16246
V	1207408	16247
V	1207483	16248
V	1207558	16249
V	1207633	16250
V	1207708	16251
V	1207783	16252
V	1207858	16253
V	1207933	16254
V	1208008	16255
V	1208083	16256
V	1208158	16257
V	1208233	16258
V	1208308	16259
V	1208383	16260
V	1208458	16261
V	1208533	16262
V	1208608	16263
V	1208683	16264
V	1208758	16265
V	1208833	16266
V	1208908	16267
V	1208983	16268
V	1209058	16269
V	1209133	16270
V	1209208	16271
V	1209283	16272
V	1209358	16273
V	1209433	16274
V	1209508	16275
V	1209583	16276
V	1209658	16277
V	1209733	16278
V	1209808	16279
V	1209883	16280
V	1209958	16281
V	1210033	16282
V	1210108	16283
V	1210183	16284
V	1210258	16285
V	1210333	16286
V	1210408	16287
V	1210483	16288
V	1210558	16289
V	1210633	16290
V	1210708	16291
V	1210783	16292
V	1210858	16293
V	1210933	16294
V	1211008	16295
V	1211083	16296
V	1211158	16297
V	1211233	16298
V	1211308	16299
V	1211383	16300
V	1211458	16301
V	1211533	16302
V	1211608	16303
V	1211683	16304
V	1211758	16305
V	1211833	16306
V	1211908	16307
V	1211983	16308
V	1212058	16309
V	1212133	16310
V	1212208	16311
V	1212283	16312
V	1212358	16313
V	1212433	16314
V	1212508	16315
V	1212583	16316
V	1212658	16317
V	1212733	16318
V	1212808	16319
V	1212883	16320
V	1212958	16321
V	1213033	16322
V	1213108	16323
V	1213183	16324
V	1213258	16325
V	1213333	16326
V	1213408	16327
V	1213483	16328
V	1213558	16329
V	1213633	16330
V	1213708	16331
V	1213783	16332
V	1213858	16333
V	1213933	16334
V	1214008	16335
V	1214083	16336
V	1214158	16337
V	1214233	16338
V	1214308	16339
V	1214383	16340
V	1214458	16341
V	1214533	16342
V	1214608	16343
V	1214683	16344
V	1214758	16345
V	1214833	16346
V	1214908	16347
V	1214983	16348
V	1215058	16349
V	1215133	16350
V	1215208	16351
V	1215283	16352
V	1215358	16353
V	1215433	16354
V	1215508	16355
V	1215583	16356
V	1215658	16357
V	1215733	16358
V	1215808	16359
V	1215883	16360
V	1215958	16361
V	1216033	16362
V	1216108	16363
V	1216183	16364
V	1216258	16365
V	1216333	16366
V	1216408	16367
V	1216483	16368
V	1216558	16369
V	1216633	16370
V	1216708	16371
V	1216783	16372
V	1216858	16373
V	1216933	16374
V	1217008	16375
V	1217083	16376
V	1217158	16377
V	1217233	16378
V	1217308	16379
V	1217383	16380
V	1217458	16381
V	1217533	16382
V	1217608	16383
V	1217683	16384
V	1217758	16385
V	1217833	16386
V	1217908	16387
V	1217983	16388
V	1218058	16389
V	1218133	16390
V	1218208	16391
V	1218283	16392
V	1218358	16393
V	1218433	16394
V	1218508	16395
V	1218583	16396
V	1218658	16397
V	1218733	16398
V	1218808	16399
V	1218883	16400
V	1218958	16401
V	1219033	16402
V	1219108	16403
V	1219183	16404
V	1219258	16405
V	1219333	16406
V	1219408	16407
V	1219483	16408
V	1219558	16409
V	1219633	16410
V	1219708	16411
V	1219783	16412
V	1219858	16413
V	1219933	16414
V	1220008	16415
V	1220083	16416
V	1220158	16417
V	1220233	16418
V	1220308	16419
V	1220383	16420
V	1220458	16421
V	1220533	16422
V	1220608	16423
V	1220683	16424
V	1220758	16425
V	1220833	16426
V	1220908	16427
V	1220983	16428
V	1221058	16429
V	1221133	16430
V	1221208	16431
V	1221283	16432
V	1221358	16433
V	1221433	16434
V	1221508	16435
V	1221583	16436
V	1221658	16437
V	1221733	16438
V	1221808	16439
V	1221883	16440
V	1221958	16441
V	1222033	16442
V	1222108	16443
V	1222183	16444
V	1222258	16445
V	1222333	16446
V	1222408	16447
V	1222483	16448
V	1222558	16449
V	1222633	16450
V	1222708	16451
V	1222783	16452
V	1222858	16453
V	1222933	16454
V	1223008	16455
V	1223083	16456
V	1223158	16457
V	1223233	16458
V	1223308	16459
V	1223383	16460
V	1223458	16461
V	1223533	16462
V	1223608	16463
V	1223683	16464
V	1223758	16465
V	1223833	16466
V	1223908	16467
V	1223983	16468
V	1224058	16469
V	1224133	16470
V	1224208	16471
V	1224283	16472
V	1224358	16473
V	1224433	16474
V	1224508	16475
V	1224583	16476
V	1224658	16477
V	1224733	16478
V	1224808	16479
V	1224883	16480
V	1224958	16481
V	1225033	16482
V	1225108	16483
V	1225183	16484
V	1225258	16485
V	1225333	16486
V	1225408	16487
V	1225483	16488
V	1225558	16489
V	1225633	16490
V	1225708	16491
V	1225783	16492
V	1225858	16493
V	1225933	16494
V	1226008	16495
V	1226083	16496
V	1226158	16497
V	1226233	16498
V	1226308	16499
V	1226383	16500
V	1226458	16501
V	1226533	16502
V	1226608	16503
V	1226683	16504
V	1226758	16505
V	1226833	16506
V	1226908	16507
V	1226983	16508
V	1227058	16509
V	1227133	16510
V	1227208	16511
V	1227283	16512
V	1227358	16513
V	1227433	16514
V	1227508	16515
V	1227583	16516
V	1227658	16517
V	1227733	16518
V	1227808	16519
V	1227883	16520
V	1227958	16521
V	1228033	16522
V	1228108	16523
V	1228183	16524
V	1228258	16525
V	1228333	16526
V	1228408	16527
V	1228483	16528
V	1228558	16529
V	1228633	16530
V	1228708	16531
V	1228783	16532
V	1228858	16533
V	1228933	16534
V	1229008	16535
V	1229083	16536
V	1229158	16537
V	1229233	16538
V	1229308	16539
V	1229383	16540
V	1229458	16541
V	1229533	16542
V	1229608	16543
V	1229683	16544
V	1229758	16545
V	1229833	16546
V	1229908	16547
V	1229983	16548
V	1230058	16549
V	1230133	16550
V	1230208	16551
V	1230283	16552
V	1230358	16553
V	1230433	16554
V	1230508	16555
V	1230583	16556
V	1230658	16557
V	1230733	16558
V	1230808	16559
V	1230883	16560
V	1230958	16561
V	1231033	16562
V	1231108	16563
V	1231183	16564
V	1231258	16565
V	1231333	16566
V	1231408	16567
V	1231483	16568
V	1231558	16569
V	1231633	16570
V	1231708	16571
V	1231783	16572
V	1231858	16573
V	1231933	16574
V	1232008	16575
V	1232083	16576
V	1232158	16577
V	1232233	16578
V	1232308	16579
V	1232383	16580
V	1232458	16581
V	1232533	16582
V	1232608	16583
V	1232683	16584
V	1232758	16585
V	1232833	16586
V	1232908	16587
V	1232983	16588
V	1233058	16589
V	1233133	16590
V	1233208	16591
V	1233283	16592
V	1233358	16593
V	1233433	16594
V	1233508	16595
V	1233583	16596
V	1233658	16597
V	1233733	16598
V	1233808	16599
V	1233883	16600
V	1233958	16601
V	1234033	16602
V	1234108	16603
V	1234183	16604
V	1234258	16605
V	1234333	16606
V	1234408	16607
V	1234483	16608
V	1234558	16609
V	1234633	16610
V	1234708	16611
V	1234783	16612
V	1234858	16613
V	1234933	16614
V	1235008	16615
V	1235083	16616
V	1235158	16617
V	1235233	16618
V	1235308	16619
V	1235383	16620
V	1235458	16621
V	1235533	16622
V	1235608	16623
V	1235683	16624
V	1235758	16625
V	1235833	16626
V	1235908	16627
V	1235983	16628
V	1236058	16629
V	1236133	16630
V	1236208	16631
V	1236283	16632
V	1236358	16633
V	1236433	16634
V	1236508	16635
V	1236583	16636
V	1236658	16637
V	1236733	16638
V	1236808	16639
V	1236883	16640
V	1236958	16641
V	1237033	16642
V	1237108	16643
V	1237183	16644
V	1237258	16645
V	1237333	16646
V	1237408	16647
V	1237483	16648
V	1237558	16649
V	1237633	16650
V	1237708	16651
V	1237783	16652
V	1237858	16653
V	1237933	16654
V	1238008	16655
V	1238083	16656
V	1238158	16657
V	1238233	16658
V	1238308	16659
V	1238383	16660
V	1238458	16661
V	1238533	16662
V	1238608	16663
V	1238683	16664
V	1238758	16665
V	1238833	16666
V	1238908	16667
V	1238983	16668
V	1239058	16669
V	1239133	16670
V	1239208	16671
V	1239283	16672
V	1239358	16673
V	1239433	16674
V	1239508	16675
V	1239583	16676
V	1239658	16677
V	1239733	16678
V	1239808	16679
V	1239883	16680
V	1239958	16681
V	1240033	16682
V	1240108	16683
V	1240183	16684
V	1240258	16685
V	1240333	16686
V	1240408	16687
V	1240483	16688
V	1240558	16689
V	1240633	16690
V	1240708	16691
V	1240783	16692
V	1240858	16693
V	1240933	16694
V	1241008	16695
V	1241083	16696
V	1241158	16697
V	1241233	16698
V	1241308	16699
V	1241383	16700
V	1241458	16701
V	1241533	16702
V	1241608	16703
V	1241683	16704
V	1241758	16705
V	1241833	16706
V	1241908	16707
V	1241983	16708
V	1242058	16709
V	1242133	16710
V	1242208	16711
V	1242283	16712
V	1242358	16713
V	1242433	16714
V	1242508	16715
V	1242583	16716
V	1242658	16717
V	1242733	16718
V	1242808	16719
V	1242883	16720
V	1242958	16721
V	1243033	16722
V	1243108	16723
V	1243183	16724
V	1243258	16725
V	1243333	16726
V	1243408	16727
V	1243483	16728
V	1243558	16729
V	1243633	16730
V	1243708	16731
V	1243783	16732
V	1243858	16733
V	1243933	16734
V	1244008	16735
V	1244083	16736
V	1244158	16737
V	1244233	16738
V	1244308	16739
V	1244383	16740
V	1244458	16741
V	1244533	16742
V	1244608	16743
V	1244683	16744
V	1244758	16745
V	1244833	16746
V	1244908	16747
V	1244983	16748
V	1245058	16749
V	1245133	16750
V	1245208	16751
V	1245283	16752
V	1245358	16753
V	1245433	16754
V	1245508	16755
V	1245583	16756
V	1245658	16757
V	1245733	16758
V	1245808	16759
V	1245883	16760
V	1245958	16761
V	1246033	16762
V	1246108	16763
V	1246183	16764
V	1246258	16765
V	1246333	16766
V	1246408	16767
V	1246483	16768
V	1246558	16769
V	1246633	16770
V	1246708	16771
V	1246783	16772
V	1246858	16773
V	1246933	16774
V	1247008	16775
V	1247083	16776
V	1247158	16777
V	1247233	16778
V	1247308	16779
V	1247383	16780
V	1247458	16781
V	1247533	16782
V	1247608	16783
V	1247683	16784
V	1247758	16785
V	1247833	16786
V	1247908	16787
V	1247983	16788
V	1248058	16789
V	1248133	16790
V	1248208	16791
V	1248283	16792
V	1248358	16793
V	1248433	16794
V	1248508	16795
V	1248583	16796
V	1248658	16797
V	1248733	16798
V	1248808	16799
V	1248883	16800
V	1248958	16801
V	1249033	16802
V	1249108	16803
V	1249183	16804
V	1249258	16805
V	1249333	16806
V	1249408	16807
V	1249483	16808
V	1249558	16809
V	1249633	16810
V	1249708	16811
V	1249783	16812
V	1249858	16813
V	1249933	16814
V	1250008	16815
V	1250083	16816
V	1250158	16817
V	1250233	16818
V	1250308	16819
V	1250383	16820
V	1250458	16821
V	1250533	16822
V	1250608	16823
V	1250683	16824
V	1250758	16825
V	1250833	16826
V	1250908	16827
V	1250983	16828
V	1251058	16829
V	1251133	16830
V	1251208	16831
V	1251283	16832
V	1251358	16833
V	1251433	16834
V	1251508	16835
V	1251583	16836
V	1251658	16837
V	1251733	16838
V	1251808	16839
V	1251883	16840
V	1251958	16841
V	1252033	16842
V	1252108	16843
V	1252183	16844
V	1252258	16845
V	1252333	16846
V	1252408	16847
V	1252483	16848
V	1252558	16849
V	1252633	16850
V	1252708	16851
V	1252783	16852
V	1252858	16853
V	1252933	16854
V	1253008	16855
V	1253083	16856
V	1253158	16857
V	1253233	16858
V	1253308	16859
V	1253383	16860
V	1253458	16861
V	1253533	16862
V	1253608	16863
V	1253683	16864
V	1253758	16865
V	1253833	16866
V	1253908	16867
V	1253983	16868
V	1254058	16869
V	1254133	16870
V	1254208	16871
V	1254283	16872
V	1254358	16873
V	1254433	16874
V	1254508	16875
V	1254583	16876
V	1254658	16877
V	1254733	16878
V	1254808	16879
V	1254883	16880
V	1254958	16881
V	1255033	16882
V	1255108	16883
V	1255183	16884
V	1255258	16885
V	1255333	16886
V	1255408	16887
V	1255483	16888
V	1255558	16889
V	1255633	16890
V	1255708	16891
V	1255783	16892
V	1255858	16893
V	1255933	16894
V	1256008	16895
V	1256083	16896
V	1256158	16897
V	1256233	16898
V	1256308	16899
V	1256383	16900
V	1256458	16901
V	1256533	16902
V	1256608	16903
V	1256683	16904
V	1256758	16905
V	1256833	16906
V	1256908	16907
V	1256983	16908
V	1257058	16909
V	1257133	16910
V	1257208	16911
V	1257283	16912
V	1257358	16913
V	1257433	16914
V	1257508	16915
V	1257583	16916
V	1257658	16917
V	1257733	16918
V	1257808	16919
V	1257883	16920
V	1257958	16921
V	1258033	16922
V	1258108	16923
V	1258183	16924
V	1258258	16925
V	1258333	16926
V	1258408	16927
V	1258483	16928
V	1258558	16929
V	1258633	16930
V	1258708	16931
V	1258783	16932
V	1258858	16933
V	1258933	16934
V	1259008	16935
V	1259083	16936
V	1259158	16937
V	1259233	16938
V	1259308	16939
V	1259383	16940
V	1259458	16941
V	1259533	16942
V	1259608	16943
V	1259683	16944
V	1259758	16945
V	1259833	16946
V	1259908	16947
V	1259983	16948
V	1260058	16949
V	1260133	16950
V	1260208	16951
V	1260283	16952
V	1260358	16953
V	1260433	16954
V	1260508	16955
V	1260583	16956
V	1260658	16957
V	1260733	16958
V	1260808	16959
V	1260883	16960
V	1260958	16961
V	1261033	16962
V	1261108	16963
V	1261183	16964
V	1261258	16965
V	1261333	16966
V	1261408	16967
V	1261483	16968
V	1261558	16969
V	1261633	16970
V	1261708	16971
V	1261783	16972
V	1261858	16973
V	1261933	16974
V	1262008	16975
V	1262083	16976
V	1262158	16977
V	1262233	16978
V	1262308	16979
V	1262383	16980
V	1262458	16981
V	1262533	16982
V	1262608	16983
V	1262683	16984
V	1262758	16985
V	1262833	16986
V	1262908	16987
V	1262983	16988
V	1263058	16989
V	1263133	16990
V	1263208	16991
V	1263283	16992
V	1263358	16993
V	1263433	16994
V	1263508	16995
V	1263583	16996
V	1263658	16997
V	1263733	16998
V	1263808	16999
V	1263883	17000
V	1263958	17001
V	1264033	17002
V	1264108	17003
V	1264183	17004
V	1264258	17005
V	1264333	17006
V	1264408	17007
V	1264483	17008
V	1264558	17009
V	1264633	17010
V	1264708	17011
V	1264783	17012
V	1264858	17013
V	1264933	17014
V	1265008	17015
V	1265083	17016
V	1265158	17017
V	1265233	17018
V	1265308	17019
V	1265383	17020
V	1265458	17021
V	1265533	17022
V	1265608	17023
V	1265683	17024
V	1265758	17025
V	1265833	17026
V	1265908	17027
V	1265983	17028
V	1266058	17029
V	1266133	17030
V	1266208	17031
V	1266283	17032
V	1266358	17033
V	1266433	17034
V	1266508	17035
V	1266583	17036
V	1266658	17037
V	1266733	17038
V	1266808	17039
V	1266883	17040
V	1266958	17041
V	1267033	17042
V	1267108	17043
V	1267183	17044
V	1267258	17045
V	1267333	17046
V	1267408	17047
V	1267483	17048
V	1267558	17049
V	1267633	17050
V	1267708	17051
V	1267783	17052
V	1267858	17053
V	1267933	17054
V	1268008	17055
V	1268083	17056
V	1268158	17057
V	1268233	17058
V	1268308	17059
V	1268383	17060
V	1268458	17061
V	1268533	17062
V	1268608	17063
V	1268683	17064
V	1268758	17065
V	1268833	17066
V	1268908	17067
V	1268983	17068
V	1269058	17069
V	1269133	17070
V	1269208	17071
V	1269283	17072
V	1269358	17073
V	1269433	17074
V	1269508	17075
V	1269583	17076
V	1269658	17077
V	1269733	17078
V	1269808	17079
V	1269883	17080
V	1269958	17081
V	1270033	17082
V	1270108	17083
V	1270183	17084
V	1270258	17085
V	1270333	17086
V	1270408	17087
V	1270483	17088
V	1270558	17089
V	1270633	17090
V	1270708	17091
V	1270783	17092
V	1270858	17093
V	1270933	17094
V	1271008	17095
V	1271083	17096
V	1271158	17097
V	1271233	17098
V	1271308	17099
V	1271383	17100
V	1271458	17101
V	1271533	17102
V	1271608	17103
V	1271683	17104
V	1271758	17105
V	1271833	17106
V	1271908	17107
V	1271983	17108
V	1272058	17109
V	1272133	17110
V	1272208	17111
V	1272283	17112
V	1272358	17113
V	1272433	17114
V	1272508	17115
V	1272583	17116
V	1272658	17117
V	1272733	17118
V	1272808	17119
V	1272883	17120
V	1272958	17121
V	1273033	17122
V	1273108	17123
V	1273183	17124
V	1273258	17125
V	1273333	17126
V	1273408	17127
V	1273483	17128
V	1273558	17129
V	1273633	17130
V	1273708	17131
V	1273783	17132
V	1273858	17133
V	1273933	17134
V	1274008	17135
V	1274083	17136
V	1274158	17137
V	1274233	17138
V	1274308	17139
V	1274383	17140
V	1274458	17141
V	1274533	17142
V	1274608	17143
V	1274683	17144
V	1274758	17145
V	1274833	17146
V	1274908	17147
V	1274983	17148
V	1275058	17149
V	1275133	17150
V	1275208	17151
V	1275283	17152
V	1275358	17153
V	1275433	17154
V	1275508	17155
V	1275583	17156
V	1275658	17157
V	1275733	17158
V	1275808	17159
V	1275883	17160
V	1275958	17161
V	1276033	17162
V	1276108	17163
V	1276183	17164
V	1276258	17165
V	1276333	17166
V	1276408	17167
V	1276483	17168
V	1276558	17169
V	1276633	17170
V	1276708	17171
V	1276783	17172
V	1276858	17173
V	1276933	17174
V	1277008	17175
V	1277083	17176
V	1277158	17177
V	1277233	17178
V	1277308	17179
V	1277383	17180
V	1277458	17181
V	1277533	17182
V	1277608	17183
V	1277683	17184
V	1277758	17185
V	1277833	17186
V	1277908	17187
V	1277983	17188
V	1278058	17189
V	1278133	17190
V	1278208	17191
V	1278283	17192
V	1278358	17193
V	1278433	17194
V	1278508	17195
V	1278583	17196
V	1278658	17197
V	1278733	17198
V	1278808	17199
V	1278883	17200
V	1278958	17201
V	1279033	17202
V	1279108	17203
V	1279183	17204
V	1279258	17205
V	1279333	17206
V	1279408	17207
V	1279483	17208
V	1279558	17209
V	1279633	17210
V	1279708	17211
V	1279783	17212
V	1279858	17213
V	1279933	17214
V	1280008	17215
V	1280083	17216
V	1280158	17217
V	1280233	17218
V	1280308	17219
V	1280383	17220
V	1280458	17221
V	1280533	17222
V	1280608	17223
V	1280683	17224
V	1280758	17225
V	1280833	17226
V	1280908	17227
V	1280983	17228
V	1281058	17229
V	1281133	17230
V	1281208	17231
V	1281283	17232
V	1281358	17233
V	1281433	17234
V	1281508	17235
V	1281583	17236
V	1281658	17237
V	1281733	17238
V	1281808	17239
V	1281883	17240
V	1281958	17241
V	1282033	17242
V	1282108	17243
V	1282183	17244
V	1282258	17245
V	1282333	17246
V	1282408	17247
V	1282483	17248
V	1282558	17249
V	1282633	17250
V	1282708	17251
V	1282783	17252
V	1282858	17253
V	1282933	17254
V	1283008	17255
V	1283083	17256
V	1283158	17257
V	1283233	17258
V	1283308	17259
V	1283383	17260
V	1283458	17261
V	1283533	17262
V	1283608	17263
V	1283683	17264
V	1283758	17265
V	1283833	17266
V	1283908	17267
V	1283983	17268
V	1284058	17269
V	1284133	17270
V	1284208	17271
V	1284283	17272
V	1284358	17273
V	1284433	17274
V	1284508	17275
V	1284583	17276
V	1284658	17277
V	1284733	17278
V	1284808	17279
V	1284883	17280
V	1284958	17281
V	1285033	17282
V	1285108	17283
V	1285183	17284
V	1285258	17285
V	1285333	17286
V	1285408	17287
V	1285483	17288
V	1285558	17289
V	1285633	17290
V	1285708	17291
V	1285783	17292
V	1285858	17293
V	1285933	17294
V	1286008	17295
V	1286083	17296
V	1286158	17297
V	1286233	17298
V	1286308	17299
V	1286383	17300
V	1286458	17301
V	1286533	17302
V	1286608	17303
V	1286683	17304
V	1286758	17305
V	1286833	17306
V	1286908	17307
V	1286983	17308
V	1287058	17309
V	1287133	17310
V	1287208	17311
V	1287283	17312
V	1287358	17313
V	1287433	17314
V	1287508	17315
V	1287583	17316
V	1287658	17317
V	1287733	17318
V	1287808	17319
V	1287883	17320
V	1287958	17321
V	1288033	17322
V	1288108	17323
V	1288183	17324
V	1288258	17325
V	1288333	17326
V	1288408	17327
V	1288483	17328
V	1288558	17329
V	1288633	17330
V	1288708	17331
V	1288783	17332
V	1288858	17333
V	1288933	17334
V	1289008	17335
V	1289083	17336
V	1289158	17337
V	1289233	17338
V	1289308	17339
V	1289383	17340
V	1289458	17341
V	1289533	17342
V	1289608	17343
V	1289683	17344
V	1289758	17345
V	1289833	17346
V	1289908	17347
V	1289983	17348
V	1290058	17349
V	1290133	17350
V	1290208	17351
V	1290283	17352
V	1290358	17353
V	1290433	17354
V	1290508	17355
V	1290583	17356
V	1290658	17357
V	1290733	17358
V	1290808	17359
V	1290883	17360
V	1290958	17361
V	1291033	17362
V	1291108	17363
V	1291183	17364
V	1291258	17365
V	1291333	17366
V	1291408	17367
V	1291483	17368
V	1291558	17369
V	1291633	17370
V	1291708	17371
V	1291783	17372
V	1291858	17373
V	1291933	17374
V	1292008	17375
V	1292083	17376
V	1292158	17377
V	1292233	17378
V	1292308	17379
V	1292383	17380
V	1292458	17381
V	1292533	17382
V	1292608	17383
V	1292683	17384
V	1292758	17385
V	1292833	17386
V	1292908	17387
V	1292983	17388
V	1293058	17389
V	1293133	17390
V	1293208	17391
V	1293283	17392
V	1293358	17393
V	1293433	17394
V	1293508	17395
V	1293583	17396
V	1293658	17397
V	1293733	17398
V	1293808	17399
V	1293883	17400
V	1293958	17401
V	1294033	17402
V	1294108	17403
V	1294183	17404
V	1294258	17405
V	1294333	17406
V	1294408	17407
V	1294483	17408
V	1294558	17409
V	1294633	17410
V	1294708	17411
V	1294783	17412
V	1294858	17413
V	1294933	17414
V	1295008	17415
V	1295083	17416
V	1295158	17417
V	1295233	17418
V	1295308	17419
V	1295383	17420
V	1295458	17421
V	1295533	17422
V	1295608	17423
V	1295683	17424
V	1295758	17425
V	1295833	17426
V	1295908	17427
V	1295983	17428
V	1296058	17429
V	1296133	17430
V	1296208	17431
V	1296283	17432
V	1296358	17433
V	1296433	17434
V	1296508	17435
V	1296583	17436
V	1296658	17437
V	1296733	17438
V	1296808	17439
V	1296883	17440
V	1296958	17441
V	1297033	17442
V	1297108	17443
V	1297183	17444
V	1297258	17445
V	1297333	17446
V	1297408	17447
V	1297483	17448
V	1297558	17449
V	1297633	17450
V	1297708	17451
V	1297783	17452
V	1297858	17453
V	1297933	17454
V	1298008	17455
V	1298083	17456
V	1298158	17457
V	1298233	17458
V	1298308	17459
V	1298383	17460
V	1298458	17461
V	1298533	17462
V	1298608	17463
V	1298683	17464
V	1298758	17465
V	1298833	17466
V	1298908	17467
V	1298983	17468
V	1299058	17469
V	1299133	17470
V	1299208	17471
V	1299283	17472
V	1299358	17473
V	1299433	17474
V	1299508	17475
V	1299583	17476
V	1299658	17477
V	1299733	17478
V	1299808	17479
V	1299883	17480
V	1299958	17481
V	1300033	17482
V	1300108	17483
V	1300183	17484
V	1300258	17485
V	1300333	17486
V	1300408	17487
V	1300483	17488
V	1300558	17489
V	1300633	17490
V	1300708	17491
V	1300783	17492
V	1300858	17493
V	1300933	17494
V	1301008	17495
V	1301083	17496
V	1301158	17497
V	1301233	17498
V	1301308	17499
V	1301383	17500
V	1301458	17501
V	1301533	17502
V	1301608	17503
V	1301683	17504
V	1301758	17505
V	1301833	17506
V	1301908	17507
V	1301983	17508
V	1302058	17509
V	1302133	17510
V	1302208	17511
V	1302283	17512
V	1302358	17513
V	1302433	17514
V	1302508	17515
V	1302583	17516
V	1302658	17517
V	1302733	17518
V	1302808	17519
V	1302883	17520
V	1302958	17521
V	1303033	17522
V	1303108	17523
V	1303183	17524
V	1303258	17525
V	1303333	17526
V	1303408	17527
V	1303483	17528
V	1303558	17529
V	1303633	17530
V	1303708	17531
V	1303783	17532
V	1303858	17533
V	1303933	17534
V	1304008	17535
V	1304083	17536
V	1304158	17537
V	1304233	17538
V	1304308	17539
V	1304383	17540
V	1304458	17541
V	1304533	17542
V	1304608	17543
V	1304683	17544
V	1304758	17545
V	1304833	17546
V	1304908	17547
V	1304983	17548
V	1305058	17549
V	1305133	17550
V	1305208	17551
V	1305283	17552
V	1305358	17553
V	1305433	17554
V	1305508	17555
V	1305583	17556
V	1305658	17557
V	1305733	17558
V	1305808	17559
V	1305883	17560
V	1305958	17561
V	1306033	17562
V	1306108	17563
V	1306183	17564
V	1306258	17565
V	1306333	17566
V	1306408	17567
V	1306483	17568
V	1306558	17569
V	1306633	17570
V	1306708	17571
V	1306783	17572
V	1306858	17573
V	1306933	17574
V	1307008	17575
V	1307083	17576
V	1307158	17577
V	1307233	17578
V	1307308	17579
V	1307383	17580
V	1307458	17581
V	1307533	17582
V	1307608	17583
V	1307683	17584
V	1307758	17585
V	1307833	17586
V	1307908	17587
V	1307983	17588
V	1308058	17589
V	1308133	17590
V	1308208	17591
V	1308283	17592
V	1308358	17593
V	1308433	17594
V	1308508	17595
V	1308583	17596
V	1308658	17597
V	1308733	17598
V	1308808	17599
V	1308883	17600
V	1308958	17601
V	1309033	17602
V	1309108	17603
V	1309183	17604
V	1309258	17605
V	1309333	17606
V	1309408	17607
V	1309483	17608
V	1309558	17609
V	1309633	17610
V	1309708	17611
V	1309783	17612
V	1309858	17613
V	1309933	17614
V	1310008	17615
V	1310083	17616
V	1310158	17617
V	1310233	17618
V	1310308	17619
V	1310383	17620
V	1310458	17621
V	1310533	17622
V	1310608	17623
V	1310683	17624
V	1310758	17625
V	1310833	17626
V	1310908	17627
V	1310983	17628
V	1311058	17629
V	1311133	17630
V	1311208	17631
V	1311283	17632
V	1311358	17633
V	1311433	17634
V	1311508	17635
V	1311583	17636
V	1311658	17637
V	1311733	17638
V	1311808	17639
V	1311883	17640
V	1311958	17641
V	1312033	17642
V	1312108	17643
V	1312183	17644
V	1312258	17645
V	1312333	17646
V	1312408	17647
V	1312483	17648
V	1312558	17649
V	1312633	17650
V	1312708	17651
V	1312783	17652
V	1312858	17653
V	1312933	17654
V	1313008	17655
V	1313083	17656
V	1313158	17657
V	1313233	17658
V	1313308	17659
V	1313383	17660
V	1313458	17661
V	1313533	17662
V	1313608	17663
V	1313683	17664
V	1313758	17665
V	1313833	17666
V	1313908	17667
V	1313983	17668
V	1314058	17669
V	1314133	17670
V	1314208	17671
V	1314283	17672
V	1314358	17673
V	1314433	17674
V	1314508	17675
V	1314583	17676
V	1314658	17677
V	1314733	17678
V	1314808	17679
V	1314883	17680
V	1314958	17681
V	1315033	17682
V	1315108	17683
V	1315183	17684
V	1315258	17685
V	1315333	17686
V	1315408	17687
V	1315483	17688
V	1315558	17689
V	1315633	17690
V	1315708	17691
V	1315783	17692
V	1315858	17693
V	1315933	17694
V	1316008	17695
V	1316083	17696
V	1316158	17697
V	1316233	17698
V	1316308	17699
V	1316383	17700
V	1316458	17701
V	1316533	17702
V	1316608	17703
V	1316683	17704
V	1316758	17705
V	1316833	17706
V	1316908	17707
V	1316983	17708
V	1317058	17709
V	1317133	17710
V	1317208	17711
V	1317283	17712
V	1317358	17713
V	1317433	17714
V	1317508	17715
V	1317583	17716
V	1317658	17717
V	1317733	17718
V	1317808	17719
V	1317883	17720
V	1317958	17721
V	1318033	17722
V	1318108	17723
V	1318183	17724
V	1318258	17725
V	1318333	17726
V	1318408	17727
V	1318483	17728
V	1318558	17729
V	1318633	17730
V	1318708	17731
V	1318783	17732
V	1318858	17733
V	1318933	17734
V	1319008	17735
V	1319083	17736
V	1319158	17737
V	1319233	17738
V	1319308	17739
V	1319383	17740
V	1319458	17741
V	1319533	17742
V	1319608	17743
V	1319683	17744
V	1319758	17745
V	1319833	17746
V	1319908	17747
V	1319983	17748
V	1320058	17749
V	1320133	17750
V	1320208	17751
V	1320283	17752
V	1320358	17753
V	1320433	17754
V	1320508	17755
V	1320583	17756
V	1320658	17757
V	1320733	17758
V	1320808	17759
V	1320883	17760
V	1320958	17761
V	1321033	17762
V	1321108	17763
V	1321183	17764
V	1321258	17765
V	1321333	17766
V	1321408	17767
V	1321483	17768
V	1321558	17769
V	1321633	17770
V	1321708	17771
V	1321783	17772
V	1321858	17773
V	1321933	17774
V	1322008	17775
V	1322083	17776
V	1322158	17777
V	1322233	17778
V	1322308	17779
V	1322383	17780
V	1322458	17781
V	1322533	17782
V	1322608	17783
V	1322683	17784
V	1322758	17785
V	1322833	17786
V	1322908	17787
V	1322983	17788
V	1323058	17789
V	1323133	17790
V	1323208	17791
V	1323283	17792
V	1323358	17793
V	1323433	17794
V	1323508	17795
V	1323583	17796
V	1323658	17797
V	1323733	17798
V	1323808	17799
V	1323883	17800
V	1323958	17801
V	1324033	17802
V	1324108	17803
V	1324183	17804
V	1324258	17805
V	1324333	17806
V	1324408	17807
V	1324483	17808
V	1324558	17809
V	1324633	17810
V	1324708	17811
V	1324783	17812
V	1324858	17813
V	1324933	17814
V	1325008	17815
V	1325083	17816
V	1325158	17817
V	1325233	17818
V	1325308	17819
V	1325383	17820
V	1325458	17821
V	1325533	17822
V	1325608	17823
V	1325683	17824
V	1325758	17825
V	1325833	17826
V	1325908	17827
V	1325983	17828
V	1326058	17829
V	1326133	17830
V	1326208	17831
V	1326283	17832
V	1326358	17833
V	1326433	17834
V	1326508	17835
V	1326583	17836
V	1326658	17837
V	1326733	17838
V	1326808	17839
V	1326883	17840
V	1326958	17841
V	1327033	17842
V	1327108	17843
V	1327183	17844
V	1327258	17845
V	1327333	17846
V	1327408	17847
V	1327483	17848
V	1327558	17849
V	1327633	17850
V	1327708	17851
V	1327783	17852
V	1327858	17853
V	1327933	17854
V	1328008	17855
V	1328083	17856
V	1328158	17857
V	1328233	17858
V	1328308	17859
V	1328383	17860
V	1328458	17861
V	1328533	17862
V	1328608	17863
V	1328683	17864
V	1328758	17865
V	1328833	17866
V	1328908	17867
V	1328983	17868
V	1329058	17869
V	1329133	17870
V	1329208	17871
V	1329283	17872
V	1329358	17873
V	1329433	17874
V	1329508	17875
V	1329583	17876
V	1329658	17877
V	1329733	17878
V	1329808	17879
V	1329883	17880
V	1329958	17881
V	1330033	17882
V	1330108	17883
V	1330183	17884
V	1330258	17885
V	1330333	17886
V	1330408	17887
V	1330483	17888
V	1330558	17889
V	1330633	17890
V	1330708	17891
V	1330783	17892
V	1330858	17893
V	1330933	17894
V	1331008	17895
V	1331083	17896
V	1331158	17897
V	1331233	17898
V	1331308	17899
V	1331383	17900
V	1331458	17901
V	1331533	17902
V	1331608	17903
V	1331683	17904
V	1331758	17905
V	1331833	17906
V	1331908	17907
V	1331983	17908
V	1332058	17909
V	1332133	17910
V	1332208	17911
V	1332283	17912
V	1332358	17913
V	1332433	17914
V	1332508	17915
V	1332583	17916
V	1332658	17917
V	1332733	17918
V	1332808	17919
V	1332883	17920
V	1332958	17921
V	1333033	17922
V	1333108	17923
V	1333183	17924
V	1333258	17925
V	1333333	17926
V	1333408	17927
V	1333483	17928
V	1333558	17929
V	1333633	17930
V	1333708	17931
V	1333783	17932
V	1333858	17933
V	1333933	17934
V	1334008	17935
V	1334083	17936
V	1334158	17937
V	1334233	17938
V	1334308	17939
V	1334383	17940
V	1334458	17941
V	1334533	17942
V	1334608	17943
V	1334683	17944
V	1334758	17945
V	1334833	17946
V	1334908	17947
V	1334983	17948
V	1335058	17949
V	1335133	17950
V	1335208	17951
V	1335283	17952
V	1335358	17953
V	1335433	17954
V	1335508	17955
V	1335583	17956
V	1335658	17957
V	1335733	17958
V	1335808	17959
V	1335883	17960
V	1335958	17961
V	1336033	17962
V	1336108	17963
V	1336183	17964
V	1336258	17965
V	1336333	17966
V	1336408	17967
V	1336483	17968
V	1336558	17969
V	1336633	17970
V	1336708	17971
V	1336783	17972
V	1336858	17973
V	1336933	17974
V	1337008	17975
V	1337083	17976
V	1337158	17977
V	1337233	17978
V	1337308	17979
V	1337383	17980
V	1337458	17981
V	1337533	17982
V	1337608	17983
V	1337683	17984
V	1337758	17985
V	1337833	17986
V	1337908	17987
V	1337983	17988
V	1338058	17989
V	1338133	17990
V	1338208	17991
V	1338283	17992
V	1338358	17993
V	1338433	17994
V	1338508	17995
V	1338583	17996
V	1338658	17997
V	1338733	17998
V	1338808	17999
V	1338883	18000
V	1338958	18001
V	1339033	18002
V	1339108	18003
V	1339183	18004
V	1339258	18005
V	1339333	18006
V	1339408	18007
V	1339483	18008
V	1339558	18009
V	1339633	18010
V	1339708	18011
V	1339783	18012
V	1339858	18013
V	1339933	18014
V	1340008	18015
V	1340083	18016
V	1340158	18017
V	1340233	18018
V	1340308	18019
V	1340383	18020
V	1340458	18021
V	1340533	18022
V	1340608	18023
V	1340683	18024
V	1340758	18025
V	1340833	18026
V	1340908	18027
V	1340983	18028
V	1341058	18029
V	1341133	18030
V	1341208	18031
V	1341283	18032
V	1341358	18033
V	1341433	18034
V	1341508	18035
V	1341583	18036
V	1341658	18037
V	1341733	18038
V	1341808	18039
V	1341883	18040
V	1341958	18041
V	1342033	18042
V	1342108	18043
V	1342183	18044
V	1342258	18045
V	1342333	18046
V	1342408	18047
V	1342483	18048
V	1342558	18049
V	1342633	18050
V	1342708	18051
V	1342783	18052
V	1342858	18053
V	1342933	18054
V	1343008	18055
V	1343083	18056
V	1343158	18057
V	1343233	18058
V	1343308	18059
V	1343383	18060
V	1343458	18061
V	1343533	18062
V	1343608	18063
V	1343683	18064
V	1343758	18065
V	1343833	18066
V	1343908	18067
V	1343983	18068
V	1344058	18069
V	1344133	18070
V	1344208	18071
V	1344283	18072
V	1344358	18073
V	1344433	18074
V	1344508	18075
V	1344583	18076
V	1344658	18077
V	1344733	18078
V	1344808	18079
V	1344883	18080
V	1344958	18081
V	1345033	18082
V	1345108	18083
V	1345183	18084
V	1345258	18085
V	1345333	18086
V	1345408	18087
V	1345483	18088
V	1345558	18089
V	1345633	18090
V	1345708	18091
V	1345783	18092
V	1345858	18093
V	1345933	18094
V	1346008	18095
V	1346083	18096
V	1346158	18097
V	1346233	18098
V	1346308	18099
V	1346383	18100
V	1346458	18101
V	1346533	18102
V	1346608	18103
V	1346683	18104
V	1346758	18105
V	1346833	18106
V	1346908	18107
V	1346983	18108
V	1347058	18109
V	1347133	18110
V	1347208	18111
V	1347283	18112
V	1347358	18113
V	1347433	18114
V	1347508	18115
V	1347583	18116
V	1347658	18117
V	1347733	18118
V	1347808	18119
V	1347883	18120
V	1347958	18121
V	1348033	18122
V	1348108	18123
V	1348183	18124
V	1348258	18125
V	1348333	18126
V	1348408	18127
V	1348483	18128
V	1348558	18129
V	1348633	18130
V	1348708	18131
V	1348783	18132
V	1348858	18133
V	1348933	18134
V	1349008	18135
V	1349083	18136
V	1349158	18137
V	1349233	18138
V	1349308	18139
V	1349383	18140
V	1349458	18141
V	1349533	18142
V	1349608	18143
V	1349683	18144
V	1349758	18145
V	1349833	18146
V	1349908	18147
V	1349983	18148
V	1350058	18149
V	1350133	18150
V	1350208	18151
V	1350283	18152
V	1350358	18153
V	1350433	18154
V	1350508	18155
V	1350583	18156
V	1350658	18157
V	1350733	18158
V	1350808	18159
V	1350883	18160
V	1350958	18161
V	1351033	18162
V	1351108	18163
V	1351183	18164
V	1351258	18165
V	1351333	18166
V	1351408	18167
V	1351483	18168
V	1351558	18169
V	1351633	18170
V	1351708	18171
V	1351783	18172
V	1351858	18173
V	1351933	18174
V	1352008	18175
V	1352083	18176
V	1352158	18177
V	1352233	18178
V	1352308	18179
V	1352383	18180
V	1352458	18181
V	1352533	18182
V	1352608	18183
V	1352683	18184
V	1352758	18185
V	1352833	18186
V	1352908	18187
V	1352983	18188
V	1353058	18189
V	1353133	18190
V	1353208	18191
V	1353283	18192
V	1353358	18193
V	1353433	18194
V	1353508	18195
V	1353583	18196
V	1353658	18197
V	1353733	18198
V	1353808	18199
V	1353883	18200
V	1353958	18201
V	1354033	18202
V	1354108	18203
V	1354183	18204
V	1354258	18205
V	1354333	18206
V	1354408	18207
V	1354483	18208
V	1354558	18209
V	1354633	18210
V	1354708	18211
V	1354783	18212
V	1354858	18213
V	1354933	18214
V	1355008	18215
V	1355083	18216
V	1355158	18217
V	1355233	18218
V	1355308	18219
V	1355383	18220
V	1355458	18221
V	1355533	18222
V	1355608	18223
V	1355683	18224
V	1355758	18225
V	1355833	18226
V	1355908	18227
V	1355983	18228
V	1356058	18229
V	1356133	18230
V	1356208	18231
V	1356283	18232
V	1356358	18233
V	1356433	18234
V	1356508	18235
V	1356583	18236
V	1356658	18237
V	1356733	18238
V	1356808	18239
V	1356883	18240
V	1356958	18241
V	1357033	18242
V	1357108	18243
V	1357183	18244
V	1357258	18245
V	1357333	18246
V	1357408	18247
V	1357483	18248
V	1357558	18249
V	1357633	18250
V	1357708	18251
V	1357783	18252
V	1357858	18253
V	1357933	18254
V	1358008	18255
V	1358083	18256
V	1358158	18257
V	1358233	18258
V	1358308	18259
V	1358383	18260
V	1358458	18261
V	1358533	18262
V	1358608	18263
V	1358683	18264
V	1358758	18265
V	1358833	18266
V	1358908	18267
V	1358983	18268
V	1359058	18269
V	1359133	18270
V	1359208	18271
V	1359283	18272
V	1359358	18273
V	1359433	18274
V	1359508	18275
V	1359583	18276
V	1359658	18277
V	1359733	18278
V	1359808	18279
V	1359883	18280
V	1359958	18281
V	1360033	18282
V	1360108	18283
V	1360183	18284
V	1360258	18285
V	1360333	18286
V	1360408	18287
V	1360483	18288
V	1360558	18289
V	1360633	18290
V	1360708	18291
V	1360783	18292
V	1360858	18293
V	1360933	18294
V	1361008	18295
V	1361083	18296
V	1361158	18297
V	1361233	18298
V	1361308	18299
V	1361383	18300
V	1361458	18301
V	1361533	18302
V	1361608	18303
V	1361683	18304
V	1361758	18305
V	1361833	18306
V	1361908	18307
V	1361983	18308
V	1362058	18309
V	1362133	18310
V	1362208	18311
V	1362283	18312
V	1362358	18313
V	1362433	18314
V	1362508	18315
V	1362583	18316
V	1362658	18317
V	1362733	18318
V	1362808	18319
V	1362883	18320
V	1362958	18321
V	1363033	18322
V	1363108	18323
V	1363183	18324
V	1363258	18325
V	1363333	18326
V	1363408	18327
V	1363483	18328
V	1363558	18329
V	1363633	18330
V	1363708	18331
V	1363783	18332
V	1363858	18333
V	1363933	18334
V	1364008	18335
V	1364083	18336
V	1364158	18337
V	1364233	18338
V	1364308	18339
V	1364383	18340
V	1364458	18341
V	1364533	18342
V	1364608	18343
V	1364683	18344
V	1364758	18345
V	1364833	18346
V	1364908	18347
V	1364983	18348
V	1365058	18349
V	1365133	18350
V	1365208	18351
V	1365283	18352
V	1365358	18353
V	1365433	18354
V	1365508	18355
V	1365583	18356
V	1365658	18357
V	1365733	18358
V	1365808	18359
V	1365883	18360
V	1365958	18361
V	1366033	18362
V	1366108	18363
V	1366183	18364
V	1366258	18365
V	1366333	18366
V	1366408	18367
V	1366483	18368
V	1366558	18369
V	1366633	18370
V	1366708	18371
V	1366783	18372
V	1366858	18373
V	1366933	18374
V	1367008	18375
V	1367083	18376
V	1367158	18377
V	1367233	18378
V	1367308	18379
V	1367383	18380
V	1367458	18381
V	1367523	18382
V	1367598	18383
V	1367673	18384
V	1367748	18385
V	1367823	18386
V	1367898	18387
V	1367973	18388
V	1368048	18389
V	1368123	18390
V	1368198	18391
V	1368273	18392
V	1368348	18393
V	1368423	18394
V	1368498	18395
V	1368573	18396
V	1368648	18397
V	1368723	18398
V	1368798	18399
V	1368873	18400
V	1368948	18401
V	1369023	18402
V	1369098	18403
V	1369173	18404
V	1369248	18405
V	1369323	18406
V	1369398	18407
V	1369473	18408
V	1369548	18409
V	1369623	18410
V	1369698	18411
V	1369773	18412
V	1369848	18413
V	1369923	18414
V	1369998	18415
V	1370073	18416
V	1370148	18417
V	1370223	18418
V	1370298	18419
V	1370373	18420
V	1370448	18421
V	1370523	18422
V	1370598	18423
V	1370673	18424
V	1370748	18425
V	1370823	18426
V	1370898	18427
V	1370973	18428
V	1371048	18429
V	1371123	18430
V	1371198	18431
V	1371273	18432
V	1371348	18433
V	1371423	18434
V	1371498	18435
V	1371573	18436
V	1371648	18437
V	1371723	18438
V	1371798	18439
V	1371873	18440
V	1371948	18441
V	1372023	18442
V	1372098	18443
V	1372173	18444
V	1372248	18445
V	1372323	18446
V	1372398	18447
V	1372473	18448
V	1372548	18449
V	1372623	18450
V	1372698	18451
V	1372773	18452
V	1372848	18453
V	1372923	18454
V	1372998	18455
V	1373073	18456
V	1373148	18457
V	1373223	18458
V	1373298	18459
V	1373373	18460
V	1373448	18461
V	1373523	18462
V	1373598	18463
V	1373673	18464
V	1373748	18465
V	1373823	18466
V	1373898	18467
V	1373973	18468
V	1374048	18469
V	1374123	18470
V	1374198	18471
V	1374273	18472
V	1374348	18473
V	1374423	18474
V	1374498	18475
V	1374573	18476
V	1374648	18477
V	1374723	18478
V	1374798	18479
V	1374873	18480
V	1374948	18481
V	1375023	18482
V	1375098	18483
V	1375173	18484
V	1375248	18485
V	1375323	18486
V	1375398	18487
V	1375473	18488
V	1375548	18489
V	1375623	18490
V	1375698	18491
V	1375773	18492
V	1375848	18493
V	1375923	18494
V	1375998	18495
V	1376073	18496
V	1376148	18497
V	1376223	18498
V	1376298	18499
V	1376373	18500
V	1376448	18501
V	1376523	18502
V	1376598	18503
V	1376673	18504
V	1376748	18505
V	1376823	18506
V	1376898	18507
V	1376973	18508
V	1377048	18509
V	1377123	18510
V	1377198	18511
V	1377273	18512
V	1377348	18513
V	1377423	18514
V	1377498	18515
V	1377573	18516
V	1377648	18517
V	1377723	18518
V	1377798	18519
V	1377873	18520
V	1377948	18521
V	1378023	18522
V	1378098	18523
V	1378173	18524
V	1378248	18525
V	1378323	18526
V	1378398	18527
V	1378473	18528
V	1378548	18529
V	1378623	18530
V	1378698	18531
V	1378773	18532
V	1378848	18533
V	1378923	18534
V	1378998	18535
V	1379073	18536
V	1379148	18537
V	1379223	18538
V	1379298	18539
V	1379373	18540
V	1379448	18541
V	1379523	18542
V	1379598	18543
V	1379673	18544
V	1379748	18545
V	1379823	18546
V	1379898	18547
V	1379973	18548
V	1380048	18549
V	1380123	18550
V	1380198	18551
V	1380273	18552
V	1380348	18553
V	1380423	18554
V	1380498	18555
V	1380573	18556
V	1380648	18557
V	1380723	18558
V	1380798	18559
V	1380873	18560
V	1380948	18561
V	1381023	18562
V	1381098	18563
V	1381173	18564
V	1381248	18565
V	1381323	18566
V	1381398	18567
V	1381473	18568
V	1381548	18569
V	1381623	18570
V	1381698	18571
V	1381773	18572
V	1381848	18573
V	1381923	18574
V	1381998	18575
V	1382063	18576
V	1382138	18577
V	1382213	18578
V	1382288	18579
V	1382363	18580
V	1382438	18581
V	1382513	18582
V	1382588	18583
V	1382663	18584
V	1382738	18585
V	1382813	18586
V	1382888	18587
V	1382963	18588
V	1383028	18589
V	1383103	18590
V	1383178	18591
V	1383253	18592
V	1383328	18593
V	1383403	18594
V	1383478	18595
V	1383553	18596
V	1383628	18597
V	1383703	18598
V	1383778	18599
V	1383853	18600
V	1383928	18601
V	1384003	18602
V	1384078	18603
V	1384153	18604
V	1384228	18605
V	1384303	18606
V	1384378	18607
V	1384453	18608
V	1384528	18609
V	1384603	18610
V	1384678	18611
V	1384753	18612
V	1384828	18613
V	1384903	18614
V	1384978	18615
V	1385053	18616
V	1385128	18617
V	1385203	18618
V	1385278	18619
V	1385353	18620
V	1385428	18621
V	1385503	18622
V	1385578	18623
V	1385653	18624
V	1385728	18625
V	1385803	18626
V	1385878	18627
V	1385953	18628
V	1386028	18629
V	1386103	18630
V	1386178	18631
V	1386253	18632
V	1386328	18633
V	1386403	18634
V	1386478	18635
V	1386553	18636
V	1386628	18637
V	1386703	18638
V	1386778	18639
V	1386853	18640
V	1386928	18641
V	1387003	18642
V	1387078	18643
V	1387153	18644
V	1387228	18645
V	1387303	18646
V	1387378	18647
V	1387453	18648
V	1387528	18649
V	1387603	18650
V	1387678	18651
V	1387753	18652
V	1387828	18653
V	1387903	18654
V	1387978	18655
V	1388053	18656
V	1388128	18657
V	1388203	18658
V	1388278	18659
V	1388353	18660
V	1388428	18661
V	1388503	18662
V	1388578	18663
V	1388653	18664
V	1388728	18665
V	1388803	18666
V	1388878	18667
V	1388953	18668
V	1389028	18669
V	1389103	18670
V	1389178	18671
V	1389253	18672
V	1389328	18673
V	1389393	18674
V	1389468	18675
V	1389543	18676
V	1389618	18677
V	1389693	18678
V	1389768	18679
V	1389843	18680
V	1389918	18681
V	1389993	18682
V	1390068	18683
V	1390143	18684
V	1390218	18685
V	1390293	18686
V	1390368	18687
V	1390443	18688
V	1390518	18689
V	1390593	18690
V	1390658	18691
V	1390733	18692
V	1390808	18693
V	1390883	18694
V	1390958	18695
V	1391033	18696
V	1391108	18697
V	1391183	18698
V	1391258	18699
V	1391333	18700
V	1391408	18701
V	1391483	18702
V	1391558	18703
V	1391633	18704
V	1391708	18705
V	1391783	18706
V	1391858	18707
V	1391933	18708
V	1392008	18709
V	1392083	18710
V	1392158	18711
V	1392233	18712
V	1392308	18713
V	1392383	18714
V	1392458	18715
V	1392533	18716
V	1392608	18717
V	1392683	18718
V	1392758	18719
V	1392833	18720
V	1392908	18721
V	1392983	18722
V	1393058	18723
V	1393133	18724
V	1393198	18725
V	1393273	18726
V	1393348	18727
V	1393423	18728
V	1393498	18729
V	1393573	18730
V	1393648	18731
V	1393723	18732
V	1393798	18733
V	1393873	18734
V	1393948	18735
V	1394023	18736
V	1394098	18737
V	1394173	18738
V	1394248	18739
V	1394323	18740
V	1394398	18741
V	1394463	18742
V	1394538	18743
V	1394613	18744
V	1394688	18745
V	1394763	18746
V	1394838	18747
V	1394913	18748
V	1394988	18749
V	1395063	18750
V	1395138	18751
V	1395213	18752
V	1395288	18753
V	1395363	18754
V	1395438	18755
V	1395513	18756
V	1395588	18757
V	1395663	18758
V	1395738	18759
V	1395813	18760
V	1395888	18761
V	1395963	18762
V	1396038	18763
V	1396113	18764
V	1396188	18765
V	1396263	18766
V	1396338	18767
V	1396413	18768
V	1396488	18769
V	1396563	18770
V	1396628	18771
V	1396703	18772
V	1396778	18773
V	1396853	18774
V	1396928	18775
V	1397003	18776
V	1397078	18777
V	1397153	18778
V	1397228	18779
V	1397303	18780
V	1397378	18781
V	1397453	18782
V	1397528	18783
V	1397603	18784
V	1397678	18785
V	1397753	18786
V	1397828	18787
V	1397903	18788
V	1397978	18789
V	1398053	18790
V	1398128	18791
V	1398203	18792
V	1398278	18793
V	1398353	18794
V	1398428	18795
V	1398503	18796
V	1398578	18797
V	1398653	18798
V	1398728	18799
V	1398803	18800
V	1398878	18801
V	1398953	18802
V	1399028	18803
V	1399103	18804
V	1399178	18805
V	1399253	18806
V	1399328	18807
V	1399403	18808
V	1399478	18809
V	1399553	18810
V	1399628	18811
V	1399703	18812
V	1399778	18813
V	1399853	18814
V	1399928	18815
V	1400003	18816
V	1400078	18817
V	1400153	18818
V	1400228	18819
V	1400303	18820
V	1400378	18821
V	1400453	18822
V	1400528	18823
V	1400603	18824
V	1400678	18825
V	1400753	18826
V	1400828	18827
V	1400903	18828
V	1400978	18829
V	1401053	18830
V	1401128	18831
V	1401203	18832
V	1401278	18833
V	1401353	18834
V	1401428	18835
V	1401503	18836
V	1401578	18837
V	1401653	18838
V	1401728	18839
V	1401803	18840
V	1401878	18841
V	1401953	18842
V	1402028	18843
V	1402103	18844
V	1402178	18845
V	1402253	18846
V	1402328	18847
V	1402403	18848
V	1402478	18849
V	1402553	18850
V	1402628	18851
V	1402703	18852
V	1402778	18853
V	1402853	18854
V	1402928	18855
V	1403003	18856
V	1403078	18857
V	1403153	18858
V	1403228	18859
V	1403303	18860
V	1403378	18861
V	1403453	18862
V	1403528	18863
V	1403603	18864
V	1403678	18865
V	1403753	18866
V	1403828	18867
V	1403903	18868
V	1403978	18869
V	1404053	18870
V	1404128	18871
V	1404203	18872
V	1404278	18873
V	1404353	18874
V	1404428	18875
V	1404503	18876
V	1404578	18877
V	1404653	18878
V	1404728	18879
V	1404803	18880
V	1404878	18881
V	1404953	18882
V	1405028	18883
V	1405103	18884
V	1405178	18885
V	1405253	18886
V	1405328	18887
V	1405403	18888
V	1405478	18889
V	1405553	18890
V	1405628	18891
V	1405703	18892
V	1405778	18893
V	1405853	18894
V	1405928	18895
V	1406003	18896
V	1406078	18897
V	1406153	18898
V	1406228	18899
V	1406303	18900
V	1406378	18901
V	1406453	18902
V	1406528	18903
V	1406603	18904
V	1406678	18905
V	1406753	18906
V	1406828	18907
V	1406903	18908
V	1406978	18909
V	1407053	18910
V	1407128	18911
V	1407203	18912
V	1407278	18913
V	1407353	18914
V	1407428	18915
V	1407503	18916
V	1407578	18917
V	1407653	18918
V	1407728	18919
V	1407803	18920
V	1407878	18921
V	1407953	18922
V	1408028	18923
V	1408103	18924
V	1408178	18925
V	1408253	18926
V	1408328	18927
V	1408403	18928
V	1408478	18929
V	1408553	18930
V	1408628	18931
V	1408703	18932
V	1408778	18933
V	1408853	18934
V	1408928	18935
V	1409003	18936
V	1409078	18937
V	1409153	18938
V	1409228	18939
V	1409303	18940
V	1409378	18941
V	1409453	18942
V	1409528	18943
V	1409603	18944
V	1409678	18945
V	1409753	18946
V	1409828	18947
V	1409903	18948
V	1409978	18949
V	1410053	18950
V	1410128	18951
V	1410203	18952
V	1410278	18953
V	1410353	18954
V	1410428	18955
V	1410503	18956
V	1410578	18957
V	1410653	18958
V	1410728	18959
V	1410803	18960
V	1410878	18961
V	1410953	18962
V	1411028	18963
V	1411103	18964
V	1411178	18965
V	1411253	18966
V	1411328	18967
V	1411403	18968
V	1411478	18969
V	1411553	18970
V	1411628	18971
V	1411703	18972
V	1411778	18973
V	1411853	18974
V	1411928	18975
V	1412003	18976
V	1412068	18977
V	1412143	18978
V	1412218	18979
V	1412293	18980
V	1412368	18981
V	1412443	18982
V	1412518	18983
V	1412593	18984
V	1412668	18985
V	1412743	18986
V	1412818	18987
V	1412893	18988
V	1412968	18989
V	1413043	18990
V	1413118	18991
V	1413193	18992
V	1413268	18993
V	1413343	18994
V	1413418	18995
V	1413493	18996
V	1413568	18997
V	1413643	18998
V	1413718	18999
V	1413793	19000
V	1413868	19001
V	1413943	19002
V	1414018	19003
V	1414093	19004
V	1414168	19005
V	1414243	19006
V	1414318	19007
V	1414393	19008
V	1414468	19009
V	1414543	19010
V	1414618	19011
V	1414693	19012
V	1414768	19013
V	1414843	19014
V	1414918	19015
V	1414993	19016
V	1415068	19017
V	1415143	19018
V	1415218	19019
V	1415293	19020
V	1415368	19021
V	1415443	19022
V	1415518	19023
V	1415593	19024
V	1415668	19025
V	1415743	19026
V	1415818	19027
V	1415893	19028
V	1415968	19029
V	1416043	19030
V	1416118	19031
V	1416193	19032
V	1416268	19033
V	1416343	19034
V	1416418	19035
V	1416493	19036
V	1416568	19037
V	1416643	19038
V	1416718	19039
V	1416793	19040
V	1416868	19041
V	1416943	19042
V	1417018	19043
V	1417093	19044
V	1417168	19045
V	1417243	19046
V	1417318	19047
V	1417393	19048
V	1417468	19049
V	1417543	19050
V	1417618	19051
V	1417693	19052
V	1417768	19053
V	1417843	19054
V	1417918	19055
V	1417993	19056
V	1418068	19057
V	1418143	19058
V	1418218	19059
V	1418293	19060
V	1418368	19061
V	1418443	19062
V	1418518	19063
V	1418593	19064
V	1418668	19065
V	1418743	19066
V	1418818	19067
V	1418893	19068
V	1418968	19069
V	1419043	19070
V	1419118	19071
V	1419193	19072
V	1419268	19073
V	1419343	19074
V	1419418	19075
V	1419493	19076
V	1419568	19077
V	1419643	19078
V	1419718	19079
V	1419793	19080
V	1419868	19081
V	1419943	19082
V	1420018	19083
V	1420093	19084
V	1420168	19085
V	1420243	19086
V	1420318	19087
V	1420393	19088
V	1420458	19089
V	1420533	19090
V	1420608	19091
V	1420683	19092
V	1420758	19093
V	1420833	19094
V	1420908	19095
V	1420983	19096
V	1421058	19097
V	1421133	19098
V	1421208	19099
V	1421283	19100
V	1421358	19101
V	1421423	19102
V	1421498	19103
V	1421573	19104
V	1421648	19105
V	1421723	19106
V	1421798	19107
V	1421873	19108
V	1421948	19109
V	1422023	19110
V	1422098	19111
V	1422173	19112
V	1422238	19113
V	1422313	19114
V	1422388	19115
V	1422463	19116
V	1422538	19117
V	1422613	19118
V	1422688	19119
V	1422763	19120
V	1422838	19121
V	1422913	19122
V	1422988	19123
V	1423063	19124
V	1423138	19125
V	1423213	19126
V	1423288	19127
V	1423363	19128
V	1423438	19129
V	1423513	19130
V	1423588	19131
V	1423663	19132
V	1423728	19133
V	1423803	19134
V	1423878	19135
V	1423953	19136
V	1424028	19137
V	1424103	19138
V	1424178	19139
V	1424253	19140
V	1424328	19141
V	1424403	19142
V	1424478	19143
V	1424553	19144
V	1424628	19145
V	1424703	19146
V	1424778	19147
V	1424853	19148
V	1424928	19149
V	1425003	19150
V	1425078	19151
V	1425153	19152
V	1425228	19153
V	1425303	19154
V	1425378	19155
V	1425453	19156
V	1425528	19157
V	1425603	19158
V	1425678	19159
V	1425753	19160
V	1425828	19161
V	1425903	19162
V	1425978	19163
V	1426053	19164
V	1426128	19165
V	1426203	19166
V	1426278	19167
V	1426353	19168
V	1426428	19169
V	1426503	19170
V	1426578	19171
V	1426653	19172
V	1426728	19173
V	1426803	19174
V	1426878	19175
V	1426953	19176
V	1427028	19177
V	1427103	19178
V	1427178	19179
V	1427253	19180
V	1427328	19181
V	1427403	19182
V	1427478	19183
V	1427553	19184
V	1427628	19185
V	1427703	19186
V	1427778	19187
V	1427853	19188
V	1427928	19189
V	1428003	19190
V	1428078	19191
V	1428153	19192
V	1428228	19193
V	1428303	19194
V	1428378	19195
V	1428453	19196
V	1428528	19197
V	1428603	19198
V	1428678	19199
V	1428753	19200
V	1428828	19201
V	1428903	19202
V	1428978	19203
V	1429053	19204
V	1429128	19205
V	1429203	19206
V	1429278	19207
V	1429353	19208
V	1429428	19209
V	1429503	19210
V	1429578	19211
V	1429653	19212
V	1429728	19213
V	1429803	19214
V	1429878	19215
V	1429953	19216
V	1430028	19217
V	1430103	19218
V	1430178	19219
V	1430253	19220
V	1430328	19221
V	1430403	19222
V	1430478	19223
V	1430553	19224
V	1430628	19225
V	1430703	19226
V	1430778	19227
V	1430853	19228
V	1430928	19229
V	1431003	19230
V	1431078	19231
V	1431153	19232
V	1431228	19233
V	1431303	19234
V	1431378	19235
V	1431453	19236
V	1431528	19237
V	1431603	19238
V	1431678	19239
V	1431753	19240
V	1431828	19241
V	1431903	19242
V	1431978	19243
V	1432053	19244
V	1432128	19245
V	1432203	19246
V	1432278	19247
V	1432353	19248
V	1432428	19249
V	1432503	19250
V	1432578	19251
V	1432653	19252
V	1432728	19253
V	1432803	19254
V	1432878	19255
V	1432953	19256
V	1433028	19257
V	1433103	19258
V	1433178	19259
V	1433253	19260
V	1433328	19261
V	1433403	19262
V	1433478	19263
V	1433553	19264
V	1433628	19265
V	1433703	19266
V	1433778	19267
V	1433853	19268
V	1433928	19269
V	1434003	19270
V	1434078	19271
V	1434153	19272
V	1434228	19273
V	1434303	19274
V	1434378	19275
V	1434453	19276
V	1434528	19277
V	1434603	19278
V	1434678	19279
V	1434753	19280
V	1434828	19281
V	1434903	19282
V	1434978	19283
V	1435053	19284
V	1435128	19285
V	1435203	19286
V	1435278	19287
V	1435353	19288
V	1435428	19289
V	1435503	19290
V	1435578	19291
V	1435653	19292
V	1435728	19293
V	1435803	19294
V	1435878	19295
V	1435953	19296
V	1436028	19297
V	1436103	19298
V	1436178	19299
V	1436253	19300
V	1436328	19301
V	1436403	19302
V	1436478	19303
V	1436553	19304
V	1436628	19305
V	1436703	19306
V	1436778	19307
V	1436843	19308
V	1436918	19309
V	1436993	19310
V	1437068	19311
V	1437143	19312
V	1437218	19313
V	1437293	19314
V	1437368	19315
V	1437443	19316
V	1437518	19317
V	1437593	19318
V	1437668	19319
V	1437743	19320
V	1437818	19321
V	1437893	19322
V	1437968	19323
V	1438043	19324
V	1438118	19325
V	1438193	19326
V	1438268	19327
V	1438343	19328
V	1438418	19329
V	1438493	19330
V	1438568	19331
V	1438643	19332
V	1438718	19333
V	1438793	19334
V	1438868	19335
V	1438943	19336
V	1439018	19337
V	1439083	19338
V	1439158	19339
V	1439233	19340
V	1439308	19341
V	1439383	19342
V	1439458	19343
V	1439533	19344
V	1439608	19345
V	1439683	19346
V	1439758	19347
V	1439833	19348
V	1439908	19349
V	1439983	19350
V	1440058	19351
V	1440133	19352
V	1440208	19353
V	1440283	19354
V	1440358	19355
V	1440433	19356
V	1440508	19357
V	1440583	19358
V	1440658	19359
V	1440733	19360
V	1440808	19361
V	1440883	19362
V	1440958	19363
V	1441033	19364
V	1441108	19365
V	1441183	19366
V	1441258	19367
V	1441333	19368
V	1441408	19369
V	1441483	19370
V	1441558	19371
V	1441633	19372
V	1441708	19373
V	1441783	19374
V	1441858	19375
V	1441933	19376
V	1442008	19377
V	1442083	19378
V	1442158	19379
V	1442233	19380
V	1442308	19381
V	1442383	19382
V	1442458	19383
V	1442533	19384
V	1442608	19385
V	1442683	19386
V	1442758	19387
V	1442833	19388
V	1442908	19389
V	1442983	19390
V	1443058	19391
V	1443133	19392
V	1443208	19393
V	1443283	19394
V	1443358	19395
V	1443433	19396
V	1443508	19397
V	1443583	19398
V	1443658	19399
V	1443733	19400
V	1443808	19401
V	1443883	19402
V	1443958	19403
V	1444033	19404
V	1444108	19405
V	1444183	19406
V	1444258	19407
V	1444333	19408
V	1444408	19409
V	1444483	19410
V	1444558	19411
V	1444633	19412
V	1444708	19413
V	1444783	19414
V	1444858	19415
V	1444933	19416
V	1445008	19417
V	1445083	19418
V	1445158	19419
V	1445233	19420
V	1445308	19421
V	1445383	19422
V	1445458	19423
V	1445533	19424
V	1445608	19425
V	1445683	19426
V	1445758	19427
V	1445833	19428
V	1445908	19429
V	1445983	19430
V	1446058	19431
V	1446133	19432
V	1446208	19433
V	1446283	19434
V	1446358	19435
V	1446433	19436
V	1446508	19437
V	1446583	19438
V	1446658	19439
V	1446733	19440
V	1446808	19441
V	1446883	19442
V	1446958	19443
V	1447033	19444
V	1447108	19445
V	1447183	19446
V	1447258	19447
V	1447333	19448
V	1447408	19449
V	1447483	19450
V	1447558	19451
V	1447633	19452
V	1447708	19453
V	1447783	19454
V	1447858	19455
V	1447933	19456
V	1448008	19457
V	1448083	19458
V	1448158	19459
V	1448233	19460
V	1448308	19461
V	1448383	19462
V	1448458	19463
V	1448533	19464
V	1448608	19465
V	1448683	19466
V	1448758	19467
V	1448833	19468
V	1448908	19469
V	1448983	19470
V	1449058	19471
V	1449133	19472
V	1449208	19473
V	1449283	19474
V	1449358	19475
V	1449433	19476
V	1449508	19477
V	1449583	19478
V	1449658	19479
V	1449733	19480
V	1449808	19481
V	1449883	19482
V	1449958	19483
V	1450033	19484
V	1450108	19485
V	1450183	19486
V	1450258	19487
V	1450333	19488
V	1450408	19489
V	1450483	19490
V	1450558	19491
V	1450623	19492
V	1450698	19493
V	1450773	19494
V	1450848	19495
V	1450923	19496
V	1450998	19497
V	1451073	19498
V	1451148	19499
V	1451223	19500
V	1451298	19501
V	1451373	19502
V	1451448	19503
V	1451523	19504
V	1451598	19505
V	1451673	19506
V	1451748	19507
V	1451823	19508
V	1451888	19509
V	1451963	19510
V	1452038	19511
V	1452113	19512
V	1452188	19513
V	1452263	19514
V	1452338	19515
V	1452413	19516
V	1452488	19517
V	1452563	19518
V	1452638	19519
V	1452713	19520
V	1452788	19521
V	1452863	19522
V	1452938	19523
V	1453013	19524
V	1453088	19525
V	1453163	19526
V	1453238	19527
V	1453313	19528
V	1453388	19529
V	1453463	19530
V	1453538	19531
V	1453613	19532
V	1453688	19533
V	1453763	19534
V	1453838	19535
V	1453913	19536
V	1453988	19537
V	1454063	19538
V	1454138	19539
V	1454213	19540
V	1454288	19541
V	1454363	19542
V	1454438	19543
V	1454513	19544
V	1454588	19545
V	1454663	19546
V	1454738	19547
V	1454813	19548
V	1454888	19549
V	1454963	19550
V	1455038	19551
V	1455113	19552
V	1455188	19553
V	1455263	19554
V	1455338	19555
V	1455413	19556
V	1455488	19557
V	1455563	19558
V	1455638	19559
V	1455713	19560
V	1455788	19561
V	1455863	19562
V	1455938	19563
V	1456013	19564
V	1456088	19565
V	1456163	19566
V	1456238	19567
V	1456313	19568
V	1456388	19569
V	1456463	19570
V	1456538	19571
V	1456613	19572
V	1456688	19573
V	1456763	19574
V	1456838	19575
V	1456913	19576
V	1456988	19577
V	1457063	19578
V	1457138	19579
V	1457203	19580
V	1457278	19581
V	1457353	19582
V	1457428	19583
V	1457503	19584
V	1457578	19585
V	1457653	19586
V	1457728	19587
V	1457803	19588
V	1457878	19589
V	1457953	19590
V	1458028	19591
V	1458103	19592
V	1458178	19593
V	1458253	19594
V	1458328	19595
V	1458403	19596
V	1458478	19597
V	1458553	19598
V	1458628	19599
V	1458703	19600
V	1458778	19601
V	1458853	19602
V	1458928	19603
V	1459003	19604
V	1459078	19605
V	1459153	19606
V	1459228	19607
V	1459303	19608
V	1459378	19609
V	1459443	19610
V	1459518	19611
V	1459593	19612
V	1459668	19613
V	1459743	19614
V	1459818	19615
V	1459893	19616
V	1459968	19617
V	1460043	19618
V	1460118	19619
V	1460193	19620
V	1460268	19621
V	1460343	19622
V	1460418	19623
V	1460493	19624
V	1460568	19625
V	1460643	19626
V	1460718	19627
V	1460793	19628
V	1460868	19629
V	1460943	19630
V	1461018	19631
V	1461083	19632
V	1461158	19633
V	1461233	19634
V	1461308	19635
V	1461383	19636
V	1461458	19637
V	1461533	19638
V	1461608	19639
V	1461683	19640
V	1461758	19641
V	1461833	19642
V	1461908	19643
V	1461983	19644
V	1462058	19645
V	1462133	19646
V	1462208	19647
V	1462283	19648
V	1462358	19649
V	1462433	19650
V	1462508	19651
V	1462583	19652
V	1462658	19653
V	1462733	19654
V	1462808	19655
V	1462883	19656
V	1462958	19657
V	1463033	19658
V	1463108	19659
V	1463183	19660
V	1463258	19661
V	1463333	19662
V	1463408	19663
V	1463483	19664
V	1463558	19665
V	1463633	19666
V	1463708	19667
V	1463783	19668
V	1463858	19669
V	1463933	19670
V	1464008	19671
V	1464083	19672
V	1464158	19673
V	1464233	19674
V	1464308	19675
V	1464383	19676
V	1464458	19677
V	1464533	19678
V	1464608	19679
V	1464683	19680
V	1464758	19681
V	1464833	19682
V	1464908	19683
V	1464983	19684
V	1465058	19685
V	1465133	19686
V	1465208	19687
V	1465273	19688
V	1465348	19689
V	1465423	19690
V	1465498	19691
V	1465573	19692
V	1465648	19693
V	1465723	19694
V	1465798	19695
V	1465873	19696
V	1465948	19697
V	1466023	19698
V	1466098	19699
V	1466173	19700
V	1466248	19701
V	1466323	19702
V	1466398	19703
V	1466473	19704
V	1466548	19705
V	1466623	19706
V	1466698	19707
V	1466773	19708
V	1466848	19709
V	1466923	19710
V	1466998	19711
V	1467073	19712
V	1467148	19713
V	1467223	19714
V	1467298	19715
V	1467373	19716
V	1467448	19717
V	1467523	19718
V	1467598	19719
V	1467673	19720
V	1467748	19721
V	1467823	19722
V	1467898	19723
V	1467973	19724
V	1468048	19725
V	1468123	19726
V	1468198	19727
V	1468273	19728
V	1468348	19729
V	1468423	19730
V	1468498	19731
V	1468573	19732
V	1468648	19733
V	1468723	19734
V	1468798	19735
V	1468873	19736
V	1468948	19737
V	1469023	19738
V	1469098	19739
V	1469173	19740
V	1469248	19741
V	1469323	19742
V	1469398	19743
V	1469473	19744
V	1469548	19745
V	1469623	19746
V	1469698	19747
V	1469773	19748
V	1469848	19749
V	1469923	19750
V	1469998	19751
V	1470073	19752
V	1470148	19753
V	1470223	19754
V	1470298	19755
V	1470373	19756
V	1470448	19757
V	1470523	19758
V	1470598	19759
V	1470673	19760
V	1470748	19761
V	1470823	19762
V	1470898	19763
V	1470973	19764
V	1471048	19765
V	1471123	19766
V	1471198	19767
V	1471273	19768
V	1471348	19769
V	1471423	19770
V	1471498	19771
V	1471573	19772
V	1471648	19773
V	1471723	19774
V	1471798	19775
V	1471873	19776
V	1471938	19777
V	1472013	19778
V	1472088	19779
V	1472163	19780
V	1472238	19781
V	1472313	19782
V	1472388	19783
V	1472463	19784
V	1472538	19785
V	1472613	19786
V	1472688	19787
V	1472763	19788
V	1472838	19789
V	1472913	19790
V	1472988	19791
V	1473063	19792
V	1473138	19793
V	1473203	19794
V	1473278	19795
V	1473353	19796
V	1473428	19797
V	1473503	19798
V	1473578	19799
V	1473653	19800
V	1473728	19801
V	1473803	19802
V	1473878	19803
V	1473953	19804
V	1474028	19805
V	1474103	19806
V	1474178	19807
V	1474253	19808
V	1474328	19809
V	1474403	19810
V	1474478	19811
V	1474553	19812
V	1474628	19813
V	1474703	19814
V	1474778	19815
V	1474853	19816
V	1474928	19817
V	1475003	19818
V	1475078	19819
V	1475153	19820
V	1475228	19821
V	1475303	19822
V	1475378	19823
V	1475453	19824
V	1475528	19825
V	1475603	19826
V	1475678	19827
V	1475753	19828
V	1475828	19829
V	1475903	19830
V	1475978	19831
V	1476053	19832
V	1476128	19833
V	1476203	19834
V	1476278	19835
V	1476353	19836
V	1476428	19837
V	1476503	19838
V	1476578	19839
V	1476653	19840
V	1476728	19841
V	1476803	19842
V	1476878	19843
V	1476953	19844
V	1477028	19845
V	1477103	19846
V	1477178	19847
V	1477253	19848
V	1477328	19849
V	1477403	19850
V	1477478	19851
V	1477553	19852
V	1477628	19853
V	1477703	19854
V	1477778	19855
V	1477853	19856
V	1477928	19857
V	1478003	19858
V	1478078	19859
V	1478153	19860
V	1478228	19861
V	1478303	19862
V	1478378	19863
V	1478453	19864
V	1478528	19865
V	1478603	19866
V	1478678	19867
V	1478753	19868
V	1478828	19869
V	1478903	19870
V	1478978	19871
V	1479053	19872
V	1479128	19873
V	1479203	19874
V	1479278	19875
V	1479353	19876
V	1479428	19877
V	1479503	19878
V	1479578	19879
V	1479653	19880
V	1479728	19881
V	1479803	19882
V	1479878	19883
V	1479953	19884
V	1480028	19885
V	1480103	19886
V	1480178	19887
V	1480253	19888
V	1480328	19889
V	1480403	19890
V	1480478	19891
V	1480553	19892
V	1480628	19893
V	1480703	19894
V	1480778	19895
V	1480853	19896
V	1480928	19897
V	1481003	19898
V	1481078	19899
V	1481153	19900
V	1481228	19901
V	1481303	19902
V	1481378	19903
V	1481453	19904
V	1481528	19905
V	1481603	19906
V	1481678	19907
V	1481753	19908
V	1481828	19909
V	1481903	19910
V	1481978	19911
V	1482053	19912
V	1482128	19913
V	1482203	19914
V	1482278	19915
V	1482353	19916
V	1482428	19917
V	1482503	19918
V	1482578	19919
V	1482653	19920
V	1482728	19921
V	1482803	19922
V	1482878	19923
V	1482953	19924
V	1483028	19925
V	1483103	19926
V	1483178	19927
V	1483253	19928
V	1483328	19929
V	1483403	19930
V	1483478	19931
V	1483553	19932
V	1483628	19933
V	1483703	19934
V	1483778	19935
V	1483853	19936
V	1483928	19937
V	1484003	19938
V	1484078	19939
V	1484153	19940
V	1484228	19941
V	1484303	19942
V	1484378	19943
V	1484453	19944
V	1484528	19945
V	1484603	19946
V	1484678	19947
V	1484753	19948
V	1484828	19949
V	1484903	19950
V	1484978	19951
V	1485053	19952
V	1485128	19953
V	1485203	19954
V	1485278	19955
V	1485353	19956
V	1485428	19957
V	1485503	19958
V	1485578	19959
V	1485653	19960
V	1485728	19961
V	1485803	19962
V	1485878	19963
V	1485953	19964
V	1486028	19965
V	1486103	19966
V	1486178	19967
V	1486253	19968
V	1486328	19969
V	1486403	19970
V	1486478	19971
V	1486553	19972
V	1486628	19973
V	1486703	19974
V	1486778	19975
V	1486853	19976
V	1486928	19977
V	1487003	19978
V	1487078	19979
V	1487153	19980
V	1487228	19981
V	1487303	19982
V	1487378	19983
V	1487453	19984
V	1487528	19985
V	1487603	19986
V	1487678	19987
V	1487753	19988
V	1487828	19989
V	1487903	19990
V	1487978	19991
V	1488053	19992
V	1488128	19993
V	1488203	19994
V	1488278	19995
V	1488353	19996
V	1488428	19997
V	1488503	19998
V	1488578	19999
V	1488653	20000
V	1488728	20001
V	1488803	20002
V	1488878	20003
V	1488953	20004
V	1489028	20005
V	1489103	20006
V	1489178	20007
V	1489253	20008
V	1489328	20009
V	1489403	20010
V	1489478	20011
V	1489553	20012
V	1489628	20013
V	1489703	20014
V	1489778	20015
V	1489853	20016
V	1489928	20017
V	1490003	20018
V	1490078	20019
V	1490153	20020
V	1490228	20021
V	1490303	20022
V	1490378	20023
V	1490453	20024
V	1490528	20025
V	1490603	20026
V	1490678	20027
V	1490753	20028
V	1490828	20029
V	1490903	20030
V	1490978	20031
V	1491053	20032
V	1491128	20033
V	1491203	20034
V	1491278	20035
V	1491353	20036
V	1491428	20037
V	1491503	20038
V	1491578	20039
V	1491653	20040
V	1491728	20041
V	1491803	20042
V	1491878	20043
V	1491953	20044
V	1492028	20045
V	1492103	20046
V	1492178	20047
V	1492253	20048
V	1492328	20049
V	1492403	20050
V	1492478	20051
V	1492553	20052
V	1492628	20053
V	1492703	20054
V	1492778	20055
V	1492853	20056
V	1492928	20057
V	1493003	20058
V	1493078	20059
V	1493153	20060
V	1493228	20061
V	1493303	20062
V	1493378	20063
V	1493443	20064
V	1493518	20065
V	1493593	20066
V	1493668	20067
V	1493743	20068
V	1493818	20069
V	1493893	20070
V	1493968	20071
V	1494043	20072
V	1494118	20073
V	1494193	20074
V	1494268	20075
V	1494343	20076
V	1494418	20077
V	1494493	20078
V	1494568	20079
V	1494643	20080
V	1494718	20081
V	1494793	20082
V	1494868	20083
V	1494943	20084
V	1495018	20085
V	1495093	20086
V	1495168	20087
V	1495243	20088
V	1495318	20089
V	1495393	20090
V	1495468	20091
V	1495543	20092
V	1495618	20093
V	1495693	20094
V	1495768	20095
V	1495843	20096
V	1495918	20097
V	1495993	20098
V	1496068	20099
V	1496143	20100
V	1496218	20101
V	1496293	20102
V	1496368	20103
V	1496443	20104
V	1496518	20105
V	1496593	20106
V	1496668	20107
V	1496743	20108
V	1496818	20109
V	1496893	20110
V	1496968	20111
V	1497043	20112
V	1497118	20113
V	1497193	20114
V	1497268	20115
V	1497343	20116
V	1497418	20117
V	1497493	20118
V	1497568	20119
V	1497643	20120
V	1497718	20121
V	1497793	20122
V	1497868	20123
V	1497943	20124
V	1498018	20125
V	1498093	20126
V	1498168	20127
V	1498243	20128
V	1498318	20129
V	1498393	20130
V	1498468	20131
V	1498543	20132
V	1498618	20133
V	1498693	20134
V	1498768	20135
V	1498843	20136
V	1498918	20137
V	1498993	20138
V	1499068	20139
V	1499143	20140
V	1499218	20141
V	1499293	20142
V	1499368	20143
V	1499443	20144
V	1499518	20145
V	1499593	20146
V	1499668	20147
V	1499743	20148
V	1499818	20149
V	1499893	20150
V	1499968	20151
V	1500043	20152
V	1500118	20153
V	1500193	20154
V	1500268	20155
V	1500343	20156
V	1500418	20157
V	1500493	20158
V	1500568	20159
V	1500643	20160
V	1500718	20161
V	1500793	20162
V	1500868	20163
V	1500943	20164
V	1501018	20165
V	1501093	20166
V	1501168	20167
V	1501243	20168
V	1501318	20169
V	1501393	20170
V	1501468	20171
V	1501543	20172
V	1501618	20173
V	1501693	20174
V	1501768	20175
V	1501843	20176
V	1501918	20177
V	1501993	20178
V	1502068	20179
V	1502143	20180
V	1502218	20181
V	1502293	20182
V	1502368	20183
V	1502443	20184
V	1502518	20185
V	1502593	20186
V	1502668	20187
V	1502743	20188
V	1502818	20189
V	1502883	20190
V	1502958	20191
V	1503033	20192
V	1503108	20193
V	1503183	20194
V	1503258	20195
V	1503333	20196
V	1503408	20197
V	1503483	20198
V	1503558	20199
V	1503633	20200
V	1503708	20201
V	1503783	20202
V	1503858	20203
V	1503933	20204
V	1504008	20205
V	1504083	20206
V	1504158	20207
V	1504233	20208
V	1504308	20209
V	1504383	20210
V	1504458	20211
V	1504533	20212
V	1504608	20213
V	1504683	20214
V	1504758	20215
V	1504833	20216
V	1504908	20217
V	1504983	20218
V	1505058	20219
V	1505133	20220
V	1505208	20221
V	1505283	20222
V	1505358	20223
V	1505433	20224
V	1505508	20225
V	1505583	20226
V	1505658	20227
V	1505733	20228
V	1505808	20229
V	1505883	20230
V	1505958	20231
V	1506033	20232
V	1506108	20233
V	1506183	20234
V	1506258	20235
V	1506333	20236
V	1506408	20237
V	1506483	20238
V	1506558	20239
V	1506633	20240
V	1506708	20241
V	1506783	20242
V	1506858	20243
V	1506933	20244
V	1507008	20245
V	1507083	20246
V	1507158	20247
V	1507233	20248
V	1507308	20249
V	1507383	20250
V	1507458	20251
V	1507533	20252
V	1507608	20253
V	1507683	20254
V	1507758	20255
V	1507833	20256
V	1507908	20257
V	1507983	20258
V	1508058	20259
V	1508133	20260
V	1508208	20261
V	1508283	20262
V	1508358	20263
V	1508433	20264
V	1508508	20265
V	1508583	20266
V	1508658	20267
V	1508733	20268
V	1508808	20269
V	1508883	20270
V	1508958	20271
V	1509033	20272
V	1509108	20273
V	1509183	20274
V	1509248	20275
V	1509323	20276
V	1509398	20277
V	1509473	20278
V	1509548	20279
V	1509623	20280
V	1509698	20281
V	1509773	20282
V	1509848	20283
V	1509923	20284
V	1509998	20285
V	1510073	20286
V	1510148	20287
V	1510223	20288
V	1510298	20289
V	1510373	20290
V	1510448	20291
V	1510523	20292
V	1510598	20293
V	1510673	20294
V	1510748	20295
V	1510823	20296
V	1510898	20297
V	1510973	20298
V	1511048	20299
V	1511123	20300
V	1511198	20301
V	1511273	20302
V	1511348	20303
V	1511423	20304
V	1511498	20305
V	1511573	20306
V	1511648	20307
V	1511723	20308
V	1511788	20309
V	1511863	20310
V	1511938	20311
V	1512013	20312
V	1512088	20313
V	1512163	20314
V	1512238	20315
V	1512313	20316
V	1512388	20317
V	1512463	20318
V	1512538	20319
V	1512613	20320
V	1512688	20321
V	1512763	20322
V	1512838	20323
V	1512903	20324
V	1512978	20325
V	1513053	20326
V	1513128	20327
V	1513203	20328
V	1513278	20329
V	1513353	20330
V	1513428	20331
V	1513503	20332
V	1513578	20333
V	1513653	20334
V	1513728	20335
V	1513803	20336
V	1513878	20337
V	1513953	20338
V	1514028	20339
V	1514103	20340
V	1514168	20341
V	1514243	20342
V	1514318	20343
V	1514393	20344
V	1514468	20345
V	1514543	20346
V	1514618	20347
V	1514693	20348
V	1514768	20349
V	1514843	20350
V	1514918	20351
V	1514993	20352
V	1515068	20353
V	1515143	20354
V	1515218	20355
V	1515293	20356
V	1515368	20357
V	1515443	20358
V	1515518	20359
V	1515593	20360
V	1515668	20361
V	1515743	20362
V	1515818	20363
V	1515893	20364
V	1515968	20365
V	1516043	20366
V	1516118	20367
V	1516193	20368
V	1516268	20369
V	1516343	20370
V	1516418	20371
V	1516493	20372
V	1516568	20373
V	1516643	20374
V	1516718	20375
V	1516793	20376
V	1516868	20377
V	1516943	20378
V	1517018	20379
V	1517093	20380
V	1517168	20381
V	1517243	20382
V	1517318	20383
V	1517393	20384
V	1517468	20385
V	1517543	20386
V	1517618	20387
V	1517693	20388
V	1517768	20389
V	1517843	20390
V	1517918	20391
V	1517993	20392
V	1518068	20393
V	1518143	20394
V	1518218	20395
V	1518293	20396
V	1518368	20397
V	1518443	20398
V	1518518	20399
V	1518593	20400
V	1518668	20401
V	1518743	20402
V	1518818	20403
V	1518893	20404
V	1518968	20405
V	1519043	20406
V	1519118	20407
V	1519193	20408
V	1519268	20409
V	1519343	20410
V	1519418	20411
V	1519493	20412
V	1519568	20413
V	1519643	20414
V	1519718	20415
V	1519793	20416
V	1519868	20417
V	1519943	20418
V	1520018	20419
V	1520093	20420
V	1520168	20421
V	1520243	20422
V	1520318	20423
V	1520393	20424
V	1520468	20425
V	1520543	20426
V	1520618	20427
V	1520693	20428
V	1520768	20429
V	1520843	20430
V	1520918	20431
V	1520993	20432
V	1521068	20433
V	1521143	20434
V	1521218	20435
V	1521293	20436
V	1521368	20437
V	1521443	20438
V	1521518	20439
V	1521593	20440
V	1521668	20441
V	1521743	20442
V	1521818	20443
V	1521893	20444
V	1521968	20445
V	1522043	20446
V	1522118	20447
V	1522193	20448
V	1522268	20449
V	1522343	20450
V	1522418	20451
V	1522493	20452
V	1522568	20453
V	1522643	20454
V	1522718	20455
V	1522793	20456
V	1522868	20457
V	1522943	20458
V	1523018	20459
V	1523093	20460
V	1523168	20461
V	1523243	20462
V	1523318	20463
V	1523393	20464
V	1523468	20465
V	1523543	20466
V	1523618	20467
V	1523693	20468
V	1523768	20469
V	1523843	20470
V	1523918	20471
V	1523993	20472
V	1524068	20473
V	1524143	20474
V	1524218	20475
V	1524293	20476
V	1524368	20477
V	1524443	20478
V	1524518	20479
V	1524593	20480
V	1524658	20481
V	1524733	20482
V	1524808	20483
V	1524883	20484
V	1524958	20485
V	1525033	20486
V	1525108	20487
V	1525183	20488
V	1525258	20489
V	1525333	20490
V	1525408	20491
V	1525483	20492
V	1525558	20493
V	1525633	20494
V	1525708	20495
V	1525783	20496
V	1525858	20497
V	1525933	20498
V	1526008	20499
V	1526083	20500
V	1526158	20501
V	1526233	20502
V	1526308	20503
V	1526383	20504
V	1526448	20505
V	1526523	20506
V	1526598	20507
V	1526673	20508
V	1526748	20509
V	1526823	20510
V	1526898	20511
V	1526973	20512
V	1527048	20513
V	1527123	20514
V	1527198	20515
V	1527273	20516
V	1527348	20517
V	1527423	20518
V	1527498	20519
V	1527573	20520
V	1527648	20521
V	1527723	20522
V	1527798	20523
V	1527873	20524
V	1527948	20525
V	1528023	20526
V	1528098	20527
V	1528173	20528
V	1528248	20529
V	1528323	20530
V	1528398	20531
V	1528473	20532
V	1528548	20533
V	1528623	20534
V	1528698	20535
V	1528773	20536
V	1528838	20537
V	1528913	20538
V	1528988	20539
V	1529063	20540
V	1529138	20541
V	1529213	20542
V	1529288	20543
V	1529363	20544
V	1529438	20545
V	1529513	20546
V	1529588	20547
V	1529663	20548
V	1529738	20549
V	1529813	20550
V	1529888	20551
V	1529963	20552
V	1530038	20553
V	1530103	20554
V	1530178	20555
V	1530253	20556
V	1530328	20557
V	1530403	20558
V	1530478	20559
V	1530553	20560
V	1530628	20561
V	1530703	20562
V	1530778	20563
V	1530853	20564
V	1530928	20565
V	1531003	20566
V	1531078	20567
V	1531153	20568
V	1531228	20569
V	1531303	20570
V	1531378	20571
V	1531453	20572
V	1531528	20573
V	1531603	20574
V	1531678	20575
V	1531753	20576
V	1531828	20577
V	1531903	20578
V	1531978	20579
V	1532053	20580
V	1532128	20581
V	1532203	20582
V	1532278	20583
V	1532353	20584
V	1532428	20585
V	1532503	20586
V	1532578	20587
V	1532653	20588
V	1532728	20589
V	1532803	20590
V	1532878	20591
V	1532953	20592
V	1533028	20593
V	1533103	20594
V	1533178	20595
V	1533253	20596
V	1533328	20597
V	1533403	20598
V	1533478	20599
V	1533553	20600
V	1533628	20601
V	1533703	20602
V	1533778	20603
V	1533853	20604
V	1533928	20605
V	1534003	20606
V	1534078	20607
V	1534153	20608
V	1534228	20609
V	1534303	20610
V	1534368	20611
V	1534443	20612
V	1534518	20613
V	1534593	20614
V	1534668	20615
V	1534743	20616
V	1534818	20617
V	1534893	20618
V	1534968	20619
V	1535043	20620
V	1535118	20621
V	1535193	20622
V	1535268	20623
V	1535333	20624
V	1535408	20625
V	1535483	20626
V	1535558	20627
V	1535633	20628
V	1535708	20629
V	1535783	20630
V	1535858	20631
V	1535933	20632
V	1536008	20633
V	1536083	20634
V	1536158	20635
V	1536233	20636
V	1536308	20637
V	1536383	20638
V	1536458	20639
V	1536533	20640
V	1536608	20641
V	1536683	20642
V	1536758	20643
V	1536833	20644
V	1536908	20645
V	1536983	20646
V	1537058	20647
V	1537133	20648
V	1537208	20649
V	1537283	20650
V	1537358	20651
V	1537433	20652
V	1537508	20653
V	1537583	20654
V	1537658	20655
V	1537733	20656
V	1537808	20657
V	1537883	20658
V	1537958	20659
V	1538033	20660
V	1538108	20661
V	1538183	20662
V	1538258	20663
V	1538333	20664
V	1538408	20665
V	1538483	20666
V	1538558	20667
V	1538633	20668
V	1538708	20669
V	1538783	20670
V	1538858	20671
V	1538933	20672
V	1539008	20673
V	1539083	20674
V	1539158	20675
V	1539233	20676
V	1539308	20677
V	1539383	20678
V	1539458	20679
V	1539533	20680
V	1539608	20681
V	1539683	20682
V	1539758	20683
V	1539833	20684
V	1539908	20685
V	1539983	20686
V	1540058	20687
V	1540133	20688
V	1540208	20689
V	1540283	20690
V	1540358	20691
V	1540433	20692
V	1540508	20693
V	1540583	20694
V	1540658	20695
V	1540733	20696
V	1540808	20697
V	1540883	20698
V	1540958	20699
V	1541023	20700
V	1541098	20701
V	1541173	20702
V	1541248	20703
V	1541323	20704
V	1541398	20705
V	1541473	20706
V	1541548	20707
V	1541623	20708
V	1541698	20709
V	1541773	20710
V	1541848	20711
V	1541923	20712
V	1541998	20713
V	1542073	20714
V	1542148	20715
V	1542223	20716
V	1542298	20717
V	1542373	20718
V	1542448	20719
V	1542523	20720
V	1542598	20721
V	1542673	20722
V	1542748	20723
V	1542823	20724
V	1542898	20725
V	1542973	20726
V	1543048	20727
V	1543123	20728
V	1543198	20729
V	1543273	20730
V	1543348	20731
V	1543423	20732
V	1543498	20733
V	1543573	20734
V	1543648	20735
V	1543723	20736
V	1543798	20737
V	1543873	20738
V	1543948	20739
V	1544023	20740
V	1544098	20741
V	1544173	20742
V	1544248	20743
V	1544323	20744
V	1544398	20745
V	1544473	20746
V	1544548	20747
V	1544623	20748
V	1544698	20749
V	1544773	20750
V	1544848	20751
V	1544923	20752
V	1544998	20753
V	1545073	20754
V	1545148	20755
V	1545223	20756
V	1545298	20757
V	1545373	20758
V	1545448	20759
V	1545523	20760
V	1545598	20761
V	1545673	20762
V	1545748	20763
V	1545823	20764
V	1545898	20765
V	1545973	20766
V	1546048	20767
V	1546123	20768
V	1546198	20769
V	1546273	20770
V	1546348	20771
V	1546423	20772
V	1546498	20773
V	1546573	20774
V	1546648	20775
V	1546723	20776
V	1546798	20777