\P\	Pos	CreditCardID\
T	5	5
N	0	0
K	0	1
#
V	101	1
V	161	2
V	219	3
V	279	4
V	339	5
V	391	6
V	449	7
V	507	8
V	566	9
V	624	10
V	684	11
V	745	12
V	805	13
V	859	14
V	919	15
V	980	16
V	1033	17
V	1094	18
V	1155	19
V	1216	20
V	1276	21
V	1336	22
V	1397	23
V	1450	24
V	1504	25
V	1557	26
V	1617	27
V	1678	28
V	1739	29
V	1799	30
V	1852	31
V	1906	32
V	1965	33
V	2025	34
V	2079	35
V	2139	36
V	2193	37
V	2252	38
V	2311	39
V	2364	40
V	2423	41
V	2476	42
V	2535	43
V	2595	44
V	2656	45
V	2715	46
V	2776	47
V	2835	48
V	2895	49
V	2955	50
V	3016	51
V	3076	52
V	3129	53
V	3190	54
V	3250	55
V	3311	56
V	3370	57
V	3432	58
V	3486	59
V	3539	60
V	3592	61
V	3651	62
V	3711	63
V	3770	64
V	3831	65
V	3890	66
V	3951	67
V	4012	68
V	4072	69
V	4133	70
V	4192	71
V	4245	72
V	4304	73
V	4357	74
V	4411	75
V	4472	76
V	4532	77
V	4591	78
V	4651	79
V	4704	80
V	4766	81
V	4825	82
V	4885	83
V	4938	84
V	4997	85
V	5058	86
V	5118	87
V	5171	88
V	5230	89
V	5290	90
V	5350	91
V	5410	92
V	5471	93
V	5524	94
V	5583	95
V	5642	96
V	5702	97
V	5764	98
V	5824	99
V	5878	100
V	5940	101
V	6003	102
V	6066	103
V	6121	104
V	6184	105
V	6244	106
V	6306	107
V	6369	108
V	6423	109
V	6477	110
V	6538	111
V	6599	112
V	6653	113
V	6707	114
V	6768	115
V	6828	116
V	6888	117
V	6950	118
V	7011	119
V	7071	120
V	7131	121
V	7191	122
V	7253	123
V	7313	124
V	7376	125
V	7438	126
V	7500	127
V	7562	128
V	7622	129
V	7683	130
V	7737	131
V	7798	132
V	7859	133
V	7919	134
V	7981	135
V	8043	136
V	8103	137
V	8164	138
V	8224	139
V	8285	140
V	8346	141
V	8406	142
V	8466	143
V	8527	144
V	8587	145
V	8649	146
V	8710	147
V	8771	148
V	8832	149
V	8895	150
V	8950	151
V	9012	152
V	9074	153
V	9128	154
V	9190	155
V	9252	156
V	9306	157
V	9360	158
V	9421	159
V	9482	160
V	9537	161
V	9591	162
V	9652	163
V	9707	164
V	9769	165
V	9831	166
V	9885	167
V	9947	168
V	10008	169
V	10069	170
V	10131	171
V	10191	172
V	10253	173
V	10315	174
V	10377	175
V	10439	176
V	10501	177
V	10555	178
V	10609	179
V	10670	180
V	10731	181
V	10794	182
V	10854	183
V	10908	184
V	10970	185
V	11030	186
V	11085	187
V	11139	188
V	11202	189
V	11263	190
V	11323	191
V	11384	192
V	11445	193
V	11500	194
V	11562	195
V	11622	196
V	11676	197
V	11736	198
V	11797	199
V	11858	200
V	11918	201
V	11980	202
V	12042	203
V	12097	204
V	12157	205
V	12217	206
V	12271	207
V	12331	208
V	12392	209
V	12447	210
V	12508	211
V	12569	212
V	12630	213
V	12691	214
V	12752	215
V	12806	216
V	12866	217
V	12928	218
V	12983	219
V	13044	220
V	13105	221
V	13160	222
V	13222	223
V	13283	224
V	13337	225
V	13392	226
V	13453	227
V	13508	228
V	13562	229
V	13623	230
V	13683	231
V	13738	232
V	13793	233
V	13855	234
V	13917	235
V	13979	236
V	14042	237
V	14103	238
V	14166	239
V	14227	240
V	14287	241
V	14349	242
V	14411	243
V	14471	244
V	14532	245
V	14594	246
V	14655	247
V	14717	248
V	14771	249
V	14832	250
V	14894	251
V	14955	252
V	15016	253
V	15078	254
V	15139	255
V	15200	256
V	15255	257
V	15310	258
V	15372	259
V	15433	260
V	15494	261
V	15557	262
V	15618	263
V	15680	264
V	15740	265
V	15800	266
V	15862	267
V	15924	268
V	15985	269
V	16046	270
V	16107	271
V	16169	272
V	16230	273
V	16293	274
V	16353	275
V	16413	276
V	16475	277
V	16537	278
V	16597	279
V	16651	280
V	16705	281
V	16765	282
V	16828	283
V	16889	284
V	16950	285
V	17010	286
V	17072	287
V	17135	288
V	17196	289
V	17256	290
V	17317	291
V	17377	292
V	17431	293
V	17485	294
V	17539	295
V	17600	296
V	17662	297
V	17724	298
V	17787	299
V	17847	300
V	17901	301
V	17962	302
V	18023	303
V	18077	304
V	18139	305
V	18199	306
V	18253	307
V	18314	308
V	18375	309
V	18429	310
V	18490	311
V	18552	312
V	18613	313
V	18673	314
V	18735	315
V	18798	316
V	18861	317
V	18923	318
V	18985	319
V	19046	320
V	19106	321
V	19160	322
V	19215	323
V	19275	324
V	19336	325
V	19391	326
V	19451	327
V	19511	328
V	19573	329
V	19634	330
V	19694	331
V	19755	332
V	19816	333
V	19876	334
V	19936	335
V	19996	336
V	20057	337
V	20111	338
V	20173	339
V	20234	340
V	20295	341
V	20349	342
V	20411	343
V	20465	344
V	20519	345
V	20573	346
V	20634	347
V	20695	348
V	20756	349
V	20818	350
V	20880	351
V	20943	352
V	20997	353
V	21052	354
V	21113	355
V	21174	356
V	21229	357
V	21290	358
V	21352	359
V	21415	360
V	21477	361
V	21538	362
V	21598	363
V	21660	364
V	21720	365
V	21774	366
V	21834	367
V	21897	368
V	21958	369
V	22018	370
V	22079	371
V	22133	372
V	22193	373
V	22255	374
V	22309	375
V	22369	376
V	22430	377
V	22484	378
V	22544	379
V	22605	380
V	22667	381
V	22728	382
V	22782	383
V	22836	384
V	22898	385
V	22959	386
V	23020	387
V	23083	388
V	23143	389
V	23204	390
V	23258	391
V	23320	392
V	23374	393
V	23428	394
V	23488	395
V	23550	396
V	23611	397
V	23672	398
V	23733	399
V	23787	400
V	23841	401
V	23901	402
V	23964	403
V	24026	404
V	24087	405
V	24147	406
V	24208	407
V	24269	408
V	24330	409
V	24392	410
V	24453	411
V	24513	412
V	24574	413
V	24635	414
V	24695	415
V	24755	416
V	24809	417
V	24871	418
V	24933	419
V	24994	420
V	25054	421
V	25117	422
V	25179	423
V	25233	424
V	25294	425
V	25354	426
V	25417	427
V	25478	428
V	25532	429
V	25586	430
V	25641	431
V	25701	432
V	25756	433
V	25816	434
V	25876	435
V	25938	436
V	25998	437
V	26053	438
V	26114	439
V	26168	440
V	26230	441
V	26291	442
V	26345	443
V	26407	444
V	26467	445
V	26528	446
V	26582	447
V	26643	448
V	26698	449
V	26759	450
V	26820	451
V	26881	452
V	26943	453
V	27004	454
V	27065	455
V	27126	456
V	27186	457
V	27248	458
V	27308	459
V	27368	460
V	27428	461
V	27490	462
V	27551	463
V	27605	464
V	27667	465
V	27727	466
V	27788	467
V	27842	468
V	27905	469
V	27966	470
V	28020	471
V	28081	472
V	28143	473
V	28203	474
V	28264	475
V	28325	476
V	28385	477
V	28445	478
V	28505	479
V	28566	480
V	28626	481
V	28687	482
V	28741	483
V	28801	484
V	28862	485
V	28924	486
V	28984	487
V	29038	488
V	29098	489
V	29159	490
V	29214	491
V	29268	492
V	29322	493
V	29384	494
V	29445	495
V	29506	496
V	29568	497
V	29628	498
V	29689	499
V	29749	500
V	29811	501
V	29871	502
V	29925	503
V	29980	504
V	30040	505
V	30100	506
V	30163	507
V	30225	508
V	30279	509
V	30340	510
V	30401	511
V	30462	512
V	30516	513
V	30577	514
V	30639	515
V	30694	516
V	30748	517
V	30809	518
V	30872	519
V	30926	520
V	30986	521
V	31047	522
V	31107	523
V	31168	524
V	31229	525
V	31291	526
V	31353	527
V	31408	528
V	31468	529
V	31528	530
V	31588	531
V	31649	532
V	31711	533
V	31774	534
V	31828	535
V	31883	536
V	31938	537
V	31992	538
V	32054	539
V	32114	540
V	32175	541
V	32237	542
V	32292	543
V	32352	544
V	32413	545
V	32473	546
V	32528	547
V	32589	548
V	32651	549
V	32712	550
V	32774	551
V	32836	552
V	32897	553
V	32951	554
V	33011	555
V	33072	556
V	33133	557
V	33194	558
V	33256	559
V	33318	560
V	33380	561
V	33441	562
V	33501	563
V	33561	564
V	33623	565
V	33684	566
V	33738	567
V	33792	568
V	33854	569
V	33914	570
V	33974	571
V	34036	572
V	34091	573
V	34153	574
V	34215	575
V	34277	576
V	34337	577
V	34397	578
V	34451	579
V	34514	580
V	34568	581
V	34629	582
V	34690	583
V	34751	584
V	34813	585
V	34868	586
V	34929	587
V	34992	588
V	35046	589
V	35108	590
V	35168	591
V	35229	592
V	35291	593
V	35352	594
V	35412	595
V	35474	596
V	35537	597
V	35597	598
V	35660	599
V	35722	600
V	35776	601
V	35830	602
V	35892	603
V	35954	604
V	36016	605
V	36078	606
V	36139	607
V	36193	608
V	36253	609
V	36307	610
V	36361	611
V	36421	612
V	36482	613
V	36543	614
V	36605	615
V	36665	616
V	36727	617
V	36781	618
V	36836	619
V	36897	620
V	36959	621
V	37019	622
V	37073	623
V	37127	624
V	37189	625
V	37243	626
V	37303	627
V	37358	628
V	37412	629
V	37474	630
V	37535	631
V	37596	632
V	37657	633
V	37719	634
V	37779	635
V	37841	636
V	37903	637
V	37964	638
V	38025	639
V	38085	640
V	38145	641
V	38206	642
V	38268	643
V	38322	644
V	38382	645
V	38436	646
V	38496	647
V	38557	648
V	38618	649
V	38680	650
V	38742	651
V	38797	652
V	38859	653
V	38913	654
V	38975	655
V	39029	656
V	39084	657
V	39139	658
V	39201	659
V	39263	660
V	39324	661
V	39384	662
V	39445	663
V	39505	664
V	39566	665
V	39627	666
V	39681	667
V	39735	668
V	39796	669
V	39850	670
V	39911	671
V	39965	672
V	40019	673
V	40081	674
V	40141	675
V	40202	676
V	40256	677
V	40311	678
V	40366	679
V	40427	680
V	40488	681
V	40548	682
V	40610	683
V	40670	684
V	40724	685
V	40785	686
V	40839	687
V	40899	688
V	40961	689
V	41023	690
V	41084	691
V	41138	692
V	41200	693
V	41254	694
V	41308	695
V	41370	696
V	41433	697
V	41493	698
V	41554	699
V	41608	700
V	41669	701
V	41729	702
V	41791	703
V	41854	704
V	41908	705
V	41963	706
V	42018	707
V	42080	708
V	42140	709
V	42203	710
V	42257	711
V	42311	712
V	42373	713
V	42436	714
V	42496	715
V	42558	716
V	42618	717
V	42672	718
V	42732	719
V	42792	720
V	42855	721
V	42909	722
V	42969	723
V	43029	724
V	43090	725
V	43152	726
V	43213	727
V	43267	728
V	43329	729
V	43383	730
V	43446	731
V	43500	732
V	43561	733
V	43622	734
V	43676	735
V	43736	736
V	43791	737
V	43845	738
V	43905	739
V	43965	740
V	44026	741
V	44080	742
V	44141	743
V	44204	744
V	44265	745
V	44319	746
V	44374	747
V	44428	748
V	44490	749
V	44551	750
V	44613	751
V	44667	752
V	44728	753
V	44790	754
V	44845	755
V	44905	756
V	44966	757
V	45020	758
V	45081	759
V	45142	760
V	45202	761
V	45263	762
V	45325	763
V	45388	764
V	45448	765
V	45508	766
V	45568	767
V	45631	768
V	45685	769
V	45739	770
V	45800	771
V	45860	772
V	45914	773
V	45976	774
V	46037	775
V	46099	776
V	46161	777
V	46222	778
V	46283	779
V	46337	780
V	46399	781
V	46461	782
V	46523	783
V	46584	784
V	46638	785
V	46700	786
V	46760	787
V	46821	788
V	46875	789
V	46936	790
V	46990	791
V	47052	792
V	47115	793
V	47176	794
V	47238	795
V	47300	796
V	47360	797
V	47414	798
V	47469	799
V	47524	800
V	47585	801
V	47647	802
V	47701	803
V	47755	804
V	47815	805
V	47876	806
V	47938	807
V	47992	808
V	48054	809
V	48108	810
V	48162	811
V	48223	812
V	48278	813
V	48339	814
V	48393	815
V	48454	816
V	48514	817
V	48575	818
V	48637	819
V	48697	820
V	48760	821
V	48814	822
V	48874	823
V	48928	824
V	48990	825
V	49044	826
V	49105	827
V	49159	828
V	49221	829
V	49275	830
V	49337	831
V	49400	832
V	49454	833
V	49515	834
V	49578	835
V	49632	836
V	49693	837
V	49754	838
V	49809	839
V	49871	840
V	49932	841
V	49993	842
V	50047	843
V	50109	844
V	50171	845
V	50232	846
V	50294	847
V	50355	848
V	50409	849
V	50470	850
V	50532	851
V	50592	852
V	50654	853
V	50715	854
V	50777	855
V	50832	856
V	50894	857
V	50948	858
V	51003	859
V	51065	860
V	51119	861
V	51181	862
V	51235	863
V	51296	864
V	51350	865
V	51412	866
V	51473	867
V	51533	868
V	51594	869
V	51655	870
V	51718	871
V	51773	872
V	51834	873
V	51896	874
V	51957	875
V	52017	876
V	52079	877
V	52139	878
V	52199	879
V	52259	880
V	52313	881
V	52367	882
V	52428	883
V	52488	884
V	52542	885
V	52603	886
V	52664	887
V	52725	888
V	52787	889
V	52849	890
V	52912	891
V	52973	892
V	53034	893
V	53095	894
V	53157	895
V	53219	896
V	53280	897
V	53341	898
V	53402	899
V	53456	900
V	53518	901
V	53580	902
V	53634	903
V	53695	904
V	53756	905
V	53819	906
V	53873	907
V	53936	908
V	53991	909
V	54046	910
V	54106	911
V	54161	912
V	54224	913
V	54286	914
V	54340	915
V	54400	916
V	54461	917
V	54521	918
V	54582	919
V	54643	920
V	54704	921
V	54759	922
V	54819	923
V	54879	924
V	54941	925
V	55001	926
V	55062	927
V	55124	928
V	55186	929
V	55247	930
V	55301	931
V	55363	932
V	55425	933
V	55479	934
V	55534	935
V	55588	936
V	55648	937
V	55711	938
V	55774	939
V	55834	940
V	55894	941
V	55957	942
V	56017	943
V	56071	944
V	56133	945
V	56194	946
V	56249	947
V	56303	948
V	56364	949
V	56418	950
V	56479	951
V	56533	952
V	56587	953
V	56648	954
V	56702	955
V	56763	956
V	56825	957
V	56879	958
V	56940	959
V	57001	960
V	57055	961
V	57116	962
V	57178	963
V	57238	964
V	57293	965
V	57347	966
V	57407	967
V	57468	968
V	57522	969
V	57583	970
V	57638	971
V	57699	972
V	57759	973
V	57819	974
V	57881	975
V	57943	976
V	58005	977
V	58067	978
V	58127	979
V	58188	980
V	58248	981
V	58302	982
V	58363	983
V	58425	984
V	58488	985
V	58549	986
V	58612	987
V	58674	988
V	58737	989
V	58798	990
V	58853	991
V	58915	992
V	58976	993
V	59038	994
V	59100	995
V	59154	996
V	59215	997
V	59276	998
V	59336	999
V	59398	1000
V	59460	1001
V	59522	1002
V	59585	1003
V	59647	1004
V	59710	1005
V	59772	1006
V	59833	1007
V	59896	1008
V	59959	1009
V	60021	1010
V	60083	1011
V	60139	1012
V	60195	1013
V	60259	1014
V	60322	1015
V	60385	1016
V	60449	1017
V	60505	1018
V	60560	1019
V	60615	1020
V	60670	1021
V	60732	1022
V	60787	1023
V	60850	1024
V	60913	1025
V	60976	1026
V	61038	1027
V	61100	1028
V	61163	1029
V	61224	1030
V	61279	1031
V	61334	1032
V	61397	1033
V	61452	1034
V	61507	1035
V	61563	1036
V	61618	1037
V	61680	1038
V	61743	1039
V	61799	1040
V	61854	1041
V	61918	1042
V	61973	1043
V	62036	1044
V	62098	1045
V	62160	1046
V	62215	1047
V	62271	1048
V	62332	1049
V	62395	1050
V	62456	1051
V	62518	1052
V	62579	1053
V	62634	1054
V	62690	1055
V	62753	1056
V	62815	1057
V	62871	1058
V	62933	1059
V	62996	1060
V	63051	1061
V	63106	1062
V	63169	1063
V	63230	1064
V	63293	1065
V	63348	1066
V	63403	1067
V	63465	1068
V	63527	1069
V	63589	1070
V	63650	1071
V	63713	1072
V	63775	1073
V	63837	1074
V	63901	1075
V	63964	1076
V	64026	1077
V	64088	1078
V	64149	1079
V	64212	1080
V	64275	1081
V	64336	1082
V	64391	1083
V	64452	1084
V	64515	1085
V	64570	1086
V	64625	1087
V	64688	1088
V	64749	1089
V	64811	1090
V	64873	1091
V	64935	1092
V	64998	1093
V	65061	1094
V	65123	1095
V	65184	1096
V	65248	1097
V	65309	1098
V	65371	1099
V	65434	1100
V	65489	1101
V	65544	1102
V	65605	1103
V	65666	1104
V	65729	1105
V	65790	1106
V	65852	1107
V	65908	1108
V	65969	1109
V	66032	1110
V	66093	1111
V	66154	1112
V	66218	1113
V	66280	1114
V	66342	1115
V	66405	1116
V	66460	1117
V	66521	1118
V	66584	1119
V	66645	1120
V	66706	1121
V	66767	1122
V	66830	1123
V	66893	1124
V	66956	1125
V	67019	1126
V	67074	1127
V	67135	1128
V	67190	1129
V	67253	1130
V	67317	1131
V	67380	1132
V	67435	1133
V	67499	1134
V	67561	1135
V	67624	1136
V	67686	1137
V	67750	1138
V	67805	1139
V	67868	1140
V	67931	1141
V	67987	1142
V	68050	1143
V	68113	1144
V	68168	1145
V	68230	1146
V	68286	1147
V	68341	1148
V	68403	1149
V	68465	1150
V	68526	1151
V	68582	1152
V	68644	1153
V	68699	1154
V	68761	1155
V	68816	1156
V	68877	1157
V	68932	1158
V	68993	1159
V	69055	1160
V	69110	1161
V	69172	1162
V	69227	1163
V	69289	1164
V	69351	1165
V	69406	1166
V	69461	1167
V	69523	1168
V	69584	1169
V	69645	1170
V	69700	1171
V	69762	1172
V	69825	1173
V	69888	1174
V	69951	1175
V	70013	1176
V	70074	1177
V	70137	1178
V	70199	1179
V	70254	1180
V	70317	1181
V	70380	1182
V	70435	1183
V	70497	1184
V	70560	1185
V	70621	1186
V	70684	1187
V	70746	1188
V	70809	1189
V	70872	1190
V	70935	1191
V	70997	1192
V	71052	1193
V	71114	1194
V	71170	1195
V	71232	1196
V	71295	1197
V	71350	1198
V	71405	1199
V	71468	1200
V	71532	1201
V	71594	1202
V	71657	1203
V	71720	1204
V	71782	1205
V	71843	1206
V	71905	1207
V	71960	1208
V	72016	1209
V	72078	1210
V	72141	1211
V	72196	1212
V	72260	1213
V	72323	1214
V	72384	1215
V	72446	1216
V	72507	1217
V	72570	1218
V	72625	1219
V	72688	1220
V	72752	1221
V	72814	1222
V	72875	1223
V	72930	1224
V	72985	1225
V	73048	1226
V	73110	1227
V	73166	1228
V	73227	1229
V	73289	1230
V	73344	1231
V	73405	1232
V	73469	1233
V	73530	1234
V	73585	1235
V	73646	1236
V	73707	1237
V	73770	1238
V	73832	1239
V	73894	1240
V	73950	1241
V	74011	1242
V	74072	1243
V	74136	1244
V	74199	1245
V	74262	1246
V	74323	1247
V	74385	1248
V	74447	1249
V	74503	1250
V	74564	1251
V	74626	1252
V	74689	1253
V	74751	1254
V	74806	1255
V	74861	1256
V	74923	1257
V	74986	1258
V	75049	1259
V	75104	1260
V	75166	1261
V	75227	1262
V	75290	1263
V	75351	1264
V	75413	1265
V	75477	1266
V	75539	1267
V	75601	1268
V	75664	1269
V	75719	1270
V	75780	1271
V	75843	1272
V	75904	1273
V	75967	1274
V	76029	1275
V	76090	1276
V	76153	1277
V	76215	1278
V	76278	1279
V	76339	1280
V	76402	1281
V	76465	1282
V	76528	1283
V	76590	1284
V	76651	1285
V	76712	1286
V	76775	1287
V	76837	1288
V	76900	1289
V	76961	1290
V	77024	1291
V	77086	1292
V	77149	1293
V	77211	1294
V	77272	1295
V	77327	1296
V	77389	1297
V	77452	1298
V	77515	1299
V	77578	1300
V	77641	1301
V	77702	1302
V	77764	1303
V	77825	1304
V	77887	1305
V	77942	1306
V	78005	1307
V	78060	1308
V	78116	1309
V	78178	1310
V	78241	1311
V	78303	1312
V	78365	1313
V	78428	1314
V	78490	1315
V	78553	1316
V	78615	1317
V	78677	1318
V	78740	1319
V	78803	1320
V	78864	1321
V	78920	1322
V	78982	1323
V	79044	1324
V	79106	1325
V	79167	1326
V	79228	1327
V	79284	1328
V	79347	1329
V	79402	1330
V	79463	1331
V	79525	1332
V	79587	1333
V	79649	1334
V	79712	1335
V	79774	1336
V	79837	1337
V	79898	1338
V	79961	1339
V	80017	1340
V	80080	1341
V	80143	1342
V	80198	1343
V	80259	1344
V	80321	1345
V	80384	1346
V	80445	1347
V	80500	1348
V	80562	1349
V	80626	1350
V	80688	1351
V	80752	1352
V	80814	1353
V	80875	1354
V	80936	1355
V	80997	1356
V	81052	1357
V	81114	1358
V	81175	1359
V	81238	1360
V	81302	1361
V	81363	1362
V	81419	1363
V	81482	1364
V	81543	1365
V	81604	1366
V	81659	1367
V	81720	1368
V	81776	1369
V	81837	1370
V	81899	1371
V	81961	1372
V	82024	1373
V	82079	1374
V	82135	1375
V	82198	1376
V	82260	1377
V	82321	1378
V	82382	1379
V	82445	1380
V	82506	1381
V	82561	1382
V	82622	1383
V	82683	1384
V	82738	1385
V	82800	1386
V	82862	1387
V	82923	1388
V	82986	1389
V	83041	1390
V	83103	1391
V	83158	1392
V	83220	1393
V	83275	1394
V	83338	1395
V	83401	1396
V	83463	1397
V	83526	1398
V	83588	1399
V	83651	1400
V	83713	1401
V	83776	1402
V	83837	1403
V	83900	1404
V	83961	1405
V	84023	1406
V	84079	1407
V	84142	1408
V	84205	1409
V	84260	1410
V	84322	1411
V	84385	1412
V	84447	1413
V	84510	1414
V	84573	1415
V	84634	1416
V	84696	1417
V	84751	1418
V	84814	1419
V	84876	1420
V	84938	1421
V	85002	1422
V	85064	1423
V	85127	1424
V	85189	1425
V	85250	1426
V	85312	1427
V	85374	1428
V	85436	1429
V	85498	1430
V	85560	1431
V	85616	1432
V	85680	1433
V	85735	1434
V	85790	1435
V	85853	1436
V	85914	1437
V	85977	1438
V	86032	1439
V	86094	1440
V	86157	1441
V	86219	1442
V	86275	1443
V	86330	1444
V	86385	1445
V	86447	1446
V	86510	1447
V	86572	1448
V	86633	1449
V	86695	1450
V	86750	1451
V	86812	1452
V	86874	1453
V	86938	1454
V	86993	1455
V	87056	1456
V	87118	1457
V	87179	1458
V	87242	1459
V	87304	1460
V	87367	1461
V	87430	1462
V	87486	1463
V	87547	1464
V	87611	1465
V	87674	1466
V	87735	1467
V	87797	1468
V	87859	1469
V	87914	1470
V	87976	1471
V	88037	1472
V	88099	1473
V	88160	1474
V	88223	1475
V	88286	1476
V	88349	1477
V	88404	1478
V	88467	1479
V	88529	1480
V	88592	1481
V	88654	1482
V	88717	1483
V	88772	1484
V	88834	1485
V	88895	1486
V	88956	1487
V	89011	1488
V	89073	1489
V	89134	1490
V	89197	1491
V	89252	1492
V	89307	1493
V	89370	1494
V	89432	1495
V	89495	1496
V	89550	1497
V	89614	1498
V	89677	1499
V	89740	1500
V	89795	1501
V	89857	1502
V	89919	1503
V	89975	1504
V	90038	1505
V	90101	1506
V	90162	1507
V	90223	1508
V	90286	1509
V	90349	1510
V	90410	1511
V	90466	1512
V	90521	1513
V	90583	1514
V	90638	1515
V	90701	1516
V	90763	1517
V	90825	1518
V	90880	1519
V	90935	1520
V	90999	1521
V	91054	1522
V	91117	1523
V	91179	1524
V	91241	1525
V	91303	1526
V	91358	1527
V	91419	1528
V	91481	1529
V	91537	1530
V	91599	1531
V	91654	1532
V	91717	1533
V	91779	1534
V	91834	1535
V	91896	1536
V	91957	1537
V	92020	1538
V	92076	1539
V	92132	1540
V	92195	1541
V	92250	1542
V	92306	1543
V	92368	1544
V	92430	1545
V	92485	1546
V	92547	1547
V	92608	1548
V	92671	1549
V	92735	1550
V	92797	1551
V	92860	1552
V	92922	1553
V	92985	1554
V	93047	1555
V	93103	1556
V	93165	1557
V	93227	1558
V	93290	1559
V	93351	1560
V	93406	1561
V	93468	1562
V	93530	1563
V	93591	1564
V	93646	1565
V	93707	1566
V	93771	1567
V	93834	1568
V	93897	1569
V	93953	1570
V	94008	1571
V	94063	1572
V	94127	1573
V	94183	1574
V	94245	1575
V	94308	1576
V	94369	1577
V	94431	1578
V	94495	1579
V	94558	1580
V	94621	1581
V	94682	1582
V	94737	1583
V	94798	1584
V	94859	1585
V	94914	1586
V	94975	1587
V	95036	1588
V	95097	1589
V	95160	1590
V	95221	1591
V	95283	1592
V	95345	1593
V	95407	1594
V	95470	1595
V	95531	1596
V	95593	1597
V	95648	1598
V	95711	1599
V	95773	1600
V	95828	1601
V	95890	1602
V	95952	1603
V	96008	1604
V	96063	1605
V	96126	1606
V	96189	1607
V	96251	1608
V	96312	1609
V	96374	1610
V	96437	1611
V	96492	1612
V	96553	1613
V	96614	1614
V	96669	1615
V	96732	1616
V	96787	1617
V	96850	1618
V	96905	1619
V	96967	1620
V	97022	1621
V	97078	1622
V	97139	1623
V	97200	1624
V	97256	1625
V	97317	1626
V	97378	1627
V	97440	1628
V	97502	1629
V	97565	1630
V	97620	1631
V	97675	1632
V	97738	1633
V	97799	1634
V	97861	1635
V	97922	1636
V	97977	1637
V	98032	1638
V	98095	1639
V	98158	1640
V	98220	1641
V	98283	1642
V	98339	1643
V	98401	1644
V	98462	1645
V	98517	1646
V	98579	1647
V	98642	1648
V	98703	1649
V	98758	1650
V	98819	1651
V	98881	1652
V	98943	1653
V	99006	1654
V	99069	1655
V	99132	1656
V	99193	1657
V	99255	1658
V	99318	1659
V	99380	1660
V	99435	1661
V	99498	1662
V	99559	1663
V	99621	1664
V	99676	1665
V	99732	1666
V	99794	1667
V	99849	1668
V	99904	1669
V	99965	1670
V	100029	1671
V	100084	1672
V	100146	1673
V	100201	1674
V	100264	1675
V	100327	1676
V	100390	1677
V	100451	1678
V	100514	1679
V	100576	1680
V	100639	1681
V	100702	1682
V	100758	1683
V	100819	1684
V	100881	1685
V	100945	1686
V	101007	1687
V	101062	1688
V	101118	1689
V	101181	1690
V	101242	1691
V	101298	1692
V	101360	1693
V	101423	1694
V	101484	1695
V	101547	1696
V	101610	1697
V	101674	1698
V	101736	1699
V	101798	1700
V	101861	1701
V	101923	1702
V	101986	1703
V	102042	1704
V	102104	1705
V	102167	1706
V	102230	1707
V	102285	1708
V	102346	1709
V	102408	1710
V	102470	1711
V	102525	1712
V	102587	1713
V	102643	1714
V	102705	1715
V	102767	1716
V	102823	1717
V	102884	1718
V	102947	1719
V	103008	1720
V	103070	1721
V	103126	1722
V	103188	1723
V	103249	1724
V	103304	1725
V	103359	1726
V	103414	1727
V	103477	1728
V	103541	1729
V	103603	1730
V	103665	1731
V	103727	1732
V	103790	1733
V	103853	1734
V	103916	1735
V	103979	1736
V	104041	1737
V	104104	1738
V	104166	1739
V	104228	1740
V	104291	1741
V	104352	1742
V	104414	1743
V	104475	1744
V	104530	1745
V	104591	1746
V	104655	1747
V	104718	1748
V	104780	1749
V	104835	1750
V	104898	1751
V	104959	1752
V	105020	1753
V	105081	1754
V	105143	1755
V	105204	1756
V	105259	1757
V	105320	1758
V	105383	1759
V	105446	1760
V	105508	1761
V	105571	1762
V	105633	1763
V	105696	1764
V	105759	1765
V	105821	1766
V	105884	1767
V	105939	1768
V	106002	1769
V	106066	1770
V	106129	1771
V	106192	1772
V	106247	1773
V	106309	1774
V	106370	1775
V	106433	1776
V	106495	1777
V	106557	1778
V	106619	1779
V	106682	1780
V	106743	1781
V	106804	1782
V	106866	1783
V	106930	1784
V	106993	1785
V	107055	1786
V	107118	1787
V	107181	1788
V	107243	1789
V	107306	1790
V	107362	1791
V	107417	1792
V	107478	1793
V	107541	1794
V	107596	1795
V	107658	1796
V	107713	1797
V	107769	1798
V	107831	1799
V	107893	1800
V	107954	1801
V	108015	1802
V	108079	1803
V	108142	1804
V	108203	1805
V	108266	1806
V	108327	1807
V	108388	1808
V	108451	1809
V	108513	1810
V	108568	1811
V	108631	1812
V	108693	1813
V	108754	1814
V	108816	1815
V	108878	1816
V	108940	1817
V	109003	1818
V	109066	1819
V	109122	1820
V	109185	1821
V	109246	1822
V	109308	1823
V	109369	1824
V	109424	1825
V	109487	1826
V	109549	1827
V	109612	1828
V	109675	1829
V	109738	1830
V	109801	1831
V	109863	1832
V	109918	1833
V	109980	1834
V	110043	1835
V	110099	1836
V	110162	1837
V	110224	1838
V	110285	1839
V	110347	1840
V	110410	1841
V	110472	1842
V	110527	1843
V	110588	1844
V	110651	1845
V	110706	1846
V	110768	1847
V	110830	1848
V	110894	1849
V	110950	1850
V	111013	1851
V	111076	1852
V	111131	1853
V	111193	1854
V	111248	1855
V	111311	1856
V	111374	1857
V	111429	1858
V	111490	1859
V	111553	1860
V	111614	1861
V	111677	1862
V	111740	1863
V	111801	1864
V	111863	1865
V	111926	1866
V	111989	1867
V	112044	1868
V	112100	1869
V	112163	1870
V	112218	1871
V	112281	1872
V	112344	1873
V	112406	1874
V	112468	1875
V	112532	1876
V	112595	1877
V	112659	1878
V	112715	1879
V	112778	1880
V	112833	1881
V	112895	1882
V	112957	1883
V	113020	1884
V	113083	1885
V	113138	1886
V	113200	1887
V	113261	1888
V	113316	1889
V	113377	1890
V	113441	1891
V	113502	1892
V	113564	1893
V	113625	1894
V	113687	1895
V	113749	1896
V	113812	1897
V	113867	1898
V	113928	1899
V	113991	1900
V	114054	1901
V	114118	1902
V	114179	1903
V	114234	1904
V	114296	1905
V	114357	1906
V	114421	1907
V	114484	1908
V	114546	1909
V	114609	1910
V	114665	1911
V	114726	1912
V	114787	1913
V	114848	1914
V	114911	1915
V	114974	1916
V	115037	1917
V	115093	1918
V	115148	1919
V	115204	1920
V	115260	1921
V	115321	1922
V	115376	1923
V	115438	1924
V	115501	1925
V	115557	1926
V	115618	1927
V	115680	1928
V	115741	1929
V	115796	1930
V	115859	1931
V	115914	1932
V	115975	1933
V	116037	1934
V	116100	1935
V	116155	1936
V	116216	1937
V	116272	1938
V	116334	1939
V	116396	1940
V	116459	1941
V	116522	1942
V	116577	1943
V	116640	1944
V	116695	1945
V	116758	1946
V	116821	1947
V	116877	1948
V	116940	1949
V	117003	1950
V	117066	1951
V	117129	1952
V	117190	1953
V	117251	1954
V	117313	1955
V	117376	1956
V	117431	1957
V	117492	1958
V	117553	1959
V	117608	1960
V	117670	1961
V	117733	1962
V	117795	1963
V	117857	1964
V	117912	1965
V	117974	1966
V	118029	1967
V	118090	1968
V	118153	1969
V	118216	1970
V	118278	1971
V	118333	1972
V	118388	1973
V	118449	1974
V	118512	1975
V	118574	1976
V	118637	1977
V	118698	1978
V	118754	1979
V	118815	1980
V	118878	1981
V	118933	1982
V	118995	1983
V	119058	1984
V	119113	1985
V	119175	1986
V	119238	1987
V	119293	1988
V	119354	1989
V	119415	1990
V	119478	1991
V	119539	1992
V	119594	1993
V	119655	1994
V	119718	1995
V	119779	1996
V	119842	1997
V	119904	1998
V	119966	1999
V	120028	2000
V	120091	2001
V	120146	2002
V	120208	2003
V	120263	2004
V	120326	2005
V	120388	2006
V	120449	2007
V	120511	2008
V	120572	2009
V	120634	2010
V	120697	2011
V	120759	2012
V	120821	2013
V	120883	2014
V	120938	2015
V	120999	2016
V	121061	2017
V	121124	2018
V	121185	2019
V	121241	2020
V	121296	2021
V	121359	2022
V	121414	2023
V	121475	2024
V	121538	2025
V	121593	2026
V	121655	2027
V	121717	2028
V	121781	2029
V	121842	2030
V	121904	2031
V	121967	2032
V	122029	2033
V	122093	2034
V	122156	2035
V	122219	2036
V	122281	2037
V	122343	2038
V	122405	2039
V	122468	2040
V	122530	2041
V	122593	2042
V	122655	2043
V	122710	2044
V	122771	2045
V	122832	2046
V	122893	2047
V	122954	2048
V	123015	2049
V	123077	2050
V	123141	2051
V	123203	2052
V	123266	2053
V	123329	2054
V	123393	2055
V	123455	2056
V	123518	2057
V	123573	2058
V	123634	2059
V	123695	2060
V	123757	2061
V	123820	2062
V	123882	2063
V	123944	2064
V	124000	2065
V	124063	2066
V	124125	2067
V	124188	2068
V	124250	2069
V	124312	2070
V	124375	2071
V	124438	2072
V	124501	2073
V	124563	2074
V	124625	2075
V	124687	2076
V	124750	2077
V	124813	2078
V	124868	2079
V	124929	2080
V	124984	2081
V	125046	2082
V	125110	2083
V	125173	2084
V	125235	2085
V	125298	2086
V	125361	2087
V	125424	2088
V	125486	2089
V	125547	2090
V	125610	2091
V	125672	2092
V	125736	2093
V	125798	2094
V	125861	2095
V	125917	2096
V	125979	2097
V	126042	2098
V	126103	2099
V	126166	2100
V	126229	2101
V	126284	2102
V	126345	2103
V	126408	2104
V	126463	2105
V	126524	2106
V	126579	2107
V	126641	2108
V	126704	2109
V	126759	2110
V	126822	2111
V	126883	2112
V	126938	2113
V	126993	2114
V	127054	2115
V	127109	2116
V	127170	2117
V	127233	2118
V	127297	2119
V	127359	2120
V	127422	2121
V	127485	2122
V	127547	2123
V	127610	2124
V	127671	2125
V	127733	2126
V	127794	2127
V	127858	2128
V	127919	2129
V	127982	2130
V	128045	2131
V	128108	2132
V	128170	2133
V	128233	2134
V	128288	2135
V	128349	2136
V	128410	2137
V	128473	2138
V	128534	2139
V	128596	2140
V	128657	2141
V	128712	2142
V	128767	2143
V	128828	2144
V	128891	2145
V	128946	2146
V	129009	2147
V	129070	2148
V	129134	2149
V	129198	2150
V	129261	2151
V	129322	2152
V	129377	2153
V	129440	2154
V	129495	2155
V	129557	2156
V	129612	2157
V	129674	2158
V	129729	2159
V	129791	2160
V	129846	2161
V	129910	2162
V	129972	2163
V	130035	2164
V	130097	2165
V	130153	2166
V	130216	2167
V	130272	2168
V	130333	2169
V	130396	2170
V	130458	2171
V	130513	2172
V	130574	2173
V	130630	2174
V	130693	2175
V	130748	2176
V	130809	2177
V	130872	2178
V	130927	2179
V	130988	2180
V	131043	2181
V	131098	2182
V	131161	2183
V	131223	2184
V	131284	2185
V	131345	2186
V	131407	2187
V	131470	2188
V	131534	2189
V	131589	2190
V	131652	2191
V	131714	2192
V	131777	2193
V	131838	2194
V	131900	2195
V	131962	2196
V	132025	2197
V	132080	2198
V	132135	2199
V	132198	2200
V	132262	2201
V	132317	2202
V	132378	2203
V	132440	2204
V	132501	2205
V	132563	2206
V	132625	2207
V	132687	2208
V	132743	2209
V	132804	2210
V	132867	2211
V	132929	2212
V	132991	2213
V	133054	2214
V	133116	2215
V	133179	2216
V	133241	2217
V	133303	2218
V	133365	2219
V	133428	2220
V	133484	2221
V	133540	2222
V	133604	2223
V	133667	2224
V	133729	2225
V	133784	2226
V	133847	2227
V	133909	2228
V	133971	2229
V	134035	2230
V	134090	2231
V	134154	2232
V	134217	2233
V	134280	2234
V	134342	2235
V	134403	2236
V	134458	2237
V	134520	2238
V	134584	2239
V	134645	2240
V	134709	2241
V	134765	2242
V	134827	2243
V	134890	2244
V	134951	2245
V	135013	2246
V	135075	2247
V	135137	2248
V	135200	2249
V	135256	2250
V	135318	2251
V	135380	2252
V	135443	2253
V	135505	2254
V	135566	2255
V	135627	2256
V	135689	2257
V	135751	2258
V	135806	2259
V	135867	2260
V	135928	2261
V	135991	2262
V	136052	2263
V	136113	2264
V	136176	2265
V	136231	2266
V	136293	2267
V	136354	2268
V	136415	2269
V	136477	2270
V	136532	2271
V	136594	2272
V	136656	2273
V	136711	2274
V	136773	2275
V	136837	2276
V	136900	2277
V	136961	2278
V	137016	2279
V	137071	2280
V	137133	2281
V	137189	2282
V	137252	2283
V	137314	2284
V	137377	2285
V	137441	2286
V	137503	2287
V	137564	2288
V	137619	2289
V	137681	2290
V	137736	2291
V	137799	2292
V	137862	2293
V	137924	2294
V	137985	2295
V	138041	2296
V	138103	2297
V	138158	2298
V	138221	2299
V	138282	2300
V	138346	2301
V	138409	2302
V	138464	2303
V	138525	2304
V	138588	2305
V	138643	2306
V	138704	2307
V	138760	2308
V	138822	2309
V	138883	2310
V	138945	2311
V	139006	2312
V	139068	2313
V	139132	2314
V	139195	2315
V	139256	2316
V	139312	2317
V	139375	2318
V	139436	2319
V	139497	2320
V	139558	2321
V	139619	2322
V	139675	2323
V	139730	2324
V	139785	2325
V	139848	2326
V	139909	2327
V	139972	2328
V	140035	2329
V	140091	2330
V	140153	2331
V	140216	2332
V	140280	2333
V	140336	2334
V	140398	2335
V	140462	2336
V	140524	2337
V	140579	2338
V	140641	2339
V	140703	2340
V	140765	2341
V	140828	2342
V	140892	2343
V	140953	2344
V	141016	2345
V	141071	2346
V	141126	2347
V	141181	2348
V	141242	2349
V	141305	2350
V	141366	2351
V	141428	2352
V	141491	2353
V	141547	2354
V	141610	2355
V	141673	2356
V	141736	2357
V	141799	2358
V	141862	2359
V	141925	2360
V	141980	2361
V	142042	2362
V	142104	2363
V	142167	2364
V	142230	2365
V	142292	2366
V	142348	2367
V	142411	2368
V	142474	2369
V	142536	2370
V	142598	2371
V	142659	2372
V	142722	2373
V	142784	2374
V	142846	2375
V	142907	2376
V	142969	2377
V	143024	2378
V	143086	2379
V	143148	2380
V	143211	2381
V	143273	2382
V	143335	2383
V	143390	2384
V	143445	2385
V	143508	2386
V	143571	2387
V	143635	2388
V	143690	2389
V	143752	2390
V	143814	2391
V	143869	2392
V	143925	2393
V	143987	2394
V	144050	2395
V	144113	2396
V	144168	2397
V	144229	2398
V	144291	2399
V	144353	2400
V	144415	2401
V	144477	2402
V	144540	2403
V	144602	2404
V	144663	2405
V	144724	2406
V	144780	2407
V	144835	2408
V	144896	2409
V	144960	2410
V	145021	2411
V	145083	2412
V	145139	2413
V	145201	2414
V	145264	2415
V	145327	2416
V	145382	2417
V	145437	2418
V	145500	2419
V	145563	2420
V	145626	2421
V	145688	2422
V	145751	2423
V	145814	2424
V	145869	2425
V	145931	2426
V	145995	2427
V	146058	2428
V	146119	2429
V	146175	2430
V	146236	2431
V	146298	2432
V	146360	2433
V	146416	2434
V	146478	2435
V	146533	2436
V	146597	2437
V	146660	2438
V	146721	2439
V	146783	2440
V	146844	2441
V	146908	2442
V	146971	2443
V	147033	2444
V	147095	2445
V	147158	2446
V	147219	2447
V	147282	2448
V	147344	2449
V	147407	2450
V	147468	2451
V	147529	2452
V	147591	2453
V	147654	2454
V	147710	2455
V	147773	2456
V	147836	2457
V	147891	2458
V	147954	2459
V	148009	2460
V	148064	2461
V	148127	2462
V	148189	2463
V	148250	2464
V	148313	2465
V	148375	2466
V	148436	2467
V	148499	2468
V	148563	2469
V	148625	2470
V	148688	2471
V	148744	2472
V	148806	2473
V	148862	2474
V	148925	2475
V	148980	2476
V	149035	2477
V	149098	2478
V	149161	2479
V	149222	2480
V	149285	2481
V	149348	2482
V	149411	2483
V	149473	2484
V	149535	2485
V	149596	2486
V	149659	2487
V	149721	2488
V	149784	2489
V	149847	2490
V	149908	2491
V	149971	2492
V	150035	2493
V	150098	2494
V	150159	2495
V	150220	2496
V	150283	2497
V	150344	2498
V	150399	2499
V	150455	2500
V	150517	2501
V	150580	2502
V	150644	2503
V	150707	2504
V	150762	2505
V	150817	2506
V	150879	2507
V	150934	2508
V	150990	2509
V	151045	2510
V	151108	2511
V	151171	2512
V	151233	2513
V	151295	2514
V	151358	2515
V	151420	2516
V	151482	2517
V	151544	2518
V	151605	2519
V	151667	2520
V	151728	2521
V	151790	2522
V	151852	2523
V	151915	2524
V	151971	2525
V	152032	2526
V	152094	2527
V	152158	2528
V	152221	2529
V	152276	2530
V	152338	2531
V	152401	2532
V	152464	2533
V	152519	2534
V	152581	2535
V	152644	2536
V	152708	2537
V	152771	2538
V	152834	2539
V	152896	2540
V	152958	2541
V	153020	2542
V	153083	2543
V	153145	2544
V	153207	2545
V	153268	2546
V	153332	2547
V	153396	2548
V	153459	2549
V	153520	2550
V	153583	2551
V	153646	2552
V	153709	2553
V	153772	2554
V	153834	2555
V	153896	2556
V	153960	2557
V	154023	2558
V	154087	2559
V	154151	2560
V	154214	2561
V	154278	2562
V	154340	2563
V	154395	2564
V	154458	2565
V	154513	2566
V	154576	2567
V	154631	2568
V	154693	2569
V	154755	2570
V	154818	2571
V	154874	2572
V	154937	2573
V	155001	2574
V	155056	2575
V	155111	2576
V	155166	2577
V	155228	2578
V	155284	2579
V	155347	2580
V	155409	2581
V	155472	2582
V	155533	2583
V	155595	2584
V	155657	2585
V	155720	2586
V	155783	2587
V	155839	2588
V	155902	2589
V	155958	2590
V	156021	2591
V	156082	2592
V	156143	2593
V	156207	2594
V	156262	2595
V	156325	2596
V	156381	2597
V	156442	2598
V	156505	2599
V	156567	2600
V	156629	2601
V	156684	2602
V	156739	2603
V	156800	2604
V	156862	2605
V	156917	2606
V	156979	2607
V	157041	2608
V	157103	2609
V	157166	2610
V	157221	2611
V	157276	2612
V	157338	2613
V	157393	2614
V	157456	2615
V	157519	2616
V	157575	2617
V	157638	2618
V	157701	2619
V	157762	2620
V	157817	2621
V	157880	2622
V	157935	2623
V	157996	2624
V	158058	2625
V	158121	2626
V	158183	2627
V	158246	2628
V	158301	2629
V	158357	2630
V	158418	2631
V	158480	2632
V	158543	2633
V	158599	2634
V	158661	2635
V	158722	2636
V	158785	2637
V	158847	2638
V	158908	2639
V	158971	2640
V	159027	2641
V	159089	2642
V	159145	2643
V	159208	2644
V	159271	2645
V	159333	2646
V	159396	2647
V	159458	2648
V	159522	2649
V	159577	2650
V	159640	2651
V	159701	2652
V	159763	2653
V	159819	2654
V	159882	2655
V	159943	2656
V	159998	2657
V	160059	2658
V	160120	2659
V	160175	2660
V	160238	2661
V	160301	2662
V	160356	2663
V	160418	2664
V	160480	2665
V	160543	2666
V	160604	2667
V	160667	2668
V	160729	2669
V	160791	2670
V	160852	2671
V	160908	2672
V	160969	2673
V	161031	2674
V	161086	2675
V	161148	2676
V	161211	2677
V	161274	2678
V	161335	2679
V	161390	2680
V	161452	2681
V	161515	2682
V	161578	2683
V	161634	2684
V	161697	2685
V	161752	2686
V	161814	2687
V	161878	2688
V	161940	2689
V	162001	2690
V	162057	2691
V	162112	2692
V	162173	2693
V	162228	2694
V	162283	2695
V	162344	2696
V	162405	2697
V	162460	2698
V	162524	2699
V	162585	2700
V	162641	2701
V	162702	2702
V	162757	2703
V	162813	2704
V	162876	2705
V	162931	2706
V	162992	2707
V	163047	2708
V	163110	2709
V	163173	2710
V	163229	2711
V	163284	2712
V	163347	2713
V	163402	2714
V	163465	2715
V	163527	2716
V	163590	2717
V	163652	2718
V	163707	2719
V	163762	2720
V	163825	2721
V	163889	2722
V	163952	2723
V	164014	2724
V	164069	2725
V	164124	2726
V	164179	2727
V	164242	2728
V	164304	2729
V	164366	2730
V	164421	2731
V	164483	2732
V	164545	2733
V	164609	2734
V	164673	2735
V	164728	2736
V	164790	2737
V	164852	2738
V	164908	2739
V	164969	2740
V	165032	2741
V	165094	2742
V	165156	2743
V	165211	2744
V	165273	2745
V	165335	2746
V	165390	2747
V	165451	2748
V	165506	2749
V	165568	2750
V	165629	2751
V	165693	2752
V	165748	2753
V	165804	2754
V	165866	2755
V	165927	2756
V	165982	2757
V	166037	2758
V	166092	2759
V	166153	2760
V	166208	2761
V	166269	2762
V	166330	2763
V	166393	2764
V	166455	2765
V	166517	2766
V	166578	2767
V	166642	2768
V	166705	2769
V	166767	2770
V	166828	2771
V	166890	2772
V	166952	2773
V	167015	2774
V	167077	2775
V	167139	2776
V	167201	2777
V	167256	2778
V	167318	2779
V	167373	2780
V	167436	2781
V	167491	2782
V	167554	2783
V	167617	2784
V	167680	2785
V	167736	2786
V	167797	2787
V	167860	2788
V	167922	2789
V	167983	2790
V	168047	2791
V	168108	2792
V	168169	2793
V	168230	2794
V	168292	2795
V	168347	2796
V	168409	2797
V	168471	2798
V	168533	2799
V	168589	2800
V	168644	2801
V	168699	2802
V	168763	2803
V	168826	2804
V	168890	2805
V	168952	2806
V	169014	2807
V	169075	2808
V	169136	2809
V	169191	2810
V	169252	2811
V	169315	2812
V	169376	2813
V	169439	2814
V	169494	2815
V	169555	2816
V	169611	2817
V	169673	2818
V	169736	2819
V	169791	2820
V	169853	2821
V	169908	2822
V	169964	2823
V	170019	2824
V	170074	2825
V	170136	2826
V	170198	2827
V	170253	2828
V	170317	2829
V	170380	2830
V	170441	2831
V	170502	2832
V	170565	2833
V	170620	2834
V	170675	2835
V	170737	2836
V	170798	2837
V	170861	2838
V	170916	2839
V	170977	2840
V	171039	2841
V	171094	2842
V	171149	2843
V	171212	2844
V	171274	2845
V	171337	2846
V	171400	2847
V	171455	2848
V	171510	2849
V	171565	2850
V	171626	2851
V	171690	2852
V	171745	2853
V	171808	2854
V	171871	2855
V	171932	2856
V	171987	2857
V	172042	2858
V	172105	2859
V	172161	2860
V	172224	2861
V	172287	2862
V	172348	2863
V	172404	2864
V	172465	2865
V	172520	2866
V	172583	2867
V	172646	2868
V	172710	2869
V	172774	2870
V	172836	2871
V	172900	2872
V	172955	2873
V	173017	2874
V	173079	2875
V	173141	2876
V	173203	2877
V	173266	2878
V	173321	2879
V	173383	2880
V	173444	2881
V	173506	2882
V	173568	2883
V	173630	2884
V	173694	2885
V	173750	2886
V	173814	2887
V	173876	2888
V	173939	2889
V	173995	2890
V	174056	2891
V	174111	2892
V	174172	2893
V	174235	2894
V	174290	2895
V	174351	2896
V	174407	2897
V	174469	2898
V	174531	2899
V	174592	2900
V	174653	2901
V	174714	2902
V	174769	2903
V	174825	2904
V	174888	2905
V	174944	2906
V	175007	2907
V	175070	2908
V	175132	2909
V	175193	2910
V	175248	2911
V	175310	2912
V	175372	2913
V	175435	2914
V	175491	2915
V	175546	2916
V	175609	2917
V	175671	2918
V	175733	2919
V	175788	2920
V	175851	2921
V	175906	2922
V	175968	2923
V	176023	2924
V	176078	2925
V	176133	2926
V	176195	2927
V	176258	2928
V	176319	2929
V	176383	2930
V	176438	2931
V	176500	2932
V	176562	2933
V	176624	2934
V	176687	2935
V	176748	2936
V	176812	2937
V	176873	2938
V	176929	2939
V	176991	2940
V	177053	2941
V	177114	2942
V	177177	2943
V	177241	2944
V	177302	2945
V	177357	2946
V	177420	2947
V	177475	2948
V	177536	2949
V	177592	2950
V	177647	2951
V	177702	2952
V	177757	2953
V	177821	2954
V	177876	2955
V	177931	2956
V	177994	2957
V	178056	2958
V	178118	2959
V	178181	2960
V	178243	2961
V	178298	2962
V	178360	2963
V	178422	2964
V	178484	2965
V	178539	2966
V	178602	2967
V	178665	2968
V	178729	2969
V	178790	2970
V	178853	2971
V	178917	2972
V	178980	2973
V	179043	2974
V	179106	2975
V	179167	2976
V	179231	2977
V	179293	2978
V	179355	2979
V	179417	2980
V	179472	2981
V	179535	2982
V	179596	2983
V	179658	2984
V	179720	2985
V	179783	2986
V	179844	2987
V	179900	2988
V	179963	2989
V	180018	2990
V	180081	2991
V	180136	2992
V	180198	2993
V	180262	2994
V	180317	2995
V	180372	2996
V	180434	2997
V	180495	2998
V	180556	2999
V	180611	3000
V	180673	3001
V	180736	3002
V	180799	3003
V	180863	3004
V	180925	3005
V	180987	3006
V	181042	3007
V	181098	3008
V	181153	3009
V	181209	3010
V	181272	3011
V	181333	3012
V	181388	3013
V	181443	3014
V	181506	3015
V	181568	3016
V	181629	3017
V	181691	3018
V	181746	3019
V	181801	3020
V	181857	3021
V	181912	3022
V	181974	3023
V	182030	3024
V	182092	3025
V	182155	3026
V	182210	3027
V	182273	3028
V	182334	3029
V	182396	3030
V	182457	3031
V	182520	3032
V	182582	3033
V	182646	3034
V	182708	3035
V	182771	3036
V	182834	3037
V	182895	3038
V	182957	3039
V	183019	3040
V	183074	3041
V	183136	3042
V	183198	3043
V	183253	3044
V	183314	3045
V	183369	3046
V	183432	3047
V	183488	3048
V	183552	3049
V	183614	3050
V	183676	3051
V	183737	3052
V	183798	3053
V	183862	3054
V	183923	3055
V	183986	3056
V	184048	3057
V	184104	3058
V	184165	3059
V	184220	3060
V	184284	3061
V	184348	3062
V	184410	3063
V	184473	3064
V	184528	3065
V	184589	3066
V	184652	3067
V	184716	3068
V	184779	3069
V	184841	3070
V	184904	3071
V	184965	3072
V	185027	3073
V	185090	3074
V	185153	3075
V	185216	3076
V	185272	3077
V	185328	3078
V	185389	3079
V	185450	3080
V	185511	3081
V	185573	3082
V	185636	3083
V	185699	3084
V	185755	3085
V	185816	3086
V	185872	3087
V	185933	3088
V	185996	3089
V	186059	3090
V	186123	3091
V	186187	3092
V	186242	3093
V	186305	3094
V	186360	3095
V	186421	3096
V	186483	3097
V	186546	3098
V	186609	3099
V	186670	3100
V	186731	3101
V	186786	3102
V	186841	3103
V	186903	3104
V	186964	3105
V	187019	3106
V	187082	3107
V	187137	3108
V	187199	3109
V	187261	3110
V	187323	3111
V	187384	3112
V	187447	3113
V	187503	3114
V	187566	3115
V	187629	3116
V	187685	3117
V	187740	3118
V	187802	3119
V	187863	3120
V	187926	3121
V	187987	3122
V	188042	3123
V	188104	3124
V	188166	3125
V	188221	3126
V	188284	3127
V	188347	3128
V	188410	3129
V	188473	3130
V	188536	3131
V	188599	3132
V	188661	3133
V	188724	3134
V	188785	3135
V	188847	3136
V	188908	3137
V	188969	3138
V	189030	3139
V	189092	3140
V	189147	3141
V	189202	3142
V	189257	3143
V	189312	3144
V	189374	3145
V	189430	3146
V	189492	3147
V	189547	3148
V	189608	3149
V	189669	3150
V	189725	3151
V	189781	3152
V	189837	3153
V	189900	3154
V	189962	3155
V	190024	3156
V	190080	3157
V	190141	3158
V	190196	3159
V	190259	3160
V	190322	3161
V	190384	3162
V	190445	3163
V	190507	3164
V	190570	3165
V	190633	3166
V	190697	3167
V	190759	3168
V	190821	3169
V	190883	3170
V	190944	3171
V	191008	3172
V	191070	3173
V	191125	3174
V	191187	3175
V	191250	3176
V	191313	3177
V	191369	3178
V	191424	3179
V	191486	3180
V	191548	3181
V	191611	3182
V	191666	3183
V	191728	3184
V	191791	3185
V	191853	3186
V	191916	3187
V	191979	3188
V	192041	3189
V	192105	3190
V	192160	3191
V	192215	3192
V	192271	3193
V	192333	3194
V	192395	3195
V	192457	3196
V	192512	3197
V	192575	3198
V	192636	3199
V	192697	3200
V	192753	3201
V	192814	3202
V	192869	3203
V	192933	3204
V	192989	3205
V	193053	3206
V	193115	3207
V	193170	3208
V	193226	3209
V	193289	3210
V	193351	3211
V	193406	3212
V	193469	3213
V	193532	3214
V	193594	3215
V	193649	3216
V	193704	3217
V	193759	3218
V	193822	3219
V	193884	3220
V	193947	3221
V	194010	3222
V	194073	3223
V	194134	3224
V	194195	3225
V	194257	3226
V	194318	3227
V	194379	3228
V	194441	3229
V	194503	3230
V	194566	3231
V	194628	3232
V	194683	3233
V	194738	3234
V	194801	3235
V	194863	3236
V	194918	3237
V	194979	3238
V	195042	3239
V	195097	3240
V	195159	3241
V	195220	3242
V	195282	3243
V	195344	3244
V	195406	3245
V	195467	3246
V	195530	3247
V	195593	3248
V	195654	3249
V	195716	3250
V	195778	3251
V	195840	3252
V	195903	3253
V	195966	3254
V	196028	3255
V	196090	3256
V	196153	3257
V	196217	3258
V	196278	3259
V	196334	3260
V	196395	3261
V	196458	3262
V	196519	3263
V	196574	3264
V	196637	3265
V	196698	3266
V	196760	3267
V	196815	3268
V	196878	3269
V	196940	3270
V	197003	3271
V	197065	3272
V	197127	3273
V	197189	3274
V	197244	3275
V	197299	3276
V	197354	3277
V	197416	3278
V	197478	3279
V	197541	3280
V	197603	3281
V	197666	3282
V	197728	3283
V	197791	3284
V	197853	3285
V	197915	3286
V	197979	3287
V	198042	3288
V	198106	3289
V	198161	3290
V	198224	3291
V	198286	3292
V	198347	3293
V	198402	3294
V	198457	3295
V	198520	3296
V	198581	3297
V	198643	3298
V	198706	3299
V	198769	3300
V	198824	3301
V	198886	3302
V	198949	3303
V	199012	3304
V	199068	3305
V	199131	3306
V	199195	3307
V	199250	3308
V	199311	3309
V	199373	3310
V	199435	3311
V	199497	3312
V	199559	3313
V	199614	3314
V	199677	3315
V	199740	3316
V	199795	3317
V	199857	3318
V	199921	3319
V	199976	3320
V	200031	3321
V	200094	3322
V	200149	3323
V	200212	3324
V	200275	3325
V	200336	3326
V	200398	3327
V	200461	3328
V	200524	3329
V	200585	3330
V	200648	3331
V	200709	3332
V	200764	3333
V	200826	3334
V	200887	3335
V	200942	3336
V	201004	3337
V	201059	3338
V	201114	3339
V	201178	3340
V	201233	3341
V	201295	3342
V	201357	3343
V	201418	3344
V	201481	3345
V	201542	3346
V	201605	3347
V	201666	3348
V	201729	3349
V	201790	3350
V	201853	3351
V	201915	3352
V	201971	3353
V	202034	3354
V	202095	3355
V	202159	3356
V	202222	3357
V	202277	3358
V	202339	3359
V	202403	3360
V	202466	3361
V	202529	3362
V	202590	3363
V	202645	3364
V	202706	3365
V	202762	3366
V	202826	3367
V	202887	3368
V	202950	3369
V	203011	3370
V	203072	3371
V	203135	3372
V	203196	3373
V	203257	3374
V	203320	3375
V	203383	3376
V	203445	3377
V	203508	3378
V	203563	3379
V	203625	3380
V	203686	3381
V	203742	3382
V	203803	3383
V	203865	3384
V	203920	3385
V	203983	3386
V	204039	3387
V	204100	3388
V	204162	3389
V	204225	3390
V	204280	3391
V	204341	3392
V	204404	3393
V	204466	3394
V	204522	3395
V	204585	3396
V	204641	3397
V	204697	3398
V	204759	3399
V	204820	3400
V	204881	3401
V	204936	3402
V	204999	3403
V	205062	3404
V	205124	3405
V	205188	3406
V	205249	3407
V	205310	3408
V	205372	3409
V	205434	3410
V	205489	3411
V	205551	3412
V	205613	3413
V	205668	3414
V	205730	3415
V	205785	3416
V	205847	3417
V	205908	3418
V	205963	3419
V	206025	3420
V	206086	3421
V	206148	3422
V	206209	3423
V	206265	3424
V	206326	3425
V	206390	3426
V	206451	3427
V	206513	3428
V	206569	3429
V	206630	3430
V	206685	3431
V	206747	3432
V	206810	3433
V	206866	3434
V	206928	3435
V	206990	3436
V	207052	3437
V	207113	3438
V	207176	3439
V	207239	3440
V	207295	3441
V	207357	3442
V	207420	3443
V	207481	3444
V	207536	3445
V	207598	3446
V	207659	3447
V	207714	3448
V	207777	3449
V	207840	3450
V	207904	3451
V	207965	3452
V	208027	3453
V	208088	3454
V	208152	3455
V	208214	3456
V	208278	3457
V	208340	3458
V	208401	3459
V	208456	3460
V	208519	3461
V	208580	3462
V	208636	3463
V	208691	3464
V	208747	3465
V	208811	3466
V	208867	3467
V	208929	3468
V	208992	3469
V	209053	3470
V	209117	3471
V	209179	3472
V	209241	3473
V	209302	3474
V	209364	3475
V	209427	3476
V	209488	3477
V	209549	3478
V	209604	3479
V	209665	3480
V	209721	3481
V	209784	3482
V	209846	3483
V	209908	3484
V	209970	3485
V	210025	3486
V	210088	3487
V	210149	3488
V	210211	3489
V	210266	3490
V	210328	3491
V	210383	3492
V	210444	3493
V	210506	3494
V	210570	3495
V	210632	3496
V	210693	3497
V	210754	3498
V	210817	3499
V	210879	3500
V	210940	3501
V	211002	3502
V	211057	3503
V	211120	3504
V	211182	3505
V	211244	3506
V	211299	3507
V	211362	3508
V	211417	3509
V	211480	3510
V	211542	3511
V	211603	3512
V	211664	3513
V	211719	3514
V	211781	3515
V	211836	3516
V	211900	3517
V	211955	3518
V	212018	3519
V	212081	3520
V	212142	3521
V	212205	3522
V	212266	3523
V	212329	3524
V	212392	3525
V	212447	3526
V	212502	3527
V	212557	3528
V	212619	3529
V	212682	3530
V	212743	3531
V	212807	3532
V	212868	3533
V	212929	3534
V	212992	3535
V	213053	3536
V	213116	3537
V	213180	3538
V	213243	3539
V	213298	3540
V	213359	3541
V	213422	3542
V	213484	3543
V	213545	3544
V	213607	3545
V	213671	3546
V	213733	3547
V	213788	3548
V	213850	3549
V	213912	3550
V	213975	3551
V	214036	3552
V	214098	3553
V	214160	3554
V	214222	3555
V	214277	3556
V	214332	3557
V	214395	3558
V	214450	3559
V	214513	3560
V	214568	3561
V	214631	3562
V	214695	3563
V	214758	3564
V	214819	3565
V	214883	3566
V	214945	3567
V	215008	3568
V	215071	3569
V	215132	3570
V	215193	3571
V	215255	3572
V	215311	3573
V	215366	3574
V	215429	3575
V	215491	3576
V	215554	3577
V	215617	3578
V	215681	3579
V	215744	3580
V	215799	3581
V	215861	3582
V	215923	3583
V	215984	3584
V	216039	3585
V	216100	3586
V	216161	3587
V	216224	3588
V	216286	3589
V	216348	3590
V	216410	3591
V	216472	3592
V	216535	3593
V	216597	3594
V	216661	3595
V	216722	3596
V	216784	3597
V	216839	3598
V	216901	3599
V	216962	3600
V	217024	3601
V	217085	3602
V	217140	3603
V	217195	3604
V	217256	3605
V	217320	3606
V	217376	3607
V	217439	3608
V	217502	3609
V	217557	3610
V	217619	3611
V	217674	3612
V	217737	3613
V	217799	3614
V	217860	3615
V	217923	3616
V	217986	3617
V	218049	3618
V	218110	3619
V	218165	3620
V	218220	3621
V	218276	3622
V	218340	3623
V	218402	3624
V	218464	3625
V	218525	3626
V	218586	3627
V	218647	3628
V	218709	3629
V	218771	3630
V	218834	3631
V	218889	3632
V	218951	3633
V	219013	3634
V	219068	3635
V	219124	3636
V	219187	3637
V	219249	3638
V	219310	3639
V	219372	3640
V	219434	3641
V	219497	3642
V	219560	3643
V	219615	3644
V	219671	3645
V	219733	3646
V	219794	3647
V	219855	3648
V	219910	3649
V	219972	3650
V	220033	3651
V	220088	3652
V	220149	3653
V	220211	3654
V	220266	3655
V	220328	3656
V	220392	3657
V	220447	3658
V	220502	3659
V	220557	3660
V	220618	3661
V	220681	3662
V	220742	3663
V	220806	3664
V	220867	3665
V	220929	3666
V	220991	3667
V	221052	3668
V	221107	3669
V	221171	3670
V	221233	3671
V	221288	3672
V	221349	3673
V	221411	3674
V	221472	3675
V	221528	3676
V	221583	3677
V	221646	3678
V	221708	3679
V	221763	3680
V	221818	3681
V	221879	3682
V	221934	3683
V	221989	3684
V	222044	3685
V	222107	3686
V	222170	3687
V	222232	3688
V	222295	3689
V	222351	3690
V	222406	3691
V	222467	3692
V	222529	3693
V	222590	3694
V	222645	3695
V	222708	3696
V	222770	3697
V	222834	3698
V	222890	3699
V	222951	3700
V	223013	3701
V	223076	3702
V	223138	3703
V	223201	3704
V	223265	3705
V	223320	3706
V	223382	3707
V	223443	3708
V	223505	3709
V	223560	3710
V	223615	3711
V	223677	3712
V	223739	3713
V	223800	3714
V	223862	3715
V	223917	3716
V	223979	3717
V	224042	3718
V	224105	3719
V	224166	3720
V	224221	3721
V	224282	3722
V	224337	3723
V	224401	3724
V	224464	3725
V	224520	3726
V	224583	3727
V	224646	3728
V	224708	3729
V	224771	3730
V	224832	3731
V	224896	3732
V	224958	3733
V	225022	3734
V	225083	3735
V	225138	3736
V	225200	3737
V	225256	3738
V	225318	3739
V	225381	3740
V	225437	3741
V	225492	3742
V	225547	3743
V	225608	3744
V	225663	3745
V	225726	3746
V	225787	3747
V	225843	3748
V	225898	3749
V	225960	3750
V	226015	3751
V	226079	3752
V	226143	3753
V	226206	3754
V	226270	3755
V	226332	3756
V	226387	3757
V	226449	3758
V	226513	3759
V	226577	3760
V	226641	3761
V	226697	3762
V	226752	3763
V	226807	3764
V	226868	3765
V	226930	3766
V	226986	3767
V	227047	3768
V	227108	3769
V	227169	3770
V	227233	3771
V	227297	3772
V	227352	3773
V	227416	3774
V	227478	3775
V	227541	3776
V	227604	3777
V	227668	3778
V	227731	3779
V	227792	3780
V	227856	3781
V	227918	3782
V	227979	3783
V	228042	3784
V	228097	3785
V	228161	3786
V	228224	3787
V	228285	3788
V	228340	3789
V	228403	3790
V	228464	3791
V	228526	3792
V	228589	3793
V	228650	3794
V	228705	3795
V	228760	3796
V	228822	3797
V	228883	3798
V	228946	3799
V	229007	3800
V	229068	3801
V	229130	3802
V	229191	3803
V	229252	3804
V	229315	3805
V	229376	3806
V	229439	3807
V	229495	3808
V	229558	3809
V	229622	3810
V	229683	3811
V	229738	3812
V	229794	3813
V	229855	3814
V	229918	3815
V	229974	3816
V	230035	3817
V	230096	3818
V	230158	3819
V	230221	3820
V	230276	3821
V	230331	3822
V	230393	3823
V	230455	3824
V	230518	3825
V	230580	3826
V	230642	3827
V	230704	3828
V	230766	3829
V	230829	3830
V	230891	3831
V	230954	3832
V	231016	3833
V	231078	3834
V	231142	3835
V	231205	3836
V	231267	3837
V	231322	3838
V	231377	3839
V	231440	3840
V	231504	3841
V	231560	3842
V	231622	3843
V	231684	3844
V	231745	3845
V	231808	3846
V	231871	3847
V	231933	3848
V	231988	3849
V	232051	3850
V	232115	3851
V	232177	3852
V	232239	3853
V	232301	3854
V	232365	3855
V	232420	3856
V	232482	3857
V	232544	3858
V	232607	3859
V	232671	3860
V	232726	3861
V	232781	3862
V	232837	3863
V	232901	3864
V	232964	3865
V	233025	3866
V	233080	3867
V	233141	3868
V	233204	3869
V	233259	3870
V	233315	3871
V	233378	3872
V	233439	3873
V	233494	3874
V	233555	3875
V	233616	3876
V	233680	3877
V	233735	3878
V	233798	3879
V	233854	3880
V	233918	3881
V	233981	3882
V	234044	3883
V	234106	3884
V	234169	3885
V	234225	3886
V	234281	3887
V	234336	3888
V	234399	3889
V	234454	3890
V	234515	3891
V	234570	3892
V	234633	3893
V	234696	3894
V	234751	3895
V	234812	3896
V	234867	3897
V	234923	3898
V	234986	3899
V	235048	3900
V	235111	3901
V	235173	3902
V	235228	3903
V	235283	3904
V	235346	3905
V	235401	3906
V	235464	3907
V	235527	3908
V	235590	3909
V	235652	3910
V	235714	3911
V	235776	3912
V	235839	3913
V	235901	3914
V	235963	3915
V	236024	3916
V	236079	3917
V	236142	3918
V	236205	3919
V	236267	3920
V	236328	3921
V	236390	3922
V	236451	3923
V	236507	3924
V	236568	3925
V	236623	3926
V	236686	3927
V	236741	3928
V	236796	3929
V	236851	3930
V	236914	3931
V	236976	3932
V	237038	3933
V	237100	3934
V	237163	3935
V	237225	3936
V	237287	3937
V	237348	3938
V	237409	3939
V	237472	3940
V	237534	3941
V	237597	3942
V	237660	3943
V	237723	3944
V	237784	3945
V	237845	3946
V	237907	3947
V	237971	3948
V	238035	3949
V	238096	3950
V	238151	3951
V	238214	3952
V	238276	3953
V	238337	3954
V	238398	3955
V	238453	3956
V	238514	3957
V	238578	3958
V	238641	3959
V	238704	3960
V	238766	3961
V	238821	3962
V	238876	3963
V	238937	3964
V	239000	3965
V	239061	3966
V	239124	3967
V	239179	3968
V	239241	3969
V	239302	3970
V	239365	3971
V	239426	3972
V	239488	3973
V	239551	3974
V	239614	3975
V	239675	3976
V	239736	3977
V	239792	3978
V	239853	3979
V	239916	3980
V	239971	3981
V	240026	3982
V	240082	3983
V	240144	3984
V	240206	3985
V	240261	3986
V	240324	3987
V	240388	3988
V	240443	3989
V	240499	3990
V	240561	3991
V	240623	3992
V	240678	3993
V	240739	3994
V	240800	3995
V	240863	3996
V	240924	3997
V	240979	3998
V	241034	3999
V	241095	4000
V	241156	4001
V	241217	4002
V	241278	4003
V	241333	4004
V	241396	4005
V	241451	4006
V	241515	4007
V	241578	4008
V	241641	4009
V	241702	4010
V	241758	4011
V	241821	4012
V	241883	4013
V	241938	4014
V	242001	4015
V	242062	4016
V	242124	4017
V	242188	4018
V	242251	4019
V	242313	4020
V	242376	4021
V	242437	4022
V	242499	4023
V	242561	4024
V	242622	4025
V	242685	4026
V	242748	4027
V	242811	4028
V	242873	4029
V	242935	4030
V	242998	4031
V	243060	4032
V	243115	4033
V	243176	4034
V	243231	4035
V	243295	4036
V	243356	4037
V	243417	4038
V	243473	4039
V	243534	4040
V	243589	4041
V	243652	4042
V	243707	4043
V	243769	4044
V	243831	4045
V	243895	4046
V	243956	4047
V	244018	4048
V	244081	4049
V	244137	4050
V	244193	4051
V	244249	4052
V	244312	4053
V	244374	4054
V	244429	4055
V	244490	4056
V	244553	4057
V	244615	4058
V	244678	4059
V	244741	4060
V	244804	4061
V	244866	4062
V	244921	4063
V	244982	4064
V	245045	4065
V	245107	4066
V	245169	4067
V	245224	4068
V	245279	4069
V	245335	4070
V	245390	4071
V	245445	4072
V	245506	4073
V	245568	4074
V	245629	4075
V	245691	4076
V	245754	4077
V	245817	4078
V	245878	4079
V	245939	4080
V	246001	4081
V	246063	4082
V	246125	4083
V	246180	4084
V	246243	4085
V	246298	4086
V	246360	4087
V	246416	4088
V	246477	4089
V	246541	4090
V	246603	4091
V	246658	4092
V	246714	4093
V	246775	4094
V	246830	4095
V	246885	4096
V	246940	4097
V	247001	4098
V	247062	4099
V	247123	4100
V	247185	4101
V	247248	4102
V	247311	4103
V	247374	4104
V	247438	4105
V	247501	4106
V	247556	4107
V	247611	4108
V	247672	4109
V	247735	4110
V	247797	4111
V	247853	4112
V	247915	4113
V	247971	4114
V	248026	4115
V	248089	4116
V	248150	4117
V	248205	4118
V	248267	4119
V	248322	4120
V	248385	4121
V	248447	4122
V	248509	4123
V	248565	4124
V	248627	4125
V	248690	4126
V	248751	4127
V	248807	4128
V	248869	4129
V	248932	4130
V	248995	4131
V	249057	4132
V	249120	4133
V	249183	4134
V	249238	4135
V	249301	4136
V	249356	4137
V	249417	4138
V	249479	4139
V	249543	4140
V	249598	4141
V	249653	4142
V	249716	4143
V	249771	4144
V	249835	4145
V	249897	4146
V	249961	4147
V	250022	4148
V	250085	4149
V	250140	4150
V	250201	4151
V	250263	4152
V	250326	4153
V	250388	4154
V	250443	4155
V	250498	4156
V	250560	4157
V	250623	4158
V	250685	4159
V	250748	4160
V	250804	4161
V	250867	4162
V	250929	4163
V	250984	4164
V	251039	4165
V	251102	4166
V	251164	4167
V	251227	4168
V	251290	4169
V	251346	4170
V	251401	4171
V	251463	4172
V	251518	4173
V	251580	4174
V	251643	4175
V	251707	4176
V	251770	4177
V	251832	4178
V	251895	4179
V	251957	4180
V	252020	4181
V	252083	4182
V	252147	4183
V	252210	4184
V	252272	4185
V	252335	4186
V	252398	4187
V	252459	4188
V	252521	4189
V	252576	4190
V	252631	4191
V	252693	4192
V	252755	4193
V	252817	4194
V	252880	4195
V	252935	4196
V	252999	4197
V	253061	4198
V	253125	4199
V	253188	4200
V	253251	4201
V	253314	4202
V	253369	4203
V	253431	4204
V	253492	4205
V	253554	4206
V	253616	4207
V	253671	4208
V	253733	4209
V	253788	4210
V	253850	4211
V	253913	4212
V	253969	4213
V	254032	4214
V	254087	4215
V	254149	4216
V	254204	4217
V	254267	4218
V	254329	4219
V	254385	4220
V	254447	4221
V	254511	4222
V	254566	4223
V	254621	4224
V	254682	4225
V	254737	4226
V	254792	4227
V	254854	4228
V	254909	4229
V	254964	4230
V	255026	4231
V	255081	4232
V	255143	4233
V	255198	4234
V	255253	4235
V	255316	4236
V	255378	4237
V	255441	4238
V	255496	4239
V	255558	4240
V	255621	4241
V	255676	4242
V	255738	4243
V	255793	4244
V	255849	4245
V	255910	4246
V	255972	4247
V	256034	4248
V	256098	4249
V	256153	4250
V	256214	4251
V	256276	4252
V	256338	4253
V	256399	4254
V	256460	4255
V	256522	4256
V	256583	4257
V	256644	4258
V	256699	4259
V	256754	4260
V	256815	4261
V	256879	4262
V	256940	4263
V	257003	4264
V	257059	4265
V	257122	4266
V	257184	4267
V	257247	4268
V	257302	4269
V	257364	4270
V	257426	4271
V	257481	4272
V	257542	4273
V	257604	4274
V	257667	4275
V	257730	4276
V	257792	4277
V	257854	4278
V	257915	4279
V	257978	4280
V	258041	4281
V	258104	4282
V	258167	4283
V	258229	4284
V	258292	4285
V	258355	4286
V	258417	4287
V	258479	4288
V	258543	4289
V	258607	4290
V	258662	4291
V	258723	4292
V	258784	4293
V	258848	4294
V	258903	4295
V	258959	4296
V	259022	4297
V	259084	4298
V	259146	4299
V	259208	4300
V	259269	4301
V	259324	4302
V	259385	4303
V	259449	4304
V	259512	4305
V	259568	4306
V	259623	4307
V	259678	4308
V	259740	4309
V	259803	4310
V	259858	4311
V	259920	4312
V	259983	4313
V	260046	4314
V	260107	4315
V	260169	4316
V	260224	4317
V	260287	4318
V	260351	4319
V	260413	4320
V	260469	4321
V	260532	4322
V	260587	4323
V	260648	4324
V	260710	4325
V	260773	4326
V	260828	4327
V	260892	4328
V	260947	4329
V	261010	4330
V	261071	4331
V	261132	4332
V	261195	4333
V	261256	4334
V	261318	4335
V	261373	4336
V	261435	4337
V	261496	4338
V	261559	4339
V	261622	4340
V	261678	4341
V	261740	4342
V	261804	4343
V	261867	4344
V	261930	4345
V	261985	4346
V	262048	4347
V	262111	4348
V	262174	4349
V	262238	4350
V	262302	4351
V	262363	4352
V	262425	4353
V	262488	4354
V	262549	4355
V	262610	4356
V	262672	4357
V	262736	4358
V	262798	4359
V	262861	4360
V	262916	4361
V	262979	4362
V	263034	4363
V	263096	4364
V	263159	4365
V	263222	4366
V	263283	4367
V	263346	4368
V	263402	4369
V	263458	4370
V	263520	4371
V	263582	4372
V	263644	4373
V	263707	4374
V	263769	4375
V	263832	4376
V	263893	4377
V	263954	4378
V	264016	4379
V	264071	4380
V	264135	4381
V	264196	4382
V	264257	4383
V	264320	4384
V	264381	4385
V	264444	4386
V	264499	4387
V	264555	4388
V	264617	4389
V	264681	4390
V	264743	4391
V	264798	4392
V	264861	4393
V	264922	4394
V	264985	4395
V	265048	4396
V	265111	4397
V	265174	4398
V	265237	4399
V	265299	4400
V	265363	4401
V	265424	4402
V	265487	4403
V	265549	4404
V	265610	4405
V	265671	4406
V	265726	4407
V	265788	4408
V	265851	4409
V	265913	4410
V	265975	4411
V	266036	4412
V	266097	4413
V	266160	4414
V	266223	4415
V	266278	4416
V	266333	4417
V	266396	4418
V	266457	4419
V	266512	4420
V	266573	4421
V	266634	4422
V	266689	4423
V	266752	4424
V	266815	4425
V	266870	4426
V	266926	4427
V	266981	4428
V	267037	4429
V	267098	4430
V	267162	4431
V	267217	4432
V	267272	4433
V	267334	4434
V	267395	4435
V	267457	4436
V	267519	4437
V	267580	4438
V	267643	4439
V	267699	4440
V	267761	4441
V	267823	4442
V	267886	4443
V	267949	4444
V	268005	4445
V	268068	4446
V	268129	4447
V	268192	4448
V	268255	4449
V	268318	4450
V	268381	4451
V	268437	4452
V	268493	4453
V	268554	4454
V	268615	4455
V	268677	4456
V	268739	4457
V	268800	4458
V	268861	4459
V	268917	4460
V	268980	4461
V	269042	4462
V	269103	4463
V	269158	4464
V	269220	4465
V	269283	4466
V	269346	4467
V	269409	4468
V	269471	4469
V	269526	4470
V	269587	4471
V	269650	4472
V	269711	4473
V	269772	4474
V	269833	4475
V	269888	4476
V	269951	4477
V	270012	4478
V	270073	4479
V	270137	4480
V	270199	4481
V	270262	4482
V	270324	4483
V	270379	4484
V	270441	4485
V	270504	4486
V	270566	4487
V	270629	4488
V	270691	4489
V	270746	4490
V	270801	4491
V	270864	4492
V	270926	4493
V	270990	4494
V	271045	4495
V	271100	4496
V	271162	4497
V	271224	4498
V	271279	4499
V	271342	4500
V	271398	4501
V	271461	4502
V	271516	4503
V	271579	4504
V	271641	4505
V	271704	4506
V	271767	4507
V	271822	4508
V	271884	4509
V	271940	4510
V	272003	4511
V	272064	4512
V	272125	4513
V	272188	4514
V	272243	4515
V	272305	4516
V	272367	4517
V	272429	4518
V	272484	4519
V	272546	4520
V	272610	4521
V	272665	4522
V	272720	4523
V	272781	4524
V	272837	4525
V	272892	4526
V	272954	4527
V	273009	4528
V	273064	4529
V	273127	4530
V	273190	4531
V	273253	4532
V	273316	4533
V	273379	4534
V	273441	4535
V	273496	4536
V	273552	4537
V	273608	4538
V	273671	4539
V	273734	4540
V	273797	4541
V	273860	4542
V	273923	4543
V	273984	4544
V	274046	4545
V	274107	4546
V	274169	4547
V	274231	4548
V	274293	4549
V	274356	4550
V	274411	4551
V	274466	4552
V	274529	4553
V	274584	4554
V	274648	4555
V	274710	4556
V	274771	4557
V	274833	4558
V	274895	4559
V	274958	4560
V	275020	4561
V	275083	4562
V	275139	4563
V	275201	4564
V	275257	4565
V	275312	4566
V	275367	4567
V	275429	4568
V	275491	4569
V	275554	4570
V	275617	4571
V	275678	4572
V	275733	4573
V	275788	4574
V	275852	4575
V	275913	4576
V	275974	4577
V	276029	4578
V	276084	4579
V	276147	4580
V	276208	4581
V	276271	4582
V	276332	4583
V	276387	4584
V	276449	4585
V	276511	4586
V	276566	4587
V	276629	4588
V	276691	4589
V	276754	4590
V	276815	4591
V	276879	4592
V	276934	4593
V	276997	4594
V	277059	4595
V	277121	4596
V	277185	4597
V	277248	4598
V	277309	4599
V	277370	4600
V	277433	4601
V	277488	4602
V	277549	4603
V	277610	4604
V	277674	4605
V	277730	4606
V	277786	4607
V	277850	4608
V	277906	4609
V	277969	4610
V	278032	4611
V	278094	4612
V	278155	4613
V	278210	4614
V	278273	4615
V	278334	4616
V	278395	4617
V	278458	4618
V	278521	4619
V	278577	4620
V	278639	4621
V	278700	4622
V	278762	4623
V	278825	4624
V	278886	4625
V	278941	4626
V	279003	4627
V	279065	4628
V	279126	4629
V	279187	4630
V	279249	4631
V	279312	4632
V	279375	4633
V	279436	4634
V	279497	4635
V	279560	4636
V	279623	4637
V	279679	4638
V	279742	4639
V	279797	4640
V	279860	4641
V	279916	4642
V	279979	4643
V	280041	4644
V	280104	4645
V	280165	4646
V	280228	4647
V	280289	4648
V	280344	4649
V	280406	4650
V	280468	4651
V	280524	4652
V	280587	4653
V	280643	4654
V	280706	4655
V	280761	4656
V	280823	4657
V	280885	4658
V	280949	4659
V	281013	4660
V	281074	4661
V	281136	4662
V	281199	4663
V	281262	4664
V	281324	4665
V	281387	4666
V	281449	4667
V	281510	4668
V	281571	4669
V	281632	4670
V	281694	4671
V	281750	4672
V	281811	4673
V	281874	4674
V	281936	4675
V	281998	4676
V	282061	4677
V	282124	4678
V	282187	4679
V	282248	4680
V	282309	4681
V	282372	4682
V	282427	4683
V	282489	4684
V	282552	4685
V	282614	4686
V	282669	4687
V	282732	4688
V	282795	4689
V	282857	4690
V	282912	4691
V	282973	4692
V	283036	4693
V	283097	4694
V	283160	4695
V	283216	4696
V	283279	4697
V	283334	4698
V	283397	4699
V	283458	4700
V	283522	4701
V	283585	4702
V	283649	4703
V	283712	4704
V	283775	4705
V	283830	4706
V	283886	4707
V	283949	4708
V	284010	4709
V	284072	4710
V	284127	4711
V	284190	4712
V	284253	4713
V	284314	4714
V	284375	4715
V	284437	4716
V	284499	4717
V	284562	4718
V	284617	4719
V	284673	4720
V	284736	4721
V	284799	4722
V	284862	4723
V	284923	4724
V	284986	4725
V	285047	4726
V	285110	4727
V	285174	4728
V	285230	4729
V	285291	4730
V	285353	4731
V	285416	4732
V	285477	4733
V	285532	4734
V	285587	4735
V	285649	4736
V	285705	4737
V	285768	4738
V	285830	4739
V	285891	4740
V	285946	4741
V	286008	4742
V	286071	4743
V	286134	4744
V	286195	4745
V	286250	4746
V	286313	4747
V	286376	4748
V	286431	4749
V	286494	4750
V	286555	4751
V	286611	4752
V	286675	4753
V	286730	4754
V	286792	4755
V	286853	4756
V	286915	4757
V	286970	4758
V	287032	4759
V	287088	4760
V	287150	4761
V	287213	4762
V	287274	4763
V	287329	4764
V	287391	4765
V	287446	4766
V	287502	4767
V	287563	4768
V	287626	4769
V	287681	4770
V	287744	4771
V	287806	4772
V	287862	4773
V	287923	4774
V	287978	4775
V	288039	4776
V	288101	4777
V	288162	4778
V	288224	4779
V	288287	4780
V	288350	4781
V	288413	4782
V	288468	4783
V	288530	4784
V	288591	4785
V	288654	4786
V	288717	4787
V	288778	4788
V	288840	4789
V	288902	4790
V	288965	4791
V	289020	4792
V	289083	4793
V	289139	4794
V	289202	4795
V	289263	4796
V	289319	4797
V	289382	4798
V	289445	4799
V	289509	4800
V	289572	4801
V	289635	4802
V	289696	4803
V	289759	4804
V	289820	4805
V	289883	4806
V	289946	4807
V	290009	4808
V	290070	4809
V	290131	4810
V	290194	4811
V	290256	4812
V	290312	4813
V	290367	4814
V	290423	4815
V	290484	4816
V	290547	4817
V	290611	4818
V	290674	4819
V	290737	4820
V	290800	4821
V	290863	4822
V	290926	4823
V	290990	4824
V	291053	4825
V	291116	4826
V	291172	4827
V	291234	4828
V	291296	4829
V	291359	4830
V	291422	4831
V	291485	4832
V	291546	4833
V	291609	4834
V	291664	4835
V	291720	4836
V	291782	4837
V	291844	4838
V	291905	4839
V	291966	4840
V	292027	4841
V	292090	4842
V	292145	4843
V	292207	4844
V	292263	4845
V	292327	4846
V	292382	4847
V	292445	4848
V	292506	4849
V	292568	4850
V	292629	4851
V	292690	4852
V	292752	4853
V	292814	4854
V	292870	4855
V	292932	4856
V	292994	4857
V	293057	4858
V	293119	4859
V	293182	4860
V	293237	4861
V	293292	4862
V	293353	4863
V	293415	4864
V	293477	4865
V	293539	4866
V	293602	4867
V	293663	4868
V	293724	4869
V	293786	4870
V	293841	4871
V	293905	4872
V	293961	4873
V	294024	4874
V	294086	4875
V	294141	4876
V	294196	4877
V	294258	4878
V	294322	4879
V	294384	4880
V	294446	4881
V	294510	4882
V	294573	4883
V	294628	4884
V	294690	4885
V	294745	4886
V	294807	4887
V	294868	4888
V	294930	4889
V	294993	4890
V	295056	4891
V	295112	4892
V	295174	4893
V	295229	4894
V	295291	4895
V	295347	4896
V	295409	4897
V	295471	4898
V	295532	4899
V	295593	4900
V	295656	4901
V	295719	4902
V	295782	4903
V	295843	4904
V	295905	4905
V	295967	4906
V	296029	4907
V	296090	4908
V	296151	4909
V	296212	4910
V	296275	4911
V	296337	4912
V	296401	4913
V	296456	4914
V	296511	4915
V	296573	4916
V	296628	4917
V	296689	4918
V	296750	4919
V	296811	4920
V	296867	4921
V	296929	4922
V	296984	4923
V	297039	4924
V	297103	4925
V	297165	4926
V	297226	4927
V	297290	4928
V	297354	4929
V	297416	4930
V	297478	4931
V	297533	4932
V	297596	4933
V	297657	4934
V	297720	4935
V	297775	4936
V	297837	4937
V	297899	4938
V	297961	4939
V	298023	4940
V	298078	4941
V	298141	4942
V	298196	4943
V	298259	4944
V	298320	4945
V	298382	4946
V	298445	4947
V	298501	4948
V	298564	4949
V	298626	4950
V	298689	4951
V	298750	4952
V	298805	4953
V	298860	4954
V	298923	4955
V	298986	4956
V	299048	4957
V	299103	4958
V	299165	4959
V	299227	4960
V	299289	4961
V	299350	4962
V	299411	4963
V	299467	4964
V	299528	4965
V	299583	4966
V	299639	4967
V	299695	4968
V	299756	4969
V	299818	4970
V	299880	4971
V	299943	4972
V	300005	4973
V	300069	4974
V	300131	4975
V	300186	4976
V	300249	4977
V	300304	4978
V	300359	4979
V	300422	4980
V	300478	4981
V	300540	4982
V	300603	4983
V	300666	4984
V	300729	4985
V	300793	4986
V	300856	4987
V	300911	4988
V	300966	4989
V	301030	4990
V	301093	4991
V	301156	4992
V	301220	4993
V	301275	4994
V	301336	4995
V	301398	4996
V	301453	4997
V	301508	4998
V	301570	4999
V	301625	5000
V	301680	5001
V	301735	5002
V	301797	5003
V	301858	5004
V	301919	5005
V	301980	5006
V	302035	5007
V	302098	5008
V	302153	5009
V	302214	5010
V	302277	5011
V	302338	5012
V	302394	5013
V	302456	5014
V	302519	5015
V	302583	5016
V	302646	5017
V	302701	5018
V	302765	5019
V	302826	5020
V	302881	5021
V	302936	5022
V	302999	5023
V	303062	5024
V	303117	5025
V	303180	5026
V	303241	5027
V	303304	5028
V	303367	5029
V	303430	5030
V	303492	5031
V	303548	5032
V	303611	5033
V	303672	5034
V	303735	5035
V	303798	5036
V	303860	5037
V	303923	5038
V	303986	5039
V	304041	5040
V	304097	5041
V	304159	5042
V	304222	5043
V	304285	5044
V	304348	5045
V	304411	5046
V	304475	5047
V	304530	5048
V	304592	5049
V	304653	5050
V	304708	5051
V	304769	5052
V	304832	5053
V	304888	5054
V	304951	5055
V	305014	5056
V	305069	5057
V	305131	5058
V	305186	5059
V	305247	5060
V	305302	5061
V	305363	5062
V	305426	5063
V	305482	5064
V	305544	5065
V	305605	5066
V	305666	5067
V	305727	5068
V	305789	5069
V	305852	5070
V	305907	5071
V	305970	5072
V	306031	5073
V	306093	5074
V	306148	5075
V	306210	5076
V	306272	5077
V	306328	5078
V	306391	5079
V	306453	5080
V	306515	5081
V	306571	5082
V	306626	5083
V	306681	5084
V	306745	5085
V	306808	5086
V	306870	5087
V	306932	5088
V	306993	5089
V	307055	5090
V	307118	5091
V	307179	5092
V	307242	5093
V	307297	5094
V	307352	5095
V	307408	5096
V	307469	5097
V	307532	5098
V	307595	5099
V	307651	5100
V	307712	5101
V	307773	5102
V	307835	5103
V	307890	5104
V	307946	5105
V	308008	5106
V	308063	5107
V	308126	5108
V	308181	5109
V	308243	5110
V	308299	5111
V	308360	5112
V	308422	5113
V	308478	5114
V	308533	5115
V	308588	5116
V	308651	5117
V	308706	5118
V	308768	5119
V	308831	5120
V	308894	5121
V	308958	5122
V	309021	5123
V	309083	5124
V	309146	5125
V	309207	5126
V	309262	5127
V	309325	5128
V	309387	5129
V	309448	5130
V	309503	5131
V	309558	5132
V	309622	5133
V	309685	5134
V	309740	5135
V	309803	5136
V	309858	5137
V	309920	5138
V	309976	5139
V	310032	5140
V	310088	5141
V	310150	5142
V	310206	5143
V	310269	5144
V	310330	5145
V	310392	5146
V	310455	5147
V	310517	5148
V	310578	5149
V	310640	5150
V	310702	5151
V	310765	5152
V	310827	5153
V	310889	5154
V	310950	5155
V	311005	5156
V	311068	5157
V	311124	5158
V	311187	5159
V	311249	5160
V	311311	5161
V	311366	5162
V	311421	5163
V	311482	5164
V	311538	5165
V	311600	5166
V	311663	5167
V	311725	5168
V	311780	5169
V	311835	5170
V	311890	5171
V	311952	5172
V	312013	5173
V	312076	5174
V	312138	5175
V	312194	5176
V	312257	5177
V	312320	5178
V	312375	5179
V	312430	5180
V	312491	5181
V	312554	5182
V	312615	5183
V	312671	5184
V	312732	5185
V	312787	5186
V	312849	5187
V	312904	5188
V	312966	5189
V	313029	5190
V	313092	5191
V	313147	5192
V	313210	5193
V	313271	5194
V	313333	5195
V	313396	5196
V	313458	5197
V	313522	5198
V	313584	5199
V	313646	5200
V	313701	5201
V	313757	5202
V	313812	5203
V	313874	5204
V	313938	5205
V	313999	5206
V	314061	5207
V	314124	5208
V	314187	5209
V	314249	5210
V	314310	5211
V	314373	5212
V	314434	5213
V	314497	5214
V	314558	5215
V	314613	5216
V	314676	5217
V	314731	5218
V	314795	5219
V	314858	5220
V	314913	5221
V	314968	5222
V	315024	5223
V	315086	5224
V	315149	5225
V	315205	5226
V	315260	5227
V	315323	5228
V	315378	5229
V	315439	5230
V	315500	5231
V	315562	5232
V	315626	5233
V	315689	5234
V	315750	5235
V	315813	5236
V	315875	5237
V	315931	5238
V	315986	5239
V	316041	5240
V	316096	5241
V	316151	5242
V	316213	5243
V	316268	5244
V	316331	5245
V	316393	5246
V	316456	5247
V	316511	5248
V	316566	5249
V	316627	5250
V	316688	5251
V	316743	5252
V	316806	5253
V	316862	5254
V	316924	5255
V	316979	5256
V	317034	5257
V	317097	5258
V	317160	5259
V	317216	5260
V	317277	5261
V	317340	5262
V	317401	5263
V	317463	5264
V	317519	5265
V	317582	5266
V	317645	5267
V	317708	5268
V	317769	5269
V	317832	5270
V	317893	5271
V	317954	5272
V	318009	5273
V	318072	5274
V	318135	5275
V	318190	5276
V	318251	5277
V	318315	5278
V	318370	5279
V	318433	5280
V	318488	5281
V	318549	5282
V	318610	5283
V	318674	5284
V	318736	5285
V	318798	5286
V	318853	5287
V	318915	5288
V	318976	5289
V	319038	5290
V	319093	5291
V	319156	5292
V	319211	5293
V	319272	5294
V	319336	5295
V	319398	5296
V	319459	5297
V	319514	5298
V	319576	5299
V	319639	5300
V	319702	5301
V	319764	5302
V	319825	5303
V	319888	5304
V	319943	5305
V	319998	5306
V	320060	5307
V	320115	5308
V	320177	5309
V	320232	5310
V	320294	5311
V	320349	5312
V	320404	5313
V	320466	5314
V	320529	5315
V	320584	5316
V	320646	5317
V	320708	5318
V	320769	5319
V	320832	5320
V	320894	5321
V	320957	5322
V	321018	5323
V	321074	5324
V	321138	5325
V	321201	5326
V	321264	5327
V	321326	5328
V	321381	5329
V	321436	5330
V	321498	5331
V	321561	5332
V	321624	5333
V	321687	5334
V	321749	5335
V	321804	5336
V	321867	5337
V	321922	5338
V	321985	5339
V	322040	5340
V	322103	5341
V	322159	5342
V	322214	5343
V	322269	5344
V	322325	5345
V	322380	5346
V	322442	5347
V	322504	5348
V	322566	5349
V	322628	5350
V	322684	5351
V	322740	5352
V	322802	5353
V	322865	5354
V	322929	5355
V	322984	5356
V	323039	5357
V	323103	5358
V	323165	5359
V	323229	5360
V	323284	5361
V	323339	5362
V	323403	5363
V	323458	5364
V	323513	5365
V	323574	5366
V	323636	5367
V	323700	5368
V	323763	5369
V	323824	5370
V	323879	5371
V	323941	5372
V	323996	5373
V	324059	5374
V	324122	5375
V	324184	5376
V	324239	5377
V	324294	5378
V	324356	5379
V	324417	5380
V	324479	5381
V	324534	5382
V	324597	5383
V	324658	5384
V	324721	5385
V	324782	5386
V	324845	5387
V	324907	5388
V	324968	5389
V	325032	5390
V	325093	5391
V	325156	5392
V	325212	5393
V	325273	5394
V	325336	5395
V	325399	5396
V	325463	5397
V	325524	5398
V	325585	5399
V	325640	5400
V	325702	5401
V	325758	5402
V	325820	5403
V	325881	5404
V	325937	5405
V	325998	5406
V	326054	5407
V	326110	5408
V	326165	5409
V	326227	5410
V	326282	5411
V	326343	5412
V	326405	5413
V	326468	5414
V	326531	5415
V	326594	5416
V	326655	5417
V	326718	5418
V	326773	5419
V	326829	5420
V	326891	5421
V	326954	5422
V	327009	5423
V	327070	5424
V	327131	5425
V	327187	5426
V	327250	5427
V	327305	5428
V	327369	5429
V	327431	5430
V	327487	5431
V	327549	5432
V	327610	5433
V	327673	5434
V	327735	5435
V	327797	5436
V	327860	5437
V	327915	5438
V	327977	5439
V	328039	5440
V	328101	5441
V	328165	5442
V	328220	5443
V	328275	5444
V	328339	5445
V	328400	5446
V	328462	5447
V	328524	5448
V	328585	5449
V	328647	5450
V	328709	5451
V	328771	5452
V	328827	5453
V	328890	5454
V	328945	5455
V	329009	5456
V	329072	5457
V	329133	5458
V	329195	5459
V	329250	5460
V	329305	5461
V	329368	5462
V	329432	5463
V	329494	5464
V	329555	5465
V	329611	5466
V	329674	5467
V	329736	5468
V	329798	5469
V	329859	5470
V	329914	5471
V	329976	5472
V	330037	5473
V	330101	5474
V	330162	5475
V	330223	5476
V	330285	5477
V	330340	5478
V	330395	5479
V	330457	5480
V	330520	5481
V	330575	5482
V	330637	5483
V	330700	5484
V	330761	5485
V	330822	5486
V	330877	5487
V	330938	5488
V	331000	5489
V	331063	5490
V	331124	5491
V	331187	5492
V	331250	5493
V	331312	5494
V	331368	5495
V	331430	5496
V	331485	5497
V	331540	5498
V	331596	5499
V	331651	5500
V	331713	5501
V	331776	5502
V	331840	5503
V	331904	5504
V	331966	5505
V	332021	5506
V	332084	5507
V	332146	5508
V	332209	5509
V	332271	5510
V	332333	5511
V	332396	5512
V	332451	5513
V	332514	5514
V	332570	5515
V	332631	5516
V	332692	5517
V	332754	5518
V	332817	5519
V	332879	5520
V	332934	5521
V	332995	5522
V	333056	5523
V	333117	5524
V	333179	5525
V	333234	5526
V	333289	5527
V	333350	5528
V	333413	5529
V	333476	5530
V	333538	5531
V	333593	5532
V	333648	5533
V	333710	5534
V	333771	5535
V	333826	5536
V	333889	5537
V	333944	5538
V	333999	5539
V	334063	5540
V	334125	5541
V	334187	5542
V	334248	5543
V	334303	5544
V	334366	5545
V	334421	5546
V	334485	5547
V	334540	5548
V	334595	5549
V	334658	5550
V	334713	5551
V	334774	5552
V	334835	5553
V	334898	5554
V	334961	5555
V	335016	5556
V	335079	5557
V	335141	5558
V	335203	5559
V	335264	5560
V	335326	5561
V	335389	5562
V	335451	5563
V	335512	5564
V	335576	5565
V	335631	5566
V	335693	5567
V	335754	5568
V	335815	5569
V	335879	5570
V	335940	5571
V	336002	5572
V	336065	5573
V	336121	5574
V	336183	5575
V	336245	5576
V	336306	5577
V	336368	5578
V	336432	5579
V	336493	5580
V	336548	5581
V	336610	5582
V	336674	5583
V	336736	5584
V	336798	5585
V	336854	5586
V	336909	5587
V	336972	5588
V	337035	5589
V	337091	5590
V	337153	5591
V	337214	5592
V	337276	5593
V	337331	5594
V	337386	5595
V	337449	5596
V	337513	5597
V	337574	5598
V	337636	5599
V	337697	5600
V	337752	5601
V	337814	5602
V	337876	5603
V	337932	5604
V	337995	5605
V	338056	5606
V	338119	5607
V	338180	5608
V	338243	5609
V	338305	5610
V	338368	5611
V	338431	5612
V	338486	5613
V	338541	5614
V	338603	5615
V	338665	5616
V	338727	5617
V	338783	5618
V	338838	5619
V	338902	5620
V	338965	5621
V	339027	5622
V	339089	5623
V	339145	5624
V	339200	5625
V	339262	5626
V	339325	5627
V	339387	5628
V	339449	5629
V	339511	5630
V	339566	5631
V	339629	5632
V	339690	5633
V	339752	5634
V	339814	5635
V	339870	5636
V	339933	5637
V	339995	5638
V	340057	5639
V	340119	5640
V	340175	5641
V	340230	5642
V	340293	5643
V	340357	5644
V	340412	5645
V	340468	5646
V	340531	5647
V	340595	5648
V	340658	5649
V	340721	5650
V	340776	5651
V	340839	5652
V	340903	5653
V	340964	5654
V	341026	5655
V	341089	5656
V	341152	5657
V	341214	5658
V	341277	5659
V	341340	5660
V	341395	5661
V	341458	5662
V	341520	5663
V	341581	5664
V	341643	5665
V	341705	5666
V	341766	5667
V	341829	5668
V	341892	5669
V	341948	5670
V	342003	5671
V	342065	5672
V	342126	5673
V	342189	5674
V	342251	5675
V	342306	5676
V	342368	5677
V	342424	5678
V	342479	5679
V	342542	5680
V	342604	5681
V	342659	5682
V	342722	5683
V	342784	5684
V	342845	5685
V	342907	5686
V	342962	5687
V	343018	5688
V	343079	5689
V	343134	5690
V	343197	5691
V	343260	5692
V	343323	5693
V	343385	5694
V	343440	5695
V	343501	5696
V	343564	5697
V	343626	5698
V	343681	5699
V	343736	5700
V	343797	5701
V	343859	5702
V	343921	5703
V	343984	5704
V	344045	5705
V	344107	5706
V	344169	5707
V	344233	5708
V	344288	5709
V	344351	5710
V	344406	5711
V	344469	5712
V	344531	5713
V	344586	5714
V	344647	5715
V	344709	5716
V	344765	5717
V	344829	5718
V	344891	5719
V	344947	5720
V	345010	5721
V	345071	5722
V	345126	5723
V	345181	5724
V	345243	5725
V	345306	5726
V	345361	5727
V	345423	5728
V	345487	5729
V	345550	5730
V	345613	5731
V	345674	5732
V	345737	5733
V	345800	5734
V	345863	5735
V	345924	5736
V	345979	5737
V	346042	5738
V	346105	5739
V	346168	5740
V	346230	5741
V	346294	5742
V	346355	5743
V	346417	5744
V	346472	5745
V	346527	5746
V	346589	5747
V	346644	5748
V	346708	5749
V	346769	5750
V	346832	5751
V	346888	5752
V	346950	5753
V	347012	5754
V	347068	5755
V	347131	5756
V	347193	5757
V	347255	5758
V	347310	5759
V	347365	5760
V	347427	5761
V	347490	5762
V	347553	5763
V	347616	5764
V	347679	5765
V	347741	5766
V	347796	5767
V	347858	5768
V	347919	5769
V	347982	5770
V	348043	5771
V	348105	5772
V	348166	5773
V	348229	5774
V	348292	5775
V	348354	5776
V	348410	5777
V	348471	5778
V	348533	5779
V	348588	5780
V	348650	5781
V	348712	5782
V	348773	5783
V	348834	5784
V	348889	5785
V	348951	5786
V	349014	5787
V	349077	5788
V	349132	5789
V	349193	5790
V	349255	5791
V	349316	5792
V	349379	5793
V	349441	5794
V	349504	5795
V	349559	5796
V	349621	5797
V	349676	5798
V	349739	5799
V	349800	5800
V	349862	5801
V	349924	5802
V	349980	5803
V	350041	5804
V	350104	5805
V	350165	5806
V	350228	5807
V	350284	5808
V	350345	5809
V	350407	5810
V	350471	5811
V	350533	5812
V	350595	5813
V	350657	5814
V	350720	5815
V	350782	5816
V	350846	5817
V	350907	5818
V	350970	5819
V	351025	5820
V	351088	5821
V	351151	5822
V	351213	5823
V	351274	5824
V	351337	5825
V	351399	5826
V	351461	5827
V	351524	5828
V	351585	5829
V	351646	5830
V	351709	5831
V	351772	5832
V	351827	5833
V	351882	5834
V	351943	5835
V	351998	5836
V	352059	5837
V	352121	5838
V	352183	5839
V	352245	5840
V	352307	5841
V	352368	5842
V	352429	5843
V	352492	5844
V	352554	5845
V	352617	5846
V	352672	5847
V	352735	5848
V	352797	5849
V	352852	5850
V	352914	5851
V	352977	5852
V	353032	5853
V	353095	5854
V	353158	5855
V	353220	5856
V	353282	5857
V	353344	5858
V	353405	5859
V	353466	5860
V	353529	5861
V	353590	5862
V	353652	5863
V	353713	5864
V	353774	5865
V	353829	5866
V	353891	5867
V	353952	5868
V	354015	5869
V	354070	5870
V	354133	5871
V	354188	5872
V	354251	5873
V	354313	5874
V	354377	5875
V	354440	5876
V	354496	5877
V	354551	5878
V	354612	5879
V	354667	5880
V	354728	5881
V	354790	5882
V	354851	5883
V	354906	5884
V	354961	5885
V	355022	5886
V	355083	5887
V	355138	5888
V	355201	5889
V	355264	5890
V	355327	5891
V	355390	5892
V	355451	5893
V	355514	5894
V	355575	5895
V	355636	5896
V	355697	5897
V	355760	5898
V	355823	5899
V	355885	5900
V	355947	5901
V	356008	5902
V	356072	5903
V	356134	5904
V	356197	5905
V	356260	5906
V	356315	5907
V	356370	5908
V	356433	5909
V	356488	5910
V	356551	5911
V	356612	5912
V	356668	5913
V	356724	5914
V	356785	5915
V	356849	5916
V	356905	5917
V	356968	5918
V	357029	5919
V	357085	5920
V	357148	5921
V	357210	5922
V	357271	5923
V	357333	5924
V	357388	5925
V	357443	5926
V	357504	5927
V	357566	5928
V	357627	5929
V	357682	5930
V	357746	5931
V	357808	5932
V	357871	5933
V	357932	5934
V	357995	5935
V	358056	5936
V	358111	5937
V	358173	5938
V	358236	5939
V	358300	5940
V	358355	5941
V	358416	5942
V	358479	5943
V	358542	5944
V	358604	5945
V	358667	5946
V	358731	5947
V	358793	5948
V	358855	5949
V	358916	5950
V	358971	5951
V	359034	5952
V	359097	5953
V	359159	5954
V	359222	5955
V	359285	5956
V	359347	5957
V	359410	5958
V	359466	5959
V	359528	5960
V	359589	5961
V	359644	5962
V	359706	5963
V	359762	5964
V	359825	5965
V	359881	5966
V	359937	5967
V	359999	5968
V	360054	5969
V	360109	5970
V	360171	5971
V	360233	5972
V	360295	5973
V	360350	5974
V	360411	5975
V	360474	5976
V	360535	5977
V	360598	5978
V	360653	5979
V	360708	5980
V	360770	5981
V	360831	5982
V	360892	5983
V	360954	5984
V	361015	5985
V	361076	5986
V	361138	5987
V	361200	5988
V	361263	5989
V	361326	5990
V	361388	5991
V	361450	5992
V	361513	5993
V	361575	5994
V	361638	5995
V	361701	5996
V	361757	5997
V	361820	5998
V	361881	5999
V	361943	6000
V	362005	6001
V	362067	6002
V	362128	6003
V	362190	6004
V	362253	6005
V	362314	6006
V	362369	6007
V	362432	6008
V	362495	6009
V	362550	6010
V	362613	6011
V	362677	6012
V	362732	6013
V	362793	6014
V	362857	6015
V	362921	6016
V	362982	6017
V	363044	6018
V	363107	6019
V	363170	6020
V	363226	6021
V	363281	6022
V	363343	6023
V	363407	6024
V	363469	6025
V	363524	6026
V	363586	6027
V	363642	6028
V	363703	6029
V	363766	6030
V	363822	6031
V	363885	6032
V	363948	6033
V	364012	6034
V	364073	6035
V	364136	6036
V	364199	6037
V	364261	6038
V	364316	6039
V	364372	6040
V	364435	6041
V	364497	6042
V	364559	6043
V	364621	6044
V	364683	6045
V	364744	6046
V	364806	6047
V	364869	6048
V	364932	6049
V	364993	6050
V	365056	6051
V	365119	6052
V	365174	6053
V	365235	6054
V	365297	6055
V	365361	6056
V	365423	6057
V	365479	6058
V	365541	6059
V	365604	6060
V	365665	6061
V	365727	6062
V	365782	6063
V	365838	6064
V	365902	6065
V	365965	6066
V	366020	6067
V	366083	6068
V	366147	6069
V	366209	6070
V	366272	6071
V	366334	6072
V	366396	6073
V	366459	6074
V	366520	6075
V	366575	6076
V	366636	6077
V	366699	6078
V	366754	6079
V	366815	6080
V	366876	6081
V	366940	6082
V	366995	6083
V	367058	6084
V	367120	6085
V	367175	6086
V	367237	6087
V	367299	6088
V	367360	6089
V	367421	6090
V	367484	6091
V	367546	6092
V	367608	6093
V	367670	6094
V	367726	6095
V	367789	6096
V	367850	6097
V	367914	6098
V	367969	6099
V	368024	6100
V	368086	6101
V	368147	6102
V	368210	6103
V	368273	6104
V	368336	6105
V	368398	6106
V	368459	6107
V	368514	6108
V	368577	6109
V	368639	6110
V	368695	6111
V	368757	6112
V	368818	6113
V	368880	6114
V	368943	6115
V	368999	6116
V	369060	6117
V	369122	6118
V	369184	6119
V	369239	6120
V	369294	6121
V	369356	6122
V	369419	6123
V	369481	6124
V	369542	6125
V	369603	6126
V	369666	6127
V	369729	6128
V	369790	6129
V	369845	6130
V	369906	6131
V	369968	6132
V	370030	6133
V	370092	6134
V	370148	6135
V	370209	6136
V	370264	6137
V	370326	6138
V	370389	6139
V	370452	6140
V	370513	6141
V	370576	6142
V	370631	6143
V	370695	6144
V	370758	6145
V	370820	6146
V	370882	6147
V	370944	6148
V	371006	6149
V	371061	6150
V	371124	6151
V	371186	6152
V	371248	6153
V	371311	6154
V	371373	6155
V	371436	6156
V	371499	6157
V	371561	6158
V	371622	6159
V	371684	6160
V	371746	6161
V	371801	6162
V	371864	6163
V	371926	6164
V	371989	6165
V	372044	6166
V	372107	6167
V	372169	6168
V	372232	6169
V	372294	6170
V	372356	6171
V	372417	6172
V	372472	6173
V	372534	6174
V	372597	6175
V	372659	6176
V	372714	6177
V	372777	6178
V	372838	6179
V	372901	6180
V	372964	6181
V	373025	6182
V	373087	6183
V	373148	6184
V	373204	6185
V	373266	6186
V	373329	6187
V	373384	6188
V	373447	6189
V	373509	6190
V	373572	6191
V	373635	6192
V	373698	6193
V	373759	6194
V	373820	6195
V	373881	6196
V	373943	6197
V	374004	6198
V	374068	6199
V	374129	6200
V	374190	6201
V	374253	6202
V	374308	6203
V	374371	6204
V	374427	6205
V	374490	6206
V	374553	6207
V	374616	6208
V	374677	6209
V	374740	6210
V	374803	6211
V	374865	6212
V	374927	6213
V	374982	6214
V	375038	6215
V	375101	6216
V	375156	6217
V	375217	6218
V	375280	6219
V	375342	6220
V	375397	6221
V	375459	6222
V	375520	6223
V	375582	6224
V	375638	6225
V	375699	6226
V	375760	6227
V	375815	6228
V	375878	6229
V	375940	6230
V	375996	6231
V	376058	6232
V	376120	6233
V	376182	6234
V	376237	6235
V	376292	6236
V	376355	6237
V	376417	6238
V	376480	6239
V	376542	6240
V	376597	6241
V	376659	6242
V	376714	6243
V	376775	6244
V	376838	6245
V	376893	6246
V	376956	6247
V	377017	6248
V	377072	6249
V	377128	6250
V	377189	6251
V	377251	6252
V	377314	6253
V	377377	6254
V	377440	6255
V	377496	6256
V	377559	6257
V	377621	6258
V	377682	6259
V	377743	6260
V	377806	6261
V	377861	6262
V	377924	6263
V	377985	6264
V	378040	6265
V	378095	6266
V	378156	6267
V	378220	6268
V	378283	6269
V	378345	6270
V	378406	6271
V	378469	6272
V	378533	6273
V	378595	6274
V	378659	6275
V	378720	6276
V	378783	6277
V	378838	6278
V	378899	6279
V	378960	6280
V	379024	6281
V	379086	6282
V	379150	6283
V	379212	6284
V	379267	6285
V	379330	6286
V	379392	6287
V	379453	6288
V	379516	6289
V	379571	6290
V	379632	6291
V	379695	6292
V	379758	6293
V	379813	6294
V	379874	6295
V	379936	6296
V	379998	6297
V	380060	6298
V	380123	6299
V	380185	6300
V	380247	6301
V	380303	6302
V	380358	6303
V	380413	6304
V	380475	6305
V	380537	6306
V	380592	6307
V	380654	6308
V	380716	6309
V	380771	6310
V	380832	6311
V	380894	6312
V	380956	6313
V	381017	6314
V	381072	6315
V	381133	6316
V	381195	6317
V	381250	6318
V	381305	6319
V	381367	6320
V	381429	6321
V	381491	6322
V	381553	6323
V	381616	6324
V	381677	6325
V	381733	6326
V	381788	6327
V	381852	6328
V	381908	6329
V	381971	6330
V	382034	6331
V	382090	6332
V	382152	6333
V	382215	6334
V	382277	6335
V	382340	6336
V	382403	6337
V	382465	6338
V	382527	6339
V	382588	6340
V	382651	6341
V	382712	6342
V	382776	6343
V	382838	6344
V	382893	6345
V	382948	6346
V	383009	6347
V	383065	6348
V	383127	6349
V	383182	6350
V	383244	6351
V	383307	6352
V	383370	6353
V	383432	6354
V	383494	6355
V	383549	6356
V	383612	6357
V	383674	6358
V	383736	6359
V	383791	6360
V	383854	6361
V	383909	6362
V	383964	6363
V	384026	6364
V	384087	6365
V	384149	6366
V	384212	6367
V	384267	6368
V	384328	6369
V	384390	6370
V	384453	6371
V	384516	6372
V	384578	6373
V	384634	6374
V	384696	6375
V	384759	6376
V	384814	6377
V	384875	6378
V	384936	6379
V	384997	6380
V	385058	6381
V	385120	6382
V	385181	6383
V	385244	6384
V	385299	6385
V	385360	6386
V	385416	6387
V	385479	6388
V	385541	6389
V	385596	6390
V	385658	6391
V	385713	6392
V	385775	6393
V	385830	6394
V	385892	6395
V	385954	6396
V	386015	6397
V	386070	6398
V	386131	6399
V	386187	6400
V	386249	6401
V	386304	6402
V	386366	6403
V	386428	6404
V	386484	6405
V	386546	6406
V	386609	6407
V	386664	6408
V	386727	6409
V	386782	6410
V	386837	6411
V	386899	6412
V	386954	6413
V	387016	6414
V	387077	6415
V	387138	6416
V	387200	6417
V	387261	6418
V	387324	6419
V	387386	6420
V	387441	6421
V	387504	6422
V	387567	6423
V	387623	6424
V	387678	6425
V	387739	6426
V	387802	6427
V	387865	6428
V	387928	6429
V	387990	6430
V	388051	6431
V	388114	6432
V	388175	6433
V	388230	6434
V	388293	6435
V	388348	6436
V	388411	6437
V	388474	6438
V	388536	6439
V	388591	6440
V	388653	6441
V	388717	6442
V	388780	6443
V	388842	6444
V	388904	6445
V	388968	6446
V	389024	6447
V	389080	6448
V	389143	6449
V	389205	6450
V	389268	6451
V	389330	6452
V	389392	6453
V	389447	6454
V	389509	6455
V	389570	6456
V	389626	6457
V	389688	6458
V	389744	6459
V	389807	6460
V	389869	6461
V	389930	6462
V	389993	6463
V	390054	6464
V	390115	6465
V	390177	6466
V	390240	6467
V	390295	6468
V	390358	6469
V	390420	6470
V	390475	6471
V	390537	6472
V	390593	6473
V	390656	6474
V	390718	6475
V	390780	6476
V	390843	6477
V	390906	6478
V	390968	6479
V	391030	6480
V	391085	6481
V	391141	6482
V	391196	6483
V	391251	6484
V	391314	6485
V	391376	6486
V	391437	6487
V	391498	6488
V	391553	6489
V	391617	6490
V	391672	6491
V	391734	6492
V	391796	6493
V	391857	6494
V	391919	6495
V	391974	6496
V	392029	6497
V	392084	6498
V	392146	6499
V	392207	6500
V	392269	6501
V	392332	6502
V	392394	6503
V	392455	6504
V	392518	6505
V	392582	6506
V	392646	6507
V	392709	6508
V	392770	6509
V	392832	6510
V	392893	6511
V	392955	6512
V	393010	6513
V	393065	6514
V	393121	6515
V	393183	6516
V	393247	6517
V	393302	6518
V	393364	6519
V	393419	6520
V	393481	6521
V	393543	6522
V	393607	6523
V	393671	6524
V	393733	6525
V	393788	6526
V	393843	6527
V	393906	6528
V	393969	6529
V	394031	6530
V	394093	6531
V	394148	6532
V	394211	6533
V	394266	6534
V	394321	6535
V	394384	6536
V	394446	6537
V	394501	6538
V	394564	6539
V	394626	6540
V	394681	6541
V	394742	6542
V	394804	6543
V	394866	6544
V	394929	6545
V	394992	6546
V	395055	6547
V	395118	6548
V	395173	6549
V	395234	6550
V	395290	6551
V	395352	6552
V	395414	6553
V	395476	6554
V	395538	6555
V	395601	6556
V	395663	6557
V	395725	6558
V	395780	6559
V	395836	6560
V	395892	6561
V	395954	6562
V	396017	6563
V	396079	6564
V	396143	6565
V	396206	6566
V	396268	6567
V	396330	6568
V	396385	6569
V	396446	6570
V	396509	6571
V	396572	6572
V	396633	6573
V	396696	6574
V	396759	6575
V	396822	6576
V	396883	6577
V	396945	6578
V	397008	6579
V	397063	6580
V	397124	6581
V	397185	6582
V	397247	6583
V	397309	6584
V	397370	6585
V	397431	6586
V	397493	6587
V	397554	6588
V	397616	6589
V	397677	6590
V	397740	6591
V	397802	6592
V	397857	6593
V	397921	6594
V	397976	6595
V	398038	6596
V	398102	6597
V	398163	6598
V	398226	6599
V	398289	6600
V	398350	6601
V	398413	6602
V	398476	6603
V	398539	6604
V	398601	6605
V	398656	6606
V	398718	6607
V	398780	6608
V	398843	6609
V	398899	6610
V	398963	6611
V	399025	6612
V	399087	6613
V	399149	6614
V	399211	6615
V	399275	6616
V	399338	6617
V	399401	6618
V	399456	6619
V	399519	6620
V	399580	6621
V	399642	6622
V	399698	6623
V	399760	6624
V	399815	6625
V	399870	6626
V	399925	6627
V	399988	6628
V	400050	6629
V	400113	6630
V	400174	6631
V	400237	6632
V	400298	6633
V	400361	6634
V	400417	6635
V	400478	6636
V	400541	6637
V	400604	6638
V	400666	6639
V	400728	6640
V	400789	6641
V	400844	6642
V	400905	6643
V	400967	6644
V	401029	6645
V	401091	6646
V	401153	6647
V	401216	6648
V	401279	6649
V	401341	6650
V	401404	6651
V	401466	6652
V	401528	6653
V	401589	6654
V	401652	6655
V	401713	6656
V	401768	6657
V	401831	6658
V	401892	6659
V	401948	6660
V	402011	6661
V	402075	6662
V	402139	6663
V	402194	6664
V	402249	6665
V	402312	6666
V	402368	6667
V	402430	6668
V	402485	6669
V	402546	6670
V	402610	6671
V	402673	6672
V	402736	6673
V	402799	6674
V	402861	6675
V	402924	6676
V	402985	6677
V	403048	6678
V	403111	6679
V	403172	6680
V	403234	6681
V	403297	6682
V	403359	6683
V	403414	6684
V	403469	6685
V	403531	6686
V	403594	6687
V	403657	6688
V	403720	6689
V	403781	6690
V	403836	6691
V	403891	6692
V	403954	6693
V	404016	6694
V	404079	6695
V	404140	6696
V	404203	6697
V	404265	6698
V	404327	6699
V	404390	6700
V	404445	6701
V	404508	6702
V	404563	6703
V	404627	6704
V	404688	6705
V	404751	6706
V	404815	6707
V	404871	6708
V	404926	6709
V	404989	6710
V	405052	6711
V	405114	6712
V	405175	6713
V	405230	6714
V	405292	6715
V	405355	6716
V	405417	6717
V	405480	6718
V	405542	6719
V	405604	6720
V	405666	6721
V	405729	6722
V	405785	6723
V	405848	6724
V	405903	6725
V	405959	6726
V	406022	6727
V	406084	6728
V	406146	6729
V	406208	6730
V	406270	6731
V	406331	6732
V	406393	6733
V	406455	6734
V	406510	6735
V	406566	6736
V	406621	6737
V	406684	6738
V	406748	6739
V	406810	6740
V	406873	6741
V	406928	6742
V	406990	6743
V	407052	6744
V	407107	6745
V	407162	6746
V	407224	6747
V	407279	6748
V	407334	6749
V	407397	6750
V	407458	6751
V	407521	6752
V	407583	6753
V	407639	6754
V	407694	6755
V	407756	6756
V	407819	6757
V	407882	6758
V	407938	6759
V	407999	6760
V	408060	6761
V	408124	6762
V	408185	6763
V	408247	6764
V	408310	6765
V	408373	6766
V	408434	6767
V	408497	6768
V	408559	6769
V	408621	6770
V	408676	6771
V	408738	6772
V	408793	6773
V	408855	6774
V	408916	6775
V	408978	6776
V	409033	6777
V	409089	6778
V	409151	6779
V	409214	6780
V	409270	6781
V	409333	6782
V	409394	6783
V	409456	6784
V	409511	6785
V	409566	6786
V	409628	6787
V	409689	6788
V	409752	6789
V	409814	6790
V	409870	6791
V	409926	6792
V	409988	6793
V	410051	6794
V	410106	6795
V	410168	6796
V	410231	6797
V	410293	6798
V	410356	6799
V	410420	6800
V	410482	6801
V	410544	6802
V	410605	6803
V	410667	6804
V	410730	6805
V	410792	6806
V	410854	6807
V	410917	6808
V	410978	6809
V	411040	6810
V	411102	6811
V	411157	6812
V	411220	6813
V	411283	6814
V	411338	6815
V	411393	6816
V	411454	6817
V	411509	6818
V	411565	6819
V	411628	6820
V	411692	6821
V	411754	6822
V	411810	6823
V	411872	6824
V	411936	6825
V	411991	6826
V	412052	6827
V	412114	6828
V	412175	6829
V	412238	6830
V	412294	6831
V	412349	6832
V	412404	6833
V	412465	6834
V	412528	6835
V	412584	6836
V	412639	6837
V	412702	6838
V	412757	6839
V	412818	6840
V	412881	6841
V	412944	6842
V	413006	6843
V	413068	6844
V	413130	6845
V	413185	6846
V	413247	6847
V	413303	6848
V	413365	6849
V	413421	6850
V	413483	6851
V	413545	6852
V	413607	6853
V	413668	6854
V	413731	6855
V	413792	6856
V	413853	6857
V	413909	6858
V	413965	6859
V	414027	6860
V	414088	6861
V	414149	6862
V	414204	6863
V	414259	6864
V	414322	6865
V	414383	6866
V	414446	6867
V	414509	6868
V	414570	6869
V	414634	6870
V	414696	6871
V	414759	6872
V	414821	6873
V	414884	6874
V	414948	6875
V	415003	6876
V	415065	6877
V	415127	6878
V	415190	6879
V	415253	6880
V	415308	6881
V	415369	6882
V	415424	6883
V	415485	6884
V	415548	6885
V	415609	6886
V	415671	6887
V	415733	6888
V	415794	6889
V	415849	6890
V	415913	6891
V	415976	6892
V	416031	6893
V	416093	6894
V	416154	6895
V	416218	6896
V	416281	6897
V	416343	6898
V	416404	6899
V	416466	6900
V	416527	6901
V	416591	6902
V	416653	6903
V	416715	6904
V	416771	6905
V	416834	6906
V	416889	6907
V	416951	6908
V	417013	6909
V	417076	6910
V	417139	6911
V	417201	6912
V	417265	6913
V	417327	6914
V	417389	6915
V	417450	6916
V	417505	6917
V	417569	6918
V	417624	6919
V	417687	6920
V	417742	6921
V	417804	6922
V	417867	6923
V	417922	6924
V	417984	6925
V	418047	6926
V	418108	6927
V	418164	6928
V	418225	6929
V	418286	6930
V	418341	6931
V	418404	6932
V	418459	6933
V	418521	6934
V	418584	6935
V	418645	6936
V	418701	6937
V	418763	6938
V	418818	6939
V	418880	6940
V	418942	6941
V	418997	6942
V	419058	6943
V	419113	6944
V	419176	6945
V	419231	6946
V	419292	6947
V	419355	6948
V	419418	6949
V	419481	6950
V	419545	6951
V	419607	6952
V	419662	6953
V	419717	6954
V	419779	6955
V	419834	6956
V	419889	6957
V	419944	6958
V	420006	6959
V	420067	6960
V	420130	6961
V	420193	6962
V	420256	6963
V	420311	6964
V	420374	6965
V	420435	6966
V	420496	6967
V	420560	6968
V	420621	6969
V	420676	6970
V	420737	6971
V	420801	6972
V	420864	6973
V	420919	6974
V	420981	6975
V	421036	6976
V	421099	6977
V	421160	6978
V	421223	6979
V	421286	6980
V	421347	6981
V	421403	6982
V	421465	6983
V	421526	6984
V	421589	6985
V	421652	6986
V	421714	6987
V	421777	6988
V	421840	6989
V	421895	6990
V	421950	6991
V	422013	6992
V	422075	6993
V	422138	6994
V	422201	6995
V	422263	6996
V	422324	6997
V	422380	6998
V	422441	6999
V	422496	7000
V	422557	7001
V	422621	7002
V	422684	7003
V	422747	7004
V	422802	7005
V	422864	7006
V	422919	7007
V	422980	7008
V	423035	7009
V	423090	7010
V	423146	7011
V	423207	7012
V	423268	7013
V	423323	7014
V	423385	7015
V	423441	7016
V	423504	7017
V	423559	7018
V	423621	7019
V	423676	7020
V	423740	7021
V	423801	7022
V	423862	7023
V	423923	7024
V	423978	7025
V	424041	7026
V	424104	7027
V	424168	7028
V	424229	7029
V	424284	7030
V	424346	7031
V	424401	7032
V	424464	7033
V	424528	7034
V	424590	7035
V	424651	7036
V	424714	7037
V	424775	7038
V	424836	7039
V	424899	7040
V	424963	7041
V	425026	7042
V	425088	7043
V	425150	7044
V	425206	7045
V	425261	7046
V	425324	7047
V	425386	7048
V	425447	7049
V	425503	7050
V	425565	7051
V	425626	7052
V	425681	7053
V	425744	7054
V	425805	7055
V	425868	7056
V	425930	7057
V	425991	7058
V	426054	7059
V	426116	7060
V	426178	7061
V	426240	7062
V	426301	7063
V	426363	7064
V	426418	7065
V	426481	7066
V	426542	7067
V	426603	7068
V	426658	7069
V	426720	7070
V	426781	7071
V	426844	7072
V	426906	7073
V	426961	7074
V	427023	7075
V	427085	7076
V	427147	7077
V	427208	7078
V	427269	7079
V	427331	7080
V	427393	7081
V	427456	7082
V	427511	7083
V	427573	7084
V	427635	7085
V	427691	7086
V	427754	7087
V	427816	7088
V	427879	7089
V	427941	7090
V	427996	7091
V	428059	7092
V	428121	7093
V	428184	7094
V	428246	7095
V	428308	7096
V	428371	7097
V	428433	7098
V	428494	7099
V	428558	7100
V	428621	7101
V	428684	7102
V	428747	7103
V	428808	7104
V	428870	7105
V	428931	7106
V	428993	7107
V	429056	7108
V	429117	7109
V	429172	7110
V	429234	7111
V	429289	7112
V	429351	7113
V	429406	7114
V	429469	7115
V	429531	7116
V	429592	7117
V	429647	7118
V	429709	7119
V	429772	7120
V	429836	7121
V	429898	7122
V	429961	7123
V	430024	7124
V	430085	7125
V	430147	7126
V	430210	7127
V	430272	7128
V	430335	7129
V	430399	7130
V	430461	7131
V	430522	7132
V	430577	7133
V	430639	7134
V	430701	7135
V	430764	7136
V	430826	7137
V	430889	7138
V	430952	7139
V	431015	7140
V	431071	7141
V	431126	7142
V	431187	7143
V	431249	7144
V	431311	7145
V	431366	7146
V	431428	7147
V	431490	7148
V	431551	7149
V	431612	7150
V	431673	7151
V	431734	7152
V	431795	7153
V	431851	7154
V	431913	7155
V	431976	7156
V	432038	7157
V	432094	7158
V	432150	7159
V	432214	7160
V	432277	7161
V	432340	7162
V	432403	7163
V	432465	7164
V	432528	7165
V	432583	7166
V	432644	7167
V	432707	7168
V	432769	7169
V	432824	7170
V	432885	7171
V	432947	7172
V	433009	7173
V	433064	7174
V	433120	7175
V	433182	7176
V	433237	7177
V	433292	7178
V	433354	7179
V	433417	7180
V	433473	7181
V	433528	7182
V	433583	7183
V	433644	7184
V	433706	7185
V	433767	7186
V	433830	7187
V	433886	7188
V	433948	7189
V	434009	7190
V	434071	7191
V	434134	7192
V	434197	7193
V	434259	7194
V	434322	7195
V	434377	7196
V	434438	7197
V	434502	7198
V	434564	7199
V	434627	7200
V	434688	7201
V	434743	7202
V	434806	7203
V	434869	7204
V	434932	7205
V	434987	7206
V	435049	7207
V	435104	7208
V	435166	7209
V	435229	7210
V	435291	7211
V	435352	7212
V	435413	7213
V	435474	7214
V	435537	7215
V	435599	7216
V	435660	7217
V	435723	7218
V	435787	7219
V	435843	7220
V	435906	7221
V	435970	7222
V	436033	7223
V	436094	7224
V	436156	7225
V	436212	7226
V	436274	7227
V	436329	7228
V	436393	7229
V	436455	7230
V	436516	7231
V	436571	7232
V	436634	7233
V	436696	7234
V	436751	7235
V	436813	7236
V	436874	7237
V	436936	7238
V	436998	7239
V	437053	7240
V	437115	7241
V	437176	7242
V	437239	7243
V	437300	7244
V	437361	7245
V	437424	7246
V	437486	7247
V	437548	7248
V	437610	7249
V	437672	7250
V	437734	7251
V	437797	7252
V	437858	7253
V	437920	7254
V	437982	7255
V	438045	7256
V	438107	7257
V	438169	7258
V	438224	7259
V	438288	7260
V	438343	7261
V	438404	7262
V	438459	7263
V	438515	7264
V	438576	7265
V	438639	7266
V	438702	7267
V	438764	7268
V	438820	7269
V	438884	7270
V	438939	7271
V	439000	7272
V	439063	7273
V	439126	7274
V	439181	7275
V	439236	7276
V	439299	7277
V	439360	7278
V	439423	7279
V	439484	7280
V	439545	7281
V	439600	7282
V	439663	7283
V	439726	7284
V	439788	7285
V	439851	7286
V	439912	7287
V	439974	7288
V	440035	7289
V	440096	7290
V	440158	7291
V	440213	7292
V	440268	7293
V	440331	7294
V	440387	7295
V	440442	7296
V	440506	7297
V	440568	7298
V	440631	7299
V	440692	7300
V	440755	7301
V	440816	7302
V	440879	7303
V	440934	7304
V	440997	7305
V	441053	7306
V	441116	7307
V	441177	7308
V	441238	7309
V	441299	7310
V	441360	7311
V	441415	7312
V	441476	7313
V	441537	7314
V	441599	7315
V	441654	7316
V	441710	7317
V	441766	7318
V	441828	7319
V	441883	7320
V	441946	7321
V	442008	7322
V	442069	7323
V	442124	7324
V	442185	7325
V	442248	7326
V	442309	7327
V	442372	7328
V	442433	7329
V	442494	7330
V	442549	7331
V	442611	7332
V	442667	7333
V	442731	7334
V	442792	7335
V	442853	7336
V	442915	7337
V	442977	7338
V	443040	7339
V	443104	7340
V	443168	7341
V	443230	7342
V	443291	7343
V	443354	7344
V	443409	7345
V	443471	7346
V	443534	7347
V	443597	7348
V	443660	7349
V	443721	7350
V	443784	7351
V	443848	7352
V	443909	7353
V	443971	7354
V	444035	7355
V	444097	7356
V	444161	7357
V	444224	7358
V	444280	7359
V	444341	7360
V	444403	7361
V	444458	7362
V	444513	7363
V	444575	7364
V	444638	7365
V	444701	7366
V	444763	7367
V	444819	7368
V	444882	7369
V	444945	7370
V	445007	7371
V	445068	7372
V	445130	7373
V	445194	7374
V	445256	7375
V	445317	7376
V	445380	7377
V	445442	7378
V	445505	7379
V	445566	7380
V	445629	7381
V	445690	7382
V	445752	7383
V	445814	7384
V	445877	7385
V	445940	7386
V	446002	7387
V	446064	7388
V	446126	7389
V	446189	7390
V	446245	7391
V	446308	7392
V	446371	7393
V	446434	7394
V	446497	7395
V	446561	7396
V	446616	7397
V	446678	7398
V	446741	7399
V	446802	7400
V	446857	7401
V	446912	7402
V	446968	7403
V	447031	7404
V	447092	7405
V	447155	7406
V	447210	7407
V	447272	7408
V	447334	7409
V	447396	7410
V	447458	7411
V	447513	7412
V	447574	7413
V	447629	7414
V	447685	7415
V	447749	7416
V	447812	7417
V	447875	7418
V	447937	7419
V	448001	7420
V	448065	7421
V	448121	7422
V	448184	7423
V	448246	7424
V	448310	7425
V	448373	7426
V	448434	7427
V	448497	7428
V	448559	7429
V	448620	7430
V	448681	7431
V	448742	7432
V	448805	7433
V	448860	7434
V	448924	7435
V	448987	7436
V	449043	7437
V	449106	7438
V	449168	7439
V	449224	7440
V	449279	7441
V	449341	7442
V	449397	7443
V	449459	7444
V	449522	7445
V	449583	7446
V	449645	7447
V	449708	7448
V	449770	7449
V	449831	7450
V	449894	7451
V	449956	7452
V	450011	7453
V	450074	7454
V	450129	7455
V	450184	7456
V	450239	7457
V	450302	7458
V	450363	7459
V	450418	7460
V	450481	7461
V	450536	7462
V	450598	7463
V	450661	7464
V	450724	7465
V	450780	7466
V	450842	7467
V	450897	7468
V	450952	7469
V	451014	7470
V	451076	7471
V	451140	7472
V	451201	7473
V	451264	7474
V	451325	7475
V	451388	7476
V	451449	7477
V	451512	7478
V	451575	7479
V	451637	7480
V	451700	7481
V	451761	7482
V	451823	7483
V	451887	7484
V	451951	7485
V	452014	7486
V	452078	7487
V	452141	7488
V	452203	7489
V	452264	7490
V	452326	7491
V	452387	7492
V	452442	7493
V	452506	7494
V	452567	7495
V	452622	7496
V	452685	7497
V	452746	7498
V	452810	7499
V	452871	7500
V	452933	7501
V	452994	7502
V	453058	7503
V	453120	7504
V	453183	7505
V	453245	7506
V	453306	7507
V	453369	7508
V	453424	7509
V	453479	7510
V	453534	7511
V	453596	7512
V	453657	7513
V	453719	7514
V	453780	7515
V	453842	7516
V	453905	7517
V	453967	7518
V	454029	7519
V	454091	7520
V	454152	7521
V	454207	7522
V	454268	7523
V	454331	7524
V	454394	7525
V	454457	7526
V	454512	7527
V	454574	7528
V	454629	7529
V	454691	7530
V	454754	7531
V	454816	7532
V	454879	7533
V	454934	7534
V	454996	7535
V	455059	7536
V	455114	7537
V	455169	7538
V	455231	7539
V	455293	7540
V	455356	7541
V	455418	7542
V	455481	7543
V	455543	7544
V	455605	7545
V	455669	7546
V	455724	7547
V	455786	7548
V	455848	7549
V	455909	7550
V	455972	7551
V	456036	7552
V	456091	7553
V	456153	7554
V	456216	7555
V	456278	7556
V	456341	7557
V	456404	7558
V	456465	7559
V	456527	7560
V	456588	7561
V	456649	7562
V	456704	7563
V	456766	7564
V	456827	7565
V	456888	7566
V	456943	7567
V	457006	7568
V	457069	7569
V	457130	7570
V	457186	7571
V	457249	7572
V	457310	7573
V	457371	7574
V	457432	7575
V	457487	7576
V	457549	7577
V	457611	7578
V	457672	7579
V	457736	7580
V	457798	7581
V	457860	7582
V	457923	7583
V	457979	7584
V	458042	7585
V	458105	7586
V	458168	7587
V	458223	7588
V	458284	7589
V	458345	7590
V	458408	7591
V	458469	7592
V	458532	7593
V	458594	7594
V	458657	7595
V	458719	7596
V	458774	7597
V	458836	7598
V	458898	7599
V	458954	7600
V	459016	7601
V	459078	7602
V	459140	7603
V	459204	7604
V	459266	7605
V	459327	7606
V	459383	7607
V	459445	7608
V	459507	7609
V	459570	7610
V	459634	7611
V	459698	7612
V	459760	7613
V	459815	7614
V	459871	7615
V	459932	7616
V	459995	7617
V	460056	7618
V	460111	7619
V	460173	7620
V	460229	7621
V	460290	7622
V	460353	7623
V	460409	7624
V	460471	7625
V	460534	7626
V	460596	7627
V	460651	7628
V	460712	7629
V	460767	7630
V	460828	7631
V	460891	7632
V	460954	7633
V	461017	7634
V	461072	7635
V	461135	7636
V	461190	7637
V	461251	7638
V	461312	7639
V	461367	7640
V	461430	7641
V	461493	7642
V	461554	7643
V	461616	7644
V	461677	7645
V	461732	7646
V	461787	7647
V	461850	7648
V	461906	7649
V	461961	7650
V	462024	7651
V	462085	7652
V	462146	7653
V	462201	7654
V	462264	7655
V	462326	7656
V	462389	7657
V	462445	7658
V	462508	7659
V	462569	7660
V	462624	7661
V	462685	7662
V	462740	7663
V	462801	7664
V	462863	7665
V	462919	7666
V	462980	7667
V	463035	7668
V	463090	7669
V	463153	7670
V	463215	7671
V	463277	7672
V	463340	7673
V	463395	7674
V	463458	7675
V	463513	7676
V	463576	7677
V	463638	7678
V	463699	7679
V	463761	7680
V	463825	7681
V	463888	7682
V	463951	7683
V	464012	7684
V	464075	7685
V	464136	7686
V	464191	7687
V	464254	7688
V	464316	7689
V	464371	7690
V	464434	7691
V	464495	7692
V	464558	7693
V	464614	7694
V	464676	7695
V	464732	7696
V	464793	7697
V	464856	7698
V	464919	7699
V	464981	7700
V	465042	7701
V	465105	7702
V	465167	7703
V	465228	7704
V	465289	7705
V	465350	7706
V	465413	7707
V	465474	7708
V	465529	7709
V	465593	7710
V	465655	7711
V	465711	7712
V	465766	7713
V	465827	7714
V	465890	7715
V	465952	7716
V	466014	7717
V	466070	7718
V	466131	7719
V	466192	7720
V	466254	7721
V	466315	7722
V	466376	7723
V	466432	7724
V	466494	7725
V	466556	7726
V	466619	7727
V	466680	7728
V	466742	7729
V	466806	7730
V	466869	7731
V	466932	7732
V	466987	7733
V	467050	7734
V	467105	7735
V	467166	7736
V	467228	7737
V	467291	7738
V	467353	7739
V	467415	7740
V	467477	7741
V	467539	7742
V	467600	7743
V	467661	7744
V	467724	7745
V	467786	7746
V	467848	7747
V	467909	7748
V	467972	7749
V	468036	7750
V	468100	7751
V	468161	7752
V	468216	7753
V	468278	7754
V	468334	7755
V	468389	7756
V	468444	7757
V	468507	7758
V	468568	7759
V	468624	7760
V	468686	7761
V	468750	7762
V	468813	7763
V	468868	7764
V	468930	7765
V	468991	7766
V	469055	7767
V	469116	7768
V	469177	7769
V	469240	7770
V	469301	7771
V	469362	7772
V	469423	7773
V	469479	7774
V	469541	7775
V	469602	7776
V	469666	7777
V	469729	7778
V	469791	7779
V	469847	7780
V	469902	7781
V	469963	7782
V	470025	7783
V	470087	7784
V	470150	7785
V	470211	7786
V	470273	7787
V	470335	7788
V	470390	7789
V	470454	7790
V	470517	7791
V	470578	7792
V	470640	7793
V	470695	7794
V	470758	7795
V	470819	7796
V	470881	7797
V	470943	7798
V	471006	7799
V	471068	7800
V	471131	7801
V	471195	7802
V	471256	7803
V	471319	7804
V	471375	7805
V	471436	7806
V	471497	7807
V	471553	7808
V	471616	7809
V	471680	7810
V	471741	7811
V	471803	7812
V	471864	7813
V	471925	7814
V	471980	7815
V	472041	7816
V	472104	7817
V	472166	7818
V	472229	7819
V	472293	7820
V	472349	7821
V	472411	7822
V	472475	7823
V	472537	7824
V	472592	7825
V	472655	7826
V	472716	7827
V	472779	7828
V	472835	7829
V	472890	7830
V	472951	7831
V	473007	7832
V	473068	7833
V	473131	7834
V	473193	7835
V	473249	7836
V	473312	7837
V	473373	7838
V	473429	7839
V	473491	7840
V	473546	7841
V	473609	7842
V	473672	7843
V	473733	7844
V	473796	7845
V	473859	7846
V	473914	7847
V	473969	7848
V	474024	7849
V	474086	7850
V	474147	7851
V	474208	7852
V	474271	7853
V	474332	7854
V	474396	7855
V	474458	7856
V	474519	7857
V	474582	7858
V	474637	7859
V	474699	7860
V	474755	7861
V	474818	7862
V	474880	7863
V	474936	7864
V	474999	7865
V	475061	7866
V	475116	7867
V	475171	7868
V	475226	7869
V	475289	7870
V	475353	7871
V	475408	7872
V	475463	7873
V	475526	7874
V	475589	7875
V	475650	7876
V	475713	7877
V	475769	7878
V	475831	7879
V	475893	7880
V	475954	7881
V	476015	7882
V	476078	7883
V	476139	7884
V	476195	7885
V	476258	7886
V	476313	7887
V	476376	7888
V	476439	7889
V	476502	7890
V	476565	7891
V	476629	7892
V	476691	7893
V	476755	7894
V	476811	7895
V	476873	7896
V	476928	7897
V	476991	7898
V	477052	7899
V	477114	7900
V	477169	7901
V	477230	7902
V	477291	7903
V	477353	7904
V	477414	7905
V	477475	7906
V	477538	7907
V	477600	7908
V	477661	7909
V	477724	7910
V	477788	7911
V	477851	7912
V	477906	7913
V	477968	7914
V	478032	7915
V	478087	7916
V	478142	7917
V	478198	7918
V	478261	7919
V	478322	7920
V	478383	7921
V	478438	7922
V	478500	7923
V	478563	7924
V	478626	7925
V	478690	7926
V	478753	7927
V	478816	7928
V	478879	7929
V	478940	7930
V	479002	7931
V	479057	7932
V	479112	7933
V	479173	7934
V	479234	7935
V	479289	7936
V	479352	7937
V	479416	7938
V	479479	7939
V	479542	7940
V	479597	7941
V	479661	7942
V	479716	7943
V	479778	7944
V	479839	7945
V	479903	7946
V	479964	7947
V	480026	7948
V	480087	7949
V	480142	7950
V	480203	7951
V	480265	7952
V	480327	7953
V	480389	7954
V	480452	7955
V	480514	7956
V	480569	7957
V	480625	7958
V	480687	7959
V	480750	7960
V	480812	7961
V	480873	7962
V	480936	7963
V	480991	7964
V	481055	7965
V	481117	7966
V	481180	7967
V	481243	7968
V	481306	7969
V	481370	7970
V	481433	7971
V	481496	7972
V	481557	7973
V	481612	7974
V	481667	7975
V	481729	7976
V	481792	7977
V	481854	7978
V	481917	7979
V	481979	7980
V	482041	7981
V	482104	7982
V	482165	7983
V	482227	7984
V	482289	7985
V	482350	7986
V	482405	7987
V	482468	7988
V	482530	7989
V	482593	7990
V	482654	7991
V	482709	7992
V	482770	7993
V	482825	7994
V	482887	7995
V	482943	7996
V	482998	7997
V	483061	7998
V	483125	7999
V	483186	8000
V	483249	8001
V	483311	8002
V	483374	8003
V	483435	8004
V	483498	8005
V	483560	8006
V	483621	8007
V	483683	8008
V	483738	8009
V	483801	8010
V	483856	8011
V	483919	8012
V	483983	8013
V	484045	8014
V	484106	8015
V	484169	8016
V	484232	8017
V	484296	8018
V	484357	8019
V	484412	8020
V	484476	8021
V	484539	8022
V	484602	8023
V	484665	8024
V	484721	8025
V	484776	8026
V	484831	8027
V	484892	8028
V	484955	8029
V	485010	8030
V	485072	8031
V	485135	8032
V	485196	8033
V	485258	8034
V	485313	8035
V	485376	8036
V	485437	8037
V	485499	8038
V	485562	8039
V	485617	8040
V	485679	8041
V	485741	8042
V	485796	8043
V	485858	8044
V	485921	8045
V	485983	8046
V	486045	8047
V	486100	8048
V	486163	8049
V	486225	8050
V	486286	8051
V	486349	8052
V	486412	8053
V	486475	8054
V	486538	8055
V	486593	8056
V	486654	8057
V	486717	8058
V	486778	8059
V	486839	8060
V	486903	8061
V	486964	8062
V	487027	8063
V	487088	8064
V	487150	8065
V	487212	8066
V	487267	8067
V	487322	8068
V	487384	8069
V	487446	8070
V	487508	8071
V	487572	8072
V	487636	8073
V	487699	8074
V	487762	8075
V	487823	8076
V	487887	8077
V	487942	8078
V	488003	8079
V	488066	8080
V	488129	8081
V	488190	8082
V	488253	8083
V	488315	8084
V	488377	8085
V	488440	8086
V	488502	8087
V	488564	8088
V	488626	8089
V	488687	8090
V	488749	8091
V	488810	8092
V	488872	8093
V	488927	8094
V	488983	8095
V	489045	8096
V	489108	8097
V	489163	8098
V	489225	8099
V	489288	8100
V	489349	8101
V	489411	8102
V	489474	8103
V	489536	8104
V	489592	8105
V	489654	8106
V	489709	8107
V	489770	8108
V	489833	8109
V	489888	8110
V	489950	8111
V	490006	8112
V	490061	8113
V	490124	8114
V	490188	8115
V	490243	8116
V	490307	8117
V	490371	8118
V	490435	8119
V	490490	8120
V	490553	8121
V	490614	8122
V	490669	8123
V	490733	8124
V	490795	8125
V	490856	8126
V	490918	8127
V	490981	8128
V	491042	8129
V	491098	8130
V	491159	8131
V	491220	8132
V	491281	8133
V	491344	8134
V	491405	8135
V	491469	8136
V	491531	8137
V	491586	8138
V	491647	8139
V	491702	8140
V	491763	8141
V	491824	8142
V	491885	8143
V	491949	8144
V	492010	8145
V	492072	8146
V	492136	8147
V	492191	8148
V	492253	8149
V	492315	8150
V	492370	8151
V	492425	8152
V	492489	8153
V	492550	8154
V	492612	8155
V	492675	8156
V	492736	8157
V	492799	8158
V	492861	8159
V	492924	8160
V	492986	8161
V	493048	8162
V	493110	8163
V	493172	8164
V	493234	8165
V	493295	8166
V	493357	8167
V	493419	8168
V	493482	8169
V	493543	8170
V	493599	8171
V	493654	8172
V	493717	8173
V	493772	8174
V	493827	8175
V	493890	8176
V	493946	8177
V	494010	8178
V	494072	8179
V	494127	8180
V	494190	8181
V	494246	8182
V	494307	8183
V	494369	8184
V	494432	8185
V	494494	8186
V	494549	8187
V	494610	8188
V	494671	8189
V	494733	8190
V	494796	8191
V	494858	8192
V	494913	8193
V	494976	8194
V	495038	8195
V	495094	8196
V	495158	8197
V	495220	8198
V	495281	8199
V	495342	8200
V	495403	8201
V	495458	8202
V	495513	8203
V	495568	8204
V	495623	8205
V	495686	8206
V	495749	8207
V	495811	8208
V	495872	8209
V	495934	8210
V	495989	8211
V	496051	8212
V	496114	8213
V	496169	8214
V	496230	8215
V	496292	8216
V	496354	8217
V	496417	8218
V	496480	8219
V	496543	8220
V	496604	8221
V	496665	8222
V	496721	8223
V	496776	8224
V	496838	8225
V	496894	8226
V	496949	8227
V	497012	8228
V	497075	8229
V	497138	8230
V	497200	8231
V	497261	8232
V	497322	8233
V	497383	8234
V	497439	8235
V	497502	8236
V	497564	8237
V	497619	8238
V	497674	8239
V	497735	8240
V	497796	8241
V	497859	8242
V	497920	8243
V	497982	8244
V	498044	8245
V	498099	8246
V	498163	8247
V	498224	8248
V	498287	8249
V	498350	8250
V	498411	8251
V	498474	8252
V	498535	8253
V	498597	8254
V	498659	8255
V	498721	8256
V	498783	8257
V	498844	8258
V	498899	8259
V	498961	8260
V	499016	8261
V	499078	8262
V	499140	8263
V	499203	8264
V	499258	8265
V	499320	8266
V	499381	8267
V	499443	8268
V	499506	8269
V	499569	8270
V	499630	8271
V	499685	8272
V	499748	8273
V	499810	8274
V	499873	8275
V	499934	8276
V	499995	8277
V	500050	8278
V	500105	8279
V	500160	8280
V	500215	8281
V	500278	8282
V	500339	8283
V	500400	8284
V	500462	8285
V	500524	8286
V	500579	8287
V	500641	8288
V	500703	8289
V	500766	8290
V	500828	8291
V	500890	8292
V	500951	8293
V	501013	8294
V	501074	8295
V	501137	8296
V	501193	8297
V	501256	8298
V	501317	8299
V	501378	8300
V	501441	8301
V	501503	8302
V	501565	8303
V	501626	8304
V	501689	8305
V	501752	8306
V	501807	8307
V	501868	8308
V	501929	8309
V	501990	8310
V	502052	8311
V	502114	8312
V	502178	8313
V	502233	8314
V	502296	8315
V	502357	8316
V	502419	8317
V	502482	8318
V	502544	8319
V	502607	8320
V	502669	8321
V	502732	8322
V	502793	8323
V	502856	8324
V	502918	8325
V	502974	8326
V	503036	8327
V	503098	8328
V	503159	8329
V	503221	8330
V	503284	8331
V	503345	8332
V	503406	8333
V	503468	8334
V	503531	8335
V	503592	8336
V	503647	8337
V	503711	8338
V	503773	8339
V	503835	8340
V	503890	8341
V	503945	8342
V	504007	8343
V	504070	8344
V	504133	8345
V	504195	8346
V	504250	8347
V	504313	8348
V	504375	8349
V	504430	8350
V	504493	8351
V	504555	8352
V	504618	8353
V	504681	8354
V	504744	8355
V	504805	8356
V	504869	8357
V	504932	8358
V	504993	8359
V	505056	8360
V	505117	8361
V	505172	8362
V	505227	8363
V	505290	8364
V	505345	8365
V	505401	8366
V	505465	8367
V	505520	8368
V	505581	8369
V	505643	8370
V	505706	8371
V	505768	8372
V	505831	8373
V	505895	8374
V	505956	8375
V	506011	8376
V	506067	8377
V	506122	8378
V	506177	8379
V	506238	8380
V	506299	8381
V	506362	8382
V	506425	8383
V	506487	8384
V	506542	8385
V	506605	8386
V	506667	8387
V	506728	8388
V	506791	8389
V	506854	8390
V	506916	8391
V	506971	8392
V	507026	8393
V	507090	8394
V	507152	8395
V	507214	8396
V	507269	8397
V	507331	8398
V	507392	8399
V	507455	8400
V	507518	8401
V	507579	8402
V	507642	8403
V	507697	8404
V	507760	8405
V	507822	8406
V	507884	8407
V	507948	8408
V	508004	8409
V	508065	8410
V	508128	8411
V	508192	8412
V	508254	8413
V	508317	8414
V	508379	8415
V	508440	8416
V	508501	8417
V	508557	8418
V	508618	8419
V	508681	8420
V	508742	8421
V	508805	8422
V	508867	8423
V	508929	8424
V	508990	8425
V	509051	8426
V	509106	8427
V	509168	8428
V	509231	8429
V	509293	8430
V	509356	8431
V	509418	8432
V	509474	8433
V	509537	8434
V	509599	8435
V	509661	8436
V	509723	8437
V	509786	8438
V	509848	8439
V	509910	8440
V	509973	8441
V	510035	8442
V	510090	8443
V	510151	8444
V	510206	8445
V	510268	8446
V	510330	8447
V	510386	8448
V	510449	8449
V	510511	8450
V	510574	8451
V	510637	8452
V	510698	8453
V	510762	8454
V	510825	8455
V	510880	8456
V	510936	8457
V	510992	8458
V	511053	8459
V	511116	8460
V	511179	8461
V	511241	8462
V	511297	8463
V	511360	8464
V	511423	8465
V	511484	8466
V	511539	8467
V	511601	8468
V	511664	8469
V	511719	8470
V	511780	8471
V	511835	8472
V	511897	8473
V	511952	8474
V	512015	8475
V	512077	8476
V	512139	8477
V	512194	8478
V	512249	8479
V	512304	8480
V	512367	8481
V	512430	8482
V	512492	8483
V	512553	8484
V	512614	8485
V	512675	8486
V	512737	8487
V	512800	8488
V	512862	8489
V	512925	8490
V	512986	8491
V	513041	8492
V	513103	8493
V	513166	8494
V	513222	8495
V	513285	8496
V	513340	8497
V	513404	8498
V	513467	8499
V	513530	8500
V	513585	8501
V	513648	8502
V	513709	8503
V	513771	8504
V	513834	8505
V	513889	8506
V	513952	8507
V	514013	8508
V	514074	8509
V	514129	8510
V	514190	8511
V	514252	8512
V	514307	8513
V	514370	8514
V	514426	8515
V	514481	8516
V	514545	8517
V	514608	8518
V	514663	8519
V	514719	8520
V	514781	8521
V	514843	8522
V	514904	8523
V	514965	8524
V	515020	8525
V	515075	8526
V	515138	8527
V	515199	8528
V	515254	8529
V	515317	8530
V	515378	8531
V	515440	8532
V	515502	8533
V	515564	8534
V	515626	8535
V	515689	8536
V	515744	8537
V	515807	8538
V	515862	8539
V	515923	8540
V	515986	8541
V	516047	8542
V	516108	8543
V	516171	8544
V	516234	8545
V	516297	8546
V	516352	8547
V	516415	8548
V	516478	8549
V	516533	8550
V	516596	8551
V	516659	8552
V	516714	8553
V	516769	8554
V	516832	8555
V	516887	8556
V	516942	8557
V	517004	8558
V	517066	8559
V	517127	8560
V	517188	8561
V	517251	8562
V	517312	8563
V	517375	8564
V	517438	8565
V	517499	8566
V	517562	8567
V	517625	8568
V	517686	8569
V	517748	8570
V	517811	8571
V	517873	8572
V	517934	8573
V	517995	8574
V	518058	8575
V	518121	8576
V	518182	8577
V	518243	8578
V	518305	8579
V	518367	8580
V	518430	8581
V	518491	8582
V	518553	8583
V	518608	8584
V	518663	8585
V	518725	8586
V	518786	8587
V	518842	8588
V	518906	8589
V	518967	8590
V	519029	8591
V	519090	8592
V	519151	8593
V	519207	8594
V	519269	8595
V	519330	8596
V	519391	8597
V	519447	8598
V	519509	8599
V	519570	8600
V	519632	8601
V	519695	8602
V	519756	8603
V	519819	8604
V	519882	8605
V	519945	8606
V	520008	8607
V	520071	8608
V	520126	8609
V	520181	8610
V	520245	8611
V	520300	8612
V	520362	8613
V	520418	8614
V	520473	8615
V	520536	8616
V	520599	8617
V	520661	8618
V	520724	8619
V	520787	8620
V	520848	8621
V	520912	8622
V	520967	8623
V	521030	8624
V	521085	8625
V	521148	8626
V	521211	8627
V	521274	8628
V	521329	8629
V	521391	8630
V	521447	8631
V	521510	8632
V	521572	8633
V	521627	8634
V	521682	8635
V	521738	8636
V	521793	8637
V	521855	8638
V	521917	8639
V	521978	8640
V	522040	8641
V	522102	8642
V	522157	8643
V	522212	8644
V	522275	8645
V	522338	8646
V	522400	8647
V	522463	8648
V	522525	8649
V	522587	8650
V	522650	8651
V	522706	8652
V	522762	8653
V	522824	8654
V	522888	8655
V	522943	8656
V	523007	8657
V	523062	8658
V	523123	8659
V	523185	8660
V	523247	8661
V	523310	8662
V	523371	8663
V	523433	8664
V	523495	8665
V	523558	8666
V	523620	8667
V	523683	8668
V	523739	8669
V	523803	8670
V	523865	8671
V	523928	8672
V	523991	8673
V	524054	8674
V	524117	8675
V	524179	8676
V	524242	8677
V	524298	8678
V	524359	8679
V	524420	8680
V	524481	8681
V	524536	8682
V	524591	8683
V	524646	8684
V	524709	8685
V	524770	8686
V	524831	8687
V	524887	8688
V	524942	8689
V	525006	8690
V	525061	8691
V	525124	8692
V	525187	8693
V	525250	8694
V	525312	8695
V	525374	8696
V	525437	8697
V	525493	8698
V	525554	8699
V	525616	8700
V	525677	8701
V	525738	8702
V	525801	8703
V	525865	8704
V	525927	8705
V	525989	8706
V	526051	8707
V	526114	8708
V	526178	8709
V	526240	8710
V	526303	8711
V	526365	8712
V	526428	8713
V	526484	8714
V	526546	8715
V	526608	8716
V	526670	8717
V	526732	8718
V	526787	8719
V	526849	8720
V	526904	8721
V	526965	8722
V	527028	8723
V	527091	8724
V	527154	8725
V	527216	8726
V	527277	8727
V	527341	8728
V	527396	8729
V	527459	8730
V	527514	8731
V	527569	8732
V	527630	8733
V	527694	8734
V	527758	8735
V	527821	8736
V	527876	8737
V	527932	8738
V	527988	8739
V	528049	8740
V	528105	8741
V	528168	8742
V	528223	8743
V	528285	8744
V	528347	8745
V	528408	8746
V	528470	8747
V	528525	8748
V	528587	8749
V	528651	8750
V	528712	8751
V	528775	8752
V	528836	8753
V	528899	8754
V	528954	8755
V	529017	8756
V	529072	8757
V	529134	8758
V	529190	8759
V	529245	8760
V	529306	8761
V	529368	8762
V	529430	8763
V	529485	8764
V	529548	8765
V	529610	8766
V	529665	8767
V	529727	8768
V	529782	8769
V	529844	8770
V	529907	8771
V	529969	8772
V	530024	8773
V	530086	8774
V	530149	8775
V	530212	8776
V	530273	8777
V	530335	8778
V	530391	8779
V	530453	8780
V	530516	8781
V	530578	8782
V	530640	8783
V	530703	8784
V	530767	8785
V	530830	8786
V	530891	8787
V	530953	8788
V	531016	8789
V	531071	8790
V	531133	8791
V	531188	8792
V	531249	8793
V	531312	8794
V	531376	8795
V	531432	8796
V	531495	8797
V	531556	8798
V	531620	8799
V	531682	8800
V	531744	8801
V	531806	8802
V	531868	8803
V	531929	8804
V	531984	8805
V	532039	8806
V	532100	8807
V	532164	8808
V	532225	8809
V	532280	8810
V	532343	8811
V	532406	8812
V	532462	8813
V	532525	8814
V	532587	8815
V	532649	8816
V	532711	8817
V	532773	8818
V	532835	8819
V	532891	8820
V	532954	8821
V	533009	8822
V	533072	8823
V	533128	8824
V	533191	8825
V	533253	8826
V	533316	8827
V	533371	8828
V	533432	8829
V	533494	8830
V	533555	8831
V	533610	8832
V	533665	8833
V	533726	8834
V	533788	8835
V	533849	8836
V	533912	8837
V	533967	8838
V	534030	8839
V	534085	8840
V	534140	8841
V	534203	8842
V	534265	8843
V	534328	8844
V	534391	8845
V	534446	8846
V	534508	8847
V	534569	8848
V	534632	8849
V	534694	8850
V	534757	8851
V	534821	8852
V	534876	8853
V	534939	8854
V	535001	8855
V	535062	8856
V	535123	8857
V	535178	8858
V	535239	8859
V	535300	8860
V	535361	8861
V	535424	8862
V	535487	8863
V	535550	8864
V	535613	8865
V	535674	8866
V	535735	8867
V	535798	8868
V	535861	8869
V	535923	8870
V	535986	8871
V	536047	8872
V	536111	8873
V	536174	8874
V	536237	8875
V	536301	8876
V	536356	8877
V	536418	8878
V	536473	8879
V	536535	8880
V	536590	8881
V	536652	8882
V	536715	8883
V	536778	8884
V	536841	8885
V	536903	8886
V	536967	8887
V	537030	8888
V	537092	8889
V	537153	8890
V	537217	8891
V	537281	8892
V	537343	8893
V	537406	8894
V	537468	8895
V	537529	8896
V	537590	8897
V	537653	8898
V	537714	8899
V	537770	8900
V	537831	8901
V	537887	8902
V	537948	8903
V	538004	8904
V	538065	8905
V	538121	8906
V	538176	8907
V	538238	8908
V	538293	8909
V	538354	8910
V	538417	8911
V	538472	8912
V	538535	8913
V	538597	8914
V	538659	8915
V	538722	8916
V	538784	8917
V	538847	8918
V	538910	8919
V	538965	8920
V	539027	8921
V	539090	8922
V	539146	8923
V	539210	8924
V	539271	8925
V	539335	8926
V	539396	8927
V	539459	8928
V	539515	8929
V	539578	8930
V	539639	8931
V	539701	8932
V	539764	8933
V	539827	8934
V	539889	8935
V	539945	8936
V	540007	8937
V	540062	8938
V	540124	8939
V	540179	8940
V	540241	8941
V	540303	8942
V	540366	8943
V	540429	8944
V	540493	8945
V	540548	8946
V	540611	8947
V	540672	8948
V	540735	8949
V	540796	8950
V	540852	8951
V	540914	8952
V	540977	8953
V	541038	8954
V	541093	8955
V	541148	8956
V	541211	8957
V	541274	8958
V	541335	8959
V	541398	8960
V	541461	8961
V	541516	8962
V	541571	8963
V	541627	8964
V	541689	8965
V	541752	8966
V	541807	8967
V	541869	8968
V	541931	8969
V	541986	8970
V	542048	8971
V	542103	8972
V	542165	8973
V	542229	8974
V	542285	8975
V	542340	8976
V	542402	8977
V	542463	8978
V	542526	8979
V	542590	8980
V	542645	8981
V	542708	8982
V	542771	8983
V	542826	8984
V	542888	8985
V	542943	8986
V	542998	8987
V	543059	8988
V	543122	8989
V	543184	8990
V	543239	8991
V	543302	8992
V	543363	8993
V	543427	8994
V	543489	8995
V	543552	8996
V	543614	8997
V	543677	8998
V	543732	8999
V	543794	9000
V	543858	9001
V	543920	9002
V	543975	9003
V	544038	9004
V	544094	9005
V	544150	9006
V	544212	9007
V	544273	9008
V	544335	9009
V	544398	9010
V	544461	9011
V	544522	9012
V	544584	9013
V	544647	9014
V	544711	9015
V	544767	9016
V	544829	9017
V	544884	9018
V	544939	9019
V	544995	9020
V	545057	9021
V	545112	9022
V	545167	9023
V	545231	9024
V	545292	9025
V	545356	9026
V	545418	9027
V	545473	9028
V	545536	9029
V	545597	9030
V	545659	9031
V	545722	9032
V	545784	9033
V	545840	9034
V	545901	9035
V	545964	9036
V	546027	9037
V	546083	9038
V	546146	9039
V	546201	9040
V	546265	9041
V	546328	9042
V	546383	9043
V	546439	9044
V	546500	9045
V	546564	9046
V	546625	9047
V	546681	9048
V	546742	9049
V	546797	9050
V	546860	9051
V	546923	9052
V	546986	9053
V	547041	9054
V	547103	9055
V	547158	9056
V	547221	9057
V	547282	9058
V	547343	9059
V	547406	9060
V	547469	9061
V	547524	9062
V	547588	9063
V	547649	9064
V	547712	9065
V	547775	9066
V	547836	9067
V	547897	9068
V	547961	9069
V	548025	9070
V	548086	9071
V	548149	9072
V	548204	9073
V	548259	9074
V	548314	9075
V	548369	9076
V	548430	9077
V	548486	9078
V	548547	9079
V	548602	9080
V	548664	9081
V	548719	9082
V	548782	9083
V	548838	9084
V	548900	9085
V	548963	9086
V	549018	9087
V	549081	9088
V	549144	9089
V	549205	9090
V	549268	9091
V	549332	9092
V	549394	9093
V	549456	9094
V	549511	9095
V	549567	9096
V	549630	9097
V	549685	9098
V	549741	9099
V	549803	9100
V	549866	9101
V	549929	9102
V	549990	9103
V	550051	9104
V	550113	9105
V	550168	9106
V	550230	9107
V	550285	9108
V	550347	9109
V	550410	9110
V	550473	9111
V	550535	9112
V	550598	9113
V	550659	9114
V	550721	9115
V	550782	9116
V	550845	9117
V	550907	9118
V	550968	9119
V	551023	9120
V	551086	9121
V	551148	9122
V	551209	9123
V	551270	9124
V	551333	9125
V	551394	9126
V	551456	9127
V	551519	9128
V	551583	9129
V	551645	9130
V	551700	9131
V	551763	9132
V	551824	9133
V	551887	9134
V	551949	9135
V	552011	9136
V	552067	9137
V	552129	9138
V	552191	9139
V	552246	9140
V	552307	9141
V	552362	9142
V	552425	9143
V	552480	9144
V	552535	9145
V	552596	9146
V	552657	9147
V	552721	9148
V	552784	9149
V	552846	9150
V	552901	9151
V	552965	9152
V	553020	9153
V	553075	9154
V	553139	9155
V	553201	9156
V	553262	9157
V	553325	9158
V	553387	9159
V	553442	9160
V	553504	9161
V	553560	9162
V	553621	9163
V	553676	9164
V	553731	9165
V	553792	9166
V	553855	9167
V	553911	9168
V	553973	9169
V	554036	9170
V	554097	9171
V	554159	9172
V	554221	9173
V	554285	9174
V	554340	9175
V	554395	9176
V	554456	9177
V	554511	9178
V	554572	9179
V	554634	9180
V	554696	9181
V	554759	9182
V	554814	9183
V	554876	9184
V	554938	9185
V	554993	9186
V	555057	9187
V	555120	9188
V	555183	9189
V	555238	9190
V	555299	9191
V	555362	9192
V	555425	9193
V	555480	9194
V	555543	9195
V	555604	9196
V	555667	9197
V	555722	9198
V	555784	9199
V	555845	9200
V	555906	9201
V	555961	9202
V	556023	9203
V	556086	9204
V	556147	9205
V	556208	9206
V	556270	9207
V	556333	9208
V	556388	9209
V	556443	9210
V	556505	9211
V	556568	9212
V	556623	9213
V	556685	9214
V	556748	9215
V	556804	9216
V	556866	9217
V	556930	9218
V	556992	9219
V	557055	9220
V	557111	9221
V	557172	9222
V	557233	9223
V	557294	9224
V	557355	9225
V	557417	9226
V	557479	9227
V	557534	9228
V	557596	9229
V	557659	9230
V	557720	9231
V	557781	9232
V	557844	9233
V	557906	9234
V	557961	9235
V	558016	9236
V	558077	9237
V	558140	9238
V	558203	9239
V	558265	9240
V	558327	9241
V	558390	9242
V	558452	9243
V	558515	9244
V	558576	9245
V	558631	9246
V	558686	9247
V	558749	9248
V	558811	9249
V	558874	9250
V	558938	9251
V	559001	9252
V	559064	9253
V	559126	9254
V	559189	9255
V	559251	9256
V	559313	9257
V	559374	9258
V	559437	9259
V	559500	9260
V	559563	9261
V	559618	9262
V	559673	9263
V	559734	9264
V	559797	9265
V	559859	9266
V	559915	9267
V	559978	9268
V	560041	9269
V	560103	9270
V	560164	9271
V	560227	9272
V	560282	9273
V	560345	9274
V	560407	9275
V	560470	9276
V	560531	9277
V	560594	9278
V	560657	9279
V	560718	9280
V	560781	9281
V	560844	9282
V	560899	9283
V	560962	9284
V	561017	9285
V	561079	9286
V	561143	9287
V	561198	9288
V	561259	9289
V	561314	9290
V	561377	9291
V	561438	9292
V	561500	9293
V	561563	9294
V	561618	9295
V	561681	9296
V	561744	9297
V	561805	9298
V	561867	9299
V	561929	9300
V	561984	9301
V	562047	9302
V	562110	9303
V	562165	9304
V	562227	9305
V	562291	9306
V	562346	9307
V	562409	9308
V	562471	9309
V	562532	9310
V	562595	9311
V	562656	9312
V	562711	9313
V	562774	9314
V	562829	9315
V	562885	9316
V	562948	9317
V	563003	9318
V	563059	9319
V	563114	9320
V	563177	9321
V	563239	9322
V	563301	9323
V	563363	9324
V	563426	9325
V	563487	9326
V	563550	9327
V	563614	9328
V	563678	9329
V	563740	9330
V	563802	9331
V	563857	9332
V	563920	9333
V	563983	9334
V	564038	9335
V	564093	9336
V	564155	9337
V	564216	9338
V	564277	9339
V	564339	9340
V	564394	9341
V	564456	9342
V	564519	9343
V	564583	9344
V	564645	9345
V	564708	9346
V	564770	9347
V	564825	9348
V	564881	9349
V	564943	9350
V	565005	9351
V	565067	9352
V	565129	9353
V	565190	9354
V	565251	9355
V	565314	9356
V	565375	9357
V	565438	9358
V	565494	9359
V	565557	9360
V	565612	9361
V	565674	9362
V	565736	9363
V	565799	9364
V	565862	9365
V	565923	9366
V	565978	9367
V	566039	9368
V	566094	9369
V	566158	9370
V	566220	9371
V	566282	9372
V	566345	9373
V	566401	9374
V	566456	9375
V	566511	9376
V	566566	9377
V	566628	9378
V	566684	9379
V	566746	9380
V	566809	9381
V	566864	9382
V	566926	9383
V	566987	9384
V	567042	9385
V	567105	9386
V	567168	9387
V	567223	9388
V	567286	9389
V	567347	9390
V	567411	9391
V	567472	9392
V	567527	9393
V	567591	9394
V	567653	9395
V	567716	9396
V	567778	9397
V	567840	9398
V	567901	9399
V	567956	9400
V	568018	9401
V	568073	9402
V	568135	9403
V	568199	9404
V	568260	9405
V	568315	9406
V	568376	9407
V	568431	9408
V	568494	9409
V	568549	9410
V	568611	9411
V	568675	9412
V	568739	9413
V	568800	9414
V	568863	9415
V	568924	9416
V	568987	9417
V	569049	9418
V	569111	9419
V	569173	9420
V	569228	9421
V	569291	9422
V	569353	9423
V	569415	9424
V	569478	9425
V	569539	9426
V	569600	9427
V	569664	9428
V	569726	9429
V	569788	9430
V	569843	9431
V	569906	9432
V	569961	9433
V	570023	9434
V	570086	9435
V	570149	9436
V	570212	9437
V	570274	9438
V	570338	9439
V	570393	9440
V	570457	9441
V	570518	9442
V	570581	9443
V	570643	9444
V	570698	9445
V	570760	9446
V	570824	9447
V	570887	9448
V	570951	9449
V	571012	9450
V	571073	9451
V	571135	9452
V	571197	9453
V	571259	9454
V	571322	9455
V	571378	9456
V	571433	9457
V	571495	9458
V	571550	9459
V	571613	9460
V	571676	9461
V	571737	9462
V	571798	9463
V	571861	9464
V	571916	9465
V	571977	9466
V	572038	9467
V	572101	9468
V	572164	9469
V	572227	9470
V	572290	9471
V	572352	9472
V	572413	9473
V	572476	9474
V	572531	9475
V	572594	9476
V	572656	9477
V	572720	9478
V	572775	9479
V	572837	9480
V	572898	9481
V	572962	9482
V	573023	9483
V	573085	9484
V	573148	9485
V	573212	9486
V	573273	9487
V	573337	9488
V	573398	9489
V	573453	9490
V	573516	9491
V	573571	9492
V	573633	9493
V	573696	9494
V	573758	9495
V	573821	9496
V	573876	9497
V	573931	9498
V	573987	9499
V	574043	9500
V	574106	9501
V	574168	9502
V	574231	9503
V	574292	9504
V	574355	9505
V	574419	9506
V	574482	9507
V	574544	9508
V	574606	9509
V	574667	9510
V	574729	9511
V	574792	9512
V	574855	9513
V	574910	9514
V	574971	9515
V	575034	9516
V	575096	9517
V	575151	9518
V	575212	9519
V	575267	9520
V	575329	9521
V	575392	9522
V	575455	9523
V	575518	9524
V	575573	9525
V	575636	9526
V	575700	9527
V	575763	9528
V	575826	9529
V	575881	9530
V	575944	9531
V	576006	9532
V	576068	9533
V	576131	9534
V	576192	9535
V	576254	9536
V	576316	9537
V	576378	9538
V	576433	9539
V	576495	9540
V	576557	9541
V	576618	9542
V	576680	9543
V	576735	9544
V	576796	9545
V	576857	9546
V	576918	9547
V	576974	9548
V	577035	9549
V	577096	9550
V	577157	9551
V	577219	9552
V	577275	9553
V	577330	9554
V	577385	9555
V	577448	9556
V	577509	9557
V	577570	9558
V	577631	9559
V	577694	9560
V	577755	9561
V	577811	9562
V	577866	9563
V	577927	9564
V	577990	9565
V	578053	9566
V	578108	9567
V	578172	9568
V	578233	9569
V	578288	9570
V	578350	9571
V	578411	9572
V	578474	9573
V	578538	9574
V	578601	9575
V	578665	9576
V	578727	9577
V	578789	9578
V	578851	9579
V	578912	9580
V	578973	9581
V	579028	9582
V	579083	9583
V	579138	9584
V	579200	9585
V	579262	9586
V	579323	9587
V	579384	9588
V	579446	9589
V	579502	9590
V	579564	9591
V	579627	9592
V	579682	9593
V	579743	9594
V	579799	9595
V	579862	9596
V	579923	9597
V	579979	9598
V	580041	9599
V	580102	9600
V	580163	9601
V	580226	9602
V	580287	9603
V	580350	9604
V	580405	9605
V	580468	9606
V	580531	9607
V	580592	9608
V	580654	9609
V	580715	9610
V	580778	9611
V	580840	9612
V	580904	9613
V	580967	9614
V	581022	9615
V	581078	9616
V	581141	9617
V	581202	9618
V	581265	9619
V	581320	9620
V	581382	9621
V	581444	9622
V	581506	9623
V	581561	9624
V	581624	9625
V	581686	9626
V	581741	9627
V	581797	9628
V	581852	9629
V	581907	9630
V	581971	9631
V	582032	9632
V	582095	9633
V	582150	9634
V	582211	9635
V	582273	9636
V	582336	9637
V	582391	9638
V	582452	9639
V	582515	9640
V	582578	9641
V	582641	9642
V	582703	9643
V	582765	9644
V	582826	9645
V	582887	9646
V	582948	9647
V	583010	9648
V	583071	9649
V	583134	9650
V	583197	9651
V	583258	9652
V	583313	9653
V	583375	9654
V	583438	9655
V	583501	9656
V	583563	9657
V	583626	9658
V	583689	9659
V	583744	9660
V	583807	9661
V	583868	9662
V	583930	9663
V	583992	9664
V	584053	9665
V	584114	9666
V	584169	9667
V	584231	9668
V	584293	9669
V	584355	9670
V	584411	9671
V	584474	9672
V	584536	9673
V	584597	9674
V	584659	9675
V	584721	9676
V	584785	9677
V	584847	9678
V	584911	9679
V	584974	9680
V	585029	9681
V	585091	9682
V	585154	9683
V	585216	9684
V	585279	9685
V	585334	9686
V	585389	9687
V	585444	9688
V	585507	9689
V	585569	9690
V	585630	9691
V	585691	9692
V	585752	9693
V	585807	9694
V	585869	9695
V	585932	9696
V	585995	9697
V	586058	9698
V	586119	9699
V	586181	9700
V	586244	9701
V	586307	9702
V	586370	9703
V	586431	9704
V	586486	9705
V	586548	9706
V	586609	9707
V	586672	9708
V	586735	9709
V	586798	9710
V	586859	9711
V	586921	9712
V	586983	9713
V	587046	9714
V	587109	9715
V	587172	9716
V	587234	9717
V	587295	9718
V	587351	9719
V	587414	9720
V	587476	9721
V	587538	9722
V	587599	9723
V	587661	9724
V	587724	9725
V	587786	9726
V	587847	9727
V	587909	9728
V	587964	9729
V	588025	9730
V	588088	9731
V	588150	9732
V	588214	9733
V	588278	9734
V	588333	9735
V	588395	9736
V	588457	9737
V	588512	9738
V	588567	9739
V	588628	9740
V	588691	9741
V	588752	9742
V	588815	9743
V	588876	9744
V	588931	9745
V	588993	9746
V	589056	9747
V	589117	9748
V	589180	9749
V	589243	9750
V	589306	9751
V	589369	9752
V	589431	9753
V	589486	9754
V	589548	9755
V	589610	9756
V	589671	9757
V	589733	9758
V	589796	9759
V	589858	9760
V	589919	9761
V	589982	9762
V	590045	9763
V	590106	9764
V	590169	9765
V	590230	9766
V	590285	9767
V	590348	9768
V	590410	9769
V	590473	9770
V	590534	9771
V	590596	9772
V	590659	9773
V	590714	9774
V	590778	9775
V	590840	9776
V	590902	9777
V	590957	9778
V	591019	9779
V	591082	9780
V	591144	9781
V	591207	9782
V	591269	9783
V	591331	9784
V	591393	9785
V	591454	9786
V	591509	9787
V	591564	9788
V	591625	9789
V	591680	9790
V	591743	9791
V	591805	9792
V	591868	9793
V	591931	9794
V	591994	9795
V	592057	9796
V	592120	9797
V	592182	9798
V	592238	9799
V	592301	9800
V	592356	9801
V	592412	9802
V	592473	9803
V	592528	9804
V	592589	9805
V	592651	9806
V	592714	9807
V	592777	9808
V	592839	9809
V	592900	9810
V	592963	9811
V	593018	9812
V	593073	9813
V	593136	9814
V	593199	9815
V	593260	9816
V	593321	9817
V	593383	9818
V	593439	9819
V	593500	9820
V	593562	9821
V	593626	9822
V	593689	9823
V	593744	9824
V	593807	9825
V	593869	9826
V	593924	9827
V	593986	9828
V	594047	9829
V	594103	9830
V	594159	9831
V	594223	9832
V	594278	9833
V	594340	9834
V	594395	9835
V	594456	9836
V	594511	9837
V	594574	9838
V	594635	9839
V	594696	9840
V	594751	9841
V	594806	9842
V	594861	9843
V	594916	9844
V	594972	9845
V	595034	9846
V	595097	9847
V	595160	9848
V	595222	9849
V	595286	9850
V	595342	9851
V	595404	9852
V	595467	9853
V	595523	9854
V	595578	9855
V	595633	9856
V	595688	9857
V	595743	9858
V	595805	9859
V	595868	9860
V	595931	9861
V	595994	9862
V	596056	9863
V	596117	9864
V	596180	9865
V	596242	9866
V	596303	9867
V	596364	9868
V	596419	9869
V	596481	9870
V	596543	9871
V	596605	9872
V	596667	9873
V	596728	9874
V	596790	9875
V	596852	9876
V	596915	9877
V	596978	9878
V	597041	9879
V	597104	9880
V	597159	9881
V	597222	9882
V	597285	9883
V	597347	9884
V	597402	9885
V	597463	9886
V	597526	9887
V	597587	9888
V	597643	9889
V	597698	9890
V	597753	9891
V	597816	9892
V	597878	9893
V	597940	9894
V	598004	9895
V	598067	9896
V	598122	9897
V	598177	9898
V	598232	9899
V	598294	9900
V	598357	9901
V	598419	9902
V	598480	9903
V	598535	9904
V	598596	9905
V	598658	9906
V	598714	9907
V	598778	9908
V	598841	9909
V	598902	9910
V	598966	9911
V	599021	9912
V	599084	9913
V	599147	9914
V	599208	9915
V	599270	9916
V	599332	9917
V	599394	9918
V	599456	9919
V	599517	9920
V	599578	9921
V	599634	9922
V	599698	9923
V	599754	9924
V	599816	9925
V	599879	9926
V	599941	9927
V	600002	9928
V	600057	9929
V	600119	9930
V	600174	9931
V	600237	9932
V	600292	9933
V	600355	9934
V	600416	9935
V	600471	9936
V	600535	9937
V	600590	9938
V	600654	9939
V	600717	9940
V	600773	9941
V	600835	9942
V	600897	9943
V	600952	9944
V	601007	9945
V	601071	9946
V	601134	9947
V	601197	9948
V	601258	9949
V	601319	9950
V	601381	9951
V	601437	9952
V	601498	9953
V	601560	9954
V	601621	9955
V	601684	9956
V	601740	9957
V	601803	9958
V	601858	9959
V	601920	9960
V	601981	9961
V	602043	9962
V	602106	9963
V	602161	9964
V	602222	9965
V	602285	9966
V	602340	9967
V	602402	9968
V	602464	9969
V	602519	9970
V	602581	9971
V	602643	9972
V	602705	9973
V	602767	9974
V	602829	9975
V	602891	9976
V	602954	9977
V	603016	9978
V	603077	9979
V	603141	9980
V	603204	9981
V	603266	9982
V	603321	9983
V	603376	9984
V	603432	9985
V	603493	9986
V	603556	9987
V	603618	9988
V	603673	9989
V	603728	9990
V	603791	9991
V	603852	9992
V	603914	9993
V	603969	9994
V	604030	9995
V	604093	9996
V	604155	9997
V	604216	9998
V	604278	9999
V	604333	10000
V	604395	10001
V	604452	10002
V	604515	10003
V	604571	10004
V	604628	10005
V	604684	10006
V	604740	10007
V	604803	10008
V	604867	10009
V	604923	10010
V	604979	10011
V	605035	10012
V	605098	10013
V	605161	10014
V	605218	10015
V	605281	10016
V	605344	10017
V	605409	10018
V	605473	10019
V	605529	10020
V	605591	10021
V	605654	10022
V	605710	10023
V	605772	10024
V	605836	10025
V	605899	10026
V	605961	10027
V	606023	10028
V	606088	10029
V	606152	10030
V	606214	10031
V	606279	10032
V	606335	10033
V	606398	10034
V	606455	10035
V	606518	10036
V	606582	10037
V	606645	10038
V	606701	10039
V	606764	10040
V	606820	10041
V	606885	10042
V	606948	10043
V	607005	10044
V	607067	10045
V	607129	10046
V	607194	10047
V	607250	10048
V	607312	10049
V	607375	10050
V	607431	10051
V	607494	10052
V	607557	10053
V	607619	10054
V	607676	10055
V	607732	10056
V	607789	10057
V	607854	10058
V	607918	10059
V	607981	10060
V	608045	10061
V	608109	10062
V	608173	10063
V	608237	10064
V	608301	10065
V	608365	10066
V	608429	10067
V	608493	10068
V	608549	10069
V	608612	10070
V	608669	10071
V	608732	10072
V	608788	10073
V	608852	10074
V	608908	10075
V	608970	10076
V	609026	10077
V	609083	10078
V	609147	10079
V	609209	10080
V	609265	10081
V	609327	10082
V	609391	10083
V	609456	10084
V	609519	10085
V	609582	10086
V	609645	10087
V	609708	10088
V	609772	10089
V	609835	10090
V	609899	10091
V	609955	10092
V	610018	10093
V	610081	10094
V	610143	10095
V	610199	10096
V	610263	10097
V	610319	10098
V	610383	10099
V	610447	10100
V	610510	10101
V	610575	10102
V	610637	10103
V	610699	10104
V	610762	10105
V	610826	10106
V	610883	10107
V	610945	10108
V	611002	10109
V	611066	10110
V	611129	10111
V	611193	10112
V	611255	10113
V	611319	10114
V	611382	10115
V	611445	10116
V	611501	10117
V	611563	10118
V	611619	10119
V	611682	10120
V	611747	10121
V	611809	10122
V	611873	10123
V	611937	10124
V	612000	10125
V	612064	10126
V	612128	10127
V	612192	10128
V	612257	10129
V	612313	10130
V	612370	10131
V	612426	10132
V	612488	10133
V	612551	10134
V	612613	10135
V	612676	10136
V	612738	10137
V	612802	10138
V	612865	10139
V	612929	10140
V	612993	10141
V	613058	10142
V	613120	10143
V	613184	10144
V	613248	10145
V	613310	10146
V	613367	10147
V	613423	10148
V	613488	10149
V	613551	10150
V	613607	10151
V	613671	10152
V	613736	10153
V	613800	10154
V	613864	10155
V	613927	10156
V	613990	10157
V	614054	10158
V	614118	10159
V	614181	10160
V	614238	10161
V	614302	10162
V	614365	10163
V	614422	10164
V	614478	10165
V	614534	10166
V	614597	10167
V	614659	10168
V	614722	10169
V	614785	10170
V	614847	10171
V	614911	10172
V	614967	10173
V	615031	10174
V	615087	10175
V	615143	10176
V	615206	10177
V	615268	10178
V	615324	10179
V	615386	10180
V	615448	10181
V	615510	10182
V	615573	10183
V	615629	10184
V	615693	10185
V	615755	10186
V	615817	10187
V	615881	10188
V	615938	10189
V	616001	10190
V	616063	10191
V	616127	10192
V	616183	10193
V	616245	10194
V	616307	10195
V	616371	10196
V	616434	10197
V	616491	10198
V	616554	10199
V	616616	10200
V	616679	10201
V	616742	10202
V	616805	10203
V	616869	10204
V	616931	10205
V	616993	10206
V	617049	10207
V	617112	10208
V	617174	10209
V	617230	10210
V	617294	10211
V	617356	10212
V	617421	10213
V	617483	10214
V	617547	10215
V	617604	10216
V	617667	10217
V	617724	10218
V	617780	10219
V	617836	10220
V	617892	10221
V	617954	10222
V	618010	10223
V	618075	10224
V	618138	10225
V	618194	10226
V	618257	10227
V	618313	10228
V	618378	10229
V	618435	10230
V	618497	10231
V	618559	10232
V	618621	10233
V	618684	10234
V	618748	10235
V	618810	10236
V	618867	10237
V	618931	10238
V	618988	10239
V	619050	10240
V	619114	10241
V	619177	10242
V	619240	10243
V	619304	10244
V	619367	10245
V	619430	10246
V	619487	10247
V	619551	10248
V	619614	10249
V	619670	10250
V	619727	10251
V	619791	10252
V	619853	10253
V	619915	10254
V	619978	10255
V	620040	10256
V	620104	10257
V	620168	10258
V	620232	10259
V	620295	10260
V	620351	10261
V	620414	10262
V	620479	10263
V	620543	10264
V	620606	10265
V	620668	10266
V	620725	10267
V	620788	10268
V	620851	10269
V	620907	10270
V	620970	10271
V	621032	10272
V	621096	10273
V	621158	10274
V	621221	10275
V	621285	10276
V	621347	10277
V	621409	10278
V	621473	10279
V	621536	10280
V	621592	10281
V	621654	10282
V	621717	10283
V	621780	10284
V	621836	10285
V	621900	10286
V	621964	10287
V	622020	10288
V	622082	10289
V	622144	10290
V	622206	10291
V	622269	10292
V	622331	10293
V	622395	10294
V	622457	10295
V	622519	10296
V	622583	10297
V	622645	10298
V	622701	10299
V	622757	10300
V	622813	10301
V	622875	10302
V	622931	10303
V	622994	10304
V	623057	10305
V	623119	10306
V	623175	10307
V	623237	10308
V	623293	10309
V	623356	10310
V	623418	10311
V	623482	10312
V	623544	10313
V	623607	10314
V	623663	10315
V	623725	10316
V	623789	10317
V	623851	10318
V	623913	10319
V	623976	10320
V	624032	10321
V	624096	10322
V	624153	10323
V	624217	10324
V	624281	10325
V	624345	10326
V	624409	10327
V	624472	10328
V	624528	10329
V	624584	10330
V	624646	10331
V	624702	10332
V	624766	10333
V	624830	10334
V	624894	10335
V	624950	10336
V	625015	10337
V	625079	10338
V	625143	10339
V	625199	10340
V	625263	10341
V	625327	10342
V	625391	10343
V	625447	10344
V	625511	10345
V	625573	10346
V	625637	10347
V	625702	10348
V	625765	10349
V	625821	10350
V	625886	10351
V	625949	10352
V	626013	10353
V	626078	10354
V	626142	10355
V	626206	10356
V	626269	10357
V	626332	10358
V	626396	10359
V	626458	10360
V	626521	10361
V	626577	10362
V	626633	10363
V	626698	10364
V	626760	10365
V	626823	10366
V	626887	10367
V	626951	10368
V	627013	10369
V	627076	10370
V	627140	10371
V	627204	10372
V	627266	10373
V	627322	10374
V	627378	10375
V	627441	10376
V	627505	10377
V	627570	10378
V	627626	10379
V	627689	10380
V	627745	10381
V	627802	10382
V	627866	10383
V	627930	10384
V	627986	10385
V	628048	10386
V	628104	10387
V	628168	10388
V	628232	10389
V	628288	10390
V	628353	10391
V	628410	10392
V	628475	10393
V	628531	10394
V	628587	10395
V	628643	10396
V	628705	10397
V	628767	10398
V	628829	10399
V	628891	10400
V	628948	10401
V	629012	10402
V	629076	10403
V	629140	10404
V	629202	10405
V	629265	10406
V	629321	10407
V	629385	10408
V	629448	10409
V	629513	10410
V	629576	10411
V	629640	10412
V	629704	10413
V	629766	10414
V	629828	10415
V	629890	10416
V	629953	10417
V	630017	10418
V	630073	10419
V	630137	10420
V	630201	10421
V	630264	10422
V	630328	10423
V	630384	10424
V	630447	10425
V	630510	10426
V	630573	10427
V	630638	10428
V	630694	10429
V	630756	10430
V	630812	10431
V	630875	10432
V	630937	10433
V	630993	10434
V	631055	10435
V	631111	10436
V	631175	10437
V	631239	10438
V	631296	10439
V	631361	10440
V	631425	10441
V	631488	10442
V	631544	10443
V	631606	10444
V	631669	10445
V	631733	10446
V	631798	10447
V	631861	10448
V	631917	10449
V	631981	10450
V	632043	10451
V	632099	10452
V	632155	10453
V	632218	10454
V	632275	10455
V	632337	10456
V	632401	10457
V	632464	10458
V	632520	10459
V	632584	10460
V	632648	10461
V	632713	10462
V	632769	10463
V	632825	10464
V	632888	10465
V	632944	10466
V	633008	10467
V	633071	10468
V	633135	10469
V	633199	10470
V	633261	10471
V	633323	10472
V	633387	10473
V	633451	10474
V	633514	10475
V	633576	10476
V	633639	10477
V	633695	10478
V	633759	10479
V	633824	10480
V	633881	10481
V	633943	10482
V	634005	10483
V	634068	10484
V	634130	10485
V	634192	10486
V	634254	10487
V	634316	10488
V	634381	10489
V	634437	10490
V	634500	10491
V	634557	10492
V	634620	10493
V	634682	10494
V	634738	10495
V	634802	10496
V	634865	10497
V	634927	10498
V	634990	10499
V	635054	10500
V	635118	10501
V	635182	10502
V	635244	10503
V	635309	10504
V	635365	10505
V	635429	10506
V	635485	10507
V	635547	10508
V	635611	10509
V	635674	10510
V	635737	10511
V	635799	10512
V	635855	10513
V	635919	10514
V	635983	10515
V	636046	10516
V	636110	10517
V	636172	10518
V	636234	10519
V	636298	10520
V	636363	10521
V	636426	10522
V	636482	10523
V	636546	10524
V	636608	10525
V	636670	10526
V	636732	10527
V	636794	10528
V	636856	10529
V	636919	10530
V	636975	10531
V	637040	10532
V	637103	10533
V	637160	10534
V	637216	10535
V	637280	10536
V	637343	10537
V	637407	10538
V	637471	10539
V	637536	10540
V	637593	10541
V	637658	10542
V	637714	10543
V	637770	10544
V	637833	10545
V	637889	10546
V	637952	10547
V	638008	10548
V	638064	10549
V	638127	10550
V	638191	10551
V	638254	10552
V	638316	10553
V	638372	10554
V	638436	10555
V	638499	10556
V	638555	10557
V	638619	10558
V	638675	10559
V	638740	10560
V	638796	10561
V	638858	10562
V	638920	10563
V	638985	10564
V	639048	10565
V	639111	10566
V	639167	10567
V	639229	10568
V	639293	10569
V	639356	10570
V	639419	10571
V	639483	10572
V	639547	10573
V	639609	10574
V	639673	10575
V	639735	10576
V	639791	10577
V	639855	10578
V	639911	10579
V	639975	10580
V	640031	10581
V	640093	10582
V	640155	10583
V	640217	10584
V	640273	10585
V	640337	10586
V	640400	10587
V	640462	10588
V	640526	10589
V	640582	10590
V	640646	10591
V	640708	10592
V	640770	10593
V	640834	10594
V	640898	10595
V	640954	10596
V	641016	10597
V	641080	10598
V	641144	10599
V	641200	10600
V	641263	10601
V	641328	10602
V	641384	10603
V	641448	10604
V	641513	10605
V	641577	10606
V	641633	10607
V	641697	10608
V	641759	10609
V	641821	10610
V	641883	10611
V	641940	10612
V	642003	10613
V	642067	10614
V	642123	10615
V	642180	10616
V	642243	10617
V	642306	10618
V	642370	10619
V	642434	10620
V	642490	10621
V	642546	10622
V	642603	10623
V	642667	10624
V	642729	10625
V	642785	10626
V	642847	10627
V	642903	10628
V	642959	10629
V	643022	10630
V	643085	10631
V	643141	10632
V	643204	10633
V	643268	10634
V	643332	10635
V	643397	10636
V	643461	10637
V	643524	10638
V	643587	10639
V	643643	10640
V	643705	10641
V	643768	10642
V	643832	10643
V	643896	10644
V	643960	10645
V	644022	10646
V	644084	10647
V	644148	10648
V	644211	10649
V	644267	10650
V	644331	10651
V	644395	10652
V	644459	10653
V	644515	10654
V	644579	10655
V	644635	10656
V	644699	10657
V	644763	10658
V	644819	10659
V	644875	10660
V	644938	10661
V	645001	10662
V	645065	10663
V	645129	10664
V	645192	10665
V	645256	10666
V	645319	10667
V	645382	10668
V	645446	10669
V	645508	10670
V	645571	10671
V	645634	10672
V	645698	10673
V	645762	10674
V	645825	10675
V	645887	10676
V	645952	10677
V	646016	10678
V	646072	10679
V	646128	10680
V	646190	10681
V	646253	10682
V	646317	10683
V	646380	10684
V	646443	10685
V	646500	10686
V	646563	10687
V	646619	10688
V	646681	10689
V	646745	10690
V	646807	10691
V	646863	10692
V	646926	10693
V	646989	10694
V	647053	10695
V	647117	10696
V	647181	10697
V	647237	10698
V	647299	10699
V	647363	10700
V	647425	10701
V	647481	10702
V	647543	10703
V	647600	10704
V	647664	10705
V	647721	10706
V	647785	10707
V	647848	10708
V	647913	10709
V	647969	10710
V	648031	10711
V	648088	10712
V	648144	10713
V	648200	10714
V	648264	10715
V	648326	10716
V	648390	10717
V	648453	10718
V	648516	10719
V	648581	10720
V	648644	10721
V	648709	10722
V	648766	10723
V	648828	10724
V	648890	10725
V	648952	10726
V	649014	10727
V	649076	10728
V	649132	10729
V	649194	10730
V	649256	10731
V	649320	10732
V	649385	10733
V	649449	10734
V	649512	10735
V	649568	10736
V	649631	10737
V	649688	10738
V	649751	10739
V	649815	10740
V	649878	10741
V	649934	10742
V	649991	10743
V	650047	10744
V	650111	10745
V	650167	10746
V	650223	10747
V	650287	10748
V	650343	10749
V	650407	10750
V	650469	10751
V	650531	10752
V	650594	10753
V	650656	10754
V	650719	10755
V	650783	10756
V	650846	10757
V	650910	10758
V	650966	10759
V	651022	10760
V	651086	10761
V	651148	10762
V	651212	10763
V	651276	10764
V	651332	10765
V	651396	10766
V	651460	10767
V	651524	10768
V	651580	10769
V	651642	10770
V	651705	10771
V	651768	10772
V	651824	10773
V	651889	10774
V	651954	10775
V	652016	10776
V	652080	10777
V	652144	10778
V	652207	10779
V	652271	10780
V	652327	10781
V	652390	10782
V	652453	10783
V	652510	10784
V	652572	10785
V	652636	10786
V	652699	10787
V	652764	10788
V	652820	10789
V	652884	10790
V	652940	10791
V	652997	10792
V	653060	10793
V	653124	10794
V	653180	10795
V	653243	10796
V	653308	10797
V	653364	10798
V	653427	10799
V	653490	10800
V	653554	10801
V	653617	10802
V	653673	10803
V	653737	10804
V	653800	10805
V	653862	10806
V	653918	10807
V	653974	10808
V	654037	10809
V	654101	10810
V	654164	10811
V	654226	10812
V	654283	10813
V	654347	10814
V	654410	10815
V	654472	10816
V	654535	10817
V	654598	10818
V	654662	10819
V	654726	10820
V	654783	10821
V	654845	10822
V	654901	10823
V	654957	10824
V	655021	10825
V	655083	10826
V	655147	10827
V	655209	10828
V	655265	10829
V	655330	10830
V	655393	10831
V	655457	10832
V	655520	10833
V	655585	10834
V	655647	10835
V	655711	10836
V	655774	10837
V	655839	10838
V	655903	10839
V	655967	10840
V	656023	10841
V	656087	10842
V	656149	10843
V	656212	10844
V	656276	10845
V	656332	10846
V	656395	10847
V	656451	10848
V	656507	10849
V	656569	10850
V	656631	10851
V	656694	10852
V	656750	10853
V	656812	10854
V	656875	10855
V	656937	10856
V	657002	10857
V	657065	10858
V	657129	10859
V	657192	10860
V	657257	10861
V	657321	10862
V	657385	10863
V	657447	10864
V	657511	10865
V	657567	10866
V	657630	10867
V	657686	10868
V	657750	10869
V	657807	10870
V	657871	10871
V	657933	10872
V	657998	10873
V	658060	10874
V	658124	10875
V	658181	10876
V	658246	10877
V	658308	10878
V	658372	10879
V	658437	10880
V	658499	10881
V	658562	10882
V	658625	10883
V	658688	10884
V	658744	10885
V	658806	10886
V	658869	10887
V	658926	10888
V	658990	10889
V	659046	10890
V	659109	10891
V	659171	10892
V	659234	10893
V	659296	10894
V	659360	10895
V	659424	10896
V	659488	10897
V	659550	10898
V	659606	10899
V	659663	10900
V	659719	10901
V	659782	10902
V	659838	10903
V	659901	10904
V	659958	10905
V	660021	10906
V	660085	10907
V	660149	10908
V	660205	10909
V	660267	10910
V	660330	10911
V	660395	10912
V	660457	10913
V	660520	10914
V	660576	10915
V	660638	10916
V	660701	10917
V	660766	10918
V	660822	10919
V	660886	10920
V	660951	10921
V	661014	10922
V	661077	10923
V	661133	10924
V	661196	10925
V	661258	10926
V	661321	10927
V	661386	10928
V	661450	10929
V	661513	10930
V	661577	10931
V	661633	10932
V	661695	10933
V	661759	10934
V	661822	10935
V	661885	10936
V	661949	10937
V	662013	10938
V	662076	10939
V	662140	10940
V	662204	10941
V	662268	10942
V	662330	10943
V	662386	10944
V	662448	10945
V	662511	10946
V	662574	10947
V	662630	10948
V	662692	10949
V	662755	10950
V	662811	10951
V	662873	10952
V	662936	10953
V	662998	10954
V	663060	10955
V	663116	10956
V	663179	10957
V	663242	10958
V	663299	10959
V	663362	10960
V	663425	10961
V	663489	10962
V	663552	10963
V	663608	10964
V	663672	10965
V	663728	10966
V	663793	10967
V	663858	10968
V	663914	10969
V	663976	10970
V	664039	10971
V	664101	10972
V	664163	10973
V	664219	10974
V	664281	10975
V	664344	10976
V	664406	10977
V	664470	10978
V	664535	10979
V	664598	10980
V	664655	10981
V	664711	10982
V	664775	10983
V	664838	10984
V	664902	10985
V	664966	10986
V	665028	10987
V	665090	10988
V	665154	10989
V	665218	10990
V	665280	10991
V	665344	10992
V	665408	10993
V	665472	10994
V	665537	10995
V	665599	10996
V	665656	10997
V	665718	10998
V	665782	10999
V	665844	11000
V	665908	11001
V	665972	11002
V	666037	11003
V	666100	11004
V	666163	11005
V	666227	11006
V	666290	11007
V	666353	11008
V	666409	11009
V	666472	11010
V	666528	11011
V	666592	11012
V	666649	11013
V	666705	11014
V	666769	11015
V	666831	11016
V	666893	11017
V	666957	11018
V	667013	11019
V	667075	11020
V	667138	11021
V	667200	11022
V	667262	11023
V	667325	11024
V	667387	11025
V	667451	11026
V	667513	11027
V	667576	11028
V	667641	11029
V	667704	11030
V	667768	11031
V	667824	11032
V	667888	11033
V	667950	11034
V	668013	11035
V	668077	11036
V	668139	11037
V	668203	11038
V	668266	11039
V	668329	11040
V	668386	11041
V	668442	11042
V	668506	11043
V	668562	11044
V	668625	11045
V	668688	11046
V	668744	11047
V	668806	11048
V	668870	11049
V	668926	11050
V	668988	11051
V	669044	11052
V	669100	11053
V	669156	11054
V	669218	11055
V	669281	11056
V	669337	11057
V	669401	11058
V	669464	11059
V	669520	11060
V	669584	11061
V	669640	11062
V	669702	11063
V	669759	11064
V	669815	11065
V	669878	11066
V	669934	11067
V	669997	11068
V	670053	11069
V	670116	11070
V	670180	11071
V	670243	11072
V	670307	11073
V	670363	11074
V	670427	11075
V	670483	11076
V	670546	11077
V	670603	11078
V	670660	11079
V	670723	11080
V	670786	11081
V	670850	11082
V	670915	11083
V	670979	11084
V	671044	11085
V	671100	11086
V	671165	11087
V	671229	11088
V	671292	11089
V	671354	11090
V	671410	11091
V	671466	11092
V	671530	11093
V	671586	11094
V	671649	11095
V	671712	11096
V	671774	11097
V	671838	11098
V	671901	11099
V	671966	11100
V	672030	11101
V	672094	11102
V	672157	11103
V	672220	11104
V	672284	11105
V	672347	11106
V	672411	11107
V	672473	11108
V	672529	11109
V	672593	11110
V	672657	11111
V	672713	11112
V	672776	11113
V	672840	11114
V	672896	11115
V	672952	11116
V	673014	11117
V	673077	11118
V	673133	11119
V	673197	11120
V	673260	11121
V	673324	11122
V	673380	11123
V	673444	11124
V	673501	11125
V	673563	11126
V	673625	11127
V	673687	11128
V	673751	11129
V	673807	11130
V	673871	11131
V	673933	11132
V	673996	11133
V	674060	11134
V	674124	11135
V	674187	11136
V	674250	11137
V	674314	11138
V	674376	11139
V	674432	11140
V	674496	11141
V	674561	11142
V	674623	11143
V	674680	11144
V	674743	11145
V	674807	11146
V	674871	11147
V	674934	11148
V	674990	11149
V	675053	11150
V	675117	11151
V	675173	11152
V	675238	11153
V	675301	11154
V	675365	11155
V	675428	11156
V	675491	11157
V	675553	11158
V	675615	11159
V	675678	11160
V	675735	11161
V	675792	11162
V	675855	11163
V	675917	11164
V	675982	11165
V	676038	11166
V	676094	11167
V	676157	11168
V	676220	11169
V	676284	11170
V	676340	11171
V	676404	11172
V	676468	11173
V	676531	11174
V	676587	11175
V	676643	11176
V	676699	11177
V	676764	11178
V	676827	11179
V	676890	11180
V	676954	11181
V	677018	11182
V	677082	11183
V	677144	11184
V	677201	11185
V	677264	11186
V	677321	11187
V	677384	11188
V	677447	11189
V	677503	11190
V	677566	11191
V	677628	11192
V	677690	11193
V	677754	11194
V	677818	11195
V	677881	11196
V	677943	11197
V	678005	11198
V	678068	11199
V	678131	11200
V	678193	11201
V	678249	11202
V	678313	11203
V	678377	11204
V	678439	11205
V	678503	11206
V	678566	11207
V	678629	11208
V	678693	11209
V	678755	11210
V	678819	11211
V	678881	11212
V	678945	11213
V	679007	11214
V	679069	11215
V	679133	11216
V	679197	11217
V	679262	11218
V	679324	11219
V	679380	11220
V	679444	11221
V	679507	11222
V	679563	11223
V	679625	11224
V	679688	11225
V	679744	11226
V	679801	11227
V	679864	11228
V	679928	11229
V	679985	11230
V	680049	11231
V	680112	11232
V	680168	11233
V	680231	11234
V	680293	11235
V	680357	11236
V	680420	11237
V	680483	11238
V	680539	11239
V	680602	11240
V	680666	11241
V	680728	11242
V	680784	11243
V	680848	11244
V	680912	11245
V	680975	11246
V	681031	11247
V	681094	11248
V	681157	11249
V	681213	11250
V	681276	11251
V	681339	11252
V	681403	11253
V	681466	11254
V	681522	11255
V	681586	11256
V	681650	11257
V	681714	11258
V	681778	11259
V	681842	11260
V	681906	11261
V	681970	11262
V	682033	11263
V	682097	11264
V	682161	11265
V	682225	11266
V	682281	11267
V	682344	11268
V	682407	11269
V	682469	11270
V	682531	11271
V	682594	11272
V	682656	11273
V	682719	11274
V	682775	11275
V	682837	11276
V	682900	11277
V	682964	11278
V	683027	11279
V	683091	11280
V	683153	11281
V	683217	11282
V	683280	11283
V	683342	11284
V	683405	11285
V	683461	11286
V	683524	11287
V	683588	11288
V	683650	11289
V	683706	11290
V	683771	11291
V	683833	11292
V	683897	11293
V	683959	11294
V	684015	11295
V	684077	11296
V	684139	11297
V	684203	11298
V	684267	11299
V	684323	11300
V	684386	11301
V	684450	11302
V	684506	11303
V	684562	11304
V	684627	11305
V	684683	11306
V	684746	11307
V	684802	11308
V	684865	11309
V	684928	11310
V	684984	11311
V	685047	11312
V	685109	11313
V	685173	11314
V	685238	11315
V	685294	11316
V	685357	11317
V	685421	11318
V	685484	11319
V	685548	11320
V	685613	11321
V	685669	11322
V	685731	11323
V	685794	11324
V	685856	11325
V	685920	11326
V	685983	11327
V	686047	11328
V	686103	11329
V	686167	11330
V	686231	11331
V	686287	11332
V	686343	11333
V	686407	11334
V	686469	11335
V	686531	11336
V	686596	11337
V	686661	11338
V	686717	11339
V	686773	11340
V	686837	11341
V	686900	11342
V	686962	11343
V	687026	11344
V	687089	11345
V	687151	11346
V	687215	11347
V	687279	11348
V	687342	11349
V	687398	11350
V	687461	11351
V	687525	11352
V	687582	11353
V	687645	11354
V	687709	11355
V	687772	11356
V	687836	11357
V	687892	11358
V	687957	11359
V	688019	11360
V	688083	11361
V	688139	11362
V	688195	11363
V	688259	11364
V	688322	11365
V	688378	11366
V	688442	11367
V	688505	11368
V	688567	11369
V	688623	11370
V	688680	11371
V	688743	11372
V	688799	11373
V	688855	11374
V	688918	11375
V	688981	11376
V	689046	11377
V	689102	11378
V	689164	11379
V	689227	11380
V	689289	11381
V	689345	11382
V	689409	11383
V	689472	11384
V	689535	11385
V	689598	11386
V	689661	11387
V	689725	11388
V	689790	11389
V	689853	11390
V	689917	11391
V	689973	11392
V	690037	11393
V	690101	11394
V	690165	11395
V	690229	11396
V	690291	11397
V	690353	11398
V	690415	11399
V	690471	11400
V	690534	11401
V	690596	11402
V	690659	11403
V	690715	11404
V	690779	11405
V	690843	11406
V	690907	11407
V	690970	11408
V	691033	11409
V	691089	11410
V	691153	11411
V	691215	11412
V	691272	11413
V	691334	11414
V	691399	11415
V	691456	11416
V	691512	11417
V	691574	11418
V	691638	11419
V	691702	11420
V	691766	11421
V	691828	11422
V	691891	11423
V	691954	11424
V	692017	11425
V	692080	11426
V	692136	11427
V	692200	11428
V	692257	11429
V	692314	11430
V	692377	11431
V	692439	11432
V	692504	11433
V	692568	11434
V	692632	11435
V	692694	11436
V	692757	11437
V	692819	11438
V	692875	11439
V	692931	11440
V	692996	11441
V	693059	11442
V	693121	11443
V	693185	11444
V	693249	11445
V	693305	11446
V	693368	11447
V	693424	11448
V	693488	11449
V	693551	11450
V	693607	11451
V	693670	11452
V	693733	11453
V	693789	11454
V	693853	11455
V	693909	11456
V	693973	11457
V	694035	11458
V	694098	11459
V	694160	11460
V	694223	11461
V	694280	11462
V	694337	11463
V	694393	11464
V	694457	11465
V	694521	11466
V	694585	11467
V	694649	11468
V	694705	11469
V	694761	11470
V	694824	11471
V	694886	11472
V	694949	11473
V	695011	11474
V	695074	11475
V	695138	11476
V	695202	11477
V	695258	11478
V	695320	11479
V	695382	11480
V	695446	11481
V	695509	11482
V	695571	11483
V	695627	11484
V	695691	11485
V	695754	11486
V	695816	11487
V	695880	11488
V	695945	11489
V	696008	11490
V	696065	11491
V	696129	11492
V	696192	11493
V	696254	11494
V	696318	11495
V	696380	11496
V	696443	11497
V	696507	11498
V	696571	11499
V	696634	11500
V	696690	11501
V	696746	11502
V	696811	11503
V	696867	11504
V	696929	11505
V	696992	11506
V	697056	11507
V	697119	11508
V	697175	11509
V	697240	11510
V	697302	11511
V	697366	11512
V	697430	11513
V	697494	11514
V	697557	11515
V	697621	11516
V	697686	11517
V	697742	11518
V	697804	11519
V	697869	11520
V	697933	11521
V	697996	11522
V	698058	11523
V	698120	11524
V	698176	11525
V	698233	11526
V	698296	11527
V	698359	11528
V	698423	11529
V	698486	11530
V	698548	11531
V	698604	11532
V	698668	11533
V	698731	11534
V	698795	11535
V	698851	11536
V	698913	11537
V	698975	11538
V	699039	11539
V	699095	11540
V	699159	11541
V	699224	11542
V	699287	11543
V	699350	11544
V	699406	11545
V	699469	11546
V	699534	11547
V	699598	11548
V	699661	11549
V	699725	11550
V	699788	11551
V	699851	11552
V	699915	11553
V	699979	11554
V	700042	11555
V	700104	11556
V	700166	11557
V	700230	11558
V	700293	11559
V	700356	11560
V	700419	11561
V	700481	11562
V	700544	11563
V	700608	11564
V	700672	11565
V	700737	11566
V	700800	11567
V	700862	11568
V	700925	11569
V	700988	11570
V	701052	11571
V	701116	11572
V	701181	11573
V	701243	11574
V	701306	11575
V	701371	11576
V	701434	11577
V	701490	11578
V	701554	11579
V	701618	11580
V	701682	11581
V	701746	11582
V	701810	11583
V	701874	11584
V	701939	11585
V	702003	11586
V	702059	11587
V	702121	11588
V	702183	11589
V	702240	11590
V	702302	11591
V	702366	11592
V	702423	11593
V	702479	11594
V	702541	11595
V	702604	11596
V	702661	11597
V	702724	11598
V	702780	11599
V	702843	11600
V	702908	11601
V	702971	11602
V	703035	11603
V	703091	11604
V	703154	11605
V	703218	11606
V	703281	11607
V	703343	11608
V	703406	11609
V	703469	11610
V	703532	11611
V	703594	11612
V	703658	11613
V	703715	11614
V	703778	11615
V	703834	11616
V	703896	11617
V	703960	11618
V	704017	11619
V	704074	11620
V	704136	11621
V	704199	11622
V	704263	11623
V	704325	11624
V	704390	11625
V	704452	11626
V	704516	11627
V	704579	11628
V	704635	11629
V	704698	11630
V	704761	11631
V	704826	11632
V	704890	11633
V	704952	11634
V	705008	11635
V	705070	11636
V	705126	11637
V	705188	11638
V	705251	11639
V	705307	11640
V	705363	11641
V	705425	11642
V	705487	11643
V	705551	11644
V	705615	11645
V	705679	11646
V	705741	11647
V	705805	11648
V	705870	11649
V	705926	11650
V	705989	11651
V	706051	11652
V	706113	11653
V	706177	11654
V	706242	11655
V	706305	11656
V	706367	11657
V	706424	11658
V	706488	11659
V	706550	11660
V	706606	11661
V	706662	11662
V	706725	11663
V	706789	11664
V	706853	11665
V	706916	11666
V	706979	11667
V	707043	11668
V	707106	11669
V	707170	11670
V	707226	11671
V	707290	11672
V	707352	11673
V	707408	11674
V	707470	11675
V	707526	11676
V	707590	11677
V	707653	11678
V	707716	11679
V	707772	11680
V	707834	11681
V	707898	11682
V	707960	11683
V	708022	11684
V	708087	11685
V	708143	11686
V	708200	11687
V	708256	11688
V	708312	11689
V	708375	11690
V	708431	11691
V	708487	11692
V	708551	11693
V	708614	11694
V	708676	11695
V	708739	11696
V	708804	11697
V	708867	11698
V	708930	11699
V	708986	11700
V	709049	11701
V	709114	11702
V	709176	11703
V	709239	11704
V	709302	11705
V	709358	11706
V	709420	11707
V	709482	11708
V	709545	11709
V	709601	11710
V	709658	11711
V	709722	11712
V	709784	11713
V	709847	11714
V	709904	11715
V	709968	11716
V	710031	11717
V	710094	11718
V	710150	11719
V	710215	11720
V	710271	11721
V	710328	11722
V	710390	11723
V	710454	11724
V	710510	11725
V	710574	11726
V	710636	11727
V	710700	11728
V	710757	11729
V	710813	11730
V	710869	11731
V	710932	11732
V	710994	11733
V	711058	11734
V	711115	11735
V	711178	11736
V	711243	11737
V	711306	11738
V	711370	11739
V	711434	11740
V	711497	11741
V	711560	11742
V	711622	11743
V	711685	11744
V	711741	11745
V	711797	11746
V	711861	11747
V	711924	11748
V	711989	11749
V	712051	11750
V	712107	11751
V	712163	11752
V	712227	11753
V	712283	11754
V	712347	11755
V	712410	11756
V	712473	11757
V	712529	11758
V	712593	11759
V	712657	11760
V	712719	11761
V	712783	11762
V	712846	11763
V	712910	11764
V	712974	11765
V	713038	11766
V	713102	11767
V	713165	11768
V	713227	11769
V	713291	11770
V	713355	11771
V	713418	11772
V	713474	11773
V	713537	11774
V	713600	11775
V	713656	11776
V	713720	11777
V	713783	11778
V	713846	11779
V	713910	11780
V	713966	11781
V	714030	11782
V	714094	11783
V	714158	11784
V	714220	11785
V	714283	11786
V	714339	11787
V	714395	11788
V	714457	11789
V	714519	11790
V	714583	11791
V	714640	11792
V	714705	11793
V	714769	11794
V	714833	11795
V	714897	11796
V	714953	11797
V	715015	11798
V	715072	11799
V	715136	11800
V	715199	11801
V	715261	11802
V	715324	11803
V	715387	11804
V	715443	11805
V	715507	11806
V	715571	11807
V	715634	11808
V	715690	11809
V	715747	11810
V	715810	11811
V	715875	11812
V	715937	11813
V	716001	11814
V	716065	11815
V	716128	11816
V	716192	11817
V	716248	11818
V	716312	11819
V	716376	11820
V	716439	11821
V	716495	11822
V	716559	11823
V	716623	11824
V	716679	11825
V	716743	11826
V	716806	11827
V	716870	11828
V	716934	11829
V	716998	11830
V	717060	11831
V	717122	11832
V	717185	11833
V	717241	11834
V	717305	11835
V	717361	11836
V	717423	11837
V	717486	11838
V	717550	11839
V	717615	11840
V	717678	11841
V	717741	11842
V	717803	11843
V	717866	11844
V	717928	11845
V	717991	11846
V	718047	11847
V	718109	11848
V	718172	11849
V	718235	11850
V	718297	11851
V	718360	11852
V	718423	11853
V	718487	11854
V	718551	11855
V	718615	11856
V	718671	11857
V	718727	11858
V	718790	11859
V	718853	11860
V	718917	11861
V	718981	11862
V	719044	11863
V	719108	11864
V	719172	11865
V	719234	11866
V	719296	11867
V	719360	11868
V	719424	11869
V	719486	11870
V	719549	11871
V	719613	11872
V	719676	11873
V	719732	11874
V	719795	11875
V	719851	11876
V	719913	11877
V	719976	11878
V	720039	11879
V	720104	11880
V	720160	11881
V	720217	11882
V	720273	11883
V	720337	11884
V	720393	11885
V	720455	11886
V	720511	11887
V	720573	11888
V	720636	11889
V	720700	11890
V	720764	11891
V	720828	11892
V	720891	11893
V	720947	11894
V	721009	11895
V	721072	11896
V	721136	11897
V	721192	11898
V	721255	11899
V	721311	11900
V	721375	11901
V	721437	11902
V	721502	11903
V	721565	11904
V	721629	11905
V	721691	11906
V	721754	11907
V	721810	11908
V	721874	11909
V	721938	11910
V	722001	11911
V	722063	11912
V	722126	11913
V	722190	11914
V	722246	11915
V	722302	11916
V	722366	11917
V	722428	11918
V	722490	11919
V	722554	11920
V	722617	11921
V	722680	11922
V	722742	11923
V	722805	11924
V	722869	11925
V	722931	11926
V	722995	11927
V	723059	11928
V	723122	11929
V	723178	11930
V	723242	11931
V	723305	11932
V	723368	11933
V	723424	11934
V	723487	11935
V	723544	11936
V	723607	11937
V	723663	11938
V	723725	11939
V	723789	11940
V	723851	11941
V	723915	11942
V	723971	11943
V	724035	11944
V	724100	11945
V	724162	11946
V	724226	11947
V	724289	11948
V	724345	11949
V	724401	11950
V	724457	11951
V	724521	11952
V	724584	11953
V	724646	11954
V	724709	11955
V	724772	11956
V	724835	11957
V	724899	11958
V	724961	11959
V	725024	11960
V	725088	11961
V	725152	11962
V	725214	11963
V	725278	11964
V	725342	11965
V	725405	11966
V	725461	11967
V	725525	11968
V	725589	11969
V	725651	11970
V	725707	11971
V	725771	11972
V	725833	11973
V	725897	11974
V	725960	11975
V	726022	11976
V	726085	11977
V	726149	11978
V	726211	11979
V	726274	11980
V	726337	11981
V	726401	11982
V	726465	11983
V	726527	11984
V	726583	11985
V	726647	11986
V	726704	11987
V	726767	11988
V	726832	11989
V	726895	11990
V	726952	11991
V	727008	11992
V	727064	11993
V	727126	11994
V	727190	11995
V	727254	11996
V	727318	11997
V	727380	11998
V	727443	11999
V	727499	12000
V	727562	12001
V	727625	12002
V	727681	12003
V	727743	12004
V	727807	12005
V	727869	12006
V	727931	12007
V	727987	12008
V	728043	12009
V	728105	12010
V	728168	12011
V	728230	12012
V	728293	12013
V	728350	12014
V	728413	12015
V	728476	12016
V	728539	12017
V	728603	12018
V	728665	12019
V	728721	12020
V	728777	12021
V	728839	12022
V	728895	12023
V	728958	12024
V	729014	12025
V	729077	12026
V	729133	12027
V	729196	12028
V	729259	12029
V	729315	12030
V	729379	12031
V	729441	12032
V	729504	12033
V	729560	12034
V	729624	12035
V	729688	12036
V	729752	12037
V	729815	12038
V	729879	12039
V	729935	12040
V	729992	12041
V	730056	12042
V	730119	12043
V	730181	12044
V	730243	12045
V	730306	12046
V	730368	12047
V	730425	12048
V	730481	12049
V	730538	12050
V	730600	12051
V	730663	12052
V	730720	12053
V	730784	12054
V	730849	12055
V	730913	12056
V	730976	12057
V	731041	12058
V	731097	12059
V	731153	12060
V	731217	12061
V	731279	12062
V	731341	12063
V	731397	12064
V	731461	12065
V	731525	12066
V	731587	12067
V	731651	12068
V	731715	12069
V	731778	12070
V	731834	12071
V	731899	12072
V	731963	12073
V	732019	12074
V	732075	12075
V	732140	12076
V	732204	12077
V	732261	12078
V	732317	12079
V	732380	12080
V	732444	12081
V	732507	12082
V	732563	12083
V	732626	12084
V	732683	12085
V	732746	12086
V	732802	12087
V	732864	12088
V	732927	12089
V	732991	12090
V	733054	12091
V	733118	12092
V	733181	12093
V	733244	12094
V	733301	12095
V	733364	12096
V	733426	12097
V	733490	12098
V	733554	12099
V	733617	12100
V	733674	12101
V	733737	12102
V	733801	12103
V	733863	12104
V	733919	12105
V	733981	12106
V	734045	12107
V	734109	12108
V	734173	12109
V	734235	12110
V	734298	12111
V	734361	12112
V	734423	12113
V	734487	12114
V	734551	12115
V	734613	12116
V	734676	12117
V	734732	12118
V	734795	12119
V	734858	12120
V	734921	12121
V	734984	12122
V	735040	12123
V	735096	12124
V	735160	12125
V	735216	12126
V	735278	12127
V	735342	12128
V	735405	12129
V	735467	12130
V	735529	12131
V	735585	12132
V	735647	12133
V	735712	12134
V	735777	12135
V	735841	12136
V	735905	12137
V	735968	12138
V	736032	12139
V	736088	12140
V	736150	12141
V	736206	12142
V	736262	12143
V	736326	12144
V	736390	12145
V	736452	12146
V	736508	12147
V	736571	12148
V	736627	12149
V	736692	12150
V	736754	12151
V	736818	12152
V	736882	12153
V	736947	12154
V	737010	12155
V	737074	12156
V	737137	12157
V	737193	12158
V	737256	12159
V	737312	12160
V	737375	12161
V	737437	12162
V	737500	12163
V	737565	12164
V	737621	12165
V	737685	12166
V	737748	12167
V	737804	12168
V	737866	12169
V	737928	12170
V	737984	12171
V	738047	12172
V	738103	12173
V	738166	12174
V	738222	12175
V	738286	12176
V	738350	12177
V	738406	12178
V	738469	12179
V	738533	12180
V	738595	12181
V	738659	12182
V	738722	12183
V	738786	12184
V	738849	12185
V	738913	12186
V	738969	12187
V	739025	12188
V	739088	12189
V	739150	12190
V	739214	12191
V	739276	12192
V	739339	12193
V	739403	12194
V	739465	12195
V	739529	12196
V	739594	12197
V	739658	12198
V	739720	12199
V	739784	12200
V	739847	12201
V	739911	12202
V	739968	12203
V	740030	12204
V	740086	12205
V	740149	12206
V	740214	12207
V	740276	12208
V	740338	12209
V	740395	12210
V	740451	12211
V	740507	12212
V	740564	12213
V	740626	12214
V	740688	12215
V	740744	12216
V	740806	12217
V	740869	12218
V	740932	12219
V	740995	12220
V	741058	12221
V	741121	12222
V	741186	12223
V	741251	12224
V	741315	12225
V	741372	12226
V	741434	12227
V	741497	12228
V	741561	12229
V	741624	12230
V	741688	12231
V	741751	12232
V	741815	12233
V	741878	12234
V	741940	12235
V	741996	12236
V	742059	12237
V	742115	12238
V	742172	12239
V	742236	12240
V	742300	12241
V	742363	12242
V	742419	12243
V	742481	12244
V	742543	12245
V	742606	12246
V	742662	12247
V	742725	12248
V	742788	12249
V	742851	12250
V	742914	12251
V	742976	12252
V	743041	12253
V	743103	12254
V	743159	12255
V	743222	12256
V	743285	12257
V	743347	12258
V	743404	12259
V	743467	12260
V	743531	12261
V	743593	12262
V	743656	12263
V	743712	12264
V	743768	12265
V	743832	12266
V	743895	12267
V	743958	12268
V	744021	12269
V	744084	12270
V	744140	12271
V	744204	12272
V	744260	12273
V	744324	12274
V	744386	12275
V	744449	12276
V	744512	12277
V	744574	12278
V	744636	12279
V	744692	12280
V	744756	12281
V	744813	12282
V	744875	12283
V	744937	12284
V	745000	12285
V	745062	12286
V	745126	12287
V	745190	12288
V	745252	12289
V	745314	12290
V	745376	12291
V	745432	12292
V	745494	12293
V	745558	12294
V	745614	12295
V	745677	12296
V	745733	12297
V	745789	12298
V	745852	12299
V	745908	12300
V	745970	12301
V	746032	12302
V	746088	12303
V	746144	12304
V	746209	12305
V	746273	12306
V	746329	12307
V	746394	12308
V	746456	12309
V	746512	12310
V	746574	12311
V	746639	12312
V	746695	12313
V	746758	12314
V	746822	12315
V	746886	12316
V	746949	12317
V	747005	12318
V	747069	12319
V	747131	12320
V	747194	12321
V	747257	12322
V	747320	12323
V	747383	12324
V	747445	12325
V	747501	12326
V	747557	12327
V	747620	12328
V	747683	12329
V	747745	12330
V	747801	12331
V	747857	12332
V	747919	12333
V	747984	12334
V	748048	12335
V	748112	12336
V	748176	12337
V	748240	12338
V	748304	12339
V	748367	12340
V	748430	12341
V	748487	12342
V	748551	12343
V	748615	12344
V	748679	12345
V	748741	12346
V	748803	12347
V	748867	12348
V	748931	12349
V	748995	12350
V	749058	12351
V	749121	12352
V	749184	12353
V	749241	12354
V	749304	12355
V	749360	12356
V	749423	12357
V	749485	12358
V	749547	12359
V	749610	12360
V	749673	12361
V	749737	12362
V	749801	12363
V	749864	12364
V	749928	12365
V	749990	12366
V	750053	12367
V	750110	12368
V	750174	12369
V	750236	12370
V	750299	12371
V	750362	12372
V	750418	12373
V	750480	12374
V	750543	12375
V	750600	12376
V	750665	12377
V	750721	12378
V	750784	12379
V	750840	12380
V	750903	12381
V	750966	12382
V	751029	12383
V	751085	12384
V	751142	12385
V	751199	12386
V	751263	12387
V	751326	12388
V	751388	12389
V	751452	12390
V	751515	12391
V	751578	12392
V	751641	12393
V	751697	12394
V	751753	12395
V	751817	12396
V	751873	12397
V	751929	12398
V	751992	12399
V	752057	12400
V	752113	12401
V	752169	12402
V	752225	12403
V	752289	12404
V	752346	12405
V	752402	12406
V	752465	12407
V	752521	12408
V	752577	12409
V	752633	12410
V	752696	12411
V	752761	12412
V	752826	12413
V	752888	12414
V	752951	12415
V	753014	12416
V	753077	12417
V	753140	12418
V	753203	12419
V	753259	12420
V	753321	12421
V	753384	12422
V	753440	12423
V	753504	12424
V	753567	12425
V	753629	12426
V	753692	12427
V	753748	12428
V	753810	12429
V	753875	12430
V	753938	12431
V	754000	12432
V	754064	12433
V	754128	12434
V	754191	12435
V	754255	12436
V	754317	12437
V	754380	12438
V	754443	12439
V	754499	12440
V	754563	12441
V	754620	12442
V	754682	12443
V	754746	12444
V	754810	12445
V	754866	12446
V	754930	12447
V	754987	12448
V	755051	12449
V	755116	12450
V	755181	12451
V	755243	12452
V	755299	12453
V	755361	12454
V	755418	12455
V	755474	12456
V	755531	12457
V	755593	12458
V	755649	12459
V	755711	12460
V	755774	12461
V	755836	12462
V	755901	12463
V	755963	12464
V	756025	12465
V	756082	12466
V	756139	12467
V	756195	12468
V	756258	12469
V	756320	12470
V	756384	12471
V	756440	12472
V	756505	12473
V	756567	12474
V	756630	12475
V	756694	12476
V	756758	12477
V	756814	12478
V	756878	12479
V	756934	12480
V	756996	12481
V	757058	12482
V	757122	12483
V	757178	12484
V	757240	12485
V	757296	12486
V	757352	12487
V	757416	12488
V	757478	12489
V	757540	12490
V	757604	12491
V	757668	12492
V	757724	12493
V	757788	12494
V	757852	12495
V	757914	12496
V	757970	12497
V	758026	12498
V	758089	12499
V	758151	12500
V	758208	12501
V	758272	12502
V	758335	12503
V	758398	12504
V	758460	12505
V	758522	12506
V	758578	12507
V	758641	12508
V	758704	12509
V	758766	12510
V	758828	12511
V	758884	12512
V	758949	12513
V	759006	12514
V	759070	12515
V	759134	12516
V	759198	12517
V	759260	12518
V	759323	12519
V	759379	12520
V	759442	12521
V	759505	12522
V	759567	12523
V	759632	12524
V	759694	12525
V	759756	12526
V	759820	12527
V	759876	12528
V	759940	12529
V	760003	12530
V	760067	12531
V	760130	12532
V	760192	12533
V	760256	12534
V	760318	12535
V	760380	12536
V	760443	12537
V	760499	12538
V	760564	12539
V	760629	12540
V	760693	12541
V	760756	12542
V	760818	12543
V	760881	12544
V	760937	12545
V	761000	12546
V	761064	12547
V	761127	12548
V	761189	12549
V	761253	12550
V	761317	12551
V	761381	12552
V	761444	12553
V	761507	12554
V	761563	12555
V	761620	12556
V	761684	12557
V	761746	12558
V	761809	12559
V	761873	12560
V	761936	12561
V	762000	12562
V	762062	12563
V	762125	12564
V	762189	12565
V	762253	12566
V	762310	12567
V	762372	12568
V	762436	12569
V	762492	12570
V	762548	12571
V	762610	12572
V	762673	12573
V	762737	12574
V	762793	12575
V	762856	12576
V	762920	12577
V	762982	12578
V	763046	12579
V	763103	12580
V	763166	12581
V	763222	12582
V	763285	12583
V	763347	12584
V	763410	12585
V	763466	12586
V	763530	12587
V	763593	12588
V	763657	12589
V	763720	12590
V	763784	12591
V	763847	12592
V	763909	12593
V	763972	12594
V	764034	12595
V	764097	12596
V	764159	12597
V	764215	12598
V	764271	12599
V	764335	12600
V	764398	12601
V	764455	12602
V	764518	12603
V	764583	12604
V	764645	12605
V	764708	12606
V	764764	12607
V	764821	12608
V	764885	12609
V	764948	12610
V	765013	12611
V	765075	12612
V	765139	12613
V	765203	12614
V	765265	12615
V	765328	12616
V	765385	12617
V	765447	12618
V	765510	12619
V	765574	12620
V	765636	12621
V	765698	12622
V	765762	12623
V	765826	12624
V	765882	12625
V	765946	12626
V	766009	12627
V	766072	12628
V	766136	12629
V	766199	12630
V	766261	12631
V	766324	12632
V	766388	12633
V	766452	12634
V	766508	12635
V	766571	12636
V	766635	12637
V	766700	12638
V	766763	12639
V	766826	12640
V	766883	12641
V	766940	12642
V	767004	12643
V	767061	12644
V	767125	12645
V	767181	12646
V	767237	12647
V	767299	12648
V	767362	12649
V	767427	12650
V	767484	12651
V	767547	12652
V	767611	12653
V	767674	12654
V	767736	12655
V	767792	12656
V	767855	12657
V	767917	12658
V	767981	12659
V	768038	12660
V	768094	12661
V	768150	12662
V	768214	12663
V	768278	12664
V	768342	12665
V	768398	12666
V	768455	12667
V	768511	12668
V	768575	12669
V	768639	12670
V	768703	12671
V	768766	12672
V	768822	12673
V	768886	12674
V	768951	12675
V	769015	12676
V	769079	12677
V	769142	12678
V	769206	12679
V	769270	12680
V	769332	12681
V	769394	12682
V	769457	12683
V	769521	12684
V	769583	12685
V	769646	12686
V	769708	12687
V	769764	12688
V	769827	12689
V	769891	12690
V	769954	12691
V	770019	12692
V	770081	12693
V	770144	12694
V	770200	12695
V	770256	12696
V	770312	12697
V	770368	12698
V	770433	12699
V	770495	12700
V	770551	12701
V	770607	12702
V	770672	12703
V	770734	12704
V	770796	12705
V	770858	12706
V	770914	12707
V	770977	12708
V	771039	12709
V	771101	12710
V	771157	12711
V	771220	12712
V	771284	12713
V	771348	12714
V	771411	12715
V	771467	12716
V	771523	12717
V	771580	12718
V	771644	12719
V	771701	12720
V	771757	12721
V	771821	12722
V	771877	12723
V	771940	12724
V	772003	12725
V	772065	12726
V	772129	12727
V	772192	12728
V	772256	12729
V	772320	12730
V	772376	12731
V	772433	12732
V	772497	12733
V	772560	12734
V	772617	12735
V	772679	12736
V	772743	12737
V	772806	12738
V	772870	12739
V	772932	12740
V	772996	12741
V	773061	12742
V	773125	12743
V	773187	12744
V	773243	12745
V	773307	12746
V	773369	12747
V	773426	12748
V	773482	12749
V	773538	12750
V	773594	12751
V	773658	12752
V	773721	12753
V	773785	12754
V	773841	12755
V	773897	12756
V	773953	12757
V	774017	12758
V	774080	12759
V	774137	12760
V	774200	12761
V	774265	12762
V	774327	12763
V	774383	12764
V	774439	12765
V	774495	12766
V	774557	12767
V	774619	12768
V	774682	12769
V	774745	12770
V	774807	12771
V	774871	12772
V	774934	12773
V	774996	12774
V	775059	12775
V	775122	12776
V	775185	12777
V	775248	12778
V	775312	12779
V	775368	12780
V	775430	12781
V	775486	12782
V	775551	12783
V	775613	12784
V	775669	12785
V	775733	12786
V	775797	12787
V	775860	12788
V	775924	12789
V	775987	12790
V	776049	12791
V	776112	12792
V	776176	12793
V	776238	12794
V	776301	12795
V	776364	12796
V	776429	12797
V	776494	12798
V	776557	12799
V	776613	12800
V	776677	12801
V	776740	12802
V	776805	12803
V	776869	12804
V	776933	12805
V	776998	12806
V	777063	12807
V	777125	12808
V	777188	12809
V	777250	12810
V	777315	12811
V	777371	12812
V	777433	12813
V	777496	12814
V	777559	12815
V	777624	12816
V	777686	12817
V	777742	12818
V	777798	12819
V	777854	12820
V	777917	12821
V	777982	12822
V	778045	12823
V	778109	12824
V	778171	12825
V	778234	12826
V	778297	12827
V	778360	12828
V	778425	12829
V	778489	12830
V	778545	12831
V	778601	12832
V	778664	12833
V	778720	12834
V	778783	12835
V	778846	12836
V	778903	12837
V	778966	12838
V	779028	12839
V	779084	12840
V	779141	12841
V	779197	12842
V	779253	12843
V	779315	12844
V	779379	12845
V	779442	12846
V	779498	12847
V	779561	12848
V	779624	12849
V	779686	12850
V	779742	12851
V	779807	12852
V	779869	12853
V	779932	12854
V	779988	12855
V	780051	12856
V	780114	12857
V	780170	12858
V	780234	12859
V	780298	12860
V	780360	12861
V	780423	12862
V	780487	12863
V	780549	12864
V	780606	12865
V	780669	12866
V	780726	12867
V	780789	12868
V	780853	12869
V	780910	12870
V	780974	12871
V	781037	12872
V	781094	12873
V	781158	12874
V	781220	12875
V	781283	12876
V	781348	12877
V	781405	12878
V	781462	12879
V	781526	12880
V	781588	12881
V	781653	12882
V	781717	12883
V	781780	12884
V	781836	12885
V	781901	12886
V	781966	12887
V	782030	12888
V	782093	12889
V	782157	12890
V	782221	12891
V	782284	12892
V	782340	12893
V	782404	12894
V	782466	12895
V	782531	12896
V	782594	12897
V	782656	12898
V	782720	12899
V	782776	12900
V	782832	12901
V	782888	12902
V	782944	12903
V	783001	12904
V	783057	12905
V	783120	12906
V	783183	12907
V	783248	12908
V	783310	12909
V	783373	12910
V	783436	12911
V	783498	12912
V	783562	12913
V	783626	12914
V	783690	12915
V	783752	12916
V	783808	12917
V	783870	12918
V	783926	12919
V	783990	12920
V	784053	12921
V	784110	12922
V	784172	12923
V	784236	12924
V	784301	12925
V	784365	12926
V	784421	12927
V	784477	12928
V	784533	12929
V	784598	12930
V	784662	12931
V	784724	12932
V	784788	12933
V	784852	12934
V	784908	12935
V	784972	12936
V	785036	12937
V	785099	12938
V	785163	12939
V	785225	12940
V	785288	12941
V	785351	12942
V	785415	12943
V	785478	12944
V	785540	12945
V	785602	12946
V	785665	12947
V	785721	12948
V	785784	12949
V	785848	12950
V	785911	12951
V	785973	12952
V	786029	12953
V	786085	12954
V	786148	12955
V	786212	12956
V	786268	12957
V	786325	12958
V	786381	12959
V	786445	12960
V	786502	12961
V	786564	12962
V	786628	12963
V	786684	12964
V	786746	12965
V	786802	12966
V	786858	12967
V	786915	12968
V	786979	12969
V	787041	12970
V	787103	12971
V	787166	12972
V	787222	12973
V	787286	12974
V	787342	12975
V	787406	12976
V	787470	12977
V	787526	12978
V	787590	12979
V	787654	12980
V	787718	12981
V	787781	12982
V	787844	12983
V	787908	12984
V	787972	12985
V	788028	12986
V	788084	12987
V	788146	12988
V	788210	12989
V	788274	12990
V	788337	12991
V	788400	12992
V	788463	12993
V	788526	12994
V	788582	12995
V	788646	12996
V	788710	12997
V	788775	12998
V	788838	12999
V	788901	13000
V	788957	13001
V	789022	13002
V	789084	13003
V	789140	13004
V	789204	13005
V	789260	13006
V	789316	13007
V	789379	13008
V	789442	13009
V	789505	13010
V	789561	13011
V	789625	13012
V	789688	13013
V	789751	13014
V	789816	13015
V	789873	13016
V	789936	13017
V	789992	13018
V	790055	13019
V	790112	13020
V	790168	13021
V	790232	13022
V	790297	13023
V	790361	13024
V	790418	13025
V	790480	13026
V	790543	13027
V	790600	13028
V	790662	13029
V	790726	13030
V	790790	13031
V	790854	13032
V	790918	13033
V	790982	13034
V	791038	13035
V	791100	13036
V	791156	13037
V	791213	13038
V	791276	13039
V	791341	13040
V	791403	13041
V	791465	13042
V	791529	13043
V	791585	13044
V	791642	13045
V	791706	13046
V	791762	13047
V	791825	13048
V	791888	13049
V	791952	13050
V	792014	13051
V	792079	13052
V	792136	13053
V	792192	13054
V	792249	13055
V	792312	13056
V	792369	13057
V	792425	13058
V	792488	13059
V	792553	13060
V	792616	13061
V	792679	13062
V	792735	13063
V	792797	13064
V	792859	13065
V	792916	13066
V	792979	13067
V	793035	13068
V	793100	13069
V	793162	13070
V	793225	13071
V	793287	13072
V	793351	13073
V	793413	13074
V	793477	13075
V	793540	13076
V	793602	13077
V	793666	13078
V	793722	13079
V	793786	13080
V	793849	13081
V	793913	13082
V	793976	13083
V	794033	13084
V	794095	13085
V	794159	13086
V	794223	13087
V	794285	13088
V	794348	13089
V	794411	13090
V	794467	13091
V	794530	13092
V	794586	13093
V	794648	13094
V	794710	13095
V	794775	13096
V	794839	13097
V	794903	13098
V	794967	13099
V	795030	13100
V	795086	13101
V	795143	13102
V	795207	13103
V	795271	13104
V	795333	13105
V	795397	13106
V	795454	13107
V	795510	13108
V	795572	13109
V	795634	13110
V	795690	13111
V	795755	13112
V	795819	13113
V	795883	13114
V	795939	13115
V	796004	13116
V	796068	13117
V	796124	13118
V	796180	13119
V	796245	13120
V	796309	13121
V	796371	13122
V	796428	13123
V	796490	13124
V	796553	13125
V	796616	13126
V	796679	13127
V	796742	13128
V	796798	13129
V	796862	13130
V	796924	13131
V	796980	13132
V	797044	13133
V	797100	13134
V	797162	13135
V	797225	13136
V	797288	13137
V	797352	13138
V	797408	13139
V	797472	13140
V	797535	13141
V	797598	13142
V	797654	13143
V	797717	13144
V	797774	13145
V	797838	13146
V	797900	13147
V	797956	13148
V	798013	13149
V	798076	13150
V	798132	13151
V	798196	13152
V	798260	13153
V	798323	13154
V	798387	13155
V	798451	13156
V	798507	13157
V	798571	13158
V	798633	13159
V	798696	13160
V	798759	13161
V	798815	13162
V	798877	13163
V	798933	13164
V	798995	13165
V	799060	13166
V	799124	13167
V	799181	13168
V	799245	13169
V	799310	13170
V	799373	13171
V	799437	13172
V	799500	13173
V	799562	13174
V	799626	13175
V	799690	13176
V	799754	13177
V	799811	13178
V	799874	13179
V	799930	13180
V	799994	13181
V	800058	13182
V	800122	13183
V	800186	13184
V	800250	13185
V	800313	13186
V	800375	13187
V	800440	13188
V	800496	13189
V	800561	13190
V	800623	13191
V	800685	13192
V	800741	13193
V	800797	13194
V	800859	13195
V	800922	13196
V	800986	13197
V	801050	13198
V	801112	13199
V	801175	13200
V	801239	13201
V	801302	13202
V	801365	13203
V	801427	13204
V	801483	13205
V	801547	13206
V	801609	13207
V	801672	13208
V	801735	13209
V	801799	13210
V	801863	13211
V	801919	13212
V	801982	13213
V	802045	13214
V	802101	13215
V	802165	13216
V	802227	13217
V	802284	13218
V	802346	13219
V	802410	13220
V	802474	13221
V	802530	13222
V	802593	13223
V	802657	13224
V	802720	13225
V	802783	13226
V	802840	13227
V	802904	13228
V	802966	13229
V	803028	13230
V	803084	13231
V	803146	13232
V	803211	13233
V	803267	13234
V	803324	13235
V	803388	13236
V	803445	13237
V	803502	13238
V	803566	13239
V	803630	13240
V	803693	13241
V	803757	13242
V	803821	13243
V	803886	13244
V	803942	13245
V	804005	13246
V	804068	13247
V	804130	13248
V	804192	13249
V	804254	13250
V	804318	13251
V	804382	13252
V	804438	13253
V	804501	13254
V	804565	13255
V	804622	13256
V	804687	13257
V	804749	13258
V	804814	13259
V	804878	13260
V	804941	13261
V	805003	13262
V	805065	13263
V	805121	13264
V	805184	13265
V	805248	13266
V	805304	13267
V	805360	13268
V	805423	13269
V	805487	13270
V	805552	13271
V	805614	13272
V	805678	13273
V	805741	13274
V	805805	13275
V	805867	13276
V	805931	13277
V	805994	13278
V	806058	13279
V	806123	13280
V	806186	13281
V	806242	13282
V	806298	13283
V	806361	13284
V	806423	13285
V	806487	13286
V	806543	13287
V	806605	13288
V	806668	13289
V	806724	13290
V	806787	13291
V	806849	13292
V	806912	13293
V	806975	13294
V	807039	13295
V	807101	13296
V	807165	13297
V	807221	13298
V	807285	13299
V	807348	13300
V	807412	13301
V	807476	13302
V	807532	13303
V	807589	13304
V	807653	13305
V	807716	13306
V	807779	13307
V	807841	13308
V	807897	13309
V	807961	13310
V	808024	13311
V	808088	13312
V	808151	13313
V	808215	13314
V	808280	13315
V	808345	13316
V	808409	13317
V	808472	13318
V	808536	13319
V	808598	13320
V	808662	13321
V	808725	13322
V	808781	13323
V	808843	13324
V	808905	13325
V	808967	13326
V	809023	13327
V	809080	13328
V	809136	13329
V	809198	13330
V	809254	13331
V	809316	13332
V	809380	13333
V	809445	13334
V	809510	13335
V	809573	13336
V	809637	13337
V	809701	13338
V	809764	13339
V	809829	13340
V	809893	13341
V	809957	13342
V	810020	13343
V	810084	13344
V	810146	13345
V	810209	13346
V	810271	13347
V	810334	13348
V	810398	13349
V	810454	13350
V	810516	13351
V	810572	13352
V	810628	13353
V	810691	13354
V	810755	13355
V	810811	13356
V	810874	13357
V	810936	13358
V	810992	13359
V	811056	13360
V	811118	13361
V	811183	13362
V	811240	13363
V	811296	13364
V	811359	13365
V	811423	13366
V	811487	13367
V	811549	13368
V	811612	13369
V	811675	13370
V	811738	13371
V	811801	13372
V	811864	13373
V	811921	13374
V	811984	13375
V	812040	13376
V	812103	13377
V	812165	13378
V	812227	13379
V	812290	13380
V	812355	13381
V	812419	13382
V	812483	13383
V	812539	13384
V	812595	13385
V	812651	13386
V	812713	13387
V	812776	13388
V	812839	13389
V	812895	13390
V	812951	13391
V	813015	13392
V	813077	13393
V	813133	13394
V	813197	13395
V	813260	13396
V	813322	13397
V	813385	13398
V	813448	13399
V	813511	13400
V	813573	13401
V	813637	13402
V	813701	13403
V	813765	13404
V	813829	13405
V	813891	13406
V	813947	13407
V	814003	13408
V	814066	13409
V	814128	13410
V	814190	13411
V	814254	13412
V	814310	13413
V	814373	13414
V	814437	13415
V	814500	13416
V	814565	13417
V	814629	13418
V	814691	13419
V	814753	13420
V	814817	13421
V	814879	13422
V	814935	13423
V	815000	13424
V	815062	13425
V	815126	13426
V	815191	13427
V	815247	13428
V	815303	13429
V	815360	13430
V	815416	13431
V	815478	13432
V	815541	13433
V	815603	13434
V	815667	13435
V	815730	13436
V	815795	13437
V	815858	13438
V	815922	13439
V	815985	13440
V	816048	13441
V	816110	13442
V	816173	13443
V	816230	13444
V	816295	13445
V	816358	13446
V	816423	13447
V	816486	13448
V	816549	13449
V	816613	13450
V	816676	13451
V	816741	13452
V	816797	13453
V	816860	13454
V	816924	13455
V	816988	13456
V	817050	13457
V	817106	13458
V	817170	13459
V	817234	13460
V	817297	13461
V	817362	13462
V	817424	13463
V	817487	13464
V	817550	13465
V	817612	13466
V	817675	13467
V	817731	13468
V	817794	13469
V	817856	13470
V	817918	13471
V	817982	13472
V	818046	13473
V	818102	13474
V	818158	13475
V	818215	13476
V	818279	13477
V	818341	13478
V	818403	13479
V	818468	13480
V	818532	13481
V	818597	13482
V	818661	13483
V	818717	13484
V	818779	13485
V	818835	13486
V	818891	13487
V	818947	13488
V	819003	13489
V	819067	13490
V	819129	13491
V	819186	13492
V	819249	13493
V	819312	13494
V	819376	13495
V	819440	13496
V	819502	13497
V	819566	13498
V	819629	13499
V	819692	13500
V	819755	13501
V	819818	13502
V	819883	13503
V	819945	13504
V	820009	13505
V	820074	13506
V	820138	13507
V	820201	13508
V	820264	13509
V	820328	13510
V	820385	13511
V	820449	13512
V	820513	13513
V	820569	13514
V	820631	13515
V	820687	13516
V	820749	13517
V	820814	13518
V	820879	13519
V	820944	13520
V	821000	13521
V	821063	13522
V	821125	13523
V	821188	13524
V	821251	13525
V	821315	13526
V	821377	13527
V	821440	13528
V	821504	13529
V	821569	13530
V	821633	13531
V	821697	13532
V	821759	13533
V	821823	13534
V	821885	13535
V	821942	13536
V	822005	13537
V	822069	13538
V	822125	13539
V	822189	13540
V	822251	13541
V	822316	13542
V	822380	13543
V	822436	13544
V	822500	13545
V	822556	13546
V	822612	13547
V	822676	13548
V	822732	13549
V	822795	13550
V	822858	13551
V	822914	13552
V	822977	13553
V	823039	13554
V	823103	13555
V	823159	13556
V	823222	13557
V	823287	13558
V	823350	13559
V	823414	13560
V	823476	13561
V	823540	13562
V	823597	13563
V	823653	13564
V	823709	13565
V	823765	13566
V	823830	13567
V	823886	13568
V	823949	13569
V	824013	13570
V	824076	13571
V	824132	13572
V	824195	13573
V	824258	13574
V	824322	13575
V	824387	13576
V	824443	13577
V	824507	13578
V	824571	13579
V	824628	13580
V	824690	13581
V	824752	13582
V	824816	13583
V	824881	13584
V	824937	13585
V	824993	13586
V	825056	13587
V	825120	13588
V	825184	13589
V	825246	13590
V	825309	13591
V	825372	13592
V	825435	13593
V	825499	13594
V	825563	13595
V	825627	13596
V	825684	13597
V	825747	13598
V	825809	13599
V	825871	13600
V	825935	13601
V	825997	13602
V	826053	13603
V	826116	13604
V	826178	13605
V	826241	13606
V	826306	13607
V	826369	13608
V	826431	13609
V	826493	13610
V	826550	13611
V	826613	13612
V	826676	13613
V	826741	13614
V	826803	13615
V	826866	13616
V	826930	13617
V	826993	13618
V	827055	13619
V	827119	13620
V	827182	13621
V	827246	13622
V	827309	13623
V	827371	13624
V	827433	13625
V	827496	13626
V	827558	13627
V	827622	13628
V	827686	13629
V	827749	13630
V	827805	13631
V	827867	13632
V	827923	13633
V	827986	13634
V	828050	13635
V	828114	13636
V	828170	13637
V	828233	13638
V	828297	13639
V	828359	13640
V	828423	13641
V	828487	13642
V	828551	13643
V	828613	13644
V	828669	13645
V	828725	13646
V	828787	13647
V	828850	13648
V	828906	13649
V	828969	13650
V	829031	13651
V	829087	13652
V	829150	13653
V	829214	13654
V	829279	13655
V	829336	13656
V	829392	13657
V	829457	13658
V	829519	13659
V	829583	13660
V	829646	13661
V	829703	13662
V	829766	13663
V	829831	13664
V	829893	13665
V	829950	13666
V	830013	13667
V	830070	13668
V	830134	13669
V	830196	13670
V	830260	13671
V	830324	13672
V	830381	13673
V	830443	13674
V	830505	13675
V	830568	13676
V	830631	13677
V	830694	13678
V	830758	13679
V	830820	13680
V	830883	13681
V	830939	13682
V	831002	13683
V	831064	13684
V	831128	13685
V	831184	13686
V	831247	13687
V	831311	13688
V	831375	13689
V	831437	13690
V	831501	13691
V	831557	13692
V	831620	13693
V	831676	13694
V	831738	13695
V	831800	13696
V	831862	13697
V	831925	13698
V	831989	13699
V	832052	13700
V	832109	13701
V	832165	13702
V	832230	13703
V	832292	13704
V	832348	13705
V	832410	13706
V	832466	13707
V	832528	13708
V	832584	13709
V	832646	13710
V	832709	13711
V	832766	13712
V	832828	13713
V	832890	13714
V	832952	13715
V	833014	13716
V	833078	13717
V	833143	13718
V	833206	13719
V	833271	13720
V	833333	13721
V	833396	13722
V	833452	13723
V	833508	13724
V	833564	13725
V	833626	13726
V	833690	13727
V	833746	13728
V	833809	13729
V	833872	13730
V	833936	13731
V	833992	13732
V	834056	13733
V	834112	13734
V	834176	13735
V	834232	13736
V	834295	13737
V	834358	13738
V	834422	13739
V	834478	13740
V	834534	13741
V	834599	13742
V	834661	13743
V	834724	13744
V	834781	13745
V	834845	13746
V	834902	13747
V	834967	13748
V	835032	13749
V	835094	13750
V	835157	13751
V	835220	13752
V	835285	13753
V	835341	13754
V	835404	13755
V	835467	13756
V	835523	13757
V	835579	13758
V	835635	13759
V	835697	13760
V	835759	13761
V	835815	13762
V	835871	13763
V	835935	13764
V	835997	13765
V	836060	13766
V	836122	13767
V	836178	13768
V	836234	13769
V	836296	13770
V	836360	13771
V	836424	13772
V	836480	13773
V	836544	13774
V	836600	13775
V	836664	13776
V	836727	13777
V	836783	13778
V	836846	13779
V	836908	13780
V	836971	13781
V	837033	13782
V	837090	13783
V	837154	13784
V	837217	13785
V	837280	13786
V	837342	13787
V	837405	13788
V	837462	13789
V	837518	13790
V	837574	13791
V	837639	13792
V	837703	13793
V	837767	13794
V	837823	13795
V	837880	13796
V	837944	13797
V	838006	13798
V	838062	13799
V	838118	13800
V	838181	13801
V	838245	13802
V	838308	13803
V	838371	13804
V	838435	13805
V	838497	13806
V	838560	13807
V	838616	13808
V	838672	13809
V	838737	13810
V	838794	13811
V	838858	13812
V	838920	13813
V	838982	13814
V	839045	13815
V	839107	13816
V	839171	13817
V	839233	13818
V	839289	13819
V	839345	13820
V	839401	13821
V	839457	13822
V	839519	13823
V	839582	13824
V	839639	13825
V	839701	13826
V	839766	13827
V	839823	13828
V	839885	13829
V	839948	13830
V	840012	13831
V	840068	13832
V	840131	13833
V	840195	13834
V	840258	13835
V	840322	13836
V	840385	13837
V	840448	13838
V	840513	13839
V	840575	13840
V	840637	13841
V	840693	13842
V	840749	13843
V	840812	13844
V	840874	13845
V	840936	13846
V	840998	13847
V	841062	13848
V	841118	13849
V	841183	13850
V	841239	13851
V	841295	13852
V	841358	13853
V	841421	13854
V	841483	13855
V	841546	13856
V	841608	13857
V	841664	13858
V	841728	13859
V	841791	13860
V	841847	13861
V	841904	13862
V	841968	13863
V	842030	13864
V	842095	13865
V	842159	13866
V	842215	13867
V	842278	13868
V	842341	13869
V	842403	13870
V	842467	13871
V	842531	13872
V	842595	13873
V	842657	13874
V	842720	13875
V	842776	13876
V	842840	13877
V	842903	13878
V	842967	13879
V	843029	13880
V	843094	13881
V	843156	13882
V	843218	13883
V	843281	13884
V	843343	13885
V	843408	13886
V	843464	13887
V	843521	13888
V	843577	13889
V	843640	13890
V	843704	13891
V	843768	13892
V	843824	13893
V	843886	13894
V	843950	13895
V	844013	13896
V	844069	13897
V	844133	13898
V	844195	13899
V	844257	13900
V	844314	13901
V	844377	13902
V	844439	13903
V	844503	13904
V	844567	13905
V	844630	13906
V	844695	13907
V	844752	13908
V	844814	13909
V	844870	13910
V	844932	13911
V	844988	13912
V	845050	13913
V	845112	13914
V	845174	13915
V	845237	13916
V	845301	13917
V	845364	13918
V	845428	13919
V	845484	13920
V	845546	13921
V	845603	13922
V	845665	13923
V	845728	13924
V	845791	13925
V	845847	13926
V	845911	13927
V	845973	13928
V	846038	13929
V	846094	13930
V	846157	13931
V	846214	13932
V	846278	13933
V	846341	13934
V	846397	13935
V	846460	13936
V	846522	13937
V	846587	13938
V	846650	13939
V	846714	13940
V	846776	13941
V	846832	13942
V	846894	13943
V	846959	13944
V	847021	13945
V	847084	13946
V	847140	13947
V	847202	13948
V	847266	13949
V	847329	13950
V	847393	13951
V	847457	13952
V	847521	13953
V	847585	13954
V	847648	13955
V	847712	13956
V	847768	13957
V	847824	13958
V	847887	13959
V	847944	13960
V	848001	13961
V	848065	13962
V	848127	13963
V	848191	13964
V	848247	13965
V	848311	13966
V	848375	13967
V	848438	13968
V	848501	13969
V	848563	13970
V	848625	13971
V	848690	13972
V	848753	13973
V	848809	13974
V	848873	13975
V	848935	13976
V	849000	13977
V	849064	13978
V	849128	13979
V	849190	13980
V	849253	13981
V	849318	13982
V	849383	13983
V	849447	13984
V	849510	13985
V	849566	13986
V	849628	13987
V	849693	13988
V	849750	13989
V	849813	13990
V	849877	13991
V	849940	13992
V	850004	13993
V	850060	13994
V	850122	13995
V	850186	13996
V	850250	13997
V	850314	13998
V	850379	13999
V	850443	14000
V	850507	14001
V	850570	14002
V	850633	14003
V	850698	14004
V	850754	14005
V	850818	14006
V	850881	14007
V	850945	14008
V	851009	14009
V	851065	14010
V	851127	14011
V	851189	14012
V	851253	14013
V	851315	14014
V	851371	14015
V	851435	14016
V	851497	14017
V	851560	14018
V	851616	14019
V	851672	14020
V	851735	14021
V	851798	14022
V	851863	14023
V	851919	14024
V	851975	14025
V	852038	14026
V	852102	14027
V	852166	14028
V	852228	14029
V	852285	14030
V	852348	14031
V	852410	14032
V	852474	14033
V	852537	14034
V	852600	14035
V	852656	14036
V	852718	14037
V	852780	14038
V	852836	14039
V	852900	14040
V	852956	14041
V	853012	14042
V	853069	14043
V	853131	14044
V	853195	14045
V	853252	14046
V	853314	14047
V	853371	14048
V	853434	14049
V	853490	14050
V	853552	14051
V	853608	14052
V	853670	14053
V	853733	14054
V	853797	14055
V	853860	14056
V	853924	14057
V	853986	14058
V	854042	14059
V	854106	14060
V	854169	14061
V	854225	14062
V	854287	14063
V	854350	14064
V	854414	14065
V	854476	14066
V	854538	14067
V	854601	14068
V	854657	14069
V	854720	14070
V	854777	14071
V	854840	14072
V	854904	14073
V	854967	14074
V	855031	14075
V	855096	14076
V	855159	14077
V	855222	14078
V	855285	14079
V	855347	14080
V	855403	14081
V	855465	14082
V	855521	14083
V	855586	14084
V	855650	14085
V	855713	14086
V	855776	14087
V	855839	14088
V	855903	14089
V	855965	14090
V	856029	14091
V	856094	14092
V	856150	14093
V	856213	14094
V	856269	14095
V	856331	14096
V	856395	14097
V	856459	14098
V	856524	14099
V	856586	14100
V	856648	14101
V	856711	14102
V	856773	14103
V	856835	14104
V	856897	14105
V	856959	14106
V	857022	14107
V	857084	14108
V	857148	14109
V	857204	14110
V	857266	14111
V	857328	14112
V	857390	14113
V	857453	14114
V	857517	14115
V	857579	14116
V	857635	14117
V	857691	14118
V	857753	14119
V	857817	14120
V	857873	14121
V	857936	14122
V	858000	14123
V	858056	14124
V	858118	14125
V	858180	14126
V	858244	14127
V	858307	14128
V	858370	14129
V	858432	14130
V	858495	14131
V	858557	14132
V	858613	14133
V	858676	14134
V	858732	14135
V	858788	14136
V	858851	14137
V	858914	14138
V	858978	14139
V	859041	14140
V	859098	14141
V	859160	14142
V	859224	14143
V	859289	14144
V	859353	14145
V	859409	14146
V	859472	14147
V	859534	14148
V	859598	14149
V	859654	14150
V	859717	14151
V	859774	14152
V	859837	14153
V	859900	14154
V	859964	14155
V	860028	14156
V	860084	14157
V	860146	14158
V	860208	14159
V	860272	14160
V	860337	14161
V	860401	14162
V	860466	14163
V	860531	14164
V	860594	14165
V	860658	14166
V	860720	14167
V	860783	14168
V	860847	14169
V	860910	14170
V	860973	14171
V	861029	14172
V	861092	14173
V	861154	14174
V	861217	14175
V	861282	14176
V	861338	14177
V	861403	14178
V	861465	14179
V	861529	14180
V	861585	14181
V	861648	14182
V	861711	14183
V	861774	14184
V	861836	14185
V	861898	14186
V	861961	14187
V	862023	14188
V	862079	14189
V	862142	14190
V	862204	14191
V	862266	14192
V	862322	14193
V	862384	14194
V	862440	14195
V	862496	14196
V	862559	14197
V	862615	14198
V	862678	14199
V	862742	14200
V	862805	14201
V	862868	14202
V	862932	14203
V	862997	14204
V	863053	14205
V	863117	14206
V	863174	14207
V	863238	14208
V	863294	14209
V	863359	14210
V	863422	14211
V	863478	14212
V	863542	14213
V	863605	14214
V	863668	14215
V	863725	14216
V	863781	14217
V	863846	14218
V	863908	14219
V	863965	14220
V	864029	14221
V	864093	14222
V	864157	14223
V	864220	14224
V	864282	14225
V	864344	14226
V	864407	14227
V	864471	14228
V	864534	14229
V	864591	14230
V	864647	14231
V	864703	14232
V	864766	14233
V	864828	14234
V	864890	14235
V	864947	14236
V	865011	14237
V	865075	14238
V	865131	14239
V	865194	14240
V	865257	14241
V	865319	14242
V	865381	14243
V	865444	14244
V	865507	14245
V	865570	14246
V	865626	14247
V	865691	14248
V	865754	14249
V	865819	14250
V	865881	14251
V	865945	14252
V	866009	14253
V	866073	14254
V	866129	14255
V	866191	14256
V	866255	14257
V	866317	14258
V	866381	14259
V	866437	14260
V	866502	14261
V	866567	14262
V	866630	14263
V	866693	14264
V	866755	14265
V	866817	14266
V	866873	14267
V	866929	14268
V	866992	14269
V	867056	14270
V	867119	14271
V	867182	14272
V	867246	14273
V	867309	14274
V	867373	14275
V	867435	14276
V	867499	14277
V	867564	14278
V	867626	14279
V	867689	14280
V	867745	14281
V	867807	14282
V	867871	14283
V	867935	14284
V	867991	14285
V	868056	14286
V	868112	14287
V	868175	14288
V	868239	14289
V	868301	14290
V	868364	14291
V	868427	14292
V	868491	14293
V	868555	14294
V	868618	14295
V	868680	14296
V	868742	14297
V	868798	14298
V	868862	14299
V	868925	14300
V	868981	14301
V	869038	14302
V	869095	14303
V	869158	14304
V	869222	14305
V	869284	14306
V	869340	14307
V	869404	14308
V	869460	14309
V	869522	14310
V	869586	14311
V	869643	14312
V	869705	14313
V	869761	14314
V	869826	14315
V	869889	14316
V	869945	14317
V	870009	14318
V	870065	14319
V	870129	14320
V	870192	14321
V	870257	14322
V	870314	14323
V	870378	14324
V	870440	14325
V	870503	14326
V	870560	14327
V	870623	14328
V	870687	14329
V	870750	14330
V	870812	14331
V	870877	14332
V	870939	14333
V	871001	14334
V	871057	14335
V	871113	14336
V	871169	14337
V	871232	14338
V	871295	14339
V	871357	14340
V	871419	14341
V	871481	14342
V	871545	14343
V	871607	14344
V	871669	14345
V	871733	14346
V	871796	14347
V	871852	14348
V	871908	14349
V	871970	14350
V	872033	14351
V	872089	14352
V	872154	14353
V	872218	14354
V	872283	14355
V	872346	14356
V	872402	14357
V	872466	14358
V	872529	14359
V	872592	14360
V	872654	14361
V	872718	14362
V	872781	14363
V	872845	14364
V	872908	14365
V	872971	14366
V	873036	14367
V	873092	14368
V	873155	14369
V	873212	14370
V	873269	14371
V	873325	14372
V	873389	14373
V	873453	14374
V	873516	14375
V	873580	14376
V	873644	14377
V	873706	14378
V	873768	14379
V	873832	14380
V	873895	14381
V	873959	14382
V	874023	14383
V	874088	14384
V	874144	14385
V	874200	14386
V	874263	14387
V	874327	14388
V	874390	14389
V	874455	14390
V	874519	14391
V	874582	14392
V	874644	14393
V	874708	14394
V	874771	14395
V	874827	14396
V	874883	14397
V	874946	14398
V	875009	14399
V	875073	14400
V	875135	14401
V	875199	14402
V	875263	14403
V	875319	14404
V	875382	14405
V	875444	14406
V	875506	14407
V	875570	14408
V	875633	14409
V	875696	14410
V	875760	14411
V	875825	14412
V	875887	14413
V	875950	14414
V	876013	14415
V	876076	14416
V	876140	14417
V	876196	14418
V	876259	14419
V	876321	14420
V	876385	14421
V	876450	14422
V	876513	14423
V	876576	14424
V	876641	14425
V	876697	14426
V	876760	14427
V	876823	14428
V	876880	14429
V	876942	14430
V	876999	14431
V	877064	14432
V	877129	14433
V	877192	14434
V	877257	14435
V	877321	14436
V	877383	14437
V	877439	14438
V	877503	14439
V	877559	14440
V	877622	14441
V	877685	14442
V	877749	14443
V	877812	14444
V	877875	14445
V	877931	14446
V	877988	14447
V	878051	14448
V	878115	14449
V	878172	14450
V	878234	14451
V	878297	14452
V	878353	14453
V	878417	14454
V	878479	14455
V	878536	14456
V	878599	14457
V	878661	14458
V	878723	14459
V	878786	14460
V	878848	14461
V	878904	14462
V	878967	14463
V	879030	14464
V	879087	14465
V	879151	14466
V	879215	14467
V	879279	14468
V	879343	14469
V	879405	14470
V	879467	14471
V	879523	14472
V	879586	14473
V	879649	14474
V	879705	14475
V	879761	14476
V	879817	14477
V	879880	14478
V	879944	14479
V	880006	14480
V	880068	14481
V	880130	14482
V	880186	14483
V	880248	14484
V	880311	14485
V	880376	14486
V	880432	14487
V	880497	14488
V	880560	14489
V	880624	14490
V	880680	14491
V	880743	14492
V	880805	14493
V	880868	14494
V	880931	14495
V	880987	14496
V	881050	14497
V	881112	14498
V	881174	14499
V	881236	14500
V	881299	14501
V	881356	14502
V	881420	14503
V	881476	14504
V	881539	14505
V	881603	14506
V	881667	14507
V	881731	14508
V	881794	14509
V	881857	14510
V	881921	14511
V	881984	14512
V	882048	14513
V	882113	14514
V	882176	14515
V	882239	14516
V	882303	14517
V	882367	14518
V	882430	14519
V	882495	14520
V	882557	14521
V	882621	14522
V	882684	14523
V	882748	14524
V	882804	14525
V	882866	14526
V	882922	14527
V	882986	14528
V	883049	14529
V	883105	14530
V	883169	14531
V	883233	14532
V	883296	14533
V	883358	14534
V	883423	14535
V	883486	14536
V	883543	14537
V	883607	14538
V	883671	14539
V	883735	14540
V	883799	14541
V	883862	14542
V	883924	14543
V	883980	14544
V	884043	14545
V	884107	14546
V	884169	14547
V	884233	14548
V	884297	14549
V	884360	14550
V	884422	14551
V	884487	14552
V	884550	14553
V	884614	14554
V	884677	14555
V	884741	14556
V	884797	14557
V	884861	14558
V	884925	14559
V	884988	14560
V	885050	14561
V	885107	14562
V	885163	14563
V	885226	14564
V	885290	14565
V	885347	14566
V	885411	14567
V	885475	14568
V	885531	14569
V	885595	14570
V	885657	14571
V	885720	14572
V	885782	14573
V	885845	14574
V	885908	14575
V	885972	14576
V	886035	14577
V	886091	14578
V	886148	14579
V	886212	14580
V	886277	14581
V	886333	14582
V	886396	14583
V	886459	14584
V	886523	14585
V	886587	14586
V	886652	14587
V	886716	14588
V	886779	14589
V	886843	14590
V	886905	14591
V	886967	14592
V	887031	14593
V	887095	14594
V	887158	14595
V	887215	14596
V	887271	14597
V	887334	14598
V	887390	14599
V	887454	14600
V	887517	14601
V	887573	14602
V	887637	14603
V	887701	14604
V	887765	14605
V	887821	14606
V	887886	14607
V	887949	14608
V	888013	14609
V	888076	14610
V	888140	14611
V	888203	14612
V	888267	14613
V	888331	14614
V	888387	14615
V	888450	14616
V	888513	14617
V	888577	14618
V	888640	14619
V	888703	14620
V	888760	14621
V	888823	14622
V	888887	14623
V	888950	14624
V	889014	14625
V	889070	14626
V	889135	14627
V	889199	14628
V	889262	14629
V	889326	14630
V	889390	14631
V	889454	14632
V	889510	14633
V	889566	14634
V	889629	14635
V	889692	14636
V	889748	14637
V	889812	14638
V	889869	14639
V	889932	14640
V	889989	14641
V	890053	14642
V	890115	14643
V	890172	14644
V	890234	14645
V	890296	14646
V	890359	14647
V	890422	14648
V	890479	14649
V	890543	14650
V	890607	14651
V	890672	14652
V	890734	14653
V	890790	14654
V	890853	14655
V	890910	14656
V	890973	14657
V	891029	14658
V	891085	14659
V	891148	14660
V	891210	14661
V	891274	14662
V	891339	14663
V	891395	14664
V	891458	14665
V	891522	14666
V	891578	14667
V	891642	14668
V	891705	14669
V	891770	14670
V	891833	14671
V	891895	14672
V	891959	14673
V	892015	14674
V	892079	14675
V	892135	14676
V	892199	14677
V	892261	14678
V	892325	14679
V	892387	14680
V	892451	14681
V	892514	14682
V	892579	14683
V	892641	14684
V	892697	14685
V	892753	14686
V	892818	14687
V	892875	14688
V	892938	14689
V	893000	14690
V	893064	14691
V	893128	14692
V	893192	14693
V	893248	14694
V	893311	14695
V	893375	14696
V	893437	14697
V	893501	14698
V	893564	14699
V	893621	14700
V	893677	14701
V	893741	14702
V	893804	14703
V	893860	14704
V	893922	14705
V	893986	14706
V	894042	14707
V	894106	14708
V	894170	14709
V	894234	14710
V	894298	14711
V	894354	14712
V	894418	14713
V	894480	14714
V	894543	14715
V	894605	14716
V	894667	14717
V	894729	14718
V	894791	14719
V	894847	14720
V	894911	14721
V	894968	14722
V	895032	14723
V	895097	14724
V	895153	14725
V	895216	14726
V	895273	14727
V	895336	14728
V	895398	14729
V	895462	14730
V	895518	14731
V	895583	14732
V	895646	14733
V	895702	14734
V	895758	14735
V	895814	14736
V	895878	14737
V	895934	14738
V	895996	14739
V	896052	14740
V	896115	14741
V	896179	14742
V	896243	14743
V	896305	14744
V	896361	14745
V	896424	14746
V	896486	14747
V	896549	14748
V	896611	14749
V	896673	14750
V	896729	14751
V	896791	14752
V	896848	14753
V	896913	14754
V	896976	14755
V	897038	14756
V	897094	14757
V	897159	14758
V	897215	14759
V	897279	14760
V	897341	14761
V	897404	14762
V	897460	14763
V	897522	14764
V	897585	14765
V	897649	14766
V	897712	14767
V	897775	14768
V	897839	14769
V	897895	14770
V	897958	14771
V	898014	14772
V	898078	14773
V	898142	14774
V	898206	14775
V	898268	14776
V	898332	14777
V	898396	14778
V	898458	14779
V	898523	14780
V	898586	14781
V	898650	14782
V	898712	14783
V	898774	14784
V	898836	14785
V	898899	14786
V	898963	14787
V	899019	14788
V	899083	14789
V	899145	14790
V	899209	14791
V	899265	14792
V	899321	14793
V	899384	14794
V	899447	14795
V	899503	14796
V	899559	14797
V	899622	14798
V	899686	14799
V	899750	14800
V	899814	14801
V	899879	14802
V	899942	14803
V	899998	14804
V	900061	14805
V	900117	14806
V	900180	14807
V	900236	14808
V	900300	14809
V	900362	14810
V	900426	14811
V	900488	14812
V	900552	14813
V	900615	14814
V	900677	14815
V	900741	14816
V	900805	14817
V	900867	14818
V	900929	14819
V	900992	14820
V	901057	14821
V	901120	14822
V	901176	14823
V	901239	14824
V	901296	14825
V	901358	14826
V	901420	14827
V	901484	14828
V	901540	14829
V	901597	14830
V	901660	14831
V	901722	14832
V	901786	14833
V	901849	14834
V	901905	14835
V	901969	14836
V	902031	14837
V	902094	14838
V	902150	14839
V	902212	14840
V	902274	14841
V	902336	14842
V	902392	14843
V	902456	14844
V	902518	14845
V	902582	14846
V	902646	14847
V	902709	14848
V	902771	14849
V	902836	14850
V	902892	14851
V	902948	14852
V	903011	14853
V	903073	14854
V	903136	14855
V	903193	14856
V	903255	14857
V	903320	14858
V	903384	14859
V	903446	14860
V	903510	14861
V	903572	14862
V	903635	14863
V	903699	14864
V	903755	14865
V	903818	14866
V	903882	14867
V	903945	14868
V	904007	14869
V	904070	14870
V	904127	14871
V	904190	14872
V	904254	14873
V	904317	14874
V	904380	14875
V	904442	14876
V	904505	14877
V	904568	14878
V	904630	14879
V	904693	14880
V	904756	14881
V	904818	14882
V	904880	14883
V	904943	14884
V	905006	14885
V	905062	14886
V	905124	14887
V	905180	14888
V	905244	14889
V	905308	14890
V	905373	14891
V	905437	14892
V	905493	14893
V	905550	14894
V	905615	14895
V	905677	14896
V	905733	14897
V	905798	14898
V	905861	14899
V	905926	14900
V	905990	14901
V	906055	14902
V	906112	14903
V	906175	14904
V	906239	14905
V	906303	14906
V	906366	14907
V	906430	14908
V	906494	14909
V	906558	14910
V	906620	14911
V	906682	14912
V	906746	14913
V	906810	14914
V	906874	14915
V	906937	14916
V	907000	14917
V	907062	14918
V	907126	14919
V	907189	14920
V	907253	14921
V	907309	14922
V	907366	14923
V	907423	14924
V	907486	14925
V	907548	14926
V	907611	14927
V	907673	14928
V	907735	14929
V	907792	14930
V	907849	14931
V	907913	14932
V	907969	14933
V	908031	14934
V	908095	14935
V	908151	14936
V	908214	14937
V	908276	14938
V	908339	14939
V	908402	14940
V	908458	14941
V	908514	14942
V	908577	14943
V	908633	14944
V	908689	14945
V	908752	14946
V	908815	14947
V	908878	14948
V	908942	14949
V	909005	14950
V	909069	14951
V	909132	14952
V	909195	14953
V	909251	14954
V	909314	14955
V	909377	14956
V	909440	14957
V	909503	14958
V	909567	14959
V	909631	14960
V	909693	14961
V	909756	14962
V	909812	14963
V	909876	14964
V	909938	14965
V	910000	14966
V	910063	14967
V	910127	14968
V	910183	14969
V	910239	14970
V	910301	14971
V	910365	14972
V	910429	14973
V	910492	14974
V	910548	14975
V	910612	14976
V	910674	14977
V	910737	14978
V	910802	14979
V	910866	14980
V	910929	14981
V	910993	14982
V	911055	14983
V	911117	14984
V	911181	14985
V	911246	14986
V	911310	14987
V	911375	14988
V	911431	14989
V	911488	14990
V	911545	14991
V	911601	14992
V	911664	14993
V	911727	14994
V	911791	14995
V	911853	14996
V	911915	14997
V	911972	14998
V	912034	14999
V	912091	15000
V	912153	15001
V	912216	15002
V	912278	15003
V	912341	15004
V	912397	15005
V	912462	15006
V	912519	15007
V	912583	15008
V	912640	15009
V	912704	15010
V	912769	15011
V	912832	15012
V	912896	15013
V	912960	15014
V	913016	15015
V	913080	15016
V	913144	15017
V	913200	15018
V	913256	15019
V	913318	15020
V	913381	15021
V	913443	15022
V	913499	15023
V	913562	15024
V	913626	15025
V	913689	15026
V	913752	15027
V	913816	15028
V	913872	15029
V	913935	15030
V	913991	15031
V	914055	15032
V	914112	15033
V	914168	15034
V	914232	15035
V	914288	15036
V	914344	15037
V	914406	15038
V	914470	15039
V	914533	15040
V	914597	15041
V	914661	15042
V	914723	15043
V	914779	15044
V	914841	15045
V	914904	15046
V	914967	15047
V	915030	15048
V	915093	15049
V	915149	15050
V	915212	15051
V	915268	15052
V	915330	15053
V	915392	15054
V	915455	15055
V	915518	15056
V	915580	15057
V	915637	15058
V	915700	15059
V	915757	15060
V	915819	15061
V	915882	15062
V	915944	15063
V	916006	15064
V	916070	15065
V	916133	15066
V	916197	15067
V	916259	15068
V	916323	15069
V	916385	15070
V	916441	15071
V	916505	15072
V	916568	15073
V	916630	15074
V	916693	15075
V	916749	15076
V	916812	15077
V	916877	15078
V	916940	15079
V	917002	15080
V	917065	15081
V	917122	15082
V	917185	15083
V	917247	15084
V	917310	15085
V	917372	15086
V	917434	15087
V	917490	15088
V	917553	15089
V	917616	15090
V	917680	15091
V	917743	15092
V	917808	15093
V	917870	15094
V	917933	15095
V	917998	15096
V	918061	15097
V	918117	15098
V	918179	15099
V	918242	15100
V	918298	15101
V	918354	15102
V	918410	15103
V	918473	15104
V	918537	15105
V	918600	15106
V	918663	15107
V	918725	15108
V	918788	15109
V	918851	15110
V	918916	15111
V	918979	15112
V	919042	15113
V	919098	15114
V	919155	15115
V	919217	15116
V	919281	15117
V	919345	15118
V	919409	15119
V	919473	15120
V	919535	15121
V	919598	15122
V	919662	15123
V	919718	15124
V	919781	15125
V	919844	15126
V	919907	15127
V	919971	15128
V	920034	15129
V	920097	15130
V	920154	15131
V	920211	15132
V	920274	15133
V	920331	15134
V	920393	15135
V	920457	15136
V	920514	15137
V	920571	15138
V	920627	15139
V	920691	15140
V	920754	15141
V	920818	15142
V	920874	15143
V	920938	15144
V	921000	15145
V	921056	15146
V	921119	15147
V	921182	15148
V	921244	15149
V	921306	15150
V	921369	15151
V	921432	15152
V	921496	15153
V	921558	15154
V	921614	15155
V	921677	15156
V	921733	15157
V	921797	15158
V	921860	15159
V	921923	15160
V	921986	15161
V	922042	15162
V	922105	15163
V	922168	15164
V	922231	15165
V	922293	15166
V	922355	15167
V	922418	15168
V	922482	15169
V	922546	15170
V	922610	15171
V	922674	15172
V	922738	15173
V	922795	15174
V	922851	15175
V	922916	15176
V	922980	15177
V	923044	15178
V	923107	15179
V	923169	15180
V	923233	15181
V	923295	15182
V	923360	15183
V	923416	15184
V	923480	15185
V	923537	15186
V	923593	15187
V	923657	15188
V	923720	15189
V	923776	15190
V	923838	15191
V	923894	15192
V	923950	15193
V	924012	15194
V	924068	15195
V	924124	15196
V	924188	15197
V	924244	15198
V	924306	15199
V	924368	15200
V	924430	15201
V	924495	15202
V	924558	15203
V	924614	15204
V	924677	15205
V	924734	15206
V	924790	15207
V	924853	15208
V	924916	15209
V	924973	15210
V	925036	15211
V	925099	15212
V	925162	15213
V	925226	15214
V	925290	15215
V	925346	15216
V	925409	15217
V	925466	15218
V	925522	15219
V	925578	15220
V	925641	15221
V	925704	15222
V	925769	15223
V	925831	15224
V	925888	15225
V	925952	15226
V	926017	15227
V	926081	15228
V	926145	15229
V	926201	15230
V	926264	15231
V	926327	15232
V	926384	15233
V	926449	15234
V	926505	15235
V	926568	15236
V	926633	15237
V	926697	15238
V	926759	15239
V	926822	15240
V	926885	15241
V	926947	15242
V	927011	15243
V	927075	15244
V	927131	15245
V	927194	15246
V	927258	15247
V	927323	15248
V	927379	15249
V	927443	15250
V	927505	15251
V	927569	15252
V	927625	15253
V	927689	15254
V	927753	15255
V	927809	15256
V	927872	15257
V	927936	15258
V	927999	15259
V	928062	15260
V	928118	15261
V	928181	15262
V	928245	15263
V	928309	15264
V	928365	15265
V	928430	15266
V	928493	15267
V	928557	15268
V	928621	15269
V	928683	15270
V	928745	15271
V	928802	15272
V	928866	15273
V	928929	15274
V	928993	15275
V	929056	15276
V	929120	15277
V	929182	15278
V	929245	15279
V	929301	15280
V	929363	15281
V	929425	15282
V	929481	15283
V	929545	15284
V	929608	15285
V	929672	15286
V	929736	15287
V	929800	15288
V	929863	15289
V	929925	15290
V	929989	15291
V	930046	15292
V	930108	15293
V	930170	15294
V	930232	15295
V	930289	15296
V	930351	15297
V	930414	15298
V	930476	15299
V	930541	15300
V	930605	15301
V	930668	15302
V	930732	15303
V	930788	15304
V	930850	15305
V	930907	15306
V	930969	15307
V	931032	15308
V	931088	15309
V	931150	15310
V	931212	15311
V	931277	15312
V	931339	15313
V	931402	15314
V	931459	15315
V	931523	15316
V	931587	15317
V	931644	15318
V	931706	15319
V	931762	15320
V	931826	15321
V	931890	15322
V	931947	15323
V	932004	15324
V	932060	15325
V	932116	15326
V	932180	15327
V	932245	15328
V	932308	15329
V	932371	15330
V	932435	15331
V	932491	15332
V	932556	15333
V	932619	15334
V	932682	15335
V	932738	15336
V	932800	15337
V	932862	15338
V	932925	15339
V	932990	15340
V	933047	15341
V	933109	15342
V	933165	15343
V	933222	15344
V	933284	15345
V	933340	15346
V	933396	15347
V	933459	15348
V	933524	15349
V	933587	15350
V	933650	15351
V	933714	15352
V	933771	15353
V	933828	15354
V	933884	15355
V	933941	15356
V	934004	15357
V	934068	15358
V	934131	15359
V	934195	15360
V	934251	15361
V	934315	15362
V	934371	15363
V	934433	15364
V	934489	15365
V	934551	15366
V	934614	15367
V	934676	15368
V	934733	15369
V	934798	15370
V	934862	15371
V	934926	15372
V	934990	15373
V	935052	15374
V	935116	15375
V	935180	15376
V	935236	15377
V	935298	15378
V	935363	15379
V	935426	15380
V	935489	15381
V	935552	15382
V	935608	15383
V	935672	15384
V	935736	15385
V	935800	15386
V	935864	15387
V	935926	15388
V	935988	15389
V	936050	15390
V	936113	15391
V	936175	15392
V	936238	15393
V	936300	15394
V	936356	15395
V	936420	15396
V	936483	15397
V	936547	15398
V	936610	15399
V	936673	15400
V	936735	15401
V	936791	15402
V	936847	15403
V	936911	15404
V	936975	15405
V	937038	15406
V	937102	15407
V	937165	15408
V	937227	15409
V	937289	15410
V	937351	15411
V	937414	15412
V	937476	15413
V	937540	15414
V	937604	15415
V	937660	15416
V	937716	15417
V	937780	15418
V	937836	15419
V	937900	15420
V	937962	15421
V	938025	15422
V	938081	15423
V	938143	15424
V	938207	15425
V	938263	15426
V	938327	15427
V	938390	15428
V	938455	15429
V	938512	15430
V	938575	15431
V	938639	15432
V	938695	15433
V	938759	15434
V	938822	15435
V	938885	15436
V	938948	15437
V	939011	15438
V	939073	15439
V	939135	15440
V	939192	15441
V	939256	15442
V	939320	15443
V	939384	15444
V	939448	15445
V	939504	15446
V	939567	15447
V	939629	15448
V	939693	15449
V	939758	15450
V	939815	15451
V	939872	15452
V	939929	15453
V	939992	15454
V	940055	15455
V	940117	15456
V	940180	15457
V	940236	15458
V	940298	15459
V	940360	15460
V	940422	15461
V	940485	15462
V	940549	15463
V	940613	15464
V	940676	15465
V	940738	15466
V	940802	15467
V	940864	15468
V	940928	15469
V	940984	15470
V	941047	15471
V	941104	15472
V	941160	15473
V	941224	15474
V	941289	15475
V	941352	15476
V	941409	15477
V	941473	15478
V	941537	15479
V	941593	15480
V	941657	15481
V	941721	15482
V	941785	15483
V	941849	15484
V	941905	15485
V	941967	15486
V	942031	15487
V	942093	15488
V	942156	15489
V	942212	15490
V	942276	15491
V	942340	15492
V	942397	15493
V	942461	15494
V	942525	15495
V	942589	15496
V	942653	15497
V	942717	15498
V	942779	15499
V	942844	15500
V	942900	15501
V	942964	15502
V	943028	15503
V	943085	15504
V	943147	15505
V	943209	15506
V	943272	15507
V	943328	15508
V	943384	15509
V	943449	15510
V	943512	15511
V	943576	15512
V	943641	15513
V	943705	15514
V	943769	15515
V	943833	15516
V	943897	15517
V	943960	15518
V	944016	15519
V	944072	15520
V	944135	15521
V	944198	15522
V	944262	15523
V	944324	15524
V	944386	15525
V	944448	15526
V	944510	15527
V	944567	15528
V	944630	15529
V	944692	15530
V	944749	15531
V	944812	15532
V	944869	15533
V	944931	15534
V	944996	15535
V	945060	15536
V	945116	15537
V	945179	15538
V	945235	15539
V	945297	15540
V	945361	15541
V	945417	15542
V	945481	15543
V	945537	15544
V	945601	15545
V	945665	15546
V	945728	15547
V	945792	15548
V	945857	15549
V	945913	15550
V	945977	15551
V	946033	15552
V	946089	15553
V	946151	15554
V	946214	15555
V	946277	15556
V	946334	15557
V	946397	15558
V	946459	15559
V	946523	15560
V	946586	15561
V	946650	15562
V	946712	15563
V	946777	15564
V	946840	15565
V	946904	15566
V	946968	15567
V	947032	15568
V	947088	15569
V	947152	15570
V	947215	15571
V	947278	15572
V	947341	15573
V	947403	15574
V	947468	15575
V	947530	15576
V	947593	15577
V	947655	15578
V	947711	15579
V	947774	15580
V	947830	15581
V	947893	15582
V	947956	15583
V	948018	15584
V	948081	15585
V	948145	15586
V	948201	15587
V	948257	15588
V	948321	15589
V	948378	15590
V	948441	15591
V	948506	15592
V	948569	15593
V	948632	15594
V	948688	15595
V	948744	15596
V	948808	15597
V	948872	15598
V	948936	15599
V	949001	15600
V	949057	15601
V	949122	15602
V	949178	15603
V	949242	15604
V	949305	15605
V	949369	15606
V	949434	15607
V	949498	15608
V	949562	15609
V	949625	15610
V	949681	15611
V	949743	15612
V	949799	15613
V	949862	15614
V	949925	15615
V	949990	15616
V	950052	15617
V	950116	15618
V	950180	15619
V	950242	15620
V	950304	15621
V	950361	15622
V	950424	15623
V	950481	15624
V	950545	15625
V	950607	15626
V	950669	15627
V	950731	15628
V	950795	15629
V	950859	15630
V	950921	15631
V	950985	15632
V	951049	15633
V	951113	15634
V	951176	15635
V	951239	15636
V	951304	15637
V	951366	15638
V	951431	15639
V	951487	15640
V	951544	15641
V	951608	15642
V	951665	15643
V	951730	15644
V	951794	15645
V	951856	15646
V	951920	15647
V	951984	15648
V	952046	15649
V	952102	15650
V	952164	15651
V	952228	15652
V	952284	15653
V	952346	15654
V	952410	15655
V	952473	15656
V	952535	15657
V	952600	15658
V	952657	15659
V	952713	15660
V	952776	15661
V	952833	15662
V	952897	15663
V	952960	15664
V	953024	15665
V	953087	15666
V	953143	15667
V	953206	15668
V	953270	15669
V	953332	15670
V	953396	15671
V	953453	15672
V	953518	15673
V	953574	15674
V	953630	15675
V	953695	15676
V	953751	15677
V	953807	15678
V	953871	15679
V	953935	15680
V	953999	15681
V	954055	15682
V	954119	15683
V	954184	15684
V	954247	15685
V	954303	15686
V	954365	15687
V	954428	15688
V	954492	15689
V	954554	15690
V	954617	15691
V	954681	15692
V	954744	15693
V	954807	15694
V	954872	15695
V	954928	15696
V	954992	15697
V	955049	15698
V	955111	15699
V	955175	15700
V	955237	15701
V	955301	15702
V	955364	15703
V	955427	15704
V	955491	15705
V	955554	15706
V	955610	15707
V	955674	15708
V	955730	15709
V	955793	15710
V	955857	15711
V	955921	15712
V	955977	15713
V	956040	15714
V	956102	15715
V	956164	15716
V	956226	15717
V	956282	15718
V	956345	15719
V	956407	15720
V	956470	15721
V	956533	15722
V	956596	15723
V	956659	15724
V	956715	15725
V	956779	15726
V	956842	15727
V	956898	15728
V	956960	15729
V	957023	15730
V	957087	15731
V	957152	15732
V	957214	15733
V	957278	15734
V	957341	15735
V	957397	15736
V	957462	15737
V	957527	15738
V	957583	15739
V	957646	15740
V	957708	15741
V	957764	15742
V	957826	15743
V	957890	15744
V	957952	15745
V	958017	15746
V	958081	15747
V	958143	15748
V	958205	15749
V	958268	15750
V	958331	15751
V	958394	15752
V	958456	15753
V	958520	15754
V	958582	15755
V	958644	15756
V	958701	15757
V	958757	15758
V	958820	15759
V	958882	15760
V	958946	15761
V	959008	15762
V	959064	15763
V	959121	15764
V	959185	15765
V	959247	15766
V	959309	15767
V	959372	15768
V	959428	15769
V	959490	15770
V	959553	15771
V	959617	15772
V	959681	15773
V	959743	15774
V	959800	15775
V	959863	15776
V	959919	15777
V	959984	15778
V	960047	15779
V	960103	15780
V	960168	15781
V	960231	15782
V	960294	15783
V	960350	15784
V	960412	15785
V	960477	15786
V	960533	15787
V	960598	15788
V	960661	15789
V	960724	15790
V	960780	15791
V	960844	15792
V	960906	15793
V	960969	15794
V	961025	15795
V	961090	15796
V	961152	15797
V	961208	15798
V	961272	15799
V	961328	15800
V	961392	15801
V	961456	15802
V	961519	15803
V	961582	15804
V	961646	15805
V	961702	15806
V	961764	15807
V	961820	15808
V	961876	15809
V	961939	15810
V	962002	15811
V	962058	15812
V	962121	15813
V	962183	15814
V	962239	15815
V	962302	15816
V	962358	15817
V	962414	15818
V	962476	15819
V	962540	15820
V	962604	15821
V	962666	15822
V	962728	15823
V	962792	15824
V	962855	15825
V	962911	15826
V	962974	15827
V	963037	15828
V	963101	15829
V	963157	15830
V	963220	15831
V	963283	15832
V	963339	15833
V	963402	15834
V	963466	15835
V	963522	15836
V	963585	15837
V	963650	15838
V	963713	15839
V	963769	15840
V	963833	15841
V	963895	15842
V	963958	15843
V	964015	15844
V	964079	15845
V	964142	15846
V	964199	15847
V	964262	15848
V	964318	15849
V	964381	15850
V	964444	15851
V	964506	15852
V	964562	15853
V	964624	15854
V	964686	15855
V	964749	15856
V	964812	15857
V	964876	15858
V	964933	15859
V	964995	15860
V	965059	15861
V	965122	15862
V	965178	15863
V	965234	15864
V	965290	15865
V	965346	15866
V	965403	15867
V	965466	15868
V	965529	15869
V	965591	15870
V	965654	15871
V	965717	15872
V	965780	15873
V	965842	15874
V	965904	15875
V	965968	15876
V	966024	15877
V	966088	15878
V	966152	15879
V	966215	15880
V	966278	15881
V	966342	15882
V	966404	15883
V	966460	15884
V	966523	15885
V	966585	15886
V	966641	15887
V	966704	15888
V	966766	15889
V	966828	15890
V	966891	15891
V	966953	15892
V	967016	15893
V	967078	15894
V	967140	15895
V	967204	15896
V	967267	15897
V	967330	15898
V	967394	15899
V	967456	15900
V	967519	15901
V	967583	15902
V	967646	15903
V	967708	15904
V	967770	15905
V	967833	15906
V	967889	15907
V	967953	15908
V	968017	15909
V	968079	15910
V	968142	15911
V	968198	15912
V	968262	15913
V	968325	15914
V	968388	15915
V	968452	15916
V	968515	15917
V	968571	15918
V	968634	15919
V	968699	15920
V	968763	15921
V	968825	15922
V	968888	15923
V	968951	15924
V	969007	15925
V	969071	15926
V	969128	15927
V	969192	15928
V	969248	15929
V	969304	15930
V	969367	15931
V	969423	15932
V	969480	15933
V	969544	15934
V	969608	15935
V	969665	15936
V	969729	15937
V	969793	15938
V	969855	15939
V	969920	15940
V	969976	15941
V	970032	15942
V	970088	15943
V	970151	15944
V	970213	15945
V	970275	15946
V	970338	15947
V	970400	15948
V	970464	15949
V	970527	15950
V	970583	15951
V	970645	15952
V	970702	15953
V	970764	15954
V	970828	15955
V	970891	15956
V	970953	15957
V	971018	15958
V	971075	15959
V	971132	15960
V	971196	15961
V	971259	15962
V	971324	15963
V	971380	15964
V	971442	15965
V	971507	15966
V	971572	15967
V	971636	15968
V	971698	15969
V	971754	15970
V	971817	15971
V	971880	15972
V	971942	15973
V	972005	15974
V	972061	15975
V	972125	15976
V	972190	15977
V	972246	15978
V	972308	15979
V	972370	15980
V	972435	15981
V	972498	15982
V	972554	15983
V	972618	15984
V	972681	15985
V	972745	15986
V	972807	15987
V	972869	15988
V	972933	15989
V	972996	15990
V	973059	15991
V	973123	15992
V	973186	15993
V	973249	15994
V	973314	15995
V	973370	15996
V	973433	15997
V	973489	15998
V	973553	15999
V	973617	16000
V	973680	16001
V	973737	16002
V	973799	16003
V	973855	16004
V	973911	16005
V	973975	16006
V	974031	16007
V	974094	16008
V	974157	16009
V	974222	16010
V	974286	16011
V	974348	16012
V	974413	16013
V	974476	16014
V	974541	16015
V	974603	16016
V	974666	16017
V	974722	16018
V	974778	16019
V	974840	16020
V	974902	16021
V	974965	16022
V	975021	16023
V	975083	16024
V	975147	16025
V	975209	16026
V	975265	16027
V	975329	16028
V	975385	16029
V	975448	16030
V	975505	16031
V	975569	16032
V	975631	16033
V	975694	16034
V	975757	16035
V	975820	16036
V	975882	16037
V	975945	16038
V	976009	16039
V	976072	16040
V	976135	16041
V	976198	16042
V	976254	16043
V	976316	16044
V	976378	16045
V	976441	16046
V	976506	16047
V	976568	16048
V	976625	16049
V	976689	16050
V	976753	16051
V	976817	16052
V	976873	16053
V	976937	16054
V	976999	16055
V	977063	16056
V	977126	16057
V	977182	16058
V	977238	16059
V	977301	16060
V	977358	16061
V	977421	16062
V	977484	16063
V	977548	16064
V	977604	16065
V	977666	16066
V	977731	16067
V	977794	16068
V	977850	16069
V	977906	16070
V	977968	16071
V	978031	16072
V	978094	16073
V	978156	16074
V	978212	16075
V	978275	16076
V	978338	16077
V	978400	16078
V	978456	16079
V	978518	16080
V	978581	16081
V	978645	16082
V	978701	16083
V	978757	16084
V	978821	16085
V	978877	16086
V	978941	16087
V	979005	16088
V	979070	16089
V	979126	16090
V	979188	16091
V	979251	16092
V	979314	16093
V	979377	16094
V	979440	16095
V	979504	16096
V	979568	16097
V	979631	16098
V	979694	16099
V	979751	16100
V	979815	16101
V	979880	16102
V	979944	16103
V	980008	16104
V	980070	16105
V	980127	16106
V	980191	16107
V	980253	16108
V	980310	16109
V	980372	16110
V	980435	16111
V	980497	16112
V	980553	16113
V	980616	16114
V	980678	16115
V	980741	16116
V	980804	16117
V	980868	16118
V	980931	16119
V	980995	16120
V	981057	16121
V	981119	16122
V	981175	16123
V	981239	16124
V	981295	16125
V	981351	16126
V	981414	16127
V	981478	16128
V	981541	16129
V	981597	16130
V	981659	16131
V	981723	16132
V	981787	16133
V	981843	16134
V	981905	16135
V	981969	16136
V	982032	16137
V	982094	16138
V	982158	16139
V	982222	16140
V	982286	16141
V	982349	16142
V	982412	16143
V	982475	16144
V	982539	16145
V	982596	16146
V	982660	16147
V	982724	16148
V	982780	16149
V	982844	16150
V	982900	16151
V	982956	16152
V	983020	16153
V	983082	16154
V	983146	16155
V	983209	16156
V	983265	16157
V	983322	16158
V	983386	16159
V	983448	16160
V	983510	16161
V	983573	16162
V	983635	16163
V	983698	16164
V	983754	16165
V	983818	16166
V	983880	16167
V	983944	16168
V	984007	16169
V	984063	16170
V	984119	16171
V	984182	16172
V	984244	16173
V	984306	16174
V	984369	16175
V	984433	16176
V	984495	16177
V	984559	16178
V	984615	16179
V	984678	16180
V	984741	16181
V	984803	16182
V	984859	16183
V	984921	16184
V	984977	16185
V	985033	16186
V	985095	16187
V	985158	16188
V	985222	16189
V	985285	16190
V	985349	16191
V	985413	16192
V	985476	16193
V	985540	16194
V	985604	16195
V	985660	16196
V	985724	16197
V	985786	16198
V	985842	16199
V	985904	16200
V	985967	16201
V	986031	16202
V	986087	16203
V	986149	16204
V	986214	16205
V	986276	16206
V	986339	16207
V	986403	16208
V	986465	16209
V	986529	16210
V	986585	16211
V	986641	16212
V	986704	16213
V	986766	16214
V	986822	16215
V	986885	16216
V	986947	16217
V	987003	16218
V	987066	16219
V	987130	16220
V	987193	16221
V	987256	16222
V	987320	16223
V	987376	16224
V	987440	16225
V	987503	16226
V	987567	16227
V	987629	16228
V	987692	16229
V	987748	16230
V	987804	16231
V	987867	16232
V	987930	16233
V	987992	16234
V	988057	16235
V	988120	16236
V	988183	16237
V	988246	16238
V	988310	16239
V	988367	16240
V	988431	16241
V	988493	16242
V	988555	16243
V	988617	16244
V	988681	16245
V	988737	16246
V	988799	16247
V	988862	16248
V	988925	16249
V	988981	16250
V	989043	16251
V	989106	16252
V	989170	16253
V	989226	16254
V	989290	16255
V	989352	16256
V	989416	16257
V	989478	16258
V	989540	16259
V	989597	16260
V	989659	16261
V	989715	16262
V	989771	16263
V	989835	16264
V	989898	16265
V	989954	16266
V	990019	16267
V	990083	16268
V	990145	16269
V	990207	16270
V	990269	16271
V	990331	16272
V	990395	16273
V	990452	16274
V	990516	16275
V	990572	16276
V	990637	16277
V	990701	16278
V	990765	16279
V	990827	16280
V	990891	16281
V	990955	16282
V	991017	16283
V	991080	16284
V	991144	16285
V	991200	16286
V	991264	16287
V	991320	16288
V	991382	16289
V	991446	16290
V	991508	16291
V	991571	16292
V	991627	16293
V	991690	16294
V	991753	16295
V	991815	16296
V	991872	16297
V	991936	16298
V	991992	16299
V	992055	16300
V	992119	16301
V	992176	16302
V	992240	16303
V	992303	16304
V	992368	16305
V	992432	16306
V	992488	16307
V	992545	16308
V	992608	16309
V	992670	16310
V	992734	16311
V	992791	16312
V	992847	16313
V	992909	16314
V	992965	16315
V	993027	16316
V	993091	16317
V	993153	16318
V	993217	16319
V	993280	16320
V	993336	16321
V	993399	16322
V	993464	16323
V	993520	16324
V	993582	16325
V	993645	16326
V	993701	16327
V	993757	16328
V	993821	16329
V	993884	16330
V	993941	16331
V	993997	16332
V	994060	16333
V	994123	16334
V	994187	16335
V	994243	16336
V	994300	16337
V	994363	16338
V	994427	16339
V	994491	16340
V	994554	16341
V	994610	16342
V	994674	16343
V	994736	16344
V	994793	16345
V	994858	16346
V	994915	16347
V	994978	16348
V	995040	16349
V	995105	16350
V	995161	16351
V	995225	16352
V	995289	16353
V	995353	16354
V	995409	16355
V	995465	16356
V	995528	16357
V	995591	16358
V	995655	16359
V	995717	16360
V	995774	16361
V	995838	16362
V	995902	16363
V	995966	16364
V	996029	16365
V	996085	16366
V	996148	16367
V	996212	16368
V	996269	16369
V	996326	16370
V	996390	16371
V	996453	16372
V	996515	16373
V	996577	16374
V	996639	16375
V	996703	16376
V	996767	16377
V	996823	16378
V	996879	16379
V	996935	16380
V	996992	16381
V	997056	16382
V	997120	16383
V	997177	16384
V	997240	16385
V	997303	16386
V	997366	16387
V	997430	16388
V	997486	16389
V	997549	16390
V	997613	16391
V	997676	16392
V	997732	16393
V	997795	16394
V	997859	16395
V	997923	16396
V	997986	16397
V	998048	16398
V	998112	16399
V	998175	16400
V	998237	16401
V	998301	16402
V	998357	16403
V	998422	16404
V	998485	16406
V	998547	16407
V	998610	16408
V	998673	16409
V	998729	16410
V	998793	16411
V	998856	16412
V	998919	16413
V	998983	16414
V	999045	16415
V	999108	16416
V	999171	16417
V	999233	16418
V	999297	16419
V	999353	16420
V	999417	16421
V	999480	16422
V	999536	16423
V	999600	16424
V	999663	16425
V	999719	16426
V	999782	16427
V	999846	16429
V	999911	16430
V	999974	16431
V	1000036	16432
V	1000099	16433
V	1000161	16434
V	1000225	16435
V	1000288	16436
V	1000344	16437
V	1000407	16438
V	1000469	16439
V	1000525	16440
V	1000581	16441
V	1000637	16442
V	1000701	16443
V	1000764	16444
V	1000827	16445
V	1000891	16446
V	1000955	16447
V	1001019	16448
V	1001083	16449
V	1001147	16450
V	1001203	16451
V	1001260	16452
V	1001322	16453
V	1001385	16454
V	1001448	16455
V	1001512	16456
V	1001568	16457
V	1001624	16458
V	1001689	16459
V	1001753	16460
V	1001816	16461
V	1001872	16462
V	1001937	16463
V	1002000	16464
V	1002063	16465
V	1002126	16466
V	1002182	16467
V	1002238	16468
V	1002303	16469
V	1002359	16470
V	1002421	16471
V	1002485	16472
V	1002548	16473
V	1002610	16474
V	1002666	16475
V	1002728	16476
V	1002790	16478
V	1002846	16479
V	1002902	16481
V	1002966	16483
V	1003022	16484
V	1003084	16485
V	1003148	16486
V	1003204	16487
V	1003267	16488
V	1003330	16489
V	1003394	16490
V	1003459	16491
V	1003523	16492
V	1003580	16493
V	1003643	16494
V	1003699	16495
V	1003761	16496
V	1003824	16497
V	1003881	16498
V	1003946	16499
V	1004010	16500
V	1004073	16501
V	1004138	16502
V	1004202	16503
V	1004266	16505
V	1004328	16506
V	1004391	16507
V	1004455	16508
V	1004517	16509
V	1004581	16510
V	1004643	16511
V	1004699	16512
V	1004763	16513
V	1004827	16514
V	1004892	16515
V	1004954	16517
V	1005016	16518
V	1005080	16520
V	1005144	16521
V	1005207	16522
V	1005269	16523
V	1005334	16524
V	1005390	16525
V	1005446	16526
V	1005503	16527
V	1005560	16528
V	1005624	16529
V	1005680	16530
V	1005736	16531
V	1005800	16532
V	1005862	16533
V	1005925	16534
V	1005987	16535
V	1006052	16536
V	1006115	16537
V	1006171	16538
V	1006234	16539
V	1006297	16540
V	1006361	16541
V	1006425	16542
V	1006488	16543
V	1006551	16544
V	1006615	16546
V	1006678	16547
V	1006734	16549
V	1006791	16550
V	1006848	16551
V	1006912	16552
V	1006968	16553
V	1007024	16554
V	1007080	16555
V	1007144	16556
V	1007200	16557
V	1007256	16558
V	1007319	16559
V	1007383	16560
V	1007439	16561
V	1007503	16562
V	1007566	16563
V	1007628	16564
V	1007690	16565
V	1007752	16566
V	1007808	16567
V	1007864	16568
V	1007926	16569
V	1007990	16570
V	1008052	16571
V	1008115	16572
V	1008178	16573
V	1008240	16574
V	1008305	16575
V	1008370	16577
V	1008433	16578
V	1008490	16579
V	1008553	16580
V	1008609	16581
V	1008665	16582
V	1008728	16583
V	1008784	16584
V	1008841	16585
V	1008904	16586
V	1008960	16587
V	1009023	16588
V	1009080	16589
V	1009145	16590
V	1009208	16591
V	1009270	16592
V	1009334	16593
V	1009398	16594
V	1009462	16595
V	1009526	16596
V	1009589	16597
V	1009646	16598
V	1009702	16599
V	1009765	16600
V	1009829	16601
V	1009885	16602
V	1009948	16603
V	1010012	16604
V	1010068	16605
V	1010124	16606
V	1010186	16607
V	1010251	16608
V	1010314	16609
V	1010378	16610
V	1010440	16611
V	1010502	16612
V	1010564	16613
V	1010626	16614
V	1010683	16615
V	1010746	16616
V	1010803	16617
V	1010866	16618
V	1010931	16619
V	1010994	16620
V	1011057	16621
V	1011120	16622
V	1011183	16623
V	1011245	16624
V	1011301	16625
V	1011364	16626
V	1011427	16627
V	1011492	16628
V	1011556	16629
V	1011620	16630
V	1011676	16631
V	1011740	16632
V	1011802	16633
V	1011866	16634
V	1011922	16635
V	1011986	16636
V	1012050	16637
V	1012106	16638
V	1012169	16639
V	1012232	16640
V	1012296	16641
V	1012360	16642
V	1012416	16643
V	1012472	16644
V	1012536	16645
V	1012600	16646
V	1012663	16647
V	1012719	16648
V	1012783	16649
V	1012846	16650
V	1012902	16651
V	1012965	16652
V	1013021	16653
V	1013083	16654
V	1013148	16655
V	1013204	16657
V	1013268	16658
V	1013330	16659
V	1013392	16660
V	1013454	16661
V	1013516	16662
V	1013580	16663
V	1013644	16664
V	1013708	16665
V	1013770	16666
V	1013826	16667
V	1013889	16668
V	1013953	16669
V	1014017	16670
V	1014073	16671
V	1014136	16672
V	1014199	16673
V	1014261	16674
V	1014324	16675
V	1014381	16676
V	1014438	16677
V	1014494	16678
V	1014557	16679
V	1014614	16680
V	1014676	16681
V	1014740	16682
V	1014802	16683
V	1014864	16684
V	1014927	16685
V	1014984	16686
V	1015048	16687
V	1015110	16688
V	1015166	16689
V	1015229	16690
V	1015293	16691
V	1015357	16692
V	1015421	16693
V	1015483	16694
V	1015539	16695
V	1015596	16696
V	1015659	16697
V	1015723	16698
V	1015786	16699
V	1015842	16700
V	1015899	16701
V	1015963	16702
V	1016026	16703
V	1016089	16704
V	1016153	16705
V	1016217	16706
V	1016280	16707
V	1016336	16708
V	1016400	16709
V	1016456	16710
V	1016519	16711
V	1016575	16712
V	1016638	16713
V	1016701	16714
V	1016764	16715
V	1016827	16716
V	1016890	16717
V	1016947	16718
V	1017011	16719
V	1017067	16720
V	1017123	16721
V	1017187	16722
V	1017250	16723
V	1017313	16724
V	1017377	16725
V	1017440	16726
V	1017496	16727
V	1017552	16728
V	1017616	16729
V	1017679	16730
V	1017741	16731
V	1017806	16732
V	1017862	16733
V	1017924	16735
V	1017981	16736
V	1018045	16737
V	1018109	16738
V	1018165	16739
V	1018227	16740
V	1018292	16741
V	1018356	16742
V	1018412	16743
V	1018474	16744
V	1018530	16745
V	1018587	16746
V	1018652	16747
V	1018716	16748
V	1018779	16749
V	1018842	16750
V	1018906	16751
V	1018971	16752
V	1019035	16753
V	1019098	16754
V	1019162	16755
V	1019226	16756
V	1019288	16757
V	1019350	16758
V	1019412	16759
V	1019476	16760
V	1019532	16762
V	1019589	16763
V	1019653	16764
V	1019716	16765
V	1019780	16766
V	1019842	16768
V	1019904	16769
V	1019967	16770
V	1020032	16771
V	1020097	16772
V	1020153	16773
V	1020216	16774
V	1020273	16775
V	1020329	16776
V	1020394	16777
V	1020450	16778
V	1020514	16779
V	1020577	16780
V	1020641	16781
V	1020705	16782
V	1020769	16783
V	1020831	16784
V	1020894	16785
V	1020958	16786
V	1021022	16787
V	1021087	16788
V	1021149	16789
V	1021211	16790
V	1021275	16791
V	1021339	16792
V	1021401	16793
V	1021465	16794
V	1021529	16795
V	1021592	16796
V	1021656	16797
V	1021721	16798
V	1021785	16799
V	1021847	16800
V	1021904	16801
V	1021960	16802
V	1022023	16803
V	1022079	16804
V	1022135	16805
V	1022197	16806
V	1022260	16807
V	1022323	16808
V	1022386	16809
V	1022450	16810
V	1022513	16811
V	1022578	16813
V	1022642	16814
V	1022704	16816
V	1022760	16817
V	1022822	16818
V	1022878	16819
V	1022935	16820
V	1022998	16821
V	1023062	16822
V	1023125	16823
V	1023190	16824
V	1023253	16825
V	1023317	16826
V	1023382	16827
V	1023446	16828
V	1023511	16829
V	1023568	16830
V	1023632	16831
V	1023696	16832
V	1023759	16833
V	1023815	16834
V	1023871	16835
V	1023934	16836
V	1023990	16837
V	1024054	16838
V	1024110	16839
V	1024173	16840
V	1024237	16841
V	1024299	16842
V	1024363	16843
V	1024426	16844
V	1024489	16845
V	1024552	16846
V	1024615	16847
V	1024679	16848
V	1024743	16849
V	1024806	16850
V	1024869	16851
V	1024926	16852
V	1024982	16853
V	1025045	16854
V	1025108	16855
V	1025172	16856
V	1025228	16857
V	1025291	16859
V	1025355	16860
V	1025412	16861
V	1025474	16862
V	1025538	16863
V	1025601	16864
V	1025664	16865
V	1025726	16866
V	1025788	16867
V	1025853	16868
V	1025917	16869
V	1025981	16871
V	1026045	16872
V	1026108	16873
V	1026170	16874
V	1026234	16875
V	1026298	16876
V	1026354	16877
V	1026418	16878
V	1026480	16879
V	1026543	16880
V	1026605	16881
V	1026667	16882
V	1026732	16883
V	1026795	16884
V	1026852	16885
V	1026914	16886
V	1026978	16887
V	1027041	16888
V	1027104	16889
V	1027160	16890
V	1027223	16891
V	1027279	16892
V	1027342	16893
V	1027404	16894
V	1027468	16895
V	1027531	16896
V	1027594	16897
V	1027657	16898
V	1027719	16899
V	1027775	16900
V	1027839	16901
V	1027901	16902
V	1027963	16903
V	1028019	16904
V	1028084	16905
V	1028146	16906
V	1028211	16907
V	1028274	16908
V	1028337	16909
V	1028400	16910
V	1028462	16911
V	1028527	16912
V	1028583	16913
V	1028646	16914
V	1028708	16915
V	1028772	16916
V	1028836	16917
V	1028899	16918
V	1028962	16919
V	1029024	16920
V	1029080	16921
V	1029144	16922
V	1029206	16923
V	1029270	16924
V	1029335	16925
V	1029398	16926
V	1029462	16927
V	1029525	16928
V	1029588	16929
V	1029652	16930
V	1029708	16931
V	1029764	16932
V	1029826	16933
V	1029890	16934
V	1029953	16935
V	1030009	16936
V	1030072	16937
V	1030135	16938
V	1030200	16939
V	1030264	16940
V	1030326	16941
V	1030389	16942
V	1030445	16943
V	1030501	16944
V	1030564	16945
V	1030620	16946
V	1030684	16947
V	1030747	16948
V	1030810	16949
V	1030873	16950
V	1030936	16951
V	1030992	16952
V	1031048	16953
V	1031111	16954
V	1031173	16955
V	1031235	16956
V	1031298	16957
V	1031355	16958
V	1031419	16960
V	1031483	16961
V	1031545	16962
V	1031608	16964
V	1031670	16965
V	1031734	16966
V	1031798	16967
V	1031861	16968
V	1031923	16969
V	1031979	16970
V	1032043	16971
V	1032099	16972
V	1032156	16973
V	1032221	16974
V	1032285	16975
V	1032341	16976
V	1032403	16977
V	1032459	16978
V	1032523	16979
V	1032586	16981
V	1032650	16983
V	1032713	16984
V	1032770	16986
V	1032833	16987
V	1032890	16988
V	1032955	16990
V	1033019	16991
V	1033081	16992
V	1033137	16993
V	1033201	16994
V	1033258	16995
V	1033320	16996
V	1033376	16997
V	1033432	16998
V	1033495	16999
V	1033558	17000
V	1033621	17001
V	1033677	17002
V	1033740	17003
V	1033802	17004
V	1033858	17005
V	1033920	17006
V	1033983	17007
V	1034047	17008
V	1034111	17009
V	1034176	17010
V	1034238	17011
V	1034303	17012
V	1034367	17013
V	1034431	17014
V	1034495	17015
V	1034557	17016
V	1034620	17017
V	1034684	17018
V	1034740	17019
V	1034797	17020
V	1034861	17021
V	1034917	17022
V	1034979	17024
V	1035042	17025
V	1035106	17026
V	1035170	17027
V	1035233	17028
V	1035297	17030
V	1035354	17031
V	1035416	17032
V	1035478	17033
V	1035534	17034
V	1035597	17035
V	1035653	17036
V	1035716	17037
V	1035772	17038
V	1035834	17039
V	1035896	17040
V	1035960	17041
V	1036024	17042
V	1036087	17043
V	1036152	17044
V	1036214	17045
V	1036276	17046
V	1036338	17047
V	1036400	17050
V	1036457	17051
V	1036513	17052
V	1036577	17053
V	1036633	17054
V	1036690	17055
V	1036752	17056
V	1036816	17057
V	1036881	17058
V	1036945	17059
V	1037001	17060
V	1037064	17061
V	1037129	17062
V	1037193	17064
V	1037256	17065
V	1037318	17066
V	1037380	17067
V	1037444	17068
V	1037507	17069
V	1037563	17070
V	1037625	17071
V	1037681	17072
V	1037744	17073
V	1037806	17074
V	1037869	17075
V	1037933	17076
V	1037998	17077
V	1038062	17078
V	1038125	17079
V	1038182	17080
V	1038244	17081
V	1038307	17082
V	1038370	17083
V	1038433	17084
V	1038497	17085
V	1038561	17086
V	1038626	17087
V	1038691	17088
V	1038754	17089
V	1038818	17090
V	1038881	17091
V	1038945	17092
V	1039009	17093
V	1039071	17094
V	1039127	17095
V	1039191	17096
V	1039253	17097
V	1039315	17098
V	1039378	17099
V	1039442	17100
V	1039505	17101
V	1039567	17102
V	1039630	17103
V	1039692	17104
V	1039755	17105
V	1039818	17106
V	1039880	17107
V	1039942	17108
V	1040006	17109
V	1040068	17110
V	1040124	17111
V	1040188	17112
V	1040251	17113
V	1040308	17114
V	1040364	17115
V	1040420	17116
V	1040483	17117
V	1040539	17119
V	1040603	17120
V	1040665	17121
V	1040729	17122
V	1040785	17123
V	1040848	17124
V	1040912	17125
V	1040974	17126
V	1041039	17127
V	1041095	17128
V	1041158	17129
V	1041222	17130
V	1041278	17131
V	1041341	17132
V	1041406	17133
V	1041463	17134
V	1041527	17135
V	1041589	17136
V	1041653	17137
V	1041717	17138
V	1041782	17139
V	1041846	17140
V	1041902	17141
V	1041959	17142
V	1042022	17143
V	1042085	17144
V	1042149	17145
V	1042212	17146
V	1042274	17147
V	1042337	17148
V	1042393	17149
V	1042456	17150
V	1042518	17151
V	1042581	17152
V	1042644	17154
V	1042700	17155
V	1042756	17156
V	1042818	17157
V	1042880	17158
V	1042936	17159
V	1043001	17160
V	1043063	17161
V	1043127	17162
V	1043191	17163
V	1043253	17164
V	1043317	17165
V	1043382	17166
V	1043439	17167
V	1043495	17168
V	1043557	17169
V	1043620	17170
V	1043684	17171
V	1043746	17172
V	1043802	17173
V	1043866	17174
V	1043923	17175
V	1043986	17176
V	1044042	17177
V	1044105	17178
V	1044168	17179
V	1044232	17180
V	1044296	17182
V	1044360	17183
V	1044423	17184
V	1044479	17185
V	1044544	17186
V	1044607	17187
V	1044669	17188
V	1044732	17189
V	1044795	17190
V	1044859	17191
V	1044921	17192
V	1044985	17193
V	1045050	17194
V	1045112	17195
V	1045177	17196
V	1045240	17197
V	1045304	17198
V	1045367	17199
V	1045430	17200
V	1045494	17201
V	1045558	17202
V	1045622	17203
V	1045684	17204
V	1045747	17206
V	1045803	17207
V	1045867	17208
V	1045924	17209
V	1045980	17210
V	1046036	17211
V	1046099	17212
V	1046162	17213
V	1046226	17214
V	1046289	17215
V	1046351	17216
V	1046413	17217
V	1046476	17218
V	1046540	17219
V	1046602	17220
V	1046658	17221
V	1046721	17222
V	1046777	17223
V	1046841	17224
V	1046905	17225
V	1046969	17226
V	1047033	17227
V	1047096	17228
V	1047159	17229
V	1047223	17230
V	1047279	17231
V	1047342	17232
V	1047404	17233
V	1047467	17234
V	1047532	17235
V	1047588	17236
V	1047652	17237
V	1047716	17239
V	1047780	17240
V	1047836	17241
V	1047901	17242
V	1047965	17243
V	1048029	17244
V	1048085	17245
V	1048148	17246
V	1048210	17247
V	1048274	17248
V	1048330	17249
V	1048392	17250
V	1048448	17251
V	1048510	17252
V	1048574	17253
V	1048637	17254
V	1048701	17255
V	1048763	17256
V	1048819	17257
V	1048884	17258
V	1048946	17259
V	1049009	17260
V	1049073	17261
V	1049136	17262
V	1049199	17263
V	1049263	17264
V	1049326	17265
V	1049389	17266
V	1049453	17268
V	1049516	17269
V	1049579	17270
V	1049644	17271
V	1049709	17272
V	1049772	17273
V	1049835	17274
V	1049891	17275
V	1049948	17276
V	1050011	17277
V	1050068	17278
V	1050130	17279
V	1050187	17280
V	1050251	17281
V	1050307	17282
V	1050370	17283
V	1050432	17284
V	1050495	17285
V	1050559	17286
V	1050615	17287
V	1050679	17288
V	1050741	17289
V	1050797	17290
V	1050862	17291
V	1050918	17292
V	1050982	17293
V	1051045	17294
V	1051101	17295
V	1051163	17296
V	1051227	17297
V	1051290	17298
V	1051354	17299
V	1051411	17300
V	1051467	17301
V	1051531	17302
V	1051594	17303
V	1051656	17304
V	1051719	17305
V	1051781	17306
V	1051845	17307
V	1051908	17308
V	1051973	17309
V	1052029	17310
V	1052085	17311
V	1052148	17312
V	1052204	17314
V	1052268	17315
V	1052332	17316
V	1052394	17317
V	1052458	17318
V	1052515	17319
V	1052571	17320
V	1052634	17321
V	1052691	17322
V	1052753	17323
V	1052817	17324
V	1052881	17325
V	1052937	17327
V	1052993	17328
V	1053057	17329
V	1053114	17330
V	1053177	17331
V	1053233	17332
V	1053297	17333
V	1053361	17334
V	1053423	17335
V	1053479	17336
V	1053542	17337
V	1053604	17338
V	1053667	17339
V	1053730	17340
V	1053795	17341
V	1053858	17342
V	1053914	17343
V	1053976	17344
V	1054039	17345
V	1054102	17346
V	1054164	17347
V	1054226	17348
V	1054290	17349
V	1054354	17350
V	1054418	17351
V	1054481	17352
V	1054543	17353
V	1054600	17354
V	1054662	17355
V	1054724	17356
V	1054786	17357
V	1054849	17358
V	1054913	17359
V	1054977	17360
V	1055041	17361
V	1055103	17362
V	1055166	17363
V	1055230	17364
V	1055292	17365
V	1055349	17366
V	1055405	17367
V	1055469	17368
V	1055532	17369
V	1055595	17370
V	1055658	17371
V	1055722	17372
V	1055786	17373
V	1055849	17374
V	1055914	17375
V	1055978	17376
V	1056035	17377
V	1056091	17378
V	1056155	17379
V	1056217	17380
V	1056274	17381
V	1056337	17382
V	1056400	17383
V	1056464	17384
V	1056527	17385
V	1056590	17386
V	1056652	17387
V	1056717	17388
V	1056781	17390
V	1056843	17391
V	1056907	17392
V	1056971	17393
V	1057027	17394
V	1057089	17395
V	1057145	17396
V	1057207	17397
V	1057270	17398
V	1057334	17399
V	1057398	17400
V	1057462	17401
V	1057518	17402
V	1057582	17403
V	1057645	17404
V	1057707	17405
V	1057770	17406
V	1057833	17408
V	1057895	17409
V	1057957	17410
V	1058013	17411
V	1058076	17412
V	1058140	17413
V	1058205	17414
V	1058268	17415
V	1058324	17416
V	1058386	17417
V	1058449	17418
V	1058513	17419
V	1058577	17420
V	1058640	17421
V	1058702	17422
V	1058759	17423
V	1058823	17424
V	1058879	17425
V	1058942	17426
V	1059005	17427
V	1059070	17428
V	1059132	17429
V	1059188	17430
V	1059245	17431
V	1059309	17432
V	1059374	17433
V	1059430	17434
V	1059494	17435
V	1059550	17436
V	1059613	17437
V	1059669	17438
V	1059725	17439
V	1059782	17440
V	1059844	17441
V	1059907	17442
V	1059963	17443
V	1060019	17444
V	1060081	17445
V	1060137	17446
V	1060199	17447
V	1060263	17448
V	1060327	17449
V	1060390	17450
V	1060453	17451
V	1060518	17452
V	1060582	17454
V	1060645	17455
V	1060708	17456
V	1060772	17457
V	1060828	17458
V	1060885	17459
V	1060948	17460
V	1061012	17461
V	1061074	17462
V	1061138	17463
V	1061202	17464
V	1061264	17465
V	1061328	17466
V	1061384	17467
V	1061448	17469
V	1061511	17470
V	1061575	17471
V	1061631	17472
V	1061694	17473
V	1061756	17474
V	1061820	17475
V	1061882	17476
V	1061938	17477
V	1062003	17478
V	1062065	17479
V	1062121	17480
V	1062186	17481
V	1062251	17482
V	1062315	17483
V	1062379	17484
V	1062442	17485
V	1062504	17486
V	1062566	17487
V	1062630	17488
V	1062693	17489
V	1062749	17490
V	1062812	17491
V	1062876	17492
V	1062933	17493
V	1062996	17494
V	1063061	17495
V	1063123	17496
V	1063186	17497
V	1063249	17498
V	1063311	17499
V	1063374	17500
V	1063439	17501
V	1063503	17504
V	1063567	17505
V	1063623	17506
V	1063679	17507
V	1063735	17508
V	1063798	17509
V	1063860	17510
V	1063916	17511
V	1063979	17512
V	1064042	17513
V	1064098	17514
V	1064154	17515
V	1064211	17516
V	1064273	17517
V	1064329	17518
V	1064386	17519
V	1064450	17520
V	1064513	17521
V	1064577	17522
V	1064633	17523
V	1064689	17524
V	1064752	17525
V	1064815	17526
V	1064879	17527
V	1064944	17528
V	1065007	17529
V	1065071	17530
V	1065135	17531
V	1065197	17532
V	1065259	17533
V	1065315	17534
V	1065378	17535
V	1065440	17536
V	1065496	17537
V	1065558	17538
V	1065614	17539
V	1065676	17540
V	1065732	17541
V	1065795	17542
V	1065859	17544
V	1065922	17545
V	1065985	17546
V	1066041	17547
V	1066105	17548
V	1066161	17549
V	1066224	17550
V	1066288	17552
V	1066344	17553
V	1066408	17554
V	1066472	17555
V	1066535	17556
V	1066597	17557
V	1066661	17558
V	1066724	17561
V	1066786	17562
V	1066849	17563
V	1066911	17564
V	1066967	17565
V	1067031	17566
V	1067087	17568
V	1067149	17569
V	1067211	17570
V	1067274	17571
V	1067338	17572
V	1067400	17573
V	1067463	17574
V	1067525	17575
V	1067581	17576
V	1067644	17577
V	1067700	17578
V	1067762	17579
V	1067826	17580
V	1067882	17581
V	1067945	17582
V	1068007	17583
V	1068069	17584
V	1068133	17585
V	1068195	17586
V	1068257	17587
V	1068320	17588
V	1068376	17589
V	1068439	17590
V	1068501	17591
V	1068557	17592
V	1068620	17593
V	1068676	17594
V	1068739	17595
V	1068802	17596
V	1068864	17597
V	1068928	17599
V	1068990	17600
V	1069055	17601
V	1069112	17602
V	1069169	17603
V	1069231	17604
V	1069295	17605
V	1069357	17606
V	1069421	17607
V	1069485	17608
V	1069549	17609
V	1069611	17610
V	1069674	17611
V	1069738	17613
V	1069802	17614
V	1069864	17615
V	1069920	17616
V	1069984	17617
V	1070040	17618
V	1070105	17619
V	1070167	17620
V	1070224	17621
V	1070286	17622
V	1070350	17623
V	1070412	17624
V	1070476	17625
V	1070538	17626
V	1070601	17627
V	1070657	17628
V	1070720	17629
V	1070784	17630
V	1070846	17631
V	1070910	17632
V	1070973	17633
V	1071035	17634
V	1071098	17635
V	1071160	17636
V	1071216	17637
V	1071278	17638
V	1071335	17639
V	1071397	17640
V	1071453	17641
V	1071517	17642
V	1071581	17643
V	1071637	17644
V	1071702	17645
V	1071765	17646
V	1071827	17647
V	1071891	17648
V	1071953	17649
V	1072015	17650
V	1072071	17651
V	1072127	17652
V	1072183	17653
V	1072247	17654
V	1072311	17655
V	1072374	17656
V	1072436	17657
V	1072498	17658
V	1072561	17660
V	1072618	17661
V	1072681	17662
V	1072737	17663
V	1072800	17664
V	1072863	17665
V	1072926	17666
V	1072989	17667
V	1073045	17668
V	1073107	17669
V	1073163	17670
V	1073227	17671
V	1073290	17673
V	1073353	17674
V	1073415	17676
V	1073471	17677
V	1073527	17678
V	1073591	17679
V	1073647	17680
V	1073709	17681
V	1073774	17682
V	1073836	17683
V	1073898	17684
V	1073962	17685
V	1074024	17686
V	1074080	17687
V	1074144	17688
V	1074201	17689
V	1074265	17690
V	1074329	17691
V	1074392	17692
V	1074455	17693
V	1074511	17694
V	1074576	17695
V	1074638	17696
V	1074694	17697
V	1074756	17698
V	1074818	17699
V	1074882	17700
V	1074944	17701
V	1075008	17702
V	1075071	17703
V	1075127	17704
V	1075192	17705
V	1075248	17706
V	1075312	17708
V	1075368	17709
V	1075433	17710
V	1075496	17711
V	1075552	17712
V	1075617	17713
V	1075674	17714
V	1075730	17715
V	1075792	17716
V	1075849	17717
V	1075906	17718
V	1075962	17719
V	1076024	17720
V	1076087	17721
V	1076150	17722
V	1076214	17725
V	1076277	17726
V	1076340	17727
V	1076396	17728
V	1076458	17729
V	1076522	17730
V	1076586	17731
V	1076650	17732
V	1076713	17733
V	1076777	17734
V	1076840	17735
V	1076896	17736
V	1076960	17737
V	1077016	17738
V	1077078	17739
V	1077142	17740
V	1077207	17741
V	1077271	17742
V	1077336	17744
V	1077401	17745
V	1077465	17746
V	1077528	17747
V	1077593	17748
V	1077650	17749
V	1077712	17750
V	1077774	17751
V	1077838	17752
V	1077894	17753
V	1077958	17754
V	1078022	17755
V	1078087	17756
V	1078152	17757
V	1078215	17758
V	1078280	17759
V	1078336	17760
V	1078398	17761
V	1078461	17762
V	1078524	17763
V	1078580	17764
V	1078644	17765
V	1078707	17766
V	1078770	17767
V	1078832	17768
V	1078896	17769
V	1078952	17770
V	1079008	17771
V	1079064	17772
V	1079127	17773
V	1079183	17774
V	1079239	17775
V	1079303	17776
V	1079366	17777
V	1079430	17779
V	1079495	17780
V	1079559	17781
V	1079622	17782
V	1079678	17783
V	1079734	17784
V	1079790	17785
V	1079846	17787
V	1079909	17788
V	1079974	17789
V	1080038	17790
V	1080102	17791
V	1080165	17792
V	1080227	17793
V	1080289	17794
V	1080351	17795
V	1080415	17796
V	1080471	17797
V	1080527	17798
V	1080590	17799
V	1080646	17800
V	1080702	17801
V	1080764	17802
V	1080828	17803
V	1080891	17804
V	1080955	17805
V	1081012	17806
V	1081074	17807
V	1081131	17808
V	1081187	17809
V	1081251	17810
V	1081313	17811
V	1081378	17812
V	1081440	17813
V	1081505	17814
V	1081569	17815
V	1081625	17816
V	1081688	17817
V	1081752	17818
V	1081815	17819
V	1081879	17820
V	1081942	17821
V	1082005	17822
V	1082067	17823
V	1082129	17824
V	1082192	17825
V	1082256	17826
V	1082320	17827
V	1082376	17828
V	1082432	17829
V	1082488	17830
V	1082544	17831
V	1082606	17832
V	1082670	17833
V	1082732	17834
V	1082788	17835
V	1082852	17836
V	1082915	17837
V	1082978	17838
V	1083043	17839
V	1083105	17840
V	1083167	17841
V	1083229	17842
V	1083292	17843
V	1083355	17844
V	1083419	17845
V	1083475	17846
V	1083537	17847
V	1083599	17849
V	1083663	17850
V	1083720	17851
V	1083783	17852
V	1083846	17853
V	1083910	17854
V	1083975	17855
V	1084031	17856
V	1084088	17857
V	1084153	17859
V	1084209	17860
V	1084265	17861
V	1084327	17862
V	1084390	17863
V	1084446	17864
V	1084502	17865
V	1084564	17866
V	1084628	17867
V	1084690	17868
V	1084754	17869
V	1084817	17870
V	1084873	17871
V	1084930	17872
V	1084993	17873
V	1085056	17874
V	1085119	17875
V	1085181	17876
V	1085245	17877
V	1085307	17878
V	1085372	17879
V	1085434	17880
V	1085496	17881
V	1085560	17883
V	1085624	17884
V	1085688	17885
V	1085752	17886
V	1085816	17887
V	1085880	17889
V	1085944	17890
V	1086006	17891
V	1086070	17892
V	1086132	17893
V	1086194	17894
V	1086256	17895
V	1086313	17896
V	1086376	17898
V	1086439	17899
V	1086501	17900
V	1086563	17901
V	1086628	17902
V	1086684	17903
V	1086740	17904
V	1086804	17905
V	1086860	17906
V	1086922	17907
V	1086986	17908
V	1087048	17909
V	1087105	17910
V	1087170	17911
V	1087234	17912
V	1087297	17913
V	1087353	17914
V	1087417	17915
V	1087479	17916
V	1087542	17917
V	1087598	17918
V	1087654	17919
V	1087711	17920
V	1087775	17921
V	1087831	17922
V	1087895	17923
V	1087951	17924
V	1088015	17925
V	1088078	17926
V	1088141	17927
V	1088203	17928
V	1088267	17929
V	1088324	17930
V	1088388	17931
V	1088444	17932
V	1088506	17933
V	1088569	17934
V	1088633	17935
V	1088697	17936
V	1088761	17937
V	1088826	17938
V	1088890	17939
V	1088954	17940
V	1089017	17941
V	1089082	17942
V	1089145	17943
V	1089208	17944
V	1089272	17946
V	1089329	17947
V	1089393	17948
V	1089449	17949
V	1089514	17950
V	1089578	17951
V	1089641	17952
V	1089703	17953
V	1089767	17954
V	1089823	17955
V	1089879	17956
V	1089943	17957
V	1090007	17958
V	1090063	17959
V	1090126	17960
V	1090189	17961
V	1090245	17962
V	1090308	17963
V	1090373	17964
V	1090438	17965
V	1090494	17966
V	1090550	17967
V	1090614	17970
V	1090677	17971
V	1090733	17972
V	1090795	17973
V	1090859	17974
V	1090923	17975
V	1090979	17976
V	1091043	17977
V	1091106	17978
V	1091169	17979
V	1091225	17980
V	1091290	17981
V	1091352	17982
V	1091415	17983
V	1091479	17984
V	1091542	17985
V	1091605	17986
V	1091668	17987
V	1091731	17988
V	1091794	17989
V	1091858	17990
V	1091921	17991
V	1091986	17992
V	1092042	17993
V	1092106	17994
V	1092170	17995
V	1092234	17996
V	1092298	17997
V	1092363	17998
V	1092427	17999
V	1092484	18000
V	1092547	18001
V	1092611	18002
V	1092674	18003
V	1092738	18004
V	1092800	18005
V	1092856	18006
V	1092920	18007
V	1092982	18009
V	1093045	18010
V	1093107	18011
V	1093171	18012
V	1093235	18013
V	1093292	18014
V	1093356	18015
V	1093420	18016
V	1093484	18017
V	1093540	18018
V	1093603	18019
V	1093660	18020
V	1093722	18021
V	1093786	18022
V	1093850	18023
V	1093914	18024
V	1093978	18025
V	1094042	18026
V	1094107	18027
V	1094170	18028
V	1094233	18029
V	1094297	18030
V	1094362	18031
V	1094418	18032
V	1094474	18033
V	1094536	18034
V	1094598	18035
V	1094654	18036
V	1094716	18037
V	1094779	18038
V	1094836	18039
V	1094900	18040
V	1094963	18041
V	1095019	18042
V	1095081	18043
V	1095145	18044
V	1095208	18045
V	1095272	18046
V	1095336	18047
V	1095392	18048
V	1095448	18049
V	1095511	18050
V	1095575	18051
V	1095631	18052
V	1095694	18053
V	1095756	18054
V	1095818	18055
V	1095881	18056
V	1095944	18057
V	1096008	18058
V	1096071	18059
V	1096134	18060
V	1096197	18061
V	1096261	18062
V	1096325	18063
V	1096382	18064
V	1096446	18065
V	1096503	18066
V	1096565	18067
V	1096629	18068
V	1096693	18069
V	1096757	18070
V	1096821	18071
V	1096885	18072
V	1096948	18073
V	1097005	18074
V	1097061	18075
V	1097125	18076
V	1097181	18077
V	1097246	18078
V	1097309	18079
V	1097372	18080
V	1097435	18081
V	1097497	18082
V	1097560	18083
V	1097623	18084
V	1097688	18085
V	1097750	18086
V	1097815	18087
V	1097877	18088
V	1097940	18089
V	1098004	18090
V	1098066	18091
V	1098122	18092
V	1098184	18093
V	1098247	18094
V	1098311	18095
V	1098373	18096
V	1098437	18097
V	1098499	18098
V	1098561	18099
V	1098626	18100
V	1098690	18101
V	1098754	18102
V	1098816	18103
V	1098879	18104
V	1098941	18105
V	1099005	18106
V	1099069	18107
V	1099131	18108
V	1099194	18109
V	1099258	18110
V	1099322	18111
V	1099378	18112
V	1099434	18113
V	1099499	18114
V	1099561	18115
V	1099617	18116
V	1099681	18117
V	1099738	18118
V	1099802	18119
V	1099859	18120
V	1099922	18121
V	1099984	18123
V	1100040	18124
V	1100103	18125
V	1100168	18126
V	1100230	18127
V	1100292	18128
V	1100355	18129
V	1100411	18130
V	1100475	18131
V	1100532	18132
V	1100595	18133
V	1100651	18134
V	1100707	18135
V	1100764	18136
V	1100827	18137
V	1100889	18138
V	1100951	18139
V	1101014	18140
V	1101078	18141
V	1101142	18142
V	1101206	18143
V	1101268	18144
V	1101331	18145
V	1101393	18146
V	1101455	18148
V	1101519	18150
V	1101581	18151
V	1101637	18152
V	1101699	18153
V	1101763	18154
V	1101825	18155
V	1101881	18156
V	1101943	18157
V	1102007	18158
V	1102069	18159
V	1102131	18160
V	1102193	18161
V	1102255	18162
V	1102317	18163
V	1102380	18164
V	1102444	18165
V	1102508	18166
V	1102572	18167
V	1102635	18168
V	1102698	18169
V	1102761	18170
V	1102824	18171
V	1102880	18172
V	1102944	18173
V	1103008	18174
V	1103071	18175
V	1103134	18176
V	1103190	18177
V	1103252	18178
V	1103316	18179
V	1103380	18180
V	1103436	18181
V	1103500	18182
V	1103564	18183
V	1103628	18184
V	1103690	18185
V	1103747	18186
V	1103810	18187
V	1103875	18188
V	1103937	18189
V	1103999	18190
V	1104062	18191
V	1104118	18192
V	1104180	18193
V	1104243	18194
V	1104299	18195
V	1104362	18196
V	1104418	18197
V	1104482	18198
V	1104545	18199
V	1104607	18200
V	1104669	18201
V	1104731	18202
V	1104795	18203
V	1104851	18204
V	1104907	18205
V	1104970	18206
V	1105033	18207
V	1105090	18208
V	1105146	18209
V	1105209	18210
V	1105271	18211
V	1105327	18212
V	1105383	18213
V	1105446	18214
V	1105510	18215
V	1105572	18216
V	1105637	18217
V	1105700	18218
V	1105763	18219
V	1105819	18220
V	1105883	18221
V	1105945	18222
V	1106001	18223
V	1106057	18224
V	1106119	18225
V	1106182	18227
V	1106246	18228
V	1106310	18229
V	1106373	18230
V	1106429	18231
V	1106486	18232
V	1106542	18233
V	1106598	18234
V	1106661	18235
V	1106717	18236
V	1106782	18237
V	1106839	18238
V	1106902	18239
V	1106966	18240
V	1107022	18241
V	1107084	18242
V	1107147	18243
V	1107211	18244
V	1107275	18245
V	1107339	18246
V	1107403	18247
V	1107459	18248
V	1107516	18249
V	1107579	18250
V	1107643	18252
V	1107699	18253
V	1107761	18254
V	1107817	18255
V	1107882	18256
V	1107946	18257
V	1108009	18258
V	1108071	18259
V	1108135	18260
V	1108199	18261
V	1108261	18262
V	1108317	18263
V	1108380	18264
V	1108437	18265
V	1108493	18266
V	1108558	18267
V	1108621	18268
V	1108684	18269
V	1108740	18270
V	1108796	18271
V	1108858	18272
V	1108915	18273
V	1108979	18274
V	1109043	18275
V	1109107	18276
V	1109163	18277
V	1109227	18279
V	1109283	18280
V	1109339	18281
V	1109402	18282
V	1109465	18283
V	1109528	18284
V	1109584	18285
V	1109640	18286
V	1109704	18287
V	1109768	18288
V	1109832	18289
V	1109895	18290
V	1109959	18291
V	1110023	18292
V	1110079	18293
V	1110143	18295
V	1110205	18296
V	1110261	18297
V	1110326	18298
V	1110391	18299
V	1110453	18300
V	1110516	18301
V	1110572	18302
V	1110636	18303
V	1110699	18304
V	1110764	18305
V	1110826	18306
V	1110891	18307
V	1110955	18308
V	1111018	18309
V	1111082	18310
V	1111145	18311
V	1111209	18312
V	1111272	18313
V	1111336	18314
V	1111400	18315
V	1111463	18316
V	1111527	18317
V	1111590	18319
V	1111647	18321
V	1111710	18322
V	1111773	18323
V	1111837	18324
V	1111900	18325
V	1111956	18326
V	1112020	18327
V	1112083	18328
V	1112139	18329
V	1112201	18330
V	1112266	18331
V	1112330	18332
V	1112394	18333
V	1112459	18334
V	1112515	18335
V	1112571	18336
V	1112634	18337
V	1112698	18338
V	1112760	18339
V	1112817	18340
V	1112881	18341
V	1112945	18342
V	1113007	18344
V	1113063	18345
V	1113126	18346
V	1113183	18347
V	1113248	18348
V	1113304	18349
V	1113360	18350
V	1113423	18351
V	1113485	18352
V	1113541	18353
V	1113603	18354
V	1113666	18355
V	1113729	18356
V	1113793	18357
V	1113849	18358
V	1113914	18359
V	1113976	18360
V	1114040	18361
V	1114104	18362
V	1114166	18363
V	1114230	18364
V	1114293	18365
V	1114355	18366
V	1114418	18367
V	1114482	18368
V	1114545	18369
V	1114601	18370
V	1114666	18371
V	1114730	18372
V	1114793	18373
V	1114855	18374
V	1114919	18375
V	1114982	18376
V	1115039	18377
V	1115095	18378
V	1115160	18379
V	1115216	18380
V	1115278	18381
V	1115334	18382
V	1115397	18383
V	1115461	18384
V	1115525	18385
V	1115588	18386
V	1115653	18387
V	1115718	18388
V	1115782	18390
V	1115846	18391
V	1115909	18392
V	1115972	18393
V	1116034	18394
V	1116097	18395
V	1116159	18396
V	1116221	18397
V	1116283	18398
V	1116340	18399
V	1116402	18400
V	1116465	18401
V	1116528	18402
V	1116590	18403
V	1116652	18404
V	1116716	18405
V	1116780	18406
V	1116843	18407
V	1116906	18408
V	1116968	18409
V	1117030	18410
V	1117093	18411
V	1117149	18412
V	1117214	18413
V	1117278	18414
V	1117341	18415
V	1117405	18417
V	1117461	18418
V	1117525	18419
V	1117587	18420
V	1117643	18421
V	1117700	18422
V	1117762	18423
V	1117824	18424
V	1117880	18425
V	1117943	18426
V	1117999	18427
V	1118061	18428
V	1118125	18429
V	1118190	18430
V	1118246	18431
V	1118302	18432
V	1118365	18433
V	1118428	18434
V	1118491	18435
V	1118554	18436
V	1118619	18437
V	1118682	18438
V	1118745	18439
V	1118801	18440
V	1118865	18441
V	1118927	18442
V	1118991	18443
V	1119053	18444
V	1119117	18445
V	1119179	18446
V	1119243	18447
V	1119307	18448
V	1119371	18449
V	1119436	18450
V	1119499	18451
V	1119561	18452
V	1119625	18453
V	1119688	18454
V	1119751	18456
V	1119815	18457
V	1119877	18458
V	1119933	18459
V	1119996	18460
V	1120058	18461
V	1120122	18462
V	1120184	18463
V	1120240	18464
V	1120304	18465
V	1120367	18466
V	1120423	18467
V	1120488	18468
V	1120551	18469
V	1120616	18470
V	1120679	18471
V	1120743	18472
V	1120807	18473
V	1120870	18474
V	1120935	18475
V	1120997	18476
V	1121053	18477
V	1121110	18478
V	1121173	18479
V	1121235	18480
V	1121298	18481
V	1121361	18482
V	1121417	18483
V	1121480	18485
V	1121544	18486
V	1121607	18487
V	1121663	18488
V	1121725	18489
V	1121790	18490
V	1121854	18491
V	1121917	18492
V	1121979	18493
V	1122042	18494
V	1122098	18495
V	1122154	18496
V	1122217	18497
V	1122279	18498
V	1122335	18499
V	1122391	18500
V	1122454	18501
V	1122510	18502
V	1122573	18503
V	1122629	18504
V	1122693	18505
V	1122757	18506
V	1122813	18507
V	1122870	18508
V	1122932	18509
V	1122996	18510
V	1123059	18511
V	1123123	18512
V	1123185	18513
V	1123242	18515
V	1123304	18516
V	1123361	18517
V	1123424	18518
V	1123487	18519
V	1123549	18520
V	1123614	18521
V	1123676	18522
V	1123738	18523
V	1123800	18524
V	1123864	18525
V	1123921	18526
V	1123985	18527
V	1124048	18528
V	1124111	18529
V	1124174	18530
V	1124238	18531
V	1124300	18532
V	1124363	18533
V	1124427	18534
V	1124490	18535
V	1124554	18536
V	1124618	18537
V	1124674	18538
V	1124730	18539
V	1124795	18540
V	1124858	18541
V	1124923	18542
V	1124987	18543
V	1125051	18544
V	1125114	18545
V	1125178	18546
V	1125234	18547
V	1125297	18548
V	1125360	18549
V	1125424	18550
V	1125489	18551
V	1125551	18552
V	1125615	18554
V	1125679	18555
V	1125735	18556
V	1125800	18557
V	1125863	18558
V	1125927	18559
V	1125989	18560
V	1126054	18561
V	1126118	18562
V	1126182	18563
V	1126244	18564
V	1126307	18565
V	1126371	18566
V	1126434	18567
V	1126497	18568
V	1126561	18569
V	1126624	18570
V	1126687	18571
V	1126744	18572
V	1126806	18573
V	1126862	18574
V	1126925	18575
V	1126989	18576
V	1127053	18577
V	1127109	18578
V	1127166	18579
V	1127229	18580
V	1127291	18581
V	1127347	18582
V	1127411	18583
V	1127474	18585
V	1127530	18586
V	1127595	18587
V	1127658	18588
V	1127720	18589
V	1127776	18590
V	1127838	18591
V	1127894	18593
V	1127957	18594
V	1128022	18595
V	1128084	18596
V	1128146	18597
V	1128208	18598
V	1128264	18599
V	1128328	18600
V	1128393	18601
V	1128457	18602
V	1128513	18603
V	1128577	18604
V	1128633	18605
V	1128698	18606
V	1128761	18607
V	1128818	18608
V	1128880	18609
V	1128943	18610
V	1128999	18611
V	1129062	18612
V	1129126	18613
V	1129190	18614
V	1129246	18615
V	1129302	18616
V	1129358	18617
V	1129415	18619
V	1129479	18620
V	1129542	18621
V	1129598	18622
V	1129661	18623
V	1129723	18624
V	1129780	18625
V	1129844	18626
V	1129907	18627
V	1129971	18628
V	1130035	18629
V	1130097	18630
V	1130160	18631
V	1130223	18632
V	1130279	18633
V	1130343	18634
V	1130407	18635
V	1130463	18636
V	1130527	18637
V	1130590	18638
V	1130654	18639
V	1130718	18640
V	1130780	18641
V	1130842	18642
V	1130904	18643
V	1130966	18644
V	1131029	18645
V	1131091	18646
V	1131153	18647
V	1131217	18648
V	1131280	18649
V	1131344	18650
V	1131400	18651
V	1131462	18652
V	1131518	18653
V	1131574	18654
V	1131637	18655
V	1131699	18656
V	1131763	18657
V	1131819	18658
V	1131875	18659
V	1131931	18660
V	1131994	18662
V	1132058	18663
V	1132120	18664
V	1132184	18665
V	1132248	18666
V	1132310	18667
V	1132374	18668
V	1132430	18669
V	1132486	18670
V	1132542	18671
V	1132604	18672
V	1132667	18673
V	1132731	18674
V	1132787	18675
V	1132850	18676
V	1132913	18677
V	1132976	18678
V	1133040	18679
V	1133104	18680
V	1133167	18681
V	1133230	18682
V	1133286	18683
V	1133348	18684
V	1133412	18685
V	1133475	18686
V	1133538	18687
V	1133601	18688
V	1133664	18689
V	1133721	18690
V	1133785	18691
V	1133842	18692
V	1133906	18693
V	1133963	18694
V	1134019	18695
V	1134075	18696
V	1134138	18697
V	1134195	18698
V	1134251	18699
V	1134313	18700
V	1134376	18701
V	1134441	18702
V	1134503	18703
V	1134565	18704
V	1134629	18705
V	1134692	18706
V	1134755	18707
V	1134818	18708
V	1134880	18709
V	1134936	18710
V	1134999	18712
V	1135063	18713
V	1135126	18714
V	1135188	18715
V	1135250	18716
V	1135312	18717
V	1135376	18718
V	1135439	18719
V	1135503	18720
V	1135567	18721
V	1135631	18722
V	1135693	18723
V	1135756	18724
V	1135821	18725
V	1135877	18726
V	1135939	18727
V	1136001	18728
V	1136057	18729
V	1136119	18730
V	1136175	18732
V	1136237	18733
V	1136300	18734
V	1136362	18735
V	1136424	18736
V	1136486	18737
V	1136549	18738
V	1136612	18739
V	1136669	18741
V	1136725	18742
V	1136789	18743
V	1136852	18744
V	1136916	18745
V	1136978	18746
V	1137034	18747
V	1137090	18748
V	1137155	18749
V	1137211	18750
V	1137275	18752
V	1137331	18753
V	1137393	18754
V	1137456	18755
V	1137519	18756
V	1137581	18757
V	1137643	18758
V	1137705	18759
V	1137770	18760
V	1137834	18761
V	1137897	18762
V	1137953	18763
V	1138016	18764
V	1138078	18765
V	1138140	18766
V	1138203	18767
V	1138265	18768
V	1138322	18770
V	1138385	18771
V	1138441	18772
V	1138503	18773
V	1138559	18774
V	1138623	18775
V	1138687	18776
V	1138749	18777
V	1138813	18778
V	1138876	18779
V	1138940	18780
V	1139005	18781
V	1139067	18782
V	1139130	18783
V	1139192	18784
V	1139255	18785
V	1139317	18786
V	1139373	18787
V	1139429	18788
V	1139493	18789
V	1139555	18790
V	1139619	18792
V	1139683	18793
V	1139746	18794
V	1139808	18795
V	1139870	18796
V	1139932	18797
V	1139988	18799
V	1140051	18800
V	1140116	18801
V	1140179	18802
V	1140243	18803
V	1140299	18804
V	1140363	18805
V	1140427	18806
V	1140483	18807
V	1140545	18808
V	1140601	18809
V	1140664	18810
V	1140721	18811
V	1140785	18812
V	1140849	18813
V	1140906	18814
V	1140968	18815
V	1141031	18816
V	1141094	18817
V	1141157	18818
V	1141221	18819
V	1141284	18820
V	1141346	18821
V	1141408	18822
V	1141470	18823
V	1141534	18824
V	1141597	18825
V	1141661	18826
V	1141723	18828
V	1141785	18829
V	1141848	18830
V	1141912	18831
V	1141975	18832
V	1142031	18833
V	1142094	18834
V	1142151	18835
V	1142214	18836
V	1142270	18837
V	1142333	18838
V	1142395	18839
V	1142458	18840
V	1142520	18842
V	1142577	18843
V	1142633	18844
V	1142698	18845
V	1142762	18846
V	1142819	18847
V	1142881	18848
V	1142937	18849
V	1142999	18850
V	1143061	18851
V	1143124	18852
V	1143186	18853
V	1143249	18854
V	1143312	18855
V	1143368	18856
V	1143431	18857
V	1143487	18858
V	1143550	18859
V	1143606	18860
V	1143668	18861
V	1143730	18862
V	1143793	18863
V	1143856	18864
V	1143919	18865
V	1143981	18866
V	1144045	18867
V	1144101	18868
V	1144157	18869
V	1144221	18870
V	1144284	18871
V	1144347	18872
V	1144403	18873
V	1144467	18874
V	1144529	18875
V	1144592	18876
V	1144654	18877
V	1144711	18878
V	1144767	18879
V	1144829	18881
V	1144892	18883
V	1144956	18884
V	1145018	18885
V	1145081	18886
V	1145138	18887
V	1145200	18888
V	1145264	18889
V	1145326	18890
V	1145388	18891
V	1145445	18892
V	1145509	18893
V	1145565	18894
V	1145621	18895
V	1145684	18896
V	1145746	18897
V	1145803	18898
V	1145867	18899
V	1145932	18900
V	1145997	18901
V	1146054	18902
V	1146118	18903
V	1146180	18904
V	1146243	18905
V	1146305	18906
V	1146368	18907
V	1146430	18908
V	1146494	18909
V	1146557	18910
V	1146620	18911
V	1146684	18912
V	1146741	18913
V	1146803	18914
V	1146867	18915
V	1146931	18916
V	1146988	18917
V	1147051	18918
V	1147115	18919
V	1147178	18920
V	1147234	18921
V	1147291	18922
V	1147356	18923
V	1147420	18924
V	1147482	18925
V	1147538	18926
V	1147601	18927
V	1147664	18928
V	1147727	18929
V	1147791	18930
V	1147855	18932
V	1147918	18933
V	1147982	18934
V	1148039	18935
V	1148095	18936
V	1148158	18937
V	1148221	18938
V	1148284	18939
V	1148348	18940
V	1148410	18941
V	1148466	18942
V	1148522	18943
V	1148578	18944
V	1148642	18945
V	1148705	18946
V	1148768	18948
V	1148830	18949
V	1148886	18950
V	1148949	18951
V	1149012	18952
V	1149075	18953
V	1149139	18954
V	1149202	18955
V	1149267	18956
V	1149329	18957
V	1149391	18958
V	1149455	18959
V	1149512	18960
V	1149575	18961
V	1149639	18962
V	1149695	18963
V	1149759	18964
V	1149823	18965
V	1149887	18966
V	1149950	18967
V	1150013	18968
V	1150076	18969
V	1150138	18970
V	1150201	18971
V	1150264	18972
V	1150327	18973
V	1150391	18974
V	1150456	18975
V	1150520	18976
V	1150576	18977
V	1150639	18978
V	1150701	18979
V	1150757	18980
V	1150822	18981
V	1150886	18982
V	1150942	18983
V	1150998	18984
V	1151054	18985
V	1151116	18986
V	1151173	18987
V	1151235	18988
V	1151299	18989
V	1151355	18990
V	1151418	18991
V	1151474	18993
V	1151530	18994
V	1151594	18995
V	1151657	18996
V	1151720	18997
V	1151783	18998
V	1151840	18999
V	1151904	19000
V	1151967	19001
V	1152030	19002
V	1152095	19003
V	1152152	19004
V	1152208	19005
V	1152270	19008
V	1152326	19009
V	1152388	19010
V	1152452	19011
V	1152515	19012
V	1152577	19013
V	1152633	19014
V	1152695	19015
V	1152751	19016
V	1152807	19017
V	1152870	19018
V	1152932	19019
V	1152988	19020
V	1153050	19022
V	1153114	19023
V	1153178	19024
V	1153234	19025
V	1153298	19026
V	1153355	19027
V	1153418	19028
V	1153481	19029
V	1153544	19030
V	1153600	19031
V	1153664	19032
V	1153728	19033
V	1153792	19034
V	1153855	19035
V	1153918	19036
V	1153980	19037
V	1154042	19038
V	1154104	19039
V	1154166	19040
V	1154223	19041
V	1154279	19042
V	1154343	19043
V	1154405	19044
V	1154467	19045
V	1154523	19046
V	1154585	19047
V	1154642	19048
V	1154704	19049
V	1154769	19050
V	1154832	19051
V	1154888	19052
V	1154952	19053
V	1155016	19054
V	1155081	19057
V	1155144	19058
V	1155206	19060
V	1155271	19061
V	1155327	19062
V	1155389	19063
V	1155445	19064
V	1155507	19065
V	1155571	19066
V	1155635	19068
V	1155698	19069
V	1155762	19070
V	1155825	19071
V	1155887	19072
V	1155951	19073
V	1156013	19074
V	1156078	19075
V	1156134	19076
V	1156199	19077
V	1156262	19078
V	1156326	19079
V	1156388	19080
V	1156452	19081
V	1156516	19082
V	1156581	19084
V	1156637	19085
V	1156701	19087
V	1156758	19088
V	1156821	19089
V	1156883	19090
V	1156946	19091
V	1157002	19092
V	1157066	19093
V	1157129	19094
V	1157194	19095
V	1157258	19096
V	1157322	19097
V	1157378	19098
V	1157435	19099
V	1157497	19100
V	1157553	19101
V	1157615	19102
V	1157672	19103
V	1157734	19104
V	1157797	19105
V	1157860	19106
V	1157924	19107
V	1157988	19108
V	1158045	19109
V	1158108	19110
V	1158171	19111
V	1158233	19113
V	1158297	19114
V	1158362	19115
V	1158418	19116
V	1158481	19117
V	1158545	19118
V	1158609	19119
V	1158673	19120
V	1158738	19121
V	1158794	19122
V	1158858	19123
V	1158914	19124
V	1158977	19125
V	1159039	19126
V	1159104	19127
V	1159168	19128
V	1159232	19129
V	1159296	19130
V	1159358	19131
V	1159421	19132
V	1159484	19133
V	1159546	19134
V	1159611	19135
V	1159675	19136
V	1159739	19137
V	1159795	19138
V	1159858	19139
V	1159921	19140
V	1159977	19141
V	1160041	19142
V	1160103	19143
V	1160165	19145
V	1160229	19146
V	1160293	19147
V	1160349	19148
V	1160412	19149
V	1160476	19150
V	1160539	19151
V	1160601	19152
V	1160665	19153
V	1160729	19154
V	1160792	19155
V	1160854	19156
V	1160916	19158
V	1160980	19159
V	1161044	19160
V	1161106	19161
V	1161169	19162
V	1161225	19163
V	1161287	19164
V	1161351	19165
V	1161413	19166
V	1161476	19167
V	1161540	19168
V	1161603	19169
V	1161665	19171
V	1161729	19172
V	1161791	19173
V	1161853	19174
V	1161909	19175
V	1161972	19176
V	1162028	19178
V	1162092	19179
V	1162155	19180
V	1162211	19181
V	1162274	19182
V	1162337	19183
V	1162401	19184
V	1162457	19185
V	1162514	19186
V	1162578	19187
V	1162634	19188
V	1162699	19189
V	1162756	19190
V	1162820	19191
V	1162876	19192
V	1162940	19193
V	1163002	19194
V	1163065	19195
V	1163129	19196
V	1163194	19197
V	1163258	19198
V	1163314	19199
V	1163370	19200
V	1163433	19201
V	1163489	19202
V	1163546	19203
V	1163602	19204
V	1163665	19205
V	1163721	19206
V	1163777	19207
V	1163841	19208
V	1163904	19209
V	1163967	19210
V	1164023	19212
V	1164087	19213
V	1164150	19214
V	1164212	19216
V	1164268	19217
V	1164325	19218
V	1164381	19219
V	1164437	19220
V	1164501	19221
V	1164565	19222
V	1164628	19223
V	1164692	19224
V	1164755	19225
V	1164811	19226
V	1164874	19227
V	1164936	19228
V	1164992	19229
V	1165048	19230
V	1165110	19231
V	1165173	19232
V	1165235	19233
V	1165298	19234
V	1165354	19235
V	1165418	19236
V	1165475	19237