\P\	Pos	FromCurrencyCode\
T	5	$
N	0	1
#
V	218	USD
V	279	USD
V	343	USD
V	409	USD
V	475	USD
V	541	USD
V	607	USD
V	673	USD
V	739	USD
V	805	USD
V	873	USD
V	938	USD
V	1005	USD
V	1073	USD
V	1135	USD
V	1202	USD
V	1268	USD
V	1335	USD
V	1402	USD
V	1469	USD
V	1535	USD
V	1602	USD
V	1669	USD
V	1736	USD
V	1803	USD
V	1870	USD
V	1937	USD
V	1999	USD
V	2066	USD
V	2132	USD
V	2199	USD
V	2266	USD
V	2333	USD
V	2399	USD
V	2466	USD
V	2533	USD
V	2601	USD
V	2666	USD
V	2732	USD
V	2801	USD
V	2858	USD
V	2925	USD
V	2991	USD
V	3058	USD
V	3125	USD
V	3192	USD
V	3259	USD
V	3324	USD
V	3391	USD
V	3459	USD
V	3525	USD
V	3592	USD
V	3661	USD
V	3723	USD
V	3789	USD
V	3855	USD
V	3921	USD
V	3988	USD
V	4055	USD
V	4122	USD
V	4189	USD
V	4256	USD
V	4324	USD
V	4390	USD
V	4457	USD
V	4524	USD
V	4586	USD
V	4653	USD
V	4718	USD
V	4785	USD
V	4851	USD
V	4918	USD
V	4985	USD
V	5052	USD
V	5119	USD
V	5187	USD
V	5252	USD
V	5317	USD
V	5384	USD
V	5446	USD
V	5513	USD
V	5579	USD
V	5646	USD
V	5713	USD
V	5779	USD
V	5846	USD
V	5913	USD
V	5980	USD
V	6049	USD
V	6115	USD
V	6182	USD
V	6251	USD
V	6313	USD
V	6380	USD
V	6445	USD
V	6512	USD
V	6579	USD
V	6646	USD
V	6712	USD
V	6779	USD
V	6847	USD
V	6917	USD
V	6983	USD
V	7050	USD
V	7120	USD
V	7183	USD
V	7251	USD
V	7318	USD
V	7386	USD
V	7454	USD
V	7522	USD
V	7590	USD
V	7658	USD
V	7726	USD
V	7794	USD
V	7862	USD
V	7930	USD
V	7998	USD
V	8061	USD
V	8127	USD
V	8194	USD
V	8262	USD
V	8330	USD
V	8398	USD
V	8465	USD
V	8533	USD
V	8601	USD
V	8670	USD
V	8737	USD
V	8805	USD
V	8875	USD
V	8938	USD
V	9006	USD
V	9073	USD
V	9141	USD
V	9208	USD
V	9276	USD
V	9344	USD
V	9412	USD
V	9479	USD
V	9548	USD
V	9614	USD
V	9682	USD
V	9749	USD
V	9812	USD
V	9880	USD
V	9948	USD
V	10016	USD
V	10083	USD
V	10151	USD
V	10219	USD
V	10287	USD
V	10353	USD
V	10422	USD
V	10489	USD
V	10557	USD
V	10625	USD
V	10688	USD
V	10756	USD
V	10823	USD
V	10891	USD
V	10958	USD
V	11026	USD
V	11094	USD
V	11162	USD
V	11230	USD
V	11299	USD
V	11367	USD
V	11435	USD
V	11502	USD
V	11565	USD
V	11633	USD
V	11701	USD
V	11769	USD
V	11836	USD
V	11904	USD
V	11972	USD
V	12040	USD
V	12108	USD
V	12178	USD
V	12245	USD
V	12313	USD
V	12382	USD
V	12445	USD
V	12513	USD
V	12580	USD
V	12648	USD
V	12715	USD
V	12783	USD
V	12850	USD
V	12918	USD
V	12986	USD
V	13055	USD
V	13122	USD
V	13190	USD
V	13259	USD
V	13321	USD
V	13389	USD
V	13457	USD
V	13525	USD
V	13592	USD
V	13660	USD
V	13728	USD
V	13796	USD
V	13864	USD
V	13933	USD
V	14000	USD
V	14068	USD
V	14134	USD
V	14197	USD
V	14265	USD
V	14332	USD
V	14400	USD
V	14467	USD
V	14535	USD
V	14603	USD
V	14671	USD
V	14739	USD
V	14808	USD
V	14876	USD
V	14944	USD
V	15013	USD
V	15076	USD
V	15144	USD
V	15212	USD
V	15278	USD
V	15344	USD
V	15412	USD
V	15479	USD
V	15546	USD
V	15614	USD
V	15683	USD
V	15750	USD
V	15818	USD
V	15885	USD
V	15948	USD
V	16016	USD
V	16083	USD
V	16151	USD
V	16218	USD
V	16286	USD
V	16353	USD
V	16421	USD
V	16489	USD
V	16558	USD
V	16625	USD
V	16693	USD
V	16762	USD
V	16825	USD
V	16893	USD
V	16961	USD
V	17029	USD
V	17096	USD
V	17164	USD
V	17231	USD
V	17299	USD
V	17367	USD
V	17436	USD
V	17503	USD
V	17571	USD
V	17640	USD
V	17703	USD
V	17771	USD
V	17839	USD
V	17907	USD
V	17973	USD
V	18040	USD
V	18108	USD
V	18176	USD
V	18244	USD
V	18314	USD
V	18381	USD
V	18448	USD
V	18517	USD
V	18580	USD
V	18645	USD
V	18713	USD
V	18781	USD
V	18847	USD
V	18915	USD
V	18983	USD
V	19051	USD
V	19119	USD
V	19188	USD
V	19256	USD
V	19324	USD
V	19391	USD
V	19454	USD
V	19522	USD
V	19589	USD
V	19656	USD
V	19723	USD
V	19791	USD
V	19859	USD
V	19927	USD
V	19995	USD
V	20063	USD
V	20131	USD
V	20198	USD
V	20265	USD
V	20327	USD
V	20395	USD
V	20461	USD
V	20529	USD
V	20596	USD
V	20664	USD
V	20732	USD
V	20800	USD
V	20867	USD
V	20936	USD
V	21003	USD
V	21071	USD
V	21138	USD
V	21196	USD
V	21264	USD
V	21329	USD
V	21397	USD
V	21464	USD
V	21531	USD
V	21598	USD
V	21665	USD
V	21733	USD
V	21802	USD
V	21868	USD
V	21936	USD
V	22003	USD
V	22071	USD
V	22139	USD
V	22205	USD
V	22273	USD
V	22339	USD
V	22407	USD
V	22475	USD
V	22543	USD
V	22611	USD
V	22680	USD
V	22748	USD
V	22816	USD
V	22884	USD
V	22952	USD
V	23019	USD
V	23085	USD
V	23152	USD
V	23219	USD
V	23287	USD
V	23355	USD
V	23423	USD
V	23491	USD
V	23560	USD
V	23625	USD
V	23693	USD
V	23762	USD
V	23830	USD
V	23897	USD
V	23963	USD
V	24030	USD
V	24096	USD
V	24164	USD
V	24231	USD
V	24299	USD
V	24367	USD
V	24436	USD
V	24500	USD
V	24567	USD
V	24633	USD
V	24701	USD
V	24769	USD
V	24834	USD
V	24902	USD
V	24969	USD
V	25037	USD
V	25105	USD
V	25173	USD
V	25240	USD
V	25309	USD
V	25376	USD
V	25443	USD
V	25510	USD
V	25577	USD
V	25645	USD
V	25711	USD
V	25779	USD
V	25847	USD
V	25915	USD
V	25983	USD
V	26051	USD
V	26118	USD
V	26187	USD
V	26254	USD
V	26322	USD
V	26394	USD
V	26462	USD
V	26530	USD
V	26596	USD
V	26664	USD
V	26732	USD
V	26799	USD
V	26867	USD
V	26935	USD
V	27003	USD
V	27072	USD
V	27140	USD
V	27208	USD
V	27275	USD
V	27343	USD
V	27411	USD
V	27478	USD
V	27546	USD
V	27614	USD
V	27681	USD
V	27749	USD
V	27817	USD
V	27885	USD
V	27951	USD
V	28018	USD
V	28086	USD
V	28153	USD
V	28221	USD
V	28289	USD
V	28356	USD
V	28422	USD
V	28490	USD
V	28558	USD
V	28626	USD
V	28694	USD
V	28761	USD
V	28829	USD
V	28896	USD
V	28964	USD
V	29032	USD
V	29099	USD
V	29167	USD
V	29234	USD
V	29302	USD
V	29370	USD
V	29438	USD
V	29506	USD
V	29574	USD
V	29642	USD
V	29711	USD
V	29779	USD
V	29847	USD
V	29912	USD
V	29980	USD
V	30047	USD
V	30113	USD
V	30181	USD
V	30249	USD
V	30315	USD
V	30383	USD
V	30451	USD
V	30518	USD
V	30587	USD
V	30654	USD
V	30722	USD
V	30792	USD
V	30860	USD
V	30928	USD
V	30996	USD
V	31064	USD
V	31132	USD
V	31200	USD
V	31268	USD
V	31336	USD
V	31403	USD
V	31472	USD
V	31539	USD
V	31607	USD
V	31677	USD
V	31745	USD
V	31813	USD
V	31879	USD
V	31947	USD
V	32013	USD
V	32081	USD
V	32149	USD
V	32217	USD
V	32285	USD
V	32352	USD
V	32419	USD
V	32487	USD
V	32555	USD
V	32623	USD
V	32691	USD
V	32757	USD
V	32825	USD
V	32893	USD
V	32961	USD
V	33028	USD
V	33096	USD
V	33163	USD
V	33232	USD
V	33299	USD
V	33367	USD
V	33437	USD
V	33500	USD
V	33568	USD
V	33633	USD
V	33701	USD
V	33769	USD
V	33837	USD
V	33905	USD
V	33973	USD
V	34041	USD
V	34110	USD
V	34175	USD
V	34243	USD
V	34312	USD
V	34380	USD
V	34448	USD
V	34513	USD
V	34579	USD
V	34647	USD
V	34715	USD
V	34783	USD
V	34851	USD
V	34919	USD
V	34987	USD
V	35054	USD
V	35122	USD
V	35194	USD
V	35262	USD
V	35330	USD
V	35395	USD
V	35463	USD
V	35531	USD
V	35597	USD
V	35664	USD
V	35732	USD
V	35799	USD
V	35868	USD
V	35935	USD
V	36003	USD
V	36071	USD
V	36139	USD
V	36207	USD
V	36273	USD
V	36340	USD
V	36408	USD
V	36476	USD
V	36544	USD
V	36612	USD
V	36679	USD
V	36748	USD
V	36814	USD
V	36882	USD
V	36950	USD
V	37018	USD
V	37086	USD
V	37153	USD
V	37220	USD
V	37288	USD
V	37356	USD
V	37424	USD
V	37492	USD
V	37560	USD
V	37629	USD
V	37695	USD
V	37763	USD
V	37830	USD
V	37898	USD
V	37966	USD
V	38033	USD
V	38100	USD
V	38168	USD
V	38236	USD
V	38304	USD
V	38372	USD
V	38440	USD
V	38509	USD
V	38577	USD
V	38644	USD
V	38709	USD
V	38777	USD
V	38844	USD
V	38909	USD
V	38977	USD
V	39045	USD
V	39113	USD
V	39181	USD
V	39248	USD
V	39314	USD
V	39382	USD
V	39449	USD
V	39517	USD
V	39584	USD
V	39651	USD
V	39719	USD
V	39783	USD
V	39851	USD
V	39919	USD
V	39986	USD
V	40054	USD
V	40122	USD
V	40190	USD
V	40261	USD
V	40328	USD
V	40396	USD
V	40464	USD
V	40532	USD
V	40600	USD
V	40666	USD
V	40734	USD
V	40802	USD
V	40870	USD
V	40938	USD
V	41006	USD
V	41074	USD
V	41144	USD
V	41211	USD
V	41279	USD
V	41349	USD
V	41417	USD
V	41485	USD
V	41553	USD
V	41621	USD
V	41687	USD
V	41755	USD
V	41823	USD
V	41890	USD
V	41958	USD
V	42028	USD
V	42093	USD
V	42161	USD
V	42223	USD
V	42291	USD
V	42359	USD
V	42426	USD
V	42492	USD
V	42560	USD
V	42628	USD
V	42696	USD
V	42764	USD
V	42832	USD
V	42901	USD
V	42969	USD
V	43037	USD
V	43105	USD
V	43172	USD
V	43239	USD
V	43307	USD
V	43375	USD
V	43443	USD
V	43511	USD
V	43579	USD
V	43647	USD
V	43715	USD
V	43783	USD
V	43851	USD
V	43919	USD
V	43989	USD
V	44057	USD
V	44125	USD
V	44193	USD
V	44260	USD
V	44328	USD
V	44396	USD
V	44463	USD
V	44531	USD
V	44599	USD
V	44668	USD
V	44734	USD
V	44802	USD
V	44872	USD
V	44940	USD
V	45008	USD
V	45072	USD
V	45140	USD
V	45208	USD
V	45276	USD
V	45342	USD
V	45410	USD
V	45478	USD
V	45548	USD
V	45616	USD
V	45684	USD
V	45751	USD
V	45814	USD
V	45882	USD
V	45948	USD
V	46016	USD
V	46084	USD
V	46152	USD
V	46219	USD
V	46287	USD
V	46355	USD
V	46425	USD
V	46493	USD
V	46561	USD
V	46633	USD
V	46701	USD
V	46769	USD
V	46835	USD
V	46903	USD
V	46971	USD
V	47039	USD
V	47107	USD
V	47175	USD
V	47243	USD
V	47313	USD
V	47379	USD
V	47447	USD
V	47517	USD
V	47585	USD
V	47653	USD
V	47719	USD
V	47787	USD
V	47855	USD
V	47923	USD
V	47991	USD
V	48058	USD
V	48126	USD
V	48196	USD
V	48264	USD
V	48332	USD
V	48402	USD
V	48470	USD
V	48538	USD
V	48604	USD
V	48672	USD
V	48740	USD
V	48808	USD
V	48876	USD
V	48943	USD
V	49009	USD
V	49078	USD
V	49145	USD
V	49213	USD
V	49281	USD
V	49344	USD
V	49411	USD
V	49477	USD
V	49545	USD
V	49613	USD
V	49681	USD
V	49749	USD
V	49816	USD
V	49884	USD
V	49954	USD
V	50020	USD
V	50088	USD
V	50156	USD
V	50224	USD
V	50292	USD
V	50360	USD
V	50426	USD
V	50492	USD
V	50559	USD
V	50627	USD
V	50695	USD
V	50763	USD
V	50831	USD
V	50898	USD
V	50966	USD
V	51031	USD
V	51099	USD
V	51167	USD
V	51233	USD
V	51301	USD
V	51369	USD
V	51436	USD
V	51504	USD
V	51572	USD
V	51640	USD
V	51710	USD
V	51777	USD
V	51845	USD
V	51913	USD
V	51980	USD
V	52048	USD
V	52114	USD
V	52181	USD
V	52249	USD
V	52317	USD
V	52385	USD
V	52453	USD
V	52520	USD
V	52587	USD
V	52654	USD
V	52722	USD
V	52794	USD
V	52862	USD
V	52930	USD
V	52998	USD
V	53066	USD
V	53134	USD
V	53202	USD
V	53270	USD
V	53338	USD
V	53406	USD
V	53473	USD
V	53540	USD
V	53607	USD
V	53676	USD
V	53744	USD
V	53812	USD
V	53877	USD
V	53943	USD
V	54011	USD
V	54079	USD
V	54147	USD
V	54215	USD
V	54283	USD
V	54353	USD
V	54420	USD
V	54487	USD
V	54557	USD
V	54625	USD
V	54693	USD
V	54760	USD
V	54826	USD
V	54894	USD
V	54962	USD
V	55030	USD
V	55098	USD
V	55166	USD
V	55235	USD
V	55303	USD
V	55371	USD
V	55441	USD
V	55508	USD
V	55575	USD
V	55643	USD
V	55710	USD
V	55778	USD
V	55846	USD
V	55914	USD
V	55982	USD
V	56050	USD
V	56120	USD
V	56188	USD
V	56255	USD
V	56323	USD
V	56391	USD
V	56459	USD
V	56523	USD
V	56589	USD
V	56655	USD
V	56722	USD
V	56790	USD
V	56858	USD
V	56926	USD
V	56996	USD
V	57063	USD
V	57131	USD
V	57201	USD
V	57268	USD
V	57336	USD
V	57403	USD
V	57471	USD
V	57537	USD
V	57605	USD
V	57672	USD
V	57740	USD
V	57808	USD
V	57878	USD
V	57946	USD
V	58014	USD
V	58083	USD
V	58151	USD
V	58219	USD
V	58285	USD
V	58352	USD
V	58420	USD
V	58488	USD
V	58556	USD
V	58624	USD
V	58692	USD
V	58763	USD
V	58830	USD
V	58898	USD
V	58965	USD
V	59033	USD
V	59101	USD
V	59168	USD
V	59236	USD
V	59304	USD
V	59372	USD
V	59439	USD
V	59507	USD
V	59575	USD
V	59644	USD
V	59711	USD
V	59779	USD
V	59846	USD
V	59914	USD
V	59982	USD
V	60050	USD
V	60117	USD
V	60185	USD
V	60253	USD
V	60321	USD
V	60389	USD
V	60456	USD
V	60525	USD
V	60590	USD
V	60658	USD
V	60730	USD
V	60797	USD
V	60865	USD
V	60932	USD
V	61000	USD
V	61068	USD
V	61136	USD
V	61204	USD
V	61272	USD
V	61340	USD
V	61409	USD
V	61476	USD
V	61544	USD
V	61614	USD
V	61677	USD
V	61745	USD
V	61812	USD
V	61879	USD
V	61947	USD
V	62015	USD
V	62083	USD
V	62151	USD
V	62219	USD
V	62289	USD
V	62356	USD
V	62424	USD
V	62493	USD
V	62561	USD
V	62628	USD
V	62695	USD
V	62763	USD
V	62831	USD
V	62899	USD
V	62966	USD
V	63034	USD
V	63102	USD
V	63171	USD
V	63239	USD
V	63307	USD
V	63377	USD
V	63445	USD
V	63512	USD
V	63579	USD
V	63647	USD
V	63713	USD
V	63781	USD
V	63849	USD
V	63917	USD
V	63984	USD
V	64054	USD
V	64122	USD
V	64190	USD
V	64259	USD
V	64327	USD
V	64395	USD
V	64462	USD
V	64530	USD
V	64598	USD
V	64665	USD
V	64733	USD
V	64801	USD
V	64869	USD
V	64939	USD
V	65007	USD
V	65075	USD
V	65143	USD
V	65211	USD
V	65279	USD
V	65344	USD
V	65412	USD
V	65479	USD
V	65545	USD
V	65613	USD
V	65681	USD
V	65749	USD
V	65820	USD
V	65888	USD
V	65955	USD
V	66025	USD
V	66088	USD
V	66155	USD
V	66222	USD
V	66290	USD
V	66357	USD
V	66425	USD
V	66493	USD
V	66561	USD
V	66629	USD
V	66698	USD
V	66766	USD
V	66834	USD
V	66904	USD
V	66967	USD
V	67034	USD
V	67098	USD
V	67165	USD
V	67233	USD
V	67301	USD
V	67369	USD
V	67436	USD
V	67504	USD
V	67573	USD
V	67640	USD
V	67709	USD
V	67780	USD
V	67844	USD
V	67913	USD
V	67980	USD
V	68049	USD
V	68118	USD
V	68187	USD
V	68256	USD
V	68325	USD
V	68394	USD
V	68464	USD
V	68532	USD
V	68601	USD
V	68672	USD
V	68741	USD
V	68809	USD
V	68877	USD
V	68946	USD
V	69015	USD
V	69083	USD
V	69151	USD
V	69220	USD
V	69287	USD
V	69358	USD
V	69426	USD
V	69495	USD
V	69568	USD
V	69637	USD
V	69706	USD
V	69773	USD
V	69842	USD
V	69911	USD
V	69980	USD
V	70049	USD
V	70116	USD
V	70185	USD
V	70257	USD
V	70325	USD
V	70394	USD
V	70465	USD
V	70534	USD
V	70602	USD
V	70669	USD
V	70737	USD
V	70806	USD
V	70874	USD
V	70943	USD
V	71011	USD
V	71079	USD
V	71150	USD
V	71218	USD
V	71287	USD
V	71356	USD
V	71425	USD
V	71494	USD
V	71561	USD
V	71630	USD
V	71699	USD
V	71768	USD
V	71837	USD
V	71906	USD
V	71974	USD
V	72045	USD
V	72113	USD
V	72182	USD
V	72253	USD
V	72322	USD
V	72391	USD
V	72459	USD
V	72527	USD
V	72596	USD
V	72665	USD
V	72734	USD
V	72803	USD
V	72872	USD
V	72943	USD
V	73009	USD
V	73078	USD
V	73146	USD
V	73215	USD
V	73283	USD
V	73350	USD
V	73418	USD
V	73487	USD
V	73555	USD
V	73624	USD
V	73693	USD
V	73761	USD
V	73831	USD
V	73898	USD
V	73967	USD
V	74035	USD
V	74104	USD
V	74173	USD
V	74239	USD
V	74308	USD
V	74377	USD
V	74446	USD
V	74514	USD
V	74583	USD
V	74652	USD
V	74724	USD
V	74790	USD
V	74859	USD
V	74927	USD
V	74996	USD
V	75064	USD
V	75133	USD
V	75201	USD
V	75269	USD
V	75338	USD
V	75407	USD
V	75476	USD
V	75545	USD
V	75616	USD
V	75684	USD
V	75753	USD
V	75821	USD
V	75890	USD
V	75959	USD
V	76025	USD
V	76093	USD
V	76162	USD
V	76231	USD
V	76299	USD
V	76368	USD
V	76437	USD
V	76508	USD
V	76575	USD
V	76644	USD
V	76715	USD
V	76784	USD
V	76853	USD
V	76921	USD
V	76990	USD
V	77059	USD
V	77127	USD
V	77196	USD
V	77265	USD
V	77334	USD
V	77405	USD
V	77472	USD
V	77541	USD
V	77612	USD
V	77681	USD
V	77749	USD
V	77816	USD
V	77885	USD
V	77954	USD
V	78022	USD
V	78091	USD
V	78160	USD
V	78229	USD
V	78300	USD
V	78369	USD
V	78438	USD
V	78508	USD
V	78577	USD
V	78646	USD
V	78715	USD
V	78783	USD
V	78852	USD
V	78920	USD
V	78989	USD
V	79058	USD
V	79127	USD
V	79198	USD
V	79266	USD
V	79335	USD
V	79401	USD
V	79469	USD
V	79538	USD
V	79606	USD
V	79674	USD
V	79741	USD
V	79810	USD
V	79879	USD
V	79948	USD
V	80017	USD
V	80087	USD
V	80156	USD
V	80225	USD
V	80293	USD
V	80362	USD
V	80431	USD
V	80500	USD
V	80567	USD
V	80636	USD
V	80705	USD
V	80773	USD
V	80842	USD
V	80911	USD
V	80982	USD
V	81051	USD
V	81120	USD
V	81186	USD
V	81255	USD
V	81324	USD
V	81391	USD
V	81459	USD
V	81528	USD
V	81597	USD
V	81666	USD
V	81734	USD
V	81803	USD
V	81874	USD
V	81940	USD
V	82009	USD
V	82079	USD
V	82148	USD
V	82217	USD
V	82285	USD
V	82353	USD
V	82422	USD
V	82491	USD
V	82559	USD
V	82628	USD
V	82697	USD
V	82768	USD
V	82837	USD
V	82906	USD
V	82972	USD
V	83041	USD
V	83110	USD
V	83178	USD
V	83246	USD
V	83315	USD
V	83384	USD
V	83453	USD
V	83522	USD
V	83590	USD
V	83661	USD
V	83729	USD
V	83798	USD
V	83869	USD
V	83938	USD
V	84007	USD
V	84076	USD
V	84144	USD
V	84212	USD
V	84281	USD
V	84350	USD
V	84418	USD
V	84486	USD
V	84557	USD
V	84625	USD
V	84694	USD
V	84764	USD
V	84833	USD
V	84902	USD
V	84971	USD
V	85040	USD
V	85108	USD
V	85177	USD
V	85245	USD
V	85314	USD
V	85383	USD
V	85453	USD
V	85520	USD
V	85589	USD
V	85660	USD
V	85729	USD
V	85798	USD
V	85864	USD
V	85932	USD
V	86000	USD
V	86069	USD
V	86138	USD
V	86207	USD
V	86276	USD
V	86345	USD
V	86413	USD
V	86482	USD
V	86553	USD
V	86622	USD
V	86691	USD
V	86758	USD
V	86827	USD
V	86895	USD
V	86964	USD
V	87033	USD
V	87102	USD
V	87171	USD
V	87242	USD
V	87310	USD
V	87378	USD
V	87449	USD
V	87518	USD
V	87587	USD
V	87656	USD
V	87725	USD
V	87793	USD
V	87862	USD
V	87931	USD
V	87999	USD
V	88067	USD
V	88138	USD
V	88206	USD
V	88275	USD
V	88348	USD
V	88417	USD
V	88486	USD
V	88552	USD
V	88621	USD
V	88690	USD
V	88759	USD
V	88827	USD
V	88894	USD
V	88962	USD
V	89033	USD
V	89100	USD
V	89169	USD
V	89237	USD
V	89306	USD
V	89375	USD
V	89443	USD
V	89512	USD
V	89581	USD
V	89650	USD
V	89718	USD
V	89787	USD
V	89856	USD
V	89927	USD
V	89994	USD
V	90063	USD
V	90131	USD
V	90200	USD
V	90268	USD
V	90336	USD
V	90405	USD
V	90474	USD
V	90541	USD
V	90610	USD
V	90679	USD
V	90747	USD
V	90818	USD
V	90886	USD
V	90955	USD
V	91028	USD
V	91097	USD
V	91166	USD
V	91234	USD
V	91301	USD
V	91370	USD
V	91438	USD
V	91507	USD
V	91576	USD
V	91645	USD
V	91717	USD
V	91784	USD
V	91853	USD
V	91921	USD
V	91990	USD
V	92059	USD
V	92126	USD
V	92194	USD
V	92263	USD
V	92332	USD
V	92401	USD
V	92469	USD
V	92538	USD
V	92608	USD
V	92675	USD
V	92744	USD
V	92814	USD
V	92883	USD
V	92952	USD
V	93018	USD
V	93087	USD
V	93156	USD
V	93225	USD
V	93294	USD
V	93362	USD
V	93431	USD
V	93502	USD
V	93568	USD
V	93636	USD
V	93704	USD
V	93773	USD
V	93842	USD
V	93909	USD
V	93978	USD
V	94047	USD
V	94116	USD
V	94185	USD
V	94254	USD
V	94322	USD
V	94392	USD
V	94459	USD
V	94528	USD
V	94597	USD
V	94666	USD
V	94734	USD
V	94803	USD
V	94870	USD
V	94939	USD
V	95008	USD
V	95077	USD
V	95145	USD
V	95214	USD
V	95285	USD
V	95354	USD
V	95423	USD
V	95492	USD
V	95561	USD
V	95630	USD
V	95698	USD
V	95767	USD
V	95836	USD
V	95904	USD
V	95972	USD
V	96041	USD
V	96109	USD
V	96180	USD
V	96248	USD
V	96317	USD
V	96390	USD
V	96459	USD
V	96528	USD
V	96594	USD
V	96663	USD
V	96732	USD
V	96800	USD
V	96869	USD
V	96937	USD
V	97005	USD
V	97076	USD
V	97144	USD
V	97213	USD
V	97283	USD
V	97352	USD
V	97421	USD
V	97488	USD
V	97557	USD
V	97626	USD
V	97695	USD
V	97764	USD
V	97833	USD
V	97902	USD
V	97973	USD
V	98040	USD
V	98109	USD
V	98182	USD
V	98251	USD
V	98320	USD
V	98387	USD
V	98456	USD
V	98525	USD
V	98594	USD
V	98662	USD
V	98729	USD
V	98798	USD
V	98868	USD
V	98935	USD
V	99003	USD
V	99074	USD
V	99138	USD
V	99207	USD
V	99275	USD
V	99344	USD
V	99413	USD
V	99482	USD
V	99551	USD
V	99620	USD
V	99688	USD
V	99758	USD
V	99825	USD
V	99894	USD
V	99965	USD
V	100034	USD
V	100103	USD
V	100170	USD
V	100239	USD
V	100308	USD
V	100374	USD
V	100443	USD
V	100512	USD
V	100581	USD
V	100652	USD
V	100721	USD
V	100790	USD
V	100861	USD
V	100930	USD
V	100999	USD
V	101066	USD
V	101133	USD
V	101202	USD
V	101271	USD
V	101340	USD
V	101409	USD
V	101478	USD
V	101549	USD
V	101617	USD
V	101686	USD
V	101759	USD
V	101828	USD
V	101896	USD
V	101963	USD
V	102032	USD
V	102100	USD
V	102169	USD
V	102238	USD
V	102307	USD
V	102376	USD
V	102448	USD
V	102515	USD
V	102584	USD
V	102655	USD
V	102724	USD
V	102793	USD
V	102860	USD
V	102929	USD
V	102998	USD
V	103067	USD
V	103135	USD
V	103204	USD
V	103273	USD
V	103345	USD
V	103414	USD
V	103483	USD
V	103553	USD
V	103622	USD
V	103691	USD
V	103758	USD
V	103827	USD
V	103896	USD
V	103965	USD
V	104034	USD
V	104102	USD
V	104171	USD
V	104241	USD
V	104308	USD
V	104376	USD
V	104445	USD
V	104514	USD
V	104583	USD
V	104650	USD
V	104719	USD
V	104788	USD
V	104857	USD
V	104925	USD
V	104994	USD
V	105063	USD
V	105134	USD
V	105201	USD
V	105270	USD
V	105341	USD
V	105410	USD
V	105479	USD
V	105546	USD
V	105614	USD
V	105683	USD
V	105752	USD
V	105820	USD
V	105889	USD
V	105958	USD
V	106030	USD
V	106097	USD
V	106166	USD
V	106237	USD
V	106306	USD
V	106375	USD
V	106442	USD
V	106511	USD
V	106580	USD
V	106649	USD
V	106718	USD
V	106787	USD
V	106856	USD
V	106927	USD
V	106996	USD
V	107065	USD
V	107134	USD
V	107203	USD
V	107272	USD
V	107339	USD
V	107408	USD
V	107477	USD
V	107546	USD
V	107615	USD
V	107684	USD
V	107753	USD
V	107825	USD
V	107892	USD
V	107961	USD
V	108030	USD
V	108099	USD
V	108168	USD
V	108234	USD
V	108303	USD
V	108372	USD
V	108441	USD
V	108510	USD
V	108578	USD
V	108647	USD
V	108719	USD
V	108787	USD
V	108856	USD
V	108927	USD
V	108996	USD
V	109065	USD
V	109132	USD
V	109201	USD
V	109269	USD
V	109338	USD
V	109407	USD
V	109476	USD
V	109545	USD
V	109616	USD
V	109685	USD
V	109754	USD
V	109823	USD
V	109892	USD
V	109961	USD
V	110028	USD
V	110094	USD
V	110163	USD
V	110232	USD
V	110301	USD
V	110370	USD
V	110439	USD
V	110509	USD
V	110576	USD
V	110645	USD
V	110714	USD
V	110783	USD
V	110852	USD
V	110918	USD
V	110985	USD
V	111054	USD
V	111123	USD
V	111192	USD
V	111261	USD
V	111330	USD
V	111401	USD
V	111469	USD
V	111538	USD
V	111607	USD
V	111676	USD
V	111743	USD
V	111810	USD
V	111879	USD
V	111948	USD
V	112017	USD
V	112086	USD
V	112155	USD
V	112224	USD
V	112295	USD
V	112362	USD
V	112431	USD
V	112502	USD
V	112571	USD
V	112640	USD
V	112707	USD
V	112776	USD
V	112845	USD
V	112914	USD
V	112982	USD
V	113051	USD
V	113120	USD
V	113191	USD
V	113260	USD
V	113329	USD
V	113397	USD
V	113466	USD
V	113533	USD
V	113601	USD
V	113670	USD
V	113736	USD
V	113805	USD
V	113874	USD
V	113943	USD
V	114012	USD
V	114083	USD
V	114151	USD
V	114220	USD
V	114291	USD
V	114360	USD
V	114429	USD
V	114495	USD
V	114564	USD
V	114632	USD
V	114701	USD
V	114770	USD
V	114837	USD
V	114906	USD
V	114977	USD
V	115046	USD
V	115115	USD
V	115186	USD
V	115255	USD
V	115324	USD
V	115391	USD
V	115459	USD
V	115528	USD
V	115597	USD
V	115666	USD
V	115735	USD
V	115804	USD
V	115875	USD
V	115944	USD
V	116013	USD
V	116086	USD
V	116155	USD
V	116224	USD
V	116291	USD
V	116360	USD
V	116428	USD
V	116497	USD
V	116566	USD
V	116634	USD
V	116702	USD
V	116774	USD
V	116841	USD
V	116910	USD
V	116976	USD
V	117045	USD
V	117114	USD
V	117181	USD
V	117250	USD
V	117319	USD
V	117388	USD
V	117457	USD
V	117525	USD
V	117594	USD
V	117665	USD
V	117730	USD
V	117799	USD
V	117867	USD
V	117936	USD
V	118005	USD
V	118072	USD
V	118140	USD
V	118208	USD
V	118277	USD
V	118345	USD
V	118414	USD
V	118483	USD
V	118553	USD
V	118619	USD
V	118688	USD
V	118756	USD
V	118825	USD
V	118894	USD
V	118961	USD
V	119029	USD
V	119098	USD
V	119167	USD
V	119235	USD
V	119304	USD
V	119372	USD
V	119443	USD
V	119511	USD
V	119580	USD
V	119646	USD
V	119715	USD
V	119784	USD
V	119851	USD
V	119920	USD
V	119989	USD
V	120058	USD
V	120127	USD
V	120196	USD
V	120265	USD
V	120335	USD
V	120404	USD
V	120473	USD
V	120544	USD
V	120613	USD
V	120682	USD
V	120750	USD
V	120819	USD
V	120888	USD
V	120957	USD
V	121026	USD
V	121094	USD
V	121162	USD
V	121232	USD
V	121300	USD
V	121369	USD
V	121440	USD
V	121509	USD
V	121578	USD
V	121645	USD
V	121714	USD
V	121783	USD
V	121852	USD
V	121921	USD
V	121990	USD
V	122058	USD
V	122128	USD
V	122197	USD
V	122265	USD
V	122334	USD
V	122403	USD
V	122472	USD
V	122539	USD
V	122605	USD
V	122674	USD
V	122741	USD
V	122810	USD
V	122879	USD
V	122948	USD
V	123018	USD
V	123086	USD
V	123155	USD
V	123225	USD
V	123294	USD
V	123363	USD
V	123430	USD
V	123497	USD
V	123566	USD
V	123635	USD
V	123704	USD
V	123773	USD
V	123842	USD
V	123913	USD
V	123981	USD
V	124050	USD
V	124118	USD
V	124187	USD
V	124255	USD
V	124322	USD
V	124391	USD
V	124460	USD
V	124529	USD
V	124597	USD
V	124665	USD
V	124734	USD
V	124803	USD
V	124872	USD
V	124941	USD
V	125011	USD
V	125080	USD
V	125149	USD
V	125216	USD
V	125285	USD
V	125354	USD
V	125423	USD
V	125492	USD
V	125561	USD
V	125628	USD
V	125699	USD
V	125767	USD
V	125836	USD
V	125906	USD
V	125975	USD
V	126044	USD
V	126111	USD
V	126179	USD
V	126248	USD
V	126317	USD
V	126386	USD
V	126455	USD
V	126524	USD
V	126596	USD
V	126664	USD
V	126733	USD
V	126804	USD
V	126873	USD
V	126941	USD
V	127009	USD
V	127078	USD
V	127147	USD
V	127216	USD
V	127285	USD
V	127353	USD
V	127422	USD
V	127493	USD
V	127561	USD
V	127630	USD
V	127698	USD
V	127767	USD
V	127836	USD
V	127903	USD
V	127972	USD
V	128041	USD
V	128110	USD
V	128179	USD
V	128247	USD
V	128316	USD
V	128386	USD
V	128454	USD
V	128523	USD
V	128594	USD
V	128663	USD
V	128732	USD
V	128798	USD
V	128867	USD
V	128936	USD
V	129005	USD
V	129074	USD
V	129143	USD
V	129212	USD
V	129283	USD
V	129349	USD
V	129418	USD
V	129487	USD
V	129556	USD
V	129625	USD
V	129692	USD
V	129761	USD
V	129829	USD
V	129898	USD
V	129967	USD
V	130036	USD
V	130105	USD
V	130175	USD
V	130241	USD
V	130310	USD
V	130378	USD
V	130447	USD
V	130516	USD
V	130583	USD
V	130651	USD
V	130718	USD
V	130786	USD
V	130855	USD
V	130924	USD
V	130993	USD
V	131063	USD
V	131129	USD
V	131198	USD
V	131266	USD
V	131335	USD
V	131404	USD
V	131471	USD
V	131540	USD
V	131609	USD
V	131678	USD
V	131747	USD
V	131816	USD
V	131885	USD
V	131955	USD
V	132024	USD
V	132093	USD
V	132164	USD
V	132233	USD
V	132302	USD
V	132369	USD
V	132438	USD
V	132507	USD
V	132575	USD
V	132644	USD
V	132713	USD
V	132782	USD
V	132853	USD
V	132921	USD
V	132990	USD
V	133059	USD
V	133128	USD
V	133197	USD
V	133265	USD
V	133334	USD
V	133403	USD
V	133472	USD
V	133541	USD
V	133610	USD
V	133677	USD
V	133748	USD
V	133816	USD
V	133885	USD
V	133954	USD
V	134023	USD
V	134092	USD
V	134161	USD
V	134229	USD
V	134298	USD
V	134367	USD
V	134436	USD
V	134505	USD
V	134574	USD
V	134646	USD
V	134715	USD
V	134784	USD
V	134856	USD
V	134925	USD
V	134994	USD
V	135062	USD
V	135131	USD
V	135200	USD
V	135269	USD
V	135338	USD
V	135405	USD
V	135472	USD
V	135544	USD
V	135611	USD
V	135680	USD
V	135751	USD
V	135819	USD
V	135888	USD
V	135955	USD
V	136023	USD
V	136092	USD
V	136161	USD
V	136230	USD
V	136299	USD
V	136368	USD
V	136437	USD
V	136505	USD
V	136574	USD
V	136643	USD
V	136712	USD
V	136781	USD
V	136849	USD
V	136918	USD
V	136987	USD
V	137056	USD
V	137124	USD
V	137193	USD
V	137261	USD
V	137331	USD
V	137398	USD
V	137467	USD
V	137536	USD
V	137605	USD
V	137674	USD
V	137741	USD
V	137810	USD
V	137877	USD
V	137946	USD
V	138015	USD
V	138083	USD
V	138152	USD
V	138223	USD
V	138292	USD
V	138359	USD
V	138429	USD
V	138498	USD
V	138567	USD
V	138636	USD
V	138705	USD
V	138774	USD
V	138843	USD
V	138912	USD
V	138980	USD
V	139049	USD
V	139119	USD
V	139186	USD
V	139255	USD
V	139326	USD
V	139393	USD
V	139462	USD
V	139530	USD
V	139599	USD
V	139666	USD
V	139735	USD
V	139803	USD
V	139872	USD
V	139941	USD
V	140012	USD
V	140081	USD
V	140150	USD
V	140219	USD
V	140287	USD
V	140356	USD
V	140423	USD
V	140492	USD
V	140561	USD
V	140629	USD
V	140698	USD
V	140767	USD
V	140836	USD
V	140907	USD
V	140974	USD
V	141043	USD
V	141112	USD
V	141180	USD
V	141249	USD
V	141316	USD
V	141385	USD
V	141454	USD
V	141523	USD
V	141592	USD
V	141660	USD
V	141728	USD
V	141799	USD
V	141865	USD
V	141934	USD
V	142002	USD
V	142071	USD
V	142140	USD
V	142209	USD
V	142277	USD
V	142346	USD
V	142415	USD
V	142484	USD
V	142553	USD
V	142621	USD
V	142693	USD
V	142761	USD
V	142830	USD
V	142900	USD
V	142969	USD
V	143038	USD
V	143106	USD
V	143175	USD
V	143244	USD
V	143313	USD
V	143382	USD
V	143451	USD
V	143520	USD
V	143591	USD
V	143660	USD
V	143728	USD
V	143801	USD
V	143870	USD
V	143939	USD
V	144008	USD
V	144076	USD
V	144145	USD
V	144214	USD
V	144282	USD
V	144351	USD
V	144420	USD
V	144491	USD
V	144558	USD
V	144627	USD
V	144697	USD
V	144765	USD
V	144834	USD
V	144902	USD
V	144970	USD
V	145039	USD
V	145107	USD
V	145176	USD
V	145245	USD
V	145314	USD
V	145386	USD
V	145453	USD
V	145522	USD
V	145590	USD
V	145659	USD
V	145728	USD
V	145797	USD
V	145866	USD
V	145935	USD
V	146004	USD
V	146073	USD
V	146142	USD
V	146211	USD
V	146282	USD
V	146351	USD
V	146420	USD
V	146486	USD
V	146554	USD
V	146623	USD
V	146691	USD
V	146760	USD
V	146829	USD
V	146898	USD
V	146966	USD
V	147035	USD
V	147103	USD
V	147174	USD
V	147242	USD
V	147311	USD
V	147382	USD
V	147451	USD
V	147520	USD
V	147586	USD
V	147655	USD
V	147724	USD
V	147793	USD
V	147862	USD
V	147928	USD
V	147997	USD
V	148068	USD
V	148136	USD
V	148205	USD
V	148278	USD
V	148347	USD
V	148416	USD
V	148484	USD
V	148553	USD
V	148622	USD
V	148691	USD
V	148760	USD
V	148829	USD
V	148898	USD
V	148967	USD
V	149034	USD
V	149103	USD
V	149176	USD
V	149245	USD
V	149314	USD
V	149382	USD
V	149451	USD
V	149520	USD
V	149589	USD
V	149657	USD
V	149726	USD
V	149795	USD
V	149866	USD
V	149933	USD
V	150002	USD
V	150075	USD
V	150144	USD
V	150213	USD
V	150282	USD
V	150351	USD
V	150420	USD
V	150489	USD
V	150558	USD
V	150627	USD
V	150696	USD
V	150769	USD
V	150837	USD
V	150906	USD
V	150979	USD
V	151048	USD
V	151117	USD
V	151185	USD
V	151254	USD
V	151323	USD
V	151391	USD
V	151460	USD
V	151528	USD
V	151597	USD
V	151668	USD
V	151737	USD
V	151806	USD
V	151876	USD
V	151945	USD
V	152014	USD
V	152083	USD
V	152151	USD
V	152220	USD
V	152289	USD
V	152358	USD
V	152425	USD
V	152494	USD
V	152565	USD
V	152634	USD
V	152703	USD
V	152773	USD
V	152842	USD
V	152911	USD
V	152979	USD
V	153048	USD
V	153117	USD
V	153185	USD
V	153254	USD
V	153323	USD
V	153392	USD
V	153464	USD
V	153533	USD
V	153601	USD
V	153669	USD
V	153738	USD
V	153807	USD
V	153875	USD
V	153944	USD
V	154013	USD
V	154082	USD
V	154151	USD
V	154220	USD
V	154288	USD
V	154359	USD
V	154427	USD
V	154496	USD
V	154567	USD
V	154636	USD
V	154704	USD
V	154771	USD
V	154840	USD
V	154909	USD
V	154976	USD
V	155044	USD
V	155113	USD
V	155182	USD
V	155252	USD
V	155318	USD
V	155387	USD
V	155458	USD
V	155527	USD
V	155596	USD
V	155664	USD
V	155733	USD
V	155800	USD
V	155869	USD
V	155937	USD
V	156006	USD
V	156075	USD
V	156146	USD
V	156214	USD
V	156283	USD
V	156354	USD
V	156423	USD
V	156492	USD
V	156560	USD
V	156629	USD
V	156697	USD
V	156766	USD
V	156835	USD
V	156904	USD
V	156973	USD
V	157045	USD
V	157113	USD
V	157182	USD
V	157251	USD
V	157320	USD
V	157389	USD
V	157456	USD
V	157525	USD
V	157594	USD
V	157663	USD
V	157731	USD
V	157800	USD
V	157869	USD
V	157938	USD
V	158006	USD
V	158074	USD
V	158145	USD
V	158214	USD
V	158283	USD
V	158349	USD
V	158418	USD
V	158487	USD
V	158556	USD
V	158624	USD
V	158693	USD
V	158761	USD
V	158832	USD
V	158900	USD
V	158969	USD
V	159037	USD
V	159106	USD
V	159175	USD
V	159243	USD
V	159312	USD
V	159381	USD
V	159450	USD
V	159519	USD
V	159588	USD
V	159656	USD
V	159726	USD
V	159794	USD
V	159862	USD
V	159929	USD
V	159998	USD
V	160067	USD
V	160135	USD
V	160204	USD
V	160273	USD
V	160342	USD
V	160411	USD
V	160480	USD
V	160549	USD
V	160619	USD
V	160687	USD
V	160755	USD
V	160828	USD
V	160897	USD
V	160966	USD
V	161033	USD
V	161102	USD
V	161171	USD
V	161240	USD
V	161309	USD
V	161378	USD
V	161447	USD
V	161516	USD
V	161584	USD
V	161653	USD
V	161724	USD
V	161793	USD
V	161862	USD
V	161929	USD
V	161998	USD
V	162067	USD
V	162136	USD
V	162205	USD
V	162274	USD
V	162343	USD
V	162414	USD
V	162482	USD
V	162551	USD
V	162624	USD
V	162693	USD
V	162762	USD
V	162829	USD
V	162898	USD
V	162967	USD
V	163036	USD
V	163105	USD
V	163174	USD
V	163242	USD
V	163313	USD
V	163380	USD
V	163449	USD
V	163517	USD
V	163586	USD
V	163655	USD
V	163720	USD
V	163789	USD
V	163857	USD
V	163926	USD
V	163995	USD
V	164068	USD
V	164135	USD
V	164204	USD
V	164275	USD
V	164343	USD
V	164412	USD
V	164478	USD
V	164547	USD
V	164616	USD
V	164685	USD
V	164754	USD
V	164824	USD
V	164893	USD
V	164962	USD
V	165031	USD
V	165100	USD
V	165169	USD
V	165236	USD
V	165305	USD
V	165374	USD
V	165443	USD
V	165512	USD
V	165583	USD
V	165651	USD
V	165720	USD
V	165788	USD
V	165857	USD
V	165926	USD
V	165992	USD
V	166061	USD
V	166130	USD
V	166199	USD
V	166267	USD
V	166339	USD
V	166408	USD
V	166477	USD
V	166545	USD
V	166614	USD
V	166683	USD
V	166749	USD
V	166818	USD
V	166887	USD
V	166956	USD
V	167024	USD
V	167094	USD
V	167161	USD
V	167230	USD
V	167300	USD
V	167369	USD
V	167438	USD
V	167504	USD
V	167573	USD
V	167642	USD
V	167711	USD
V	167780	USD
V	167851	USD
V	167917	USD
V	167986	USD
V	168056	USD
V	168125	USD
V	168194	USD
V	168261	USD
V	168330	USD
V	168399	USD
V	168468	USD
V	168537	USD
V	168607	USD
V	168675	USD
V	168744	USD
V	168813	USD
V	168882	USD
V	168951	USD
V	169018	USD
V	169086	USD
V	169155	USD
V	169224	USD
V	169293	USD
V	169365	USD
V	169434	USD
V	169503	USD
V	169574	USD
V	169643	USD
V	169712	USD
V	169779	USD
V	169848	USD
V	169917	USD
V	169986	USD
V	170055	USD
V	170125	USD
V	170194	USD
V	170263	USD
V	170329	USD
V	170398	USD
V	170467	USD
V	170534	USD
V	170603	USD
V	170671	USD
V	170740	USD
V	170809	USD
V	170880	USD
V	170948	USD
V	171017	USD
V	171085	USD
V	171154	USD
V	171223	USD
V	171290	USD
V	171358	USD
V	171427	USD
V	171495	USD
V	171564	USD
V	171634	USD
V	171703	USD
V	171772	USD
V	171840	USD
V	171908	USD
V	171977	USD
V	172043	USD
V	172112	USD
V	172181	USD
V	172250	USD
V	172319	USD
V	172389	USD
V	172457	USD
V	172526	USD
V	172592	USD
V	172661	USD
V	172730	USD
V	172797	USD
V	172865	USD
V	172934	USD
V	173003	USD
V	173072	USD
V	173142	USD
V	173211	USD
V	173280	USD
V	173348	USD
V	173417	USD
V	173486	USD
V	173553	USD
V	173621	USD
V	173690	USD
V	173759	USD
V	173828	USD
V	173898	USD
V	173965	USD
V	174034	USD
V	174100	USD
V	174169	USD
V	174238	USD
V	174304	USD
V	174373	USD
V	174441	USD
V	174510	USD
V	174579	USD
V	174649	USD
V	174717	USD
V	174786	USD
V	174857	USD
V	174926	USD
V	174995	USD
V	175062	USD
V	175131	USD
V	175200	USD
V	175269	USD
V	175337	USD
V	175407	USD
V	175475	USD
V	175544	USD
V	175610	USD
V	175679	USD
V	175748	USD
V	175815	USD
V	175884	USD
V	175953	USD
V	176022	USD
V	176091	USD
V	176161	USD
V	176228	USD
V	176297	USD
V	176368	USD
V	176437	USD
V	176505	USD
V	176572	USD
V	176640	USD
V	176709	USD
V	176778	USD
V	176847	USD
V	176916	USD
V	176984	USD
V	177053	USD
V	177124	USD
V	177193	USD
V	177262	USD
V	177331	USD
V	177400	USD
V	177469	USD
V	177538	USD
V	177607	USD
V	177677	USD
V	177745	USD
V	177814	USD
V	177885	USD
V	177954	USD
V	178022	USD
V	178090	USD
V	178159	USD
V	178228	USD
V	178297	USD
V	178365	USD
V	178436	USD
V	178504	USD
V	178573	USD
V	178642	USD
V	178711	USD
V	178780	USD
V	178845	USD
V	178914	USD
V	178983	USD
V	179052	USD
V	179121	USD
V	179191	USD
V	179259	USD
V	179328	USD
V	179397	USD
V	179466	USD
V	179535	USD
V	179602	USD
V	179671	USD
V	179740	USD
V	179809	USD
V	179878	USD
V	179948	USD
V	180016	USD
V	180085	USD
V	180153	USD
V	180222	USD
V	180291	USD
V	180358	USD
V	180427	USD
V	180496	USD
V	180563	USD
V	180631	USD
V	180701	USD
V	180769	USD
V	180837	USD
V	180908	USD
V	180977	USD
V	181046	USD
V	181115	USD
V	181184	USD
V	181253	USD
V	181322	USD
V	181391	USD
V	181462	USD
V	181531	USD
V	181600	USD
V	181668	USD
V	181732	USD
V	181800	USD
V	181869	USD
V	181938	USD
V	182006	USD
V	182075	USD
V	182144	USD
V	182214	USD
V	182281	USD
V	182350	USD
V	182421	USD
V	182490	USD
V	182558	USD
V	182623	USD
V	182692	USD
V	182760	USD
V	182828	USD
V	182897	USD
V	182967	USD
V	183035	USD
V	183104	USD
V	183175	USD
V	183244	USD
V	183313	USD
V	183380	USD
V	183449	USD
V	183517	USD
V	183586	USD
V	183655	USD
V	183725	USD
V	183793	USD
V	183862	USD
V	183933	USD
V	184002	USD
V	184071	USD
V	184140	USD
V	184208	USD
V	184277	USD
V	184345	USD
V	184413	USD
V	184483	USD
V	184551	USD
V	184620	USD
V	184689	USD
V	184758	USD
V	184827	USD
V	184894	USD
V	184963	USD
V	185031	USD
V	185100	USD
V	185168	USD
V	185239	USD
V	185305	USD
V	185374	USD
V	185447	USD
V	185516	USD
V	185585	USD
V	185652	USD
V	185721	USD
V	185790	USD
V	185859	USD
V	185927	USD
V	185998	USD
V	186067	USD
V	186136	USD
V	186204	USD
V	186273	USD
V	186342	USD
V	186410	USD
V	186479	USD
V	186548	USD
V	186617	USD
V	186686	USD
V	186757	USD
V	186824	USD
V	186893	USD
V	186963	USD
V	187032	USD
V	187101	USD
V	187168	USD
V	187237	USD
V	187306	USD
V	187375	USD
V	187442	USD
V	187514	USD
V	187582	USD
V	187651	USD
V	187722	USD
V	187791	USD
V	187859	USD
V	187927	USD
V	187996	USD
V	188065	USD
V	188134	USD
V	188203	USD
V	188273	USD
V	188341	USD
V	188409	USD
V	188480	USD
V	188549	USD
V	188618	USD
V	188686	USD
V	188755	USD
V	188824	USD
V	188893	USD
V	188962	USD
V	189033	USD
V	189102	USD
V	189171	USD
V	189244	USD
V	189313	USD
V	189382	USD
V	189450	USD
V	189519	USD
V	189588	USD
V	189657	USD
V	189725	USD
V	189797	USD
V	189866	USD
V	189935	USD
V	190006	USD
V	190075	USD
V	190144	USD
V	190212	USD
V	190281	USD
V	190350	USD
V	190419	USD
V	190488	USD
V	190559	USD
V	190628	USD
V	190697	USD
V	190766	USD
V	190835	USD
V	190902	USD
V	190970	USD
V	191039	USD
V	191107	USD
V	191176	USD
V	191245	USD
V	191316	USD
V	191384	USD
V	191453	USD
V	191522	USD
V	191591	USD
V	191659	USD
V	191726	USD
V	191794	USD
V	191863	USD
V	191932	USD
V	192001	USD
V	192073	USD
V	192141	USD
V	192210	USD
V	192278	USD
V	192347	USD
V	192416	USD
V	192484	USD
V	192553	USD
V	192622	USD
V	192691	USD
V	192760	USD
V	192831	USD
V	192900	USD
V	192969	USD
V	193042	USD
V	193111	USD
V	193180	USD
V	193247	USD
V	193316	USD
V	193385	USD
V	193453	USD
V	193522	USD
V	193593	USD
V	193659	USD
V	193728	USD
V	193799	USD
V	193868	USD
V	193937	USD
V	194004	USD
V	194073	USD
V	194142	USD
V	194211	USD
V	194280	USD
V	194350	USD
V	194417	USD
V	194486	USD
V	194557	USD
V	194626	USD
V	194695	USD
V	194763	USD
V	194832	USD
V	194901	USD
V	194970	USD
V	195038	USD
V	195109	USD
V	195179	USD
V	195248	USD
V	195321	USD
V	195390	USD
V	195458	USD
V	195524	USD
V	195593	USD
V	195662	USD
V	195731	USD
V	195800	USD
V	195871	USD
V	195940	USD
V	196009	USD
V	196078	USD
V	196147	USD
V	196216	USD
V	196283	USD
V	196351	USD
V	196420	USD
V	196489	USD
V	196558	USD
V	196630	USD
V	196699	USD
V	196768	USD
V	196839	USD
V	196908	USD
V	196977	USD
V	197045	USD
V	197114	USD
V	197183	USD
V	197252	USD
V	197321	USD
V	197392	USD
V	197458	USD
V	197527	USD
V	197597	USD
V	197666	USD
V	197735	USD
V	197801	USD
V	197869	USD
V	197938	USD
V	198006	USD
V	198075	USD
V	198147	USD
V	198216	USD
V	198285	USD
V	198353	USD
V	198422	USD
V	198491	USD
V	198559	USD
V	198628	USD
V	198697	USD
V	198765	USD
V	198834	USD
V	198905	USD
V	198973	USD
V	199042	USD
V	199110	USD
V	199179	USD
V	199248	USD
V	199314	USD
V	199383	USD
V	199452	USD
V	199521	USD
V	199590	USD
V	199662	USD
V	199730	USD
V	199799	USD
V	199867	USD
V	199936	USD
V	200005	USD
V	200073	USD
V	200142	USD
V	200211	USD
V	200280	USD
V	200348	USD
V	200419	USD
V	200487	USD
V	200556	USD
V	200624	USD
V	200693	USD
V	200762	USD
V	200829	USD
V	200897	USD
V	200965	USD
V	201033	USD
V	201102	USD
V	201174	USD
V	201242	USD
V	201311	USD
V	201382	USD
V	201451	USD
V	201520	USD
V	201587	USD
V	201656	USD
V	201723	USD
V	201792	USD
V	201861	USD
V	201932	USD
V	202000	USD
V	202069	USD
V	202142	USD
V	202210	USD
V	202279	USD
V	202346	USD
V	202415	USD
V	202484	USD
V	202553	USD
V	202622	USD
V	202692	USD
V	202761	USD
V	202829	USD
V	202898	USD
V	202967	USD
V	203036	USD
V	203105	USD
V	203173	USD
V	203239	USD
V	203307	USD
V	203375	USD
V	203447	USD
V	203515	USD
V	203584	USD
V	203655	USD
V	203724	USD
V	203793	USD
V	203862	USD
V	203931	USD
V	203998	USD
V	204066	USD
V	204135	USD
V	204205	USD
V	204273	USD
V	204342	USD
V	204411	USD
V	204480	USD
V	204549	USD
V	204617	USD
V	204684	USD
V	204751	USD
V	204820	USD
V	204889	USD
V	204958	USD
V	205025	USD
V	205094	USD
V	205163	USD
V	205231	USD
V	205300	USD
V	205369	USD
V	205438	USD
V	205507	USD
V	205576	USD
V	205645	USD
V	205716	USD
V	205785	USD
V	205853	USD
V	205923	USD
V	205992	USD
V	206061	USD
V	206129	USD
V	206195	USD
V	206264	USD
V	206333	USD
V	206402	USD
V	206474	USD
V	206543	USD
V	206612	USD
V	206682	USD
V	206751	USD
V	206817	USD
V	206885	USD
V	206954	USD
V	207023	USD
V	207092	USD
V	207160	USD
V	207229	USD
V	207297	USD
V	207366	USD
V	207434	USD
V	207503	USD
V	207572	USD
V	207640	USD
V	207709	USD
V	207778	USD
V	207846	USD
V	207915	USD
V	207987	USD
V	208054	USD
V	208123	USD
V	208194	USD
V	208263	USD
V	208331	USD
V	208400	USD
V	208469	USD
V	208538	USD
V	208607	USD
V	208676	USD
V	208746	USD
V	208812	USD
V	208881	USD
V	208949	USD
V	209018	USD
V	209086	USD
V	209154	USD
V	209223	USD
V	209292	USD
V	209361	USD
V	209430	USD
V	209499	USD
V	209566	USD
V	209635	USD
V	209705	USD
V	209774	USD
V	209843	USD
V	209910	USD
V	209978	USD
V	210047	USD
V	210114	USD
V	210183	USD
V	210254	USD
V	210320	USD
V	210389	USD
V	210459	USD
V	210523	USD
V	210591	USD
V	210659	USD
V	210728	USD
V	210797	USD
V	210866	USD
V	210935	USD
V	211004	USD
V	211072	USD
V	211141	USD
V	211212	USD
V	211281	USD
V	211350	USD
V	211418	USD
V	211487	USD
V	211556	USD
V	211625	USD
V	211694	USD
V	211766	USD
V	211834	USD
V	211903	USD
V	211974	USD
V	212038	USD
V	212107	USD
V	212175	USD
V	212244	USD
V	212313	USD
V	212381	USD
V	212450	USD
V	212521	USD
V	212588	USD
V	212657	USD
V	212725	USD
V	212794	USD
V	212863	USD
V	212931	USD
V	213000	USD
V	213069	USD
V	213137	USD
V	213206	USD
V	213276	USD
V	213342	USD
V	213411	USD
V	213480	USD
V	213549	USD
V	213618	USD
V	213685	USD
V	213754	USD
V	213823	USD
V	213892	USD
V	213961	USD
V	214033	USD
V	214100	USD
V	214169	USD
V	214237	USD
V	214306	USD
V	214374	USD
V	214443	USD
V	214512	USD
V	214581	USD
V	214650	USD
V	214719	USD
V	214790	USD
V	214857	USD
V	214926	USD
V	214992	USD
V	215061	USD
V	215130	USD
V	215199	USD
V	215268	USD
V	215337	USD
V	215405	USD
V	215474	USD
V	215546	USD
V	215612	USD
V	215681	USD
V	215746	USD
V	215815	USD
V	215883	USD
V	215950	USD
V	216018	USD
V	216087	USD
V	216156	USD
V	216223	USD
V	216295	USD
V	216364	USD
V	216433	USD
V	216499	USD
V	216568	USD
V	216634	USD
V	216702	USD
V	216771	USD
V	216840	USD
V	216909	USD
V	216976	USD
V	217047	USD
V	217115	USD
V	217184	USD
V	217252	USD
V	217321	USD
V	217390	USD
V	217457	USD
V	217526	USD
V	217595	USD
V	217664	USD
V	217733	USD
V	217804	USD
V	217871	USD
V	217940	USD
V	218008	USD
V	218077	USD
V	218146	USD
V	218213	USD
V	218281	USD
V	218348	USD
V	218417	USD
V	218486	USD
V	218557	USD
V	218626	USD
V	218694	USD
V	218764	USD
V	218833	USD
V	218902	USD
V	218970	USD
V	219039	USD
V	219108	USD
V	219176	USD
V	219245	USD
V	219317	USD
V	219384	USD
V	219453	USD
V	219523	USD
V	219587	USD
V	219656	USD
V	219723	USD
V	219792	USD
V	219861	USD
V	219930	USD
V	219999	USD
V	220068	USD
V	220135	USD
V	220204	USD
V	220277	USD
V	220345	USD
V	220412	USD
V	220479	USD
V	220548	USD
V	220617	USD
V	220686	USD
V	220755	USD
V	220827	USD
V	220895	USD
V	220964	USD
V	221035	USD
V	221104	USD
V	221173	USD
V	221239	USD
V	221308	USD
V	221377	USD
V	221446	USD
V	221515	USD
V	221587	USD
V	221656	USD
V	221725	USD
V	221798	USD
V	221866	USD
V	221935	USD
V	222004	USD
V	222073	USD
V	222142	USD
V	222211	USD
V	222280	USD
V	222352	USD
V	222421	USD
V	222490	USD
V	222559	USD
V	222628	USD
V	222696	USD
V	222764	USD
V	222833	USD
V	222902	USD
V	222970	USD
V	223039	USD
V	223109	USD
V	223177	USD
V	223246	USD
V	223316	USD
V	223385	USD
V	223454	USD
V	223523	USD
V	223590	USD
V	223659	USD
V	223728	USD
V	223797	USD
V	223868	USD
V	223936	USD
V	224005	USD
V	224075	USD
V	224144	USD
V	224213	USD
V	224282	USD
V	224351	USD
V	224419	USD
V	224488	USD
V	224557	USD
V	224628	USD
V	224695	USD
V	224764	USD
V	224837	USD
V	224906	USD
V	224975	USD
V	225042	USD
V	225111	USD
V	225180	USD
V	225249	USD
V	225318	USD
V	225389	USD
V	225457	USD
V	225526	USD
V	225597	USD
V	225666	USD
V	225734	USD
V	225802	USD
V	225870	USD
V	225939	USD
V	226006	USD
V	226075	USD
V	226145	USD
V	226212	USD
V	226280	USD
V	226351	USD
V	226419	USD
V	226487	USD
V	226555	USD
V	226624	USD
V	226693	USD
V	226762	USD
V	226831	USD
V	226903	USD
V	226971	USD
V	227040	USD
V	227110	USD
V	227179	USD
V	227248	USD
V	227317	USD
V	227386	USD
V	227455	USD
V	227524	USD
V	227593	USD
V	227663	USD
V	227731	USD
V	227800	USD
V	227871	USD
V	227940	USD
V	228009	USD
V	228077	USD
V	228146	USD
V	228215	USD
V	228283	USD
V	228352	USD
V	228423	USD
V	228492	USD
V	228561	USD
V	228630	USD
V	228699	USD
V	228767	USD
V	228836	USD
V	228904	USD
V	228973	USD
V	229041	USD
V	229110	USD
V	229181	USD
V	229249	USD
V	229318	USD
V	229387	USD
V	229455	USD
V	229524	USD
V	229591	USD
V	229660	USD
V	229729	USD
V	229798	USD
V	229866	USD
V	229937	USD
V	230004	USD
V	230073	USD
V	230139	USD
V	230208	USD
V	230277	USD
V	230343	USD
V	230412	USD
V	230481	USD
V	230549	USD
V	230618	USD
V	230688	USD
V	230756	USD
V	230825	USD
V	230893	USD
V	230962	USD
V	231031	USD
V	231099	USD
V	231168	USD
V	231237	USD
V	231306	USD
V	231375	USD
V	231446	USD
V	231513	USD
V	231582	USD
V	231648	USD
V	231717	USD
V	231786	USD
V	231854	USD
V	231923	USD
V	231992	USD
V	232061	USD
V	232130	USD
V	232202	USD
V	232270	USD
V	232339	USD
V	232405	USD
V	232474	USD
V	232542	USD
V	232609	USD
V	232678	USD
V	232747	USD
V	232816	USD
V	232885	USD
V	232956	USD
V	233024	USD
V	233093	USD
V	233161	USD
V	233230	USD
V	233299	USD
V	233366	USD
V	233434	USD
V	233503	USD
V	233572	USD
V	233640	USD
V	233711	USD
V	233778	USD
V	233847	USD
V	233916	USD
V	233985	USD
V	234054	USD
V	234122	USD
V	234190	USD
V	234259	USD
V	234328	USD
V	234397	USD
V	234469	USD
V	234537	USD
V	234606	USD
V	234674	USD
V	234738	USD
V	234807	USD
V	234874	USD
V	234941	USD
V	235010	USD
V	235079	USD
V	235148	USD
V	235219	USD
V	235286	USD
V	235355	USD
V	235428	USD
V	235497	USD
V	235566	USD
V	235633	USD
V	235702	USD
V	235771	USD
V	235840	USD
V	235909	USD
V	235979	USD
V	236046	USD
V	236115	USD
V	236186	USD
V	236250	USD
V	236319	USD
V	236387	USD
V	236456	USD
V	236525	USD
V	236594	USD
V	236663	USD
V	236733	USD
V	236801	USD
V	236870	USD
V	236943	USD
V	237012	USD
V	237081	USD
V	237150	USD
V	237219	USD
V	237288	USD
V	237357	USD
V	237426	USD
V	237496	USD
V	237565	USD
V	237634	USD
V	237703	USD
V	237772	USD
V	237841	USD
V	237909	USD
V	237977	USD
V	238046	USD
V	238113	USD
V	238182	USD
V	238252	USD
V	238320	USD
V	238389	USD
V	238460	USD
V	238529	USD
V	238598	USD
V	238665	USD
V	238734	USD
V	238801	USD
V	238870	USD
V	238939	USD
V	239010	USD
V	239079	USD
V	239148	USD
V	239219	USD
V	239288	USD
V	239357	USD
V	239424	USD
V	239492	USD
V	239561	USD
V	239630	USD
V	239699	USD
V	239771	USD
V	239838	USD
V	239907	USD
V	239976	USD
V	240044	USD
V	240112	USD
V	240180	USD
V	240248	USD
V	240317	USD
V	240386	USD
V	240455	USD
V	240526	USD
V	240594	USD
V	240663	USD
V	240734	USD
V	240803	USD
V	240872	USD
V	240939	USD
V	241008	USD
V	241077	USD
V	241146	USD
V	241215	USD
V	241284	USD
V	241351	USD
V	241419	USD
V	241492	USD
V	241561	USD
V	241630	USD
V	241696	USD
V	241765	USD
V	241834	USD
V	241903	USD
V	241972	USD
V	242041	USD
V	242110	USD
V	242179	USD
V	242250	USD
V	242314	USD
V	242383	USD
V	242450	USD
V	242519	USD
V	242588	USD
V	242657	USD
V	242725	USD
V	242797	USD
V	242865	USD
V	242933	USD
V	243003	USD
V	243072	USD
V	243141	USD
V	243208	USD
V	243276	USD
V	243345	USD
V	243412	USD
V	243481	USD
V	243551	USD
V	243619	USD
V	243688	USD
V	243757	USD
V	243826	USD
V	243895	USD
V	243962	USD
V	244031	USD
V	244100	USD
V	244169	USD
V	244238	USD
V	244309	USD
V	244378	USD
V	244447	USD
V	244516	USD
V	244585	USD
V	244654	USD
V	244722	USD
V	244790	USD
V	244859	USD
V	244928	USD
V	244997	USD
V	245068	USD
V	245137	USD
V	245206	USD
V	245276	USD
V	245345	USD
V	245414	USD
V	245480	USD
V	245548	USD
V	245615	USD
V	245684	USD
V	245752	USD
V	245824	USD
V	245890	USD
V	245959	USD
V	246029	USD
V	246098	USD
V	246167	USD
V	246234	USD
V	246303	USD
V	246372	USD
V	246440	USD
V	246509	USD
V	246579	USD
V	246646	USD
V	246714	USD
V	246782	USD
V	246851	USD
V	246920	USD
V	246987	USD
V	247056	USD
V	247125	USD
V	247194	USD
V	247262	USD
V	247333	USD
V	247401	USD
V	247469	USD
V	247537	USD
V	247606	USD
V	247675	USD
V	247742	USD
V	247811	USD
V	247880	USD
V	247949	USD
V	248018	USD
V	248089	USD
V	248157	USD
V	248226	USD
V	248299	USD
V	248368	USD
V	248437	USD
V	248504	USD
V	248573	USD
V	248642	USD
V	248711	USD
V	248780	USD
V	248851	USD
V	248920	USD
V	248989	USD
V	249060	USD
V	249129	USD
V	249198	USD
V	249266	USD
V	249335	USD
V	249404	USD
V	249473	USD
V	249542	USD
V	249613	USD
V	249681	USD
V	249750	USD
V	249813	USD
V	249882	USD
V	249951	USD
V	250017	USD
V	250086	USD
V	250153	USD
V	250221	USD
V	250290	USD
V	250361	USD
V	250429	USD
V	250498	USD
V	250566	USD
V	250635	USD
V	250704	USD
V	250772	USD
V	250840	USD
V	250909	USD
V	250978	USD
V	251047	USD
V	251116	USD
V	251182	USD
V	251251	USD
V	251320	USD
V	251389	USD
V	251458	USD
V	251525	USD
V	251594	USD
V	251663	USD
V	251732	USD
V	251800	USD
V	251870	USD
V	251936	USD
V	252005	USD
V	252076	USD
V	252145	USD
V	252214	USD
V	252282	USD
V	252351	USD
V	252420	USD
V	252489	USD
V	252558	USD
V	252629	USD
V	252697	USD
V	252766	USD
V	252835	USD
V	252904	USD
V	252973	USD
V	253041	USD
V	253110	USD
V	253179	USD
V	253248	USD
V	253317	USD
V	253388	USD
V	253456	USD
V	253525	USD
V	253596	USD
V	253665	USD
V	253734	USD
V	253802	USD
V	253871	USD
V	253940	USD
V	254009	USD
V	254078	USD
V	254150	USD
V	254218	USD
V	254287	USD
V	254355	USD
V	254424	USD
V	254493	USD
V	254560	USD
V	254629	USD
V	254698	USD
V	254767	USD
V	254836	USD
V	254907	USD
V	254975	USD
V	255044	USD
V	255114	USD
V	255182	USD
V	255251	USD
V	255318	USD
V	255387	USD
V	255456	USD
V	255525	USD
V	255594	USD
V	255664	USD
V	255733	USD
V	255802	USD
V	255872	USD
V	255941	USD
V	256010	USD
V	256076	USD
V	256143	USD
V	256212	USD
V	256281	USD
V	256350	USD
V	256421	USD
V	256490	USD
V	256558	USD
V	256629	USD
V	256698	USD
V	256767	USD
V	256834	USD
V	256903	USD
V	256972	USD
V	257040	USD
V	257109	USD
V	257179	USD
V	257245	USD
V	257313	USD
V	257382	USD
V	257451	USD
V	257520	USD
V	257587	USD
V	257656	USD
V	257725	USD
V	257793	USD
V	257862	USD
V	257933	USD
V	258001	USD
V	258070	USD
V	258139	USD
V	258208	USD
V	258277	USD
V	258345	USD
V	258414	USD
V	258481	USD
V	258550	USD
V	258618	USD
V	258689	USD
V	258757	USD
V	258826	USD
V	258894	USD
V	258963	USD
V	259032	USD
V	259099	USD
V	259168	USD
V	259237	USD
V	259305	USD
V	259374	USD
V	259445	USD
V	259514	USD
V	259583	USD
V	259656	USD
V	259725	USD
V	259793	USD
V	259860	USD
V	259928	USD
V	259997	USD
V	260066	USD
V	260135	USD
V	260204	USD
V	260273	USD
V	260342	USD
V	260410	USD
V	260479	USD
V	260548	USD
V	260615	USD
V	260684	USD
V	260753	USD
V	260822	USD
V	260891	USD
V	260962	USD
V	261030	USD
V	261099	USD
V	261172	USD
V	261241	USD
V	261310	USD
V	261377	USD
V	261446	USD
V	261515	USD
V	261584	USD
V	261653	USD
V	261724	USD
V	261792	USD
V	261860	USD
V	261928	USD
V	261997	USD
V	262066	USD
V	262133	USD
V	262202	USD
V	262271	USD
V	262340	USD
V	262409	USD
V	262479	USD
V	262547	USD
V	262616	USD
V	262687	USD
V	262756	USD
V	262825	USD
V	262892	USD
V	262961	USD
V	263030	USD
V	263099	USD
V	263168	USD
V	263239	USD
V	263307	USD
V	263376	USD
V	263445	USD
V	263514	USD
V	263583	USD
V	263650	USD
V	263719	USD
V	263786	USD
V	263855	USD
V	263924	USD
V	263995	USD
V	264063	USD
V	264132	USD
V	264200	USD
V	264269	USD
V	264337	USD
V	264403	USD
V	264472	USD
V	264541	USD
V	264610	USD
V	264679	USD
V	264750	USD
V	264818	USD
V	264887	USD
V	264960	USD
V	265024	USD
V	265093	USD
V	265160	USD
V	265229	USD
V	265298	USD
V	265367	USD
V	265436	USD
V	265507	USD
V	265574	USD
V	265642	USD
V	265713	USD
V	265777	USD
V	265846	USD
V	265912	USD
V	265981	USD
V	266048	USD
V	266117	USD
V	266186	USD
V	266256	USD
V	266324	USD
V	266393	USD
V	266461	USD
V	266525	USD
V	266594	USD
V	266661	USD
V	266730	USD
V	266799	USD
V	266868	USD
V	266937	USD
V	267007	USD
V	267075	USD
V	267144	USD
V	267213	USD
V	267277	USD
V	267346	USD
V	267413	USD
V	267482	USD
V	267551	USD
V	267620	USD
V	267689	USD
V	267759	USD
V	267828	USD
V	267897	USD
V	267968	USD
V	268032	USD
V	268101	USD
V	268168	USD
V	268237	USD
V	268306	USD
V	268375	USD
V	268444	USD
V	268515	USD
V	268583	USD
V	268652	USD
V	268721	USD
V	268790	USD
V	268859	USD
V	268925	USD
V	268994	USD
V	269062	USD
V	269131	USD
V	269200	USD
V	269271	USD
V	269339	USD
V	269408	USD
V	269478	USD
V	269547	USD
V	269616	USD
V	269683	USD
V	269752	USD
V	269821	USD
V	269890	USD
V	269959	USD
V	270030	USD
V	270097	USD
V	270166	USD
V	270236	USD
V	270305	USD
V	270374	USD
V	270442	USD
V	270511	USD
V	270580	USD
V	270649	USD
V	270718	USD
V	270787	USD
V	270856	USD
V	270925	USD
V	270996	USD
V	271065	USD
V	271134	USD
V	271202	USD
V	271270	USD
V	271339	USD
V	271407	USD
V	271476	USD
V	271546	USD
V	271615	USD
V	271684	USD
V	271757	USD
V	271826	USD
V	271895	USD
V	271962	USD
V	272031	USD
V	272100	USD
V	272169	USD
V	272238	USD
V	272308	USD
V	272376	USD
V	272445	USD
V	272514	USD
V	272583	USD
V	272652	USD
V	272719	USD
V	272788	USD
V	272857	USD
V	272925	USD
V	272994	USD
V	273063	USD
V	273130	USD
V	273199	USD
V	273268	USD
V	273337	USD
V	273405	USD
V	273472	USD
V	273541	USD
V	273610	USD
V	273678	USD
V	273747	USD
V	273816	USD
V	273884	USD
V	273953	USD
V	274024	USD
V	274093	USD
V	274162	USD
V	274229	USD
V	274298	USD
V	274367	USD
V	274436	USD
V	274505	USD
V	274576	USD
V	274644	USD
V	274713	USD
V	274784	USD
V	274852	USD
V	274920	USD
V	274986	USD
V	275055	USD
V	275124	USD
V	275193	USD
V	275262	USD
V	275333	USD
V	275401	USD
V	275468	USD
V	275538	USD
V	275607	USD
V	275676	USD
V	275743	USD
V	275812	USD
V	275881	USD
V	275950	USD
V	276019	USD
V	276090	USD
V	276159	USD
V	276227	USD
V	276295	USD
V	276364	USD
V	276433	USD
V	276500	USD
V	276569	USD
V	276638	USD
V	276705	USD
V	276774	USD
V	276845	USD
V	276912	USD
V	276981	USD
V	277051	USD
V	277120	USD
V	277189	USD
V	277255	USD
V	277324	USD
V	277391	USD
V	277460	USD
V	277529	USD
V	277600	USD
V	277668	USD
V	277737	USD
V	277805	USD
V	277874	USD
V	277943	USD
V	278009	USD
V	278078	USD
V	278147	USD
V	278214	USD
V	278283	USD
V	278353	USD
V	278420	USD
V	278489	USD
V	278559	USD
V	278628	USD
V	278697	USD
V	278763	USD
V	278832	USD
V	278901	USD
V	278969	USD
V	279038	USD
V	279108	USD
V	279175	USD
V	279244	USD
V	279312	USD
V	279381	USD
V	279450	USD
V	279517	USD
V	279586	USD
V	279654	USD
V	279723	USD
V	279792	USD
V	279863	USD
V	279931	USD
V	280000	USD
V	280070	USD
V	280139	USD
V	280207	USD
V	280276	USD
V	280345	USD
V	280414	USD
V	280483	USD
V	280552	USD
V	280623	USD
V	280691	USD
V	280760	USD
V	280831	USD
V	280900	USD
V	280969	USD
V	281036	USD
V	281105	USD
V	281174	USD
V	281243	USD
V	281312	USD
V	281381	USD
V	281450	USD
V	281519	USD
V	281592	USD
V	281661	USD
V	281729	USD
V	281798	USD
V	281867	USD
V	281936	USD
V	282005	USD
V	282074	USD
V	282146	USD
V	282215	USD
V	282284	USD
V	282353	USD
V	282421	USD
V	282489	USD
V	282557	USD
V	282625	USD
V	282694	USD
V	282763	USD
V	282832	USD
V	282902	USD
V	282970	USD
V	283039	USD
V	283109	USD
V	283178	USD
V	283246	USD
V	283313	USD
V	283382	USD
V	283451	USD
V	283520	USD
V	283589	USD
V	283659	USD
V	283727	USD
V	283796	USD
V	283864	USD
V	283933	USD
V	284000	USD
V	284068	USD
V	284137	USD
V	284205	USD
V	284274	USD
V	284343	USD
V	284413	USD
V	284481	USD
V	284550	USD
V	284617	USD
V	284686	USD
V	284755	USD
V	284823	USD
V	284891	USD
V	284960	USD
V	285029	USD
V	285098	USD
V	285170	USD
V	285238	USD
V	285307	USD
V	285376	USD
V	285444	USD
V	285513	USD
V	285580	USD
V	285648	USD
V	285717	USD
V	285786	USD
V	285855	USD
V	285926	USD
V	285994	USD
V	286063	USD
V	286132	USD
V	286201	USD
V	286270	USD
V	286339	USD
V	286408	USD
V	286476	USD
V	286544	USD
V	286613	USD
V	286683	USD
V	286750	USD
V	286819	USD
V	286890	USD
V	286959	USD
V	287028	USD
V	287096	USD
V	287164	USD
V	287233	USD
V	287301	USD
V	287370	USD
V	287442	USD
V	287510	USD
V	287579	USD
V	287652	USD
V	287721	USD
V	287790	USD
V	287859	USD
V	287926	USD
V	287995	USD
V	288064	USD
V	288133	USD
V	288203	USD
V	288271	USD
V	288340	USD
V	288411	USD
V	288480	USD
V	288547	USD
V	288614	USD
V	288681	USD
V	288750	USD
V	288819	USD
V	288888	USD
V	288958	USD
V	289027	USD
V	289096	USD
V	289169	USD
V	289238	USD
V	289307	USD
V	289375	USD
V	289444	USD
V	289511	USD
V	289580	USD
V	289649	USD
V	289718	USD
V	289787	USD
V	289856	USD
V	289929	USD
V	289997	USD
V	290066	USD
V	290135	USD
V	290204	USD
V	290273	USD
V	290342	USD
V	290411	USD
V	290482	USD
V	290550	USD
V	290619	USD
V	290688	USD
V	290757	USD
V	290826	USD
V	290893	USD
V	290962	USD
V	291030	USD
V	291099	USD
V	291168	USD
V	291239	USD
V	291307	USD
V	291376	USD
V	291446	USD
V	291515	USD
V	291584	USD
V	291652	USD
V	291720	USD
V	291789	USD
V	291858	USD
V	291927	USD
V	291999	USD
V	292067	USD
V	292136	USD
V	292202	USD
V	292271	USD
V	292340	USD
V	292408	USD
V	292477	USD
V	292546	USD
V	292615	USD
V	292684	USD
V	292754	USD
V	292821	USD
V	292890	USD
V	292958	USD
V	293026	USD
V	293095	USD
V	293162	USD
V	293231	USD
V	293300	USD
V	293368	USD
V	293437	USD
V	293507	USD
V	293574	USD
V	293642	USD
V	293712	USD
V	293780	USD
V	293849	USD
V	293916	USD
V	293985	USD
V	294054	USD
V	294123	USD
V	294192	USD
V	294262	USD
V	294330	USD
V	294399	USD
V	294467	USD
V	294535	USD
V	294604	USD
V	294671	USD
V	294739	USD
V	294808	USD
V	294877	USD
V	294946	USD
V	295016	USD
V	295083	USD
V	295152	USD
V	295220	USD
V	295288	USD
V	295357	USD
V	295425	USD
V	295494	USD
V	295563	USD
V	295632	USD
V	295701	USD
V	295772	USD
V	295841	USD
V	295910	USD
V	295979	USD
V	296048	USD
V	296117	USD
V	296185	USD
V	296254	USD
V	296323	USD
V	296392	USD
V	296461	USD
V	296532	USD
V	296599	USD
V	296668	USD
V	296739	USD
V	296808	USD
V	296877	USD
V	296944	USD
V	297013	USD
V	297081	USD
V	297150	USD
V	297219	USD
V	297290	USD
V	297357	USD
V	297426	USD
V	297495	USD
V	297564	USD
V	297633	USD
V	297699	USD
V	297768	USD
V	297837	USD
V	297906	USD
V	297975	USD
V	298046	USD
V	298113	USD
V	298182	USD
V	298253	USD
V	298317	USD
V	298386	USD
V	298452	USD
V	298521	USD
V	298589	USD
V	298658	USD
V	298727	USD
V	298793	USD
V	298860	USD
V	298929	USD
V	299000	USD
V	299069	USD
V	299138	USD
V	299205	USD
V	299274	USD
V	299342	USD
V	299411	USD
V	299480	USD
V	299550	USD
V	299618	USD
V	299687	USD
V	299756	USD
V	299825	USD
V	299894	USD
V	299961	USD
V	300029	USD
V	300097	USD
V	300166	USD
V	300234	USD
V	300305	USD
V	300373	USD
V	300441	USD
V	300510	USD
V	300579	USD
V	300648	USD
V	300715	USD
V	300784	USD
V	300853	USD
V	300922	USD
V	300991	USD
V	301063	USD
V	301131	USD
V	301200	USD
V	301269	USD
V	301338	USD
V	301407	USD
V	301474	USD
V	301543	USD
V	301612	USD
V	301680	USD
V	301749	USD
V	301820	USD
V	301888	USD
V	301957	USD
V	302028	USD
V	302097	USD
V	302164	USD
V	302231	USD
V	302300	USD
V	302369	USD
V	302438	USD
V	302507	USD
V	302578	USD
V	302647	USD
V	302715	USD
V	302788	USD
V	302857	USD
V	302926	USD
V	302993	USD
V	303062	USD
V	303131	USD
V	303200	USD
V	303269	USD
V	303341	USD
V	303409	USD
V	303478	USD
V	303548	USD
V	303616	USD
V	303685	USD
V	303752	USD
V	303821	USD
V	303890	USD
V	303959	USD
V	304028	USD
V	304098	USD
V	304166	USD
V	304235	USD
V	304303	USD
V	304372	USD
V	304441	USD
V	304508	USD
V	304577	USD
V	304646	USD
V	304715	USD
V	304784	USD
V	304854	USD
V	304923	USD
V	304992	USD
V	305058	USD
V	305127	USD
V	305196	USD
V	305263	USD
V	305332	USD
V	305401	USD
V	305470	USD
V	305539	USD
V	305609	USD
V	305677	USD
V	305746	USD
V	305812	USD
V	305881	USD
V	305950	USD
V	306018	USD
V	306087	USD
V	306156	USD
V	306224	USD
V	306293	USD
V	306364	USD
V	306433	USD
V	306502	USD
V	306572	USD
V	306641	USD
V	306710	USD
V	306779	USD
V	306848	USD
V	306917	USD
V	306986	USD
V	307055	USD
V	307126	USD
V	307195	USD
V	307264	USD
V	307333	USD
V	307402	USD
V	307471	USD
V	307540	USD
V	307609	USD
V	307678	USD
V	307746	USD
V	307814	USD
V	307886	USD
V	307954	USD
V	308023	USD
V	308094	USD
V	308163	USD
V	308232	USD
V	308299	USD
V	308368	USD
V	308437	USD
V	308506	USD
V	308575	USD
V	308646	USD
V	308715	USD
V	308784	USD
V	308853	USD
V	308922	USD
V	308991	USD
V	309057	USD
V	309126	USD
V	309195	USD
V	309264	USD
V	309333	USD
V	309404	USD
V	309473	USD
V	309542	USD
V	309612	USD
V	309681	USD
V	309750	USD
V	309817	USD
V	309886	USD
V	309955	USD
V	310023	USD
V	310092	USD
V	310162	USD
V	310230	USD
V	310299	USD
V	310369	USD
V	310438	USD
V	310507	USD
V	310574	USD
V	310643	USD
V	310712	USD
V	310781	USD
V	310850	USD
V	310921	USD
V	310990	USD
V	311059	USD
V	311129	USD
V	311198	USD
V	311267	USD
V	311333	USD
V	311401	USD
V	311470	USD
V	311539	USD
V	311608	USD
V	311679	USD
V	311747	USD
V	311816	USD
V	311887	USD
V	311951	USD
V	312019	USD
V	312086	USD
V	312154	USD
V	312223	USD
V	312292	USD
V	312360	USD
V	312430	USD
V	312499	USD
V	312568	USD
V	312639	USD
V	312707	USD
V	312776	USD
V	312843	USD
V	312912	USD
V	312981	USD
V	313050	USD
V	313119	USD
V	313190	USD
V	313259	USD
V	313328	USD
V	313399	USD
V	313463	USD
V	313532	USD
V	313600	USD
V	313669	USD
V	313738	USD
V	313807	USD
V	313875	USD
V	313946	USD
V	314015	USD
V	314084	USD
V	314153	USD
V	314222	USD
V	314291	USD
V	314357	USD
V	314426	USD
V	314495	USD
V	314564	USD
V	314633	USD
V	314703	USD
V	314771	USD
V	314839	USD
V	314907	USD
V	314976	USD
V	315044	USD
V	315111	USD
V	315180	USD
V	315249	USD
V	315318	USD
V	315387	USD
V	315455	USD
V	315524	USD
V	315593	USD
V	315664	USD
V	315733	USD
V	315802	USD
V	315869	USD
V	315936	USD
V	316005	USD
V	316074	USD
V	316143	USD
V	316212	USD
V	316280	USD
V	316349	USD
V	316420	USD
V	316489	USD
V	316557	USD
V	316623	USD
V	316692	USD
V	316761	USD
V	316830	USD
V	316899	USD
V	316971	USD
V	317038	USD
V	317107	USD
V	317178	USD
V	317247	USD
V	317316	USD
V	317383	USD
V	317450	USD
V	317519	USD
V	317588	USD
V	317657	USD
V	317728	USD
V	317797	USD
V	317866	USD
V	317934	USD
V	318003	USD
V	318071	USD
V	318137	USD
V	318206	USD
V	318275	USD
V	318343	USD
V	318412	USD
V	318483	USD
V	318551	USD
V	318620	USD
V	318691	USD
V	318760	USD
V	318829	USD
V	318896	USD
V	318965	USD
V	319034	USD
V	319103	USD
V	319172	USD
V	319243	USD
V	319311	USD
V	319380	USD
V	319449	USD
V	319518	USD
V	319587	USD
V	319654	USD
V	319723	USD
V	319792	USD
V	319861	USD
V	319930	USD
V	320001	USD
V	320068	USD
V	320137	USD
V	320208	USD
V	320277	USD
V	320345	USD
V	320411	USD
V	320480	USD
V	320549	USD
V	320618	USD
V	320687	USD
V	320754	USD
V	320822	USD
V	320891	USD
V	320960	USD
V	321029	USD
V	321098	USD
V	321164	USD
V	321233	USD
V	321302	USD
V	321371	USD
V	321440	USD
V	321512	USD
V	321580	USD
V	321649	USD
V	321718	USD
V	321786	USD
V	321855	USD
V	321922	USD
V	321991	USD
V	322060	USD
V	322128	USD
V	322197	USD
V	322268	USD
V	322337	USD
V	322406	USD
V	322475	USD
V	322544	USD
V	322613	USD
V	322679	USD
V	322748	USD
V	322816	USD
V	322884	USD
V	322953	USD
V	323023	USD
V	323091	USD
V	323160	USD
V	323228	USD
V	323297	USD
V	323366	USD
V	323434	USD
V	323503	USD
V	323572	USD
V	323640	USD
V	323709	USD
V	323780	USD
V	323848	USD
V	323917	USD
V	323987	USD
V	324056	USD
V	324125	USD
V	324192	USD
V	324261	USD
V	324330	USD
V	324399	USD
V	324468	USD
V	324539	USD
V	324608	USD
V	324677	USD
V	324748	USD
V	324816	USD
V	324885	USD
V	324951	USD
V	325020	USD
V	325089	USD
V	325158	USD
V	325227	USD
V	325299	USD
V	325368	USD
V	325437	USD
V	325506	USD
V	325575	USD
V	325644	USD
V	325711	USD
V	325780	USD
V	325849	USD
V	325918	USD
V	325986	USD
V	326056	USD
V	326125	USD
V	326194	USD
V	326263	USD
V	326332	USD
V	326400	USD
V	326467	USD
V	326536	USD
V	326605	USD
V	326674	USD
V	326742	USD
V	326812	USD
V	326880	USD
V	326949	USD
V	327018	USD
V	327087	USD
V	327156	USD
V	327223	USD
V	327292	USD
V	327361	USD
V	327430	USD
V	327499	USD
V	327568	USD
V	327637	USD
V	327706	USD
V	327779	USD
V	327848	USD
V	327917	USD
V	327984	USD
V	328053	USD
V	328121	USD
V	328190	USD
V	328258	USD
V	328329	USD
V	328396	USD
V	328465	USD
V	328536	USD
V	328605	USD
V	328674	USD
V	328741	USD
V	328810	USD
V	328879	USD
V	328948	USD
V	329017	USD
V	329089	USD
V	329157	USD
V	329226	USD
V	329295	USD
V	329364	USD
V	329433	USD
V	329500	USD
V	329568	USD
V	329637	USD
V	329706	USD
V	329775	USD
V	329846	USD
V	329913	USD
V	329982	USD
V	330051	USD
V	330119	USD
V	330188	USD
V	330254	USD
V	330323	USD
V	330392	USD
V	330461	USD
V	330529	USD
V	330599	USD
V	330668	USD
V	330737	USD
V	330807	USD
V	330876	USD
V	330945	USD
V	331010	USD
V	331079	USD
V	331148	USD
V	331216	USD
V	331285	USD
V	331354	USD
V	331423	USD
V	331492	USD
V	331563	USD
V	331632	USD
V	331701	USD
V	331766	USD
V	331835	USD
V	331904	USD
V	331973	USD
V	332042	USD
V	332112	USD
V	332180	USD
V	332249	USD
V	332322	USD
V	332391	USD
V	332460	USD
V	332526	USD
V	332595	USD
V	332664	USD
V	332732	USD
V	332800	USD
V	332871	USD
V	332939	USD
V	333008	USD
V	333079	USD
V	333148	USD
V	333215	USD
V	333282	USD
V	333351	USD
V	333420	USD
V	333488	USD
V	333556	USD
V	333628	USD
V	333695	USD
V	333764	USD
V	333837	USD
V	333906	USD
V	333975	USD
V	334041	USD
V	334110	USD
V	334179	USD
V	334247	USD
V	334315	USD
V	334386	USD
V	334454	USD
V	334523	USD
V	334594	USD
V	334663	USD
V	334732	USD
V	334799	USD
V	334868	USD
V	334937	USD
V	335004	USD
V	335071	USD
V	335142	USD
V	335210	USD
V	335279	USD
V	335352	USD
V	335421	USD
V	335490	USD
V	335557	USD
V	335625	USD
V	335694	USD
V	335762	USD
V	335831	USD
V	335900	USD
V	335969	USD
V	336038	USD
V	336111	USD
V	336179	USD
V	336248	USD
V	336315	USD
V	336384	USD
V	336452	USD
V	336520	USD
V	336589	USD
V	336659	USD
V	336728	USD
V	336797	USD
V	336870	USD
V	336939	USD
V	337008	USD
V	337075	USD
V	337144	USD
V	337213	USD
V	337281	USD
V	337350	USD
V	337420	USD
V	337488	USD
V	337557	USD
V	337628	USD
V	337697	USD
V	337766	USD
V	337833	USD
V	337902	USD
V	337971	USD
V	338040	USD
V	338109	USD
V	338179	USD
V	338248	USD
V	338317	USD
V	338390	USD
V	338459	USD
V	338528	USD
V	338596	USD
V	338665	USD
V	338734	USD
V	338803	USD
V	338871	USD
V	338942	USD
V	339011	USD
V	339080	USD
V	339149	USD
V	339218	USD
V	339286	USD
V	339353	USD
V	339422	USD
V	339490	USD
V	339558	USD
V	339627	USD
V	339698	USD
V	339765	USD
V	339834	USD
V	339905	USD
V	339973	USD
V	340041	USD
V	340110	USD
V	340179	USD
V	340248	USD
V	340316	USD
V	340385	USD
V	340457	USD
V	340525	USD
V	340593	USD
V	340664	USD
V	340733	USD
V	340801	USD
V	340869	USD
V	340938	USD
V	341007	USD
V	341076	USD
V	341145	USD
V	341215	USD
V	341283	USD
V	341352	USD
V	341423	USD
V	341491	USD
V	341560	USD
V	341628	USD
V	341697	USD
V	341765	USD
V	341834	USD
V	341903	USD
V	341973	USD
V	342040	USD
V	342109	USD
V	342180	USD
V	342249	USD
V	342318	USD
V	342386	USD
V	342455	USD
V	342524	USD
V	342593	USD
V	342662	USD
V	342733	USD
V	342800	USD
V	342868	USD
V	342941	USD
V	343010	USD
V	343079	USD
V	343147	USD
V	343216	USD
V	343285	USD
V	343354	USD
V	343423	USD
V	343494	USD
V	343562	USD
V	343631	USD
V	343702	USD
V	343771	USD
V	343840	USD
V	343907	USD
V	343976	USD
V	344045	USD
V	344114	USD
V	344183	USD
V	344253	USD
V	344320	USD
V	344389	USD
V	344459	USD
V	344528	USD
V	344597	USD
V	344665	USD
V	344734	USD
V	344803	USD
V	344872	USD
V	344940	USD
V	345011	USD
V	345079	USD
V	345148	USD
V	345219	USD
V	345283	USD
V	345352	USD
V	345419	USD
V	345487	USD
V	345556	USD
V	345624	USD
V	345693	USD
V	345765	USD
V	345832	USD
V	345901	USD
V	345974	USD
V	346043	USD
V	346112	USD
V	346177	USD
V	346246	USD
V	346315	USD
V	346384	USD
V	346452	USD
V	346524	USD
V	346593	USD
V	346662	USD
V	346733	USD
V	346802	USD
V	346870	USD
V	346938	USD
V	347007	USD
V	347076	USD
V	347145	USD
V	347214	USD
V	347284	USD
V	347352	USD
V	347421	USD
V	347489	USD
V	347558	USD
V	347627	USD
V	347694	USD
V	347763	USD
V	347832	USD
V	347901	USD
V	347970	USD
V	348040	USD
V	348108	USD
V	348177	USD
V	348243	USD
V	348312	USD
V	348381	USD
V	348448	USD
V	348517	USD
V	348586	USD
V	348654	USD
V	348722	USD
V	348792	USD
V	348861	USD
V	348930	USD
V	348999	USD
V	349068	USD
V	349137	USD
V	349204	USD
V	349273	USD
V	349342	USD
V	349411	USD
V	349480	USD
V	349550	USD
V	349617	USD
V	349686	USD
V	349756	USD
V	349825	USD
V	349894	USD
V	349961	USD
V	350029	USD
V	350098	USD
V	350167	USD
V	350234	USD
V	350305	USD
V	350374	USD
V	350443	USD
V	350511	USD
V	350580	USD
V	350648	USD
V	350715	USD
V	350784	USD
V	350853	USD
V	350921	USD
V	350990	USD
V	351061	USD
V	351129	USD
V	351198	USD
V	351267	USD
V	351336	USD
V	351405	USD
V	351472	USD
V	351541	USD
V	351610	USD
V	351679	USD
V	351748	USD
V	351818	USD
V	351886	USD
V	351955	USD
V	352025	USD
V	352094	USD
V	352163	USD
V	352229	USD
V	352298	USD
V	352367	USD
V	352436	USD
V	352505	USD
V	352576	USD
V	352644	USD
V	352713	USD
V	352783	USD
V	352852	USD
V	352921	USD
V	352987	USD
V	353056	USD
V	353125	USD
V	353194	USD
V	353263	USD
V	353333	USD
V	353402	USD
V	353471	USD
V	353539	USD
V	353608	USD
V	353677	USD
V	353744	USD
V	353813	USD
V	353882	USD
V	353950	USD
V	354019	USD
V	354088	USD
V	354151	USD
V	354220	USD
V	354291	USD
V	354360	USD
V	354429	USD
V	354495	USD
V	354564	USD
V	354633	USD
V	354701	USD
V	354770	USD
V	354842	USD
V	354910	USD
V	354979	USD
V	355047	USD
V	355115	USD
V	355184	USD
V	355251	USD
V	355320	USD
V	355389	USD
V	355458	USD
V	355527	USD
V	355598	USD
V	355666	USD
V	355735	USD
V	355805	USD
V	355874	USD
V	355943	USD
V	356011	USD
V	356080	USD
V	356149	USD
V	356218	USD
V	356287	USD
V	356359	USD
V	356426	USD
V	356495	USD
V	356567	USD
V	356636	USD
V	356705	USD
V	356772	USD
V	356840	USD
V	356909	USD
V	356977	USD
V	357046	USD
V	357117	USD
V	357185	USD
V	357254	USD
V	357324	USD
V	357393	USD
V	357462	USD
V	357529	USD
V	357597	USD
V	357666	USD
V	357734	USD
V	357803	USD
V	357873	USD
V	357941	USD
V	358010	USD
V	358078	USD
V	358147	USD
V	358216	USD
V	358283	USD
V	358352	USD
V	358421	USD
V	358489	USD
V	358558	USD
V	358629	USD
V	358696	USD
V	358765	USD
V	358835	USD
V	358904	USD
V	358973	USD
V	359040	USD
V	359109	USD
V	359178	USD
V	359247	USD
V	359315	USD
V	359386	USD
V	359452	USD
V	359520	USD
V	359590	USD
V	359659	USD
V	359727	USD
V	359794	USD
V	359863	USD
V	359932	USD
V	360001	USD
V	360070	USD
V	360141	USD
V	360210	USD
V	360279	USD
V	360347	USD
V	360416	USD
V	360485	USD
V	360551	USD
V	360620	USD
V	360689	USD
V	360758	USD
V	360826	USD
V	360897	USD
V	360965	USD
V	361034	USD
V	361104	USD
V	361173	USD
V	361242	USD
V	361309	USD
V	361378	USD
V	361446	USD
V	361515	USD
V	361584	USD
V	361654	USD
V	361723	USD
V	361792	USD
V	361861	USD
V	361930	USD
V	361999	USD
V	362066	USD
V	362135	USD
V	362204	USD
V	362271	USD
V	362340	USD
V	362411	USD
V	362478	USD
V	362547	USD
V	362617	USD
V	362686	USD
V	362755	USD
V	362822	USD
V	362891	USD
V	362960	USD
V	363029	USD
V	363097	USD
V	363167	USD
V	363234	USD
V	363302	USD
V	363372	USD
V	363441	USD
V	363510	USD
V	363577	USD
V	363646	USD
V	363715	USD
V	363784	USD
V	363852	USD
V	363922	USD
V	363989	USD
V	364058	USD
V	364126	USD
V	364195	USD
V	364263	USD
V	364331	USD
V	364400	USD
V	364469	USD
V	364538	USD
V	364607	USD
V	364677	USD
V	364745	USD
V	364814	USD
V	364883	USD
V	364952	USD
V	365021	USD
V	365088	USD
V	365157	USD
V	365226	USD
V	365295	USD
V	365364	USD
V	365436	USD
V	365505	USD
V	365574	USD
V	365644	USD
V	365713	USD
V	365782	USD
V	365849	USD
V	365918	USD
V	365987	USD
V	366056	USD
V	366125	USD
V	366197	USD
V	366265	USD
V	366334	USD
V	366405	USD
V	366474	USD
V	366542	USD
V	366609	USD
V	366678	USD
V	366747	USD
V	366816	USD
V	366885	USD
V	366957	USD
V	367025	USD
V	367094	USD
V	367165	USD
V	367234	USD
V	367303	USD
V	367370	USD
V	367439	USD
V	367508	USD
V	367577	USD
V	367646	USD
V	367717	USD
V	367783	USD
V	367852	USD
V	367925	USD
V	367994	USD
V	368063	USD
V	368130	USD
V	368197	USD
V	368266	USD
V	368335	USD
V	368404	USD
V	368473	USD
V	368540	USD
V	368609	USD
V	368682	USD
V	368750	USD
V	368819	USD
V	368886	USD
V	368953	USD
V	369022	USD
V	369091	USD
V	369160	USD
V	369230	USD
V	369298	USD
V	369367	USD
V	369438	USD
V	369507	USD
V	369576	USD
V	369642	USD
V	369711	USD
V	369780	USD
V	369849	USD
V	369918	USD
V	369989	USD
V	370055	USD
V	370124	USD
V	370192	USD
V	370260	USD
V	370329	USD
V	370396	USD
V	370465	USD
V	370534	USD
V	370603	USD
V	370672	USD
V	370744	USD
V	370813	USD
V	370882	USD
V	370949	USD
V	371018	USD
V	371087	USD
V	371154	USD
V	371223	USD
V	371291	USD
V	371358	USD
V	371427	USD
V	371498	USD
V	371565	USD
V	371634	USD
V	371705	USD
V	371774	USD
V	371843	USD
V	371909	USD
V	371976	USD
V	372044	USD
V	372113	USD
V	372182	USD
V	372254	USD
V	372323	USD
V	372392	USD
V	372463	USD
V	372532	USD
V	372600	USD
V	372669	USD
V	372737	USD
V	372806	USD
V	372875	USD
V	372944	USD
V	373014	USD
V	373081	USD
V	373150	USD
V	373220	USD
V	373289	USD
V	373357	USD
V	373425	USD
V	373494	USD
V	373563	USD
V	373632	USD
V	373701	USD
V	373771	USD
V	373838	USD
V	373907	USD
V	373975	USD
V	374044	USD
V	374113	USD
V	374182	USD
V	374251	USD
V	374320	USD
V	374389	USD
V	374458	USD
V	374528	USD
V	374596	USD
V	374665	USD
V	374733	USD
V	374802	USD
V	374871	USD
V	374939	USD
V	375008	USD
V	375077	USD
V	375146	USD
V	375215	USD
V	375286	USD
V	375355	USD
V	375424	USD
V	375495	USD
V	375564	USD
V	375632	USD
V	375701	USD
V	375770	USD
V	375839	USD
V	375908	USD
V	375977	USD
V	376048	USD
V	376116	USD
V	376185	USD
V	376258	USD
V	376327	USD
V	376395	USD
V	376463	USD
V	376531	USD
V	376599	USD
V	376668	USD
V	376737	USD
V	376806	USD
V	376875	USD
V	376944	USD
V	377015	USD
V	377084	USD
V	377152	USD
V	377220	USD
V	377289	USD
V	377358	USD
V	377427	USD
V	377496	USD
V	377567	USD
V	377634	USD
V	377703	USD
V	377775	USD
V	377844	USD
V	377913	USD
V	377982	USD
V	378051	USD
V	378119	USD
V	378188	USD
V	378257	USD
V	378328	USD
V	378397	USD
V	378466	USD
V	378535	USD
V	378604	USD
V	378673	USD
V	378741	USD
V	378809	USD
V	378877	USD
V	378946	USD
V	379015	USD
V	379085	USD
V	379153	USD
V	379222	USD
V	379293	USD
V	379362	USD
V	379431	USD
V	379499	USD
V	379568	USD
V	379637	USD
V	379706	USD
V	379775	USD
V	379845	USD
V	379912	USD
V	379981	USD
V	380050	USD
V	380114	USD
V	380183	USD
V	380252	USD
V	380321	USD
V	380390	USD
V	380459	USD
V	380528	USD
V	380598	USD
V	380666	USD
V	380735	USD
V	380803	USD
V	380872	USD
V	380941	USD
V	381010	USD
V	381079	USD
V	381148	USD
V	381217	USD
V	381286	USD
V	381357	USD
V	381425	USD
V	381494	USD
V	381565	USD
V	381634	USD
V	381703	USD
V	381770	USD
V	381839	USD
V	381907	USD
V	381976	USD
V	382045	USD
V	382115	USD
V	382184	USD
V	382253	USD
V	382324	USD
V	382393	USD
V	382462	USD
V	382531	USD
V	382600	USD
V	382669	USD
V	382738	USD
V	382807	USD
V	382877	USD
V	382945	USD
V	383014	USD
V	383085	USD
V	383154	USD
V	383223	USD
V	383291	USD
V	383360	USD
V	383429	USD
V	383498	USD
V	383567	USD
V	383637	USD
V	383704	USD
V	383773	USD
V	383844	USD
V	383912	USD
V	383981	USD
V	384049	USD
V	384118	USD
V	384187	USD
V	384256	USD
V	384325	USD
V	384395	USD
V	384463	USD
V	384532	USD
V	384602	USD
V	384671	USD
V	384738	USD
V	384806	USD
V	384874	USD
V	384943	USD
V	385012	USD
V	385081	USD
V	385151	USD
V	385219	USD
V	385288	USD
V	385358	USD
V	385427	USD
V	385496	USD
V	385565	USD
V	385634	USD
V	385703	USD
V	385772	USD
V	385841	USD
V	385912	USD
V	385980	USD
V	386049	USD
V	386120	USD
V	386189	USD
V	386257	USD
V	386325	USD
V	386394	USD
V	386463	USD
V	386532	USD
V	386601	USD
V	386672	USD
V	386741	USD
V	386810	USD
V	386879	USD
V	386948	USD
V	387017	USD
V	387085	USD
V	387154	USD
V	387223	USD
V	387292	USD
V	387361	USD
V	387432	USD
V	387501	USD
V	387570	USD
V	387643	USD
V	387712	USD
V	387781	USD
V	387849	USD
V	387918	USD
V	387987	USD
V	388056	USD
V	388125	USD
V	388195	USD
V	388263	USD
V	388332	USD
V	388403	USD
V	388472	USD
V	388541	USD
V	388608	USD
V	388676	USD
V	388745	USD
V	388814	USD
V	388883	USD
V	388953	USD
V	389021	USD
V	389090	USD
V	389163	USD
V	389232	USD
V	389301	USD
V	389369	USD
V	389438	USD
V	389507	USD
V	389575	USD
V	389644	USD
V	389714	USD
V	389782	USD
V	389851	USD
V	389921	USD
V	389990	USD
V	390057	USD
V	390123	USD
V	390192	USD
V	390261	USD
V	390328	USD
V	390396	USD
V	390467	USD
V	390534	USD
V	390603	USD
V	390676	USD
V	390745	USD
V	390814	USD
V	390882	USD
V	390951	USD
V	391020	USD
V	391089	USD
V	391158	USD
V	391229	USD
V	391297	USD
V	391366	USD
V	391437	USD
V	391506	USD
V	391575	USD
V	391643	USD
V	391712	USD
V	391780	USD
V	391848	USD
V	391917	USD
V	391988	USD
V	392055	USD
V	392124	USD
V	392194	USD
V	392263	USD
V	392332	USD
V	392399	USD
V	392468	USD
V	392537	USD
V	392606	USD
V	392675	USD
V	392746	USD
V	392813	USD
V	392882	USD
V	392955	USD
V	393023	USD
V	393092	USD
V	393160	USD
V	393229	USD
V	393298	USD
V	393366	USD
V	393435	USD
V	393506	USD
V	393574	USD
V	393642	USD
V	393713	USD
V	393782	USD
V	393851	USD
V	393918	USD
V	393986	USD
V	394055	USD
V	394124	USD
V	394193	USD
V	394263	USD
V	394332	USD
V	394401	USD
V	394474	USD
V	394543	USD
V	394612	USD
V	394680	USD
V	394748	USD
V	394817	USD
V	394885	USD
V	394954	USD
V	395024	USD
V	395093	USD
V	395162	USD
V	395233	USD
V	395302	USD
V	395370	USD
V	395437	USD
V	395505	USD
V	395574	USD
V	395642	USD
V	395711	USD
V	395781	USD
V	395850	USD
V	395918	USD
V	395989	USD
V	396053	USD
V	396122	USD
V	396191	USD
V	396260	USD
V	396328	USD
V	396397	USD
V	396465	USD
V	396537	USD
V	396606	USD
V	396675	USD
V	396748	USD
V	396817	USD
V	396886	USD
V	396954	USD
V	397023	USD
V	397091	USD
V	397160	USD
V	397229	USD
V	397299	USD
V	397366	USD
V	397435	USD
V	397506	USD
V	397575	USD
V	397644	USD
V	397712	USD
V	397781	USD
V	397850	USD
V	397918	USD
V	397987	USD
V	398059	USD
V	398126	USD
V	398195	USD
V	398266	USD
V	398335	USD
V	398404	USD
V	398473	USD
V	398542	USD
V	398611	USD
V	398680	USD
V	398749	USD
V	398820	USD
V	398888	USD
V	398957	USD
V	399025	USD
V	399093	USD
V	399161	USD
V	399228	USD
V	399297	USD
V	399366	USD
V	399434	USD
V	399503	USD
V	399573	USD
V	399640	USD
V	399709	USD
V	399782	USD
V	399850	USD
V	399918	USD
V	399985	USD
V	400054	USD
V	400123	USD
V	400192	USD
V	400261	USD
V	400331	USD
V	400397	USD
V	400466	USD
V	400539	USD
V	400607	USD
V	400676	USD
V	400744	USD
V	400813	USD
V	400882	USD
V	400950	USD
V	401019	USD
V	401090	USD
V	401157	USD
V	401226	USD
V	401297	USD
V	401366	USD
V	401435	USD
V	401501	USD
V	401570	USD
V	401639	USD
V	401708	USD
V	401777	USD
V	401848	USD
V	401917	USD
V	401986	USD
V	402057	USD
V	402126	USD
V	402195	USD
V	402262	USD
V	402330	USD
V	402399	USD
V	402468	USD
V	402537	USD
V	402608	USD
V	402676	USD
V	402745	USD
V	402814	USD
V	402883	USD
V	402952	USD
V	403020	USD
V	403088	USD
V	403157	USD
V	403226	USD
V	403295	USD
V	403367	USD
V	403434	USD
V	403503	USD
V	403574	USD
V	403643	USD
V	403712	USD
V	403781	USD
V	403850	USD
V	403919	USD
V	403988	USD
V	404057	USD
V	404128	USD
V	404196	USD
V	404265	USD
V	404335	USD
V	404404	USD
V	404473	USD
V	404541	USD
V	404610	USD
V	404679	USD
V	404748	USD
V	404816	USD
V	404886	USD
V	404954	USD
V	405023	USD
V	405096	USD
V	405165	USD
V	405234	USD
V	405302	USD
V	405370	USD
V	405439	USD
V	405508	USD
V	405576	USD
V	405646	USD
V	405713	USD
V	405782	USD
V	405855	USD
V	405924	USD
V	405993	USD
V	406062	USD
V	406130	USD
V	406199	USD
V	406268	USD
V	406337	USD
V	406407	USD
V	406474	USD
V	406543	USD
V	406616	USD
V	406685	USD
V	406754	USD
V	406822	USD
V	406891	USD
V	406960	USD
V	407029	USD
V	407098	USD
V	407168	USD
V	407237	USD
V	407306	USD
V	407374	USD
V	407443	USD
V	407512	USD
V	407579	USD
V	407647	USD
V	407715	USD
V	407783	USD
V	407852	USD
V	407920	USD
V	407988	USD
V	408057	USD
V	408126	USD
V	408195	USD
V	408264	USD
V	408332	USD
V	408401	USD
V	408470	USD
V	408539	USD
V	408608	USD
V	408679	USD
V	408747	USD
V	408816	USD
V	408887	USD
V	408951	USD
V	409020	USD
V	409087	USD
V	409156	USD
V	409225	USD
V	409294	USD
V	409363	USD
V	409434	USD
V	409502	USD
V	409571	USD
V	409640	USD
V	409709	USD
V	409777	USD
V	409846	USD
V	409915	USD
V	409984	USD
V	410053	USD
V	410122	USD
V	410192	USD
V	410255	USD
V	410324	USD
V	410397	USD
V	410466	USD
V	410535	USD
V	410604	USD
V	410672	USD
V	410741	USD
V	410810	USD
V	410879	USD
V	410949	USD
V	411014	USD
V	411083	USD
V	411154	USD
V	411223	USD
V	411292	USD
V	411361	USD
V	411430	USD
V	411499	USD
V	411568	USD
V	411637	USD
V	411707	USD
V	411773	USD
V	411842	USD
V	411911	USD
V	411980	USD
V	412049	USD
V	412118	USD
V	412187	USD
V	412256	USD
V	412325	USD
V	412394	USD
V	412465	USD
V	412533	USD
V	412602	USD
V	412673	USD
V	412742	USD
V	412811	USD
V	412880	USD
V	412949	USD
V	413018	USD
V	413087	USD
V	413156	USD
V	413227	USD
V	413295	USD
V	413363	USD
V	413433	USD
V	413501	USD
V	413570	USD
V	413639	USD
V	413707	USD
V	413776	USD
V	413845	USD
V	413914	USD
V	413987	USD
V	414055	USD
V	414124	USD
V	414195	USD
V	414263	USD
V	414332	USD
V	414400	USD
V	414469	USD
V	414537	USD
V	414606	USD
V	414675	USD
V	414745	USD
V	414813	USD
V	414882	USD
V	414950	USD
V	415013	USD
V	415082	USD
V	415150	USD
V	415219	USD
V	415287	USD
V	415356	USD
V	415425	USD
V	415495	USD
V	415564	USD
V	415633	USD
V	415702	USD
V	415769	USD
V	415838	USD
V	415906	USD
V	415975	USD
V	416044	USD
V	416113	USD
V	416182	USD
V	416253	USD
V	416321	USD
V	416390	USD
V	416459	USD
V	416522	USD
V	416591	USD
V	416659	USD
V	416728	USD
V	416797	USD
V	416866	USD
V	416935	USD
V	417005	USD
V	417073	USD
V	417141	USD
V	417212	USD
V	417281	USD
V	417350	USD
V	417419	USD
V	417488	USD
V	417557	USD
V	417625	USD
V	417694	USD
V	417766	USD
V	417833	USD
V	417902	USD
V	417971	USD
V	418040	USD
V	418109	USD
V	418176	USD
V	418244	USD
V	418312	USD
V	418381	USD
V	418450	USD
V	418518	USD
V	418585	USD
V	418654	USD
V	418727	USD
V	418796	USD
V	418865	USD
V	418934	USD
V	419003	USD
V	419071	USD
V	419140	USD
V	419209	USD
V	419281	USD
V	419350	USD
V	419419	USD
V	419488	USD
V	419557	USD
V	419626	USD
V	419694	USD
V	419763	USD
V	419832	USD
V	419901	USD
V	419970	USD
V	420041	USD
V	420110	USD
V	420179	USD
V	420248	USD
V	420317	USD
V	420386	USD
V	420455	USD
V	420524	USD
V	420593	USD
V	420661	USD
V	420730	USD
V	420800	USD
V	420868	USD
V	420937	USD
V	421008	USD
V	421077	USD
V	421146	USD
V	421215	USD
V	421284	USD
V	421353	USD
V	421420	USD
V	421489	USD
V	421559	USD
V	421627	USD
V	421696	USD
V	421767	USD
V	421835	USD
V	421904	USD
V	421972	USD
V	422041	USD
V	422109	USD
V	422178	USD
V	422247	USD
V	422318	USD
V	422386	USD
V	422454	USD
V	422525	USD
V	422594	USD
V	422663	USD
V	422731	USD
V	422800	USD
V	422869	USD
V	422938	USD
V	423007	USD
V	423078	USD
V	423144	USD
V	423213	USD
V	423284	USD
V	423353	USD
V	423422	USD
V	423489	USD
V	423557	USD
V	423626	USD
V	423695	USD
V	423764	USD
V	423835	USD
V	423904	USD
V	423973	USD
V	424044	USD
V	424113	USD
V	424182	USD
V	424251	USD
V	424320	USD
V	424389	USD
V	424458	USD
V	424527	USD
V	424598	USD
V	424666	USD
V	424735	USD
V	424804	USD
V	424873	USD
V	424942	USD
V	425010	USD
V	425079	USD
V	425148	USD
V	425217	USD
V	425286	USD
V	425357	USD
V	425425	USD
V	425494	USD
V	425565	USD
V	425634	USD
V	425703	USD
V	425770	USD
V	425839	USD
V	425908	USD
V	425977	USD
V	426046	USD
V	426117	USD
V	426185	USD
V	426254	USD
V	426325	USD
V	426394	USD
V	426463	USD
V	426529	USD
V	426597	USD
V	426666	USD
V	426735	USD
V	426804	USD
V	426875	USD
V	426944	USD
V	427013	USD
V	427084	USD
V	427153	USD
V	427222	USD
V	427290	USD
V	427358	USD
V	427426	USD
V	427495	USD
V	427564	USD
V	427635	USD
V	427704	USD
V	427773	USD
V	427842	USD
V	427911	USD
V	427980	USD
V	428049	USD
V	428118	USD
V	428187	USD
V	428256	USD
V	428325	USD
V	428396	USD
V	428464	USD
V	428532	USD
V	428603	USD
V	428667	USD
V	428735	USD
V	428804	USD
V	428873	USD
V	428942	USD
V	429011	USD
V	429080	USD
V	429152	USD
V	429220	USD
V	429289	USD
V	429357	USD
V	429426	USD
V	429494	USD
V	429561	USD
V	429630	USD
V	429699	USD
V	429768	USD
V	429837	USD
V	429909	USD
V	429977	USD
V	430046	USD
V	430114	USD
V	430183	USD
V	430252	USD
V	430320	USD
V	430389	USD
V	430458	USD
V	430527	USD
V	430596	USD
V	430667	USD
V	430736	USD
V	430805	USD
V	430873	USD
V	430941	USD
V	431010	USD
V	431077	USD
V	431146	USD
V	431215	USD
V	431284	USD
V	431352	USD
V	431423	USD
V	431491	USD
V	431559	USD
V	431630	USD
V	431699	USD
V	431768	USD
V	431833	USD
V	431901	USD
V	431970	USD
V	432039	USD
V	432108	USD
V	432178	USD
V	432245	USD
V	432314	USD
V	432383	USD
V	432452	USD
V	432521	USD
V	432588	USD
V	432657	USD
V	432726	USD
V	432794	USD
V	432863	USD
V	432933	USD
V	433000	USD
V	433068	USD
V	433139	USD
V	433208	USD
V	433276	USD
V	433343	USD
V	433412	USD
V	433481	USD
V	433550	USD
V	433619	USD
V	433689	USD
V	433758	USD
V	433827	USD
V	433895	USD
V	433964	USD
V	434033	USD
V	434101	USD
V	434170	USD
V	434239	USD
V	434308	USD
V	434377	USD
V	434448	USD
V	434517	USD
V	434586	USD
V	434654	USD
V	434718	USD
V	434787	USD
V	434855	USD
V	434924	USD
V	434993	USD
V	435062	USD
V	435131	USD
V	435201	USD
V	435269	USD
V	435338	USD
V	435409	USD
V	435478	USD
V	435547	USD
V	435616	USD
V	435685	USD
V	435754	USD
V	435823	USD
V	435892	USD
V	435963	USD
V	436031	USD
V	436100	USD
V	436171	USD
V	436234	USD
V	436303	USD
V	436370	USD
V	436439	USD
V	436508	USD
V	436577	USD
V	436646	USD
V	436716	USD
V	436785	USD
V	436854	USD
V	436924	USD
V	436991	USD
V	437060	USD
V	437128	USD
V	437197	USD
V	437266	USD
V	437335	USD
V	437404	USD
V	437474	USD
V	437541	USD
V	437608	USD
V	437678	USD
V	437746	USD
V	437815	USD
V	437883	USD
V	437952	USD
V	438021	USD
V	438090	USD
V	438159	USD
V	438230	USD
V	438297	USD
V	438366	USD
V	438433	USD
V	438501	USD
V	438570	USD
V	438638	USD
V	438707	USD
V	438776	USD
V	438845	USD
V	438914	USD
V	438985	USD
V	439052	USD
V	439121	USD
V	439189	USD
V	439258	USD
V	439327	USD
V	439395	USD
V	439464	USD
V	439533	USD
V	439601	USD
V	439670	USD
V	439741	USD
V	439810	USD
V	439879	USD
V	439950	USD
V	440018	USD
V	440087	USD
V	440154	USD
V	440223	USD
V	440292	USD
V	440361	USD
V	440430	USD
V	440501	USD
V	440568	USD
V	440637	USD
V	440705	USD
V	440774	USD
V	440843	USD
V	440910	USD
V	440979	USD
V	441048	USD
V	441117	USD
V	441186	USD
V	441256	USD
V	441325	USD
V	441394	USD
V	441464	USD
V	441533	USD
V	441602	USD
V	441669	USD
V	441737	USD
V	441806	USD
V	441875	USD
V	441944	USD
V	442015	USD
V	442083	USD
V	442152	USD
V	442220	USD
V	442289	USD
V	442356	USD
V	442424	USD
V	442492	USD
V	442560	USD
V	442629	USD
V	442698	USD
V	442768	USD
V	442836	USD
V	442904	USD
V	442975	USD
V	443044	USD
V	443113	USD
V	443181	USD
V	443249	USD
V	443318	USD
V	443387	USD
V	443456	USD
V	443527	USD
V	443595	USD
V	443664	USD
V	443732	USD
V	443796	USD
V	443865	USD
V	443934	USD
V	444001	USD
V	444070	USD
V	444138	USD
V	444207	USD
V	444278	USD
V	444347	USD
V	444416	USD
V	444487	USD
V	444556	USD
V	444625	USD
V	444693	USD
V	444761	USD
V	444830	USD
V	444899	USD
V	444968	USD
V	445039	USD
V	445108	USD
V	445177	USD
V	445246	USD
V	445315	USD
V	445384	USD
V	445452	USD
V	445521	USD
V	445590	USD
V	445659	USD
V	445728	USD
V	445800	USD
V	445867	USD
V	445936	USD
V	446008	USD
V	446076	USD
V	446145	USD
V	446213	USD
V	446282	USD
V	446351	USD
V	446420	USD
V	446489	USD
V	446559	USD
V	446628	USD
V	446697	USD
V	446765	USD
V	446834	USD
V	446903	USD
V	446970	USD
V	447039	USD
V	447108	USD
V	447177	USD
V	447246	USD
V	447318	USD
V	447385	USD
V	447454	USD
V	447521	USD
V	447590	USD
V	447659	USD
V	447727	USD
V	447796	USD
V	447865	USD
V	447934	USD
V	448002	USD
V	448071	USD
V	448138	USD
V	448207	USD
V	448275	USD
V	448344	USD
V	448413	USD
V	448480	USD
V	448549	USD
V	448617	USD
V	448686	USD
V	448754	USD
V	448823	USD
V	448890	USD
V	448959	USD
V	449029	USD
V	449098	USD
V	449167	USD
V	449234	USD
V	449303	USD
V	449372	USD
V	449441	USD
V	449510	USD
V	449581	USD
V	449648	USD
V	449716	USD
V	449784	USD
V	449853	USD
V	449922	USD
V	449989	USD
V	450058	USD
V	450127	USD
V	450196	USD
V	450265	USD
V	450336	USD
V	450405	USD
V	450474	USD
V	450547	USD
V	450611	USD
V	450680	USD
V	450747	USD
V	450815	USD
V	450883	USD
V	450952	USD
V	451021	USD
V	451092	USD
V	451161	USD
V	451230	USD
V	451298	USD
V	451362	USD
V	451431	USD
V	451500	USD
V	451569	USD
V	451638	USD
V	451707	USD
V	451776	USD
V	451847	USD
V	451916	USD
V	451985	USD
V	452058	USD
V	452127	USD
V	452196	USD
V	452263	USD
V	452332	USD
V	452401	USD
V	452470	USD
V	452539	USD
V	452609	USD
V	452676	USD
V	452745	USD
V	452818	USD
V	452887	USD
V	452956	USD
V	453023	USD
V	453092	USD
V	453161	USD
V	453230	USD
V	453299	USD
V	453369	USD
V	453437	USD
V	453506	USD
V	453577	USD
V	453646	USD
V	453715	USD
V	453783	USD
V	453852	USD
V	453921	USD
V	453990	USD
V	454059	USD
V	454130	USD
V	454198	USD
V	454267	USD
V	454340	USD
V	454409	USD
V	454478	USD
V	454545	USD
V	454613	USD
V	454682	USD
V	454751	USD
V	454820	USD
V	454892	USD
V	454961	USD
V	455030	USD
V	455101	USD
V	455170	USD
V	455237	USD
V	455306	USD
V	455373	USD
V	455442	USD
V	455511	USD
V	455579	USD
V	455651	USD
V	455718	USD
V	455787	USD
V	455857	USD
V	455926	USD
V	455995	USD
V	456063	USD
V	456132	USD
V	456199	USD
V	456268	USD
V	456337	USD
V	456408	USD
V	456476	USD
V	456545	USD
V	456615	USD
V	456684	USD
V	456753	USD
V	456821	USD
V	456889	USD
V	456958	USD
V	457027	USD
V	457096	USD
V	457166	USD
V	457235	USD
V	457304	USD
V	457373	USD
V	457442	USD
V	457511	USD
V	457579	USD
V	457645	USD
V	457714	USD
V	457782	USD
V	457851	USD
V	457923	USD
V	457990	USD
V	458059	USD
V	458125	USD
V	458194	USD
V	458263	USD
V	458331	USD
V	458400	USD
V	458469	USD
V	458538	USD
V	458607	USD
V	458676	USD
V	458744	USD
V	458813	USD
V	458881	USD
V	458950	USD
V	459019	USD
V	459087	USD
V	459156	USD
V	459225	USD
V	459293	USD
V	459362	USD
V	459433	USD
V	459502	USD
V	459571	USD
V	459637	USD
V	459705	USD
V	459774	USD
V	459843	USD
V	459912	USD
V	459981	USD
V	460050	USD
V	460119	USD
V	460190	USD
V	460259	USD
V	460328	USD
V	460398	USD
V	460467	USD
V	460536	USD
V	460605	USD
V	460674	USD
V	460743	USD
V	460812	USD
V	460881	USD
V	460951	USD
V	461017	USD
V	461086	USD
V	461156	USD
V	461225	USD
V	461294	USD
V	461362	USD
V	461431	USD
V	461500	USD
V	461569	USD
V	461638	USD
V	461708	USD
V	461776	USD
V	461844	USD
V	461910	USD
V	461979	USD
V	462048	USD
V	462117	USD
V	462186	USD
V	462255	USD
V	462324	USD
V	462393	USD
V	462465	USD
V	462534	USD
V	462603	USD
V	462674	USD
V	462743	USD
V	462812	USD
V	462880	USD
V	462948	USD
V	463017	USD
V	463086	USD
V	463155	USD
V	463226	USD
V	463295	USD
V	463364	USD
V	463430	USD
V	463499	USD
V	463568	USD
V	463636	USD
V	463704	USD
V	463773	USD
V	463842	USD
V	463911	USD
V	463980	USD
V	464049	USD
V	464118	USD
V	464186	USD
V	464255	USD
V	464323	USD
V	464390	USD
V	464459	USD
V	464528	USD
V	464597	USD
V	464665	USD
V	464735	USD
V	464803	USD
V	464872	USD
V	464940	USD
V	465009	USD
V	465077	USD
V	465145	USD
V	465214	USD
V	465283	USD
V	465352	USD
V	465421	USD
V	465491	USD
V	465558	USD
V	465627	USD
V	465698	USD
V	465767	USD
V	465836	USD
V	465902	USD
V	465970	USD
V	466038	USD
V	466107	USD
V	466176	USD
V	466246	USD
V	466314	USD
V	466382	USD
V	466451	USD
V	466520	USD
V	466589	USD
V	466657	USD
V	466726	USD
V	466795	USD
V	466864	USD
V	466933	USD
V	467004	USD
V	467072	USD
V	467141	USD
V	467212	USD
V	467281	USD
V	467350	USD
V	467419	USD
V	467488	USD
V	467557	USD
V	467625	USD
V	467694	USD
V	467765	USD
V	467834	USD
V	467903	USD
V	467972	USD
V	468041	USD
V	468110	USD
V	468176	USD
V	468245	USD
V	468314	USD
V	468383	USD
V	468451	USD
V	468520	USD
V	468586	USD
V	468655	USD
V	468724	USD
V	468793	USD
V	468862	USD
V	468930	USD
V	468998	USD
V	469067	USD
V	469136	USD
V	469205	USD
V	469275	USD
V	469342	USD
V	469411	USD
V	469482	USD
V	469551	USD
V	469620	USD
V	469688	USD
V	469757	USD
V	469826	USD
V	469895	USD
V	469964	USD
V	470035	USD
V	470101	USD
V	470170	USD
V	470241	USD
V	470310	USD
V	470378	USD
V	470446	USD
V	470514	USD
V	470583	USD
V	470652	USD
V	470721	USD
V	470792	USD
V	470858	USD
V	470927	USD
V	470998	USD
V	471067	USD
V	471136	USD
V	471204	USD
V	471272	USD
V	471340	USD
V	471409	USD
V	471478	USD
V	471549	USD
V	471616	USD
V	471685	USD
V	471756	USD
V	471824	USD
V	471893	USD
V	471962	USD
V	472031	USD
V	472100	USD
V	472169	USD
V	472238	USD
V	472310	USD
V	472378	USD
V	472447	USD
V	472516	USD
V	472585	USD
V	472654	USD
V	472722	USD
V	472791	USD
V	472860	USD
V	472928	USD
V	472996	USD
V	473068	USD
V	473136	USD
V	473205	USD
V	473274	USD
V	473342	USD
V	473409	USD
V	473477	USD
V	473546	USD
V	473615	USD
V	473684	USD
V	473753	USD
V	473823	USD
V	473891	USD
V	473960	USD
V	474031	USD
V	474100	USD
V	474169	USD
V	474237	USD
V	474305	USD
V	474374	USD
V	474443	USD
V	474512	USD
V	474582	USD
V	474650	USD
V	474719	USD
V	474787	USD
V	474856	USD
V	474925	USD
V	474994	USD
V	475063	USD
V	475132	USD
V	475200	USD
V	475269	USD
V	475339	USD
V	475407	USD
V	475476	USD
V	475544	USD
V	475613	USD
V	475682	USD
V	475750	USD
V	475819	USD
V	475888	USD
V	475957	USD
V	476025	USD
V	476095	USD
V	476163	USD
V	476232	USD
V	476303	USD
V	476372	USD
V	476441	USD
V	476509	USD
V	476578	USD
V	476647	USD
V	476716	USD
V	476785	USD
V	476856	USD
V	476923	USD
V	476992	USD
V	477060	USD
V	477129	USD
V	477198	USD
V	477267	USD
V	477334	USD
V	477403	USD
V	477472	USD
V	477541	USD
V	477612	USD
V	477681	USD
V	477750	USD
V	477813	USD
V	477882	USD
V	477951	USD
V	478019	USD
V	478088	USD
V	478157	USD
V	478226	USD
V	478295	USD
V	478366	USD
V	478434	USD
V	478503	USD
V	478574	USD
V	478643	USD
V	478712	USD
V	478780	USD
V	478849	USD
V	478918	USD
V	478987	USD
V	479056	USD
V	479126	USD
V	479194	USD
V	479263	USD
V	479332	USD
V	479401	USD
V	479469	USD
V	479535	USD
V	479604	USD
V	479673	USD
V	479742	USD
V	479811	USD
V	479881	USD
V	479949	USD
V	480018	USD
V	480086	USD
V	480155	USD
V	480224	USD
V	480292	USD
V	480361	USD
V	480430	USD
V	480499	USD
V	480568	USD
V	480639	USD
V	480707	USD
V	480776	USD
V	480847	USD
V	480916	USD
V	480984	USD
V	481050	USD
V	481118	USD
V	481187	USD
V	481256	USD
V	481325	USD
V	481396	USD
V	481465	USD
V	481534	USD
V	481605	USD
V	481674	USD
V	481742	USD
V	481809	USD
V	481878	USD
V	481947	USD
V	482016	USD
V	482085	USD
V	482155	USD
V	482223	USD
V	482292	USD
V	482362	USD
V	482431	USD
V	482500	USD
V	482567	USD
V	482636	USD
V	482705	USD
V	482773	USD
V	482840	USD
V	482910	USD
V	482978	USD
V	483047	USD
V	483116	USD
V	483185	USD
V	483253	USD
V	483321	USD
V	483390	USD
V	483459	USD
V	483528	USD
V	483597	USD
V	483668	USD
V	483736	USD
V	483805	USD
V	483874	USD
V	483942	USD
V	484010	USD
V	484078	USD
V	484147	USD
V	484216	USD
V	484285	USD
V	484353	USD
V	484423	USD
V	484491	USD
V	484560	USD
V	484631	USD
V	484699	USD
V	484768	USD
V	484837	USD
V	484906	USD
V	484975	USD
V	485044	USD
V	485112	USD
V	485182	USD
V	485251	USD
V	485320	USD
V	485389	USD
V	485457	USD
V	485526	USD
V	485594	USD
V	485663	USD
V	485732	USD
V	485801	USD
V	485869	USD
V	485938	USD
V	486007	USD
V	486076	USD
V	486147	USD
V	486216	USD
V	486285	USD
V	486354	USD
V	486423	USD
V	486492	USD
V	486559	USD
V	486627	USD
V	486696	USD
V	486764	USD
V	486833	USD
V	486901	USD
V	486970	USD
V	487039	USD
V	487104	USD
V	487172	USD
V	487241	USD
V	487310	USD
V	487379	USD
V	487451	USD
V	487519	USD
V	487587	USD
V	487657	USD
V	487726	USD
V	487795	USD
V	487863	USD
V	487932	USD
V	488001	USD
V	488070	USD
V	488139	USD
V	488210	USD
V	488279	USD
V	488348	USD
V	488418	USD
V	488487	USD
V	488556	USD
V	488622	USD
V	488691	USD
V	488760	USD
V	488829	USD
V	488898	USD
V	488968	USD
V	489035	USD
V	489104	USD
V	489175	USD
V	489244	USD
V	489313	USD
V	489381	USD
V	489450	USD
V	489519	USD
V	489588	USD
V	489654	USD
V	489724	USD
V	489793	USD
V	489862	USD
V	489933	USD
V	490002	USD
V	490070	USD
V	490138	USD
V	490207	USD
V	490276	USD
V	490345	USD
V	490414	USD
V	490485	USD
V	490554	USD
V	490623	USD
V	490694	USD
V	490763	USD
V	490832	USD
V	490900	USD
V	490969	USD
V	491038	USD
V	491107	USD
V	491176	USD
V	491246	USD
V	491314	USD
V	491383	USD
V	491452	USD
V	491521	USD
V	491590	USD
V	491659	USD
V	491728	USD
V	491797	USD
V	491866	USD
V	491935	USD
V	492006	USD
V	492074	USD
V	492143	USD
V	492210	USD
V	492279	USD
V	492348	USD
V	492414	USD
V	492483	USD
V	492552	USD
V	492621	USD
V	492689	USD
V	492760	USD
V	492828	USD
V	492897	USD
V	492968	USD
V	493036	USD
V	493105	USD
V	493173	USD
V	493242	USD
V	493311	USD
V	493380	USD
V	493449	USD
V	493519	USD
V	493588	USD
V	493657	USD
V	493723	USD
V	493792	USD
V	493861	USD
V	493929	USD
V	493998	USD
V	494067	USD
V	494136	USD
V	494205	USD
V	494274	USD
V	494343	USD
V	494412	USD
V	494481	USD
V	494550	USD
V	494619	USD
V	494687	USD
V	494755	USD
V	494824	USD
V	494893	USD
V	494961	USD
V	495032	USD
V	495101	USD
V	495170	USD
V	495241	USD
V	495309	USD
V	495377	USD
V	495445	USD
V	495514	USD
V	495583	USD
V	495652	USD
V	495721	USD
V	495791	USD
V	495860	USD
V	495929	USD
V	496000	USD
V	496069	USD
V	496138	USD
V	496205	USD
V	496274	USD
V	496343	USD
V	496412	USD
V	496480	USD
V	496551	USD
V	496620	USD
V	496689	USD
V	496760	USD
V	496829	USD
V	496898	USD
V	496967	USD
V	497034	USD
V	497103	USD
V	497171	USD
V	497239	USD
V	497310	USD
V	497378	USD
V	497447	USD
V	497518	USD
V	497587	USD
V	497656	USD
V	497723	USD
V	497792	USD
V	497861	USD
V	497930	USD
V	497999	USD
V	498070	USD
V	498138	USD
V	498207	USD
V	498278	USD
V	498342	USD
V	498411	USD
V	498480	USD
V	498549	USD
V	498618	USD
V	498687	USD
V	498756	USD
V	498828	USD
V	498897	USD
V	498966	USD
V	499037	USD
V	499106	USD
V	499175	USD
V	499243	USD
V	499312	USD
V	499381	USD
V	499449	USD
V	499518	USD
V	499590	USD
V	499659	USD
V	499728	USD
V	499797	USD
V	499866	USD
V	499935	USD
V	500004	USD
V	500073	USD
V	500142	USD
V	500211	USD
V	500277	USD
V	500349	USD
V	500418	USD
V	500487	USD
V	500557	USD
V	500625	USD
V	500693	USD
V	500759	USD
V	500828	USD
V	500897	USD
V	500966	USD
V	501035	USD
V	501105	USD
V	501173	USD
V	501242	USD
V	501310	USD
V	501379	USD
V	501446	USD
V	501515	USD
V	501584	USD
V	501653	USD
V	501722	USD
V	501788	USD
V	501857	USD
V	501925	USD
V	501994	USD
V	502064	USD
V	502133	USD
V	502202	USD
V	502270	USD
V	502337	USD
V	502406	USD
V	502475	USD
V	502544	USD
V	502615	USD
V	502684	USD
V	502753	USD
V	502822	USD
V	502886	USD
V	502955	USD
V	503022	USD
V	503091	USD
V	503159	USD
V	503228	USD
V	503296	USD
V	503367	USD
V	503436	USD
V	503505	USD
V	503575	USD
V	503644	USD
V	503713	USD
V	503782	USD
V	503851	USD
V	503920	USD
V	503989	USD
V	504058	USD
V	504128	USD
V	504197	USD
V	504266	USD
V	504337	USD
V	504406	USD
V	504474	USD
V	504543	USD
V	504612	USD
V	504681	USD
V	504749	USD
V	504818	USD
V	504889	USD
V	504956	USD
V	505025	USD
V	505095	USD
V	505164	USD
V	505231	USD
V	505299	USD
V	505368	USD
V	505437	USD
V	505506	USD
V	505575	USD
V	505645	USD
V	505712	USD
V	505781	USD
V	505849	USD
V	505918	USD
V	505985	USD
V	506052	USD
V	506121	USD
V	506190	USD
V	506259	USD
V	506328	USD
V	506398	USD
V	506466	USD
V	506535	USD
V	506605	USD
V	506674	USD
V	506743	USD
V	506810	USD
V	506878	USD
V	506947	USD
V	507015	USD
V	507084	USD
V	507153	USD
V	507220	USD
V	507289	USD
V	507357	USD
V	507426	USD
V	507494	USD
V	507560	USD
V	507629	USD
V	507698	USD
V	507767	USD
V	507836	USD
V	507906	USD
V	507974	USD
V	508043	USD
V	508111	USD
V	508180	USD
V	508249	USD
V	508318	USD
V	508387	USD
V	508456	USD
V	508524	USD
V	508593	USD
V	508663	USD
V	508730	USD
V	508799	USD
V	508870	USD
V	508939	USD
V	509007	USD
V	509075	USD
V	509144	USD
V	509213	USD
V	509282	USD
V	509351	USD
V	509422	USD
V	509488	USD
V	509557	USD
V	509626	USD
V	509694	USD
V	509763	USD
V	509831	USD
V	509900	USD
V	509969	USD
V	510038	USD
V	510107	USD
V	510178	USD
V	510247	USD
V	510316	USD
V	510387	USD
V	510456	USD
V	510525	USD
V	510592	USD
V	510661	USD
V	510730	USD
V	510799	USD
V	510868	USD
V	510939	USD
V	511008	USD
V	511077	USD
V	511148	USD
V	511217	USD
V	511286	USD
V	511353	USD
V	511422	USD
V	511491	USD
V	511560	USD
V	511629	USD
V	511699	USD
V	511767	USD
V	511836	USD
V	511907	USD
V	511976	USD
V	512045	USD
V	512113	USD
V	512180	USD
V	512249	USD
V	512317	USD
V	512386	USD
V	512457	USD
V	512524	USD
V	512593	USD
V	512664	USD
V	512733	USD
V	512802	USD
V	512868	USD
V	512937	USD
V	513006	USD
V	513075	USD
V	513144	USD
V	513215	USD
V	513283	USD
V	513352	USD
V	513423	USD
V	513492	USD
V	513561	USD
V	513630	USD
V	513699	USD
V	513768	USD
V	513837	USD
V	513906	USD
V	513976	USD
V	514044	USD
V	514113	USD
V	514184	USD
V	514253	USD
V	514321	USD
V	514389	USD
V	514457	USD
V	514526	USD
V	514595	USD
V	514664	USD
V	514737	USD
V	514805	USD
V	514873	USD
V	514942	USD
V	515011	USD
V	515080	USD
V	515149	USD
V	515218	USD
V	515287	USD
V	515356	USD
V	515425	USD
V	515497	USD
V	515563	USD
V	515632	USD
V	515703	USD
V	515771	USD
V	515840	USD
V	515907	USD
V	515976	USD
V	516044	USD
V	516113	USD
V	516182	USD
V	516253	USD
V	516322	USD
V	516391	USD
V	516459	USD
V	516527	USD
V	516595	USD
V	516662	USD
V	516731	USD
V	516800	USD
V	516869	USD
V	516938	USD
V	517008	USD
V	517077	USD
V	517145	USD
V	517213	USD
V	517281	USD
V	517350	USD
V	517417	USD
V	517486	USD
V	517555	USD
V	517624	USD
V	517693	USD
V	517763	USD
V	517832	USD
V	517901	USD
V	517967	USD
V	518036	USD
V	518104	USD
V	518173	USD
V	518242	USD
V	518311	USD
V	518379	USD
V	518448	USD
V	518519	USD
V	518588	USD
V	518657	USD
V	518723	USD
V	518792	USD
V	518861	USD
V	518930	USD
V	518999	USD
V	519068	USD
V	519137	USD
V	519206	USD
V	519276	USD
V	519344	USD
V	519413	USD
V	519481	USD
V	519550	USD
V	519619	USD
V	519688	USD
V	519757	USD
V	519826	USD
V	519895	USD
V	519964	USD
V	520034	USD
V	520102	USD
V	520171	USD
V	520239	USD
V	520307	USD
V	520376	USD
V	520443	USD
V	520512	USD
V	520581	USD
V	520650	USD
V	520719	USD
V	520790	USD
V	520858	USD
V	520927	USD
V	520993	USD
V	521061	USD
V	521130	USD
V	521198	USD
V	521267	USD
V	521336	USD
V	521405	USD
V	521474	USD
V	521545	USD
V	521614	USD
V	521682	USD
V	521745	USD
V	521812	USD
V	521881	USD
V	521949	USD
V	522018	USD
V	522087	USD
V	522156	USD
V	522225	USD
V	522294	USD
V	522362	USD
V	522430	USD
V	522496	USD
V	522564	USD
V	522632	USD
V	522700	USD
V	522769	USD
V	522838	USD
V	522907	USD
V	522976	USD
V	523047	USD
V	523116	USD
V	523185	USD
V	523253	USD
V	523322	USD
V	523391	USD
V	523460	USD
V	523529	USD
V	523598	USD
V	523667	USD
V	523736	USD
V	523807	USD
V	523874	USD
V	523942	USD
V	524008	USD
V	524077	USD
V	524145	USD
V	524214	USD
V	524283	USD
V	524352	USD
V	524421	USD
V	524490	USD
V	524560	USD
V	524629	USD
V	524698	USD
V	524766	USD
V	524835	USD
V	524904	USD
V	524972	USD
V	525041	USD
V	525110	USD
V	525178	USD
V	525246	USD
V	525317	USD
V	525384	USD
V	525453	USD
V	525524	USD
V	525593	USD
V	525661	USD
V	525728	USD
V	525797	USD
V	525866	USD
V	525935	USD
V	526004	USD
V	526075	USD
V	526143	USD
V	526212	USD
V	526282	USD
V	526351	USD
V	526420	USD
V	526487	USD
V	526556	USD
V	526625	USD
V	526693	USD
V	526762	USD
V	526831	USD
V	526900	USD
V	526969	USD
V	527037	USD
V	527106	USD
V	527175	USD
V	527243	USD
V	527312	USD
V	527381	USD
V	527449	USD
V	527518	USD
V	527587	USD
V	527656	USD
V	527725	USD
V	527793	USD
V	527862	USD
V	527931	USD
V	527998	USD
V	528067	USD
V	528136	USD
V	528205	USD
V	528274	USD
V	528344	USD
V	528412	USD
V	528481	USD
V	528549	USD
V	528613	USD
V	528681	USD
V	528749	USD
V	528817	USD
V	528886	USD
V	528954	USD
V	529023	USD
V	529095	USD
V	529164	USD
V	529233	USD
V	529301	USD
V	529370	USD
V	529438	USD
V	529507	USD
V	529576	USD
V	529645	USD
V	529714	USD
V	529782	USD
V	529852	USD
V	529919	USD
V	529988	USD
V	530059	USD
V	530128	USD
V	530197	USD
V	530266	USD
V	530335	USD
V	530404	USD
V	530473	USD
V	530542	USD
V	530612	USD
V	530678	USD
V	530747	USD
V	530818	USD
V	530887	USD
V	530956	USD
V	531024	USD
V	531093	USD
V	531162	USD
V	531231	USD
V	531300	USD
V	531371	USD
V	531438	USD
V	531507	USD
V	531573	USD
V	531642	USD
V	531711	USD
V	531779	USD
V	531848	USD
V	531917	USD
V	531986	USD
V	532053	USD
V	532124	USD
V	532190	USD
V	532259	USD
V	532327	USD
V	532396	USD
V	532464	USD
V	532532	USD
V	532601	USD
V	532670	USD
V	532739	USD
V	532808	USD
V	532878	USD
V	532944	USD
V	533013	USD
V	533079	USD
V	533147	USD
V	533216	USD
V	533284	USD
V	533353	USD
V	533422	USD
V	533491	USD
V	533560	USD
V	533631	USD
V	533697	USD
V	533766	USD
V	533829	USD
V	533898	USD
V	533967	USD
V	534036	USD
V	534105	USD
V	534174	USD
V	534243	USD
V	534312	USD
V	534383	USD
V	534449	USD
V	534518	USD
V	534589	USD
V	534658	USD
V	534727	USD
V	534795	USD
V	534864	USD
V	534933	USD
V	535002	USD
V	535071	USD
V	535143	USD
V	535210	USD
V	535279	USD
V	535349	USD
V	535417	USD
V	535486	USD
V	535554	USD
V	535623	USD
V	535692	USD
V	535761	USD
V	535829	USD
V	535899	USD
V	535966	USD
V	536035	USD
V	536108	USD
V	536177	USD
V	536246	USD
V	536314	USD
V	536383	USD
V	536452	USD
V	536521	USD
V	536590	USD
V	536660	USD
V	536724	USD
V	536793	USD
V	536862	USD
V	536931	USD
V	536999	USD
V	537067	USD
V	537136	USD
V	537205	USD
V	537274	USD
V	537343	USD
V	537413	USD
V	537480	USD
V	537549	USD
V	537615	USD
V	537684	USD
V	537753	USD
V	537821	USD
V	537890	USD
V	537959	USD
V	538028	USD
V	538097	USD
V	538168	USD
V	538235	USD
V	538304	USD
V	538370	USD
V	538439	USD
V	538508	USD
V	538577	USD
V	538646	USD
V	538715	USD
V	538784	USD
V	538852	USD
V	538919	USD
V	538985	USD
V	539054	USD
V	539122	USD
V	539191	USD
V	539260	USD
V	539328	USD
V	539396	USD
V	539464	USD
V	539532	USD
V	539601	USD
V	539672	USD
V	539736	USD
V	539805	USD
V	539876	USD
V	539945	USD
V	540014	USD
V	540082	USD
V	540150	USD
V	540219	USD
V	540287	USD
V	540356	USD
V	540427	USD
V	540492	USD
V	540561	USD
V	540634	USD
V	540703	USD
V	540772	USD
V	540840	USD
V	540909	USD
V	540978	USD
V	541047	USD
V	541115	USD
V	541185	USD
V	541253	USD
V	541322	USD
V	541390	USD
V	541459	USD
V	541527	USD
V	541596	USD
V	541665	USD
V	541734	USD
V	541801	USD
V	541870	USD
V	541941	USD
V	542009	USD
V	542078	USD
V	542149	USD
V	542218	USD
V	542286	USD
V	542354	USD
V	542422	USD
V	542490	USD
V	542559	USD
V	542628	USD
V	542698	USD
V	542765	USD
V	542834	USD
V	542905	USD
V	542974	USD
V	543043	USD
V	543111	USD
V	543180	USD
V	543248	USD
V	543317	USD
V	543386	USD
V	543456	USD
V	543524	USD
V	543593	USD
V	543664	USD
V	543733	USD
V	543802	USD
V	543871	USD
V	543940	USD
V	544009	USD
V	544075	USD
V	544144	USD
V	544214	USD
V	544281	USD
V	544350	USD
V	544421	USD
V	544490	USD
V	544558	USD
V	544626	USD
V	544695	USD
V	544764	USD
V	544833	USD
V	544902	USD
V	544972	USD
V	545040	USD
V	545109	USD
V	545178	USD
V	545247	USD
V	545315	USD
V	545384	USD
V	545453	USD
V	545522	USD
V	545591	USD
V	545660	USD
V	545730	USD
V	545798	USD
V	545867	USD
V	545936	USD
V	546005	USD
V	546073	USD
V	546142	USD
V	546211	USD
V	546280	USD
V	546349	USD
V	546418	USD
V	546488	USD
V	546557	USD
V	546626	USD
V	546695	USD
V	546764	USD
V	546832	USD
V	546901	USD
V	546970	USD
V	547039	USD
V	547108	USD
V	547177	USD
V	547247	USD
V	547315	USD
V	547384	USD
V	547455	USD
V	547524	USD
V	547593	USD
V	547660	USD
V	547729	USD
V	547798	USD
V	547867	USD
V	547935	USD
V	548005	USD
V	548073	USD
V	548142	USD
V	548210	USD
V	548279	USD
V	548348	USD
V	548416	USD
V	548485	USD
V	548554	USD
V	548623	USD
V	548692	USD
V	548762	USD
V	548830	USD
V	548899	USD
V	548967	USD
V	549036	USD
V	549104	USD
V	549170	USD
V	549239	USD
V	549308	USD
V	549377	USD
V	549446	USD
V	549516	USD
V	549585	USD
V	549654	USD
V	549720	USD
V	549789	USD
V	549858	USD
V	549925	USD
V	549994	USD
V	550063	USD
V	550132	USD
V	550201	USD
V	550271	USD
V	550339	USD
V	550408	USD
V	550479	USD
V	550548	USD
V	550617	USD
V	550686	USD
V	550754	USD
V	550823	USD
V	550892	USD
V	550961	USD
V	551031	USD
V	551100	USD
V	551168	USD
V	551241	USD
V	551310	USD
V	551379	USD
V	551447	USD
V	551515	USD
V	551584	USD
V	551652	USD
V	551721	USD
V	551791	USD
V	551859	USD
V	551928	USD
V	551999	USD
V	552068	USD
V	552136	USD
V	552205	USD
V	552274	USD
V	552343	USD
V	552412	USD
V	552481	USD
V	552551	USD
V	552619	USD
V	552688	USD
V	552761	USD
V	552830	USD
V	552898	USD
V	552966	USD
V	553035	USD
V	553104	USD
V	553173	USD
V	553242	USD
V	553311	USD
V	553379	USD
V	553448	USD
V	553518	USD
V	553587	USD
V	553656	USD
V	553725	USD
V	553793	USD
V	553862	USD
V	553931	USD
V	554000	USD
V	554070	USD
V	554137	USD
V	554206	USD
V	554274	USD
V	554343	USD
V	554411	USD
V	554480	USD
V	554548	USD
V	554617	USD
V	554686	USD
V	554755	USD
V	554825	USD
V	554893	USD
V	554962	USD
V	555030	USD
V	555099	USD
V	555168	USD
V	555236	USD
V	555303	USD
V	555372	USD
V	555440	USD
V	555509	USD
V	555579	USD
V	555647	USD
V	555716	USD
V	555784	USD
V	555853	USD
V	555922	USD
V	555989	USD
V	556058	USD
V	556127	USD
V	556196	USD
V	556265	USD
V	556335	USD
V	556404	USD
V	556473	USD
V	556543	USD
V	556611	USD
V	556680	USD
V	556749	USD
V	556818	USD
V	556887	USD
V	556956	USD
V	557025	USD
V	557095	USD
V	557164	USD
V	557233	USD
V	557304	USD
V	557373	USD
V	557442	USD
V	557509	USD
V	557578	USD
V	557646	USD
V	557715	USD
V	557784	USD
V	557854	USD
V	557922	USD
V	557991	USD
V	558059	USD
V	558127	USD
V	558196	USD
V	558265	USD
V	558334	USD
V	558402	USD
V	558470	USD
V	558539	USD
V	558609	USD
V	558678	USD
V	558747	USD
V	558816	USD
V	558885	USD
V	558954	USD
V	559022	USD
V	559091	USD
V	559160	USD
V	559228	USD
V	559297	USD
V	559367	USD
V	559434	USD
V	559503	USD
V	559574	USD
V	559642	USD
V	559711	USD
V	559779	USD
V	559848	USD
V	559917	USD
V	559985	USD
V	560054	USD
V	560124	USD
V	560192	USD
V	560261	USD
V	560330	USD
V	560399	USD
V	560468	USD
V	560536	USD
V	560605	USD
V	560673	USD
V	560742	USD
V	560810	USD
V	560880	USD
V	560949	USD
V	561018	USD
V	561086	USD
V	561155	USD
V	561224	USD
V	561292	USD
V	561360	USD
V	561429	USD
V	561497	USD
V	561566	USD
V	561635	USD
V	561704	USD
V	561773	USD
V	561842	USD
V	561906	USD
V	561974	USD
V	562042	USD
V	562110	USD
V	562178	USD
V	562247	USD
V	562313	USD
V	562383	USD
V	562449	USD
V	562518	USD
V	562591	USD
V	562660	USD
V	562729	USD
V	562797	USD
V	562866	USD
V	562935	USD
V	563003	USD
V	563072	USD
V	563142	USD
V	563210	USD
V	563279	USD
V	563349	USD
V	563418	USD
V	563487	USD
V	563556	USD
V	563625	USD
V	563693	USD
V	563761	USD
V	563830	USD
V	563898	USD
V	563966	USD
V	564035	USD
V	564106	USD
V	564175	USD
V	564242	USD
V	564310	USD
V	564378	USD
V	564446	USD
V	564515	USD
V	564584	USD
V	564653	USD
V	564722	USD
V	564791	USD
V	564864	USD
V	564933	USD
V	565000	USD
V	565068	USD
V	565136	USD
V	565204	USD
V	565273	USD
V	565342	USD
V	565413	USD
V	565481	USD
V	565550	USD
V	565621	USD
V	565690	USD
V	565759	USD
V	565826	USD
V	565895	USD
V	565963	USD
V	566031	USD
V	566100	USD
V	566170	USD
V	566239	USD
V	566308	USD
V	566375	USD
V	566444	USD
V	566513	USD
V	566582	USD
V	566651	USD
V	566720	USD
V	566789	USD
V	566858	USD
V	566928	USD
V	566996	USD
V	567065	USD
V	567136	USD
V	567205	USD
V	567274	USD
V	567342	USD
V	567411	USD
V	567480	USD
V	567549	USD
V	567618	USD
V	567688	USD
V	567755	USD
V	567824	USD
V	567897	USD
V	567966	USD
V	568035	USD
V	568103	USD
V	568172	USD
V	568241	USD
V	568310	USD
V	568378	USD
V	568449	USD
V	568516	USD
V	568585	USD
V	568656	USD
V	568725	USD
V	568794	USD
V	568863	USD
V	568931	USD
V	568999	USD
V	569068	USD
V	569137	USD
V	569207	USD
V	569275	USD
V	569344	USD
V	569415	USD
V	569484	USD
V	569552	USD
V	569621	USD
V	569690	USD
V	569759	USD
V	569828	USD
V	569897	USD
V	569967	USD
V	570034	USD
V	570103	USD
V	570174	USD
V	570242	USD
V	570311	USD
V	570380	USD
V	570449	USD
V	570518	USD
V	570586	USD
V	570655	USD
V	570725	USD
V	570792	USD
V	570861	USD
V	570932	USD
V	571001	USD
V	571070	USD
V	571138	USD
V	571207	USD
V	571276	USD
V	571345	USD
V	571414	USD
V	571484	USD
V	571553	USD
V	571622	USD
V	571690	USD
V	571758	USD
V	571827	USD
V	571895	USD
V	571964	USD
V	572033	USD
V	572102	USD
V	572171	USD
V	572241	USD
V	572307	USD
V	572376	USD
V	572447	USD
V	572516	USD
V	572585	USD
V	572651	USD
V	572720	USD
V	572789	USD
V	572858	USD
V	572927	USD
V	572997	USD
V	573066	USD
V	573135	USD
V	573206	USD
V	573275	USD
V	573344	USD
V	573413	USD
V	573482	USD
V	573551	USD
V	573620	USD
V	573689	USD
V	573759	USD
V	573828	USD
V	573897	USD
V	573963	USD
V	574032	USD
V	574100	USD
V	574167	USD
V	574236	USD
V	574305	USD
V	574374	USD
V	574443	USD
V	574513	USD
V	574581	USD
V	574650	USD
V	574721	USD
V	574790	USD
V	574859	USD
V	574927	USD
V	574996	USD
V	575065	USD
V	575134	USD
V	575202	USD
V	575272	USD
V	575340	USD
V	575409	USD
V	575480	USD
V	575549	USD
V	575618	USD
V	575686	USD
V	575755	USD
V	575823	USD
V	575892	USD
V	575961	USD
V	576031	USD
V	576099	USD
V	576168	USD
V	576238	USD
V	576307	USD
V	576376	USD
V	576445	USD
V	576514	USD
V	576583	USD
V	576651	USD
V	576720	USD
V	576788	USD
V	576856	USD
V	576925	USD
V	576998	USD
V	577067	USD
V	577136	USD
V	577205	USD
V	577274	USD
V	577343	USD
V	577412	USD
V	577481	USD
V	577551	USD
V	577618	USD
V	577687	USD
V	577756	USD
V	577825	USD
V	577894	USD
V	577962	USD
V	578031	USD
V	578100	USD
V	578169	USD
V	578238	USD
V	578307	USD
V	578375	USD
V	578443	USD
V	578514	USD
V	578583	USD
V	578652	USD
V	578721	USD
V	578790	USD
V	578858	USD
V	578927	USD
V	578996	USD
V	579066	USD
V	579134	USD
V	579203	USD
V	579274	USD
V	579343	USD
V	579412	USD
V	579480	USD
V	579549	USD
V	579618	USD
V	579687	USD
V	579753	USD
V	579823	USD
V	579891	USD
V	579960	USD
V	580026	USD
V	580095	USD
V	580164	USD
V	580233	USD
V	580302	USD
V	580370	USD
V	580438	USD
V	580507	USD
V	580576	USD
V	580645	USD
V	580714	USD
V	580780	USD
V	580849	USD
V	580917	USD
V	580985	USD
V	581054	USD
V	581123	USD
V	581192	USD
V	581261	USD
V	581331	USD
V	581399	USD
V	581468	USD
V	581534	USD
V	581603	USD
V	581672	USD
V	581740	USD
V	581809	USD
V	581878	USD
V	581947	USD
V	582016	USD
V	582087	USD
V	582156	USD
V	582223	USD
V	582289	USD
V	582358	USD
V	582426	USD
V	582493	USD
V	582562	USD
V	582630	USD
V	582699	USD
V	582768	USD
V	582838	USD
V	582907	USD
V	582976	USD
V	583047	USD
V	583116	USD
V	583185	USD
V	583254	USD
V	583323	USD
V	583392	USD
V	583461	USD
V	583529	USD
V	583600	USD
V	583668	USD
V	583737	USD
V	583807	USD
V	583876	USD
V	583945	USD
V	584014	USD
V	584083	USD
V	584151	USD
V	584219	USD
V	584288	USD
V	584355	USD
V	584421	USD
V	584490	USD
V	584561	USD
V	584630	USD
V	584699	USD
V	584767	USD
V	584836	USD
V	584905	USD
V	584974	USD
V	585043	USD
V	585114	USD
V	585182	USD
V	585251	USD
V	585320	USD
V	585389	USD
V	585458	USD
V	585526	USD
V	585594	USD
V	585663	USD
V	585732	USD
V	585801	USD
V	585871	USD
V	585938	USD
V	586007	USD
V	586078	USD
V	586147	USD
V	586216	USD
V	586284	USD
V	586352	USD
V	586421	USD
V	586490	USD
V	586559	USD
V	586629	USD
V	586696	USD
V	586765	USD
V	586834	USD
V	586903	USD
V	586972	USD
V	587040	USD
V	587109	USD
V	587178	USD
V	587247	USD
V	587316	USD
V	587386	USD
V	587455	USD
V	587524	USD
V	587597	USD
V	587666	USD
V	587735	USD
V	587803	USD
V	587872	USD
V	587939	USD
V	588008	USD
V	588077	USD
V	588148	USD
V	588216	USD
V	588285	USD
V	588354	USD
V	588422	USD
V	588490	USD
V	588558	USD
V	588626	USD
V	588694	USD
V	588763	USD
V	588832	USD
V	588902	USD
V	588970	USD
V	589038	USD
V	589104	USD
V	589173	USD
V	589242	USD
V	589310	USD
V	589378	USD
V	589447	USD
V	589516	USD
V	589585	USD
V	589655	USD
V	589723	USD
V	589792	USD
V	589861	USD
V	589930	USD
V	589998	USD
V	590066	USD
V	590134	USD
V	590203	USD
V	590272	USD
V	590341	USD
V	590409	USD
V	590477	USD
V	590546	USD
V	590617	USD
V	590686	USD
V	590755	USD
V	590822	USD
V	590891	USD
V	590960	USD
V	591029	USD
V	591098	USD
V	591167	USD
V	591235	USD
V	591304	USD
V	591375	USD
V	591443	USD
V	591512	USD
V	591580	USD
V	591649	USD
V	591718	USD
V	591787	USD
V	591855	USD
V	591925	USD
V	591994	USD
V	592063	USD
V	592134	USD
V	592203	USD
V	592272	USD
V	592340	USD
V	592409	USD
V	592477	USD
V	592546	USD
V	592615	USD
V	592685	USD
V	592754	USD
V	592823	USD
V	592893	USD
V	592962	USD
V	593031	USD
V	593097	USD
V	593166	USD
V	593235	USD
V	593304	USD
V	593373	USD
V	593443	USD
V	593511	USD
V	593580	USD
V	593651	USD
V	593720	USD
V	593789	USD
V	593858	USD
V	593927	USD
V	593995	USD
V	594064	USD
V	594133	USD
V	594203	USD
V	594271	USD
V	594340	USD
V	594409	USD
V	594478	USD
V	594547	USD
V	594615	USD
V	594683	USD
V	594752	USD
V	594821	USD
V	594887	USD
V	594957	USD
V	595026	USD
V	595094	USD
V	595165	USD
V	595234	USD
V	595302	USD
V	595371	USD
V	595440	USD
V	595508	USD
V	595577	USD
V	595646	USD
V	595716	USD
V	595783	USD
V	595852	USD
V	595923	USD
V	595991	USD
V	596060	USD
V	596128	USD
V	596196	USD
V	596265	USD
V	596334	USD
V	596403	USD
V	596473	USD
V	596542	USD
V	596611	USD
V	596682	USD
V	596751	USD
V	596819	USD
V	596887	USD
V	596955	USD
V	597024	USD
V	597093	USD
V	597162	USD
V	597232	USD
V	597300	USD
V	597369	USD
V	597442	USD
V	597511	USD
V	597580	USD
V	597649	USD
V	597718	USD
V	597786	USD
V	597855	USD
V	597924	USD
V	597994	USD
V	598062	USD
V	598131	USD
V	598197	USD
V	598266	USD
V	598335	USD
V	598403	USD
V	598469	USD
V	598538	USD
V	598607	USD
V	598676	USD
V	598746	USD
V	598815	USD
V	598883	USD
V	598956	USD
V	599025	USD
V	599094	USD
V	599161	USD
V	599230	USD
V	599299	USD
V	599368	USD
V	599437	USD
V	599507	USD
V	599575	USD
V	599644	USD
V	599717	USD
V	599786	USD
V	599855	USD
V	599923	USD
V	599990	USD
V	600059	USD
V	600128	USD
V	600197	USD
V	600267	USD
V	600336	USD
V	600405	USD
V	600473	USD
V	600542	USD
V	600611	USD
V	600679	USD
V	600748	USD
V	600817	USD
V	600886	USD
V	600955	USD
V	601025	USD
V	601092	USD
V	601160	USD
V	601229	USD
V	601298	USD
V	601367	USD
V	601436	USD
V	601505	USD
V	601574	USD
V	601643	USD
V	601712	USD
V	601782	USD
V	601851	USD
V	601920	USD
V	601991	USD
V	602060	USD
V	602129	USD
V	602197	USD
V	602265	USD
V	602334	USD
V	602403	USD
V	602472	USD
V	602542	USD
V	602610	USD
V	602678	USD
V	602747	USD
V	602816	USD
V	602884	USD
V	602953	USD
V	603021	USD
V	603090	USD
V	603158	USD
V	603226	USD
V	603296	USD
V	603364	USD
V	603433	USD
V	603506	USD
V	603575	USD
V	603644	USD
V	603713	USD
V	603782	USD
V	603851	USD
V	603920	USD
V	603989	USD
V	604059	USD
V	604127	USD
V	604196	USD
V	604267	USD
V	604336	USD
V	604404	USD
V	604472	USD
V	604540	USD
V	604609	USD
V	604678	USD
V	604747	USD
V	604819	USD
V	604888	USD
V	604957	USD
V	605028	USD
V	605097	USD
V	605164	USD
V	605232	USD
V	605299	USD
V	605368	USD
V	605437	USD
V	605506	USD
V	605576	USD
V	605645	USD
V	605714	USD
V	605785	USD
V	605854	USD
V	605923	USD
V	605991	USD
V	606060	USD
V	606129	USD
V	606198	USD
V	606267	USD
V	606337	USD
V	606404	USD
V	606473	USD
V	606544	USD
V	606612	USD
V	606681	USD
V	606749	USD
V	606818	USD
V	606887	USD
V	606956	USD
V	607025	USD
V	607095	USD
V	607164	USD
V	607233	USD
V	607304	USD
V	607373	USD
V	607442	USD
V	607511	USD
V	607580	USD
V	607649	USD
V	607718	USD
V	607787	USD
V	607858	USD
V	607926	USD
V	607995	USD
V	608066	USD
V	608135	USD
V	608204	USD
V	608272	USD
V	608341	USD
V	608410	USD
V	608479	USD
V	608548	USD
V	608619	USD
V	608686	USD
V	608754	USD
V	608823	USD
V	608892	USD
V	608961	USD
V	609030	USD
V	609099	USD
V	609168	USD
V	609237	USD
V	609306	USD
V	609376	USD
V	609443	USD
V	609512	USD
V	609581	USD
V	609650	USD
V	609719	USD
V	609788	USD
V	609857	USD
V	609926	USD
V	609995	USD
V	610064	USD
V	610134	USD
V	610201	USD
V	610270	USD
V	610339	USD
V	610408	USD
V	610476	USD
V	610543	USD
V	610612	USD
V	610681	USD
V	610750	USD
V	610819	USD
V	610889	USD
V	610957	USD
V	611026	USD
V	611097	USD
V	611166	USD
V	611235	USD
V	611303	USD
V	611372	USD
V	611441	USD
V	611510	USD
V	611579	USD
V	611649	USD
V	611717	USD
V	611786	USD
V	611854	USD
V	611923	USD
V	611992	USD
V	612061	USD
V	612130	USD
V	612199	USD
V	612268	USD
V	612337	USD
V	612407	USD
V	612475	USD
V	612544	USD
V	612607	USD
V	612676	USD
V	612745	USD
V	612813	USD
V	612882	USD
V	612951	USD
V	613020	USD
V	613089	USD
V	613158	USD
V	613227	USD
V	613296	USD
V	613364	USD
V	613433	USD
V	613502	USD
V	613571	USD
V	613639	USD
V	613707	USD
V	613776	USD
V	613845	USD
V	613915	USD
V	613983	USD
V	614052	USD
V	614117	USD
V	614186	USD
V	614255	USD
V	614324	USD
V	614393	USD
V	614461	USD
V	614530	USD
V	614599	USD
V	614669	USD
V	614738	USD
V	614806	USD
V	614872	USD
V	614941	USD
V	615010	USD
V	615078	USD
V	615147	USD
V	615216	USD
V	615285	USD
V	615354	USD
V	615425	USD
V	615493	USD
V	615562	USD
V	615631	USD
V	615700	USD
V	615769	USD
V	615837	USD
V	615906	USD
V	615974	USD
V	616043	USD
V	616112	USD
V	616183	USD
V	616251	USD
V	616320	USD
V	616388	USD
V	616456	USD
V	616525	USD
V	616593	USD
V	616661	USD
V	616730	USD
V	616799	USD
V	616868	USD
V	616938	USD
V	617006	USD
V	617075	USD
V	617143	USD
V	617212	USD
V	617281	USD
V	617350	USD
V	617419	USD
V	617488	USD
V	617557	USD
V	617626	USD
V	617696	USD
V	617763	USD
V	617832	USD
V	617900	USD
V	617969	USD
V	618038	USD
V	618107	USD
V	618175	USD
V	618244	USD
V	618313	USD
V	618382	USD
V	618452	USD
V	618519	USD
V	618588	USD
V	618656	USD
V	618722	USD
V	618791	USD
V	618859	USD
V	618928	USD
V	618997	USD
V	619066	USD
V	619135	USD
V	619206	USD
V	619274	USD
V	619342	USD
V	619413	USD
V	619479	USD
V	619548	USD
V	619616	USD
V	619684	USD
V	619752	USD
V	619819	USD
V	619888	USD
V	619958	USD
V	620026	USD
V	620095	USD
V	620168	USD
V	620234	USD
V	620303	USD
V	620370	USD
V	620439	USD
V	620508	USD
V	620576	USD
V	620645	USD
V	620714	USD
V	620782	USD
V	620851	USD
V	620919	USD
V	620985	USD
V	621054	USD
V	621120	USD
V	621189	USD
V	621257	USD
V	621326	USD
V	621395	USD
V	621468	USD
V	621536	USD
V	621605	USD
V	621674	USD
V	621740	USD
V	621808	USD
V	621876	USD
V	621945	USD
V	622014	USD
V	622082	USD
V	622151	USD
V	622221	USD
V	622290	USD
V	622359	USD
V	622430	USD
V	622496	USD
V	622565	USD
V	622634	USD
V	622703	USD
V	622772	USD
V	622841	USD
V	622910	USD
V	622983	USD
V	623050	USD
V	623119	USD
V	623190	USD
V	623256	USD
V	623325	USD
V	623394	USD
V	623463	USD
V	623532	USD
V	623601	USD
V	623670	USD
V	623742	USD
V	623809	USD
V	623878	USD
V	623949	USD
V	624015	USD
V	624084	USD
V	624151	USD
V	624220	USD
V	624289	USD
V	624358	USD
V	624427	USD
V	624498	USD
V	624567	USD
V	624636	USD
V	624709	USD
V	624774	USD
V	624843	USD
V	624911	USD
V	624979	USD
V	625048	USD
V	625117	USD
V	625186	USD
V	625256	USD
V	625324	USD
V	625393	USD
V	625466	USD
V	625532	USD
V	625601	USD
V	625669	USD
V	625737	USD
V	625805	USD
V	625874	USD
V	625943	USD
V	626015	USD
V	626083	USD
V	626152	USD
V	626225	USD
V	626291	USD
V	626360	USD
V	626428	USD
V	626497	USD
V	626566	USD
V	626635	USD
V	626704	USD
V	626774	USD
V	626843	USD
V	626912	USD
V	626982	USD
V	627048	USD
V	627117	USD
V	627185	USD
V	627254	USD
V	627323	USD
V	627392	USD
V	627461	USD
V	627531	USD
V	627600	USD
V	627669	USD
V	627740	USD
V	627806	USD
V	627875	USD
V	627944	USD
V	628013	USD
V	628082	USD
V	628151	USD
V	628220	USD
V	628291	USD
V	628358	USD
V	628427	USD
V	628500	USD
V	628566	USD
V	628635	USD
V	628703	USD
V	628772	USD
V	628841	USD
V	628910	USD
V	628979	USD
V	629049	USD
V	629118	USD
V	629187	USD
V	629258	USD
V	629325	USD
V	629394	USD
V	629462	USD
V	629531	USD
V	629600	USD
V	629669	USD
V	629738	USD
V	629809	USD
V	629876	USD
V	629945	USD
V	630011	USD
V	630077	USD
V	630146	USD
V	630214	USD
V	630282	USD
V	630351	USD
V	630419	USD
V	630488	USD
V	630558	USD
V	630625	USD
V	630694	USD
V	630762	USD
V	630830	USD
V	630899	USD
V	630967	USD
V	631036	USD
V	631105	USD
V	631174	USD
V	631242	USD
V	631312	USD
V	631380	USD
V	631449	USD
V	631522	USD
V	631590	USD
V	631659	USD
V	631727	USD
V	631796	USD
V	631865	USD
V	631932	USD
V	632001	USD
V	632072	USD
V	632141	USD
V	632210	USD
V	632283	USD
V	632351	USD
V	632420	USD
V	632487	USD
V	632556	USD
V	632625	USD
V	632693	USD
V	632762	USD
V	632832	USD
V	632900	USD
V	632969	USD
V	633040	USD
V	633108	USD
V	633175	USD
V	633242	USD
V	633310	USD
V	633379	USD
V	633448	USD
V	633515	USD
V	633584	USD
V	633653	USD
V	633721	USD
V	633792	USD
V	633860	USD
V	633929	USD
V	633995	USD
V	634064	USD
V	634133	USD
V	634202	USD
V	634271	USD
V	634342	USD
V	634410	USD
V	634479	USD
V	634550	USD
V	634618	USD
V	634687	USD
V	634756	USD
V	634825	USD
V	634894	USD
V	634963	USD
V	635032	USD
V	635102	USD
V	635170	USD
V	635239	USD
V	635312	USD
V	635381	USD
V	635450	USD
V	635518	USD
V	635587	USD
V	635656	USD
V	635725	USD
V	635794	USD
V	635865	USD
V	635933	USD
V	636002	USD
V	636071	USD
V	636140	USD
V	636209	USD
V	636277	USD
V	636345	USD
V	636414	USD
V	636483	USD
V	636551	USD
V	636621	USD
V	636689	USD
V	636758	USD
V	636831	USD
V	636900	USD
V	636969	USD
V	637038	USD
V	637106	USD
V	637175	USD
V	637244	USD
V	637313	USD
V	637383	USD
V	637451	USD
V	637520	USD
V	637591	USD
V	637660	USD
V	637728	USD
V	637796	USD
V	637865	USD
V	637934	USD
V	638003	USD
V	638072	USD
V	638143	USD
V	638210	USD
V	638279	USD
V	638347	USD
V	638416	USD
V	638484	USD
V	638552	USD
V	638621	USD
V	638690	USD
V	638759	USD
V	638828	USD
V	638899	USD
V	638967	USD
V	639036	USD
V	639103	USD
V	639172	USD
V	639241	USD
V	639309	USD
V	639378	USD
V	639447	USD
V	639516	USD
V	639585	USD
V	639655	USD
V	639723	USD
V	639792	USD
V	639859	USD
V	639928	USD
V	639997	USD
V	640065	USD
V	640134	USD
V	640203	USD
V	640272	USD
V	640341	USD
V	640413	USD
V	640482	USD
V	640551	USD
V	640620	USD
V	640689	USD
V	640758	USD
V	640827	USD
V	640896	USD
V	640965	USD
V	641034	USD
V	641103	USD
V	641173	USD
V	641241	USD
V	641310	USD
V	641380	USD
V	641449	USD
V	641518	USD
V	641587	USD
V	641656	USD
V	641725	USD
V	641794	USD
V	641863	USD
V	641934	USD
V	642003	USD
V	642072	USD
V	642143	USD
V	642212	USD
V	642281	USD
V	642349	USD
V	642418	USD
V	642487	USD
V	642556	USD
V	642624	USD
V	642694	USD
V	642762	USD
V	642831	USD
V	642904	USD
V	642973	USD
V	643042	USD
V	643111	USD
V	643180	USD
V	643249	USD
V	643318	USD
V	643387	USD
V	643458	USD
V	643527	USD
V	643595	USD
V	643663	USD
V	643732	USD
V	643801	USD
V	643870	USD
V	643939	USD
V	644008	USD
V	644076	USD
V	644145	USD
V	644217	USD
V	644284	USD
V	644353	USD
V	644421	USD
V	644490	USD
V	644559	USD
V	644627	USD
V	644696	USD
V	644764	USD
V	644832	USD
V	644900	USD
V	644970	USD
V	645037	USD
V	645106	USD
V	645174	USD
V	645243	USD
V	645311	USD
V	645380	USD
V	645449	USD
V	645518	USD
V	645586	USD
V	645655	USD
V	645726	USD
V	645795	USD
V	645864	USD
V	645932	USD
V	646001	USD
V	646070	USD
V	646139	USD
V	646208	USD
V	646277	USD
V	646346	USD
V	646415	USD
V	646485	USD
V	646554	USD
V	646623	USD
V	646691	USD
V	646760	USD
V	646829	USD
V	646898	USD
V	646967	USD
V	647036	USD
V	647104	USD
V	647173	USD
V	647243	USD
V	647312	USD
V	647381	USD
V	647447	USD
V	647516	USD
V	647585	USD
V	647653	USD
V	647722	USD
V	647791	USD
V	647860	USD
V	647929	USD
V	647999	USD
V	648068	USD
V	648137	USD
V	648203	USD
V	648272	USD
V	648341	USD
V	648410	USD
V	648477	USD
V	648546	USD
V	648615	USD
V	648684	USD
V	648755	USD
V	648822	USD
V	648891	USD
V	648959	USD
V	649028	USD
V	649097	USD
V	649166	USD
V	649235	USD
V	649304	USD
V	649373	USD
V	649442	USD
V	649513	USD
V	649582	USD
V	649651	USD
V	649717	USD
V	649786	USD
V	649855	USD
V	649922	USD
V	649991	USD
V	650060	USD
V	650129	USD
V	650198	USD
V	650271	USD
V	650340	USD
V	650409	USD
V	650475	USD
V	650543	USD
V	650612	USD
V	650681	USD
V	650750	USD
V	650819	USD
V	650888	USD
V	650957	USD
V	651029	USD
V	651098	USD
V	651167	USD
V	651233	USD
V	651302	USD
V	651370	USD
V	651438	USD
V	651507	USD
V	651575	USD
V	651644	USD
V	651713	USD
V	651784	USD
V	651852	USD
V	651920	USD
V	651988	USD
V	652057	USD
V	652126	USD
V	652195	USD
V	652264	USD
V	652333	USD
V	652400	USD
V	652469	USD
V	652539	USD
V	652608	USD
V	652677	USD
V	652743	USD
V	652812	USD
V	652881	USD
V	652949	USD
V	653017	USD
V	653086	USD
V	653151	USD
V	653220	USD
V	653289	USD
V	653357	USD
V	653426	USD
V	653499	USD
V	653568	USD
V	653637	USD
V	653705	USD
V	653773	USD
V	653842	USD
V	653911	USD
V	653980	USD
V	654050	USD
V	654118	USD
V	654186	USD
V	654259	USD
V	654328	USD
V	654395	USD
V	654463	USD
V	654532	USD
V	654601	USD
V	654670	USD
V	654739	USD
V	654809	USD
V	654876	USD
V	654945	USD
V	655018	USD
V	655087	USD
V	655156	USD
V	655224	USD
V	655293	USD
V	655361	USD
V	655429	USD
V	655498	USD
V	655569	USD
V	655637	USD
V	655706	USD
V	655777	USD
V	655846	USD
V	655915	USD
V	655984	USD
V	656053	USD
V	656121	USD
V	656190	USD
V	656259	USD
V	656331	USD
V	656400	USD
V	656469	USD
V	656539	USD
V	656608	USD
V	656676	USD
V	656744	USD
V	656813	USD
V	656882	USD
V	656951	USD
V	657020	USD
V	657092	USD
V	657160	USD
V	657229	USD
V	657301	USD
V	657370	USD
V	657439	USD
V	657507	USD
V	657576	USD
V	657645	USD
V	657714	USD
V	657781	USD
V	657852	USD
V	657921	USD
V	657990	USD
V	658060	USD
V	658129	USD
V	658198	USD
V	658266	USD
V	658335	USD
V	658404	USD
V	658472	USD
V	658541	USD
V	658610	USD
V	658678	USD
V	658747	USD
V	658819	USD
V	658888	USD
V	658957	USD
V	659025	USD
V	659094	USD
V	659163	USD
V	659232	USD
V	659300	USD
V	659371	USD
V	659439	USD
V	659508	USD
V	659578	USD
V	659647	USD
V	659716	USD
V	659785	USD
V	659854	USD
V	659923	USD
V	659992	USD
V	660061	USD
V	660132	USD
V	660200	USD
V	660269	USD
V	660341	USD
V	660410	USD
V	660479	USD
V	660548	USD
V	660617	USD
V	660686	USD
V	660754	USD
V	660823	USD
V	660893	USD
V	660960	USD
V	661029	USD
V	661099	USD
V	661168	USD
V	661237	USD
V	661306	USD
V	661375	USD
V	661444	USD
V	661513	USD
V	661581	USD
V	661652	USD
V	661721	USD
V	661790	USD
V	661862	USD
V	661931	USD
V	662000	USD
V	662069	USD
V	662138	USD
V	662207	USD
V	662276	USD
V	662345	USD
V	662418	USD
V	662486	USD
V	662555	USD
V	662625	USD
V	662694	USD
V	662763	USD
V	662831	USD
V	662900	USD
V	662969	USD
V	663038	USD
V	663107	USD
V	663177	USD
V	663246	USD
V	663314	USD
V	663386	USD
V	663455	USD
V	663524	USD
V	663591	USD
V	663660	USD
V	663729	USD
V	663798	USD
V	663867	USD
V	663937	USD
V	664005	USD
V	664074	USD
V	664144	USD
V	664213	USD
V	664282	USD
V	664350	USD
V	664419	USD
V	664488	USD
V	664556	USD
V	664625	USD
V	664697	USD
V	664766	USD
V	664835	USD
V	664907	USD
V	664976	USD
V	665045	USD
V	665114	USD
V	665182	USD
V	665251	USD
V	665319	USD
V	665388	USD
V	665459	USD
V	665527	USD
V	665596	USD
V	665666	USD
V	665735	USD
V	665803	USD
V	665871	USD
V	665940	USD
V	666009	USD
V	666078	USD
V	666147	USD
V	666219	USD
V	666287	USD
V	666356	USD
V	666424	USD
V	666493	USD
V	666562	USD
V	666631	USD
V	666700	USD
V	666769	USD
V	666838	USD
V	666907	USD
V	666977	USD
V	667045	USD
V	667114	USD
V	667180	USD
V	667249	USD
V	667318	USD
V	667386	USD
V	667455	USD
V	667524	USD
V	667593	USD
V	667662	USD
V	667734	USD
V	667802	USD
V	667871	USD
V	667937	USD
V	668006	USD
V	668075	USD
V	668144	USD
V	668212	USD
V	668281	USD
V	668350	USD
V	668419	USD
V	668489	USD
V	668558	USD
V	668627	USD
V	668693	USD
V	668762	USD
V	668831	USD
V	668898	USD
V	668967	USD
V	669036	USD
V	669105	USD
V	669174	USD
V	669244	USD
V	669310	USD
V	669379	USD
V	669445	USD
V	669514	USD
V	669582	USD
V	669651	USD
V	669720	USD
V	669789	USD
V	669858	USD
V	669927	USD
V	669997	USD
V	670065	USD
V	670134	USD
V	670202	USD
V	670271	USD
V	670340	USD
V	670408	USD
V	670477	USD
V	670546	USD
V	670615	USD
V	670682	USD
V	670752	USD
V	670820	USD
V	670889	USD
V	670955	USD
V	671021	USD
V	671090	USD
V	671159	USD
V	671227	USD
V	671296	USD
V	671365	USD
V	671433	USD
V	671503	USD
V	671572	USD
V	671641	USD
V	671709	USD
V	671776	USD
V	671845	USD
V	671912	USD
V	671981	USD
V	672050	USD
V	672119	USD
V	672187	USD
V	672257	USD
V	672325	USD
V	672394	USD
V	672460	USD
V	672527	USD
V	672596	USD
V	672665	USD
V	672734	USD
V	672802	USD
V	672871	USD
V	672940	USD
V	673012	USD
V	673080	USD
V	673149	USD
V	673212	USD
V	673279	USD
V	673348	USD
V	673416	USD
V	673484	USD
V	673553	USD
V	673622	USD
V	673688	USD
V	673759	USD
V	673828	USD
V	673897	USD
V	673965	USD
V	674032	USD
V	674101	USD
V	674170	USD
V	674238	USD
V	674307	USD
V	674376	USD
V	674445	USD
V	674516	USD
V	674584	USD
V	674653	USD
V	674721	USD
V	674788	USD
V	674857	USD
V	674924	USD
V	674993	USD
V	675060	USD
V	675127	USD
V	675196	USD
V	675266	USD
V	675334	USD
V	675402	USD
V	675468	USD
V	675533	USD
V	675602	USD
V	675671	USD
V	675739	USD
V	675807	USD
V	675876	USD
V	675944	USD
V	676014	USD
V	676083	USD
V	676152	USD
V	676218	USD
V	676285	USD
V	676354	USD
V	676423	USD
V	676492	USD
V	676560	USD
V	676629	USD
V	676698	USD
V	676768	USD
V	676836	USD
V	676905	USD
V	676973	USD
V	677039	USD
V	677107	USD
V	677175	USD
V	677244	USD
V	677313	USD
V	677380	USD
V	677449	USD
V	677520	USD
V	677589	USD
V	677658	USD
V	677723	USD
V	677790	USD
V	677859	USD
V	677927	USD
V	677996	USD
V	678065	USD
V	678132	USD
V	678201	USD
V	678271	USD
V	678340	USD
V	678409	USD
V	678475	USD
V	678542	USD
V	678611	USD
V	678679	USD
V	678747	USD
V	678816	USD
V	678885	USD
V	678954	USD
V	679024	USD
V	679092	USD
V	679161	USD
V	679227	USD
V	679294	USD
V	679362	USD
V	679430	USD
V	679499	USD
V	679568	USD
V	679637	USD
V	679706	USD
V	679776	USD
V	679843	USD
V	679912	USD
V	679980	USD
V	680047	USD
V	680116	USD
V	680185	USD
V	680254	USD
V	680323	USD
V	680392	USD
V	680461	USD
V	680533	USD
V	680598	USD
V	680667	USD
V	680735	USD
V	680802	USD
V	680871	USD
V	680939	USD
V	681006	USD
V	681075	USD
V	681143	USD
V	681212	USD
V	681281	USD
V	681347	USD
V	681416	USD
V	681482	USD
V	681549	USD
V	681618	USD
V	681686	USD
V	681755	USD
V	681824	USD
V	681893	USD
V	681962	USD
V	682035	USD
V	682101	USD
V	682170	USD
V	682238	USD
V	682305	USD
V	682374	USD
V	682442	USD
V	682511	USD
V	682580	USD
V	682649	USD
V	682718	USD
V	682788	USD
V	682856	USD
V	682925	USD
V	682993	USD
V	683057	USD
V	683124	USD
V	683190	USD
V	683259	USD
V	683328	USD
V	683397	USD
V	683466	USD
V	683537	USD
V	683605	USD
V	683674	USD
V	683742	USD
V	683809	USD
V	683878	USD
V	683946	USD
V	684012	USD
V	684081	USD
V	684150	USD
V	684219	USD
V	684288	USD
V	684357	USD
V	684426	USD
V	684494	USD
V	684561	USD
V	684630	USD
V	684698	USD
V	684767	USD
V	684836	USD
V	684905	USD
V	684974	USD
V	685044	USD
V	685112	USD
V	685181	USD
V	685249	USD
V	685316	USD
V	685385	USD
V	685454	USD
V	685522	USD
V	685590	USD
V	685659	USD
V	685728	USD
V	685798	USD
V	685867	USD
V	685936	USD
V	686004	USD
V	686071	USD
V	686140	USD
V	686209	USD
V	686278	USD
V	686346	USD
V	686414	USD
V	686483	USD
V	686553	USD
V	686621	USD
V	686690	USD
V	686758	USD
V	686825	USD
V	686894	USD
V	686962	USD
V	687031	USD
V	687099	USD
V	687168	USD
V	687238	USD
V	687311	USD
V	687380	USD
V	687450	USD
V	687517	USD
V	687585	USD
V	687655	USD
V	687723	USD
V	687793	USD
V	687863	USD
V	687933	USD
V	688003	USD
V	688074	USD
V	688143	USD
V	688213	USD
V	688280	USD
V	688348	USD
V	688418	USD
V	688484	USD
V	688553	USD
V	688623	USD
V	688693	USD
V	688763	USD
V	688834	USD
V	688903	USD
V	688973	USD
V	689040	USD
V	689108	USD
V	689178	USD
V	689248	USD
V	689317	USD
V	689387	USD
V	689457	USD
V	689527	USD
V	689601	USD
V	689671	USD
V	689741	USD
V	689808	USD
V	689876	USD
V	689946	USD
V	690015	USD
V	690085	USD
V	690155	USD
V	690225	USD
V	690295	USD
V	690366	USD
V	690436	USD
V	690506	USD
V	690573	USD
V	690641	USD
V	690711	USD
V	690780	USD
V	690850	USD
V	690920	USD
V	690990	USD
V	691060	USD
V	691133	USD
V	691202	USD
V	691272	USD
V	691341	USD
V	691409	USD
V	691479	USD
V	691548	USD
V	691617	USD
V	691687	USD
V	691757	USD
V	691827	USD
V	691898	USD
V	691967	USD
V	692037	USD
V	692101	USD
V	692169	USD
V	692239	USD
V	692308	USD
V	692376	USD
V	692446	USD
V	692516	USD
V	692586	USD
V	692657	USD
V	692726	USD
V	692796	USD
V	692865	USD
V	692933	USD
V	693003	USD
V	693072	USD
V	693142	USD
V	693212	USD
V	693282	USD
V	693352	USD
V	693426	USD
V	693496	USD
V	693566	USD
V	693633	USD
V	693703	USD
V	693772	USD
V	693840	USD
V	693910	USD
V	693980	USD
V	694050	USD
V	694120	USD
V	694191	USD
V	694260	USD
V	694330	USD
V	694399	USD
V	694469	USD
V	694539	USD
V	694608	USD
V	694678	USD
V	694748	USD
V	694818	USD
V	694888	USD
V	694959	USD
V	695028	USD
V	695098	USD
V	695167	USD
V	695237	USD
V	695307	USD
V	695377	USD
V	695447	USD
V	695517	USD
V	695587	USD
V	695657	USD
V	695729	USD
V	695799	USD
V	695869	USD
V	695938	USD
V	696008	USD
V	696077	USD
V	696147	USD
V	696217	USD
V	696287	USD
V	696357	USD
V	696427	USD
V	696499	USD
V	696568	USD
V	696638	USD
V	696705	USD
V	696775	USD
V	696844	USD
V	696914	USD
V	696984	USD
V	697054	USD
V	697124	USD
V	697194	USD
V	697265	USD
V	697334	USD
V	697404	USD
V	697473	USD
V	697543	USD
V	697613	USD
V	697683	USD
V	697752	USD
V	697821	USD
V	697891	USD
V	697961	USD
V	698033	USD
V	698103	USD
V	698173	USD
V	698240	USD
V	698308	USD
V	698378	USD
V	698448	USD
V	698518	USD
V	698588	USD
V	698658	USD
V	698728	USD
V	698796	USD
V	698866	USD
V	698936	USD
V	699003	USD
V	699071	USD
V	699141	USD
V	699210	USD
V	699280	USD
V	699349	USD
V	699419	USD
V	699489	USD
V	699560	USD
V	699629	USD
V	699699	USD
V	699766	USD
V	699834	USD
V	699904	USD
V	699973	USD
V	700043	USD
V	700113	USD
V	700183	USD
V	700251	USD
V	700322	USD
V	700391	USD
V	700461	USD
V	700528	USD
V	700596	USD
V	700666	USD
V	700734	USD
V	700803	USD
V	700873	USD
V	700943	USD
V	701012	USD
V	701085	USD
V	701154	USD
V	701224	USD
V	701293	USD
V	701361	USD
V	701429	USD
V	701499	USD
V	701569	USD
V	701639	USD
V	701709	USD
V	701779	USD
V	701850	USD
V	701919	USD
V	701989	USD
V	702056	USD
V	702124	USD
V	702194	USD
V	702264	USD
V	702334	USD
V	702403	USD
V	702472	USD
V	702542	USD
V	702613	USD
V	702682	USD
V	702752	USD
V	702819	USD
V	702887	USD
V	702957	USD
V	703026	USD
V	703096	USD
V	703166	USD
V	703236	USD
V	703306	USD
V	703377	USD
V	703446	USD
V	703516	USD
V	703580	USD
V	703650	USD
V	703719	USD
V	703787	USD
V	703857	USD
V	703926	USD
V	703996	USD
V	704066	USD
V	704139	USD
V	704207	USD
V	704276	USD
V	704343	USD
V	704409	USD
V	704479	USD
V	704547	USD
V	704617	USD
V	704687	USD
V	704757	USD
V	704826	USD
V	704897	USD
V	704966	USD
V	705036	USD
V	705105	USD
V	705173	USD
V	705243	USD
V	705311	USD
V	705381	USD
V	705451	USD
V	705520	USD
V	705589	USD
V	705659	USD
V	705729	USD
V	705799	USD
V	705866	USD
V	705933	USD
V	706003	USD
V	706072	USD
V	706142	USD
V	706212	USD
V	706282	USD
V	706352	USD
V	706423	USD
V	706493	USD
V	706563	USD
V	706632	USD
V	706699	USD
V	706768	USD
V	706837	USD
V	706907	USD
V	706977	USD
V	707047	USD
V	707117	USD
V	707188	USD
V	707255	USD
V	707325	USD
V	707394	USD
V	707461	USD
V	707531	USD
V	707600	USD
V	707670	USD
V	707740	USD
V	707810	USD
V	707880	USD
V	707951	USD
V	708016	USD
V	708086	USD
V	708153	USD
V	708220	USD
V	708290	USD
V	708360	USD
V	708430	USD
V	708500	USD
V	708570	USD
V	708640	USD
V	708711	USD
V	708778	USD
V	708848	USD
V	708912	USD
V	708980	USD
V	709050	USD
V	709119	USD
V	709189	USD
V	709259	USD
V	709327	USD
V	709396	USD
V	709467	USD
V	709537	USD
V	709607	USD
V	709674	USD
V	709743	USD
V	709813	USD
V	709881	USD
V	709951	USD
V	710021	USD
V	710091	USD
V	710161	USD
V	710232	USD
V	710301	USD
V	710371	USD
V	710438	USD
V	710505	USD
V	710575	USD
V	710644	USD
V	710714	USD
V	710784	USD
V	710853	USD
V	710922	USD
V	710993	USD
V	711062	USD
V	711132	USD
V	711201	USD
V	711268	USD
V	711338	USD
V	711406	USD
V	711476	USD
V	711546	USD
V	711613	USD
V	711683	USD
V	711754	USD
V	711823	USD
V	711893	USD
V	711960	USD
V	712024	USD
V	712094	USD
V	712163	USD
V	712233	USD
V	712303	USD
V	712373	USD
V	712443	USD
V	712514	USD
V	712582	USD
V	712652	USD
V	712721	USD
V	712788	USD
V	712858	USD
V	712926	USD
V	712995	USD
V	713065	USD
V	713135	USD
V	713205	USD
V	713276	USD
V	713345	USD
V	713415	USD
V	713482	USD
V	713549	USD
V	713619	USD
V	713688	USD
V	713758	USD
V	713828	USD
V	713898	USD
V	713968	USD
V	714037	USD
V	714106	USD
V	714176	USD
V	714245	USD
V	714312	USD
V	714382	USD
V	714449	USD
V	714519	USD
V	714589	USD
V	714659	USD
V	714729	USD
V	714800	USD
V	714870	USD
V	714940	USD
V	715009	USD
V	715077	USD
V	715147	USD
V	715216	USD
V	715286	USD
V	715355	USD
V	715425	USD
V	715495	USD
V	715566	USD
V	715634	USD
V	715704	USD
V	715775	USD
V	715843	USD
V	715913	USD
V	715981	USD
V	716050	USD
V	716120	USD
V	716189	USD
V	716259	USD
V	716331	USD
V	716401	USD
V	716471	USD
V	716540	USD
V	716608	USD
V	716678	USD
V	716748	USD
V	716817	USD
V	716887	USD
V	716957	USD
V	717027	USD
V	717098	USD
V	717167	USD
V	717237	USD
V	717306	USD
V	717374	USD
V	717444	USD
V	717514	USD
V	717583	USD
V	717653	USD
V	717722	USD
V	717791	USD
V	717861	USD
V	717929	USD
V	717999	USD
V	718068	USD
V	718136	USD
V	718206	USD
V	718276	USD
V	718346	USD
V	718416	USD
V	718484	USD
V	718554	USD
V	718623	USD
V	718691	USD
V	718761	USD
V	718830	USD
V	718898	USD
V	718968	USD
V	719038	USD
V	719108	USD
V	719178	USD
V	719248	USD
V	719318	USD
V	719385	USD
V	719452	USD
V	719522	USD
V	719591	USD
V	719659	USD
V	719729	USD
V	719799	USD
V	719869	USD
V	719939	USD
V	720008	USD
V	720078	USD
V	720149	USD
V	720218	USD
V	720288	USD
V	720357	USD
V	720425	USD
V	720494	USD
V	720564	USD
V	720634	USD
V	720704	USD
V	720774	USD
V	720844	USD
V	720915	USD
V	720985	USD
V	721055	USD
V	721124	USD
V	721190	USD
V	721260	USD
V	721329	USD
V	721399	USD
V	721468	USD
V	721538	USD
V	721608	USD
V	721678	USD
V	721748	USD
V	721818	USD
V	721887	USD
V	721955	USD
V	722025	USD
V	722092	USD
V	722161	USD
V	722230	USD
V	722300	USD
V	722370	USD
V	722438	USD
V	722508	USD
V	722578	USD
V	722649	USD
V	722717	USD
V	722787	USD
V	722857	USD
V	722926	USD
V	722996	USD
V	723066	USD
V	723136	USD
V	723207	USD
V	723276	USD
V	723346	USD
V	723415	USD
V	723483	USD
V	723552	USD
V	723621	USD
V	723691	USD
V	723761	USD
V	723831	USD
V	723901	USD
V	723971	USD
V	724040	USD
V	724110	USD
V	724179	USD
V	724247	USD
V	724317	USD
V	724387	USD
V	724457	USD
V	724527	USD
V	724597	USD
V	724666	USD
V	724737	USD
V	724805	USD
V	724875	USD
V	724944	USD
V	725014	USD
V	725084	USD
V	725153	USD
V	725223	USD
V	725293	USD
V	725363	USD
V	725433	USD
V	725505	USD
V	725575	USD
V	725645	USD
V	725714	USD
V	725782	USD
V	725851	USD
V	725920	USD
V	725988	USD
V	726058	USD
V	726127	USD
V	726197	USD
V	726268	USD
V	726337	USD
V	726407	USD
V	726478	USD
V	726545	USD
V	726615	USD
V	726683	USD
V	726752	USD
V	726821	USD
V	726889	USD
V	726959	USD
V	727030	USD
V	727098	USD
V	727168	USD
V	727237	USD
V	727307	USD
V	727377	USD
V	727447	USD
V	727516	USD
V	727586	USD
V	727656	USD
V	727726	USD
V	727797	USD
V	727866	USD
V	727936	USD
V	728005	USD
V	728073	USD
V	728143	USD
V	728212	USD
V	728281	USD
V	728351	USD
V	728421	USD
V	728491	USD
V	728562	USD
V	728632	USD
V	728702	USD
V	728771	USD
V	728839	USD
V	728909	USD
V	728978	USD
V	729047	USD
V	729116	USD
V	729184	USD
V	729254	USD
V	729325	USD
V	729394	USD
V	729464	USD
V	729535	USD
V	729603	USD
V	729673	USD
V	729742	USD
V	729811	USD
V	729881	USD
V	729951	USD
V	730021	USD
V	730092	USD
V	730161	USD
V	730231	USD
V	730299	USD
V	730369	USD
V	730439	USD
V	730508	USD
V	730578	USD
V	730648	USD
V	730717	USD
V	730787	USD
V	730858	USD
V	730928	USD
V	730998	USD
V	731067	USD
V	731137	USD
V	731207	USD
V	731275	USD
V	731345	USD
V	731415	USD
V	731485	USD
V	731555	USD
V	731626	USD
V	731695	USD
V	731765	USD
V	731834	USD
V	731904	USD
V	731972	USD
V	732040	USD
V	732109	USD
V	732179	USD
V	732249	USD
V	732318	USD
V	732389	USD
V	732458	USD
V	732528	USD
V	732597	USD
V	732665	USD
V	732734	USD
V	732803	USD
V	732873	USD
V	732942	USD
V	733012	USD
V	733082	USD
V	733153	USD
V	733223	USD
V	733293	USD
V	733362	USD
V	733432	USD
V	733502	USD
V	733571	USD
V	733641	USD
V	733709	USD
V	733779	USD
V	733849	USD
V	733920	USD
V	733987	USD
V	734057	USD
V	734126	USD
V	734196	USD
V	734266	USD
V	734335	USD
V	734405	USD
V	734473	USD
V	734543	USD
V	734612	USD
V	734683	USD
V	734751	USD
V	734821	USD
V	734890	USD
V	734960	USD
V	735030	USD
V	735099	USD
V	735169	USD
V	735238	USD
V	735308	USD
V	735378	USD
V	735449	USD
V	735516	USD
V	735586	USD
V	735655	USD
V	735723	USD
V	735793	USD
V	735862	USD
V	735932	USD
V	736001	USD
V	736071	USD
V	736141	USD
V	736212	USD
V	736282	USD
V	736352	USD
V	736421	USD
V	736489	USD
V	736559	USD
V	736627	USD
V	736697	USD
V	736767	USD
V	736837	USD
V	736907	USD
V	736978	USD
V	737047	USD
V	737117	USD
V	737188	USD
V	737256	USD
V	737326	USD
V	737395	USD
V	737465	USD
V	737535	USD
V	737605	USD
V	737675	USD
V	737746	USD
V	737814	USD
V	737884	USD
V	737953	USD
V	738020	USD
V	738089	USD
V	738157	USD
V	738227	USD
V	738297	USD
V	738367	USD
V	738436	USD
V	738507	USD
V	738576	USD
V	738646	USD
V	738715	USD
V	738782	USD
V	738852	USD
V	738920	USD
V	738990	USD
V	739060	USD
V	739130	USD
V	739200	USD
V	739270	USD
V	739340	USD
V	739409	USD
V	739478	USD
V	739545	USD
V	739615	USD
V	739684	USD
V	739754	USD
V	739823	USD
V	739893	USD
V	739963	USD
V	740034	USD
V	740103	USD
V	740173	USD
V	740242	USD
V	740308	USD
V	740378	USD
V	740448	USD
V	740517	USD
V	740587	USD
V	740657	USD
V	740727	USD
V	740798	USD
V	740867	USD
V	740937	USD
V	741006	USD
V	741074	USD
V	741144	USD
V	741212	USD
V	741282	USD
V	741352	USD
V	741422	USD
V	741492	USD
V	741563	USD
V	741633	USD
V	741703	USD
V	741772	USD
V	741840	USD
V	741909	USD
V	741979	USD
V	742049	USD
V	742119	USD
V	742189	USD
V	742259	USD
V	742330	USD
V	742400	USD
V	742470	USD
V	742539	USD
V	742607	USD
V	742677	USD
V	742746	USD
V	742816	USD
V	742886	USD
V	742956	USD
V	743026	USD
V	743097	USD
V	743167	USD
V	743237	USD
V	743308	USD
V	743375	USD
V	743445	USD
V	743514	USD
V	743584	USD
V	743654	USD
V	743724	USD
V	743794	USD
V	743865	USD
V	743935	USD
V	744005	USD
V	744077	USD
V	744147	USD
V	744215	USD
V	744284	USD
V	744354	USD
V	744424	USD
V	744494	USD
V	744563	USD
V	744635	USD
V	744704	USD
V	744774	USD
V	744843	USD
V	744913	USD
V	744983	USD
V	745052	USD
V	745122	USD
V	745191	USD
V	745260	USD
V	745329	USD
V	745399	USD
V	745469	USD
V	745539	USD
V	745605	USD
V	745675	USD
V	745744	USD
V	745812	USD
V	745882	USD
V	745952	USD
V	746022	USD
V	746091	USD
V	746162	USD
V	746230	USD
V	746300	USD
V	746369	USD
V	746437	USD
V	746507	USD
V	746574	USD
V	746644	USD
V	746712	USD
V	746782	USD
V	746852	USD
V	746923	USD
V	746993	USD
V	747063	USD
V	747132	USD
V	747200	USD
V	747270	USD
V	747338	USD
V	747408	USD
V	747478	USD
V	747548	USD
V	747616	USD
V	747687	USD
V	747756	USD
V	747826	USD
V	747897	USD
V	747965	USD
V	748035	USD
V	748104	USD
V	748174	USD
V	748244	USD
V	748312	USD
V	748382	USD
V	748453	USD
V	748522	USD
V	748591	USD
V	748660	USD
V	748728	USD
V	748798	USD
V	748867	USD
V	748937	USD
V	749007	USD
V	749077	USD
V	749146	USD
V	749217	USD
V	749286	USD
V	749356	USD
V	749427	USD
V	749495	USD
V	749565	USD
V	749634	USD
V	749703	USD
V	749773	USD
V	749843	USD
V	749913	USD
V	749984	USD
V	750053	USD
V	750123	USD
V	750192	USD
V	750260	USD
V	750330	USD
V	750398	USD
V	750468	USD
V	750538	USD
V	750608	USD
V	750678	USD
V	750749	USD
V	750818	USD
V	750888	USD
V	750959	USD
V	751027	USD
V	751097	USD
V	751165	USD
V	751235	USD
V	751305	USD
V	751375	USD
V	751445	USD
V	751517	USD
V	751586	USD
V	751656	USD
V	751725	USD
V	751793	USD
V	751863	USD
V	751931	USD
V	752001	USD
V	752070	USD
V	752140	USD
V	752210	USD
V	752280	USD
V	752350	USD
V	752420	USD
V	752489	USD
V	752559	USD
V	752628	USD
V	752697	USD
V	752767	USD
V	752836	USD
V	752906	USD
V	752976	USD
V	753047	USD
V	753116	USD
V	753186	USD
V	753258	USD
V	753324	USD
V	753394	USD
V	753464	USD
V	753534	USD
V	753604	USD
V	753672	USD
V	753742	USD
V	753814	USD
V	753884	USD
V	753954	USD
V	754023	USD
V	754091	USD
V	754161	USD
V	754230	USD
V	754300	USD
V	754370	USD
V	754440	USD
V	754509	USD
V	754580	USD
V	754650	USD
V	754720	USD
V	754789	USD
V	754857	USD
V	754927	USD
V	754996	USD
V	755066	USD
V	755136	USD
V	755206	USD
V	755275	USD
V	755346	USD
V	755415	USD
V	755485	USD
V	755554	USD
V	755622	USD
V	755692	USD
V	755761	USD
V	755831	USD
V	755901	USD
V	755971	USD
V	756041	USD
V	756113	USD
V	756183	USD
V	756253	USD
V	756322	USD
V	756388	USD
V	756458	USD
V	756527	USD
V	756596	USD
V	756666	USD
V	756736	USD
V	756805	USD
V	756876	USD
V	756946	USD
V	757016	USD
V	757085	USD
V	757153	USD
V	757223	USD
V	757292	USD
V	757360	USD
V	757430	USD
V	757500	USD
V	757570	USD
V	757640	USD
V	757710	USD
V	757780	USD
V	757849	USD
V	757915	USD
V	757984	USD
V	758052	USD
V	758122	USD
V	758192	USD
V	758262	USD
V	758332	USD
V	758402	USD
V	758471	USD
V	758541	USD
V	758612	USD
V	758680	USD
V	758750	USD
V	758817	USD
V	758887	USD
V	758956	USD
V	759026	USD
V	759096	USD
V	759167	USD
V	759236	USD
V	759306	USD
V	759375	USD
V	759443	USD
V	759512	USD
V	759581	USD
V	759651	USD
V	759721	USD
V	759790	USD
V	759860	USD
V	759931	USD
V	760001	USD
V	760070	USD
V	760141	USD
V	760209	USD
V	760279	USD
V	760349	USD
V	760419	USD
V	760489	USD
V	760559	USD
V	760629	USD
V	760701	USD
V	760770	USD
V	760840	USD
V	760906	USD
V	760974	USD
V	761044	USD
V	761114	USD
V	761184	USD
V	761254	USD
V	761324	USD
V	761393	USD
V	761465	USD
V	761535	USD
V	761605	USD
V	761674	USD
V	761741	USD
V	761811	USD
V	761880	USD
V	761950	USD
V	762020	USD
V	762090	USD
V	762160	USD
V	762231	USD
V	762301	USD
V	762371	USD
V	762440	USD
V	762507	USD
V	762577	USD
V	762645	USD
V	762715	USD
V	762785	USD
V	762855	USD
V	762925	USD
V	762996	USD
V	763066	USD
V	763136	USD
V	763205	USD
V	763273	USD
V	763343	USD
V	763411	USD
V	763481	USD
V	763550	USD
V	763620	USD
V	763690	USD
V	763760	USD
V	763830	USD
V	763900	USD
V	763969	USD
V	764037	USD
V	764107	USD
V	764176	USD
V	764246	USD
V	764316	USD
V	764385	USD
V	764455	USD
V	764526	USD
V	764596	USD
V	764666	USD
V	764735	USD
V	764803	USD
V	764873	USD
V	764942	USD
V	765012	USD
V	765082	USD
V	765152	USD
V	765222	USD
V	765293	USD
V	765363	USD
V	765433	USD
V	765502	USD
V	765570	USD
V	765640	USD
V	765710	USD
V	765780	USD
V	765850	USD
V	765919	USD
V	765989	USD
V	766059	USD
V	766128	USD
V	766198	USD
V	766269	USD
V	766337	USD
V	766407	USD
V	766477	USD
V	766547	USD
V	766617	USD
V	766687	USD
V	766757	USD
V	766828	USD
V	766897	USD
V	766967	USD
V	767036	USD
V	767104	USD
V	767174	USD
V	767243	USD
V	767313	USD
V	767383	USD
V	767453	USD
V	767523	USD
V	767593	USD
V	767663	USD
V	767733	USD
V	767804	USD
V	767872	USD
V	767942	USD
V	768012	USD
V	768082	USD
V	768151	USD
V	768221	USD
V	768291	USD
V	768362	USD
V	768432	USD
V	768502	USD
V	768571	USD
V	768639	USD
V	768709	USD
V	768777	USD
V	768847	USD
V	768916	USD
V	768986	USD
V	769056	USD
V	769127	USD
V	769196	USD
V	769266	USD
V	769335	USD
V	769405	USD
V	769475	USD
V	769543	USD
V	769613	USD
V	769683	USD
V	769752	USD
V	769821	USD
V	769892	USD
V	769960	USD
V	770030	USD
V	770099	USD
V	770167	USD
V	770237	USD
V	770305	USD
V	770375	USD
V	770444	USD
V	770514	USD
V	770584	USD
V	770655	USD
V	770724	USD
V	770794	USD
V	770863	USD
V	770931	USD
V	771001	USD
V	771069	USD
V	771139	USD
V	771209	USD
V	771279	USD
V	771349	USD
V	771419	USD
V	771489	USD
V	771559	USD
V	771628	USD
V	771696	USD
V	771766	USD
V	771834	USD
V	771904	USD
V	771974	USD
V	772044	USD
V	772114	USD
V	772185	USD
V	772254	USD
V	772324	USD
V	772390	USD
V	772458	USD
V	772528	USD
V	772597	USD
V	772667	USD
V	772737	USD
V	772807	USD
V	772876	USD
V	772947	USD
V	773016	USD
V	773086	USD
V	773155	USD
V	773221	USD
V	773291	USD
V	773359	USD
V	773429	USD
V	773499	USD
V	773569	USD
V	773637	USD
V	773708	USD
V	773776	USD
V	773846	USD
V	773912	USD
V	773979	USD
V	774049	USD
V	774117	USD
V	774187	USD
V	774257	USD
V	774327	USD
V	774397	USD
V	774469	USD
V	774538	USD
V	774608	USD
V	774677	USD
V	774745	USD
V	774815	USD
V	774882	USD
V	774952	USD
V	775022	USD
V	775092	USD
V	775162	USD
V	775233	USD
V	775302	USD
V	775372	USD
V	775443	USD
V	775513	USD
V	775582	USD
V	775652	USD
V	775722	USD
V	775792	USD
V	775862	USD
V	775932	USD
V	776002	USD
V	776072	USD
V	776142	USD
V	776211	USD
V	776281	USD
V	776350	USD
V	776420	USD
V	776490	USD
V	776560	USD
V	776629	USD
V	776698	USD
V	776769	USD
V	776839	USD
V	776909	USD
V	776978	USD
V	777048	USD
V	777118	USD
V	777187	USD
V	777257	USD
V	777327	USD
V	777396	USD
V	777466	USD
V	777536	USD
V	777605	USD
V	777675	USD
V	777744	USD
V	777814	USD
V	777884	USD
V	777953	USD
V	778023	USD
V	778093	USD
V	778163	USD
V	778233	USD
V	778304	USD
V	778373	USD
V	778443	USD
V	778512	USD
V	778582	USD
V	778652	USD
V	778721	USD
V	778791	USD
V	778861	USD
V	778931	USD
V	779001	USD
V	779071	USD
V	779140	USD
V	779210	USD
V	779279	USD
V	779345	USD
V	779415	USD
V	779482	USD
V	779552	USD
V	779622	USD
V	779692	USD
V	779762	USD
V	779833	USD
V	779902	USD
V	779972	USD
V	780038	USD
V	780108	USD
V	780178	USD
V	780245	USD
V	780314	USD
V	780384	USD
V	780454	USD
V	780524	USD
V	780596	USD
V	780666	USD
V	780736	USD
V	780802	USD
V	780868	USD
V	780938	USD
V	781006	USD
V	781076	USD
V	781146	USD
V	781216	USD
V	781286	USD
V	781358	USD
V	781427	USD
V	781497	USD
V	781568	USD
V	781636	USD
V	781706	USD
V	781775	USD
V	781845	USD
V	781915	USD
V	781985	USD
V	782055	USD
V	782127	USD
V	782196	USD
V	782266	USD
V	782335	USD
V	782401	USD
V	782471	USD
V	782540	USD
V	782609	USD
V	782679	USD
V	782749	USD
V	782819	USD
V	782890	USD
V	782959	USD
V	783029	USD
V	783098	USD
V	783166	USD
V	783236	USD
V	783306	USD
V	783375	USD
V	783445	USD
V	783515	USD
V	783585	USD
V	783657	USD
V	783726	USD
V	783796	USD
V	783865	USD
V	783935	USD
V	784004	USD
V	784071	USD
V	784140	USD
V	784210	USD
V	784280	USD
V	784350	USD
V	784421	USD
V	784490	USD
V	784560	USD
V	784626	USD
V	784696	USD
V	784766	USD
V	784834	USD
V	784904	USD
V	784974	USD
V	785044	USD
V	785114	USD
V	785185	USD
V	785255	USD
V	785324	USD
V	785393	USD
V	785459	USD
V	785529	USD
V	785595	USD
V	785664	USD
V	785734	USD
V	785803	USD
V	785873	USD
V	785944	USD
V	786013	USD
V	786083	USD
V	786154	USD
V	786222	USD
V	786292	USD
V	786359	USD
V	786429	USD
V	786499	USD
V	786569	USD
V	786639	USD
V	786709	USD
V	786779	USD
V	786849	USD
V	786918	USD
V	786986	USD
V	787056	USD
V	787123	USD
V	787193	USD
V	787263	USD
V	787333	USD
V	787403	USD
V	787475	USD
V	787545	USD
V	787615	USD
V	787684	USD
V	787752	USD
V	787822	USD
V	787889	USD
V	787959	USD
V	788029	USD
V	788098	USD
V	788168	USD
V	788240	USD
V	788309	USD
V	788379	USD
V	788448	USD
V	788515	USD
V	788585	USD
V	788653	USD
V	788723	USD
V	788793	USD
V	788863	USD
V	788933	USD
V	789004	USD
V	789074	USD
V	789144	USD
V	789215	USD
V	789283	USD
V	789353	USD
V	789419	USD
V	789489	USD
V	789559	USD
V	789629	USD
V	789698	USD
V	789770	USD
V	789838	USD
V	789908	USD
V	789977	USD
V	790044	USD
V	790113	USD
V	790180	USD
V	790250	USD
V	790320	USD
V	790390	USD
V	790460	USD
V	790532	USD
V	790601	USD
V	790671	USD
V	790742	USD
V	790810	USD
V	790880	USD
V	790947	USD
V	791017	USD
V	791087	USD
V	791157	USD
V	791227	USD
V	791298	USD
V	791367	USD
V	791437	USD
V	791506	USD
V	791573	USD
V	791643	USD
V	791712	USD
V	791782	USD
V	791852	USD
V	791922	USD
V	791992	USD
V	792063	USD
V	792132	USD
V	792202	USD
V	792273	USD
V	792340	USD
V	792410	USD
V	792480	USD
V	792550	USD
V	792620	USD
V	792688	USD
V	792757	USD
V	792829	USD
V	792899	USD
V	792968	USD
V	793037	USD
V	793104	USD
V	793173	USD
V	793242	USD
V	793312	USD
V	793382	USD
V	793451	USD
V	793521	USD
V	793593	USD
V	793663	USD
V	793733	USD
V	793802	USD
V	793869	USD
V	793939	USD
V	794008	USD
V	794078	USD
V	794148	USD
V	794218	USD
V	794288	USD
V	794358	USD
V	794427	USD
V	794497	USD
V	794566	USD
V	794634	USD
V	794704	USD
V	794771	USD
V	794841	USD
V	794911	USD
V	794980	USD
V	795050	USD
V	795121	USD
V	795191	USD
V	795261	USD
V	795330	USD
V	795398	USD
V	795468	USD
V	795537	USD
V	795607	USD
V	795677	USD
V	795745	USD
V	795815	USD
V	795886	USD
V	795955	USD
V	796025	USD
V	796094	USD
V	796162	USD
V	796232	USD
V	796299	USD
V	796369	USD
V	796439	USD
V	796508	USD
V	796578	USD
V	796649	USD
V	796719	USD
V	796789	USD
V	796858	USD
V	796928	USD
V	796998	USD
V	797066	USD
V	797136	USD
V	797206	USD
V	797276	USD
V	797346	USD
V	797417	USD
V	797486	USD
V	797556	USD
V	797625	USD
V	797695	USD
V	797765	USD
V	797835	USD
V	797904	USD
V	797974	USD
V	798044	USD
V	798113	USD
V	798184	USD
V	798254	USD
V	798324	USD
V	798393	USD
V	798463	USD
V	798533	USD
V	798602	USD
V	798672	USD
V	798741	USD
V	798811	USD
V	798880	USD
V	798952	USD
V	799021	USD
V	799091	USD
V	799160	USD
V	799230	USD
V	799300	USD
V	799369	USD
V	799439	USD
V	799509	USD
V	799579	USD
V	799648	USD
V	799719	USD
V	799787	USD
V	799857	USD
V	799928	USD
V	799998	USD
V	800068	USD
V	800137	USD
V	800207	USD
V	800277	USD
V	800347	USD
V	800417	USD
V	800488	USD
V	800557	USD
V	800627	USD
V	800696	USD
V	800766	USD
V	800836	USD
V	800904	USD
V	800974	USD
V	801042	USD
V	801112	USD
V	801180	USD
V	801251	USD
V	801321	USD
V	801391	USD
V	801460	USD
V	801528	USD
V	801597	USD
V	801666	USD
V	801736	USD
V	801806	USD
V	801876	USD
V	801946	USD
V	802017	USD
V	802087	USD
V	802157	USD
V	802226	USD
V	802296	USD
V	802366	USD
V	802435	USD
V	802505	USD
V	802575	USD
V	802645	USD
V	802715	USD
V	802787	USD
V	802858	USD
V	802928	USD
V	802997	USD
V	803067	USD
V	803137	USD
V	803207	USD
V	803277	USD
V	803346	USD
V	803415	USD
V	803485	USD
V	803556	USD
V	803626	USD
V	803696	USD
V	803765	USD
V	803835	USD
V	803905	USD
V	803974	USD
V	804044	USD
V	804113	USD
V	804183	USD
V	804253	USD
V	804324	USD
V	804392	USD
V	804462	USD
V	804531	USD
V	804601	USD
V	804671	USD
V	804740	USD
V	804810	USD
V	804879	USD
V	804949	USD
V	805019	USD
V	805090	USD
V	805158	USD
V	805228	USD
V	805297	USD
V	805365	USD
V	805435	USD
V	805503	USD
V	805573	USD
V	805642	USD
V	805712	USD
V	805781	USD
V	805852	USD
V	805922	USD
V	805992	USD
V	806063	USD
V	806131	USD
V	806201	USD
V	806269	USD
V	806338	USD
V	806407	USD
V	806477	USD
V	806547	USD
V	806618	USD
V	806684	USD
V	806754	USD
V	806823	USD
V	806891	USD
V	806961	USD
V	807030	USD
V	807100	USD
V	807169	USD
V	807239	USD
V	807309	USD
V	807380	USD
V	807451	USD
V	807521	USD
V	807590	USD
V	807658	USD
V	807728	USD
V	807798	USD
V	807868	USD
V	807938	USD
V	808007	USD
V	808077	USD
V	808148	USD
V	808218	USD
V	808288	USD
V	808357	USD
V	808424	USD
V	808493	USD
V	808563	USD
V	808633	USD
V	808703	USD
V	808773	USD
V	808843	USD
V	808914	USD
V	808984	USD
V	809054	USD
V	809123	USD
V	809191	USD
V	809261	USD
V	809331	USD
V	809401	USD
V	809470	USD
V	809540	USD
V	809610	USD
V	809682	USD
V	809750	USD
V	809820	USD
V	809889	USD
V	809957	USD
V	810027	USD
V	810096	USD
V	810166	USD
V	810236	USD
V	810305	USD
V	810375	USD
V	810446	USD
V	810515	USD
V	810585	USD
V	810654	USD
V	810724	USD
V	810794	USD
V	810863	USD
V	810933	USD
V	811003	USD
V	811073	USD
V	811143	USD
V	811213	USD
V	811283	USD
V	811353	USD
V	811422	USD
V	811492	USD
V	811560	USD
V	811628	USD
V	811698	USD
V	811768	USD
V	811838	USD
V	811908	USD
V	811979	USD
V	812050	USD
V	812120	USD
V	812189	USD
V	812257	USD
V	812327	USD
V	812394	USD
V	812464	USD
V	812534	USD
V	812604	USD
V	812674	USD
V	812745	USD
V	812815	USD
V	812885	USD
V	812956	USD
V	813024	USD
V	813094	USD
V	813161	USD
V	813231	USD
V	813301	USD
V	813371	USD
V	813441	USD
V	813512	USD
V	813580	USD
V	813650	USD
V	813721	USD
V	813789	USD
V	813859	USD
V	813928	USD
V	813998	USD
V	814066	USD
V	814136	USD
V	814206	USD
V	814276	USD
V	814346	USD
V	814415	USD
V	814484	USD
V	814552	USD
V	814622	USD
V	814692	USD
V	814762	USD
V	814831	USD
V	814901	USD
V	814971	USD
V	815042	USD
V	815111	USD
V	815180	USD
V	815249	USD
V	815317	USD
V	815387	USD
V	815456	USD
V	815526	USD
V	815595	USD
V	815665	USD
V	815735	USD
V	815805	USD
V	815876	USD
V	815946	USD
V	816015	USD
V	816085	USD
V	816155	USD
V	816222	USD
V	816290	USD
V	816360	USD
V	816430	USD
V	816500	USD
V	816571	USD
V	816642	USD
V	816712	USD
V	816781	USD
V	816851	USD
V	816921	USD
V	816988	USD
V	817058	USD
V	817128	USD
V	817198	USD
V	817268	USD
V	817340	USD
V	817410	USD
V	817480	USD
V	817549	USD
V	817619	USD
V	817689	USD
V	817757	USD
V	817827	USD
V	817896	USD
V	817966	USD
V	818036	USD
V	818107	USD
V	818178	USD
V	818248	USD
V	818317	USD
V	818385	USD
V	818454	USD
V	818523	USD
V	818593	USD
V	818663	USD
V	818733	USD
V	818803	USD
V	818874	USD
V	818945	USD
V	819015	USD
V	819084	USD
V	819152	USD
V	819222	USD
V	819291	USD
V	819360	USD
V	819430	USD
V	819498	USD
V	819568	USD
V	819639	USD
V	819708	USD
V	819778	USD
V	819847	USD
V	819915	USD
V	819985	USD
V	820055	USD
V	820124	USD
V	820194	USD
V	820264	USD
V	820334	USD
V	820405	USD
V	820475	USD
V	820545	USD
V	820614	USD
V	820682	USD
V	820752	USD
V	820821	USD
V	820890	USD
V	820960	USD
V	821030	USD
V	821100	USD
V	821170	USD
V	821240	USD
V	821310	USD
V	821379	USD
V	821447	USD
V	821517	USD
V	821586	USD
V	821656	USD
V	821725	USD
V	821795	USD
V	821865	USD
V	821935	USD
V	822003	USD
V	822073	USD
V	822142	USD
V	822210	USD
V	822279	USD
V	822347	USD
V	822417	USD
V	822487	USD
V	822557	USD
V	822627	USD
V	822697	USD
V	822768	USD
V	822838	USD
V	822909	USD
V	822977	USD
V	823047	USD
V	823115	USD
V	823183	USD
V	823253	USD
V	823323	USD
V	823393	USD
V	823464	USD
V	823534	USD
V	823604	USD
V	823673	USD
V	823741	USD
V	823810	USD
V	823878	USD
V	823948	USD
V	824018	USD
V	824088	USD
V	824157	USD
V	824227	USD
V	824297	USD
V	824367	USD
V	824440	USD
V	824508	USD
V	824578	USD
V	824648	USD
V	824718	USD
V	824788	USD
V	824858	USD
V	824927	USD
V	824998	USD
V	825068	USD
V	825137	USD
V	825206	USD
V	825274	USD
V	825344	USD
V	825413	USD
V	825483	USD
V	825553	USD
V	825623	USD
V	825693	USD
V	825764	USD
V	825834	USD
V	825904	USD
V	825973	USD
V	826041	USD
V	826111	USD
V	826181	USD
V	826251	USD
V	826321	USD
V	826389	USD
V	826459	USD
V	826530	USD
V	826600	USD
V	826670	USD
V	826739	USD
V	826807	USD
V	826877	USD
V	826945	USD
V	827015	USD
V	827085	USD
V	827154	USD
V	827224	USD
V	827295	USD
V	827365	USD
V	827435	USD
V	827506	USD
V	827574	USD
V	827644	USD
V	827712	USD
V	827782	USD
V	827852	USD
V	827922	USD
V	827992	USD
V	828063	USD
V	828133	USD
V	828203	USD
V	828272	USD
V	828339	USD
V	828409	USD
V	828478	USD
V	828548	USD
V	828618	USD
V	828688	USD
V	828756	USD
V	828827	USD
V	828898	USD
V	828968	USD
V	829037	USD
V	829101	USD
V	829171	USD
V	829239	USD
V	829309	USD
V	829379	USD
V	829449	USD
V	829519	USD
V	829590	USD
V	829659	USD
V	829729	USD
V	829800	USD
V	829867	USD
V	829937	USD
V	830006	USD
V	830076	USD
V	830145	USD
V	830215	USD
V	830285	USD
V	830356	USD
V	830426	USD
V	830496	USD
V	830569	USD
V	830636	USD
V	830706	USD
V	830774	USD
V	830844	USD
V	830913	USD
V	830983	USD
V	831053	USD
V	831124	USD
V	831193	USD
V	831263	USD
V	831334	USD
V	831401	USD
V	831471	USD
V	831541	USD
V	831611	USD
V	831680	USD
V	831750	USD
V	831820	USD
V	831891	USD
V	831961	USD
V	832031	USD
V	832102	USD
V	832169	USD
V	832239	USD
V	832306	USD
V	832376	USD
V	832446	USD
V	832516	USD
V	832586	USD
V	832657	USD
V	832726	USD
V	832796	USD
V	832867	USD
V	832933	USD
V	833003	USD
V	833072	USD
V	833142	USD
V	833212	USD
V	833282	USD
V	833352	USD
V	833422	USD
V	833493	USD
V	833563	USD
V	833633	USD
V	833701	USD
V	833771	USD
V	833840	USD
V	833910	USD
V	833980	USD
V	834050	USD
V	834120	USD
V	834191	USD
V	834262	USD
V	834332	USD
V	834403	USD
V	834470	USD
V	834540	USD
V	834608	USD
V	834678	USD
V	834748	USD
V	834818	USD
V	834888	USD
V	834959	USD
V	835029	USD
V	835099	USD
V	835168	USD
V	835236	USD
V	835306	USD
V	835375	USD
V	835444	USD
V	835513	USD
V	835583	USD
V	835653	USD
V	835724	USD
V	835793	USD
V	835863	USD
V	835934	USD
V	836002	USD
V	836071	USD
V	836140	USD
V	836210	USD
V	836280	USD
V	836350	USD
V	836419	USD
V	836490	USD
V	836560	USD
V	836630	USD
V	836701	USD
V	836769	USD
V	836839	USD
V	836909	USD
V	836979	USD
V	837049	USD
V	837119	USD
V	837188	USD
V	837260	USD
V	837330	USD
V	837400	USD
V	837468	USD
V	837534	USD
V	837604	USD
V	837674	USD
V	837744	USD
V	837813	USD
V	837883	USD
V	837953	USD
V	838024	USD
V	838094	USD
V	838164	USD
V	838236	USD
V	838306	USD
V	838376	USD
V	838444	USD
V	838513	USD
V	838583	USD
V	838653	USD
V	838722	USD
V	838792	USD
V	838860	USD
V	838930	USD
V	839001	USD
V	839071	USD
V	839140	USD
V	839210	USD
V	839280	USD
V	839348	USD
V	839418	USD
V	839488	USD
V	839559	USD
V	839628	USD
V	839698	USD
V	839771	USD
V	839841	USD
V	839910	USD
V	839980	USD
V	840049	USD
V	840118	USD
V	840188	USD
V	840258	USD
V	840329	USD
V	840399	USD
V	840469	USD
V	840540	USD
V	840610	USD
V	840680	USD
V	840750	USD
V	840819	USD
V	840889	USD
V	840959	USD
V	841028	USD
V	841099	USD
V	841170	USD
V	841240	USD
V	841311	USD
V	841381	USD
V	841451	USD
V	841521	USD
V	841591	USD
V	841661	USD
V	841731	USD
V	841801	USD
V	841872	USD
V	841940	USD
V	842010	USD
V	842081	USD
V	842151	USD
V	842221	USD
V	842291	USD
V	842361	USD
V	842431	USD
V	842501	USD
V	842570	USD
V	842641	USD
V	842708	USD
V	842778	USD
V	842849	USD
V	842916	USD
V	842986	USD
V	843056	USD
V	843126	USD
V	843195	USD
V	843265	USD
V	843335	USD
V	843406	USD
V	843477	USD
V	843547	USD
V	843618	USD
V	843686	USD
V	843756	USD
V	843822	USD
V	843892	USD
V	843962	USD
V	844032	USD
V	844102	USD
V	844170	USD
V	844241	USD
V	844311	USD
V	844381	USD
V	844449	USD
V	844519	USD
V	844588	USD
V	844658	USD
V	844728	USD
V	844798	USD
V	844868	USD
V	844939	USD
V	845009	USD
V	845079	USD
V	845149	USD
V	845217	USD
V	845287	USD
V	845357	USD
V	845427	USD
V	845496	USD
V	845566	USD
V	845636	USD
V	845707	USD
V	845777	USD
V	845847	USD
V	845918	USD
V	845986	USD
V	846056	USD
V	846125	USD
V	846195	USD
V	846265	USD
V	846335	USD
V	846405	USD
V	846476	USD
V	846546	USD
V	846616	USD
V	846687	USD
V	846755	USD
V	846824	USD
V	846893	USD
V	846962	USD
V	847031	USD
V	847101	USD
V	847171	USD
V	847242	USD
V	847312	USD
V	847382	USD
V	847453	USD
V	847521	USD
V	847591	USD
V	847660	USD
V	847730	USD
V	847800	USD
V	847870	USD
V	847940	USD
V	848011	USD
V	848080	USD
V	848149	USD
V	848220	USD
V	848288	USD
V	848358	USD
V	848425	USD
V	848495	USD
V	848565	USD
V	848635	USD
V	848705	USD
V	848775	USD
V	848845	USD
V	848915	USD
V	848986	USD
V	849053	USD
V	849123	USD
V	849189	USD
V	849259	USD
V	849329	USD
V	849399	USD
V	849469	USD
V	849540	USD
V	849610	USD
V	849680	USD
V	849752	USD
V	849820	USD
V	849890	USD
V	849959	USD
V	850029	USD
V	850099	USD
V	850169	USD
V	850239	USD
V	850310	USD
V	850380	USD
V	850450	USD
V	850523	USD
V	850591	USD
V	850661	USD
V	850729	USD
V	850799	USD
V	850869	USD
V	850939	USD
V	851008	USD
V	851079	USD
V	851149	USD
V	851219	USD
V	851290	USD
V	851358	USD
V	851428	USD
V	851497	USD
V	851566	USD
V	851636	USD
V	851706	USD
V	851775	USD
V	851846	USD
V	851917	USD
V	851987	USD
V	852058	USD
V	852126	USD
V	852196	USD
V	852266	USD
V	852336	USD
V	852405	USD
V	852475	USD
V	852545	USD
V	852615	USD
V	852685	USD
V	852754	USD
V	852825	USD
V	852893	USD
V	852963	USD
V	853032	USD
V	853102	USD
V	853172	USD
V	853242	USD
V	853312	USD
V	853381	USD
V	853451	USD
V	853521	USD
V	853591	USD
V	853659	USD
V	853729	USD
V	853798	USD
V	853866	USD
V	853936	USD
V	854006	USD
V	854076	USD
V	854147	USD
V	854217	USD
V	854287	USD
V	854358	USD
V	854426	USD
V	854495	USD
V	854563	USD
V	854633	USD
V	854703	USD
V	854773	USD
V	854843	USD
V	854914	USD
V	854984	USD
V	855054	USD
V	855125	USD
V	855193	USD
V	855262	USD
V	855331	USD
V	855401	USD
V	855470	USD
V	855540	USD
V	855610	USD
V	855681	USD
V	855751	USD
V	855821	USD
V	855892	USD
V	855960	USD
V	856030	USD
V	856099	USD
V	856169	USD
V	856239	USD
V	856309	USD
V	856379	USD
V	856450	USD
V	856521	USD
V	856591	USD
V	856662	USD
V	856732	USD
V	856802	USD
V	856872	USD
V	856942	USD
V	857012	USD
V	857082	USD
V	857152	USD
V	857222	USD
V	857292	USD
V	857362	USD
V	857432	USD
V	857502	USD
V	857572	USD
V	857642	USD
V	857712	USD
V	857782	USD
V	857852	USD
V	857922	USD
V	857992	USD
V	858062	USD
V	858132	USD
V	858202	USD
V	858272	USD
V	858342	USD
V	858412	USD
V	858482	USD
V	858552	USD
V	858622	USD
V	858692	USD
V	858762	USD
V	858832	USD
V	858902	USD
V	858972	USD
V	859042	USD
V	859112	USD
V	859182	USD
V	859252	USD
V	859322	USD
V	859392	USD
V	859462	USD
V	859532	USD
V	859602	USD
V	859672	USD
V	859742	USD
V	859812	USD
V	859882	USD
V	859952	USD
V	860022	USD
V	860092	USD
V	860162	USD
V	860232	USD
V	860302	USD
V	860372	USD
V	860442	USD
V	860512	USD
V	860582	USD
V	860652	USD
V	860722	USD
V	860792	USD
V	860862	USD
V	860932	USD
V	861002	USD
V	861072	USD
V	861142	USD
V	861212	USD
V	861282	USD
V	861352	USD
V	861422	USD
V	861492	USD
V	861562	USD
V	861632	USD
V	861702	USD
V	861772	USD
V	861842	USD
V	861912	USD
V	861982	USD
V	862052	USD
V	862122	USD
V	862192	USD
V	862262	USD
V	862332	USD
V	862402	USD
V	862472	USD
V	862542	USD
V	862612	USD
V	862682	USD
V	862752	USD
V	862822	USD
V	862892	USD
V	862962	USD
V	863032	USD
V	863102	USD
V	863172	USD
V	863242	USD
V	863312	USD
V	863382	USD
V	863452	USD
V	863522	USD
V	863592	USD
V	863662	USD
V	863732	USD
V	863802	USD
V	863872	USD
V	863942	USD
V	864012	USD
V	864082	USD
V	864152	USD
V	864222	USD
V	864292	USD
V	864362	USD
V	864432	USD
V	864502	USD
V	864572	USD
V	864642	USD
V	864712	USD
V	864782	USD
V	864852	USD
V	864922	USD
V	864992	USD
V	865062	USD
V	865132	USD
V	865202	USD
V	865272	USD
V	865342	USD
V	865412	USD
V	865482	USD
V	865552	USD
V	865622	USD
V	865692	USD
V	865762	USD
V	865832	USD
V	865902	USD
V	865972	USD
V	866042	USD
V	866112	USD
V	866182	USD
V	866252	USD
V	866322	USD
V	866392	USD
V	866462	USD
V	866532	USD
V	866602	USD
V	866672	USD
V	866742	USD
V	866812	USD
V	866882	USD
V	866952	USD
V	867022	USD
V	867092	USD
V	867162	USD
V	867232	USD
V	867302	USD
V	867372	USD
V	867442	USD
V	867512	USD
V	867582	USD
V	867652	USD
V	867722	USD
V	867792	USD
V	867862	USD
V	867932	USD
V	868002	USD
V	868072	USD
V	868142	USD
V	868212	USD
V	868282	USD
V	868352	USD
V	868422	USD
V	868492	USD
V	868562	USD
V	868632	USD
V	868702	USD
V	868772	USD
V	868842	USD
V	868912	USD
V	868982	USD
V	869052	USD
V	869122	USD
V	869192	USD
V	869262	USD
V	869332	USD
V	869402	USD
V	869472	USD
V	869542	USD
V	869612	USD
V	869682	USD
V	869752	USD
V	869822	USD
V	869892	USD
V	869962	USD
V	870032	USD
V	870102	USD
V	870172	USD
V	870242	USD
V	870312	USD
V	870382	USD
V	870452	USD
V	870522	USD
V	870592	USD
V	870662	USD
V	870732	USD
V	870802	USD
V	870872	USD
V	870942	USD
V	871012	USD
V	871082	USD
V	871152	USD
V	871222	USD
V	871292	USD
V	871362	USD
V	871432	USD
V	871502	USD
V	871572	USD
V	871642	USD
V	871712	USD
V	871782	USD
V	871852	USD
V	871922	USD
V	871992	USD
V	872062	USD
V	872132	USD
V	872202	USD
V	872272	USD
V	872342	USD
V	872412	USD
V	872482	USD
V	872552	USD
V	872622	USD
V	872692	USD
V	872762	USD
V	872832	USD
V	872902	USD
V	872972	USD
V	873042	USD
V	873112	USD
V	873182	USD
V	873252	USD
V	873322	USD
V	873392	USD
V	873462	USD
V	873532	USD
V	873602	USD
V	873672	USD
V	873742	USD
V	873812	USD
V	873882	USD
V	873952	USD
V	874022	USD
V	874092	USD
V	874162	USD
V	874232	USD
V	874302	USD
V	874372	USD
V	874442	USD
V	874512	USD
V	874582	USD
V	874652	USD
V	874722	USD
V	874792	USD
V	874862	USD
V	874932	USD
V	875002	USD
V	875072	USD
V	875142	USD
V	875212	USD
V	875282	USD
V	875352	USD
V	875422	USD
V	875492	USD
V	875562	USD
V	875632	USD
V	875702	USD
V	875772	USD
V	875842	USD
V	875912	USD
V	875982	USD
V	876052	USD
V	876122	USD
V	876192	USD
V	876262	USD
V	876332	USD
V	876402	USD
V	876472	USD
V	876542	USD
V	876612	USD
V	876682	USD
V	876752	USD
V	876822	USD
V	876892	USD
V	876962	USD
V	877032	USD
V	877102	USD
V	877172	USD
V	877242	USD
V	877312	USD
V	877382	USD
V	877452	USD
V	877522	USD
V	877592	USD
V	877662	USD
V	877732	USD
V	877802	USD
V	877872	USD
V	877942	USD
V	878012	USD
V	878082	USD
V	878152	USD
V	878222	USD
V	878292	USD
V	878362	USD
V	878432	USD
V	878502	USD
V	878572	USD
V	878642	USD
V	878712	USD
V	878782	USD
V	878852	USD
V	878922	USD
V	878992	USD
V	879062	USD
V	879132	USD
V	879202	USD
V	879272	USD
V	879342	USD
V	879412	USD
V	879482	USD
V	879552	USD
V	879622	USD
V	879692	USD
V	879762	USD
V	879832	USD
V	879902	USD
V	879972	USD
V	880042	USD
V	880112	USD
V	880182	USD
V	880252	USD
V	880322	USD
V	880392	USD
V	880462	USD
V	880532	USD
V	880602	USD
V	880672	USD
V	880742	USD
V	880812	USD
V	880882	USD
V	880952	USD
V	881022	USD
V	881092	USD
V	881162	USD
V	881232	USD
V	881302	USD
V	881372	USD
V	881442	USD
V	881512	USD
V	881582	USD
V	881652	USD
V	881722	USD
V	881792	USD
V	881862	USD
V	881932	USD
V	882002	USD
V	882072	USD
V	882142	USD
V	882212	USD
V	882282	USD
V	882352	USD
V	882422	USD
V	882492	USD
V	882562	USD
V	882632	USD
V	882702	USD
V	882772	USD
V	882842	USD
V	882912	USD
V	882982	USD
V	883052	USD
V	883122	USD
V	883192	USD
V	883262	USD
V	883332	USD
V	883402	USD
V	883472	USD
V	883542	USD
V	883612	USD
V	883682	USD
V	883752	USD
V	883822	USD
V	883892	USD
V	883962	USD
V	884032	USD
V	884102	USD
V	884172	USD
V	884242	USD
V	884312	USD
V	884382	USD
V	884452	USD
V	884522	USD
V	884592	USD
V	884662	USD
V	884732	USD
V	884802	USD
V	884872	USD
V	884942	USD
V	885012	USD
V	885082	USD
V	885152	USD
V	885222	USD
V	885292	USD
V	885362	USD
V	885432	USD
V	885502	USD
V	885572	USD
V	885642	USD
V	885712	USD
V	885782	USD
V	885852	USD
V	885922	USD
V	885992	USD
V	886062	USD
V	886132	USD
V	886202	USD
V	886272	USD
V	886342	USD
V	886412	USD
V	886482	USD
V	886552	USD
V	886622	USD
V	886692	USD
V	886762	USD
V	886832	USD
V	886902	USD
V	886972	USD
V	887042	USD
V	887112	USD
V	887182	USD
V	887252	USD
V	887322	USD
V	887392	USD
V	887462	USD
V	887532	USD
V	887602	USD
V	887672	USD
V	887742	USD
V	887812	USD
V	887882	USD
V	887952	USD
V	888022	USD
V	888092	USD
V	888162	USD
V	888232	USD
V	888302	USD
V	888372	USD
V	888442	USD
V	888512	USD
V	888582	USD
V	888652	USD
V	888722	USD
V	888792	USD
V	888862	USD
V	888932	USD
V	889002	USD
V	889072	USD
V	889142	USD
V	889212	USD
V	889282	USD
V	889352	USD
V	889422	USD
V	889492	USD
V	889562	USD
V	889632	USD
V	889702	USD
V	889772	USD
V	889842	USD
V	889912	USD
V	889982	USD
V	890052	USD
V	890122	USD
V	890192	USD
V	890262	USD
V	890332	USD
V	890402	USD
V	890472	USD
V	890542	USD
V	890612	USD
V	890682	USD
V	890752	USD
V	890822	USD
V	890892	USD
V	890962	USD
V	891032	USD
V	891102	USD
V	891172	USD
V	891242	USD
V	891312	USD
V	891382	USD
V	891452	USD
V	891522	USD
V	891592	USD
V	891662	USD
V	891732	USD
V	891802	USD
V	891872	USD
V	891942	USD
V	892012	USD
V	892082	USD
V	892152	USD
V	892222	USD
V	892292	USD
V	892362	USD
V	892432	USD
V	892502	USD
V	892572	USD
V	892642	USD
V	892712	USD
V	892782	USD
V	892852	USD
V	892922	USD
V	892992	USD
V	893062	USD
V	893132	USD
V	893202	USD
V	893272	USD
V	893342	USD
V	893412	USD
V	893482	USD
V	893552	USD
V	893622	USD
V	893692	USD
V	893762	USD
V	893832	USD
V	893902	USD
V	893972	USD
V	894042	USD
V	894112	USD
V	894182	USD
V	894252	USD
V	894322	USD
V	894392	USD
V	894462	USD
V	894532	USD
V	894602	USD
V	894672	USD
V	894742	USD
V	894812	USD
V	894882	USD
V	894952	USD
V	895022	USD
V	895092	USD
V	895162	USD
V	895232	USD
V	895302	USD
V	895372	USD
V	895442	USD
V	895512	USD
V	895582	USD
V	895652	USD
V	895722	USD
V	895792	USD
V	895862	USD
V	895932	USD
V	896002	USD
V	896072	USD
V	896142	USD
V	896212	USD
V	896282	USD
V	896352	USD
V	896422	USD
V	896492	USD
V	896562	USD
V	896632	USD
V	896702	USD
V	896772	USD
V	896842	USD
V	896912	USD
V	896982	USD
V	897052	USD
V	897122	USD
V	897192	USD
V	897262	USD
V	897332	USD
V	897402	USD
V	897472	USD
V	897542	USD
V	897612	USD
V	897682	USD
V	897752	USD
V	897822	USD
V	897892	USD
V	897962	USD
V	898032	USD
V	898102	USD
V	898172	USD
V	898242	USD
V	898312	USD
V	898382	USD
V	898452	USD
V	898522	USD
V	898592	USD
V	898662	USD
V	898732	USD
V	898802	USD
V	898872	USD
V	898942	USD
V	899012	USD
V	899082	USD
V	899152	USD
V	899222	USD
V	899292	USD
V	899362	USD
V	899432	USD
V	899502	USD
V	899572	USD
V	899642	USD
V	899712	USD
V	899782	USD
V	899852	USD
V	899922	USD
V	899992	USD
V	900062	USD
V	900132	USD
V	900202	USD
V	900272	USD
V	900342	USD
V	900412	USD
V	900482	USD
V	900552	USD
V	900622	USD
V	900692	USD
V	900762	USD
V	900832	USD
V	900902	USD
V	900972	USD
V	901042	USD
V	901112	USD
V	901182	USD
V	901252	USD
V	901322	USD
V	901392	USD
V	901462	USD
V	901532	USD
V	901602	USD
V	901672	USD
V	901742	USD
V	901812	USD
V	901882	USD
V	901952	USD
V	902022	USD
V	902092	USD
V	902162	USD
V	902232	USD
V	902302	USD
V	902372	USD
V	902442	USD
V	902512	USD
V	902582	USD
V	902652	USD
V	902722	USD
V	902792	USD
V	902862	USD
V	902932	USD
V	903002	USD
V	903072	USD
V	903142	USD
V	903212	USD
V	903282	USD
V	903352	USD
V	903422	USD
V	903492	USD
V	903562	USD
V	903632	USD
V	903702	USD
V	903772	USD
V	903842	USD
V	903912	USD
V	903982	USD
V	904052	USD
V	904122	USD
V	904192	USD
V	904262	USD
V	904332	USD
V	904402	USD
V	904472	USD
V	904542	USD
V	904612	USD
V	904682	USD
V	904752	USD
V	904822	USD
V	904892	USD
V	904962	USD
V	905032	USD
V	905102	USD
V	905172	USD
V	905242	USD
V	905312	USD
V	905382	USD
V	905452	USD
V	905522	USD
V	905592	USD
V	905662	USD
V	905732	USD
V	905802	USD
V	905872	USD
V	905942	USD
V	906012	USD
V	906082	USD
V	906152	USD
V	906222	USD
V	906292	USD
V	906362	USD
V	906432	USD
V	906502	USD
V	906572	USD
V	906642	USD
V	906712	USD
V	906782	USD
V	906852	USD
V	906922	USD
V	906992	USD
V	907062	USD
V	907132	USD
V	907202	USD
V	907272	USD
V	907342	USD
V	907412	USD
V	907482	USD
V	907552	USD
V	907622	USD
V	907692	USD
V	907762	USD
V	907832	USD
V	907902	USD
V	907972	USD
V	908042	USD
V	908112	USD
V	908182	USD
V	908252	USD
V	908322	USD
V	908392	USD
V	908462	USD
V	908532	USD
V	908602	USD
V	908672	USD
V	908742	USD
V	908812	USD
V	908882	USD
V	908952	USD
V	909022	USD
V	909092	USD
V	909162	USD
V	909232	USD
V	909302	USD
V	909372	USD
V	909442	USD
V	909512	USD
V	909582	USD
V	909652	USD
V	909722	USD
V	909792	USD
V	909862	USD
V	909932	USD
V	910002	USD
V	910072	USD
V	910142	USD
V	910212	USD
V	910282	USD
V	910352	USD
V	910422	USD
V	910492	USD
V	910562	USD
V	910632	USD
V	910702	USD
V	910772	USD
V	910842	USD
V	910912	USD
V	910982	USD
V	911052	USD
V	911122	USD
V	911192	USD
V	911262	USD
V	911332	USD
V	911402	USD
V	911472	USD
V	911542	USD
V	911612	USD
V	911682	USD
V	911752	USD
V	911822	USD
V	911892	USD
V	911962	USD
V	912032	USD
V	912102	USD
V	912172	USD
V	912242	USD
V	912312	USD
V	912382	USD
V	912452	USD
V	912522	USD
V	912592	USD
V	912662	USD
V	912732	USD
V	912802	USD
V	912872	USD
V	912942	USD
V	913012	USD
V	913082	USD
V	913152	USD
V	913222	USD
V	913292	USD
V	913362	USD
V	913432	USD
V	913502	USD
V	913572	USD
V	913642	USD
V	913712	USD
V	913782	USD
V	913852	USD
V	913922	USD
V	913992	USD
V	914062	USD
V	914132	USD
V	914202	USD
V	914272	USD
V	914342	USD
V	914412	USD
V	914482	USD
V	914552	USD
V	914622	USD
V	914692	USD
V	914762	USD
V	914832	USD
V	914902	USD
V	914972	USD
V	915042	USD
V	915112	USD
V	915182	USD
V	915252	USD
V	915322	USD
V	915392	USD
V	915462	USD
V	915532	USD
V	915602	USD
V	915672	USD
V	915742	USD
V	915812	USD
V	915882	USD
V	915952	USD
V	916022	USD
V	916092	USD
V	916162	USD
V	916232	USD
V	916302	USD
V	916372	USD
V	916442	USD
V	916512	USD
V	916582	USD
V	916652	USD
V	916722	USD
V	916792	USD
V	916862	USD
V	916932	USD
V	917002	USD
V	917072	USD
V	917142	USD
V	917212	USD
V	917282	USD
V	917352	USD
V	917422	USD
V	917492	USD
V	917562	USD
V	917632	USD
V	917702	USD
V	917772	USD
V	917842	USD
V	917912	USD
V	917982	USD
V	918052	USD
V	918122	USD
V	918192	USD
V	918262	USD
V	918332	USD
V	918402	USD
V	918472	USD
V	918542	USD
V	918612	USD
V	918682	USD
V	918752	USD
V	918822	USD
V	918892	USD
V	918962	USD
V	919032	USD
V	919102	USD
V	919172	USD
V	919242	USD
V	919312	USD
V	919382	USD
V	919452	USD
V	919522	USD
V	919592	USD
V	919662	USD
V	919732	USD
V	919802	USD
V	919872	USD
V	919942	USD
V	920012	USD
V	920082	USD
V	920152	USD
V	920222	USD
V	920292	USD
V	920362	USD
V	920432	USD
V	920502	USD
V	920572	USD
V	920642	USD
V	920712	USD
V	920782	USD
V	920852	USD
V	920922	USD
V	920992	USD
V	921062	USD
V	921132	USD
V	921202	USD
V	921272	USD
V	921342	USD
V	921412	USD
V	921482	USD
V	921552	USD
V	921622	USD
V	921692	USD
V	921762	USD
V	921832	USD
V	921902	USD
V	921972	USD
V	922042	USD
V	922112	USD
V	922182	USD
V	922252	USD
V	922322	USD
V	922392	USD
V	922462	USD
V	922532	USD
V	922602	USD
V	922672	USD
V	922742	USD
V	922812	USD
V	922882	USD
V	922952	USD
V	923022	USD
V	923092	USD
V	923162	USD
V	923232	USD
V	923302	USD
V	923372	USD
V	923442	USD
V	923512	USD
V	923582	USD
V	923652	USD
V	923722	USD
V	923792	USD
V	923862	USD
V	923932	USD
V	924002	USD
V	924072	USD
V	924142	USD
V	924212	USD
V	924282	USD
V	924352	USD
V	924422	USD
V	924492	USD
V	924562	USD
V	924632	USD
V	924702	USD
V	924772	USD
V	924842	USD
V	924912	USD
V	924982	USD
V	925052	USD
V	925122	USD
V	925192	USD
V	925262	USD
V	925332	USD
V	925402	USD
V	925472	USD
V	925542	USD
V	925612	USD
V	925682	USD
V	925752	USD
V	925822	USD
V	925892	USD
V	925962	USD
V	926032	USD
V	926102	USD
V	926172	USD
V	926242	USD
V	926312	USD
V	926382	USD
V	926452	USD
V	926522	USD
V	926592	USD
V	926662	USD
V	926732	USD
V	926802	USD
V	926872	USD
V	926942	USD
V	927012	USD
V	927082	USD
V	927152	USD
V	927222	USD
V	927292	USD
V	927362	USD
V	927432	USD
V	927502	USD
V	927572	USD
V	927642	USD
V	927712	USD
V	927782	USD
V	927852	USD
V	927922	USD
V	927992	USD
V	928062	USD
V	928132	USD
V	928202	USD
V	928272	USD
V	928342	USD
V	928412	USD
V	928482	USD
V	928552	USD
V	928622	USD
V	928692	USD
V	928762	USD
V	928832	USD
V	928902	USD
V	928972	USD
V	929042	USD
V	929112	USD
V	929182	USD
V	929252	USD
V	929322	USD
V	929392	USD
V	929462	USD
V	929532	USD
V	929602	USD
V	929672	USD
V	929742	USD
V	929812	USD
V	929882	USD
V	929952	USD
V	930022	USD
V	930092	USD
V	930162	USD
V	930232	USD
V	930302	USD
V	930372	USD
V	930442	USD
V	930512	USD
V	930582	USD
V	930652	USD
V	930722	USD
V	930792	USD
V	930862	USD
V	930932	USD
V	931002	USD
V	931072	USD
V	931142	USD
V	931212	USD
V	931282	USD
V	931352	USD
V	931422	USD
V	931492	USD
V	931562	USD
V	931632	USD
V	931702	USD
V	931772	USD
V	931842	USD
V	931912	USD
V	931982	USD
V	932052	USD
V	932122	USD
V	932192	USD
V	932262	USD
V	932332	USD
V	932402	USD
V	932472	USD
V	932542	USD
V	932612	USD
V	932682	USD
V	932752	USD
V	932822	USD
V	932892	USD
V	932962	USD
V	933032	USD
V	933102	USD
V	933172	USD
V	933242	USD
V	933312	USD
V	933382	USD