\P\	Pos	ToCurrencyCode\
T	5	$
N	0	1
#		
V	218	ARS
V	279	AUD
V	343	BRL
V	409	CAD
V	475	CNY
V	541	DEM
V	607	EUR
V	673	FRF
V	739	GBP
V	805	JPY
V	873	MXN
V	938	SAR
V	1005	VEB
V	1073	ARS
V	1135	AUD
V	1202	BRL
V	1268	CAD
V	1335	CNY
V	1402	DEM
V	1469	EUR
V	1535	FRF
V	1602	GBP
V	1669	JPY
V	1736	MXN
V	1803	SAR
V	1870	VEB
V	1937	ARS
V	1999	AUD
V	2066	BRL
V	2132	CAD
V	2199	CNY
V	2266	DEM
V	2333	EUR
V	2399	FRF
V	2466	GBP
V	2533	JPY
V	2601	MXN
V	2666	SAR
V	2732	VEB
V	2801	ARS
V	2858	AUD
V	2925	BRL
V	2991	CAD
V	3058	CNY
V	3125	DEM
V	3192	EUR
V	3259	FRF
V	3324	GBP
V	3391	JPY
V	3459	MXN
V	3525	SAR
V	3592	VEB
V	3661	ARS
V	3723	AUD
V	3789	BRL
V	3855	CAD
V	3921	CNY
V	3988	DEM
V	4055	EUR
V	4122	FRF
V	4189	GBP
V	4256	JPY
V	4324	MXN
V	4390	SAR
V	4457	VEB
V	4524	ARS
V	4586	AUD
V	4653	BRL
V	4718	CAD
V	4785	CNY
V	4851	DEM
V	4918	EUR
V	4985	FRF
V	5052	GBP
V	5119	JPY
V	5187	MXN
V	5252	SAR
V	5317	VEB
V	5384	ARS
V	5446	AUD
V	5513	BRL
V	5579	CAD
V	5646	CNY
V	5713	DEM
V	5779	EUR
V	5846	FRF
V	5913	GBP
V	5980	JPY
V	6049	MXN
V	6115	SAR
V	6182	VEB
V	6251	ARS
V	6313	AUD
V	6380	BRL
V	6445	CAD
V	6512	CNY
V	6579	DEM
V	6646	EUR
V	6712	FRF
V	6779	GBP
V	6847	JPY
V	6917	MXN
V	6983	SAR
V	7050	VEB
V	7120	ARS
V	7183	AUD
V	7251	BRL
V	7318	CAD
V	7386	CNY
V	7454	DEM
V	7522	EUR
V	7590	FRF
V	7658	GBP
V	7726	JPY
V	7794	MXN
V	7862	SAR
V	7930	VEB
V	7998	ARS
V	8061	AUD
V	8127	BRL
V	8194	CAD
V	8262	CNY
V	8330	DEM
V	8398	EUR
V	8465	FRF
V	8533	GBP
V	8601	JPY
V	8670	MXN
V	8737	SAR
V	8805	VEB
V	8875	ARS
V	8938	AUD
V	9006	BRL
V	9073	CAD
V	9141	CNY
V	9208	DEM
V	9276	EUR
V	9344	FRF
V	9412	GBP
V	9479	JPY
V	9548	MXN
V	9614	SAR
V	9682	VEB
V	9749	ARS
V	9812	AUD
V	9880	BRL
V	9948	CAD
V	10016	CNY
V	10083	DEM
V	10151	EUR
V	10219	FRF
V	10287	GBP
V	10353	JPY
V	10422	MXN
V	10489	SAR
V	10557	VEB
V	10625	ARS
V	10688	AUD
V	10756	BRL
V	10823	CAD
V	10891	CNY
V	10958	DEM
V	11026	EUR
V	11094	FRF
V	11162	GBP
V	11230	JPY
V	11299	MXN
V	11367	SAR
V	11435	VEB
V	11502	ARS
V	11565	AUD
V	11633	BRL
V	11701	CAD
V	11769	CNY
V	11836	DEM
V	11904	EUR
V	11972	FRF
V	12040	GBP
V	12108	JPY
V	12178	MXN
V	12245	SAR
V	12313	VEB
V	12382	ARS
V	12445	AUD
V	12513	BRL
V	12580	CAD
V	12648	CNY
V	12715	DEM
V	12783	EUR
V	12850	FRF
V	12918	GBP
V	12986	JPY
V	13055	MXN
V	13122	SAR
V	13190	VEB
V	13259	ARS
V	13321	AUD
V	13389	BRL
V	13457	CAD
V	13525	CNY
V	13592	DEM
V	13660	EUR
V	13728	FRF
V	13796	GBP
V	13864	JPY
V	13933	MXN
V	14000	SAR
V	14068	VEB
V	14134	ARS
V	14197	AUD
V	14265	BRL
V	14332	CAD
V	14400	CNY
V	14467	DEM
V	14535	EUR
V	14603	FRF
V	14671	GBP
V	14739	JPY
V	14808	MXN
V	14876	SAR
V	14944	VEB
V	15013	ARS
V	15076	AUD
V	15144	BRL
V	15212	CAD
V	15278	CNY
V	15344	DEM
V	15412	EUR
V	15479	FRF
V	15546	GBP
V	15614	JPY
V	15683	MXN
V	15750	SAR
V	15818	VEB
V	15885	ARS
V	15948	AUD
V	16016	BRL
V	16083	CAD
V	16151	CNY
V	16218	DEM
V	16286	EUR
V	16353	FRF
V	16421	GBP
V	16489	JPY
V	16558	MXN
V	16625	SAR
V	16693	VEB
V	16762	ARS
V	16825	AUD
V	16893	BRL
V	16961	CAD
V	17029	CNY
V	17096	DEM
V	17164	EUR
V	17231	FRF
V	17299	GBP
V	17367	JPY
V	17436	MXN
V	17503	SAR
V	17571	VEB
V	17640	ARS
V	17703	AUD
V	17771	BRL
V	17839	CAD
V	17907	CNY
V	17973	DEM
V	18040	EUR
V	18108	FRF
V	18176	GBP
V	18244	JPY
V	18314	MXN
V	18381	SAR
V	18448	VEB
V	18517	ARS
V	18580	AUD
V	18645	BRL
V	18713	CAD
V	18781	CNY
V	18847	DEM
V	18915	EUR
V	18983	FRF
V	19051	GBP
V	19119	JPY
V	19188	MXN
V	19256	SAR
V	19324	VEB
V	19391	ARS
V	19454	AUD
V	19522	BRL
V	19589	CAD
V	19656	CNY
V	19723	DEM
V	19791	EUR
V	19859	FRF
V	19927	GBP
V	19995	JPY
V	20063	MXN
V	20131	SAR
V	20198	VEB
V	20265	ARS
V	20327	AUD
V	20395	BRL
V	20461	CAD
V	20529	CNY
V	20596	DEM
V	20664	EUR
V	20732	FRF
V	20800	GBP
V	20867	JPY
V	20936	MXN
V	21003	SAR
V	21071	VEB
V	21138	ARS
V	21196	AUD
V	21264	BRL
V	21329	CAD
V	21397	CNY
V	21464	DEM
V	21531	EUR
V	21598	FRF
V	21665	GBP
V	21733	JPY
V	21802	MXN
V	21868	SAR
V	21936	VEB
V	22003	ARS
V	22071	AUD
V	22139	BRL
V	22205	CAD
V	22273	CNY
V	22339	DEM
V	22407	EUR
V	22475	FRF
V	22543	GBP
V	22611	JPY
V	22680	MXN
V	22748	SAR
V	22816	VEB
V	22884	ARS
V	22952	AUD
V	23019	BRL
V	23085	CAD
V	23152	CNY
V	23219	DEM
V	23287	EUR
V	23355	FRF
V	23423	GBP
V	23491	JPY
V	23560	MXN
V	23625	SAR
V	23693	VEB
V	23762	ARS
V	23830	AUD
V	23897	BRL
V	23963	CAD
V	24030	CNY
V	24096	DEM
V	24164	EUR
V	24231	FRF
V	24299	GBP
V	24367	JPY
V	24436	MXN
V	24500	SAR
V	24567	VEB
V	24633	ARS
V	24701	AUD
V	24769	BRL
V	24834	CAD
V	24902	CNY
V	24969	DEM
V	25037	EUR
V	25105	FRF
V	25173	GBP
V	25240	JPY
V	25309	MXN
V	25376	SAR
V	25443	VEB
V	25510	ARS
V	25577	AUD
V	25645	BRL
V	25711	CAD
V	25779	CNY
V	25847	DEM
V	25915	EUR
V	25983	FRF
V	26051	GBP
V	26118	JPY
V	26187	MXN
V	26254	SAR
V	26322	VEB
V	26394	ARS
V	26462	AUD
V	26530	BRL
V	26596	CAD
V	26664	CNY
V	26732	DEM
V	26799	EUR
V	26867	FRF
V	26935	GBP
V	27003	JPY
V	27072	MXN
V	27140	SAR
V	27208	VEB
V	27275	ARS
V	27343	AUD
V	27411	BRL
V	27478	CAD
V	27546	CNY
V	27614	DEM
V	27681	EUR
V	27749	FRF
V	27817	GBP
V	27885	JPY
V	27951	MXN
V	28018	SAR
V	28086	VEB
V	28153	ARS
V	28221	AUD
V	28289	BRL
V	28356	CAD
V	28422	CNY
V	28490	DEM
V	28558	EUR
V	28626	FRF
V	28694	GBP
V	28761	JPY
V	28829	MXN
V	28896	SAR
V	28964	VEB
V	29032	ARS
V	29099	AUD
V	29167	BRL
V	29234	CAD
V	29302	CNY
V	29370	DEM
V	29438	EUR
V	29506	FRF
V	29574	GBP
V	29642	JPY
V	29711	MXN
V	29779	SAR
V	29847	VEB
V	29912	ARS
V	29980	AUD
V	30047	BRL
V	30113	CAD
V	30181	CNY
V	30249	DEM
V	30315	EUR
V	30383	FRF
V	30451	GBP
V	30518	JPY
V	30587	MXN
V	30654	SAR
V	30722	VEB
V	30792	ARS
V	30860	AUD
V	30928	BRL
V	30996	CAD
V	31064	CNY
V	31132	DEM
V	31200	EUR
V	31268	FRF
V	31336	GBP
V	31403	JPY
V	31472	MXN
V	31539	SAR
V	31607	VEB
V	31677	ARS
V	31745	AUD
V	31813	BRL
V	31879	CAD
V	31947	CNY
V	32013	DEM
V	32081	EUR
V	32149	FRF
V	32217	GBP
V	32285	JPY
V	32352	MXN
V	32419	SAR
V	32487	VEB
V	32555	ARS
V	32623	AUD
V	32691	BRL
V	32757	CAD
V	32825	CNY
V	32893	DEM
V	32961	EUR
V	33028	FRF
V	33096	GBP
V	33163	JPY
V	33232	MXN
V	33299	SAR
V	33367	VEB
V	33437	ARS
V	33500	AUD
V	33568	BRL
V	33633	CAD
V	33701	CNY
V	33769	DEM
V	33837	EUR
V	33905	FRF
V	33973	GBP
V	34041	JPY
V	34110	MXN
V	34175	SAR
V	34243	VEB
V	34312	ARS
V	34380	AUD
V	34448	BRL
V	34513	CAD
V	34579	CNY
V	34647	DEM
V	34715	EUR
V	34783	FRF
V	34851	GBP
V	34919	JPY
V	34987	MXN
V	35054	SAR
V	35122	VEB
V	35194	ARS
V	35262	AUD
V	35330	BRL
V	35395	CAD
V	35463	CNY
V	35531	DEM
V	35597	EUR
V	35664	FRF
V	35732	GBP
V	35799	JPY
V	35868	MXN
V	35935	SAR
V	36003	VEB
V	36071	ARS
V	36139	AUD
V	36207	BRL
V	36273	CAD
V	36340	CNY
V	36408	DEM
V	36476	EUR
V	36544	FRF
V	36612	GBP
V	36679	JPY
V	36748	MXN
V	36814	SAR
V	36882	VEB
V	36950	ARS
V	37018	AUD
V	37086	BRL
V	37153	CAD
V	37220	CNY
V	37288	DEM
V	37356	EUR
V	37424	FRF
V	37492	GBP
V	37560	JPY
V	37629	MXN
V	37695	SAR
V	37763	VEB
V	37830	ARS
V	37898	AUD
V	37966	BRL
V	38033	CAD
V	38100	CNY
V	38168	DEM
V	38236	EUR
V	38304	FRF
V	38372	GBP
V	38440	JPY
V	38509	MXN
V	38577	SAR
V	38644	VEB
V	38709	ARS
V	38777	AUD
V	38844	BRL
V	38909	CAD
V	38977	CNY
V	39045	DEM
V	39113	EUR
V	39181	FRF
V	39248	GBP
V	39314	JPY
V	39382	MXN
V	39449	SAR
V	39517	VEB
V	39584	ARS
V	39651	AUD
V	39719	BRL
V	39783	CAD
V	39851	CNY
V	39919	DEM
V	39986	EUR
V	40054	FRF
V	40122	GBP
V	40190	JPY
V	40261	MXN
V	40328	SAR
V	40396	VEB
V	40464	ARS
V	40532	AUD
V	40600	BRL
V	40666	CAD
V	40734	CNY
V	40802	DEM
V	40870	EUR
V	40938	FRF
V	41006	GBP
V	41074	JPY
V	41144	MXN
V	41211	SAR
V	41279	VEB
V	41349	ARS
V	41417	AUD
V	41485	BRL
V	41553	CAD
V	41621	CNY
V	41687	DEM
V	41755	EUR
V	41823	FRF
V	41890	GBP
V	41958	JPY
V	42028	MXN
V	42093	SAR
V	42161	VEB
V	42223	ARS
V	42291	AUD
V	42359	BRL
V	42426	CAD
V	42492	CNY
V	42560	DEM
V	42628	EUR
V	42696	FRF
V	42764	GBP
V	42832	JPY
V	42901	MXN
V	42969	SAR
V	43037	VEB
V	43105	ARS
V	43172	AUD
V	43239	BRL
V	43307	CAD
V	43375	CNY
V	43443	DEM
V	43511	EUR
V	43579	FRF
V	43647	GBP
V	43715	JPY
V	43783	MXN
V	43851	SAR
V	43919	VEB
V	43989	ARS
V	44057	AUD
V	44125	BRL
V	44193	CAD
V	44260	CNY
V	44328	DEM
V	44396	EUR
V	44463	FRF
V	44531	GBP
V	44599	JPY
V	44668	MXN
V	44734	SAR
V	44802	VEB
V	44872	ARS
V	44940	AUD
V	45008	BRL
V	45072	CAD
V	45140	CNY
V	45208	DEM
V	45276	EUR
V	45342	FRF
V	45410	GBP
V	45478	JPY
V	45548	MXN
V	45616	SAR
V	45684	VEB
V	45751	ARS
V	45814	AUD
V	45882	BRL
V	45948	CAD
V	46016	CNY
V	46084	DEM
V	46152	EUR
V	46219	FRF
V	46287	GBP
V	46355	JPY
V	46425	MXN
V	46493	SAR
V	46561	VEB
V	46633	ARS
V	46701	AUD
V	46769	BRL
V	46835	CAD
V	46903	CNY
V	46971	DEM
V	47039	EUR
V	47107	FRF
V	47175	GBP
V	47243	JPY
V	47313	MXN
V	47379	SAR
V	47447	VEB
V	47517	ARS
V	47585	AUD
V	47653	BRL
V	47719	CAD
V	47787	CNY
V	47855	DEM
V	47923	EUR
V	47991	FRF
V	48058	GBP
V	48126	JPY
V	48196	MXN
V	48264	SAR
V	48332	VEB
V	48402	ARS
V	48470	AUD
V	48538	BRL
V	48604	CAD
V	48672	CNY
V	48740	DEM
V	48808	EUR
V	48876	FRF
V	48943	GBP
V	49009	JPY
V	49078	MXN
V	49145	SAR
V	49213	VEB
V	49281	ARS
V	49344	AUD
V	49411	BRL
V	49477	CAD
V	49545	CNY
V	49613	DEM
V	49681	EUR
V	49749	FRF
V	49816	GBP
V	49884	JPY
V	49954	MXN
V	50020	SAR
V	50088	VEB
V	50156	ARS
V	50224	AUD
V	50292	BRL
V	50360	CAD
V	50426	CNY
V	50492	DEM
V	50559	EUR
V	50627	FRF
V	50695	GBP
V	50763	JPY
V	50831	MXN
V	50898	SAR
V	50966	VEB
V	51031	ARS
V	51099	AUD
V	51167	BRL
V	51233	CAD
V	51301	CNY
V	51369	DEM
V	51436	EUR
V	51504	FRF
V	51572	GBP
V	51640	JPY
V	51710	MXN
V	51777	SAR
V	51845	VEB
V	51913	ARS
V	51980	AUD
V	52048	BRL
V	52114	CAD
V	52181	CNY
V	52249	DEM
V	52317	EUR
V	52385	FRF
V	52453	GBP
V	52520	JPY
V	52587	MXN
V	52654	SAR
V	52722	VEB
V	52794	ARS
V	52862	AUD
V	52930	BRL
V	52998	CAD
V	53066	CNY
V	53134	DEM
V	53202	EUR
V	53270	FRF
V	53338	GBP
V	53406	JPY
V	53473	MXN
V	53540	SAR
V	53607	VEB
V	53676	ARS
V	53744	AUD
V	53812	BRL
V	53877	CAD
V	53943	CNY
V	54011	DEM
V	54079	EUR
V	54147	FRF
V	54215	GBP
V	54283	JPY
V	54353	MXN
V	54420	SAR
V	54487	VEB
V	54557	ARS
V	54625	AUD
V	54693	BRL
V	54760	CAD
V	54826	CNY
V	54894	DEM
V	54962	EUR
V	55030	FRF
V	55098	GBP
V	55166	JPY
V	55235	MXN
V	55303	SAR
V	55371	VEB
V	55441	ARS
V	55508	AUD
V	55575	BRL
V	55643	CAD
V	55710	CNY
V	55778	DEM
V	55846	EUR
V	55914	FRF
V	55982	GBP
V	56050	JPY
V	56120	MXN
V	56188	SAR
V	56255	VEB
V	56323	ARS
V	56391	AUD
V	56459	BRL
V	56523	CAD
V	56589	CNY
V	56655	DEM
V	56722	EUR
V	56790	FRF
V	56858	GBP
V	56926	JPY
V	56996	MXN
V	57063	SAR
V	57131	VEB
V	57201	ARS
V	57268	AUD
V	57336	BRL
V	57403	CAD
V	57471	CNY
V	57537	DEM
V	57605	EUR
V	57672	FRF
V	57740	GBP
V	57808	JPY
V	57878	MXN
V	57946	SAR
V	58014	VEB
V	58083	ARS
V	58151	AUD
V	58219	BRL
V	58285	CAD
V	58352	CNY
V	58420	DEM
V	58488	EUR
V	58556	FRF
V	58624	GBP
V	58692	JPY
V	58763	MXN
V	58830	SAR
V	58898	VEB
V	58965	ARS
V	59033	AUD
V	59101	BRL
V	59168	CAD
V	59236	CNY
V	59304	DEM
V	59372	EUR
V	59439	FRF
V	59507	GBP
V	59575	JPY
V	59644	MXN
V	59711	SAR
V	59779	VEB
V	59846	ARS
V	59914	AUD
V	59982	BRL
V	60050	CAD
V	60117	CNY
V	60185	DEM
V	60253	EUR
V	60321	FRF
V	60389	GBP
V	60456	JPY
V	60525	MXN
V	60590	SAR
V	60658	VEB
V	60730	ARS
V	60797	AUD
V	60865	BRL
V	60932	CAD
V	61000	CNY
V	61068	DEM
V	61136	EUR
V	61204	FRF
V	61272	GBP
V	61340	JPY
V	61409	MXN
V	61476	SAR
V	61544	VEB
V	61614	ARS
V	61677	AUD
V	61745	BRL
V	61812	CAD
V	61879	CNY
V	61947	DEM
V	62015	EUR
V	62083	FRF
V	62151	GBP
V	62219	JPY
V	62289	MXN
V	62356	SAR
V	62424	VEB
V	62493	ARS
V	62561	AUD
V	62628	BRL
V	62695	CAD
V	62763	CNY
V	62831	DEM
V	62899	EUR
V	62966	FRF
V	63034	GBP
V	63102	JPY
V	63171	MXN
V	63239	SAR
V	63307	VEB
V	63377	ARS
V	63445	AUD
V	63512	BRL
V	63579	CAD
V	63647	CNY
V	63713	DEM
V	63781	EUR
V	63849	FRF
V	63917	GBP
V	63984	JPY
V	64054	MXN
V	64122	SAR
V	64190	VEB
V	64259	ARS
V	64327	AUD
V	64395	BRL
V	64462	CAD
V	64530	CNY
V	64598	DEM
V	64665	EUR
V	64733	FRF
V	64801	GBP
V	64869	JPY
V	64939	MXN
V	65007	SAR
V	65075	VEB
V	65143	ARS
V	65211	AUD
V	65279	BRL
V	65344	CAD
V	65412	CNY
V	65479	DEM
V	65545	EUR
V	65613	FRF
V	65681	GBP
V	65749	JPY
V	65820	MXN
V	65888	SAR
V	65955	VEB
V	66025	ARS
V	66088	AUD
V	66155	BRL
V	66222	CAD
V	66290	CNY
V	66357	DEM
V	66425	EUR
V	66493	FRF
V	66561	GBP
V	66629	JPY
V	66698	MXN
V	66766	SAR
V	66834	VEB
V	66904	ARS
V	66967	AUD
V	67034	BRL
V	67098	CAD
V	67165	CNY
V	67233	DEM
V	67301	EUR
V	67369	FRF
V	67436	GBP
V	67504	JPY
V	67573	MXN
V	67640	SAR
V	67709	VEB
V	67780	ARS
V	67844	AUD
V	67913	BRL
V	67980	CAD
V	68049	CNY
V	68118	DEM
V	68187	EUR
V	68256	FRF
V	68325	GBP
V	68394	JPY
V	68464	MXN
V	68532	SAR
V	68601	VEB
V	68672	ARS
V	68741	AUD
V	68809	BRL
V	68877	CAD
V	68946	CNY
V	69015	DEM
V	69083	EUR
V	69151	FRF
V	69220	GBP
V	69287	JPY
V	69358	MXN
V	69426	SAR
V	69495	VEB
V	69568	ARS
V	69637	AUD
V	69706	BRL
V	69773	CAD
V	69842	CNY
V	69911	DEM
V	69980	EUR
V	70049	FRF
V	70116	GBP
V	70185	JPY
V	70257	MXN
V	70325	SAR
V	70394	VEB
V	70465	ARS
V	70534	AUD
V	70602	BRL
V	70669	CAD
V	70737	CNY
V	70806	DEM
V	70874	EUR
V	70943	FRF
V	71011	GBP
V	71079	JPY
V	71150	MXN
V	71218	SAR
V	71287	VEB
V	71356	ARS
V	71425	AUD
V	71494	BRL
V	71561	CAD
V	71630	CNY
V	71699	DEM
V	71768	EUR
V	71837	FRF
V	71906	GBP
V	71974	JPY
V	72045	MXN
V	72113	SAR
V	72182	VEB
V	72253	ARS
V	72322	AUD
V	72391	BRL
V	72459	CAD
V	72527	CNY
V	72596	DEM
V	72665	EUR
V	72734	FRF
V	72803	GBP
V	72872	JPY
V	72943	MXN
V	73009	SAR
V	73078	VEB
V	73146	ARS
V	73215	AUD
V	73283	BRL
V	73350	CAD
V	73418	CNY
V	73487	DEM
V	73555	EUR
V	73624	FRF
V	73693	GBP
V	73761	JPY
V	73831	MXN
V	73898	SAR
V	73967	VEB
V	74035	ARS
V	74104	AUD
V	74173	BRL
V	74239	CAD
V	74308	CNY
V	74377	DEM
V	74446	EUR
V	74514	FRF
V	74583	GBP
V	74652	JPY
V	74724	MXN
V	74790	SAR
V	74859	VEB
V	74927	ARS
V	74996	AUD
V	75064	BRL
V	75133	CAD
V	75201	CNY
V	75269	DEM
V	75338	EUR
V	75407	FRF
V	75476	GBP
V	75545	JPY
V	75616	MXN
V	75684	SAR
V	75753	VEB
V	75821	ARS
V	75890	AUD
V	75959	BRL
V	76025	CAD
V	76093	CNY
V	76162	DEM
V	76231	EUR
V	76299	FRF
V	76368	GBP
V	76437	JPY
V	76508	MXN
V	76575	SAR
V	76644	VEB
V	76715	ARS
V	76784	AUD
V	76853	BRL
V	76921	CAD
V	76990	CNY
V	77059	DEM
V	77127	EUR
V	77196	FRF
V	77265	GBP
V	77334	JPY
V	77405	MXN
V	77472	SAR
V	77541	VEB
V	77612	ARS
V	77681	AUD
V	77749	BRL
V	77816	CAD
V	77885	CNY
V	77954	DEM
V	78022	EUR
V	78091	FRF
V	78160	GBP
V	78229	JPY
V	78300	MXN
V	78369	SAR
V	78438	VEB
V	78508	ARS
V	78577	AUD
V	78646	BRL
V	78715	CAD
V	78783	CNY
V	78852	DEM
V	78920	EUR
V	78989	FRF
V	79058	GBP
V	79127	JPY
V	79198	MXN
V	79266	SAR
V	79335	VEB
V	79401	ARS
V	79469	AUD
V	79538	BRL
V	79606	CAD
V	79674	CNY
V	79741	DEM
V	79810	EUR
V	79879	FRF
V	79948	GBP
V	80017	JPY
V	80087	MXN
V	80156	SAR
V	80225	VEB
V	80293	ARS
V	80362	AUD
V	80431	BRL
V	80500	CAD
V	80567	CNY
V	80636	DEM
V	80705	EUR
V	80773	FRF
V	80842	GBP
V	80911	JPY
V	80982	MXN
V	81051	SAR
V	81120	VEB
V	81186	ARS
V	81255	AUD
V	81324	BRL
V	81391	CAD
V	81459	CNY
V	81528	DEM
V	81597	EUR
V	81666	FRF
V	81734	GBP
V	81803	JPY
V	81874	MXN
V	81940	SAR
V	82009	VEB
V	82079	ARS
V	82148	AUD
V	82217	BRL
V	82285	CAD
V	82353	CNY
V	82422	DEM
V	82491	EUR
V	82559	FRF
V	82628	GBP
V	82697	JPY
V	82768	MXN
V	82837	SAR
V	82906	VEB
V	82972	ARS
V	83041	AUD
V	83110	BRL
V	83178	CAD
V	83246	CNY
V	83315	DEM
V	83384	EUR
V	83453	FRF
V	83522	GBP
V	83590	JPY
V	83661	MXN
V	83729	SAR
V	83798	VEB
V	83869	ARS
V	83938	AUD
V	84007	BRL
V	84076	CAD
V	84144	CNY
V	84212	DEM
V	84281	EUR
V	84350	FRF
V	84418	GBP
V	84486	JPY
V	84557	MXN
V	84625	SAR
V	84694	VEB
V	84764	ARS
V	84833	AUD
V	84902	BRL
V	84971	CAD
V	85040	CNY
V	85108	DEM
V	85177	EUR
V	85245	FRF
V	85314	GBP
V	85383	JPY
V	85453	MXN
V	85520	SAR
V	85589	VEB
V	85660	ARS
V	85729	AUD
V	85798	BRL
V	85864	CAD
V	85932	CNY
V	86000	DEM
V	86069	EUR
V	86138	FRF
V	86207	GBP
V	86276	JPY
V	86345	MXN
V	86413	SAR
V	86482	VEB
V	86553	ARS
V	86622	AUD
V	86691	BRL
V	86758	CAD
V	86827	CNY
V	86895	DEM
V	86964	EUR
V	87033	FRF
V	87102	GBP
V	87171	JPY
V	87242	MXN
V	87310	SAR
V	87378	VEB
V	87449	ARS
V	87518	AUD
V	87587	BRL
V	87656	CAD
V	87725	CNY
V	87793	DEM
V	87862	EUR
V	87931	FRF
V	87999	GBP
V	88067	JPY
V	88138	MXN
V	88206	SAR
V	88275	VEB
V	88348	ARS
V	88417	AUD
V	88486	BRL
V	88552	CAD
V	88621	CNY
V	88690	DEM
V	88759	EUR
V	88827	FRF
V	88894	GBP
V	88962	JPY
V	89033	MXN
V	89100	SAR
V	89169	VEB
V	89237	ARS
V	89306	AUD
V	89375	BRL
V	89443	CAD
V	89512	CNY
V	89581	DEM
V	89650	EUR
V	89718	FRF
V	89787	GBP
V	89856	JPY
V	89927	MXN
V	89994	SAR
V	90063	VEB
V	90131	ARS
V	90200	AUD
V	90268	BRL
V	90336	CAD
V	90405	CNY
V	90474	DEM
V	90541	EUR
V	90610	FRF
V	90679	GBP
V	90747	JPY
V	90818	MXN
V	90886	SAR
V	90955	VEB
V	91028	ARS
V	91097	AUD
V	91166	BRL
V	91234	CAD
V	91301	CNY
V	91370	DEM
V	91438	EUR
V	91507	FRF
V	91576	GBP
V	91645	JPY
V	91717	MXN
V	91784	SAR
V	91853	VEB
V	91921	ARS
V	91990	AUD
V	92059	BRL
V	92126	CAD
V	92194	CNY
V	92263	DEM
V	92332	EUR
V	92401	FRF
V	92469	GBP
V	92538	JPY
V	92608	MXN
V	92675	SAR
V	92744	VEB
V	92814	ARS
V	92883	AUD
V	92952	BRL
V	93018	CAD
V	93087	CNY
V	93156	DEM
V	93225	EUR
V	93294	FRF
V	93362	GBP
V	93431	JPY
V	93502	MXN
V	93568	SAR
V	93636	VEB
V	93704	ARS
V	93773	AUD
V	93842	BRL
V	93909	CAD
V	93978	CNY
V	94047	DEM
V	94116	EUR
V	94185	FRF
V	94254	GBP
V	94322	JPY
V	94392	MXN
V	94459	SAR
V	94528	VEB
V	94597	ARS
V	94666	AUD
V	94734	BRL
V	94803	CAD
V	94870	CNY
V	94939	DEM
V	95008	EUR
V	95077	FRF
V	95145	GBP
V	95214	JPY
V	95285	MXN
V	95354	SAR
V	95423	VEB
V	95492	ARS
V	95561	AUD
V	95630	BRL
V	95698	CAD
V	95767	CNY
V	95836	DEM
V	95904	EUR
V	95972	FRF
V	96041	GBP
V	96109	JPY
V	96180	MXN
V	96248	SAR
V	96317	VEB
V	96390	ARS
V	96459	AUD
V	96528	BRL
V	96594	CAD
V	96663	CNY
V	96732	DEM
V	96800	EUR
V	96869	FRF
V	96937	GBP
V	97005	JPY
V	97076	MXN
V	97144	SAR
V	97213	VEB
V	97283	ARS
V	97352	AUD
V	97421	BRL
V	97488	CAD
V	97557	CNY
V	97626	DEM
V	97695	EUR
V	97764	FRF
V	97833	GBP
V	97902	JPY
V	97973	MXN
V	98040	SAR
V	98109	VEB
V	98182	ARS
V	98251	AUD
V	98320	BRL
V	98387	CAD
V	98456	CNY
V	98525	DEM
V	98594	EUR
V	98662	FRF
V	98729	GBP
V	98798	JPY
V	98868	MXN
V	98935	SAR
V	99003	VEB
V	99074	ARS
V	99138	AUD
V	99207	BRL
V	99275	CAD
V	99344	CNY
V	99413	DEM
V	99482	EUR
V	99551	FRF
V	99620	GBP
V	99688	JPY
V	99758	MXN
V	99825	SAR
V	99894	VEB
V	99965	ARS
V	100034	AUD
V	100103	BRL
V	100170	CAD
V	100239	CNY
V	100308	DEM
V	100374	EUR
V	100443	FRF
V	100512	GBP
V	100581	JPY
V	100652	MXN
V	100721	SAR
V	100790	VEB
V	100861	ARS
V	100930	AUD
V	100999	BRL
V	101066	CAD
V	101133	CNY
V	101202	DEM
V	101271	EUR
V	101340	FRF
V	101409	GBP
V	101478	JPY
V	101549	MXN
V	101617	SAR
V	101686	VEB
V	101759	ARS
V	101828	AUD
V	101896	BRL
V	101963	CAD
V	102032	CNY
V	102100	DEM
V	102169	EUR
V	102238	FRF
V	102307	GBP
V	102376	JPY
V	102448	MXN
V	102515	SAR
V	102584	VEB
V	102655	ARS
V	102724	AUD
V	102793	BRL
V	102860	CAD
V	102929	CNY
V	102998	DEM
V	103067	EUR
V	103135	FRF
V	103204	GBP
V	103273	JPY
V	103345	MXN
V	103414	SAR
V	103483	VEB
V	103553	ARS
V	103622	AUD
V	103691	BRL
V	103758	CAD
V	103827	CNY
V	103896	DEM
V	103965	EUR
V	104034	FRF
V	104102	GBP
V	104171	JPY
V	104241	MXN
V	104308	SAR
V	104376	VEB
V	104445	ARS
V	104514	AUD
V	104583	BRL
V	104650	CAD
V	104719	CNY
V	104788	DEM
V	104857	EUR
V	104925	FRF
V	104994	GBP
V	105063	JPY
V	105134	MXN
V	105201	SAR
V	105270	VEB
V	105341	ARS
V	105410	AUD
V	105479	BRL
V	105546	CAD
V	105614	CNY
V	105683	DEM
V	105752	EUR
V	105820	FRF
V	105889	GBP
V	105958	JPY
V	106030	MXN
V	106097	SAR
V	106166	VEB
V	106237	ARS
V	106306	AUD
V	106375	BRL
V	106442	CAD
V	106511	CNY
V	106580	DEM
V	106649	EUR
V	106718	FRF
V	106787	GBP
V	106856	JPY
V	106927	MXN
V	106996	SAR
V	107065	VEB
V	107134	ARS
V	107203	AUD
V	107272	BRL
V	107339	CAD
V	107408	CNY
V	107477	DEM
V	107546	EUR
V	107615	FRF
V	107684	GBP
V	107753	JPY
V	107825	MXN
V	107892	SAR
V	107961	VEB
V	108030	ARS
V	108099	AUD
V	108168	BRL
V	108234	CAD
V	108303	CNY
V	108372	DEM
V	108441	EUR
V	108510	FRF
V	108578	GBP
V	108647	JPY
V	108719	MXN
V	108787	SAR
V	108856	VEB
V	108927	ARS
V	108996	AUD
V	109065	BRL
V	109132	CAD
V	109201	CNY
V	109269	DEM
V	109338	EUR
V	109407	FRF
V	109476	GBP
V	109545	JPY
V	109616	MXN
V	109685	SAR
V	109754	VEB
V	109823	ARS
V	109892	AUD
V	109961	BRL
V	110028	CAD
V	110094	CNY
V	110163	DEM
V	110232	EUR
V	110301	FRF
V	110370	GBP
V	110439	JPY
V	110509	MXN
V	110576	SAR
V	110645	VEB
V	110714	ARS
V	110783	AUD
V	110852	BRL
V	110918	CAD
V	110985	CNY
V	111054	DEM
V	111123	EUR
V	111192	FRF
V	111261	GBP
V	111330	JPY
V	111401	MXN
V	111469	SAR
V	111538	VEB
V	111607	ARS
V	111676	AUD
V	111743	BRL
V	111810	CAD
V	111879	CNY
V	111948	DEM
V	112017	EUR
V	112086	FRF
V	112155	GBP
V	112224	JPY
V	112295	MXN
V	112362	SAR
V	112431	VEB
V	112502	ARS
V	112571	AUD
V	112640	BRL
V	112707	CAD
V	112776	CNY
V	112845	DEM
V	112914	EUR
V	112982	FRF
V	113051	GBP
V	113120	JPY
V	113191	MXN
V	113260	SAR
V	113329	VEB
V	113397	ARS
V	113466	AUD
V	113533	BRL
V	113601	CAD
V	113670	CNY
V	113736	DEM
V	113805	EUR
V	113874	FRF
V	113943	GBP
V	114012	JPY
V	114083	MXN
V	114151	SAR
V	114220	VEB
V	114291	ARS
V	114360	AUD
V	114429	BRL
V	114495	CAD
V	114564	CNY
V	114632	DEM
V	114701	EUR
V	114770	FRF
V	114837	GBP
V	114906	JPY
V	114977	MXN
V	115046	SAR
V	115115	VEB
V	115186	ARS
V	115255	AUD
V	115324	BRL
V	115391	CAD
V	115459	CNY
V	115528	DEM
V	115597	EUR
V	115666	FRF
V	115735	GBP
V	115804	JPY
V	115875	MXN
V	115944	SAR
V	116013	VEB
V	116086	ARS
V	116155	AUD
V	116224	BRL
V	116291	CAD
V	116360	CNY
V	116428	DEM
V	116497	EUR
V	116566	FRF
V	116634	GBP
V	116702	JPY
V	116774	MXN
V	116841	SAR
V	116910	VEB
V	116976	ARS
V	117045	AUD
V	117114	BRL
V	117181	CAD
V	117250	CNY
V	117319	DEM
V	117388	EUR
V	117457	FRF
V	117525	GBP
V	117594	JPY
V	117665	MXN
V	117730	SAR
V	117799	VEB
V	117867	ARS
V	117936	AUD
V	118005	BRL
V	118072	CAD
V	118140	CNY
V	118208	DEM
V	118277	EUR
V	118345	FRF
V	118414	GBP
V	118483	JPY
V	118553	MXN
V	118619	SAR
V	118688	VEB
V	118756	ARS
V	118825	AUD
V	118894	BRL
V	118961	CAD
V	119029	CNY
V	119098	DEM
V	119167	EUR
V	119235	FRF
V	119304	GBP
V	119372	JPY
V	119443	MXN
V	119511	SAR
V	119580	VEB
V	119646	ARS
V	119715	AUD
V	119784	BRL
V	119851	CAD
V	119920	CNY
V	119989	DEM
V	120058	EUR
V	120127	FRF
V	120196	GBP
V	120265	JPY
V	120335	MXN
V	120404	SAR
V	120473	VEB
V	120544	ARS
V	120613	AUD
V	120682	BRL
V	120750	CAD
V	120819	CNY
V	120888	DEM
V	120957	EUR
V	121026	FRF
V	121094	GBP
V	121162	JPY
V	121232	MXN
V	121300	SAR
V	121369	VEB
V	121440	ARS
V	121509	AUD
V	121578	BRL
V	121645	CAD
V	121714	CNY
V	121783	DEM
V	121852	EUR
V	121921	FRF
V	121990	GBP
V	122058	JPY
V	122128	MXN
V	122197	SAR
V	122265	VEB
V	122334	ARS
V	122403	AUD
V	122472	BRL
V	122539	CAD
V	122605	CNY
V	122674	DEM
V	122741	EUR
V	122810	FRF
V	122879	GBP
V	122948	JPY
V	123018	MXN
V	123086	SAR
V	123155	VEB
V	123225	ARS
V	123294	AUD
V	123363	BRL
V	123430	CAD
V	123497	CNY
V	123566	DEM
V	123635	EUR
V	123704	FRF
V	123773	GBP
V	123842	JPY
V	123913	MXN
V	123981	SAR
V	124050	VEB
V	124118	ARS
V	124187	AUD
V	124255	BRL
V	124322	CAD
V	124391	CNY
V	124460	DEM
V	124529	EUR
V	124597	FRF
V	124665	GBP
V	124734	JPY
V	124803	MXN
V	124872	SAR
V	124941	VEB
V	125011	ARS
V	125080	AUD
V	125149	BRL
V	125216	CAD
V	125285	CNY
V	125354	DEM
V	125423	EUR
V	125492	FRF
V	125561	GBP
V	125628	JPY
V	125699	MXN
V	125767	SAR
V	125836	VEB
V	125906	ARS
V	125975	AUD
V	126044	BRL
V	126111	CAD
V	126179	CNY
V	126248	DEM
V	126317	EUR
V	126386	FRF
V	126455	GBP
V	126524	JPY
V	126596	MXN
V	126664	SAR
V	126733	VEB
V	126804	ARS
V	126873	AUD
V	126941	BRL
V	127009	CAD
V	127078	CNY
V	127147	DEM
V	127216	EUR
V	127285	FRF
V	127353	GBP
V	127422	JPY
V	127493	MXN
V	127561	SAR
V	127630	VEB
V	127698	ARS
V	127767	AUD
V	127836	BRL
V	127903	CAD
V	127972	CNY
V	128041	DEM
V	128110	EUR
V	128179	FRF
V	128247	GBP
V	128316	JPY
V	128386	MXN
V	128454	SAR
V	128523	VEB
V	128594	ARS
V	128663	AUD
V	128732	BRL
V	128798	CAD
V	128867	CNY
V	128936	DEM
V	129005	EUR
V	129074	FRF
V	129143	GBP
V	129212	JPY
V	129283	MXN
V	129349	SAR
V	129418	VEB
V	129487	ARS
V	129556	AUD
V	129625	BRL
V	129692	CAD
V	129761	CNY
V	129829	DEM
V	129898	EUR
V	129967	FRF
V	130036	GBP
V	130105	JPY
V	130175	MXN
V	130241	SAR
V	130310	VEB
V	130378	ARS
V	130447	AUD
V	130516	BRL
V	130583	CAD
V	130651	CNY
V	130718	DEM
V	130786	EUR
V	130855	FRF
V	130924	GBP
V	130993	JPY
V	131063	MXN
V	131129	SAR
V	131198	VEB
V	131266	ARS
V	131335	AUD
V	131404	BRL
V	131471	CAD
V	131540	CNY
V	131609	DEM
V	131678	EUR
V	131747	FRF
V	131816	GBP
V	131885	JPY
V	131955	MXN
V	132024	SAR
V	132093	VEB
V	132164	ARS
V	132233	AUD
V	132302	BRL
V	132369	CAD
V	132438	CNY
V	132507	DEM
V	132575	EUR
V	132644	FRF
V	132713	GBP
V	132782	JPY
V	132853	MXN
V	132921	SAR
V	132990	VEB
V	133059	ARS
V	133128	AUD
V	133197	BRL
V	133265	CAD
V	133334	CNY
V	133403	DEM
V	133472	EUR
V	133541	FRF
V	133610	GBP
V	133677	JPY
V	133748	MXN
V	133816	SAR
V	133885	VEB
V	133954	ARS
V	134023	AUD
V	134092	BRL
V	134161	CAD
V	134229	CNY
V	134298	DEM
V	134367	EUR
V	134436	FRF
V	134505	GBP
V	134574	JPY
V	134646	MXN
V	134715	SAR
V	134784	VEB
V	134856	ARS
V	134925	AUD
V	134994	BRL
V	135062	CAD
V	135131	CNY
V	135200	DEM
V	135269	EUR
V	135338	FRF
V	135405	GBP
V	135472	JPY
V	135544	MXN
V	135611	SAR
V	135680	VEB
V	135751	ARS
V	135819	AUD
V	135888	BRL
V	135955	CAD
V	136023	CNY
V	136092	DEM
V	136161	EUR
V	136230	FRF
V	136299	GBP
V	136368	JPY
V	136437	MXN
V	136505	SAR
V	136574	VEB
V	136643	ARS
V	136712	AUD
V	136781	BRL
V	136849	CAD
V	136918	CNY
V	136987	DEM
V	137056	EUR
V	137124	FRF
V	137193	GBP
V	137261	JPY
V	137331	MXN
V	137398	SAR
V	137467	VEB
V	137536	ARS
V	137605	AUD
V	137674	BRL
V	137741	CAD
V	137810	CNY
V	137877	DEM
V	137946	EUR
V	138015	FRF
V	138083	GBP
V	138152	JPY
V	138223	MXN
V	138292	SAR
V	138359	VEB
V	138429	ARS
V	138498	AUD
V	138567	BRL
V	138636	CAD
V	138705	CNY
V	138774	DEM
V	138843	EUR
V	138912	FRF
V	138980	GBP
V	139049	JPY
V	139119	MXN
V	139186	SAR
V	139255	VEB
V	139326	ARS
V	139393	AUD
V	139462	BRL
V	139530	CAD
V	139599	CNY
V	139666	DEM
V	139735	EUR
V	139803	FRF
V	139872	GBP
V	139941	JPY
V	140012	MXN
V	140081	SAR
V	140150	VEB
V	140219	ARS
V	140287	AUD
V	140356	BRL
V	140423	CAD
V	140492	CNY
V	140561	DEM
V	140629	EUR
V	140698	FRF
V	140767	GBP
V	140836	JPY
V	140907	MXN
V	140974	SAR
V	141043	VEB
V	141112	ARS
V	141180	AUD
V	141249	BRL
V	141316	CAD
V	141385	CNY
V	141454	DEM
V	141523	EUR
V	141592	FRF
V	141660	GBP
V	141728	JPY
V	141799	MXN
V	141865	SAR
V	141934	VEB
V	142002	ARS
V	142071	AUD
V	142140	BRL
V	142209	CAD
V	142277	CNY
V	142346	DEM
V	142415	EUR
V	142484	FRF
V	142553	GBP
V	142621	JPY
V	142693	MXN
V	142761	SAR
V	142830	VEB
V	142900	ARS
V	142969	AUD
V	143038	BRL
V	143106	CAD
V	143175	CNY
V	143244	DEM
V	143313	EUR
V	143382	FRF
V	143451	GBP
V	143520	JPY
V	143591	MXN
V	143660	SAR
V	143728	VEB
V	143801	ARS
V	143870	AUD
V	143939	BRL
V	144008	CAD
V	144076	CNY
V	144145	DEM
V	144214	EUR
V	144282	FRF
V	144351	GBP
V	144420	JPY
V	144491	MXN
V	144558	SAR
V	144627	VEB
V	144697	ARS
V	144765	AUD
V	144834	BRL
V	144902	CAD
V	144970	CNY
V	145039	DEM
V	145107	EUR
V	145176	FRF
V	145245	GBP
V	145314	JPY
V	145386	MXN
V	145453	SAR
V	145522	VEB
V	145590	ARS
V	145659	AUD
V	145728	BRL
V	145797	CAD
V	145866	CNY
V	145935	DEM
V	146004	EUR
V	146073	FRF
V	146142	GBP
V	146211	JPY
V	146282	MXN
V	146351	SAR
V	146420	VEB
V	146486	ARS
V	146554	AUD
V	146623	BRL
V	146691	CAD
V	146760	CNY
V	146829	DEM
V	146898	EUR
V	146966	FRF
V	147035	GBP
V	147103	JPY
V	147174	MXN
V	147242	SAR
V	147311	VEB
V	147382	ARS
V	147451	AUD
V	147520	BRL
V	147586	CAD
V	147655	CNY
V	147724	DEM
V	147793	EUR
V	147862	FRF
V	147928	GBP
V	147997	JPY
V	148068	MXN
V	148136	SAR
V	148205	VEB
V	148278	ARS
V	148347	AUD
V	148416	BRL
V	148484	CAD
V	148553	CNY
V	148622	DEM
V	148691	EUR
V	148760	FRF
V	148829	GBP
V	148898	JPY
V	148967	MXN
V	149034	SAR
V	149103	VEB
V	149176	ARS
V	149245	AUD
V	149314	BRL
V	149382	CAD
V	149451	CNY
V	149520	DEM
V	149589	EUR
V	149657	FRF
V	149726	GBP
V	149795	JPY
V	149866	MXN
V	149933	SAR
V	150002	VEB
V	150075	ARS
V	150144	AUD
V	150213	BRL
V	150282	CAD
V	150351	CNY
V	150420	DEM
V	150489	EUR
V	150558	FRF
V	150627	GBP
V	150696	JPY
V	150769	MXN
V	150837	SAR
V	150906	VEB
V	150979	ARS
V	151048	AUD
V	151117	BRL
V	151185	CAD
V	151254	CNY
V	151323	DEM
V	151391	EUR
V	151460	FRF
V	151528	GBP
V	151597	JPY
V	151668	MXN
V	151737	SAR
V	151806	VEB
V	151876	ARS
V	151945	AUD
V	152014	BRL
V	152083	CAD
V	152151	CNY
V	152220	DEM
V	152289	EUR
V	152358	FRF
V	152425	GBP
V	152494	JPY
V	152565	MXN
V	152634	SAR
V	152703	VEB
V	152773	ARS
V	152842	AUD
V	152911	BRL
V	152979	CAD
V	153048	CNY
V	153117	DEM
V	153185	EUR
V	153254	FRF
V	153323	GBP
V	153392	JPY
V	153464	MXN
V	153533	SAR
V	153601	VEB
V	153669	ARS
V	153738	AUD
V	153807	BRL
V	153875	CAD
V	153944	CNY
V	154013	DEM
V	154082	EUR
V	154151	FRF
V	154220	GBP
V	154288	JPY
V	154359	MXN
V	154427	SAR
V	154496	VEB
V	154567	ARS
V	154636	AUD
V	154704	BRL
V	154771	CAD
V	154840	CNY
V	154909	DEM
V	154976	EUR
V	155044	FRF
V	155113	GBP
V	155182	JPY
V	155252	MXN
V	155318	SAR
V	155387	VEB
V	155458	ARS
V	155527	AUD
V	155596	BRL
V	155664	CAD
V	155733	CNY
V	155800	DEM
V	155869	EUR
V	155937	FRF
V	156006	GBP
V	156075	JPY
V	156146	MXN
V	156214	SAR
V	156283	VEB
V	156354	ARS
V	156423	AUD
V	156492	BRL
V	156560	CAD
V	156629	CNY
V	156697	DEM
V	156766	EUR
V	156835	FRF
V	156904	GBP
V	156973	JPY
V	157045	MXN
V	157113	SAR
V	157182	VEB
V	157251	ARS
V	157320	AUD
V	157389	BRL
V	157456	CAD
V	157525	CNY
V	157594	DEM
V	157663	EUR
V	157731	FRF
V	157800	GBP
V	157869	JPY
V	157938	MXN
V	158006	SAR
V	158074	VEB
V	158145	ARS
V	158214	AUD
V	158283	BRL
V	158349	CAD
V	158418	CNY
V	158487	DEM
V	158556	EUR
V	158624	FRF
V	158693	GBP
V	158761	JPY
V	158832	MXN
V	158900	SAR
V	158969	VEB
V	159037	ARS
V	159106	AUD
V	159175	BRL
V	159243	CAD
V	159312	CNY
V	159381	DEM
V	159450	EUR
V	159519	FRF
V	159588	GBP
V	159656	JPY
V	159726	MXN
V	159794	SAR
V	159862	VEB
V	159929	ARS
V	159998	AUD
V	160067	BRL
V	160135	CAD
V	160204	CNY
V	160273	DEM
V	160342	EUR
V	160411	FRF
V	160480	GBP
V	160549	JPY
V	160619	MXN
V	160687	SAR
V	160755	VEB
V	160828	ARS
V	160897	AUD
V	160966	BRL
V	161033	CAD
V	161102	CNY
V	161171	DEM
V	161240	EUR
V	161309	FRF
V	161378	GBP
V	161447	JPY
V	161516	MXN
V	161584	SAR
V	161653	VEB
V	161724	ARS
V	161793	AUD
V	161862	BRL
V	161929	CAD
V	161998	CNY
V	162067	DEM
V	162136	EUR
V	162205	FRF
V	162274	GBP
V	162343	JPY
V	162414	MXN
V	162482	SAR
V	162551	VEB
V	162624	ARS
V	162693	AUD
V	162762	BRL
V	162829	CAD
V	162898	CNY
V	162967	DEM
V	163036	EUR
V	163105	FRF
V	163174	GBP
V	163242	JPY
V	163313	MXN
V	163380	SAR
V	163449	VEB
V	163517	ARS
V	163586	AUD
V	163655	BRL
V	163720	CAD
V	163789	CNY
V	163857	EUR
V	163926	GBP
V	163995	JPY
V	164068	MXN
V	164135	SAR
V	164204	VEB
V	164275	ARS
V	164343	AUD
V	164412	BRL
V	164478	CAD
V	164547	CNY
V	164616	EUR
V	164685	GBP
V	164754	JPY
V	164824	MXN
V	164893	SAR
V	164962	VEB
V	165031	ARS
V	165100	AUD
V	165169	BRL
V	165236	CAD
V	165305	CNY
V	165374	EUR
V	165443	GBP
V	165512	JPY
V	165583	MXN
V	165651	SAR
V	165720	VEB
V	165788	ARS
V	165857	AUD
V	165926	BRL
V	165992	CAD
V	166061	CNY
V	166130	EUR
V	166199	GBP
V	166267	JPY
V	166339	MXN
V	166408	SAR
V	166477	VEB
V	166545	ARS
V	166614	AUD
V	166683	BRL
V	166749	CAD
V	166818	CNY
V	166887	EUR
V	166956	GBP
V	167024	JPY
V	167094	MXN
V	167161	SAR
V	167230	VEB
V	167300	ARS
V	167369	AUD
V	167438	BRL
V	167504	CAD
V	167573	CNY
V	167642	EUR
V	167711	GBP
V	167780	JPY
V	167851	MXN
V	167917	SAR
V	167986	VEB
V	168056	ARS
V	168125	AUD
V	168194	BRL
V	168261	CAD
V	168330	CNY
V	168399	EUR
V	168468	GBP
V	168537	JPY
V	168607	MXN
V	168675	SAR
V	168744	VEB
V	168813	ARS
V	168882	AUD
V	168951	BRL
V	169018	CAD
V	169086	CNY
V	169155	EUR
V	169224	GBP
V	169293	JPY
V	169365	MXN
V	169434	SAR
V	169503	VEB
V	169574	ARS
V	169643	AUD
V	169712	BRL
V	169779	CAD
V	169848	CNY
V	169917	EUR
V	169986	GBP
V	170055	JPY
V	170125	MXN
V	170194	SAR
V	170263	VEB
V	170329	ARS
V	170398	AUD
V	170467	BRL
V	170534	CAD
V	170603	CNY
V	170671	EUR
V	170740	GBP
V	170809	JPY
V	170880	MXN
V	170948	SAR
V	171017	VEB
V	171085	ARS
V	171154	AUD
V	171223	BRL
V	171290	CAD
V	171358	CNY
V	171427	EUR
V	171495	GBP
V	171564	JPY
V	171634	MXN
V	171703	SAR
V	171772	VEB
V	171840	ARS
V	171908	AUD
V	171977	BRL
V	172043	CAD
V	172112	CNY
V	172181	EUR
V	172250	GBP
V	172319	JPY
V	172389	MXN
V	172457	SAR
V	172526	VEB
V	172592	ARS
V	172661	AUD
V	172730	BRL
V	172797	CAD
V	172865	CNY
V	172934	EUR
V	173003	GBP
V	173072	JPY
V	173142	MXN
V	173211	SAR
V	173280	VEB
V	173348	ARS
V	173417	AUD
V	173486	BRL
V	173553	CAD
V	173621	CNY
V	173690	EUR
V	173759	GBP
V	173828	JPY
V	173898	MXN
V	173965	SAR
V	174034	VEB
V	174100	ARS
V	174169	AUD
V	174238	BRL
V	174304	CAD
V	174373	CNY
V	174441	EUR
V	174510	GBP
V	174579	JPY
V	174649	MXN
V	174717	SAR
V	174786	VEB
V	174857	ARS
V	174926	AUD
V	174995	BRL
V	175062	CAD
V	175131	CNY
V	175200	EUR
V	175269	GBP
V	175337	JPY
V	175407	MXN
V	175475	SAR
V	175544	VEB
V	175610	ARS
V	175679	AUD
V	175748	BRL
V	175815	CAD
V	175884	CNY
V	175953	EUR
V	176022	GBP
V	176091	JPY
V	176161	MXN
V	176228	SAR
V	176297	VEB
V	176368	ARS
V	176437	AUD
V	176505	BRL
V	176572	CAD
V	176640	CNY
V	176709	EUR
V	176778	GBP
V	176847	JPY
V	176916	MXN
V	176984	SAR
V	177053	VEB
V	177124	ARS
V	177193	AUD
V	177262	BRL
V	177331	CAD
V	177400	CNY
V	177469	EUR
V	177538	GBP
V	177607	JPY
V	177677	MXN
V	177745	SAR
V	177814	VEB
V	177885	ARS
V	177954	AUD
V	178022	BRL
V	178090	CAD
V	178159	CNY
V	178228	EUR
V	178297	GBP
V	178365	JPY
V	178436	MXN
V	178504	SAR
V	178573	VEB
V	178642	ARS
V	178711	AUD
V	178780	BRL
V	178845	CAD
V	178914	CNY
V	178983	EUR
V	179052	GBP
V	179121	JPY
V	179191	MXN
V	179259	SAR
V	179328	VEB
V	179397	ARS
V	179466	AUD
V	179535	BRL
V	179602	CAD
V	179671	CNY
V	179740	EUR
V	179809	GBP
V	179878	JPY
V	179948	MXN
V	180016	SAR
V	180085	VEB
V	180153	ARS
V	180222	AUD
V	180291	BRL
V	180358	CAD
V	180427	CNY
V	180496	EUR
V	180563	GBP
V	180631	JPY
V	180701	MXN
V	180769	SAR
V	180837	VEB
V	180908	ARS
V	180977	AUD
V	181046	BRL
V	181115	CAD
V	181184	CNY
V	181253	EUR
V	181322	GBP
V	181391	JPY
V	181462	MXN
V	181531	SAR
V	181600	VEB
V	181668	ARS
V	181732	AUD
V	181800	BRL
V	181869	CAD
V	181938	CNY
V	182006	EUR
V	182075	GBP
V	182144	JPY
V	182214	MXN
V	182281	SAR
V	182350	VEB
V	182421	ARS
V	182490	AUD
V	182558	BRL
V	182623	CAD
V	182692	CNY
V	182760	EUR
V	182828	GBP
V	182897	JPY
V	182967	MXN
V	183035	SAR
V	183104	VEB
V	183175	ARS
V	183244	AUD
V	183313	BRL
V	183380	CAD
V	183449	CNY
V	183517	EUR
V	183586	GBP
V	183655	JPY
V	183725	MXN
V	183793	SAR
V	183862	VEB
V	183933	ARS
V	184002	AUD
V	184071	BRL
V	184140	CAD
V	184208	CNY
V	184277	EUR
V	184345	GBP
V	184413	JPY
V	184483	MXN
V	184551	SAR
V	184620	VEB
V	184689	ARS
V	184758	AUD
V	184827	BRL
V	184894	CAD
V	184963	CNY
V	185031	EUR
V	185100	GBP
V	185168	JPY
V	185239	MXN
V	185305	SAR
V	185374	VEB
V	185447	ARS
V	185516	AUD
V	185585	BRL
V	185652	CAD
V	185721	CNY
V	185790	EUR
V	185859	GBP
V	185927	JPY
V	185998	MXN
V	186067	SAR
V	186136	VEB
V	186204	ARS
V	186273	AUD
V	186342	BRL
V	186410	CAD
V	186479	CNY
V	186548	EUR
V	186617	GBP
V	186686	JPY
V	186757	MXN
V	186824	SAR
V	186893	VEB
V	186963	ARS
V	187032	AUD
V	187101	BRL
V	187168	CAD
V	187237	CNY
V	187306	EUR
V	187375	GBP
V	187442	JPY
V	187514	MXN
V	187582	SAR
V	187651	VEB
V	187722	ARS
V	187791	AUD
V	187859	BRL
V	187927	CAD
V	187996	CNY
V	188065	EUR
V	188134	GBP
V	188203	JPY
V	188273	MXN
V	188341	SAR
V	188409	VEB
V	188480	ARS
V	188549	AUD
V	188618	BRL
V	188686	CAD
V	188755	CNY
V	188824	EUR
V	188893	GBP
V	188962	JPY
V	189033	MXN
V	189102	SAR
V	189171	VEB
V	189244	ARS
V	189313	AUD
V	189382	BRL
V	189450	CAD
V	189519	CNY
V	189588	EUR
V	189657	GBP
V	189725	JPY
V	189797	MXN
V	189866	SAR
V	189935	VEB
V	190006	ARS
V	190075	AUD
V	190144	BRL
V	190212	CAD
V	190281	CNY
V	190350	EUR
V	190419	GBP
V	190488	JPY
V	190559	MXN
V	190628	SAR
V	190697	VEB
V	190766	ARS
V	190835	AUD
V	190902	BRL
V	190970	CAD
V	191039	CNY
V	191107	EUR
V	191176	GBP
V	191245	JPY
V	191316	MXN
V	191384	SAR
V	191453	VEB
V	191522	ARS
V	191591	AUD
V	191659	BRL
V	191726	CAD
V	191794	CNY
V	191863	EUR
V	191932	GBP
V	192001	JPY
V	192073	MXN
V	192141	SAR
V	192210	VEB
V	192278	ARS
V	192347	AUD
V	192416	BRL
V	192484	CAD
V	192553	CNY
V	192622	EUR
V	192691	GBP
V	192760	JPY
V	192831	MXN
V	192900	SAR
V	192969	VEB
V	193042	ARS
V	193111	AUD
V	193180	BRL
V	193247	CAD
V	193316	CNY
V	193385	EUR
V	193453	GBP
V	193522	JPY
V	193593	MXN
V	193659	SAR
V	193728	VEB
V	193799	ARS
V	193868	AUD
V	193937	BRL
V	194004	CAD
V	194073	CNY
V	194142	EUR
V	194211	GBP
V	194280	JPY
V	194350	MXN
V	194417	SAR
V	194486	VEB
V	194557	ARS
V	194626	AUD
V	194695	BRL
V	194763	CAD
V	194832	CNY
V	194901	EUR
V	194970	GBP
V	195038	JPY
V	195109	MXN
V	195179	SAR
V	195248	VEB
V	195321	ARS
V	195390	AUD
V	195458	BRL
V	195524	CAD
V	195593	CNY
V	195662	EUR
V	195731	GBP
V	195800	JPY
V	195871	MXN
V	195940	SAR
V	196009	VEB
V	196078	ARS
V	196147	AUD
V	196216	BRL
V	196283	CAD
V	196351	CNY
V	196420	EUR
V	196489	GBP
V	196558	JPY
V	196630	MXN
V	196699	SAR
V	196768	VEB
V	196839	ARS
V	196908	AUD
V	196977	BRL
V	197045	CAD
V	197114	CNY
V	197183	EUR
V	197252	GBP
V	197321	JPY
V	197392	MXN
V	197458	SAR
V	197527	VEB
V	197597	ARS
V	197666	AUD
V	197735	BRL
V	197801	CAD
V	197869	CNY
V	197938	EUR
V	198006	GBP
V	198075	JPY
V	198147	MXN
V	198216	SAR
V	198285	VEB
V	198353	ARS
V	198422	AUD
V	198491	BRL
V	198559	CAD
V	198628	CNY
V	198697	EUR
V	198765	GBP
V	198834	JPY
V	198905	MXN
V	198973	SAR
V	199042	VEB
V	199110	ARS
V	199179	AUD
V	199248	BRL
V	199314	CAD
V	199383	CNY
V	199452	EUR
V	199521	GBP
V	199590	JPY
V	199662	MXN
V	199730	SAR
V	199799	VEB
V	199867	ARS
V	199936	AUD
V	200005	BRL
V	200073	CAD
V	200142	CNY
V	200211	EUR
V	200280	GBP
V	200348	JPY
V	200419	MXN
V	200487	SAR
V	200556	VEB
V	200624	ARS
V	200693	AUD
V	200762	BRL
V	200829	CAD
V	200897	CNY
V	200965	EUR
V	201033	GBP
V	201102	JPY
V	201174	MXN
V	201242	SAR
V	201311	VEB
V	201382	ARS
V	201451	AUD
V	201520	BRL
V	201587	CAD
V	201656	CNY
V	201723	EUR
V	201792	GBP
V	201861	JPY
V	201932	MXN
V	202000	SAR
V	202069	VEB
V	202142	ARS
V	202210	AUD
V	202279	BRL
V	202346	CAD
V	202415	CNY
V	202484	EUR
V	202553	GBP
V	202622	JPY
V	202692	MXN
V	202761	SAR
V	202829	VEB
V	202898	ARS
V	202967	AUD
V	203036	BRL
V	203105	CAD
V	203173	CNY
V	203239	EUR
V	203307	GBP
V	203375	JPY
V	203447	MXN
V	203515	SAR
V	203584	VEB
V	203655	ARS
V	203724	AUD
V	203793	BRL
V	203862	CAD
V	203931	CNY
V	203998	EUR
V	204066	GBP
V	204135	JPY
V	204205	MXN
V	204273	SAR
V	204342	VEB
V	204411	ARS
V	204480	AUD
V	204549	BRL
V	204617	CAD
V	204684	CNY
V	204751	EUR
V	204820	GBP
V	204889	JPY
V	204958	MXN
V	205025	SAR
V	205094	VEB
V	205163	ARS
V	205231	AUD
V	205300	BRL
V	205369	CAD
V	205438	CNY
V	205507	EUR
V	205576	GBP
V	205645	JPY
V	205716	MXN
V	205785	SAR
V	205853	VEB
V	205923	ARS
V	205992	AUD
V	206061	BRL
V	206129	CAD
V	206195	CNY
V	206264	EUR
V	206333	GBP
V	206402	JPY
V	206474	MXN
V	206543	SAR
V	206612	VEB
V	206682	ARS
V	206751	AUD
V	206817	BRL
V	206885	CAD
V	206954	CNY
V	207023	EUR
V	207092	GBP
V	207160	JPY
V	207229	MXN
V	207297	SAR
V	207366	VEB
V	207434	ARS
V	207503	AUD
V	207572	BRL
V	207640	CAD
V	207709	CNY
V	207778	EUR
V	207846	GBP
V	207915	JPY
V	207987	MXN
V	208054	SAR
V	208123	VEB
V	208194	ARS
V	208263	AUD
V	208331	BRL
V	208400	CAD
V	208469	CNY
V	208538	EUR
V	208607	GBP
V	208676	JPY
V	208746	MXN
V	208812	SAR
V	208881	VEB
V	208949	ARS
V	209018	AUD
V	209086	BRL
V	209154	CAD
V	209223	CNY
V	209292	EUR
V	209361	GBP
V	209430	JPY
V	209499	MXN
V	209566	SAR
V	209635	VEB
V	209705	ARS
V	209774	AUD
V	209843	BRL
V	209910	CAD
V	209978	CNY
V	210047	EUR
V	210114	GBP
V	210183	JPY
V	210254	MXN
V	210320	SAR
V	210389	VEB
V	210459	ARS
V	210523	AUD
V	210591	BRL
V	210659	CAD
V	210728	CNY
V	210797	EUR
V	210866	GBP
V	210935	JPY
V	211004	MXN
V	211072	SAR
V	211141	VEB
V	211212	ARS
V	211281	AUD
V	211350	BRL
V	211418	CAD
V	211487	CNY
V	211556	EUR
V	211625	GBP
V	211694	JPY
V	211766	MXN
V	211834	SAR
V	211903	VEB
V	211974	ARS
V	212038	AUD
V	212107	BRL
V	212175	CAD
V	212244	CNY
V	212313	EUR
V	212381	GBP
V	212450	JPY
V	212521	MXN
V	212588	SAR
V	212657	VEB
V	212725	ARS
V	212794	AUD
V	212863	BRL
V	212931	CAD
V	213000	CNY
V	213069	EUR
V	213137	GBP
V	213206	JPY
V	213276	MXN
V	213342	SAR
V	213411	VEB
V	213480	ARS
V	213549	AUD
V	213618	BRL
V	213685	CAD
V	213754	CNY
V	213823	EUR
V	213892	GBP
V	213961	JPY
V	214033	MXN
V	214100	SAR
V	214169	VEB
V	214237	ARS
V	214306	AUD
V	214374	BRL
V	214443	CAD
V	214512	CNY
V	214581	EUR
V	214650	GBP
V	214719	JPY
V	214790	MXN
V	214857	SAR
V	214926	VEB
V	214992	ARS
V	215061	AUD
V	215130	BRL
V	215199	CAD
V	215268	CNY
V	215337	EUR
V	215405	GBP
V	215474	JPY
V	215546	MXN
V	215612	SAR
V	215681	VEB
V	215746	ARS
V	215815	AUD
V	215883	BRL
V	215950	CAD
V	216018	CNY
V	216087	EUR
V	216156	GBP
V	216223	JPY
V	216295	MXN
V	216364	SAR
V	216433	VEB
V	216499	ARS
V	216568	AUD
V	216634	BRL
V	216702	CAD
V	216771	CNY
V	216840	EUR
V	216909	GBP
V	216976	JPY
V	217047	MXN
V	217115	SAR
V	217184	VEB
V	217252	ARS
V	217321	AUD
V	217390	BRL
V	217457	CAD
V	217526	CNY
V	217595	EUR
V	217664	GBP
V	217733	JPY
V	217804	MXN
V	217871	SAR
V	217940	VEB
V	218008	ARS
V	218077	AUD
V	218146	BRL
V	218213	CAD
V	218281	CNY
V	218348	EUR
V	218417	GBP
V	218486	JPY
V	218557	MXN
V	218626	SAR
V	218694	VEB
V	218764	ARS
V	218833	AUD
V	218902	BRL
V	218970	CAD
V	219039	CNY
V	219108	EUR
V	219176	GBP
V	219245	JPY
V	219317	MXN
V	219384	SAR
V	219453	VEB
V	219523	ARS
V	219587	AUD
V	219656	BRL
V	219723	CAD
V	219792	CNY
V	219861	EUR
V	219930	GBP
V	219999	JPY
V	220068	MXN
V	220135	SAR
V	220204	VEB
V	220277	ARS
V	220345	AUD
V	220412	BRL
V	220479	CAD
V	220548	CNY
V	220617	EUR
V	220686	GBP
V	220755	JPY
V	220827	MXN
V	220895	SAR
V	220964	VEB
V	221035	ARS
V	221104	AUD
V	221173	BRL
V	221239	CAD
V	221308	CNY
V	221377	EUR
V	221446	GBP
V	221515	JPY
V	221587	MXN
V	221656	SAR
V	221725	VEB
V	221798	ARS
V	221866	AUD
V	221935	BRL
V	222004	CAD
V	222073	CNY
V	222142	EUR
V	222211	GBP
V	222280	JPY
V	222352	MXN
V	222421	SAR
V	222490	VEB
V	222559	ARS
V	222628	AUD
V	222696	BRL
V	222764	CAD
V	222833	CNY
V	222902	EUR
V	222970	GBP
V	223039	JPY
V	223109	MXN
V	223177	SAR
V	223246	VEB
V	223316	ARS
V	223385	AUD
V	223454	BRL
V	223523	CAD
V	223590	CNY
V	223659	EUR
V	223728	GBP
V	223797	JPY
V	223868	MXN
V	223936	SAR
V	224005	VEB
V	224075	ARS
V	224144	AUD
V	224213	BRL
V	224282	CAD
V	224351	CNY
V	224419	EUR
V	224488	GBP
V	224557	JPY
V	224628	MXN
V	224695	SAR
V	224764	VEB
V	224837	ARS
V	224906	AUD
V	224975	BRL
V	225042	CAD
V	225111	CNY
V	225180	EUR
V	225249	GBP
V	225318	JPY
V	225389	MXN
V	225457	SAR
V	225526	VEB
V	225597	ARS
V	225666	AUD
V	225734	BRL
V	225802	CAD
V	225870	CNY
V	225939	EUR
V	226006	GBP
V	226075	JPY
V	226145	MXN
V	226212	SAR
V	226280	VEB
V	226351	ARS
V	226419	AUD
V	226487	BRL
V	226555	CAD
V	226624	CNY
V	226693	EUR
V	226762	GBP
V	226831	JPY
V	226903	MXN
V	226971	SAR
V	227040	VEB
V	227110	ARS
V	227179	AUD
V	227248	BRL
V	227317	CAD
V	227386	CNY
V	227455	EUR
V	227524	GBP
V	227593	JPY
V	227663	MXN
V	227731	SAR
V	227800	VEB
V	227871	ARS
V	227940	AUD
V	228009	BRL
V	228077	CAD
V	228146	CNY
V	228215	EUR
V	228283	GBP
V	228352	JPY
V	228423	MXN
V	228492	SAR
V	228561	VEB
V	228630	ARS
V	228699	AUD
V	228767	BRL
V	228836	CAD
V	228904	CNY
V	228973	EUR
V	229041	GBP
V	229110	JPY
V	229181	MXN
V	229249	SAR
V	229318	VEB
V	229387	ARS
V	229455	AUD
V	229524	BRL
V	229591	CAD
V	229660	CNY
V	229729	EUR
V	229798	GBP
V	229866	JPY
V	229937	MXN
V	230004	SAR
V	230073	VEB
V	230139	ARS
V	230208	AUD
V	230277	BRL
V	230343	CAD
V	230412	CNY
V	230481	EUR
V	230549	GBP
V	230618	JPY
V	230688	MXN
V	230756	SAR
V	230825	VEB
V	230893	ARS
V	230962	AUD
V	231031	BRL
V	231099	CAD
V	231168	CNY
V	231237	EUR
V	231306	GBP
V	231375	JPY
V	231446	MXN
V	231513	SAR
V	231582	VEB
V	231648	ARS
V	231717	AUD
V	231786	BRL
V	231854	CAD
V	231923	CNY
V	231992	EUR
V	232061	GBP
V	232130	JPY
V	232202	MXN
V	232270	SAR
V	232339	VEB
V	232405	ARS
V	232474	AUD
V	232542	BRL
V	232609	CAD
V	232678	CNY
V	232747	EUR
V	232816	GBP
V	232885	JPY
V	232956	MXN
V	233024	SAR
V	233093	VEB
V	233161	ARS
V	233230	AUD
V	233299	BRL
V	233366	CAD
V	233434	CNY
V	233503	EUR
V	233572	GBP
V	233640	JPY
V	233711	MXN
V	233778	SAR
V	233847	VEB
V	233916	ARS
V	233985	AUD
V	234054	BRL
V	234122	CAD
V	234190	CNY
V	234259	EUR
V	234328	GBP
V	234397	JPY
V	234469	MXN
V	234537	SAR
V	234606	VEB
V	234674	ARS
V	234738	AUD
V	234807	BRL
V	234874	CAD
V	234941	CNY
V	235010	EUR
V	235079	GBP
V	235148	JPY
V	235219	MXN
V	235286	SAR
V	235355	VEB
V	235428	ARS
V	235497	AUD
V	235566	BRL
V	235633	CAD
V	235702	CNY
V	235771	EUR
V	235840	GBP
V	235909	JPY
V	235979	MXN
V	236046	SAR
V	236115	VEB
V	236186	ARS
V	236250	AUD
V	236319	BRL
V	236387	CAD
V	236456	CNY
V	236525	EUR
V	236594	GBP
V	236663	JPY
V	236733	MXN
V	236801	SAR
V	236870	VEB
V	236943	ARS
V	237012	AUD
V	237081	BRL
V	237150	CAD
V	237219	CNY
V	237288	EUR
V	237357	GBP
V	237426	JPY
V	237496	MXN
V	237565	SAR
V	237634	VEB
V	237703	ARS
V	237772	AUD
V	237841	BRL
V	237909	CAD
V	237977	CNY
V	238046	EUR
V	238113	GBP
V	238182	JPY
V	238252	MXN
V	238320	SAR
V	238389	VEB
V	238460	ARS
V	238529	AUD
V	238598	BRL
V	238665	CAD
V	238734	CNY
V	238801	EUR
V	238870	GBP
V	238939	JPY
V	239010	MXN
V	239079	SAR
V	239148	VEB
V	239219	ARS
V	239288	AUD
V	239357	BRL
V	239424	CAD
V	239492	CNY
V	239561	EUR
V	239630	GBP
V	239699	JPY
V	239771	MXN
V	239838	SAR
V	239907	VEB
V	239976	ARS
V	240044	AUD
V	240112	BRL
V	240180	CAD
V	240248	CNY
V	240317	EUR
V	240386	GBP
V	240455	JPY
V	240526	MXN
V	240594	SAR
V	240663	VEB
V	240734	ARS
V	240803	AUD
V	240872	BRL
V	240939	CAD
V	241008	CNY
V	241077	EUR
V	241146	GBP
V	241215	JPY
V	241284	MXN
V	241351	SAR
V	241419	VEB
V	241492	ARS
V	241561	AUD
V	241630	BRL
V	241696	CAD
V	241765	CNY
V	241834	EUR
V	241903	GBP
V	241972	JPY
V	242041	MXN
V	242110	SAR
V	242179	VEB
V	242250	ARS
V	242314	AUD
V	242383	BRL
V	242450	CAD
V	242519	CNY
V	242588	EUR
V	242657	GBP
V	242725	JPY
V	242797	MXN
V	242865	SAR
V	242933	VEB
V	243003	ARS
V	243072	AUD
V	243141	BRL
V	243208	CAD
V	243276	CNY
V	243345	EUR
V	243412	GBP
V	243481	JPY
V	243551	MXN
V	243619	SAR
V	243688	VEB
V	243757	ARS
V	243826	AUD
V	243895	BRL
V	243962	CAD
V	244031	CNY
V	244100	EUR
V	244169	GBP
V	244238	JPY
V	244309	MXN
V	244378	SAR
V	244447	VEB
V	244516	ARS
V	244585	AUD
V	244654	BRL
V	244722	CAD
V	244790	CNY
V	244859	EUR
V	244928	GBP
V	244997	JPY
V	245068	MXN
V	245137	SAR
V	245206	VEB
V	245276	ARS
V	245345	AUD
V	245414	BRL
V	245480	CAD
V	245548	CNY
V	245615	EUR
V	245684	GBP
V	245752	JPY
V	245824	MXN
V	245890	SAR
V	245959	VEB
V	246029	ARS
V	246098	AUD
V	246167	BRL
V	246234	CAD
V	246303	CNY
V	246372	EUR
V	246440	GBP
V	246509	JPY
V	246579	MXN
V	246646	SAR
V	246714	VEB
V	246782	ARS
V	246851	AUD
V	246920	BRL
V	246987	CAD
V	247056	CNY
V	247125	EUR
V	247194	GBP
V	247262	JPY
V	247333	MXN
V	247401	SAR
V	247469	VEB
V	247537	ARS
V	247606	AUD
V	247675	BRL
V	247742	CAD
V	247811	CNY
V	247880	EUR
V	247949	GBP
V	248018	JPY
V	248089	MXN
V	248157	SAR
V	248226	VEB
V	248299	ARS
V	248368	AUD
V	248437	BRL
V	248504	CAD
V	248573	CNY
V	248642	EUR
V	248711	GBP
V	248780	JPY
V	248851	MXN
V	248920	SAR
V	248989	VEB
V	249060	ARS
V	249129	AUD
V	249198	BRL
V	249266	CAD
V	249335	CNY
V	249404	EUR
V	249473	GBP
V	249542	JPY
V	249613	MXN
V	249681	SAR
V	249750	VEB
V	249813	ARS
V	249882	AUD
V	249951	BRL
V	250017	CAD
V	250086	CNY
V	250153	EUR
V	250221	GBP
V	250290	JPY
V	250361	MXN
V	250429	SAR
V	250498	VEB
V	250566	ARS
V	250635	AUD
V	250704	BRL
V	250772	CAD
V	250840	CNY
V	250909	EUR
V	250978	GBP
V	251047	JPY
V	251116	MXN
V	251182	SAR
V	251251	VEB
V	251320	ARS
V	251389	AUD
V	251458	BRL
V	251525	CAD
V	251594	CNY
V	251663	EUR
V	251732	GBP
V	251800	JPY
V	251870	MXN
V	251936	SAR
V	252005	VEB
V	252076	ARS
V	252145	AUD
V	252214	BRL
V	252282	CAD
V	252351	CNY
V	252420	EUR
V	252489	GBP
V	252558	JPY
V	252629	MXN
V	252697	SAR
V	252766	VEB
V	252835	ARS
V	252904	AUD
V	252973	BRL
V	253041	CAD
V	253110	CNY
V	253179	EUR
V	253248	GBP
V	253317	JPY
V	253388	MXN
V	253456	SAR
V	253525	VEB
V	253596	ARS
V	253665	AUD
V	253734	BRL
V	253802	CAD
V	253871	CNY
V	253940	EUR
V	254009	GBP
V	254078	JPY
V	254150	MXN
V	254218	SAR
V	254287	VEB
V	254355	ARS
V	254424	AUD
V	254493	BRL
V	254560	CAD
V	254629	CNY
V	254698	EUR
V	254767	GBP
V	254836	JPY
V	254907	MXN
V	254975	SAR
V	255044	VEB
V	255114	ARS
V	255182	AUD
V	255251	BRL
V	255318	CAD
V	255387	CNY
V	255456	EUR
V	255525	GBP
V	255594	JPY
V	255664	MXN
V	255733	SAR
V	255802	VEB
V	255872	ARS
V	255941	AUD
V	256010	BRL
V	256076	CAD
V	256143	CNY
V	256212	EUR
V	256281	GBP
V	256350	JPY
V	256421	MXN
V	256490	SAR
V	256558	VEB
V	256629	ARS
V	256698	AUD
V	256767	BRL
V	256834	CAD
V	256903	CNY
V	256972	EUR
V	257040	GBP
V	257109	JPY
V	257179	MXN
V	257245	SAR
V	257313	VEB
V	257382	ARS
V	257451	AUD
V	257520	BRL
V	257587	CAD
V	257656	CNY
V	257725	EUR
V	257793	GBP
V	257862	JPY
V	257933	MXN
V	258001	SAR
V	258070	VEB
V	258139	ARS
V	258208	AUD
V	258277	BRL
V	258345	CAD
V	258414	CNY
V	258481	EUR
V	258550	GBP
V	258618	JPY
V	258689	MXN
V	258757	SAR
V	258826	VEB
V	258894	ARS
V	258963	AUD
V	259032	BRL
V	259099	CAD
V	259168	CNY
V	259237	EUR
V	259305	GBP
V	259374	JPY
V	259445	MXN
V	259514	SAR
V	259583	VEB
V	259656	ARS
V	259725	AUD
V	259793	BRL
V	259860	CAD
V	259928	CNY
V	259997	EUR
V	260066	GBP
V	260135	JPY
V	260204	MXN
V	260273	SAR
V	260342	VEB
V	260410	ARS
V	260479	AUD
V	260548	BRL
V	260615	CAD
V	260684	CNY
V	260753	EUR
V	260822	GBP
V	260891	JPY
V	260962	MXN
V	261030	SAR
V	261099	VEB
V	261172	ARS
V	261241	AUD
V	261310	BRL
V	261377	CAD
V	261446	CNY
V	261515	EUR
V	261584	GBP
V	261653	JPY
V	261724	MXN
V	261792	SAR
V	261860	VEB
V	261928	ARS
V	261997	AUD
V	262066	BRL
V	262133	CAD
V	262202	CNY
V	262271	EUR
V	262340	GBP
V	262409	JPY
V	262479	MXN
V	262547	SAR
V	262616	VEB
V	262687	ARS
V	262756	AUD
V	262825	BRL
V	262892	CAD
V	262961	CNY
V	263030	EUR
V	263099	GBP
V	263168	JPY
V	263239	MXN
V	263307	SAR
V	263376	VEB
V	263445	ARS
V	263514	AUD
V	263583	BRL
V	263650	CAD
V	263719	CNY
V	263786	EUR
V	263855	GBP
V	263924	JPY
V	263995	MXN
V	264063	SAR
V	264132	VEB
V	264200	ARS
V	264269	AUD
V	264337	BRL
V	264403	CAD
V	264472	CNY
V	264541	EUR
V	264610	GBP
V	264679	JPY
V	264750	MXN
V	264818	SAR
V	264887	VEB
V	264960	ARS
V	265024	AUD
V	265093	BRL
V	265160	CAD
V	265229	CNY
V	265298	EUR
V	265367	GBP
V	265436	JPY
V	265507	MXN
V	265574	SAR
V	265642	VEB
V	265713	ARS
V	265777	AUD
V	265846	BRL
V	265912	CAD
V	265981	CNY
V	266048	EUR
V	266117	GBP
V	266186	JPY
V	266256	MXN
V	266324	SAR
V	266393	VEB
V	266461	ARS
V	266525	AUD
V	266594	BRL
V	266661	CAD
V	266730	CNY
V	266799	EUR
V	266868	GBP
V	266937	JPY
V	267007	MXN
V	267075	SAR
V	267144	VEB
V	267213	ARS
V	267277	AUD
V	267346	BRL
V	267413	CAD
V	267482	CNY
V	267551	EUR
V	267620	GBP
V	267689	JPY
V	267759	MXN
V	267828	SAR
V	267897	VEB
V	267968	ARS
V	268032	AUD
V	268101	BRL
V	268168	CAD
V	268237	CNY
V	268306	EUR
V	268375	GBP
V	268444	JPY
V	268515	MXN
V	268583	SAR
V	268652	VEB
V	268721	ARS
V	268790	AUD
V	268859	BRL
V	268925	CAD
V	268994	CNY
V	269062	EUR
V	269131	GBP
V	269200	JPY
V	269271	MXN
V	269339	SAR
V	269408	VEB
V	269478	ARS
V	269547	AUD
V	269616	BRL
V	269683	CAD
V	269752	CNY
V	269821	EUR
V	269890	GBP
V	269959	JPY
V	270030	MXN
V	270097	SAR
V	270166	VEB
V	270236	ARS
V	270305	AUD
V	270374	BRL
V	270442	CAD
V	270511	CNY
V	270580	EUR
V	270649	GBP
V	270718	JPY
V	270787	MXN
V	270856	SAR
V	270925	VEB
V	270996	ARS
V	271065	AUD
V	271134	BRL
V	271202	CAD
V	271270	CNY
V	271339	EUR
V	271407	GBP
V	271476	JPY
V	271546	MXN
V	271615	SAR
V	271684	VEB
V	271757	ARS
V	271826	AUD
V	271895	BRL
V	271962	CAD
V	272031	CNY
V	272100	EUR
V	272169	GBP
V	272238	JPY
V	272308	MXN
V	272376	SAR
V	272445	VEB
V	272514	ARS
V	272583	AUD
V	272652	BRL
V	272719	CAD
V	272788	CNY
V	272857	EUR
V	272925	GBP
V	272994	JPY
V	273063	MXN
V	273130	SAR
V	273199	VEB
V	273268	ARS
V	273337	AUD
V	273405	BRL
V	273472	CAD
V	273541	CNY
V	273610	EUR
V	273678	GBP
V	273747	JPY
V	273816	MXN
V	273884	SAR
V	273953	VEB
V	274024	ARS
V	274093	AUD
V	274162	BRL
V	274229	CAD
V	274298	CNY
V	274367	EUR
V	274436	GBP
V	274505	JPY
V	274576	MXN
V	274644	SAR
V	274713	VEB
V	274784	ARS
V	274852	AUD
V	274920	BRL
V	274986	CAD
V	275055	CNY
V	275124	EUR
V	275193	GBP
V	275262	JPY
V	275333	MXN
V	275401	SAR
V	275468	VEB
V	275538	ARS
V	275607	AUD
V	275676	BRL
V	275743	CAD
V	275812	CNY
V	275881	EUR
V	275950	GBP
V	276019	JPY
V	276090	MXN
V	276159	SAR
V	276227	VEB
V	276295	ARS
V	276364	AUD
V	276433	BRL
V	276500	CAD
V	276569	CNY
V	276638	EUR
V	276705	GBP
V	276774	JPY
V	276845	MXN
V	276912	SAR
V	276981	VEB
V	277051	ARS
V	277120	AUD
V	277189	BRL
V	277255	CAD
V	277324	CNY
V	277391	EUR
V	277460	GBP
V	277529	JPY
V	277600	MXN
V	277668	SAR
V	277737	VEB
V	277805	ARS
V	277874	AUD
V	277943	BRL
V	278009	CAD
V	278078	CNY
V	278147	EUR
V	278214	GBP
V	278283	JPY
V	278353	MXN
V	278420	SAR
V	278489	VEB
V	278559	ARS
V	278628	AUD
V	278697	BRL
V	278763	CAD
V	278832	CNY
V	278901	EUR
V	278969	GBP
V	279038	JPY
V	279108	MXN
V	279175	SAR
V	279244	VEB
V	279312	ARS
V	279381	AUD
V	279450	BRL
V	279517	CAD
V	279586	CNY
V	279654	EUR
V	279723	GBP
V	279792	JPY
V	279863	MXN
V	279931	SAR
V	280000	VEB
V	280070	ARS
V	280139	AUD
V	280207	BRL
V	280276	CAD
V	280345	CNY
V	280414	EUR
V	280483	GBP
V	280552	JPY
V	280623	MXN
V	280691	SAR
V	280760	VEB
V	280831	ARS
V	280900	AUD
V	280969	BRL
V	281036	CAD
V	281105	CNY
V	281174	EUR
V	281243	GBP
V	281312	JPY
V	281381	MXN
V	281450	SAR
V	281519	VEB
V	281592	ARS
V	281661	AUD
V	281729	BRL
V	281798	CAD
V	281867	CNY
V	281936	EUR
V	282005	GBP
V	282074	JPY
V	282146	MXN
V	282215	SAR
V	282284	VEB
V	282353	ARS
V	282421	AUD
V	282489	BRL
V	282557	CAD
V	282625	CNY
V	282694	EUR
V	282763	GBP
V	282832	JPY
V	282902	MXN
V	282970	SAR
V	283039	VEB
V	283109	ARS
V	283178	AUD
V	283246	BRL
V	283313	CAD
V	283382	CNY
V	283451	EUR
V	283520	GBP
V	283589	JPY
V	283659	MXN
V	283727	SAR
V	283796	VEB
V	283864	ARS
V	283933	AUD
V	284000	BRL
V	284068	CAD
V	284137	CNY
V	284205	EUR
V	284274	GBP
V	284343	JPY
V	284413	MXN
V	284481	SAR
V	284550	VEB
V	284617	ARS
V	284686	AUD
V	284755	BRL
V	284823	CAD
V	284891	CNY
V	284960	EUR
V	285029	GBP
V	285098	JPY
V	285170	MXN
V	285238	SAR
V	285307	VEB
V	285376	ARS
V	285444	AUD
V	285513	BRL
V	285580	CAD
V	285648	CNY
V	285717	EUR
V	285786	GBP
V	285855	JPY
V	285926	MXN
V	285994	SAR
V	286063	VEB
V	286132	ARS
V	286201	AUD
V	286270	BRL
V	286339	CAD
V	286408	CNY
V	286476	EUR
V	286544	GBP
V	286613	JPY
V	286683	MXN
V	286750	SAR
V	286819	VEB
V	286890	ARS
V	286959	AUD
V	287028	BRL
V	287096	CAD
V	287164	CNY
V	287233	EUR
V	287301	GBP
V	287370	JPY
V	287442	MXN
V	287510	SAR
V	287579	VEB
V	287652	ARS
V	287721	AUD
V	287790	BRL
V	287859	CAD
V	287926	CNY
V	287995	EUR
V	288064	GBP
V	288133	JPY
V	288203	MXN
V	288271	SAR
V	288340	VEB
V	288411	ARS
V	288480	AUD
V	288547	BRL
V	288614	CAD
V	288681	CNY
V	288750	EUR
V	288819	GBP
V	288888	JPY
V	288958	MXN
V	289027	SAR
V	289096	VEB
V	289169	ARS
V	289238	AUD
V	289307	BRL
V	289375	CAD
V	289444	CNY
V	289511	EUR
V	289580	GBP
V	289649	JPY
V	289718	MXN
V	289787	SAR
V	289856	VEB
V	289929	ARS
V	289997	AUD
V	290066	BRL
V	290135	CAD
V	290204	CNY
V	290273	EUR
V	290342	GBP
V	290411	JPY
V	290482	MXN
V	290550	SAR
V	290619	VEB
V	290688	ARS
V	290757	AUD
V	290826	BRL
V	290893	CAD
V	290962	CNY
V	291030	EUR
V	291099	GBP
V	291168	JPY
V	291239	MXN
V	291307	SAR
V	291376	VEB
V	291446	ARS
V	291515	AUD
V	291584	BRL
V	291652	CAD
V	291720	CNY
V	291789	EUR
V	291858	GBP
V	291927	JPY
V	291999	MXN
V	292067	SAR
V	292136	VEB
V	292202	ARS
V	292271	AUD
V	292340	BRL
V	292408	CAD
V	292477	CNY
V	292546	EUR
V	292615	GBP
V	292684	JPY
V	292754	MXN
V	292821	SAR
V	292890	VEB
V	292958	ARS
V	293026	AUD
V	293095	BRL
V	293162	CAD
V	293231	CNY
V	293300	EUR
V	293368	GBP
V	293437	JPY
V	293507	MXN
V	293574	SAR
V	293642	VEB
V	293712	ARS
V	293780	AUD
V	293849	BRL
V	293916	CAD
V	293985	CNY
V	294054	EUR
V	294123	GBP
V	294192	JPY
V	294262	MXN
V	294330	SAR
V	294399	VEB
V	294467	ARS
V	294535	AUD
V	294604	BRL
V	294671	CAD
V	294739	CNY
V	294808	EUR
V	294877	GBP
V	294946	JPY
V	295016	MXN
V	295083	SAR
V	295152	VEB
V	295220	ARS
V	295288	AUD
V	295357	BRL
V	295425	CAD
V	295494	CNY
V	295563	EUR
V	295632	GBP
V	295701	JPY
V	295772	MXN
V	295841	SAR
V	295910	VEB
V	295979	ARS
V	296048	AUD
V	296117	BRL
V	296185	CAD
V	296254	CNY
V	296323	EUR
V	296392	GBP
V	296461	JPY
V	296532	MXN
V	296599	SAR
V	296668	VEB
V	296739	ARS
V	296808	AUD
V	296877	BRL
V	296944	CAD
V	297013	CNY
V	297081	EUR
V	297150	GBP
V	297219	JPY
V	297290	MXN
V	297357	SAR
V	297426	VEB
V	297495	ARS
V	297564	AUD
V	297633	BRL
V	297699	CAD
V	297768	CNY
V	297837	EUR
V	297906	GBP
V	297975	JPY
V	298046	MXN
V	298113	SAR
V	298182	VEB
V	298253	ARS
V	298317	AUD
V	298386	BRL
V	298452	CAD
V	298521	CNY
V	298589	EUR
V	298658	GBP
V	298727	JPY
V	298793	MXN
V	298860	SAR
V	298929	VEB
V	299000	ARS
V	299069	AUD
V	299138	BRL
V	299205	CAD
V	299274	CNY
V	299342	EUR
V	299411	GBP
V	299480	JPY
V	299550	MXN
V	299618	SAR
V	299687	VEB
V	299756	ARS
V	299825	AUD
V	299894	BRL
V	299961	CAD
V	300029	CNY
V	300097	EUR
V	300166	GBP
V	300234	JPY
V	300305	MXN
V	300373	SAR
V	300441	VEB
V	300510	ARS
V	300579	AUD
V	300648	BRL
V	300715	CAD
V	300784	CNY
V	300853	EUR
V	300922	GBP
V	300991	JPY
V	301063	MXN
V	301131	SAR
V	301200	VEB
V	301269	ARS
V	301338	AUD
V	301407	BRL
V	301474	CAD
V	301543	CNY
V	301612	EUR
V	301680	GBP
V	301749	JPY
V	301820	MXN
V	301888	SAR
V	301957	VEB
V	302028	ARS
V	302097	AUD
V	302164	BRL
V	302231	CAD
V	302300	CNY
V	302369	EUR
V	302438	GBP
V	302507	JPY
V	302578	MXN
V	302647	SAR
V	302715	VEB
V	302788	ARS
V	302857	AUD
V	302926	BRL
V	302993	CAD
V	303062	CNY
V	303131	EUR
V	303200	GBP
V	303269	JPY
V	303341	MXN
V	303409	SAR
V	303478	VEB
V	303548	ARS
V	303616	AUD
V	303685	BRL
V	303752	CAD
V	303821	CNY
V	303890	EUR
V	303959	GBP
V	304028	JPY
V	304098	MXN
V	304166	SAR
V	304235	VEB
V	304303	ARS
V	304372	AUD
V	304441	BRL
V	304508	CAD
V	304577	CNY
V	304646	EUR
V	304715	GBP
V	304784	JPY
V	304854	MXN
V	304923	SAR
V	304992	VEB
V	305058	ARS
V	305127	AUD
V	305196	BRL
V	305263	CAD
V	305332	CNY
V	305401	EUR
V	305470	GBP
V	305539	JPY
V	305609	MXN
V	305677	SAR
V	305746	VEB
V	305812	ARS
V	305881	AUD
V	305950	BRL
V	306018	CAD
V	306087	CNY
V	306156	EUR
V	306224	GBP
V	306293	JPY
V	306364	MXN
V	306433	SAR
V	306502	VEB
V	306572	ARS
V	306641	AUD
V	306710	BRL
V	306779	CAD
V	306848	CNY
V	306917	EUR
V	306986	GBP
V	307055	JPY
V	307126	MXN
V	307195	SAR
V	307264	VEB
V	307333	ARS
V	307402	AUD
V	307471	BRL
V	307540	CAD
V	307609	CNY
V	307678	EUR
V	307746	GBP
V	307814	JPY
V	307886	MXN
V	307954	SAR
V	308023	VEB
V	308094	ARS
V	308163	AUD
V	308232	BRL
V	308299	CAD
V	308368	CNY
V	308437	EUR
V	308506	GBP
V	308575	JPY
V	308646	MXN
V	308715	SAR
V	308784	VEB
V	308853	ARS
V	308922	AUD
V	308991	BRL
V	309057	CAD
V	309126	CNY
V	309195	EUR
V	309264	GBP
V	309333	JPY
V	309404	MXN
V	309473	SAR
V	309542	VEB
V	309612	ARS
V	309681	AUD
V	309750	BRL
V	309817	CAD
V	309886	CNY
V	309955	EUR
V	310023	GBP
V	310092	JPY
V	310162	MXN
V	310230	SAR
V	310299	VEB
V	310369	ARS
V	310438	AUD
V	310507	BRL
V	310574	CAD
V	310643	CNY
V	310712	EUR
V	310781	GBP
V	310850	JPY
V	310921	MXN
V	310990	SAR
V	311059	VEB
V	311129	ARS
V	311198	AUD
V	311267	BRL
V	311333	CAD
V	311401	CNY
V	311470	EUR
V	311539	GBP
V	311608	JPY
V	311679	MXN
V	311747	SAR
V	311816	VEB
V	311887	ARS
V	311951	AUD
V	312019	BRL
V	312086	CAD
V	312154	CNY
V	312223	EUR
V	312292	GBP
V	312360	JPY
V	312430	MXN
V	312499	SAR
V	312568	VEB
V	312639	ARS
V	312707	AUD
V	312776	BRL
V	312843	CAD
V	312912	CNY
V	312981	EUR
V	313050	GBP
V	313119	JPY
V	313190	MXN
V	313259	SAR
V	313328	VEB
V	313399	ARS
V	313463	AUD
V	313532	BRL
V	313600	CAD
V	313669	CNY
V	313738	EUR
V	313807	GBP
V	313875	JPY
V	313946	MXN
V	314015	SAR
V	314084	VEB
V	314153	ARS
V	314222	AUD
V	314291	BRL
V	314357	CAD
V	314426	CNY
V	314495	EUR
V	314564	GBP
V	314633	JPY
V	314703	MXN
V	314771	SAR
V	314839	VEB
V	314907	ARS
V	314976	AUD
V	315044	BRL
V	315111	CAD
V	315180	CNY
V	315249	EUR
V	315318	GBP
V	315387	JPY
V	315455	MXN
V	315524	SAR
V	315593	VEB
V	315664	ARS
V	315733	AUD
V	315802	BRL
V	315869	CAD
V	315936	CNY
V	316005	EUR
V	316074	GBP
V	316143	JPY
V	316212	MXN
V	316280	SAR
V	316349	VEB
V	316420	ARS
V	316489	AUD
V	316557	BRL
V	316623	CAD
V	316692	CNY
V	316761	EUR
V	316830	GBP
V	316899	JPY
V	316971	MXN
V	317038	SAR
V	317107	VEB
V	317178	ARS
V	317247	AUD
V	317316	BRL
V	317383	CAD
V	317450	CNY
V	317519	EUR
V	317588	GBP
V	317657	JPY
V	317728	MXN
V	317797	SAR
V	317866	VEB
V	317934	ARS
V	318003	AUD
V	318071	BRL
V	318137	CAD
V	318206	CNY
V	318275	EUR
V	318343	GBP
V	318412	JPY
V	318483	MXN
V	318551	SAR
V	318620	VEB
V	318691	ARS
V	318760	AUD
V	318829	BRL
V	318896	CAD
V	318965	CNY
V	319034	EUR
V	319103	GBP
V	319172	JPY
V	319243	MXN
V	319311	SAR
V	319380	VEB
V	319449	ARS
V	319518	AUD
V	319587	BRL
V	319654	CAD
V	319723	CNY
V	319792	EUR
V	319861	GBP
V	319930	JPY
V	320001	MXN
V	320068	SAR
V	320137	VEB
V	320208	ARS
V	320277	AUD
V	320345	BRL
V	320411	CAD
V	320480	CNY
V	320549	EUR
V	320618	GBP
V	320687	JPY
V	320754	MXN
V	320822	SAR
V	320891	VEB
V	320960	ARS
V	321029	AUD
V	321098	BRL
V	321164	CAD
V	321233	CNY
V	321302	EUR
V	321371	GBP
V	321440	JPY
V	321512	MXN
V	321580	SAR
V	321649	VEB
V	321718	ARS
V	321786	AUD
V	321855	BRL
V	321922	CAD
V	321991	CNY
V	322060	EUR
V	322128	GBP
V	322197	JPY
V	322268	MXN
V	322337	SAR
V	322406	VEB
V	322475	ARS
V	322544	AUD
V	322613	BRL
V	322679	CAD
V	322748	CNY
V	322816	EUR
V	322884	GBP
V	322953	JPY
V	323023	MXN
V	323091	SAR
V	323160	VEB
V	323228	ARS
V	323297	AUD
V	323366	BRL
V	323434	CAD
V	323503	CNY
V	323572	EUR
V	323640	GBP
V	323709	JPY
V	323780	MXN
V	323848	SAR
V	323917	VEB
V	323987	ARS
V	324056	AUD
V	324125	BRL
V	324192	CAD
V	324261	CNY
V	324330	EUR
V	324399	GBP
V	324468	JPY
V	324539	MXN
V	324608	SAR
V	324677	VEB
V	324748	ARS
V	324816	AUD
V	324885	BRL
V	324951	CAD
V	325020	CNY
V	325089	EUR
V	325158	GBP
V	325227	JPY
V	325299	MXN
V	325368	SAR
V	325437	VEB
V	325506	ARS
V	325575	AUD
V	325644	BRL
V	325711	CAD
V	325780	CNY
V	325849	EUR
V	325918	GBP
V	325986	JPY
V	326056	MXN
V	326125	SAR
V	326194	VEB
V	326263	ARS
V	326332	AUD
V	326400	BRL
V	326467	CAD
V	326536	CNY
V	326605	EUR
V	326674	GBP
V	326742	JPY
V	326812	MXN
V	326880	SAR
V	326949	VEB
V	327018	ARS
V	327087	AUD
V	327156	BRL
V	327223	CAD
V	327292	CNY
V	327361	EUR
V	327430	GBP
V	327499	JPY
V	327568	MXN
V	327637	SAR
V	327706	VEB
V	327779	ARS
V	327848	AUD
V	327917	BRL
V	327984	CAD
V	328053	CNY
V	328121	EUR
V	328190	GBP
V	328258	JPY
V	328329	MXN
V	328396	SAR
V	328465	VEB
V	328536	ARS
V	328605	AUD
V	328674	BRL
V	328741	CAD
V	328810	CNY
V	328879	EUR
V	328948	GBP
V	329017	JPY
V	329089	MXN
V	329157	SAR
V	329226	VEB
V	329295	ARS
V	329364	AUD
V	329433	BRL
V	329500	CAD
V	329568	CNY
V	329637	EUR
V	329706	GBP
V	329775	JPY
V	329846	MXN
V	329913	SAR
V	329982	VEB
V	330051	ARS
V	330119	AUD
V	330188	BRL
V	330254	CAD
V	330323	CNY
V	330392	EUR
V	330461	GBP
V	330529	JPY
V	330599	MXN
V	330668	SAR
V	330737	VEB
V	330807	ARS
V	330876	AUD
V	330945	BRL
V	331010	CAD
V	331079	CNY
V	331148	EUR
V	331216	GBP
V	331285	JPY
V	331354	MXN
V	331423	SAR
V	331492	VEB
V	331563	ARS
V	331632	AUD
V	331701	BRL
V	331766	CAD
V	331835	CNY
V	331904	EUR
V	331973	GBP
V	332042	JPY
V	332112	MXN
V	332180	SAR
V	332249	VEB
V	332322	ARS
V	332391	AUD
V	332460	BRL
V	332526	CAD
V	332595	CNY
V	332664	EUR
V	332732	GBP
V	332800	JPY
V	332871	MXN
V	332939	SAR
V	333008	VEB
V	333079	ARS
V	333148	AUD
V	333215	BRL
V	333282	CAD
V	333351	CNY
V	333420	EUR
V	333488	GBP
V	333556	JPY
V	333628	MXN
V	333695	SAR
V	333764	VEB
V	333837	ARS
V	333906	AUD
V	333975	BRL
V	334041	CAD
V	334110	CNY
V	334179	EUR
V	334247	GBP
V	334315	JPY
V	334386	MXN
V	334454	SAR
V	334523	VEB
V	334594	ARS
V	334663	AUD
V	334732	BRL
V	334799	CAD
V	334868	CNY
V	334937	EUR
V	335004	GBP
V	335071	JPY
V	335142	MXN
V	335210	SAR
V	335279	VEB
V	335352	ARS
V	335421	AUD
V	335490	BRL
V	335557	CAD
V	335625	CNY
V	335694	EUR
V	335762	GBP
V	335831	JPY
V	335900	MXN
V	335969	SAR
V	336038	VEB
V	336111	ARS
V	336179	AUD
V	336248	BRL
V	336315	CAD
V	336384	CNY
V	336452	EUR
V	336520	GBP
V	336589	JPY
V	336659	MXN
V	336728	SAR
V	336797	VEB
V	336870	ARS
V	336939	AUD
V	337008	BRL
V	337075	CAD
V	337144	CNY
V	337213	EUR
V	337281	GBP
V	337350	JPY
V	337420	MXN
V	337488	SAR
V	337557	VEB
V	337628	ARS
V	337697	AUD
V	337766	BRL
V	337833	CAD
V	337902	CNY
V	337971	EUR
V	338040	GBP
V	338109	JPY
V	338179	MXN
V	338248	SAR
V	338317	VEB
V	338390	ARS
V	338459	AUD
V	338528	BRL
V	338596	CAD
V	338665	CNY
V	338734	EUR
V	338803	GBP
V	338871	JPY
V	338942	MXN
V	339011	SAR
V	339080	VEB
V	339149	ARS
V	339218	AUD
V	339286	BRL
V	339353	CAD
V	339422	CNY
V	339490	EUR
V	339558	GBP
V	339627	JPY
V	339698	MXN
V	339765	SAR
V	339834	VEB
V	339905	ARS
V	339973	AUD
V	340041	BRL
V	340110	CAD
V	340179	CNY
V	340248	EUR
V	340316	GBP
V	340385	JPY
V	340457	MXN
V	340525	SAR
V	340593	VEB
V	340664	ARS
V	340733	AUD
V	340801	BRL
V	340869	CAD
V	340938	CNY
V	341007	EUR
V	341076	GBP
V	341145	JPY
V	341215	MXN
V	341283	SAR
V	341352	VEB
V	341423	ARS
V	341491	AUD
V	341560	BRL
V	341628	CAD
V	341697	CNY
V	341765	EUR
V	341834	GBP
V	341903	JPY
V	341973	MXN
V	342040	SAR
V	342109	VEB
V	342180	ARS
V	342249	AUD
V	342318	BRL
V	342386	CAD
V	342455	CNY
V	342524	EUR
V	342593	GBP
V	342662	JPY
V	342733	MXN
V	342800	SAR
V	342868	VEB
V	342941	ARS
V	343010	AUD
V	343079	BRL
V	343147	CAD
V	343216	CNY
V	343285	EUR
V	343354	GBP
V	343423	JPY
V	343494	MXN
V	343562	SAR
V	343631	VEB
V	343702	ARS
V	343771	AUD
V	343840	BRL
V	343907	CAD
V	343976	CNY
V	344045	EUR
V	344114	GBP
V	344183	JPY
V	344253	MXN
V	344320	SAR
V	344389	VEB
V	344459	ARS
V	344528	AUD
V	344597	BRL
V	344665	CAD
V	344734	CNY
V	344803	EUR
V	344872	GBP
V	344940	JPY
V	345011	MXN
V	345079	SAR
V	345148	VEB
V	345219	ARS
V	345283	AUD
V	345352	BRL
V	345419	CAD
V	345487	CNY
V	345556	EUR
V	345624	GBP
V	345693	JPY
V	345765	MXN
V	345832	SAR
V	345901	VEB
V	345974	ARS
V	346043	AUD
V	346112	BRL
V	346177	CAD
V	346246	CNY
V	346315	EUR
V	346384	GBP
V	346452	JPY
V	346524	MXN
V	346593	SAR
V	346662	VEB
V	346733	ARS
V	346802	AUD
V	346870	BRL
V	346938	CAD
V	347007	CNY
V	347076	EUR
V	347145	GBP
V	347214	JPY
V	347284	MXN
V	347352	SAR
V	347421	VEB
V	347489	ARS
V	347558	AUD
V	347627	BRL
V	347694	CAD
V	347763	CNY
V	347832	EUR
V	347901	GBP
V	347970	JPY
V	348040	MXN
V	348108	SAR
V	348177	VEB
V	348243	ARS
V	348312	AUD
V	348381	BRL
V	348448	CAD
V	348517	CNY
V	348586	EUR
V	348654	GBP
V	348722	JPY
V	348792	MXN
V	348861	SAR
V	348930	VEB
V	348999	ARS
V	349068	AUD
V	349137	BRL
V	349204	CAD
V	349273	CNY
V	349342	EUR
V	349411	GBP
V	349480	JPY
V	349550	MXN
V	349617	SAR
V	349686	VEB
V	349756	ARS
V	349825	AUD
V	349894	BRL
V	349961	CAD
V	350029	CNY
V	350098	EUR
V	350167	GBP
V	350234	JPY
V	350305	MXN
V	350374	SAR
V	350443	VEB
V	350511	ARS
V	350580	AUD
V	350648	BRL
V	350715	CAD
V	350784	CNY
V	350853	EUR
V	350921	GBP
V	350990	JPY
V	351061	MXN
V	351129	SAR
V	351198	VEB
V	351267	ARS
V	351336	AUD
V	351405	BRL
V	351472	CAD
V	351541	CNY
V	351610	EUR
V	351679	GBP
V	351748	JPY
V	351818	MXN
V	351886	SAR
V	351955	VEB
V	352025	ARS
V	352094	AUD
V	352163	BRL
V	352229	CAD
V	352298	CNY
V	352367	EUR
V	352436	GBP
V	352505	JPY
V	352576	MXN
V	352644	SAR
V	352713	VEB
V	352783	ARS
V	352852	AUD
V	352921	BRL
V	352987	CAD
V	353056	CNY
V	353125	EUR
V	353194	GBP
V	353263	JPY
V	353333	MXN
V	353402	SAR
V	353471	VEB
V	353539	ARS
V	353608	AUD
V	353677	BRL
V	353744	CAD
V	353813	CNY
V	353882	EUR
V	353950	GBP
V	354019	JPY
V	354088	MXN
V	354151	SAR
V	354220	VEB
V	354291	ARS
V	354360	AUD
V	354429	BRL
V	354495	CAD
V	354564	CNY
V	354633	EUR
V	354701	GBP
V	354770	JPY
V	354842	MXN
V	354910	SAR
V	354979	VEB
V	355047	ARS
V	355115	AUD
V	355184	BRL
V	355251	CAD
V	355320	CNY
V	355389	EUR
V	355458	GBP
V	355527	JPY
V	355598	MXN
V	355666	SAR
V	355735	VEB
V	355805	ARS
V	355874	AUD
V	355943	BRL
V	356011	CAD
V	356080	CNY
V	356149	EUR
V	356218	GBP
V	356287	JPY
V	356359	MXN
V	356426	SAR
V	356495	VEB
V	356567	ARS
V	356636	AUD
V	356705	BRL
V	356772	CAD
V	356840	CNY
V	356909	EUR
V	356977	GBP
V	357046	JPY
V	357117	MXN
V	357185	SAR
V	357254	VEB
V	357324	ARS
V	357393	AUD
V	357462	BRL
V	357529	CAD
V	357597	CNY
V	357666	EUR
V	357734	GBP
V	357803	JPY
V	357873	MXN
V	357941	SAR
V	358010	VEB
V	358078	ARS
V	358147	AUD
V	358216	BRL
V	358283	CAD
V	358352	CNY
V	358421	EUR
V	358489	GBP
V	358558	JPY
V	358629	MXN
V	358696	SAR
V	358765	VEB
V	358835	ARS
V	358904	AUD
V	358973	BRL
V	359040	CAD
V	359109	CNY
V	359178	EUR
V	359247	GBP
V	359315	JPY
V	359386	MXN
V	359452	SAR
V	359520	VEB
V	359590	ARS
V	359659	AUD
V	359727	BRL
V	359794	CAD
V	359863	CNY
V	359932	EUR
V	360001	GBP
V	360070	JPY
V	360141	MXN
V	360210	SAR
V	360279	VEB
V	360347	ARS
V	360416	AUD
V	360485	BRL
V	360551	CAD
V	360620	CNY
V	360689	EUR
V	360758	GBP
V	360826	JPY
V	360897	MXN
V	360965	SAR
V	361034	VEB
V	361104	ARS
V	361173	AUD
V	361242	BRL
V	361309	CAD
V	361378	CNY
V	361446	EUR
V	361515	GBP
V	361584	JPY
V	361654	MXN
V	361723	SAR
V	361792	VEB
V	361861	ARS
V	361930	AUD
V	361999	BRL
V	362066	CAD
V	362135	CNY
V	362204	EUR
V	362271	GBP
V	362340	JPY
V	362411	MXN
V	362478	SAR
V	362547	VEB
V	362617	ARS
V	362686	AUD
V	362755	BRL
V	362822	CAD
V	362891	CNY
V	362960	EUR
V	363029	GBP
V	363097	JPY
V	363167	MXN
V	363234	SAR
V	363302	VEB
V	363372	ARS
V	363441	AUD
V	363510	BRL
V	363577	CAD
V	363646	CNY
V	363715	EUR
V	363784	GBP
V	363852	JPY
V	363922	MXN
V	363989	SAR
V	364058	VEB
V	364126	ARS
V	364195	AUD
V	364263	BRL
V	364331	CAD
V	364400	CNY
V	364469	EUR
V	364538	GBP
V	364607	JPY
V	364677	MXN
V	364745	SAR
V	364814	VEB
V	364883	ARS
V	364952	AUD
V	365021	BRL
V	365088	CAD
V	365157	CNY
V	365226	EUR
V	365295	GBP
V	365364	JPY
V	365436	MXN
V	365505	SAR
V	365574	VEB
V	365644	ARS
V	365713	AUD
V	365782	BRL
V	365849	CAD
V	365918	CNY
V	365987	EUR
V	366056	GBP
V	366125	JPY
V	366197	MXN
V	366265	SAR
V	366334	VEB
V	366405	ARS
V	366474	AUD
V	366542	BRL
V	366609	CAD
V	366678	CNY
V	366747	EUR
V	366816	GBP
V	366885	JPY
V	366957	MXN
V	367025	SAR
V	367094	VEB
V	367165	ARS
V	367234	AUD
V	367303	BRL
V	367370	CAD
V	367439	CNY
V	367508	EUR
V	367577	GBP
V	367646	JPY
V	367717	MXN
V	367783	SAR
V	367852	VEB
V	367925	ARS
V	367994	AUD
V	368063	BRL
V	368130	CAD
V	368197	CNY
V	368266	EUR
V	368335	GBP
V	368404	JPY
V	368473	MXN
V	368540	SAR
V	368609	VEB
V	368682	ARS
V	368750	AUD
V	368819	BRL
V	368886	CAD
V	368953	CNY
V	369022	EUR
V	369091	GBP
V	369160	JPY
V	369230	MXN
V	369298	SAR
V	369367	VEB
V	369438	ARS
V	369507	AUD
V	369576	BRL
V	369642	CAD
V	369711	CNY
V	369780	EUR
V	369849	GBP
V	369918	JPY
V	369989	MXN
V	370055	SAR
V	370124	VEB
V	370192	ARS
V	370260	AUD
V	370329	BRL
V	370396	CAD
V	370465	CNY
V	370534	EUR
V	370603	GBP
V	370672	JPY
V	370744	MXN
V	370813	SAR
V	370882	VEB
V	370949	ARS
V	371018	AUD
V	371087	BRL
V	371154	CAD
V	371223	CNY
V	371291	EUR
V	371358	GBP
V	371427	JPY
V	371498	MXN
V	371565	SAR
V	371634	VEB
V	371705	ARS
V	371774	AUD
V	371843	BRL
V	371909	CAD
V	371976	CNY
V	372044	EUR
V	372113	GBP
V	372182	JPY
V	372254	MXN
V	372323	SAR
V	372392	VEB
V	372463	ARS
V	372532	AUD
V	372600	BRL
V	372669	CAD
V	372737	CNY
V	372806	EUR
V	372875	GBP
V	372944	JPY
V	373014	MXN
V	373081	SAR
V	373150	VEB
V	373220	ARS
V	373289	AUD
V	373357	BRL
V	373425	CAD
V	373494	CNY
V	373563	EUR
V	373632	GBP
V	373701	JPY
V	373771	MXN
V	373838	SAR
V	373907	VEB
V	373975	ARS
V	374044	AUD
V	374113	BRL
V	374182	CAD
V	374251	CNY
V	374320	EUR
V	374389	GBP
V	374458	JPY
V	374528	MXN
V	374596	SAR
V	374665	VEB
V	374733	ARS
V	374802	AUD
V	374871	BRL
V	374939	CAD
V	375008	CNY
V	375077	EUR
V	375146	GBP
V	375215	JPY
V	375286	MXN
V	375355	SAR
V	375424	VEB
V	375495	ARS
V	375564	AUD
V	375632	BRL
V	375701	CAD
V	375770	CNY
V	375839	EUR
V	375908	GBP
V	375977	JPY
V	376048	MXN
V	376116	SAR
V	376185	VEB
V	376258	ARS
V	376327	AUD
V	376395	BRL
V	376463	CAD
V	376531	CNY
V	376599	EUR
V	376668	GBP
V	376737	JPY
V	376806	MXN
V	376875	SAR
V	376944	VEB
V	377015	ARS
V	377084	AUD
V	377152	BRL
V	377220	CAD
V	377289	CNY
V	377358	EUR
V	377427	GBP
V	377496	JPY
V	377567	MXN
V	377634	SAR
V	377703	VEB
V	377775	ARS
V	377844	AUD
V	377913	BRL
V	377982	CAD
V	378051	CNY
V	378119	EUR
V	378188	GBP
V	378257	JPY
V	378328	MXN
V	378397	SAR
V	378466	VEB
V	378535	ARS
V	378604	AUD
V	378673	BRL
V	378741	CAD
V	378809	CNY
V	378877	EUR
V	378946	GBP
V	379015	JPY
V	379085	MXN
V	379153	SAR
V	379222	VEB
V	379293	ARS
V	379362	AUD
V	379431	BRL
V	379499	CAD
V	379568	CNY
V	379637	EUR
V	379706	GBP
V	379775	JPY
V	379845	MXN
V	379912	SAR
V	379981	VEB
V	380050	ARS
V	380114	AUD
V	380183	BRL
V	380252	CAD
V	380321	CNY
V	380390	EUR
V	380459	GBP
V	380528	JPY
V	380598	MXN
V	380666	SAR
V	380735	VEB
V	380803	ARS
V	380872	AUD
V	380941	BRL
V	381010	CAD
V	381079	CNY
V	381148	EUR
V	381217	GBP
V	381286	JPY
V	381357	MXN
V	381425	SAR
V	381494	VEB
V	381565	ARS
V	381634	AUD
V	381703	BRL
V	381770	CAD
V	381839	CNY
V	381907	EUR
V	381976	GBP
V	382045	JPY
V	382115	MXN
V	382184	SAR
V	382253	VEB
V	382324	ARS
V	382393	AUD
V	382462	BRL
V	382531	CAD
V	382600	CNY
V	382669	EUR
V	382738	GBP
V	382807	JPY
V	382877	MXN
V	382945	SAR
V	383014	VEB
V	383085	ARS
V	383154	AUD
V	383223	BRL
V	383291	CAD
V	383360	CNY
V	383429	EUR
V	383498	GBP
V	383567	JPY
V	383637	MXN
V	383704	SAR
V	383773	VEB
V	383844	ARS
V	383912	AUD
V	383981	BRL
V	384049	CAD
V	384118	CNY
V	384187	EUR
V	384256	GBP
V	384325	JPY
V	384395	MXN
V	384463	SAR
V	384532	VEB
V	384602	ARS
V	384671	AUD
V	384738	BRL
V	384806	CAD
V	384874	CNY
V	384943	EUR
V	385012	GBP
V	385081	JPY
V	385151	MXN
V	385219	SAR
V	385288	VEB
V	385358	ARS
V	385427	AUD
V	385496	BRL
V	385565	CAD
V	385634	CNY
V	385703	EUR
V	385772	GBP
V	385841	JPY
V	385912	MXN
V	385980	SAR
V	386049	VEB
V	386120	ARS
V	386189	AUD
V	386257	BRL
V	386325	CAD
V	386394	CNY
V	386463	EUR
V	386532	GBP
V	386601	JPY
V	386672	MXN
V	386741	SAR
V	386810	VEB
V	386879	ARS
V	386948	AUD
V	387017	BRL
V	387085	CAD
V	387154	CNY
V	387223	EUR
V	387292	GBP
V	387361	JPY
V	387432	MXN
V	387501	SAR
V	387570	VEB
V	387643	ARS
V	387712	AUD
V	387781	BRL
V	387849	CAD
V	387918	CNY
V	387987	EUR
V	388056	GBP
V	388125	JPY
V	388195	MXN
V	388263	SAR
V	388332	VEB
V	388403	ARS
V	388472	AUD
V	388541	BRL
V	388608	CAD
V	388676	CNY
V	388745	EUR
V	388814	GBP
V	388883	JPY
V	388953	MXN
V	389021	SAR
V	389090	VEB
V	389163	ARS
V	389232	AUD
V	389301	BRL
V	389369	CAD
V	389438	CNY
V	389507	EUR
V	389575	GBP
V	389644	JPY
V	389714	MXN
V	389782	SAR
V	389851	VEB
V	389921	ARS
V	389990	AUD
V	390057	BRL
V	390123	CAD
V	390192	CNY
V	390261	EUR
V	390328	GBP
V	390396	JPY
V	390467	MXN
V	390534	SAR
V	390603	VEB
V	390676	ARS
V	390745	AUD
V	390814	BRL
V	390882	CAD
V	390951	CNY
V	391020	EUR
V	391089	GBP
V	391158	JPY
V	391229	MXN
V	391297	SAR
V	391366	VEB
V	391437	ARS
V	391506	AUD
V	391575	BRL
V	391643	CAD
V	391712	CNY
V	391780	EUR
V	391848	GBP
V	391917	JPY
V	391988	MXN
V	392055	SAR
V	392124	VEB
V	392194	ARS
V	392263	AUD
V	392332	BRL
V	392399	CAD
V	392468	CNY
V	392537	EUR
V	392606	GBP
V	392675	JPY
V	392746	MXN
V	392813	SAR
V	392882	VEB
V	392955	ARS
V	393023	AUD
V	393092	BRL
V	393160	CAD
V	393229	CNY
V	393298	EUR
V	393366	GBP
V	393435	JPY
V	393506	MXN
V	393574	SAR
V	393642	VEB
V	393713	ARS
V	393782	AUD
V	393851	BRL
V	393918	CAD
V	393986	CNY
V	394055	EUR
V	394124	GBP
V	394193	JPY
V	394263	MXN
V	394332	SAR
V	394401	VEB
V	394474	ARS
V	394543	AUD
V	394612	BRL
V	394680	CAD
V	394748	CNY
V	394817	EUR
V	394885	GBP
V	394954	JPY
V	395024	MXN
V	395093	SAR
V	395162	VEB
V	395233	ARS
V	395302	AUD
V	395370	BRL
V	395437	CAD
V	395505	CNY
V	395574	EUR
V	395642	GBP
V	395711	JPY
V	395781	MXN
V	395850	SAR
V	395918	VEB
V	395989	ARS
V	396053	AUD
V	396122	BRL
V	396191	CAD
V	396260	CNY
V	396328	EUR
V	396397	GBP
V	396465	JPY
V	396537	MXN
V	396606	SAR
V	396675	VEB
V	396748	ARS
V	396817	AUD
V	396886	BRL
V	396954	CAD
V	397023	CNY
V	397091	EUR
V	397160	GBP
V	397229	JPY
V	397299	MXN
V	397366	SAR
V	397435	VEB
V	397506	ARS
V	397575	AUD
V	397644	BRL
V	397712	CAD
V	397781	CNY
V	397850	EUR
V	397918	GBP
V	397987	JPY
V	398059	MXN
V	398126	SAR
V	398195	VEB
V	398266	ARS
V	398335	AUD
V	398404	BRL
V	398473	CAD
V	398542	CNY
V	398611	EUR
V	398680	GBP
V	398749	JPY
V	398820	MXN
V	398888	SAR
V	398957	VEB
V	399025	ARS
V	399093	AUD
V	399161	BRL
V	399228	CAD
V	399297	CNY
V	399366	EUR
V	399434	GBP
V	399503	JPY
V	399573	MXN
V	399640	SAR
V	399709	VEB
V	399782	ARS
V	399850	AUD
V	399918	BRL
V	399985	CAD
V	400054	CNY
V	400123	EUR
V	400192	GBP
V	400261	JPY
V	400331	MXN
V	400397	SAR
V	400466	VEB
V	400539	ARS
V	400607	AUD
V	400676	BRL
V	400744	CAD
V	400813	CNY
V	400882	EUR
V	400950	GBP
V	401019	JPY
V	401090	MXN
V	401157	SAR
V	401226	VEB
V	401297	ARS
V	401366	AUD
V	401435	BRL
V	401501	CAD
V	401570	CNY
V	401639	EUR
V	401708	GBP
V	401777	JPY
V	401848	MXN
V	401917	SAR
V	401986	VEB
V	402057	ARS
V	402126	AUD
V	402195	BRL
V	402262	CAD
V	402330	CNY
V	402399	EUR
V	402468	GBP
V	402537	JPY
V	402608	MXN
V	402676	SAR
V	402745	VEB
V	402814	ARS
V	402883	AUD
V	402952	BRL
V	403020	CAD
V	403088	CNY
V	403157	EUR
V	403226	GBP
V	403295	JPY
V	403367	MXN
V	403434	SAR
V	403503	VEB
V	403574	ARS
V	403643	AUD
V	403712	BRL
V	403781	CAD
V	403850	CNY
V	403919	EUR
V	403988	GBP
V	404057	JPY
V	404128	MXN
V	404196	SAR
V	404265	VEB
V	404335	ARS
V	404404	AUD
V	404473	BRL
V	404541	CAD
V	404610	CNY
V	404679	EUR
V	404748	GBP
V	404816	JPY
V	404886	MXN
V	404954	SAR
V	405023	VEB
V	405096	ARS
V	405165	AUD
V	405234	BRL
V	405302	CAD
V	405370	CNY
V	405439	EUR
V	405508	GBP
V	405576	JPY
V	405646	MXN
V	405713	SAR
V	405782	VEB
V	405855	ARS
V	405924	AUD
V	405993	BRL
V	406062	CAD
V	406130	CNY
V	406199	EUR
V	406268	GBP
V	406337	JPY
V	406407	MXN
V	406474	SAR
V	406543	VEB
V	406616	ARS
V	406685	AUD
V	406754	BRL
V	406822	CAD
V	406891	CNY
V	406960	EUR
V	407029	GBP
V	407098	JPY
V	407168	MXN
V	407237	SAR
V	407306	VEB
V	407374	ARS
V	407443	AUD
V	407512	BRL
V	407579	CAD
V	407647	CNY
V	407715	EUR
V	407783	GBP
V	407852	JPY
V	407920	MXN
V	407988	SAR
V	408057	VEB
V	408126	ARS
V	408195	AUD
V	408264	BRL
V	408332	CAD
V	408401	CNY
V	408470	EUR
V	408539	GBP
V	408608	JPY
V	408679	MXN
V	408747	SAR
V	408816	VEB
V	408887	ARS
V	408951	AUD
V	409020	BRL
V	409087	CAD
V	409156	CNY
V	409225	EUR
V	409294	GBP
V	409363	JPY
V	409434	MXN
V	409502	SAR
V	409571	VEB
V	409640	ARS
V	409709	AUD
V	409777	BRL
V	409846	CAD
V	409915	CNY
V	409984	EUR
V	410053	GBP
V	410122	JPY
V	410192	MXN
V	410255	SAR
V	410324	VEB
V	410397	ARS
V	410466	AUD
V	410535	BRL
V	410604	CAD
V	410672	CNY
V	410741	EUR
V	410810	GBP
V	410879	JPY
V	410949	MXN
V	411014	SAR
V	411083	VEB
V	411154	ARS
V	411223	AUD
V	411292	BRL
V	411361	CAD
V	411430	CNY
V	411499	EUR
V	411568	GBP
V	411637	JPY
V	411707	MXN
V	411773	SAR
V	411842	VEB
V	411911	ARS
V	411980	AUD
V	412049	BRL
V	412118	CAD
V	412187	CNY
V	412256	EUR
V	412325	GBP
V	412394	JPY
V	412465	MXN
V	412533	SAR
V	412602	VEB
V	412673	ARS
V	412742	AUD
V	412811	BRL
V	412880	CAD
V	412949	CNY
V	413018	EUR
V	413087	GBP
V	413156	JPY
V	413227	MXN
V	413295	SAR
V	413363	VEB
V	413433	ARS
V	413501	AUD
V	413570	BRL
V	413639	CAD
V	413707	CNY
V	413776	EUR
V	413845	GBP
V	413914	JPY
V	413987	MXN
V	414055	SAR
V	414124	VEB
V	414195	ARS
V	414263	AUD
V	414332	BRL
V	414400	CAD
V	414469	CNY
V	414537	EUR
V	414606	GBP
V	414675	JPY
V	414745	MXN
V	414813	SAR
V	414882	VEB
V	414950	ARS
V	415013	AUD
V	415082	BRL
V	415150	CAD
V	415219	CNY
V	415287	EUR
V	415356	GBP
V	415425	JPY
V	415495	MXN
V	415564	SAR
V	415633	VEB
V	415702	ARS
V	415769	AUD
V	415838	BRL
V	415906	CAD
V	415975	CNY
V	416044	EUR
V	416113	GBP
V	416182	JPY
V	416253	MXN
V	416321	SAR
V	416390	VEB
V	416459	ARS
V	416522	AUD
V	416591	BRL
V	416659	CAD
V	416728	CNY
V	416797	EUR
V	416866	GBP
V	416935	JPY
V	417005	MXN
V	417073	SAR
V	417141	VEB
V	417212	ARS
V	417281	AUD
V	417350	BRL
V	417419	CAD
V	417488	CNY
V	417557	EUR
V	417625	GBP
V	417694	JPY
V	417766	MXN
V	417833	SAR
V	417902	VEB
V	417971	ARS
V	418040	AUD
V	418109	BRL
V	418176	CAD
V	418244	CNY
V	418312	EUR
V	418381	GBP
V	418450	JPY
V	418518	MXN
V	418585	SAR
V	418654	VEB
V	418727	ARS
V	418796	AUD
V	418865	BRL
V	418934	CAD
V	419003	CNY
V	419071	EUR
V	419140	GBP
V	419209	JPY
V	419281	MXN
V	419350	SAR
V	419419	VEB
V	419488	ARS
V	419557	AUD
V	419626	BRL
V	419694	CAD
V	419763	CNY
V	419832	EUR
V	419901	GBP
V	419970	JPY
V	420041	MXN
V	420110	SAR
V	420179	VEB
V	420248	ARS
V	420317	AUD
V	420386	BRL
V	420455	CAD
V	420524	CNY
V	420593	EUR
V	420661	GBP
V	420730	JPY
V	420800	MXN
V	420868	SAR
V	420937	VEB
V	421008	ARS
V	421077	AUD
V	421146	BRL
V	421215	CAD
V	421284	CNY
V	421353	EUR
V	421420	GBP
V	421489	JPY
V	421559	MXN
V	421627	SAR
V	421696	VEB
V	421767	ARS
V	421835	AUD
V	421904	BRL
V	421972	CAD
V	422041	CNY
V	422109	EUR
V	422178	GBP
V	422247	JPY
V	422318	MXN
V	422386	SAR
V	422454	VEB
V	422525	ARS
V	422594	AUD
V	422663	BRL
V	422731	CAD
V	422800	CNY
V	422869	EUR
V	422938	GBP
V	423007	JPY
V	423078	MXN
V	423144	SAR
V	423213	VEB
V	423284	ARS
V	423353	AUD
V	423422	BRL
V	423489	CAD
V	423557	CNY
V	423626	EUR
V	423695	GBP
V	423764	JPY
V	423835	MXN
V	423904	SAR
V	423973	VEB
V	424044	ARS
V	424113	AUD
V	424182	BRL
V	424251	CAD
V	424320	CNY
V	424389	EUR
V	424458	GBP
V	424527	JPY
V	424598	MXN
V	424666	SAR
V	424735	VEB
V	424804	ARS
V	424873	AUD
V	424942	BRL
V	425010	CAD
V	425079	CNY
V	425148	EUR
V	425217	GBP
V	425286	JPY
V	425357	MXN
V	425425	SAR
V	425494	VEB
V	425565	ARS
V	425634	AUD
V	425703	BRL
V	425770	CAD
V	425839	CNY
V	425908	EUR
V	425977	GBP
V	426046	JPY
V	426117	MXN
V	426185	SAR
V	426254	VEB
V	426325	ARS
V	426394	AUD
V	426463	BRL
V	426529	CAD
V	426597	CNY
V	426666	EUR
V	426735	GBP
V	426804	JPY
V	426875	MXN
V	426944	SAR
V	427013	VEB
V	427084	ARS
V	427153	AUD
V	427222	BRL
V	427290	CAD
V	427358	CNY
V	427426	EUR
V	427495	GBP
V	427564	JPY
V	427635	MXN
V	427704	SAR
V	427773	VEB
V	427842	ARS
V	427911	AUD
V	427980	BRL
V	428049	CAD
V	428118	CNY
V	428187	EUR
V	428256	GBP
V	428325	JPY
V	428396	MXN
V	428464	SAR
V	428532	VEB
V	428603	ARS
V	428667	AUD
V	428735	BRL
V	428804	CAD
V	428873	CNY
V	428942	EUR
V	429011	GBP
V	429080	JPY
V	429152	MXN
V	429220	SAR
V	429289	VEB
V	429357	ARS
V	429426	AUD
V	429494	BRL
V	429561	CAD
V	429630	CNY
V	429699	EUR
V	429768	GBP
V	429837	JPY
V	429909	MXN
V	429977	SAR
V	430046	VEB
V	430114	ARS
V	430183	AUD
V	430252	BRL
V	430320	CAD
V	430389	CNY
V	430458	EUR
V	430527	GBP
V	430596	JPY
V	430667	MXN
V	430736	SAR
V	430805	VEB
V	430873	ARS
V	430941	AUD
V	431010	BRL
V	431077	CAD
V	431146	CNY
V	431215	EUR
V	431284	GBP
V	431352	JPY
V	431423	MXN
V	431491	SAR
V	431559	VEB
V	431630	ARS
V	431699	AUD
V	431768	BRL
V	431833	CAD
V	431901	CNY
V	431970	EUR
V	432039	GBP
V	432108	JPY
V	432178	MXN
V	432245	SAR
V	432314	VEB
V	432383	ARS
V	432452	AUD
V	432521	BRL
V	432588	CAD
V	432657	CNY
V	432726	EUR
V	432794	GBP
V	432863	JPY
V	432933	MXN
V	433000	SAR
V	433068	VEB
V	433139	ARS
V	433208	AUD
V	433276	BRL
V	433343	CAD
V	433412	CNY
V	433481	EUR
V	433550	GBP
V	433619	JPY
V	433689	MXN
V	433758	SAR
V	433827	VEB
V	433895	ARS
V	433964	AUD
V	434033	BRL
V	434101	CAD
V	434170	CNY
V	434239	EUR
V	434308	GBP
V	434377	JPY
V	434448	MXN
V	434517	SAR
V	434586	VEB
V	434654	ARS
V	434718	AUD
V	434787	BRL
V	434855	CAD
V	434924	CNY
V	434993	EUR
V	435062	GBP
V	435131	JPY
V	435201	MXN
V	435269	SAR
V	435338	VEB
V	435409	ARS
V	435478	AUD
V	435547	BRL
V	435616	CAD
V	435685	CNY
V	435754	EUR
V	435823	GBP
V	435892	JPY
V	435963	MXN
V	436031	SAR
V	436100	VEB
V	436171	ARS
V	436234	AUD
V	436303	BRL
V	436370	CAD
V	436439	CNY
V	436508	EUR
V	436577	GBP
V	436646	JPY
V	436716	MXN
V	436785	SAR
V	436854	VEB
V	436924	ARS
V	436991	AUD
V	437060	BRL
V	437128	CAD
V	437197	CNY
V	437266	EUR
V	437335	GBP
V	437404	JPY
V	437474	MXN
V	437541	SAR
V	437608	VEB
V	437678	ARS
V	437746	AUD
V	437815	BRL
V	437883	CAD
V	437952	CNY
V	438021	EUR
V	438090	GBP
V	438159	JPY
V	438230	MXN
V	438297	SAR
V	438366	VEB
V	438433	ARS
V	438501	AUD
V	438570	BRL
V	438638	CAD
V	438707	CNY
V	438776	EUR
V	438845	GBP
V	438914	JPY
V	438985	MXN
V	439052	SAR
V	439121	VEB
V	439189	ARS
V	439258	AUD
V	439327	BRL
V	439395	CAD
V	439464	CNY
V	439533	EUR
V	439601	GBP
V	439670	JPY
V	439741	MXN
V	439810	SAR
V	439879	VEB
V	439950	ARS
V	440018	AUD
V	440087	BRL
V	440154	CAD
V	440223	CNY
V	440292	EUR
V	440361	GBP
V	440430	JPY
V	440501	MXN
V	440568	SAR
V	440637	VEB
V	440705	ARS
V	440774	AUD
V	440843	BRL
V	440910	CAD
V	440979	CNY
V	441048	EUR
V	441117	GBP
V	441186	JPY
V	441256	MXN
V	441325	SAR
V	441394	VEB
V	441464	ARS
V	441533	AUD
V	441602	BRL
V	441669	CAD
V	441737	CNY
V	441806	EUR
V	441875	GBP
V	441944	JPY
V	442015	MXN
V	442083	SAR
V	442152	VEB
V	442220	ARS
V	442289	AUD
V	442356	BRL
V	442424	CAD
V	442492	CNY
V	442560	EUR
V	442629	GBP
V	442698	JPY
V	442768	MXN
V	442836	SAR
V	442904	VEB
V	442975	ARS
V	443044	AUD
V	443113	BRL
V	443181	CAD
V	443249	CNY
V	443318	EUR
V	443387	GBP
V	443456	JPY
V	443527	MXN
V	443595	SAR
V	443664	VEB
V	443732	ARS
V	443796	AUD
V	443865	BRL
V	443934	CAD
V	444001	CNY
V	444070	EUR
V	444138	GBP
V	444207	JPY
V	444278	MXN
V	444347	SAR
V	444416	VEB
V	444487	ARS
V	444556	AUD
V	444625	BRL
V	444693	CAD
V	444761	CNY
V	444830	EUR
V	444899	GBP
V	444968	JPY
V	445039	MXN
V	445108	SAR
V	445177	VEB
V	445246	ARS
V	445315	AUD
V	445384	BRL
V	445452	CAD
V	445521	CNY
V	445590	EUR
V	445659	GBP
V	445728	JPY
V	445800	MXN
V	445867	SAR
V	445936	VEB
V	446008	ARS
V	446076	AUD
V	446145	BRL
V	446213	CAD
V	446282	CNY
V	446351	EUR
V	446420	GBP
V	446489	JPY
V	446559	MXN
V	446628	SAR
V	446697	VEB
V	446765	ARS
V	446834	AUD
V	446903	BRL
V	446970	CAD
V	447039	CNY
V	447108	EUR
V	447177	GBP
V	447246	JPY
V	447318	MXN
V	447385	SAR
V	447454	VEB
V	447521	ARS
V	447590	AUD
V	447659	BRL
V	447727	CAD
V	447796	CNY
V	447865	EUR
V	447934	GBP
V	448002	JPY
V	448071	MXN
V	448138	SAR
V	448207	VEB
V	448275	ARS
V	448344	AUD
V	448413	BRL
V	448480	CAD
V	448549	CNY
V	448617	EUR
V	448686	GBP
V	448754	JPY
V	448823	MXN
V	448890	SAR
V	448959	VEB
V	449029	ARS
V	449098	AUD
V	449167	BRL
V	449234	CAD
V	449303	CNY
V	449372	EUR
V	449441	GBP
V	449510	JPY
V	449581	MXN
V	449648	SAR
V	449716	VEB
V	449784	ARS
V	449853	AUD
V	449922	BRL
V	449989	CAD
V	450058	CNY
V	450127	EUR
V	450196	GBP
V	450265	JPY
V	450336	MXN
V	450405	SAR
V	450474	VEB
V	450547	ARS
V	450611	AUD
V	450680	BRL
V	450747	CAD
V	450815	CNY
V	450883	EUR
V	450952	GBP
V	451021	JPY
V	451092	MXN
V	451161	SAR
V	451230	VEB
V	451298	ARS
V	451362	AUD
V	451431	BRL
V	451500	CAD
V	451569	CNY
V	451638	EUR
V	451707	GBP
V	451776	JPY
V	451847	MXN
V	451916	SAR
V	451985	VEB
V	452058	ARS
V	452127	AUD
V	452196	BRL
V	452263	CAD
V	452332	CNY
V	452401	EUR
V	452470	GBP
V	452539	JPY
V	452609	MXN
V	452676	SAR
V	452745	VEB
V	452818	ARS
V	452887	AUD
V	452956	BRL
V	453023	CAD
V	453092	CNY
V	453161	EUR
V	453230	GBP
V	453299	JPY
V	453369	MXN
V	453437	SAR
V	453506	VEB
V	453577	ARS
V	453646	AUD
V	453715	BRL
V	453783	CAD
V	453852	CNY
V	453921	EUR
V	453990	GBP
V	454059	JPY
V	454130	MXN
V	454198	SAR
V	454267	VEB
V	454340	ARS
V	454409	AUD
V	454478	BRL
V	454545	CAD
V	454613	CNY
V	454682	EUR
V	454751	GBP
V	454820	JPY
V	454892	MXN
V	454961	SAR
V	455030	VEB
V	455101	ARS
V	455170	AUD
V	455237	BRL
V	455306	CAD
V	455373	CNY
V	455442	EUR
V	455511	GBP
V	455579	JPY
V	455651	MXN
V	455718	SAR
V	455787	VEB
V	455857	ARS
V	455926	AUD
V	455995	BRL
V	456063	CAD
V	456132	CNY
V	456199	EUR
V	456268	GBP
V	456337	JPY
V	456408	MXN
V	456476	SAR
V	456545	VEB
V	456615	ARS
V	456684	AUD
V	456753	BRL
V	456821	CAD
V	456889	CNY
V	456958	EUR
V	457027	GBP
V	457096	JPY
V	457166	MXN
V	457235	SAR
V	457304	VEB
V	457373	ARS
V	457442	AUD
V	457511	BRL
V	457579	CAD
V	457645	CNY
V	457714	EUR
V	457782	GBP
V	457851	JPY
V	457923	MXN
V	457990	SAR
V	458059	VEB
V	458125	ARS
V	458194	AUD
V	458263	BRL
V	458331	CAD
V	458400	CNY
V	458469	EUR
V	458538	GBP
V	458607	JPY
V	458676	MXN
V	458744	SAR
V	458813	VEB
V	458881	ARS
V	458950	AUD
V	459019	BRL
V	459087	CAD
V	459156	CNY
V	459225	EUR
V	459293	GBP
V	459362	JPY
V	459433	MXN
V	459502	SAR
V	459571	VEB
V	459637	ARS
V	459705	AUD
V	459774	BRL
V	459843	CAD
V	459912	CNY
V	459981	EUR
V	460050	GBP
V	460119	JPY
V	460190	MXN
V	460259	SAR
V	460328	VEB
V	460398	ARS
V	460467	AUD
V	460536	BRL
V	460605	CAD
V	460674	CNY
V	460743	EUR
V	460812	GBP
V	460881	JPY
V	460951	MXN
V	461017	SAR
V	461086	VEB
V	461156	ARS
V	461225	AUD
V	461294	BRL
V	461362	CAD
V	461431	CNY
V	461500	EUR
V	461569	GBP
V	461638	JPY
V	461708	MXN
V	461776	SAR
V	461844	VEB
V	461910	ARS
V	461979	AUD
V	462048	BRL
V	462117	CAD
V	462186	CNY
V	462255	EUR
V	462324	GBP
V	462393	JPY
V	462465	MXN
V	462534	SAR
V	462603	VEB
V	462674	ARS
V	462743	AUD
V	462812	BRL
V	462880	CAD
V	462948	CNY
V	463017	EUR
V	463086	GBP
V	463155	JPY
V	463226	MXN
V	463295	SAR
V	463364	VEB
V	463430	ARS
V	463499	AUD
V	463568	BRL
V	463636	CAD
V	463704	CNY
V	463773	EUR
V	463842	GBP
V	463911	JPY
V	463980	MXN
V	464049	SAR
V	464118	VEB
V	464186	ARS
V	464255	AUD
V	464323	BRL
V	464390	CAD
V	464459	CNY
V	464528	EUR
V	464597	GBP
V	464665	JPY
V	464735	MXN
V	464803	SAR
V	464872	VEB
V	464940	ARS
V	465009	AUD
V	465077	BRL
V	465145	CAD
V	465214	CNY
V	465283	EUR
V	465352	GBP
V	465421	JPY
V	465491	MXN
V	465558	SAR
V	465627	VEB
V	465698	ARS
V	465767	AUD
V	465836	BRL
V	465902	CAD
V	465970	CNY
V	466038	EUR
V	466107	GBP
V	466176	JPY
V	466246	MXN
V	466314	SAR
V	466382	VEB
V	466451	ARS
V	466520	AUD
V	466589	BRL
V	466657	CAD
V	466726	CNY
V	466795	EUR
V	466864	GBP
V	466933	JPY
V	467004	MXN
V	467072	SAR
V	467141	VEB
V	467212	ARS
V	467281	AUD
V	467350	BRL
V	467419	CAD
V	467488	CNY
V	467557	EUR
V	467625	GBP
V	467694	JPY
V	467765	MXN
V	467834	SAR
V	467903	VEB
V	467972	ARS
V	468041	AUD
V	468110	BRL
V	468176	CAD
V	468245	CNY
V	468314	EUR
V	468383	GBP
V	468451	JPY
V	468520	MXN
V	468586	SAR
V	468655	VEB
V	468724	ARS
V	468793	AUD
V	468862	BRL
V	468930	CAD
V	468998	CNY
V	469067	EUR
V	469136	GBP
V	469205	JPY
V	469275	MXN
V	469342	SAR
V	469411	VEB
V	469482	ARS
V	469551	AUD
V	469620	BRL
V	469688	CAD
V	469757	CNY
V	469826	EUR
V	469895	GBP
V	469964	JPY
V	470035	MXN
V	470101	SAR
V	470170	VEB
V	470241	ARS
V	470310	AUD
V	470378	BRL
V	470446	CAD
V	470514	CNY
V	470583	EUR
V	470652	GBP
V	470721	JPY
V	470792	MXN
V	470858	SAR
V	470927	VEB
V	470998	ARS
V	471067	AUD
V	471136	BRL
V	471204	CAD
V	471272	CNY
V	471340	EUR
V	471409	GBP
V	471478	JPY
V	471549	MXN
V	471616	SAR
V	471685	VEB
V	471756	ARS
V	471824	AUD
V	471893	BRL
V	471962	CAD
V	472031	CNY
V	472100	EUR
V	472169	GBP
V	472238	JPY
V	472310	MXN
V	472378	SAR
V	472447	VEB
V	472516	ARS
V	472585	AUD
V	472654	BRL
V	472722	CAD
V	472791	CNY
V	472860	EUR
V	472928	GBP
V	472996	JPY
V	473068	MXN
V	473136	SAR
V	473205	VEB
V	473274	ARS
V	473342	AUD
V	473409	BRL
V	473477	CAD
V	473546	CNY
V	473615	EUR
V	473684	GBP
V	473753	JPY
V	473823	MXN
V	473891	SAR
V	473960	VEB
V	474031	ARS
V	474100	AUD
V	474169	BRL
V	474237	CAD
V	474305	CNY
V	474374	EUR
V	474443	GBP
V	474512	JPY
V	474582	MXN
V	474650	SAR
V	474719	VEB
V	474787	ARS
V	474856	AUD
V	474925	BRL
V	474994	CAD
V	475063	CNY
V	475132	EUR
V	475200	GBP
V	475269	JPY
V	475339	MXN
V	475407	SAR
V	475476	VEB
V	475544	ARS
V	475613	AUD
V	475682	BRL
V	475750	CAD
V	475819	CNY
V	475888	EUR
V	475957	GBP
V	476025	JPY
V	476095	MXN
V	476163	SAR
V	476232	VEB
V	476303	ARS
V	476372	AUD
V	476441	BRL
V	476509	CAD
V	476578	CNY
V	476647	EUR
V	476716	GBP
V	476785	JPY
V	476856	MXN
V	476923	SAR
V	476992	VEB
V	477060	ARS
V	477129	AUD
V	477198	BRL
V	477267	CAD
V	477334	CNY
V	477403	EUR
V	477472	GBP
V	477541	JPY
V	477612	MXN
V	477681	SAR
V	477750	VEB
V	477813	ARS
V	477882	AUD
V	477951	BRL
V	478019	CAD
V	478088	CNY
V	478157	EUR
V	478226	GBP
V	478295	JPY
V	478366	MXN
V	478434	SAR
V	478503	VEB
V	478574	ARS
V	478643	AUD
V	478712	BRL
V	478780	CAD
V	478849	CNY
V	478918	EUR
V	478987	GBP
V	479056	JPY
V	479126	MXN
V	479194	SAR
V	479263	VEB
V	479332	ARS
V	479401	AUD
V	479469	BRL
V	479535	CAD
V	479604	CNY
V	479673	EUR
V	479742	GBP
V	479811	JPY
V	479881	MXN
V	479949	SAR
V	480018	VEB
V	480086	ARS
V	480155	AUD
V	480224	BRL
V	480292	CAD
V	480361	CNY
V	480430	EUR
V	480499	GBP
V	480568	JPY
V	480639	MXN
V	480707	SAR
V	480776	VEB
V	480847	ARS
V	480916	AUD
V	480984	BRL
V	481050	CAD
V	481118	CNY
V	481187	EUR
V	481256	GBP
V	481325	JPY
V	481396	MXN
V	481465	SAR
V	481534	VEB
V	481605	ARS
V	481674	AUD
V	481742	BRL
V	481809	CAD
V	481878	CNY
V	481947	EUR
V	482016	GBP
V	482085	JPY
V	482155	MXN
V	482223	SAR
V	482292	VEB
V	482362	ARS
V	482431	AUD
V	482500	BRL
V	482567	CAD
V	482636	CNY
V	482705	EUR
V	482773	GBP
V	482840	JPY
V	482910	MXN
V	482978	SAR
V	483047	VEB
V	483116	ARS
V	483185	AUD
V	483253	BRL
V	483321	CAD
V	483390	CNY
V	483459	EUR
V	483528	GBP
V	483597	JPY
V	483668	MXN
V	483736	SAR
V	483805	VEB
V	483874	ARS
V	483942	AUD
V	484010	BRL
V	484078	CAD
V	484147	CNY
V	484216	EUR
V	484285	GBP
V	484353	JPY
V	484423	MXN
V	484491	SAR
V	484560	VEB
V	484631	ARS
V	484699	AUD
V	484768	BRL
V	484837	CAD
V	484906	CNY
V	484975	EUR
V	485044	GBP
V	485112	JPY
V	485182	MXN
V	485251	SAR
V	485320	VEB
V	485389	ARS
V	485457	AUD
V	485526	BRL
V	485594	CAD
V	485663	CNY
V	485732	EUR
V	485801	GBP
V	485869	JPY
V	485938	MXN
V	486007	SAR
V	486076	VEB
V	486147	ARS
V	486216	AUD
V	486285	BRL
V	486354	CAD
V	486423	CNY
V	486492	EUR
V	486559	GBP
V	486627	JPY
V	486696	MXN
V	486764	SAR
V	486833	VEB
V	486901	ARS
V	486970	AUD
V	487039	BRL
V	487104	CAD
V	487172	CNY
V	487241	EUR
V	487310	GBP
V	487379	JPY
V	487451	MXN
V	487519	SAR
V	487587	VEB
V	487657	ARS
V	487726	AUD
V	487795	BRL
V	487863	CAD
V	487932	CNY
V	488001	EUR
V	488070	GBP
V	488139	JPY
V	488210	MXN
V	488279	SAR
V	488348	VEB
V	488418	ARS
V	488487	AUD
V	488556	BRL
V	488622	CAD
V	488691	CNY
V	488760	EUR
V	488829	GBP
V	488898	JPY
V	488968	MXN
V	489035	SAR
V	489104	VEB
V	489175	ARS
V	489244	AUD
V	489313	BRL
V	489381	CAD
V	489450	CNY
V	489519	EUR
V	489588	GBP
V	489654	JPY
V	489724	MXN
V	489793	SAR
V	489862	VEB
V	489933	ARS
V	490002	AUD
V	490070	BRL
V	490138	CAD
V	490207	CNY
V	490276	EUR
V	490345	GBP
V	490414	JPY
V	490485	MXN
V	490554	SAR
V	490623	VEB
V	490694	ARS
V	490763	AUD
V	490832	BRL
V	490900	CAD
V	490969	CNY
V	491038	EUR
V	491107	GBP
V	491176	JPY
V	491246	MXN
V	491314	SAR
V	491383	VEB
V	491452	ARS
V	491521	AUD
V	491590	BRL
V	491659	CAD
V	491728	CNY
V	491797	EUR
V	491866	GBP
V	491935	JPY
V	492006	MXN
V	492074	SAR
V	492143	VEB
V	492210	ARS
V	492279	AUD
V	492348	BRL
V	492414	CAD
V	492483	CNY
V	492552	EUR
V	492621	GBP
V	492689	JPY
V	492760	MXN
V	492828	SAR
V	492897	VEB
V	492968	ARS
V	493036	AUD
V	493105	BRL
V	493173	CAD
V	493242	CNY
V	493311	EUR
V	493380	GBP
V	493449	JPY
V	493519	MXN
V	493588	SAR
V	493657	VEB
V	493723	ARS
V	493792	AUD
V	493861	BRL
V	493929	CAD
V	493998	CNY
V	494067	EUR
V	494136	GBP
V	494205	JPY
V	494274	MXN
V	494343	SAR
V	494412	VEB
V	494481	ARS
V	494550	AUD
V	494619	BRL
V	494687	CAD
V	494755	CNY
V	494824	EUR
V	494893	GBP
V	494961	JPY
V	495032	MXN
V	495101	SAR
V	495170	VEB
V	495241	ARS
V	495309	AUD
V	495377	BRL
V	495445	CAD
V	495514	CNY
V	495583	EUR
V	495652	GBP
V	495721	JPY
V	495791	MXN
V	495860	SAR
V	495929	VEB
V	496000	ARS
V	496069	AUD
V	496138	BRL
V	496205	CAD
V	496274	CNY
V	496343	EUR
V	496412	GBP
V	496480	JPY
V	496551	MXN
V	496620	SAR
V	496689	VEB
V	496760	ARS
V	496829	AUD
V	496898	BRL
V	496967	CAD
V	497034	CNY
V	497103	EUR
V	497171	GBP
V	497239	JPY
V	497310	MXN
V	497378	SAR
V	497447	VEB
V	497518	ARS
V	497587	AUD
V	497656	BRL
V	497723	CAD
V	497792	CNY
V	497861	EUR
V	497930	GBP
V	497999	JPY
V	498070	MXN
V	498138	SAR
V	498207	VEB
V	498278	ARS
V	498342	AUD
V	498411	BRL
V	498480	CAD
V	498549	CNY
V	498618	EUR
V	498687	GBP
V	498756	JPY
V	498828	MXN
V	498897	SAR
V	498966	VEB
V	499037	ARS
V	499106	AUD
V	499175	BRL
V	499243	CAD
V	499312	CNY
V	499381	EUR
V	499449	GBP
V	499518	JPY
V	499590	MXN
V	499659	SAR
V	499728	VEB
V	499797	ARS
V	499866	AUD
V	499935	BRL
V	500004	CAD
V	500073	CNY
V	500142	EUR
V	500211	GBP
V	500277	JPY
V	500349	MXN
V	500418	SAR
V	500487	VEB
V	500557	ARS
V	500625	AUD
V	500693	BRL
V	500759	CAD
V	500828	CNY
V	500897	EUR
V	500966	GBP
V	501035	JPY
V	501105	MXN
V	501173	SAR
V	501242	VEB
V	501310	ARS
V	501379	AUD
V	501446	BRL
V	501515	CAD
V	501584	CNY
V	501653	EUR
V	501722	GBP
V	501788	JPY
V	501857	MXN
V	501925	SAR
V	501994	VEB
V	502064	ARS
V	502133	AUD
V	502202	BRL
V	502270	CAD
V	502337	CNY
V	502406	EUR
V	502475	GBP
V	502544	JPY
V	502615	MXN
V	502684	SAR
V	502753	VEB
V	502822	ARS
V	502886	AUD
V	502955	BRL
V	503022	CAD
V	503091	CNY
V	503159	EUR
V	503228	GBP
V	503296	JPY
V	503367	MXN
V	503436	SAR
V	503505	VEB
V	503575	ARS
V	503644	AUD
V	503713	BRL
V	503782	CAD
V	503851	CNY
V	503920	EUR
V	503989	GBP
V	504058	JPY
V	504128	MXN
V	504197	SAR
V	504266	VEB
V	504337	ARS
V	504406	AUD
V	504474	BRL
V	504543	CAD
V	504612	CNY
V	504681	EUR
V	504749	GBP
V	504818	JPY
V	504889	MXN
V	504956	SAR
V	505025	VEB
V	505095	ARS
V	505164	AUD
V	505231	BRL
V	505299	CAD
V	505368	CNY
V	505437	EUR
V	505506	GBP
V	505575	JPY
V	505645	MXN
V	505712	SAR
V	505781	VEB
V	505849	ARS
V	505918	AUD
V	505985	BRL
V	506052	CAD
V	506121	CNY
V	506190	EUR
V	506259	GBP
V	506328	JPY
V	506398	MXN
V	506466	SAR
V	506535	VEB
V	506605	ARS
V	506674	AUD
V	506743	BRL
V	506810	CAD
V	506878	CNY
V	506947	EUR
V	507015	GBP
V	507084	JPY
V	507153	MXN
V	507220	SAR
V	507289	VEB
V	507357	ARS
V	507426	AUD
V	507494	BRL
V	507560	CAD
V	507629	CNY
V	507698	EUR
V	507767	GBP
V	507836	JPY
V	507906	MXN
V	507974	SAR
V	508043	VEB
V	508111	ARS
V	508180	AUD
V	508249	BRL
V	508318	CAD
V	508387	CNY
V	508456	EUR
V	508524	GBP
V	508593	JPY
V	508663	MXN
V	508730	SAR
V	508799	VEB
V	508870	ARS
V	508939	AUD
V	509007	BRL
V	509075	CAD
V	509144	CNY
V	509213	EUR
V	509282	GBP
V	509351	JPY
V	509422	MXN
V	509488	SAR
V	509557	VEB
V	509626	ARS
V	509694	AUD
V	509763	BRL
V	509831	CAD
V	509900	CNY
V	509969	EUR
V	510038	GBP
V	510107	JPY
V	510178	MXN
V	510247	SAR
V	510316	VEB
V	510387	ARS
V	510456	AUD
V	510525	BRL
V	510592	CAD
V	510661	CNY
V	510730	EUR
V	510799	GBP
V	510868	JPY
V	510939	MXN
V	511008	SAR
V	511077	VEB
V	511148	ARS
V	511217	AUD
V	511286	BRL
V	511353	CAD
V	511422	CNY
V	511491	EUR
V	511560	GBP
V	511629	JPY
V	511699	MXN
V	511767	SAR
V	511836	VEB
V	511907	ARS
V	511976	AUD
V	512045	BRL
V	512113	CAD
V	512180	CNY
V	512249	EUR
V	512317	GBP
V	512386	JPY
V	512457	MXN
V	512524	SAR
V	512593	VEB
V	512664	ARS
V	512733	AUD
V	512802	BRL
V	512868	CAD
V	512937	CNY
V	513006	EUR
V	513075	GBP
V	513144	JPY
V	513215	MXN
V	513283	SAR
V	513352	VEB
V	513423	ARS
V	513492	AUD
V	513561	BRL
V	513630	CAD
V	513699	CNY
V	513768	EUR
V	513837	GBP
V	513906	JPY
V	513976	MXN
V	514044	SAR
V	514113	VEB
V	514184	ARS
V	514253	AUD
V	514321	BRL
V	514389	CAD
V	514457	CNY
V	514526	EUR
V	514595	GBP
V	514664	JPY
V	514737	MXN
V	514805	SAR
V	514873	VEB
V	514942	ARS
V	515011	AUD
V	515080	BRL
V	515149	CAD
V	515218	CNY
V	515287	EUR
V	515356	GBP
V	515425	JPY
V	515497	MXN
V	515563	SAR
V	515632	VEB
V	515703	ARS
V	515771	AUD
V	515840	BRL
V	515907	CAD
V	515976	CNY
V	516044	EUR
V	516113	GBP
V	516182	JPY
V	516253	MXN
V	516322	SAR
V	516391	VEB
V	516459	ARS
V	516527	AUD
V	516595	BRL
V	516662	CAD
V	516731	CNY
V	516800	EUR
V	516869	GBP
V	516938	JPY
V	517008	MXN
V	517077	SAR
V	517145	VEB
V	517213	ARS
V	517281	AUD
V	517350	BRL
V	517417	CAD
V	517486	CNY
V	517555	EUR
V	517624	GBP
V	517693	JPY
V	517763	MXN
V	517832	SAR
V	517901	VEB
V	517967	ARS
V	518036	AUD
V	518104	BRL
V	518173	CAD
V	518242	CNY
V	518311	EUR
V	518379	GBP
V	518448	JPY
V	518519	MXN
V	518588	SAR
V	518657	VEB
V	518723	ARS
V	518792	AUD
V	518861	BRL
V	518930	CAD
V	518999	CNY
V	519068	EUR
V	519137	GBP
V	519206	JPY
V	519276	MXN
V	519344	SAR
V	519413	VEB
V	519481	ARS
V	519550	AUD
V	519619	BRL
V	519688	CAD
V	519757	CNY
V	519826	EUR
V	519895	GBP
V	519964	JPY
V	520034	MXN
V	520102	SAR
V	520171	VEB
V	520239	ARS
V	520307	AUD
V	520376	BRL
V	520443	CAD
V	520512	CNY
V	520581	EUR
V	520650	GBP
V	520719	JPY
V	520790	MXN
V	520858	SAR
V	520927	VEB
V	520993	ARS
V	521061	AUD
V	521130	BRL
V	521198	CAD
V	521267	CNY
V	521336	EUR
V	521405	GBP
V	521474	JPY
V	521545	MXN
V	521614	SAR
V	521682	VEB
V	521745	ARS
V	521812	AUD
V	521881	BRL
V	521949	CAD
V	522018	CNY
V	522087	EUR
V	522156	GBP
V	522225	JPY
V	522294	MXN
V	522362	SAR
V	522430	VEB
V	522496	ARS
V	522564	AUD
V	522632	BRL
V	522700	CAD
V	522769	CNY
V	522838	EUR
V	522907	GBP
V	522976	JPY
V	523047	MXN
V	523116	SAR
V	523185	VEB
V	523253	ARS
V	523322	AUD
V	523391	BRL
V	523460	CAD
V	523529	CNY
V	523598	EUR
V	523667	GBP
V	523736	JPY
V	523807	MXN
V	523874	SAR
V	523942	VEB
V	524008	ARS
V	524077	AUD
V	524145	BRL
V	524214	CAD
V	524283	CNY
V	524352	EUR
V	524421	GBP
V	524490	JPY
V	524560	MXN
V	524629	SAR
V	524698	VEB
V	524766	ARS
V	524835	AUD
V	524904	BRL
V	524972	CAD
V	525041	CNY
V	525110	EUR
V	525178	GBP
V	525246	JPY
V	525317	MXN
V	525384	SAR
V	525453	VEB
V	525524	ARS
V	525593	AUD
V	525661	BRL
V	525728	CAD
V	525797	CNY
V	525866	EUR
V	525935	GBP
V	526004	JPY
V	526075	MXN
V	526143	SAR
V	526212	VEB
V	526282	ARS
V	526351	AUD
V	526420	BRL
V	526487	CAD
V	526556	CNY
V	526625	EUR
V	526693	GBP
V	526762	JPY
V	526831	MXN
V	526900	SAR
V	526969	VEB
V	527037	ARS
V	527106	AUD
V	527175	BRL
V	527243	CAD
V	527312	CNY
V	527381	EUR
V	527449	GBP
V	527518	JPY
V	527587	MXN
V	527656	SAR
V	527725	VEB
V	527793	ARS
V	527862	AUD
V	527931	BRL
V	527998	CAD
V	528067	CNY
V	528136	EUR
V	528205	GBP
V	528274	JPY
V	528344	MXN
V	528412	SAR
V	528481	VEB
V	528549	ARS
V	528613	AUD
V	528681	BRL
V	528749	CAD
V	528817	CNY
V	528886	EUR
V	528954	GBP
V	529023	JPY
V	529095	MXN
V	529164	SAR
V	529233	VEB
V	529301	ARS
V	529370	AUD
V	529438	BRL
V	529507	CAD
V	529576	CNY
V	529645	EUR
V	529714	GBP
V	529782	JPY
V	529852	MXN
V	529919	SAR
V	529988	VEB
V	530059	ARS
V	530128	AUD
V	530197	BRL
V	530266	CAD
V	530335	CNY
V	530404	EUR
V	530473	GBP
V	530542	JPY
V	530612	MXN
V	530678	SAR
V	530747	VEB
V	530818	ARS
V	530887	AUD
V	530956	BRL
V	531024	CAD
V	531093	CNY
V	531162	EUR
V	531231	GBP
V	531300	JPY
V	531371	MXN
V	531438	SAR
V	531507	VEB
V	531573	ARS
V	531642	AUD
V	531711	BRL
V	531779	CAD
V	531848	CNY
V	531917	EUR
V	531986	GBP
V	532053	JPY
V	532124	MXN
V	532190	SAR
V	532259	VEB
V	532327	ARS
V	532396	AUD
V	532464	BRL
V	532532	CAD
V	532601	CNY
V	532670	EUR
V	532739	GBP
V	532808	JPY
V	532878	MXN
V	532944	SAR
V	533013	VEB
V	533079	ARS
V	533147	AUD
V	533216	BRL
V	533284	CAD
V	533353	CNY
V	533422	EUR
V	533491	GBP
V	533560	JPY
V	533631	MXN
V	533697	SAR
V	533766	VEB
V	533829	ARS
V	533898	AUD
V	533967	BRL
V	534036	CAD
V	534105	CNY
V	534174	EUR
V	534243	GBP
V	534312	JPY
V	534383	MXN
V	534449	SAR
V	534518	VEB
V	534589	ARS
V	534658	AUD
V	534727	BRL
V	534795	CAD
V	534864	CNY
V	534933	EUR
V	535002	GBP
V	535071	JPY
V	535143	MXN
V	535210	SAR
V	535279	VEB
V	535349	ARS
V	535417	AUD
V	535486	BRL
V	535554	CAD
V	535623	CNY
V	535692	EUR
V	535761	GBP
V	535829	JPY
V	535899	MXN
V	535966	SAR
V	536035	VEB
V	536108	ARS
V	536177	AUD
V	536246	BRL
V	536314	CAD
V	536383	CNY
V	536452	EUR
V	536521	GBP
V	536590	JPY
V	536660	MXN
V	536724	SAR
V	536793	VEB
V	536862	ARS
V	536931	AUD
V	536999	BRL
V	537067	CAD
V	537136	CNY
V	537205	EUR
V	537274	GBP
V	537343	JPY
V	537413	MXN
V	537480	SAR
V	537549	VEB
V	537615	ARS
V	537684	AUD
V	537753	BRL
V	537821	CAD
V	537890	CNY
V	537959	EUR
V	538028	GBP
V	538097	JPY
V	538168	MXN
V	538235	SAR
V	538304	VEB
V	538370	ARS
V	538439	AUD
V	538508	BRL
V	538577	CAD
V	538646	CNY
V	538715	EUR
V	538784	GBP
V	538852	JPY
V	538919	MXN
V	538985	SAR
V	539054	VEB
V	539122	ARS
V	539191	AUD
V	539260	BRL
V	539328	CAD
V	539396	CNY
V	539464	EUR
V	539532	GBP
V	539601	JPY
V	539672	MXN
V	539736	SAR
V	539805	VEB
V	539876	ARS
V	539945	AUD
V	540014	BRL
V	540082	CAD
V	540150	CNY
V	540219	EUR
V	540287	GBP
V	540356	JPY
V	540427	MXN
V	540492	SAR
V	540561	VEB
V	540634	ARS
V	540703	AUD
V	540772	BRL
V	540840	CAD
V	540909	CNY
V	540978	EUR
V	541047	GBP
V	541115	JPY
V	541185	MXN
V	541253	SAR
V	541322	VEB
V	541390	ARS
V	541459	AUD
V	541527	BRL
V	541596	CAD
V	541665	CNY
V	541734	EUR
V	541801	GBP
V	541870	JPY
V	541941	MXN
V	542009	SAR
V	542078	VEB
V	542149	ARS
V	542218	AUD
V	542286	BRL
V	542354	CAD
V	542422	CNY
V	542490	EUR
V	542559	GBP
V	542628	JPY
V	542698	MXN
V	542765	SAR
V	542834	VEB
V	542905	ARS
V	542974	AUD
V	543043	BRL
V	543111	CAD
V	543180	CNY
V	543248	EUR
V	543317	GBP
V	543386	JPY
V	543456	MXN
V	543524	SAR
V	543593	VEB
V	543664	ARS
V	543733	AUD
V	543802	BRL
V	543871	CAD
V	543940	CNY
V	544009	EUR
V	544075	GBP
V	544144	JPY
V	544214	MXN
V	544281	SAR
V	544350	VEB
V	544421	ARS
V	544490	AUD
V	544558	BRL
V	544626	CAD
V	544695	CNY
V	544764	EUR
V	544833	GBP
V	544902	JPY
V	544972	MXN
V	545040	SAR
V	545109	VEB
V	545178	ARS
V	545247	AUD
V	545315	BRL
V	545384	CAD
V	545453	CNY
V	545522	EUR
V	545591	GBP
V	545660	JPY
V	545730	MXN
V	545798	SAR
V	545867	VEB
V	545936	ARS
V	546005	AUD
V	546073	BRL
V	546142	CAD
V	546211	CNY
V	546280	EUR
V	546349	GBP
V	546418	JPY
V	546488	MXN
V	546557	SAR
V	546626	VEB
V	546695	ARS
V	546764	AUD
V	546832	BRL
V	546901	CAD
V	546970	CNY
V	547039	EUR
V	547108	GBP
V	547177	JPY
V	547247	MXN
V	547315	SAR
V	547384	VEB
V	547455	ARS
V	547524	AUD
V	547593	BRL
V	547660	CAD
V	547729	CNY
V	547798	EUR
V	547867	GBP
V	547935	JPY
V	548005	MXN
V	548073	SAR
V	548142	VEB
V	548210	ARS
V	548279	AUD
V	548348	BRL
V	548416	CAD
V	548485	CNY
V	548554	EUR
V	548623	GBP
V	548692	JPY
V	548762	MXN
V	548830	SAR
V	548899	VEB
V	548967	ARS
V	549036	AUD
V	549104	BRL
V	549170	CAD
V	549239	CNY
V	549308	EUR
V	549377	GBP
V	549446	JPY
V	549516	MXN
V	549585	SAR
V	549654	VEB
V	549720	ARS
V	549789	AUD
V	549858	BRL
V	549925	CAD
V	549994	CNY
V	550063	EUR
V	550132	GBP
V	550201	JPY
V	550271	MXN
V	550339	SAR
V	550408	VEB
V	550479	ARS
V	550548	AUD
V	550617	BRL
V	550686	CAD
V	550754	CNY
V	550823	EUR
V	550892	GBP
V	550961	JPY
V	551031	MXN
V	551100	SAR
V	551168	VEB
V	551241	ARS
V	551310	AUD
V	551379	BRL
V	551447	CAD
V	551515	CNY
V	551584	EUR
V	551652	GBP
V	551721	JPY
V	551791	MXN
V	551859	SAR
V	551928	VEB
V	551999	ARS
V	552068	AUD
V	552136	BRL
V	552205	CAD
V	552274	CNY
V	552343	EUR
V	552412	GBP
V	552481	JPY
V	552551	MXN
V	552619	SAR
V	552688	VEB
V	552761	ARS
V	552830	AUD
V	552898	BRL
V	552966	CAD
V	553035	CNY
V	553104	EUR
V	553173	GBP
V	553242	JPY
V	553311	MXN
V	553379	SAR
V	553448	VEB
V	553518	ARS
V	553587	AUD
V	553656	BRL
V	553725	CAD
V	553793	CNY
V	553862	EUR
V	553931	GBP
V	554000	JPY
V	554070	MXN
V	554137	SAR
V	554206	VEB
V	554274	ARS
V	554343	AUD
V	554411	BRL
V	554480	CAD
V	554548	CNY
V	554617	EUR
V	554686	GBP
V	554755	JPY
V	554825	MXN
V	554893	SAR
V	554962	VEB
V	555030	ARS
V	555099	AUD
V	555168	BRL
V	555236	CAD
V	555303	CNY
V	555372	EUR
V	555440	GBP
V	555509	JPY
V	555579	MXN
V	555647	SAR
V	555716	VEB
V	555784	ARS
V	555853	AUD
V	555922	BRL
V	555989	CAD
V	556058	CNY
V	556127	EUR
V	556196	GBP
V	556265	JPY
V	556335	MXN
V	556404	SAR
V	556473	VEB
V	556543	ARS
V	556611	AUD
V	556680	BRL
V	556749	CAD
V	556818	CNY
V	556887	EUR
V	556956	GBP
V	557025	JPY
V	557095	MXN
V	557164	SAR
V	557233	VEB
V	557304	ARS
V	557373	AUD
V	557442	BRL
V	557509	CAD
V	557578	CNY
V	557646	EUR
V	557715	GBP
V	557784	JPY
V	557854	MXN
V	557922	SAR
V	557991	VEB
V	558059	ARS
V	558127	AUD
V	558196	BRL
V	558265	CAD
V	558334	CNY
V	558402	EUR
V	558470	GBP
V	558539	JPY
V	558609	MXN
V	558678	SAR
V	558747	VEB
V	558816	ARS
V	558885	AUD
V	558954	BRL
V	559022	CAD
V	559091	CNY
V	559160	EUR
V	559228	GBP
V	559297	JPY
V	559367	MXN
V	559434	SAR
V	559503	VEB
V	559574	ARS
V	559642	AUD
V	559711	BRL
V	559779	CAD
V	559848	CNY
V	559917	EUR
V	559985	GBP
V	560054	JPY
V	560124	MXN
V	560192	SAR
V	560261	VEB
V	560330	ARS
V	560399	AUD
V	560468	BRL
V	560536	CAD
V	560605	CNY
V	560673	EUR
V	560742	GBP
V	560810	JPY
V	560880	MXN
V	560949	SAR
V	561018	VEB
V	561086	ARS
V	561155	AUD
V	561224	BRL
V	561292	CAD
V	561360	CNY
V	561429	EUR
V	561497	GBP
V	561566	JPY
V	561635	MXN
V	561704	SAR
V	561773	VEB
V	561842	ARS
V	561906	AUD
V	561974	BRL
V	562042	CAD
V	562110	CNY
V	562178	EUR
V	562247	GBP
V	562313	JPY
V	562383	MXN
V	562449	SAR
V	562518	VEB
V	562591	ARS
V	562660	AUD
V	562729	BRL
V	562797	CAD
V	562866	CNY
V	562935	EUR
V	563003	GBP
V	563072	JPY
V	563142	MXN
V	563210	SAR
V	563279	VEB
V	563349	ARS
V	563418	AUD
V	563487	BRL
V	563556	CAD
V	563625	CNY
V	563693	EUR
V	563761	GBP
V	563830	JPY
V	563898	MXN
V	563966	SAR
V	564035	VEB
V	564106	ARS
V	564175	AUD
V	564242	BRL
V	564310	CAD
V	564378	CNY
V	564446	EUR
V	564515	GBP
V	564584	JPY
V	564653	MXN
V	564722	SAR
V	564791	VEB
V	564864	ARS
V	564933	AUD
V	565000	BRL
V	565068	CAD
V	565136	CNY
V	565204	EUR
V	565273	GBP
V	565342	JPY
V	565413	MXN
V	565481	SAR
V	565550	VEB
V	565621	ARS
V	565690	AUD
V	565759	BRL
V	565826	CAD
V	565895	CNY
V	565963	EUR
V	566031	GBP
V	566100	JPY
V	566170	MXN
V	566239	SAR
V	566308	VEB
V	566375	ARS
V	566444	AUD
V	566513	BRL
V	566582	CAD
V	566651	CNY
V	566720	EUR
V	566789	GBP
V	566858	JPY
V	566928	MXN
V	566996	SAR
V	567065	VEB
V	567136	ARS
V	567205	AUD
V	567274	BRL
V	567342	CAD
V	567411	CNY
V	567480	EUR
V	567549	GBP
V	567618	JPY
V	567688	MXN
V	567755	SAR
V	567824	VEB
V	567897	ARS
V	567966	AUD
V	568035	BRL
V	568103	CAD
V	568172	CNY
V	568241	EUR
V	568310	GBP
V	568378	JPY
V	568449	MXN
V	568516	SAR
V	568585	VEB
V	568656	ARS
V	568725	AUD
V	568794	BRL
V	568863	CAD
V	568931	CNY
V	568999	EUR
V	569068	GBP
V	569137	JPY
V	569207	MXN
V	569275	SAR
V	569344	VEB
V	569415	ARS
V	569484	AUD
V	569552	BRL
V	569621	CAD
V	569690	CNY
V	569759	EUR
V	569828	GBP
V	569897	JPY
V	569967	MXN
V	570034	SAR
V	570103	VEB
V	570174	ARS
V	570242	AUD
V	570311	BRL
V	570380	CAD
V	570449	CNY
V	570518	EUR
V	570586	GBP
V	570655	JPY
V	570725	MXN
V	570792	SAR
V	570861	VEB
V	570932	ARS
V	571001	AUD
V	571070	BRL
V	571138	CAD
V	571207	CNY
V	571276	EUR
V	571345	GBP
V	571414	JPY
V	571484	MXN
V	571553	SAR
V	571622	VEB
V	571690	ARS
V	571758	AUD
V	571827	BRL
V	571895	CAD
V	571964	CNY
V	572033	EUR
V	572102	GBP
V	572171	JPY
V	572241	MXN
V	572307	SAR
V	572376	VEB
V	572447	ARS
V	572516	AUD
V	572585	BRL
V	572651	CAD
V	572720	CNY
V	572789	EUR
V	572858	GBP
V	572927	JPY
V	572997	MXN
V	573066	SAR
V	573135	VEB
V	573206	ARS
V	573275	AUD
V	573344	BRL
V	573413	CAD
V	573482	CNY
V	573551	EUR
V	573620	GBP
V	573689	JPY
V	573759	MXN
V	573828	SAR
V	573897	VEB
V	573963	ARS
V	574032	AUD
V	574100	BRL
V	574167	CAD
V	574236	CNY
V	574305	EUR
V	574374	GBP
V	574443	JPY
V	574513	MXN
V	574581	SAR
V	574650	VEB
V	574721	ARS
V	574790	AUD
V	574859	BRL
V	574927	CAD
V	574996	CNY
V	575065	EUR
V	575134	GBP
V	575202	JPY
V	575272	MXN
V	575340	SAR
V	575409	VEB
V	575480	ARS
V	575549	AUD
V	575618	BRL
V	575686	CAD
V	575755	CNY
V	575823	EUR
V	575892	GBP
V	575961	JPY
V	576031	MXN
V	576099	SAR
V	576168	VEB
V	576238	ARS
V	576307	AUD
V	576376	BRL
V	576445	CAD
V	576514	CNY
V	576583	EUR
V	576651	GBP
V	576720	JPY
V	576788	MXN
V	576856	SAR
V	576925	VEB
V	576998	ARS
V	577067	AUD
V	577136	BRL
V	577205	CAD
V	577274	CNY
V	577343	EUR
V	577412	GBP
V	577481	JPY
V	577551	MXN
V	577618	SAR
V	577687	VEB
V	577756	ARS
V	577825	AUD
V	577894	BRL
V	577962	CAD
V	578031	CNY
V	578100	EUR
V	578169	GBP
V	578238	JPY
V	578307	MXN
V	578375	SAR
V	578443	VEB
V	578514	ARS
V	578583	AUD
V	578652	BRL
V	578721	CAD
V	578790	CNY
V	578858	EUR
V	578927	GBP
V	578996	JPY
V	579066	MXN
V	579134	SAR
V	579203	VEB
V	579274	ARS
V	579343	AUD
V	579412	BRL
V	579480	CAD
V	579549	CNY
V	579618	EUR
V	579687	GBP
V	579753	JPY
V	579823	MXN
V	579891	SAR
V	579960	VEB
V	580026	ARS
V	580095	AUD
V	580164	BRL
V	580233	CAD
V	580302	CNY
V	580370	EUR
V	580438	GBP
V	580507	JPY
V	580576	MXN
V	580645	SAR
V	580714	VEB
V	580780	ARS
V	580849	AUD
V	580917	BRL
V	580985	CAD
V	581054	CNY
V	581123	EUR
V	581192	GBP
V	581261	JPY
V	581331	MXN
V	581399	SAR
V	581468	VEB
V	581534	ARS
V	581603	AUD
V	581672	BRL
V	581740	CAD
V	581809	CNY
V	581878	EUR
V	581947	GBP
V	582016	JPY
V	582087	MXN
V	582156	SAR
V	582223	VEB
V	582289	ARS
V	582358	AUD
V	582426	BRL
V	582493	CAD
V	582562	CNY
V	582630	EUR
V	582699	GBP
V	582768	JPY
V	582838	MXN
V	582907	SAR
V	582976	VEB
V	583047	ARS
V	583116	AUD
V	583185	BRL
V	583254	CAD
V	583323	CNY
V	583392	EUR
V	583461	GBP
V	583529	JPY
V	583600	MXN
V	583668	SAR
V	583737	VEB
V	583807	ARS
V	583876	AUD
V	583945	BRL
V	584014	CAD
V	584083	CNY
V	584151	EUR
V	584219	GBP
V	584288	JPY
V	584355	MXN
V	584421	SAR
V	584490	VEB
V	584561	ARS
V	584630	AUD
V	584699	BRL
V	584767	CAD
V	584836	CNY
V	584905	EUR
V	584974	GBP
V	585043	JPY
V	585114	MXN
V	585182	SAR
V	585251	VEB
V	585320	ARS
V	585389	AUD
V	585458	BRL
V	585526	CAD
V	585594	CNY
V	585663	EUR
V	585732	GBP
V	585801	JPY
V	585871	MXN
V	585938	SAR
V	586007	VEB
V	586078	ARS
V	586147	AUD
V	586216	BRL
V	586284	CAD
V	586352	CNY
V	586421	EUR
V	586490	GBP
V	586559	JPY
V	586629	MXN
V	586696	SAR
V	586765	VEB
V	586834	ARS
V	586903	AUD
V	586972	BRL
V	587040	CAD
V	587109	CNY
V	587178	EUR
V	587247	GBP
V	587316	JPY
V	587386	MXN
V	587455	SAR
V	587524	VEB
V	587597	ARS
V	587666	AUD
V	587735	BRL
V	587803	CAD
V	587872	CNY
V	587939	EUR
V	588008	GBP
V	588077	JPY
V	588148	MXN
V	588216	SAR
V	588285	VEB
V	588354	ARS
V	588422	AUD
V	588490	BRL
V	588558	CAD
V	588626	CNY
V	588694	EUR
V	588763	GBP
V	588832	JPY
V	588902	MXN
V	588970	SAR
V	589038	VEB
V	589104	ARS
V	589173	AUD
V	589242	BRL
V	589310	CAD
V	589378	CNY
V	589447	EUR
V	589516	GBP
V	589585	JPY
V	589655	MXN
V	589723	SAR
V	589792	VEB
V	589861	ARS
V	589930	AUD
V	589998	BRL
V	590066	CAD
V	590134	CNY
V	590203	EUR
V	590272	GBP
V	590341	JPY
V	590409	MXN
V	590477	SAR
V	590546	VEB
V	590617	ARS
V	590686	AUD
V	590755	BRL
V	590822	CAD
V	590891	CNY
V	590960	EUR
V	591029	GBP
V	591098	JPY
V	591167	MXN
V	591235	SAR
V	591304	VEB
V	591375	ARS
V	591443	AUD
V	591512	BRL
V	591580	CAD
V	591649	CNY
V	591718	EUR
V	591787	GBP
V	591855	JPY
V	591925	MXN
V	591994	SAR
V	592063	VEB
V	592134	ARS
V	592203	AUD
V	592272	BRL
V	592340	CAD
V	592409	CNY
V	592477	EUR
V	592546	GBP
V	592615	JPY
V	592685	MXN
V	592754	SAR
V	592823	VEB
V	592893	ARS
V	592962	AUD
V	593031	BRL
V	593097	CAD
V	593166	CNY
V	593235	EUR
V	593304	GBP
V	593373	JPY
V	593443	MXN
V	593511	SAR
V	593580	VEB
V	593651	ARS
V	593720	AUD
V	593789	BRL
V	593858	CAD
V	593927	CNY
V	593995	EUR
V	594064	GBP
V	594133	JPY
V	594203	MXN
V	594271	SAR
V	594340	VEB
V	594409	ARS
V	594478	AUD
V	594547	BRL
V	594615	CAD
V	594683	CNY
V	594752	EUR
V	594821	GBP
V	594887	JPY
V	594957	MXN
V	595026	SAR
V	595094	VEB
V	595165	ARS
V	595234	AUD
V	595302	BRL
V	595371	CAD
V	595440	CNY
V	595508	EUR
V	595577	GBP
V	595646	JPY
V	595716	MXN
V	595783	SAR
V	595852	VEB
V	595923	ARS
V	595991	AUD
V	596060	BRL
V	596128	CAD
V	596196	CNY
V	596265	EUR
V	596334	GBP
V	596403	JPY
V	596473	MXN
V	596542	SAR
V	596611	VEB
V	596682	ARS
V	596751	AUD
V	596819	BRL
V	596887	CAD
V	596955	CNY
V	597024	EUR
V	597093	GBP
V	597162	JPY
V	597232	MXN
V	597300	SAR
V	597369	VEB
V	597442	ARS
V	597511	AUD
V	597580	BRL
V	597649	CAD
V	597718	CNY
V	597786	EUR
V	597855	GBP
V	597924	JPY
V	597994	MXN
V	598062	SAR
V	598131	VEB
V	598197	ARS
V	598266	AUD
V	598335	BRL
V	598403	CAD
V	598469	CNY
V	598538	EUR
V	598607	GBP
V	598676	JPY
V	598746	MXN
V	598815	SAR
V	598883	VEB
V	598956	ARS
V	599025	AUD
V	599094	BRL
V	599161	CAD
V	599230	CNY
V	599299	EUR
V	599368	GBP
V	599437	JPY
V	599507	MXN
V	599575	SAR
V	599644	VEB
V	599717	ARS
V	599786	AUD
V	599855	BRL
V	599923	CAD
V	599990	CNY
V	600059	EUR
V	600128	GBP
V	600197	JPY
V	600267	MXN
V	600336	SAR
V	600405	VEB
V	600473	ARS
V	600542	AUD
V	600611	BRL
V	600679	CAD
V	600748	CNY
V	600817	EUR
V	600886	GBP
V	600955	JPY
V	601025	MXN
V	601092	SAR
V	601160	VEB
V	601229	ARS
V	601298	AUD
V	601367	BRL
V	601436	CAD
V	601505	CNY
V	601574	EUR
V	601643	GBP
V	601712	JPY
V	601782	MXN
V	601851	SAR
V	601920	VEB
V	601991	ARS
V	602060	AUD
V	602129	BRL
V	602197	CAD
V	602265	CNY
V	602334	EUR
V	602403	GBP
V	602472	JPY
V	602542	MXN
V	602610	SAR
V	602678	VEB
V	602747	ARS
V	602816	AUD
V	602884	BRL
V	602953	CAD
V	603021	CNY
V	603090	EUR
V	603158	GBP
V	603226	JPY
V	603296	MXN
V	603364	SAR
V	603433	VEB
V	603506	ARS
V	603575	AUD
V	603644	BRL
V	603713	CAD
V	603782	CNY
V	603851	EUR
V	603920	GBP
V	603989	JPY
V	604059	MXN
V	604127	SAR
V	604196	VEB
V	604267	ARS
V	604336	AUD
V	604404	BRL
V	604472	CAD
V	604540	CNY
V	604609	EUR
V	604678	GBP
V	604747	JPY
V	604819	MXN
V	604888	SAR
V	604957	VEB
V	605028	ARS
V	605097	AUD
V	605164	BRL
V	605232	CAD
V	605299	CNY
V	605368	EUR
V	605437	GBP
V	605506	JPY
V	605576	MXN
V	605645	SAR
V	605714	VEB
V	605785	ARS
V	605854	AUD
V	605923	BRL
V	605991	CAD
V	606060	CNY
V	606129	EUR
V	606198	GBP
V	606267	JPY
V	606337	MXN
V	606404	SAR
V	606473	VEB
V	606544	ARS
V	606612	AUD
V	606681	BRL
V	606749	CAD
V	606818	CNY
V	606887	EUR
V	606956	GBP
V	607025	JPY
V	607095	MXN
V	607164	SAR
V	607233	VEB
V	607304	ARS
V	607373	AUD
V	607442	BRL
V	607511	CAD
V	607580	CNY
V	607649	EUR
V	607718	GBP
V	607787	JPY
V	607858	MXN
V	607926	SAR
V	607995	VEB
V	608066	ARS
V	608135	AUD
V	608204	BRL
V	608272	CAD
V	608341	CNY
V	608410	EUR
V	608479	GBP
V	608548	JPY
V	608619	MXN
V	608686	SAR
V	608754	VEB
V	608823	ARS
V	608892	AUD
V	608961	BRL
V	609030	CAD
V	609099	CNY
V	609168	EUR
V	609237	GBP
V	609306	JPY
V	609376	MXN
V	609443	SAR
V	609512	VEB
V	609581	ARS
V	609650	AUD
V	609719	BRL
V	609788	CAD
V	609857	CNY
V	609926	EUR
V	609995	GBP
V	610064	JPY
V	610134	MXN
V	610201	SAR
V	610270	VEB
V	610339	ARS
V	610408	AUD
V	610476	BRL
V	610543	CAD
V	610612	CNY
V	610681	EUR
V	610750	GBP
V	610819	JPY
V	610889	MXN
V	610957	SAR
V	611026	VEB
V	611097	ARS
V	611166	AUD
V	611235	BRL
V	611303	CAD
V	611372	CNY
V	611441	EUR
V	611510	GBP
V	611579	JPY
V	611649	MXN
V	611717	SAR
V	611786	VEB
V	611854	ARS
V	611923	AUD
V	611992	BRL
V	612061	CAD
V	612130	CNY
V	612199	EUR
V	612268	GBP
V	612337	JPY
V	612407	MXN
V	612475	SAR
V	612544	VEB
V	612607	ARS
V	612676	AUD
V	612745	BRL
V	612813	CAD
V	612882	CNY
V	612951	EUR
V	613020	GBP
V	613089	JPY
V	613158	MXN
V	613227	SAR
V	613296	VEB
V	613364	ARS
V	613433	AUD
V	613502	BRL
V	613571	CAD
V	613639	CNY
V	613707	EUR
V	613776	GBP
V	613845	JPY
V	613915	MXN
V	613983	SAR
V	614052	VEB
V	614117	ARS
V	614186	AUD
V	614255	BRL
V	614324	CAD
V	614393	CNY
V	614461	EUR
V	614530	GBP
V	614599	JPY
V	614669	MXN
V	614738	SAR
V	614806	VEB
V	614872	ARS
V	614941	AUD
V	615010	BRL
V	615078	CAD
V	615147	CNY
V	615216	EUR
V	615285	GBP
V	615354	JPY
V	615425	MXN
V	615493	SAR
V	615562	VEB
V	615631	ARS
V	615700	AUD
V	615769	BRL
V	615837	CAD
V	615906	CNY
V	615974	EUR
V	616043	GBP
V	616112	JPY
V	616183	MXN
V	616251	SAR
V	616320	VEB
V	616388	ARS
V	616456	AUD
V	616525	BRL
V	616593	CAD
V	616661	CNY
V	616730	EUR
V	616799	GBP
V	616868	JPY
V	616938	MXN
V	617006	SAR
V	617075	VEB
V	617143	ARS
V	617212	AUD
V	617281	BRL
V	617350	CAD
V	617419	CNY
V	617488	EUR
V	617557	GBP
V	617626	JPY
V	617696	MXN
V	617763	SAR
V	617832	VEB
V	617900	ARS
V	617969	AUD
V	618038	BRL
V	618107	CAD
V	618175	CNY
V	618244	EUR
V	618313	GBP
V	618382	JPY
V	618452	MXN
V	618519	SAR
V	618588	VEB
V	618656	ARS
V	618722	AUD
V	618791	BRL
V	618859	CAD
V	618928	CNY
V	618997	EUR
V	619066	GBP
V	619135	JPY
V	619206	MXN
V	619274	SAR
V	619342	VEB
V	619413	ARS
V	619479	AUD
V	619548	BRL
V	619616	CAD
V	619684	CNY
V	619752	EUR
V	619819	GBP
V	619888	JPY
V	619958	MXN
V	620026	SAR
V	620095	VEB
V	620168	ARS
V	620234	AUD
V	620303	BRL
V	620370	CAD
V	620439	CNY
V	620508	EUR
V	620576	GBP
V	620645	JPY
V	620714	MXN
V	620782	SAR
V	620851	VEB
V	620919	ARS
V	620985	AUD
V	621054	BRL
V	621120	CAD
V	621189	CNY
V	621257	EUR
V	621326	GBP
V	621395	JPY
V	621468	MXN
V	621536	SAR
V	621605	VEB
V	621674	ARS
V	621740	AUD
V	621808	BRL
V	621876	CAD
V	621945	CNY
V	622014	EUR
V	622082	GBP
V	622151	JPY
V	622221	MXN
V	622290	SAR
V	622359	VEB
V	622430	ARS
V	622496	AUD
V	622565	BRL
V	622634	CAD
V	622703	CNY
V	622772	EUR
V	622841	GBP
V	622910	JPY
V	622983	MXN
V	623050	SAR
V	623119	VEB
V	623190	ARS
V	623256	AUD
V	623325	BRL
V	623394	CAD
V	623463	CNY
V	623532	EUR
V	623601	GBP
V	623670	JPY
V	623742	MXN
V	623809	SAR
V	623878	VEB
V	623949	ARS
V	624015	AUD
V	624084	BRL
V	624151	CAD
V	624220	CNY
V	624289	EUR
V	624358	GBP
V	624427	JPY
V	624498	MXN
V	624567	SAR
V	624636	VEB
V	624709	ARS
V	624774	AUD
V	624843	BRL
V	624911	CAD
V	624979	CNY
V	625048	EUR
V	625117	GBP
V	625186	JPY
V	625256	MXN
V	625324	SAR
V	625393	VEB
V	625466	ARS
V	625532	AUD
V	625601	BRL
V	625669	CAD
V	625737	CNY
V	625805	EUR
V	625874	GBP
V	625943	JPY
V	626015	MXN
V	626083	SAR
V	626152	VEB
V	626225	ARS
V	626291	AUD
V	626360	BRL
V	626428	CAD
V	626497	CNY
V	626566	EUR
V	626635	GBP
V	626704	JPY
V	626774	MXN
V	626843	SAR
V	626912	VEB
V	626982	ARS
V	627048	AUD
V	627117	BRL
V	627185	CAD
V	627254	CNY
V	627323	EUR
V	627392	GBP
V	627461	JPY
V	627531	MXN
V	627600	SAR
V	627669	VEB
V	627740	ARS
V	627806	AUD
V	627875	BRL
V	627944	CAD
V	628013	CNY
V	628082	EUR
V	628151	GBP
V	628220	JPY
V	628291	MXN
V	628358	SAR
V	628427	VEB
V	628500	ARS
V	628566	AUD
V	628635	BRL
V	628703	CAD
V	628772	CNY
V	628841	EUR
V	628910	GBP
V	628979	JPY
V	629049	MXN
V	629118	SAR
V	629187	VEB
V	629258	ARS
V	629325	AUD
V	629394	BRL
V	629462	CAD
V	629531	CNY
V	629600	EUR
V	629669	GBP
V	629738	JPY
V	629809	MXN
V	629876	SAR
V	629945	VEB
V	630011	ARS
V	630077	AUD
V	630146	BRL
V	630214	CAD
V	630282	CNY
V	630351	EUR
V	630419	GBP
V	630488	JPY
V	630558	MXN
V	630625	SAR
V	630694	VEB
V	630762	ARS
V	630830	AUD
V	630899	BRL
V	630967	CAD
V	631036	CNY
V	631105	EUR
V	631174	GBP
V	631242	JPY
V	631312	MXN
V	631380	SAR
V	631449	VEB
V	631522	ARS
V	631590	AUD
V	631659	BRL
V	631727	CAD
V	631796	CNY
V	631865	EUR
V	631932	GBP
V	632001	JPY
V	632072	MXN
V	632141	SAR
V	632210	VEB
V	632283	ARS
V	632351	AUD
V	632420	BRL
V	632487	CAD
V	632556	CNY
V	632625	EUR
V	632693	GBP
V	632762	JPY
V	632832	MXN
V	632900	SAR
V	632969	VEB
V	633040	ARS
V	633108	AUD
V	633175	BRL
V	633242	CAD
V	633310	CNY
V	633379	EUR
V	633448	GBP
V	633515	JPY
V	633584	MXN
V	633653	SAR
V	633721	VEB
V	633792	ARS
V	633860	AUD
V	633929	BRL
V	633995	CAD
V	634064	CNY
V	634133	EUR
V	634202	GBP
V	634271	JPY
V	634342	MXN
V	634410	SAR
V	634479	VEB
V	634550	ARS
V	634618	AUD
V	634687	BRL
V	634756	CAD
V	634825	CNY
V	634894	EUR
V	634963	GBP
V	635032	JPY
V	635102	MXN
V	635170	SAR
V	635239	VEB
V	635312	ARS
V	635381	AUD
V	635450	BRL
V	635518	CAD
V	635587	CNY
V	635656	EUR
V	635725	GBP
V	635794	JPY
V	635865	MXN
V	635933	SAR
V	636002	VEB
V	636071	ARS
V	636140	AUD
V	636209	BRL
V	636277	CAD
V	636345	CNY
V	636414	EUR
V	636483	GBP
V	636551	JPY
V	636621	MXN
V	636689	SAR
V	636758	VEB
V	636831	ARS
V	636900	AUD
V	636969	BRL
V	637038	CAD
V	637106	CNY
V	637175	EUR
V	637244	GBP
V	637313	JPY
V	637383	MXN
V	637451	SAR
V	637520	VEB
V	637591	ARS
V	637660	AUD
V	637728	BRL
V	637796	CAD
V	637865	CNY
V	637934	EUR
V	638003	GBP
V	638072	JPY
V	638143	MXN
V	638210	SAR
V	638279	VEB
V	638347	ARS
V	638416	AUD
V	638484	BRL
V	638552	CAD
V	638621	CNY
V	638690	EUR
V	638759	GBP
V	638828	JPY
V	638899	MXN
V	638967	SAR
V	639036	VEB
V	639103	ARS
V	639172	AUD
V	639241	BRL
V	639309	CAD
V	639378	CNY
V	639447	EUR
V	639516	GBP
V	639585	JPY
V	639655	MXN
V	639723	SAR
V	639792	VEB
V	639859	ARS
V	639928	AUD
V	639997	BRL
V	640065	CAD
V	640134	CNY
V	640203	EUR
V	640272	GBP
V	640341	JPY
V	640413	MXN
V	640482	SAR
V	640551	VEB
V	640620	ARS
V	640689	AUD
V	640758	BRL
V	640827	CAD
V	640896	CNY
V	640965	EUR
V	641034	GBP
V	641103	JPY
V	641173	MXN
V	641241	SAR
V	641310	VEB
V	641380	ARS
V	641449	AUD
V	641518	BRL
V	641587	CAD
V	641656	CNY
V	641725	EUR
V	641794	GBP
V	641863	JPY
V	641934	MXN
V	642003	SAR
V	642072	VEB
V	642143	ARS
V	642212	AUD
V	642281	BRL
V	642349	CAD
V	642418	CNY
V	642487	EUR
V	642556	GBP
V	642624	JPY
V	642694	MXN
V	642762	SAR
V	642831	VEB
V	642904	ARS
V	642973	AUD
V	643042	BRL
V	643111	CAD
V	643180	CNY
V	643249	EUR
V	643318	GBP
V	643387	JPY
V	643458	MXN
V	643527	SAR
V	643595	VEB
V	643663	ARS
V	643732	AUD
V	643801	BRL
V	643870	CAD
V	643939	CNY
V	644008	EUR
V	644076	GBP
V	644145	JPY
V	644217	MXN
V	644284	SAR
V	644353	VEB
V	644421	ARS
V	644490	AUD
V	644559	BRL
V	644627	CAD
V	644696	CNY
V	644764	EUR
V	644832	GBP
V	644900	JPY
V	644970	MXN
V	645037	SAR
V	645106	VEB
V	645174	ARS
V	645243	AUD
V	645311	BRL
V	645380	CAD
V	645449	CNY
V	645518	EUR
V	645586	GBP
V	645655	JPY
V	645726	MXN
V	645795	SAR
V	645864	VEB
V	645932	ARS
V	646001	AUD
V	646070	BRL
V	646139	CAD
V	646208	CNY
V	646277	EUR
V	646346	GBP
V	646415	JPY
V	646485	MXN
V	646554	SAR
V	646623	VEB
V	646691	ARS
V	646760	AUD
V	646829	BRL
V	646898	CAD
V	646967	CNY
V	647036	EUR
V	647104	GBP
V	647173	JPY
V	647243	MXN
V	647312	SAR
V	647381	VEB
V	647447	ARS
V	647516	AUD
V	647585	BRL
V	647653	CAD
V	647722	CNY
V	647791	EUR
V	647860	GBP
V	647929	JPY
V	647999	MXN
V	648068	SAR
V	648137	VEB
V	648203	ARS
V	648272	AUD
V	648341	BRL
V	648410	CAD
V	648477	CNY
V	648546	EUR
V	648615	GBP
V	648684	JPY
V	648755	MXN
V	648822	SAR
V	648891	VEB
V	648959	ARS
V	649028	AUD
V	649097	BRL
V	649166	CAD
V	649235	CNY
V	649304	EUR
V	649373	GBP
V	649442	JPY
V	649513	MXN
V	649582	SAR
V	649651	VEB
V	649717	ARS
V	649786	AUD
V	649855	BRL
V	649922	CAD
V	649991	CNY
V	650060	EUR
V	650129	GBP
V	650198	JPY
V	650271	MXN
V	650340	SAR
V	650409	VEB
V	650475	ARS
V	650543	AUD
V	650612	BRL
V	650681	CAD
V	650750	CNY
V	650819	EUR
V	650888	GBP
V	650957	JPY
V	651029	MXN
V	651098	SAR
V	651167	VEB
V	651233	ARS
V	651302	AUD
V	651370	BRL
V	651438	CAD
V	651507	CNY
V	651575	EUR
V	651644	GBP
V	651713	JPY
V	651784	MXN
V	651852	SAR
V	651920	VEB
V	651988	ARS
V	652057	AUD
V	652126	BRL
V	652195	CAD
V	652264	CNY
V	652333	EUR
V	652400	GBP
V	652469	JPY
V	652539	MXN
V	652608	SAR
V	652677	VEB
V	652743	ARS
V	652812	AUD
V	652881	BRL
V	652949	CAD
V	653017	CNY
V	653086	EUR
V	653151	GBP
V	653220	JPY
V	653289	MXN
V	653357	SAR
V	653426	VEB
V	653499	ARS
V	653568	AUD
V	653637	BRL
V	653705	CAD
V	653773	CNY
V	653842	EUR
V	653911	GBP
V	653980	JPY
V	654050	MXN
V	654118	SAR
V	654186	VEB
V	654259	ARS
V	654328	AUD
V	654395	BRL
V	654463	CAD
V	654532	CNY
V	654601	EUR
V	654670	GBP
V	654739	JPY
V	654809	MXN
V	654876	SAR
V	654945	VEB
V	655018	ARS
V	655087	AUD
V	655156	BRL
V	655224	CAD
V	655293	CNY
V	655361	EUR
V	655429	GBP
V	655498	JPY
V	655569	MXN
V	655637	SAR
V	655706	VEB
V	655777	ARS
V	655846	AUD
V	655915	BRL
V	655984	CAD
V	656053	CNY
V	656121	EUR
V	656190	GBP
V	656259	JPY
V	656331	MXN
V	656400	SAR
V	656469	VEB
V	656539	ARS
V	656608	AUD
V	656676	BRL
V	656744	CAD
V	656813	CNY
V	656882	EUR
V	656951	GBP
V	657020	JPY
V	657092	MXN
V	657160	SAR
V	657229	VEB
V	657301	ARS
V	657370	AUD
V	657439	BRL
V	657507	CAD
V	657576	CNY
V	657645	EUR
V	657714	GBP
V	657781	JPY
V	657852	MXN
V	657921	SAR
V	657990	VEB
V	658060	ARS
V	658129	AUD
V	658198	BRL
V	658266	CAD
V	658335	CNY
V	658404	EUR
V	658472	GBP
V	658541	JPY
V	658610	MXN
V	658678	SAR
V	658747	VEB
V	658819	ARS
V	658888	AUD
V	658957	BRL
V	659025	CAD
V	659094	CNY
V	659163	EUR
V	659232	GBP
V	659300	JPY
V	659371	MXN
V	659439	SAR
V	659508	VEB
V	659578	ARS
V	659647	AUD
V	659716	BRL
V	659785	CAD
V	659854	CNY
V	659923	EUR
V	659992	GBP
V	660061	JPY
V	660132	MXN
V	660200	SAR
V	660269	VEB
V	660341	ARS
V	660410	AUD
V	660479	BRL
V	660548	CAD
V	660617	CNY
V	660686	EUR
V	660754	GBP
V	660823	JPY
V	660893	MXN
V	660960	SAR
V	661029	VEB
V	661099	ARS
V	661168	AUD
V	661237	BRL
V	661306	CAD
V	661375	CNY
V	661444	EUR
V	661513	GBP
V	661581	JPY
V	661652	MXN
V	661721	SAR
V	661790	VEB
V	661862	ARS
V	661931	AUD
V	662000	BRL
V	662069	CAD
V	662138	CNY
V	662207	EUR
V	662276	GBP
V	662345	JPY
V	662418	MXN
V	662486	SAR
V	662555	VEB
V	662625	ARS
V	662694	AUD
V	662763	BRL
V	662831	CAD
V	662900	CNY
V	662969	EUR
V	663038	GBP
V	663107	JPY
V	663177	MXN
V	663246	SAR
V	663314	VEB
V	663386	ARS
V	663455	AUD
V	663524	BRL
V	663591	CAD
V	663660	CNY
V	663729	EUR
V	663798	GBP
V	663867	JPY
V	663937	MXN
V	664005	SAR
V	664074	VEB
V	664144	ARS
V	664213	AUD
V	664282	BRL
V	664350	CAD
V	664419	CNY
V	664488	EUR
V	664556	GBP
V	664625	JPY
V	664697	MXN
V	664766	SAR
V	664835	VEB
V	664907	ARS
V	664976	AUD
V	665045	BRL
V	665114	CAD
V	665182	CNY
V	665251	EUR
V	665319	GBP
V	665388	JPY
V	665459	MXN
V	665527	SAR
V	665596	VEB
V	665666	ARS
V	665735	AUD
V	665803	BRL
V	665871	CAD
V	665940	CNY
V	666009	EUR
V	666078	GBP
V	666147	JPY
V	666219	MXN
V	666287	SAR
V	666356	VEB
V	666424	ARS
V	666493	AUD
V	666562	BRL
V	666631	CAD
V	666700	CNY
V	666769	EUR
V	666838	GBP
V	666907	JPY
V	666977	MXN
V	667045	SAR
V	667114	VEB
V	667180	ARS
V	667249	AUD
V	667318	BRL
V	667386	CAD
V	667455	CNY
V	667524	EUR
V	667593	GBP
V	667662	JPY
V	667734	MXN
V	667802	SAR
V	667871	VEB
V	667937	ARS
V	668006	AUD
V	668075	BRL
V	668144	CAD
V	668212	CNY
V	668281	EUR
V	668350	GBP
V	668419	JPY
V	668489	MXN
V	668558	SAR
V	668627	VEB
V	668693	ARS
V	668762	AUD
V	668831	BRL
V	668898	CAD
V	668967	CNY
V	669036	EUR
V	669105	GBP
V	669174	JPY
V	669244	MXN
V	669310	SAR
V	669379	VEB
V	669445	ARS
V	669514	AUD
V	669582	BRL
V	669651	CAD
V	669720	CNY
V	669789	EUR
V	669858	GBP
V	669927	JPY
V	669997	MXN
V	670065	SAR
V	670134	VEB
V	670202	ARS
V	670271	AUD
V	670340	BRL
V	670408	CAD
V	670477	CNY
V	670546	EUR
V	670615	GBP
V	670682	JPY
V	670752	MXN
V	670820	SAR
V	670889	VEB
V	670955	ARS
V	671021	AUD
V	671090	BRL
V	671159	CAD
V	671227	CNY
V	671296	EUR
V	671365	GBP
V	671433	JPY
V	671503	MXN
V	671572	SAR
V	671641	VEB
V	671709	ARS
V	671776	AUD
V	671845	BRL
V	671912	CAD
V	671981	CNY
V	672050	EUR
V	672119	GBP
V	672187	JPY
V	672257	MXN
V	672325	SAR
V	672394	VEB
V	672460	ARS
V	672527	AUD
V	672596	BRL
V	672665	CAD
V	672734	CNY
V	672802	EUR
V	672871	GBP
V	672940	JPY
V	673012	MXN
V	673080	SAR
V	673149	VEB
V	673212	ARS
V	673279	AUD
V	673348	BRL
V	673416	CAD
V	673484	CNY
V	673553	EUR
V	673622	GBP
V	673688	JPY
V	673759	MXN
V	673828	SAR
V	673897	VEB
V	673965	ARS
V	674032	AUD
V	674101	BRL
V	674170	CAD
V	674238	CNY
V	674307	EUR
V	674376	GBP
V	674445	JPY
V	674516	MXN
V	674584	SAR
V	674653	VEB
V	674721	ARS
V	674788	AUD
V	674857	BRL
V	674924	CAD
V	674993	CNY
V	675060	EUR
V	675127	GBP
V	675196	JPY
V	675266	MXN
V	675334	SAR
V	675402	VEB
V	675468	ARS
V	675533	AUD
V	675602	BRL
V	675671	CAD
V	675739	CNY
V	675807	EUR
V	675876	GBP
V	675944	JPY
V	676014	MXN
V	676083	SAR
V	676152	VEB
V	676218	ARS
V	676285	AUD
V	676354	BRL
V	676423	CAD
V	676492	CNY
V	676560	EUR
V	676629	GBP
V	676698	JPY
V	676768	MXN
V	676836	SAR
V	676905	VEB
V	676973	ARS
V	677039	AUD
V	677107	BRL
V	677175	CAD
V	677244	CNY
V	677313	EUR
V	677380	GBP
V	677449	JPY
V	677520	MXN
V	677589	SAR
V	677658	VEB
V	677723	ARS
V	677790	AUD
V	677859	BRL
V	677927	CAD
V	677996	CNY
V	678065	EUR
V	678132	GBP
V	678201	JPY
V	678271	MXN
V	678340	SAR
V	678409	VEB
V	678475	ARS
V	678542	AUD
V	678611	BRL
V	678679	CAD
V	678747	CNY
V	678816	EUR
V	678885	GBP
V	678954	JPY
V	679024	MXN
V	679092	SAR
V	679161	VEB
V	679227	ARS
V	679294	AUD
V	679362	BRL
V	679430	CAD
V	679499	CNY
V	679568	EUR
V	679637	GBP
V	679706	JPY
V	679776	MXN
V	679843	SAR
V	679912	VEB
V	679980	ARS
V	680047	AUD
V	680116	BRL
V	680185	CAD
V	680254	CNY
V	680323	EUR
V	680392	GBP
V	680461	JPY
V	680533	MXN
V	680598	SAR
V	680667	VEB
V	680735	ARS
V	680802	AUD
V	680871	BRL
V	680939	CAD
V	681006	CNY
V	681075	EUR
V	681143	GBP
V	681212	JPY
V	681281	MXN
V	681347	SAR
V	681416	VEB
V	681482	ARS
V	681549	AUD
V	681618	BRL
V	681686	CAD
V	681755	CNY
V	681824	EUR
V	681893	GBP
V	681962	JPY
V	682035	MXN
V	682101	SAR
V	682170	VEB
V	682238	ARS
V	682305	AUD
V	682374	BRL
V	682442	CAD
V	682511	CNY
V	682580	EUR
V	682649	GBP
V	682718	JPY
V	682788	MXN
V	682856	SAR
V	682925	VEB
V	682993	ARS
V	683057	AUD
V	683124	BRL
V	683190	CAD
V	683259	CNY
V	683328	EUR
V	683397	GBP
V	683466	JPY
V	683537	MXN
V	683605	SAR
V	683674	VEB
V	683742	ARS
V	683809	AUD
V	683878	BRL
V	683946	CAD
V	684012	CNY
V	684081	EUR
V	684150	GBP
V	684219	JPY
V	684288	MXN
V	684357	SAR
V	684426	VEB
V	684494	ARS
V	684561	AUD
V	684630	BRL
V	684698	CAD
V	684767	CNY
V	684836	EUR
V	684905	GBP
V	684974	JPY
V	685044	MXN
V	685112	SAR
V	685181	VEB
V	685249	ARS
V	685316	AUD
V	685385	BRL
V	685454	CAD
V	685522	CNY
V	685590	EUR
V	685659	GBP
V	685728	JPY
V	685798	MXN
V	685867	SAR
V	685936	VEB
V	686004	ARS
V	686071	AUD
V	686140	BRL
V	686209	CAD
V	686278	CNY
V	686346	EUR
V	686414	GBP
V	686483	JPY
V	686553	MXN
V	686621	SAR
V	686690	VEB
V	686758	ARS
V	686825	AUD
V	686894	BRL
V	686962	CAD
V	687031	CNY
V	687099	EUR
V	687168	GBP
V	687238	JPY
V	687311	MXN
V	687380	SAR
V	687450	VEB
V	687517	ARS
V	687585	AUD
V	687655	BRL
V	687723	CAD
V	687793	CNY
V	687863	EUR
V	687933	GBP
V	688003	JPY
V	688074	MXN
V	688143	SAR
V	688213	VEB
V	688280	ARS
V	688348	AUD
V	688418	BRL
V	688484	CAD
V	688553	CNY
V	688623	EUR
V	688693	GBP
V	688763	JPY
V	688834	MXN
V	688903	SAR
V	688973	VEB
V	689040	ARS
V	689108	AUD
V	689178	BRL
V	689248	CAD
V	689317	CNY
V	689387	EUR
V	689457	GBP
V	689527	JPY
V	689601	MXN
V	689671	SAR
V	689741	VEB
V	689808	ARS
V	689876	AUD
V	689946	BRL
V	690015	CAD
V	690085	CNY
V	690155	EUR
V	690225	GBP
V	690295	JPY
V	690366	MXN
V	690436	SAR
V	690506	VEB
V	690573	ARS
V	690641	AUD
V	690711	BRL
V	690780	CAD
V	690850	CNY
V	690920	EUR
V	690990	GBP
V	691060	JPY
V	691133	MXN
V	691202	SAR
V	691272	VEB
V	691341	ARS
V	691409	AUD
V	691479	BRL
V	691548	CAD
V	691617	CNY
V	691687	EUR
V	691757	GBP
V	691827	JPY
V	691898	MXN
V	691967	SAR
V	692037	VEB
V	692101	ARS
V	692169	AUD
V	692239	BRL
V	692308	CAD
V	692376	CNY
V	692446	EUR
V	692516	GBP
V	692586	JPY
V	692657	MXN
V	692726	SAR
V	692796	VEB
V	692865	ARS
V	692933	AUD
V	693003	BRL
V	693072	CAD
V	693142	CNY
V	693212	EUR
V	693282	GBP
V	693352	JPY
V	693426	MXN
V	693496	SAR
V	693566	VEB
V	693633	ARS
V	693703	AUD
V	693772	BRL
V	693840	CAD
V	693910	CNY
V	693980	EUR
V	694050	GBP
V	694120	JPY
V	694191	MXN
V	694260	SAR
V	694330	VEB
V	694399	ARS
V	694469	AUD
V	694539	BRL
V	694608	CAD
V	694678	CNY
V	694748	EUR
V	694818	GBP
V	694888	JPY
V	694959	MXN
V	695028	SAR
V	695098	VEB
V	695167	ARS
V	695237	AUD
V	695307	BRL
V	695377	CAD
V	695447	CNY
V	695517	EUR
V	695587	GBP
V	695657	JPY
V	695729	MXN
V	695799	SAR
V	695869	VEB
V	695938	ARS
V	696008	AUD
V	696077	BRL
V	696147	CAD
V	696217	CNY
V	696287	EUR
V	696357	GBP
V	696427	JPY
V	696499	MXN
V	696568	SAR
V	696638	VEB
V	696705	ARS
V	696775	AUD
V	696844	BRL
V	696914	CAD
V	696984	CNY
V	697054	EUR
V	697124	GBP
V	697194	JPY
V	697265	MXN
V	697334	SAR
V	697404	VEB
V	697473	ARS
V	697543	AUD
V	697613	BRL
V	697683	CAD
V	697752	CNY
V	697821	EUR
V	697891	GBP
V	697961	JPY
V	698033	MXN
V	698103	SAR
V	698173	VEB
V	698240	ARS
V	698308	AUD
V	698378	BRL
V	698448	CAD
V	698518	CNY
V	698588	EUR
V	698658	GBP
V	698728	JPY
V	698796	MXN
V	698866	SAR
V	698936	VEB
V	699003	ARS
V	699071	AUD
V	699141	BRL
V	699210	CAD
V	699280	CNY
V	699349	EUR
V	699419	GBP
V	699489	JPY
V	699560	MXN
V	699629	SAR
V	699699	VEB
V	699766	ARS
V	699834	AUD
V	699904	BRL
V	699973	CAD
V	700043	CNY
V	700113	EUR
V	700183	GBP
V	700251	JPY
V	700322	MXN
V	700391	SAR
V	700461	VEB
V	700528	ARS
V	700596	AUD
V	700666	BRL
V	700734	CAD
V	700803	CNY
V	700873	EUR
V	700943	GBP
V	701012	JPY
V	701085	MXN
V	701154	SAR
V	701224	VEB
V	701293	ARS
V	701361	AUD
V	701429	BRL
V	701499	CAD
V	701569	CNY
V	701639	EUR
V	701709	GBP
V	701779	JPY
V	701850	MXN
V	701919	SAR
V	701989	VEB
V	702056	ARS
V	702124	AUD
V	702194	BRL
V	702264	CAD
V	702334	CNY
V	702403	EUR
V	702472	GBP
V	702542	JPY
V	702613	MXN
V	702682	SAR
V	702752	VEB
V	702819	ARS
V	702887	AUD
V	702957	BRL
V	703026	CAD
V	703096	CNY
V	703166	EUR
V	703236	GBP
V	703306	JPY
V	703377	MXN
V	703446	SAR
V	703516	VEB
V	703580	ARS
V	703650	AUD
V	703719	BRL
V	703787	CAD
V	703857	CNY
V	703926	EUR
V	703996	GBP
V	704066	JPY
V	704139	MXN
V	704207	SAR
V	704276	VEB
V	704343	ARS
V	704409	AUD
V	704479	BRL
V	704547	CAD
V	704617	CNY
V	704687	EUR
V	704757	GBP
V	704826	JPY
V	704897	MXN
V	704966	SAR
V	705036	VEB
V	705105	ARS
V	705173	AUD
V	705243	BRL
V	705311	CAD
V	705381	CNY
V	705451	EUR
V	705520	GBP
V	705589	JPY
V	705659	MXN
V	705729	SAR
V	705799	VEB
V	705866	ARS
V	705933	AUD
V	706003	BRL
V	706072	CAD
V	706142	CNY
V	706212	EUR
V	706282	GBP
V	706352	JPY
V	706423	MXN
V	706493	SAR
V	706563	VEB
V	706632	ARS
V	706699	AUD
V	706768	BRL
V	706837	CAD
V	706907	CNY
V	706977	EUR
V	707047	GBP
V	707117	JPY
V	707188	MXN
V	707255	SAR
V	707325	VEB
V	707394	ARS
V	707461	AUD
V	707531	BRL
V	707600	CAD
V	707670	CNY
V	707740	EUR
V	707810	GBP
V	707880	JPY
V	707951	MXN
V	708016	SAR
V	708086	VEB
V	708153	ARS
V	708220	AUD
V	708290	BRL
V	708360	CAD
V	708430	CNY
V	708500	EUR
V	708570	GBP
V	708640	JPY
V	708711	MXN
V	708778	SAR
V	708848	VEB
V	708912	ARS
V	708980	AUD
V	709050	BRL
V	709119	CAD
V	709189	CNY
V	709259	EUR
V	709327	GBP
V	709396	JPY
V	709467	MXN
V	709537	SAR
V	709607	VEB
V	709674	ARS
V	709743	AUD
V	709813	BRL
V	709881	CAD
V	709951	CNY
V	710021	EUR
V	710091	GBP
V	710161	JPY
V	710232	MXN
V	710301	SAR
V	710371	VEB
V	710438	ARS
V	710505	AUD
V	710575	BRL
V	710644	CAD
V	710714	CNY
V	710784	EUR
V	710853	GBP
V	710922	JPY
V	710993	MXN
V	711062	SAR
V	711132	VEB
V	711201	ARS
V	711268	AUD
V	711338	BRL
V	711406	CAD
V	711476	CNY
V	711546	EUR
V	711613	GBP
V	711683	JPY
V	711754	MXN
V	711823	SAR
V	711893	VEB
V	711960	ARS
V	712024	AUD
V	712094	BRL
V	712163	CAD
V	712233	CNY
V	712303	EUR
V	712373	GBP
V	712443	JPY
V	712514	MXN
V	712582	SAR
V	712652	VEB
V	712721	ARS
V	712788	AUD
V	712858	BRL
V	712926	CAD
V	712995	CNY
V	713065	EUR
V	713135	GBP
V	713205	JPY
V	713276	MXN
V	713345	SAR
V	713415	VEB
V	713482	ARS
V	713549	AUD
V	713619	BRL
V	713688	CAD
V	713758	CNY
V	713828	EUR
V	713898	GBP
V	713968	JPY
V	714037	MXN
V	714106	SAR
V	714176	VEB
V	714245	ARS
V	714312	AUD
V	714382	BRL
V	714449	CAD
V	714519	CNY
V	714589	EUR
V	714659	GBP
V	714729	JPY
V	714800	MXN
V	714870	SAR
V	714940	VEB
V	715009	ARS
V	715077	AUD
V	715147	BRL
V	715216	CAD
V	715286	CNY
V	715355	EUR
V	715425	GBP
V	715495	JPY
V	715566	MXN
V	715634	SAR
V	715704	VEB
V	715775	ARS
V	715843	AUD
V	715913	BRL
V	715981	CAD
V	716050	CNY
V	716120	EUR
V	716189	GBP
V	716259	JPY
V	716331	MXN
V	716401	SAR
V	716471	VEB
V	716540	ARS
V	716608	AUD
V	716678	BRL
V	716748	CAD
V	716817	CNY
V	716887	EUR
V	716957	GBP
V	717027	JPY
V	717098	MXN
V	717167	SAR
V	717237	VEB
V	717306	ARS
V	717374	AUD
V	717444	BRL
V	717514	CAD
V	717583	CNY
V	717653	EUR
V	717722	GBP
V	717791	JPY
V	717861	MXN
V	717929	SAR
V	717999	VEB
V	718068	ARS
V	718136	AUD
V	718206	BRL
V	718276	CAD
V	718346	CNY
V	718416	EUR
V	718484	GBP
V	718554	JPY
V	718623	MXN
V	718691	SAR
V	718761	VEB
V	718830	ARS
V	718898	AUD
V	718968	BRL
V	719038	CAD
V	719108	CNY
V	719178	EUR
V	719248	GBP
V	719318	JPY
V	719385	MXN
V	719452	SAR
V	719522	VEB
V	719591	ARS
V	719659	AUD
V	719729	BRL
V	719799	CAD
V	719869	CNY
V	719939	EUR
V	720008	GBP
V	720078	JPY
V	720149	MXN
V	720218	SAR
V	720288	VEB
V	720357	ARS
V	720425	AUD
V	720494	BRL
V	720564	CAD
V	720634	CNY
V	720704	EUR
V	720774	GBP
V	720844	JPY
V	720915	MXN
V	720985	SAR
V	721055	VEB
V	721124	ARS
V	721190	AUD
V	721260	BRL
V	721329	CAD
V	721399	CNY
V	721468	EUR
V	721538	GBP
V	721608	JPY
V	721678	MXN
V	721748	SAR
V	721818	VEB
V	721887	ARS
V	721955	AUD
V	722025	BRL
V	722092	CAD
V	722161	CNY
V	722230	EUR
V	722300	GBP
V	722370	JPY
V	722438	MXN
V	722508	SAR
V	722578	VEB
V	722649	ARS
V	722717	AUD
V	722787	BRL
V	722857	CAD
V	722926	CNY
V	722996	EUR
V	723066	GBP
V	723136	JPY
V	723207	MXN
V	723276	SAR
V	723346	VEB
V	723415	ARS
V	723483	AUD
V	723552	BRL
V	723621	CAD
V	723691	CNY
V	723761	EUR
V	723831	GBP
V	723901	JPY
V	723971	MXN
V	724040	SAR
V	724110	VEB
V	724179	ARS
V	724247	AUD
V	724317	BRL
V	724387	CAD
V	724457	CNY
V	724527	EUR
V	724597	GBP
V	724666	JPY
V	724737	MXN
V	724805	SAR
V	724875	VEB
V	724944	ARS
V	725014	AUD
V	725084	BRL
V	725153	CAD
V	725223	CNY
V	725293	EUR
V	725363	GBP
V	725433	JPY
V	725505	MXN
V	725575	SAR
V	725645	VEB
V	725714	ARS
V	725782	AUD
V	725851	BRL
V	725920	CAD
V	725988	CNY
V	726058	EUR
V	726127	GBP
V	726197	JPY
V	726268	MXN
V	726337	SAR
V	726407	VEB
V	726478	ARS
V	726545	AUD
V	726615	BRL
V	726683	CAD
V	726752	CNY
V	726821	EUR
V	726889	GBP
V	726959	JPY
V	727030	MXN
V	727098	SAR
V	727168	VEB
V	727237	ARS
V	727307	AUD
V	727377	BRL
V	727447	CAD
V	727516	CNY
V	727586	EUR
V	727656	GBP
V	727726	JPY
V	727797	MXN
V	727866	SAR
V	727936	VEB
V	728005	ARS
V	728073	AUD
V	728143	BRL
V	728212	CAD
V	728281	CNY
V	728351	EUR
V	728421	GBP
V	728491	JPY
V	728562	MXN
V	728632	SAR
V	728702	VEB
V	728771	ARS
V	728839	AUD
V	728909	BRL
V	728978	CAD
V	729047	CNY
V	729116	EUR
V	729184	GBP
V	729254	JPY
V	729325	MXN
V	729394	SAR
V	729464	VEB
V	729535	ARS
V	729603	AUD
V	729673	BRL
V	729742	CAD
V	729811	CNY
V	729881	EUR
V	729951	GBP
V	730021	JPY
V	730092	MXN
V	730161	SAR
V	730231	VEB
V	730299	ARS
V	730369	AUD
V	730439	BRL
V	730508	CAD
V	730578	CNY
V	730648	EUR
V	730717	GBP
V	730787	JPY
V	730858	MXN
V	730928	SAR
V	730998	VEB
V	731067	ARS
V	731137	AUD
V	731207	BRL
V	731275	CAD
V	731345	CNY
V	731415	EUR
V	731485	GBP
V	731555	JPY
V	731626	MXN
V	731695	SAR
V	731765	VEB
V	731834	ARS
V	731904	AUD
V	731972	BRL
V	732040	CAD
V	732109	CNY
V	732179	EUR
V	732249	GBP
V	732318	JPY
V	732389	MXN
V	732458	SAR
V	732528	VEB
V	732597	ARS
V	732665	AUD
V	732734	BRL
V	732803	CAD
V	732873	CNY
V	732942	EUR
V	733012	GBP
V	733082	JPY
V	733153	MXN
V	733223	SAR
V	733293	VEB
V	733362	ARS
V	733432	AUD
V	733502	BRL
V	733571	CAD
V	733641	CNY
V	733709	EUR
V	733779	GBP
V	733849	JPY
V	733920	MXN
V	733987	SAR
V	734057	VEB
V	734126	ARS
V	734196	AUD
V	734266	BRL
V	734335	CAD
V	734405	CNY
V	734473	EUR
V	734543	GBP
V	734612	JPY
V	734683	MXN
V	734751	SAR
V	734821	VEB
V	734890	ARS
V	734960	AUD
V	735030	BRL
V	735099	CAD
V	735169	CNY
V	735238	EUR
V	735308	GBP
V	735378	JPY
V	735449	MXN
V	735516	SAR
V	735586	VEB
V	735655	ARS
V	735723	AUD
V	735793	BRL
V	735862	CAD
V	735932	CNY
V	736001	EUR
V	736071	GBP
V	736141	JPY
V	736212	MXN
V	736282	SAR
V	736352	VEB
V	736421	ARS
V	736489	AUD
V	736559	BRL
V	736627	CAD
V	736697	CNY
V	736767	EUR
V	736837	GBP
V	736907	JPY
V	736978	MXN
V	737047	SAR
V	737117	VEB
V	737188	ARS
V	737256	AUD
V	737326	BRL
V	737395	CAD
V	737465	CNY
V	737535	EUR
V	737605	GBP
V	737675	JPY
V	737746	MXN
V	737814	SAR
V	737884	VEB
V	737953	ARS
V	738020	AUD
V	738089	BRL
V	738157	CAD
V	738227	CNY
V	738297	EUR
V	738367	GBP
V	738436	JPY
V	738507	MXN
V	738576	SAR
V	738646	VEB
V	738715	ARS
V	738782	AUD
V	738852	BRL
V	738920	CAD
V	738990	CNY
V	739060	EUR
V	739130	GBP
V	739200	JPY
V	739270	MXN
V	739340	SAR
V	739409	VEB
V	739478	ARS
V	739545	AUD
V	739615	BRL
V	739684	CAD
V	739754	CNY
V	739823	EUR
V	739893	GBP
V	739963	JPY
V	740034	MXN
V	740103	SAR
V	740173	VEB
V	740242	ARS
V	740308	AUD
V	740378	BRL
V	740448	CAD
V	740517	CNY
V	740587	EUR
V	740657	GBP
V	740727	JPY
V	740798	MXN
V	740867	SAR
V	740937	VEB
V	741006	ARS
V	741074	AUD
V	741144	BRL
V	741212	CAD
V	741282	CNY
V	741352	EUR
V	741422	GBP
V	741492	JPY
V	741563	MXN
V	741633	SAR
V	741703	VEB
V	741772	ARS
V	741840	AUD
V	741909	BRL
V	741979	CAD
V	742049	CNY
V	742119	EUR
V	742189	GBP
V	742259	JPY
V	742330	MXN
V	742400	SAR
V	742470	VEB
V	742539	ARS
V	742607	AUD
V	742677	BRL
V	742746	CAD
V	742816	CNY
V	742886	EUR
V	742956	GBP
V	743026	JPY
V	743097	MXN
V	743167	SAR
V	743237	VEB
V	743308	ARS
V	743375	AUD
V	743445	BRL
V	743514	CAD
V	743584	CNY
V	743654	EUR
V	743724	GBP
V	743794	JPY
V	743865	MXN
V	743935	SAR
V	744005	VEB
V	744077	ARS
V	744147	AUD
V	744215	BRL
V	744284	CAD
V	744354	CNY
V	744424	EUR
V	744494	GBP
V	744563	JPY
V	744635	MXN
V	744704	SAR
V	744774	VEB
V	744843	ARS
V	744913	AUD
V	744983	BRL
V	745052	CAD
V	745122	CNY
V	745191	EUR
V	745260	GBP
V	745329	JPY
V	745399	MXN
V	745469	SAR
V	745539	VEB
V	745605	ARS
V	745675	AUD
V	745744	BRL
V	745812	CAD
V	745882	CNY
V	745952	EUR
V	746022	GBP
V	746091	JPY
V	746162	MXN
V	746230	SAR
V	746300	VEB
V	746369	ARS
V	746437	AUD
V	746507	BRL
V	746574	CAD
V	746644	CNY
V	746712	EUR
V	746782	GBP
V	746852	JPY
V	746923	MXN
V	746993	SAR
V	747063	VEB
V	747132	ARS
V	747200	AUD
V	747270	BRL
V	747338	CAD
V	747408	CNY
V	747478	EUR
V	747548	GBP
V	747616	JPY
V	747687	MXN
V	747756	SAR
V	747826	VEB
V	747897	ARS
V	747965	AUD
V	748035	BRL
V	748104	CAD
V	748174	CNY
V	748244	EUR
V	748312	GBP
V	748382	JPY
V	748453	MXN
V	748522	SAR
V	748591	VEB
V	748660	ARS
V	748728	AUD
V	748798	BRL
V	748867	CAD
V	748937	CNY
V	749007	EUR
V	749077	GBP
V	749146	JPY
V	749217	MXN
V	749286	SAR
V	749356	VEB
V	749427	ARS
V	749495	AUD
V	749565	BRL
V	749634	CAD
V	749703	CNY
V	749773	EUR
V	749843	GBP
V	749913	JPY
V	749984	MXN
V	750053	SAR
V	750123	VEB
V	750192	ARS
V	750260	AUD
V	750330	BRL
V	750398	CAD
V	750468	CNY
V	750538	EUR
V	750608	GBP
V	750678	JPY
V	750749	MXN
V	750818	SAR
V	750888	VEB
V	750959	ARS
V	751027	AUD
V	751097	BRL
V	751165	CAD
V	751235	CNY
V	751305	EUR
V	751375	GBP
V	751445	JPY
V	751517	MXN
V	751586	SAR
V	751656	VEB
V	751725	ARS
V	751793	AUD
V	751863	BRL
V	751931	CAD
V	752001	CNY
V	752070	EUR
V	752140	GBP
V	752210	JPY
V	752280	MXN
V	752350	SAR
V	752420	VEB
V	752489	ARS
V	752559	AUD
V	752628	BRL
V	752697	CAD
V	752767	CNY
V	752836	EUR
V	752906	GBP
V	752976	JPY
V	753047	MXN
V	753116	SAR
V	753186	VEB
V	753258	ARS
V	753324	AUD
V	753394	BRL
V	753464	CAD
V	753534	CNY
V	753604	EUR
V	753672	GBP
V	753742	JPY
V	753814	MXN
V	753884	SAR
V	753954	VEB
V	754023	ARS
V	754091	AUD
V	754161	BRL
V	754230	CAD
V	754300	CNY
V	754370	EUR
V	754440	GBP
V	754509	JPY
V	754580	MXN
V	754650	SAR
V	754720	VEB
V	754789	ARS
V	754857	AUD
V	754927	BRL
V	754996	CAD
V	755066	CNY
V	755136	EUR
V	755206	GBP
V	755275	JPY
V	755346	MXN
V	755415	SAR
V	755485	VEB
V	755554	ARS
V	755622	AUD
V	755692	BRL
V	755761	CAD
V	755831	CNY
V	755901	EUR
V	755971	GBP
V	756041	JPY
V	756113	MXN
V	756183	SAR
V	756253	VEB
V	756322	ARS
V	756388	AUD
V	756458	BRL
V	756527	CAD
V	756596	CNY
V	756666	EUR
V	756736	GBP
V	756805	JPY
V	756876	MXN
V	756946	SAR
V	757016	VEB
V	757085	ARS
V	757153	AUD
V	757223	BRL
V	757292	CAD
V	757360	CNY
V	757430	EUR
V	757500	GBP
V	757570	JPY
V	757640	MXN
V	757710	SAR
V	757780	VEB
V	757849	ARS
V	757915	AUD
V	757984	BRL
V	758052	CAD
V	758122	CNY
V	758192	EUR
V	758262	GBP
V	758332	JPY
V	758402	MXN
V	758471	SAR
V	758541	VEB
V	758612	ARS
V	758680	AUD
V	758750	BRL
V	758817	CAD
V	758887	CNY
V	758956	EUR
V	759026	GBP
V	759096	JPY
V	759167	MXN
V	759236	SAR
V	759306	VEB
V	759375	ARS
V	759443	AUD
V	759512	BRL
V	759581	CAD
V	759651	CNY
V	759721	EUR
V	759790	GBP
V	759860	JPY
V	759931	MXN
V	760001	SAR
V	760070	VEB
V	760141	ARS
V	760209	AUD
V	760279	BRL
V	760349	CAD
V	760419	CNY
V	760489	EUR
V	760559	GBP
V	760629	JPY
V	760701	MXN
V	760770	SAR
V	760840	VEB
V	760906	ARS
V	760974	AUD
V	761044	BRL
V	761114	CAD
V	761184	CNY
V	761254	EUR
V	761324	GBP
V	761393	JPY
V	761465	MXN
V	761535	SAR
V	761605	VEB
V	761674	ARS
V	761741	AUD
V	761811	BRL
V	761880	CAD
V	761950	CNY
V	762020	EUR
V	762090	GBP
V	762160	JPY
V	762231	MXN
V	762301	SAR
V	762371	VEB
V	762440	ARS
V	762507	AUD
V	762577	BRL
V	762645	CAD
V	762715	CNY
V	762785	EUR
V	762855	GBP
V	762925	JPY
V	762996	MXN
V	763066	SAR
V	763136	VEB
V	763205	ARS
V	763273	AUD
V	763343	BRL
V	763411	CAD
V	763481	CNY
V	763550	EUR
V	763620	GBP
V	763690	JPY
V	763760	MXN
V	763830	SAR
V	763900	VEB
V	763969	ARS
V	764037	AUD
V	764107	BRL
V	764176	CAD
V	764246	CNY
V	764316	EUR
V	764385	GBP
V	764455	JPY
V	764526	MXN
V	764596	SAR
V	764666	VEB
V	764735	ARS
V	764803	AUD
V	764873	BRL
V	764942	CAD
V	765012	CNY
V	765082	EUR
V	765152	GBP
V	765222	JPY
V	765293	MXN
V	765363	SAR
V	765433	VEB
V	765502	ARS
V	765570	AUD
V	765640	BRL
V	765710	CAD
V	765780	CNY
V	765850	EUR
V	765919	GBP
V	765989	JPY
V	766059	MXN
V	766128	SAR
V	766198	VEB
V	766269	ARS
V	766337	AUD
V	766407	BRL
V	766477	CAD
V	766547	CNY
V	766617	EUR
V	766687	GBP
V	766757	JPY
V	766828	MXN
V	766897	SAR
V	766967	VEB
V	767036	ARS
V	767104	AUD
V	767174	BRL
V	767243	CAD
V	767313	CNY
V	767383	EUR
V	767453	GBP
V	767523	JPY
V	767593	MXN
V	767663	SAR
V	767733	VEB
V	767804	ARS
V	767872	AUD
V	767942	BRL
V	768012	CAD
V	768082	CNY
V	768151	EUR
V	768221	GBP
V	768291	JPY
V	768362	MXN
V	768432	SAR
V	768502	VEB
V	768571	ARS
V	768639	AUD
V	768709	BRL
V	768777	CAD
V	768847	CNY
V	768916	EUR
V	768986	GBP
V	769056	JPY
V	769127	MXN
V	769196	SAR
V	769266	VEB
V	769335	ARS
V	769405	AUD
V	769475	BRL
V	769543	CAD
V	769613	CNY
V	769683	EUR
V	769752	GBP
V	769821	JPY
V	769892	MXN
V	769960	SAR
V	770030	VEB
V	770099	ARS
V	770167	AUD
V	770237	BRL
V	770305	CAD
V	770375	CNY
V	770444	EUR
V	770514	GBP
V	770584	JPY
V	770655	MXN
V	770724	SAR
V	770794	VEB
V	770863	ARS
V	770931	AUD
V	771001	BRL
V	771069	CAD
V	771139	CNY
V	771209	EUR
V	771279	GBP
V	771349	JPY
V	771419	MXN
V	771489	SAR
V	771559	VEB
V	771628	ARS
V	771696	AUD
V	771766	BRL
V	771834	CAD
V	771904	CNY
V	771974	EUR
V	772044	GBP
V	772114	JPY
V	772185	MXN
V	772254	SAR
V	772324	VEB
V	772390	ARS
V	772458	AUD
V	772528	BRL
V	772597	CAD
V	772667	CNY
V	772737	EUR
V	772807	GBP
V	772876	JPY
V	772947	MXN
V	773016	SAR
V	773086	VEB
V	773155	ARS
V	773221	AUD
V	773291	BRL
V	773359	CAD
V	773429	CNY
V	773499	EUR
V	773569	GBP
V	773637	JPY
V	773708	MXN
V	773776	SAR
V	773846	VEB
V	773912	ARS
V	773979	AUD
V	774049	BRL
V	774117	CAD
V	774187	CNY
V	774257	EUR
V	774327	GBP
V	774397	JPY
V	774469	MXN
V	774538	SAR
V	774608	VEB
V	774677	ARS
V	774745	AUD
V	774815	BRL
V	774882	CAD
V	774952	CNY
V	775022	EUR
V	775092	GBP
V	775162	JPY
V	775233	MXN
V	775302	SAR
V	775372	VEB
V	775443	ARS
V	775513	AUD
V	775582	BRL
V	775652	CAD
V	775722	CNY
V	775792	EUR
V	775862	GBP
V	775932	JPY
V	776002	MXN
V	776072	SAR
V	776142	VEB
V	776211	ARS
V	776281	AUD
V	776350	BRL
V	776420	CAD
V	776490	CNY
V	776560	EUR
V	776629	GBP
V	776698	JPY
V	776769	MXN
V	776839	SAR
V	776909	VEB
V	776978	ARS
V	777048	AUD
V	777118	BRL
V	777187	CAD
V	777257	CNY
V	777327	EUR
V	777396	GBP
V	777466	JPY
V	777536	MXN
V	777605	SAR
V	777675	VEB
V	777744	ARS
V	777814	AUD
V	777884	BRL
V	777953	CAD
V	778023	CNY
V	778093	EUR
V	778163	GBP
V	778233	JPY
V	778304	MXN
V	778373	SAR
V	778443	VEB
V	778512	ARS
V	778582	AUD
V	778652	BRL
V	778721	CAD
V	778791	CNY
V	778861	EUR
V	778931	GBP
V	779001	JPY
V	779071	MXN
V	779140	SAR
V	779210	VEB
V	779279	ARS
V	779345	AUD
V	779415	BRL
V	779482	CAD
V	779552	CNY
V	779622	EUR
V	779692	GBP
V	779762	JPY
V	779833	MXN
V	779902	SAR
V	779972	VEB
V	780038	ARS
V	780108	AUD
V	780178	BRL
V	780245	CAD
V	780314	CNY
V	780384	EUR
V	780454	GBP
V	780524	JPY
V	780596	MXN
V	780666	SAR
V	780736	VEB
V	780802	ARS
V	780868	AUD
V	780938	BRL
V	781006	CAD
V	781076	CNY
V	781146	EUR
V	781216	GBP
V	781286	JPY
V	781358	MXN
V	781427	SAR
V	781497	VEB
V	781568	ARS
V	781636	AUD
V	781706	BRL
V	781775	CAD
V	781845	CNY
V	781915	EUR
V	781985	GBP
V	782055	JPY
V	782127	MXN
V	782196	SAR
V	782266	VEB
V	782335	ARS
V	782401	AUD
V	782471	BRL
V	782540	CAD
V	782609	CNY
V	782679	EUR
V	782749	GBP
V	782819	JPY
V	782890	MXN
V	782959	SAR
V	783029	VEB
V	783098	ARS
V	783166	AUD
V	783236	BRL
V	783306	CAD
V	783375	CNY
V	783445	EUR
V	783515	GBP
V	783585	JPY
V	783657	MXN
V	783726	SAR
V	783796	VEB
V	783865	ARS
V	783935	AUD
V	784004	BRL
V	784071	CAD
V	784140	CNY
V	784210	EUR
V	784280	GBP
V	784350	JPY
V	784421	MXN
V	784490	SAR
V	784560	VEB
V	784626	ARS
V	784696	AUD
V	784766	BRL
V	784834	CAD
V	784904	CNY
V	784974	EUR
V	785044	GBP
V	785114	JPY
V	785185	MXN
V	785255	SAR
V	785324	VEB
V	785393	ARS
V	785459	AUD
V	785529	BRL
V	785595	CAD
V	785664	CNY
V	785734	EUR
V	785803	GBP
V	785873	JPY
V	785944	MXN
V	786013	SAR
V	786083	VEB
V	786154	ARS
V	786222	AUD
V	786292	BRL
V	786359	CAD
V	786429	CNY
V	786499	EUR
V	786569	GBP
V	786639	JPY
V	786709	MXN
V	786779	SAR
V	786849	VEB
V	786918	ARS
V	786986	AUD
V	787056	BRL
V	787123	CAD
V	787193	CNY
V	787263	EUR
V	787333	GBP
V	787403	JPY
V	787475	MXN
V	787545	SAR
V	787615	VEB
V	787684	ARS
V	787752	AUD
V	787822	BRL
V	787889	CAD
V	787959	CNY
V	788029	EUR
V	788098	GBP
V	788168	JPY
V	788240	MXN
V	788309	SAR
V	788379	VEB
V	788448	ARS
V	788515	AUD
V	788585	BRL
V	788653	CAD
V	788723	CNY
V	788793	EUR
V	788863	GBP
V	788933	JPY
V	789004	MXN
V	789074	SAR
V	789144	VEB
V	789215	ARS
V	789283	AUD
V	789353	BRL
V	789419	CAD
V	789489	CNY
V	789559	EUR
V	789629	GBP
V	789698	JPY
V	789770	MXN
V	789838	SAR
V	789908	VEB
V	789977	ARS
V	790044	AUD
V	790113	BRL
V	790180	CAD
V	790250	CNY
V	790320	EUR
V	790390	GBP
V	790460	JPY
V	790532	MXN
V	790601	SAR
V	790671	VEB
V	790742	ARS
V	790810	AUD
V	790880	BRL
V	790947	CAD
V	791017	CNY
V	791087	EUR
V	791157	GBP
V	791227	JPY
V	791298	MXN
V	791367	SAR
V	791437	VEB
V	791506	ARS
V	791573	AUD
V	791643	BRL
V	791712	CAD
V	791782	CNY
V	791852	EUR
V	791922	GBP
V	791992	JPY
V	792063	MXN
V	792132	SAR
V	792202	VEB
V	792273	ARS
V	792340	AUD
V	792410	BRL
V	792480	CAD
V	792550	CNY
V	792620	EUR
V	792688	GBP
V	792757	JPY
V	792829	MXN
V	792899	SAR
V	792968	VEB
V	793037	ARS
V	793104	AUD
V	793173	BRL
V	793242	CAD
V	793312	CNY
V	793382	EUR
V	793451	GBP
V	793521	JPY
V	793593	MXN
V	793663	SAR
V	793733	VEB
V	793802	ARS
V	793869	AUD
V	793939	BRL
V	794008	CAD
V	794078	CNY
V	794148	EUR
V	794218	GBP
V	794288	JPY
V	794358	MXN
V	794427	SAR
V	794497	VEB
V	794566	ARS
V	794634	AUD
V	794704	BRL
V	794771	CAD
V	794841	CNY
V	794911	EUR
V	794980	GBP
V	795050	JPY
V	795121	MXN
V	795191	SAR
V	795261	VEB
V	795330	ARS
V	795398	AUD
V	795468	BRL
V	795537	CAD
V	795607	CNY
V	795677	EUR
V	795745	GBP
V	795815	JPY
V	795886	MXN
V	795955	SAR
V	796025	VEB
V	796094	ARS
V	796162	AUD
V	796232	BRL
V	796299	CAD
V	796369	CNY
V	796439	EUR
V	796508	GBP
V	796578	JPY
V	796649	MXN
V	796719	SAR
V	796789	VEB
V	796858	ARS
V	796928	AUD
V	796998	BRL
V	797066	CAD
V	797136	CNY
V	797206	EUR
V	797276	GBP
V	797346	JPY
V	797417	MXN
V	797486	SAR
V	797556	VEB
V	797625	ARS
V	797695	AUD
V	797765	BRL
V	797835	CAD
V	797904	CNY
V	797974	EUR
V	798044	GBP
V	798113	JPY
V	798184	MXN
V	798254	SAR
V	798324	VEB
V	798393	ARS
V	798463	AUD
V	798533	BRL
V	798602	CAD
V	798672	CNY
V	798741	EUR
V	798811	GBP
V	798880	JPY
V	798952	MXN
V	799021	SAR
V	799091	VEB
V	799160	ARS
V	799230	AUD
V	799300	BRL
V	799369	CAD
V	799439	CNY
V	799509	EUR
V	799579	GBP
V	799648	JPY
V	799719	MXN
V	799787	SAR
V	799857	VEB
V	799928	ARS
V	799998	AUD
V	800068	BRL
V	800137	CAD
V	800207	CNY
V	800277	EUR
V	800347	GBP
V	800417	JPY
V	800488	MXN
V	800557	SAR
V	800627	VEB
V	800696	ARS
V	800766	AUD
V	800836	BRL
V	800904	CAD
V	800974	CNY
V	801042	EUR
V	801112	GBP
V	801180	JPY
V	801251	MXN
V	801321	SAR
V	801391	VEB
V	801460	ARS
V	801528	AUD
V	801597	BRL
V	801666	CAD
V	801736	CNY
V	801806	EUR
V	801876	GBP
V	801946	JPY
V	802017	MXN
V	802087	SAR
V	802157	VEB
V	802226	ARS
V	802296	AUD
V	802366	BRL
V	802435	CAD
V	802505	CNY
V	802575	EUR
V	802645	GBP
V	802715	JPY
V	802787	MXN
V	802858	SAR
V	802928	VEB
V	802997	ARS
V	803067	AUD
V	803137	BRL
V	803207	CAD
V	803277	CNY
V	803346	EUR
V	803415	GBP
V	803485	JPY
V	803556	MXN
V	803626	SAR
V	803696	VEB
V	803765	ARS
V	803835	AUD
V	803905	BRL
V	803974	CAD
V	804044	CNY
V	804113	EUR
V	804183	GBP
V	804253	JPY
V	804324	MXN
V	804392	SAR
V	804462	VEB
V	804531	ARS
V	804601	AUD
V	804671	BRL
V	804740	CAD
V	804810	CNY
V	804879	EUR
V	804949	GBP
V	805019	JPY
V	805090	MXN
V	805158	SAR
V	805228	VEB
V	805297	ARS
V	805365	AUD
V	805435	BRL
V	805503	CAD
V	805573	CNY
V	805642	EUR
V	805712	GBP
V	805781	JPY
V	805852	MXN
V	805922	SAR
V	805992	VEB
V	806063	ARS
V	806131	AUD
V	806201	BRL
V	806269	CAD
V	806338	CNY
V	806407	EUR
V	806477	GBP
V	806547	JPY
V	806618	MXN
V	806684	SAR
V	806754	VEB
V	806823	ARS
V	806891	AUD
V	806961	BRL
V	807030	CAD
V	807100	CNY
V	807169	EUR
V	807239	GBP
V	807309	JPY
V	807380	MXN
V	807451	SAR
V	807521	VEB
V	807590	ARS
V	807658	AUD
V	807728	BRL
V	807798	CAD
V	807868	CNY
V	807938	EUR
V	808007	GBP
V	808077	JPY
V	808148	MXN
V	808218	SAR
V	808288	VEB
V	808357	ARS
V	808424	AUD
V	808493	BRL
V	808563	CAD
V	808633	CNY
V	808703	EUR
V	808773	GBP
V	808843	JPY
V	808914	MXN
V	808984	SAR
V	809054	VEB
V	809123	ARS
V	809191	AUD
V	809261	BRL
V	809331	CAD
V	809401	CNY
V	809470	EUR
V	809540	GBP
V	809610	JPY
V	809682	MXN
V	809750	SAR
V	809820	VEB
V	809889	ARS
V	809957	AUD
V	810027	BRL
V	810096	CAD
V	810166	CNY
V	810236	EUR
V	810305	GBP
V	810375	JPY
V	810446	MXN
V	810515	SAR
V	810585	VEB
V	810654	ARS
V	810724	AUD
V	810794	BRL
V	810863	CAD
V	810933	CNY
V	811003	EUR
V	811073	GBP
V	811143	JPY
V	811213	MXN
V	811283	SAR
V	811353	VEB
V	811422	ARS
V	811492	AUD
V	811560	BRL
V	811628	CAD
V	811698	CNY
V	811768	EUR
V	811838	GBP
V	811908	JPY
V	811979	MXN
V	812050	SAR
V	812120	VEB
V	812189	ARS
V	812257	AUD
V	812327	BRL
V	812394	CAD
V	812464	CNY
V	812534	EUR
V	812604	GBP
V	812674	JPY
V	812745	MXN
V	812815	SAR
V	812885	VEB
V	812956	ARS
V	813024	AUD
V	813094	BRL
V	813161	CAD
V	813231	CNY
V	813301	EUR
V	813371	GBP
V	813441	JPY
V	813512	MXN
V	813580	SAR
V	813650	VEB
V	813721	ARS
V	813789	AUD
V	813859	BRL
V	813928	CAD
V	813998	CNY
V	814066	EUR
V	814136	GBP
V	814206	JPY
V	814276	MXN
V	814346	SAR
V	814415	VEB
V	814484	ARS
V	814552	AUD
V	814622	BRL
V	814692	CAD
V	814762	CNY
V	814831	EUR
V	814901	GBP
V	814971	JPY
V	815042	MXN
V	815111	SAR
V	815180	VEB
V	815249	ARS
V	815317	AUD
V	815387	BRL
V	815456	CAD
V	815526	CNY
V	815595	EUR
V	815665	GBP
V	815735	JPY
V	815805	MXN
V	815876	SAR
V	815946	VEB
V	816015	ARS
V	816085	AUD
V	816155	BRL
V	816222	CAD
V	816290	CNY
V	816360	EUR
V	816430	GBP
V	816500	JPY
V	816571	MXN
V	816642	SAR
V	816712	VEB
V	816781	ARS
V	816851	AUD
V	816921	BRL
V	816988	CAD
V	817058	CNY
V	817128	EUR
V	817198	GBP
V	817268	JPY
V	817340	MXN
V	817410	SAR
V	817480	VEB
V	817549	ARS
V	817619	AUD
V	817689	BRL
V	817757	CAD
V	817827	CNY
V	817896	EUR
V	817966	GBP
V	818036	JPY
V	818107	MXN
V	818178	SAR
V	818248	VEB
V	818317	ARS
V	818385	AUD
V	818454	BRL
V	818523	CAD
V	818593	CNY
V	818663	EUR
V	818733	GBP
V	818803	JPY
V	818874	MXN
V	818945	SAR
V	819015	VEB
V	819084	ARS
V	819152	AUD
V	819222	BRL
V	819291	CAD
V	819360	CNY
V	819430	EUR
V	819498	GBP
V	819568	JPY
V	819639	MXN
V	819708	SAR
V	819778	VEB
V	819847	ARS
V	819915	AUD
V	819985	BRL
V	820055	CAD
V	820124	CNY
V	820194	EUR
V	820264	GBP
V	820334	JPY
V	820405	MXN
V	820475	SAR
V	820545	VEB
V	820614	ARS
V	820682	AUD
V	820752	BRL
V	820821	CAD
V	820890	CNY
V	820960	EUR
V	821030	GBP
V	821100	JPY
V	821170	MXN
V	821240	SAR
V	821310	VEB
V	821379	ARS
V	821447	AUD
V	821517	BRL
V	821586	CAD
V	821656	CNY
V	821725	EUR
V	821795	GBP
V	821865	JPY
V	821935	MXN
V	822003	SAR
V	822073	VEB
V	822142	ARS
V	822210	AUD
V	822279	BRL
V	822347	CAD
V	822417	CNY
V	822487	EUR
V	822557	GBP
V	822627	JPY
V	822697	MXN
V	822768	SAR
V	822838	VEB
V	822909	ARS
V	822977	AUD
V	823047	BRL
V	823115	CAD
V	823183	CNY
V	823253	EUR
V	823323	GBP
V	823393	JPY
V	823464	MXN
V	823534	SAR
V	823604	VEB
V	823673	ARS
V	823741	AUD
V	823810	BRL
V	823878	CAD
V	823948	CNY
V	824018	EUR
V	824088	GBP
V	824157	JPY
V	824227	MXN
V	824297	SAR
V	824367	VEB
V	824440	ARS
V	824508	AUD
V	824578	BRL
V	824648	CAD
V	824718	CNY
V	824788	EUR
V	824858	GBP
V	824927	JPY
V	824998	MXN
V	825068	SAR
V	825137	VEB
V	825206	ARS
V	825274	AUD
V	825344	BRL
V	825413	CAD
V	825483	CNY
V	825553	EUR
V	825623	GBP
V	825693	JPY
V	825764	MXN
V	825834	SAR
V	825904	VEB
V	825973	ARS
V	826041	AUD
V	826111	BRL
V	826181	CAD
V	826251	CNY
V	826321	EUR
V	826389	GBP
V	826459	JPY
V	826530	MXN
V	826600	SAR
V	826670	VEB
V	826739	ARS
V	826807	AUD
V	826877	BRL
V	826945	CAD
V	827015	CNY
V	827085	EUR
V	827154	GBP
V	827224	JPY
V	827295	MXN
V	827365	SAR
V	827435	VEB
V	827506	ARS
V	827574	AUD
V	827644	BRL
V	827712	CAD
V	827782	CNY
V	827852	EUR
V	827922	GBP
V	827992	JPY
V	828063	MXN
V	828133	SAR
V	828203	VEB
V	828272	ARS
V	828339	AUD
V	828409	BRL
V	828478	CAD
V	828548	CNY
V	828618	EUR
V	828688	GBP
V	828756	JPY
V	828827	MXN
V	828898	SAR
V	828968	VEB
V	829037	ARS
V	829101	AUD
V	829171	BRL
V	829239	CAD
V	829309	CNY
V	829379	EUR
V	829449	GBP
V	829519	JPY
V	829590	MXN
V	829659	SAR
V	829729	VEB
V	829800	ARS
V	829867	AUD
V	829937	BRL
V	830006	CAD
V	830076	CNY
V	830145	EUR
V	830215	GBP
V	830285	JPY
V	830356	MXN
V	830426	SAR
V	830496	VEB
V	830569	ARS
V	830636	AUD
V	830706	BRL
V	830774	CAD
V	830844	CNY
V	830913	EUR
V	830983	GBP
V	831053	JPY
V	831124	MXN
V	831193	SAR
V	831263	VEB
V	831334	ARS
V	831401	AUD
V	831471	BRL
V	831541	CAD
V	831611	CNY
V	831680	EUR
V	831750	GBP
V	831820	JPY
V	831891	MXN
V	831961	SAR
V	832031	VEB
V	832102	ARS
V	832169	AUD
V	832239	BRL
V	832306	CAD
V	832376	CNY
V	832446	EUR
V	832516	GBP
V	832586	JPY
V	832657	MXN
V	832726	SAR
V	832796	VEB
V	832867	ARS
V	832933	AUD
V	833003	BRL
V	833072	CAD
V	833142	CNY
V	833212	EUR
V	833282	GBP
V	833352	JPY
V	833422	MXN
V	833493	SAR
V	833563	VEB
V	833633	ARS
V	833701	AUD
V	833771	BRL
V	833840	CAD
V	833910	CNY
V	833980	EUR
V	834050	GBP
V	834120	JPY
V	834191	MXN
V	834262	SAR
V	834332	VEB
V	834403	ARS
V	834470	AUD
V	834540	BRL
V	834608	CAD
V	834678	CNY
V	834748	EUR
V	834818	GBP
V	834888	JPY
V	834959	MXN
V	835029	SAR
V	835099	VEB
V	835168	ARS
V	835236	AUD
V	835306	BRL
V	835375	CAD
V	835444	CNY
V	835513	EUR
V	835583	GBP
V	835653	JPY
V	835724	MXN
V	835793	SAR
V	835863	VEB
V	835934	ARS
V	836002	AUD
V	836071	BRL
V	836140	CAD
V	836210	CNY
V	836280	EUR
V	836350	GBP
V	836419	JPY
V	836490	MXN
V	836560	SAR
V	836630	VEB
V	836701	ARS
V	836769	AUD
V	836839	BRL
V	836909	CAD
V	836979	CNY
V	837049	EUR
V	837119	GBP
V	837188	JPY
V	837260	MXN
V	837330	SAR
V	837400	VEB
V	837468	ARS
V	837534	AUD
V	837604	BRL
V	837674	CAD
V	837744	CNY
V	837813	EUR
V	837883	GBP
V	837953	JPY
V	838024	MXN
V	838094	SAR
V	838164	VEB
V	838236	ARS
V	838306	AUD
V	838376	BRL
V	838444	CAD
V	838513	CNY
V	838583	EUR
V	838653	GBP
V	838722	JPY
V	838792	MXN
V	838860	SAR
V	838930	VEB
V	839001	ARS
V	839071	AUD
V	839140	BRL
V	839210	CAD
V	839280	CNY
V	839348	EUR
V	839418	GBP
V	839488	JPY
V	839559	MXN
V	839628	SAR
V	839698	VEB
V	839771	ARS
V	839841	AUD
V	839910	BRL
V	839980	CAD
V	840049	CNY
V	840118	EUR
V	840188	GBP
V	840258	JPY
V	840329	MXN
V	840399	SAR
V	840469	VEB
V	840540	ARS
V	840610	AUD
V	840680	BRL
V	840750	CAD
V	840819	CNY
V	840889	EUR
V	840959	GBP
V	841028	JPY
V	841099	MXN
V	841170	SAR
V	841240	VEB
V	841311	ARS
V	841381	AUD
V	841451	BRL
V	841521	CAD
V	841591	CNY
V	841661	EUR
V	841731	GBP
V	841801	JPY
V	841872	MXN
V	841940	SAR
V	842010	VEB
V	842081	ARS
V	842151	AUD
V	842221	BRL
V	842291	CAD
V	842361	CNY
V	842431	EUR
V	842501	GBP
V	842570	JPY
V	842641	MXN
V	842708	SAR
V	842778	VEB
V	842849	ARS
V	842916	AUD
V	842986	BRL
V	843056	CAD
V	843126	CNY
V	843195	EUR
V	843265	GBP
V	843335	JPY
V	843406	MXN
V	843477	SAR
V	843547	VEB
V	843618	ARS
V	843686	AUD
V	843756	BRL
V	843822	CAD
V	843892	CNY
V	843962	EUR
V	844032	GBP
V	844102	JPY
V	844170	MXN
V	844241	SAR
V	844311	VEB
V	844381	ARS
V	844449	AUD
V	844519	BRL
V	844588	CAD
V	844658	CNY
V	844728	EUR
V	844798	GBP
V	844868	JPY
V	844939	MXN
V	845009	SAR
V	845079	VEB
V	845149	ARS
V	845217	AUD
V	845287	BRL
V	845357	CAD
V	845427	CNY
V	845496	EUR
V	845566	GBP
V	845636	JPY
V	845707	MXN
V	845777	SAR
V	845847	VEB
V	845918	ARS
V	845986	AUD
V	846056	BRL
V	846125	CAD
V	846195	CNY
V	846265	EUR
V	846335	GBP
V	846405	JPY
V	846476	MXN
V	846546	SAR
V	846616	VEB
V	846687	ARS
V	846755	AUD
V	846824	BRL
V	846893	CAD
V	846962	CNY
V	847031	EUR
V	847101	GBP
V	847171	JPY
V	847242	MXN
V	847312	SAR
V	847382	VEB
V	847453	ARS
V	847521	AUD
V	847591	BRL
V	847660	CAD
V	847730	CNY
V	847800	EUR
V	847870	GBP
V	847940	JPY
V	848011	MXN
V	848080	SAR
V	848149	VEB
V	848220	ARS
V	848288	AUD
V	848358	BRL
V	848425	CAD
V	848495	CNY
V	848565	EUR
V	848635	GBP
V	848705	JPY
V	848775	MXN
V	848845	SAR
V	848915	VEB
V	848986	ARS
V	849053	AUD
V	849123	BRL
V	849189	CAD
V	849259	CNY
V	849329	EUR
V	849399	GBP
V	849469	JPY
V	849540	MXN
V	849610	SAR
V	849680	VEB
V	849752	ARS
V	849820	AUD
V	849890	BRL
V	849959	CAD
V	850029	CNY
V	850099	EUR
V	850169	GBP
V	850239	JPY
V	850310	MXN
V	850380	SAR
V	850450	VEB
V	850523	ARS
V	850591	AUD
V	850661	BRL
V	850729	CAD
V	850799	CNY
V	850869	EUR
V	850939	GBP
V	851008	JPY
V	851079	MXN
V	851149	SAR
V	851219	VEB
V	851290	ARS
V	851358	AUD
V	851428	BRL
V	851497	CAD
V	851566	CNY
V	851636	EUR
V	851706	GBP
V	851775	JPY
V	851846	MXN
V	851917	SAR
V	851987	VEB
V	852058	ARS
V	852126	AUD
V	852196	BRL
V	852266	CAD
V	852336	CNY
V	852405	EUR
V	852475	GBP
V	852545	JPY
V	852615	MXN
V	852685	SAR
V	852754	VEB
V	852825	ARS
V	852893	AUD
V	852963	BRL
V	853032	CAD
V	853102	CNY
V	853172	EUR
V	853242	GBP
V	853312	JPY
V	853381	MXN
V	853451	SAR
V	853521	VEB
V	853591	ARS
V	853659	AUD
V	853729	BRL
V	853798	CAD
V	853866	CNY
V	853936	EUR
V	854006	GBP
V	854076	JPY
V	854147	MXN
V	854217	SAR
V	854287	VEB
V	854358	ARS
V	854426	AUD
V	854495	BRL
V	854563	CAD
V	854633	CNY
V	854703	EUR
V	854773	GBP
V	854843	JPY
V	854914	MXN
V	854984	SAR
V	855054	VEB
V	855125	ARS
V	855193	AUD
V	855262	BRL
V	855331	CAD
V	855401	CNY
V	855470	EUR
V	855540	GBP
V	855610	JPY
V	855681	MXN
V	855751	SAR
V	855821	VEB
V	855892	ARS
V	855960	AUD
V	856030	BRL
V	856099	CAD
V	856169	CNY
V	856239	EUR
V	856309	GBP
V	856379	JPY
V	856450	MXN
V	856521	SAR
V	856591	VEB
V	856662	USD
V	856732	USD
V	856802	USD
V	856872	USD
V	856942	USD
V	857012	USD
V	857082	USD
V	857152	USD
V	857222	USD
V	857292	USD
V	857362	USD
V	857432	USD
V	857502	USD
V	857572	USD
V	857642	USD
V	857712	USD
V	857782	USD
V	857852	USD
V	857922	USD
V	857992	USD
V	858062	USD
V	858132	USD
V	858202	USD
V	858272	USD
V	858342	USD
V	858412	USD
V	858482	USD
V	858552	USD
V	858622	USD
V	858692	USD
V	858762	USD
V	858832	USD
V	858902	USD
V	858972	USD
V	859042	USD
V	859112	USD
V	859182	USD
V	859252	USD
V	859322	USD
V	859392	USD
V	859462	USD
V	859532	USD
V	859602	USD
V	859672	USD
V	859742	USD
V	859812	USD
V	859882	USD
V	859952	USD
V	860022	USD
V	860092	USD
V	860162	USD
V	860232	USD
V	860302	USD
V	860372	USD
V	860442	USD
V	860512	USD
V	860582	USD
V	860652	USD
V	860722	USD
V	860792	USD
V	860862	USD
V	860932	USD
V	861002	USD
V	861072	USD
V	861142	USD
V	861212	USD
V	861282	USD
V	861352	USD
V	861422	USD
V	861492	USD
V	861562	USD
V	861632	USD
V	861702	USD
V	861772	USD
V	861842	USD
V	861912	USD
V	861982	USD
V	862052	USD
V	862122	USD
V	862192	USD
V	862262	USD
V	862332	USD
V	862402	USD
V	862472	USD
V	862542	USD
V	862612	USD
V	862682	USD
V	862752	USD
V	862822	USD
V	862892	USD
V	862962	USD
V	863032	USD
V	863102	USD
V	863172	USD
V	863242	USD
V	863312	USD
V	863382	USD
V	863452	USD
V	863522	USD
V	863592	USD
V	863662	USD
V	863732	USD
V	863802	USD
V	863872	USD
V	863942	USD
V	864012	USD
V	864082	USD
V	864152	USD
V	864222	USD
V	864292	USD
V	864362	USD
V	864432	USD
V	864502	USD
V	864572	USD
V	864642	USD
V	864712	USD
V	864782	USD
V	864852	USD
V	864922	USD
V	864992	USD
V	865062	USD
V	865132	USD
V	865202	USD
V	865272	USD
V	865342	USD
V	865412	USD
V	865482	USD
V	865552	USD
V	865622	USD
V	865692	USD
V	865762	USD
V	865832	USD
V	865902	USD
V	865972	USD
V	866042	USD
V	866112	USD
V	866182	USD
V	866252	USD
V	866322	USD
V	866392	USD
V	866462	USD
V	866532	USD
V	866602	USD
V	866672	USD
V	866742	USD
V	866812	USD
V	866882	USD
V	866952	USD
V	867022	USD
V	867092	USD
V	867162	USD
V	867232	USD
V	867302	USD
V	867372	USD
V	867442	USD
V	867512	USD
V	867582	USD
V	867652	USD
V	867722	USD
V	867792	USD
V	867862	USD
V	867932	USD
V	868002	USD
V	868072	USD
V	868142	USD
V	868212	USD
V	868282	USD
V	868352	USD
V	868422	USD
V	868492	USD
V	868562	USD
V	868632	USD
V	868702	USD
V	868772	USD
V	868842	USD
V	868912	USD
V	868982	USD
V	869052	USD
V	869122	USD
V	869192	USD
V	869262	USD
V	869332	USD
V	869402	USD
V	869472	USD
V	869542	USD
V	869612	USD
V	869682	USD
V	869752	USD
V	869822	USD
V	869892	USD
V	869962	USD
V	870032	USD
V	870102	USD
V	870172	USD
V	870242	USD
V	870312	USD
V	870382	USD
V	870452	USD
V	870522	USD
V	870592	USD
V	870662	USD
V	870732	USD
V	870802	USD
V	870872	USD
V	870942	USD
V	871012	USD
V	871082	USD
V	871152	USD
V	871222	USD
V	871292	USD
V	871362	USD
V	871432	USD
V	871502	USD
V	871572	USD
V	871642	USD
V	871712	USD
V	871782	USD
V	871852	USD
V	871922	USD
V	871992	USD
V	872062	USD
V	872132	USD
V	872202	USD
V	872272	USD
V	872342	USD
V	872412	USD
V	872482	USD
V	872552	USD
V	872622	USD
V	872692	USD
V	872762	USD
V	872832	USD
V	872902	USD
V	872972	USD
V	873042	USD
V	873112	USD
V	873182	USD
V	873252	USD
V	873322	USD
V	873392	USD
V	873462	USD
V	873532	USD
V	873602	USD
V	873672	USD
V	873742	USD
V	873812	USD
V	873882	USD
V	873952	USD
V	874022	USD
V	874092	USD
V	874162	USD
V	874232	USD
V	874302	USD
V	874372	USD
V	874442	USD
V	874512	USD
V	874582	USD
V	874652	USD
V	874722	USD
V	874792	USD
V	874862	USD
V	874932	USD
V	875002	USD
V	875072	USD
V	875142	USD
V	875212	USD
V	875282	USD
V	875352	USD
V	875422	USD
V	875492	USD
V	875562	USD
V	875632	USD
V	875702	USD
V	875772	USD
V	875842	USD
V	875912	USD
V	875982	USD
V	876052	USD
V	876122	USD
V	876192	USD
V	876262	USD
V	876332	USD
V	876402	USD
V	876472	USD
V	876542	USD
V	876612	USD
V	876682	USD
V	876752	USD
V	876822	USD
V	876892	USD
V	876962	USD
V	877032	USD
V	877102	USD
V	877172	USD
V	877242	USD
V	877312	USD
V	877382	USD
V	877452	USD
V	877522	USD
V	877592	USD
V	877662	USD
V	877732	USD
V	877802	USD
V	877872	USD
V	877942	USD
V	878012	USD
V	878082	USD
V	878152	USD
V	878222	USD
V	878292	USD
V	878362	USD
V	878432	USD
V	878502	USD
V	878572	USD
V	878642	USD
V	878712	USD
V	878782	USD
V	878852	USD
V	878922	USD
V	878992	USD
V	879062	USD
V	879132	USD
V	879202	USD
V	879272	USD
V	879342	USD
V	879412	USD
V	879482	USD
V	879552	USD
V	879622	USD
V	879692	USD
V	879762	USD
V	879832	USD
V	879902	USD
V	879972	USD
V	880042	USD
V	880112	USD
V	880182	USD
V	880252	USD
V	880322	USD
V	880392	USD
V	880462	USD
V	880532	USD
V	880602	USD
V	880672	USD
V	880742	USD
V	880812	USD
V	880882	USD
V	880952	USD
V	881022	USD
V	881092	USD
V	881162	USD
V	881232	USD
V	881302	USD
V	881372	USD
V	881442	USD
V	881512	USD
V	881582	USD
V	881652	USD
V	881722	USD
V	881792	USD
V	881862	USD
V	881932	USD
V	882002	USD
V	882072	USD
V	882142	USD
V	882212	USD
V	882282	USD
V	882352	USD
V	882422	USD
V	882492	USD
V	882562	USD
V	882632	USD
V	882702	USD
V	882772	USD
V	882842	USD
V	882912	USD
V	882982	USD
V	883052	USD
V	883122	USD
V	883192	USD
V	883262	USD
V	883332	USD
V	883402	USD
V	883472	USD
V	883542	USD
V	883612	USD
V	883682	USD
V	883752	USD
V	883822	USD
V	883892	USD
V	883962	USD
V	884032	USD
V	884102	USD
V	884172	USD
V	884242	USD
V	884312	USD
V	884382	USD
V	884452	USD
V	884522	USD
V	884592	USD
V	884662	USD
V	884732	USD
V	884802	USD
V	884872	USD
V	884942	USD
V	885012	USD
V	885082	USD
V	885152	USD
V	885222	USD
V	885292	USD
V	885362	USD
V	885432	USD
V	885502	USD
V	885572	USD
V	885642	USD
V	885712	USD
V	885782	USD
V	885852	USD
V	885922	USD
V	885992	USD
V	886062	USD
V	886132	USD
V	886202	USD
V	886272	USD
V	886342	USD
V	886412	USD
V	886482	USD
V	886552	USD
V	886622	USD
V	886692	USD
V	886762	USD
V	886832	USD
V	886902	USD
V	886972	USD
V	887042	USD
V	887112	USD
V	887182	USD
V	887252	USD
V	887322	USD
V	887392	USD
V	887462	USD
V	887532	USD
V	887602	USD
V	887672	USD
V	887742	USD
V	887812	USD
V	887882	USD
V	887952	USD
V	888022	USD
V	888092	USD
V	888162	USD
V	888232	USD
V	888302	USD
V	888372	USD
V	888442	USD
V	888512	USD
V	888582	USD
V	888652	USD
V	888722	USD
V	888792	USD
V	888862	USD
V	888932	USD
V	889002	USD
V	889072	USD
V	889142	USD
V	889212	USD
V	889282	USD
V	889352	USD
V	889422	USD
V	889492	USD
V	889562	USD
V	889632	USD
V	889702	USD
V	889772	USD
V	889842	USD
V	889912	USD
V	889982	USD
V	890052	USD
V	890122	USD
V	890192	USD
V	890262	USD
V	890332	USD
V	890402	USD
V	890472	USD
V	890542	USD
V	890612	USD
V	890682	USD
V	890752	USD
V	890822	USD
V	890892	USD
V	890962	USD
V	891032	USD
V	891102	USD
V	891172	USD
V	891242	USD
V	891312	USD
V	891382	USD
V	891452	USD
V	891522	USD
V	891592	USD
V	891662	USD
V	891732	USD
V	891802	USD
V	891872	USD
V	891942	USD
V	892012	USD
V	892082	USD
V	892152	USD
V	892222	USD
V	892292	USD
V	892362	USD
V	892432	USD
V	892502	USD
V	892572	USD
V	892642	USD
V	892712	USD
V	892782	USD
V	892852	USD
V	892922	USD
V	892992	USD
V	893062	USD
V	893132	USD
V	893202	USD
V	893272	USD
V	893342	USD
V	893412	USD
V	893482	USD
V	893552	USD
V	893622	USD
V	893692	USD
V	893762	USD
V	893832	USD
V	893902	USD
V	893972	USD
V	894042	USD
V	894112	USD
V	894182	USD
V	894252	USD
V	894322	USD
V	894392	USD
V	894462	USD
V	894532	USD
V	894602	USD
V	894672	USD
V	894742	USD
V	894812	USD
V	894882	USD
V	894952	USD
V	895022	USD
V	895092	USD
V	895162	USD
V	895232	USD
V	895302	USD
V	895372	USD
V	895442	USD
V	895512	USD
V	895582	USD
V	895652	USD
V	895722	USD
V	895792	USD
V	895862	USD
V	895932	USD
V	896002	USD
V	896072	USD
V	896142	USD
V	896212	USD
V	896282	USD
V	896352	USD
V	896422	USD
V	896492	USD
V	896562	USD
V	896632	USD
V	896702	USD
V	896772	USD
V	896842	USD
V	896912	USD
V	896982	USD
V	897052	USD
V	897122	USD
V	897192	USD
V	897262	USD
V	897332	USD
V	897402	USD
V	897472	USD
V	897542	USD
V	897612	USD
V	897682	USD
V	897752	USD
V	897822	USD
V	897892	USD
V	897962	USD
V	898032	USD
V	898102	USD
V	898172	USD
V	898242	USD
V	898312	USD
V	898382	USD
V	898452	USD
V	898522	USD
V	898592	USD
V	898662	USD
V	898732	USD
V	898802	USD
V	898872	USD
V	898942	USD
V	899012	USD
V	899082	USD
V	899152	USD
V	899222	USD
V	899292	USD
V	899362	USD
V	899432	USD
V	899502	USD
V	899572	USD
V	899642	USD
V	899712	USD
V	899782	USD
V	899852	USD
V	899922	USD
V	899992	USD
V	900062	USD
V	900132	USD
V	900202	USD
V	900272	USD
V	900342	USD
V	900412	USD
V	900482	USD
V	900552	USD
V	900622	USD
V	900692	USD
V	900762	USD
V	900832	USD
V	900902	USD
V	900972	USD
V	901042	USD
V	901112	USD
V	901182	USD
V	901252	USD
V	901322	USD
V	901392	USD
V	901462	USD
V	901532	USD
V	901602	USD
V	901672	USD
V	901742	USD
V	901812	USD
V	901882	USD
V	901952	USD
V	902022	USD
V	902092	USD
V	902162	USD
V	902232	USD
V	902302	USD
V	902372	USD
V	902442	USD
V	902512	USD
V	902582	USD
V	902652	USD
V	902722	USD
V	902792	USD
V	902862	USD
V	902932	USD
V	903002	USD
V	903072	USD
V	903142	USD
V	903212	USD
V	903282	USD
V	903352	USD
V	903422	USD
V	903492	USD
V	903562	USD
V	903632	USD
V	903702	USD
V	903772	USD
V	903842	USD
V	903912	USD
V	903982	USD
V	904052	USD
V	904122	USD
V	904192	USD
V	904262	USD
V	904332	USD
V	904402	USD
V	904472	USD
V	904542	USD
V	904612	USD
V	904682	USD
V	904752	USD
V	904822	USD
V	904892	USD
V	904962	USD
V	905032	USD
V	905102	USD
V	905172	USD
V	905242	USD
V	905312	USD
V	905382	USD
V	905452	USD
V	905522	USD
V	905592	USD
V	905662	USD
V	905732	USD
V	905802	USD
V	905872	USD
V	905942	USD
V	906012	USD
V	906082	USD
V	906152	USD
V	906222	USD
V	906292	USD
V	906362	USD
V	906432	USD
V	906502	USD
V	906572	USD
V	906642	USD
V	906712	USD
V	906782	USD
V	906852	USD
V	906922	USD
V	906992	USD
V	907062	USD
V	907132	USD
V	907202	USD
V	907272	USD
V	907342	USD
V	907412	USD
V	907482	USD
V	907552	USD
V	907622	USD
V	907692	USD
V	907762	USD
V	907832	USD
V	907902	USD
V	907972	USD
V	908042	USD
V	908112	USD
V	908182	USD
V	908252	USD
V	908322	USD
V	908392	USD
V	908462	USD
V	908532	USD
V	908602	USD
V	908672	USD
V	908742	USD
V	908812	USD
V	908882	USD
V	908952	USD
V	909022	USD
V	909092	USD
V	909162	USD
V	909232	USD
V	909302	USD
V	909372	USD
V	909442	USD
V	909512	USD
V	909582	USD
V	909652	USD
V	909722	USD
V	909792	USD
V	909862	USD
V	909932	USD
V	910002	USD
V	910072	USD
V	910142	USD
V	910212	USD
V	910282	USD
V	910352	USD
V	910422	USD
V	910492	USD
V	910562	USD
V	910632	USD
V	910702	USD
V	910772	USD
V	910842	USD
V	910912	USD
V	910982	USD
V	911052	USD
V	911122	USD
V	911192	USD
V	911262	USD
V	911332	USD
V	911402	USD
V	911472	USD
V	911542	USD
V	911612	USD
V	911682	USD
V	911752	USD
V	911822	USD
V	911892	USD
V	911962	USD
V	912032	USD
V	912102	USD
V	912172	USD
V	912242	USD
V	912312	USD
V	912382	USD
V	912452	USD
V	912522	USD
V	912592	USD
V	912662	USD
V	912732	USD
V	912802	USD
V	912872	USD
V	912942	USD
V	913012	USD
V	913082	USD
V	913152	USD
V	913222	USD
V	913292	USD
V	913362	USD
V	913432	USD
V	913502	USD
V	913572	USD
V	913642	USD
V	913712	USD
V	913782	USD
V	913852	USD
V	913922	USD
V	913992	USD
V	914062	USD
V	914132	USD
V	914202	USD
V	914272	USD
V	914342	USD
V	914412	USD
V	914482	USD
V	914552	USD
V	914622	USD
V	914692	USD
V	914762	USD
V	914832	USD
V	914902	USD
V	914972	USD
V	915042	USD
V	915112	USD
V	915182	USD
V	915252	USD
V	915322	USD
V	915392	USD
V	915462	USD
V	915532	USD
V	915602	USD
V	915672	USD
V	915742	USD
V	915812	USD
V	915882	USD
V	915952	USD
V	916022	USD
V	916092	USD
V	916162	USD
V	916232	USD
V	916302	USD
V	916372	USD
V	916442	USD
V	916512	USD
V	916582	USD
V	916652	USD
V	916722	USD
V	916792	USD
V	916862	USD
V	916932	USD
V	917002	USD
V	917072	USD
V	917142	USD
V	917212	USD
V	917282	USD
V	917352	USD
V	917422	USD
V	917492	USD
V	917562	USD
V	917632	USD
V	917702	USD
V	917772	USD
V	917842	USD
V	917912	USD
V	917982	USD
V	918052	USD
V	918122	USD
V	918192	USD
V	918262	USD
V	918332	USD
V	918402	USD
V	918472	USD
V	918542	USD
V	918612	USD
V	918682	USD
V	918752	USD
V	918822	USD
V	918892	USD
V	918962	USD
V	919032	USD
V	919102	USD
V	919172	USD
V	919242	USD
V	919312	USD
V	919382	USD
V	919452	USD
V	919522	USD
V	919592	USD
V	919662	USD
V	919732	USD
V	919802	USD
V	919872	USD
V	919942	USD
V	920012	USD
V	920082	USD
V	920152	USD
V	920222	USD
V	920292	USD
V	920362	USD
V	920432	USD
V	920502	USD
V	920572	USD
V	920642	USD
V	920712	USD
V	920782	USD
V	920852	USD
V	920922	USD
V	920992	USD
V	921062	USD
V	921132	USD
V	921202	USD
V	921272	USD
V	921342	USD
V	921412	USD
V	921482	USD
V	921552	USD
V	921622	USD
V	921692	USD
V	921762	USD
V	921832	USD
V	921902	USD
V	921972	USD
V	922042	USD
V	922112	USD
V	922182	USD
V	922252	USD
V	922322	USD
V	922392	USD
V	922462	USD
V	922532	USD
V	922602	USD
V	922672	USD
V	922742	USD
V	922812	USD
V	922882	USD
V	922952	USD
V	923022	USD
V	923092	USD
V	923162	USD
V	923232	USD
V	923302	USD
V	923372	USD
V	923442	USD
V	923512	USD
V	923582	USD
V	923652	USD
V	923722	USD
V	923792	USD
V	923862	USD
V	923932	USD
V	924002	USD
V	924072	USD
V	924142	USD
V	924212	USD
V	924282	USD
V	924352	USD
V	924422	USD
V	924492	USD
V	924562	USD
V	924632	USD
V	924702	USD
V	924772	USD
V	924842	USD
V	924912	USD
V	924982	USD
V	925052	USD
V	925122	USD
V	925192	USD
V	925262	USD
V	925332	USD
V	925402	USD
V	925472	USD
V	925542	USD
V	925612	USD
V	925682	USD
V	925752	USD
V	925822	USD
V	925892	USD
V	925962	USD
V	926032	USD
V	926102	USD
V	926172	USD
V	926242	USD
V	926312	USD
V	926382	USD
V	926452	USD
V	926522	USD
V	926592	USD
V	926662	USD
V	926732	USD
V	926802	USD
V	926872	USD
V	926942	USD
V	927012	USD
V	927082	USD
V	927152	USD
V	927222	USD
V	927292	USD
V	927362	USD
V	927432	USD
V	927502	USD
V	927572	USD
V	927642	USD
V	927712	USD
V	927782	USD
V	927852	USD
V	927922	USD
V	927992	USD
V	928062	USD
V	928132	USD
V	928202	USD
V	928272	USD
V	928342	USD
V	928412	USD
V	928482	USD
V	928552	USD
V	928622	USD
V	928692	USD
V	928762	USD
V	928832	USD
V	928902	USD
V	928972	USD
V	929042	USD
V	929112	USD
V	929182	USD
V	929252	USD
V	929322	USD
V	929392	USD
V	929462	USD
V	929532	USD
V	929602	USD
V	929672	USD
V	929742	USD
V	929812	USD
V	929882	USD
V	929952	USD
V	930022	USD
V	930092	USD
V	930162	USD
V	930232	USD
V	930302	USD
V	930372	USD
V	930442	USD
V	930512	USD
V	930582	USD
V	930652	USD
V	930722	USD
V	930792	USD
V	930862	USD
V	930932	USD
V	931002	USD
V	931072	USD
V	931142	USD
V	931212	USD
V	931282	USD
V	931352	USD
V	931422	USD
V	931492	USD
V	931562	USD
V	931632	USD
V	931702	USD
V	931772	USD
V	931842	USD
V	931912	USD
V	931982	USD
V	932052	USD
V	932122	USD
V	932192	USD
V	932262	USD
V	932332	USD
V	932402	USD
V	932472	USD
V	932542	USD
V	932612	USD
V	932682	USD
V	932752	USD
V	932822	USD
V	932892	USD
V	932962	USD
V	933032	USD
V	933102	USD
V	933172	USD
V	933242	USD
V	933312	USD
V	933382	USD