\P\	Pos	CurrencyRateID\
T	5	5
N	0	0
K	0	1
#		
V	218	1
V	279	2
V	343	3
V	409	4
V	475	5
V	541	6
V	607	7
V	673	8
V	739	9
V	805	10
V	873	11
V	938	12
V	1005	13
V	1073	14
V	1135	15
V	1202	16
V	1268	17
V	1335	18
V	1402	19
V	1469	20
V	1535	21
V	1602	22
V	1669	23
V	1736	24
V	1803	25
V	1870	26
V	1937	27
V	1999	28
V	2066	29
V	2132	30
V	2199	31
V	2266	32
V	2333	33
V	2399	34
V	2466	35
V	2533	36
V	2601	37
V	2666	38
V	2732	39
V	2801	40
V	2858	41
V	2925	42
V	2991	43
V	3058	44
V	3125	45
V	3192	46
V	3259	47
V	3324	48
V	3391	49
V	3459	50
V	3525	51
V	3592	52
V	3661	53
V	3723	54
V	3789	55
V	3855	56
V	3921	57
V	3988	58
V	4055	59
V	4122	60
V	4189	61
V	4256	62
V	4324	63
V	4390	64
V	4457	65
V	4524	66
V	4586	67
V	4653	68
V	4718	69
V	4785	70
V	4851	71
V	4918	72
V	4985	73
V	5052	74
V	5119	75
V	5187	76
V	5252	77
V	5317	78
V	5384	79
V	5446	80
V	5513	81
V	5579	82
V	5646	83
V	5713	84
V	5779	85
V	5846	86
V	5913	87
V	5980	88
V	6049	89
V	6115	90
V	6182	91
V	6251	92
V	6313	93
V	6380	94
V	6445	95
V	6512	96
V	6579	97
V	6646	98
V	6712	99
V	6779	100
V	6847	101
V	6917	102
V	6983	103
V	7050	104
V	7120	105
V	7183	106
V	7251	107
V	7318	108
V	7386	109
V	7454	110
V	7522	111
V	7590	112
V	7658	113
V	7726	114
V	7794	115
V	7862	116
V	7930	117
V	7998	118
V	8061	119
V	8127	120
V	8194	121
V	8262	122
V	8330	123
V	8398	124
V	8465	125
V	8533	126
V	8601	127
V	8670	128
V	8737	129
V	8805	130
V	8875	131
V	8938	132
V	9006	133
V	9073	134
V	9141	135
V	9208	136
V	9276	137
V	9344	138
V	9412	139
V	9479	140
V	9548	141
V	9614	142
V	9682	143
V	9749	144
V	9812	145
V	9880	146
V	9948	147
V	10016	148
V	10083	149
V	10151	150
V	10219	151
V	10287	152
V	10353	153
V	10422	154
V	10489	155
V	10557	156
V	10625	157
V	10688	158
V	10756	159
V	10823	160
V	10891	161
V	10958	162
V	11026	163
V	11094	164
V	11162	165
V	11230	166
V	11299	167
V	11367	168
V	11435	169
V	11502	170
V	11565	171
V	11633	172
V	11701	173
V	11769	174
V	11836	175
V	11904	176
V	11972	177
V	12040	178
V	12108	179
V	12178	180
V	12245	181
V	12313	182
V	12382	183
V	12445	184
V	12513	185
V	12580	186
V	12648	187
V	12715	188
V	12783	189
V	12850	190
V	12918	191
V	12986	192
V	13055	193
V	13122	194
V	13190	195
V	13259	196
V	13321	197
V	13389	198
V	13457	199
V	13525	200
V	13592	201
V	13660	202
V	13728	203
V	13796	204
V	13864	205
V	13933	206
V	14000	207
V	14068	208
V	14134	209
V	14197	210
V	14265	211
V	14332	212
V	14400	213
V	14467	214
V	14535	215
V	14603	216
V	14671	217
V	14739	218
V	14808	219
V	14876	220
V	14944	221
V	15013	222
V	15076	223
V	15144	224
V	15212	225
V	15278	226
V	15344	227
V	15412	228
V	15479	229
V	15546	230
V	15614	231
V	15683	232
V	15750	233
V	15818	234
V	15885	235
V	15948	236
V	16016	237
V	16083	238
V	16151	239
V	16218	240
V	16286	241
V	16353	242
V	16421	243
V	16489	244
V	16558	245
V	16625	246
V	16693	247
V	16762	248
V	16825	249
V	16893	250
V	16961	251
V	17029	252
V	17096	253
V	17164	254
V	17231	255
V	17299	256
V	17367	257
V	17436	258
V	17503	259
V	17571	260
V	17640	261
V	17703	262
V	17771	263
V	17839	264
V	17907	265
V	17973	266
V	18040	267
V	18108	268
V	18176	269
V	18244	270
V	18314	271
V	18381	272
V	18448	273
V	18517	274
V	18580	275
V	18645	276
V	18713	277
V	18781	278
V	18847	279
V	18915	280
V	18983	281
V	19051	282
V	19119	283
V	19188	284
V	19256	285
V	19324	286
V	19391	287
V	19454	288
V	19522	289
V	19589	290
V	19656	291
V	19723	292
V	19791	293
V	19859	294
V	19927	295
V	19995	296
V	20063	297
V	20131	298
V	20198	299
V	20265	300
V	20327	301
V	20395	302
V	20461	303
V	20529	304
V	20596	305
V	20664	306
V	20732	307
V	20800	308
V	20867	309
V	20936	310
V	21003	311
V	21071	312
V	21138	313
V	21196	314
V	21264	315
V	21329	316
V	21397	317
V	21464	318
V	21531	319
V	21598	320
V	21665	321
V	21733	322
V	21802	323
V	21868	324
V	21936	325
V	22003	326
V	22071	327
V	22139	328
V	22205	329
V	22273	330
V	22339	331
V	22407	332
V	22475	333
V	22543	334
V	22611	335
V	22680	336
V	22748	337
V	22816	338
V	22884	339
V	22952	340
V	23019	341
V	23085	342
V	23152	343
V	23219	344
V	23287	345
V	23355	346
V	23423	347
V	23491	348
V	23560	349
V	23625	350
V	23693	351
V	23762	352
V	23830	353
V	23897	354
V	23963	355
V	24030	356
V	24096	357
V	24164	358
V	24231	359
V	24299	360
V	24367	361
V	24436	362
V	24500	363
V	24567	364
V	24633	365
V	24701	366
V	24769	367
V	24834	368
V	24902	369
V	24969	370
V	25037	371
V	25105	372
V	25173	373
V	25240	374
V	25309	375
V	25376	376
V	25443	377
V	25510	378
V	25577	379
V	25645	380
V	25711	381
V	25779	382
V	25847	383
V	25915	384
V	25983	385
V	26051	386
V	26118	387
V	26187	388
V	26254	389
V	26322	390
V	26394	391
V	26462	392
V	26530	393
V	26596	394
V	26664	395
V	26732	396
V	26799	397
V	26867	398
V	26935	399
V	27003	400
V	27072	401
V	27140	402
V	27208	403
V	27275	404
V	27343	405
V	27411	406
V	27478	407
V	27546	408
V	27614	409
V	27681	410
V	27749	411
V	27817	412
V	27885	413
V	27951	414
V	28018	415
V	28086	416
V	28153	417
V	28221	418
V	28289	419
V	28356	420
V	28422	421
V	28490	422
V	28558	423
V	28626	424
V	28694	425
V	28761	426
V	28829	427
V	28896	428
V	28964	429
V	29032	430
V	29099	431
V	29167	432
V	29234	433
V	29302	434
V	29370	435
V	29438	436
V	29506	437
V	29574	438
V	29642	439
V	29711	440
V	29779	441
V	29847	442
V	29912	443
V	29980	444
V	30047	445
V	30113	446
V	30181	447
V	30249	448
V	30315	449
V	30383	450
V	30451	451
V	30518	452
V	30587	453
V	30654	454
V	30722	455
V	30792	456
V	30860	457
V	30928	458
V	30996	459
V	31064	460
V	31132	461
V	31200	462
V	31268	463
V	31336	464
V	31403	465
V	31472	466
V	31539	467
V	31607	468
V	31677	469
V	31745	470
V	31813	471
V	31879	472
V	31947	473
V	32013	474
V	32081	475
V	32149	476
V	32217	477
V	32285	478
V	32352	479
V	32419	480
V	32487	481
V	32555	482
V	32623	483
V	32691	484
V	32757	485
V	32825	486
V	32893	487
V	32961	488
V	33028	489
V	33096	490
V	33163	491
V	33232	492
V	33299	493
V	33367	494
V	33437	495
V	33500	496
V	33568	497
V	33633	498
V	33701	499
V	33769	500
V	33837	501
V	33905	502
V	33973	503
V	34041	504
V	34110	505
V	34175	506
V	34243	507
V	34312	508
V	34380	509
V	34448	510
V	34513	511
V	34579	512
V	34647	513
V	34715	514
V	34783	515
V	34851	516
V	34919	517
V	34987	518
V	35054	519
V	35122	520
V	35194	521
V	35262	522
V	35330	523
V	35395	524
V	35463	525
V	35531	526
V	35597	527
V	35664	528
V	35732	529
V	35799	530
V	35868	531
V	35935	532
V	36003	533
V	36071	534
V	36139	535
V	36207	536
V	36273	537
V	36340	538
V	36408	539
V	36476	540
V	36544	541
V	36612	542
V	36679	543
V	36748	544
V	36814	545
V	36882	546
V	36950	547
V	37018	548
V	37086	549
V	37153	550
V	37220	551
V	37288	552
V	37356	553
V	37424	554
V	37492	555
V	37560	556
V	37629	557
V	37695	558
V	37763	559
V	37830	560
V	37898	561
V	37966	562
V	38033	563
V	38100	564
V	38168	565
V	38236	566
V	38304	567
V	38372	568
V	38440	569
V	38509	570
V	38577	571
V	38644	572
V	38709	573
V	38777	574
V	38844	575
V	38909	576
V	38977	577
V	39045	578
V	39113	579
V	39181	580
V	39248	581
V	39314	582
V	39382	583
V	39449	584
V	39517	585
V	39584	586
V	39651	587
V	39719	588
V	39783	589
V	39851	590
V	39919	591
V	39986	592
V	40054	593
V	40122	594
V	40190	595
V	40261	596
V	40328	597
V	40396	598
V	40464	599
V	40532	600
V	40600	601
V	40666	602
V	40734	603
V	40802	604
V	40870	605
V	40938	606
V	41006	607
V	41074	608
V	41144	609
V	41211	610
V	41279	611
V	41349	612
V	41417	613
V	41485	614
V	41553	615
V	41621	616
V	41687	617
V	41755	618
V	41823	619
V	41890	620
V	41958	621
V	42028	622
V	42093	623
V	42161	624
V	42223	625
V	42291	626
V	42359	627
V	42426	628
V	42492	629
V	42560	630
V	42628	631
V	42696	632
V	42764	633
V	42832	634
V	42901	635
V	42969	636
V	43037	637
V	43105	638
V	43172	639
V	43239	640
V	43307	641
V	43375	642
V	43443	643
V	43511	644
V	43579	645
V	43647	646
V	43715	647
V	43783	648
V	43851	649
V	43919	650
V	43989	651
V	44057	652
V	44125	653
V	44193	654
V	44260	655
V	44328	656
V	44396	657
V	44463	658
V	44531	659
V	44599	660
V	44668	661
V	44734	662
V	44802	663
V	44872	664
V	44940	665
V	45008	666
V	45072	667
V	45140	668
V	45208	669
V	45276	670
V	45342	671
V	45410	672
V	45478	673
V	45548	674
V	45616	675
V	45684	676
V	45751	677
V	45814	678
V	45882	679
V	45948	680
V	46016	681
V	46084	682
V	46152	683
V	46219	684
V	46287	685
V	46355	686
V	46425	687
V	46493	688
V	46561	689
V	46633	690
V	46701	691
V	46769	692
V	46835	693
V	46903	694
V	46971	695
V	47039	696
V	47107	697
V	47175	698
V	47243	699
V	47313	700
V	47379	701
V	47447	702
V	47517	703
V	47585	704
V	47653	705
V	47719	706
V	47787	707
V	47855	708
V	47923	709
V	47991	710
V	48058	711
V	48126	712
V	48196	713
V	48264	714
V	48332	715
V	48402	716
V	48470	717
V	48538	718
V	48604	719
V	48672	720
V	48740	721
V	48808	722
V	48876	723
V	48943	724
V	49009	725
V	49078	726
V	49145	727
V	49213	728
V	49281	729
V	49344	730
V	49411	731
V	49477	732
V	49545	733
V	49613	734
V	49681	735
V	49749	736
V	49816	737
V	49884	738
V	49954	739
V	50020	740
V	50088	741
V	50156	742
V	50224	743
V	50292	744
V	50360	745
V	50426	746
V	50492	747
V	50559	748
V	50627	749
V	50695	750
V	50763	751
V	50831	752
V	50898	753
V	50966	754
V	51031	755
V	51099	756
V	51167	757
V	51233	758
V	51301	759
V	51369	760
V	51436	761
V	51504	762
V	51572	763
V	51640	764
V	51710	765
V	51777	766
V	51845	767
V	51913	768
V	51980	769
V	52048	770
V	52114	771
V	52181	772
V	52249	773
V	52317	774
V	52385	775
V	52453	776
V	52520	777
V	52587	778
V	52654	779
V	52722	780
V	52794	781
V	52862	782
V	52930	783
V	52998	784
V	53066	785
V	53134	786
V	53202	787
V	53270	788
V	53338	789
V	53406	790
V	53473	791
V	53540	792
V	53607	793
V	53676	794
V	53744	795
V	53812	796
V	53877	797
V	53943	798
V	54011	799
V	54079	800
V	54147	801
V	54215	802
V	54283	803
V	54353	804
V	54420	805
V	54487	806
V	54557	807
V	54625	808
V	54693	809
V	54760	810
V	54826	811
V	54894	812
V	54962	813
V	55030	814
V	55098	815
V	55166	816
V	55235	817
V	55303	818
V	55371	819
V	55441	820
V	55508	821
V	55575	822
V	55643	823
V	55710	824
V	55778	825
V	55846	826
V	55914	827
V	55982	828
V	56050	829
V	56120	830
V	56188	831
V	56255	832
V	56323	833
V	56391	834
V	56459	835
V	56523	836
V	56589	837
V	56655	838
V	56722	839
V	56790	840
V	56858	841
V	56926	842
V	56996	843
V	57063	844
V	57131	845
V	57201	846
V	57268	847
V	57336	848
V	57403	849
V	57471	850
V	57537	851
V	57605	852
V	57672	853
V	57740	854
V	57808	855
V	57878	856
V	57946	857
V	58014	858
V	58083	859
V	58151	860
V	58219	861
V	58285	862
V	58352	863
V	58420	864
V	58488	865
V	58556	866
V	58624	867
V	58692	868
V	58763	869
V	58830	870
V	58898	871
V	58965	872
V	59033	873
V	59101	874
V	59168	875
V	59236	876
V	59304	877
V	59372	878
V	59439	879
V	59507	880
V	59575	881
V	59644	882
V	59711	883
V	59779	884
V	59846	885
V	59914	886
V	59982	887
V	60050	888
V	60117	889
V	60185	890
V	60253	891
V	60321	892
V	60389	893
V	60456	894
V	60525	895
V	60590	896
V	60658	897
V	60730	898
V	60797	899
V	60865	900
V	60932	901
V	61000	902
V	61068	903
V	61136	904
V	61204	905
V	61272	906
V	61340	907
V	61409	908
V	61476	909
V	61544	910
V	61614	911
V	61677	912
V	61745	913
V	61812	914
V	61879	915
V	61947	916
V	62015	917
V	62083	918
V	62151	919
V	62219	920
V	62289	921
V	62356	922
V	62424	923
V	62493	924
V	62561	925
V	62628	926
V	62695	927
V	62763	928
V	62831	929
V	62899	930
V	62966	931
V	63034	932
V	63102	933
V	63171	934
V	63239	935
V	63307	936
V	63377	937
V	63445	938
V	63512	939
V	63579	940
V	63647	941
V	63713	942
V	63781	943
V	63849	944
V	63917	945
V	63984	946
V	64054	947
V	64122	948
V	64190	949
V	64259	950
V	64327	951
V	64395	952
V	64462	953
V	64530	954
V	64598	955
V	64665	956
V	64733	957
V	64801	958
V	64869	959
V	64939	960
V	65007	961
V	65075	962
V	65143	963
V	65211	964
V	65279	965
V	65344	966
V	65412	967
V	65479	968
V	65545	969
V	65613	970
V	65681	971
V	65749	972
V	65820	973
V	65888	974
V	65955	975
V	66025	976
V	66088	977
V	66155	978
V	66222	979
V	66290	980
V	66357	981
V	66425	982
V	66493	983
V	66561	984
V	66629	985
V	66698	986
V	66766	987
V	66834	988
V	66904	989
V	66967	990
V	67034	991
V	67098	992
V	67165	993
V	67233	994
V	67301	995
V	67369	996
V	67436	997
V	67504	998
V	67573	999
V	67640	1000
V	67709	1001
V	67780	1002
V	67844	1003
V	67913	1004
V	67980	1005
V	68049	1006
V	68118	1007
V	68187	1008
V	68256	1009
V	68325	1010
V	68394	1011
V	68464	1012
V	68532	1013
V	68601	1014
V	68672	1015
V	68741	1016
V	68809	1017
V	68877	1018
V	68946	1019
V	69015	1020
V	69083	1021
V	69151	1022
V	69220	1023
V	69287	1024
V	69358	1025
V	69426	1026
V	69495	1027
V	69568	1028
V	69637	1029
V	69706	1030
V	69773	1031
V	69842	1032
V	69911	1033
V	69980	1034
V	70049	1035
V	70116	1036
V	70185	1037
V	70257	1038
V	70325	1039
V	70394	1040
V	70465	1041
V	70534	1042
V	70602	1043
V	70669	1044
V	70737	1045
V	70806	1046
V	70874	1047
V	70943	1048
V	71011	1049
V	71079	1050
V	71150	1051
V	71218	1052
V	71287	1053
V	71356	1054
V	71425	1055
V	71494	1056
V	71561	1057
V	71630	1058
V	71699	1059
V	71768	1060
V	71837	1061
V	71906	1062
V	71974	1063
V	72045	1064
V	72113	1065
V	72182	1066
V	72253	1067
V	72322	1068
V	72391	1069
V	72459	1070
V	72527	1071
V	72596	1072
V	72665	1073
V	72734	1074
V	72803	1075
V	72872	1076
V	72943	1077
V	73009	1078
V	73078	1079
V	73146	1080
V	73215	1081
V	73283	1082
V	73350	1083
V	73418	1084
V	73487	1085
V	73555	1086
V	73624	1087
V	73693	1088
V	73761	1089
V	73831	1090
V	73898	1091
V	73967	1092
V	74035	1093
V	74104	1094
V	74173	1095
V	74239	1096
V	74308	1097
V	74377	1098
V	74446	1099
V	74514	1100
V	74583	1101
V	74652	1102
V	74724	1103
V	74790	1104
V	74859	1105
V	74927	1106
V	74996	1107
V	75064	1108
V	75133	1109
V	75201	1110
V	75269	1111
V	75338	1112
V	75407	1113
V	75476	1114
V	75545	1115
V	75616	1116
V	75684	1117
V	75753	1118
V	75821	1119
V	75890	1120
V	75959	1121
V	76025	1122
V	76093	1123
V	76162	1124
V	76231	1125
V	76299	1126
V	76368	1127
V	76437	1128
V	76508	1129
V	76575	1130
V	76644	1131
V	76715	1132
V	76784	1133
V	76853	1134
V	76921	1135
V	76990	1136
V	77059	1137
V	77127	1138
V	77196	1139
V	77265	1140
V	77334	1141
V	77405	1142
V	77472	1143
V	77541	1144
V	77612	1145
V	77681	1146
V	77749	1147
V	77816	1148
V	77885	1149
V	77954	1150
V	78022	1151
V	78091	1152
V	78160	1153
V	78229	1154
V	78300	1155
V	78369	1156
V	78438	1157
V	78508	1158
V	78577	1159
V	78646	1160
V	78715	1161
V	78783	1162
V	78852	1163
V	78920	1164
V	78989	1165
V	79058	1166
V	79127	1167
V	79198	1168
V	79266	1169
V	79335	1170
V	79401	1171
V	79469	1172
V	79538	1173
V	79606	1174
V	79674	1175
V	79741	1176
V	79810	1177
V	79879	1178
V	79948	1179
V	80017	1180
V	80087	1181
V	80156	1182
V	80225	1183
V	80293	1184
V	80362	1185
V	80431	1186
V	80500	1187
V	80567	1188
V	80636	1189
V	80705	1190
V	80773	1191
V	80842	1192
V	80911	1193
V	80982	1194
V	81051	1195
V	81120	1196
V	81186	1197
V	81255	1198
V	81324	1199
V	81391	1200
V	81459	1201
V	81528	1202
V	81597	1203
V	81666	1204
V	81734	1205
V	81803	1206
V	81874	1207
V	81940	1208
V	82009	1209
V	82079	1210
V	82148	1211
V	82217	1212
V	82285	1213
V	82353	1214
V	82422	1215
V	82491	1216
V	82559	1217
V	82628	1218
V	82697	1219
V	82768	1220
V	82837	1221
V	82906	1222
V	82972	1223
V	83041	1224
V	83110	1225
V	83178	1226
V	83246	1227
V	83315	1228
V	83384	1229
V	83453	1230
V	83522	1231
V	83590	1232
V	83661	1233
V	83729	1234
V	83798	1235
V	83869	1236
V	83938	1237
V	84007	1238
V	84076	1239
V	84144	1240
V	84212	1241
V	84281	1242
V	84350	1243
V	84418	1244
V	84486	1245
V	84557	1246
V	84625	1247
V	84694	1248
V	84764	1249
V	84833	1250
V	84902	1251
V	84971	1252
V	85040	1253
V	85108	1254
V	85177	1255
V	85245	1256
V	85314	1257
V	85383	1258
V	85453	1259
V	85520	1260
V	85589	1261
V	85660	1262
V	85729	1263
V	85798	1264
V	85864	1265
V	85932	1266
V	86000	1267
V	86069	1268
V	86138	1269
V	86207	1270
V	86276	1271
V	86345	1272
V	86413	1273
V	86482	1274
V	86553	1275
V	86622	1276
V	86691	1277
V	86758	1278
V	86827	1279
V	86895	1280
V	86964	1281
V	87033	1282
V	87102	1283
V	87171	1284
V	87242	1285
V	87310	1286
V	87378	1287
V	87449	1288
V	87518	1289
V	87587	1290
V	87656	1291
V	87725	1292
V	87793	1293
V	87862	1294
V	87931	1295
V	87999	1296
V	88067	1297
V	88138	1298
V	88206	1299
V	88275	1300
V	88348	1301
V	88417	1302
V	88486	1303
V	88552	1304
V	88621	1305
V	88690	1306
V	88759	1307
V	88827	1308
V	88894	1309
V	88962	1310
V	89033	1311
V	89100	1312
V	89169	1313
V	89237	1314
V	89306	1315
V	89375	1316
V	89443	1317
V	89512	1318
V	89581	1319
V	89650	1320
V	89718	1321
V	89787	1322
V	89856	1323
V	89927	1324
V	89994	1325
V	90063	1326
V	90131	1327
V	90200	1328
V	90268	1329
V	90336	1330
V	90405	1331
V	90474	1332
V	90541	1333
V	90610	1334
V	90679	1335
V	90747	1336
V	90818	1337
V	90886	1338
V	90955	1339
V	91028	1340
V	91097	1341
V	91166	1342
V	91234	1343
V	91301	1344
V	91370	1345
V	91438	1346
V	91507	1347
V	91576	1348
V	91645	1349
V	91717	1350
V	91784	1351
V	91853	1352
V	91921	1353
V	91990	1354
V	92059	1355
V	92126	1356
V	92194	1357
V	92263	1358
V	92332	1359
V	92401	1360
V	92469	1361
V	92538	1362
V	92608	1363
V	92675	1364
V	92744	1365
V	92814	1366
V	92883	1367
V	92952	1368
V	93018	1369
V	93087	1370
V	93156	1371
V	93225	1372
V	93294	1373
V	93362	1374
V	93431	1375
V	93502	1376
V	93568	1377
V	93636	1378
V	93704	1379
V	93773	1380
V	93842	1381
V	93909	1382
V	93978	1383
V	94047	1384
V	94116	1385
V	94185	1386
V	94254	1387
V	94322	1388
V	94392	1389
V	94459	1390
V	94528	1391
V	94597	1392
V	94666	1393
V	94734	1394
V	94803	1395
V	94870	1396
V	94939	1397
V	95008	1398
V	95077	1399
V	95145	1400
V	95214	1401
V	95285	1402
V	95354	1403
V	95423	1404
V	95492	1405
V	95561	1406
V	95630	1407
V	95698	1408
V	95767	1409
V	95836	1410
V	95904	1411
V	95972	1412
V	96041	1413
V	96109	1414
V	96180	1415
V	96248	1416
V	96317	1417
V	96390	1418
V	96459	1419
V	96528	1420
V	96594	1421
V	96663	1422
V	96732	1423
V	96800	1424
V	96869	1425
V	96937	1426
V	97005	1427
V	97076	1428
V	97144	1429
V	97213	1430
V	97283	1431
V	97352	1432
V	97421	1433
V	97488	1434
V	97557	1435
V	97626	1436
V	97695	1437
V	97764	1438
V	97833	1439
V	97902	1440
V	97973	1441
V	98040	1442
V	98109	1443
V	98182	1444
V	98251	1445
V	98320	1446
V	98387	1447
V	98456	1448
V	98525	1449
V	98594	1450
V	98662	1451
V	98729	1452
V	98798	1453
V	98868	1454
V	98935	1455
V	99003	1456
V	99074	1457
V	99138	1458
V	99207	1459
V	99275	1460
V	99344	1461
V	99413	1462
V	99482	1463
V	99551	1464
V	99620	1465
V	99688	1466
V	99758	1467
V	99825	1468
V	99894	1469
V	99965	1470
V	100034	1471
V	100103	1472
V	100170	1473
V	100239	1474
V	100308	1475
V	100374	1476
V	100443	1477
V	100512	1478
V	100581	1479
V	100652	1480
V	100721	1481
V	100790	1482
V	100861	1483
V	100930	1484
V	100999	1485
V	101066	1486
V	101133	1487
V	101202	1488
V	101271	1489
V	101340	1490
V	101409	1491
V	101478	1492
V	101549	1493
V	101617	1494
V	101686	1495
V	101759	1496
V	101828	1497
V	101896	1498
V	101963	1499
V	102032	1500
V	102100	1501
V	102169	1502
V	102238	1503
V	102307	1504
V	102376	1505
V	102448	1506
V	102515	1507
V	102584	1508
V	102655	1509
V	102724	1510
V	102793	1511
V	102860	1512
V	102929	1513
V	102998	1514
V	103067	1515
V	103135	1516
V	103204	1517
V	103273	1518
V	103345	1519
V	103414	1520
V	103483	1521
V	103553	1522
V	103622	1523
V	103691	1524
V	103758	1525
V	103827	1526
V	103896	1527
V	103965	1528
V	104034	1529
V	104102	1530
V	104171	1531
V	104241	1532
V	104308	1533
V	104376	1534
V	104445	1535
V	104514	1536
V	104583	1537
V	104650	1538
V	104719	1539
V	104788	1540
V	104857	1541
V	104925	1542
V	104994	1543
V	105063	1544
V	105134	1545
V	105201	1546
V	105270	1547
V	105341	1548
V	105410	1549
V	105479	1550
V	105546	1551
V	105614	1552
V	105683	1553
V	105752	1554
V	105820	1555
V	105889	1556
V	105958	1557
V	106030	1558
V	106097	1559
V	106166	1560
V	106237	1561
V	106306	1562
V	106375	1563
V	106442	1564
V	106511	1565
V	106580	1566
V	106649	1567
V	106718	1568
V	106787	1569
V	106856	1570
V	106927	1571
V	106996	1572
V	107065	1573
V	107134	1574
V	107203	1575
V	107272	1576
V	107339	1577
V	107408	1578
V	107477	1579
V	107546	1580
V	107615	1581
V	107684	1582
V	107753	1583
V	107825	1584
V	107892	1585
V	107961	1586
V	108030	1587
V	108099	1588
V	108168	1589
V	108234	1590
V	108303	1591
V	108372	1592
V	108441	1593
V	108510	1594
V	108578	1595
V	108647	1596
V	108719	1597
V	108787	1598
V	108856	1599
V	108927	1600
V	108996	1601
V	109065	1602
V	109132	1603
V	109201	1604
V	109269	1605
V	109338	1606
V	109407	1607
V	109476	1608
V	109545	1609
V	109616	1610
V	109685	1611
V	109754	1612
V	109823	1613
V	109892	1614
V	109961	1615
V	110028	1616
V	110094	1617
V	110163	1618
V	110232	1619
V	110301	1620
V	110370	1621
V	110439	1622
V	110509	1623
V	110576	1624
V	110645	1625
V	110714	1626
V	110783	1627
V	110852	1628
V	110918	1629
V	110985	1630
V	111054	1631
V	111123	1632
V	111192	1633
V	111261	1634
V	111330	1635
V	111401	1636
V	111469	1637
V	111538	1638
V	111607	1639
V	111676	1640
V	111743	1641
V	111810	1642
V	111879	1643
V	111948	1644
V	112017	1645
V	112086	1646
V	112155	1647
V	112224	1648
V	112295	1649
V	112362	1650
V	112431	1651
V	112502	1652
V	112571	1653
V	112640	1654
V	112707	1655
V	112776	1656
V	112845	1657
V	112914	1658
V	112982	1659
V	113051	1660
V	113120	1661
V	113191	1662
V	113260	1663
V	113329	1664
V	113397	1665
V	113466	1666
V	113533	1667
V	113601	1668
V	113670	1669
V	113736	1670
V	113805	1671
V	113874	1672
V	113943	1673
V	114012	1674
V	114083	1675
V	114151	1676
V	114220	1677
V	114291	1678
V	114360	1679
V	114429	1680
V	114495	1681
V	114564	1682
V	114632	1683
V	114701	1684
V	114770	1685
V	114837	1686
V	114906	1687
V	114977	1688
V	115046	1689
V	115115	1690
V	115186	1691
V	115255	1692
V	115324	1693
V	115391	1694
V	115459	1695
V	115528	1696
V	115597	1697
V	115666	1698
V	115735	1699
V	115804	1700
V	115875	1701
V	115944	1702
V	116013	1703
V	116086	1704
V	116155	1705
V	116224	1706
V	116291	1707
V	116360	1708
V	116428	1709
V	116497	1710
V	116566	1711
V	116634	1712
V	116702	1713
V	116774	1714
V	116841	1715
V	116910	1716
V	116976	1717
V	117045	1718
V	117114	1719
V	117181	1720
V	117250	1721
V	117319	1722
V	117388	1723
V	117457	1724
V	117525	1725
V	117594	1726
V	117665	1727
V	117730	1728
V	117799	1729
V	117867	1730
V	117936	1731
V	118005	1732
V	118072	1733
V	118140	1734
V	118208	1735
V	118277	1736
V	118345	1737
V	118414	1738
V	118483	1739
V	118553	1740
V	118619	1741
V	118688	1742
V	118756	1743
V	118825	1744
V	118894	1745
V	118961	1746
V	119029	1747
V	119098	1748
V	119167	1749
V	119235	1750
V	119304	1751
V	119372	1752
V	119443	1753
V	119511	1754
V	119580	1755
V	119646	1756
V	119715	1757
V	119784	1758
V	119851	1759
V	119920	1760
V	119989	1761
V	120058	1762
V	120127	1763
V	120196	1764
V	120265	1765
V	120335	1766
V	120404	1767
V	120473	1768
V	120544	1769
V	120613	1770
V	120682	1771
V	120750	1772
V	120819	1773
V	120888	1774
V	120957	1775
V	121026	1776
V	121094	1777
V	121162	1778
V	121232	1779
V	121300	1780
V	121369	1781
V	121440	1782
V	121509	1783
V	121578	1784
V	121645	1785
V	121714	1786
V	121783	1787
V	121852	1788
V	121921	1789
V	121990	1790
V	122058	1791
V	122128	1792
V	122197	1793
V	122265	1794
V	122334	1795
V	122403	1796
V	122472	1797
V	122539	1798
V	122605	1799
V	122674	1800
V	122741	1801
V	122810	1802
V	122879	1803
V	122948	1804
V	123018	1805
V	123086	1806
V	123155	1807
V	123225	1808
V	123294	1809
V	123363	1810
V	123430	1811
V	123497	1812
V	123566	1813
V	123635	1814
V	123704	1815
V	123773	1816
V	123842	1817
V	123913	1818
V	123981	1819
V	124050	1820
V	124118	1821
V	124187	1822
V	124255	1823
V	124322	1824
V	124391	1825
V	124460	1826
V	124529	1827
V	124597	1828
V	124665	1829
V	124734	1830
V	124803	1831
V	124872	1832
V	124941	1833
V	125011	1834
V	125080	1835
V	125149	1836
V	125216	1837
V	125285	1838
V	125354	1839
V	125423	1840
V	125492	1841
V	125561	1842
V	125628	1843
V	125699	1844
V	125767	1845
V	125836	1846
V	125906	1847
V	125975	1848
V	126044	1849
V	126111	1850
V	126179	1851
V	126248	1852
V	126317	1853
V	126386	1854
V	126455	1855
V	126524	1856
V	126596	1857
V	126664	1858
V	126733	1859
V	126804	1860
V	126873	1861
V	126941	1862
V	127009	1863
V	127078	1864
V	127147	1865
V	127216	1866
V	127285	1867
V	127353	1868
V	127422	1869
V	127493	1870
V	127561	1871
V	127630	1872
V	127698	1873
V	127767	1874
V	127836	1875
V	127903	1876
V	127972	1877
V	128041	1878
V	128110	1879
V	128179	1880
V	128247	1881
V	128316	1882
V	128386	1883
V	128454	1884
V	128523	1885
V	128594	1886
V	128663	1887
V	128732	1888
V	128798	1889
V	128867	1890
V	128936	1891
V	129005	1892
V	129074	1893
V	129143	1894
V	129212	1895
V	129283	1896
V	129349	1897
V	129418	1898
V	129487	1899
V	129556	1900
V	129625	1901
V	129692	1902
V	129761	1903
V	129829	1904
V	129898	1905
V	129967	1906
V	130036	1907
V	130105	1908
V	130175	1909
V	130241	1910
V	130310	1911
V	130378	1912
V	130447	1913
V	130516	1914
V	130583	1915
V	130651	1916
V	130718	1917
V	130786	1918
V	130855	1919
V	130924	1920
V	130993	1921
V	131063	1922
V	131129	1923
V	131198	1924
V	131266	1925
V	131335	1926
V	131404	1927
V	131471	1928
V	131540	1929
V	131609	1930
V	131678	1931
V	131747	1932
V	131816	1933
V	131885	1934
V	131955	1935
V	132024	1936
V	132093	1937
V	132164	1938
V	132233	1939
V	132302	1940
V	132369	1941
V	132438	1942
V	132507	1943
V	132575	1944
V	132644	1945
V	132713	1946
V	132782	1947
V	132853	1948
V	132921	1949
V	132990	1950
V	133059	1951
V	133128	1952
V	133197	1953
V	133265	1954
V	133334	1955
V	133403	1956
V	133472	1957
V	133541	1958
V	133610	1959
V	133677	1960
V	133748	1961
V	133816	1962
V	133885	1963
V	133954	1964
V	134023	1965
V	134092	1966
V	134161	1967
V	134229	1968
V	134298	1969
V	134367	1970
V	134436	1971
V	134505	1972
V	134574	1973
V	134646	1974
V	134715	1975
V	134784	1976
V	134856	1977
V	134925	1978
V	134994	1979
V	135062	1980
V	135131	1981
V	135200	1982
V	135269	1983
V	135338	1984
V	135405	1985
V	135472	1986
V	135544	1987
V	135611	1988
V	135680	1989
V	135751	1990
V	135819	1991
V	135888	1992
V	135955	1993
V	136023	1994
V	136092	1995
V	136161	1996
V	136230	1997
V	136299	1998
V	136368	1999
V	136437	2000
V	136505	2001
V	136574	2002
V	136643	2003
V	136712	2004
V	136781	2005
V	136849	2006
V	136918	2007
V	136987	2008
V	137056	2009
V	137124	2010
V	137193	2011
V	137261	2012
V	137331	2013
V	137398	2014
V	137467	2015
V	137536	2016
V	137605	2017
V	137674	2018
V	137741	2019
V	137810	2020
V	137877	2021
V	137946	2022
V	138015	2023
V	138083	2024
V	138152	2025
V	138223	2026
V	138292	2027
V	138359	2028
V	138429	2029
V	138498	2030
V	138567	2031
V	138636	2032
V	138705	2033
V	138774	2034
V	138843	2035
V	138912	2036
V	138980	2037
V	139049	2038
V	139119	2039
V	139186	2040
V	139255	2041
V	139326	2042
V	139393	2043
V	139462	2044
V	139530	2045
V	139599	2046
V	139666	2047
V	139735	2048
V	139803	2049
V	139872	2050
V	139941	2051
V	140012	2052
V	140081	2053
V	140150	2054
V	140219	2055
V	140287	2056
V	140356	2057
V	140423	2058
V	140492	2059
V	140561	2060
V	140629	2061
V	140698	2062
V	140767	2063
V	140836	2064
V	140907	2065
V	140974	2066
V	141043	2067
V	141112	2068
V	141180	2069
V	141249	2070
V	141316	2071
V	141385	2072
V	141454	2073
V	141523	2074
V	141592	2075
V	141660	2076
V	141728	2077
V	141799	2078
V	141865	2079
V	141934	2080
V	142002	2081
V	142071	2082
V	142140	2083
V	142209	2084
V	142277	2085
V	142346	2086
V	142415	2087
V	142484	2088
V	142553	2089
V	142621	2090
V	142693	2091
V	142761	2092
V	142830	2093
V	142900	2094
V	142969	2095
V	143038	2096
V	143106	2097
V	143175	2098
V	143244	2099
V	143313	2100
V	143382	2101
V	143451	2102
V	143520	2103
V	143591	2104
V	143660	2105
V	143728	2106
V	143801	2107
V	143870	2108
V	143939	2109
V	144008	2110
V	144076	2111
V	144145	2112
V	144214	2113
V	144282	2114
V	144351	2115
V	144420	2116
V	144491	2117
V	144558	2118
V	144627	2119
V	144697	2120
V	144765	2121
V	144834	2122
V	144902	2123
V	144970	2124
V	145039	2125
V	145107	2126
V	145176	2127
V	145245	2128
V	145314	2129
V	145386	2130
V	145453	2131
V	145522	2132
V	145590	2133
V	145659	2134
V	145728	2135
V	145797	2136
V	145866	2137
V	145935	2138
V	146004	2139
V	146073	2140
V	146142	2141
V	146211	2142
V	146282	2143
V	146351	2144
V	146420	2145
V	146486	2146
V	146554	2147
V	146623	2148
V	146691	2149
V	146760	2150
V	146829	2151
V	146898	2152
V	146966	2153
V	147035	2154
V	147103	2155
V	147174	2156
V	147242	2157
V	147311	2158
V	147382	2159
V	147451	2160
V	147520	2161
V	147586	2162
V	147655	2163
V	147724	2164
V	147793	2165
V	147862	2166
V	147928	2167
V	147997	2168
V	148068	2169
V	148136	2170
V	148205	2171
V	148278	2172
V	148347	2173
V	148416	2174
V	148484	2175
V	148553	2176
V	148622	2177
V	148691	2178
V	148760	2179
V	148829	2180
V	148898	2181
V	148967	2182
V	149034	2183
V	149103	2184
V	149176	2185
V	149245	2186
V	149314	2187
V	149382	2188
V	149451	2189
V	149520	2190
V	149589	2191
V	149657	2192
V	149726	2193
V	149795	2194
V	149866	2195
V	149933	2196
V	150002	2197
V	150075	2198
V	150144	2199
V	150213	2200
V	150282	2201
V	150351	2202
V	150420	2203
V	150489	2204
V	150558	2205
V	150627	2206
V	150696	2207
V	150769	2208
V	150837	2209
V	150906	2210
V	150979	2211
V	151048	2212
V	151117	2213
V	151185	2214
V	151254	2215
V	151323	2216
V	151391	2217
V	151460	2218
V	151528	2219
V	151597	2220
V	151668	2221
V	151737	2222
V	151806	2223
V	151876	2224
V	151945	2225
V	152014	2226
V	152083	2227
V	152151	2228
V	152220	2229
V	152289	2230
V	152358	2231
V	152425	2232
V	152494	2233
V	152565	2234
V	152634	2235
V	152703	2236
V	152773	2237
V	152842	2238
V	152911	2239
V	152979	2240
V	153048	2241
V	153117	2242
V	153185	2243
V	153254	2244
V	153323	2245
V	153392	2246
V	153464	2247
V	153533	2248
V	153601	2249
V	153669	2250
V	153738	2251
V	153807	2252
V	153875	2253
V	153944	2254
V	154013	2255
V	154082	2256
V	154151	2257
V	154220	2258
V	154288	2259
V	154359	2260
V	154427	2261
V	154496	2262
V	154567	2263
V	154636	2264
V	154704	2265
V	154771	2266
V	154840	2267
V	154909	2268
V	154976	2269
V	155044	2270
V	155113	2271
V	155182	2272
V	155252	2273
V	155318	2274
V	155387	2275
V	155458	2276
V	155527	2277
V	155596	2278
V	155664	2279
V	155733	2280
V	155800	2281
V	155869	2282
V	155937	2283
V	156006	2284
V	156075	2285
V	156146	2286
V	156214	2287
V	156283	2288
V	156354	2289
V	156423	2290
V	156492	2291
V	156560	2292
V	156629	2293
V	156697	2294
V	156766	2295
V	156835	2296
V	156904	2297
V	156973	2298
V	157045	2299
V	157113	2300
V	157182	2301
V	157251	2302
V	157320	2303
V	157389	2304
V	157456	2305
V	157525	2306
V	157594	2307
V	157663	2308
V	157731	2309
V	157800	2310
V	157869	2311
V	157938	2312
V	158006	2313
V	158074	2314
V	158145	2315
V	158214	2316
V	158283	2317
V	158349	2318
V	158418	2319
V	158487	2320
V	158556	2321
V	158624	2322
V	158693	2323
V	158761	2324
V	158832	2325
V	158900	2326
V	158969	2327
V	159037	2328
V	159106	2329
V	159175	2330
V	159243	2331
V	159312	2332
V	159381	2333
V	159450	2334
V	159519	2335
V	159588	2336
V	159656	2337
V	159726	2338
V	159794	2339
V	159862	2340
V	159929	2341
V	159998	2342
V	160067	2343
V	160135	2344
V	160204	2345
V	160273	2346
V	160342	2347
V	160411	2348
V	160480	2349
V	160549	2350
V	160619	2351
V	160687	2352
V	160755	2353
V	160828	2354
V	160897	2355
V	160966	2356
V	161033	2357
V	161102	2358
V	161171	2359
V	161240	2360
V	161309	2361
V	161378	2362
V	161447	2363
V	161516	2364
V	161584	2365
V	161653	2366
V	161724	2367
V	161793	2368
V	161862	2369
V	161929	2370
V	161998	2371
V	162067	2372
V	162136	2373
V	162205	2374
V	162274	2375
V	162343	2376
V	162414	2377
V	162482	2378
V	162551	2379
V	162624	2380
V	162693	2381
V	162762	2382
V	162829	2383
V	162898	2384
V	162967	2385
V	163036	2386
V	163105	2387
V	163174	2388
V	163242	2389
V	163313	2390
V	163380	2391
V	163449	2392
V	163517	2393
V	163586	2394
V	163655	2395
V	163720	2396
V	163789	2397
V	163857	2398
V	163926	2399
V	163995	2400
V	164068	2401
V	164135	2402
V	164204	2403
V	164275	2404
V	164343	2405
V	164412	2406
V	164478	2407
V	164547	2408
V	164616	2409
V	164685	2410
V	164754	2411
V	164824	2412
V	164893	2413
V	164962	2414
V	165031	2415
V	165100	2416
V	165169	2417
V	165236	2418
V	165305	2419
V	165374	2420
V	165443	2421
V	165512	2422
V	165583	2423
V	165651	2424
V	165720	2425
V	165788	2426
V	165857	2427
V	165926	2428
V	165992	2429
V	166061	2430
V	166130	2431
V	166199	2432
V	166267	2433
V	166339	2434
V	166408	2435
V	166477	2436
V	166545	2437
V	166614	2438
V	166683	2439
V	166749	2440
V	166818	2441
V	166887	2442
V	166956	2443
V	167024	2444
V	167094	2445
V	167161	2446
V	167230	2447
V	167300	2448
V	167369	2449
V	167438	2450
V	167504	2451
V	167573	2452
V	167642	2453
V	167711	2454
V	167780	2455
V	167851	2456
V	167917	2457
V	167986	2458
V	168056	2459
V	168125	2460
V	168194	2461
V	168261	2462
V	168330	2463
V	168399	2464
V	168468	2465
V	168537	2466
V	168607	2467
V	168675	2468
V	168744	2469
V	168813	2470
V	168882	2471
V	168951	2472
V	169018	2473
V	169086	2474
V	169155	2475
V	169224	2476
V	169293	2477
V	169365	2478
V	169434	2479
V	169503	2480
V	169574	2481
V	169643	2482
V	169712	2483
V	169779	2484
V	169848	2485
V	169917	2486
V	169986	2487
V	170055	2488
V	170125	2489
V	170194	2490
V	170263	2491
V	170329	2492
V	170398	2493
V	170467	2494
V	170534	2495
V	170603	2496
V	170671	2497
V	170740	2498
V	170809	2499
V	170880	2500
V	170948	2501
V	171017	2502
V	171085	2503
V	171154	2504
V	171223	2505
V	171290	2506
V	171358	2507
V	171427	2508
V	171495	2509
V	171564	2510
V	171634	2511
V	171703	2512
V	171772	2513
V	171840	2514
V	171908	2515
V	171977	2516
V	172043	2517
V	172112	2518
V	172181	2519
V	172250	2520
V	172319	2521
V	172389	2522
V	172457	2523
V	172526	2524
V	172592	2525
V	172661	2526
V	172730	2527
V	172797	2528
V	172865	2529
V	172934	2530
V	173003	2531
V	173072	2532
V	173142	2533
V	173211	2534
V	173280	2535
V	173348	2536
V	173417	2537
V	173486	2538
V	173553	2539
V	173621	2540
V	173690	2541
V	173759	2542
V	173828	2543
V	173898	2544
V	173965	2545
V	174034	2546
V	174100	2547
V	174169	2548
V	174238	2549
V	174304	2550
V	174373	2551
V	174441	2552
V	174510	2553
V	174579	2554
V	174649	2555
V	174717	2556
V	174786	2557
V	174857	2558
V	174926	2559
V	174995	2560
V	175062	2561
V	175131	2562
V	175200	2563
V	175269	2564
V	175337	2565
V	175407	2566
V	175475	2567
V	175544	2568
V	175610	2569
V	175679	2570
V	175748	2571
V	175815	2572
V	175884	2573
V	175953	2574
V	176022	2575
V	176091	2576
V	176161	2577
V	176228	2578
V	176297	2579
V	176368	2580
V	176437	2581
V	176505	2582
V	176572	2583
V	176640	2584
V	176709	2585
V	176778	2586
V	176847	2587
V	176916	2588
V	176984	2589
V	177053	2590
V	177124	2591
V	177193	2592
V	177262	2593
V	177331	2594
V	177400	2595
V	177469	2596
V	177538	2597
V	177607	2598
V	177677	2599
V	177745	2600
V	177814	2601
V	177885	2602
V	177954	2603
V	178022	2604
V	178090	2605
V	178159	2606
V	178228	2607
V	178297	2608
V	178365	2609
V	178436	2610
V	178504	2611
V	178573	2612
V	178642	2613
V	178711	2614
V	178780	2615
V	178845	2616
V	178914	2617
V	178983	2618
V	179052	2619
V	179121	2620
V	179191	2621
V	179259	2622
V	179328	2623
V	179397	2624
V	179466	2625
V	179535	2626
V	179602	2627
V	179671	2628
V	179740	2629
V	179809	2630
V	179878	2631
V	179948	2632
V	180016	2633
V	180085	2634
V	180153	2635
V	180222	2636
V	180291	2637
V	180358	2638
V	180427	2639
V	180496	2640
V	180563	2641
V	180631	2642
V	180701	2643
V	180769	2644
V	180837	2645
V	180908	2646
V	180977	2647
V	181046	2648
V	181115	2649
V	181184	2650
V	181253	2651
V	181322	2652
V	181391	2653
V	181462	2654
V	181531	2655
V	181600	2656
V	181668	2657
V	181732	2658
V	181800	2659
V	181869	2660
V	181938	2661
V	182006	2662
V	182075	2663
V	182144	2664
V	182214	2665
V	182281	2666
V	182350	2667
V	182421	2668
V	182490	2669
V	182558	2670
V	182623	2671
V	182692	2672
V	182760	2673
V	182828	2674
V	182897	2675
V	182967	2676
V	183035	2677
V	183104	2678
V	183175	2679
V	183244	2680
V	183313	2681
V	183380	2682
V	183449	2683
V	183517	2684
V	183586	2685
V	183655	2686
V	183725	2687
V	183793	2688
V	183862	2689
V	183933	2690
V	184002	2691
V	184071	2692
V	184140	2693
V	184208	2694
V	184277	2695
V	184345	2696
V	184413	2697
V	184483	2698
V	184551	2699
V	184620	2700
V	184689	2701
V	184758	2702
V	184827	2703
V	184894	2704
V	184963	2705
V	185031	2706
V	185100	2707
V	185168	2708
V	185239	2709
V	185305	2710
V	185374	2711
V	185447	2712
V	185516	2713
V	185585	2714
V	185652	2715
V	185721	2716
V	185790	2717
V	185859	2718
V	185927	2719
V	185998	2720
V	186067	2721
V	186136	2722
V	186204	2723
V	186273	2724
V	186342	2725
V	186410	2726
V	186479	2727
V	186548	2728
V	186617	2729
V	186686	2730
V	186757	2731
V	186824	2732
V	186893	2733
V	186963	2734
V	187032	2735
V	187101	2736
V	187168	2737
V	187237	2738
V	187306	2739
V	187375	2740
V	187442	2741
V	187514	2742
V	187582	2743
V	187651	2744
V	187722	2745
V	187791	2746
V	187859	2747
V	187927	2748
V	187996	2749
V	188065	2750
V	188134	2751
V	188203	2752
V	188273	2753
V	188341	2754
V	188409	2755
V	188480	2756
V	188549	2757
V	188618	2758
V	188686	2759
V	188755	2760
V	188824	2761
V	188893	2762
V	188962	2763
V	189033	2764
V	189102	2765
V	189171	2766
V	189244	2767
V	189313	2768
V	189382	2769
V	189450	2770
V	189519	2771
V	189588	2772
V	189657	2773
V	189725	2774
V	189797	2775
V	189866	2776
V	189935	2777
V	190006	2778
V	190075	2779
V	190144	2780
V	190212	2781
V	190281	2782
V	190350	2783
V	190419	2784
V	190488	2785
V	190559	2786
V	190628	2787
V	190697	2788
V	190766	2789
V	190835	2790
V	190902	2791
V	190970	2792
V	191039	2793
V	191107	2794
V	191176	2795
V	191245	2796
V	191316	2797
V	191384	2798
V	191453	2799
V	191522	2800
V	191591	2801
V	191659	2802
V	191726	2803
V	191794	2804
V	191863	2805
V	191932	2806
V	192001	2807
V	192073	2808
V	192141	2809
V	192210	2810
V	192278	2811
V	192347	2812
V	192416	2813
V	192484	2814
V	192553	2815
V	192622	2816
V	192691	2817
V	192760	2818
V	192831	2819
V	192900	2820
V	192969	2821
V	193042	2822
V	193111	2823
V	193180	2824
V	193247	2825
V	193316	2826
V	193385	2827
V	193453	2828
V	193522	2829
V	193593	2830
V	193659	2831
V	193728	2832
V	193799	2833
V	193868	2834
V	193937	2835
V	194004	2836
V	194073	2837
V	194142	2838
V	194211	2839
V	194280	2840
V	194350	2841
V	194417	2842
V	194486	2843
V	194557	2844
V	194626	2845
V	194695	2846
V	194763	2847
V	194832	2848
V	194901	2849
V	194970	2850
V	195038	2851
V	195109	2852
V	195179	2853
V	195248	2854
V	195321	2855
V	195390	2856
V	195458	2857
V	195524	2858
V	195593	2859
V	195662	2860
V	195731	2861
V	195800	2862
V	195871	2863
V	195940	2864
V	196009	2865
V	196078	2866
V	196147	2867
V	196216	2868
V	196283	2869
V	196351	2870
V	196420	2871
V	196489	2872
V	196558	2873
V	196630	2874
V	196699	2875
V	196768	2876
V	196839	2877
V	196908	2878
V	196977	2879
V	197045	2880
V	197114	2881
V	197183	2882
V	197252	2883
V	197321	2884
V	197392	2885
V	197458	2886
V	197527	2887
V	197597	2888
V	197666	2889
V	197735	2890
V	197801	2891
V	197869	2892
V	197938	2893
V	198006	2894
V	198075	2895
V	198147	2896
V	198216	2897
V	198285	2898
V	198353	2899
V	198422	2900
V	198491	2901
V	198559	2902
V	198628	2903
V	198697	2904
V	198765	2905
V	198834	2906
V	198905	2907
V	198973	2908
V	199042	2909
V	199110	2910
V	199179	2911
V	199248	2912
V	199314	2913
V	199383	2914
V	199452	2915
V	199521	2916
V	199590	2917
V	199662	2918
V	199730	2919
V	199799	2920
V	199867	2921
V	199936	2922
V	200005	2923
V	200073	2924
V	200142	2925
V	200211	2926
V	200280	2927
V	200348	2928
V	200419	2929
V	200487	2930
V	200556	2931
V	200624	2932
V	200693	2933
V	200762	2934
V	200829	2935
V	200897	2936
V	200965	2937
V	201033	2938
V	201102	2939
V	201174	2940
V	201242	2941
V	201311	2942
V	201382	2943
V	201451	2944
V	201520	2945
V	201587	2946
V	201656	2947
V	201723	2948
V	201792	2949
V	201861	2950
V	201932	2951
V	202000	2952
V	202069	2953
V	202142	2954
V	202210	2955
V	202279	2956
V	202346	2957
V	202415	2958
V	202484	2959
V	202553	2960
V	202622	2961
V	202692	2962
V	202761	2963
V	202829	2964
V	202898	2965
V	202967	2966
V	203036	2967
V	203105	2968
V	203173	2969
V	203239	2970
V	203307	2971
V	203375	2972
V	203447	2973
V	203515	2974
V	203584	2975
V	203655	2976
V	203724	2977
V	203793	2978
V	203862	2979
V	203931	2980
V	203998	2981
V	204066	2982
V	204135	2983
V	204205	2984
V	204273	2985
V	204342	2986
V	204411	2987
V	204480	2988
V	204549	2989
V	204617	2990
V	204684	2991
V	204751	2992
V	204820	2993
V	204889	2994
V	204958	2995
V	205025	2996
V	205094	2997
V	205163	2998
V	205231	2999
V	205300	3000
V	205369	3001
V	205438	3002
V	205507	3003
V	205576	3004
V	205645	3005
V	205716	3006
V	205785	3007
V	205853	3008
V	205923	3009
V	205992	3010
V	206061	3011
V	206129	3012
V	206195	3013
V	206264	3014
V	206333	3015
V	206402	3016
V	206474	3017
V	206543	3018
V	206612	3019
V	206682	3020
V	206751	3021
V	206817	3022
V	206885	3023
V	206954	3024
V	207023	3025
V	207092	3026
V	207160	3027
V	207229	3028
V	207297	3029
V	207366	3030
V	207434	3031
V	207503	3032
V	207572	3033
V	207640	3034
V	207709	3035
V	207778	3036
V	207846	3037
V	207915	3038
V	207987	3039
V	208054	3040
V	208123	3041
V	208194	3042
V	208263	3043
V	208331	3044
V	208400	3045
V	208469	3046
V	208538	3047
V	208607	3048
V	208676	3049
V	208746	3050
V	208812	3051
V	208881	3052
V	208949	3053
V	209018	3054
V	209086	3055
V	209154	3056
V	209223	3057
V	209292	3058
V	209361	3059
V	209430	3060
V	209499	3061
V	209566	3062
V	209635	3063
V	209705	3064
V	209774	3065
V	209843	3066
V	209910	3067
V	209978	3068
V	210047	3069
V	210114	3070
V	210183	3071
V	210254	3072
V	210320	3073
V	210389	3074
V	210459	3075
V	210523	3076
V	210591	3077
V	210659	3078
V	210728	3079
V	210797	3080
V	210866	3081
V	210935	3082
V	211004	3083
V	211072	3084
V	211141	3085
V	211212	3086
V	211281	3087
V	211350	3088
V	211418	3089
V	211487	3090
V	211556	3091
V	211625	3092
V	211694	3093
V	211766	3094
V	211834	3095
V	211903	3096
V	211974	3097
V	212038	3098
V	212107	3099
V	212175	3100
V	212244	3101
V	212313	3102
V	212381	3103
V	212450	3104
V	212521	3105
V	212588	3106
V	212657	3107
V	212725	3108
V	212794	3109
V	212863	3110
V	212931	3111
V	213000	3112
V	213069	3113
V	213137	3114
V	213206	3115
V	213276	3116
V	213342	3117
V	213411	3118
V	213480	3119
V	213549	3120
V	213618	3121
V	213685	3122
V	213754	3123
V	213823	3124
V	213892	3125
V	213961	3126
V	214033	3127
V	214100	3128
V	214169	3129
V	214237	3130
V	214306	3131
V	214374	3132
V	214443	3133
V	214512	3134
V	214581	3135
V	214650	3136
V	214719	3137
V	214790	3138
V	214857	3139
V	214926	3140
V	214992	3141
V	215061	3142
V	215130	3143
V	215199	3144
V	215268	3145
V	215337	3146
V	215405	3147
V	215474	3148
V	215546	3149
V	215612	3150
V	215681	3151
V	215746	3152
V	215815	3153
V	215883	3154
V	215950	3155
V	216018	3156
V	216087	3157
V	216156	3158
V	216223	3159
V	216295	3160
V	216364	3161
V	216433	3162
V	216499	3163
V	216568	3164
V	216634	3165
V	216702	3166
V	216771	3167
V	216840	3168
V	216909	3169
V	216976	3170
V	217047	3171
V	217115	3172
V	217184	3173
V	217252	3174
V	217321	3175
V	217390	3176
V	217457	3177
V	217526	3178
V	217595	3179
V	217664	3180
V	217733	3181
V	217804	3182
V	217871	3183
V	217940	3184
V	218008	3185
V	218077	3186
V	218146	3187
V	218213	3188
V	218281	3189
V	218348	3190
V	218417	3191
V	218486	3192
V	218557	3193
V	218626	3194
V	218694	3195
V	218764	3196
V	218833	3197
V	218902	3198
V	218970	3199
V	219039	3200
V	219108	3201
V	219176	3202
V	219245	3203
V	219317	3204
V	219384	3205
V	219453	3206
V	219523	3207
V	219587	3208
V	219656	3209
V	219723	3210
V	219792	3211
V	219861	3212
V	219930	3213
V	219999	3214
V	220068	3215
V	220135	3216
V	220204	3217
V	220277	3218
V	220345	3219
V	220412	3220
V	220479	3221
V	220548	3222
V	220617	3223
V	220686	3224
V	220755	3225
V	220827	3226
V	220895	3227
V	220964	3228
V	221035	3229
V	221104	3230
V	221173	3231
V	221239	3232
V	221308	3233
V	221377	3234
V	221446	3235
V	221515	3236
V	221587	3237
V	221656	3238
V	221725	3239
V	221798	3240
V	221866	3241
V	221935	3242
V	222004	3243
V	222073	3244
V	222142	3245
V	222211	3246
V	222280	3247
V	222352	3248
V	222421	3249
V	222490	3250
V	222559	3251
V	222628	3252
V	222696	3253
V	222764	3254
V	222833	3255
V	222902	3256
V	222970	3257
V	223039	3258
V	223109	3259
V	223177	3260
V	223246	3261
V	223316	3262
V	223385	3263
V	223454	3264
V	223523	3265
V	223590	3266
V	223659	3267
V	223728	3268
V	223797	3269
V	223868	3270
V	223936	3271
V	224005	3272
V	224075	3273
V	224144	3274
V	224213	3275
V	224282	3276
V	224351	3277
V	224419	3278
V	224488	3279
V	224557	3280
V	224628	3281
V	224695	3282
V	224764	3283
V	224837	3284
V	224906	3285
V	224975	3286
V	225042	3287
V	225111	3288
V	225180	3289
V	225249	3290
V	225318	3291
V	225389	3292
V	225457	3293
V	225526	3294
V	225597	3295
V	225666	3296
V	225734	3297
V	225802	3298
V	225870	3299
V	225939	3300
V	226006	3301
V	226075	3302
V	226145	3303
V	226212	3304
V	226280	3305
V	226351	3306
V	226419	3307
V	226487	3308
V	226555	3309
V	226624	3310
V	226693	3311
V	226762	3312
V	226831	3313
V	226903	3314
V	226971	3315
V	227040	3316
V	227110	3317
V	227179	3318
V	227248	3319
V	227317	3320
V	227386	3321
V	227455	3322
V	227524	3323
V	227593	3324
V	227663	3325
V	227731	3326
V	227800	3327
V	227871	3328
V	227940	3329
V	228009	3330
V	228077	3331
V	228146	3332
V	228215	3333
V	228283	3334
V	228352	3335
V	228423	3336
V	228492	3337
V	228561	3338
V	228630	3339
V	228699	3340
V	228767	3341
V	228836	3342
V	228904	3343
V	228973	3344
V	229041	3345
V	229110	3346
V	229181	3347
V	229249	3348
V	229318	3349
V	229387	3350
V	229455	3351
V	229524	3352
V	229591	3353
V	229660	3354
V	229729	3355
V	229798	3356
V	229866	3357
V	229937	3358
V	230004	3359
V	230073	3360
V	230139	3361
V	230208	3362
V	230277	3363
V	230343	3364
V	230412	3365
V	230481	3366
V	230549	3367
V	230618	3368
V	230688	3369
V	230756	3370
V	230825	3371
V	230893	3372
V	230962	3373
V	231031	3374
V	231099	3375
V	231168	3376
V	231237	3377
V	231306	3378
V	231375	3379
V	231446	3380
V	231513	3381
V	231582	3382
V	231648	3383
V	231717	3384
V	231786	3385
V	231854	3386
V	231923	3387
V	231992	3388
V	232061	3389
V	232130	3390
V	232202	3391
V	232270	3392
V	232339	3393
V	232405	3394
V	232474	3395
V	232542	3396
V	232609	3397
V	232678	3398
V	232747	3399
V	232816	3400
V	232885	3401
V	232956	3402
V	233024	3403
V	233093	3404
V	233161	3405
V	233230	3406
V	233299	3407
V	233366	3408
V	233434	3409
V	233503	3410
V	233572	3411
V	233640	3412
V	233711	3413
V	233778	3414
V	233847	3415
V	233916	3416
V	233985	3417
V	234054	3418
V	234122	3419
V	234190	3420
V	234259	3421
V	234328	3422
V	234397	3423
V	234469	3424
V	234537	3425
V	234606	3426
V	234674	3427
V	234738	3428
V	234807	3429
V	234874	3430
V	234941	3431
V	235010	3432
V	235079	3433
V	235148	3434
V	235219	3435
V	235286	3436
V	235355	3437
V	235428	3438
V	235497	3439
V	235566	3440
V	235633	3441
V	235702	3442
V	235771	3443
V	235840	3444
V	235909	3445
V	235979	3446
V	236046	3447
V	236115	3448
V	236186	3449
V	236250	3450
V	236319	3451
V	236387	3452
V	236456	3453
V	236525	3454
V	236594	3455
V	236663	3456
V	236733	3457
V	236801	3458
V	236870	3459
V	236943	3460
V	237012	3461
V	237081	3462
V	237150	3463
V	237219	3464
V	237288	3465
V	237357	3466
V	237426	3467
V	237496	3468
V	237565	3469
V	237634	3470
V	237703	3471
V	237772	3472
V	237841	3473
V	237909	3474
V	237977	3475
V	238046	3476
V	238113	3477
V	238182	3478
V	238252	3479
V	238320	3480
V	238389	3481
V	238460	3482
V	238529	3483
V	238598	3484
V	238665	3485
V	238734	3486
V	238801	3487
V	238870	3488
V	238939	3489
V	239010	3490
V	239079	3491
V	239148	3492
V	239219	3493
V	239288	3494
V	239357	3495
V	239424	3496
V	239492	3497
V	239561	3498
V	239630	3499
V	239699	3500
V	239771	3501
V	239838	3502
V	239907	3503
V	239976	3504
V	240044	3505
V	240112	3506
V	240180	3507
V	240248	3508
V	240317	3509
V	240386	3510
V	240455	3511
V	240526	3512
V	240594	3513
V	240663	3514
V	240734	3515
V	240803	3516
V	240872	3517
V	240939	3518
V	241008	3519
V	241077	3520
V	241146	3521
V	241215	3522
V	241284	3523
V	241351	3524
V	241419	3525
V	241492	3526
V	241561	3527
V	241630	3528
V	241696	3529
V	241765	3530
V	241834	3531
V	241903	3532
V	241972	3533
V	242041	3534
V	242110	3535
V	242179	3536
V	242250	3537
V	242314	3538
V	242383	3539
V	242450	3540
V	242519	3541
V	242588	3542
V	242657	3543
V	242725	3544
V	242797	3545
V	242865	3546
V	242933	3547
V	243003	3548
V	243072	3549
V	243141	3550
V	243208	3551
V	243276	3552
V	243345	3553
V	243412	3554
V	243481	3555
V	243551	3556
V	243619	3557
V	243688	3558
V	243757	3559
V	243826	3560
V	243895	3561
V	243962	3562
V	244031	3563
V	244100	3564
V	244169	3565
V	244238	3566
V	244309	3567
V	244378	3568
V	244447	3569
V	244516	3570
V	244585	3571
V	244654	3572
V	244722	3573
V	244790	3574
V	244859	3575
V	244928	3576
V	244997	3577
V	245068	3578
V	245137	3579
V	245206	3580
V	245276	3581
V	245345	3582
V	245414	3583
V	245480	3584
V	245548	3585
V	245615	3586
V	245684	3587
V	245752	3588
V	245824	3589
V	245890	3590
V	245959	3591
V	246029	3592
V	246098	3593
V	246167	3594
V	246234	3595
V	246303	3596
V	246372	3597
V	246440	3598
V	246509	3599
V	246579	3600
V	246646	3601
V	246714	3602
V	246782	3603
V	246851	3604
V	246920	3605
V	246987	3606
V	247056	3607
V	247125	3608
V	247194	3609
V	247262	3610
V	247333	3611
V	247401	3612
V	247469	3613
V	247537	3614
V	247606	3615
V	247675	3616
V	247742	3617
V	247811	3618
V	247880	3619
V	247949	3620
V	248018	3621
V	248089	3622
V	248157	3623
V	248226	3624
V	248299	3625
V	248368	3626
V	248437	3627
V	248504	3628
V	248573	3629
V	248642	3630
V	248711	3631
V	248780	3632
V	248851	3633
V	248920	3634
V	248989	3635
V	249060	3636
V	249129	3637
V	249198	3638
V	249266	3639
V	249335	3640
V	249404	3641
V	249473	3642
V	249542	3643
V	249613	3644
V	249681	3645
V	249750	3646
V	249813	3647
V	249882	3648
V	249951	3649
V	250017	3650
V	250086	3651
V	250153	3652
V	250221	3653
V	250290	3654
V	250361	3655
V	250429	3656
V	250498	3657
V	250566	3658
V	250635	3659
V	250704	3660
V	250772	3661
V	250840	3662
V	250909	3663
V	250978	3664
V	251047	3665
V	251116	3666
V	251182	3667
V	251251	3668
V	251320	3669
V	251389	3670
V	251458	3671
V	251525	3672
V	251594	3673
V	251663	3674
V	251732	3675
V	251800	3676
V	251870	3677
V	251936	3678
V	252005	3679
V	252076	3680
V	252145	3681
V	252214	3682
V	252282	3683
V	252351	3684
V	252420	3685
V	252489	3686
V	252558	3687
V	252629	3688
V	252697	3689
V	252766	3690
V	252835	3691
V	252904	3692
V	252973	3693
V	253041	3694
V	253110	3695
V	253179	3696
V	253248	3697
V	253317	3698
V	253388	3699
V	253456	3700
V	253525	3701
V	253596	3702
V	253665	3703
V	253734	3704
V	253802	3705
V	253871	3706
V	253940	3707
V	254009	3708
V	254078	3709
V	254150	3710
V	254218	3711
V	254287	3712
V	254355	3713
V	254424	3714
V	254493	3715
V	254560	3716
V	254629	3717
V	254698	3718
V	254767	3719
V	254836	3720
V	254907	3721
V	254975	3722
V	255044	3723
V	255114	3724
V	255182	3725
V	255251	3726
V	255318	3727
V	255387	3728
V	255456	3729
V	255525	3730
V	255594	3731
V	255664	3732
V	255733	3733
V	255802	3734
V	255872	3735
V	255941	3736
V	256010	3737
V	256076	3738
V	256143	3739
V	256212	3740
V	256281	3741
V	256350	3742
V	256421	3743
V	256490	3744
V	256558	3745
V	256629	3746
V	256698	3747
V	256767	3748
V	256834	3749
V	256903	3750
V	256972	3751
V	257040	3752
V	257109	3753
V	257179	3754
V	257245	3755
V	257313	3756
V	257382	3757
V	257451	3758
V	257520	3759
V	257587	3760
V	257656	3761
V	257725	3762
V	257793	3763
V	257862	3764
V	257933	3765
V	258001	3766
V	258070	3767
V	258139	3768
V	258208	3769
V	258277	3770
V	258345	3771
V	258414	3772
V	258481	3773
V	258550	3774
V	258618	3775
V	258689	3776
V	258757	3777
V	258826	3778
V	258894	3779
V	258963	3780
V	259032	3781
V	259099	3782
V	259168	3783
V	259237	3784
V	259305	3785
V	259374	3786
V	259445	3787
V	259514	3788
V	259583	3789
V	259656	3790
V	259725	3791
V	259793	3792
V	259860	3793
V	259928	3794
V	259997	3795
V	260066	3796
V	260135	3797
V	260204	3798
V	260273	3799
V	260342	3800
V	260410	3801
V	260479	3802
V	260548	3803
V	260615	3804
V	260684	3805
V	260753	3806
V	260822	3807
V	260891	3808
V	260962	3809
V	261030	3810
V	261099	3811
V	261172	3812
V	261241	3813
V	261310	3814
V	261377	3815
V	261446	3816
V	261515	3817
V	261584	3818
V	261653	3819
V	261724	3820
V	261792	3821
V	261860	3822
V	261928	3823
V	261997	3824
V	262066	3825
V	262133	3826
V	262202	3827
V	262271	3828
V	262340	3829
V	262409	3830
V	262479	3831
V	262547	3832
V	262616	3833
V	262687	3834
V	262756	3835
V	262825	3836
V	262892	3837
V	262961	3838
V	263030	3839
V	263099	3840
V	263168	3841
V	263239	3842
V	263307	3843
V	263376	3844
V	263445	3845
V	263514	3846
V	263583	3847
V	263650	3848
V	263719	3849
V	263786	3850
V	263855	3851
V	263924	3852
V	263995	3853
V	264063	3854
V	264132	3855
V	264200	3856
V	264269	3857
V	264337	3858
V	264403	3859
V	264472	3860
V	264541	3861
V	264610	3862
V	264679	3863
V	264750	3864
V	264818	3865
V	264887	3866
V	264960	3867
V	265024	3868
V	265093	3869
V	265160	3870
V	265229	3871
V	265298	3872
V	265367	3873
V	265436	3874
V	265507	3875
V	265574	3876
V	265642	3877
V	265713	3878
V	265777	3879
V	265846	3880
V	265912	3881
V	265981	3882
V	266048	3883
V	266117	3884
V	266186	3885
V	266256	3886
V	266324	3887
V	266393	3888
V	266461	3889
V	266525	3890
V	266594	3891
V	266661	3892
V	266730	3893
V	266799	3894
V	266868	3895
V	266937	3896
V	267007	3897
V	267075	3898
V	267144	3899
V	267213	3900
V	267277	3901
V	267346	3902
V	267413	3903
V	267482	3904
V	267551	3905
V	267620	3906
V	267689	3907
V	267759	3908
V	267828	3909
V	267897	3910
V	267968	3911
V	268032	3912
V	268101	3913
V	268168	3914
V	268237	3915
V	268306	3916
V	268375	3917
V	268444	3918
V	268515	3919
V	268583	3920
V	268652	3921
V	268721	3922
V	268790	3923
V	268859	3924
V	268925	3925
V	268994	3926
V	269062	3927
V	269131	3928
V	269200	3929
V	269271	3930
V	269339	3931
V	269408	3932
V	269478	3933
V	269547	3934
V	269616	3935
V	269683	3936
V	269752	3937
V	269821	3938
V	269890	3939
V	269959	3940
V	270030	3941
V	270097	3942
V	270166	3943
V	270236	3944
V	270305	3945
V	270374	3946
V	270442	3947
V	270511	3948
V	270580	3949
V	270649	3950
V	270718	3951
V	270787	3952
V	270856	3953
V	270925	3954
V	270996	3955
V	271065	3956
V	271134	3957
V	271202	3958
V	271270	3959
V	271339	3960
V	271407	3961
V	271476	3962
V	271546	3963
V	271615	3964
V	271684	3965
V	271757	3966
V	271826	3967
V	271895	3968
V	271962	3969
V	272031	3970
V	272100	3971
V	272169	3972
V	272238	3973
V	272308	3974
V	272376	3975
V	272445	3976
V	272514	3977
V	272583	3978
V	272652	3979
V	272719	3980
V	272788	3981
V	272857	3982
V	272925	3983
V	272994	3984
V	273063	3985
V	273130	3986
V	273199	3987
V	273268	3988
V	273337	3989
V	273405	3990
V	273472	3991
V	273541	3992
V	273610	3993
V	273678	3994
V	273747	3995
V	273816	3996
V	273884	3997
V	273953	3998
V	274024	3999
V	274093	4000
V	274162	4001
V	274229	4002
V	274298	4003
V	274367	4004
V	274436	4005
V	274505	4006
V	274576	4007
V	274644	4008
V	274713	4009
V	274784	4010
V	274852	4011
V	274920	4012
V	274986	4013
V	275055	4014
V	275124	4015
V	275193	4016
V	275262	4017
V	275333	4018
V	275401	4019
V	275468	4020
V	275538	4021
V	275607	4022
V	275676	4023
V	275743	4024
V	275812	4025
V	275881	4026
V	275950	4027
V	276019	4028
V	276090	4029
V	276159	4030
V	276227	4031
V	276295	4032
V	276364	4033
V	276433	4034
V	276500	4035
V	276569	4036
V	276638	4037
V	276705	4038
V	276774	4039
V	276845	4040
V	276912	4041
V	276981	4042
V	277051	4043
V	277120	4044
V	277189	4045
V	277255	4046
V	277324	4047
V	277391	4048
V	277460	4049
V	277529	4050
V	277600	4051
V	277668	4052
V	277737	4053
V	277805	4054
V	277874	4055
V	277943	4056
V	278009	4057
V	278078	4058
V	278147	4059
V	278214	4060
V	278283	4061
V	278353	4062
V	278420	4063
V	278489	4064
V	278559	4065
V	278628	4066
V	278697	4067
V	278763	4068
V	278832	4069
V	278901	4070
V	278969	4071
V	279038	4072
V	279108	4073
V	279175	4074
V	279244	4075
V	279312	4076
V	279381	4077
V	279450	4078
V	279517	4079
V	279586	4080
V	279654	4081
V	279723	4082
V	279792	4083
V	279863	4084
V	279931	4085
V	280000	4086
V	280070	4087
V	280139	4088
V	280207	4089
V	280276	4090
V	280345	4091
V	280414	4092
V	280483	4093
V	280552	4094
V	280623	4095
V	280691	4096
V	280760	4097
V	280831	4098
V	280900	4099
V	280969	4100
V	281036	4101
V	281105	4102
V	281174	4103
V	281243	4104
V	281312	4105
V	281381	4106
V	281450	4107
V	281519	4108
V	281592	4109
V	281661	4110
V	281729	4111
V	281798	4112
V	281867	4113
V	281936	4114
V	282005	4115
V	282074	4116
V	282146	4117
V	282215	4118
V	282284	4119
V	282353	4120
V	282421	4121
V	282489	4122
V	282557	4123
V	282625	4124
V	282694	4125
V	282763	4126
V	282832	4127
V	282902	4128
V	282970	4129
V	283039	4130
V	283109	4131
V	283178	4132
V	283246	4133
V	283313	4134
V	283382	4135
V	283451	4136
V	283520	4137
V	283589	4138
V	283659	4139
V	283727	4140
V	283796	4141
V	283864	4142
V	283933	4143
V	284000	4144
V	284068	4145
V	284137	4146
V	284205	4147
V	284274	4148
V	284343	4149
V	284413	4150
V	284481	4151
V	284550	4152
V	284617	4153
V	284686	4154
V	284755	4155
V	284823	4156
V	284891	4157
V	284960	4158
V	285029	4159
V	285098	4160
V	285170	4161
V	285238	4162
V	285307	4163
V	285376	4164
V	285444	4165
V	285513	4166
V	285580	4167
V	285648	4168
V	285717	4169
V	285786	4170
V	285855	4171
V	285926	4172
V	285994	4173
V	286063	4174
V	286132	4175
V	286201	4176
V	286270	4177
V	286339	4178
V	286408	4179
V	286476	4180
V	286544	4181
V	286613	4182
V	286683	4183
V	286750	4184
V	286819	4185
V	286890	4186
V	286959	4187
V	287028	4188
V	287096	4189
V	287164	4190
V	287233	4191
V	287301	4192
V	287370	4193
V	287442	4194
V	287510	4195
V	287579	4196
V	287652	4197
V	287721	4198
V	287790	4199
V	287859	4200
V	287926	4201
V	287995	4202
V	288064	4203
V	288133	4204
V	288203	4205
V	288271	4206
V	288340	4207
V	288411	4208
V	288480	4209
V	288547	4210
V	288614	4211
V	288681	4212
V	288750	4213
V	288819	4214
V	288888	4215
V	288958	4216
V	289027	4217
V	289096	4218
V	289169	4219
V	289238	4220
V	289307	4221
V	289375	4222
V	289444	4223
V	289511	4224
V	289580	4225
V	289649	4226
V	289718	4227
V	289787	4228
V	289856	4229
V	289929	4230
V	289997	4231
V	290066	4232
V	290135	4233
V	290204	4234
V	290273	4235
V	290342	4236
V	290411	4237
V	290482	4238
V	290550	4239
V	290619	4240
V	290688	4241
V	290757	4242
V	290826	4243
V	290893	4244
V	290962	4245
V	291030	4246
V	291099	4247
V	291168	4248
V	291239	4249
V	291307	4250
V	291376	4251
V	291446	4252
V	291515	4253
V	291584	4254
V	291652	4255
V	291720	4256
V	291789	4257
V	291858	4258
V	291927	4259
V	291999	4260
V	292067	4261
V	292136	4262
V	292202	4263
V	292271	4264
V	292340	4265
V	292408	4266
V	292477	4267
V	292546	4268
V	292615	4269
V	292684	4270
V	292754	4271
V	292821	4272
V	292890	4273
V	292958	4274
V	293026	4275
V	293095	4276
V	293162	4277
V	293231	4278
V	293300	4279
V	293368	4280
V	293437	4281
V	293507	4282
V	293574	4283
V	293642	4284
V	293712	4285
V	293780	4286
V	293849	4287
V	293916	4288
V	293985	4289
V	294054	4290
V	294123	4291
V	294192	4292
V	294262	4293
V	294330	4294
V	294399	4295
V	294467	4296
V	294535	4297
V	294604	4298
V	294671	4299
V	294739	4300
V	294808	4301
V	294877	4302
V	294946	4303
V	295016	4304
V	295083	4305
V	295152	4306
V	295220	4307
V	295288	4308
V	295357	4309
V	295425	4310
V	295494	4311
V	295563	4312
V	295632	4313
V	295701	4314
V	295772	4315
V	295841	4316
V	295910	4317
V	295979	4318
V	296048	4319
V	296117	4320
V	296185	4321
V	296254	4322
V	296323	4323
V	296392	4324
V	296461	4325
V	296532	4326
V	296599	4327
V	296668	4328
V	296739	4329
V	296808	4330
V	296877	4331
V	296944	4332
V	297013	4333
V	297081	4334
V	297150	4335
V	297219	4336
V	297290	4337
V	297357	4338
V	297426	4339
V	297495	4340
V	297564	4341
V	297633	4342
V	297699	4343
V	297768	4344
V	297837	4345
V	297906	4346
V	297975	4347
V	298046	4348
V	298113	4349
V	298182	4350
V	298253	4351
V	298317	4352
V	298386	4353
V	298452	4354
V	298521	4355
V	298589	4356
V	298658	4357
V	298727	4358
V	298793	4359
V	298860	4360
V	298929	4361
V	299000	4362
V	299069	4363
V	299138	4364
V	299205	4365
V	299274	4366
V	299342	4367
V	299411	4368
V	299480	4369
V	299550	4370
V	299618	4371
V	299687	4372
V	299756	4373
V	299825	4374
V	299894	4375
V	299961	4376
V	300029	4377
V	300097	4378
V	300166	4379
V	300234	4380
V	300305	4381
V	300373	4382
V	300441	4383
V	300510	4384
V	300579	4385
V	300648	4386
V	300715	4387
V	300784	4388
V	300853	4389
V	300922	4390
V	300991	4391
V	301063	4392
V	301131	4393
V	301200	4394
V	301269	4395
V	301338	4396
V	301407	4397
V	301474	4398
V	301543	4399
V	301612	4400
V	301680	4401
V	301749	4402
V	301820	4403
V	301888	4404
V	301957	4405
V	302028	4406
V	302097	4407
V	302164	4408
V	302231	4409
V	302300	4410
V	302369	4411
V	302438	4412
V	302507	4413
V	302578	4414
V	302647	4415
V	302715	4416
V	302788	4417
V	302857	4418
V	302926	4419
V	302993	4420
V	303062	4421
V	303131	4422
V	303200	4423
V	303269	4424
V	303341	4425
V	303409	4426
V	303478	4427
V	303548	4428
V	303616	4429
V	303685	4430
V	303752	4431
V	303821	4432
V	303890	4433
V	303959	4434
V	304028	4435
V	304098	4436
V	304166	4437
V	304235	4438
V	304303	4439
V	304372	4440
V	304441	4441
V	304508	4442
V	304577	4443
V	304646	4444
V	304715	4445
V	304784	4446
V	304854	4447
V	304923	4448
V	304992	4449
V	305058	4450
V	305127	4451
V	305196	4452
V	305263	4453
V	305332	4454
V	305401	4455
V	305470	4456
V	305539	4457
V	305609	4458
V	305677	4459
V	305746	4460
V	305812	4461
V	305881	4462
V	305950	4463
V	306018	4464
V	306087	4465
V	306156	4466
V	306224	4467
V	306293	4468
V	306364	4469
V	306433	4470
V	306502	4471
V	306572	4472
V	306641	4473
V	306710	4474
V	306779	4475
V	306848	4476
V	306917	4477
V	306986	4478
V	307055	4479
V	307126	4480
V	307195	4481
V	307264	4482
V	307333	4483
V	307402	4484
V	307471	4485
V	307540	4486
V	307609	4487
V	307678	4488
V	307746	4489
V	307814	4490
V	307886	4491
V	307954	4492
V	308023	4493
V	308094	4494
V	308163	4495
V	308232	4496
V	308299	4497
V	308368	4498
V	308437	4499
V	308506	4500
V	308575	4501
V	308646	4502
V	308715	4503
V	308784	4504
V	308853	4505
V	308922	4506
V	308991	4507
V	309057	4508
V	309126	4509
V	309195	4510
V	309264	4511
V	309333	4512
V	309404	4513
V	309473	4514
V	309542	4515
V	309612	4516
V	309681	4517
V	309750	4518
V	309817	4519
V	309886	4520
V	309955	4521
V	310023	4522
V	310092	4523
V	310162	4524
V	310230	4525
V	310299	4526
V	310369	4527
V	310438	4528
V	310507	4529
V	310574	4530
V	310643	4531
V	310712	4532
V	310781	4533
V	310850	4534
V	310921	4535
V	310990	4536
V	311059	4537
V	311129	4538
V	311198	4539
V	311267	4540
V	311333	4541
V	311401	4542
V	311470	4543
V	311539	4544
V	311608	4545
V	311679	4546
V	311747	4547
V	311816	4548
V	311887	4549
V	311951	4550
V	312019	4551
V	312086	4552
V	312154	4553
V	312223	4554
V	312292	4555
V	312360	4556
V	312430	4557
V	312499	4558
V	312568	4559
V	312639	4560
V	312707	4561
V	312776	4562
V	312843	4563
V	312912	4564
V	312981	4565
V	313050	4566
V	313119	4567
V	313190	4568
V	313259	4569
V	313328	4570
V	313399	4571
V	313463	4572
V	313532	4573
V	313600	4574
V	313669	4575
V	313738	4576
V	313807	4577
V	313875	4578
V	313946	4579
V	314015	4580
V	314084	4581
V	314153	4582
V	314222	4583
V	314291	4584
V	314357	4585
V	314426	4586
V	314495	4587
V	314564	4588
V	314633	4589
V	314703	4590
V	314771	4591
V	314839	4592
V	314907	4593
V	314976	4594
V	315044	4595
V	315111	4596
V	315180	4597
V	315249	4598
V	315318	4599
V	315387	4600
V	315455	4601
V	315524	4602
V	315593	4603
V	315664	4604
V	315733	4605
V	315802	4606
V	315869	4607
V	315936	4608
V	316005	4609
V	316074	4610
V	316143	4611
V	316212	4612
V	316280	4613
V	316349	4614
V	316420	4615
V	316489	4616
V	316557	4617
V	316623	4618
V	316692	4619
V	316761	4620
V	316830	4621
V	316899	4622
V	316971	4623
V	317038	4624
V	317107	4625
V	317178	4626
V	317247	4627
V	317316	4628
V	317383	4629
V	317450	4630
V	317519	4631
V	317588	4632
V	317657	4633
V	317728	4634
V	317797	4635
V	317866	4636
V	317934	4637
V	318003	4638
V	318071	4639
V	318137	4640
V	318206	4641
V	318275	4642
V	318343	4643
V	318412	4644
V	318483	4645
V	318551	4646
V	318620	4647
V	318691	4648
V	318760	4649
V	318829	4650
V	318896	4651
V	318965	4652
V	319034	4653
V	319103	4654
V	319172	4655
V	319243	4656
V	319311	4657
V	319380	4658
V	319449	4659
V	319518	4660
V	319587	4661
V	319654	4662
V	319723	4663
V	319792	4664
V	319861	4665
V	319930	4666
V	320001	4667
V	320068	4668
V	320137	4669
V	320208	4670
V	320277	4671
V	320345	4672
V	320411	4673
V	320480	4674
V	320549	4675
V	320618	4676
V	320687	4677
V	320754	4678
V	320822	4679
V	320891	4680
V	320960	4681
V	321029	4682
V	321098	4683
V	321164	4684
V	321233	4685
V	321302	4686
V	321371	4687
V	321440	4688
V	321512	4689
V	321580	4690
V	321649	4691
V	321718	4692
V	321786	4693
V	321855	4694
V	321922	4695
V	321991	4696
V	322060	4697
V	322128	4698
V	322197	4699
V	322268	4700
V	322337	4701
V	322406	4702
V	322475	4703
V	322544	4704
V	322613	4705
V	322679	4706
V	322748	4707
V	322816	4708
V	322884	4709
V	322953	4710
V	323023	4711
V	323091	4712
V	323160	4713
V	323228	4714
V	323297	4715
V	323366	4716
V	323434	4717
V	323503	4718
V	323572	4719
V	323640	4720
V	323709	4721
V	323780	4722
V	323848	4723
V	323917	4724
V	323987	4725
V	324056	4726
V	324125	4727
V	324192	4728
V	324261	4729
V	324330	4730
V	324399	4731
V	324468	4732
V	324539	4733
V	324608	4734
V	324677	4735
V	324748	4736
V	324816	4737
V	324885	4738
V	324951	4739
V	325020	4740
V	325089	4741
V	325158	4742
V	325227	4743
V	325299	4744
V	325368	4745
V	325437	4746
V	325506	4747
V	325575	4748
V	325644	4749
V	325711	4750
V	325780	4751
V	325849	4752
V	325918	4753
V	325986	4754
V	326056	4755
V	326125	4756
V	326194	4757
V	326263	4758
V	326332	4759
V	326400	4760
V	326467	4761
V	326536	4762
V	326605	4763
V	326674	4764
V	326742	4765
V	326812	4766
V	326880	4767
V	326949	4768
V	327018	4769
V	327087	4770
V	327156	4771
V	327223	4772
V	327292	4773
V	327361	4774
V	327430	4775
V	327499	4776
V	327568	4777
V	327637	4778
V	327706	4779
V	327779	4780
V	327848	4781
V	327917	4782
V	327984	4783
V	328053	4784
V	328121	4785
V	328190	4786
V	328258	4787
V	328329	4788
V	328396	4789
V	328465	4790
V	328536	4791
V	328605	4792
V	328674	4793
V	328741	4794
V	328810	4795
V	328879	4796
V	328948	4797
V	329017	4798
V	329089	4799
V	329157	4800
V	329226	4801
V	329295	4802
V	329364	4803
V	329433	4804
V	329500	4805
V	329568	4806
V	329637	4807
V	329706	4808
V	329775	4809
V	329846	4810
V	329913	4811
V	329982	4812
V	330051	4813
V	330119	4814
V	330188	4815
V	330254	4816
V	330323	4817
V	330392	4818
V	330461	4819
V	330529	4820
V	330599	4821
V	330668	4822
V	330737	4823
V	330807	4824
V	330876	4825
V	330945	4826
V	331010	4827
V	331079	4828
V	331148	4829
V	331216	4830
V	331285	4831
V	331354	4832
V	331423	4833
V	331492	4834
V	331563	4835
V	331632	4836
V	331701	4837
V	331766	4838
V	331835	4839
V	331904	4840
V	331973	4841
V	332042	4842
V	332112	4843
V	332180	4844
V	332249	4845
V	332322	4846
V	332391	4847
V	332460	4848
V	332526	4849
V	332595	4850
V	332664	4851
V	332732	4852
V	332800	4853
V	332871	4854
V	332939	4855
V	333008	4856
V	333079	4857
V	333148	4858
V	333215	4859
V	333282	4860
V	333351	4861
V	333420	4862
V	333488	4863
V	333556	4864
V	333628	4865
V	333695	4866
V	333764	4867
V	333837	4868
V	333906	4869
V	333975	4870
V	334041	4871
V	334110	4872
V	334179	4873
V	334247	4874
V	334315	4875
V	334386	4876
V	334454	4877
V	334523	4878
V	334594	4879
V	334663	4880
V	334732	4881
V	334799	4882
V	334868	4883
V	334937	4884
V	335004	4885
V	335071	4886
V	335142	4887
V	335210	4888
V	335279	4889
V	335352	4890
V	335421	4891
V	335490	4892
V	335557	4893
V	335625	4894
V	335694	4895
V	335762	4896
V	335831	4897
V	335900	4898
V	335969	4899
V	336038	4900
V	336111	4901
V	336179	4902
V	336248	4903
V	336315	4904
V	336384	4905
V	336452	4906
V	336520	4907
V	336589	4908
V	336659	4909
V	336728	4910
V	336797	4911
V	336870	4912
V	336939	4913
V	337008	4914
V	337075	4915
V	337144	4916
V	337213	4917
V	337281	4918
V	337350	4919
V	337420	4920
V	337488	4921
V	337557	4922
V	337628	4923
V	337697	4924
V	337766	4925
V	337833	4926
V	337902	4927
V	337971	4928
V	338040	4929
V	338109	4930
V	338179	4931
V	338248	4932
V	338317	4933
V	338390	4934
V	338459	4935
V	338528	4936
V	338596	4937
V	338665	4938
V	338734	4939
V	338803	4940
V	338871	4941
V	338942	4942
V	339011	4943
V	339080	4944
V	339149	4945
V	339218	4946
V	339286	4947
V	339353	4948
V	339422	4949
V	339490	4950
V	339558	4951
V	339627	4952
V	339698	4953
V	339765	4954
V	339834	4955
V	339905	4956
V	339973	4957
V	340041	4958
V	340110	4959
V	340179	4960
V	340248	4961
V	340316	4962
V	340385	4963
V	340457	4964
V	340525	4965
V	340593	4966
V	340664	4967
V	340733	4968
V	340801	4969
V	340869	4970
V	340938	4971
V	341007	4972
V	341076	4973
V	341145	4974
V	341215	4975
V	341283	4976
V	341352	4977
V	341423	4978
V	341491	4979
V	341560	4980
V	341628	4981
V	341697	4982
V	341765	4983
V	341834	4984
V	341903	4985
V	341973	4986
V	342040	4987
V	342109	4988
V	342180	4989
V	342249	4990
V	342318	4991
V	342386	4992
V	342455	4993
V	342524	4994
V	342593	4995
V	342662	4996
V	342733	4997
V	342800	4998
V	342868	4999
V	342941	5000
V	343010	5001
V	343079	5002
V	343147	5003
V	343216	5004
V	343285	5005
V	343354	5006
V	343423	5007
V	343494	5008
V	343562	5009
V	343631	5010
V	343702	5011
V	343771	5012
V	343840	5013
V	343907	5014
V	343976	5015
V	344045	5016
V	344114	5017
V	344183	5018
V	344253	5019
V	344320	5020
V	344389	5021
V	344459	5022
V	344528	5023
V	344597	5024
V	344665	5025
V	344734	5026
V	344803	5027
V	344872	5028
V	344940	5029
V	345011	5030
V	345079	5031
V	345148	5032
V	345219	5033
V	345283	5034
V	345352	5035
V	345419	5036
V	345487	5037
V	345556	5038
V	345624	5039
V	345693	5040
V	345765	5041
V	345832	5042
V	345901	5043
V	345974	5044
V	346043	5045
V	346112	5046
V	346177	5047
V	346246	5048
V	346315	5049
V	346384	5050
V	346452	5051
V	346524	5052
V	346593	5053
V	346662	5054
V	346733	5055
V	346802	5056
V	346870	5057
V	346938	5058
V	347007	5059
V	347076	5060
V	347145	5061
V	347214	5062
V	347284	5063
V	347352	5064
V	347421	5065
V	347489	5066
V	347558	5067
V	347627	5068
V	347694	5069
V	347763	5070
V	347832	5071
V	347901	5072
V	347970	5073
V	348040	5074
V	348108	5075
V	348177	5076
V	348243	5077
V	348312	5078
V	348381	5079
V	348448	5080
V	348517	5081
V	348586	5082
V	348654	5083
V	348722	5084
V	348792	5085
V	348861	5086
V	348930	5087
V	348999	5088
V	349068	5089
V	349137	5090
V	349204	5091
V	349273	5092
V	349342	5093
V	349411	5094
V	349480	5095
V	349550	5096
V	349617	5097
V	349686	5098
V	349756	5099
V	349825	5100
V	349894	5101
V	349961	5102
V	350029	5103
V	350098	5104
V	350167	5105
V	350234	5106
V	350305	5107
V	350374	5108
V	350443	5109
V	350511	5110
V	350580	5111
V	350648	5112
V	350715	5113
V	350784	5114
V	350853	5115
V	350921	5116
V	350990	5117
V	351061	5118
V	351129	5119
V	351198	5120
V	351267	5121
V	351336	5122
V	351405	5123
V	351472	5124
V	351541	5125
V	351610	5126
V	351679	5127
V	351748	5128
V	351818	5129
V	351886	5130
V	351955	5131
V	352025	5132
V	352094	5133
V	352163	5134
V	352229	5135
V	352298	5136
V	352367	5137
V	352436	5138
V	352505	5139
V	352576	5140
V	352644	5141
V	352713	5142
V	352783	5143
V	352852	5144
V	352921	5145
V	352987	5146
V	353056	5147
V	353125	5148
V	353194	5149
V	353263	5150
V	353333	5151
V	353402	5152
V	353471	5153
V	353539	5154
V	353608	5155
V	353677	5156
V	353744	5157
V	353813	5158
V	353882	5159
V	353950	5160
V	354019	5161
V	354088	5162
V	354151	5163
V	354220	5164
V	354291	5165
V	354360	5166
V	354429	5167
V	354495	5168
V	354564	5169
V	354633	5170
V	354701	5171
V	354770	5172
V	354842	5173
V	354910	5174
V	354979	5175
V	355047	5176
V	355115	5177
V	355184	5178
V	355251	5179
V	355320	5180
V	355389	5181
V	355458	5182
V	355527	5183
V	355598	5184
V	355666	5185
V	355735	5186
V	355805	5187
V	355874	5188
V	355943	5189
V	356011	5190
V	356080	5191
V	356149	5192
V	356218	5193
V	356287	5194
V	356359	5195
V	356426	5196
V	356495	5197
V	356567	5198
V	356636	5199
V	356705	5200
V	356772	5201
V	356840	5202
V	356909	5203
V	356977	5204
V	357046	5205
V	357117	5206
V	357185	5207
V	357254	5208
V	357324	5209
V	357393	5210
V	357462	5211
V	357529	5212
V	357597	5213
V	357666	5214
V	357734	5215
V	357803	5216
V	357873	5217
V	357941	5218
V	358010	5219
V	358078	5220
V	358147	5221
V	358216	5222
V	358283	5223
V	358352	5224
V	358421	5225
V	358489	5226
V	358558	5227
V	358629	5228
V	358696	5229
V	358765	5230
V	358835	5231
V	358904	5232
V	358973	5233
V	359040	5234
V	359109	5235
V	359178	5236
V	359247	5237
V	359315	5238
V	359386	5239
V	359452	5240
V	359520	5241
V	359590	5242
V	359659	5243
V	359727	5244
V	359794	5245
V	359863	5246
V	359932	5247
V	360001	5248
V	360070	5249
V	360141	5250
V	360210	5251
V	360279	5252
V	360347	5253
V	360416	5254
V	360485	5255
V	360551	5256
V	360620	5257
V	360689	5258
V	360758	5259
V	360826	5260
V	360897	5261
V	360965	5262
V	361034	5263
V	361104	5264
V	361173	5265
V	361242	5266
V	361309	5267
V	361378	5268
V	361446	5269
V	361515	5270
V	361584	5271
V	361654	5272
V	361723	5273
V	361792	5274
V	361861	5275
V	361930	5276
V	361999	5277
V	362066	5278
V	362135	5279
V	362204	5280
V	362271	5281
V	362340	5282
V	362411	5283
V	362478	5284
V	362547	5285
V	362617	5286
V	362686	5287
V	362755	5288
V	362822	5289
V	362891	5290
V	362960	5291
V	363029	5292
V	363097	5293
V	363167	5294
V	363234	5295
V	363302	5296
V	363372	5297
V	363441	5298
V	363510	5299
V	363577	5300
V	363646	5301
V	363715	5302
V	363784	5303
V	363852	5304
V	363922	5305
V	363989	5306
V	364058	5307
V	364126	5308
V	364195	5309
V	364263	5310
V	364331	5311
V	364400	5312
V	364469	5313
V	364538	5314
V	364607	5315
V	364677	5316
V	364745	5317
V	364814	5318
V	364883	5319
V	364952	5320
V	365021	5321
V	365088	5322
V	365157	5323
V	365226	5324
V	365295	5325
V	365364	5326
V	365436	5327
V	365505	5328
V	365574	5329
V	365644	5330
V	365713	5331
V	365782	5332
V	365849	5333
V	365918	5334
V	365987	5335
V	366056	5336
V	366125	5337
V	366197	5338
V	366265	5339
V	366334	5340
V	366405	5341
V	366474	5342
V	366542	5343
V	366609	5344
V	366678	5345
V	366747	5346
V	366816	5347
V	366885	5348
V	366957	5349
V	367025	5350
V	367094	5351
V	367165	5352
V	367234	5353
V	367303	5354
V	367370	5355
V	367439	5356
V	367508	5357
V	367577	5358
V	367646	5359
V	367717	5360
V	367783	5361
V	367852	5362
V	367925	5363
V	367994	5364
V	368063	5365
V	368130	5366
V	368197	5367
V	368266	5368
V	368335	5369
V	368404	5370
V	368473	5371
V	368540	5372
V	368609	5373
V	368682	5374
V	368750	5375
V	368819	5376
V	368886	5377
V	368953	5378
V	369022	5379
V	369091	5380
V	369160	5381
V	369230	5382
V	369298	5383
V	369367	5384
V	369438	5385
V	369507	5386
V	369576	5387
V	369642	5388
V	369711	5389
V	369780	5390
V	369849	5391
V	369918	5392
V	369989	5393
V	370055	5394
V	370124	5395
V	370192	5396
V	370260	5397
V	370329	5398
V	370396	5399
V	370465	5400
V	370534	5401
V	370603	5402
V	370672	5403
V	370744	5404
V	370813	5405
V	370882	5406
V	370949	5407
V	371018	5408
V	371087	5409
V	371154	5410
V	371223	5411
V	371291	5412
V	371358	5413
V	371427	5414
V	371498	5415
V	371565	5416
V	371634	5417
V	371705	5418
V	371774	5419
V	371843	5420
V	371909	5421
V	371976	5422
V	372044	5423
V	372113	5424
V	372182	5425
V	372254	5426
V	372323	5427
V	372392	5428
V	372463	5429
V	372532	5430
V	372600	5431
V	372669	5432
V	372737	5433
V	372806	5434
V	372875	5435
V	372944	5436
V	373014	5437
V	373081	5438
V	373150	5439
V	373220	5440
V	373289	5441
V	373357	5442
V	373425	5443
V	373494	5444
V	373563	5445
V	373632	5446
V	373701	5447
V	373771	5448
V	373838	5449
V	373907	5450
V	373975	5451
V	374044	5452
V	374113	5453
V	374182	5454
V	374251	5455
V	374320	5456
V	374389	5457
V	374458	5458
V	374528	5459
V	374596	5460
V	374665	5461
V	374733	5462
V	374802	5463
V	374871	5464
V	374939	5465
V	375008	5466
V	375077	5467
V	375146	5468
V	375215	5469
V	375286	5470
V	375355	5471
V	375424	5472
V	375495	5473
V	375564	5474
V	375632	5475
V	375701	5476
V	375770	5477
V	375839	5478
V	375908	5479
V	375977	5480
V	376048	5481
V	376116	5482
V	376185	5483
V	376258	5484
V	376327	5485
V	376395	5486
V	376463	5487
V	376531	5488
V	376599	5489
V	376668	5490
V	376737	5491
V	376806	5492
V	376875	5493
V	376944	5494
V	377015	5495
V	377084	5496
V	377152	5497
V	377220	5498
V	377289	5499
V	377358	5500
V	377427	5501
V	377496	5502
V	377567	5503
V	377634	5504
V	377703	5505
V	377775	5506
V	377844	5507
V	377913	5508
V	377982	5509
V	378051	5510
V	378119	5511
V	378188	5512
V	378257	5513
V	378328	5514
V	378397	5515
V	378466	5516
V	378535	5517
V	378604	5518
V	378673	5519
V	378741	5520
V	378809	5521
V	378877	5522
V	378946	5523
V	379015	5524
V	379085	5525
V	379153	5526
V	379222	5527
V	379293	5528
V	379362	5529
V	379431	5530
V	379499	5531
V	379568	5532
V	379637	5533
V	379706	5534
V	379775	5535
V	379845	5536
V	379912	5537
V	379981	5538
V	380050	5539
V	380114	5540
V	380183	5541
V	380252	5542
V	380321	5543
V	380390	5544
V	380459	5545
V	380528	5546
V	380598	5547
V	380666	5548
V	380735	5549
V	380803	5550
V	380872	5551
V	380941	5552
V	381010	5553
V	381079	5554
V	381148	5555
V	381217	5556
V	381286	5557
V	381357	5558
V	381425	5559
V	381494	5560
V	381565	5561
V	381634	5562
V	381703	5563
V	381770	5564
V	381839	5565
V	381907	5566
V	381976	5567
V	382045	5568
V	382115	5569
V	382184	5570
V	382253	5571
V	382324	5572
V	382393	5573
V	382462	5574
V	382531	5575
V	382600	5576
V	382669	5577
V	382738	5578
V	382807	5579
V	382877	5580
V	382945	5581
V	383014	5582
V	383085	5583
V	383154	5584
V	383223	5585
V	383291	5586
V	383360	5587
V	383429	5588
V	383498	5589
V	383567	5590
V	383637	5591
V	383704	5592
V	383773	5593
V	383844	5594
V	383912	5595
V	383981	5596
V	384049	5597
V	384118	5598
V	384187	5599
V	384256	5600
V	384325	5601
V	384395	5602
V	384463	5603
V	384532	5604
V	384602	5605
V	384671	5606
V	384738	5607
V	384806	5608
V	384874	5609
V	384943	5610
V	385012	5611
V	385081	5612
V	385151	5613
V	385219	5614
V	385288	5615
V	385358	5616
V	385427	5617
V	385496	5618
V	385565	5619
V	385634	5620
V	385703	5621
V	385772	5622
V	385841	5623
V	385912	5624
V	385980	5625
V	386049	5626
V	386120	5627
V	386189	5628
V	386257	5629
V	386325	5630
V	386394	5631
V	386463	5632
V	386532	5633
V	386601	5634
V	386672	5635
V	386741	5636
V	386810	5637
V	386879	5638
V	386948	5639
V	387017	5640
V	387085	5641
V	387154	5642
V	387223	5643
V	387292	5644
V	387361	5645
V	387432	5646
V	387501	5647
V	387570	5648
V	387643	5649
V	387712	5650
V	387781	5651
V	387849	5652
V	387918	5653
V	387987	5654
V	388056	5655
V	388125	5656
V	388195	5657
V	388263	5658
V	388332	5659
V	388403	5660
V	388472	5661
V	388541	5662
V	388608	5663
V	388676	5664
V	388745	5665
V	388814	5666
V	388883	5667
V	388953	5668
V	389021	5669
V	389090	5670
V	389163	5671
V	389232	5672
V	389301	5673
V	389369	5674
V	389438	5675
V	389507	5676
V	389575	5677
V	389644	5678
V	389714	5679
V	389782	5680
V	389851	5681
V	389921	5682
V	389990	5683
V	390057	5684
V	390123	5685
V	390192	5686
V	390261	5687
V	390328	5688
V	390396	5689
V	390467	5690
V	390534	5691
V	390603	5692
V	390676	5693
V	390745	5694
V	390814	5695
V	390882	5696
V	390951	5697
V	391020	5698
V	391089	5699
V	391158	5700
V	391229	5701
V	391297	5702
V	391366	5703
V	391437	5704
V	391506	5705
V	391575	5706
V	391643	5707
V	391712	5708
V	391780	5709
V	391848	5710
V	391917	5711
V	391988	5712
V	392055	5713
V	392124	5714
V	392194	5715
V	392263	5716
V	392332	5717
V	392399	5718
V	392468	5719
V	392537	5720
V	392606	5721
V	392675	5722
V	392746	5723
V	392813	5724
V	392882	5725
V	392955	5726
V	393023	5727
V	393092	5728
V	393160	5729
V	393229	5730
V	393298	5731
V	393366	5732
V	393435	5733
V	393506	5734
V	393574	5735
V	393642	5736
V	393713	5737
V	393782	5738
V	393851	5739
V	393918	5740
V	393986	5741
V	394055	5742
V	394124	5743
V	394193	5744
V	394263	5745
V	394332	5746
V	394401	5747
V	394474	5748
V	394543	5749
V	394612	5750
V	394680	5751
V	394748	5752
V	394817	5753
V	394885	5754
V	394954	5755
V	395024	5756
V	395093	5757
V	395162	5758
V	395233	5759
V	395302	5760
V	395370	5761
V	395437	5762
V	395505	5763
V	395574	5764
V	395642	5765
V	395711	5766
V	395781	5767
V	395850	5768
V	395918	5769
V	395989	5770
V	396053	5771
V	396122	5772
V	396191	5773
V	396260	5774
V	396328	5775
V	396397	5776
V	396465	5777
V	396537	5778
V	396606	5779
V	396675	5780
V	396748	5781
V	396817	5782
V	396886	5783
V	396954	5784
V	397023	5785
V	397091	5786
V	397160	5787
V	397229	5788
V	397299	5789
V	397366	5790
V	397435	5791
V	397506	5792
V	397575	5793
V	397644	5794
V	397712	5795
V	397781	5796
V	397850	5797
V	397918	5798
V	397987	5799
V	398059	5800
V	398126	5801
V	398195	5802
V	398266	5803
V	398335	5804
V	398404	5805
V	398473	5806
V	398542	5807
V	398611	5808
V	398680	5809
V	398749	5810
V	398820	5811
V	398888	5812
V	398957	5813
V	399025	5814
V	399093	5815
V	399161	5816
V	399228	5817
V	399297	5818
V	399366	5819
V	399434	5820
V	399503	5821
V	399573	5822
V	399640	5823
V	399709	5824
V	399782	5825
V	399850	5826
V	399918	5827
V	399985	5828
V	400054	5829
V	400123	5830
V	400192	5831
V	400261	5832
V	400331	5833
V	400397	5834
V	400466	5835
V	400539	5836
V	400607	5837
V	400676	5838
V	400744	5839
V	400813	5840
V	400882	5841
V	400950	5842
V	401019	5843
V	401090	5844
V	401157	5845
V	401226	5846
V	401297	5847
V	401366	5848
V	401435	5849
V	401501	5850
V	401570	5851
V	401639	5852
V	401708	5853
V	401777	5854
V	401848	5855
V	401917	5856
V	401986	5857
V	402057	5858
V	402126	5859
V	402195	5860
V	402262	5861
V	402330	5862
V	402399	5863
V	402468	5864
V	402537	5865
V	402608	5866
V	402676	5867
V	402745	5868
V	402814	5869
V	402883	5870
V	402952	5871
V	403020	5872
V	403088	5873
V	403157	5874
V	403226	5875
V	403295	5876
V	403367	5877
V	403434	5878
V	403503	5879
V	403574	5880
V	403643	5881
V	403712	5882
V	403781	5883
V	403850	5884
V	403919	5885
V	403988	5886
V	404057	5887
V	404128	5888
V	404196	5889
V	404265	5890
V	404335	5891
V	404404	5892
V	404473	5893
V	404541	5894
V	404610	5895
V	404679	5896
V	404748	5897
V	404816	5898
V	404886	5899
V	404954	5900
V	405023	5901
V	405096	5902
V	405165	5903
V	405234	5904
V	405302	5905
V	405370	5906
V	405439	5907
V	405508	5908
V	405576	5909
V	405646	5910
V	405713	5911
V	405782	5912
V	405855	5913
V	405924	5914
V	405993	5915
V	406062	5916
V	406130	5917
V	406199	5918
V	406268	5919
V	406337	5920
V	406407	5921
V	406474	5922
V	406543	5923
V	406616	5924
V	406685	5925
V	406754	5926
V	406822	5927
V	406891	5928
V	406960	5929
V	407029	5930
V	407098	5931
V	407168	5932
V	407237	5933
V	407306	5934
V	407374	5935
V	407443	5936
V	407512	5937
V	407579	5938
V	407647	5939
V	407715	5940
V	407783	5941
V	407852	5942
V	407920	5943
V	407988	5944
V	408057	5945
V	408126	5946
V	408195	5947
V	408264	5948
V	408332	5949
V	408401	5950
V	408470	5951
V	408539	5952
V	408608	5953
V	408679	5954
V	408747	5955
V	408816	5956
V	408887	5957
V	408951	5958
V	409020	5959
V	409087	5960
V	409156	5961
V	409225	5962
V	409294	5963
V	409363	5964
V	409434	5965
V	409502	5966
V	409571	5967
V	409640	5968
V	409709	5969
V	409777	5970
V	409846	5971
V	409915	5972
V	409984	5973
V	410053	5974
V	410122	5975
V	410192	5976
V	410255	5977
V	410324	5978
V	410397	5979
V	410466	5980
V	410535	5981
V	410604	5982
V	410672	5983
V	410741	5984
V	410810	5985
V	410879	5986
V	410949	5987
V	411014	5988
V	411083	5989
V	411154	5990
V	411223	5991
V	411292	5992
V	411361	5993
V	411430	5994
V	411499	5995
V	411568	5996
V	411637	5997
V	411707	5998
V	411773	5999
V	411842	6000
V	411911	6001
V	411980	6002
V	412049	6003
V	412118	6004
V	412187	6005
V	412256	6006
V	412325	6007
V	412394	6008
V	412465	6009
V	412533	6010
V	412602	6011
V	412673	6012
V	412742	6013
V	412811	6014
V	412880	6015
V	412949	6016
V	413018	6017
V	413087	6018
V	413156	6019
V	413227	6020
V	413295	6021
V	413363	6022
V	413433	6023
V	413501	6024
V	413570	6025
V	413639	6026
V	413707	6027
V	413776	6028
V	413845	6029
V	413914	6030
V	413987	6031
V	414055	6032
V	414124	6033
V	414195	6034
V	414263	6035
V	414332	6036
V	414400	6037
V	414469	6038
V	414537	6039
V	414606	6040
V	414675	6041
V	414745	6042
V	414813	6043
V	414882	6044
V	414950	6045
V	415013	6046
V	415082	6047
V	415150	6048
V	415219	6049
V	415287	6050
V	415356	6051
V	415425	6052
V	415495	6053
V	415564	6054
V	415633	6055
V	415702	6056
V	415769	6057
V	415838	6058
V	415906	6059
V	415975	6060
V	416044	6061
V	416113	6062
V	416182	6063
V	416253	6064
V	416321	6065
V	416390	6066
V	416459	6067
V	416522	6068
V	416591	6069
V	416659	6070
V	416728	6071
V	416797	6072
V	416866	6073
V	416935	6074
V	417005	6075
V	417073	6076
V	417141	6077
V	417212	6078
V	417281	6079
V	417350	6080
V	417419	6081
V	417488	6082
V	417557	6083
V	417625	6084
V	417694	6085
V	417766	6086
V	417833	6087
V	417902	6088
V	417971	6089
V	418040	6090
V	418109	6091
V	418176	6092
V	418244	6093
V	418312	6094
V	418381	6095
V	418450	6096
V	418518	6097
V	418585	6098
V	418654	6099
V	418727	6100
V	418796	6101
V	418865	6102
V	418934	6103
V	419003	6104
V	419071	6105
V	419140	6106
V	419209	6107
V	419281	6108
V	419350	6109
V	419419	6110
V	419488	6111
V	419557	6112
V	419626	6113
V	419694	6114
V	419763	6115
V	419832	6116
V	419901	6117
V	419970	6118
V	420041	6119
V	420110	6120
V	420179	6121
V	420248	6122
V	420317	6123
V	420386	6124
V	420455	6125
V	420524	6126
V	420593	6127
V	420661	6128
V	420730	6129
V	420800	6130
V	420868	6131
V	420937	6132
V	421008	6133
V	421077	6134
V	421146	6135
V	421215	6136
V	421284	6137
V	421353	6138
V	421420	6139
V	421489	6140
V	421559	6141
V	421627	6142
V	421696	6143
V	421767	6144
V	421835	6145
V	421904	6146
V	421972	6147
V	422041	6148
V	422109	6149
V	422178	6150
V	422247	6151
V	422318	6152
V	422386	6153
V	422454	6154
V	422525	6155
V	422594	6156
V	422663	6157
V	422731	6158
V	422800	6159
V	422869	6160
V	422938	6161
V	423007	6162
V	423078	6163
V	423144	6164
V	423213	6165
V	423284	6166
V	423353	6167
V	423422	6168
V	423489	6169
V	423557	6170
V	423626	6171
V	423695	6172
V	423764	6173
V	423835	6174
V	423904	6175
V	423973	6176
V	424044	6177
V	424113	6178
V	424182	6179
V	424251	6180
V	424320	6181
V	424389	6182
V	424458	6183
V	424527	6184
V	424598	6185
V	424666	6186
V	424735	6187
V	424804	6188
V	424873	6189
V	424942	6190
V	425010	6191
V	425079	6192
V	425148	6193
V	425217	6194
V	425286	6195
V	425357	6196
V	425425	6197
V	425494	6198
V	425565	6199
V	425634	6200
V	425703	6201
V	425770	6202
V	425839	6203
V	425908	6204
V	425977	6205
V	426046	6206
V	426117	6207
V	426185	6208
V	426254	6209
V	426325	6210
V	426394	6211
V	426463	6212
V	426529	6213
V	426597	6214
V	426666	6215
V	426735	6216
V	426804	6217
V	426875	6218
V	426944	6219
V	427013	6220
V	427084	6221
V	427153	6222
V	427222	6223
V	427290	6224
V	427358	6225
V	427426	6226
V	427495	6227
V	427564	6228
V	427635	6229
V	427704	6230
V	427773	6231
V	427842	6232
V	427911	6233
V	427980	6234
V	428049	6235
V	428118	6236
V	428187	6237
V	428256	6238
V	428325	6239
V	428396	6240
V	428464	6241
V	428532	6242
V	428603	6243
V	428667	6244
V	428735	6245
V	428804	6246
V	428873	6247
V	428942	6248
V	429011	6249
V	429080	6250
V	429152	6251
V	429220	6252
V	429289	6253
V	429357	6254
V	429426	6255
V	429494	6256
V	429561	6257
V	429630	6258
V	429699	6259
V	429768	6260
V	429837	6261
V	429909	6262
V	429977	6263
V	430046	6264
V	430114	6265
V	430183	6266
V	430252	6267
V	430320	6268
V	430389	6269
V	430458	6270
V	430527	6271
V	430596	6272
V	430667	6273
V	430736	6274
V	430805	6275
V	430873	6276
V	430941	6277
V	431010	6278
V	431077	6279
V	431146	6280
V	431215	6281
V	431284	6282
V	431352	6283
V	431423	6284
V	431491	6285
V	431559	6286
V	431630	6287
V	431699	6288
V	431768	6289
V	431833	6290
V	431901	6291
V	431970	6292
V	432039	6293
V	432108	6294
V	432178	6295
V	432245	6296
V	432314	6297
V	432383	6298
V	432452	6299
V	432521	6300
V	432588	6301
V	432657	6302
V	432726	6303
V	432794	6304
V	432863	6305
V	432933	6306
V	433000	6307
V	433068	6308
V	433139	6309
V	433208	6310
V	433276	6311
V	433343	6312
V	433412	6313
V	433481	6314
V	433550	6315
V	433619	6316
V	433689	6317
V	433758	6318
V	433827	6319
V	433895	6320
V	433964	6321
V	434033	6322
V	434101	6323
V	434170	6324
V	434239	6325
V	434308	6326
V	434377	6327
V	434448	6328
V	434517	6329
V	434586	6330
V	434654	6331
V	434718	6332
V	434787	6333
V	434855	6334
V	434924	6335
V	434993	6336
V	435062	6337
V	435131	6338
V	435201	6339
V	435269	6340
V	435338	6341
V	435409	6342
V	435478	6343
V	435547	6344
V	435616	6345
V	435685	6346
V	435754	6347
V	435823	6348
V	435892	6349
V	435963	6350
V	436031	6351
V	436100	6352
V	436171	6353
V	436234	6354
V	436303	6355
V	436370	6356
V	436439	6357
V	436508	6358
V	436577	6359
V	436646	6360
V	436716	6361
V	436785	6362
V	436854	6363
V	436924	6364
V	436991	6365
V	437060	6366
V	437128	6367
V	437197	6368
V	437266	6369
V	437335	6370
V	437404	6371
V	437474	6372
V	437541	6373
V	437608	6374
V	437678	6375
V	437746	6376
V	437815	6377
V	437883	6378
V	437952	6379
V	438021	6380
V	438090	6381
V	438159	6382
V	438230	6383
V	438297	6384
V	438366	6385
V	438433	6386
V	438501	6387
V	438570	6388
V	438638	6389
V	438707	6390
V	438776	6391
V	438845	6392
V	438914	6393
V	438985	6394
V	439052	6395
V	439121	6396
V	439189	6397
V	439258	6398
V	439327	6399
V	439395	6400
V	439464	6401
V	439533	6402
V	439601	6403
V	439670	6404
V	439741	6405
V	439810	6406
V	439879	6407
V	439950	6408
V	440018	6409
V	440087	6410
V	440154	6411
V	440223	6412
V	440292	6413
V	440361	6414
V	440430	6415
V	440501	6416
V	440568	6417
V	440637	6418
V	440705	6419
V	440774	6420
V	440843	6421
V	440910	6422
V	440979	6423
V	441048	6424
V	441117	6425
V	441186	6426
V	441256	6427
V	441325	6428
V	441394	6429
V	441464	6430
V	441533	6431
V	441602	6432
V	441669	6433
V	441737	6434
V	441806	6435
V	441875	6436
V	441944	6437
V	442015	6438
V	442083	6439
V	442152	6440
V	442220	6441
V	442289	6442
V	442356	6443
V	442424	6444
V	442492	6445
V	442560	6446
V	442629	6447
V	442698	6448
V	442768	6449
V	442836	6450
V	442904	6451
V	442975	6452
V	443044	6453
V	443113	6454
V	443181	6455
V	443249	6456
V	443318	6457
V	443387	6458
V	443456	6459
V	443527	6460
V	443595	6461
V	443664	6462
V	443732	6463
V	443796	6464
V	443865	6465
V	443934	6466
V	444001	6467
V	444070	6468
V	444138	6469
V	444207	6470
V	444278	6471
V	444347	6472
V	444416	6473
V	444487	6474
V	444556	6475
V	444625	6476
V	444693	6477
V	444761	6478
V	444830	6479
V	444899	6480
V	444968	6481
V	445039	6482
V	445108	6483
V	445177	6484
V	445246	6485
V	445315	6486
V	445384	6487
V	445452	6488
V	445521	6489
V	445590	6490
V	445659	6491
V	445728	6492
V	445800	6493
V	445867	6494
V	445936	6495
V	446008	6496
V	446076	6497
V	446145	6498
V	446213	6499
V	446282	6500
V	446351	6501
V	446420	6502
V	446489	6503
V	446559	6504
V	446628	6505
V	446697	6506
V	446765	6507
V	446834	6508
V	446903	6509
V	446970	6510
V	447039	6511
V	447108	6512
V	447177	6513
V	447246	6514
V	447318	6515
V	447385	6516
V	447454	6517
V	447521	6518
V	447590	6519
V	447659	6520
V	447727	6521
V	447796	6522
V	447865	6523
V	447934	6524
V	448002	6525
V	448071	6526
V	448138	6527
V	448207	6528
V	448275	6529
V	448344	6530
V	448413	6531
V	448480	6532
V	448549	6533
V	448617	6534
V	448686	6535
V	448754	6536
V	448823	6537
V	448890	6538
V	448959	6539
V	449029	6540
V	449098	6541
V	449167	6542
V	449234	6543
V	449303	6544
V	449372	6545
V	449441	6546
V	449510	6547
V	449581	6548
V	449648	6549
V	449716	6550
V	449784	6551
V	449853	6552
V	449922	6553
V	449989	6554
V	450058	6555
V	450127	6556
V	450196	6557
V	450265	6558
V	450336	6559
V	450405	6560
V	450474	6561
V	450547	6562
V	450611	6563
V	450680	6564
V	450747	6565
V	450815	6566
V	450883	6567
V	450952	6568
V	451021	6569
V	451092	6570
V	451161	6571
V	451230	6572
V	451298	6573
V	451362	6574
V	451431	6575
V	451500	6576
V	451569	6577
V	451638	6578
V	451707	6579
V	451776	6580
V	451847	6581
V	451916	6582
V	451985	6583
V	452058	6584
V	452127	6585
V	452196	6586
V	452263	6587
V	452332	6588
V	452401	6589
V	452470	6590
V	452539	6591
V	452609	6592
V	452676	6593
V	452745	6594
V	452818	6595
V	452887	6596
V	452956	6597
V	453023	6598
V	453092	6599
V	453161	6600
V	453230	6601
V	453299	6602
V	453369	6603
V	453437	6604
V	453506	6605
V	453577	6606
V	453646	6607
V	453715	6608
V	453783	6609
V	453852	6610
V	453921	6611
V	453990	6612
V	454059	6613
V	454130	6614
V	454198	6615
V	454267	6616
V	454340	6617
V	454409	6618
V	454478	6619
V	454545	6620
V	454613	6621
V	454682	6622
V	454751	6623
V	454820	6624
V	454892	6625
V	454961	6626
V	455030	6627
V	455101	6628
V	455170	6629
V	455237	6630
V	455306	6631
V	455373	6632
V	455442	6633
V	455511	6634
V	455579	6635
V	455651	6636
V	455718	6637
V	455787	6638
V	455857	6639
V	455926	6640
V	455995	6641
V	456063	6642
V	456132	6643
V	456199	6644
V	456268	6645
V	456337	6646
V	456408	6647
V	456476	6648
V	456545	6649
V	456615	6650
V	456684	6651
V	456753	6652
V	456821	6653
V	456889	6654
V	456958	6655
V	457027	6656
V	457096	6657
V	457166	6658
V	457235	6659
V	457304	6660
V	457373	6661
V	457442	6662
V	457511	6663
V	457579	6664
V	457645	6665
V	457714	6666
V	457782	6667
V	457851	6668
V	457923	6669
V	457990	6670
V	458059	6671
V	458125	6672
V	458194	6673
V	458263	6674
V	458331	6675
V	458400	6676
V	458469	6677
V	458538	6678
V	458607	6679
V	458676	6680
V	458744	6681
V	458813	6682
V	458881	6683
V	458950	6684
V	459019	6685
V	459087	6686
V	459156	6687
V	459225	6688
V	459293	6689
V	459362	6690
V	459433	6691
V	459502	6692
V	459571	6693
V	459637	6694
V	459705	6695
V	459774	6696
V	459843	6697
V	459912	6698
V	459981	6699
V	460050	6700
V	460119	6701
V	460190	6702
V	460259	6703
V	460328	6704
V	460398	6705
V	460467	6706
V	460536	6707
V	460605	6708
V	460674	6709
V	460743	6710
V	460812	6711
V	460881	6712
V	460951	6713
V	461017	6714
V	461086	6715
V	461156	6716
V	461225	6717
V	461294	6718
V	461362	6719
V	461431	6720
V	461500	6721
V	461569	6722
V	461638	6723
V	461708	6724
V	461776	6725
V	461844	6726
V	461910	6727
V	461979	6728
V	462048	6729
V	462117	6730
V	462186	6731
V	462255	6732
V	462324	6733
V	462393	6734
V	462465	6735
V	462534	6736
V	462603	6737
V	462674	6738
V	462743	6739
V	462812	6740
V	462880	6741
V	462948	6742
V	463017	6743
V	463086	6744
V	463155	6745
V	463226	6746
V	463295	6747
V	463364	6748
V	463430	6749
V	463499	6750
V	463568	6751
V	463636	6752
V	463704	6753
V	463773	6754
V	463842	6755
V	463911	6756
V	463980	6757
V	464049	6758
V	464118	6759
V	464186	6760
V	464255	6761
V	464323	6762
V	464390	6763
V	464459	6764
V	464528	6765
V	464597	6766
V	464665	6767
V	464735	6768
V	464803	6769
V	464872	6770
V	464940	6771
V	465009	6772
V	465077	6773
V	465145	6774
V	465214	6775
V	465283	6776
V	465352	6777
V	465421	6778
V	465491	6779
V	465558	6780
V	465627	6781
V	465698	6782
V	465767	6783
V	465836	6784
V	465902	6785
V	465970	6786
V	466038	6787
V	466107	6788
V	466176	6789
V	466246	6790
V	466314	6791
V	466382	6792
V	466451	6793
V	466520	6794
V	466589	6795
V	466657	6796
V	466726	6797
V	466795	6798
V	466864	6799
V	466933	6800
V	467004	6801
V	467072	6802
V	467141	6803
V	467212	6804
V	467281	6805
V	467350	6806
V	467419	6807
V	467488	6808
V	467557	6809
V	467625	6810
V	467694	6811
V	467765	6812
V	467834	6813
V	467903	6814
V	467972	6815
V	468041	6816
V	468110	6817
V	468176	6818
V	468245	6819
V	468314	6820
V	468383	6821
V	468451	6822
V	468520	6823
V	468586	6824
V	468655	6825
V	468724	6826
V	468793	6827
V	468862	6828
V	468930	6829
V	468998	6830
V	469067	6831
V	469136	6832
V	469205	6833
V	469275	6834
V	469342	6835
V	469411	6836
V	469482	6837
V	469551	6838
V	469620	6839
V	469688	6840
V	469757	6841
V	469826	6842
V	469895	6843
V	469964	6844
V	470035	6845
V	470101	6846
V	470170	6847
V	470241	6848
V	470310	6849
V	470378	6850
V	470446	6851
V	470514	6852
V	470583	6853
V	470652	6854
V	470721	6855
V	470792	6856
V	470858	6857
V	470927	6858
V	470998	6859
V	471067	6860
V	471136	6861
V	471204	6862
V	471272	6863
V	471340	6864
V	471409	6865
V	471478	6866
V	471549	6867
V	471616	6868
V	471685	6869
V	471756	6870
V	471824	6871
V	471893	6872
V	471962	6873
V	472031	6874
V	472100	6875
V	472169	6876
V	472238	6877
V	472310	6878
V	472378	6879
V	472447	6880
V	472516	6881
V	472585	6882
V	472654	6883
V	472722	6884
V	472791	6885
V	472860	6886
V	472928	6887
V	472996	6888
V	473068	6889
V	473136	6890
V	473205	6891
V	473274	6892
V	473342	6893
V	473409	6894
V	473477	6895
V	473546	6896
V	473615	6897
V	473684	6898
V	473753	6899
V	473823	6900
V	473891	6901
V	473960	6902
V	474031	6903
V	474100	6904
V	474169	6905
V	474237	6906
V	474305	6907
V	474374	6908
V	474443	6909
V	474512	6910
V	474582	6911
V	474650	6912
V	474719	6913
V	474787	6914
V	474856	6915
V	474925	6916
V	474994	6917
V	475063	6918
V	475132	6919
V	475200	6920
V	475269	6921
V	475339	6922
V	475407	6923
V	475476	6924
V	475544	6925
V	475613	6926
V	475682	6927
V	475750	6928
V	475819	6929
V	475888	6930
V	475957	6931
V	476025	6932
V	476095	6933
V	476163	6934
V	476232	6935
V	476303	6936
V	476372	6937
V	476441	6938
V	476509	6939
V	476578	6940
V	476647	6941
V	476716	6942
V	476785	6943
V	476856	6944
V	476923	6945
V	476992	6946
V	477060	6947
V	477129	6948
V	477198	6949
V	477267	6950
V	477334	6951
V	477403	6952
V	477472	6953
V	477541	6954
V	477612	6955
V	477681	6956
V	477750	6957
V	477813	6958
V	477882	6959
V	477951	6960
V	478019	6961
V	478088	6962
V	478157	6963
V	478226	6964
V	478295	6965
V	478366	6966
V	478434	6967
V	478503	6968
V	478574	6969
V	478643	6970
V	478712	6971
V	478780	6972
V	478849	6973
V	478918	6974
V	478987	6975
V	479056	6976
V	479126	6977
V	479194	6978
V	479263	6979
V	479332	6980
V	479401	6981
V	479469	6982
V	479535	6983
V	479604	6984
V	479673	6985
V	479742	6986
V	479811	6987
V	479881	6988
V	479949	6989
V	480018	6990
V	480086	6991
V	480155	6992
V	480224	6993
V	480292	6994
V	480361	6995
V	480430	6996
V	480499	6997
V	480568	6998
V	480639	6999
V	480707	7000
V	480776	7001
V	480847	7002
V	480916	7003
V	480984	7004
V	481050	7005
V	481118	7006
V	481187	7007
V	481256	7008
V	481325	7009
V	481396	7010
V	481465	7011
V	481534	7012
V	481605	7013
V	481674	7014
V	481742	7015
V	481809	7016
V	481878	7017
V	481947	7018
V	482016	7019
V	482085	7020
V	482155	7021
V	482223	7022
V	482292	7023
V	482362	7024
V	482431	7025
V	482500	7026
V	482567	7027
V	482636	7028
V	482705	7029
V	482773	7030
V	482840	7031
V	482910	7032
V	482978	7033
V	483047	7034
V	483116	7035
V	483185	7036
V	483253	7037
V	483321	7038
V	483390	7039
V	483459	7040
V	483528	7041
V	483597	7042
V	483668	7043
V	483736	7044
V	483805	7045
V	483874	7046
V	483942	7047
V	484010	7048
V	484078	7049
V	484147	7050
V	484216	7051
V	484285	7052
V	484353	7053
V	484423	7054
V	484491	7055
V	484560	7056
V	484631	7057
V	484699	7058
V	484768	7059
V	484837	7060
V	484906	7061
V	484975	7062
V	485044	7063
V	485112	7064
V	485182	7065
V	485251	7066
V	485320	7067
V	485389	7068
V	485457	7069
V	485526	7070
V	485594	7071
V	485663	7072
V	485732	7073
V	485801	7074
V	485869	7075
V	485938	7076
V	486007	7077
V	486076	7078
V	486147	7079
V	486216	7080
V	486285	7081
V	486354	7082
V	486423	7083
V	486492	7084
V	486559	7085
V	486627	7086
V	486696	7087
V	486764	7088
V	486833	7089
V	486901	7090
V	486970	7091
V	487039	7092
V	487104	7093
V	487172	7094
V	487241	7095
V	487310	7096
V	487379	7097
V	487451	7098
V	487519	7099
V	487587	7100
V	487657	7101
V	487726	7102
V	487795	7103
V	487863	7104
V	487932	7105
V	488001	7106
V	488070	7107
V	488139	7108
V	488210	7109
V	488279	7110
V	488348	7111
V	488418	7112
V	488487	7113
V	488556	7114
V	488622	7115
V	488691	7116
V	488760	7117
V	488829	7118
V	488898	7119
V	488968	7120
V	489035	7121
V	489104	7122
V	489175	7123
V	489244	7124
V	489313	7125
V	489381	7126
V	489450	7127
V	489519	7128
V	489588	7129
V	489654	7130
V	489724	7131
V	489793	7132
V	489862	7133
V	489933	7134
V	490002	7135
V	490070	7136
V	490138	7137
V	490207	7138
V	490276	7139
V	490345	7140
V	490414	7141
V	490485	7142
V	490554	7143
V	490623	7144
V	490694	7145
V	490763	7146
V	490832	7147
V	490900	7148
V	490969	7149
V	491038	7150
V	491107	7151
V	491176	7152
V	491246	7153
V	491314	7154
V	491383	7155
V	491452	7156
V	491521	7157
V	491590	7158
V	491659	7159
V	491728	7160
V	491797	7161
V	491866	7162
V	491935	7163
V	492006	7164
V	492074	7165
V	492143	7166
V	492210	7167
V	492279	7168
V	492348	7169
V	492414	7170
V	492483	7171
V	492552	7172
V	492621	7173
V	492689	7174
V	492760	7175
V	492828	7176
V	492897	7177
V	492968	7178
V	493036	7179
V	493105	7180
V	493173	7181
V	493242	7182
V	493311	7183
V	493380	7184
V	493449	7185
V	493519	7186
V	493588	7187
V	493657	7188
V	493723	7189
V	493792	7190
V	493861	7191
V	493929	7192
V	493998	7193
V	494067	7194
V	494136	7195
V	494205	7196
V	494274	7197
V	494343	7198
V	494412	7199
V	494481	7200
V	494550	7201
V	494619	7202
V	494687	7203
V	494755	7204
V	494824	7205
V	494893	7206
V	494961	7207
V	495032	7208
V	495101	7209
V	495170	7210
V	495241	7211
V	495309	7212
V	495377	7213
V	495445	7214
V	495514	7215
V	495583	7216
V	495652	7217
V	495721	7218
V	495791	7219
V	495860	7220
V	495929	7221
V	496000	7222
V	496069	7223
V	496138	7224
V	496205	7225
V	496274	7226
V	496343	7227
V	496412	7228
V	496480	7229
V	496551	7230
V	496620	7231
V	496689	7232
V	496760	7233
V	496829	7234
V	496898	7235
V	496967	7236
V	497034	7237
V	497103	7238
V	497171	7239
V	497239	7240
V	497310	7241
V	497378	7242
V	497447	7243
V	497518	7244
V	497587	7245
V	497656	7246
V	497723	7247
V	497792	7248
V	497861	7249
V	497930	7250
V	497999	7251
V	498070	7252
V	498138	7253
V	498207	7254
V	498278	7255
V	498342	7256
V	498411	7257
V	498480	7258
V	498549	7259
V	498618	7260
V	498687	7261
V	498756	7262
V	498828	7263
V	498897	7264
V	498966	7265
V	499037	7266
V	499106	7267
V	499175	7268
V	499243	7269
V	499312	7270
V	499381	7271
V	499449	7272
V	499518	7273
V	499590	7274
V	499659	7275
V	499728	7276
V	499797	7277
V	499866	7278
V	499935	7279
V	500004	7280
V	500073	7281
V	500142	7282
V	500211	7283
V	500277	7284
V	500349	7285
V	500418	7286
V	500487	7287
V	500557	7288
V	500625	7289
V	500693	7290
V	500759	7291
V	500828	7292
V	500897	7293
V	500966	7294
V	501035	7295
V	501105	7296
V	501173	7297
V	501242	7298
V	501310	7299
V	501379	7300
V	501446	7301
V	501515	7302
V	501584	7303
V	501653	7304
V	501722	7305
V	501788	7306
V	501857	7307
V	501925	7308
V	501994	7309
V	502064	7310
V	502133	7311
V	502202	7312
V	502270	7313
V	502337	7314
V	502406	7315
V	502475	7316
V	502544	7317
V	502615	7318
V	502684	7319
V	502753	7320
V	502822	7321
V	502886	7322
V	502955	7323
V	503022	7324
V	503091	7325
V	503159	7326
V	503228	7327
V	503296	7328
V	503367	7329
V	503436	7330
V	503505	7331
V	503575	7332
V	503644	7333
V	503713	7334
V	503782	7335
V	503851	7336
V	503920	7337
V	503989	7338
V	504058	7339
V	504128	7340
V	504197	7341
V	504266	7342
V	504337	7343
V	504406	7344
V	504474	7345
V	504543	7346
V	504612	7347
V	504681	7348
V	504749	7349
V	504818	7350
V	504889	7351
V	504956	7352
V	505025	7353
V	505095	7354
V	505164	7355
V	505231	7356
V	505299	7357
V	505368	7358
V	505437	7359
V	505506	7360
V	505575	7361
V	505645	7362
V	505712	7363
V	505781	7364
V	505849	7365
V	505918	7366
V	505985	7367
V	506052	7368
V	506121	7369
V	506190	7370
V	506259	7371
V	506328	7372
V	506398	7373
V	506466	7374
V	506535	7375
V	506605	7376
V	506674	7377
V	506743	7378
V	506810	7379
V	506878	7380
V	506947	7381
V	507015	7382
V	507084	7383
V	507153	7384
V	507220	7385
V	507289	7386
V	507357	7387
V	507426	7388
V	507494	7389
V	507560	7390
V	507629	7391
V	507698	7392
V	507767	7393
V	507836	7394
V	507906	7395
V	507974	7396
V	508043	7397
V	508111	7398
V	508180	7399
V	508249	7400
V	508318	7401
V	508387	7402
V	508456	7403
V	508524	7404
V	508593	7405
V	508663	7406
V	508730	7407
V	508799	7408
V	508870	7409
V	508939	7410
V	509007	7411
V	509075	7412
V	509144	7413
V	509213	7414
V	509282	7415
V	509351	7416
V	509422	7417
V	509488	7418
V	509557	7419
V	509626	7420
V	509694	7421
V	509763	7422
V	509831	7423
V	509900	7424
V	509969	7425
V	510038	7426
V	510107	7427
V	510178	7428
V	510247	7429
V	510316	7430
V	510387	7431
V	510456	7432
V	510525	7433
V	510592	7434
V	510661	7435
V	510730	7436
V	510799	7437
V	510868	7438
V	510939	7439
V	511008	7440
V	511077	7441
V	511148	7442
V	511217	7443
V	511286	7444
V	511353	7445
V	511422	7446
V	511491	7447
V	511560	7448
V	511629	7449
V	511699	7450
V	511767	7451
V	511836	7452
V	511907	7453
V	511976	7454
V	512045	7455
V	512113	7456
V	512180	7457
V	512249	7458
V	512317	7459
V	512386	7460
V	512457	7461
V	512524	7462
V	512593	7463
V	512664	7464
V	512733	7465
V	512802	7466
V	512868	7467
V	512937	7468
V	513006	7469
V	513075	7470
V	513144	7471
V	513215	7472
V	513283	7473
V	513352	7474
V	513423	7475
V	513492	7476
V	513561	7477
V	513630	7478
V	513699	7479
V	513768	7480
V	513837	7481
V	513906	7482
V	513976	7483
V	514044	7484
V	514113	7485
V	514184	7486
V	514253	7487
V	514321	7488
V	514389	7489
V	514457	7490
V	514526	7491
V	514595	7492
V	514664	7493
V	514737	7494
V	514805	7495
V	514873	7496
V	514942	7497
V	515011	7498
V	515080	7499
V	515149	7500
V	515218	7501
V	515287	7502
V	515356	7503
V	515425	7504
V	515497	7505
V	515563	7506
V	515632	7507
V	515703	7508
V	515771	7509
V	515840	7510
V	515907	7511
V	515976	7512
V	516044	7513
V	516113	7514
V	516182	7515
V	516253	7516
V	516322	7517
V	516391	7518
V	516459	7519
V	516527	7520
V	516595	7521
V	516662	7522
V	516731	7523
V	516800	7524
V	516869	7525
V	516938	7526
V	517008	7527
V	517077	7528
V	517145	7529
V	517213	7530
V	517281	7531
V	517350	7532
V	517417	7533
V	517486	7534
V	517555	7535
V	517624	7536
V	517693	7537
V	517763	7538
V	517832	7539
V	517901	7540
V	517967	7541
V	518036	7542
V	518104	7543
V	518173	7544
V	518242	7545
V	518311	7546
V	518379	7547
V	518448	7548
V	518519	7549
V	518588	7550
V	518657	7551
V	518723	7552
V	518792	7553
V	518861	7554
V	518930	7555
V	518999	7556
V	519068	7557
V	519137	7558
V	519206	7559
V	519276	7560
V	519344	7561
V	519413	7562
V	519481	7563
V	519550	7564
V	519619	7565
V	519688	7566
V	519757	7567
V	519826	7568
V	519895	7569
V	519964	7570
V	520034	7571
V	520102	7572
V	520171	7573
V	520239	7574
V	520307	7575
V	520376	7576
V	520443	7577
V	520512	7578
V	520581	7579
V	520650	7580
V	520719	7581
V	520790	7582
V	520858	7583
V	520927	7584
V	520993	7585
V	521061	7586
V	521130	7587
V	521198	7588
V	521267	7589
V	521336	7590
V	521405	7591
V	521474	7592
V	521545	7593
V	521614	7594
V	521682	7595
V	521745	7596
V	521812	7597
V	521881	7598
V	521949	7599
V	522018	7600
V	522087	7601
V	522156	7602
V	522225	7603
V	522294	7604
V	522362	7605
V	522430	7606
V	522496	7607
V	522564	7608
V	522632	7609
V	522700	7610
V	522769	7611
V	522838	7612
V	522907	7613
V	522976	7614
V	523047	7615
V	523116	7616
V	523185	7617
V	523253	7618
V	523322	7619
V	523391	7620
V	523460	7621
V	523529	7622
V	523598	7623
V	523667	7624
V	523736	7625
V	523807	7626
V	523874	7627
V	523942	7628
V	524008	7629
V	524077	7630
V	524145	7631
V	524214	7632
V	524283	7633
V	524352	7634
V	524421	7635
V	524490	7636
V	524560	7637
V	524629	7638
V	524698	7639
V	524766	7640
V	524835	7641
V	524904	7642
V	524972	7643
V	525041	7644
V	525110	7645
V	525178	7646
V	525246	7647
V	525317	7648
V	525384	7649
V	525453	7650
V	525524	7651
V	525593	7652
V	525661	7653
V	525728	7654
V	525797	7655
V	525866	7656
V	525935	7657
V	526004	7658
V	526075	7659
V	526143	7660
V	526212	7661
V	526282	7662
V	526351	7663
V	526420	7664
V	526487	7665
V	526556	7666
V	526625	7667
V	526693	7668
V	526762	7669
V	526831	7670
V	526900	7671
V	526969	7672
V	527037	7673
V	527106	7674
V	527175	7675
V	527243	7676
V	527312	7677
V	527381	7678
V	527449	7679
V	527518	7680
V	527587	7681
V	527656	7682
V	527725	7683
V	527793	7684
V	527862	7685
V	527931	7686
V	527998	7687
V	528067	7688
V	528136	7689
V	528205	7690
V	528274	7691
V	528344	7692
V	528412	7693
V	528481	7694
V	528549	7695
V	528613	7696
V	528681	7697
V	528749	7698
V	528817	7699
V	528886	7700
V	528954	7701
V	529023	7702
V	529095	7703
V	529164	7704
V	529233	7705
V	529301	7706
V	529370	7707
V	529438	7708
V	529507	7709
V	529576	7710
V	529645	7711
V	529714	7712
V	529782	7713
V	529852	7714
V	529919	7715
V	529988	7716
V	530059	7717
V	530128	7718
V	530197	7719
V	530266	7720
V	530335	7721
V	530404	7722
V	530473	7723
V	530542	7724
V	530612	7725
V	530678	7726
V	530747	7727
V	530818	7728
V	530887	7729
V	530956	7730
V	531024	7731
V	531093	7732
V	531162	7733
V	531231	7734
V	531300	7735
V	531371	7736
V	531438	7737
V	531507	7738
V	531573	7739
V	531642	7740
V	531711	7741
V	531779	7742
V	531848	7743
V	531917	7744
V	531986	7745
V	532053	7746
V	532124	7747
V	532190	7748
V	532259	7749
V	532327	7750
V	532396	7751
V	532464	7752
V	532532	7753
V	532601	7754
V	532670	7755
V	532739	7756
V	532808	7757
V	532878	7758
V	532944	7759
V	533013	7760
V	533079	7761
V	533147	7762
V	533216	7763
V	533284	7764
V	533353	7765
V	533422	7766
V	533491	7767
V	533560	7768
V	533631	7769
V	533697	7770
V	533766	7771
V	533829	7772
V	533898	7773
V	533967	7774
V	534036	7775
V	534105	7776
V	534174	7777
V	534243	7778
V	534312	7779
V	534383	7780
V	534449	7781
V	534518	7782
V	534589	7783
V	534658	7784
V	534727	7785
V	534795	7786
V	534864	7787
V	534933	7788
V	535002	7789
V	535071	7790
V	535143	7791
V	535210	7792
V	535279	7793
V	535349	7794
V	535417	7795
V	535486	7796
V	535554	7797
V	535623	7798
V	535692	7799
V	535761	7800
V	535829	7801
V	535899	7802
V	535966	7803
V	536035	7804
V	536108	7805
V	536177	7806
V	536246	7807
V	536314	7808
V	536383	7809
V	536452	7810
V	536521	7811
V	536590	7812
V	536660	7813
V	536724	7814
V	536793	7815
V	536862	7816
V	536931	7817
V	536999	7818
V	537067	7819
V	537136	7820
V	537205	7821
V	537274	7822
V	537343	7823
V	537413	7824
V	537480	7825
V	537549	7826
V	537615	7827
V	537684	7828
V	537753	7829
V	537821	7830
V	537890	7831
V	537959	7832
V	538028	7833
V	538097	7834
V	538168	7835
V	538235	7836
V	538304	7837
V	538370	7838
V	538439	7839
V	538508	7840
V	538577	7841
V	538646	7842
V	538715	7843
V	538784	7844
V	538852	7845
V	538919	7846
V	538985	7847
V	539054	7848
V	539122	7849
V	539191	7850
V	539260	7851
V	539328	7852
V	539396	7853
V	539464	7854
V	539532	7855
V	539601	7856
V	539672	7857
V	539736	7858
V	539805	7859
V	539876	7860
V	539945	7861
V	540014	7862
V	540082	7863
V	540150	7864
V	540219	7865
V	540287	7866
V	540356	7867
V	540427	7868
V	540492	7869
V	540561	7870
V	540634	7871
V	540703	7872
V	540772	7873
V	540840	7874
V	540909	7875
V	540978	7876
V	541047	7877
V	541115	7878
V	541185	7879
V	541253	7880
V	541322	7881
V	541390	7882
V	541459	7883
V	541527	7884
V	541596	7885
V	541665	7886
V	541734	7887
V	541801	7888
V	541870	7889
V	541941	7890
V	542009	7891
V	542078	7892
V	542149	7893
V	542218	7894
V	542286	7895
V	542354	7896
V	542422	7897
V	542490	7898
V	542559	7899
V	542628	7900
V	542698	7901
V	542765	7902
V	542834	7903
V	542905	7904
V	542974	7905
V	543043	7906
V	543111	7907
V	543180	7908
V	543248	7909
V	543317	7910
V	543386	7911
V	543456	7912
V	543524	7913
V	543593	7914
V	543664	7915
V	543733	7916
V	543802	7917
V	543871	7918
V	543940	7919
V	544009	7920
V	544075	7921
V	544144	7922
V	544214	7923
V	544281	7924
V	544350	7925
V	544421	7926
V	544490	7927
V	544558	7928
V	544626	7929
V	544695	7930
V	544764	7931
V	544833	7932
V	544902	7933
V	544972	7934
V	545040	7935
V	545109	7936
V	545178	7937
V	545247	7938
V	545315	7939
V	545384	7940
V	545453	7941
V	545522	7942
V	545591	7943
V	545660	7944
V	545730	7945
V	545798	7946
V	545867	7947
V	545936	7948
V	546005	7949
V	546073	7950
V	546142	7951
V	546211	7952
V	546280	7953
V	546349	7954
V	546418	7955
V	546488	7956
V	546557	7957
V	546626	7958
V	546695	7959
V	546764	7960
V	546832	7961
V	546901	7962
V	546970	7963
V	547039	7964
V	547108	7965
V	547177	7966
V	547247	7967
V	547315	7968
V	547384	7969
V	547455	7970
V	547524	7971
V	547593	7972
V	547660	7973
V	547729	7974
V	547798	7975
V	547867	7976
V	547935	7977
V	548005	7978
V	548073	7979
V	548142	7980
V	548210	7981
V	548279	7982
V	548348	7983
V	548416	7984
V	548485	7985
V	548554	7986
V	548623	7987
V	548692	7988
V	548762	7989
V	548830	7990
V	548899	7991
V	548967	7992
V	549036	7993
V	549104	7994
V	549170	7995
V	549239	7996
V	549308	7997
V	549377	7998
V	549446	7999
V	549516	8000
V	549585	8001
V	549654	8002
V	549720	8003
V	549789	8004
V	549858	8005
V	549925	8006
V	549994	8007
V	550063	8008
V	550132	8009
V	550201	8010
V	550271	8011
V	550339	8012
V	550408	8013
V	550479	8014
V	550548	8015
V	550617	8016
V	550686	8017
V	550754	8018
V	550823	8019
V	550892	8020
V	550961	8021
V	551031	8022
V	551100	8023
V	551168	8024
V	551241	8025
V	551310	8026
V	551379	8027
V	551447	8028
V	551515	8029
V	551584	8030
V	551652	8031
V	551721	8032
V	551791	8033
V	551859	8034
V	551928	8035
V	551999	8036
V	552068	8037
V	552136	8038
V	552205	8039
V	552274	8040
V	552343	8041
V	552412	8042
V	552481	8043
V	552551	8044
V	552619	8045
V	552688	8046
V	552761	8047
V	552830	8048
V	552898	8049
V	552966	8050
V	553035	8051
V	553104	8052
V	553173	8053
V	553242	8054
V	553311	8055
V	553379	8056
V	553448	8057
V	553518	8058
V	553587	8059
V	553656	8060
V	553725	8061
V	553793	8062
V	553862	8063
V	553931	8064
V	554000	8065
V	554070	8066
V	554137	8067
V	554206	8068
V	554274	8069
V	554343	8070
V	554411	8071
V	554480	8072
V	554548	8073
V	554617	8074
V	554686	8075
V	554755	8076
V	554825	8077
V	554893	8078
V	554962	8079
V	555030	8080
V	555099	8081
V	555168	8082
V	555236	8083
V	555303	8084
V	555372	8085
V	555440	8086
V	555509	8087
V	555579	8088
V	555647	8089
V	555716	8090
V	555784	8091
V	555853	8092
V	555922	8093
V	555989	8094
V	556058	8095
V	556127	8096
V	556196	8097
V	556265	8098
V	556335	8099
V	556404	8100
V	556473	8101
V	556543	8102
V	556611	8103
V	556680	8104
V	556749	8105
V	556818	8106
V	556887	8107
V	556956	8108
V	557025	8109
V	557095	8110
V	557164	8111
V	557233	8112
V	557304	8113
V	557373	8114
V	557442	8115
V	557509	8116
V	557578	8117
V	557646	8118
V	557715	8119
V	557784	8120
V	557854	8121
V	557922	8122
V	557991	8123
V	558059	8124
V	558127	8125
V	558196	8126
V	558265	8127
V	558334	8128
V	558402	8129
V	558470	8130
V	558539	8131
V	558609	8132
V	558678	8133
V	558747	8134
V	558816	8135
V	558885	8136
V	558954	8137
V	559022	8138
V	559091	8139
V	559160	8140
V	559228	8141
V	559297	8142
V	559367	8143
V	559434	8144
V	559503	8145
V	559574	8146
V	559642	8147
V	559711	8148
V	559779	8149
V	559848	8150
V	559917	8151
V	559985	8152
V	560054	8153
V	560124	8154
V	560192	8155
V	560261	8156
V	560330	8157
V	560399	8158
V	560468	8159
V	560536	8160
V	560605	8161
V	560673	8162
V	560742	8163
V	560810	8164
V	560880	8165
V	560949	8166
V	561018	8167
V	561086	8168
V	561155	8169
V	561224	8170
V	561292	8171
V	561360	8172
V	561429	8173
V	561497	8174
V	561566	8175
V	561635	8176
V	561704	8177
V	561773	8178
V	561842	8179
V	561906	8180
V	561974	8181
V	562042	8182
V	562110	8183
V	562178	8184
V	562247	8185
V	562313	8186
V	562383	8187
V	562449	8188
V	562518	8189
V	562591	8190
V	562660	8191
V	562729	8192
V	562797	8193
V	562866	8194
V	562935	8195
V	563003	8196
V	563072	8197
V	563142	8198
V	563210	8199
V	563279	8200
V	563349	8201
V	563418	8202
V	563487	8203
V	563556	8204
V	563625	8205
V	563693	8206
V	563761	8207
V	563830	8208
V	563898	8209
V	563966	8210
V	564035	8211
V	564106	8212
V	564175	8213
V	564242	8214
V	564310	8215
V	564378	8216
V	564446	8217
V	564515	8218
V	564584	8219
V	564653	8220
V	564722	8221
V	564791	8222
V	564864	8223
V	564933	8224
V	565000	8225
V	565068	8226
V	565136	8227
V	565204	8228
V	565273	8229
V	565342	8230
V	565413	8231
V	565481	8232
V	565550	8233
V	565621	8234
V	565690	8235
V	565759	8236
V	565826	8237
V	565895	8238
V	565963	8239
V	566031	8240
V	566100	8241
V	566170	8242
V	566239	8243
V	566308	8244
V	566375	8245
V	566444	8246
V	566513	8247
V	566582	8248
V	566651	8249
V	566720	8250
V	566789	8251
V	566858	8252
V	566928	8253
V	566996	8254
V	567065	8255
V	567136	8256
V	567205	8257
V	567274	8258
V	567342	8259
V	567411	8260
V	567480	8261
V	567549	8262
V	567618	8263
V	567688	8264
V	567755	8265
V	567824	8266
V	567897	8267
V	567966	8268
V	568035	8269
V	568103	8270
V	568172	8271
V	568241	8272
V	568310	8273
V	568378	8274
V	568449	8275
V	568516	8276
V	568585	8277
V	568656	8278
V	568725	8279
V	568794	8280
V	568863	8281
V	568931	8282
V	568999	8283
V	569068	8284
V	569137	8285
V	569207	8286
V	569275	8287
V	569344	8288
V	569415	8289
V	569484	8290
V	569552	8291
V	569621	8292
V	569690	8293
V	569759	8294
V	569828	8295
V	569897	8296
V	569967	8297
V	570034	8298
V	570103	8299
V	570174	8300
V	570242	8301
V	570311	8302
V	570380	8303
V	570449	8304
V	570518	8305
V	570586	8306
V	570655	8307
V	570725	8308
V	570792	8309
V	570861	8310
V	570932	8311
V	571001	8312
V	571070	8313
V	571138	8314
V	571207	8315
V	571276	8316
V	571345	8317
V	571414	8318
V	571484	8319
V	571553	8320
V	571622	8321
V	571690	8322
V	571758	8323
V	571827	8324
V	571895	8325
V	571964	8326
V	572033	8327
V	572102	8328
V	572171	8329
V	572241	8330
V	572307	8331
V	572376	8332
V	572447	8333
V	572516	8334
V	572585	8335
V	572651	8336
V	572720	8337
V	572789	8338
V	572858	8339
V	572927	8340
V	572997	8341
V	573066	8342
V	573135	8343
V	573206	8344
V	573275	8345
V	573344	8346
V	573413	8347
V	573482	8348
V	573551	8349
V	573620	8350
V	573689	8351
V	573759	8352
V	573828	8353
V	573897	8354
V	573963	8355
V	574032	8356
V	574100	8357
V	574167	8358
V	574236	8359
V	574305	8360
V	574374	8361
V	574443	8362
V	574513	8363
V	574581	8364
V	574650	8365
V	574721	8366
V	574790	8367
V	574859	8368
V	574927	8369
V	574996	8370
V	575065	8371
V	575134	8372
V	575202	8373
V	575272	8374
V	575340	8375
V	575409	8376
V	575480	8377
V	575549	8378
V	575618	8379
V	575686	8380
V	575755	8381
V	575823	8382
V	575892	8383
V	575961	8384
V	576031	8385
V	576099	8386
V	576168	8387
V	576238	8388
V	576307	8389
V	576376	8390
V	576445	8391
V	576514	8392
V	576583	8393
V	576651	8394
V	576720	8395
V	576788	8396
V	576856	8397
V	576925	8398
V	576998	8399
V	577067	8400
V	577136	8401
V	577205	8402
V	577274	8403
V	577343	8404
V	577412	8405
V	577481	8406
V	577551	8407
V	577618	8408
V	577687	8409
V	577756	8410
V	577825	8411
V	577894	8412
V	577962	8413
V	578031	8414
V	578100	8415
V	578169	8416
V	578238	8417
V	578307	8418
V	578375	8419
V	578443	8420
V	578514	8421
V	578583	8422
V	578652	8423
V	578721	8424
V	578790	8425
V	578858	8426
V	578927	8427
V	578996	8428
V	579066	8429
V	579134	8430
V	579203	8431
V	579274	8432
V	579343	8433
V	579412	8434
V	579480	8435
V	579549	8436
V	579618	8437
V	579687	8438
V	579753	8439
V	579823	8440
V	579891	8441
V	579960	8442
V	580026	8443
V	580095	8444
V	580164	8445
V	580233	8446
V	580302	8447
V	580370	8448
V	580438	8449
V	580507	8450
V	580576	8451
V	580645	8452
V	580714	8453
V	580780	8454
V	580849	8455
V	580917	8456
V	580985	8457
V	581054	8458
V	581123	8459
V	581192	8460
V	581261	8461
V	581331	8462
V	581399	8463
V	581468	8464
V	581534	8465
V	581603	8466
V	581672	8467
V	581740	8468
V	581809	8469
V	581878	8470
V	581947	8471
V	582016	8472
V	582087	8473
V	582156	8474
V	582223	8475
V	582289	8476
V	582358	8477
V	582426	8478
V	582493	8479
V	582562	8480
V	582630	8481
V	582699	8482
V	582768	8483
V	582838	8484
V	582907	8485
V	582976	8486
V	583047	8487
V	583116	8488
V	583185	8489
V	583254	8490
V	583323	8491
V	583392	8492
V	583461	8493
V	583529	8494
V	583600	8495
V	583668	8496
V	583737	8497
V	583807	8498
V	583876	8499
V	583945	8500
V	584014	8501
V	584083	8502
V	584151	8503
V	584219	8504
V	584288	8505
V	584355	8506
V	584421	8507
V	584490	8508
V	584561	8509
V	584630	8510
V	584699	8511
V	584767	8512
V	584836	8513
V	584905	8514
V	584974	8515
V	585043	8516
V	585114	8517
V	585182	8518
V	585251	8519
V	585320	8520
V	585389	8521
V	585458	8522
V	585526	8523
V	585594	8524
V	585663	8525
V	585732	8526
V	585801	8527
V	585871	8528
V	585938	8529
V	586007	8530
V	586078	8531
V	586147	8532
V	586216	8533
V	586284	8534
V	586352	8535
V	586421	8536
V	586490	8537
V	586559	8538
V	586629	8539
V	586696	8540
V	586765	8541
V	586834	8542
V	586903	8543
V	586972	8544
V	587040	8545
V	587109	8546
V	587178	8547
V	587247	8548
V	587316	8549
V	587386	8550
V	587455	8551
V	587524	8552
V	587597	8553
V	587666	8554
V	587735	8555
V	587803	8556
V	587872	8557
V	587939	8558
V	588008	8559
V	588077	8560
V	588148	8561
V	588216	8562
V	588285	8563
V	588354	8564
V	588422	8565
V	588490	8566
V	588558	8567
V	588626	8568
V	588694	8569
V	588763	8570
V	588832	8571
V	588902	8572
V	588970	8573
V	589038	8574
V	589104	8575
V	589173	8576
V	589242	8577
V	589310	8578
V	589378	8579
V	589447	8580
V	589516	8581
V	589585	8582
V	589655	8583
V	589723	8584
V	589792	8585
V	589861	8586
V	589930	8587
V	589998	8588
V	590066	8589
V	590134	8590
V	590203	8591
V	590272	8592
V	590341	8593
V	590409	8594
V	590477	8595
V	590546	8596
V	590617	8597
V	590686	8598
V	590755	8599
V	590822	8600
V	590891	8601
V	590960	8602
V	591029	8603
V	591098	8604
V	591167	8605
V	591235	8606
V	591304	8607
V	591375	8608
V	591443	8609
V	591512	8610
V	591580	8611
V	591649	8612
V	591718	8613
V	591787	8614
V	591855	8615
V	591925	8616
V	591994	8617
V	592063	8618
V	592134	8619
V	592203	8620
V	592272	8621
V	592340	8622
V	592409	8623
V	592477	8624
V	592546	8625
V	592615	8626
V	592685	8627
V	592754	8628
V	592823	8629
V	592893	8630
V	592962	8631
V	593031	8632
V	593097	8633
V	593166	8634
V	593235	8635
V	593304	8636
V	593373	8637
V	593443	8638
V	593511	8639
V	593580	8640
V	593651	8641
V	593720	8642
V	593789	8643
V	593858	8644
V	593927	8645
V	593995	8646
V	594064	8647
V	594133	8648
V	594203	8649
V	594271	8650
V	594340	8651
V	594409	8652
V	594478	8653
V	594547	8654
V	594615	8655
V	594683	8656
V	594752	8657
V	594821	8658
V	594887	8659
V	594957	8660
V	595026	8661
V	595094	8662
V	595165	8663
V	595234	8664
V	595302	8665
V	595371	8666
V	595440	8667
V	595508	8668
V	595577	8669
V	595646	8670
V	595716	8671
V	595783	8672
V	595852	8673
V	595923	8674
V	595991	8675
V	596060	8676
V	596128	8677
V	596196	8678
V	596265	8679
V	596334	8680
V	596403	8681
V	596473	8682
V	596542	8683
V	596611	8684
V	596682	8685
V	596751	8686
V	596819	8687
V	596887	8688
V	596955	8689
V	597024	8690
V	597093	8691
V	597162	8692
V	597232	8693
V	597300	8694
V	597369	8695
V	597442	8696
V	597511	8697
V	597580	8698
V	597649	8699
V	597718	8700
V	597786	8701
V	597855	8702
V	597924	8703
V	597994	8704
V	598062	8705
V	598131	8706
V	598197	8707
V	598266	8708
V	598335	8709
V	598403	8710
V	598469	8711
V	598538	8712
V	598607	8713
V	598676	8714
V	598746	8715
V	598815	8716
V	598883	8717
V	598956	8718
V	599025	8719
V	599094	8720
V	599161	8721
V	599230	8722
V	599299	8723
V	599368	8724
V	599437	8725
V	599507	8726
V	599575	8727
V	599644	8728
V	599717	8729
V	599786	8730
V	599855	8731
V	599923	8732
V	599990	8733
V	600059	8734
V	600128	8735
V	600197	8736
V	600267	8737
V	600336	8738
V	600405	8739
V	600473	8740
V	600542	8741
V	600611	8742
V	600679	8743
V	600748	8744
V	600817	8745
V	600886	8746
V	600955	8747
V	601025	8748
V	601092	8749
V	601160	8750
V	601229	8751
V	601298	8752
V	601367	8753
V	601436	8754
V	601505	8755
V	601574	8756
V	601643	8757
V	601712	8758
V	601782	8759
V	601851	8760
V	601920	8761
V	601991	8762
V	602060	8763
V	602129	8764
V	602197	8765
V	602265	8766
V	602334	8767
V	602403	8768
V	602472	8769
V	602542	8770
V	602610	8771
V	602678	8772
V	602747	8773
V	602816	8774
V	602884	8775
V	602953	8776
V	603021	8777
V	603090	8778
V	603158	8779
V	603226	8780
V	603296	8781
V	603364	8782
V	603433	8783
V	603506	8784
V	603575	8785
V	603644	8786
V	603713	8787
V	603782	8788
V	603851	8789
V	603920	8790
V	603989	8791
V	604059	8792
V	604127	8793
V	604196	8794
V	604267	8795
V	604336	8796
V	604404	8797
V	604472	8798
V	604540	8799
V	604609	8800
V	604678	8801
V	604747	8802
V	604819	8803
V	604888	8804
V	604957	8805
V	605028	8806
V	605097	8807
V	605164	8808
V	605232	8809
V	605299	8810
V	605368	8811
V	605437	8812
V	605506	8813
V	605576	8814
V	605645	8815
V	605714	8816
V	605785	8817
V	605854	8818
V	605923	8819
V	605991	8820
V	606060	8821
V	606129	8822
V	606198	8823
V	606267	8824
V	606337	8825
V	606404	8826
V	606473	8827
V	606544	8828
V	606612	8829
V	606681	8830
V	606749	8831
V	606818	8832
V	606887	8833
V	606956	8834
V	607025	8835
V	607095	8836
V	607164	8837
V	607233	8838
V	607304	8839
V	607373	8840
V	607442	8841
V	607511	8842
V	607580	8843
V	607649	8844
V	607718	8845
V	607787	8846
V	607858	8847
V	607926	8848
V	607995	8849
V	608066	8850
V	608135	8851
V	608204	8852
V	608272	8853
V	608341	8854
V	608410	8855
V	608479	8856
V	608548	8857
V	608619	8858
V	608686	8859
V	608754	8860
V	608823	8861
V	608892	8862
V	608961	8863
V	609030	8864
V	609099	8865
V	609168	8866
V	609237	8867
V	609306	8868
V	609376	8869
V	609443	8870
V	609512	8871
V	609581	8872
V	609650	8873
V	609719	8874
V	609788	8875
V	609857	8876
V	609926	8877
V	609995	8878
V	610064	8879
V	610134	8880
V	610201	8881
V	610270	8882
V	610339	8883
V	610408	8884
V	610476	8885
V	610543	8886
V	610612	8887
V	610681	8888
V	610750	8889
V	610819	8890
V	610889	8891
V	610957	8892
V	611026	8893
V	611097	8894
V	611166	8895
V	611235	8896
V	611303	8897
V	611372	8898
V	611441	8899
V	611510	8900
V	611579	8901
V	611649	8902
V	611717	8903
V	611786	8904
V	611854	8905
V	611923	8906
V	611992	8907
V	612061	8908
V	612130	8909
V	612199	8910
V	612268	8911
V	612337	8912
V	612407	8913
V	612475	8914
V	612544	8915
V	612607	8916
V	612676	8917
V	612745	8918
V	612813	8919
V	612882	8920
V	612951	8921
V	613020	8922
V	613089	8923
V	613158	8924
V	613227	8925
V	613296	8926
V	613364	8927
V	613433	8928
V	613502	8929
V	613571	8930
V	613639	8931
V	613707	8932
V	613776	8933
V	613845	8934
V	613915	8935
V	613983	8936
V	614052	8937
V	614117	8938
V	614186	8939
V	614255	8940
V	614324	8941
V	614393	8942
V	614461	8943
V	614530	8944
V	614599	8945
V	614669	8946
V	614738	8947
V	614806	8948
V	614872	8949
V	614941	8950
V	615010	8951
V	615078	8952
V	615147	8953
V	615216	8954
V	615285	8955
V	615354	8956
V	615425	8957
V	615493	8958
V	615562	8959
V	615631	8960
V	615700	8961
V	615769	8962
V	615837	8963
V	615906	8964
V	615974	8965
V	616043	8966
V	616112	8967
V	616183	8968
V	616251	8969
V	616320	8970
V	616388	8971
V	616456	8972
V	616525	8973
V	616593	8974
V	616661	8975
V	616730	8976
V	616799	8977
V	616868	8978
V	616938	8979
V	617006	8980
V	617075	8981
V	617143	8982
V	617212	8983
V	617281	8984
V	617350	8985
V	617419	8986
V	617488	8987
V	617557	8988
V	617626	8989
V	617696	8990
V	617763	8991
V	617832	8992
V	617900	8993
V	617969	8994
V	618038	8995
V	618107	8996
V	618175	8997
V	618244	8998
V	618313	8999
V	618382	9000
V	618452	9001
V	618519	9002
V	618588	9003
V	618656	9004
V	618722	9005
V	618791	9006
V	618859	9007
V	618928	9008
V	618997	9009
V	619066	9010
V	619135	9011
V	619206	9012
V	619274	9013
V	619342	9014
V	619413	9015
V	619479	9016
V	619548	9017
V	619616	9018
V	619684	9019
V	619752	9020
V	619819	9021
V	619888	9022
V	619958	9023
V	620026	9024
V	620095	9025
V	620168	9026
V	620234	9027
V	620303	9028
V	620370	9029
V	620439	9030
V	620508	9031
V	620576	9032
V	620645	9033
V	620714	9034
V	620782	9035
V	620851	9036
V	620919	9037
V	620985	9038
V	621054	9039
V	621120	9040
V	621189	9041
V	621257	9042
V	621326	9043
V	621395	9044
V	621468	9045
V	621536	9046
V	621605	9047
V	621674	9048
V	621740	9049
V	621808	9050
V	621876	9051
V	621945	9052
V	622014	9053
V	622082	9054
V	622151	9055
V	622221	9056
V	622290	9057
V	622359	9058
V	622430	9059
V	622496	9060
V	622565	9061
V	622634	9062
V	622703	9063
V	622772	9064
V	622841	9065
V	622910	9066
V	622983	9067
V	623050	9068
V	623119	9069
V	623190	9070
V	623256	9071
V	623325	9072
V	623394	9073
V	623463	9074
V	623532	9075
V	623601	9076
V	623670	9077
V	623742	9078
V	623809	9079
V	623878	9080
V	623949	9081
V	624015	9082
V	624084	9083
V	624151	9084
V	624220	9085
V	624289	9086
V	624358	9087
V	624427	9088
V	624498	9089
V	624567	9090
V	624636	9091
V	624709	9092
V	624774	9093
V	624843	9094
V	624911	9095
V	624979	9096
V	625048	9097
V	625117	9098
V	625186	9099
V	625256	9100
V	625324	9101
V	625393	9102
V	625466	9103
V	625532	9104
V	625601	9105
V	625669	9106
V	625737	9107
V	625805	9108
V	625874	9109
V	625943	9110
V	626015	9111
V	626083	9112
V	626152	9113
V	626225	9114
V	626291	9115
V	626360	9116
V	626428	9117
V	626497	9118
V	626566	9119
V	626635	9120
V	626704	9121
V	626774	9122
V	626843	9123
V	626912	9124
V	626982	9125
V	627048	9126
V	627117	9127
V	627185	9128
V	627254	9129
V	627323	9130
V	627392	9131
V	627461	9132
V	627531	9133
V	627600	9134
V	627669	9135
V	627740	9136
V	627806	9137
V	627875	9138
V	627944	9139
V	628013	9140
V	628082	9141
V	628151	9142
V	628220	9143
V	628291	9144
V	628358	9145
V	628427	9146
V	628500	9147
V	628566	9148
V	628635	9149
V	628703	9150
V	628772	9151
V	628841	9152
V	628910	9153
V	628979	9154
V	629049	9155
V	629118	9156
V	629187	9157
V	629258	9158
V	629325	9159
V	629394	9160
V	629462	9161
V	629531	9162
V	629600	9163
V	629669	9164
V	629738	9165
V	629809	9166
V	629876	9167
V	629945	9168
V	630011	9169
V	630077	9170
V	630146	9171
V	630214	9172
V	630282	9173
V	630351	9174
V	630419	9175
V	630488	9176
V	630558	9177
V	630625	9178
V	630694	9179
V	630762	9180
V	630830	9181
V	630899	9182
V	630967	9183
V	631036	9184
V	631105	9185
V	631174	9186
V	631242	9187
V	631312	9188
V	631380	9189
V	631449	9190
V	631522	9191
V	631590	9192
V	631659	9193
V	631727	9194
V	631796	9195
V	631865	9196
V	631932	9197
V	632001	9198
V	632072	9199
V	632141	9200
V	632210	9201
V	632283	9202
V	632351	9203
V	632420	9204
V	632487	9205
V	632556	9206
V	632625	9207
V	632693	9208
V	632762	9209
V	632832	9210
V	632900	9211
V	632969	9212
V	633040	9213
V	633108	9214
V	633175	9215
V	633242	9216
V	633310	9217
V	633379	9218
V	633448	9219
V	633515	9220
V	633584	9221
V	633653	9222
V	633721	9223
V	633792	9224
V	633860	9225
V	633929	9226
V	633995	9227
V	634064	9228
V	634133	9229
V	634202	9230
V	634271	9231
V	634342	9232
V	634410	9233
V	634479	9234
V	634550	9235
V	634618	9236
V	634687	9237
V	634756	9238
V	634825	9239
V	634894	9240
V	634963	9241
V	635032	9242
V	635102	9243
V	635170	9244
V	635239	9245
V	635312	9246
V	635381	9247
V	635450	9248
V	635518	9249
V	635587	9250
V	635656	9251
V	635725	9252
V	635794	9253
V	635865	9254
V	635933	9255
V	636002	9256
V	636071	9257
V	636140	9258
V	636209	9259
V	636277	9260
V	636345	9261
V	636414	9262
V	636483	9263
V	636551	9264
V	636621	9265
V	636689	9266
V	636758	9267
V	636831	9268
V	636900	9269
V	636969	9270
V	637038	9271
V	637106	9272
V	637175	9273
V	637244	9274
V	637313	9275
V	637383	9276
V	637451	9277
V	637520	9278
V	637591	9279
V	637660	9280
V	637728	9281
V	637796	9282
V	637865	9283
V	637934	9284
V	638003	9285
V	638072	9286
V	638143	9287
V	638210	9288
V	638279	9289
V	638347	9290
V	638416	9291
V	638484	9292
V	638552	9293
V	638621	9294
V	638690	9295
V	638759	9296
V	638828	9297
V	638899	9298
V	638967	9299
V	639036	9300
V	639103	9301
V	639172	9302
V	639241	9303
V	639309	9304
V	639378	9305
V	639447	9306
V	639516	9307
V	639585	9308
V	639655	9309
V	639723	9310
V	639792	9311
V	639859	9312
V	639928	9313
V	639997	9314
V	640065	9315
V	640134	9316
V	640203	9317
V	640272	9318
V	640341	9319
V	640413	9320
V	640482	9321
V	640551	9322
V	640620	9323
V	640689	9324
V	640758	9325
V	640827	9326
V	640896	9327
V	640965	9328
V	641034	9329
V	641103	9330
V	641173	9331
V	641241	9332
V	641310	9333
V	641380	9334
V	641449	9335
V	641518	9336
V	641587	9337
V	641656	9338
V	641725	9339
V	641794	9340
V	641863	9341
V	641934	9342
V	642003	9343
V	642072	9344
V	642143	9345
V	642212	9346
V	642281	9347
V	642349	9348
V	642418	9349
V	642487	9350
V	642556	9351
V	642624	9352
V	642694	9353
V	642762	9354
V	642831	9355
V	642904	9356
V	642973	9357
V	643042	9358
V	643111	9359
V	643180	9360
V	643249	9361
V	643318	9362
V	643387	9363
V	643458	9364
V	643527	9365
V	643595	9366
V	643663	9367
V	643732	9368
V	643801	9369
V	643870	9370
V	643939	9371
V	644008	9372
V	644076	9373
V	644145	9374
V	644217	9375
V	644284	9376
V	644353	9377
V	644421	9378
V	644490	9379
V	644559	9380
V	644627	9381
V	644696	9382
V	644764	9383
V	644832	9384
V	644900	9385
V	644970	9386
V	645037	9387
V	645106	9388
V	645174	9389
V	645243	9390
V	645311	9391
V	645380	9392
V	645449	9393
V	645518	9394
V	645586	9395
V	645655	9396
V	645726	9397
V	645795	9398
V	645864	9399
V	645932	9400
V	646001	9401
V	646070	9402
V	646139	9403
V	646208	9404
V	646277	9405
V	646346	9406
V	646415	9407
V	646485	9408
V	646554	9409
V	646623	9410
V	646691	9411
V	646760	9412
V	646829	9413
V	646898	9414
V	646967	9415
V	647036	9416
V	647104	9417
V	647173	9418
V	647243	9419
V	647312	9420
V	647381	9421
V	647447	9422
V	647516	9423
V	647585	9424
V	647653	9425
V	647722	9426
V	647791	9427
V	647860	9428
V	647929	9429
V	647999	9430
V	648068	9431
V	648137	9432
V	648203	9433
V	648272	9434
V	648341	9435
V	648410	9436
V	648477	9437
V	648546	9438
V	648615	9439
V	648684	9440
V	648755	9441
V	648822	9442
V	648891	9443
V	648959	9444
V	649028	9445
V	649097	9446
V	649166	9447
V	649235	9448
V	649304	9449
V	649373	9450
V	649442	9451
V	649513	9452
V	649582	9453
V	649651	9454
V	649717	9455
V	649786	9456
V	649855	9457
V	649922	9458
V	649991	9459
V	650060	9460
V	650129	9461
V	650198	9462
V	650271	9463
V	650340	9464
V	650409	9465
V	650475	9466
V	650543	9467
V	650612	9468
V	650681	9469
V	650750	9470
V	650819	9471
V	650888	9472
V	650957	9473
V	651029	9474
V	651098	9475
V	651167	9476
V	651233	9477
V	651302	9478
V	651370	9479
V	651438	9480
V	651507	9481
V	651575	9482
V	651644	9483
V	651713	9484
V	651784	9485
V	651852	9486
V	651920	9487
V	651988	9488
V	652057	9489
V	652126	9490
V	652195	9491
V	652264	9492
V	652333	9493
V	652400	9494
V	652469	9495
V	652539	9496
V	652608	9497
V	652677	9498
V	652743	9499
V	652812	9500
V	652881	9501
V	652949	9502
V	653017	9503
V	653086	9504
V	653151	9505
V	653220	9506
V	653289	9507
V	653357	9508
V	653426	9509
V	653499	9510
V	653568	9511
V	653637	9512
V	653705	9513
V	653773	9514
V	653842	9515
V	653911	9516
V	653980	9517
V	654050	9518
V	654118	9519
V	654186	9520
V	654259	9521
V	654328	9522
V	654395	9523
V	654463	9524
V	654532	9525
V	654601	9526
V	654670	9527
V	654739	9528
V	654809	9529
V	654876	9530
V	654945	9531
V	655018	9532
V	655087	9533
V	655156	9534
V	655224	9535
V	655293	9536
V	655361	9537
V	655429	9538
V	655498	9539
V	655569	9540
V	655637	9541
V	655706	9542
V	655777	9543
V	655846	9544
V	655915	9545
V	655984	9546
V	656053	9547
V	656121	9548
V	656190	9549
V	656259	9550
V	656331	9551
V	656400	9552
V	656469	9553
V	656539	9554
V	656608	9555
V	656676	9556
V	656744	9557
V	656813	9558
V	656882	9559
V	656951	9560
V	657020	9561
V	657092	9562
V	657160	9563
V	657229	9564
V	657301	9565
V	657370	9566
V	657439	9567
V	657507	9568
V	657576	9569
V	657645	9570
V	657714	9571
V	657781	9572
V	657852	9573
V	657921	9574
V	657990	9575
V	658060	9576
V	658129	9577
V	658198	9578
V	658266	9579
V	658335	9580
V	658404	9581
V	658472	9582
V	658541	9583
V	658610	9584
V	658678	9585
V	658747	9586
V	658819	9587
V	658888	9588
V	658957	9589
V	659025	9590
V	659094	9591
V	659163	9592
V	659232	9593
V	659300	9594
V	659371	9595
V	659439	9596
V	659508	9597
V	659578	9598
V	659647	9599
V	659716	9600
V	659785	9601
V	659854	9602
V	659923	9603
V	659992	9604
V	660061	9605
V	660132	9606
V	660200	9607
V	660269	9608
V	660341	9609
V	660410	9610
V	660479	9611
V	660548	9612
V	660617	9613
V	660686	9614
V	660754	9615
V	660823	9616
V	660893	9617
V	660960	9618
V	661029	9619
V	661099	9620
V	661168	9621
V	661237	9622
V	661306	9623
V	661375	9624
V	661444	9625
V	661513	9626
V	661581	9627
V	661652	9628
V	661721	9629
V	661790	9630
V	661862	9631
V	661931	9632
V	662000	9633
V	662069	9634
V	662138	9635
V	662207	9636
V	662276	9637
V	662345	9638
V	662418	9639
V	662486	9640
V	662555	9641
V	662625	9642
V	662694	9643
V	662763	9644
V	662831	9645
V	662900	9646
V	662969	9647
V	663038	9648
V	663107	9649
V	663177	9650
V	663246	9651
V	663314	9652
V	663386	9653
V	663455	9654
V	663524	9655
V	663591	9656
V	663660	9657
V	663729	9658
V	663798	9659
V	663867	9660
V	663937	9661
V	664005	9662
V	664074	9663
V	664144	9664
V	664213	9665
V	664282	9666
V	664350	9667
V	664419	9668
V	664488	9669
V	664556	9670
V	664625	9671
V	664697	9672
V	664766	9673
V	664835	9674
V	664907	9675
V	664976	9676
V	665045	9677
V	665114	9678
V	665182	9679
V	665251	9680
V	665319	9681
V	665388	9682
V	665459	9683
V	665527	9684
V	665596	9685
V	665666	9686
V	665735	9687
V	665803	9688
V	665871	9689
V	665940	9690
V	666009	9691
V	666078	9692
V	666147	9693
V	666219	9694
V	666287	9695
V	666356	9696
V	666424	9697
V	666493	9698
V	666562	9699
V	666631	9700
V	666700	9701
V	666769	9702
V	666838	9703
V	666907	9704
V	666977	9705
V	667045	9706
V	667114	9707
V	667180	9708
V	667249	9709
V	667318	9710
V	667386	9711
V	667455	9712
V	667524	9713
V	667593	9714
V	667662	9715
V	667734	9716
V	667802	9717
V	667871	9718
V	667937	9719
V	668006	9720
V	668075	9721
V	668144	9722
V	668212	9723
V	668281	9724
V	668350	9725
V	668419	9726
V	668489	9727
V	668558	9728
V	668627	9729
V	668693	9730
V	668762	9731
V	668831	9732
V	668898	9733
V	668967	9734
V	669036	9735
V	669105	9736
V	669174	9737
V	669244	9738
V	669310	9739
V	669379	9740
V	669445	9741
V	669514	9742
V	669582	9743
V	669651	9744
V	669720	9745
V	669789	9746
V	669858	9747
V	669927	9748
V	669997	9749
V	670065	9750
V	670134	9751
V	670202	9752
V	670271	9753
V	670340	9754
V	670408	9755
V	670477	9756
V	670546	9757
V	670615	9758
V	670682	9759
V	670752	9760
V	670820	9761
V	670889	9762
V	670955	9763
V	671021	9764
V	671090	9765
V	671159	9766
V	671227	9767
V	671296	9768
V	671365	9769
V	671433	9770
V	671503	9771
V	671572	9772
V	671641	9773
V	671709	9774
V	671776	9775
V	671845	9776
V	671912	9777
V	671981	9778
V	672050	9779
V	672119	9780
V	672187	9781
V	672257	9782
V	672325	9783
V	672394	9784
V	672460	9785
V	672527	9786
V	672596	9787
V	672665	9788
V	672734	9789
V	672802	9790
V	672871	9791
V	672940	9792
V	673012	9793
V	673080	9794
V	673149	9795
V	673212	9796
V	673279	9797
V	673348	9798
V	673416	9799
V	673484	9800
V	673553	9801
V	673622	9802
V	673688	9803
V	673759	9804
V	673828	9805
V	673897	9806
V	673965	9807
V	674032	9808
V	674101	9809
V	674170	9810
V	674238	9811
V	674307	9812
V	674376	9813
V	674445	9814
V	674516	9815
V	674584	9816
V	674653	9817
V	674721	9818
V	674788	9819
V	674857	9820
V	674924	9821
V	674993	9822
V	675060	9823
V	675127	9824
V	675196	9825
V	675266	9826
V	675334	9827
V	675402	9828
V	675468	9829
V	675533	9830
V	675602	9831
V	675671	9832
V	675739	9833
V	675807	9834
V	675876	9835
V	675944	9836
V	676014	9837
V	676083	9838
V	676152	9839
V	676218	9840
V	676285	9841
V	676354	9842
V	676423	9843
V	676492	9844
V	676560	9845
V	676629	9846
V	676698	9847
V	676768	9848
V	676836	9849
V	676905	9850
V	676973	9851
V	677039	9852
V	677107	9853
V	677175	9854
V	677244	9855
V	677313	9856
V	677380	9857
V	677449	9858
V	677520	9859
V	677589	9860
V	677658	9861
V	677723	9862
V	677790	9863
V	677859	9864
V	677927	9865
V	677996	9866
V	678065	9867
V	678132	9868
V	678201	9869
V	678271	9870
V	678340	9871
V	678409	9872
V	678475	9873
V	678542	9874
V	678611	9875
V	678679	9876
V	678747	9877
V	678816	9878
V	678885	9879
V	678954	9880
V	679024	9881
V	679092	9882
V	679161	9883
V	679227	9884
V	679294	9885
V	679362	9886
V	679430	9887
V	679499	9888
V	679568	9889
V	679637	9890
V	679706	9891
V	679776	9892
V	679843	9893
V	679912	9894
V	679980	9895
V	680047	9896
V	680116	9897
V	680185	9898
V	680254	9899
V	680323	9900
V	680392	9901
V	680461	9902
V	680533	9903
V	680598	9904
V	680667	9905
V	680735	9906
V	680802	9907
V	680871	9908
V	680939	9909
V	681006	9910
V	681075	9911
V	681143	9912
V	681212	9913
V	681281	9914
V	681347	9915
V	681416	9916
V	681482	9917
V	681549	9918
V	681618	9919
V	681686	9920
V	681755	9921
V	681824	9922
V	681893	9923
V	681962	9924
V	682035	9925
V	682101	9926
V	682170	9927
V	682238	9928
V	682305	9929
V	682374	9930
V	682442	9931
V	682511	9932
V	682580	9933
V	682649	9934
V	682718	9935
V	682788	9936
V	682856	9937
V	682925	9938
V	682993	9939
V	683057	9940
V	683124	9941
V	683190	9942
V	683259	9943
V	683328	9944
V	683397	9945
V	683466	9946
V	683537	9947
V	683605	9948
V	683674	9949
V	683742	9950
V	683809	9951
V	683878	9952
V	683946	9953
V	684012	9954
V	684081	9955
V	684150	9956
V	684219	9957
V	684288	9958
V	684357	9959
V	684426	9960
V	684494	9961
V	684561	9962
V	684630	9963
V	684698	9964
V	684767	9965
V	684836	9966
V	684905	9967
V	684974	9968
V	685044	9969
V	685112	9970
V	685181	9971
V	685249	9972
V	685316	9973
V	685385	9974
V	685454	9975
V	685522	9976
V	685590	9977
V	685659	9978
V	685728	9979
V	685798	9980
V	685867	9981
V	685936	9982
V	686004	9983
V	686071	9984
V	686140	9985
V	686209	9986
V	686278	9987
V	686346	9988
V	686414	9989
V	686483	9990
V	686553	9991
V	686621	9992
V	686690	9993
V	686758	9994
V	686825	9995
V	686894	9996
V	686962	9997
V	687031	9998
V	687099	9999
V	687168	10000
V	687238	10001
V	687311	10002
V	687380	10003
V	687450	10004
V	687517	10005
V	687585	10006
V	687655	10007
V	687723	10008
V	687793	10009
V	687863	10010
V	687933	10011
V	688003	10012
V	688074	10013
V	688143	10014
V	688213	10015
V	688280	10016
V	688348	10017
V	688418	10018
V	688484	10019
V	688553	10020
V	688623	10021
V	688693	10022
V	688763	10023
V	688834	10024
V	688903	10025
V	688973	10026
V	689040	10027
V	689108	10028
V	689178	10029
V	689248	10030
V	689317	10031
V	689387	10032
V	689457	10033
V	689527	10034
V	689601	10035
V	689671	10036
V	689741	10037
V	689808	10038
V	689876	10039
V	689946	10040
V	690015	10041
V	690085	10042
V	690155	10043
V	690225	10044
V	690295	10045
V	690366	10046
V	690436	10047
V	690506	10048
V	690573	10049
V	690641	10050
V	690711	10051
V	690780	10052
V	690850	10053
V	690920	10054
V	690990	10055
V	691060	10056
V	691133	10057
V	691202	10058
V	691272	10059
V	691341	10060
V	691409	10061
V	691479	10062
V	691548	10063
V	691617	10064
V	691687	10065
V	691757	10066
V	691827	10067
V	691898	10068
V	691967	10069
V	692037	10070
V	692101	10071
V	692169	10072
V	692239	10073
V	692308	10074
V	692376	10075
V	692446	10076
V	692516	10077
V	692586	10078
V	692657	10079
V	692726	10080
V	692796	10081
V	692865	10082
V	692933	10083
V	693003	10084
V	693072	10085
V	693142	10086
V	693212	10087
V	693282	10088
V	693352	10089
V	693426	10090
V	693496	10091
V	693566	10092
V	693633	10093
V	693703	10094
V	693772	10095
V	693840	10096
V	693910	10097
V	693980	10098
V	694050	10099
V	694120	10100
V	694191	10101
V	694260	10102
V	694330	10103
V	694399	10104
V	694469	10105
V	694539	10106
V	694608	10107
V	694678	10108
V	694748	10109
V	694818	10110
V	694888	10111
V	694959	10112
V	695028	10113
V	695098	10114
V	695167	10115
V	695237	10116
V	695307	10117
V	695377	10118
V	695447	10119
V	695517	10120
V	695587	10121
V	695657	10122
V	695729	10123
V	695799	10124
V	695869	10125
V	695938	10126
V	696008	10127
V	696077	10128
V	696147	10129
V	696217	10130
V	696287	10131
V	696357	10132
V	696427	10133
V	696499	10134
V	696568	10135
V	696638	10136
V	696705	10137
V	696775	10138
V	696844	10139
V	696914	10140
V	696984	10141
V	697054	10142
V	697124	10143
V	697194	10144
V	697265	10145
V	697334	10146
V	697404	10147
V	697473	10148
V	697543	10149
V	697613	10150
V	697683	10151
V	697752	10152
V	697821	10153
V	697891	10154
V	697961	10155
V	698033	10156
V	698103	10157
V	698173	10158
V	698240	10159
V	698308	10160
V	698378	10161
V	698448	10162
V	698518	10163
V	698588	10164
V	698658	10165
V	698728	10166
V	698796	10167
V	698866	10168
V	698936	10169
V	699003	10170
V	699071	10171
V	699141	10172
V	699210	10173
V	699280	10174
V	699349	10175
V	699419	10176
V	699489	10177
V	699560	10178
V	699629	10179
V	699699	10180
V	699766	10181
V	699834	10182
V	699904	10183
V	699973	10184
V	700043	10185
V	700113	10186
V	700183	10187
V	700251	10188
V	700322	10189
V	700391	10190
V	700461	10191
V	700528	10192
V	700596	10193
V	700666	10194
V	700734	10195
V	700803	10196
V	700873	10197
V	700943	10198
V	701012	10199
V	701085	10200
V	701154	10201
V	701224	10202
V	701293	10203
V	701361	10204
V	701429	10205
V	701499	10206
V	701569	10207
V	701639	10208
V	701709	10209
V	701779	10210
V	701850	10211
V	701919	10212
V	701989	10213
V	702056	10214
V	702124	10215
V	702194	10216
V	702264	10217
V	702334	10218
V	702403	10219
V	702472	10220
V	702542	10221
V	702613	10222
V	702682	10223
V	702752	10224
V	702819	10225
V	702887	10226
V	702957	10227
V	703026	10228
V	703096	10229
V	703166	10230
V	703236	10231
V	703306	10232
V	703377	10233
V	703446	10234
V	703516	10235
V	703580	10236
V	703650	10237
V	703719	10238
V	703787	10239
V	703857	10240
V	703926	10241
V	703996	10242
V	704066	10243
V	704139	10244
V	704207	10245
V	704276	10246
V	704343	10247
V	704409	10248
V	704479	10249
V	704547	10250
V	704617	10251
V	704687	10252
V	704757	10253
V	704826	10254
V	704897	10255
V	704966	10256
V	705036	10257
V	705105	10258
V	705173	10259
V	705243	10260
V	705311	10261
V	705381	10262
V	705451	10263
V	705520	10264
V	705589	10265
V	705659	10266
V	705729	10267
V	705799	10268
V	705866	10269
V	705933	10270
V	706003	10271
V	706072	10272
V	706142	10273
V	706212	10274
V	706282	10275
V	706352	10276
V	706423	10277
V	706493	10278
V	706563	10279
V	706632	10280
V	706699	10281
V	706768	10282
V	706837	10283
V	706907	10284
V	706977	10285
V	707047	10286
V	707117	10287
V	707188	10288
V	707255	10289
V	707325	10290
V	707394	10291
V	707461	10292
V	707531	10293
V	707600	10294
V	707670	10295
V	707740	10296
V	707810	10297
V	707880	10298
V	707951	10299
V	708016	10300
V	708086	10301
V	708153	10302
V	708220	10303
V	708290	10304
V	708360	10305
V	708430	10306
V	708500	10307
V	708570	10308
V	708640	10309
V	708711	10310
V	708778	10311
V	708848	10312
V	708912	10313
V	708980	10314
V	709050	10315
V	709119	10316
V	709189	10317
V	709259	10318
V	709327	10319
V	709396	10320
V	709467	10321
V	709537	10322
V	709607	10323
V	709674	10324
V	709743	10325
V	709813	10326
V	709881	10327
V	709951	10328
V	710021	10329
V	710091	10330
V	710161	10331
V	710232	10332
V	710301	10333
V	710371	10334
V	710438	10335
V	710505	10336
V	710575	10337
V	710644	10338
V	710714	10339
V	710784	10340
V	710853	10341
V	710922	10342
V	710993	10343
V	711062	10344
V	711132	10345
V	711201	10346
V	711268	10347
V	711338	10348
V	711406	10349
V	711476	10350
V	711546	10351
V	711613	10352
V	711683	10353
V	711754	10354
V	711823	10355
V	711893	10356
V	711960	10357
V	712024	10358
V	712094	10359
V	712163	10360
V	712233	10361
V	712303	10362
V	712373	10363
V	712443	10364
V	712514	10365
V	712582	10366
V	712652	10367
V	712721	10368
V	712788	10369
V	712858	10370
V	712926	10371
V	712995	10372
V	713065	10373
V	713135	10374
V	713205	10375
V	713276	10376
V	713345	10377
V	713415	10378
V	713482	10379
V	713549	10380
V	713619	10381
V	713688	10382
V	713758	10383
V	713828	10384
V	713898	10385
V	713968	10386
V	714037	10387
V	714106	10388
V	714176	10389
V	714245	10390
V	714312	10391
V	714382	10392
V	714449	10393
V	714519	10394
V	714589	10395
V	714659	10396
V	714729	10397
V	714800	10398
V	714870	10399
V	714940	10400
V	715009	10401
V	715077	10402
V	715147	10403
V	715216	10404
V	715286	10405
V	715355	10406
V	715425	10407
V	715495	10408
V	715566	10409
V	715634	10410
V	715704	10411
V	715775	10412
V	715843	10413
V	715913	10414
V	715981	10415
V	716050	10416
V	716120	10417
V	716189	10418
V	716259	10419
V	716331	10420
V	716401	10421
V	716471	10422
V	716540	10423
V	716608	10424
V	716678	10425
V	716748	10426
V	716817	10427
V	716887	10428
V	716957	10429
V	717027	10430
V	717098	10431
V	717167	10432
V	717237	10433
V	717306	10434
V	717374	10435
V	717444	10436
V	717514	10437
V	717583	10438
V	717653	10439
V	717722	10440
V	717791	10441
V	717861	10442
V	717929	10443
V	717999	10444
V	718068	10445
V	718136	10446
V	718206	10447
V	718276	10448
V	718346	10449
V	718416	10450
V	718484	10451
V	718554	10452
V	718623	10453
V	718691	10454
V	718761	10455
V	718830	10456
V	718898	10457
V	718968	10458
V	719038	10459
V	719108	10460
V	719178	10461
V	719248	10462
V	719318	10463
V	719385	10464
V	719452	10465
V	719522	10466
V	719591	10467
V	719659	10468
V	719729	10469
V	719799	10470
V	719869	10471
V	719939	10472
V	720008	10473
V	720078	10474
V	720149	10475
V	720218	10476
V	720288	10477
V	720357	10478
V	720425	10479
V	720494	10480
V	720564	10481
V	720634	10482
V	720704	10483
V	720774	10484
V	720844	10485
V	720915	10486
V	720985	10487
V	721055	10488
V	721124	10489
V	721190	10490
V	721260	10491
V	721329	10492
V	721399	10493
V	721468	10494
V	721538	10495
V	721608	10496
V	721678	10497
V	721748	10498
V	721818	10499
V	721887	10500
V	721955	10501
V	722025	10502
V	722092	10503
V	722161	10504
V	722230	10505
V	722300	10506
V	722370	10507
V	722438	10508
V	722508	10509
V	722578	10510
V	722649	10511
V	722717	10512
V	722787	10513
V	722857	10514
V	722926	10515
V	722996	10516
V	723066	10517
V	723136	10518
V	723207	10519
V	723276	10520
V	723346	10521
V	723415	10522
V	723483	10523
V	723552	10524
V	723621	10525
V	723691	10526
V	723761	10527
V	723831	10528
V	723901	10529
V	723971	10530
V	724040	10531
V	724110	10532
V	724179	10533
V	724247	10534
V	724317	10535
V	724387	10536
V	724457	10537
V	724527	10538
V	724597	10539
V	724666	10540
V	724737	10541
V	724805	10542
V	724875	10543
V	724944	10544
V	725014	10545
V	725084	10546
V	725153	10547
V	725223	10548
V	725293	10549
V	725363	10550
V	725433	10551
V	725505	10552
V	725575	10553
V	725645	10554
V	725714	10555
V	725782	10556
V	725851	10557
V	725920	10558
V	725988	10559
V	726058	10560
V	726127	10561
V	726197	10562
V	726268	10563
V	726337	10564
V	726407	10565
V	726478	10566
V	726545	10567
V	726615	10568
V	726683	10569
V	726752	10570
V	726821	10571
V	726889	10572
V	726959	10573
V	727030	10574
V	727098	10575
V	727168	10576
V	727237	10577
V	727307	10578
V	727377	10579
V	727447	10580
V	727516	10581
V	727586	10582
V	727656	10583
V	727726	10584
V	727797	10585
V	727866	10586
V	727936	10587
V	728005	10588
V	728073	10589
V	728143	10590
V	728212	10591
V	728281	10592
V	728351	10593
V	728421	10594
V	728491	10595
V	728562	10596
V	728632	10597
V	728702	10598
V	728771	10599
V	728839	10600
V	728909	10601
V	728978	10602
V	729047	10603
V	729116	10604
V	729184	10605
V	729254	10606
V	729325	10607
V	729394	10608
V	729464	10609
V	729535	10610
V	729603	10611
V	729673	10612
V	729742	10613
V	729811	10614
V	729881	10615
V	729951	10616
V	730021	10617
V	730092	10618
V	730161	10619
V	730231	10620
V	730299	10621
V	730369	10622
V	730439	10623
V	730508	10624
V	730578	10625
V	730648	10626
V	730717	10627
V	730787	10628
V	730858	10629
V	730928	10630
V	730998	10631
V	731067	10632
V	731137	10633
V	731207	10634
V	731275	10635
V	731345	10636
V	731415	10637
V	731485	10638
V	731555	10639
V	731626	10640
V	731695	10641
V	731765	10642
V	731834	10643
V	731904	10644
V	731972	10645
V	732040	10646
V	732109	10647
V	732179	10648
V	732249	10649
V	732318	10650
V	732389	10651
V	732458	10652
V	732528	10653
V	732597	10654
V	732665	10655
V	732734	10656
V	732803	10657
V	732873	10658
V	732942	10659
V	733012	10660
V	733082	10661
V	733153	10662
V	733223	10663
V	733293	10664
V	733362	10665
V	733432	10666
V	733502	10667
V	733571	10668
V	733641	10669
V	733709	10670
V	733779	10671
V	733849	10672
V	733920	10673
V	733987	10674
V	734057	10675
V	734126	10676
V	734196	10677
V	734266	10678
V	734335	10679
V	734405	10680
V	734473	10681
V	734543	10682
V	734612	10683
V	734683	10684
V	734751	10685
V	734821	10686
V	734890	10687
V	734960	10688
V	735030	10689
V	735099	10690
V	735169	10691
V	735238	10692
V	735308	10693
V	735378	10694
V	735449	10695
V	735516	10696
V	735586	10697
V	735655	10698
V	735723	10699
V	735793	10700
V	735862	10701
V	735932	10702
V	736001	10703
V	736071	10704
V	736141	10705
V	736212	10706
V	736282	10707
V	736352	10708
V	736421	10709
V	736489	10710
V	736559	10711
V	736627	10712
V	736697	10713
V	736767	10714
V	736837	10715
V	736907	10716
V	736978	10717
V	737047	10718
V	737117	10719
V	737188	10720
V	737256	10721
V	737326	10722
V	737395	10723
V	737465	10724
V	737535	10725
V	737605	10726
V	737675	10727
V	737746	10728
V	737814	10729
V	737884	10730
V	737953	10731
V	738020	10732
V	738089	10733
V	738157	10734
V	738227	10735
V	738297	10736
V	738367	10737
V	738436	10738
V	738507	10739
V	738576	10740
V	738646	10741
V	738715	10742
V	738782	10743
V	738852	10744
V	738920	10745
V	738990	10746
V	739060	10747
V	739130	10748
V	739200	10749
V	739270	10750
V	739340	10751
V	739409	10752
V	739478	10753
V	739545	10754
V	739615	10755
V	739684	10756
V	739754	10757
V	739823	10758
V	739893	10759
V	739963	10760
V	740034	10761
V	740103	10762
V	740173	10763
V	740242	10764
V	740308	10765
V	740378	10766
V	740448	10767
V	740517	10768
V	740587	10769
V	740657	10770
V	740727	10771
V	740798	10772
V	740867	10773
V	740937	10774
V	741006	10775
V	741074	10776
V	741144	10777
V	741212	10778
V	741282	10779
V	741352	10780
V	741422	10781
V	741492	10782
V	741563	10783
V	741633	10784
V	741703	10785
V	741772	10786
V	741840	10787
V	741909	10788
V	741979	10789
V	742049	10790
V	742119	10791
V	742189	10792
V	742259	10793
V	742330	10794
V	742400	10795
V	742470	10796
V	742539	10797
V	742607	10798
V	742677	10799
V	742746	10800
V	742816	10801
V	742886	10802
V	742956	10803
V	743026	10804
V	743097	10805
V	743167	10806
V	743237	10807
V	743308	10808
V	743375	10809
V	743445	10810
V	743514	10811
V	743584	10812
V	743654	10813
V	743724	10814
V	743794	10815
V	743865	10816
V	743935	10817
V	744005	10818
V	744077	10819
V	744147	10820
V	744215	10821
V	744284	10822
V	744354	10823
V	744424	10824
V	744494	10825
V	744563	10826
V	744635	10827
V	744704	10828
V	744774	10829
V	744843	10830
V	744913	10831
V	744983	10832
V	745052	10833
V	745122	10834
V	745191	10835
V	745260	10836
V	745329	10837
V	745399	10838
V	745469	10839
V	745539	10840
V	745605	10841
V	745675	10842
V	745744	10843
V	745812	10844
V	745882	10845
V	745952	10846
V	746022	10847
V	746091	10848
V	746162	10849
V	746230	10850
V	746300	10851
V	746369	10852
V	746437	10853
V	746507	10854
V	746574	10855
V	746644	10856
V	746712	10857
V	746782	10858
V	746852	10859
V	746923	10860
V	746993	10861
V	747063	10862
V	747132	10863
V	747200	10864
V	747270	10865
V	747338	10866
V	747408	10867
V	747478	10868
V	747548	10869
V	747616	10870
V	747687	10871
V	747756	10872
V	747826	10873
V	747897	10874
V	747965	10875
V	748035	10876
V	748104	10877
V	748174	10878
V	748244	10879
V	748312	10880
V	748382	10881
V	748453	10882
V	748522	10883
V	748591	10884
V	748660	10885
V	748728	10886
V	748798	10887
V	748867	10888
V	748937	10889
V	749007	10890
V	749077	10891
V	749146	10892
V	749217	10893
V	749286	10894
V	749356	10895
V	749427	10896
V	749495	10897
V	749565	10898
V	749634	10899
V	749703	10900
V	749773	10901
V	749843	10902
V	749913	10903
V	749984	10904
V	750053	10905
V	750123	10906
V	750192	10907
V	750260	10908
V	750330	10909
V	750398	10910
V	750468	10911
V	750538	10912
V	750608	10913
V	750678	10914
V	750749	10915
V	750818	10916
V	750888	10917
V	750959	10918
V	751027	10919
V	751097	10920
V	751165	10921
V	751235	10922
V	751305	10923
V	751375	10924
V	751445	10925
V	751517	10926
V	751586	10927
V	751656	10928
V	751725	10929
V	751793	10930
V	751863	10931
V	751931	10932
V	752001	10933
V	752070	10934
V	752140	10935
V	752210	10936
V	752280	10937
V	752350	10938
V	752420	10939
V	752489	10940
V	752559	10941
V	752628	10942
V	752697	10943
V	752767	10944
V	752836	10945
V	752906	10946
V	752976	10947
V	753047	10948
V	753116	10949
V	753186	10950
V	753258	10951
V	753324	10952
V	753394	10953
V	753464	10954
V	753534	10955
V	753604	10956
V	753672	10957
V	753742	10958
V	753814	10959
V	753884	10960
V	753954	10961
V	754023	10962
V	754091	10963
V	754161	10964
V	754230	10965
V	754300	10966
V	754370	10967
V	754440	10968
V	754509	10969
V	754580	10970
V	754650	10971
V	754720	10972
V	754789	10973
V	754857	10974
V	754927	10975
V	754996	10976
V	755066	10977
V	755136	10978
V	755206	10979
V	755275	10980
V	755346	10981
V	755415	10982
V	755485	10983
V	755554	10984
V	755622	10985
V	755692	10986
V	755761	10987
V	755831	10988
V	755901	10989
V	755971	10990
V	756041	10991
V	756113	10992
V	756183	10993
V	756253	10994
V	756322	10995
V	756388	10996
V	756458	10997
V	756527	10998
V	756596	10999
V	756666	11000
V	756736	11001
V	756805	11002
V	756876	11003
V	756946	11004
V	757016	11005
V	757085	11006
V	757153	11007
V	757223	11008
V	757292	11009
V	757360	11010
V	757430	11011
V	757500	11012
V	757570	11013
V	757640	11014
V	757710	11015
V	757780	11016
V	757849	11017
V	757915	11018
V	757984	11019
V	758052	11020
V	758122	11021
V	758192	11022
V	758262	11023
V	758332	11024
V	758402	11025
V	758471	11026
V	758541	11027
V	758612	11028
V	758680	11029
V	758750	11030
V	758817	11031
V	758887	11032
V	758956	11033
V	759026	11034
V	759096	11035
V	759167	11036
V	759236	11037
V	759306	11038
V	759375	11039
V	759443	11040
V	759512	11041
V	759581	11042
V	759651	11043
V	759721	11044
V	759790	11045
V	759860	11046
V	759931	11047
V	760001	11048
V	760070	11049
V	760141	11050
V	760209	11051
V	760279	11052
V	760349	11053
V	760419	11054
V	760489	11055
V	760559	11056
V	760629	11057
V	760701	11058
V	760770	11059
V	760840	11060
V	760906	11061
V	760974	11062
V	761044	11063
V	761114	11064
V	761184	11065
V	761254	11066
V	761324	11067
V	761393	11068
V	761465	11069
V	761535	11070
V	761605	11071
V	761674	11072
V	761741	11073
V	761811	11074
V	761880	11075
V	761950	11076
V	762020	11077
V	762090	11078
V	762160	11079
V	762231	11080
V	762301	11081
V	762371	11082
V	762440	11083
V	762507	11084
V	762577	11085
V	762645	11086
V	762715	11087
V	762785	11088
V	762855	11089
V	762925	11090
V	762996	11091
V	763066	11092
V	763136	11093
V	763205	11094
V	763273	11095
V	763343	11096
V	763411	11097
V	763481	11098
V	763550	11099
V	763620	11100
V	763690	11101
V	763760	11102
V	763830	11103
V	763900	11104
V	763969	11105
V	764037	11106
V	764107	11107
V	764176	11108
V	764246	11109
V	764316	11110
V	764385	11111
V	764455	11112
V	764526	11113
V	764596	11114
V	764666	11115
V	764735	11116
V	764803	11117
V	764873	11118
V	764942	11119
V	765012	11120
V	765082	11121
V	765152	11122
V	765222	11123
V	765293	11124
V	765363	11125
V	765433	11126
V	765502	11127
V	765570	11128
V	765640	11129
V	765710	11130
V	765780	11131
V	765850	11132
V	765919	11133
V	765989	11134
V	766059	11135
V	766128	11136
V	766198	11137
V	766269	11138
V	766337	11139
V	766407	11140
V	766477	11141
V	766547	11142
V	766617	11143
V	766687	11144
V	766757	11145
V	766828	11146
V	766897	11147
V	766967	11148
V	767036	11149
V	767104	11150
V	767174	11151
V	767243	11152
V	767313	11153
V	767383	11154
V	767453	11155
V	767523	11156
V	767593	11157
V	767663	11158
V	767733	11159
V	767804	11160
V	767872	11161
V	767942	11162
V	768012	11163
V	768082	11164
V	768151	11165
V	768221	11166
V	768291	11167
V	768362	11168
V	768432	11169
V	768502	11170
V	768571	11171
V	768639	11172
V	768709	11173
V	768777	11174
V	768847	11175
V	768916	11176
V	768986	11177
V	769056	11178
V	769127	11179
V	769196	11180
V	769266	11181
V	769335	11182
V	769405	11183
V	769475	11184
V	769543	11185
V	769613	11186
V	769683	11187
V	769752	11188
V	769821	11189
V	769892	11190
V	769960	11191
V	770030	11192
V	770099	11193
V	770167	11194
V	770237	11195
V	770305	11196
V	770375	11197
V	770444	11198
V	770514	11199
V	770584	11200
V	770655	11201
V	770724	11202
V	770794	11203
V	770863	11204
V	770931	11205
V	771001	11206
V	771069	11207
V	771139	11208
V	771209	11209
V	771279	11210
V	771349	11211
V	771419	11212
V	771489	11213
V	771559	11214
V	771628	11215
V	771696	11216
V	771766	11217
V	771834	11218
V	771904	11219
V	771974	11220
V	772044	11221
V	772114	11222
V	772185	11223
V	772254	11224
V	772324	11225
V	772390	11226
V	772458	11227
V	772528	11228
V	772597	11229
V	772667	11230
V	772737	11231
V	772807	11232
V	772876	11233
V	772947	11234
V	773016	11235
V	773086	11236
V	773155	11237
V	773221	11238
V	773291	11239
V	773359	11240
V	773429	11241
V	773499	11242
V	773569	11243
V	773637	11244
V	773708	11245
V	773776	11246
V	773846	11247
V	773912	11248
V	773979	11249
V	774049	11250
V	774117	11251
V	774187	11252
V	774257	11253
V	774327	11254
V	774397	11255
V	774469	11256
V	774538	11257
V	774608	11258
V	774677	11259
V	774745	11260
V	774815	11261
V	774882	11262
V	774952	11263
V	775022	11264
V	775092	11265
V	775162	11266
V	775233	11267
V	775302	11268
V	775372	11269
V	775443	11270
V	775513	11271
V	775582	11272
V	775652	11273
V	775722	11274
V	775792	11275
V	775862	11276
V	775932	11277
V	776002	11278
V	776072	11279
V	776142	11280
V	776211	11281
V	776281	11282
V	776350	11283
V	776420	11284
V	776490	11285
V	776560	11286
V	776629	11287
V	776698	11288
V	776769	11289
V	776839	11290
V	776909	11291
V	776978	11292
V	777048	11293
V	777118	11294
V	777187	11295
V	777257	11296
V	777327	11297
V	777396	11298
V	777466	11299
V	777536	11300
V	777605	11301
V	777675	11302
V	777744	11303
V	777814	11304
V	777884	11305
V	777953	11306
V	778023	11307
V	778093	11308
V	778163	11309
V	778233	11310
V	778304	11311
V	778373	11312
V	778443	11313
V	778512	11314
V	778582	11315
V	778652	11316
V	778721	11317
V	778791	11318
V	778861	11319
V	778931	11320
V	779001	11321
V	779071	11322
V	779140	11323
V	779210	11324
V	779279	11325
V	779345	11326
V	779415	11327
V	779482	11328
V	779552	11329
V	779622	11330
V	779692	11331
V	779762	11332
V	779833	11333
V	779902	11334
V	779972	11335
V	780038	11336
V	780108	11337
V	780178	11338
V	780245	11339
V	780314	11340
V	780384	11341
V	780454	11342
V	780524	11343
V	780596	11344
V	780666	11345
V	780736	11346
V	780802	11347
V	780868	11348
V	780938	11349
V	781006	11350
V	781076	11351
V	781146	11352
V	781216	11353
V	781286	11354
V	781358	11355
V	781427	11356
V	781497	11357
V	781568	11358
V	781636	11359
V	781706	11360
V	781775	11361
V	781845	11362
V	781915	11363
V	781985	11364
V	782055	11365
V	782127	11366
V	782196	11367
V	782266	11368
V	782335	11369
V	782401	11370
V	782471	11371
V	782540	11372
V	782609	11373
V	782679	11374
V	782749	11375
V	782819	11376
V	782890	11377
V	782959	11378
V	783029	11379
V	783098	11380
V	783166	11381
V	783236	11382
V	783306	11383
V	783375	11384
V	783445	11385
V	783515	11386
V	783585	11387
V	783657	11388
V	783726	11389
V	783796	11390
V	783865	11391
V	783935	11392
V	784004	11393
V	784071	11394
V	784140	11395
V	784210	11396
V	784280	11397
V	784350	11398
V	784421	11399
V	784490	11400
V	784560	11401
V	784626	11402
V	784696	11403
V	784766	11404
V	784834	11405
V	784904	11406
V	784974	11407
V	785044	11408
V	785114	11409
V	785185	11410
V	785255	11411
V	785324	11412
V	785393	11413
V	785459	11414
V	785529	11415
V	785595	11416
V	785664	11417
V	785734	11418
V	785803	11419
V	785873	11420
V	785944	11421
V	786013	11422
V	786083	11423
V	786154	11424
V	786222	11425
V	786292	11426
V	786359	11427
V	786429	11428
V	786499	11429
V	786569	11430
V	786639	11431
V	786709	11432
V	786779	11433
V	786849	11434
V	786918	11435
V	786986	11436
V	787056	11437
V	787123	11438
V	787193	11439
V	787263	11440
V	787333	11441
V	787403	11442
V	787475	11443
V	787545	11444
V	787615	11445
V	787684	11446
V	787752	11447
V	787822	11448
V	787889	11449
V	787959	11450
V	788029	11451
V	788098	11452
V	788168	11453
V	788240	11454
V	788309	11455
V	788379	11456
V	788448	11457
V	788515	11458
V	788585	11459
V	788653	11460
V	788723	11461
V	788793	11462
V	788863	11463
V	788933	11464
V	789004	11465
V	789074	11466
V	789144	11467
V	789215	11468
V	789283	11469
V	789353	11470
V	789419	11471
V	789489	11472
V	789559	11473
V	789629	11474
V	789698	11475
V	789770	11476
V	789838	11477
V	789908	11478
V	789977	11479
V	790044	11480
V	790113	11481
V	790180	11482
V	790250	11483
V	790320	11484
V	790390	11485
V	790460	11486
V	790532	11487
V	790601	11488
V	790671	11489
V	790742	11490
V	790810	11491
V	790880	11492
V	790947	11493
V	791017	11494
V	791087	11495
V	791157	11496
V	791227	11497
V	791298	11498
V	791367	11499
V	791437	11500
V	791506	11501
V	791573	11502
V	791643	11503
V	791712	11504
V	791782	11505
V	791852	11506
V	791922	11507
V	791992	11508
V	792063	11509
V	792132	11510
V	792202	11511
V	792273	11512
V	792340	11513
V	792410	11514
V	792480	11515
V	792550	11516
V	792620	11517
V	792688	11518
V	792757	11519
V	792829	11520
V	792899	11521
V	792968	11522
V	793037	11523
V	793104	11524
V	793173	11525
V	793242	11526
V	793312	11527
V	793382	11528
V	793451	11529
V	793521	11530
V	793593	11531
V	793663	11532
V	793733	11533
V	793802	11534
V	793869	11535
V	793939	11536
V	794008	11537
V	794078	11538
V	794148	11539
V	794218	11540
V	794288	11541
V	794358	11542
V	794427	11543
V	794497	11544
V	794566	11545
V	794634	11546
V	794704	11547
V	794771	11548
V	794841	11549
V	794911	11550
V	794980	11551
V	795050	11552
V	795121	11553
V	795191	11554
V	795261	11555
V	795330	11556
V	795398	11557
V	795468	11558
V	795537	11559
V	795607	11560
V	795677	11561
V	795745	11562
V	795815	11563
V	795886	11564
V	795955	11565
V	796025	11566
V	796094	11567
V	796162	11568
V	796232	11569
V	796299	11570
V	796369	11571
V	796439	11572
V	796508	11573
V	796578	11574
V	796649	11575
V	796719	11576
V	796789	11577
V	796858	11578
V	796928	11579
V	796998	11580
V	797066	11581
V	797136	11582
V	797206	11583
V	797276	11584
V	797346	11585
V	797417	11586
V	797486	11587
V	797556	11588
V	797625	11589
V	797695	11590
V	797765	11591
V	797835	11592
V	797904	11593
V	797974	11594
V	798044	11595
V	798113	11596
V	798184	11597
V	798254	11598
V	798324	11599
V	798393	11600
V	798463	11601
V	798533	11602
V	798602	11603
V	798672	11604
V	798741	11605
V	798811	11606
V	798880	11607
V	798952	11608
V	799021	11609
V	799091	11610
V	799160	11611
V	799230	11612
V	799300	11613
V	799369	11614
V	799439	11615
V	799509	11616
V	799579	11617
V	799648	11618
V	799719	11619
V	799787	11620
V	799857	11621
V	799928	11622
V	799998	11623
V	800068	11624
V	800137	11625
V	800207	11626
V	800277	11627
V	800347	11628
V	800417	11629
V	800488	11630
V	800557	11631
V	800627	11632
V	800696	11633
V	800766	11634
V	800836	11635
V	800904	11636
V	800974	11637
V	801042	11638
V	801112	11639
V	801180	11640
V	801251	11641
V	801321	11642
V	801391	11643
V	801460	11644
V	801528	11645
V	801597	11646
V	801666	11647
V	801736	11648
V	801806	11649
V	801876	11650
V	801946	11651
V	802017	11652
V	802087	11653
V	802157	11654
V	802226	11655
V	802296	11656
V	802366	11657
V	802435	11658
V	802505	11659
V	802575	11660
V	802645	11661
V	802715	11662
V	802787	11663
V	802858	11664
V	802928	11665
V	802997	11666
V	803067	11667
V	803137	11668
V	803207	11669
V	803277	11670
V	803346	11671
V	803415	11672
V	803485	11673
V	803556	11674
V	803626	11675
V	803696	11676
V	803765	11677
V	803835	11678
V	803905	11679
V	803974	11680
V	804044	11681
V	804113	11682
V	804183	11683
V	804253	11684
V	804324	11685
V	804392	11686
V	804462	11687
V	804531	11688
V	804601	11689
V	804671	11690
V	804740	11691
V	804810	11692
V	804879	11693
V	804949	11694
V	805019	11695
V	805090	11696
V	805158	11697
V	805228	11698
V	805297	11699
V	805365	11700
V	805435	11701
V	805503	11702
V	805573	11703
V	805642	11704
V	805712	11705
V	805781	11706
V	805852	11707
V	805922	11708
V	805992	11709
V	806063	11710
V	806131	11711
V	806201	11712
V	806269	11713
V	806338	11714
V	806407	11715
V	806477	11716
V	806547	11717
V	806618	11718
V	806684	11719
V	806754	11720
V	806823	11721
V	806891	11722
V	806961	11723
V	807030	11724
V	807100	11725
V	807169	11726
V	807239	11727
V	807309	11728
V	807380	11729
V	807451	11730
V	807521	11731
V	807590	11732
V	807658	11733
V	807728	11734
V	807798	11735
V	807868	11736
V	807938	11737
V	808007	11738
V	808077	11739
V	808148	11740
V	808218	11741
V	808288	11742
V	808357	11743
V	808424	11744
V	808493	11745
V	808563	11746
V	808633	11747
V	808703	11748
V	808773	11749
V	808843	11750
V	808914	11751
V	808984	11752
V	809054	11753
V	809123	11754
V	809191	11755
V	809261	11756
V	809331	11757
V	809401	11758
V	809470	11759
V	809540	11760
V	809610	11761
V	809682	11762
V	809750	11763
V	809820	11764
V	809889	11765
V	809957	11766
V	810027	11767
V	810096	11768
V	810166	11769
V	810236	11770
V	810305	11771
V	810375	11772
V	810446	11773
V	810515	11774
V	810585	11775
V	810654	11776
V	810724	11777
V	810794	11778
V	810863	11779
V	810933	11780
V	811003	11781
V	811073	11782
V	811143	11783
V	811213	11784
V	811283	11785
V	811353	11786
V	811422	11787
V	811492	11788
V	811560	11789
V	811628	11790
V	811698	11791
V	811768	11792
V	811838	11793
V	811908	11794
V	811979	11795
V	812050	11796
V	812120	11797
V	812189	11798
V	812257	11799
V	812327	11800
V	812394	11801
V	812464	11802
V	812534	11803
V	812604	11804
V	812674	11805
V	812745	11806
V	812815	11807
V	812885	11808
V	812956	11809
V	813024	11810
V	813094	11811
V	813161	11812
V	813231	11813
V	813301	11814
V	813371	11815
V	813441	11816
V	813512	11817
V	813580	11818
V	813650	11819
V	813721	11820
V	813789	11821
V	813859	11822
V	813928	11823
V	813998	11824
V	814066	11825
V	814136	11826
V	814206	11827
V	814276	11828
V	814346	11829
V	814415	11830
V	814484	11831
V	814552	11832
V	814622	11833
V	814692	11834
V	814762	11835
V	814831	11836
V	814901	11837
V	814971	11838
V	815042	11839
V	815111	11840
V	815180	11841
V	815249	11842
V	815317	11843
V	815387	11844
V	815456	11845
V	815526	11846
V	815595	11847
V	815665	11848
V	815735	11849
V	815805	11850
V	815876	11851
V	815946	11852
V	816015	11853
V	816085	11854
V	816155	11855
V	816222	11856
V	816290	11857
V	816360	11858
V	816430	11859
V	816500	11860
V	816571	11861
V	816642	11862
V	816712	11863
V	816781	11864
V	816851	11865
V	816921	11866
V	816988	11867
V	817058	11868
V	817128	11869
V	817198	11870
V	817268	11871
V	817340	11872
V	817410	11873
V	817480	11874
V	817549	11875
V	817619	11876
V	817689	11877
V	817757	11878
V	817827	11879
V	817896	11880
V	817966	11881
V	818036	11882
V	818107	11883
V	818178	11884
V	818248	11885
V	818317	11886
V	818385	11887
V	818454	11888
V	818523	11889
V	818593	11890
V	818663	11891
V	818733	11892
V	818803	11893
V	818874	11894
V	818945	11895
V	819015	11896
V	819084	11897
V	819152	11898
V	819222	11899
V	819291	11900
V	819360	11901
V	819430	11902
V	819498	11903
V	819568	11904
V	819639	11905
V	819708	11906
V	819778	11907
V	819847	11908
V	819915	11909
V	819985	11910
V	820055	11911
V	820124	11912
V	820194	11913
V	820264	11914
V	820334	11915
V	820405	11916
V	820475	11917
V	820545	11918
V	820614	11919
V	820682	11920
V	820752	11921
V	820821	11922
V	820890	11923
V	820960	11924
V	821030	11925
V	821100	11926
V	821170	11927
V	821240	11928
V	821310	11929
V	821379	11930
V	821447	11931
V	821517	11932
V	821586	11933
V	821656	11934
V	821725	11935
V	821795	11936
V	821865	11937
V	821935	11938
V	822003	11939
V	822073	11940
V	822142	11941
V	822210	11942
V	822279	11943
V	822347	11944
V	822417	11945
V	822487	11946
V	822557	11947
V	822627	11948
V	822697	11949
V	822768	11950
V	822838	11951
V	822909	11952
V	822977	11953
V	823047	11954
V	823115	11955
V	823183	11956
V	823253	11957
V	823323	11958
V	823393	11959
V	823464	11960
V	823534	11961
V	823604	11962
V	823673	11963
V	823741	11964
V	823810	11965
V	823878	11966
V	823948	11967
V	824018	11968
V	824088	11969
V	824157	11970
V	824227	11971
V	824297	11972
V	824367	11973
V	824440	11974
V	824508	11975
V	824578	11976
V	824648	11977
V	824718	11978
V	824788	11979
V	824858	11980
V	824927	11981
V	824998	11982
V	825068	11983
V	825137	11984
V	825206	11985
V	825274	11986
V	825344	11987
V	825413	11988
V	825483	11989
V	825553	11990
V	825623	11991
V	825693	11992
V	825764	11993
V	825834	11994
V	825904	11995
V	825973	11996
V	826041	11997
V	826111	11998
V	826181	11999
V	826251	12000
V	826321	12001
V	826389	12002
V	826459	12003
V	826530	12004
V	826600	12005
V	826670	12006
V	826739	12007
V	826807	12008
V	826877	12009
V	826945	12010
V	827015	12011
V	827085	12012
V	827154	12013
V	827224	12014
V	827295	12015
V	827365	12016
V	827435	12017
V	827506	12018
V	827574	12019
V	827644	12020
V	827712	12021
V	827782	12022
V	827852	12023
V	827922	12024
V	827992	12025
V	828063	12026
V	828133	12027
V	828203	12028
V	828272	12029
V	828339	12030
V	828409	12031
V	828478	12032
V	828548	12033
V	828618	12034
V	828688	12035
V	828756	12036
V	828827	12037
V	828898	12038
V	828968	12039
V	829037	12040
V	829101	12041
V	829171	12042
V	829239	12043
V	829309	12044
V	829379	12045
V	829449	12046
V	829519	12047
V	829590	12048
V	829659	12049
V	829729	12050
V	829800	12051
V	829867	12052
V	829937	12053
V	830006	12054
V	830076	12055
V	830145	12056
V	830215	12057
V	830285	12058
V	830356	12059
V	830426	12060
V	830496	12061
V	830569	12062
V	830636	12063
V	830706	12064
V	830774	12065
V	830844	12066
V	830913	12067
V	830983	12068
V	831053	12069
V	831124	12070
V	831193	12071
V	831263	12072
V	831334	12073
V	831401	12074
V	831471	12075
V	831541	12076
V	831611	12077
V	831680	12078
V	831750	12079
V	831820	12080
V	831891	12081
V	831961	12082
V	832031	12083
V	832102	12084
V	832169	12085
V	832239	12086
V	832306	12087
V	832376	12088
V	832446	12089
V	832516	12090
V	832586	12091
V	832657	12092
V	832726	12093
V	832796	12094
V	832867	12095
V	832933	12096
V	833003	12097
V	833072	12098
V	833142	12099
V	833212	12100
V	833282	12101
V	833352	12102
V	833422	12103
V	833493	12104
V	833563	12105
V	833633	12106
V	833701	12107
V	833771	12108
V	833840	12109
V	833910	12110
V	833980	12111
V	834050	12112
V	834120	12113
V	834191	12114
V	834262	12115
V	834332	12116
V	834403	12117
V	834470	12118
V	834540	12119
V	834608	12120
V	834678	12121
V	834748	12122
V	834818	12123
V	834888	12124
V	834959	12125
V	835029	12126
V	835099	12127
V	835168	12128
V	835236	12129
V	835306	12130
V	835375	12131
V	835444	12132
V	835513	12133
V	835583	12134
V	835653	12135
V	835724	12136
V	835793	12137
V	835863	12138
V	835934	12139
V	836002	12140
V	836071	12141
V	836140	12142
V	836210	12143
V	836280	12144
V	836350	12145
V	836419	12146
V	836490	12147
V	836560	12148
V	836630	12149
V	836701	12150
V	836769	12151
V	836839	12152
V	836909	12153
V	836979	12154
V	837049	12155
V	837119	12156
V	837188	12157
V	837260	12158
V	837330	12159
V	837400	12160
V	837468	12161
V	837534	12162
V	837604	12163
V	837674	12164
V	837744	12165
V	837813	12166
V	837883	12167
V	837953	12168
V	838024	12169
V	838094	12170
V	838164	12171
V	838236	12172
V	838306	12173
V	838376	12174
V	838444	12175
V	838513	12176
V	838583	12177
V	838653	12178
V	838722	12179
V	838792	12180
V	838860	12181
V	838930	12182
V	839001	12183
V	839071	12184
V	839140	12185
V	839210	12186
V	839280	12187
V	839348	12188
V	839418	12189
V	839488	12190
V	839559	12191
V	839628	12192
V	839698	12193
V	839771	12194
V	839841	12195
V	839910	12196
V	839980	12197
V	840049	12198
V	840118	12199
V	840188	12200
V	840258	12201
V	840329	12202
V	840399	12203
V	840469	12204
V	840540	12205
V	840610	12206
V	840680	12207
V	840750	12208
V	840819	12209
V	840889	12210
V	840959	12211
V	841028	12212
V	841099	12213
V	841170	12214
V	841240	12215
V	841311	12216
V	841381	12217
V	841451	12218
V	841521	12219
V	841591	12220
V	841661	12221
V	841731	12222
V	841801	12223
V	841872	12224
V	841940	12225
V	842010	12226
V	842081	12227
V	842151	12228
V	842221	12229
V	842291	12230
V	842361	12231
V	842431	12232
V	842501	12233
V	842570	12234
V	842641	12235
V	842708	12236
V	842778	12237
V	842849	12238
V	842916	12239
V	842986	12240
V	843056	12241
V	843126	12242
V	843195	12243
V	843265	12244
V	843335	12245
V	843406	12246
V	843477	12247
V	843547	12248
V	843618	12249
V	843686	12250
V	843756	12251
V	843822	12252
V	843892	12253
V	843962	12254
V	844032	12255
V	844102	12256
V	844170	12257
V	844241	12258
V	844311	12259
V	844381	12260
V	844449	12261
V	844519	12262
V	844588	12263
V	844658	12264
V	844728	12265
V	844798	12266
V	844868	12267
V	844939	12268
V	845009	12269
V	845079	12270
V	845149	12271
V	845217	12272
V	845287	12273
V	845357	12274
V	845427	12275
V	845496	12276
V	845566	12277
V	845636	12278
V	845707	12279
V	845777	12280
V	845847	12281
V	845918	12282
V	845986	12283
V	846056	12284
V	846125	12285
V	846195	12286
V	846265	12287
V	846335	12288
V	846405	12289
V	846476	12290
V	846546	12291
V	846616	12292
V	846687	12293
V	846755	12294
V	846824	12295
V	846893	12296
V	846962	12297
V	847031	12298
V	847101	12299
V	847171	12300
V	847242	12301
V	847312	12302
V	847382	12303
V	847453	12304
V	847521	12305
V	847591	12306
V	847660	12307
V	847730	12308
V	847800	12309
V	847870	12310
V	847940	12311
V	848011	12312
V	848080	12313
V	848149	12314
V	848220	12315
V	848288	12316
V	848358	12317
V	848425	12318
V	848495	12319
V	848565	12320
V	848635	12321
V	848705	12322
V	848775	12323
V	848845	12324
V	848915	12325
V	848986	12326
V	849053	12327
V	849123	12328
V	849189	12329
V	849259	12330
V	849329	12331
V	849399	12332
V	849469	12333
V	849540	12334
V	849610	12335
V	849680	12336
V	849752	12337
V	849820	12338
V	849890	12339
V	849959	12340
V	850029	12341
V	850099	12342
V	850169	12343
V	850239	12344
V	850310	12345
V	850380	12346
V	850450	12347
V	850523	12348
V	850591	12349
V	850661	12350
V	850729	12351
V	850799	12352
V	850869	12353
V	850939	12354
V	851008	12355
V	851079	12356
V	851149	12357
V	851219	12358
V	851290	12359
V	851358	12360
V	851428	12361
V	851497	12362
V	851566	12363
V	851636	12364
V	851706	12365
V	851775	12366
V	851846	12367
V	851917	12368
V	851987	12369
V	852058	12370
V	852126	12371
V	852196	12372
V	852266	12373
V	852336	12374
V	852405	12375
V	852475	12376
V	852545	12377
V	852615	12378
V	852685	12379
V	852754	12380
V	852825	12381
V	852893	12382
V	852963	12383
V	853032	12384
V	853102	12385
V	853172	12386
V	853242	12387
V	853312	12388
V	853381	12389
V	853451	12390
V	853521	12391
V	853591	12392
V	853659	12393
V	853729	12394
V	853798	12395
V	853866	12396
V	853936	12397
V	854006	12398
V	854076	12399
V	854147	12400
V	854217	12401
V	854287	12402
V	854358	12403
V	854426	12404
V	854495	12405
V	854563	12406
V	854633	12407
V	854703	12408
V	854773	12409
V	854843	12410
V	854914	12411
V	854984	12412
V	855054	12413
V	855125	12414
V	855193	12415
V	855262	12416
V	855331	12417
V	855401	12418
V	855470	12419
V	855540	12420
V	855610	12421
V	855681	12422
V	855751	12423
V	855821	12424
V	855892	12425
V	855960	12426
V	856030	12427
V	856099	12428
V	856169	12429
V	856239	12430
V	856309	12431
V	856379	12432
V	856450	12433
V	856521	12434
V	856591	12435
V	856662	12436
V	856732	12437
V	856802	12438
V	856872	12439
V	856942	12440
V	857012	12441
V	857082	12442
V	857152	12443
V	857222	12444
V	857292	12445
V	857362	12446
V	857432	12447
V	857502	12448
V	857572	12449
V	857642	12450
V	857712	12451
V	857782	12452
V	857852	12453
V	857922	12454
V	857992	12455
V	858062	12456
V	858132	12457
V	858202	12458
V	858272	12459
V	858342	12460
V	858412	12461
V	858482	12462
V	858552	12463
V	858622	12464
V	858692	12465
V	858762	12466
V	858832	12467
V	858902	12468
V	858972	12469
V	859042	12470
V	859112	12471
V	859182	12472
V	859252	12473
V	859322	12474
V	859392	12475
V	859462	12476
V	859532	12477
V	859602	12478
V	859672	12479
V	859742	12480
V	859812	12481
V	859882	12482
V	859952	12483
V	860022	12484
V	860092	12485
V	860162	12486
V	860232	12487
V	860302	12488
V	860372	12489
V	860442	12490
V	860512	12491
V	860582	12492
V	860652	12493
V	860722	12494
V	860792	12495
V	860862	12496
V	860932	12497
V	861002	12498
V	861072	12499
V	861142	12500
V	861212	12501
V	861282	12502
V	861352	12503
V	861422	12504
V	861492	12505
V	861562	12506
V	861632	12507
V	861702	12508
V	861772	12509
V	861842	12510
V	861912	12511
V	861982	12512
V	862052	12513
V	862122	12514
V	862192	12515
V	862262	12516
V	862332	12517
V	862402	12518
V	862472	12519
V	862542	12520
V	862612	12521
V	862682	12522
V	862752	12523
V	862822	12524
V	862892	12525
V	862962	12526
V	863032	12527
V	863102	12528
V	863172	12529
V	863242	12530
V	863312	12531
V	863382	12532
V	863452	12533
V	863522	12534
V	863592	12535
V	863662	12536
V	863732	12537
V	863802	12538
V	863872	12539
V	863942	12540
V	864012	12541
V	864082	12542
V	864152	12543
V	864222	12544
V	864292	12545
V	864362	12546
V	864432	12547
V	864502	12548
V	864572	12549
V	864642	12550
V	864712	12551
V	864782	12552
V	864852	12553
V	864922	12554
V	864992	12555
V	865062	12556
V	865132	12557
V	865202	12558
V	865272	12559
V	865342	12560
V	865412	12561
V	865482	12562
V	865552	12563
V	865622	12564
V	865692	12565
V	865762	12566
V	865832	12567
V	865902	12568
V	865972	12569
V	866042	12570
V	866112	12571
V	866182	12572
V	866252	12573
V	866322	12574
V	866392	12575
V	866462	12576
V	866532	12577
V	866602	12578
V	866672	12579
V	866742	12580
V	866812	12581
V	866882	12582
V	866952	12583
V	867022	12584
V	867092	12585
V	867162	12586
V	867232	12587
V	867302	12588
V	867372	12589
V	867442	12590
V	867512	12591
V	867582	12592
V	867652	12593
V	867722	12594
V	867792	12595
V	867862	12596
V	867932	12597
V	868002	12598
V	868072	12599
V	868142	12600
V	868212	12601
V	868282	12602
V	868352	12603
V	868422	12604
V	868492	12605
V	868562	12606
V	868632	12607
V	868702	12608
V	868772	12609
V	868842	12610
V	868912	12611
V	868982	12612
V	869052	12613
V	869122	12614
V	869192	12615
V	869262	12616
V	869332	12617
V	869402	12618
V	869472	12619
V	869542	12620
V	869612	12621
V	869682	12622
V	869752	12623
V	869822	12624
V	869892	12625
V	869962	12626
V	870032	12627
V	870102	12628
V	870172	12629
V	870242	12630
V	870312	12631
V	870382	12632
V	870452	12633
V	870522	12634
V	870592	12635
V	870662	12636
V	870732	12637
V	870802	12638
V	870872	12639
V	870942	12640
V	871012	12641
V	871082	12642
V	871152	12643
V	871222	12644
V	871292	12645
V	871362	12646
V	871432	12647
V	871502	12648
V	871572	12649
V	871642	12650
V	871712	12651
V	871782	12652
V	871852	12653
V	871922	12654
V	871992	12655
V	872062	12656
V	872132	12657
V	872202	12658
V	872272	12659
V	872342	12660
V	872412	12661
V	872482	12662
V	872552	12663
V	872622	12664
V	872692	12665
V	872762	12666
V	872832	12667
V	872902	12668
V	872972	12669
V	873042	12670
V	873112	12671
V	873182	12672
V	873252	12673
V	873322	12674
V	873392	12675
V	873462	12676
V	873532	12677
V	873602	12678
V	873672	12679
V	873742	12680
V	873812	12681
V	873882	12682
V	873952	12683
V	874022	12684
V	874092	12685
V	874162	12686
V	874232	12687
V	874302	12688
V	874372	12689
V	874442	12690
V	874512	12691
V	874582	12692
V	874652	12693
V	874722	12694
V	874792	12695
V	874862	12696
V	874932	12697
V	875002	12698
V	875072	12699
V	875142	12700
V	875212	12701
V	875282	12702
V	875352	12703
V	875422	12704
V	875492	12705
V	875562	12706
V	875632	12707
V	875702	12708
V	875772	12709
V	875842	12710
V	875912	12711
V	875982	12712
V	876052	12713
V	876122	12714
V	876192	12715
V	876262	12716
V	876332	12717
V	876402	12718
V	876472	12719
V	876542	12720
V	876612	12721
V	876682	12722
V	876752	12723
V	876822	12724
V	876892	12725
V	876962	12726
V	877032	12727
V	877102	12728
V	877172	12729
V	877242	12730
V	877312	12731
V	877382	12732
V	877452	12733
V	877522	12734
V	877592	12735
V	877662	12736
V	877732	12737
V	877802	12738
V	877872	12739
V	877942	12740
V	878012	12741
V	878082	12742
V	878152	12743
V	878222	12744
V	878292	12745
V	878362	12746
V	878432	12747
V	878502	12748
V	878572	12749
V	878642	12750
V	878712	12751
V	878782	12752
V	878852	12753
V	878922	12754
V	878992	12755
V	879062	12756
V	879132	12757
V	879202	12758
V	879272	12759
V	879342	12760
V	879412	12761
V	879482	12762
V	879552	12763
V	879622	12764
V	879692	12765
V	879762	12766
V	879832	12767
V	879902	12768
V	879972	12769
V	880042	12770
V	880112	12771
V	880182	12772
V	880252	12773
V	880322	12774
V	880392	12775
V	880462	12776
V	880532	12777
V	880602	12778
V	880672	12779
V	880742	12780
V	880812	12781
V	880882	12782
V	880952	12783
V	881022	12784
V	881092	12785
V	881162	12786
V	881232	12787
V	881302	12788
V	881372	12789
V	881442	12790
V	881512	12791
V	881582	12792
V	881652	12793
V	881722	12794
V	881792	12795
V	881862	12796
V	881932	12797
V	882002	12798
V	882072	12799
V	882142	12800
V	882212	12801
V	882282	12802
V	882352	12803
V	882422	12804
V	882492	12805
V	882562	12806
V	882632	12807
V	882702	12808
V	882772	12809
V	882842	12810
V	882912	12811
V	882982	12812
V	883052	12813
V	883122	12814
V	883192	12815
V	883262	12816
V	883332	12817
V	883402	12818
V	883472	12819
V	883542	12820
V	883612	12821
V	883682	12822
V	883752	12823
V	883822	12824
V	883892	12825
V	883962	12826
V	884032	12827
V	884102	12828
V	884172	12829
V	884242	12830
V	884312	12831
V	884382	12832
V	884452	12833
V	884522	12834
V	884592	12835
V	884662	12836
V	884732	12837
V	884802	12838
V	884872	12839
V	884942	12840
V	885012	12841
V	885082	12842
V	885152	12843
V	885222	12844
V	885292	12845
V	885362	12846
V	885432	12847
V	885502	12848
V	885572	12849
V	885642	12850
V	885712	12851
V	885782	12852
V	885852	12853
V	885922	12854
V	885992	12855
V	886062	12856
V	886132	12857
V	886202	12858
V	886272	12859
V	886342	12860
V	886412	12861
V	886482	12862
V	886552	12863
V	886622	12864
V	886692	12865
V	886762	12866
V	886832	12867
V	886902	12868
V	886972	12869
V	887042	12870
V	887112	12871
V	887182	12872
V	887252	12873
V	887322	12874
V	887392	12875
V	887462	12876
V	887532	12877
V	887602	12878
V	887672	12879
V	887742	12880
V	887812	12881
V	887882	12882
V	887952	12883
V	888022	12884
V	888092	12885
V	888162	12886
V	888232	12887
V	888302	12888
V	888372	12889
V	888442	12890
V	888512	12891
V	888582	12892
V	888652	12893
V	888722	12894
V	888792	12895
V	888862	12896
V	888932	12897
V	889002	12898
V	889072	12899
V	889142	12900
V	889212	12901
V	889282	12902
V	889352	12903
V	889422	12904
V	889492	12905
V	889562	12906
V	889632	12907
V	889702	12908
V	889772	12909
V	889842	12910
V	889912	12911
V	889982	12912
V	890052	12913
V	890122	12914
V	890192	12915
V	890262	12916
V	890332	12917
V	890402	12918
V	890472	12919
V	890542	12920
V	890612	12921
V	890682	12922
V	890752	12923
V	890822	12924
V	890892	12925
V	890962	12926
V	891032	12927
V	891102	12928
V	891172	12929
V	891242	12930
V	891312	12931
V	891382	12932
V	891452	12933
V	891522	12934
V	891592	12935
V	891662	12936
V	891732	12937
V	891802	12938
V	891872	12939
V	891942	12940
V	892012	12941
V	892082	12942
V	892152	12943
V	892222	12944
V	892292	12945
V	892362	12946
V	892432	12947
V	892502	12948
V	892572	12949
V	892642	12950
V	892712	12951
V	892782	12952
V	892852	12953
V	892922	12954
V	892992	12955
V	893062	12956
V	893132	12957
V	893202	12958
V	893272	12959
V	893342	12960
V	893412	12961
V	893482	12962
V	893552	12963
V	893622	12964
V	893692	12965
V	893762	12966
V	893832	12967
V	893902	12968
V	893972	12969
V	894042	12970
V	894112	12971
V	894182	12972
V	894252	12973
V	894322	12974
V	894392	12975
V	894462	12976
V	894532	12977
V	894602	12978
V	894672	12979
V	894742	12980
V	894812	12981
V	894882	12982
V	894952	12983
V	895022	12984
V	895092	12985
V	895162	12986
V	895232	12987
V	895302	12988
V	895372	12989
V	895442	12990
V	895512	12991
V	895582	12992
V	895652	12993
V	895722	12994
V	895792	12995
V	895862	12996
V	895932	12997
V	896002	12998
V	896072	12999
V	896142	13000
V	896212	13001
V	896282	13002
V	896352	13003
V	896422	13004
V	896492	13005
V	896562	13006
V	896632	13007
V	896702	13008
V	896772	13009
V	896842	13010
V	896912	13011
V	896982	13012
V	897052	13013
V	897122	13014
V	897192	13015
V	897262	13016
V	897332	13017
V	897402	13018
V	897472	13019
V	897542	13020
V	897612	13021
V	897682	13022
V	897752	13023
V	897822	13024
V	897892	13025
V	897962	13026
V	898032	13027
V	898102	13028
V	898172	13029
V	898242	13030
V	898312	13031
V	898382	13032
V	898452	13033
V	898522	13034
V	898592	13035
V	898662	13036
V	898732	13037
V	898802	13038
V	898872	13039
V	898942	13040
V	899012	13041
V	899082	13042
V	899152	13043
V	899222	13044
V	899292	13045
V	899362	13046
V	899432	13047
V	899502	13048
V	899572	13049
V	899642	13050
V	899712	13051
V	899782	13052
V	899852	13053
V	899922	13054
V	899992	13055
V	900062	13056
V	900132	13057
V	900202	13058
V	900272	13059
V	900342	13060
V	900412	13061
V	900482	13062
V	900552	13063
V	900622	13064
V	900692	13065
V	900762	13066
V	900832	13067
V	900902	13068
V	900972	13069
V	901042	13070
V	901112	13071
V	901182	13072
V	901252	13073
V	901322	13074
V	901392	13075
V	901462	13076
V	901532	13077
V	901602	13078
V	901672	13079
V	901742	13080
V	901812	13081
V	901882	13082
V	901952	13083
V	902022	13084
V	902092	13085
V	902162	13086
V	902232	13087
V	902302	13088
V	902372	13089
V	902442	13090
V	902512	13091
V	902582	13092
V	902652	13093
V	902722	13094
V	902792	13095
V	902862	13096
V	902932	13097
V	903002	13098
V	903072	13099
V	903142	13100
V	903212	13101
V	903282	13102
V	903352	13103
V	903422	13104
V	903492	13105
V	903562	13106
V	903632	13107
V	903702	13108
V	903772	13109
V	903842	13110
V	903912	13111
V	903982	13112
V	904052	13113
V	904122	13114
V	904192	13115
V	904262	13116
V	904332	13117
V	904402	13118
V	904472	13119
V	904542	13120
V	904612	13121
V	904682	13122
V	904752	13123
V	904822	13124
V	904892	13125
V	904962	13126
V	905032	13127
V	905102	13128
V	905172	13129
V	905242	13130
V	905312	13131
V	905382	13132
V	905452	13133
V	905522	13134
V	905592	13135
V	905662	13136
V	905732	13137
V	905802	13138
V	905872	13139
V	905942	13140
V	906012	13141
V	906082	13142
V	906152	13143
V	906222	13144
V	906292	13145
V	906362	13146
V	906432	13147
V	906502	13148
V	906572	13149
V	906642	13150
V	906712	13151
V	906782	13152
V	906852	13153
V	906922	13154
V	906992	13155
V	907062	13156
V	907132	13157
V	907202	13158
V	907272	13159
V	907342	13160
V	907412	13161
V	907482	13162
V	907552	13163
V	907622	13164
V	907692	13165
V	907762	13166
V	907832	13167
V	907902	13168
V	907972	13169
V	908042	13170
V	908112	13171
V	908182	13172
V	908252	13173
V	908322	13174
V	908392	13175
V	908462	13176
V	908532	13177
V	908602	13178
V	908672	13179
V	908742	13180
V	908812	13181
V	908882	13182
V	908952	13183
V	909022	13184
V	909092	13185
V	909162	13186
V	909232	13187
V	909302	13188
V	909372	13189
V	909442	13190
V	909512	13191
V	909582	13192
V	909652	13193
V	909722	13194
V	909792	13195
V	909862	13196
V	909932	13197
V	910002	13198
V	910072	13199
V	910142	13200
V	910212	13201
V	910282	13202
V	910352	13203
V	910422	13204
V	910492	13205
V	910562	13206
V	910632	13207
V	910702	13208
V	910772	13209
V	910842	13210
V	910912	13211
V	910982	13212
V	911052	13213
V	911122	13214
V	911192	13215
V	911262	13216
V	911332	13217
V	911402	13218
V	911472	13219
V	911542	13220
V	911612	13221
V	911682	13222
V	911752	13223
V	911822	13224
V	911892	13225
V	911962	13226
V	912032	13227
V	912102	13228
V	912172	13229
V	912242	13230
V	912312	13231
V	912382	13232
V	912452	13233
V	912522	13234
V	912592	13235
V	912662	13236
V	912732	13237
V	912802	13238
V	912872	13239
V	912942	13240
V	913012	13241
V	913082	13242
V	913152	13243
V	913222	13244
V	913292	13245
V	913362	13246
V	913432	13247
V	913502	13248
V	913572	13249
V	913642	13250
V	913712	13251
V	913782	13252
V	913852	13253
V	913922	13254
V	913992	13255
V	914062	13256
V	914132	13257
V	914202	13258
V	914272	13259
V	914342	13260
V	914412	13261
V	914482	13262
V	914552	13263
V	914622	13264
V	914692	13265
V	914762	13266
V	914832	13267
V	914902	13268
V	914972	13269
V	915042	13270
V	915112	13271
V	915182	13272
V	915252	13273
V	915322	13274
V	915392	13275
V	915462	13276
V	915532	13277
V	915602	13278
V	915672	13279
V	915742	13280
V	915812	13281
V	915882	13282
V	915952	13283
V	916022	13284
V	916092	13285
V	916162	13286
V	916232	13287
V	916302	13288
V	916372	13289
V	916442	13290
V	916512	13291
V	916582	13292
V	916652	13293
V	916722	13294
V	916792	13295
V	916862	13296
V	916932	13297
V	917002	13298
V	917072	13299
V	917142	13300
V	917212	13301
V	917282	13302
V	917352	13303
V	917422	13304
V	917492	13305
V	917562	13306
V	917632	13307
V	917702	13308
V	917772	13309
V	917842	13310
V	917912	13311
V	917982	13312
V	918052	13313
V	918122	13314
V	918192	13315
V	918262	13316
V	918332	13317
V	918402	13318
V	918472	13319
V	918542	13320
V	918612	13321
V	918682	13322
V	918752	13323
V	918822	13324
V	918892	13325
V	918962	13326
V	919032	13327
V	919102	13328
V	919172	13329
V	919242	13330
V	919312	13331
V	919382	13332
V	919452	13333
V	919522	13334
V	919592	13335
V	919662	13336
V	919732	13337
V	919802	13338
V	919872	13339
V	919942	13340
V	920012	13341
V	920082	13342
V	920152	13343
V	920222	13344
V	920292	13345
V	920362	13346
V	920432	13347
V	920502	13348
V	920572	13349
V	920642	13350
V	920712	13351
V	920782	13352
V	920852	13353
V	920922	13354
V	920992	13355
V	921062	13356
V	921132	13357
V	921202	13358
V	921272	13359
V	921342	13360
V	921412	13361
V	921482	13362
V	921552	13363
V	921622	13364
V	921692	13365
V	921762	13366
V	921832	13367
V	921902	13368
V	921972	13369
V	922042	13370
V	922112	13371
V	922182	13372
V	922252	13373
V	922322	13374
V	922392	13375
V	922462	13376
V	922532	13377
V	922602	13378
V	922672	13379
V	922742	13380
V	922812	13381
V	922882	13382
V	922952	13383
V	923022	13384
V	923092	13385
V	923162	13386
V	923232	13387
V	923302	13388
V	923372	13389
V	923442	13390
V	923512	13391
V	923582	13392
V	923652	13393
V	923722	13394
V	923792	13395
V	923862	13396
V	923932	13397
V	924002	13398
V	924072	13399
V	924142	13400
V	924212	13401
V	924282	13402
V	924352	13403
V	924422	13404
V	924492	13405
V	924562	13406
V	924632	13407
V	924702	13408
V	924772	13409
V	924842	13410
V	924912	13411
V	924982	13412
V	925052	13413
V	925122	13414
V	925192	13415
V	925262	13416
V	925332	13417
V	925402	13418
V	925472	13419
V	925542	13420
V	925612	13421
V	925682	13422
V	925752	13423
V	925822	13424
V	925892	13425
V	925962	13426
V	926032	13427
V	926102	13428
V	926172	13429
V	926242	13430
V	926312	13431
V	926382	13432
V	926452	13433
V	926522	13434
V	926592	13435
V	926662	13436
V	926732	13437
V	926802	13438
V	926872	13439
V	926942	13440
V	927012	13441
V	927082	13442
V	927152	13443
V	927222	13444
V	927292	13445
V	927362	13446
V	927432	13447
V	927502	13448
V	927572	13449
V	927642	13450
V	927712	13451
V	927782	13452
V	927852	13453
V	927922	13454
V	927992	13455
V	928062	13456
V	928132	13457
V	928202	13458
V	928272	13459
V	928342	13460
V	928412	13461
V	928482	13462
V	928552	13463
V	928622	13464
V	928692	13465
V	928762	13466
V	928832	13467
V	928902	13468
V	928972	13469
V	929042	13470
V	929112	13471
V	929182	13472
V	929252	13473
V	929322	13474
V	929392	13475
V	929462	13476
V	929532	13477
V	929602	13478
V	929672	13479
V	929742	13480
V	929812	13481
V	929882	13482
V	929952	13483
V	930022	13484
V	930092	13485
V	930162	13486
V	930232	13487
V	930302	13488
V	930372	13489
V	930442	13490
V	930512	13491
V	930582	13492
V	930652	13493
V	930722	13494
V	930792	13495
V	930862	13496
V	930932	13497
V	931002	13498
V	931072	13499
V	931142	13500
V	931212	13501
V	931282	13502
V	931352	13503
V	931422	13504
V	931492	13505
V	931562	13506
V	931632	13507
V	931702	13508
V	931772	13509
V	931842	13510
V	931912	13511
V	931982	13512
V	932052	13513
V	932122	13514
V	932192	13515
V	932262	13516
V	932332	13517
V	932402	13518
V	932472	13519
V	932542	13520
V	932612	13521
V	932682	13522
V	932752	13523
V	932822	13524
V	932892	13525
V	932962	13526
V	933032	13527
V	933102	13528
V	933172	13529
V	933242	13530
V	933312	13531
V	933382	13532