\P\	Pos	CustomerID\
T	5	5
N	0	0
K	0	1
#		
V	219	1
V	310	2
V	402	3
V	493	4
V	584	5
V	676	6
V	767	7
V	858	8
V	950	9
V	1041	10
V	1133	11
V	1226	12
V	1318	13
V	1410	14
V	1503	15
V	1595	16
V	1688	17
V	1781	18
V	1874	19
V	1966	20
V	2059	21
V	2152	22
V	2244	23
V	2337	24
V	2430	25
V	2522	26
V	2615	27
V	2708	28
V	2800	29
V	2893	30
V	2986	31
V	3078	32
V	3171	33
V	3264	34
V	3357	35
V	3450	36
V	3543	37
V	3635	38
V	3728	39
V	3821	40
V	3913	41
V	4006	42
V	4099	43
V	4192	44
V	4285	45
V	4378	46
V	4471	47
V	4563	48
V	4656	49
V	4749	50
V	4841	51
V	4934	52
V	5028	53
V	5120	54
V	5213	55
V	5306	56
V	5398	57
V	5491	58
V	5584	59
V	5676	60
V	5769	61
V	5862	62
V	5954	63
V	6047	64
V	6140	65
V	6232	66
V	6324	67
V	6417	68
V	6509	69
V	6601	70
V	6695	71
V	6787	72
V	6879	73
V	6972	74
V	7064	75
V	7156	76
V	7249	77
V	7341	78
V	7433	79
V	7526	80
V	7618	81
V	7710	82
V	7803	83
V	7895	84
V	7987	85
V	8080	86
V	8172	87
V	8264	88
V	8358	89
V	8450	90
V	8542	91
V	8635	92
V	8727	93
V	8819	94
V	8912	95
V	9004	96
V	9097	97
V	9190	98
V	9282	99
V	9375	100
V	9469	101
V	9562	102
V	9656	103
V	9750	104
V	9843	105
V	9937	106
V	10032	107
V	10125	108
V	10219	109
V	10313	110
V	10407	111
V	10500	112
V	10594	113
V	10688	114
V	10781	115
V	10875	116
V	10969	117
V	11062	118
V	11156	119
V	11250	120
V	11343	121
V	11437	122
V	11531	123
V	11624	124
V	11719	125
V	11813	126
V	11906	127
V	12000	128
V	12094	129
V	12187	130
V	12281	131
V	12375	132
V	12468	133
V	12561	134
V	12655	135
V	12748	136
V	12841	137
V	12934	138
V	13027	139
V	13120	140
V	13213	141
V	13306	142
V	13400	143
V	13493	144
V	13586	145
V	13679	146
V	13772	147
V	13865	148
V	13958	149
V	14051	150
V	14144	151
V	14237	152
V	14330	153
V	14423	154
V	14516	155
V	14609	156
V	14702	157
V	14795	158
V	14888	159
V	14981	160
V	15075	161
V	15168	162
V	15261	163
V	15354	164
V	15447	165
V	15540	166
V	15633	167
V	15726	168
V	15819	169
V	15912	170
V	16005	171
V	16098	172
V	16191	173
V	16284	174
V	16377	175
V	16470	176
V	16563	177
V	16656	178
V	16750	179
V	16843	180
V	16936	181
V	17030	182
V	17123	183
V	17216	184
V	17310	185
V	17404	186
V	17497	187
V	17591	188
V	17685	189
V	17778	190
V	17872	191
V	17966	192
V	18059	193
V	18153	194
V	18247	195
V	18340	196
V	18435	197
V	18529	198
V	18622	199
V	18716	200
V	18810	201
V	18903	202
V	18997	203
V	19091	204
V	19184	205
V	19278	206
V	19372	207
V	19465	208
V	19559	209
V	19653	210
V	19746	211
V	19840	212
V	19934	213
V	20027	214
V	20122	215
V	20216	216
V	20309	217
V	20403	218
V	20497	219
V	20591	220
V	20684	221
V	20778	222
V	20872	223
V	20966	224
V	21060	225
V	21154	226
V	21248	227
V	21342	228
V	21436	229
V	21530	230
V	21624	231
V	21717	232
V	21812	233
V	21906	234
V	21999	235
V	22093	236
V	22187	237
V	22280	238
V	22374	239
V	22468	240
V	22562	241
V	22656	242
V	22750	243
V	22844	244
V	22938	245
V	23032	246
V	23126	247
V	23220	248
V	23314	249
V	23408	250
V	23503	251
V	23597	252
V	23691	253
V	23785	254
V	23878	255
V	23972	256
V	24066	257
V	24159	258
V	24253	259
V	24347	260
V	24440	261
V	24534	262
V	24628	263
V	24721	264
V	24815	265
V	24908	266
V	25001	267
V	25095	268
V	25189	269
V	25282	270
V	25376	271
V	25469	272
V	25562	273
V	25656	274
V	25749	275
V	25842	276
V	25936	277
V	26029	278
V	26122	279
V	26216	280
V	26309	281
V	26402	282
V	26496	283
V	26589	284
V	26682	285
V	26775	286
V	26869	287
V	26962	288
V	27055	289
V	27148	290
V	27241	291
V	27334	292
V	27427	293
V	27520	294
V	27613	295
V	27707	296
V	27800	297
V	27893	298
V	27987	299
V	28080	300
V	28173	301
V	28267	302
V	28360	303
V	28453	304
V	28548	305
V	28641	306
V	28734	307
V	28828	308
V	28921	309
V	29014	310
V	29108	311
V	29201	312
V	29294	313
V	29388	314
V	29481	315
V	29574	316
V	29668	317
V	29761	318
V	29854	319
V	29948	320
V	30041	321
V	30134	322
V	30229	323
V	30322	324
V	30416	325
V	30510	326
V	30603	327
V	30697	328
V	30791	329
V	30884	330
V	30977	331
V	31071	332
V	31164	333
V	31257	334
V	31351	335
V	31444	336
V	31537	337
V	31631	338
V	31724	339
V	31817	340
V	31912	341
V	32005	342
V	32098	343
V	32192	344
V	32285	345
V	32378	346
V	32472	347
V	32565	348
V	32658	349
V	32752	350
V	32845	351
V	32938	352
V	33032	353
V	33125	354
V	33218	355
V	33312	356
V	33405	357
V	33498	358
V	33593	359
V	33686	360
V	33779	361
V	33873	362
V	33966	363
V	34059	364
V	34153	365
V	34246	366
V	34339	367
V	34433	368
V	34526	369
V	34619	370
V	34713	371
V	34806	372
V	34900	373
V	34994	374
V	35087	375
V	35181	376
V	35276	377
V	35369	378
V	35463	379
V	35557	380
V	35650	381
V	35744	382
V	35838	383
V	35931	384
V	36025	385
V	36119	386
V	36212	387
V	36306	388
V	36400	389
V	36493	390
V	36587	391
V	36681	392
V	36774	393
V	36868	394
V	36963	395
V	37056	396
V	37150	397
V	37244	398
V	37337	399
V	37431	400
V	37525	401
V	37618	402
V	37711	403
V	37805	404
V	37898	405
V	37991	406
V	38085	407
V	38178	408
V	38271	409
V	38365	410
V	38458	411
V	38551	412
V	38646	413
V	38739	414
V	38832	415
V	38925	416
V	39018	417
V	39111	418
V	39204	419
V	39297	420
V	39390	421
V	39483	422
V	39577	423
V	39670	424
V	39763	425
V	39857	426
V	39950	427
V	40043	428
V	40137	429
V	40230	430
V	40324	431
V	40417	432
V	40510	433
V	40603	434
V	40696	435
V	40789	436
V	40882	437
V	40975	438
V	41068	439
V	41161	440
V	41254	441
V	41347	442
V	41440	443
V	41533	444
V	41626	445
V	41719	446
V	41813	447
V	41906	448
V	42000	449
V	42094	450
V	42187	451
V	42280	452
V	42374	453
V	42467	454
V	42560	455
V	42654	456
V	42747	457
V	42840	458
V	42934	459
V	43027	460
V	43120	461
V	43214	462
V	43307	463
V	43400	464
V	43494	465
V	43587	466
V	43681	467
V	43775	468
V	43868	469
V	43961	470
V	44055	471
V	44148	472
V	44241	473
V	44335	474
V	44428	475
V	44521	476
V	44615	477
V	44708	478
V	44802	479
V	44896	480
V	44989	481
V	45083	482
V	45177	483
V	45270	484
V	45365	485
V	45458	486
V	45551	487
V	45645	488
V	45738	489
V	45831	490
V	45925	491
V	46018	492
V	46111	493
V	46205	494
V	46298	495
V	46391	496
V	46485	497
V	46578	498
V	46671	499
V	46765	500
V	46858	501
V	46951	502
V	47046	503
V	47139	504
V	47232	505
V	47326	506
V	47419	507
V	47512	508
V	47606	509
V	47699	510
V	47792	511
V	47886	512
V	47979	513
V	48073	514
V	48166	515
V	48260	516
V	48354	517
V	48447	518
V	48541	519
V	48635	520
V	48729	521
V	48823	522
V	48917	523
V	49010	524
V	49104	525
V	49198	526
V	49291	527
V	49385	528
V	49479	529
V	49572	530
V	49666	531
V	49760	532
V	49853	533
V	49947	534
V	50041	535
V	50134	536
V	50228	537
V	50322	538
V	50416	539
V	50510	540
V	50604	541
V	50697	542
V	50791	543
V	50885	544
V	50978	545
V	51072	546
V	51166	547
V	51260	548
V	51353	549
V	51447	550
V	51541	551
V	51634	552
V	51728	553
V	51822	554
V	51915	555
V	52008	556
V	52103	557
V	52196	558
V	52289	559
V	52383	560
V	52476	561
V	52569	562
V	52663	563
V	52756	564
V	52849	565
V	52942	566
V	53035	567
V	53128	568
V	53222	569
V	53315	570
V	53408	571
V	53502	572
V	53595	573
V	53688	574
V	53783	575
V	53876	576
V	53969	577
V	54063	578
V	54156	579
V	54249	580
V	54343	581
V	54436	582
V	54529	583
V	54623	584
V	54716	585
V	54809	586
V	54903	587
V	54996	588
V	55089	589
V	55183	590
V	55276	591
V	55369	592
V	55464	593
V	55557	594
V	55650	595
V	55744	596
V	55837	597
V	55931	598
V	56025	599
V	56118	600
V	56212	601
V	56306	602
V	56399	603
V	56493	604
V	56587	605
V	56680	606
V	56774	607
V	56868	608
V	56961	609
V	57055	610
V	57149	611
V	57242	612
V	57336	613
V	57430	614
V	57523	615
V	57617	616
V	57711	617
V	57806	618
V	57900	619
V	57994	620
V	58088	621
V	58182	622
V	58276	623
V	58370	624
V	58464	625
V	58558	626
V	58652	627
V	58746	628
V	58840	629
V	58934	630
V	59028	631
V	59122	632
V	59216	633
V	59310	634
V	59404	635
V	59499	636
V	59593	637
V	59687	638
V	59781	639
V	59875	640
V	59969	641
V	60064	642
V	60158	643
V	60252	644
V	60346	645
V	60440	646
V	60534	647
V	60628	648
V	60722	649
V	60816	650
V	60910	651
V	61004	652
V	61098	653
V	61192	654
V	61286	655
V	61380	656
V	61474	657
V	61568	658
V	61662	659
V	61757	660
V	61851	661
V	61945	662
V	62039	663
V	62132	664
V	62226	665
V	62321	666
V	62414	667
V	62508	668
V	62602	669
V	62695	670
V	62789	671
V	62883	672
V	62976	673
V	63070	674
V	63164	675
V	63257	676
V	63351	677
V	63445	678
V	63538	679
V	63632	680
V	63726	681
V	63819	682
V	63913	683
V	64008	684
V	64101	685
V	64195	686
V	64289	687
V	64382	688
V	64476	689
V	64571	690
V	64664	691
V	64758	692
V	64851	693
V	64944	694
V	65038	695
V	65131	696
V	65224	697
V	65318	698
V	65411	699
V	65504	700
V	65598	701
V	65691	11000
V	65788	11001
V	65884	11002
V	65981	11003
V	66078	11004
V	66175	11005
V	66271	11006
V	66367	11007
V	66463	11008
V	66560	11009
V	66657	11010
V	66753	11011
V	66850	11012
V	66947	11013
V	67044	11014
V	67140	11015
V	67237	11016
V	67333	11017
V	67429	11018
V	67525	11019
V	67621	11020
V	67718	11021
V	67815	11022
V	67911	11023
V	68007	11024
V	68104	11025
V	68201	11026
V	68297	11027
V	68393	11028
V	68490	11029
V	68587	11030
V	68684	11031
V	68781	11032
V	68878	11033
V	68974	11034
V	69070	11035
V	69167	11036
V	69264	11037
V	69361	11038
V	69458	11039
V	69555	11040
V	69652	11041
V	69748	11042
V	69845	11043
V	69941	11044
V	70037	11045
V	70133	11046
V	70230	11047
V	70327	11048
V	70424	11049
V	70520	11050
V	70617	11051
V	70714	11052
V	70811	11053
V	70907	11054
V	71003	11055
V	71099	11056
V	71195	11057
V	71292	11058
V	71389	11059
V	71485	11060
V	71582	11061
V	71679	11062
V	71775	11063
V	71871	11064
V	71968	11065
V	72064	11066
V	72161	11067
V	72258	11068
V	72354	11069
V	72451	11070
V	72548	11071
V	72645	11072
V	72742	11073
V	72839	11074
V	72935	11075
V	73032	11076
V	73128	11077
V	73225	11078
V	73322	11079
V	73419	11080
V	73516	11081
V	73613	11082
V	73709	11083
V	73806	11084
V	73902	11085
V	73999	11086
V	74096	11087
V	74193	11088
V	74290	11089
V	74386	11090
V	74483	11091
V	74579	11092
V	74675	11093
V	74771	11094
V	74867	11095
V	74964	11096
V	75060	11097
V	75157	11098
V	75253	11099
V	75349	11100
V	75445	11101
V	75542	11102
V	75638	11103
V	75734	11104
V	75830	11105
V	75927	11106
V	76023	11107
V	76119	11108
V	76216	11109
V	76313	11110
V	76410	11111
V	76507	11112
V	76604	11113
V	76701	11114
V	76798	11115
V	76894	11116
V	76991	11117
V	77088	11118
V	77184	11119
V	77281	11120
V	77377	11121
V	77474	11122
V	77571	11123
V	77668	11124
V	77765	11125
V	77862	11126
V	77959	11127
V	78055	11128
V	78152	11129
V	78249	11130
V	78345	11131
V	78441	11132
V	78537	11133
V	78633	11134
V	78730	11135
V	78826	11136
V	78923	11137
V	79020	11138
V	79117	11139
V	79214	11140
V	79311	11141
V	79408	11142
V	79505	11143
V	79601	11144
V	79697	11145
V	79794	11146
V	79890	11147
V	79986	11148
V	80083	11149
V	80179	11150
V	80276	11151
V	80373	11152
V	80470	11153
V	80566	11154
V	80663	11155
V	80760	11156
V	80856	11157
V	80953	11158
V	81050	11159
V	81147	11160
V	81243	11161
V	81340	11162
V	81437	11163
V	81533	11164
V	81630	11165
V	81726	11166
V	81823	11167
V	81920	11168
V	82017	11169
V	82114	11170
V	82210	11171
V	82307	11172
V	82404	11173
V	82501	11174
V	82598	11175
V	82694	11176
V	82791	11177
V	82887	11178
V	82984	11179
V	83081	11180
V	83178	11181
V	83274	11182
V	83370	11183
V	83467	11184
V	83564	11185
V	83661	11186
V	83758	11187
V	83855	11188
V	83951	11189
V	84048	11190
V	84145	11191
V	84242	11192
V	84339	11193
V	84436	11194
V	84532	11195
V	84629	11196
V	84725	11197
V	84821	11198
V	84917	11199
V	85013	11200
V	85109	11201
V	85205	11202
V	85301	11203
V	85397	11204
V	85494	11205
V	85591	11206
V	85688	11207
V	85784	11208
V	85880	11209
V	85976	11210
V	86073	11211
V	86170	11212
V	86266	11213
V	86362	11214
V	86458	11215
V	86554	11216
V	86651	11217
V	86748	11218
V	86845	11219
V	86942	11220
V	87038	11221
V	87134	11222
V	87230	11223
V	87326	11224
V	87422	11225
V	87519	11226
V	87615	11227
V	87712	11228
V	87809	11229
V	87906	11230
V	88002	11231
V	88099	11232
V	88195	11233
V	88292	11234
V	88388	11235
V	88485	11236
V	88582	11237
V	88678	11238
V	88775	11239
V	88873	11240
V	88971	11241
V	89067	11242
V	89164	11243
V	89262	11244
V	89360	11245
V	89457	11246
V	89553	11247
V	89650	11248
V	89747	11249
V	89843	11250
V	89940	11251
V	90037	11252
V	90134	11253
V	90231	11254
V	90328	11255
V	90425	11256
V	90522	11257
V	90618	11258
V	90714	11259
V	90811	11260
V	90907	11261
V	91003	11262
V	91100	11263
V	91196	11264
V	91292	11265
V	91389	11266
V	91485	11267
V	91581	11268
V	91677	11269
V	91773	11270
V	91870	11271
V	91966	11272
V	92063	11273
V	92159	11274
V	92255	11275
V	92352	11276
V	92449	11277
V	92545	11278
V	92642	11279
V	92738	11280
V	92835	11281
V	92932	11282
V	93029	11283
V	93126	11284
V	93223	11285
V	93319	11286
V	93415	11287
V	93512	11288
V	93608	11289
V	93704	11290
V	93800	11291
V	93897	11292
V	93993	11293
V	94089	11294
V	94185	11295
V	94282	11296
V	94378	11297
V	94474	11298
V	94571	11299
V	94668	11300
V	94765	11301
V	94862	11302
V	94959	11303
V	95056	11304
V	95153	11305
V	95250	11306
V	95346	11307
V	95443	11308
V	95540	11309
V	95637	11310
V	95733	11311
V	95830	11312
V	95926	11313
V	96023	11314
V	96119	11315
V	96215	11316
V	96312	11317
V	96409	11318
V	96506	11319
V	96602	11320
V	96699	11321
V	96795	11322
V	96892	11323
V	96988	11324
V	97085	11325
V	97181	11326
V	97278	11327
V	97375	11328
V	97472	11329
V	97568	11330
V	97665	11331
V	97762	11332
V	97858	11333
V	97956	11334
V	98054	11335
V	98150	11336
V	98247	11337
V	98344	11338
V	98441	11339
V	98538	11340
V	98635	11341
V	98733	11342
V	98830	11343
V	98928	11344
V	99025	11345
V	99122	11346
V	99218	11347
V	99315	11348
V	99412	11349
V	99508	11350
V	99605	11351
V	99703	11352
V	99800	11353
V	99898	11354
V	99994	11355
V	100092	11356
V	100188	11357
V	100284	11358
V	100381	11359
V	100477	11360
V	100573	11361
V	100670	11362
V	100767	11363
V	100864	11364
V	100960	11365
V	101057	11366
V	101153	11367
V	101249	11368
V	101345	11369
V	101441	11370
V	101538	11371
V	101635	11372
V	101732	11373
V	101828	11374
V	101925	11375
V	102023	11376
V	102121	11377
V	102217	11378
V	102313	11379
V	102410	11380
V	102507	11381
V	102605	11382
V	102702	11383
V	102799	11384
V	102895	11385
V	102992	11386
V	103089	11387
V	103187	11388
V	103285	11389
V	103381	11390
V	103478	11391
V	103575	11392
V	103672	11393
V	103768	11394
V	103866	11395
V	103962	11396
V	104058	11397
V	104155	11398
V	104253	11399
V	104350	11400
V	104447	11401
V	104544	11402
V	104641	11403
V	104738	11404
V	104835	11405
V	104931	11406
V	105028	11407
V	105125	11408
V	105223	11409
V	105319	11410
V	105415	11411
V	105512	11412
V	105608	11413
V	105706	11414
V	105804	11415
V	105901	11416
V	105998	11417
V	106095	11418
V	106192	11419
V	106290	11420
V	106387	11421
V	106484	11422
V	106581	11423
V	106678	11424
V	106775	11425
V	106871	11426
V	106968	11427
V	107065	11428
V	107161	11429
V	107257	11430
V	107354	11431
V	107450	11432
V	107546	11433
V	107642	11434
V	107740	11435
V	107837	11436
V	107934	11437
V	108030	11438
V	108127	11439
V	108223	11440
V	108319	11441
V	108416	11442
V	108513	11443
V	108610	11444
V	108707	11445
V	108804	11446
V	108901	11447
V	108998	11448
V	109094	11449
V	109190	11450
V	109287	11451
V	109384	11452
V	109481	11453
V	109577	11454
V	109674	11455
V	109771	11456
V	109868	11457
V	109964	11458
V	110060	11459
V	110156	11460
V	110252	11461
V	110349	11462
V	110445	11463
V	110542	11464
V	110639	11465
V	110736	11466
V	110832	11467
V	110929	11468
V	111027	11469
V	111125	11470
V	111222	11471
V	111318	11472
V	111414	11473
V	111511	11474
V	111608	11475
V	111705	11476
V	111803	11477
V	111900	11478
V	111997	11479
V	112093	11480
V	112190	11481
V	112286	11482
V	112383	11483
V	112479	11484
V	112575	11485
V	112673	11486
V	112769	11487
V	112866	11488
V	112963	11489
V	113060	11490
V	113157	11491
V	113255	11492
V	113351	11493
V	113449	11494
V	113547	11495
V	113643	11496
V	113741	11497
V	113839	11498
V	113936	11499
V	114033	11500
V	114130	11501
V	114227	11502
V	114324	11503
V	114421	11504
V	114518	11505
V	114615	11506
V	114712	11507
V	114808	11508
V	114905	11509
V	115002	11510
V	115098	11511
V	115194	11512
V	115290	11513
V	115387	11514
V	115484	11515
V	115580	11516
V	115676	11517
V	115772	11518
V	115869	11519
V	115965	11520
V	116061	11521
V	116157	11522
V	116253	11523
V	116349	11524
V	116446	11525
V	116542	11526
V	116638	11527
V	116735	11528
V	116831	11529
V	116927	11530
V	117024	11531
V	117120	11532
V	117217	11533
V	117313	11534
V	117410	11535
V	117506	11536
V	117602	11537
V	117699	11538
V	117796	11539
V	117892	11540
V	117988	11541
V	118085	11542
V	118183	11543
V	118279	11544
V	118376	11545
V	118472	11546
V	118569	11547
V	118665	11548
V	118763	11549
V	118861	11550
V	118958	11551
V	119055	11552
V	119151	11553
V	119248	11554
V	119344	11555
V	119441	11556
V	119538	11557
V	119636	11558
V	119733	11559
V	119829	11560
V	119927	11561
V	120024	11562
V	120120	11563
V	120217	11564
V	120314	11565
V	120412	11566
V	120509	11567
V	120605	11568
V	120702	11569
V	120800	11570
V	120897	11571
V	120994	11572
V	121091	11573
V	121188	11574
V	121285	11575
V	121383	11576
V	121479	11577
V	121575	11578
V	121671	11579
V	121769	11580
V	121866	11581
V	121962	11582
V	122058	11583
V	122154	11584
V	122250	11585
V	122348	11586
V	122445	11587
V	122541	11588
V	122638	11589
V	122735	11590
V	122832	11591
V	122929	11592
V	123025	11593
V	123121	11594
V	123218	11595
V	123315	11596
V	123413	11597
V	123510	11598
V	123607	11599
V	123704	11600
V	123801	11601
V	123897	11602
V	123994	11603
V	124091	11604
V	124188	11605
V	124285	11606
V	124382	11607
V	124479	11608
V	124575	11609
V	124672	11610
V	124769	11611
V	124865	11612
V	124963	11613
V	125060	11614
V	125157	11615
V	125255	11616
V	125353	11617
V	125450	11618
V	125547	11619
V	125644	11620
V	125741	11621
V	125838	11622
V	125935	11623
V	126031	11624
V	126128	11625
V	126225	11626
V	126322	11627
V	126419	11628
V	126515	11629
V	126612	11630
V	126708	11631
V	126805	11632
V	126901	11633
V	126998	11634
V	127095	11635
V	127191	11636
V	127287	11637
V	127384	11638
V	127481	11639
V	127577	11640
V	127674	11641
V	127770	11642
V	127867	11643
V	127964	11644
V	128061	11645
V	128157	11646
V	128253	11647
V	128350	11648
V	128447	11649
V	128543	11650
V	128639	11651
V	128736	11652
V	128832	11653
V	128928	11654
V	129024	11655
V	129121	11656
V	129218	11657
V	129315	11658
V	129412	11659
V	129508	11660
V	129604	11661
V	129701	11662
V	129797	11663
V	129893	11664
V	129990	11665
V	130086	11666
V	130183	11667
V	130279	11668
V	130375	11669
V	130471	11670
V	130567	11671
V	130664	11672
V	130761	11673
V	130858	11674
V	130955	11675
V	131051	11676
V	131148	11677
V	131244	11678
V	131341	11679
V	131438	11680
V	131534	11681
V	131631	11682
V	131728	11683
V	131825	11684
V	131921	11685
V	132017	11686
V	132114	11687
V	132211	11688
V	132308	11689
V	132405	11690
V	132501	11691
V	132598	11692
V	132694	11693
V	132790	11694
V	132887	11695
V	132984	11696
V	133080	11697
V	133176	11698
V	133273	11699
V	133370	11700
V	133467	11701
V	133563	11702
V	133660	11703
V	133757	11704
V	133854	11705
V	133950	11706
V	134046	11707
V	134142	11708
V	134239	11709
V	134335	11710
V	134431	11711
V	134528	11712
V	134624	11713
V	134720	11714
V	134816	11715
V	134913	11716
V	135010	11717
V	135106	11718
V	135203	11719
V	135299	11720
V	135396	11721
V	135493	11722
V	135590	11723
V	135686	11724
V	135783	11725
V	135879	11726
V	135975	11727
V	136072	11728
V	136169	11729
V	136266	11730
V	136363	11731
V	136460	11732
V	136556	11733
V	136653	11734
V	136750	11735
V	136846	11736
V	136943	11737
V	137040	11738
V	137136	11739
V	137233	11740
V	137330	11741
V	137427	11742
V	137523	11743
V	137620	11744
V	137716	11745
V	137812	11746
V	137909	11747
V	138006	11748
V	138102	11749
V	138198	11750
V	138295	11751
V	138392	11752
V	138489	11753
V	138586	11754
V	138682	11755
V	138779	11756
V	138876	11757
V	138973	11758
V	139070	11759
V	139167	11760
V	139264	11761
V	139360	11762
V	139457	11763
V	139554	11764
V	139650	11765
V	139747	11766
V	139844	11767
V	139940	11768
V	140037	11769
V	140134	11770
V	140231	11771
V	140328	11772
V	140425	11773
V	140522	11774
V	140619	11775
V	140715	11776
V	140811	11777
V	140907	11778
V	141003	11779
V	141100	11780
V	141196	11781
V	141293	11782
V	141390	11783
V	141487	11784
V	141584	11785
V	141680	11786
V	141777	11787
V	141874	11788
V	141971	11789
V	142067	11790
V	142164	11791
V	142261	11792
V	142357	11793
V	142454	11794
V	142551	11795
V	142648	11796
V	142744	11797
V	142841	11798
V	142937	11799
V	143033	11800
V	143130	11801
V	143226	11802
V	143323	11803
V	143420	11804
V	143516	11805
V	143612	11806
V	143709	11807
V	143805	11808
V	143902	11809
V	143999	11810
V	144096	11811
V	144192	11812
V	144289	11813
V	144386	11814
V	144483	11815
V	144580	11816
V	144677	11817
V	144774	11818
V	144871	11819
V	144967	11820
V	145064	11821
V	145161	11822
V	145258	11823
V	145354	11824
V	145451	11825
V	145547	11826
V	145643	11827
V	145740	11828
V	145837	11829
V	145933	11830
V	146030	11831
V	146126	11832
V	146222	11833
V	146319	11834
V	146416	11835
V	146512	11836
V	146609	11837
V	146705	11838
V	146802	11839
V	146899	11840
V	146996	11841
V	147093	11842
V	147190	11843
V	147287	11844
V	147383	11845
V	147480	11846
V	147576	11847
V	147672	11848
V	147769	11849
V	147865	11850
V	147961	11851
V	148058	11852
V	148154	11853
V	148251	11854
V	148348	11855
V	148445	11856
V	148541	11857
V	148638	11858
V	148734	11859
V	148830	11860
V	148927	11861
V	149023	11862
V	149120	11863
V	149216	11864
V	149313	11865
V	149410	11866
V	149506	11867
V	149603	11868
V	149699	11869
V	149796	11870
V	149893	11871
V	149990	11872
V	150086	11873
V	150182	11874
V	150279	11875
V	150376	11876
V	150473	11877
V	150570	11878
V	150667	11879
V	150763	11880
V	150859	11881
V	150955	11882
V	151052	11883
V	151149	11884
V	151246	11885
V	151342	11886
V	151438	11887
V	151535	11888
V	151631	11889
V	151728	11890
V	151825	11891
V	151921	11892
V	152017	11893
V	152114	11894
V	152210	11895
V	152306	11896
V	152403	11897
V	152500	11898
V	152596	11899
V	152693	11900
V	152790	11901
V	152887	11902
V	152983	11903
V	153079	11904
V	153175	11905
V	153272	11906
V	153368	11907
V	153465	11908
V	153562	11909
V	153659	11910
V	153756	11911
V	153853	11912
V	153950	11913
V	154046	11914
V	154142	11915
V	154239	11916
V	154336	11917
V	154433	11918
V	154530	11919
V	154626	11920
V	154722	11921
V	154818	11922
V	154915	11923
V	155012	11924
V	155109	11925
V	155205	11926
V	155302	11927
V	155399	11928
V	155496	11929
V	155592	11930
V	155689	11931
V	155785	11932
V	155882	11933
V	155979	11934
V	156075	11935
V	156172	11936
V	156269	11937
V	156365	11938
V	156462	11939
V	156558	11940
V	156655	11941
V	156752	11942
V	156849	11943
V	156946	11944
V	157043	11945
V	157140	11946
V	157237	11947
V	157334	11948
V	157430	11949
V	157527	11950
V	157623	11951
V	157720	11952
V	157816	11953
V	157913	11954
V	158010	11955
V	158107	11956
V	158203	11957
V	158300	11958
V	158396	11959
V	158493	11960
V	158589	11961
V	158686	11962
V	158782	11963
V	158879	11964
V	158975	11965
V	159072	11966
V	159169	11967
V	159265	11968
V	159362	11969
V	159459	11970
V	159555	11971
V	159652	11972
V	159749	11973
V	159845	11974
V	159942	11975
V	160039	11976
V	160135	11977
V	160231	11978
V	160327	11979
V	160424	11980
V	160520	11981
V	160616	11982
V	160712	11983
V	160808	11984
V	160905	11985
V	161001	11986
V	161097	11987
V	161194	11988
V	161291	11989
V	161388	11990
V	161485	11991
V	161581	11992
V	161677	11993
V	161773	11994
V	161870	11995
V	161966	11996
V	162063	11997
V	162160	11998
V	162256	11999
V	162353	12000
V	162450	12001
V	162546	12002
V	162642	12003
V	162738	12004
V	162834	12005
V	162930	12006
V	163027	12007
V	163123	12008
V	163219	12009
V	163315	12010
V	163411	12011
V	163508	12012
V	163605	12013
V	163702	12014
V	163799	12015
V	163896	12016
V	163993	12017
V	164089	12018
V	164186	12019
V	164282	12020
V	164379	12021
V	164475	12022
V	164572	12023
V	164668	12024
V	164765	12025
V	164861	12026
V	164958	12027
V	165054	12028
V	165151	12029
V	165248	12030
V	165344	12031
V	165440	12032
V	165537	12033
V	165633	12034
V	165730	12035
V	165827	12036
V	165923	12037
V	166020	12038
V	166117	12039
V	166214	12040
V	166311	12041
V	166407	12042
V	166504	12043
V	166601	12044
V	166698	12045
V	166794	12046
V	166890	12047
V	166987	12048
V	167084	12049
V	167180	12050
V	167277	12051
V	167374	12052
V	167470	12053
V	167566	12054
V	167662	12055
V	167758	12056
V	167855	12057
V	167951	12058
V	168047	12059
V	168143	12060
V	168240	12061
V	168337	12062
V	168434	12063
V	168530	12064
V	168627	12065
V	168724	12066
V	168821	12067
V	168917	12068
V	169013	12069
V	169110	12070
V	169206	12071
V	169303	12072
V	169400	12073
V	169497	12074
V	169594	12075
V	169690	12076
V	169787	12077
V	169884	12078
V	169981	12079
V	170078	12080
V	170175	12081
V	170272	12082
V	170368	12083
V	170465	12084
V	170562	12085
V	170659	12086
V	170756	12087
V	170853	12088
V	170950	12089
V	171047	12090
V	171143	12091
V	171239	12092
V	171336	12093
V	171432	12094
V	171528	12095
V	171624	12096
V	171720	12097
V	171817	12098
V	171914	12099
V	172011	12100
V	172108	12101
V	172204	12102
V	172301	12103
V	172398	12104
V	172494	12105
V	172591	12106
V	172688	12107
V	172784	12108
V	172881	12109
V	172978	12110
V	173074	12111
V	173170	12112
V	173266	12113
V	173362	12114
V	173459	12115
V	173556	12116
V	173652	12117
V	173748	12118
V	173845	12119
V	173942	12120
V	174039	12121
V	174136	12122
V	174233	12123
V	174331	12124
V	174428	12125
V	174525	12126
V	174622	12127
V	174719	12128
V	174816	12129
V	174913	12130
V	175009	12131
V	175106	12132
V	175203	12133
V	175301	12134
V	175399	12135
V	175495	12136
V	175591	12137
V	175688	12138
V	175785	12139
V	175881	12140
V	175978	12141
V	176075	12142
V	176171	12143
V	176268	12144
V	176364	12145
V	176460	12146
V	176556	12147
V	176652	12148
V	176748	12149
V	176845	12150
V	176941	12151
V	177038	12152
V	177135	12153
V	177232	12154
V	177329	12155
V	177426	12156
V	177522	12157
V	177619	12158
V	177716	12159
V	177813	12160
V	177910	12161
V	178006	12162
V	178103	12163
V	178199	12164
V	178295	12165
V	178391	12166
V	178488	12167
V	178585	12168
V	178682	12169
V	178778	12170
V	178874	12171
V	178971	12172
V	179068	12173
V	179164	12174
V	179260	12175
V	179356	12176
V	179453	12177
V	179550	12178
V	179646	12179
V	179743	12180
V	179840	12181
V	179936	12182
V	180032	12183
V	180129	12184
V	180226	12185
V	180323	12186
V	180419	12187
V	180516	12188
V	180613	12189
V	180710	12190
V	180806	12191
V	180902	12192
V	180998	12193
V	181094	12194
V	181191	12195
V	181287	12196
V	181384	12197
V	181481	12198
V	181578	12199
V	181674	12200
V	181771	12201
V	181867	12202
V	181964	12203
V	182060	12204
V	182157	12205
V	182254	12206
V	182350	12207
V	182447	12208
V	182543	12209
V	182639	12210
V	182737	12211
V	182834	12212
V	182930	12213
V	183027	12214
V	183125	12215
V	183222	12216
V	183320	12217
V	183417	12218
V	183514	12219
V	183610	12220
V	183706	12221
V	183803	12222
V	183901	12223
V	183998	12224
V	184096	12225
V	184193	12226
V	184289	12227
V	184387	12228
V	184483	12229
V	184580	12230
V	184677	12231
V	184773	12232
V	184870	12233
V	184968	12234
V	185064	12235
V	185161	12236
V	185258	12237
V	185354	12238
V	185451	12239
V	185548	12240
V	185645	12241
V	185741	12242
V	185837	12243
V	185934	12244
V	186031	12245
V	186128	12246
V	186225	12247
V	186322	12248
V	186418	12249
V	186514	12250
V	186610	12251
V	186707	12252
V	186804	12253
V	186901	12254
V	186997	12255
V	187094	12256
V	187191	12257
V	187288	12258
V	187384	12259
V	187481	12260
V	187579	12261
V	187675	12262
V	187773	12263
V	187870	12264
V	187968	12265
V	188065	12266
V	188161	12267
V	188257	12268
V	188354	12269
V	188451	12270
V	188547	12271
V	188644	12272
V	188741	12273
V	188838	12274
V	188935	12275
V	189031	12276
V	189128	12277
V	189225	12278
V	189322	12279
V	189419	12280
V	189516	12281
V	189614	12282
V	189711	12283
V	189809	12284
V	189906	12285
V	190003	12286
V	190100	12287
V	190198	12288
V	190295	12289
V	190393	12290
V	190489	12291
V	190586	12292
V	190683	12293
V	190780	12294
V	190878	12295
V	190975	12296
V	191072	12297
V	191169	12298
V	191265	12299
V	191363	12300
V	191459	12301
V	191556	12302
V	191652	12303
V	191749	12304
V	191847	12305
V	191945	12306
V	192042	12307
V	192138	12308
V	192235	12309
V	192333	12310
V	192431	12311
V	192528	12312
V	192624	12313
V	192720	12314
V	192817	12315
V	192914	12316
V	193012	12317
V	193110	12318
V	193208	12319
V	193304	12320
V	193401	12321
V	193497	12322
V	193594	12323
V	193691	12324
V	193787	12325
V	193885	12326
V	193982	12327
V	194079	12328
V	194176	12329
V	194273	12330
V	194369	12331
V	194465	12332
V	194561	12333
V	194657	12334
V	194755	12335
V	194853	12336
V	194951	12337
V	195047	12338
V	195144	12339
V	195241	12340
V	195338	12341
V	195435	12342
V	195532	12343
V	195629	12344
V	195725	12345
V	195822	12346
V	195919	12347
V	196015	12348
V	196112	12349
V	196209	12350
V	196306	12351
V	196402	12352
V	196498	12353
V	196595	12354
V	196692	12355
V	196789	12356
V	196886	12357
V	196983	12358
V	197080	12359
V	197177	12360
V	197274	12361
V	197371	12362
V	197467	12363
V	197564	12364
V	197660	12365
V	197757	12366
V	197853	12367
V	197950	12368
V	198047	12369
V	198143	12370
V	198239	12371
V	198335	12372
V	198432	12373
V	198529	12374
V	198626	12375
V	198722	12376
V	198820	12377
V	198917	12378
V	199014	12379
V	199110	12380
V	199208	12381
V	199306	12382
V	199404	12383
V	199501	12384
V	199597	12385
V	199695	12386
V	199791	12387
V	199888	12388
V	199985	12389
V	200082	12390
V	200179	12391
V	200277	12392
V	200375	12393
V	200472	12394
V	200570	12395
V	200667	12396
V	200764	12397
V	200861	12398
V	200958	12399
V	201055	12400
V	201151	12401
V	201247	12402
V	201345	12403
V	201443	12404
V	201541	12405
V	201639	12406
V	201736	12407
V	201833	12408
V	201930	12409
V	202027	12410
V	202123	12411
V	202219	12412
V	202316	12413
V	202412	12414
V	202508	12415
V	202605	12416
V	202702	12417
V	202799	12418
V	202896	12419
V	202993	12420
V	203090	12421
V	203186	12422
V	203282	12423
V	203379	12424
V	203476	12425
V	203573	12426
V	203670	12427
V	203766	12428
V	203863	12429
V	203959	12430
V	204056	12431
V	204152	12432
V	204249	12433
V	204346	12434
V	204442	12435
V	204539	12436
V	204636	12437
V	204732	12438
V	204828	12439
V	204925	12440
V	205022	12441
V	205119	12442
V	205215	12443
V	205312	12444
V	205408	12445
V	205505	12446
V	205602	12447
V	205699	12448
V	205795	12449
V	205892	12450
V	205989	12451
V	206085	12452
V	206182	12453
V	206279	12454
V	206375	12455
V	206472	12456
V	206568	12457
V	206665	12458
V	206762	12459
V	206859	12460
V	206956	12461
V	207052	12462
V	207148	12463
V	207246	12464
V	207343	12465
V	207441	12466
V	207538	12467
V	207635	12468
V	207731	12469
V	207828	12470
V	207925	12471
V	208022	12472
V	208119	12473
V	208216	12474
V	208312	12475
V	208409	12476
V	208507	12477
V	208604	12478
V	208701	12479
V	208797	12480
V	208894	12481
V	208991	12482
V	209087	12483
V	209184	12484
V	209281	12485
V	209378	12486
V	209475	12487
V	209572	12488
V	209669	12489
V	209765	12490
V	209861	12491
V	209958	12492
V	210055	12493
V	210152	12494
V	210249	12495
V	210345	12496
V	210442	12497
V	210538	12498
V	210635	12499
V	210731	12500
V	210828	12501
V	210925	12502
V	211023	12503
V	211121	12504
V	211219	12505
V	211316	12506
V	211413	12507
V	211510	12508
V	211608	12509
V	211705	12510
V	211802	12511
V	211898	12512
V	211994	12513
V	212092	12514
V	212189	12515
V	212285	12516
V	212381	12517
V	212477	12518
V	212573	12519
V	212671	12520
V	212767	12521
V	212864	12522
V	212961	12523
V	213057	12524
V	213153	12525
V	213251	12526
V	213348	12527
V	213445	12528
V	213541	12529
V	213638	12530
V	213734	12531
V	213830	12532
V	213927	12533
V	214023	12534
V	214120	12535
V	214216	12536
V	214313	12537
V	214409	12538
V	214506	12539
V	214603	12540
V	214700	12541
V	214796	12542
V	214892	12543
V	214989	12544
V	215086	12545
V	215184	12546
V	215280	12547
V	215377	12548
V	215473	12549
V	215569	12550
V	215666	12551
V	215763	12552
V	215860	12553
V	215956	12554
V	216053	12555
V	216149	12556
V	216246	12557
V	216343	12558
V	216439	12559
V	216536	12560
V	216633	12561
V	216729	12562
V	216826	12563
V	216924	12564
V	217022	12565
V	217119	12566
V	217217	12567
V	217314	12568
V	217412	12569
V	217510	12570
V	217607	12571
V	217704	12572
V	217801	12573
V	217897	12574
V	217994	12575
V	218091	12576
V	218188	12577
V	218284	12578
V	218381	12579
V	218477	12580
V	218573	12581
V	218670	12582
V	218766	12583
V	218862	12584
V	218959	12585
V	219055	12586
V	219152	12587
V	219249	12588
V	219346	12589
V	219443	12590
V	219541	12591
V	219638	12592
V	219736	12593
V	219833	12594
V	219931	12595
V	220029	12596
V	220126	12597
V	220223	12598
V	220320	12599
V	220418	12600
V	220515	12601
V	220613	12602
V	220711	12603
V	220809	12604
V	220906	12605
V	221003	12606
V	221100	12607
V	221197	12608
V	221295	12609
V	221393	12610
V	221491	12611
V	221589	12612
V	221687	12613
V	221784	12614
V	221881	12615
V	221979	12616
V	222076	12617
V	222172	12618
V	222269	12619
V	222366	12620
V	222462	12621
V	222558	12622
V	222656	12623
V	222754	12624
V	222850	12625
V	222946	12626
V	223043	12627
V	223141	12628
V	223238	12629
V	223335	12630
V	223432	12631
V	223528	12632
V	223624	12633
V	223722	12634
V	223820	12635
V	223916	12636
V	224013	12637
V	224110	12638
V	224207	12639
V	224304	12640
V	224402	12641
V	224499	12642
V	224596	12643
V	224693	12644
V	224791	12645
V	224888	12646
V	224984	12647
V	225082	12648
V	225180	12649
V	225277	12650
V	225374	12651
V	225471	12652
V	225568	12653
V	225666	12654
V	225764	12655
V	225861	12656
V	225957	12657
V	226053	12658
V	226151	12659
V	226248	12660
V	226344	12661
V	226440	12662
V	226536	12663
V	226633	12664
V	226731	12665
V	226828	12666
V	226924	12667
V	227020	12668
V	227116	12669
V	227212	12670
V	227309	12671
V	227406	12672
V	227503	12673
V	227600	12674
V	227697	12675
V	227794	12676
V	227891	12677
V	227987	12678
V	228084	12679
V	228181	12680
V	228278	12681
V	228375	12682
V	228472	12683
V	228568	12684
V	228665	12685
V	228762	12686
V	228858	12687
V	228955	12688
V	229052	12689
V	229149	12690
V	229246	12691
V	229343	12692
V	229439	12693
V	229535	12694
V	229632	12695
V	229729	12696
V	229826	12697
V	229923	12698
V	230020	12699
V	230117	12700
V	230213	12701
V	230310	12702
V	230406	12703
V	230503	12704
V	230600	12705
V	230697	12706
V	230794	12707
V	230890	12708
V	230986	12709
V	231082	12710
V	231178	12711
V	231274	12712
V	231371	12713
V	231467	12714
V	231564	12715
V	231660	12716
V	231756	12717
V	231853	12718
V	231949	12719
V	232045	12720
V	232141	12721
V	232237	12722
V	232333	12723
V	232429	12724
V	232525	12725
V	232621	12726
V	232717	12727
V	232813	12728
V	232910	12729
V	233007	12730
V	233104	12731
V	233201	12732
V	233298	12733
V	233396	12734
V	233493	12735
V	233590	12736
V	233687	12737
V	233784	12738
V	233881	12739
V	233979	12740
V	234077	12741
V	234173	12742
V	234270	12743
V	234368	12744
V	234466	12745
V	234564	12746
V	234662	12747
V	234759	12748
V	234856	12749
V	234952	12750
V	235049	12751
V	235145	12752
V	235242	12753
V	235338	12754
V	235435	12755
V	235532	12756
V	235629	12757
V	235725	12758
V	235821	12759
V	235917	12760
V	236014	12761
V	236110	12762
V	236207	12763
V	236304	12764
V	236401	12765
V	236498	12766
V	236594	12767
V	236691	12768
V	236788	12769
V	236884	12770
V	236980	12771
V	237077	12772
V	237174	12773
V	237271	12774
V	237367	12775
V	237463	12776
V	237559	12777
V	237656	12778
V	237752	12779
V	237849	12780
V	237946	12781
V	238043	12782
V	238140	12783
V	238236	12784
V	238333	12785
V	238430	12786
V	238526	12787
V	238622	12788
V	238718	12789
V	238814	12790
V	238910	12791
V	239006	12792
V	239102	12793
V	239198	12794
V	239295	12795
V	239392	12796
V	239488	12797
V	239585	12798
V	239681	12799
V	239778	12800
V	239875	12801
V	239972	12802
V	240069	12803
V	240166	12804
V	240263	12805
V	240359	12806
V	240455	12807
V	240551	12808
V	240649	12809
V	240745	12810
V	240842	12811
V	240939	12812
V	241036	12813
V	241132	12814
V	241229	12815
V	241325	12816
V	241421	12817
V	241517	12818
V	241614	12819
V	241710	12820
V	241807	12821
V	241903	12822
V	241999	12823
V	242096	12824
V	242193	12825
V	242290	12826
V	242387	12827
V	242483	12828
V	242579	12829
V	242675	12830
V	242772	12831
V	242869	12832
V	242966	12833
V	243062	12834
V	243159	12835
V	243255	12836
V	243353	12837
V	243450	12838
V	243546	12839
V	243643	12840
V	243741	12841
V	243837	12842
V	243933	12843
V	244029	12844
V	244126	12845
V	244222	12846
V	244318	12847
V	244416	12848
V	244514	12849
V	244611	12850
V	244708	12851
V	244805	12852
V	244902	12853
V	244999	12854
V	245096	12855
V	245194	12856
V	245291	12857
V	245388	12858
V	245484	12859
V	245581	12860
V	245679	12861
V	245777	12862
V	245874	12863
V	245970	12864
V	246067	12865
V	246165	12866
V	246262	12867
V	246358	12868
V	246455	12869
V	246552	12870
V	246648	12871
V	246746	12872
V	246843	12873
V	246940	12874
V	247038	12875
V	247135	12876
V	247231	12877
V	247328	12878
V	247424	12879
V	247521	12880
V	247617	12881
V	247713	12882
V	247809	12883
V	247905	12884
V	248002	12885
V	248099	12886
V	248195	12887
V	248291	12888
V	248387	12889
V	248484	12890
V	248580	12891
V	248677	12892
V	248774	12893
V	248870	12894
V	248967	12895
V	249064	12896
V	249161	12897
V	249258	12898
V	249354	12899
V	249450	12900
V	249547	12901
V	249644	12902
V	249741	12903
V	249837	12904
V	249933	12905
V	250029	12906
V	250126	12907
V	250223	12908
V	250320	12909
V	250417	12910
V	250514	12911
V	250611	12912
V	250708	12913
V	250805	12914
V	250902	12915
V	250999	12916
V	251095	12917
V	251191	12918
V	251287	12919
V	251384	12920
V	251480	12921
V	251576	12922
V	251673	12923
V	251769	12924
V	251865	12925
V	251961	12926
V	252057	12927
V	252153	12928
V	252250	12929
V	252346	12930
V	252443	12931
V	252539	12932
V	252636	12933
V	252733	12934
V	252829	12935
V	252926	12936
V	253023	12937
V	253120	12938
V	253216	12939
V	253312	12940
V	253409	12941
V	253505	12942
V	253602	12943
V	253699	12944
V	253795	12945
V	253891	12946
V	253987	12947
V	254084	12948
V	254180	12949
V	254277	12950
V	254374	12951
V	254471	12952
V	254568	12953
V	254664	12954
V	254761	12955
V	254858	12956
V	254955	12957
V	255052	12958
V	255148	12959
V	255244	12960
V	255341	12961
V	255437	12962
V	255533	12963
V	255629	12964
V	255726	12965
V	255823	12966
V	255920	12967
V	256016	12968
V	256112	12969
V	256208	12970
V	256304	12971
V	256401	12972
V	256497	12973
V	256594	12974
V	256691	12975
V	256787	12976
V	256884	12977
V	256981	12978
V	257077	12979
V	257173	12980
V	257269	12981
V	257366	12982
V	257462	12983
V	257558	12984
V	257655	12985
V	257751	12986
V	257848	12987
V	257945	12988
V	258042	12989
V	258138	12990
V	258235	12991
V	258332	12992
V	258428	12993
V	258525	12994
V	258622	12995
V	258718	12996
V	258815	12997
V	258911	12998
V	259007	12999
V	259104	13000
V	259201	13001
V	259298	13002
V	259395	13003
V	259492	13004
V	259589	13005
V	259686	13006
V	259783	13007
V	259879	13008
V	259975	13009
V	260071	13010
V	260167	13011
V	260264	13012
V	260361	13013
V	260458	13014
V	260555	13015
V	260651	13016
V	260748	13017
V	260845	13018
V	260941	13019
V	261038	13020
V	261134	13021
V	261231	13022
V	261328	13023
V	261424	13024
V	261521	13025
V	261617	13026
V	261714	13027
V	261811	13028
V	261907	13029
V	262004	13030
V	262101	13031
V	262197	13032
V	262294	13033
V	262390	13034
V	262487	13035
V	262584	13036
V	262680	13037
V	262776	13038
V	262873	13039
V	262969	13040
V	263066	13041
V	263163	13042
V	263260	13043
V	263357	13044
V	263454	13045
V	263551	13046
V	263648	13047
V	263745	13048
V	263842	13049
V	263938	13050
V	264035	13051
V	264132	13052
V	264229	13053
V	264326	13054
V	264423	13055
V	264520	13056
V	264617	13057
V	264714	13058
V	264810	13059
V	264907	13060
V	265003	13061
V	265100	13062
V	265196	13063
V	265293	13064
V	265389	13065
V	265486	13066
V	265583	13067
V	265680	13068
V	265776	13069
V	265873	13070
V	265970	13071
V	266067	13072
V	266164	13073
V	266261	13074
V	266358	13075
V	266455	13076
V	266552	13077
V	266649	13078
V	266745	13079
V	266842	13080
V	266939	13081
V	267036	13082
V	267133	13083
V	267229	13084
V	267325	13085
V	267422	13086
V	267518	13087
V	267614	13088
V	267711	13089
V	267808	13090
V	267904	13091
V	268000	13092
V	268097	13093
V	268193	13094
V	268290	13095
V	268386	13096
V	268482	13097
V	268579	13098
V	268676	13099
V	268773	13100
V	268869	13101
V	268966	13102
V	269062	13103
V	269158	13104
V	269254	13105
V	269351	13106
V	269447	13107
V	269543	13108
V	269640	13109
V	269736	13110
V	269832	13111
V	269929	13112
V	270025	13113
V	270121	13114
V	270217	13115
V	270313	13116
V	270409	13117
V	270505	13118
V	270601	13119
V	270698	13120
V	270794	13121
V	270890	13122
V	270986	13123
V	271083	13124
V	271179	13125
V	271276	13126
V	271372	13127
V	271469	13128
V	271566	13129
V	271663	13130
V	271759	13131
V	271856	13132
V	271953	13133
V	272049	13134
V	272145	13135
V	272242	13136
V	272338	13137
V	272434	13138
V	272531	13139
V	272627	13140
V	272723	13141
V	272820	13142
V	272916	13143
V	273013	13144
V	273110	13145
V	273206	13146
V	273302	13147
V	273398	13148
V	273495	13149
V	273592	13150
V	273689	13151
V	273786	13152
V	273882	13153
V	273979	13154
V	274075	13155
V	274172	13156
V	274269	13157
V	274366	13158
V	274463	13159
V	274560	13160
V	274657	13161
V	274754	13162
V	274850	13163
V	274947	13164
V	275044	13165
V	275140	13166
V	275236	13167
V	275333	13168
V	275430	13169
V	275526	13170
V	275623	13171
V	275719	13172
V	275816	13173
V	275913	13174
V	276009	13175
V	276106	13176
V	276202	13177
V	276298	13178
V	276395	13179
V	276492	13180
V	276589	13181
V	276686	13182
V	276783	13183
V	276879	13184
V	276975	13185
V	277072	13186
V	277169	13187
V	277266	13188
V	277363	13189
V	277460	13190
V	277556	13191
V	277653	13192
V	277750	13193
V	277847	13194
V	277944	13195
V	278040	13196
V	278136	13197
V	278233	13198
V	278330	13199
V	278427	13200
V	278524	13201
V	278621	13202
V	278718	13203
V	278814	13204
V	278910	13205
V	279006	13206
V	279103	13207
V	279199	13208
V	279295	13209
V	279391	13210
V	279487	13211
V	279583	13212
V	279680	13213
V	279777	13214
V	279874	13215
V	279971	13216
V	280068	13217
V	280165	13218
V	280261	13219
V	280358	13220
V	280455	13221
V	280552	13222
V	280648	13223
V	280745	13224
V	280841	13225
V	280938	13226
V	281035	13227
V	281132	13228
V	281228	13229
V	281324	13230
V	281421	13231
V	281517	13232
V	281614	13233
V	281711	13234
V	281808	13235
V	281905	13236
V	282001	13237
V	282098	13238
V	282195	13239
V	282292	13240
V	282389	13241
V	282485	13242
V	282581	13243
V	282678	13244
V	282774	13245
V	282871	13246
V	282968	13247
V	283064	13248
V	283161	13249
V	283257	13250
V	283354	13251
V	283452	13252
V	283549	13253
V	283646	13254
V	283743	13255
V	283840	13256
V	283937	13257
V	284034	13258
V	284131	13259
V	284228	13260
V	284324	13261
V	284421	13262
V	284518	13263
V	284614	13264
V	284710	13265
V	284807	13266
V	284903	13267
V	285000	13268
V	285096	13269
V	285193	13270
V	285290	13271
V	285387	13272
V	285483	13273
V	285580	13274
V	285677	13275
V	285774	13276
V	285871	13277
V	285968	13278
V	286065	13279
V	286162	13280
V	286259	13281
V	286356	13282
V	286453	13283
V	286550	13284
V	286647	13285
V	286744	13286
V	286841	13287
V	286938	13288
V	287035	13289
V	287131	13290
V	287228	13291
V	287324	13292
V	287421	13293
V	287518	13294
V	287614	13295
V	287711	13296
V	287807	13297
V	287904	13298
V	288001	13299
V	288097	13300
V	288194	13301
V	288290	13302
V	288387	13303
V	288484	13304
V	288580	13305
V	288677	13306
V	288774	13307
V	288870	13308
V	288967	13309
V	289063	13310
V	289160	13311
V	289257	13312
V	289353	13313
V	289450	13314
V	289547	13315
V	289643	13316
V	289740	13317
V	289837	13318
V	289934	13319
V	290031	13320
V	290128	13321
V	290224	13322
V	290321	13323
V	290418	13324
V	290515	13325
V	290611	13326
V	290708	13327
V	290804	13328
V	290901	13329
V	290997	13330
V	291093	13331
V	291190	13332
V	291286	13333
V	291383	13334
V	291479	13335
V	291576	13336
V	291672	13337
V	291768	13338
V	291864	13339
V	291961	13340
V	292057	13341
V	292153	13342
V	292250	13343
V	292346	13344
V	292442	13345
V	292539	13346
V	292635	13347
V	292732	13348
V	292829	13349
V	292926	13350
V	293023	13351
V	293119	13352
V	293216	13353
V	293312	13354
V	293409	13355
V	293505	13356
V	293601	13357
V	293698	13358
V	293794	13359
V	293891	13360
V	293987	13361
V	294083	13362
V	294180	13363
V	294277	13364
V	294374	13365
V	294470	13366
V	294567	13367
V	294663	13368
V	294759	13369
V	294855	13370
V	294952	13371
V	295048	13372
V	295145	13373
V	295241	13374
V	295337	13375
V	295433	13376
V	295530	13377
V	295627	13378
V	295723	13379
V	295819	13380
V	295916	13381
V	296012	13382
V	296109	13383
V	296206	13384
V	296303	13385
V	296399	13386
V	296495	13387
V	296591	13388
V	296688	13389
V	296785	13390
V	296881	13391
V	296978	13392
V	297075	13393
V	297172	13394
V	297269	13395
V	297365	13396
V	297461	13397
V	297558	13398
V	297654	13399
V	297750	13400
V	297847	13401
V	297943	13402
V	298040	13403
V	298137	13404
V	298235	13405
V	298331	13406
V	298428	13407
V	298526	13408
V	298623	13409
V	298720	13410
V	298817	13411
V	298914	13412
V	299012	13413
V	299108	13414
V	299204	13415
V	299301	13416
V	299397	13417
V	299494	13418
V	299591	13419
V	299688	13420
V	299784	13421
V	299881	13422
V	299977	13423
V	300074	13424
V	300171	13425
V	300268	13426
V	300365	13427
V	300461	13428
V	300558	13429
V	300654	13430
V	300751	13431
V	300848	13432
V	300945	13433
V	301041	13434
V	301138	13435
V	301235	13436
V	301332	13437
V	301428	13438
V	301525	13439
V	301621	13440
V	301718	13441
V	301815	13442
V	301912	13443
V	302009	13444
V	302106	13445
V	302203	13446
V	302300	13447
V	302397	13448
V	302493	13449
V	302589	13450
V	302686	13451
V	302783	13452
V	302879	13453
V	302975	13454
V	303071	13455
V	303168	13456
V	303265	13457
V	303361	13458
V	303457	13459
V	303554	13460
V	303651	13461
V	303748	13462
V	303845	13463
V	303941	13464
V	304037	13465
V	304133	13466
V	304230	13467
V	304327	13468
V	304423	13469
V	304520	13470
V	304617	13471
V	304713	13472
V	304810	13473
V	304907	13474
V	305004	13475
V	305100	13476
V	305197	13477
V	305293	13478
V	305389	13479
V	305485	13480
V	305582	13481
V	305679	13482
V	305775	13483
V	305871	13484
V	305967	13485
V	306064	13486
V	306160	13487
V	306257	13488
V	306353	13489
V	306450	13490
V	306546	13491
V	306642	13492
V	306738	13493
V	306836	13494
V	306933	13495
V	307031	13496
V	307128	13497
V	307224	13498
V	307321	13499
V	307418	13500
V	307515	13501
V	307612	13502
V	307708	13503
V	307805	13504
V	307901	13505
V	307998	13506
V	308095	13507
V	308192	13508
V	308289	13509
V	308386	13510
V	308483	13511
V	308579	13512
V	308675	13513
V	308772	13514
V	308869	13515
V	308965	13516
V	309062	13517
V	309159	13518
V	309255	13519
V	309352	13520
V	309448	13521
V	309545	13522
V	309642	13523
V	309738	13524
V	309834	13525
V	309931	13526
V	310028	13527
V	310124	13528
V	310220	13529
V	310317	13530
V	310415	13531
V	310511	13532
V	310608	13533
V	310706	13534
V	310803	13535
V	310901	13536
V	310997	13537
V	311094	13538
V	311190	13539
V	311288	13540
V	311385	13541
V	311481	13542
V	311577	13543
V	311674	13544
V	311772	13545
V	311868	13546
V	311965	13547
V	312062	13548
V	312158	13549
V	312254	13550
V	312351	13551
V	312449	13552
V	312546	13553
V	312643	13554
V	312741	13555
V	312837	13556
V	312934	13557
V	313032	13558
V	313129	13559
V	313226	13560
V	313322	13561
V	313420	13562
V	313517	13563
V	313615	13564
V	313712	13565
V	313808	13566
V	313904	13567
V	314001	13568
V	314097	13569
V	314193	13570
V	314290	13571
V	314387	13572
V	314484	13573
V	314581	13574
V	314678	13575
V	314775	13576
V	314873	13577
V	314969	13578
V	315065	13579
V	315162	13580
V	315259	13581
V	315357	13582
V	315454	13583
V	315552	13584
V	315650	13585
V	315747	13586
V	315845	13587
V	315942	13588
V	316038	13589
V	316135	13590
V	316233	13591
V	316330	13592
V	316426	13593
V	316522	13594
V	316619	13595
V	316716	13596
V	316813	13597
V	316910	13598
V	317007	13599
V	317105	13600
V	317203	13601
V	317300	13602
V	317397	13603
V	317495	13604
V	317593	13605
V	317690	13606
V	317786	13607
V	317882	13608
V	317978	13609
V	318075	13610
V	318172	13611
V	318269	13612
V	318366	13613
V	318463	13614
V	318560	13615
V	318656	13616
V	318753	13617
V	318850	13618
V	318947	13619
V	319043	13620
V	319139	13621
V	319236	13622
V	319333	13623
V	319430	13624
V	319527	13625
V	319624	13626
V	319721	13627
V	319818	13628
V	319914	13629
V	320010	13630
V	320107	13631
V	320204	13632
V	320300	13633
V	320397	13634
V	320494	13635
V	320590	13636
V	320686	13637
V	320783	13638
V	320880	13639
V	320977	13640
V	321074	13641
V	321171	13642
V	321267	13643
V	321364	13644
V	321460	13645
V	321556	13646
V	321653	13647
V	321749	13648
V	321846	13649
V	321942	13650
V	322038	13651
V	322135	13652
V	322232	13653
V	322329	13654
V	322426	13655
V	322523	13656
V	322619	13657
V	322715	13658
V	322812	13659
V	322909	13660
V	323006	13661
V	323104	13662
V	323200	13663
V	323296	13664
V	323394	13665
V	323492	13666
V	323589	13667
V	323685	13668
V	323781	13669
V	323878	13670
V	323975	13671
V	324072	13672
V	324169	13673
V	324266	13674
V	324362	13675
V	324459	13676
V	324557	13677
V	324654	13678
V	324751	13679
V	324849	13680
V	324946	13681
V	325043	13682
V	325139	13683
V	325236	13684
V	325332	13685
V	325429	13686
V	325526	13687
V	325624	13688
V	325722	13689
V	325820	13690
V	325917	13691
V	326014	13692
V	326112	13693
V	326209	13694
V	326306	13695
V	326403	13696
V	326499	13697
V	326596	13698
V	326692	13699
V	326789	13700
V	326886	13701
V	326983	13702
V	327079	13703
V	327175	13704
V	327272	13705
V	327368	13706
V	327465	13707
V	327562	13708
V	327659	13709
V	327756	13710
V	327853	13711
V	327950	13712
V	328047	13713
V	328144	13714
V	328240	13715
V	328337	13716
V	328433	13717
V	328529	13718
V	328626	13719
V	328723	13720
V	328820	13721
V	328917	13722
V	329014	13723
V	329110	13724
V	329206	13725
V	329302	13726
V	329399	13727
V	329496	13728
V	329592	13729
V	329688	13730
V	329785	13731
V	329881	13732
V	329978	13733
V	330074	13734
V	330171	13735
V	330268	13736
V	330365	13737
V	330462	13738
V	330559	13739
V	330655	13740
V	330751	13741
V	330847	13742
V	330943	13743
V	331040	13744
V	331136	13745
V	331233	13746
V	331330	13747
V	331427	13748
V	331524	13749
V	331620	13750
V	331717	13751
V	331813	13752
V	331909	13753
V	332005	13754
V	332101	13755
V	332198	13756
V	332295	13757
V	332391	13758
V	332487	13759
V	332584	13760
V	332681	13761
V	332777	13762
V	332874	13763
V	332970	13764
V	333066	13765
V	333163	13766
V	333260	13767
V	333357	13768
V	333454	13769
V	333550	13770
V	333647	13771
V	333744	13772
V	333841	13773
V	333938	13774
V	334034	13775
V	334131	13776
V	334228	13777
V	334326	13778
V	334423	13779
V	334520	13780
V	334617	13781
V	334713	13782
V	334810	13783
V	334908	13784
V	335006	13785
V	335104	13786
V	335201	13787
V	335297	13788
V	335395	13789
V	335492	13790
V	335588	13791
V	335685	13792
V	335782	13793
V	335878	13794
V	335975	13795
V	336072	13796
V	336168	13797
V	336264	13798
V	336361	13799
V	336458	13800
V	336554	13801
V	336651	13802
V	336748	13803
V	336845	13804
V	336943	13805
V	337041	13806
V	337137	13807
V	337233	13808
V	337329	13809
V	337426	13810
V	337523	13811
V	337620	13812
V	337717	13813
V	337813	13814
V	337911	13815
V	338009	13816
V	338106	13817
V	338203	13818
V	338300	13819
V	338396	13820
V	338494	13821
V	338592	13822
V	338689	13823
V	338786	13824
V	338883	13825
V	338980	13826
V	339077	13827
V	339174	13828
V	339270	13829
V	339367	13830
V	339464	13831
V	339560	13832
V	339656	13833
V	339753	13834
V	339850	13835
V	339946	13836
V	340042	13837
V	340139	13838
V	340237	13839
V	340334	13840
V	340430	13841
V	340528	13842
V	340624	13843
V	340721	13844
V	340818	13845
V	340916	13846
V	341013	13847
V	341110	13848
V	341206	13849
V	341302	13850
V	341399	13851
V	341495	13852
V	341591	13853
V	341687	13854
V	341784	13855
V	341881	13856
V	341977	13857
V	342074	13858
V	342170	13859
V	342267	13860
V	342364	13861
V	342460	13862
V	342557	13863
V	342653	13864
V	342750	13865
V	342846	13866
V	342942	13867
V	343038	13868
V	343134	13869
V	343230	13870
V	343327	13871
V	343424	13872
V	343521	13873
V	343618	13874
V	343715	13875
V	343812	13876
V	343909	13877
V	344005	13878
V	344102	13879
V	344199	13880
V	344296	13881
V	344393	13882
V	344489	13883
V	344585	13884
V	344681	13885
V	344778	13886
V	344875	13887
V	344972	13888
V	345068	13889
V	345165	13890
V	345261	13891
V	345357	13892
V	345454	13893
V	345550	13894
V	345647	13895
V	345743	13896
V	345839	13897
V	345936	13898
V	346032	13899
V	346129	13900
V	346226	13901
V	346323	13902
V	346420	13903
V	346517	13904
V	346614	13905
V	346710	13906
V	346806	13907
V	346903	13908
V	347000	13909
V	347096	13910
V	347192	13911
V	347288	13912
V	347384	13913
V	347480	13914
V	347576	13915
V	347673	13916
V	347770	13917
V	347867	13918
V	347963	13919
V	348060	13920
V	348156	13921
V	348253	13922
V	348349	13923
V	348446	13924
V	348543	13925
V	348640	13926
V	348736	13927
V	348832	13928
V	348929	13929
V	349025	13930
V	349122	13931
V	349219	13932
V	349316	13933
V	349413	13934
V	349510	13935
V	349606	13936
V	349703	13937
V	349800	13938
V	349897	13939
V	349994	13940
V	350091	13941
V	350187	13942
V	350284	13943
V	350380	13944
V	350477	13945
V	350573	13946
V	350669	13947
V	350766	13948
V	350863	13949
V	350960	13950
V	351057	13951
V	351153	13952
V	351249	13953
V	351346	13954
V	351442	13955
V	351538	13956
V	351635	13957
V	351732	13958
V	351829	13959
V	351925	13960
V	352022	13961
V	352118	13962
V	352215	13963
V	352312	13964
V	352409	13965
V	352505	13966
V	352602	13967
V	352698	13968
V	352794	13969
V	352891	13970
V	352988	13971
V	353084	13972
V	353180	13973
V	353277	13974
V	353374	13975
V	353471	13976
V	353567	13977
V	353664	13978
V	353760	13979
V	353857	13980
V	353954	13981
V	354051	13982
V	354147	13983
V	354244	13984
V	354341	13985
V	354438	13986
V	354535	13987
V	354631	13988
V	354727	13989
V	354824	13990
V	354920	13991
V	355016	13992
V	355112	13993
V	355208	13994
V	355305	13995
V	355401	13996
V	355498	13997
V	355594	13998
V	355691	13999
V	355787	14000
V	355884	14001
V	355981	14002
V	356077	14003
V	356174	14004
V	356270	14005
V	356366	14006
V	356463	14007
V	356559	14008
V	356656	14009
V	356753	14010
V	356850	14011
V	356947	14012
V	357043	14013
V	357140	14014
V	357237	14015
V	357333	14016
V	357429	14017
V	357526	14018
V	357622	14019
V	357719	14020
V	357815	14021
V	357911	14022
V	358008	14023
V	358104	14024
V	358201	14025
V	358297	14026
V	358394	14027
V	358491	14028
V	358588	14029
V	358684	14030
V	358781	14031
V	358878	14032
V	358975	14033
V	359072	14034
V	359169	14035
V	359265	14036
V	359361	14037
V	359457	14038
V	359554	14039
V	359650	14040
V	359746	14041
V	359842	14042
V	359939	14043
V	360035	14044
V	360132	14045
V	360229	14046
V	360325	14047
V	360422	14048
V	360518	14049
V	360615	14050
V	360712	14051
V	360809	14052
V	360906	14053
V	361003	14054
V	361099	14055
V	361196	14056
V	361293	14057
V	361390	14058
V	361487	14059
V	361584	14060
V	361680	14061
V	361777	14062
V	361874	14063
V	361970	14064
V	362067	14065
V	362163	14066
V	362260	14067
V	362357	14068
V	362454	14069
V	362551	14070
V	362648	14071
V	362744	14072
V	362841	14073
V	362937	14074
V	363034	14075
V	363131	14076
V	363227	14077
V	363324	14078
V	363420	14079
V	363517	14080
V	363614	14081
V	363711	14082
V	363808	14083
V	363905	14084
V	364001	14085
V	364098	14086
V	364194	14087
V	364290	14088
V	364387	14089
V	364484	14090
V	364581	14091
V	364678	14092
V	364774	14093
V	364871	14094
V	364967	14095
V	365063	14096
V	365160	14097
V	365257	14098
V	365354	14099
V	365451	14100
V	365548	14101
V	365644	14102
V	365740	14103
V	365837	14104
V	365933	14105
V	366029	14106
V	366125	14107
V	366222	14108
V	366318	14109
V	366415	14110
V	366512	14111
V	366609	14112
V	366706	14113
V	366803	14114
V	366900	14115
V	366997	14116
V	367094	14117
V	367191	14118
V	367288	14119
V	367384	14120
V	367480	14121
V	367576	14122
V	367673	14123
V	367769	14124
V	367865	14125
V	367962	14126
V	368058	14127
V	368155	14128
V	368251	14129
V	368348	14130
V	368444	14131
V	368541	14132
V	368637	14133
V	368734	14134
V	368831	14135
V	368928	14136
V	369025	14137
V	369122	14138
V	369219	14139
V	369316	14140
V	369412	14141
V	369508	14142
V	369604	14143
V	369702	14144
V	369799	14145
V	369895	14146
V	369992	14147
V	370089	14148
V	370186	14149
V	370283	14150
V	370381	14151
V	370478	14152
V	370575	14153
V	370672	14154
V	370769	14155
V	370867	14156
V	370964	14157
V	371062	14158
V	371160	14159
V	371258	14160
V	371355	14161
V	371451	14162
V	371548	14163
V	371644	14164
V	371741	14165
V	371838	14166
V	371935	14167
V	372032	14168
V	372129	14169
V	372225	14170
V	372321	14171
V	372417	14172
V	372514	14173
V	372610	14174
V	372706	14175
V	372804	14176
V	372900	14177
V	372996	14178
V	373093	14179
V	373189	14180
V	373286	14181
V	373382	14182
V	373478	14183
V	373576	14184
V	373673	14185
V	373770	14186
V	373867	14187
V	373963	14188
V	374059	14189
V	374156	14190
V	374253	14191
V	374351	14192
V	374448	14193
V	374545	14194
V	374642	14195
V	374740	14196
V	374838	14197
V	374935	14198
V	375031	14199
V	375129	14200
V	375226	14201
V	375323	14202
V	375420	14203
V	375516	14204
V	375613	14205
V	375710	14206
V	375807	14207
V	375903	14208
V	376000	14209
V	376097	14210
V	376194	14211
V	376291	14212
V	376387	14213
V	376483	14214
V	376580	14215
V	376677	14216
V	376774	14217
V	376870	14218
V	376966	14219
V	377063	14220
V	377159	14221
V	377255	14222
V	377352	14223
V	377449	14224
V	377546	14225
V	377643	14226
V	377740	14227
V	377837	14228
V	377934	14229
V	378031	14230
V	378127	14231
V	378224	14232
V	378321	14233
V	378418	14234
V	378515	14235
V	378612	14236
V	378708	14237
V	378804	14238
V	378901	14239
V	378997	14240
V	379093	14241
V	379190	14242
V	379287	14243
V	379384	14244
V	379481	14245
V	379577	14246
V	379673	14247
V	379770	14248
V	379867	14249
V	379963	14250
V	380060	14251
V	380157	14252
V	380254	14253
V	380350	14254
V	380447	14255
V	380544	14256
V	380641	14257
V	380738	14258
V	380834	14259
V	380931	14260
V	381028	14261
V	381125	14262
V	381222	14263
V	381318	14264
V	381414	14265
V	381511	14266
V	381608	14267
V	381705	14268
V	381802	14269
V	381899	14270
V	381995	14271
V	382091	14272
V	382187	14273
V	382284	14274
V	382380	14275
V	382477	14276
V	382574	14277
V	382671	14278
V	382768	14279
V	382864	14280
V	382961	14281
V	383058	14282
V	383155	14283
V	383252	14284
V	383348	14285
V	383444	14286
V	383540	14287
V	383637	14288
V	383733	14289
V	383830	14290
V	383927	14291
V	384024	14292
V	384120	14293
V	384217	14294
V	384314	14295
V	384411	14296
V	384507	14297
V	384604	14298
V	384701	14299
V	384797	14300
V	384894	14301
V	384991	14302
V	385088	14303
V	385185	14304
V	385281	14305
V	385377	14306
V	385474	14307
V	385571	14308
V	385668	14309
V	385765	14310
V	385862	14311
V	385959	14312
V	386055	14313
V	386152	14314
V	386248	14315
V	386345	14316
V	386441	14317
V	386537	14318
V	386634	14319
V	386731	14320
V	386828	14321
V	386925	14322
V	387022	14323
V	387119	14324
V	387215	14325
V	387312	14326
V	387409	14327
V	387505	14328
V	387601	14329
V	387698	14330
V	387795	14331
V	387892	14332
V	387988	14333
V	388085	14334
V	388182	14335
V	388278	14336
V	388375	14337
V	388472	14338
V	388569	14339
V	388666	14340
V	388762	14341
V	388859	14342
V	388955	14343
V	389051	14344
V	389147	14345
V	389244	14346
V	389340	14347
V	389437	14348
V	389534	14349
V	389631	14350
V	389728	14351
V	389824	14352
V	389920	14353
V	390016	14354
V	390112	14355
V	390208	14356
V	390305	14357
V	390401	14358
V	390497	14359
V	390594	14360
V	390691	14361
V	390787	14362
V	390884	14363
V	390980	14364
V	391077	14365
V	391174	14366
V	391270	14367
V	391367	14368
V	391463	14369
V	391560	14370
V	391657	14371
V	391753	14372
V	391850	14373
V	391947	14374
V	392043	14375
V	392140	14376
V	392236	14377
V	392333	14378
V	392430	14379
V	392527	14380
V	392623	14381
V	392719	14382
V	392816	14383
V	392912	14384
V	393009	14385
V	393106	14386
V	393202	14387
V	393298	14388
V	393394	14389
V	393491	14390
V	393587	14391
V	393683	14392
V	393780	14393
V	393877	14394
V	393974	14395
V	394071	14396
V	394167	14397
V	394263	14398
V	394360	14399
V	394457	14400
V	394554	14401
V	394650	14402
V	394746	14403
V	394842	14404
V	394939	14405
V	395036	14406
V	395133	14407
V	395229	14408
V	395326	14409
V	395422	14410
V	395518	14411
V	395615	14412
V	395712	14413
V	395809	14414
V	395906	14415
V	396003	14416
V	396100	14417
V	396196	14418
V	396293	14419
V	396389	14420
V	396486	14421
V	396583	14422
V	396679	14423
V	396777	14424
V	396873	14425
V	396970	14426
V	397067	14427
V	397164	14428
V	397260	14429
V	397358	14430
V	397455	14431
V	397552	14432
V	397649	14433
V	397746	14434
V	397843	14435
V	397940	14436
V	398037	14437
V	398134	14438
V	398230	14439
V	398327	14440
V	398424	14441
V	398521	14442
V	398617	14443
V	398714	14444
V	398811	14445
V	398907	14446
V	399003	14447
V	399100	14448
V	399197	14449
V	399293	14450
V	399389	14451
V	399486	14452
V	399583	14453
V	399680	14454
V	399777	14455
V	399873	14456
V	399970	14457
V	400067	14458
V	400163	14459
V	400260	14460
V	400356	14461
V	400453	14462
V	400549	14463
V	400646	14464
V	400743	14465
V	400840	14466
V	400937	14467
V	401034	14468
V	401131	14469
V	401227	14470
V	401323	14471
V	401420	14472
V	401516	14473
V	401612	14474
V	401708	14475
V	401804	14476
V	401901	14477
V	401998	14478
V	402094	14479
V	402191	14480
V	402288	14481
V	402384	14482
V	402481	14483
V	402578	14484
V	402675	14485
V	402771	14486
V	402867	14487
V	402963	14488
V	403059	14489
V	403155	14490
V	403252	14491
V	403349	14492
V	403445	14493
V	403541	14494
V	403637	14495
V	403733	14496
V	403830	14497
V	403927	14498
V	404024	14499
V	404120	14500
V	404217	14501
V	404314	14502
V	404411	14503
V	404508	14504
V	404605	14505
V	404702	14506
V	404799	14507
V	404896	14508
V	404993	14509
V	405089	14510
V	405186	14511
V	405282	14512
V	405379	14513
V	405475	14514
V	405572	14515
V	405668	14516
V	405764	14517
V	405860	14518
V	405956	14519
V	406053	14520
V	406149	14521
V	406246	14522
V	406343	14523
V	406439	14524
V	406535	14525
V	406632	14526
V	406729	14527
V	406825	14528
V	406922	14529
V	407019	14530
V	407117	14531
V	407215	14532
V	407312	14533
V	407410	14534
V	407507	14535
V	407604	14536
V	407701	14537
V	407798	14538
V	407895	14539
V	407992	14540
V	408090	14541
V	408187	14542
V	408285	14543
V	408381	14544
V	408477	14545
V	408574	14546
V	408671	14547
V	408769	14548
V	408865	14549
V	408962	14550
V	409059	14551
V	409156	14552
V	409253	14553
V	409351	14554
V	409449	14555
V	409545	14556
V	409642	14557
V	409739	14558
V	409835	14559
V	409932	14560
V	410029	14561
V	410125	14562
V	410222	14563
V	410318	14564
V	410415	14565
V	410512	14566
V	410609	14567
V	410705	14568
V	410801	14569
V	410898	14570
V	410995	14571
V	411092	14572
V	411188	14573
V	411285	14574
V	411381	14575
V	411478	14576
V	411574	14577
V	411670	14578
V	411767	14579
V	411863	14580
V	411959	14581
V	412056	14582
V	412153	14583
V	412249	14584
V	412345	14585
V	412441	14586
V	412538	14587
V	412634	14588
V	412731	14589
V	412827	14590
V	412923	14591
V	413019	14592
V	413116	14593
V	413212	14594
V	413309	14595
V	413405	14596
V	413502	14597
V	413599	14598
V	413695	14599
V	413791	14600
V	413887	14601
V	413983	14602
V	414079	14603
V	414175	14604
V	414272	14605
V	414368	14606
V	414464	14607
V	414561	14608
V	414658	14609
V	414754	14610
V	414851	14611
V	414947	14612
V	415043	14613
V	415139	14614
V	415235	14615
V	415331	14616
V	415428	14617
V	415524	14618
V	415621	14619
V	415718	14620
V	415815	14621
V	415912	14622
V	416008	14623
V	416104	14624
V	416201	14625
V	416297	14626
V	416394	14627
V	416491	14628
V	416588	14629
V	416684	14630
V	416781	14631
V	416877	14632
V	416973	14633
V	417070	14634
V	417167	14635
V	417264	14636
V	417360	14637
V	417456	14638
V	417552	14639
V	417649	14640
V	417746	14641
V	417843	14642
V	417940	14643
V	418036	14644
V	418133	14645
V	418230	14646
V	418327	14647
V	418424	14648
V	418521	14649
V	418618	14650
V	418714	14651
V	418811	14652
V	418908	14653
V	419005	14654
V	419102	14655
V	419199	14656
V	419295	14657
V	419392	14658
V	419489	14659
V	419586	14660
V	419682	14661
V	419778	14662
V	419874	14663
V	419971	14664
V	420068	14665
V	420165	14666
V	420262	14667
V	420359	14668
V	420456	14669
V	420553	14670
V	420650	14671
V	420746	14672
V	420843	14673
V	420940	14674
V	421037	14675
V	421134	14676
V	421230	14677
V	421327	14678
V	421423	14679
V	421520	14680
V	421616	14681
V	421713	14682
V	421810	14683
V	421907	14684
V	422003	14685
V	422100	14686
V	422197	14687
V	422294	14688
V	422391	14689
V	422487	14690
V	422583	14691
V	422680	14692
V	422778	14693
V	422875	14694
V	422972	14695
V	423069	14696
V	423166	14697
V	423264	14698
V	423361	14699
V	423458	14700
V	423555	14701
V	423652	14702
V	423750	14703
V	423846	14704
V	423943	14705
V	424040	14706
V	424137	14707
V	424233	14708
V	424329	14709
V	424425	14710
V	424521	14711
V	424617	14712
V	424714	14713
V	424811	14714
V	424908	14715
V	425005	14716
V	425101	14717
V	425197	14718
V	425293	14719
V	425389	14720
V	425487	14721
V	425584	14722
V	425680	14723
V	425777	14724
V	425874	14725
V	425971	14726
V	426067	14727
V	426163	14728
V	426260	14729
V	426357	14730
V	426454	14731
V	426550	14732
V	426646	14733
V	426742	14734
V	426839	14735
V	426935	14736
V	427032	14737
V	427128	14738
V	427225	14739
V	427321	14740
V	427418	14741
V	427515	14742
V	427611	14743
V	427708	14744
V	427804	14745
V	427901	14746
V	427997	14747
V	428094	14748
V	428191	14749
V	428287	14750
V	428384	14751
V	428480	14752
V	428576	14753
V	428672	14754
V	428768	14755
V	428865	14756
V	428962	14757
V	429059	14758
V	429156	14759
V	429253	14760
V	429350	14761
V	429447	14762
V	429543	14763
V	429640	14764
V	429736	14765
V	429833	14766
V	429930	14767
V	430027	14768
V	430124	14769
V	430220	14770
V	430317	14771
V	430415	14772
V	430512	14773
V	430608	14774
V	430704	14775
V	430800	14776
V	430898	14777
V	430996	14778
V	431094	14779
V	431191	14780
V	431288	14781
V	431384	14782
V	431481	14783
V	431578	14784
V	431676	14785
V	431773	14786
V	431870	14787
V	431968	14788
V	432065	14789
V	432161	14790
V	432258	14791
V	432354	14792
V	432451	14793
V	432549	14794
V	432646	14795
V	432743	14796
V	432840	14797
V	432936	14798
V	433033	14799
V	433131	14800
V	433228	14801
V	433324	14802
V	433420	14803
V	433517	14804
V	433614	14805
V	433711	14806
V	433809	14807
V	433906	14808
V	434004	14809
V	434101	14810
V	434198	14811
V	434295	14812
V	434392	14813
V	434489	14814
V	434587	14815
V	434684	14816
V	434782	14817
V	434879	14818
V	434976	14819
V	435073	14820
V	435170	14821
V	435267	14822
V	435364	14823
V	435461	14824
V	435557	14825
V	435653	14826
V	435749	14827
V	435845	14828
V	435942	14829
V	436039	14830
V	436135	14831
V	436232	14832
V	436329	14833
V	436426	14834
V	436522	14835
V	436619	14836
V	436717	14837
V	436814	14838
V	436911	14839
V	437009	14840
V	437106	14841
V	437202	14842
V	437298	14843
V	437396	14844
V	437492	14845
V	437589	14846
V	437687	14847
V	437784	14848
V	437880	14849
V	437977	14850
V	438073	14851
V	438169	14852
V	438266	14853
V	438363	14854
V	438460	14855
V	438556	14856
V	438653	14857
V	438750	14858
V	438847	14859
V	438943	14860
V	439040	14861
V	439138	14862
V	439236	14863
V	439334	14864
V	439432	14865
V	439529	14866
V	439625	14867
V	439721	14868
V	439817	14869
V	439914	14870
V	440011	14871
V	440108	14872
V	440204	14873
V	440301	14874
V	440398	14875
V	440495	14876
V	440592	14877
V	440689	14878
V	440786	14879
V	440882	14880
V	440978	14881
V	441074	14882
V	441171	14883
V	441267	14884
V	441363	14885
V	441460	14886
V	441556	14887
V	441653	14888
V	441750	14889
V	441846	14890
V	441942	14891
V	442038	14892
V	442134	14893
V	442230	14894
V	442327	14895
V	442424	14896
V	442520	14897
V	442617	14898
V	442713	14899
V	442810	14900
V	442907	14901
V	443003	14902
V	443099	14903
V	443195	14904
V	443292	14905
V	443389	14906
V	443485	14907
V	443581	14908
V	443677	14909
V	443773	14910
V	443869	14911
V	443965	14912
V	444062	14913
V	444159	14914
V	444255	14915
V	444351	14916
V	444447	14917
V	444544	14918
V	444640	14919
V	444737	14920
V	444834	14921
V	444930	14922
V	445026	14923
V	445122	14924
V	445219	14925
V	445316	14926
V	445413	14927
V	445510	14928
V	445608	14929
V	445706	14930
V	445802	14931
V	445898	14932
V	445995	14933
V	446092	14934
V	446189	14935
V	446286	14936
V	446383	14937
V	446480	14938
V	446577	14939
V	446674	14940
V	446770	14941
V	446868	14942
V	446965	14943
V	447062	14944
V	447159	14945
V	447256	14946
V	447352	14947
V	447450	14948
V	447547	14949
V	447644	14950
V	447742	14951
V	447839	14952
V	447936	14953
V	448033	14954
V	448130	14955
V	448228	14956
V	448325	14957
V	448422	14958
V	448520	14959
V	448617	14960
V	448713	14961
V	448810	14962
V	448906	14963
V	449003	14964
V	449101	14965
V	449198	14966
V	449295	14967
V	449391	14968
V	449489	14969
V	449585	14970
V	449683	14971
V	449780	14972
V	449876	14973
V	449973	14974
V	450070	14975
V	450167	14976
V	450264	14977
V	450361	14978
V	450458	14979
V	450555	14980
V	450651	14981
V	450749	14982
V	450847	14983
V	450945	14984
V	451042	14985
V	451139	14986
V	451236	14987
V	451333	14988
V	451430	14989
V	451526	14990
V	451623	14991
V	451721	14992
V	451818	14993
V	451916	14994
V	452012	14995
V	452108	14996
V	452205	14997
V	452302	14998
V	452399	14999
V	452496	15000
V	452593	15001
V	452689	15002
V	452786	15003
V	452883	15004
V	452979	15005
V	453076	15006
V	453173	15007
V	453269	15008
V	453365	15009
V	453462	15010
V	453559	15011
V	453656	15012
V	453753	15013
V	453849	15014
V	453946	15015
V	454043	15016
V	454140	15017
V	454236	15018
V	454333	15019
V	454430	15020
V	454527	15021
V	454623	15022
V	454719	15023
V	454816	15024
V	454913	15025
V	455010	15026
V	455107	15027
V	455203	15028
V	455300	15029
V	455397	15030
V	455494	15031
V	455590	15032
V	455687	15033
V	455784	15034
V	455881	15035
V	455978	15036
V	456075	15037
V	456171	15038
V	456267	15039
V	456363	15040
V	456460	15041
V	456556	15042
V	456652	15043
V	456749	15044
V	456846	15045
V	456942	15046
V	457040	15047
V	457138	15048
V	457235	15049
V	457332	15050
V	457429	15051
V	457526	15052
V	457624	15053
V	457720	15054
V	457817	15055
V	457914	15056
V	458011	15057
V	458108	15058
V	458205	15059
V	458302	15060
V	458398	15061
V	458495	15062
V	458592	15063
V	458689	15064
V	458786	15065
V	458883	15066
V	458980	15067
V	459077	15068
V	459173	15069
V	459269	15070
V	459365	15071
V	459462	15072
V	459559	15073
V	459655	15074
V	459752	15075
V	459849	15076
V	459946	15077
V	460043	15078
V	460141	15079
V	460238	15080
V	460334	15081
V	460431	15082
V	460527	15083
V	460625	15084
V	460721	15085
V	460818	15086
V	460914	15087
V	461012	15088
V	461110	15089
V	461208	15090
V	461305	15091
V	461401	15092
V	461498	15093
V	461595	15094
V	461692	15095
V	461788	15096
V	461884	15097
V	461982	15098
V	462079	15099
V	462175	15100
V	462272	15101
V	462369	15102
V	462467	15103
V	462565	15104
V	462662	15105
V	462759	15106
V	462857	15107
V	462954	15108
V	463052	15109
V	463149	15110
V	463246	15111
V	463343	15112
V	463440	15113
V	463537	15114
V	463634	15115
V	463730	15116
V	463826	15117
V	463923	15118
V	464021	15119
V	464119	15120
V	464216	15121
V	464312	15122
V	464409	15123
V	464505	15124
V	464602	15125
V	464699	15126
V	464796	15127
V	464893	15128
V	464989	15129
V	465086	15130
V	465183	15131
V	465280	15132
V	465377	15133
V	465473	15134
V	465569	15135
V	465666	15136
V	465763	15137
V	465859	15138
V	465956	15139
V	466053	15140
V	466150	15141
V	466247	15142
V	466343	15143
V	466440	15144
V	466536	15145
V	466633	15146
V	466729	15147
V	466826	15148
V	466922	15149
V	467018	15150
V	467115	15151
V	467211	15152
V	467308	15153
V	467404	15154
V	467501	15155
V	467597	15156
V	467693	15157
V	467790	15158
V	467887	15159
V	467983	15160
V	468080	15161
V	468176	15162
V	468273	15163
V	468370	15164
V	468466	15165
V	468563	15166
V	468659	15167
V	468756	15168
V	468853	15169
V	468950	15170
V	469046	15171
V	469143	15172
V	469240	15173
V	469337	15174
V	469433	15175
V	469530	15176
V	469626	15177
V	469723	15178
V	469819	15179
V	469916	15180
V	470013	15181
V	470109	15182
V	470205	15183
V	470301	15184
V	470398	15185
V	470495	15186
V	470592	15187
V	470689	15188
V	470786	15189
V	470883	15190
V	470979	15191
V	471075	15192
V	471171	15193
V	471268	15194
V	471365	15195
V	471462	15196
V	471559	15197
V	471655	15198
V	471752	15199
V	471849	15200
V	471945	15201
V	472041	15202
V	472138	15203
V	472235	15204
V	472331	15205
V	472427	15206
V	472523	15207
V	472619	15208
V	472716	15209
V	472813	15210
V	472909	15211
V	473005	15212
V	473102	15213
V	473199	15214
V	473295	15215
V	473391	15216
V	473488	15217
V	473584	15218
V	473681	15219
V	473778	15220
V	473874	15221
V	473971	15222
V	474068	15223
V	474164	15224
V	474261	15225
V	474357	15226
V	474454	15227
V	474550	15228
V	474646	15229
V	474742	15230
V	474839	15231
V	474935	15232
V	475032	15233
V	475128	15234
V	475225	15235
V	475322	15236
V	475419	15237
V	475515	15238
V	475612	15239
V	475708	15240
V	475805	15241
V	475901	15242
V	475997	15243
V	476094	15244
V	476191	15245
V	476288	15246
V	476385	15247
V	476481	15248
V	476577	15249
V	476674	15250
V	476771	15251
V	476868	15252
V	476964	15253
V	477060	15254
V	477156	15255
V	477253	15256
V	477350	15257
V	477447	15258
V	477544	15259
V	477640	15260
V	477737	15261
V	477834	15262
V	477930	15263
V	478026	15264
V	478123	15265
V	478220	15266
V	478317	15267
V	478414	15268
V	478510	15269
V	478607	15270
V	478703	15271
V	478799	15272
V	478895	15273
V	478991	15274
V	479088	15275
V	479185	15276
V	479282	15277
V	479378	15278
V	479474	15279
V	479571	15280
V	479667	15281
V	479764	15282
V	479861	15283
V	479957	15284
V	480054	15285
V	480151	15286
V	480248	15287
V	480345	15288
V	480441	15289
V	480537	15290
V	480633	15291
V	480730	15292
V	480827	15293
V	480924	15294
V	481021	15295
V	481118	15296
V	481215	15297
V	481312	15298
V	481409	15299
V	481505	15300
V	481602	15301
V	481699	15302
V	481796	15303
V	481892	15304
V	481988	15305
V	482084	15306
V	482181	15307
V	482278	15308
V	482375	15309
V	482472	15310
V	482568	15311
V	482665	15312
V	482761	15313
V	482858	15314
V	482955	15315
V	483051	15316
V	483148	15317
V	483245	15318
V	483342	15319
V	483438	15320
V	483535	15321
V	483631	15322
V	483728	15323
V	483824	15324
V	483921	15325
V	484017	15326
V	484114	15327
V	484211	15328
V	484307	15329
V	484404	15330
V	484500	15331
V	484597	15332
V	484693	15333
V	484790	15334
V	484887	15335
V	484984	15336
V	485080	15337
V	485177	15338
V	485274	15339
V	485370	15340
V	485466	15341
V	485563	15342
V	485659	15343
V	485756	15344
V	485852	15345
V	485949	15346
V	486045	15347
V	486141	15348
V	486238	15349
V	486335	15350
V	486432	15351
V	486528	15352
V	486625	15353
V	486722	15354
V	486820	15355
V	486917	15356
V	487014	15357
V	487111	15358
V	487207	15359
V	487303	15360
V	487400	15361
V	487496	15362
V	487593	15363
V	487689	15364
V	487786	15365
V	487883	15366
V	487980	15367
V	488077	15368
V	488174	15369
V	488271	15370
V	488367	15371
V	488463	15372
V	488560	15373
V	488657	15374
V	488753	15375
V	488850	15376
V	488947	15377
V	489044	15378
V	489141	15379
V	489237	15380
V	489334	15381
V	489430	15382
V	489526	15383
V	489623	15384
V	489719	15385
V	489816	15386
V	489913	15387
V	490009	15388
V	490106	15389
V	490203	15390
V	490300	15391
V	490396	15392
V	490493	15393
V	490589	15394
V	490686	15395
V	490783	15396
V	490880	15397
V	490976	15398
V	491072	15399
V	491168	15400
V	491265	15401
V	491362	15402
V	491459	15403
V	491556	15404
V	491653	15405
V	491750	15406
V	491846	15407
V	491943	15408
V	492040	15409
V	492137	15410
V	492234	15411
V	492331	15412
V	492427	15413
V	492524	15414
V	492621	15415
V	492718	15416
V	492815	15417
V	492911	15418
V	493008	15419
V	493105	15420
V	493202	15421
V	493299	15422
V	493395	15423
V	493491	15424
V	493588	15425
V	493685	15426
V	493781	15427
V	493877	15428
V	493974	15429
V	494070	15430
V	494166	15431
V	494263	15432
V	494359	15433
V	494455	15434
V	494552	15435
V	494648	15436
V	494745	15437
V	494842	15438
V	494939	15439
V	495036	15440
V	495134	15441
V	495232	15442
V	495329	15443
V	495426	15444
V	495524	15445
V	495621	15446
V	495717	15447
V	495813	15448
V	495911	15449
V	496008	15450
V	496105	15451
V	496202	15452
V	496299	15453
V	496396	15454
V	496493	15455
V	496590	15456
V	496687	15457
V	496783	15458
V	496880	15459
V	496976	15460
V	497073	15461
V	497170	15462
V	497267	15463
V	497363	15464
V	497459	15465
V	497555	15466
V	497652	15467
V	497748	15468
V	497845	15469
V	497941	15470
V	498038	15471
V	498135	15472
V	498232	15473
V	498328	15474
V	498424	15475
V	498521	15476
V	498618	15477
V	498715	15478
V	498811	15479
V	498908	15480
V	499005	15481
V	499101	15482
V	499197	15483
V	499294	15484
V	499390	15485
V	499487	15486
V	499583	15487
V	499680	15488
V	499777	15489
V	499874	15490
V	499971	15491
V	500067	15492
V	500164	15493
V	500260	15494
V	500356	15495
V	500453	15496
V	500550	15497
V	500646	15498
V	500742	15499
V	500839	15500
V	500936	15501
V	501032	15502
V	501129	15503
V	501225	15504
V	501322	15505
V	501418	15506
V	501515	15507
V	501611	15508
V	501708	15509
V	501804	15510
V	501900	15511
V	501996	15512
V	502092	15513
V	502189	15514
V	502285	15515
V	502382	15516
V	502479	15517
V	502576	15518
V	502673	15519
V	502769	15520
V	502866	15521
V	502963	15522
V	503059	15523
V	503155	15524
V	503251	15525
V	503348	15526
V	503444	15527
V	503541	15528
V	503638	15529
V	503735	15530
V	503832	15531
V	503928	15532
V	504025	15533
V	504121	15534
V	504218	15535
V	504315	15536
V	504412	15537
V	504509	15538
V	504605	15539
V	504701	15540
V	504798	15541
V	504894	15542
V	504991	15543
V	505088	15544
V	505185	15545
V	505282	15546
V	505378	15547
V	505474	15548
V	505571	15549
V	505667	15550
V	505764	15551
V	505860	15552
V	505957	15553
V	506053	15554
V	506149	15555
V	506245	15556
V	506342	15557
V	506439	15558
V	506535	15559
V	506632	15560
V	506728	15561
V	506825	15562
V	506922	15563
V	507019	15564
V	507116	15565
V	507213	15566
V	507309	15567
V	507405	15568
V	507501	15569
V	507598	15570
V	507695	15571
V	507792	15572
V	507889	15573
V	507986	15574
V	508083	15575
V	508179	15576
V	508275	15577
V	508371	15578
V	508468	15579
V	508564	15580
V	508661	15581
V	508757	15582
V	508854	15583
V	508951	15584
V	509048	15585
V	509145	15586
V	509242	15587
V	509338	15588
V	509435	15589
V	509531	15590
V	509628	15591
V	509725	15592
V	509821	15593
V	509918	15594
V	510015	15595
V	510112	15596
V	510208	15597
V	510305	15598
V	510402	15599
V	510498	15600
V	510595	15601
V	510692	15602
V	510789	15603
V	510886	15604
V	510982	15605
V	511079	15606
V	511175	15607
V	511272	15608
V	511368	15609
V	511464	15610
V	511561	15611
V	511658	15612
V	511755	15613
V	511852	15614
V	511949	15615
V	512047	15616
V	512143	15617
V	512240	15618
V	512336	15619
V	512433	15620
V	512530	15621
V	512628	15622
V	512724	15623
V	512821	15624
V	512917	15625
V	513014	15626
V	513110	15627
V	513207	15628
V	513304	15629
V	513401	15630
V	513499	15631
V	513597	15632
V	513695	15633
V	513791	15634
V	513889	15635
V	513987	15636
V	514084	15637
V	514181	15638
V	514278	15639
V	514374	15640
V	514471	15641
V	514567	15642
V	514663	15643
V	514760	15644
V	514856	15645
V	514953	15646
V	515050	15647
V	515147	15648
V	515243	15649
V	515340	15650
V	515436	15651
V	515532	15652
V	515630	15653
V	515728	15654
V	515824	15655
V	515920	15656
V	516016	15657
V	516114	15658
V	516211	15659
V	516307	15660
V	516405	15661
V	516503	15662
V	516601	15663
V	516697	15664
V	516794	15665
V	516891	15666
V	516987	15667
V	517084	15668
V	517181	15669
V	517278	15670
V	517374	15671
V	517472	15672
V	517568	15673
V	517665	15674
V	517761	15675
V	517858	15676
V	517955	15677
V	518052	15678
V	518149	15679
V	518245	15680
V	518341	15681
V	518439	15682
V	518536	15683
V	518632	15684
V	518728	15685
V	518825	15686
V	518923	15687
V	519020	15688
V	519117	15689
V	519214	15690
V	519311	15691
V	519409	15692
V	519507	15693
V	519603	15694
V	519700	15695
V	519798	15696
V	519894	15697
V	519991	15698
V	520088	15699
V	520186	15700
V	520282	15701
V	520380	15702
V	520477	15703
V	520574	15704
V	520671	15705
V	520767	15706
V	520864	15707
V	520961	15708
V	521057	15709
V	521154	15710
V	521251	15711
V	521349	15712
V	521447	15713
V	521545	15714
V	521642	15715
V	521739	15716
V	521836	15717
V	521932	15718
V	522028	15719
V	522125	15720
V	522221	15721
V	522317	15722
V	522413	15723
V	522509	15724
V	522606	15725
V	522703	15726
V	522799	15727
V	522896	15728
V	522993	15729
V	523089	15730
V	523186	15731
V	523283	15732
V	523380	15733
V	523477	15734
V	523574	15735
V	523671	15736
V	523767	15737
V	523864	15738
V	523961	15739
V	524058	15740
V	524155	15741
V	524252	15742
V	524349	15743
V	524446	15744
V	524542	15745
V	524639	15746
V	524736	15747
V	524833	15748
V	524929	15749
V	525026	15750
V	525122	15751
V	525218	15752
V	525315	15753
V	525412	15754
V	525509	15755
V	525605	15756
V	525702	15757
V	525799	15758
V	525896	15759
V	525992	15760
V	526089	15761
V	526185	15762
V	526282	15763
V	526378	15764
V	526475	15765
V	526571	15766
V	526667	15767
V	526764	15768
V	526861	15769
V	526957	15770
V	527054	15771
V	527150	15772
V	527247	15773
V	527343	15774
V	527439	15775
V	527535	15776
V	527632	15777
V	527729	15778
V	527826	15779
V	527922	15780
V	528018	15781
V	528114	15782
V	528210	15783
V	528306	15784
V	528402	15785
V	528499	15786
V	528596	15787
V	528693	15788
V	528790	15789
V	528886	15790
V	528983	15791
V	529080	15792
V	529176	15793
V	529273	15794
V	529369	15795
V	529466	15796
V	529563	15797
V	529660	15798
V	529757	15799
V	529854	15800
V	529950	15801
V	530047	15802
V	530143	15803
V	530240	15804
V	530337	15805
V	530434	15806
V	530530	15807
V	530626	15808
V	530723	15809
V	530819	15810
V	530915	15811
V	531011	15812
V	531108	15813
V	531205	15814
V	531302	15815
V	531399	15816
V	531496	15817
V	531593	15818
V	531689	15819
V	531785	15820
V	531882	15821
V	531979	15822
V	532075	15823
V	532171	15824
V	532268	15825
V	532364	15826
V	532460	15827
V	532556	15828
V	532653	15829
V	532750	15830
V	532847	15831
V	532944	15832
V	533041	15833
V	533138	15834
V	533235	15835
V	533331	15836
V	533427	15837
V	533524	15838
V	533621	15839
V	533718	15840
V	533814	15841
V	533910	15842
V	534006	15843
V	534103	15844
V	534200	15845
V	534296	15846
V	534393	15847
V	534489	15848
V	534586	15849
V	534683	15850
V	534780	15851
V	534877	15852
V	534974	15853
V	535071	15854
V	535167	15855
V	535264	15856
V	535360	15857
V	535457	15858
V	535554	15859
V	535650	15860
V	535747	15861
V	535843	15862
V	535940	15863
V	536037	15864
V	536133	15865
V	536229	15866
V	536326	15867
V	536423	15868
V	536519	15869
V	536616	15870
V	536712	15871
V	536808	15872
V	536904	15873
V	537000	15874
V	537097	15875
V	537194	15876
V	537290	15877
V	537387	15878
V	537483	15879
V	537580	15880
V	537677	15881
V	537774	15882
V	537870	15883
V	537967	15884
V	538064	15885
V	538161	15886
V	538258	15887
V	538354	15888
V	538450	15889
V	538547	15890
V	538643	15891
V	538740	15892
V	538837	15893
V	538933	15894
V	539030	15895
V	539126	15896
V	539223	15897
V	539319	15898
V	539416	15899
V	539513	15900
V	539609	15901
V	539705	15902
V	539801	15903
V	539897	15904
V	539994	15905
V	540091	15906
V	540188	15907
V	540285	15908
V	540382	15909
V	540478	15910
V	540574	15911
V	540671	15912
V	540767	15913
V	540864	15914
V	540960	15915
V	541057	15916
V	541154	15917
V	541251	15918
V	541348	15919
V	541445	15920
V	541542	15921
V	541639	15922
V	541737	15923
V	541834	15924
V	541931	15925
V	542027	15926
V	542123	15927
V	542219	15928
V	542315	15929
V	542412	15930
V	542509	15931
V	542605	15932
V	542702	15933
V	542800	15934
V	542897	15935
V	542994	15936
V	543091	15937
V	543188	15938
V	543285	15939
V	543382	15940
V	543478	15941
V	543574	15942
V	543670	15943
V	543767	15944
V	543863	15945
V	543959	15946
V	544055	15947
V	544151	15948
V	544247	15949
V	544344	15950
V	544440	15951
V	544537	15952
V	544634	15953
V	544730	15954
V	544827	15955
V	544923	15956
V	545019	15957
V	545115	15958
V	545212	15959
V	545309	15960
V	545406	15961
V	545503	15962
V	545600	15963
V	545697	15964
V	545794	15965
V	545891	15966
V	545987	15967
V	546084	15968
V	546180	15969
V	546277	15970
V	546374	15971
V	546470	15972
V	546566	15973
V	546663	15974
V	546759	15975
V	546855	15976
V	546952	15977
V	547049	15978
V	547145	15979
V	547242	15980
V	547338	15981
V	547434	15982
V	547531	15983
V	547628	15984
V	547725	15985
V	547821	15986
V	547918	15987
V	548015	15988
V	548111	15989
V	548207	15990
V	548304	15991
V	548401	15992
V	548497	15993
V	548594	15994
V	548691	15995
V	548788	15996
V	548885	15997
V	548981	15998
V	549077	15999
V	549174	16000
V	549270	16001
V	549367	16002
V	549463	16003
V	549560	16004
V	549657	16005
V	549754	16006
V	549850	16007
V	549947	16008
V	550044	16009
V	550141	16010
V	550238	16011
V	550334	16012
V	550431	16013
V	550527	16014
V	550624	16015
V	550720	16016
V	550817	16017
V	550914	16018
V	551011	16019
V	551108	16020
V	551204	16021
V	551300	16022
V	551396	16023
V	551493	16024
V	551590	16025
V	551687	16026
V	551784	16027
V	551881	16028
V	551978	16029
V	552074	16030
V	552170	16031
V	552266	16032
V	552363	16033
V	552460	16034
V	552557	16035
V	552655	16036
V	552752	16037
V	552848	16038
V	552946	16039
V	553042	16040
V	553139	16041
V	553236	16042
V	553332	16043
V	553430	16044
V	553527	16045
V	553624	16046
V	553722	16047
V	553819	16048
V	553916	16049
V	554012	16050
V	554109	16051
V	554205	16052
V	554302	16053
V	554399	16054
V	554497	16055
V	554594	16056
V	554691	16057
V	554787	16058
V	554885	16059
V	554982	16060
V	555079	16061
V	555176	16062
V	555273	16063
V	555370	16064
V	555466	16065
V	555562	16066
V	555659	16067
V	555755	16068
V	555852	16069
V	555949	16070
V	556045	16071
V	556142	16072
V	556239	16073
V	556335	16074
V	556432	16075
V	556529	16076
V	556625	16077
V	556721	16078
V	556818	16079
V	556914	16080
V	557011	16081
V	557108	16082
V	557204	16083
V	557300	16084
V	557397	16085
V	557494	16086
V	557591	16087
V	557687	16088
V	557784	16089
V	557881	16090
V	557978	16091
V	558075	16092
V	558171	16093
V	558268	16094
V	558365	16095
V	558461	16096
V	558557	16097
V	558653	16098
V	558750	16099
V	558847	16100
V	558944	16101
V	559041	16102
V	559138	16103
V	559235	16104
V	559332	16105
V	559429	16106
V	559526	16107
V	559622	16108
V	559719	16109
V	559816	16110
V	559912	16111
V	560009	16112
V	560106	16113
V	560203	16114
V	560300	16115
V	560397	16116
V	560494	16117
V	560590	16118
V	560687	16119
V	560783	16120
V	560880	16121
V	560977	16122
V	561074	16123
V	561170	16124
V	561267	16125
V	561364	16126
V	561460	16127
V	561556	16128
V	561653	16129
V	561749	16130
V	561845	16131
V	561942	16132
V	562038	16133
V	562134	16134
V	562231	16135
V	562328	16136
V	562425	16137
V	562522	16138
V	562618	16139
V	562714	16140
V	562810	16141
V	562906	16142
V	563003	16143
V	563099	16144
V	563196	16145
V	563293	16146
V	563389	16147
V	563485	16148
V	563582	16149
V	563679	16150
V	563776	16151
V	563873	16152
V	563969	16153
V	564065	16154
V	564162	16155
V	564258	16156
V	564355	16157
V	564451	16158
V	564548	16159
V	564644	16160
V	564741	16161
V	564837	16162
V	564933	16163
V	565030	16164
V	565127	16165
V	565224	16166
V	565321	16167
V	565417	16168
V	565514	16169
V	565611	16170
V	565708	16171
V	565805	16172
V	565902	16173
V	565999	16174
V	566096	16175
V	566193	16176
V	566289	16177
V	566386	16178
V	566482	16179
V	566578	16180
V	566675	16181
V	566771	16182
V	566868	16183
V	566965	16184
V	567062	16185
V	567158	16186
V	567255	16187
V	567353	16188
V	567451	16189
V	567548	16190
V	567646	16191
V	567744	16192
V	567842	16193
V	567940	16194
V	568037	16195
V	568134	16196
V	568230	16197
V	568327	16198
V	568425	16199
V	568521	16200
V	568618	16201
V	568716	16202
V	568812	16203
V	568908	16204
V	569004	16205
V	569100	16206
V	569197	16207
V	569293	16208
V	569389	16209
V	569485	16210
V	569582	16211
V	569679	16212
V	569775	16213
V	569871	16214
V	569968	16215
V	570065	16216
V	570161	16217
V	570257	16218
V	570354	16219
V	570451	16220
V	570548	16221
V	570645	16222
V	570742	16223
V	570839	16224
V	570936	16225
V	571032	16226
V	571128	16227
V	571225	16228
V	571322	16229
V	571418	16230
V	571515	16231
V	571612	16232
V	571709	16233
V	571806	16234
V	571902	16235
V	571999	16236
V	572096	16237
V	572192	16238
V	572288	16239
V	572385	16240
V	572482	16241
V	572578	16242
V	572675	16243
V	572771	16244
V	572867	16245
V	572963	16246
V	573060	16247
V	573157	16248
V	573254	16249
V	573351	16250
V	573448	16251
V	573545	16252
V	573642	16253
V	573739	16254
V	573835	16255
V	573931	16256
V	574028	16257
V	574125	16258
V	574221	16259
V	574317	16260
V	574415	16261
V	574512	16262
V	574609	16263
V	574705	16264
V	574803	16265
V	574900	16266
V	574997	16267
V	575094	16268
V	575191	16269
V	575288	16270
V	575384	16271
V	575480	16272
V	575577	16273
V	575674	16274
V	575771	16275
V	575868	16276
V	575965	16277
V	576063	16278
V	576160	16279
V	576257	16280
V	576353	16281
V	576449	16282
V	576546	16283
V	576643	16284
V	576740	16285
V	576836	16286
V	576933	16287
V	577030	16288
V	577127	16289
V	577224	16290
V	577321	16291
V	577418	16292
V	577514	16293
V	577612	16294
V	577709	16295
V	577806	16296
V	577903	16297
V	577999	16298
V	578095	16299
V	578192	16300
V	578290	16301
V	578387	16302
V	578483	16303
V	578580	16304
V	578677	16305
V	578773	16306
V	578870	16307
V	578967	16308
V	579064	16309
V	579161	16310
V	579258	16311
V	579356	16312
V	579453	16313
V	579549	16314
V	579646	16315
V	579743	16316
V	579840	16317
V	579938	16318
V	580036	16319
V	580133	16320
V	580230	16321
V	580327	16322
V	580424	16323
V	580520	16324
V	580618	16325
V	580716	16326
V	580813	16327
V	580910	16328
V	581007	16329
V	581104	16330
V	581200	16331
V	581296	16332
V	581393	16333
V	581490	16334
V	581586	16335
V	581682	16336
V	581779	16337
V	581876	16338
V	581973	16339
V	582069	16340
V	582166	16341
V	582263	16342
V	582359	16343
V	582456	16344
V	582552	16345
V	582648	16346
V	582745	16347
V	582841	16348
V	582938	16349
V	583034	16350
V	583130	16351
V	583226	16352
V	583322	16353
V	583419	16354
V	583515	16355
V	583612	16356
V	583709	16357
V	583805	16358
V	583901	16359
V	583997	16360
V	584094	16361
V	584190	16362
V	584287	16363
V	584383	16364
V	584479	16365
V	584576	16366
V	584672	16367
V	584769	16368
V	584866	16369
V	584962	16370
V	585059	16371
V	585155	16372
V	585251	16373
V	585347	16374
V	585443	16375
V	585540	16376
V	585637	16377
V	585734	16378
V	585831	16379
V	585928	16380
V	586024	16381
V	586121	16382
V	586218	16383
V	586315	16384
V	586411	16385
V	586508	16386
V	586606	16387
V	586704	16388
V	586801	16389
V	586898	16390
V	586995	16391
V	587091	16392
V	587188	16393
V	587284	16394
V	587381	16395
V	587478	16396
V	587575	16397
V	587671	16398
V	587767	16399
V	587864	16400
V	587960	16401
V	588058	16402
V	588156	16403
V	588253	16404
V	588349	16405
V	588446	16406
V	588544	16407
V	588642	16408
V	588739	16409
V	588835	16410
V	588933	16411
V	589029	16412
V	589126	16413
V	589223	16414
V	589319	16415
V	589416	16416
V	589513	16417
V	589610	16418
V	589707	16419
V	589804	16420
V	589901	16421
V	589998	16422
V	590094	16423
V	590190	16424
V	590287	16425
V	590383	16426
V	590480	16427
V	590578	16428
V	590675	16429
V	590772	16430
V	590868	16431
V	590964	16432
V	591061	16433
V	591158	16434
V	591254	16435
V	591352	16436
V	591448	16437
V	591546	16438
V	591642	16439
V	591739	16440
V	591836	16441
V	591933	16442
V	592030	16443
V	592128	16444
V	592226	16445
V	592323	16446
V	592420	16447
V	592517	16448
V	592613	16449
V	592711	16450
V	592807	16451
V	592903	16452
V	593000	16453
V	593097	16454
V	593194	16455
V	593290	16456
V	593387	16457
V	593484	16458
V	593580	16459
V	593677	16460
V	593774	16461
V	593871	16462
V	593967	16463
V	594063	16464
V	594161	16465
V	594259	16466
V	594356	16467
V	594454	16468
V	594551	16469
V	594647	16470
V	594745	16471
V	594841	16472
V	594938	16473
V	595035	16474
V	595132	16475
V	595228	16476
V	595325	16477
V	595421	16478
V	595518	16479
V	595615	16480
V	595712	16481
V	595809	16482
V	595906	16483
V	596003	16484
V	596099	16485
V	596196	16486
V	596293	16487
V	596390	16488
V	596487	16489
V	596583	16490
V	596680	16491
V	596777	16492
V	596873	16493
V	596970	16494
V	597066	16495
V	597163	16496
V	597260	16497
V	597357	16498
V	597454	16499
V	597550	16500
V	597647	16501
V	597743	16502
V	597840	16503
V	597937	16504
V	598033	16505
V	598129	16506
V	598225	16507
V	598322	16508
V	598419	16509
V	598517	16510
V	598613	16511
V	598711	16512
V	598809	16513
V	598905	16514
V	599002	16515
V	599099	16516
V	599195	16517
V	599292	16518
V	599389	16519
V	599485	16520
V	599582	16521
V	599678	16522
V	599775	16523
V	599872	16524
V	599968	16525
V	600064	16526
V	600161	16527
V	600258	16528
V	600354	16529
V	600451	16530
V	600548	16531
V	600646	16532
V	600742	16533
V	600838	16534
V	600934	16535
V	601031	16536
V	601128	16537
V	601225	16538
V	601322	16539
V	601419	16540
V	601515	16541
V	601612	16542
V	601710	16543
V	601808	16544
V	601905	16545
V	602002	16546
V	602099	16547
V	602195	16548
V	602292	16549
V	602389	16550
V	602486	16551
V	602583	16552
V	602680	16553
V	602777	16554
V	602875	16555
V	602972	16556
V	603068	16557
V	603165	16558
V	603261	16559
V	603358	16560
V	603455	16561
V	603552	16562
V	603650	16563
V	603748	16564
V	603846	16565
V	603943	16566
V	604039	16567
V	604135	16568
V	604231	16569
V	604328	16570
V	604425	16571
V	604522	16572
V	604619	16573
V	604717	16574
V	604815	16575
V	604913	16576
V	605010	16577
V	605107	16578
V	605203	16579
V	605301	16580
V	605398	16581
V	605494	16582
V	605591	16583
V	605688	16584
V	605786	16585
V	605884	16586
V	605980	16587
V	606077	16588
V	606175	16589
V	606273	16590
V	606371	16591
V	606468	16592
V	606564	16593
V	606661	16594
V	606759	16595
V	606857	16596
V	606953	16597
V	607050	16598
V	607147	16599
V	607244	16600
V	607340	16601
V	607438	16602
V	607536	16603
V	607632	16604
V	607729	16605
V	607825	16606
V	607922	16607
V	608018	16608
V	608115	16609
V	608212	16610
V	608309	16611
V	608406	16612
V	608502	16613
V	608598	16614
V	608695	16615
V	608791	16616
V	608888	16617
V	608984	16618
V	609081	16619
V	609178	16620
V	609275	16621
V	609371	16622
V	609468	16623
V	609564	16624
V	609661	16625
V	609757	16626
V	609854	16627
V	609950	16628
V	610047	16629
V	610143	16630
V	610239	16631
V	610335	16632
V	610432	16633
V	610529	16634
V	610626	16635
V	610722	16636
V	610819	16637
V	610916	16638
V	611013	16639
V	611110	16640
V	611207	16641
V	611304	16642
V	611401	16643
V	611497	16644
V	611593	16645
V	611690	16646
V	611786	16647
V	611882	16648
V	611979	16649
V	612075	16650
V	612172	16651
V	612269	16652
V	612366	16653
V	612462	16654
V	612558	16655
V	612655	16656
V	612751	16657
V	612847	16658
V	612943	16659
V	613040	16660
V	613137	16661
V	613234	16662
V	613331	16663
V	613427	16664
V	613523	16665
V	613620	16666
V	613716	16667
V	613812	16668
V	613908	16669
V	614005	16670
V	614102	16671
V	614199	16672
V	614296	16673
V	614393	16674
V	614490	16675
V	614587	16676
V	614683	16677
V	614779	16678
V	614876	16679
V	614972	16680
V	615069	16681
V	615166	16682
V	615263	16683
V	615360	16684
V	615457	16685
V	615554	16686
V	615650	16687
V	615747	16688
V	615844	16689
V	615941	16690
V	616037	16691
V	616134	16692
V	616231	16693
V	616327	16694
V	616423	16695
V	616520	16696
V	616616	16697
V	616713	16698
V	616809	16699
V	616905	16700
V	617002	16701
V	617098	16702
V	617195	16703
V	617292	16704
V	617388	16705
V	617484	16706
V	617581	16707
V	617678	16708
V	617775	16709
V	617872	16710
V	617968	16711
V	618065	16712
V	618161	16713
V	618258	16714
V	618354	16715
V	618450	16716
V	618546	16717
V	618642	16718
V	618739	16719
V	618836	16720
V	618933	16721
V	619030	16722
V	619127	16723
V	619224	16724
V	619320	16725
V	619417	16726
V	619514	16727
V	619610	16728
V	619707	16729
V	619803	16730
V	619899	16731
V	619996	16732
V	620092	16733
V	620189	16734
V	620286	16735
V	620382	16736
V	620478	16737
V	620574	16738
V	620670	16739
V	620767	16740
V	620863	16741
V	620960	16742
V	621057	16743
V	621153	16744
V	621250	16745
V	621347	16746
V	621444	16747
V	621541	16748
V	621638	16749
V	621734	16750
V	621831	16751
V	621928	16752
V	622025	16753
V	622122	16754
V	622219	16755
V	622316	16756
V	622412	16757
V	622508	16758
V	622604	16759
V	622701	16760
V	622797	16761
V	622894	16762
V	622990	16763
V	623087	16764
V	623184	16765
V	623280	16766
V	623376	16767
V	623473	16768
V	623570	16769
V	623667	16770
V	623764	16771
V	623860	16772
V	623956	16773
V	624052	16774
V	624149	16775
V	624246	16776
V	624342	16777
V	624438	16778
V	624535	16779
V	624632	16780
V	624729	16781
V	624825	16782
V	624921	16783
V	625018	16784
V	625115	16785
V	625212	16786
V	625309	16787
V	625406	16788
V	625502	16789
V	625599	16790
V	625696	16791
V	625792	16792
V	625888	16793
V	625985	16794
V	626081	16795
V	626177	16796
V	626274	16797
V	626371	16798
V	626467	16799
V	626563	16800
V	626659	16801
V	626756	16802
V	626852	16803
V	626949	16804
V	627045	16805
V	627141	16806
V	627238	16807
V	627334	16808
V	627430	16809
V	627526	16810
V	627623	16811
V	627719	16812
V	627815	16813
V	627912	16814
V	628008	16815
V	628105	16816
V	628202	16817
V	628299	16818
V	628395	16819
V	628492	16820
V	628588	16821
V	628684	16822
V	628782	16823
V	628880	16824
V	628977	16825
V	629074	16826
V	629171	16827
V	629269	16828
V	629367	16829
V	629464	16830
V	629561	16831
V	629658	16832
V	629755	16833
V	629852	16834
V	629949	16835
V	630046	16836
V	630143	16837
V	630240	16838
V	630336	16839
V	630433	16840
V	630530	16841
V	630627	16842
V	630724	16843
V	630821	16844
V	630918	16845
V	631015	16846
V	631112	16847
V	631208	16848
V	631305	16849
V	631402	16850
V	631498	16851
V	631594	16852
V	631690	16853
V	631786	16854
V	631882	16855
V	631978	16856
V	632074	16857
V	632171	16858
V	632268	16859
V	632364	16860
V	632460	16861
V	632556	16862
V	632653	16863
V	632750	16864
V	632847	16865
V	632943	16866
V	633039	16867
V	633136	16868
V	633232	16869
V	633328	16870
V	633424	16871
V	633521	16872
V	633618	16873
V	633715	16874
V	633812	16875
V	633909	16876
V	634005	16877
V	634102	16878
V	634198	16879
V	634295	16880
V	634391	16881
V	634488	16882
V	634585	16883
V	634682	16884
V	634778	16885
V	634875	16886
V	634972	16887
V	635069	16888
V	635165	16889
V	635262	16890
V	635359	16891
V	635455	16892
V	635551	16893
V	635648	16894
V	635745	16895
V	635842	16896
V	635939	16897
V	636035	16898
V	636132	16899
V	636229	16900
V	636325	16901
V	636422	16902
V	636519	16903
V	636615	16904
V	636711	16905
V	636807	16906
V	636903	16907
V	637000	16908
V	637097	16909
V	637194	16910
V	637290	16911
V	637386	16912
V	637483	16913
V	637580	16914
V	637676	16915
V	637773	16916
V	637869	16917
V	637966	16918
V	638062	16919
V	638158	16920
V	638255	16921
V	638352	16922
V	638449	16923
V	638545	16924
V	638642	16925
V	638739	16926
V	638836	16927
V	638932	16928
V	639029	16929
V	639126	16930
V	639222	16931
V	639318	16932
V	639416	16933
V	639514	16934
V	639611	16935
V	639709	16936
V	639805	16937
V	639902	16938
V	640000	16939
V	640096	16940
V	640193	16941
V	640290	16942
V	640387	16943
V	640484	16944
V	640581	16945
V	640679	16946
V	640777	16947
V	640873	16948
V	640970	16949
V	641066	16950
V	641163	16951
V	641259	16952
V	641356	16953
V	641452	16954
V	641548	16955
V	641645	16956
V	641741	16957
V	641837	16958
V	641934	16959
V	642031	16960
V	642127	16961
V	642223	16962
V	642319	16963
V	642415	16964
V	642512	16965
V	642608	16966
V	642704	16967
V	642801	16968
V	642898	16969
V	642995	16970
V	643091	16971
V	643187	16972
V	643283	16973
V	643379	16974
V	643475	16975
V	643572	16976
V	643669	16977
V	643766	16978
V	643863	16979
V	643960	16980
V	644057	16981
V	644153	16982
V	644250	16983
V	644347	16984
V	644444	16985
V	644540	16986
V	644637	16987
V	644733	16988
V	644830	16989
V	644927	16990
V	645023	16991
V	645120	16992
V	645217	16993
V	645314	16994
V	645410	16995
V	645507	16996
V	645604	16997
V	645701	16998
V	645798	16999
V	645895	17000
V	645991	17001
V	646088	17002
V	646185	17003
V	646282	17004
V	646379	17005
V	646475	17006
V	646572	17007
V	646668	17008
V	646765	17009
V	646862	17010
V	646959	17011
V	647056	17012
V	647152	17013
V	647249	17014
V	647346	17015
V	647442	17016
V	647538	17017
V	647634	17018
V	647730	17019
V	647827	17020
V	647924	17021
V	648021	17022
V	648118	17023
V	648214	17024
V	648310	17025
V	648407	17026
V	648503	17027
V	648600	17028
V	648697	17029
V	648793	17030
V	648890	17031
V	648987	17032
V	649083	17033
V	649180	17034
V	649277	17035
V	649373	17036
V	649470	17037
V	649566	17038
V	649662	17039
V	649758	17040
V	649854	17041
V	649950	17042
V	650047	17043
V	650143	17044
V	650239	17045
V	650336	17046
V	650432	17047
V	650529	17048
V	650626	17049
V	650723	17050
V	650819	17051
V	650915	17052
V	651012	17053
V	651108	17054
V	651205	17055
V	651302	17056
V	651399	17057
V	651495	17058
V	651592	17059
V	651689	17060
V	651786	17061
V	651883	17062
V	651980	17063
V	652077	17064
V	652173	17065
V	652269	17066
V	652366	17067
V	652462	17068
V	652559	17069
V	652656	17070
V	652753	17071
V	652850	17072
V	652946	17073
V	653043	17074
V	653140	17075
V	653236	17076
V	653332	17077
V	653429	17078
V	653526	17079
V	653623	17080
V	653719	17081
V	653816	17082
V	653913	17083
V	654009	17084
V	654106	17085
V	654204	17086
V	654300	17087
V	654398	17088
V	654494	17089
V	654591	17090
V	654688	17091
V	654784	17092
V	654880	17093
V	654977	17094
V	655074	17095
V	655171	17096
V	655268	17097
V	655365	17098
V	655463	17099
V	655560	17100
V	655657	17101
V	655755	17102
V	655851	17103
V	655947	17104
V	656043	17105
V	656141	17106
V	656238	17107
V	656334	17108
V	656431	17109
V	656528	17110
V	656626	17111
V	656723	17112
V	656820	17113
V	656916	17114
V	657012	17115
V	657110	17116
V	657207	17117
V	657303	17118
V	657399	17119
V	657496	17120
V	657592	17121
V	657689	17122
V	657785	17123
V	657882	17124
V	657978	17125
V	658074	17126
V	658170	17127
V	658266	17128
V	658363	17129
V	658459	17130
V	658555	17131
V	658652	17132
V	658748	17133
V	658845	17134
V	658942	17135
V	659038	17136
V	659134	17137
V	659230	17138
V	659326	17139
V	659422	17140
V	659519	17141
V	659615	17142
V	659712	17143
V	659808	17144
V	659904	17145
V	660001	17146
V	660098	17147
V	660194	17148
V	660290	17149
V	660387	17150
V	660483	17151
V	660580	17152
V	660676	17153
V	660773	17154
V	660869	17155
V	660966	17156
V	661062	17157
V	661158	17158
V	661255	17159
V	661352	17160
V	661449	17161
V	661546	17162
V	661643	17163
V	661739	17164
V	661836	17165
V	661933	17166
V	662029	17167
V	662125	17168
V	662222	17169
V	662319	17170
V	662416	17171
V	662513	17172
V	662610	17173
V	662706	17174
V	662802	17175
V	662898	17176
V	662995	17177
V	663092	17178
V	663188	17179
V	663284	17180
V	663381	17181
V	663478	17182
V	663575	17183
V	663672	17184
V	663768	17185
V	663865	17186
V	663963	17187
V	664060	17188
V	664156	17189
V	664252	17190
V	664348	17191
V	664444	17192
V	664542	17193
V	664639	17194
V	664735	17195
V	664831	17196
V	664928	17197
V	665024	17198
V	665120	17199
V	665217	17200
V	665314	17201
V	665411	17202
V	665508	17203
V	665606	17204
V	665703	17205
V	665800	17206
V	665897	17207
V	665995	17208
V	666092	17209
V	666188	17210
V	666284	17211
V	666380	17212
V	666476	17213
V	666573	17214
V	666670	17215
V	666767	17216
V	666864	17217
V	666960	17218
V	667058	17219
V	667155	17220
V	667251	17221
V	667348	17222
V	667445	17223
V	667541	17224
V	667637	17225
V	667735	17226
V	667832	17227
V	667929	17228
V	668026	17229
V	668122	17230
V	668219	17231
V	668316	17232
V	668413	17233
V	668509	17234
V	668605	17235
V	668702	17236
V	668798	17237
V	668894	17238
V	668990	17239
V	669087	17240
V	669183	17241
V	669280	17242
V	669376	17243
V	669472	17244
V	669569	17245
V	669665	17246
V	669761	17247
V	669858	17248
V	669955	17249
V	670052	17250
V	670149	17251
V	670245	17252
V	670342	17253
V	670439	17254
V	670536	17255
V	670632	17256
V	670728	17257
V	670825	17258
V	670921	17259
V	671017	17260
V	671114	17261
V	671210	17262
V	671307	17263
V	671404	17264
V	671500	17265
V	671597	17266
V	671694	17267
V	671790	17268
V	671887	17269
V	671983	17270
V	672080	17271
V	672177	17272
V	672274	17273
V	672371	17274
V	672467	17275
V	672564	17276
V	672660	17277
V	672757	17278
V	672853	17279
V	672950	17280
V	673046	17281
V	673142	17282
V	673239	17283
V	673336	17284
V	673433	17285
V	673530	17286
V	673627	17287
V	673724	17288
V	673821	17289
V	673917	17290
V	674014	17291
V	674111	17292
V	674208	17293
V	674305	17294
V	674401	17295
V	674498	17296
V	674595	17297
V	674691	17298
V	674788	17299
V	674885	17300
V	674981	17301
V	675077	17302
V	675173	17303
V	675269	17304
V	675365	17305
V	675461	17306
V	675557	17307
V	675653	17308
V	675749	17309
V	675846	17310
V	675943	17311
V	676039	17312
V	676135	17313
V	676231	17314
V	676327	17315
V	676423	17316
V	676519	17317
V	676616	17318
V	676712	17319
V	676809	17320
V	676906	17321
V	677002	17322
V	677099	17323
V	677196	17324
V	677292	17325
V	677388	17326
V	677484	17327
V	677580	17328
V	677676	17329
V	677773	17330
V	677870	17331
V	677967	17332
V	678064	17333
V	678161	17334
V	678258	17335
V	678355	17336
V	678452	17337
V	678548	17338
V	678644	17339
V	678741	17340
V	678838	17341
V	678934	17342
V	679031	17343
V	679128	17344
V	679225	17345
V	679321	17346
V	679417	17347
V	679513	17348
V	679609	17349
V	679705	17350
V	679801	17351
V	679897	17352
V	679993	17353
V	680090	17354
V	680186	17355
V	680283	17356
V	680379	17357
V	680476	17358
V	680572	17359
V	680668	17360
V	680764	17361
V	680860	17362
V	680956	17363
V	681053	17364
V	681150	17365
V	681246	17366
V	681342	17367
V	681438	17368
V	681535	17369
V	681632	17370
V	681729	17371
V	681825	17372
V	681922	17373
V	682018	17374
V	682114	17375
V	682211	17376
V	682308	17377
V	682404	17378
V	682500	17379
V	682596	17380
V	682693	17381
V	682790	17382
V	682886	17383
V	682983	17384
V	683080	17385
V	683177	17386
V	683274	17387
V	683371	17388
V	683468	17389
V	683564	17390
V	683660	17391
V	683756	17392
V	683853	17393
V	683949	17394
V	684046	17395
V	684142	17396
V	684238	17397
V	684334	17398
V	684431	17399
V	684528	17400
V	684625	17401
V	684722	17402
V	684819	17403
V	684916	17404
V	685013	17405
V	685110	17406
V	685206	17407
V	685303	17408
V	685400	17409
V	685496	17410
V	685593	17411
V	685690	17412
V	685786	17413
V	685882	17414
V	685979	17415
V	686076	17416
V	686173	17417
V	686270	17418
V	686367	17419
V	686464	17420
V	686560	17421
V	686656	17422
V	686753	17423
V	686849	17424
V	686946	17425
V	687042	17426
V	687138	17427
V	687234	17428
V	687330	17429
V	687426	17430
V	687522	17431
V	687619	17432
V	687715	17433
V	687812	17434
V	687909	17435
V	688005	17436
V	688102	17437
V	688199	17438
V	688296	17439
V	688393	17440
V	688490	17441
V	688586	17442
V	688682	17443
V	688779	17444
V	688875	17445
V	688972	17446
V	689069	17447
V	689166	17448
V	689262	17449
V	689359	17450
V	689455	17451
V	689551	17452
V	689648	17453
V	689744	17454
V	689841	17455
V	689937	17456
V	690034	17457
V	690131	17458
V	690228	17459
V	690324	17460
V	690421	17461
V	690518	17462
V	690615	17463
V	690712	17464
V	690808	17465
V	690904	17466
V	691001	17467
V	691098	17468
V	691194	17469
V	691290	17470
V	691386	17471
V	691483	17472
V	691580	17473
V	691676	17474
V	691773	17475
V	691870	17476
V	691966	17477
V	692062	17478
V	692159	17479
V	692255	17480
V	692351	17481
V	692448	17482
V	692544	17483
V	692641	17484
V	692737	17485
V	692833	17486
V	692929	17487
V	693026	17488
V	693123	17489
V	693220	17490
V	693317	17491
V	693414	17492
V	693510	17493
V	693607	17494
V	693704	17495
V	693801	17496
V	693898	17497
V	693994	17498
V	694091	17499
V	694187	17500
V	694283	17501
V	694380	17502
V	694476	17503
V	694573	17504
V	694670	17505
V	694767	17506
V	694863	17507
V	694960	17508
V	695056	17509
V	695152	17510
V	695248	17511
V	695345	17512
V	695441	17513
V	695538	17514
V	695634	17515
V	695731	17516
V	695827	17517
V	695924	17518
V	696021	17519
V	696117	17520
V	696213	17521
V	696310	17522
V	696406	17523
V	696502	17524
V	696599	17525
V	696696	17526
V	696793	17527
V	696889	17528
V	696986	17529
V	697082	17530
V	697179	17531
V	697276	17532
V	697372	17533
V	697468	17534
V	697564	17535
V	697661	17536
V	697758	17537
V	697855	17538
V	697952	17539
V	698049	17540
V	698146	17541
V	698242	17542
V	698338	17543
V	698435	17544
V	698532	17545
V	698629	17546
V	698725	17547
V	698822	17548
V	698919	17549
V	699016	17550
V	699113	17551
V	699210	17552
V	699307	17553
V	699403	17554
V	699500	17555
V	699597	17556
V	699694	17557
V	699791	17558
V	699887	17559
V	699984	17560
V	700080	17561
V	700177	17562
V	700273	17563
V	700369	17564
V	700466	17565
V	700562	17566
V	700659	17567
V	700756	17568
V	700852	17569
V	700948	17570
V	701045	17571
V	701141	17572
V	701237	17573
V	701333	17574
V	701430	17575
V	701526	17576
V	701623	17577
V	701720	17578
V	701817	17579
V	701913	17580
V	702010	17581
V	702106	17582
V	702203	17583
V	702299	17584
V	702395	17585
V	702492	17586
V	702588	17587
V	702685	17588
V	702782	17589
V	702878	17590
V	702975	17591
V	703072	17592
V	703169	17593
V	703266	17594
V	703362	17595
V	703459	17596
V	703555	17597
V	703652	17598
V	703749	17599
V	703846	17600
V	703943	17601
V	704040	17602
V	704136	17603
V	704232	17604
V	704329	17605
V	704426	17606
V	704522	17607
V	704618	17608
V	704715	17609
V	704811	17610
V	704908	17611
V	705004	17612
V	705100	17613
V	705197	17614
V	705294	17615
V	705390	17616
V	705487	17617
V	705583	17618
V	705679	17619
V	705776	17620
V	705872	17621
V	705969	17622
V	706066	17623
V	706163	17624
V	706260	17625
V	706357	17626
V	706454	17627
V	706552	17628
V	706650	17629
V	706747	17630
V	706843	17631
V	706939	17632
V	707037	17633
V	707134	17634
V	707230	17635
V	707327	17636
V	707424	17637
V	707521	17638
V	707617	17639
V	707714	17640
V	707811	17641
V	707907	17642
V	708004	17643
V	708101	17644
V	708199	17645
V	708297	17646
V	708394	17647
V	708491	17648
V	708587	17649
V	708685	17650
V	708782	17651
V	708878	17652
V	708975	17653
V	709072	17654
V	709168	17655
V	709264	17656
V	709361	17657
V	709458	17658
V	709554	17659
V	709650	17660
V	709746	17661
V	709843	17662
V	709939	17663
V	710036	17664
V	710132	17665
V	710228	17666
V	710325	17667
V	710421	17668
V	710518	17669
V	710615	17670
V	710711	17671
V	710808	17672
V	710904	17673
V	711001	17674
V	711097	17675
V	711193	17676
V	711289	17677
V	711386	17678
V	711482	17679
V	711579	17680
V	711675	17681
V	711772	17682
V	711868	17683
V	711964	17684
V	712061	17685
V	712158	17686
V	712254	17687
V	712350	17688
V	712447	17689
V	712544	17690
V	712640	17691
V	712736	17692
V	712833	17693
V	712929	17694
V	713025	17695
V	713121	17696
V	713218	17697
V	713315	17698
V	713412	17699
V	713509	17700
V	713607	17701
V	713704	17702
V	713802	17703
V	713899	17704
V	713996	17705
V	714094	17706
V	714191	17707
V	714287	17708
V	714384	17709
V	714482	17710
V	714579	17711
V	714676	17712
V	714773	17713
V	714870	17714
V	714967	17715
V	715065	17716
V	715161	17717
V	715258	17718
V	715355	17719
V	715452	17720
V	715549	17721
V	715645	17722
V	715741	17723
V	715839	17724
V	715936	17725
V	716033	17726
V	716129	17727
V	716226	17728
V	716322	17729
V	716418	17730
V	716514	17731
V	716611	17732
V	716708	17733
V	716804	17734
V	716901	17735
V	716997	17736
V	717093	17737
V	717190	17738
V	717286	17739
V	717383	17740
V	717480	17741
V	717576	17742
V	717673	17743
V	717771	17744
V	717869	17745
V	717966	17746
V	718062	17747
V	718159	17748
V	718255	17749
V	718352	17750
V	718449	17751
V	718546	17752
V	718642	17753
V	718740	17754
V	718837	17755
V	718934	17756
V	719031	17757
V	719129	17758
V	719226	17759
V	719323	17760
V	719421	17761
V	719518	17762
V	719615	17763
V	719712	17764
V	719808	17765
V	719905	17766
V	720001	17767
V	720097	17768
V	720194	17769
V	720291	17770
V	720387	17771
V	720484	17772
V	720581	17773
V	720678	17774
V	720775	17775
V	720872	17776
V	720970	17777
V	721066	17778
V	721163	17779
V	721260	17780
V	721357	17781
V	721453	17782
V	721551	17783
V	721648	17784
V	721744	17785
V	721842	17786
V	721940	17787
V	722037	17788
V	722134	17789
V	722231	17790
V	722328	17791
V	722425	17792
V	722522	17793
V	722620	17794
V	722717	17795
V	722814	17796
V	722910	17797
V	723006	17798
V	723104	17799
V	723201	17800
V	723298	17801
V	723394	17802
V	723490	17803
V	723588	17804
V	723685	17805
V	723782	17806
V	723879	17807
V	723977	17808
V	724074	17809
V	724171	17810
V	724268	17811
V	724365	17812
V	724463	17813
V	724561	17814
V	724658	17815
V	724755	17816
V	724852	17817
V	724949	17818
V	725045	17819
V	725143	17820
V	725241	17821
V	725338	17822
V	725434	17823
V	725530	17824
V	725627	17825
V	725724	17826
V	725820	17827
V	725916	17828
V	726014	17829
V	726111	17830
V	726208	17831
V	726304	17832
V	726400	17833
V	726497	17834
V	726593	17835
V	726691	17836
V	726787	17837
V	726883	17838
V	726981	17839
V	727079	17840
V	727177	17841
V	727275	17842
V	727372	17843
V	727469	17844
V	727566	17845
V	727662	17846
V	727759	17847
V	727856	17848
V	727952	17849
V	728050	17850
V	728146	17851
V	728242	17852
V	728339	17853
V	728435	17854
V	728532	17855
V	728630	17856
V	728727	17857
V	728823	17858
V	728920	17859
V	729016	17860
V	729112	17861
V	729208	17862
V	729305	17863
V	729401	17864
V	729498	17865
V	729595	17866
V	729692	17867
V	729788	17868
V	729885	17869
V	729982	17870
V	730078	17871
V	730174	17872
V	730271	17873
V	730368	17874
V	730465	17875
V	730561	17876
V	730657	17877
V	730754	17878
V	730850	17879
V	730948	17880
V	731046	17881
V	731144	17882
V	731241	17883
V	731338	17884
V	731435	17885
V	731531	17886
V	731628	17887
V	731726	17888
V	731823	17889
V	731920	17890
V	732018	17891
V	732114	17892
V	732211	17893
V	732308	17894
V	732404	17895
V	732502	17896
V	732600	17897
V	732696	17898
V	732792	17899
V	732889	17900
V	732985	17901
V	733082	17902
V	733178	17903
V	733276	17904
V	733373	17905
V	733469	17906
V	733566	17907
V	733662	17908
V	733759	17909
V	733856	17910
V	733952	17911
V	734049	17912
V	734146	17913
V	734243	17914
V	734340	17915
V	734436	17916
V	734533	17917
V	734629	17918
V	734725	17919
V	734822	17920
V	734919	17921
V	735016	17922
V	735113	17923
V	735210	17924
V	735306	17925
V	735403	17926
V	735500	17927
V	735597	17928
V	735693	17929
V	735789	17930
V	735886	17931
V	735983	17932
V	736079	17933
V	736176	17934
V	736273	17935
V	736370	17936
V	736467	17937
V	736565	17938
V	736662	17939
V	736759	17940
V	736855	17941
V	736951	17942
V	737048	17943
V	737146	17944
V	737242	17945
V	737338	17946
V	737434	17947
V	737530	17948
V	737627	17949
V	737724	17950
V	737820	17951
V	737917	17952
V	738013	17953
V	738110	17954
V	738206	17955
V	738302	17956
V	738398	17957
V	738495	17958
V	738593	17959
V	738690	17960
V	738788	17961
V	738886	17962
V	738984	17963
V	739080	17964
V	739177	17965
V	739274	17966
V	739372	17967
V	739470	17968
V	739567	17969
V	739665	17970
V	739761	17971
V	739857	17972
V	739955	17973
V	740052	17974
V	740149	17975
V	740246	17976
V	740342	17977
V	740440	17978
V	740537	17979
V	740634	17980
V	740730	17981
V	740827	17982
V	740924	17983
V	741021	17984
V	741118	17985
V	741214	17986
V	741311	17987
V	741407	17988
V	741503	17989
V	741599	17990
V	741697	17991
V	741795	17992
V	741892	17993
V	741988	17994
V	742085	17995
V	742182	17996
V	742278	17997
V	742375	17998
V	742471	17999
V	742568	18000
V	742665	18001
V	742762	18002
V	742859	18003
V	742956	18004
V	743052	18005
V	743149	18006
V	743245	18007
V	743343	18008
V	743439	18009
V	743535	18010
V	743631	18011
V	743728	18012
V	743826	18013
V	743924	18014
V	744020	18015
V	744116	18016
V	744212	18017
V	744308	18018
V	744405	18019
V	744501	18020
V	744597	18021
V	744694	18022
V	744791	18023
V	744887	18024
V	744985	18025
V	745081	18026
V	745179	18027
V	745275	18028
V	745372	18029
V	745468	18030
V	745566	18031
V	745662	18032
V	745758	18033
V	745854	18034
V	745951	18035
V	746048	18036
V	746145	18037
V	746243	18038
V	746340	18039
V	746437	18040
V	746534	18041
V	746631	18042
V	746728	18043
V	746825	18044
V	746923	18045
V	747019	18046
V	747116	18047
V	747212	18048
V	747310	18049
V	747407	18050
V	747503	18051
V	747599	18052
V	747696	18053
V	747792	18054
V	747888	18055
V	747985	18056
V	748081	18057
V	748177	18058
V	748273	18059
V	748369	18060
V	748465	18061
V	748562	18062
V	748659	18063
V	748755	18064
V	748851	18065
V	748948	18066
V	749044	18067
V	749141	18068
V	749238	18069
V	749335	18070
V	749432	18071
V	749528	18072
V	749625	18073
V	749721	18074
V	749818	18075
V	749915	18076
V	750012	18077
V	750109	18078
V	750206	18079
V	750303	18080
V	750399	18081
V	750495	18082
V	750592	18083
V	750688	18084
V	750784	18085
V	750881	18086
V	750978	18087
V	751075	18088
V	751172	18089
V	751268	18090
V	751364	18091
V	751461	18092
V	751557	18093
V	751654	18094
V	751751	18095
V	751848	18096
V	751944	18097
V	752040	18098
V	752136	18099
V	752232	18100
V	752328	18101
V	752424	18102
V	752521	18103
V	752618	18104
V	752714	18105
V	752811	18106
V	752908	18107
V	753004	18108
V	753101	18109
V	753198	18110
V	753294	18111
V	753391	18112
V	753487	18113
V	753584	18114
V	753680	18115
V	753776	18116
V	753872	18117
V	753969	18118
V	754066	18119
V	754163	18120
V	754260	18121
V	754357	18122
V	754453	18123
V	754550	18124
V	754646	18125
V	754743	18126
V	754841	18127
V	754938	18128
V	755035	18129
V	755132	18130
V	755228	18131
V	755324	18132
V	755420	18133
V	755517	18134
V	755614	18135
V	755712	18136
V	755810	18137
V	755906	18138
V	756003	18139
V	756100	18140
V	756197	18141
V	756294	18142
V	756390	18143
V	756487	18144
V	756584	18145
V	756680	18146
V	756776	18147
V	756874	18148
V	756971	18149
V	757068	18150
V	757165	18151
V	757261	18152
V	757357	18153
V	757454	18154
V	757550	18155
V	757647	18156
V	757744	18157
V	757841	18158
V	757939	18159
V	758035	18160
V	758133	18161
V	758230	18162
V	758327	18163
V	758423	18164
V	758520	18165
V	758618	18166
V	758716	18167
V	758812	18168
V	758910	18169
V	759007	18170
V	759104	18171
V	759201	18172
V	759299	18173
V	759397	18174
V	759494	18175
V	759591	18176
V	759688	18177
V	759785	18178
V	759883	18179
V	759980	18180
V	760077	18181
V	760174	18182
V	760271	18183
V	760367	18184
V	760463	18185
V	760559	18186
V	760657	18187
V	760755	18188
V	760852	18189
V	760949	18190
V	761046	18191
V	761143	18192
V	761239	18193
V	761336	18194
V	761432	18195
V	761529	18196
V	761625	18197
V	761722	18198
V	761818	18199
V	761915	18200
V	762011	18201
V	762107	18202
V	762204	18203
V	762301	18204
V	762398	18205
V	762495	18206
V	762592	18207
V	762689	18208
V	762786	18209
V	762882	18210
V	762979	18211
V	763076	18212
V	763173	18213
V	763269	18214
V	763366	18215
V	763463	18216
V	763560	18217
V	763657	18218
V	763753	18219
V	763850	18220
V	763947	18221
V	764044	18222
V	764141	18223
V	764238	18224
V	764334	18225
V	764430	18226
V	764527	18227
V	764623	18228
V	764720	18229
V	764816	18230
V	764913	18231
V	765009	18232
V	765105	18233
V	765201	18234
V	765297	18235
V	765394	18236
V	765491	18237
V	765588	18238
V	765684	18239
V	765781	18240
V	765878	18241
V	765975	18242
V	766072	18243
V	766168	18244
V	766265	18245
V	766362	18246
V	766458	18247
V	766554	18248
V	766651	18249
V	766748	18250
V	766844	18251
V	766941	18252
V	767037	18253
V	767133	18254
V	767230	18255
V	767327	18256
V	767423	18257
V	767520	18258
V	767616	18259
V	767712	18260
V	767808	18261
V	767905	18262
V	768001	18263
V	768097	18264
V	768194	18265
V	768290	18266
V	768386	18267
V	768482	18268
V	768578	18269
V	768675	18270
V	768772	18271
V	768868	18272
V	768964	18273
V	769061	18274
V	769157	18275
V	769253	18276
V	769349	18277
V	769446	18278
V	769543	18279
V	769640	18280
V	769737	18281
V	769834	18282
V	769931	18283
V	770027	18284
V	770124	18285
V	770221	18286
V	770318	18287
V	770414	18288
V	770510	18289
V	770607	18290
V	770703	18291
V	770800	18292
V	770897	18293
V	770993	18294
V	771090	18295
V	771186	18296
V	771282	18297
V	771379	18298
V	771475	18299
V	771572	18300
V	771669	18301
V	771766	18302
V	771862	18303
V	771959	18304
V	772055	18305
V	772152	18306
V	772249	18307
V	772346	18308
V	772442	18309
V	772538	18310
V	772635	18311
V	772731	18312
V	772827	18313
V	772923	18314
V	773019	18315
V	773116	18316
V	773212	18317
V	773309	18318
V	773405	18319
V	773501	18320
V	773597	18321
V	773694	18322
V	773791	18323
V	773887	18324
V	773983	18325
V	774080	18326
V	774177	18327
V	774274	18328
V	774370	18329
V	774467	18330
V	774564	18331
V	774661	18332
V	774757	18333
V	774854	18334
V	774951	18335
V	775048	18336
V	775144	18337
V	775240	18338
V	775336	18339
V	775432	18340
V	775528	18341
V	775625	18342
V	775722	18343
V	775818	18344
V	775915	18345
V	776012	18346
V	776108	18347
V	776205	18348
V	776301	18349
V	776398	18350
V	776495	18351
V	776592	18352
V	776689	18353
V	776786	18354
V	776882	18355
V	776979	18356
V	777076	18357
V	777172	18358
V	777269	18359
V	777365	18360
V	777461	18361
V	777558	18362
V	777654	18363
V	777751	18364
V	777848	18365
V	777945	18366
V	778041	18367
V	778138	18368
V	778234	18369
V	778330	18370
V	778427	18371
V	778523	18372
V	778619	18373
V	778715	18374
V	778812	18375
V	778908	18376
V	779004	18377
V	779101	18378
V	779198	18379
V	779295	18380
V	779392	18381
V	779488	18382
V	779585	18383
V	779681	18384
V	779778	18385
V	779874	18386
V	779970	18387
V	780067	18388
V	780164	18389
V	780261	18390
V	780357	18391
V	780453	18392
V	780550	18393
V	780646	18394
V	780743	18395
V	780840	18396
V	780937	18397
V	781034	18398
V	781130	18399
V	781226	18400
V	781322	18401
V	781419	18402
V	781515	18403
V	781611	18404
V	781708	18405
V	781805	18406
V	781901	18407
V	781997	18408
V	782094	18409
V	782191	18410
V	782288	18411
V	782384	18412
V	782480	18413
V	782577	18414
V	782673	18415
V	782769	18416
V	782866	18417
V	782963	18418
V	783060	18419
V	783157	18420
V	783253	18421
V	783350	18422
V	783447	18423
V	783544	18424
V	783641	18425
V	783738	18426
V	783834	18427
V	783930	18428
V	784027	18429
V	784123	18430
V	784220	18431
V	784316	18432
V	784413	18433
V	784510	18434
V	784607	18435
V	784703	18436
V	784799	18437
V	784895	18438
V	784992	18439
V	785088	18440
V	785185	18441
V	785282	18442
V	785379	18443
V	785476	18444
V	785572	18445
V	785669	18446
V	785766	18447
V	785863	18448
V	785960	18449
V	786057	18450
V	786154	18451
V	786250	18452
V	786347	18453
V	786443	18454
V	786540	18455
V	786637	18456
V	786734	18457
V	786831	18458
V	786927	18459
V	787023	18460
V	787119	18461
V	787216	18462
V	787312	18463
V	787408	18464
V	787504	18465
V	787600	18466
V	787697	18467
V	787794	18468
V	787891	18469
V	787988	18470
V	788085	18471
V	788181	18472
V	788278	18473
V	788375	18474
V	788472	18475
V	788569	18476
V	788665	18477
V	788761	18478
V	788857	18479
V	788954	18480
V	789051	18481
V	789148	18482
V	789244	18483
V	789341	18484
V	789437	18485
V	789533	18486
V	789630	18487
V	789726	18488
V	789823	18489
V	789920	18490
V	790016	18491
V	790112	18492
V	790209	18493
V	790305	18494
V	790401	18495
V	790497	18496
V	790594	18497
V	790690	18498
V	790786	18499
V	790883	18500
V	790980	18501
V	791076	18502
V	791173	18503
V	791270	18504
V	791367	18505
V	791464	18506
V	791561	18507
V	791657	18508
V	791753	18509
V	791850	18510
V	791946	18511
V	792042	18512
V	792139	18513
V	792236	18514
V	792333	18515
V	792429	18516
V	792526	18517
V	792623	18518
V	792720	18519
V	792817	18520
V	792914	18521
V	793011	18522
V	793107	18523
V	793203	18524
V	793300	18525
V	793396	18526
V	793493	18527
V	793590	18528
V	793687	18529
V	793784	18530
V	793880	18531
V	793976	18532
V	794073	18533
V	794169	18534
V	794266	18535
V	794363	18536
V	794459	18537
V	794556	18538
V	794652	18539
V	794748	18540
V	794845	18541
V	794942	18542
V	795038	18543
V	795134	18544
V	795230	18545
V	795326	18546
V	795422	18547
V	795519	18548
V	795615	18549
V	795711	18550
V	795808	18551
V	795905	18552
V	796002	18553
V	796099	18554
V	796195	18555
V	796291	18556
V	796388	18557
V	796485	18558
V	796581	18559
V	796677	18560
V	796774	18561
V	796870	18562
V	796967	18563
V	797064	18564
V	797161	18565
V	797258	18566
V	797355	18567
V	797452	18568
V	797548	18569
V	797645	18570
V	797742	18571
V	797838	18572
V	797934	18573
V	798030	18574
V	798127	18575
V	798223	18576
V	798320	18577
V	798416	18578
V	798513	18579
V	798610	18580
V	798707	18581
V	798804	18582
V	798901	18583
V	798997	18584
V	799093	18585
V	799189	18586
V	799285	18587
V	799382	18588
V	799479	18589
V	799575	18590
V	799672	18591
V	799768	18592
V	799864	18593
V	799961	18594
V	800058	18595
V	800154	18596
V	800250	18597
V	800346	18598
V	800442	18599
V	800538	18600
V	800635	18601
V	800732	18602
V	800829	18603
V	800925	18604
V	801021	18605
V	801117	18606
V	801213	18607
V	801310	18608
V	801406	18609
V	801503	18610
V	801599	18611
V	801695	18612
V	801792	18613
V	801889	18614
V	801985	18615
V	802082	18616
V	802179	18617
V	802276	18618
V	802373	18619
V	802469	18620
V	802567	18621
V	802665	18622
V	802763	18623
V	802860	18624
V	802957	18625
V	803055	18626
V	803152	18627
V	803249	18628
V	803345	18629
V	803443	18630
V	803539	18631
V	803636	18632
V	803734	18633
V	803831	18634
V	803928	18635
V	804024	18636
V	804120	18637
V	804216	18638
V	804313	18639
V	804410	18640
V	804507	18641
V	804604	18642
V	804701	18643
V	804798	18644
V	804895	18645
V	804991	18646
V	805087	18647
V	805184	18648
V	805280	18649
V	805376	18650
V	805472	18651
V	805569	18652
V	805666	18653
V	805762	18654
V	805859	18655
V	805955	18656
V	806051	18657
V	806148	18658
V	806244	18659
V	806341	18660
V	806437	18661
V	806534	18662
V	806630	18663
V	806726	18664
V	806822	18665
V	806919	18666
V	807015	18667
V	807112	18668
V	807209	18669
V	807305	18670
V	807401	18671
V	807497	18672
V	807594	18673
V	807691	18674
V	807787	18675
V	807884	18676
V	807981	18677
V	808077	18678
V	808174	18679
V	808271	18680
V	808367	18681
V	808463	18682
V	808560	18683
V	808657	18684
V	808753	18685
V	808850	18686
V	808946	18687
V	809043	18688
V	809140	18689
V	809236	18690
V	809333	18691
V	809429	18692
V	809525	18693
V	809621	18694
V	809718	18695
V	809814	18696
V	809910	18697
V	810007	18698
V	810104	18699
V	810201	18700
V	810297	18701
V	810393	18702
V	810489	18703
V	810586	18704
V	810683	18705
V	810779	18706
V	810875	18707
V	810972	18708
V	811068	18709
V	811165	18710
V	811262	18711
V	811359	18712
V	811455	18713
V	811551	18714
V	811648	18715
V	811745	18716
V	811841	18717
V	811938	18718
V	812035	18719
V	812131	18720
V	812228	18721
V	812324	18722
V	812421	18723
V	812518	18724
V	812615	18725
V	812712	18726
V	812809	18727
V	812906	18728
V	813003	18729
V	813100	18730
V	813197	18731
V	813294	18732
V	813390	18733
V	813487	18734
V	813584	18735
V	813680	18736
V	813777	18737
V	813874	18738
V	813971	18739
V	814068	18740
V	814165	18741
V	814261	18742
V	814357	18743
V	814453	18744
V	814550	18745
V	814646	18746
V	814742	18747
V	814838	18748
V	814934	18749
V	815031	18750
V	815127	18751
V	815224	18752
V	815321	18753
V	815418	18754
V	815514	18755
V	815611	18756
V	815708	18757
V	815804	18758
V	815901	18759
V	815997	18760
V	816094	18761
V	816191	18762
V	816288	18763
V	816385	18764
V	816482	18765
V	816578	18766
V	816675	18767
V	816772	18768
V	816868	18769
V	816965	18770
V	817062	18771
V	817159	18772
V	817256	18773
V	817352	18774
V	817448	18775
V	817544	18776
V	817641	18777
V	817737	18778
V	817834	18779
V	817931	18780
V	818028	18781
V	818125	18782
V	818222	18783
V	818319	18784
V	818415	18785
V	818511	18786
V	818607	18787
V	818703	18788
V	818800	18789
V	818896	18790
V	818993	18791
V	819090	18792
V	819186	18793
V	819283	18794
V	819380	18795
V	819476	18796
V	819572	18797
V	819669	18798
V	819766	18799
V	819863	18800
V	819959	18801
V	820056	18802
V	820153	18803
V	820249	18804
V	820345	18805
V	820442	18806
V	820539	18807
V	820636	18808
V	820733	18809
V	820830	18810
V	820927	18811
V	821023	18812
V	821120	18813
V	821217	18814
V	821314	18815
V	821410	18816
V	821507	18817
V	821603	18818
V	821700	18819
V	821796	18820
V	821892	18821
V	821989	18822
V	822085	18823
V	822182	18824
V	822279	18825
V	822376	18826
V	822472	18827
V	822568	18828
V	822665	18829
V	822761	18830
V	822857	18831
V	822953	18832
V	823050	18833
V	823147	18834
V	823243	18835
V	823339	18836
V	823436	18837
V	823533	18838
V	823629	18839
V	823725	18840
V	823821	18841
V	823917	18842
V	824014	18843
V	824111	18844
V	824207	18845
V	824303	18846
V	824400	18847
V	824496	18848
V	824593	18849
V	824689	18850
V	824785	18851
V	824882	18852
V	824978	18853
V	825074	18854
V	825171	18855
V	825267	18856
V	825364	18857
V	825461	18858
V	825557	18859
V	825654	18860
V	825750	18861
V	825847	18862
V	825943	18863
V	826039	18864
V	826135	18865
V	826232	18866
V	826328	18867
V	826424	18868
V	826520	18869
V	826617	18870
V	826713	18871
V	826810	18872
V	826907	18873
V	827004	18874
V	827101	18875
V	827198	18876
V	827294	18877
V	827391	18878
V	827487	18879
V	827584	18880
V	827680	18881
V	827776	18882
V	827873	18883
V	827970	18884
V	828067	18885
V	828163	18886
V	828260	18887
V	828357	18888
V	828454	18889
V	828550	18890
V	828646	18891
V	828743	18892
V	828840	18893
V	828936	18894
V	829033	18895
V	829129	18896
V	829225	18897
V	829322	18898
V	829419	18899
V	829515	18900
V	829612	18901
V	829708	18902
V	829804	18903
V	829901	18904
V	829998	18905
V	830095	18906
V	830191	18907
V	830287	18908
V	830384	18909
V	830480	18910
V	830576	18911
V	830673	18912
V	830770	18913
V	830867	18914
V	830964	18915
V	831061	18916
V	831158	18917
V	831255	18918
V	831351	18919
V	831447	18920
V	831544	18921
V	831641	18922
V	831737	18923
V	831834	18924
V	831931	18925
V	832027	18926
V	832123	18927
V	832219	18928
V	832315	18929
V	832412	18930
V	832508	18931
V	832604	18932
V	832701	18933
V	832798	18934
V	832894	18935
V	832991	18936
V	833087	18937
V	833184	18938
V	833280	18939
V	833376	18940
V	833473	18941
V	833570	18942
V	833667	18943
V	833764	18944
V	833860	18945
V	833957	18946
V	834053	18947
V	834150	18948
V	834246	18949
V	834343	18950
V	834440	18951
V	834536	18952
V	834633	18953
V	834729	18954
V	834825	18955
V	834922	18956
V	835018	18957
V	835115	18958
V	835211	18959
V	835308	18960
V	835404	18961
V	835501	18962
V	835597	18963
V	835693	18964
V	835790	18965
V	835886	18966
V	835982	18967
V	836078	18968
V	836175	18969
V	836271	18970
V	836368	18971
V	836464	18972
V	836560	18973
V	836656	18974
V	836753	18975
V	836849	18976
V	836946	18977
V	837042	18978
V	837139	18979
V	837236	18980
V	837333	18981
V	837429	18982
V	837526	18983
V	837623	18984
V	837719	18985
V	837815	18986
V	837912	18987
V	838009	18988
V	838106	18989
V	838202	18990
V	838298	18991
V	838395	18992
V	838491	18993
V	838587	18994
V	838684	18995
V	838780	18996
V	838876	18997
V	838973	18998
V	839070	18999
V	839166	19000
V	839262	19001
V	839358	19002
V	839455	19003
V	839552	19004
V	839649	19005
V	839745	19006
V	839842	19007
V	839938	19008
V	840034	19009
V	840130	19010
V	840227	19011
V	840323	19012
V	840420	19013
V	840516	19014
V	840613	19015
V	840709	19016
V	840806	19017
V	840902	19018
V	840999	19019
V	841095	19020
V	841191	19021
V	841287	19022
V	841384	19023
V	841480	19024
V	841577	19025
V	841674	19026
V	841770	19027
V	841866	19028
V	841962	19029
V	842059	19030
V	842155	19031
V	842252	19032
V	842350	19033
V	842447	19034
V	842544	19035
V	842640	19036
V	842738	19037
V	842836	19038
V	842933	19039
V	843029	19040
V	843125	19041
V	843221	19042
V	843317	19043
V	843414	19044
V	843511	19045
V	843608	19046
V	843704	19047
V	843802	19048
V	843899	19049
V	843997	19050
V	844095	19051
V	844191	19052
V	844288	19053
V	844385	19054
V	844483	19055
V	844581	19056
V	844677	19057
V	844774	19058
V	844872	19059
V	844970	19060
V	845067	19061
V	845163	19062
V	845259	19063
V	845355	19064
V	845452	19065
V	845549	19066
V	845646	19067
V	845743	19068
V	845839	19069
V	845936	19070
V	846034	19071
V	846132	19072
V	846230	19073
V	846327	19074
V	846424	19075
V	846521	19076
V	846618	19077
V	846716	19078
V	846813	19079
V	846910	19080
V	847007	19081
V	847104	19082
V	847201	19083
V	847298	19084
V	847395	19085
V	847491	19086
V	847587	19087
V	847683	19088
V	847780	19089
V	847876	19090
V	847973	19091
V	848069	19092
V	848166	19093
V	848263	19094
V	848360	19095
V	848457	19096
V	848554	19097
V	848650	19098
V	848746	19099
V	848842	19100
V	848939	19101
V	849036	19102
V	849132	19103
V	849229	19104
V	849325	19105
V	849422	19106
V	849518	19107
V	849614	19108
V	849710	19109
V	849806	19110
V	849903	19111
V	849999	19112
V	850096	19113
V	850192	19114
V	850288	19115
V	850384	19116
V	850480	19117
V	850577	19118
V	850673	19119
V	850769	19120
V	850865	19121
V	850962	19122
V	851059	19123
V	851156	19124
V	851253	19125
V	851349	19126
V	851446	19127
V	851542	19128
V	851639	19129
V	851736	19130
V	851833	19131
V	851930	19132
V	852026	19133
V	852123	19134
V	852220	19135
V	852317	19136
V	852414	19137
V	852510	19138
V	852606	19139
V	852703	19140
V	852799	19141
V	852896	19142
V	852993	19143
V	853090	19144
V	853187	19145
V	853283	19146
V	853379	19147
V	853475	19148
V	853572	19149
V	853669	19150
V	853765	19151
V	853862	19152
V	853959	19153
V	854055	19154
V	854151	19155
V	854247	19156
V	854344	19157
V	854440	19158
V	854537	19159
V	854633	19160
V	854730	19161
V	854827	19162
V	854924	19163
V	855020	19164
V	855116	19165
V	855212	19166
V	855309	19167
V	855405	19168
V	855501	19169
V	855597	19170
V	855694	19171
V	855790	19172
V	855887	19173
V	855985	19174
V	856081	19175
V	856178	19176
V	856274	19177
V	856370	19178
V	856467	19179
V	856564	19180
V	856661	19181
V	856758	19182
V	856855	19183
V	856952	19184
V	857050	19185
V	857146	19186
V	857244	19187
V	857341	19188
V	857437	19189
V	857534	19190
V	857632	19191
V	857729	19192
V	857827	19193
V	857925	19194
V	858021	19195
V	858119	19196
V	858216	19197
V	858313	19198
V	858409	19199
V	858506	19200
V	858602	19201
V	858699	19202
V	858796	19203
V	858893	19204
V	858989	19205
V	859085	19206
V	859182	19207
V	859278	19208
V	859374	19209
V	859470	19210
V	859567	19211
V	859664	19212
V	859761	19213
V	859857	19214
V	859953	19215
V	860049	19216
V	860146	19217
V	860243	19218
V	860340	19219
V	860436	19220
V	860532	19221
V	860629	19222
V	860726	19223
V	860822	19224
V	860918	19225
V	861015	19226
V	861111	19227
V	861208	19228
V	861305	19229
V	861402	19230
V	861499	19231
V	861596	19232
V	861693	19233
V	861790	19234
V	861886	19235
V	861983	19236
V	862079	19237
V	862176	19238
V	862272	19239
V	862369	19240
V	862466	19241
V	862563	19242
V	862659	19243
V	862756	19244
V	862853	19245
V	862950	19246
V	863047	19247
V	863144	19248
V	863240	19249
V	863337	19250
V	863434	19251
V	863531	19252
V	863628	19253
V	863725	19254
V	863821	19255
V	863917	19256
V	864013	19257
V	864110	19258
V	864208	19259
V	864305	19260
V	864403	19261
V	864500	19262
V	864598	19263
V	864695	19264
V	864792	19265
V	864888	19266
V	864984	19267
V	865081	19268
V	865178	19269
V	865275	19270
V	865372	19271
V	865469	19272
V	865566	19273
V	865662	19274
V	865759	19275
V	865855	19276
V	865952	19277
V	866049	19278
V	866147	19279
V	866245	19280
V	866341	19281
V	866437	19282
V	866533	19283
V	866630	19284
V	866727	19285
V	866823	19286
V	866920	19287
V	867017	19288
V	867114	19289
V	867211	19290
V	867308	19291
V	867406	19292
V	867502	19293
V	867599	19294
V	867695	19295
V	867792	19296
V	867888	19297
V	867984	19298
V	868080	19299
V	868178	19300
V	868274	19301
V	868371	19302
V	868468	19303
V	868564	19304
V	868660	19305
V	868758	19306
V	868855	19307
V	868953	19308
V	869051	19309
V	869148	19310
V	869244	19311
V	869341	19312
V	869439	19313
V	869535	19314
V	869631	19315
V	869727	19316
V	869824	19317
V	869921	19318
V	870018	19319
V	870114	19320
V	870211	19321
V	870307	19322
V	870405	19323
V	870502	19324
V	870599	19325
V	870696	19326
V	870792	19327
V	870889	19328
V	870987	19329
V	871084	19330
V	871181	19331
V	871277	19332
V	871373	19333
V	871470	19334
V	871568	19335
V	871664	19336
V	871761	19337
V	871858	19338
V	871955	19339
V	872052	19340
V	872149	19341
V	872246	19342
V	872343	19343
V	872440	19344
V	872536	19345
V	872632	19346
V	872729	19347
V	872826	19348
V	872923	19349
V	873019	19350
V	873117	19351
V	873213	19352
V	873309	19353
V	873406	19354
V	873503	19355
V	873601	19356
V	873697	19357
V	873793	19358
V	873889	19359
V	873987	19360
V	874085	19361
V	874183	19362
V	874280	19363
V	874376	19364
V	874473	19365
V	874569	19366
V	874666	19367
V	874763	19368
V	874860	19369
V	874957	19370
V	875053	19371
V	875150	19372
V	875246	19373
V	875342	19374
V	875439	19375
V	875536	19376
V	875632	19377
V	875728	19378
V	875825	19379
V	875923	19380
V	876020	19381
V	876117	19382
V	876215	19383
V	876312	19384
V	876408	19385
V	876505	19386
V	876602	19387
V	876698	19388
V	876794	19389
V	876891	19390
V	876987	19391
V	877083	19392
V	877180	19393
V	877276	19394
V	877373	19395
V	877469	19396
V	877565	19397
V	877662	19398
V	877758	19399
V	877855	19400
V	877952	19401
V	878049	19402
V	878145	19403
V	878242	19404
V	878339	19405
V	878436	19406
V	878532	19407
V	878629	19408
V	878725	19409
V	878822	19410
V	878919	19411
V	879016	19412
V	879112	19413
V	879209	19414
V	879306	19415
V	879402	19416
V	879499	19417
V	879596	19418
V	879694	19419
V	879791	19420
V	879887	19421
V	879984	19422
V	880081	19423
V	880177	19424
V	880274	19425
V	880371	19426
V	880468	19427
V	880565	19428
V	880662	19429
V	880759	19430
V	880856	19431
V	880952	19432
V	881048	19433
V	881145	19434
V	881241	19435
V	881339	19436
V	881435	19437
V	881533	19438
V	881629	19439
V	881725	19440
V	881823	19441
V	881919	19442
V	882016	19443
V	882112	19444
V	882209	19445
V	882307	19446
V	882403	19447
V	882499	19448
V	882596	19449
V	882693	19450
V	882790	19451
V	882887	19452
V	882984	19453
V	883081	19454
V	883178	19455
V	883276	19456
V	883373	19457
V	883471	19458
V	883567	19459
V	883665	19460
V	883762	19461
V	883860	19462
V	883956	19463
V	884053	19464
V	884149	19465
V	884246	19466
V	884344	19467
V	884442	19468
V	884538	19469
V	884635	19470
V	884733	19471
V	884830	19472
V	884927	19473
V	885024	19474
V	885121	19475
V	885217	19476
V	885314	19477
V	885412	19478
V	885509	19479
V	885606	19480
V	885702	19481
V	885799	19482
V	885895	19483
V	885992	19484
V	886089	19485
V	886185	19486
V	886282	19487
V	886379	19488
V	886475	19489
V	886571	19490
V	886668	19491
V	886764	19492
V	886860	19493
V	886957	19494
V	887053	19495
V	887149	19496
V	887245	19497
V	887342	19498
V	887440	19499
V	887538	19500
V	887636	19501
V	887732	19502
V	887830	19503
V	887926	19504
V	888022	19505
V	888119	19506
V	888217	19507
V	888313	19508
V	888410	19509
V	888507	19510
V	888605	19511
V	888703	19512
V	888800	19513
V	888897	19514
V	888994	19515
V	889091	19516
V	889188	19517
V	889284	19518
V	889380	19519
V	889476	19520
V	889574	19521
V	889670	19522
V	889767	19523
V	889865	19524
V	889962	19525
V	890059	19526
V	890155	19527
V	890252	19528
V	890349	19529
V	890445	19530
V	890541	19531
V	890638	19532
V	890735	19533
V	890831	19534
V	890928	19535
V	891025	19536
V	891121	19537
V	891217	19538
V	891314	19539
V	891411	19540
V	891507	19541
V	891603	19542
V	891700	19543
V	891797	19544
V	891893	19545
V	891990	19546
V	892087	19547
V	892184	19548
V	892281	19549
V	892377	19550
V	892473	19551
V	892569	19552
V	892666	19553
V	892763	19554
V	892859	19555
V	892956	19556
V	893052	19557
V	893148	19558
V	893245	19559
V	893341	19560
V	893438	19561
V	893535	19562
V	893632	19563
V	893729	19564
V	893826	19565
V	893923	19566
V	894020	19567
V	894117	19568
V	894214	19569
V	894311	19570
V	894408	19571
V	894505	19572
V	894601	19573
V	894697	19574
V	894793	19575
V	894889	19576
V	894986	19577
V	895083	19578
V	895179	19579
V	895276	19580
V	895372	19581
V	895469	19582
V	895566	19583
V	895662	19584
V	895758	19585
V	895855	19586
V	895951	19587
V	896048	19588
V	896145	19589
V	896241	19590
V	896338	19591
V	896435	19592
V	896532	19593
V	896628	19594
V	896724	19595
V	896821	19596
V	896918	19597
V	897015	19598
V	897112	19599
V	897208	19600
V	897305	19601
V	897401	19602
V	897497	19603
V	897594	19604
V	897691	19605
V	897787	19606
V	897884	19607
V	897981	19608
V	898077	19609
V	898174	19610
V	898270	19611
V	898366	19612
V	898462	19613
V	898559	19614
V	898655	19615
V	898751	19616
V	898847	19617
V	898944	19618
V	899041	19619
V	899138	19620
V	899234	19621
V	899330	19622
V	899427	19623
V	899523	19624
V	899620	19625
V	899716	19626
V	899813	19627
V	899910	19628
V	900007	19629
V	900104	19630
V	900200	19631
V	900297	19632
V	900394	19633
V	900491	19634
V	900587	19635
V	900684	19636
V	900781	19637
V	900878	19638
V	900974	19639
V	901071	19640
V	901167	19641
V	901263	19642
V	901359	19643
V	901455	19644
V	901552	19645
V	901649	19646
V	901745	19647
V	901841	19648
V	901938	19649
V	902035	19650
V	902132	19651
V	902228	19652
V	902325	19653
V	902422	19654
V	902519	19655
V	902616	19656
V	902712	19657
V	902809	19658
V	902905	19659
V	903001	19660
V	903097	19661
V	903194	19662
V	903291	19663
V	903388	19664
V	903484	19665
V	903581	19666
V	903677	19667
V	903774	19668
V	903870	19669
V	903967	19670
V	904064	19671
V	904161	19672
V	904257	19673
V	904354	19674
V	904451	19675
V	904548	19676
V	904645	19677
V	904741	19678
V	904838	19679
V	904934	19680
V	905031	19681
V	905128	19682
V	905224	19683
V	905320	19684
V	905417	19685
V	905514	19686
V	905610	19687
V	905706	19688
V	905803	19689
V	905900	19690
V	905997	19691
V	906093	19692
V	906190	19693
V	906287	19694
V	906384	19695
V	906481	19696
V	906577	19697
V	906673	19698
V	906769	19699
V	906865	19700
V	906962	19701
V	907058	19702
V	907155	19703
V	907252	19704
V	907349	19705
V	907445	19706
V	907541	19707
V	907638	19708
V	907735	19709
V	907832	19710
V	907928	19711
V	908025	19712
V	908122	19713
V	908219	19714
V	908315	19715
V	908412	19716
V	908509	19717
V	908605	19718
V	908701	19719
V	908798	19720
V	908894	19721
V	908991	19722
V	909088	19723
V	909185	19724
V	909282	19725
V	909378	19726
V	909475	19727
V	909572	19728
V	909668	19729
V	909765	19730
V	909862	19731
V	909959	19732
V	910056	19733
V	910152	19734
V	910249	19735
V	910345	19736
V	910442	19737
V	910538	19738
V	910635	19739
V	910732	19740
V	910828	19741
V	910924	19742
V	911020	19743
V	911117	19744
V	911214	19745
V	911311	19746
V	911407	19747
V	911504	19748
V	911601	19749
V	911698	19750
V	911795	19751
V	911892	19752
V	911988	19753
V	912084	19754
V	912181	19755
V	912278	19756
V	912374	19757
V	912471	19758
V	912568	19759
V	912664	19760
V	912760	19761
V	912857	19762
V	912954	19763
V	913051	19764
V	913147	19765
V	913244	19766
V	913341	19767
V	913438	19768
V	913535	19769
V	913631	19770
V	913727	19771
V	913823	19772
V	913920	19773
V	914017	19774
V	914114	19775
V	914211	19776
V	914308	19777
V	914405	19778
V	914502	19779
V	914599	19780
V	914696	19781
V	914793	19782
V	914890	19783
V	914987	19784
V	915084	19785
V	915181	19786
V	915278	19787
V	915375	19788
V	915471	19789
V	915568	19790
V	915665	19791
V	915762	19792
V	915858	19793
V	915955	19794
V	916052	19795
V	916149	19796
V	916246	19797
V	916343	19798
V	916439	19799
V	916536	19800
V	916633	19801
V	916730	19802
V	916826	19803
V	916922	19804
V	917018	19805
V	917114	19806
V	917211	19807
V	917307	19808
V	917403	19809
V	917499	19810
V	917596	19811
V	917693	19812
V	917789	19813
V	917886	19814
V	917983	19815
V	918080	19816
V	918176	19817
V	918273	19818
V	918370	19819
V	918467	19820
V	918563	19821
V	918660	19822
V	918757	19823
V	918853	19824
V	918949	19825
V	919045	19826
V	919141	19827
V	919238	19828
V	919335	19829
V	919431	19830
V	919527	19831
V	919623	19832
V	919720	19833
V	919816	19834
V	919913	19835
V	920010	19836
V	920106	19837
V	920203	19838
V	920300	19839
V	920396	19840
V	920492	19841
V	920588	19842
V	920684	19843
V	920780	19844
V	920877	19845
V	920973	19846
V	921070	19847
V	921166	19848
V	921262	19849
V	921359	19850
V	921455	19851
V	921552	19852
V	921649	19853
V	921746	19854
V	921843	19855
V	921940	19856
V	922036	19857
V	922133	19858
V	922229	19859
V	922325	19860
V	922422	19861
V	922518	19862
V	922615	19863
V	922711	19864
V	922808	19865
V	922904	19866
V	923001	19867
V	923098	19868
V	923194	19869
V	923291	19870
V	923388	19871
V	923485	19872
V	923581	19873
V	923678	19874
V	923774	19875
V	923871	19876
V	923968	19877
V	924064	19878
V	924161	19879
V	924257	19880
V	924354	19881
V	924451	19882
V	924547	19883
V	924644	19884
V	924740	19885
V	924837	19886
V	924934	19887
V	925031	19888
V	925128	19889
V	925224	19890
V	925321	19891
V	925418	19892
V	925514	19893
V	925611	19894
V	925707	19895
V	925804	19896
V	925901	19897
V	925997	19898
V	926094	19899
V	926191	19900
V	926287	19901
V	926384	19902
V	926481	19903
V	926577	19904
V	926674	19905
V	926772	19906
V	926869	19907
V	926966	19908
V	927063	19909
V	927159	19910
V	927256	19911
V	927354	19912
V	927452	19913
V	927549	19914
V	927646	19915
V	927742	19916
V	927840	19917
V	927938	19918
V	928036	19919
V	928133	19920
V	928230	19921
V	928326	19922
V	928423	19923
V	928520	19924
V	928617	19925
V	928714	19926
V	928811	19927
V	928909	19928
V	929006	19929
V	929102	19930
V	929199	19931
V	929295	19932
V	929392	19933
V	929490	19934
V	929586	19935
V	929683	19936
V	929780	19937
V	929877	19938
V	929975	19939
V	930072	19940
V	930169	19941
V	930266	19942
V	930363	19943
V	930460	19944
V	930557	19945
V	930654	19946
V	930752	19947
V	930848	19948
V	930945	19949
V	931041	19950
V	931137	19951
V	931234	19952
V	931330	19953
V	931426	19954
V	931523	19955
V	931619	19956
V	931716	19957
V	931813	19958
V	931910	19959
V	932007	19960
V	932103	19961
V	932200	19962
V	932296	19963
V	932392	19964
V	932489	19965
V	932586	19966
V	932683	19967
V	932779	19968
V	932876	19969
V	932972	19970
V	933069	19971
V	933166	19972
V	933263	19973
V	933360	19974
V	933457	19975
V	933554	19976
V	933651	19977
V	933747	19978
V	933844	19979
V	933940	19980
V	934036	19981
V	934132	19982
V	934229	19983
V	934326	19984
V	934422	19985
V	934519	19986
V	934615	19987
V	934712	19988
V	934808	19989
V	934905	19990
V	935002	19991
V	935099	19992
V	935196	19993
V	935292	19994
V	935389	19995
V	935485	19996
V	935581	19997
V	935677	19998
V	935773	19999
V	935869	20000
V	935965	20001
V	936062	20002
V	936159	20003
V	936255	20004
V	936351	20005
V	936447	20006
V	936544	20007
V	936641	20008
V	936737	20009
V	936834	20010
V	936931	20011
V	937028	20012
V	937125	20013
V	937221	20014
V	937318	20015
V	937415	20016
V	937511	20017
V	937607	20018
V	937703	20019
V	937799	20020
V	937895	20021
V	937992	20022
V	938088	20023
V	938185	20024
V	938281	20025
V	938378	20026
V	938475	20027
V	938571	20028
V	938667	20029
V	938763	20030
V	938860	20031
V	938957	20032
V	939053	20033
V	939150	20034
V	939246	20035
V	939342	20036
V	939438	20037
V	939535	20038
V	939631	20039
V	939727	20040
V	939824	20041
V	939921	20042
V	940018	20043
V	940115	20044
V	940212	20045
V	940308	20046
V	940405	20047
V	940501	20048
V	940598	20049
V	940696	20050
V	940792	20051
V	940889	20052
V	940986	20053
V	941083	20054
V	941180	20055
V	941278	20056
V	941375	20057
V	941471	20058
V	941569	20059
V	941666	20060
V	941764	20061
V	941860	20062
V	941957	20063
V	942054	20064
V	942151	20065
V	942247	20066
V	942343	20067
V	942440	20068
V	942536	20069
V	942633	20070
V	942730	20071
V	942827	20072
V	942924	20073
V	943020	20074
V	943116	20075
V	943213	20076
V	943309	20077
V	943406	20078
V	943503	20079
V	943600	20080
V	943696	20081
V	943793	20082
V	943889	20083
V	943986	20084
V	944083	20085
V	944180	20086
V	944277	20087
V	944374	20088
V	944471	20089
V	944567	20090
V	944663	20091
V	944759	20092
V	944855	20093
V	944952	20094
V	945049	20095
V	945145	20096
V	945241	20097
V	945337	20098
V	945434	20099
V	945530	20100
V	945627	20101
V	945724	20102
V	945820	20103
V	945917	20104
V	946014	20105
V	946111	20106
V	946208	20107
V	946304	20108
V	946400	20109
V	946496	20110
V	946592	20111
V	946689	20112
V	946785	20113
V	946881	20114
V	946978	20115
V	947075	20116
V	947172	20117
V	947268	20118
V	947364	20119
V	947461	20120
V	947558	20121
V	947654	20122
V	947751	20123
V	947848	20124
V	947944	20125
V	948041	20126
V	948137	20127
V	948234	20128
V	948330	20129
V	948427	20130
V	948524	20131
V	948621	20132
V	948718	20133
V	948816	20134
V	948913	20135
V	949010	20136
V	949107	20137
V	949203	20138
V	949300	20139
V	949397	20140
V	949494	20141
V	949590	20142
V	949686	20143
V	949783	20144
V	949880	20145
V	949976	20146
V	950073	20147
V	950171	20148
V	950268	20149
V	950366	20150
V	950464	20151
V	950560	20152
V	950657	20153
V	950754	20154
V	950850	20155
V	950947	20156
V	951044	20157
V	951140	20158
V	951237	20159
V	951333	20160
V	951430	20161
V	951527	20162
V	951624	20163
V	951721	20164
V	951818	20165
V	951916	20166
V	952013	20167
V	952111	20168
V	952207	20169
V	952304	20170
V	952401	20171
V	952498	20172
V	952596	20173
V	952694	20174
V	952791	20175
V	952888	20176
V	952985	20177
V	953082	20178
V	953178	20179
V	953276	20180
V	953372	20181
V	953468	20182
V	953564	20183
V	953661	20184
V	953757	20185
V	953854	20186
V	953950	20187
V	954047	20188
V	954143	20189
V	954240	20190
V	954336	20191
V	954433	20192
V	954529	20193
V	954626	20194
V	954723	20195
V	954819	20196
V	954915	20197
V	955012	20198
V	955108	20199
V	955204	20200
V	955300	20201
V	955397	20202
V	955494	20203
V	955591	20204
V	955688	20205
V	955785	20206
V	955882	20207
V	955979	20208
V	956075	20209
V	956171	20210
V	956267	20211
V	956363	20212
V	956460	20213
V	956557	20214
V	956653	20215
V	956750	20216
V	956847	20217
V	956944	20218
V	957040	20219
V	957137	20220
V	957234	20221
V	957330	20222
V	957426	20223
V	957522	20224
V	957619	20225
V	957715	20226
V	957812	20227
V	957909	20228
V	958006	20229
V	958103	20230
V	958200	20231
V	958297	20232
V	958393	20233
V	958490	20234
V	958587	20235
V	958683	20236
V	958779	20237
V	958875	20238
V	958971	20239
V	959068	20240
V	959164	20241
V	959260	20242
V	959357	20243
V	959454	20244
V	959551	20245
V	959648	20246
V	959744	20247
V	959841	20248
V	959938	20249
V	960034	20250
V	960130	20251
V	960226	20252
V	960322	20253
V	960419	20254
V	960516	20255
V	960612	20256
V	960709	20257
V	960806	20258
V	960902	20259
V	960999	20260
V	961096	20261
V	961192	20262
V	961289	20263
V	961385	20264
V	961482	20265
V	961578	20266
V	961674	20267
V	961771	20268
V	961868	20269
V	961964	20270
V	962061	20271
V	962157	20272
V	962254	20273
V	962351	20274
V	962448	20275
V	962544	20276
V	962640	20277
V	962737	20278
V	962834	20279
V	962931	20280
V	963028	20281
V	963124	20282
V	963220	20283
V	963317	20284
V	963413	20285
V	963509	20286
V	963606	20287
V	963703	20288
V	963799	20289
V	963895	20290
V	963991	20291
V	964088	20292
V	964184	20293
V	964281	20294
V	964378	20295
V	964475	20296
V	964572	20297
V	964669	20298
V	964765	20299
V	964862	20300
V	964958	20301
V	965055	20302
V	965151	20303
V	965248	20304
V	965345	20305
V	965441	20306
V	965538	20307
V	965634	20308
V	965730	20309
V	965826	20310
V	965923	20311
V	966020	20312
V	966117	20313
V	966214	20314
V	966311	20315
V	966408	20316
V	966504	20317
V	966601	20318
V	966697	20319
V	966793	20320
V	966889	20321
V	966986	20322
V	967083	20323
V	967179	20324
V	967276	20325
V	967372	20326
V	967468	20327
V	967565	20328
V	967661	20329
V	967757	20330
V	967854	20331
V	967951	20332
V	968048	20333
V	968145	20334
V	968241	20335
V	968337	20336
V	968433	20337
V	968529	20338
V	968625	20339
V	968722	20340
V	968818	20341
V	968915	20342
V	969011	20343
V	969108	20344
V	969204	20345
V	969300	20346
V	969396	20347
V	969492	20348
V	969588	20349
V	969685	20350
V	969781	20351
V	969877	20352
V	969973	20353
V	970069	20354
V	970166	20355
V	970262	20356
V	970359	20357
V	970456	20358
V	970553	20359
V	970650	20360
V	970747	20361
V	970844	20362
V	970940	20363
V	971037	20364
V	971134	20365
V	971231	20366
V	971328	20367
V	971425	20368
V	971522	20369
V	971619	20370
V	971715	20371
V	971812	20372
V	971908	20373
V	972005	20374
V	972101	20375
V	972198	20376
V	972295	20377
V	972392	20378
V	972488	20379
V	972585	20380
V	972681	20381
V	972778	20382
V	972875	20383
V	972971	20384
V	973068	20385
V	973164	20386
V	973260	20387
V	973357	20388
V	973454	20389
V	973551	20390
V	973648	20391
V	973745	20392
V	973842	20393
V	973939	20394
V	974036	20395
V	974132	20396
V	974228	20397
V	974325	20398
V	974421	20399
V	974518	20400
V	974614	20401
V	974711	20402
V	974808	20403
V	974905	20404
V	975002	20405
V	975099	20406
V	975196	20407
V	975293	20408
V	975390	20409
V	975487	20410
V	975583	20411
V	975680	20412
V	975777	20413
V	975873	20414
V	975969	20415
V	976065	20416
V	976161	20417
V	976258	20418
V	976355	20419
V	976452	20420
V	976548	20421
V	976645	20422
V	976741	20423
V	976838	20424
V	976935	20425
V	977032	20426
V	977129	20427
V	977226	20428
V	977323	20429
V	977420	20430
V	977516	20431
V	977613	20432
V	977710	20433
V	977807	20434
V	977903	20435
V	978000	20436
V	978096	20437
V	978192	20438
V	978289	20439
V	978386	20440
V	978482	20441
V	978578	20442
V	978675	20443
V	978772	20444
V	978868	20445
V	978965	20446
V	979062	20447
V	979158	20448
V	979255	20449
V	979352	20450
V	979449	20451
V	979546	20452
V	979643	20453
V	979739	20454
V	979835	20455
V	979932	20456
V	980028	20457
V	980124	20458
V	980220	20459
V	980316	20460
V	980413	20461
V	980509	20462
V	980606	20463
V	980703	20464
V	980800	20465
V	980896	20466
V	980992	20467
V	981088	20468
V	981185	20469
V	981282	20470
V	981378	20471
V	981475	20472
V	981572	20473
V	981669	20474
V	981765	20475
V	981861	20476
V	981958	20477
V	982054	20478
V	982151	20479
V	982248	20480
V	982345	20481
V	982442	20482
V	982539	20483
V	982635	20484
V	982731	20485
V	982828	20486
V	982924	20487
V	983021	20488
V	983117	20489
V	983214	20490
V	983310	20491
V	983407	20492
V	983504	20493
V	983601	20494
V	983698	20495
V	983795	20496
V	983891	20497
V	983988	20498
V	984084	20499
V	984181	20500
V	984278	20501
V	984374	20502
V	984471	20503
V	984568	20504
V	984665	20505
V	984761	20506
V	984857	20507
V	984954	20508
V	985051	20509
V	985147	20510
V	985243	20511
V	985340	20512
V	985436	20513
V	985533	20514
V	985630	20515
V	985726	20516
V	985822	20517
V	985918	20518
V	986015	20519
V	986112	20520
V	986209	20521
V	986306	20522
V	986403	20523
V	986500	20524
V	986596	20525
V	986692	20526
V	986788	20527
V	986885	20528
V	986982	20529
V	987079	20530
V	987175	20531
V	987272	20532
V	987368	20533
V	987464	20534
V	987560	20535
V	987656	20536
V	987752	20537
V	987849	20538
V	987945	20539
V	988042	20540
V	988139	20541
V	988236	20542
V	988333	20543
V	988429	20544
V	988525	20545
V	988621	20546
V	988717	20547
V	988813	20548
V	988910	20549
V	989007	20550
V	989105	20551
V	989202	20552
V	989299	20553
V	989396	20554
V	989492	20555
V	989588	20556
V	989684	20557
V	989782	20558
V	989880	20559
V	989976	20560
V	990072	20561
V	990170	20562
V	990267	20563
V	990364	20564
V	990461	20565
V	990558	20566
V	990656	20567
V	990753	20568
V	990849	20569
V	990947	20570
V	991045	20571
V	991142	20572
V	991238	20573
V	991335	20574
V	991432	20575
V	991530	20576
V	991628	20577
V	991726	20578
V	991823	20579
V	991920	20580
V	992016	20581
V	992112	20582
V	992209	20583
V	992305	20584
V	992402	20585
V	992500	20586
V	992597	20587
V	992694	20588
V	992792	20589
V	992888	20590
V	992985	20591
V	993082	20592
V	993180	20593
V	993277	20594
V	993374	20595
V	993470	20596
V	993567	20597
V	993663	20598
V	993759	20599
V	993856	20600
V	993953	20601
V	994050	20602
V	994147	20603
V	994244	20604
V	994340	20605
V	994436	20606
V	994532	20607
V	994628	20608
V	994724	20609
V	994821	20610
V	994917	20611
V	995013	20612
V	995110	20613
V	995207	20614
V	995303	20615
V	995399	20616
V	995495	20617
V	995592	20618
V	995689	20619
V	995785	20620
V	995882	20621
V	995979	20622
V	996075	20623
V	996171	20624
V	996267	20625
V	996364	20626
V	996460	20627
V	996557	20628
V	996654	20629
V	996750	20630
V	996847	20631
V	996944	20632
V	997041	20633
V	997138	20634
V	997234	20635
V	997331	20636
V	997428	20637
V	997525	20638
V	997622	20639
V	997719	20640
V	997816	20641
V	997913	20642
V	998010	20643
V	998107	20644
V	998204	20645
V	998301	20646
V	998397	20647
V	998494	20648
V	998591	20649
V	998687	20650
V	998784	20651
V	998881	20652
V	998978	20653
V	999075	20654
V	999171	20655
V	999268	20656
V	999365	20657
V	999462	20658
V	999558	20659
V	999654	20660
V	999750	20661
V	999846	20662
V	999942	20663
V	1000039	20664
V	1000136	20665
V	1000233	20666
V	1000330	20667
V	1000426	20668
V	1000522	20669
V	1000619	20670
V	1000716	20671
V	1000813	20672
V	1000910	20673
V	1001006	20674
V	1001102	20675
V	1001199	20676
V	1001296	20677
V	1001392	20678
V	1001488	20679
V	1001585	20680
V	1001682	20681
V	1001779	20682
V	1001876	20683
V	1001972	20684
V	1002069	20685
V	1002165	20686
V	1002261	20687
V	1002357	20688
V	1002454	20689
V	1002551	20690
V	1002648	20691
V	1002744	20692
V	1002841	20693
V	1002937	20694
V	1003034	20695
V	1003131	20696
V	1003227	20697
V	1003323	20698
V	1003420	20699
V	1003516	20700
V	1003612	20701
V	1003709	20702
V	1003806	20703
V	1003902	20704
V	1003999	20705
V	1004096	20706
V	1004192	20707
V	1004288	20708
V	1004384	20709
V	1004481	20710
V	1004578	20711
V	1004675	20712
V	1004773	20713
V	1004871	20714
V	1004969	20715
V	1005066	20716
V	1005163	20717
V	1005261	20718
V	1005359	20719
V	1005456	20720
V	1005552	20721
V	1005649	20722
V	1005746	20723
V	1005842	20724
V	1005939	20725
V	1006037	20726
V	1006133	20727
V	1006229	20728
V	1006325	20729
V	1006421	20730
V	1006518	20731
V	1006615	20732
V	1006712	20733
V	1006808	20734
V	1006905	20735
V	1007001	20736
V	1007097	20737
V	1007194	20738
V	1007291	20739
V	1007387	20740
V	1007484	20741
V	1007580	20742
V	1007677	20743
V	1007773	20744
V	1007869	20745
V	1007965	20746
V	1008061	20747
V	1008158	20748
V	1008254	20749
V	1008350	20750
V	1008447	20751
V	1008543	20752
V	1008639	20753
V	1008735	20754
V	1008831	20755
V	1008928	20756
V	1009025	20757
V	1009121	20758
V	1009218	20759
V	1009315	20760
V	1009411	20761
V	1009507	20762
V	1009604	20763
V	1009700	20764
V	1009797	20765
V	1009893	20766
V	1009990	20767
V	1010087	20768
V	1010184	20769
V	1010280	20770
V	1010377	20771
V	1010473	20772
V	1010570	20773
V	1010667	20774
V	1010764	20775
V	1010861	20776
V	1010957	20777
V	1011053	20778
V	1011150	20779
V	1011246	20780
V	1011343	20781
V	1011440	20782
V	1011537	20783
V	1011633	20784
V	1011729	20785
V	1011826	20786
V	1011922	20787
V	1012018	20788
V	1012114	20789
V	1012210	20790
V	1012307	20791
V	1012403	20792
V	1012499	20793
V	1012596	20794
V	1012693	20795
V	1012789	20796
V	1012885	20797
V	1012982	20798
V	1013079	20799
V	1013176	20800
V	1013273	20801
V	1013371	20802
V	1013468	20803
V	1013565	20804
V	1013662	20805
V	1013759	20806
V	1013857	20807
V	1013954	20808
V	1014051	20809
V	1014149	20810
V	1014246	20811
V	1014343	20812
V	1014439	20813
V	1014535	20814
V	1014632	20815
V	1014729	20816
V	1014825	20817
V	1014921	20818
V	1015018	20819
V	1015115	20820
V	1015212	20821
V	1015308	20822
V	1015405	20823
V	1015502	20824
V	1015600	20825
V	1015698	20826
V	1015795	20827
V	1015892	20828
V	1015989	20829
V	1016085	20830
V	1016182	20831
V	1016278	20832
V	1016375	20833
V	1016472	20834
V	1016570	20835
V	1016667	20836
V	1016763	20837
V	1016861	20838
V	1016959	20839
V	1017057	20840
V	1017154	20841
V	1017251	20842
V	1017347	20843
V	1017443	20844
V	1017539	20845
V	1017635	20846
V	1017732	20847
V	1017829	20848
V	1017927	20849
V	1018024	20850
V	1018122	20851
V	1018220	20852
V	1018317	20853
V	1018413	20854
V	1018510	20855
V	1018606	20856
V	1018704	20857
V	1018801	20858
V	1018898	20859
V	1018996	20860
V	1019092	20861
V	1019188	20862
V	1019286	20863
V	1019383	20864
V	1019481	20865
V	1019577	20866
V	1019675	20867
V	1019772	20868
V	1019870	20869
V	1019968	20870
V	1020064	20871
V	1020160	20872
V	1020257	20873
V	1020354	20874
V	1020451	20875
V	1020549	20876
V	1020645	20877
V	1020742	20878
V	1020839	20879
V	1020937	20880
V	1021034	20881
V	1021132	20882
V	1021229	20883
V	1021326	20884
V	1021423	20885
V	1021521	20886
V	1021619	20887
V	1021715	20888
V	1021812	20889
V	1021910	20890
V	1022008	20891
V	1022104	20892
V	1022202	20893
V	1022299	20894
V	1022396	20895
V	1022493	20896
V	1022590	20897
V	1022686	20898
V	1022782	20899
V	1022878	20900
V	1022975	20901
V	1023072	20902
V	1023170	20903
V	1023267	20904
V	1023364	20905
V	1023460	20906
V	1023558	20907
V	1023655	20908
V	1023752	20909
V	1023849	20910
V	1023945	20911
V	1024042	20912
V	1024139	20913
V	1024236	20914
V	1024332	20915
V	1024428	20916
V	1024525	20917
V	1024622	20918
V	1024718	20919
V	1024814	20920
V	1024911	20921
V	1025009	20922
V	1025107	20923
V	1025203	20924
V	1025299	20925
V	1025396	20926
V	1025493	20927
V	1025589	20928
V	1025686	20929
V	1025783	20930
V	1025879	20931
V	1025977	20932
V	1026074	20933
V	1026171	20934
V	1026268	20935
V	1026365	20936
V	1026462	20937
V	1026559	20938
V	1026657	20939
V	1026754	20940
V	1026851	20941
V	1026948	20942
V	1027044	20943
V	1027142	20944
V	1027239	20945
V	1027336	20946
V	1027432	20947
V	1027530	20948
V	1027626	20949
V	1027724	20950
V	1027822	20951
V	1027919	20952
V	1028016	20953
V	1028112	20954
V	1028208	20955
V	1028305	20956
V	1028402	20957
V	1028499	20958
V	1028596	20959
V	1028693	20960
V	1028789	20961
V	1028886	20962
V	1028982	20963
V	1029080	20964
V	1029177	20965
V	1029275	20966
V	1029371	20967
V	1029468	20968
V	1029566	20969
V	1029663	20970
V	1029760	20971
V	1029856	20972
V	1029954	20973
V	1030052	20974
V	1030149	20975
V	1030247	20976
V	1030344	20977
V	1030441	20978
V	1030538	20979
V	1030635	20980
V	1030732	20981
V	1030829	20982
V	1030927	20983
V	1031024	20984
V	1031121	20985
V	1031217	20986
V	1031314	20987
V	1031411	20988
V	1031508	20989
V	1031605	20990
V	1031701	20991
V	1031797	20992
V	1031893	20993
V	1031990	20994
V	1032086	20995
V	1032183	20996
V	1032280	20997
V	1032377	20998
V	1032473	20999
V	1032569	21000
V	1032665	21001
V	1032762	21002
V	1032858	21003
V	1032955	21004
V	1033051	21005
V	1033148	21006
V	1033245	21007
V	1033342	21008
V	1033439	21009
V	1033536	21010
V	1033633	21011
V	1033730	21012
V	1033828	21013
V	1033925	21014
V	1034022	21015
V	1034119	21016
V	1034216	21017
V	1034313	21018
V	1034411	21019
V	1034508	21020
V	1034606	21021
V	1034703	21022
V	1034799	21023
V	1034896	21024
V	1034993	21025
V	1035090	21026
V	1035187	21027
V	1035285	21028
V	1035383	21029
V	1035480	21030
V	1035577	21031
V	1035673	21032
V	1035769	21033
V	1035865	21034
V	1035962	21035
V	1036059	21036
V	1036157	21037
V	1036254	21038
V	1036351	21039
V	1036449	21040
V	1036547	21041
V	1036643	21042
V	1036740	21043
V	1036837	21044
V	1036934	21045
V	1037030	21046
V	1037127	21047
V	1037223	21048
V	1037320	21049
V	1037417	21050
V	1037514	21051
V	1037611	21052
V	1037707	21053
V	1037805	21054
V	1037902	21055
V	1037998	21056
V	1038096	21057
V	1038193	21058
V	1038290	21059
V	1038387	21060
V	1038485	21061
V	1038582	21062
V	1038678	21063
V	1038775	21064
V	1038872	21065
V	1038969	21066
V	1039066	21067
V	1039164	21068
V	1039262	21069
V	1039360	21070
V	1039457	21071
V	1039555	21072
V	1039651	21073
V	1039747	21074
V	1039845	21075
V	1039942	21076
V	1040038	21077
V	1040135	21078
V	1040232	21079
V	1040330	21080
V	1040426	21081
V	1040522	21082
V	1040619	21083
V	1040716	21084
V	1040812	21085
V	1040909	21086
V	1041005	21087
V	1041102	21088
V	1041198	21089
V	1041295	21090
V	1041392	21091
V	1041489	21092
V	1041587	21093
V	1041684	21094
V	1041781	21095
V	1041878	21096
V	1041975	21097
V	1042072	21098
V	1042168	21099
V	1042265	21100
V	1042362	21101
V	1042459	21102
V	1042556	21103
V	1042653	21104
V	1042751	21105
V	1042849	21106
V	1042947	21107
V	1043043	21108
V	1043139	21109
V	1043236	21110
V	1043334	21111
V	1043432	21112
V	1043529	21113
V	1043625	21114
V	1043721	21115
V	1043818	21116
V	1043916	21117
V	1044012	21118
V	1044109	21119
V	1044205	21120
V	1044302	21121
V	1044399	21122
V	1044496	21123
V	1044593	21124
V	1044690	21125
V	1044787	21126
V	1044883	21127
V	1044980	21128
V	1045076	21129
V	1045173	21130
V	1045270	21131
V	1045366	21132
V	1045463	21133
V	1045560	21134
V	1045658	21135
V	1045755	21136
V	1045853	21137
V	1045950	21138
V	1046046	21139
V	1046143	21140
V	1046240	21141
V	1046337	21142
V	1046434	21143
V	1046530	21144
V	1046627	21145
V	1046723	21146
V	1046820	21147
V	1046917	21148
V	1047014	21149
V	1047111	21150
V	1047208	21151
V	1047305	21152
V	1047402	21153
V	1047499	21154
V	1047596	21155
V	1047693	21156
V	1047790	21157
V	1047886	21158
V	1047983	21159
V	1048080	21160
V	1048177	21161
V	1048274	21162
V	1048370	21163
V	1048467	21164
V	1048564	21165
V	1048661	21166
V	1048758	21167
V	1048855	21168
V	1048951	21169
V	1049048	21170
V	1049145	21171
V	1049242	21172
V	1049339	21173
V	1049436	21174
V	1049533	21175
V	1049629	21176
V	1049725	21177
V	1049822	21178
V	1049919	21179
V	1050016	21180
V	1050112	21181
V	1050208	21182
V	1050305	21183
V	1050402	21184
V	1050498	21185
V	1050594	21186
V	1050691	21187
V	1050787	21188
V	1050883	21189
V	1050980	21190
V	1051076	21191
V	1051173	21192
V	1051269	21193
V	1051366	21194
V	1051463	21195
V	1051560	21196
V	1051657	21197
V	1051753	21198
V	1051850	21199
V	1051946	21200
V	1052043	21201
V	1052139	21202
V	1052236	21203
V	1052333	21204
V	1052430	21205
V	1052527	21206
V	1052624	21207
V	1052721	21208
V	1052818	21209
V	1052915	21210
V	1053012	21211
V	1053109	21212
V	1053205	21213
V	1053302	21214
V	1053399	21215
V	1053495	21216
V	1053592	21217
V	1053689	21218
V	1053785	21219
V	1053882	21220
V	1053979	21221
V	1054076	21222
V	1054172	21223
V	1054268	21224
V	1054365	21225
V	1054461	21226
V	1054557	21227
V	1054653	21228
V	1054749	21229
V	1054846	21230
V	1054942	21231
V	1055039	21232
V	1055135	21233
V	1055232	21234
V	1055329	21235
V	1055426	21236
V	1055523	21237
V	1055619	21238
V	1055716	21239
V	1055813	21240
V	1055909	21241
V	1056006	21242
V	1056103	21243
V	1056200	21244
V	1056296	21245
V	1056393	21246
V	1056490	21247
V	1056587	21248
V	1056683	21249
V	1056779	21250
V	1056876	21251
V	1056973	21252
V	1057069	21253
V	1057166	21254
V	1057262	21255
V	1057358	21256
V	1057455	21257
V	1057551	21258
V	1057647	21259
V	1057744	21260
V	1057840	21261
V	1057936	21262
V	1058032	21263
V	1058129	21264
V	1058225	21265
V	1058322	21266
V	1058418	21267
V	1058514	21268
V	1058611	21269
V	1058707	21270
V	1058804	21271
V	1058900	21272
V	1058997	21273
V	1059094	21274
V	1059190	21275
V	1059286	21276
V	1059383	21277
V	1059479	21278
V	1059576	21279
V	1059672	21280
V	1059769	21281
V	1059866	21282
V	1059963	21283
V	1060060	21284
V	1060157	21285
V	1060253	21286
V	1060349	21287
V	1060446	21288
V	1060543	21289
V	1060640	21290
V	1060737	21291
V	1060834	21292
V	1060931	21293
V	1061028	21294
V	1061124	21295
V	1061221	21296
V	1061318	21297
V	1061414	21298
V	1061511	21299
V	1061608	21300
V	1061704	21301
V	1061800	21302
V	1061896	21303
V	1061992	21304
V	1062088	21305
V	1062185	21306
V	1062281	21307
V	1062378	21308
V	1062475	21309
V	1062572	21310
V	1062668	21311
V	1062765	21312
V	1062862	21313
V	1062958	21314
V	1063055	21315
V	1063151	21316
V	1063248	21317
V	1063344	21318
V	1063441	21319
V	1063538	21320
V	1063635	21321
V	1063732	21322
V	1063829	21323
V	1063926	21324
V	1064023	21325
V	1064119	21326
V	1064216	21327
V	1064312	21328
V	1064408	21329
V	1064504	21330
V	1064601	21331
V	1064698	21332
V	1064794	21333
V	1064891	21334
V	1064988	21335
V	1065084	21336
V	1065181	21337
V	1065278	21338
V	1065375	21339
V	1065471	21340
V	1065567	21341
V	1065664	21342
V	1065760	21343
V	1065857	21344
V	1065954	21345
V	1066051	21346
V	1066148	21347
V	1066245	21348
V	1066342	21349
V	1066439	21350
V	1066535	21351
V	1066631	21352
V	1066728	21353
V	1066825	21354
V	1066922	21355
V	1067018	21356
V	1067114	21357
V	1067210	21358
V	1067307	21359
V	1067404	21360
V	1067501	21361
V	1067598	21362
V	1067695	21363
V	1067791	21364
V	1067888	21365
V	1067985	21366
V	1068081	21367
V	1068177	21368
V	1068274	21369
V	1068371	21370
V	1068467	21371
V	1068563	21372
V	1068659	21373
V	1068756	21374
V	1068853	21375
V	1068950	21376
V	1069047	21377
V	1069143	21378
V	1069239	21379
V	1069336	21380
V	1069433	21381
V	1069530	21382
V	1069626	21383
V	1069723	21384
V	1069819	21385
V	1069916	21386
V	1070012	21387
V	1070109	21388
V	1070206	21389
V	1070302	21390
V	1070398	21391
V	1070495	21392
V	1070592	21393
V	1070689	21394
V	1070785	21395
V	1070881	21396
V	1070978	21397
V	1071075	21398
V	1071171	21399
V	1071268	21400
V	1071365	21401
V	1071461	21402
V	1071558	21403
V	1071654	21404
V	1071750	21405
V	1071846	21406
V	1071943	21407
V	1072040	21408
V	1072136	21409
V	1072233	21410
V	1072329	21411
V	1072425	21412
V	1072521	21413
V	1072617	21414
V	1072713	21415
V	1072809	21416
V	1072905	21417
V	1073001	21418
V	1073098	21419
V	1073194	21420
V	1073290	21421
V	1073387	21422
V	1073484	21423
V	1073581	21424
V	1073678	21425
V	1073775	21426
V	1073872	21427
V	1073968	21428
V	1074064	21429
V	1074160	21430
V	1074256	21431
V	1074352	21432
V	1074448	21433
V	1074545	21434
V	1074642	21435
V	1074738	21436
V	1074835	21437
V	1074932	21438
V	1075029	21439
V	1075126	21440
V	1075223	21441
V	1075319	21442
V	1075415	21443
V	1075511	21444
V	1075607	21445
V	1075703	21446
V	1075800	21447
V	1075897	21448
V	1075993	21449
V	1076089	21450
V	1076185	21451
V	1076281	21452
V	1076378	21453
V	1076474	21454
V	1076570	21455
V	1076666	21456
V	1076763	21457
V	1076860	21458
V	1076957	21459
V	1077053	21460
V	1077150	21461
V	1077247	21462
V	1077343	21463
V	1077440	21464
V	1077537	21465
V	1077633	21466
V	1077730	21467
V	1077827	21468
V	1077923	21469
V	1078019	21470
V	1078115	21471
V	1078211	21472
V	1078308	21473
V	1078405	21474
V	1078502	21475
V	1078598	21476
V	1078694	21477
V	1078790	21478
V	1078886	21479
V	1078982	21480
V	1079078	21481
V	1079174	21482
V	1079270	21483
V	1079366	21484
V	1079462	21485
V	1079559	21486
V	1079655	21487
V	1079751	21488
V	1079848	21489
V	1079944	21490
V	1080041	21491
V	1080138	21492
V	1080234	21493
V	1080331	21494
V	1080428	21495
V	1080524	21496
V	1080621	21497
V	1080718	21498
V	1080815	21499
V	1080911	21500
V	1081008	21501
V	1081105	21502
V	1081202	21503
V	1081298	21504
V	1081395	21505
V	1081492	21506
V	1081589	21507
V	1081687	21508
V	1081784	21509
V	1081881	21510
V	1081978	21511
V	1082076	21512
V	1082174	21513
V	1082271	21514
V	1082368	21515
V	1082466	21516
V	1082564	21517
V	1082662	21518
V	1082759	21519
V	1082855	21520
V	1082952	21521
V	1083049	21522
V	1083146	21523
V	1083243	21524
V	1083340	21525
V	1083438	21526
V	1083535	21527
V	1083631	21528
V	1083728	21529
V	1083825	21530
V	1083921	21531
V	1084018	21532
V	1084114	21533
V	1084211	21534
V	1084308	21535
V	1084404	21536
V	1084501	21537
V	1084598	21538
V	1084695	21539
V	1084792	21540
V	1084890	21541
V	1084987	21542
V	1085084	21543
V	1085181	21544
V	1085279	21545
V	1085376	21546
V	1085473	21547
V	1085570	21548
V	1085668	21549
V	1085764	21550
V	1085861	21551
V	1085957	21552
V	1086053	21553
V	1086150	21554
V	1086247	21555
V	1086343	21556
V	1086440	21557
V	1086536	21558
V	1086633	21559
V	1086730	21560
V	1086827	21561
V	1086924	21562
V	1087020	21563
V	1087116	21564
V	1087212	21565
V	1087308	21566
V	1087404	21567
V	1087501	21568
V	1087597	21569
V	1087693	21570
V	1087789	21571
V	1087885	21572
V	1087982	21573
V	1088079	21574
V	1088175	21575
V	1088271	21576
V	1088367	21577
V	1088463	21578
V	1088560	21579
V	1088656	21580
V	1088752	21581
V	1088849	21582
V	1088945	21583
V	1089042	21584
V	1089139	21585
V	1089235	21586
V	1089331	21587
V	1089427	21588
V	1089523	21589
V	1089619	21590
V	1089715	21591
V	1089812	21592
V	1089908	21593
V	1090004	21594
V	1090101	21595
V	1090198	21596
V	1090295	21597
V	1090392	21598
V	1090489	21599
V	1090586	21600
V	1090682	21601
V	1090778	21602
V	1090875	21603
V	1090972	21604
V	1091068	21605
V	1091165	21606
V	1091262	21607
V	1091359	21608
V	1091455	21609
V	1091552	21610
V	1091649	21611
V	1091746	21612
V	1091843	21613
V	1091939	21614
V	1092036	21615
V	1092133	21616
V	1092230	21617
V	1092327	21618
V	1092424	21619
V	1092520	21620
V	1092616	21621
V	1092713	21622
V	1092809	21623
V	1092905	21624
V	1093001	21625
V	1093098	21626
V	1093195	21627
V	1093291	21628
V	1093388	21629
V	1093485	21630
V	1093581	21631
V	1093678	21632
V	1093775	21633
V	1093871	21634
V	1093967	21635
V	1094064	21636
V	1094160	21637
V	1094256	21638
V	1094353	21639
V	1094450	21640
V	1094547	21641
V	1094644	21642
V	1094741	21643
V	1094838	21644
V	1094934	21645
V	1095031	21646
V	1095127	21647
V	1095223	21648
V	1095319	21649
V	1095416	21650
V	1095512	21651
V	1095609	21652
V	1095706	21653
V	1095803	21654
V	1095900	21655
V	1095996	21656
V	1096093	21657
V	1096190	21658
V	1096286	21659
V	1096382	21660
V	1096478	21661
V	1096575	21662
V	1096672	21663
V	1096768	21664
V	1096865	21665
V	1096961	21666
V	1097058	21667
V	1097155	21668
V	1097252	21669
V	1097350	21670
V	1097446	21671
V	1097542	21672
V	1097639	21673
V	1097736	21674
V	1097832	21675
V	1097928	21676
V	1098025	21677
V	1098121	21678
V	1098218	21679
V	1098315	21680
V	1098412	21681
V	1098509	21682
V	1098607	21683
V	1098705	21684
V	1098801	21685
V	1098898	21686
V	1098995	21687
V	1099092	21688
V	1099189	21689
V	1099286	21690
V	1099383	21691
V	1099480	21692
V	1099576	21693
V	1099673	21694
V	1099770	21695
V	1099867	21696
V	1099963	21697
V	1100060	21698
V	1100157	21699
V	1100253	21700
V	1100350	21701
V	1100446	21702
V	1100542	21703
V	1100638	21704
V	1100734	21705
V	1100831	21706
V	1100927	21707
V	1101023	21708
V	1101119	21709
V	1101215	21710
V	1101311	21711
V	1101407	21712
V	1101504	21713
V	1101601	21714
V	1101697	21715
V	1101793	21716
V	1101890	21717
V	1101987	21718
V	1102083	21719
V	1102180	21720
V	1102276	21721
V	1102372	21722
V	1102469	21723
V	1102565	21724
V	1102661	21725
V	1102757	21726
V	1102854	21727
V	1102950	21728
V	1103047	21729
V	1103143	21730
V	1103240	21731
V	1103336	21732
V	1103432	21733
V	1103529	21734
V	1103626	21735
V	1103723	21736
V	1103820	21737
V	1103917	21738
V	1104014	21739
V	1104111	21740
V	1104209	21741
V	1104305	21742
V	1104401	21743
V	1104498	21744
V	1104595	21745
V	1104691	21746
V	1104787	21747
V	1104884	21748
V	1104980	21749
V	1105077	21750
V	1105174	21751
V	1105271	21752
V	1105368	21753
V	1105465	21754
V	1105562	21755
V	1105658	21756
V	1105754	21757
V	1105850	21758
V	1105947	21759
V	1106044	21760
V	1106141	21761
V	1106237	21762
V	1106334	21763
V	1106431	21764
V	1106528	21765
V	1106625	21766
V	1106722	21767
V	1106818	21768
V	1106915	21769
V	1107011	21770
V	1107108	21771
V	1107204	21772
V	1107301	21773
V	1107398	21774
V	1107495	21775
V	1107592	21776
V	1107689	21777
V	1107786	21778
V	1107883	21779
V	1107979	21780
V	1108076	21781
V	1108173	21782
V	1108269	21783
V	1108365	21784
V	1108462	21785
V	1108559	21786
V	1108656	21787
V	1108753	21788
V	1108850	21789
V	1108947	21790
V	1109043	21791
V	1109140	21792
V	1109236	21793
V	1109333	21794
V	1109430	21795
V	1109527	21796
V	1109624	21797
V	1109721	21798
V	1109817	21799
V	1109914	21800
V	1110011	21801
V	1110107	21802
V	1110203	21803
V	1110300	21804
V	1110396	21805
V	1110493	21806
V	1110589	21807
V	1110685	21808
V	1110782	21809
V	1110879	21810
V	1110976	21811
V	1111073	21812
V	1111170	21813
V	1111266	21814
V	1111363	21815
V	1111460	21816
V	1111557	21817
V	1111654	21818
V	1111751	21819
V	1111848	21820
V	1111944	21821
V	1112041	21822
V	1112138	21823
V	1112235	21824
V	1112333	21825
V	1112430	21826
V	1112526	21827
V	1112622	21828
V	1112719	21829
V	1112816	21830
V	1112914	21831
V	1113010	21832
V	1113107	21833
V	1113203	21834
V	1113300	21835
V	1113397	21836
V	1113494	21837
V	1113591	21838
V	1113688	21839
V	1113786	21840
V	1113884	21841
V	1113982	21842
V	1114078	21843
V	1114174	21844
V	1114270	21845
V	1114367	21846
V	1114463	21847
V	1114560	21848
V	1114658	21849
V	1114755	21850
V	1114852	21851
V	1114949	21852
V	1115045	21853
V	1115142	21854
V	1115240	21855
V	1115338	21856
V	1115435	21857
V	1115533	21858
V	1115631	21859
V	1115728	21860
V	1115824	21861
V	1115921	21862
V	1116017	21863
V	1116113	21864
V	1116211	21865
V	1116309	21866
V	1116405	21867
V	1116501	21868
V	1116597	21869
V	1116694	21870
V	1116792	21871
V	1116888	21872
V	1116985	21873
V	1117082	21874
V	1117179	21875
V	1117275	21876
V	1117372	21877
V	1117468	21878
V	1117564	21879
V	1117661	21880
V	1117758	21881
V	1117855	21882
V	1117952	21883
V	1118049	21884
V	1118146	21885
V	1118243	21886
V	1118340	21887
V	1118437	21888
V	1118534	21889
V	1118631	21890
V	1118728	21891
V	1118825	21892
V	1118922	21893
V	1119019	21894
V	1119115	21895
V	1119211	21896
V	1119308	21897
V	1119405	21898
V	1119501	21899
V	1119598	21900
V	1119695	21901
V	1119792	21902
V	1119888	21903
V	1119985	21904
V	1120082	21905
V	1120179	21906
V	1120275	21907
V	1120372	21908
V	1120468	21909
V	1120564	21910
V	1120660	21911
V	1120756	21912
V	1120853	21913
V	1120950	21914
V	1121047	21915
V	1121144	21916
V	1121241	21917
V	1121337	21918
V	1121433	21919
V	1121529	21920
V	1121626	21921
V	1121722	21922
V	1121818	21923
V	1121915	21924
V	1122012	21925
V	1122109	21926
V	1122205	21927
V	1122302	21928
V	1122398	21929
V	1122495	21930
V	1122591	21931
V	1122688	21932
V	1122784	21933
V	1122881	21934
V	1122978	21935
V	1123075	21936
V	1123172	21937
V	1123269	21938
V	1123366	21939
V	1123463	21940
V	1123560	21941
V	1123657	21942
V	1123754	21943
V	1123850	21944
V	1123946	21945
V	1124042	21946
V	1124138	21947
V	1124235	21948
V	1124331	21949
V	1124428	21950
V	1124524	21951
V	1124621	21952
V	1124717	21953
V	1124813	21954
V	1124909	21955
V	1125006	21956
V	1125103	21957
V	1125200	21958
V	1125296	21959
V	1125393	21960
V	1125490	21961
V	1125587	21962
V	1125684	21963
V	1125780	21964
V	1125876	21965
V	1125973	21966
V	1126070	21967
V	1126167	21968
V	1126263	21969
V	1126360	21970
V	1126456	21971
V	1126553	21972
V	1126649	21973
V	1126745	21974
V	1126842	21975
V	1126938	21976
V	1127034	21977
V	1127131	21978
V	1127228	21979
V	1127325	21980
V	1127421	21981
V	1127517	21982
V	1127613	21983
V	1127709	21984
V	1127806	21985
V	1127902	21986
V	1127999	21987
V	1128095	21988
V	1128192	21989
V	1128289	21990
V	1128386	21991
V	1128483	21992
V	1128580	21993
V	1128677	21994
V	1128774	21995
V	1128871	21996
V	1128968	21997
V	1129065	21998
V	1129162	21999
V	1129259	22000
V	1129356	22001
V	1129452	22002
V	1129548	22003
V	1129645	22004
V	1129742	22005
V	1129839	22006
V	1129936	22007
V	1130033	22008
V	1130130	22009
V	1130227	22010
V	1130324	22011
V	1130421	22012
V	1130517	22013
V	1130614	22014
V	1130710	22015
V	1130806	22016
V	1130902	22017
V	1130998	22018
V	1131095	22019
V	1131192	22020
V	1131288	22021
V	1131385	22022
V	1131482	22023
V	1131579	22024
V	1131675	22025
V	1131771	22026
V	1131867	22027
V	1131963	22028
V	1132059	22029
V	1132155	22030
V	1132252	22031
V	1132349	22032
V	1132445	22033
V	1132542	22034
V	1132638	22035
V	1132735	22036
V	1132832	22037
V	1132928	22038
V	1133025	22039
V	1133121	22040
V	1133217	22041
V	1133313	22042
V	1133409	22043
V	1133505	22044
V	1133602	22045
V	1133698	22046
V	1133795	22047
V	1133891	22048
V	1133988	22049
V	1134085	22050
V	1134182	22051
V	1134278	22052
V	1134374	22053
V	1134470	22054
V	1134567	22055
V	1134664	22056
V	1134761	22057
V	1134857	22058
V	1134954	22059
V	1135051	22060
V	1135148	22061
V	1135245	22062
V	1135341	22063
V	1135438	22064
V	1135535	22065
V	1135632	22066
V	1135729	22067
V	1135826	22068
V	1135923	22069
V	1136019	22070
V	1136115	22071
V	1136212	22072
V	1136309	22073
V	1136406	22074
V	1136503	22075
V	1136600	22076
V	1136697	22077
V	1136793	22078
V	1136890	22079
V	1136987	22080
V	1137083	22081
V	1137180	22082
V	1137277	22083
V	1137373	22084
V	1137470	22085
V	1137566	22086
V	1137663	22087
V	1137759	22088
V	1137856	22089
V	1137953	22090
V	1138050	22091
V	1138147	22092
V	1138244	22093
V	1138341	22094
V	1138438	22095
V	1138534	22096
V	1138631	22097
V	1138728	22098
V	1138824	22099
V	1138921	22100
V	1139017	22101
V	1139114	22102
V	1139211	22103
V	1139308	22104
V	1139404	22105
V	1139500	22106
V	1139597	22107
V	1139694	22108
V	1139791	22109
V	1139888	22110
V	1139984	22111
V	1140081	22112
V	1140177	22113
V	1140274	22114
V	1140370	22115
V	1140467	22116
V	1140564	22117
V	1140661	22118
V	1140757	22119
V	1140853	22120
V	1140950	22121
V	1141046	22122
V	1141143	22123
V	1141240	22124
V	1141337	22125
V	1141434	22126
V	1141531	22127
V	1141627	22128
V	1141723	22129
V	1141820	22130
V	1141917	22131
V	1142013	22132
V	1142110	22133
V	1142206	22134
V	1142302	22135
V	1142399	22136
V	1142495	22137
V	1142592	22138
V	1142688	22139
V	1142784	22140
V	1142880	22141
V	1142977	22142
V	1143074	22143
V	1143170	22144
V	1143266	22145
V	1143363	22146
V	1143459	22147
V	1143556	22148
V	1143653	22149
V	1143749	22150
V	1143845	22151
V	1143941	22152
V	1144037	22153
V	1144134	22154
V	1144230	22155
V	1144326	22156
V	1144422	22157
V	1144518	22158
V	1144614	22159
V	1144711	22160
V	1144808	22161
V	1144905	22162
V	1145001	22163
V	1145098	22164
V	1145195	22165
V	1145292	22166
V	1145388	22167
V	1145485	22168
V	1145581	22169
V	1145678	22170
V	1145775	22171
V	1145872	22172
V	1145968	22173
V	1146064	22174
V	1146160	22175
V	1146257	22176
V	1146354	22177
V	1146451	22178
V	1146547	22179
V	1146644	22180
V	1146741	22181
V	1146838	22182
V	1146934	22183
V	1147031	22184
V	1147127	22185
V	1147223	22186
V	1147319	22187
V	1147416	22188
V	1147513	22189
V	1147610	22190
V	1147707	22191
V	1147804	22192
V	1147900	22193
V	1147996	22194
V	1148093	22195
V	1148190	22196
V	1148286	22197
V	1148383	22198
V	1148480	22199
V	1148577	22200
V	1148673	22201
V	1148770	22202
V	1148867	22203
V	1148964	22204
V	1149060	22205
V	1149157	22206
V	1149254	22207
V	1149351	22208
V	1149448	22209
V	1149544	22210
V	1149640	22211
V	1149737	22212
V	1149834	22213
V	1149931	22214
V	1150028	22215
V	1150124	22216
V	1150221	22217
V	1150317	22218
V	1150413	22219
V	1150510	22220
V	1150606	22221
V	1150702	22222
V	1150799	22223
V	1150895	22224
V	1150991	22225
V	1151087	22226
V	1151184	22227
V	1151281	22228
V	1151377	22229
V	1151474	22230
V	1151570	22231
V	1151667	22232
V	1151763	22233
V	1151859	22234
V	1151956	22235
V	1152053	22236
V	1152150	22237
V	1152247	22238
V	1152344	22239
V	1152441	22240
V	1152538	22241
V	1152634	22242
V	1152731	22243
V	1152828	22244
V	1152924	22245
V	1153021	22246
V	1153117	22247
V	1153214	22248
V	1153311	22249
V	1153407	22250
V	1153504	22251
V	1153600	22252
V	1153696	22253
V	1153792	22254
V	1153888	22255
V	1153985	22256
V	1154082	22257
V	1154179	22258
V	1154275	22259
V	1154371	22260
V	1154468	22261
V	1154565	22262
V	1154661	22263
V	1154758	22264
V	1154854	22265
V	1154951	22266
V	1155048	22267
V	1155145	22268
V	1155241	22269
V	1155337	22270
V	1155434	22271
V	1155531	22272
V	1155627	22273
V	1155724	22274
V	1155820	22275
V	1155917	22276
V	1156013	22277
V	1156109	22278
V	1156205	22279
V	1156301	22280
V	1156398	22281
V	1156494	22282
V	1156590	22283
V	1156686	22284
V	1156783	22285
V	1156880	22286
V	1156976	22287
V	1157073	22288
V	1157169	22289
V	1157265	22290
V	1157361	22291
V	1157458	22292
V	1157555	22293
V	1157652	22294
V	1157749	22295
V	1157845	22296
V	1157942	22297
V	1158039	22298
V	1158135	22299
V	1158232	22300
V	1158329	22301
V	1158426	22302
V	1158524	22303
V	1158621	22304
V	1158718	22305
V	1158816	22306
V	1158912	22307
V	1159009	22308
V	1159107	22309
V	1159205	22310
V	1159301	22311
V	1159399	22312
V	1159496	22313
V	1159593	22314
V	1159690	22315
V	1159788	22316
V	1159884	22317
V	1159980	22318
V	1160076	22319
V	1160173	22320
V	1160271	22321
V	1160369	22322
V	1160466	22323
V	1160562	22324
V	1160659	22325
V	1160757	22326
V	1160853	22327
V	1160949	22328
V	1161046	22329
V	1161143	22330
V	1161240	22331
V	1161336	22332
V	1161432	22333
V	1161528	22334
V	1161625	22335
V	1161722	22336
V	1161819	22337
V	1161915	22338
V	1162011	22339
V	1162107	22340
V	1162204	22341
V	1162301	22342
V	1162398	22343
V	1162494	22344
V	1162591	22345
V	1162687	22346
V	1162783	22347
V	1162879	22348
V	1162975	22349
V	1163072	22350
V	1163168	22351
V	1163265	22352
V	1163362	22353
V	1163459	22354
V	1163556	22355
V	1163653	22356
V	1163750	22357
V	1163846	22358
V	1163942	22359
V	1164039	22360
V	1164136	22361
V	1164233	22362
V	1164329	22363
V	1164425	22364
V	1164521	22365
V	1164618	22366
V	1164714	22367
V	1164811	22368
V	1164908	22369
V	1165005	22370
V	1165102	22371
V	1165199	22372
V	1165295	22373
V	1165391	22374
V	1165487	22375
V	1165584	22376
V	1165680	22377
V	1165777	22378
V	1165873	22379
V	1165970	22380
V	1166066	22381
V	1166162	22382
V	1166260	22383
V	1166358	22384
V	1166454	22385
V	1166552	22386
V	1166648	22387
V	1166744	22388
V	1166842	22389
V	1166939	22390
V	1167036	22391
V	1167132	22392
V	1167228	22393
V	1167325	22394
V	1167421	22395
V	1167517	22396
V	1167614	22397
V	1167711	22398
V	1167808	22399
V	1167905	22400
V	1168002	22401
V	1168099	22402
V	1168195	22403
V	1168291	22404
V	1168388	22405
V	1168484	22406
V	1168581	22407
V	1168677	22408
V	1168773	22409
V	1168870	22410
V	1168967	22411
V	1169064	22412
V	1169160	22413
V	1169257	22414
V	1169353	22415
V	1169449	22416
V	1169547	22417
V	1169644	22418
V	1169742	22419
V	1169839	22420
V	1169935	22421
V	1170033	22422
V	1170131	22423
V	1170228	22424
V	1170325	22425
V	1170422	22426
V	1170518	22427
V	1170616	22428
V	1170714	22429
V	1170812	22430
V	1170908	22431
V	1171005	22432
V	1171101	22433
V	1171198	22434
V	1171296	22435
V	1171393	22436
V	1171490	22437
V	1171587	22438
V	1171684	22439
V	1171782	22440
V	1171879	22441
V	1171975	22442
V	1172072	22443
V	1172168	22444
V	1172265	22445
V	1172362	22446
V	1172459	22447
V	1172556	22448
V	1172652	22449
V	1172748	22450
V	1172844	22451
V	1172942	22452
V	1173039	22453
V	1173136	22454
V	1173233	22455
V	1173330	22456
V	1173428	22457
V	1173525	22458
V	1173622	22459
V	1173719	22460
V	1173816	22461
V	1173914	22462
V	1174010	22463
V	1174107	22464
V	1174204	22465
V	1174301	22466
V	1174397	22467
V	1174494	22468
V	1174592	22469
V	1174689	22470
V	1174786	22471
V	1174883	22472
V	1174979	22473
V	1175075	22474
V	1175172	22475
V	1175270	22476
V	1175367	22477
V	1175463	22478
V	1175560	22479
V	1175656	22480
V	1175753	22481
V	1175850	22482
V	1175946	22483
V	1176043	22484
V	1176140	22485
V	1176236	22486
V	1176333	22487
V	1176430	22488
V	1176526	22489
V	1176623	22490
V	1176720	22491
V	1176817	22492
V	1176914	22493
V	1177011	22494
V	1177108	22495
V	1177204	22496
V	1177301	22497
V	1177398	22498
V	1177495	22499
V	1177592	22500
V	1177689	22501
V	1177786	22502
V	1177884	22503
V	1177982	22504
V	1178080	22505
V	1178178	22506
V	1178275	22507
V	1178372	22508
V	1178469	22509
V	1178566	22510
V	1178664	22511
V	1178761	22512
V	1178857	22513
V	1178954	22514
V	1179050	22515
V	1179146	22516
V	1179242	22517
V	1179339	22518
V	1179437	22519
V	1179533	22520
V	1179631	22521
V	1179727	22522
V	1179823	22523
V	1179920	22524
V	1180016	22525
V	1180112	22526
V	1180210	22527
V	1180307	22528
V	1180404	22529
V	1180501	22530
V	1180599	22531
V	1180695	22532
V	1180793	22533
V	1180889	22534
V	1180985	22535
V	1181083	22536
V	1181181	22537
V	1181278	22538
V	1181374	22539
V	1181472	22540
V	1181569	22541
V	1181665	22542
V	1181762	22543
V	1181858	22544
V	1181954	22545
V	1182050	22546
V	1182147	22547
V	1182243	22548
V	1182339	22549
V	1182435	22550
V	1182533	22551
V	1182629	22552
V	1182725	22553
V	1182823	22554
V	1182920	22555
V	1183017	22556
V	1183114	22557
V	1183212	22558
V	1183309	22559
V	1183407	22560
V	1183505	22561
V	1183602	22562
V	1183699	22563
V	1183796	22564
V	1183893	22565
V	1183990	22566
V	1184088	22567
V	1184184	22568
V	1184280	22569
V	1184378	22570
V	1184475	22571
V	1184571	22572
V	1184668	22573
V	1184765	22574
V	1184862	22575
V	1184959	22576
V	1185056	22577
V	1185152	22578
V	1185249	22579
V	1185346	22580
V	1185443	22581
V	1185540	22582
V	1185636	22583
V	1185733	22584
V	1185829	22585
V	1185926	22586
V	1186024	22587
V	1186121	22588
V	1186219	22589
V	1186317	22590
V	1186414	22591
V	1186511	22592
V	1186609	22593
V	1186706	22594
V	1186803	22595
V	1186899	22596
V	1186997	22597
V	1187094	22598
V	1187191	22599
V	1187289	22600
V	1187386	22601
V	1187482	22602
V	1187580	22603
V	1187676	22604
V	1187774	22605
V	1187872	22606
V	1187968	22607
V	1188065	22608
V	1188163	22609
V	1188259	22610
V	1188356	22611
V	1188454	22612
V	1188550	22613
V	1188647	22614
V	1188744	22615
V	1188841	22616
V	1188938	22617
V	1189034	22618
V	1189131	22619
V	1189228	22620
V	1189324	22621
V	1189420	22622
V	1189517	22623
V	1189614	22624
V	1189711	22625
V	1189807	22626
V	1189904	22627
V	1190000	22628
V	1190097	22629
V	1190195	22630
V	1190293	22631
V	1190390	22632
V	1190487	22633
V	1190583	22634
V	1190681	22635
V	1190778	22636
V	1190876	22637
V	1190973	22638
V	1191069	22639
V	1191167	22640
V	1191264	22641
V	1191361	22642
V	1191459	22643
V	1191557	22644
V	1191654	22645
V	1191751	22646
V	1191848	22647
V	1191945	22648
V	1192041	22649
V	1192138	22650
V	1192235	22651
V	1192331	22652
V	1192427	22653
V	1192525	22654
V	1192622	22655
V	1192718	22656
V	1192816	22657
V	1192914	22658
V	1193010	22659
V	1193106	22660
V	1193203	22661
V	1193300	22662
V	1193397	22663
V	1193493	22664
V	1193590	22665
V	1193687	22666
V	1193783	22667
V	1193881	22668
V	1193978	22669
V	1194076	22670
V	1194174	22671
V	1194271	22672
V	1194369	22673
V	1194465	22674
V	1194562	22675
V	1194659	22676
V	1194755	22677
V	1194851	22678
V	1194948	22679
V	1195045	22680
V	1195142	22681
V	1195239	22682
V	1195336	22683
V	1195433	22684
V	1195529	22685
V	1195626	22686
V	1195723	22687
V	1195821	22688
V	1195917	22689
V	1196013	22690
V	1196109	22691
V	1196206	22692
V	1196303	22693
V	1196399	22694
V	1196496	22695
V	1196594	22696
V	1196691	22697
V	1196787	22698
V	1196884	22699
V	1196980	22700
V	1197077	22701
V	1197174	22702
V	1197271	22703
V	1197367	22704
V	1197464	22705
V	1197560	22706
V	1197656	22707
V	1197752	22708
V	1197849	22709
V	1197946	22710
V	1198042	22711
V	1198139	22712
V	1198236	22713
V	1198333	22714
V	1198429	22715
V	1198526	22716
V	1198623	22717
V	1198720	22718
V	1198816	22719
V	1198913	22720
V	1199009	22721
V	1199106	22722
V	1199203	22723
V	1199300	22724
V	1199397	22725
V	1199494	22726
V	1199590	22727
V	1199686	22728
V	1199782	22729
V	1199878	22730
V	1199975	22731
V	1200071	22732
V	1200168	22733
V	1200264	22734
V	1200361	22735
V	1200458	22736
V	1200554	22737
V	1200651	22738
V	1200747	22739
V	1200844	22740
V	1200940	22741
V	1201036	22742
V	1201133	22743
V	1201229	22744
V	1201325	22745
V	1201421	22746
V	1201517	22747
V	1201614	22748
V	1201711	22749
V	1201807	22750
V	1201904	22751
V	1202001	22752
V	1202098	22753
V	1202194	22754
V	1202290	22755
V	1202387	22756
V	1202484	22757
V	1202580	22758
V	1202677	22759
V	1202774	22760
V	1202870	22761
V	1202967	22762
V	1203063	22763
V	1203159	22764
V	1203256	22765
V	1203353	22766
V	1203449	22767
V	1203546	22768
V	1203642	22769
V	1203739	22770
V	1203836	22771
V	1203933	22772
V	1204029	22773
V	1204125	22774
V	1204221	22775
V	1204318	22776
V	1204415	22777
V	1204512	22778
V	1204609	22779
V	1204706	22780
V	1204803	22781
V	1204899	22782
V	1204996	22783
V	1205093	22784
V	1205190	22785
V	1205287	22786
V	1205384	22787
V	1205480	22788
V	1205576	22789
V	1205672	22790
V	1205769	22791
V	1205865	22792
V	1205962	22793
V	1206059	22794
V	1206157	22795
V	1206254	22796
V	1206350	22797
V	1206446	22798
V	1206544	22799
V	1206641	22800
V	1206738	22801
V	1206835	22802
V	1206931	22803
V	1207028	22804
V	1207124	22805
V	1207220	22806
V	1207317	22807
V	1207414	22808
V	1207511	22809
V	1207608	22810
V	1207705	22811
V	1207803	22812
V	1207901	22813
V	1207999	22814
V	1208096	22815
V	1208193	22816
V	1208289	22817
V	1208385	22818
V	1208482	22819
V	1208579	22820
V	1208676	22821
V	1208773	22822
V	1208870	22823
V	1208967	22824
V	1209064	22825
V	1209162	22826
V	1209259	22827
V	1209356	22828
V	1209454	22829
V	1209551	22830
V	1209648	22831
V	1209745	22832
V	1209842	22833
V	1209939	22834
V	1210035	22835
V	1210132	22836
V	1210229	22837
V	1210326	22838
V	1210423	22839
V	1210520	22840
V	1210616	22841
V	1210713	22842
V	1210809	22843
V	1210905	22844
V	1211002	22845
V	1211098	22846
V	1211195	22847
V	1211292	22848
V	1211389	22849
V	1211486	22850
V	1211582	22851
V	1211678	22852
V	1211775	22853
V	1211871	22854
V	1211967	22855
V	1212063	22856
V	1212160	22857
V	1212256	22858
V	1212352	22859
V	1212448	22860
V	1212544	22861
V	1212641	22862
V	1212738	22863
V	1212835	22864
V	1212932	22865
V	1213029	22866
V	1213126	22867
V	1213222	22868
V	1213318	22869
V	1213416	22870
V	1213513	22871
V	1213609	22872
V	1213705	22873
V	1213802	22874
V	1213898	22875
V	1213994	22876
V	1214090	22877
V	1214187	22878
V	1214283	22879
V	1214379	22880
V	1214476	22881
V	1214572	22882
V	1214668	22883
V	1214765	22884
V	1214861	22885
V	1214957	22886
V	1215054	22887
V	1215151	22888
V	1215248	22889
V	1215345	22890
V	1215442	22891
V	1215538	22892
V	1215635	22893
V	1215732	22894
V	1215828	22895
V	1215924	22896
V	1216021	22897
V	1216117	22898
V	1216213	22899
V	1216309	22900
V	1216405	22901
V	1216501	22902
V	1216598	22903
V	1216694	22904
V	1216791	22905
V	1216888	22906
V	1216984	22907
V	1217080	22908
V	1217176	22909
V	1217272	22910
V	1217369	22911
V	1217465	22912
V	1217561	22913
V	1217658	22914
V	1217754	22915
V	1217850	22916
V	1217946	22917
V	1218042	22918
V	1218138	22919
V	1218234	22920
V	1218330	22921
V	1218427	22922
V	1218524	22923
V	1218621	22924
V	1218718	22925
V	1218814	22926
V	1218911	22927
V	1219008	22928
V	1219104	22929
V	1219201	22930
V	1219298	22931
V	1219395	22932
V	1219491	22933
V	1219588	22934
V	1219684	22935
V	1219781	22936
V	1219878	22937
V	1219975	22938
V	1220072	22939
V	1220168	22940
V	1220265	22941
V	1220362	22942
V	1220459	22943
V	1220556	22944
V	1220652	22945
V	1220749	22946
V	1220845	22947
V	1220941	22948
V	1221037	22949
V	1221134	22950
V	1221231	22951
V	1221328	22952
V	1221425	22953
V	1221522	22954
V	1221619	22955
V	1221716	22956
V	1221813	22957
V	1221910	22958
V	1222007	22959
V	1222104	22960
V	1222201	22961
V	1222297	22962
V	1222394	22963
V	1222491	22964
V	1222587	22965
V	1222684	22966
V	1222780	22967
V	1222877	22968
V	1222974	22969
V	1223071	22970
V	1223167	22971
V	1223264	22972
V	1223360	22973
V	1223457	22974
V	1223554	22975
V	1223650	22976
V	1223746	22977
V	1223843	22978
V	1223939	22979
V	1224035	22980
V	1224132	22981
V	1224228	22982
V	1224325	22983
V	1224421	22984
V	1224518	22985
V	1224614	22986
V	1224710	22987
V	1224806	22988
V	1224903	22989
V	1225000	22990
V	1225097	22991
V	1225194	22992
V	1225290	22993
V	1225387	22994
V	1225484	22995
V	1225580	22996
V	1225676	22997
V	1225772	22998
V	1225869	22999
V	1225966	23000
V	1226063	23001
V	1226159	23002
V	1226256	23003
V	1226353	23004
V	1226450	23005
V	1226546	23006
V	1226642	23007
V	1226739	23008
V	1226835	23009
V	1226931	23010
V	1227028	23011
V	1227125	23012
V	1227222	23013
V	1227319	23014
V	1227416	23015
V	1227513	23016
V	1227610	23017
V	1227707	23018
V	1227803	23019
V	1227900	23020
V	1227997	23021
V	1228093	23022
V	1228189	23023
V	1228286	23024
V	1228383	23025
V	1228480	23026
V	1228576	23027
V	1228673	23028
V	1228770	23029
V	1228867	23030
V	1228964	23031
V	1229060	23032
V	1229157	23033
V	1229254	23034
V	1229350	23035
V	1229446	23036
V	1229543	23037
V	1229640	23038
V	1229736	23039
V	1229832	23040
V	1229929	23041
V	1230026	23042
V	1230122	23043
V	1230219	23044
V	1230316	23045
V	1230412	23046
V	1230509	23047
V	1230606	23048
V	1230702	23049
V	1230799	23050
V	1230896	23051
V	1230993	23052
V	1231090	23053
V	1231186	23054
V	1231283	23055
V	1231380	23056
V	1231477	23057
V	1231573	23058
V	1231669	23059
V	1231766	23060
V	1231862	23061
V	1231959	23062
V	1232055	23063
V	1232152	23064
V	1232249	23065
V	1232346	23066
V	1232442	23067
V	1232539	23068
V	1232635	23069
V	1232731	23070
V	1232828	23071
V	1232924	23072
V	1233020	23073
V	1233116	23074
V	1233213	23075
V	1233309	23076
V	1233406	23077
V	1233502	23078
V	1233598	23079
V	1233694	23080
V	1233790	23081
V	1233886	23082
V	1233983	23083
V	1234080	23084
V	1234176	23085
V	1234273	23086
V	1234370	23087
V	1234466	23088
V	1234563	23089
V	1234659	23090
V	1234756	23091
V	1234853	23092
V	1234949	23093
V	1235046	23094
V	1235143	23095
V	1235240	23096
V	1235336	23097
V	1235433	23098
V	1235530	23099
V	1235626	23100
V	1235723	23101
V	1235820	23102
V	1235917	23103
V	1236014	23104
V	1236110	23105
V	1236206	23106
V	1236303	23107
V	1236399	23108
V	1236496	23109
V	1236593	23110
V	1236689	23111
V	1236786	23112
V	1236882	23113
V	1236978	23114
V	1237074	23115
V	1237170	23116
V	1237266	23117
V	1237363	23118
V	1237460	23119
V	1237556	23120
V	1237653	23121
V	1237750	23122
V	1237847	23123
V	1237943	23124
V	1238039	23125
V	1238136	23126
V	1238232	23127
V	1238328	23128
V	1238424	23129
V	1238521	23130
V	1238618	23131
V	1238714	23132
V	1238811	23133
V	1238908	23134
V	1239005	23135
V	1239102	23136
V	1239198	23137
V	1239295	23138
V	1239391	23139
V	1239487	23140
V	1239584	23141
V	1239680	23142
V	1239776	23143
V	1239872	23144
V	1239968	23145
V	1240065	23146
V	1240162	23147
V	1240258	23148
V	1240354	23149
V	1240451	23150
V	1240548	23151
V	1240645	23152
V	1240741	23153
V	1240838	23154
V	1240935	23155
V	1241032	23156
V	1241129	23157
V	1241226	23158
V	1241322	23159
V	1241418	23160
V	1241514	23161
V	1241611	23162
V	1241708	23163
V	1241805	23164
V	1241901	23165
V	1241997	23166
V	1242094	23167
V	1242190	23168
V	1242286	23169
V	1242383	23170
V	1242479	23171
V	1242575	23172
V	1242672	23173
V	1242769	23174
V	1242866	23175
V	1242962	23176
V	1243059	23177
V	1243155	23178
V	1243252	23179
V	1243349	23180
V	1243446	23181
V	1243543	23182
V	1243639	23183
V	1243736	23184
V	1243832	23185
V	1243928	23186
V	1244025	23187
V	1244121	23188
V	1244217	23189
V	1244314	23190
V	1244411	23191
V	1244507	23192
V	1244604	23193
V	1244701	23194
V	1244797	23195
V	1244894	23196
V	1244991	23197
V	1245088	23198
V	1245184	23199
V	1245280	23200
V	1245377	23201
V	1245474	23202
V	1245570	23203
V	1245667	23204
V	1245763	23205
V	1245859	23206
V	1245955	23207
V	1246051	23208
V	1246147	23209
V	1246243	23210
V	1246340	23211
V	1246436	23212
V	1246533	23213
V	1246630	23214
V	1246726	23215
V	1246823	23216
V	1246920	23217
V	1247016	23218
V	1247113	23219
V	1247211	23220
V	1247309	23221
V	1247405	23222
V	1247501	23223
V	1247599	23224
V	1247697	23225
V	1247795	23226
V	1247891	23227
V	1247988	23228
V	1248085	23229
V	1248181	23230
V	1248278	23231
V	1248375	23232
V	1248473	23233
V	1248570	23234
V	1248667	23235
V	1248764	23236
V	1248862	23237
V	1248959	23238
V	1249056	23239
V	1249153	23240
V	1249250	23241
V	1249346	23242
V	1249443	23243
V	1249540	23244
V	1249636	23245
V	1249733	23246
V	1249830	23247
V	1249927	23248
V	1250023	23249
V	1250119	23250
V	1250216	23251
V	1250313	23252
V	1250409	23253
V	1250505	23254
V	1250602	23255
V	1250698	23256
V	1250795	23257
V	1250892	23258
V	1250989	23259
V	1251086	23260
V	1251183	23261
V	1251279	23262
V	1251375	23263
V	1251472	23264
V	1251569	23265
V	1251665	23266
V	1251761	23267
V	1251858	23268
V	1251954	23269
V	1252050	23270
V	1252147	23271
V	1252244	23272
V	1252341	23273
V	1252437	23274
V	1252534	23275
V	1252630	23276
V	1252727	23277
V	1252824	23278
V	1252921	23279
V	1253017	23280
V	1253114	23281
V	1253211	23282
V	1253307	23283
V	1253403	23284
V	1253500	23285
V	1253597	23286
V	1253693	23287
V	1253790	23288
V	1253886	23289
V	1253983	23290
V	1254079	23291
V	1254176	23292
V	1254272	23293
V	1254368	23294
V	1254464	23295
V	1254560	23296
V	1254657	23297
V	1254753	23298
V	1254850	23299
V	1254947	23300
V	1255044	23301
V	1255141	23302
V	1255237	23303
V	1255333	23304
V	1255429	23305
V	1255526	23306
V	1255623	23307
V	1255720	23308
V	1255817	23309
V	1255914	23310
V	1256010	23311
V	1256107	23312
V	1256203	23313
V	1256300	23314
V	1256396	23315
V	1256492	23316
V	1256589	23317
V	1256685	23318
V	1256782	23319
V	1256879	23320
V	1256976	23321
V	1257072	23322
V	1257169	23323
V	1257265	23324
V	1257361	23325
V	1257458	23326
V	1257554	23327
V	1257651	23328
V	1257748	23329
V	1257844	23330
V	1257941	23331
V	1258038	23332
V	1258135	23333
V	1258231	23334
V	1258328	23335
V	1258425	23336
V	1258521	23337
V	1258618	23338
V	1258715	23339
V	1258811	23340
V	1258907	23341
V	1259004	23342
V	1259100	23343
V	1259197	23344
V	1259293	23345
V	1259390	23346
V	1259486	23347
V	1259582	23348
V	1259678	23349
V	1259775	23350
V	1259872	23351
V	1259969	23352
V	1260066	23353
V	1260163	23354
V	1260259	23355
V	1260356	23356
V	1260453	23357
V	1260549	23358
V	1260645	23359
V	1260742	23360
V	1260838	23361
V	1260935	23362
V	1261032	23363
V	1261128	23364
V	1261225	23365
V	1261321	23366
V	1261417	23367
V	1261513	23368
V	1261609	23369
V	1261706	23370
V	1261802	23371
V	1261898	23372
V	1261994	23373
V	1262090	23374
V	1262187	23375
V	1262283	23376
V	1262379	23377
V	1262476	23378
V	1262573	23379
V	1262669	23380
V	1262766	23381
V	1262862	23382
V	1262959	23383
V	1263056	23384
V	1263153	23385
V	1263250	23386
V	1263347	23387
V	1263444	23388
V	1263540	23389
V	1263636	23390
V	1263733	23391
V	1263830	23392
V	1263926	23393
V	1264023	23394
V	1264119	23395
V	1264216	23396
V	1264313	23397
V	1264409	23398
V	1264505	23399
V	1264602	23400
V	1264699	23401
V	1264796	23402
V	1264892	23403
V	1264988	23404
V	1265084	23405
V	1265181	23406
V	1265277	23407
V	1265374	23408
V	1265470	23409
V	1265566	23410
V	1265663	23411
V	1265759	23412
V	1265856	23413
V	1265952	23414
V	1266048	23415
V	1266144	23416
V	1266241	23417
V	1266337	23418
V	1266434	23419
V	1266530	23420
V	1266627	23421
V	1266724	23422
V	1266821	23423
V	1266917	23424
V	1267013	23425
V	1267110	23426
V	1267207	23427
V	1267304	23428
V	1267400	23429
V	1267497	23430
V	1267593	23431
V	1267690	23432
V	1267787	23433
V	1267884	23434
V	1267981	23435
V	1268077	23436
V	1268174	23437
V	1268271	23438
V	1268367	23439
V	1268463	23440
V	1268560	23441
V	1268657	23442
V	1268755	23443
V	1268851	23444
V	1268948	23445
V	1269044	23446
V	1269140	23447
V	1269236	23448
V	1269332	23449
V	1269429	23450
V	1269526	23451
V	1269622	23452
V	1269719	23453
V	1269815	23454
V	1269911	23455
V	1270008	23456
V	1270105	23457
V	1270202	23458
V	1270298	23459
V	1270395	23460
V	1270492	23461
V	1270589	23462
V	1270685	23463
V	1270782	23464
V	1270878	23465
V	1270975	23466
V	1271072	23467
V	1271169	23468
V	1271266	23469
V	1271362	23470
V	1271459	23471
V	1271555	23472
V	1271652	23473
V	1271749	23474
V	1271846	23475
V	1271942	23476
V	1272038	23477
V	1272134	23478
V	1272230	23479
V	1272326	23480
V	1272422	23481
V	1272518	23482
V	1272614	23483
V	1272710	23484
V	1272807	23485
V	1272904	23486
V	1273000	23487
V	1273097	23488
V	1273194	23489
V	1273290	23490
V	1273387	23491
V	1273483	23492
V	1273580	23493
V	1273677	23494
V	1273774	23495
V	1273870	23496
V	1273967	23497
V	1274064	23498
V	1274161	23499
V	1274258	23500
V	1274354	23501
V	1274450	23502
V	1274547	23503
V	1274644	23504
V	1274741	23505
V	1274837	23506
V	1274934	23507
V	1275031	23508
V	1275127	23509
V	1275223	23510
V	1275320	23511
V	1275417	23512
V	1275513	23513
V	1275609	23514
V	1275706	23515
V	1275803	23516
V	1275900	23517
V	1275997	23518
V	1276094	23519
V	1276190	23520
V	1276286	23521
V	1276383	23522
V	1276480	23523
V	1276576	23524
V	1276672	23525
V	1276769	23526
V	1276865	23527
V	1276962	23528
V	1277058	23529
V	1277155	23530
V	1277251	23531
V	1277348	23532
V	1277445	23533
V	1277542	23534
V	1277638	23535
V	1277735	23536
V	1277832	23537
V	1277929	23538
V	1278026	23539
V	1278123	23540
V	1278220	23541
V	1278317	23542
V	1278414	23543
V	1278510	23544
V	1278607	23545
V	1278704	23546
V	1278801	23547
V	1278897	23548
V	1278993	23549
V	1279090	23550
V	1279187	23551
V	1279284	23552
V	1279380	23553
V	1279477	23554
V	1279573	23555
V	1279669	23556
V	1279765	23557
V	1279862	23558
V	1279959	23559
V	1280055	23560
V	1280151	23561
V	1280248	23562
V	1280344	23563
V	1280440	23564
V	1280536	23565
V	1280633	23566
V	1280729	23567
V	1280825	23568
V	1280921	23569
V	1281017	23570
V	1281113	23571
V	1281210	23572
V	1281306	23573
V	1281403	23574
V	1281499	23575
V	1281596	23576
V	1281692	23577
V	1281789	23578
V	1281885	23579
V	1281982	23580
V	1282079	23581
V	1282176	23582
V	1282272	23583
V	1282369	23584
V	1282466	23585
V	1282563	23586
V	1282660	23587
V	1282757	23588
V	1282853	23589
V	1282950	23590
V	1283047	23591
V	1283143	23592
V	1283240	23593
V	1283337	23594
V	1283434	23595
V	1283531	23596
V	1283627	23597
V	1283725	23598
V	1283823	23599
V	1283920	23600
V	1284017	23601
V	1284114	23602
V	1284211	23603
V	1284308	23604
V	1284405	23605
V	1284501	23606
V	1284598	23607
V	1284695	23608
V	1284792	23609
V	1284889	23610
V	1284986	23611
V	1285083	23612
V	1285179	23613
V	1285277	23614
V	1285375	23615
V	1285473	23616
V	1285570	23617
V	1285668	23618
V	1285765	23619
V	1285862	23620
V	1285960	23621
V	1286057	23622
V	1286154	23623
V	1286250	23624
V	1286347	23625
V	1286445	23626
V	1286542	23627
V	1286638	23628
V	1286736	23629
V	1286833	23630
V	1286930	23631
V	1287027	23632
V	1287123	23633
V	1287219	23634
V	1287315	23635
V	1287412	23636
V	1287510	23637
V	1287606	23638
V	1287704	23639
V	1287802	23640
V	1287899	23641
V	1287996	23642
V	1288093	23643
V	1288189	23644
V	1288286	23645
V	1288383	23646
V	1288479	23647
V	1288575	23648
V	1288671	23649
V	1288768	23650
V	1288865	23651
V	1288961	23652
V	1289058	23653
V	1289154	23654
V	1289251	23655
V	1289348	23656
V	1289445	23657
V	1289542	23658
V	1289639	23659
V	1289735	23660
V	1289832	23661
V	1289928	23662
V	1290025	23663
V	1290121	23664
V	1290218	23665
V	1290315	23666
V	1290412	23667
V	1290508	23668
V	1290604	23669
V	1290701	23670
V	1290797	23671
V	1290893	23672
V	1290989	23673
V	1291086	23674
V	1291182	23675
V	1291278	23676
V	1291374	23677
V	1291470	23678
V	1291566	23679
V	1291663	23680
V	1291759	23681
V	1291855	23682
V	1291952	23683
V	1292049	23684
V	1292146	23685
V	1292242	23686
V	1292339	23687
V	1292435	23688
V	1292532	23689
V	1292629	23690
V	1292726	23691
V	1292823	23692
V	1292920	23693
V	1293016	23694
V	1293113	23695
V	1293209	23696
V	1293305	23697
V	1293402	23698
V	1293498	23699
V	1293595	23700
V	1293692	23701
V	1293788	23702
V	1293885	23703
V	1293981	23704
V	1294078	23705
V	1294175	23706
V	1294271	23707
V	1294368	23708
V	1294465	23709
V	1294562	23710
V	1294658	23711
V	1294755	23712
V	1294851	23713
V	1294947	23714
V	1295044	23715
V	1295140	23716
V	1295237	23717
V	1295334	23718
V	1295431	23719
V	1295528	23720
V	1295625	23721
V	1295722	23722
V	1295819	23723
V	1295916	23724
V	1296012	23725
V	1296109	23726
V	1296205	23727
V	1296302	23728
V	1296398	23729
V	1296494	23730
V	1296591	23731
V	1296688	23732
V	1296785	23733
V	1296882	23734
V	1296978	23735
V	1297074	23736
V	1297170	23737
V	1297267	23738
V	1297364	23739
V	1297460	23740
V	1297557	23741
V	1297654	23742
V	1297751	23743
V	1297848	23744
V	1297944	23745
V	1298041	23746
V	1298137	23747
V	1298234	23748
V	1298330	23749
V	1298427	23750
V	1298525	23751
V	1298623	23752
V	1298721	23753
V	1298819	23754
V	1298915	23755
V	1299012	23756
V	1299109	23757
V	1299206	23758
V	1299302	23759
V	1299399	23760
V	1299496	23761
V	1299592	23762
V	1299690	23763
V	1299787	23764
V	1299884	23765
V	1299980	23766
V	1300077	23767
V	1300174	23768
V	1300272	23769
V	1300370	23770
V	1300468	23771
V	1300564	23772
V	1300661	23773
V	1300758	23774
V	1300855	23775
V	1300952	23776
V	1301048	23777
V	1301146	23778
V	1301243	23779
V	1301340	23780
V	1301437	23781
V	1301533	23782
V	1301630	23783
V	1301727	23784
V	1301823	23785
V	1301920	23786
V	1302017	23787
V	1302114	23788
V	1302211	23789
V	1302308	23790
V	1302405	23791
V	1302501	23792
V	1302597	23793
V	1302693	23794
V	1302789	23795
V	1302886	23796
V	1302982	23797
V	1303079	23798
V	1303176	23799
V	1303272	23800
V	1303368	23801
V	1303464	23802
V	1303561	23803
V	1303658	23804
V	1303754	23805
V	1303850	23806
V	1303947	23807
V	1304044	23808
V	1304141	23809
V	1304237	23810
V	1304334	23811
V	1304430	23812
V	1304526	23813
V	1304623	23814
V	1304719	23815
V	1304816	23816
V	1304913	23817
V	1305010	23818
V	1305106	23819
V	1305202	23820
V	1305298	23821
V	1305394	23822
V	1305490	23823
V	1305587	23824
V	1305683	23825
V	1305779	23826
V	1305876	23827
V	1305972	23828
V	1306069	23829
V	1306166	23830
V	1306263	23831
V	1306360	23832
V	1306456	23833
V	1306552	23834
V	1306648	23835
V	1306744	23836
V	1306840	23837
V	1306936	23838
V	1307032	23839
V	1307128	23840
V	1307225	23841
V	1307321	23842
V	1307417	23843
V	1307514	23844
V	1307610	23845
V	1307706	23846
V	1307803	23847
V	1307900	23848
V	1307997	23849
V	1308094	23850
V	1308191	23851
V	1308287	23852
V	1308384	23853
V	1308481	23854
V	1308578	23855
V	1308675	23856
V	1308772	23857
V	1308869	23858
V	1308965	23859
V	1309062	23860
V	1309158	23861
V	1309255	23862
V	1309351	23863
V	1309448	23864
V	1309545	23865
V	1309642	23866
V	1309739	23867
V	1309836	23868
V	1309933	23869
V	1310029	23870
V	1310125	23871
V	1310221	23872
V	1310318	23873
V	1310415	23874
V	1310511	23875
V	1310608	23876
V	1310704	23877
V	1310800	23878
V	1310897	23879
V	1310993	23880
V	1311089	23881
V	1311186	23882
V	1311282	23883
V	1311378	23884
V	1311474	23885
V	1311570	23886
V	1311667	23887
V	1311764	23888
V	1311860	23889
V	1311957	23890
V	1312053	23891
V	1312149	23892
V	1312246	23893
V	1312343	23894
V	1312440	23895
V	1312537	23896
V	1312634	23897
V	1312731	23898
V	1312827	23899
V	1312924	23900
V	1313021	23901
V	1313117	23902
V	1313214	23903
V	1313310	23904
V	1313407	23905
V	1313503	23906
V	1313600	23907
V	1313698	23908
V	1313794	23909
V	1313891	23910
V	1313987	23911
V	1314083	23912
V	1314180	23913
V	1314276	23914
V	1314372	23915
V	1314469	23916
V	1314566	23917
V	1314663	23918
V	1314760	23919
V	1314856	23920
V	1314953	23921
V	1315049	23922
V	1315146	23923
V	1315244	23924
V	1315342	23925
V	1315439	23926
V	1315535	23927
V	1315631	23928
V	1315728	23929
V	1315825	23930
V	1315922	23931
V	1316018	23932
V	1316115	23933
V	1316212	23934
V	1316308	23935
V	1316406	23936
V	1316503	23937
V	1316599	23938
V	1316696	23939
V	1316792	23940
V	1316889	23941
V	1316985	23942
V	1317082	23943
V	1317179	23944
V	1317277	23945
V	1317374	23946
V	1317471	23947
V	1317567	23948
V	1317664	23949
V	1317761	23950
V	1317858	23951
V	1317955	23952
V	1318052	23953
V	1318149	23954
V	1318247	23955
V	1318344	23956
V	1318441	23957
V	1318538	23958
V	1318635	23959
V	1318731	23960
V	1318827	23961
V	1318924	23962
V	1319021	23963
V	1319118	23964
V	1319215	23965
V	1319311	23966
V	1319408	23967
V	1319506	23968
V	1319604	23969
V	1319701	23970
V	1319797	23971
V	1319895	23972
V	1319991	23973
V	1320087	23974
V	1320184	23975
V	1320281	23976
V	1320379	23977
V	1320476	23978
V	1320574	23979
V	1320670	23980
V	1320766	23981
V	1320862	23982
V	1320958	23983
V	1321055	23984
V	1321153	23985
V	1321250	23986
V	1321348	23987
V	1321446	23988
V	1321543	23989
V	1321641	23990
V	1321737	23991
V	1321834	23992
V	1321930	23993
V	1322027	23994
V	1322124	23995
V	1322221	23996
V	1322317	23997
V	1322414	23998
V	1322511	23999
V	1322607	24000
V	1322704	24001
V	1322801	24002
V	1322898	24003
V	1322995	24004
V	1323091	24005
V	1323187	24006
V	1323284	24007
V	1323381	24008
V	1323478	24009
V	1323575	24010
V	1323672	24011
V	1323770	24012
V	1323867	24013
V	1323964	24014
V	1324060	24015
V	1324158	24016
V	1324254	24017
V	1324350	24018
V	1324447	24019
V	1324545	24020
V	1324643	24021
V	1324740	24022
V	1324836	24023
V	1324932	24024
V	1325029	24025
V	1325125	24026
V	1325223	24027
V	1325320	24028
V	1325416	24029
V	1325512	24030
V	1325610	24031
V	1325707	24032
V	1325803	24033
V	1325899	24034
V	1325997	24035
V	1326095	24036
V	1326192	24037
V	1326288	24038
V	1326385	24039
V	1326481	24040
V	1326578	24041
V	1326675	24042
V	1326772	24043
V	1326869	24044
V	1326967	24045
V	1327065	24046
V	1327161	24047
V	1327258	24048
V	1327355	24049
V	1327452	24050
V	1327549	24051
V	1327647	24052
V	1327743	24053
V	1327840	24054
V	1327938	24055
V	1328036	24056
V	1328133	24057
V	1328230	24058
V	1328327	24059
V	1328424	24060
V	1328520	24061
V	1328616	24062
V	1328712	24063
V	1328809	24064
V	1328906	24065
V	1329004	24066
V	1329101	24067
V	1329197	24068
V	1329294	24069
V	1329391	24070
V	1329487	24071
V	1329585	24072
V	1329682	24073
V	1329780	24074
V	1329877	24075
V	1329973	24076
V	1330070	24077
V	1330167	24078
V	1330263	24079
V	1330361	24080
V	1330458	24081
V	1330555	24082
V	1330651	24083
V	1330747	24084
V	1330844	24085
V	1330941	24086
V	1331038	24087
V	1331135	24088
V	1331231	24089
V	1331327	24090
V	1331424	24091
V	1331521	24092
V	1331618	24093
V	1331715	24094
V	1331812	24095
V	1331909	24096
V	1332006	24097
V	1332103	24098
V	1332200	24099
V	1332297	24100
V	1332395	24101
V	1332493	24102
V	1332589	24103
V	1332686	24104
V	1332784	24105
V	1332880	24106
V	1332976	24107
V	1333072	24108
V	1333168	24109
V	1333264	24110
V	1333360	24111
V	1333456	24112
V	1333554	24113
V	1333651	24114
V	1333749	24115
V	1333847	24116
V	1333944	24117
V	1334041	24118
V	1334137	24119
V	1334233	24120
V	1334330	24121
V	1334427	24122
V	1334523	24123
V	1334619	24124
V	1334716	24125
V	1334812	24126
V	1334909	24127
V	1335005	24128
V	1335101	24129
V	1335198	24130
V	1335295	24131
V	1335392	24132
V	1335489	24133
V	1335585	24134
V	1335681	24135
V	1335778	24136
V	1335875	24137
V	1335972	24138
V	1336070	24139
V	1336167	24140
V	1336263	24141
V	1336360	24142
V	1336457	24143
V	1336553	24144
V	1336651	24145
V	1336748	24146
V	1336845	24147
V	1336942	24148
V	1337039	24149
V	1337136	24150
V	1337233	24151
V	1337331	24152
V	1337429	24153
V	1337526	24154
V	1337624	24155
V	1337721	24156
V	1337818	24157
V	1337915	24158
V	1338012	24159
V	1338109	24160
V	1338206	24161
V	1338302	24162
V	1338398	24163
V	1338494	24164
V	1338591	24165
V	1338687	24166
V	1338784	24167
V	1338881	24168
V	1338978	24169
V	1339074	24170
V	1339170	24171
V	1339266	24172
V	1339362	24173
V	1339459	24174
V	1339556	24175
V	1339653	24176
V	1339750	24177
V	1339847	24178
V	1339943	24179
V	1340040	24180
V	1340137	24181
V	1340234	24182
V	1340331	24183
V	1340427	24184
V	1340525	24185
V	1340622	24186
V	1340719	24187
V	1340816	24188
V	1340913	24189
V	1341011	24190
V	1341107	24191
V	1341204	24192
V	1341301	24193
V	1341399	24194
V	1341495	24195
V	1341592	24196
V	1341688	24197
V	1341786	24198
V	1341883	24199
V	1341981	24200
V	1342078	24201
V	1342175	24202
V	1342273	24203
V	1342370	24204
V	1342467	24205
V	1342564	24206
V	1342661	24207
V	1342759	24208
V	1342856	24209
V	1342953	24210
V	1343050	24211
V	1343147	24212
V	1343245	24213
V	1343343	24214
V	1343439	24215
V	1343535	24216
V	1343633	24217
V	1343730	24218
V	1343827	24219
V	1343924	24220
V	1344021	24221
V	1344118	24222
V	1344215	24223
V	1344311	24224
V	1344408	24225
V	1344505	24226
V	1344602	24227
V	1344698	24228
V	1344795	24229
V	1344892	24230
V	1344988	24231
V	1345084	24232
V	1345181	24233
V	1345277	24234
V	1345373	24235
V	1345470	24236
V	1345566	24237
V	1345663	24238
V	1345760	24239
V	1345856	24240
V	1345953	24241
V	1346050	24242
V	1346147	24243
V	1346244	24244
V	1346341	24245
V	1346438	24246
V	1346535	24247
V	1346632	24248
V	1346728	24249
V	1346825	24250
V	1346921	24251
V	1347018	24252
V	1347115	24253
V	1347212	24254
V	1347309	24255
V	1347406	24256
V	1347503	24257
V	1347599	24258
V	1347695	24259
V	1347792	24260
V	1347889	24261
V	1347986	24262
V	1348083	24263
V	1348179	24264
V	1348276	24265
V	1348372	24266
V	1348468	24267
V	1348565	24268
V	1348662	24269
V	1348759	24270
V	1348855	24271
V	1348951	24272
V	1349047	24273
V	1349144	24274
V	1349241	24275
V	1349338	24276
V	1349434	24277
V	1349531	24278
V	1349627	24279
V	1349724	24280
V	1349821	24281
V	1349918	24282
V	1350015	24283
V	1350111	24284
V	1350207	24285
V	1350304	24286
V	1350400	24287
V	1350497	24288
V	1350594	24289
V	1350691	24290
V	1350787	24291
V	1350883	24292
V	1350979	24293
V	1351075	24294
V	1351171	24295
V	1351267	24296
V	1351364	24297
V	1351461	24298
V	1351557	24299
V	1351653	24300
V	1351750	24301
V	1351846	24302
V	1351942	24303
V	1352039	24304
V	1352135	24305
V	1352232	24306
V	1352329	24307
V	1352426	24308
V	1352523	24309
V	1352620	24310
V	1352716	24311
V	1352812	24312
V	1352909	24313
V	1353005	24314
V	1353102	24315
V	1353198	24316
V	1353295	24317
V	1353391	24318
V	1353487	24319
V	1353584	24320
V	1353681	24321
V	1353778	24322
V	1353874	24323
V	1353971	24324
V	1354068	24325
V	1354164	24326
V	1354260	24327
V	1354357	24328
V	1354453	24329
V	1354549	24330
V	1354645	24331
V	1354742	24332
V	1354839	24333
V	1354935	24334
V	1355031	24335
V	1355127	24336
V	1355224	24337
V	1355320	24338
V	1355416	24339
V	1355513	24340
V	1355610	24341
V	1355706	24342
V	1355803	24343
V	1355900	24344
V	1355996	24345
V	1356092	24346
V	1356189	24347
V	1356286	24348
V	1356383	24349
V	1356480	24350
V	1356577	24351
V	1356673	24352
V	1356769	24353
V	1356865	24354
V	1356961	24355
V	1357058	24356
V	1357155	24357
V	1357252	24358
V	1357349	24359
V	1357445	24360
V	1357541	24361
V	1357638	24362
V	1357735	24363
V	1357831	24364
V	1357928	24365
V	1358024	24366
V	1358120	24367
V	1358217	24368
V	1358313	24369
V	1358410	24370
V	1358506	24371
V	1358603	24372
V	1358700	24373
V	1358797	24374
V	1358893	24375
V	1358990	24376
V	1359086	24377
V	1359183	24378
V	1359280	24379
V	1359376	24380
V	1359472	24381
V	1359569	24382
V	1359666	24383
V	1359763	24384
V	1359859	24385
V	1359955	24386
V	1360052	24387
V	1360149	24388
V	1360245	24389
V	1360341	24390
V	1360437	24391
V	1360533	24392
V	1360630	24393
V	1360727	24394
V	1360823	24395
V	1360920	24396
V	1361017	24397
V	1361114	24398
V	1361211	24399
V	1361307	24400
V	1361403	24401
V	1361500	24402
V	1361597	24403
V	1361694	24404
V	1361790	24405
V	1361887	24406
V	1361983	24407
V	1362079	24408
V	1362175	24409
V	1362272	24410
V	1362368	24411
V	1362465	24412
V	1362561	24413
V	1362658	24414
V	1362755	24415
V	1362851	24416
V	1362948	24417
V	1363045	24418
V	1363142	24419
V	1363238	24420
V	1363335	24421
V	1363432	24422
V	1363528	24423
V	1363625	24424
V	1363722	24425
V	1363819	24426
V	1363915	24427
V	1364011	24428
V	1364107	24429
V	1364203	24430
V	1364300	24431
V	1364396	24432
V	1364493	24433
V	1364589	24434
V	1364685	24435
V	1364781	24436
V	1364878	24437
V	1364975	24438
V	1365071	24439
V	1365168	24440
V	1365264	24441
V	1365361	24442
V	1365458	24443
V	1365554	24444
V	1365650	24445
V	1365747	24446
V	1365844	24447
V	1365941	24448
V	1366038	24449
V	1366134	24450
V	1366230	24451
V	1366326	24452
V	1366423	24453
V	1366519	24454
V	1366616	24455
V	1366713	24456
V	1366810	24457
V	1366907	24458
V	1367003	24459
V	1367100	24460
V	1367197	24461
V	1367293	24462
V	1367390	24463
V	1367486	24464
V	1367583	24465
V	1367680	24466
V	1367776	24467
V	1367873	24468
V	1367970	24469
V	1368067	24470
V	1368163	24471
V	1368260	24472
V	1368356	24473
V	1368452	24474
V	1368548	24475
V	1368644	24476
V	1368741	24477
V	1368838	24478
V	1368935	24479
V	1369032	24480
V	1369129	24481
V	1369226	24482
V	1369323	24483
V	1369420	24484
V	1369517	24485
V	1369613	24486
V	1369710	24487
V	1369807	24488
V	1369904	24489
V	1370000	24490
V	1370097	24491
V	1370194	24492
V	1370290	24493
V	1370387	24494
V	1370484	24495
V	1370581	24496
V	1370678	24497
V	1370774	24498
V	1370870	24499
V	1370967	24500
V	1371063	24501
V	1371160	24502
V	1371257	24503
V	1371353	24504
V	1371449	24505
V	1371545	24506
V	1371641	24507
V	1371738	24508
V	1371835	24509
V	1371932	24510
V	1372029	24511
V	1372126	24512
V	1372222	24513
V	1372319	24514
V	1372416	24515
V	1372512	24516
V	1372609	24517
V	1372706	24518
V	1372803	24519
V	1372900	24520
V	1372997	24521
V	1373093	24522
V	1373190	24523
V	1373286	24524
V	1373383	24525
V	1373480	24526
V	1373577	24527
V	1373674	24528
V	1373771	24529
V	1373868	24530
V	1373964	24531
V	1374060	24532
V	1374157	24533
V	1374255	24534
V	1374353	24535
V	1374449	24536
V	1374546	24537
V	1374644	24538
V	1374740	24539
V	1374837	24540
V	1374934	24541
V	1375031	24542
V	1375128	24543
V	1375225	24544
V	1375322	24545
V	1375420	24546
V	1375517	24547
V	1375614	24548
V	1375711	24549
V	1375808	24550
V	1375906	24551
V	1376003	24552
V	1376100	24553
V	1376196	24554
V	1376293	24555
V	1376391	24556
V	1376487	24557
V	1376584	24558
V	1376681	24559
V	1376777	24560
V	1376874	24561
V	1376970	24562
V	1377067	24563
V	1377163	24564
V	1377260	24565
V	1377356	24566
V	1377454	24567
V	1377551	24568
V	1377649	24569
V	1377747	24570
V	1377844	24571
V	1377941	24572
V	1378037	24573
V	1378135	24574
V	1378233	24575
V	1378331	24576
V	1378428	24577
V	1378525	24578
V	1378622	24579
V	1378719	24580
V	1378816	24581
V	1378913	24582
V	1379011	24583
V	1379109	24584
V	1379205	24585
V	1379301	24586
V	1379398	24587
V	1379494	24588
V	1379591	24589
V	1379687	24590
V	1379784	24591
V	1379881	24592
V	1379978	24593
V	1380075	24594
V	1380171	24595
V	1380268	24596
V	1380364	24597
V	1380461	24598
V	1380557	24599
V	1380653	24600
V	1380749	24601
V	1380846	24602
V	1380942	24603
V	1381038	24604
V	1381134	24605
V	1381231	24606
V	1381327	24607
V	1381423	24608
V	1381520	24609
V	1381617	24610
V	1381714	24611
V	1381811	24612
V	1381907	24613
V	1382004	24614
V	1382101	24615
V	1382198	24616
V	1382294	24617
V	1382391	24618
V	1382488	24619
V	1382584	24620
V	1382681	24621
V	1382778	24622
V	1382874	24623
V	1382970	24624
V	1383066	24625
V	1383162	24626
V	1383259	24627
V	1383356	24628
V	1383453	24629
V	1383550	24630
V	1383647	24631
V	1383744	24632
V	1383840	24633
V	1383937	24634
V	1384034	24635
V	1384130	24636
V	1384226	24637
V	1384322	24638
V	1384419	24639
V	1384515	24640
V	1384611	24641
V	1384708	24642
V	1384805	24643
V	1384901	24644
V	1384998	24645
V	1385095	24646
V	1385192	24647
V	1385288	24648
V	1385385	24649
V	1385481	24650
V	1385578	24651
V	1385675	24652
V	1385771	24653
V	1385868	24654
V	1385964	24655
V	1386060	24656
V	1386157	24657
V	1386254	24658
V	1386351	24659
V	1386448	24660
V	1386544	24661
V	1386641	24662
V	1386737	24663
V	1386833	24664
V	1386930	24665
V	1387026	24666
V	1387123	24667
V	1387220	24668
V	1387317	24669
V	1387413	24670
V	1387509	24671
V	1387605	24672
V	1387702	24673
V	1387798	24674
V	1387894	24675
V	1387991	24676
V	1388087	24677
V	1388183	24678
V	1388279	24679
V	1388375	24680
V	1388471	24681
V	1388567	24682
V	1388663	24683
V	1388760	24684
V	1388856	24685
V	1388952	24686
V	1389048	24687
V	1389144	24688
V	1389241	24689
V	1389339	24690
V	1389435	24691
V	1389532	24692
V	1389628	24693
V	1389724	24694
V	1389820	24695
V	1389917	24696
V	1390013	24697
V	1390111	24698
V	1390207	24699
V	1390304	24700
V	1390401	24701
V	1390497	24702
V	1390595	24703
V	1390693	24704
V	1390790	24705
V	1390887	24706
V	1390983	24707
V	1391080	24708
V	1391177	24709
V	1391274	24710
V	1391371	24711
V	1391467	24712
V	1391564	24713
V	1391661	24714
V	1391759	24715
V	1391856	24716
V	1391953	24717
V	1392050	24718
V	1392146	24719
V	1392243	24720
V	1392340	24721
V	1392437	24722
V	1392533	24723
V	1392629	24724
V	1392725	24725
V	1392822	24726
V	1392918	24727
V	1393014	24728
V	1393111	24729
V	1393208	24730
V	1393305	24731
V	1393402	24732
V	1393498	24733
V	1393594	24734
V	1393691	24735
V	1393788	24736
V	1393884	24737
V	1393980	24738
V	1394077	24739
V	1394174	24740
V	1394270	24741
V	1394366	24742
V	1394463	24743
V	1394560	24744
V	1394656	24745
V	1394753	24746
V	1394850	24747
V	1394947	24748
V	1395044	24749
V	1395141	24750
V	1395238	24751
V	1395334	24752
V	1395431	24753
V	1395528	24754
V	1395624	24755
V	1395721	24756
V	1395818	24757
V	1395915	24758
V	1396012	24759
V	1396108	24760
V	1396205	24761
V	1396302	24762
V	1396399	24763
V	1396495	24764
V	1396591	24765
V	1396688	24766
V	1396785	24767
V	1396882	24768
V	1396978	24769
V	1397074	24770
V	1397171	24771
V	1397268	24772
V	1397364	24773
V	1397461	24774
V	1397558	24775
V	1397654	24776
V	1397751	24777
V	1397848	24778
V	1397945	24779
V	1398042	24780
V	1398139	24781
V	1398235	24782
V	1398332	24783
V	1398428	24784
V	1398525	24785
V	1398622	24786
V	1398719	24787
V	1398815	24788
V	1398912	24789
V	1399009	24790
V	1399105	24791
V	1399202	24792
V	1399298	24793
V	1399395	24794
V	1399492	24795
V	1399589	24796
V	1399685	24797
V	1399781	24798
V	1399878	24799
V	1399975	24800
V	1400071	24801
V	1400168	24802
V	1400265	24803
V	1400361	24804
V	1400457	24805
V	1400553	24806
V	1400649	24807
V	1400746	24808
V	1400843	24809
V	1400940	24810
V	1401037	24811
V	1401133	24812
V	1401230	24813
V	1401326	24814
V	1401422	24815
V	1401519	24816
V	1401616	24817
V	1401713	24818
V	1401810	24819
V	1401906	24820
V	1402003	24821
V	1402099	24822
V	1402195	24823
V	1402292	24824
V	1402388	24825
V	1402484	24826
V	1402581	24827
V	1402678	24828
V	1402774	24829
V	1402870	24830
V	1402966	24831
V	1403062	24832
V	1403159	24833
V	1403255	24834
V	1403352	24835
V	1403450	24836
V	1403547	24837
V	1403643	24838
V	1403740	24839
V	1403837	24840
V	1403934	24841
V	1404030	24842
V	1404127	24843
V	1404223	24844
V	1404319	24845
V	1404415	24846
V	1404512	24847
V	1404609	24848
V	1404706	24849
V	1404803	24850
V	1404899	24851
V	1404997	24852
V	1405094	24853
V	1405192	24854
V	1405289	24855
V	1405386	24856
V	1405483	24857
V	1405580	24858
V	1405677	24859
V	1405774	24860
V	1405872	24861
V	1405968	24862
V	1406065	24863
V	1406162	24864
V	1406259	24865
V	1406357	24866
V	1406454	24867
V	1406550	24868
V	1406647	24869
V	1406744	24870
V	1406841	24871
V	1406938	24872
V	1407035	24873
V	1407132	24874
V	1407229	24875
V	1407325	24876
V	1407421	24877
V	1407517	24878
V	1407614	24879
V	1407711	24880
V	1407808	24881
V	1407905	24882
V	1408002	24883
V	1408099	24884
V	1408195	24885
V	1408292	24886
V	1408389	24887
V	1408485	24888
V	1408582	24889
V	1408679	24890
V	1408776	24891
V	1408872	24892
V	1408969	24893
V	1409065	24894
V	1409161	24895
V	1409258	24896
V	1409355	24897
V	1409451	24898
V	1409547	24899
V	1409644	24900
V	1409740	24901
V	1409836	24902
V	1409933	24903
V	1410030	24904
V	1410127	24905
V	1410224	24906
V	1410320	24907
V	1410417	24908
V	1410514	24909
V	1410610	24910
V	1410706	24911
V	1410803	24912
V	1410900	24913
V	1410997	24914
V	1411093	24915
V	1411189	24916
V	1411286	24917
V	1411383	24918
V	1411480	24919
V	1411577	24920
V	1411674	24921
V	1411771	24922
V	1411868	24923
V	1411964	24924
V	1412060	24925
V	1412156	24926
V	1412253	24927
V	1412350	24928
V	1412447	24929
V	1412544	24930
V	1412641	24931
V	1412738	24932
V	1412834	24933
V	1412930	24934
V	1413027	24935
V	1413123	24936
V	1413220	24937
V	1413316	24938
V	1413413	24939
V	1413510	24940
V	1413606	24941
V	1413702	24942
V	1413799	24943
V	1413895	24944
V	1413992	24945
V	1414089	24946
V	1414186	24947
V	1414283	24948
V	1414380	24949
V	1414477	24950
V	1414573	24951
V	1414670	24952
V	1414766	24953
V	1414863	24954
V	1414959	24955
V	1415056	24956
V	1415152	24957
V	1415248	24958
V	1415345	24959
V	1415442	24960
V	1415539	24961
V	1415635	24962
V	1415731	24963
V	1415827	24964
V	1415924	24965
V	1416020	24966
V	1416116	24967
V	1416213	24968
V	1416309	24969
V	1416405	24970
V	1416501	24971
V	1416598	24972
V	1416694	24973
V	1416790	24974
V	1416886	24975
V	1416983	24976
V	1417079	24977
V	1417176	24978
V	1417272	24979
V	1417369	24980
V	1417465	24981
V	1417562	24982
V	1417658	24983
V	1417755	24984
V	1417852	24985
V	1417948	24986
V	1418044	24987
V	1418141	24988
V	1418238	24989
V	1418334	24990
V	1418431	24991
V	1418527	24992
V	1418623	24993
V	1418719	24994
V	1418816	24995
V	1418912	24996
V	1419009	24997
V	1419105	24998
V	1419202	24999
V	1419299	25000
V	1419395	25001
V	1419492	25002
V	1419589	25003
V	1419686	25004
V	1419783	25005
V	1419880	25006
V	1419976	25007
V	1420073	25008
V	1420169	25009
V	1420266	25010
V	1420363	25011
V	1420460	25012
V	1420557	25013
V	1420654	25014
V	1420751	25015
V	1420847	25016
V	1420943	25017
V	1421039	25018
V	1421135	25019
V	1421232	25020
V	1421329	25021
V	1421426	25022
V	1421523	25023
V	1421620	25024
V	1421717	25025
V	1421814	25026
V	1421911	25027
V	1422008	25028
V	1422105	25029
V	1422201	25030
V	1422297	25031
V	1422394	25032
V	1422491	25033
V	1422588	25034
V	1422685	25035
V	1422781	25036
V	1422878	25037
V	1422974	25038
V	1423071	25039
V	1423168	25040
V	1423265	25041
V	1423362	25042
V	1423458	25043
V	1423555	25044
V	1423652	25045
V	1423748	25046
V	1423844	25047
V	1423941	25048
V	1424037	25049
V	1424134	25050
V	1424230	25051
V	1424326	25052
V	1424423	25053
V	1424520	25054
V	1424617	25055
V	1424714	25056
V	1424810	25057
V	1424906	25058
V	1425003	25059
V	1425100	25060
V	1425197	25061
V	1425294	25062
V	1425391	25063
V	1425488	25064
V	1425585	25065
V	1425681	25066
V	1425777	25067
V	1425873	25068
V	1425969	25069
V	1426066	25070
V	1426163	25071
V	1426259	25072
V	1426356	25073
V	1426452	25074
V	1426549	25075
V	1426646	25076
V	1426743	25077
V	1426839	25078
V	1426935	25079
V	1427031	25080
V	1427127	25081
V	1427223	25082
V	1427320	25083
V	1427417	25084
V	1427514	25085
V	1427611	25086
V	1427708	25087
V	1427804	25088
V	1427901	25089
V	1427998	25090
V	1428094	25091
V	1428190	25092
V	1428287	25093
V	1428384	25094
V	1428480	25095
V	1428576	25096
V	1428673	25097
V	1428770	25098
V	1428866	25099
V	1428962	25100
V	1429058	25101
V	1429154	25102
V	1429250	25103
V	1429346	25104
V	1429442	25105
V	1429538	25106
V	1429634	25107
V	1429731	25108
V	1429828	25109
V	1429925	25110
V	1430022	25111
V	1430118	25112
V	1430214	25113
V	1430311	25114
V	1430408	25115
V	1430505	25116
V	1430602	25117
V	1430698	25118
V	1430795	25119
V	1430891	25120
V	1430988	25121
V	1431085	25122
V	1431182	25123
V	1431278	25124
V	1431375	25125
V	1431472	25126
V	1431569	25127
V	1431665	25128
V	1431761	25129
V	1431858	25130
V	1431954	25131
V	1432051	25132
V	1432148	25133
V	1432244	25134
V	1432341	25135
V	1432438	25136
V	1432535	25137
V	1432631	25138
V	1432728	25139
V	1432824	25140
V	1432920	25141
V	1433018	25142
V	1433114	25143
V	1433211	25144
V	1433308	25145
V	1433405	25146
V	1433502	25147
V	1433599	25148
V	1433695	25149
V	1433792	25150
V	1433888	25151
V	1433985	25152
V	1434081	25153
V	1434177	25154
V	1434274	25155
V	1434371	25156
V	1434467	25157
V	1434564	25158
V	1434660	25159
V	1434756	25160
V	1434852	25161
V	1434948	25162
V	1435045	25163
V	1435141	25164
V	1435238	25165
V	1435335	25166
V	1435432	25167
V	1435528	25168
V	1435625	25169
V	1435722	25170
V	1435819	25171
V	1435916	25172
V	1436013	25173
V	1436109	25174
V	1436206	25175
V	1436302	25176
V	1436399	25177
V	1436495	25178
V	1436592	25179
V	1436688	25180
V	1436784	25181
V	1436881	25182
V	1436977	25183
V	1437074	25184
V	1437171	25185
V	1437267	25186
V	1437363	25187
V	1437460	25188
V	1437556	25189
V	1437653	25190
V	1437749	25191
V	1437845	25192
V	1437941	25193
V	1438037	25194
V	1438133	25195
V	1438230	25196
V	1438326	25197
V	1438422	25198
V	1438518	25199
V	1438614	25200
V	1438711	25201
V	1438808	25202
V	1438905	25203
V	1439001	25204
V	1439097	25205
V	1439194	25206
V	1439290	25207
V	1439387	25208
V	1439484	25209
V	1439581	25210
V	1439678	25211
V	1439775	25212
V	1439871	25213
V	1439967	25214
V	1440064	25215
V	1440161	25216
V	1440258	25217
V	1440355	25218
V	1440452	25219
V	1440548	25220
V	1440645	25221
V	1440741	25222
V	1440838	25223
V	1440934	25224
V	1441031	25225
V	1441128	25226
V	1441224	25227
V	1441321	25228
V	1441417	25229
V	1441513	25230
V	1441609	25231
V	1441706	25232
V	1441803	25233
V	1441900	25234
V	1441997	25235
V	1442094	25236
V	1442191	25237
V	1442288	25238
V	1442385	25239
V	1442481	25240
V	1442578	25241
V	1442674	25242
V	1442771	25243
V	1442867	25244
V	1442964	25245
V	1443060	25246
V	1443157	25247
V	1443254	25248
V	1443351	25249
V	1443447	25250
V	1443544	25251
V	1443640	25252
V	1443737	25253
V	1443834	25254
V	1443931	25255
V	1444027	25256
V	1444124	25257
V	1444220	25258
V	1444317	25259
V	1444414	25260
V	1444511	25261
V	1444607	25262
V	1444704	25263
V	1444800	25264
V	1444897	25265
V	1444994	25266
V	1445091	25267
V	1445188	25268
V	1445284	25269
V	1445381	25270
V	1445478	25271
V	1445575	25272
V	1445672	25273
V	1445768	25274
V	1445865	25275
V	1445961	25276
V	1446057	25277
V	1446153	25278
V	1446250	25279
V	1446346	25280
V	1446443	25281
V	1446539	25282
V	1446636	25283
V	1446732	25284
V	1446829	25285
V	1446926	25286
V	1447022	25287
V	1447118	25288
V	1447214	25289
V	1447310	25290
V	1447407	25291
V	1447503	25292
V	1447599	25293
V	1447695	25294
V	1447791	25295
V	1447888	25296
V	1447984	25297
V	1448080	25298
V	1448177	25299
V	1448274	25300
V	1448371	25301
V	1448468	25302
V	1448565	25303
V	1448661	25304
V	1448759	25305
V	1448855	25306
V	1448951	25307
V	1449047	25308
V	1449145	25309
V	1449242	25310
V	1449339	25311
V	1449435	25312
V	1449533	25313
V	1449631	25314
V	1449728	25315
V	1449826	25316
V	1449922	25317
V	1450018	25318
V	1450115	25319
V	1450212	25320
V	1450309	25321
V	1450405	25322
V	1450502	25323
V	1450599	25324
V	1450697	25325
V	1450794	25326
V	1450891	25327
V	1450987	25328
V	1451084	25329
V	1451180	25330
V	1451277	25331
V	1451374	25332
V	1451470	25333
V	1451566	25334
V	1451663	25335
V	1451759	25336
V	1451856	25337
V	1451953	25338
V	1452050	25339
V	1452147	25340
V	1452244	25341
V	1452341	25342
V	1452437	25343
V	1452534	25344
V	1452631	25345
V	1452728	25346
V	1452824	25347
V	1452921	25348
V	1453017	25349
V	1453113	25350
V	1453209	25351
V	1453305	25352
V	1453402	25353
V	1453498	25354
V	1453594	25355
V	1453690	25356
V	1453787	25357
V	1453884	25358
V	1453980	25359
V	1454077	25360
V	1454174	25361
V	1454270	25362
V	1454366	25363
V	1454462	25364
V	1454559	25365
V	1454655	25366
V	1454752	25367
V	1454848	25368
V	1454944	25369
V	1455041	25370
V	1455137	25371
V	1455234	25372
V	1455331	25373
V	1455428	25374
V	1455524	25375
V	1455621	25376
V	1455718	25377
V	1455815	25378
V	1455912	25379
V	1456009	25380
V	1456106	25381
V	1456202	25382
V	1456299	25383
V	1456396	25384
V	1456492	25385
V	1456589	25386
V	1456686	25387
V	1456782	25388
V	1456878	25389
V	1456975	25390
V	1457072	25391
V	1457169	25392
V	1457266	25393
V	1457363	25394
V	1457460	25395
V	1457556	25396
V	1457653	25397
V	1457750	25398
V	1457847	25399
V	1457944	25400
V	1458040	25401
V	1458137	25402
V	1458233	25403
V	1458330	25404
V	1458427	25405
V	1458523	25406
V	1458620	25407
V	1458717	25408
V	1458814	25409
V	1458910	25410
V	1459007	25411
V	1459103	25412
V	1459200	25413
V	1459296	25414
V	1459393	25415
V	1459490	25416
V	1459586	25417
V	1459682	25418
V	1459778	25419
V	1459875	25420
V	1459972	25421
V	1460068	25422
V	1460165	25423
V	1460261	25424
V	1460357	25425
V	1460453	25426
V	1460550	25427
V	1460647	25428
V	1460744	25429
V	1460841	25430
V	1460938	25431
V	1461034	25432
V	1461131	25433
V	1461227	25434
V	1461324	25435
V	1461420	25436
V	1461517	25437
V	1461613	25438
V	1461709	25439
V	1461806	25440
V	1461903	25441
V	1461999	25442
V	1462095	25443
V	1462192	25444
V	1462288	25445
V	1462385	25446
V	1462483	25447
V	1462581	25448
V	1462678	25449
V	1462774	25450
V	1462870	25451
V	1462966	25452
V	1463062	25453
V	1463159	25454
V	1463257	25455
V	1463354	25456
V	1463451	25457
V	1463548	25458
V	1463645	25459
V	1463742	25460
V	1463839	25461
V	1463935	25462
V	1464032	25463
V	1464128	25464
V	1464225	25465
V	1464322	25466
V	1464419	25467
V	1464517	25468
V	1464614	25469
V	1464710	25470
V	1464808	25471
V	1464905	25472
V	1465001	25473
V	1465098	25474
V	1465196	25475
V	1465293	25476
V	1465390	25477
V	1465488	25478
V	1465585	25479
V	1465682	25480
V	1465779	25481
V	1465876	25482
V	1465974	25483
V	1466071	25484
V	1466168	25485
V	1466265	25486
V	1466361	25487
V	1466457	25488
V	1466555	25489
V	1466652	25490
V	1466748	25491
V	1466845	25492
V	1466941	25493
V	1467039	25494
V	1467136	25495
V	1467232	25496
V	1467328	25497
V	1467425	25498
V	1467522	25499
V	1467620	25500
V	1467718	25501
V	1467816	25502
V	1467913	25503
V	1468009	25504
V	1468105	25505
V	1468203	25506
V	1468300	25507
V	1468396	25508
V	1468492	25509
V	1468589	25510
V	1468686	25511
V	1468784	25512
V	1468881	25513
V	1468978	25514
V	1469074	25515
V	1469171	25516
V	1469267	25517
V	1469363	25518
V	1469460	25519
V	1469557	25520
V	1469654	25521
V	1469751	25522
V	1469848	25523
V	1469946	25524
V	1470043	25525
V	1470140	25526
V	1470236	25527
V	1470333	25528
V	1470429	25529
V	1470526	25530
V	1470623	25531
V	1470720	25532
V	1470816	25533
V	1470912	25534
V	1471009	25535
V	1471106	25536
V	1471202	25537
V	1471300	25538
V	1471396	25539
V	1471493	25540
V	1471590	25541
V	1471687	25542
V	1471784	25543
V	1471880	25544
V	1471977	25545
V	1472074	25546
V	1472172	25547
V	1472269	25548
V	1472366	25549
V	1472462	25550
V	1472559	25551
V	1472656	25552
V	1472752	25553
V	1472850	25554
V	1472946	25555
V	1473042	25556
V	1473139	25557
V	1473235	25558
V	1473332	25559
V	1473429	25560
V	1473525	25561
V	1473621	25562
V	1473717	25563
V	1473814	25564
V	1473910	25565
V	1474007	25566
V	1474103	25567
V	1474200	25568
V	1474297	25569
V	1474394	25570
V	1474491	25571
V	1474587	25572
V	1474685	25573
V	1474782	25574
V	1474879	25575
V	1474976	25576
V	1475073	25577
V	1475171	25578
V	1475269	25579
V	1475366	25580
V	1475463	25581
V	1475560	25582
V	1475657	25583
V	1475753	25584
V	1475850	25585
V	1475948	25586
V	1476045	25587
V	1476142	25588
V	1476239	25589
V	1476335	25590
V	1476432	25591
V	1476528	25592
V	1476626	25593
V	1476723	25594
V	1476819	25595
V	1476916	25596
V	1477012	25597
V	1477109	25598
V	1477207	25599
V	1477304	25600
V	1477401	25601
V	1477498	25602
V	1477594	25603
V	1477692	25604
V	1477790	25605
V	1477888	25606
V	1477985	25607
V	1478081	25608
V	1478179	25609
V	1478276	25610
V	1478373	25611
V	1478470	25612
V	1478568	25613
V	1478665	25614
V	1478761	25615
V	1478859	25616
V	1478957	25617
V	1479053	25618
V	1479150	25619
V	1479247	25620
V	1479344	25621
V	1479440	25622
V	1479537	25623
V	1479633	25624
V	1479730	25625
V	1479827	25626
V	1479924	25627
V	1480022	25628
V	1480119	25629
V	1480216	25630
V	1480312	25631
V	1480410	25632
V	1480508	25633
V	1480605	25634
V	1480701	25635
V	1480798	25636
V	1480895	25637
V	1480992	25638
V	1481088	25639
V	1481185	25640
V	1481282	25641
V	1481380	25642
V	1481478	25643
V	1481574	25644
V	1481671	25645
V	1481767	25646
V	1481865	25647
V	1481963	25648
V	1482059	25649
V	1482155	25650
V	1482252	25651
V	1482348	25652
V	1482445	25653
V	1482542	25654
V	1482638	25655
V	1482735	25656
V	1482833	25657
V	1482930	25658
V	1483027	25659
V	1483125	25660
V	1483221	25661
V	1483318	25662
V	1483415	25663
V	1483512	25664
V	1483609	25665
V	1483706	25666
V	1483803	25667
V	1483900	25668
V	1483997	25669
V	1484095	25670
V	1484191	25671
V	1484288	25672
V	1484385	25673
V	1484482	25674
V	1484578	25675
V	1484676	25676
V	1484774	25677
V	1484871	25678
V	1484967	25679
V	1485064	25680
V	1485161	25681
V	1485258	25682
V	1485355	25683
V	1485451	25684
V	1485547	25685
V	1485644	25686
V	1485742	25687
V	1485839	25688
V	1485936	25689
V	1486033	25690
V	1486130	25691
V	1486227	25692
V	1486324	25693
V	1486421	25694
V	1486518	25695
V	1486614	25696
V	1486711	25697
V	1486807	25698
V	1486903	25699
V	1487001	25700
V	1487097	25701
V	1487195	25702
V	1487291	25703
V	1487388	25704
V	1487485	25705
V	1487581	25706
V	1487678	25707
V	1487775	25708
V	1487872	25709
V	1487969	25710
V	1488066	25711
V	1488163	25712
V	1488260	25713
V	1488356	25714
V	1488453	25715
V	1488550	25716
V	1488647	25717
V	1488743	25718
V	1488839	25719
V	1488935	25720
V	1489032	25721
V	1489130	25722
V	1489227	25723
V	1489323	25724
V	1489420	25725
V	1489517	25726
V	1489614	25727
V	1489711	25728
V	1489809	25729
V	1489906	25730
V	1490002	25731
V	1490100	25732
V	1490198	25733
V	1490295	25734
V	1490391	25735
V	1490487	25736
V	1490583	25737
V	1490680	25738
V	1490776	25739
V	1490874	25740
V	1490971	25741
V	1491069	25742
V	1491166	25743
V	1491262	25744
V	1491358	25745
V	1491454	25746
V	1491552	25747
V	1491650	25748
V	1491748	25749
V	1491844	25750
V	1491941	25751
V	1492038	25752
V	1492135	25753
V	1492233	25754
V	1492329	25755
V	1492427	25756
V	1492524	25757
V	1492622	25758
V	1492719	25759
V	1492815	25760
V	1492912	25761
V	1493009	25762
V	1493105	25763
V	1493202	25764
V	1493298	25765
V	1493394	25766
V	1493490	25767
V	1493587	25768
V	1493683	25769
V	1493780	25770
V	1493876	25771
V	1493972	25772
V	1494068	25773
V	1494164	25774
V	1494262	25775
V	1494360	25776
V	1494457	25777
V	1494553	25778
V	1494651	25779
V	1494748	25780
V	1494845	25781
V	1494943	25782
V	1495041	25783
V	1495139	25784
V	1495237	25785
V	1495335	25786
V	1495431	25787
V	1495528	25788
V	1495625	25789
V	1495721	25790
V	1495817	25791
V	1495914	25792
V	1496011	25793
V	1496107	25794
V	1496204	25795
V	1496301	25796
V	1496398	25797
V	1496494	25798
V	1496591	25799
V	1496688	25800
V	1496785	25801
V	1496883	25802
V	1496980	25803
V	1497076	25804
V	1497174	25805
V	1497272	25806
V	1497369	25807
V	1497465	25808
V	1497561	25809
V	1497658	25810
V	1497755	25811
V	1497851	25812
V	1497947	25813
V	1498044	25814
V	1498141	25815
V	1498237	25816
V	1498334	25817
V	1498431	25818
V	1498528	25819
V	1498625	25820
V	1498722	25821
V	1498819	25822
V	1498915	25823
V	1499011	25824
V	1499108	25825
V	1499204	25826
V	1499301	25827
V	1499397	25828
V	1499494	25829
V	1499590	25830
V	1499687	25831
V	1499784	25832
V	1499881	25833
V	1499978	25834
V	1500074	25835
V	1500171	25836
V	1500267	25837
V	1500364	25838
V	1500460	25839
V	1500556	25840
V	1500652	25841
V	1500749	25842
V	1500846	25843
V	1500943	25844
V	1501039	25845
V	1501136	25846
V	1501232	25847
V	1501329	25848
V	1501426	25849
V	1501522	25850
V	1501619	25851
V	1501716	25852
V	1501812	25853
V	1501908	25854
V	1502004	25855
V	1502100	25856
V	1502196	25857
V	1502293	25858
V	1502389	25859
V	1502485	25860
V	1502582	25861
V	1502679	25862
V	1502776	25863
V	1502873	25864
V	1502970	25865
V	1503067	25866
V	1503164	25867
V	1503261	25868
V	1503358	25869
V	1503454	25870
V	1503551	25871
V	1503648	25872
V	1503744	25873
V	1503841	25874
V	1503938	25875
V	1504034	25876
V	1504131	25877
V	1504228	25878
V	1504325	25879
V	1504422	25880
V	1504518	25881
V	1504615	25882
V	1504711	25883
V	1504808	25884
V	1504905	25885
V	1505001	25886
V	1505098	25887
V	1505195	25888
V	1505291	25889
V	1505387	25890
V	1505484	25891
V	1505581	25892
V	1505677	25893
V	1505773	25894
V	1505869	25895
V	1505966	25896
V	1506062	25897
V	1506158	25898
V	1506255	25899
V	1506351	25900
V	1506447	25901
V	1506543	25902
V	1506639	25903
V	1506736	25904
V	1506832	25905
V	1506928	25906
V	1507025	25907
V	1507122	25908
V	1507218	25909
V	1507315	25910
V	1507412	25911
V	1507508	25912
V	1507605	25913
V	1507702	25914
V	1507799	25915
V	1507895	25916
V	1507992	25917
V	1508088	25918
V	1508184	25919
V	1508281	25920
V	1508378	25921
V	1508475	25922
V	1508572	25923
V	1508669	25924
V	1508766	25925
V	1508863	25926
V	1508960	25927
V	1509056	25928
V	1509153	25929
V	1509249	25930
V	1509346	25931
V	1509442	25932
V	1509538	25933
V	1509635	25934
V	1509732	25935
V	1509829	25936
V	1509925	25937
V	1510022	25938
V	1510118	25939
V	1510215	25940
V	1510312	25941
V	1510409	25942
V	1510506	25943
V	1510603	25944
V	1510700	25945
V	1510797	25946
V	1510893	25947
V	1510990	25948
V	1511087	25949
V	1511183	25950
V	1511279	25951
V	1511376	25952
V	1511473	25953
V	1511569	25954
V	1511666	25955
V	1511763	25956
V	1511860	25957
V	1511956	25958
V	1512052	25959
V	1512149	25960
V	1512246	25961
V	1512343	25962
V	1512439	25963
V	1512536	25964
V	1512633	25965
V	1512729	25966
V	1512826	25967
V	1512923	25968
V	1513019	25969
V	1513116	25970
V	1513212	25971
V	1513309	25972
V	1513405	25973
V	1513501	25974
V	1513597	25975
V	1513693	25976
V	1513789	25977
V	1513886	25978
V	1513983	25979
V	1514079	25980
V	1514176	25981
V	1514273	25982
V	1514369	25983
V	1514465	25984
V	1514562	25985
V	1514659	25986
V	1514755	25987
V	1514851	25988
V	1514948	25989
V	1515045	25990
V	1515141	25991
V	1515237	25992
V	1515333	25993
V	1515430	25994
V	1515526	25995
V	1515623	25996
V	1515719	25997
V	1515816	25998
V	1515913	25999
V	1516010	26000
V	1516107	26001
V	1516204	26002
V	1516301	26003
V	1516398	26004
V	1516495	26005
V	1516592	26006
V	1516689	26007
V	1516786	26008
V	1516883	26009
V	1516979	26010
V	1517075	26011
V	1517171	26012
V	1517268	26013
V	1517365	26014
V	1517462	26015
V	1517558	26016
V	1517654	26017
V	1517751	26018
V	1517848	26019
V	1517945	26020
V	1518041	26021
V	1518138	26022
V	1518234	26023
V	1518331	26024
V	1518428	26025
V	1518524	26026
V	1518620	26027
V	1518716	26028
V	1518813	26029
V	1518910	26030
V	1519006	26031
V	1519103	26032
V	1519200	26033
V	1519297	26034
V	1519393	26035
V	1519490	26036
V	1519587	26037
V	1519685	26038
V	1519782	26039
V	1519879	26040
V	1519975	26041
V	1520072	26042
V	1520169	26043
V	1520265	26044
V	1520362	26045
V	1520458	26046
V	1520555	26047
V	1520652	26048
V	1520748	26049
V	1520845	26050
V	1520941	26051
V	1521038	26052
V	1521134	26053
V	1521231	26054
V	1521328	26055
V	1521424	26056
V	1521521	26057
V	1521617	26058
V	1521713	26059
V	1521810	26060
V	1521907	26061
V	1522003	26062
V	1522100	26063
V	1522197	26064
V	1522294	26065
V	1522391	26066
V	1522488	26067
V	1522584	26068
V	1522680	26069
V	1522776	26070
V	1522872	26071
V	1522968	26072
V	1523065	26073
V	1523162	26074
V	1523259	26075
V	1523356	26076
V	1523452	26077
V	1523549	26078
V	1523645	26079
V	1523742	26080
V	1523838	26081
V	1523934	26082
V	1524031	26083
V	1524128	26084
V	1524224	26085
V	1524321	26086
V	1524418	26087
V	1524515	26088
V	1524611	26089
V	1524708	26090
V	1524805	26091
V	1524902	26092
V	1524999	26093
V	1525096	26094
V	1525193	26095
V	1525289	26096
V	1525386	26097
V	1525482	26098
V	1525579	26099
V	1525675	26100
V	1525772	26101
V	1525869	26102
V	1525965	26103
V	1526061	26104
V	1526158	26105
V	1526255	26106
V	1526352	26107
V	1526449	26108
V	1526546	26109
V	1526642	26110
V	1526738	26111
V	1526835	26112
V	1526931	26113
V	1527027	26114
V	1527124	26115
V	1527221	26116
V	1527318	26117
V	1527415	26118
V	1527512	26119
V	1527608	26120
V	1527704	26121
V	1527800	26122
V	1527897	26123
V	1527994	26124
V	1528090	26125
V	1528186	26126
V	1528282	26127
V	1528379	26128
V	1528476	26129
V	1528572	26130
V	1528668	26131
V	1528765	26132
V	1528861	26133
V	1528958	26134
V	1529054	26135
V	1529150	26136
V	1529247	26137
V	1529344	26138
V	1529441	26139
V	1529538	26140
V	1529635	26141
V	1529732	26142
V	1529829	26143
V	1529925	26144
V	1530021	26145
V	1530117	26146
V	1530213	26147
V	1530309	26148
V	1530406	26149
V	1530503	26150
V	1530600	26151
V	1530697	26152
V	1530793	26153
V	1530889	26154
V	1530986	26155
V	1531083	26156
V	1531179	26157
V	1531275	26158
V	1531371	26159
V	1531467	26160
V	1531563	26161
V	1531659	26162
V	1531755	26163
V	1531851	26164
V	1531948	26165
V	1532044	26166
V	1532141	26167
V	1532238	26168
V	1532334	26169
V	1532431	26170
V	1532528	26171
V	1532625	26172
V	1532722	26173
V	1532818	26174
V	1532915	26175
V	1533011	26176
V	1533107	26177
V	1533204	26178
V	1533300	26179
V	1533396	26180
V	1533492	26181
V	1533589	26182
V	1533686	26183
V	1533783	26184
V	1533880	26185
V	1533977	26186
V	1534074	26187
V	1534171	26188
V	1534267	26189
V	1534364	26190
V	1534461	26191
V	1534558	26192
V	1534655	26193
V	1534752	26194
V	1534848	26195
V	1534945	26196
V	1535042	26197
V	1535138	26198
V	1535235	26199
V	1535332	26200
V	1535428	26201
V	1535525	26202
V	1535621	26203
V	1535718	26204
V	1535815	26205
V	1535912	26206
V	1536009	26207
V	1536107	26208
V	1536204	26209
V	1536300	26210
V	1536398	26211
V	1536495	26212
V	1536591	26213
V	1536687	26214
V	1536785	26215
V	1536882	26216
V	1536979	26217
V	1537077	26218
V	1537174	26219
V	1537271	26220
V	1537369	26221
V	1537466	26222
V	1537563	26223
V	1537659	26224
V	1537756	26225
V	1537852	26226
V	1537948	26227
V	1538045	26228
V	1538141	26229
V	1538237	26230
V	1538334	26231
V	1538430	26232
V	1538528	26233
V	1538624	26234
V	1538721	26235
V	1538817	26236
V	1538913	26237
V	1539010	26238
V	1539107	26239
V	1539203	26240
V	1539299	26241
V	1539395	26242
V	1539492	26243
V	1539588	26244
V	1539684	26245
V	1539781	26246
V	1539877	26247
V	1539973	26248
V	1540070	26249
V	1540166	26250
V	1540263	26251
V	1540359	26252
V	1540456	26253
V	1540552	26254
V	1540649	26255
V	1540745	26256
V	1540842	26257
V	1540939	26258
V	1541035	26259
V	1541131	26260
V	1541228	26261
V	1541324	26262
V	1541421	26263
V	1541517	26264
V	1541613	26265
V	1541709	26266
V	1541806	26267
V	1541903	26268
V	1542000	26269
V	1542097	26270
V	1542193	26271
V	1542290	26272
V	1542386	26273
V	1542483	26274
V	1542580	26275
V	1542676	26276
V	1542772	26277
V	1542868	26278
V	1542965	26279
V	1543061	26280
V	1543157	26281
V	1543254	26282
V	1543350	26283
V	1543447	26284
V	1543544	26285
V	1543641	26286
V	1543738	26287
V	1543835	26288
V	1543931	26289
V	1544027	26290
V	1544123	26291
V	1544219	26292
V	1544315	26293
V	1544412	26294
V	1544509	26295
V	1544605	26296
V	1544702	26297
V	1544798	26298
V	1544895	26299
V	1544992	26300
V	1545088	26301
V	1545185	26302
V	1545282	26303
V	1545378	26304
V	1545475	26305
V	1545572	26306
V	1545668	26307
V	1545765	26308
V	1545861	26309
V	1545958	26310
V	1546055	26311
V	1546152	26312
V	1546249	26313
V	1546346	26314
V	1546443	26315
V	1546539	26316
V	1546635	26317
V	1546732	26318
V	1546829	26319
V	1546926	26320
V	1547023	26321
V	1547120	26322
V	1547216	26323
V	1547313	26324
V	1547409	26325
V	1547506	26326
V	1547603	26327
V	1547699	26328
V	1547795	26329
V	1547891	26330
V	1547988	26331
V	1548084	26332
V	1548181	26333
V	1548277	26334
V	1548374	26335
V	1548471	26336
V	1548568	26337
V	1548665	26338
V	1548761	26339
V	1548858	26340
V	1548954	26341
V	1549051	26342
V	1549148	26343
V	1549244	26344
V	1549340	26345
V	1549437	26346
V	1549533	26347
V	1549629	26348
V	1549726	26349
V	1549823	26350
V	1549920	26351
V	1550017	26352
V	1550114	26353
V	1550211	26354
V	1550308	26355
V	1550405	26356
V	1550503	26357
V	1550599	26358
V	1550696	26359
V	1550794	26360
V	1550891	26361
V	1550988	26362
V	1551085	26363
V	1551182	26364
V	1551280	26365
V	1551377	26366
V	1551474	26367
V	1551571	26368
V	1551667	26369
V	1551763	26370
V	1551859	26371
V	1551956	26372
V	1552054	26373
V	1552150	26374
V	1552247	26375
V	1552344	26376
V	1552441	26377
V	1552537	26378
V	1552634	26379
V	1552731	26380
V	1552828	26381
V	1552925	26382
V	1553021	26383
V	1553117	26384
V	1553214	26385
V	1553311	26386
V	1553409	26387
V	1553506	26388
V	1553602	26389
V	1553699	26390
V	1553796	26391
V	1553892	26392
V	1553989	26393
V	1554086	26394
V	1554182	26395
V	1554278	26396
V	1554375	26397
V	1554473	26398
V	1554571	26399
V	1554667	26400
V	1554764	26401
V	1554861	26402
V	1554957	26403
V	1555054	26404
V	1555151	26405
V	1555248	26406
V	1555345	26407
V	1555443	26408
V	1555540	26409
V	1555638	26410
V	1555734	26411
V	1555832	26412
V	1555928	26413
V	1556024	26414
V	1556121	26415
V	1556218	26416
V	1556316	26417
V	1556413	26418
V	1556510	26419
V	1556606	26420
V	1556703	26421
V	1556799	26422
V	1556896	26423
V	1556993	26424
V	1557090	26425
V	1557187	26426
V	1557284	26427
V	1557381	26428
V	1557478	26429
V	1557574	26430
V	1557671	26431
V	1557768	26432
V	1557864	26433
V	1557961	26434
V	1558057	26435
V	1558153	26436
V	1558250	26437
V	1558346	26438
V	1558443	26439
V	1558540	26440
V	1558636	26441
V	1558733	26442
V	1558830	26443
V	1558927	26444
V	1559024	26445
V	1559121	26446
V	1559218	26447
V	1559314	26448
V	1559411	26449
V	1559508	26450
V	1559604	26451
V	1559700	26452
V	1559797	26453
V	1559894	26454
V	1559991	26455
V	1560088	26456
V	1560185	26457
V	1560282	26458
V	1560379	26459
V	1560475	26460
V	1560571	26461
V	1560667	26462
V	1560764	26463
V	1560860	26464
V	1560956	26465
V	1561052	26466
V	1561149	26467
V	1561246	26468
V	1561343	26469
V	1561440	26470
V	1561537	26471
V	1561633	26472
V	1561729	26473
V	1561825	26474
V	1561921	26475
V	1562018	26476
V	1562114	26477
V	1562211	26478
V	1562307	26479
V	1562403	26480
V	1562499	26481
V	1562596	26482
V	1562693	26483
V	1562789	26484
V	1562886	26485
V	1562982	26486
V	1563078	26487
V	1563175	26488
V	1563272	26489
V	1563369	26490
V	1563466	26491
V	1563562	26492
V	1563659	26493
V	1563756	26494
V	1563853	26495
V	1563950	26496
V	1564046	26497
V	1564143	26498
V	1564239	26499
V	1564336	26500
V	1564433	26501
V	1564529	26502
V	1564626	26503
V	1564723	26504
V	1564820	26505
V	1564917	26506
V	1565013	26507
V	1565110	26508
V	1565207	26509
V	1565303	26510
V	1565400	26511
V	1565496	26512
V	1565592	26513
V	1565689	26514
V	1565785	26515
V	1565881	26516
V	1565978	26517
V	1566074	26518
V	1566170	26519
V	1566267	26520
V	1566364	26521
V	1566461	26522
V	1566558	26523
V	1566655	26524
V	1566752	26525
V	1566849	26526
V	1566946	26527
V	1567043	26528
V	1567140	26529
V	1567237	26530
V	1567333	26531
V	1567430	26532
V	1567526	26533
V	1567622	26534
V	1567718	26535
V	1567814	26536
V	1567911	26537
V	1568007	26538
V	1568103	26539
V	1568199	26540
V	1568295	26541
V	1568392	26542
V	1568489	26543
V	1568586	26544
V	1568682	26545
V	1568778	26546
V	1568875	26547
V	1568972	26548
V	1569069	26549
V	1569166	26550
V	1569263	26551
V	1569360	26552
V	1569456	26553
V	1569553	26554
V	1569650	26555
V	1569747	26556
V	1569844	26557
V	1569940	26558
V	1570037	26559
V	1570134	26560
V	1570231	26561
V	1570328	26562
V	1570424	26563
V	1570521	26564
V	1570617	26565
V	1570714	26566
V	1570811	26567
V	1570907	26568
V	1571004	26569
V	1571100	26570
V	1571196	26571
V	1571293	26572
V	1571389	26573
V	1571486	26574
V	1571583	26575
V	1571679	26576
V	1571776	26577
V	1571872	26578
V	1571968	26579
V	1572064	26580
V	1572160	26581
V	1572256	26582
V	1572352	26583
V	1572448	26584
V	1572544	26585
V	1572641	26586
V	1572738	26587
V	1572835	26588
V	1572931	26589
V	1573028	26590
V	1573125	26591
V	1573221	26592
V	1573318	26593
V	1573414	26594
V	1573510	26595
V	1573607	26596
V	1573704	26597
V	1573801	26598
V	1573897	26599
V	1573993	26600
V	1574089	26601
V	1574186	26602
V	1574282	26603
V	1574379	26604
V	1574476	26605
V	1574572	26606
V	1574669	26607
V	1574765	26608
V	1574862	26609
V	1574958	26610
V	1575055	26611
V	1575152	26612
V	1575248	26613
V	1575344	26614
V	1575440	26615
V	1575536	26616
V	1575633	26617
V	1575730	26618
V	1575826	26619
V	1575923	26620
V	1576020	26621
V	1576117	26622
V	1576213	26623
V	1576309	26624
V	1576406	26625
V	1576503	26626
V	1576599	26627
V	1576695	26628
V	1576791	26629
V	1576887	26630
V	1576983	26631
V	1577080	26632
V	1577177	26633
V	1577273	26634
V	1577369	26635
V	1577466	26636
V	1577562	26637
V	1577659	26638
V	1577756	26639
V	1577852	26640
V	1577948	26641
V	1578045	26642
V	1578141	26643
V	1578238	26644
V	1578335	26645
V	1578432	26646
V	1578528	26647
V	1578625	26648
V	1578721	26649
V	1578818	26650
V	1578915	26651
V	1579011	26652
V	1579108	26653
V	1579205	26654
V	1579302	26655
V	1579398	26656
V	1579495	26657
V	1579592	26658
V	1579688	26659
V	1579785	26660
V	1579881	26661
V	1579978	26662
V	1580075	26663
V	1580172	26664
V	1580269	26665
V	1580366	26666
V	1580462	26667
V	1580559	26668
V	1580655	26669
V	1580752	26670
V	1580849	26671
V	1580946	26672
V	1581043	26673
V	1581139	26674
V	1581236	26675
V	1581333	26676
V	1581430	26677
V	1581527	26678
V	1581623	26679
V	1581719	26680
V	1581815	26681
V	1581912	26682
V	1582009	26683
V	1582105	26684
V	1582201	26685
V	1582298	26686
V	1582394	26687
V	1582491	26688
V	1582588	26689
V	1582685	26690
V	1582781	26691
V	1582878	26692
V	1582975	26693
V	1583071	26694
V	1583167	26695
V	1583263	26696
V	1583360	26697
V	1583457	26698
V	1583553	26699
V	1583650	26700
V	1583746	26701
V	1583843	26702
V	1583940	26703
V	1584036	26704
V	1584133	26705
V	1584229	26706
V	1584326	26707
V	1584422	26708
V	1584518	26709
V	1584615	26710
V	1584712	26711
V	1584808	26712
V	1584905	26713
V	1585001	26714
V	1585097	26715
V	1585193	26716
V	1585290	26717
V	1585386	26718
V	1585483	26719
V	1585580	26720
V	1585677	26721
V	1585774	26722
V	1585871	26723
V	1585968	26724
V	1586064	26725
V	1586161	26726
V	1586257	26727
V	1586354	26728
V	1586451	26729
V	1586548	26730
V	1586645	26731
V	1586742	26732
V	1586839	26733
V	1586936	26734
V	1587033	26735
V	1587130	26736
V	1587227	26737
V	1587324	26738
V	1587420	26739
V	1587517	26740
V	1587614	26741
V	1587711	26742
V	1587808	26743
V	1587905	26744
V	1588002	26745
V	1588099	26746
V	1588196	26747
V	1588293	26748
V	1588390	26749
V	1588487	26750
V	1588584	26751
V	1588680	26752
V	1588777	26753
V	1588873	26754
V	1588970	26755
V	1589066	26756
V	1589162	26757
V	1589259	26758
V	1589355	26759
V	1589452	26760
V	1589548	26761
V	1589645	26762
V	1589742	26763
V	1589838	26764
V	1589934	26765
V	1590030	26766
V	1590126	26767
V	1590223	26768
V	1590319	26769
V	1590416	26770
V	1590513	26771
V	1590609	26772
V	1590705	26773
V	1590802	26774
V	1590898	26775
V	1590994	26776
V	1591091	26777
V	1591188	26778
V	1591285	26779
V	1591381	26780
V	1591478	26781
V	1591574	26782
V	1591670	26783
V	1591767	26784
V	1591864	26785
V	1591960	26786
V	1592056	26787
V	1592153	26788
V	1592250	26789
V	1592347	26790
V	1592444	26791
V	1592540	26792
V	1592637	26793
V	1592734	26794
V	1592830	26795
V	1592926	26796
V	1593022	26797
V	1593119	26798
V	1593215	26799
V	1593311	26800
V	1593408	26801
V	1593505	26802
V	1593602	26803
V	1593699	26804
V	1593795	26805
V	1593891	26806
V	1593988	26807
V	1594085	26808
V	1594181	26809
V	1594278	26810
V	1594374	26811
V	1594471	26812
V	1594568	26813
V	1594665	26814
V	1594762	26815
V	1594858	26816
V	1594954	26817
V	1595051	26818
V	1595148	26819
V	1595244	26820
V	1595341	26821
V	1595438	26822
V	1595534	26823
V	1595630	26824
V	1595728	26825
V	1595825	26826
V	1595922	26827
V	1596019	26828
V	1596115	26829
V	1596211	26830
V	1596308	26831
V	1596404	26832
V	1596500	26833
V	1596597	26834
V	1596695	26835
V	1596792	26836
V	1596890	26837
V	1596988	26838
V	1597084	26839
V	1597180	26840
V	1597276	26841
V	1597373	26842
V	1597471	26843
V	1597568	26844
V	1597665	26845
V	1597761	26846
V	1597858	26847
V	1597955	26848
V	1598053	26849
V	1598151	26850
V	1598249	26851
V	1598346	26852
V	1598443	26853
V	1598540	26854
V	1598636	26855
V	1598732	26856
V	1598828	26857
V	1598925	26858
V	1599023	26859
V	1599119	26860
V	1599217	26861
V	1599314	26862
V	1599411	26863
V	1599508	26864
V	1599605	26865
V	1599703	26866
V	1599801	26867
V	1599898	26868
V	1599995	26869
V	1600092	26870
V	1600190	26871
V	1600286	26872
V	1600383	26873
V	1600479	26874
V	1600576	26875
V	1600673	26876
V	1600771	26877
V	1600869	26878
V	1600965	26879
V	1601061	26880
V	1601157	26881
V	1601253	26882
V	1601349	26883
V	1601445	26884
V	1601541	26885
V	1601639	26886
V	1601737	26887
V	1601835	26888
V	1601933	26889
V	1602030	26890
V	1602128	26891
V	1602225	26892
V	1602323	26893
V	1602420	26894
V	1602517	26895
V	1602615	26896
V	1602713	26897
V	1602811	26898
V	1602908	26899
V	1603005	26900
V	1603102	26901
V	1603200	26902
V	1603296	26903
V	1603393	26904
V	1603489	26905
V	1603587	26906
V	1603684	26907
V	1603781	26908
V	1603877	26909
V	1603974	26910
V	1604072	26911
V	1604170	26912
V	1604267	26913
V	1604364	26914
V	1604461	26915
V	1604559	26916
V	1604656	26917
V	1604753	26918
V	1604850	26919
V	1604946	26920
V	1605043	26921
V	1605140	26922
V	1605237	26923
V	1605334	26924
V	1605430	26925
V	1605526	26926
V	1605622	26927
V	1605719	26928
V	1605817	26929
V	1605914	26930
V	1606010	26931
V	1606107	26932
V	1606205	26933
V	1606301	26934
V	1606399	26935
V	1606495	26936
V	1606592	26937
V	1606689	26938
V	1606786	26939
V	1606883	26940
V	1606979	26941
V	1607076	26942
V	1607174	26943
V	1607270	26944
V	1607367	26945
V	1607464	26946
V	1607561	26947
V	1607658	26948
V	1607755	26949
V	1607853	26950
V	1607949	26951
V	1608045	26952
V	1608141	26953
V	1608238	26954
V	1608335	26955
V	1608433	26956
V	1608531	26957
V	1608628	26958
V	1608725	26959
V	1608823	26960
V	1608921	26961
V	1609017	26962
V	1609114	26963
V	1609211	26964
V	1609308	26965
V	1609404	26966
V	1609501	26967
V	1609598	26968
V	1609695	26969
V	1609791	26970
V	1609889	26971
V	1609987	26972
V	1610084	26973
V	1610181	26974
V	1610278	26975
V	1610374	26976
V	1610471	26977
V	1610567	26978
V	1610664	26979
V	1610762	26980
V	1610859	26981
V	1610955	26982
V	1611052	26983
V	1611148	26984
V	1611245	26985
V	1611342	26986
V	1611438	26987
V	1611535	26988
V	1611632	26989
V	1611729	26990
V	1611826	26991
V	1611923	26992
V	1612020	26993
V	1612117	26994
V	1612214	26995
V	1612310	26996
V	1612407	26997
V	1612504	26998
V	1612601	26999
V	1612699	27000
V	1612796	27001
V	1612892	27002
V	1612990	27003
V	1613087	27004
V	1613184	27005
V	1613281	27006
V	1613378	27007
V	1613476	27008
V	1613574	27009
V	1613671	27010
V	1613767	27011
V	1613863	27012
V	1613960	27013
V	1614057	27014
V	1614153	27015
V	1614249	27016
V	1614345	27017
V	1614442	27018
V	1614539	27019
V	1614636	27020
V	1614733	27021
V	1614830	27022
V	1614927	27023
V	1615024	27024
V	1615120	27025
V	1615217	27026
V	1615313	27027
V	1615410	27028
V	1615507	27029
V	1615604	27030
V	1615700	27031
V	1615797	27032
V	1615893	27033
V	1615989	27034
V	1616086	27035
V	1616182	27036
V	1616279	27037
V	1616376	27038
V	1616473	27039
V	1616570	27040
V	1616666	27041
V	1616762	27042
V	1616859	27043
V	1616956	27044
V	1617052	27045
V	1617149	27046
V	1617245	27047
V	1617341	27048
V	1617437	27049
V	1617533	27050
V	1617629	27051
V	1617725	27052
V	1617821	27053
V	1617918	27054
V	1618015	27055
V	1618112	27056
V	1618208	27057
V	1618304	27058
V	1618400	27059
V	1618496	27060
V	1618593	27061
V	1618690	27062
V	1618786	27063
V	1618882	27064
V	1618979	27065
V	1619076	27066
V	1619173	27067
V	1619270	27068
V	1619366	27069
V	1619463	27070
V	1619560	27071
V	1619657	27072
V	1619754	27073
V	1619850	27074
V	1619947	27075
V	1620043	27076
V	1620140	27077
V	1620236	27078
V	1620333	27079
V	1620430	27080
V	1620527	27081
V	1620623	27082
V	1620720	27083
V	1620816	27084
V	1620913	27085
V	1621010	27086
V	1621106	27087
V	1621203	27088
V	1621300	27089
V	1621397	27090
V	1621494	27091
V	1621590	27092
V	1621686	27093
V	1621783	27094
V	1621880	27095
V	1621977	27096
V	1622074	27097
V	1622171	27098
V	1622268	27099
V	1622365	27100
V	1622462	27101
V	1622559	27102
V	1622656	27103
V	1622753	27104
V	1622850	27105
V	1622947	27106
V	1623044	27107
V	1623140	27108
V	1623237	27109
V	1623333	27110
V	1623430	27111
V	1623526	27112
V	1623622	27113
V	1623719	27114
V	1623816	27115
V	1623912	27116
V	1624008	27117
V	1624104	27118
V	1624201	27119
V	1624297	27120
V	1624393	27121
V	1624491	27122
V	1624587	27123
V	1624684	27124
V	1624781	27125
V	1624879	27126
V	1624976	27127
V	1625073	27128
V	1625169	27129
V	1625265	27130
V	1625363	27131
V	1625460	27132
V	1625557	27133
V	1625654	27134
V	1625750	27135
V	1625847	27136
V	1625943	27137
V	1626040	27138
V	1626137	27139
V	1626234	27140
V	1626332	27141
V	1626429	27142
V	1626526	27143
V	1626622	27144
V	1626718	27145
V	1626815	27146
V	1626912	27147
V	1627008	27148
V	1627105	27149
V	1627202	27150
V	1627299	27151
V	1627397	27152
V	1627495	27153
V	1627592	27154
V	1627689	27155
V	1627786	27156
V	1627883	27157
V	1627979	27158
V	1628076	27159
V	1628173	27160
V	1628270	27161
V	1628366	27162
V	1628464	27163
V	1628560	27164
V	1628658	27165
V	1628756	27166
V	1628852	27167
V	1628949	27168
V	1629047	27169
V	1629144	27170
V	1629241	27171
V	1629338	27172
V	1629434	27173
V	1629530	27174
V	1629627	27175
V	1629725	27176
V	1629822	27177
V	1629920	27178
V	1630016	27179
V	1630114	27180
V	1630211	27181
V	1630308	27182
V	1630404	27183
V	1630500	27184
V	1630597	27185
V	1630694	27186
V	1630792	27187
V	1630889	27188
V	1630985	27189
V	1631082	27190
V	1631178	27191
V	1631275	27192
V	1631371	27193
V	1631468	27194
V	1631565	27195
V	1631662	27196
V	1631759	27197
V	1631856	27198
V	1631952	27199
V	1632049	27200
V	1632146	27201
V	1632243	27202
V	1632340	27203
V	1632437	27204
V	1632533	27205
V	1632629	27206
V	1632725	27207
V	1632821	27208
V	1632917	27209
V	1633013	27210
V	1633109	27211
V	1633206	27212
V	1633302	27213
V	1633399	27214
V	1633495	27215
V	1633592	27216
V	1633688	27217
V	1633785	27218
V	1633882	27219
V	1633978	27220
V	1634074	27221
V	1634171	27222
V	1634267	27223
V	1634363	27224
V	1634459	27225
V	1634556	27226
V	1634652	27227
V	1634749	27228
V	1634846	27229
V	1634942	27230
V	1635039	27231
V	1635135	27232
V	1635232	27233
V	1635329	27234
V	1635425	27235
V	1635521	27236
V	1635618	27237
V	1635715	27238
V	1635812	27239
V	1635908	27240
V	1636005	27241
V	1636102	27242
V	1636198	27243
V	1636294	27244
V	1636390	27245
V	1636487	27246
V	1636584	27247
V	1636681	27248
V	1636778	27249
V	1636875	27250
V	1636971	27251
V	1637067	27252
V	1637163	27253
V	1637259	27254
V	1637355	27255
V	1637452	27256
V	1637549	27257
V	1637645	27258
V	1637741	27259
V	1637837	27260
V	1637934	27261
V	1638031	27262
V	1638128	27263
V	1638224	27264
V	1638321	27265
V	1638418	27266
V	1638514	27267
V	1638611	27268
V	1638707	27269
V	1638804	27270
V	1638901	27271
V	1638997	27272
V	1639093	27273
V	1639189	27274
V	1639286	27275
V	1639383	27276
V	1639479	27277
V	1639576	27278
V	1639673	27279
V	1639769	27280
V	1639866	27281
V	1639963	27282
V	1640059	27283
V	1640156	27284
V	1640252	27285
V	1640349	27286
V	1640446	27287
V	1640543	27288
V	1640640	27289
V	1640736	27290
V	1640832	27291
V	1640929	27292
V	1641025	27293
V	1641122	27294
V	1641218	27295
V	1641314	27296
V	1641411	27297
V	1641508	27298
V	1641605	27299
V	1641702	27300
V	1641799	27301
V	1641895	27302
V	1641991	27303
V	1642087	27304
V	1642184	27305
V	1642282	27306
V	1642379	27307
V	1642476	27308
V	1642574	27309
V	1642671	27310
V	1642768	27311
V	1642865	27312
V	1642962	27313
V	1643059	27314
V	1643155	27315
V	1643252	27316
V	1643348	27317
V	1643446	27318
V	1643542	27319
V	1643640	27320
V	1643737	27321
V	1643833	27322
V	1643930	27323
V	1644026	27324
V	1644123	27325
V	1644220	27326
V	1644316	27327
V	1644413	27328
V	1644509	27329
V	1644606	27330
V	1644702	27331
V	1644800	27332
V	1644897	27333
V	1644994	27334
V	1645091	27335
V	1645188	27336
V	1645285	27337
V	1645383	27338
V	1645479	27339
V	1645575	27340
V	1645671	27341
V	1645768	27342
V	1645865	27343
V	1645961	27344
V	1646058	27345
V	1646154	27346
V	1646251	27347
V	1646348	27348
V	1646445	27349
V	1646542	27350
V	1646639	27351
V	1646736	27352
V	1646833	27353
V	1646929	27354
V	1647025	27355
V	1647122	27356
V	1647218	27357
V	1647315	27358
V	1647411	27359
V	1647508	27360
V	1647604	27361
V	1647701	27362
V	1647798	27363
V	1647895	27364
V	1647991	27365
V	1648088	27366
V	1648185	27367
V	1648282	27368
V	1648379	27369
V	1648476	27370
V	1648572	27371
V	1648668	27372
V	1648765	27373
V	1648862	27374
V	1648959	27375
V	1649056	27376
V	1649152	27377
V	1649248	27378
V	1649345	27379
V	1649441	27380
V	1649538	27381
V	1649635	27382
V	1649731	27383
V	1649828	27384
V	1649924	27385
V	1650021	27386
V	1650118	27387
V	1650214	27388
V	1650311	27389
V	1650408	27390
V	1650505	27391
V	1650602	27392
V	1650699	27393
V	1650796	27394
V	1650892	27395
V	1650989	27396
V	1651086	27397
V	1651183	27398
V	1651280	27399
V	1651377	27400
V	1651474	27401
V	1651570	27402
V	1651667	27403
V	1651763	27404
V	1651859	27405
V	1651955	27406
V	1652052	27407
V	1652148	27408
V	1652245	27409
V	1652341	27410
V	1652438	27411
V	1652535	27412
V	1652632	27413
V	1652729	27414
V	1652826	27415
V	1652923	27416
V	1653020	27417
V	1653117	27418
V	1653213	27419
V	1653309	27420
V	1653406	27421
V	1653502	27422
V	1653599	27423
V	1653696	27424
V	1653793	27425
V	1653890	27426
V	1653987	27427
V	1654084	27428
V	1654180	27429
V	1654276	27430
V	1654373	27431
V	1654469	27432
V	1654566	27433
V	1654662	27434
V	1654758	27435
V	1654855	27436
V	1654951	27437
V	1655047	27438
V	1655144	27439
V	1655241	27440
V	1655337	27441
V	1655433	27442
V	1655530	27443
V	1655627	27444
V	1655724	27445
V	1655821	27446
V	1655918	27447
V	1656014	27448
V	1656111	27449
V	1656208	27450
V	1656305	27451
V	1656401	27452
V	1656498	27453
V	1656595	27454
V	1656691	27455
V	1656788	27456
V	1656884	27457
V	1656981	27458
V	1657078	27459
V	1657174	27460
V	1657270	27461
V	1657366	27462
V	1657462	27463
V	1657559	27464
V	1657655	27465
V	1657751	27466
V	1657847	27467
V	1657943	27468
V	1658039	27469
V	1658136	27470
V	1658232	27471
V	1658329	27472
V	1658425	27473
V	1658521	27474
V	1658617	27475
V	1658713	27476
V	1658810	27477
V	1658907	27478
V	1659004	27479
V	1659101	27480
V	1659197	27481
V	1659294	27482
V	1659391	27483
V	1659487	27484
V	1659583	27485
V	1659679	27486
V	1659776	27487
V	1659872	27488
V	1659969	27489
V	1660066	27490
V	1660163	27491
V	1660259	27492
V	1660356	27493
V	1660453	27494
V	1660549	27495
V	1660645	27496
V	1660741	27497
V	1660838	27498
V	1660935	27499
V	1661032	27500
V	1661129	27501
V	1661226	27502
V	1661323	27503
V	1661420	27504
V	1661517	27505
V	1661613	27506
V	1661709	27507
V	1661806	27508
V	1661903	27509
V	1662000	27510
V	1662097	27511
V	1662194	27512
V	1662291	27513
V	1662387	27514
V	1662483	27515
V	1662580	27516
V	1662677	27517
V	1662773	27518
V	1662869	27519
V	1662966	27520
V	1663062	27521
V	1663158	27522
V	1663254	27523
V	1663351	27524
V	1663448	27525
V	1663544	27526
V	1663640	27527
V	1663737	27528
V	1663833	27529
V	1663930	27530
V	1664026	27531
V	1664122	27532
V	1664219	27533
V	1664316	27534
V	1664413	27535
V	1664510	27536
V	1664607	27537
V	1664703	27538
V	1664800	27539
V	1664897	27540
V	1664993	27541
V	1665090	27542
V	1665186	27543
V	1665282	27544
V	1665378	27545
V	1665474	27546
V	1665570	27547
V	1665667	27548
V	1665764	27549
V	1665861	27550
V	1665958	27551
V	1666055	27552
V	1666151	27553
V	1666248	27554
V	1666344	27555
V	1666440	27556
V	1666536	27557
V	1666632	27558
V	1666728	27559
V	1666825	27560
V	1666922	27561
V	1667018	27562
V	1667114	27563
V	1667211	27564
V	1667307	27565
V	1667404	27566
V	1667501	27567
V	1667597	27568
V	1667693	27569
V	1667789	27570
V	1667886	27571
V	1667982	27572
V	1668079	27573
V	1668175	27574
V	1668272	27575
V	1668369	27576
V	1668465	27577
V	1668562	27578
V	1668658	27579
V	1668755	27580
V	1668852	27581
V	1668949	27582
V	1669046	27583
V	1669142	27584
V	1669239	27585
V	1669336	27586
V	1669433	27587
V	1669529	27588
V	1669625	27589
V	1669722	27590
V	1669818	27591
V	1669915	27592
V	1670012	27593
V	1670109	27594
V	1670205	27595
V	1670301	27596
V	1670397	27597
V	1670494	27598
V	1670590	27599
V	1670687	27600
V	1670784	27601
V	1670880	27602
V	1670976	27603
V	1671072	27604
V	1671169	27605
V	1671265	27606
V	1671361	27607
V	1671458	27608
V	1671555	27609
V	1671651	27610
V	1671748	27611
V	1671845	27612
V	1671941	27613
V	1672037	27614
V	1672134	27615
V	1672230	27616
V	1672327	27617
V	1672423	27618
V	1672519	27619
V	1672616	27620
V	1672713	27621
V	1672809	27622
V	1672905	27623
V	1673002	27624
V	1673098	27625
V	1673194	27626
V	1673290	27627
V	1673386	27628
V	1673483	27629
V	1673579	27630
V	1673676	27631
V	1673772	27632
V	1673869	27633
V	1673966	27634
V	1674062	27635
V	1674159	27636
V	1674255	27637
V	1674351	27638
V	1674448	27639
V	1674545	27640
V	1674642	27641
V	1674738	27642
V	1674835	27643
V	1674931	27644
V	1675027	27645
V	1675124	27646
V	1675220	27647
V	1675317	27648
V	1675414	27649
V	1675511	27650
V	1675608	27651
V	1675705	27652
V	1675802	27653
V	1675899	27654
V	1675996	27655
V	1676093	27656
V	1676189	27657
V	1676285	27658
V	1676382	27659
V	1676479	27660
V	1676576	27661
V	1676673	27662
V	1676769	27663
V	1676866	27664
V	1676963	27665
V	1677060	27666
V	1677157	27667
V	1677253	27668
V	1677350	27669
V	1677447	27670
V	1677544	27671
V	1677640	27672
V	1677737	27673
V	1677834	27674
V	1677930	27675
V	1678026	27676
V	1678123	27677
V	1678219	27678
V	1678316	27679
V	1678413	27680
V	1678509	27681
V	1678606	27682
V	1678703	27683
V	1678799	27684
V	1678896	27685
V	1678992	27686
V	1679089	27687
V	1679186	27688
V	1679283	27689
V	1679379	27690
V	1679475	27691
V	1679572	27692
V	1679669	27693
V	1679765	27694
V	1679862	27695
V	1679959	27696
V	1680056	27697
V	1680152	27698
V	1680249	27699
V	1680345	27700
V	1680441	27701
V	1680538	27702
V	1680634	27703
V	1680731	27704
V	1680828	27705
V	1680925	27706
V	1681022	27707
V	1681119	27708
V	1681216	27709
V	1681312	27710
V	1681409	27711
V	1681506	27712
V	1681603	27713
V	1681700	27714
V	1681797	27715
V	1681893	27716
V	1681990	27717
V	1682086	27718
V	1682182	27719
V	1682279	27720
V	1682375	27721
V	1682472	27722
V	1682568	27723
V	1682664	27724
V	1682761	27725
V	1682857	27726
V	1682954	27727
V	1683051	27728
V	1683148	27729
V	1683244	27730
V	1683340	27731
V	1683436	27732
V	1683533	27733
V	1683630	27734
V	1683727	27735
V	1683823	27736
V	1683920	27737
V	1684017	27738
V	1684113	27739
V	1684210	27740
V	1684306	27741
V	1684402	27742
V	1684498	27743
V	1684594	27744
V	1684690	27745
V	1684786	27746
V	1684882	27747
V	1684979	27748
V	1685075	27749
V	1685172	27750
V	1685269	27751
V	1685365	27752
V	1685461	27753
V	1685558	27754
V	1685654	27755
V	1685751	27756
V	1685847	27757
V	1685944	27758
V	1686040	27759
V	1686136	27760
V	1686232	27761
V	1686329	27762
V	1686427	27763
V	1686524	27764
V	1686621	27765
V	1686718	27766
V	1686815	27767
V	1686912	27768
V	1687008	27769
V	1687105	27770
V	1687201	27771
V	1687297	27772
V	1687393	27773
V	1687490	27774
V	1687587	27775
V	1687683	27776
V	1687779	27777
V	1687875	27778
V	1687973	27779
V	1688069	27780
V	1688166	27781
V	1688264	27782
V	1688362	27783
V	1688459	27784
V	1688556	27785
V	1688654	27786
V	1688752	27787
V	1688849	27788
V	1688947	27789
V	1689044	27790
V	1689142	27791
V	1689238	27792
V	1689334	27793
V	1689431	27794
V	1689529	27795
V	1689626	27796
V	1689722	27797
V	1689818	27798
V	1689914	27799
V	1690012	27800
V	1690109	27801
V	1690206	27802
V	1690304	27803
V	1690401	27804
V	1690499	27805
V	1690596	27806
V	1690694	27807
V	1690791	27808
V	1690888	27809
V	1690984	27810
V	1691082	27811
V	1691179	27812
V	1691276	27813
V	1691373	27814
V	1691470	27815
V	1691567	27816
V	1691663	27817
V	1691761	27818
V	1691859	27819
V	1691956	27820
V	1692054	27821
V	1692151	27822
V	1692249	27823
V	1692346	27824
V	1692442	27825
V	1692539	27826
V	1692635	27827
V	1692732	27828
V	1692829	27829
V	1692926	27830
V	1693023	27831
V	1693120	27832
V	1693216	27833
V	1693314	27834
V	1693411	27835
V	1693508	27836
V	1693605	27837
V	1693703	27838
V	1693800	27839
V	1693898	27840
V	1693995	27841
V	1694093	27842
V	1694190	27843
V	1694287	27844
V	1694383	27845
V	1694480	27846
V	1694577	27847
V	1694675	27848
V	1694772	27849
V	1694868	27850
V	1694965	27851
V	1695062	27852
V	1695160	27853
V	1695257	27854
V	1695354	27855
V	1695450	27856
V	1695547	27857
V	1695644	27858
V	1695740	27859
V	1695837	27860
V	1695934	27861
V	1696031	27862
V	1696128	27863
V	1696224	27864
V	1696321	27865
V	1696418	27866
V	1696514	27867
V	1696610	27868
V	1696706	27869
V	1696802	27870
V	1696899	27871
V	1696995	27872
V	1697091	27873
V	1697188	27874
V	1697285	27875
V	1697382	27876
V	1697479	27877
V	1697575	27878
V	1697672	27879
V	1697768	27880
V	1697866	27881
V	1697962	27882
V	1698058	27883
V	1698155	27884
V	1698252	27885
V	1698349	27886
V	1698446	27887
V	1698542	27888
V	1698639	27889
V	1698735	27890
V	1698833	27891
V	1698931	27892
V	1699028	27893
V	1699125	27894
V	1699223	27895
V	1699320	27896
V	1699418	27897
V	1699515	27898
V	1699611	27899
V	1699707	27900
V	1699803	27901
V	1699900	27902
V	1699997	27903
V	1700094	27904
V	1700192	27905
V	1700290	27906
V	1700387	27907
V	1700485	27908
V	1700581	27909
V	1700678	27910
V	1700774	27911
V	1700871	27912
V	1700967	27913
V	1701064	27914
V	1701161	27915
V	1701258	27916
V	1701355	27917
V	1701451	27918
V	1701548	27919
V	1701644	27920
V	1701741	27921
V	1701837	27922
V	1701934	27923
V	1702031	27924
V	1702128	27925
V	1702225	27926
V	1702321	27927
V	1702419	27928
V	1702516	27929
V	1702614	27930
V	1702710	27931
V	1702807	27932
V	1702904	27933
V	1703000	27934
V	1703096	27935
V	1703193	27936
V	1703290	27937
V	1703386	27938
V	1703484	27939
V	1703582	27940
V	1703680	27941
V	1703777	27942
V	1703873	27943
V	1703970	27944
V	1704067	27945
V	1704165	27946
V	1704263	27947
V	1704360	27948
V	1704456	27949
V	1704553	27950
V	1704650	27951
V	1704747	27952
V	1704844	27953
V	1704942	27954
V	1705039	27955
V	1705136	27956
V	1705233	27957
V	1705331	27958
V	1705428	27959
V	1705524	27960
V	1705621	27961
V	1705718	27962
V	1705814	27963
V	1705911	27964
V	1706009	27965
V	1706107	27966
V	1706204	27967
V	1706301	27968
V	1706398	27969
V	1706494	27970
V	1706591	27971
V	1706687	27972
V	1706783	27973
V	1706880	27974
V	1706976	27975
V	1707073	27976
V	1707169	27977
V	1707265	27978
V	1707362	27979
V	1707458	27980
V	1707555	27981
V	1707651	27982
V	1707747	27983
V	1707844	27984
V	1707940	27985
V	1708036	27986
V	1708133	27987
V	1708230	27988
V	1708326	27989
V	1708423	27990
V	1708520	27991
V	1708616	27992
V	1708713	27993
V	1708810	27994
V	1708906	27995
V	1709003	27996
V	1709099	27997
V	1709195	27998
V	1709292	27999
V	1709388	28000
V	1709484	28001
V	1709581	28002
V	1709678	28003
V	1709775	28004
V	1709871	28005
V	1709968	28006
V	1710065	28007
V	1710162	28008
V	1710259	28009
V	1710355	28010
V	1710451	28011
V	1710547	28012
V	1710644	28013
V	1710741	28014
V	1710838	28015
V	1710934	28016
V	1711031	28017
V	1711128	28018
V	1711225	28019
V	1711321	28020
V	1711418	28021
V	1711514	28022
V	1711611	28023
V	1711707	28024
V	1711804	28025
V	1711900	28026
V	1711996	28027
V	1712093	28028
V	1712190	28029
V	1712287	28030
V	1712384	28031
V	1712481	28032
V	1712578	28033
V	1712675	28034
V	1712771	28035
V	1712868	28036
V	1712964	28037
V	1713061	28038
V	1713158	28039
V	1713254	28040
V	1713351	28041
V	1713448	28042
V	1713545	28043
V	1713642	28044
V	1713739	28045
V	1713836	28046
V	1713932	28047
V	1714029	28048
V	1714125	28049
V	1714222	28050
V	1714319	28051
V	1714416	28052
V	1714512	28053
V	1714609	28054
V	1714705	28055
V	1714801	28056
V	1714898	28057
V	1714995	28058
V	1715091	28059
V	1715188	28060
V	1715284	28061
V	1715381	28062
V	1715477	28063
V	1715573	28064
V	1715670	28065
V	1715767	28066
V	1715864	28067
V	1715961	28068
V	1716057	28069
V	1716154	28070
V	1716251	28071
V	1716348	28072
V	1716445	28073
V	1716542	28074
V	1716639	28075
V	1716735	28076
V	1716832	28077
V	1716929	28078
V	1717026	28079
V	1717122	28080
V	1717218	28081
V	1717314	28082
V	1717411	28083
V	1717508	28084
V	1717605	28085
V	1717701	28086
V	1717797	28087
V	1717893	28088
V	1717990	28089
V	1718086	28090
V	1718182	28091
V	1718279	28092
V	1718376	28093
V	1718472	28094
V	1718568	28095
V	1718664	28096
V	1718760	28097
V	1718857	28098
V	1718954	28099
V	1719051	28100
V	1719147	28101
V	1719244	28102
V	1719341	28103
V	1719438	28104
V	1719535	28105
V	1719632	28106
V	1719729	28107
V	1719826	28108
V	1719923	28109
V	1720019	28110
V	1720116	28111
V	1720213	28112
V	1720309	28113
V	1720405	28114
V	1720502	28115
V	1720598	28116
V	1720695	28117
V	1720792	28118
V	1720889	28119
V	1720986	28120
V	1721083	28121
V	1721180	28122
V	1721277	28123
V	1721373	28124
V	1721469	28125
V	1721565	28126
V	1721662	28127
V	1721759	28128
V	1721855	28129
V	1721951	28130
V	1722048	28131
V	1722145	28132
V	1722242	28133
V	1722339	28134
V	1722435	28135
V	1722531	28136
V	1722628	28137
V	1722725	28138
V	1722821	28139
V	1722918	28140
V	1723014	28141
V	1723111	28142
V	1723208	28143
V	1723305	28144
V	1723402	28145
V	1723499	28146
V	1723596	28147
V	1723693	28148
V	1723790	28149
V	1723887	28150
V	1723983	28151
V	1724080	28152
V	1724177	28153
V	1724273	28154
V	1724369	28155
V	1724465	28156
V	1724562	28157
V	1724659	28158
V	1724755	28159
V	1724852	28160
V	1724948	28161
V	1725044	28162
V	1725141	28163
V	1725238	28164
V	1725334	28165
V	1725430	28166
V	1725526	28167
V	1725622	28168
V	1725718	28169
V	1725815	28170
V	1725912	28171
V	1726009	28172
V	1726105	28173
V	1726202	28174
V	1726298	28175
V	1726394	28176
V	1726490	28177
V	1726586	28178
V	1726682	28179
V	1726779	28180
V	1726876	28181
V	1726973	28182
V	1727069	28183
V	1727166	28184
V	1727263	28185
V	1727359	28186
V	1727456	28187
V	1727552	28188
V	1727649	28189
V	1727745	28190
V	1727841	28191
V	1727937	28192
V	1728033	28193
V	1728130	28194
V	1728226	28195
V	1728323	28196
V	1728420	28197
V	1728517	28198
V	1728614	28199
V	1728711	28200
V	1728808	28201
V	1728905	28202
V	1729002	28203
V	1729099	28204
V	1729196	28205
V	1729292	28206
V	1729388	28207
V	1729485	28208
V	1729582	28209
V	1729679	28210
V	1729776	28211
V	1729873	28212
V	1729970	28213
V	1730067	28214
V	1730164	28215
V	1730260	28216
V	1730356	28217
V	1730453	28218
V	1730550	28219
V	1730647	28220
V	1730744	28221
V	1730841	28222
V	1730937	28223
V	1731034	28224
V	1731131	28225
V	1731227	28226
V	1731324	28227
V	1731420	28228
V	1731517	28229
V	1731614	28230
V	1731710	28231
V	1731806	28232
V	1731903	28233
V	1732000	28234
V	1732097	28235
V	1732194	28236
V	1732290	28237
V	1732386	28238
V	1732483	28239
V	1732580	28240
V	1732676	28241
V	1732772	28242
V	1732869	28243
V	1732966	28244
V	1733063	28245
V	1733160	28246
V	1733256	28247
V	1733353	28248
V	1733450	28249
V	1733546	28250
V	1733642	28251
V	1733739	28252
V	1733835	28253
V	1733931	28254
V	1734027	28255
V	1734124	28256
V	1734221	28257
V	1734318	28258
V	1734415	28259
V	1734512	28260
V	1734609	28261
V	1734705	28262
V	1734802	28263
V	1734899	28264
V	1734996	28265
V	1735093	28266
V	1735190	28267
V	1735287	28268
V	1735383	28269
V	1735480	28270
V	1735576	28271
V	1735673	28272
V	1735769	28273
V	1735866	28274
V	1735963	28275
V	1736060	28276
V	1736157	28277
V	1736254	28278
V	1736350	28279
V	1736447	28280
V	1736544	28281
V	1736641	28282
V	1736738	28283
V	1736835	28284
V	1736931	28285
V	1737028	28286
V	1737125	28287
V	1737222	28288
V	1737318	28289
V	1737414	28290
V	1737511	28291
V	1737608	28292
V	1737705	28293
V	1737801	28294
V	1737898	28295
V	1737994	28296
V	1738090	28297
V	1738186	28298
V	1738282	28299
V	1738378	28300
V	1738474	28301
V	1738571	28302
V	1738667	28303
V	1738764	28304
V	1738861	28305
V	1738958	28306
V	1739055	28307
V	1739152	28308
V	1739249	28309
V	1739346	28310
V	1739443	28311
V	1739540	28312
V	1739637	28313
V	1739734	28314
V	1739831	28315
V	1739928	28316
V	1740024	28317
V	1740120	28318
V	1740217	28319
V	1740313	28320
V	1740409	28321
V	1740505	28322
V	1740602	28323
V	1740699	28324
V	1740796	28325
V	1740892	28326
V	1740988	28327
V	1741085	28328
V	1741182	28329
V	1741279	28330
V	1741376	28331
V	1741473	28332
V	1741569	28333
V	1741665	28334
V	1741762	28335
V	1741858	28336
V	1741954	28337
V	1742050	28338
V	1742147	28339
V	1742244	28340
V	1742341	28341
V	1742437	28342
V	1742534	28343
V	1742630	28344
V	1742726	28345
V	1742823	28346
V	1742920	28347
V	1743017	28348
V	1743114	28349
V	1743210	28350
V	1743307	28351
V	1743404	28352
V	1743501	28353
V	1743597	28354
V	1743693	28355
V	1743790	28356
V	1743886	28357
V	1743982	28358
V	1744078	28359
V	1744175	28360
V	1744272	28361
V	1744369	28362
V	1744465	28363
V	1744561	28364
V	1744658	28365
V	1744756	28366
V	1744854	28367
V	1744951	28368
V	1745048	28369
V	1745144	28370
V	1745241	28371
V	1745338	28372
V	1745436	28373
V	1745533	28374
V	1745630	28375
V	1745728	28376
V	1745824	28377
V	1745922	28378
V	1746018	28379
V	1746114	28380
V	1746211	28381
V	1746307	28382
V	1746404	28383
V	1746501	28384
V	1746598	28385
V	1746694	28386
V	1746791	28387
V	1746889	28388
V	1746986	28389
V	1747083	28390
V	1747179	28391
V	1747276	28392
V	1747374	28393
V	1747470	28394
V	1747567	28395
V	1747664	28396
V	1747760	28397
V	1747858	28398
V	1747955	28399
V	1748052	28400
V	1748148	28401
V	1748244	28402
V	1748341	28403
V	1748439	28404
V	1748536	28405
V	1748632	28406
V	1748729	28407
V	1748826	28408
V	1748923	28409
V	1749019	28410
V	1749116	28411
V	1749214	28412
V	1749311	28413
V	1749408	28414
V	1749505	28415
V	1749602	28416
V	1749700	28417
V	1749797	28418
V	1749894	28419
V	1749990	28420
V	1750087	28421
V	1750184	28422
V	1750281	28423
V	1750378	28424
V	1750475	28425
V	1750572	28426
V	1750669	28427
V	1750766	28428
V	1750863	28429
V	1750960	28430
V	1751056	28431
V	1751152	28432
V	1751249	28433
V	1751345	28434
V	1751442	28435
V	1751539	28436
V	1751637	28437
V	1751734	28438
V	1751832	28439
V	1751930	28440
V	1752026	28441
V	1752123	28442
V	1752220	28443
V	1752316	28444
V	1752413	28445
V	1752510	28446
V	1752607	28447
V	1752703	28448
V	1752800	28449
V	1752897	28450
V	1752994	28451
V	1753092	28452
V	1753189	28453
V	1753286	28454
V	1753382	28455
V	1753479	28456
V	1753576	28457
V	1753673	28458
V	1753770	28459
V	1753868	28460
V	1753964	28461
V	1754061	28462
V	1754158	28463
V	1754255	28464
V	1754351	28465
V	1754448	28466
V	1754544	28467
V	1754640	28468
V	1754738	28469
V	1754836	28470
V	1754933	28471
V	1755030	28472
V	1755127	28473
V	1755225	28474
V	1755322	28475
V	1755419	28476
V	1755516	28477
V	1755613	28478
V	1755709	28479
V	1755805	28480
V	1755902	28481
V	1755998	28482
V	1756094	28483
V	1756191	28484
V	1756287	28485
V	1756383	28486
V	1756479	28487
V	1756576	28488
V	1756672	28489
V	1756769	28490
V	1756866	28491
V	1756962	28492
V	1757059	28493
V	1757156	28494
V	1757253	28495
V	1757349	28496
V	1757445	28497
V	1757541	28498
V	1757638	28499
V	1757734	28500
V	1757830	28501
V	1757927	28502
V	1758023	28503
V	1758121	28504
V	1758217	28505
V	1758314	28506
V	1758410	28507
V	1758506	28508
V	1758603	28509
V	1758699	28510
V	1758795	28511
V	1758893	28512
V	1758990	28513
V	1759087	28514
V	1759183	28515
V	1759281	28516
V	1759379	28517
V	1759477	28518
V	1759573	28519
V	1759670	28520
V	1759767	28521
V	1759864	28522
V	1759960	28523
V	1760058	28524
V	1760156	28525
V	1760253	28526
V	1760350	28527
V	1760448	28528
V	1760544	28529
V	1760641	28530
V	1760739	28531
V	1760836	28532
V	1760933	28533
V	1761030	28534
V	1761127	28535
V	1761224	28536
V	1761320	28537
V	1761416	28538
V	1761512	28539
V	1761609	28540
V	1761706	28541
V	1761803	28542
V	1761899	28543
V	1761996	28544
V	1762092	28545
V	1762189	28546
V	1762286	28547
V	1762383	28548
V	1762480	28549
V	1762577	28550
V	1762673	28551
V	1762769	28552
V	1762867	28553
V	1762964	28554
V	1763060	28555
V	1763157	28556
V	1763253	28557
V	1763351	28558
V	1763448	28559
V	1763545	28560
V	1763641	28561
V	1763739	28562
V	1763836	28563
V	1763933	28564
V	1764030	28565
V	1764127	28566
V	1764224	28567
V	1764320	28568
V	1764416	28569
V	1764512	28570
V	1764609	28571
V	1764705	28572
V	1764802	28573
V	1764898	28574
V	1764995	28575
V	1765092	28576
V	1765189	28577
V	1765286	28578
V	1765382	28579
V	1765479	28580
V	1765575	28581
V	1765671	28582
V	1765768	28583
V	1765864	28584
V	1765960	28585
V	1766057	28586
V	1766153	28587
V	1766249	28588
V	1766346	28589
V	1766443	28590
V	1766539	28591
V	1766635	28592
V	1766732	28593
V	1766828	28594
V	1766924	28595
V	1767021	28596
V	1767117	28597
V	1767214	28598
V	1767311	28599
V	1767407	28600
V	1767504	28601
V	1767600	28602
V	1767697	28603
V	1767794	28604
V	1767890	28605
V	1767986	28606
V	1768083	28607
V	1768179	28608
V	1768276	28609
V	1768373	28610
V	1768469	28611
V	1768565	28612
V	1768662	28613
V	1768759	28614
V	1768855	28615
V	1768951	28616
V	1769048	28617
V	1769145	28618
V	1769241	28619
V	1769338	28620
V	1769435	28621
V	1769531	28622
V	1769628	28623
V	1769724	28624
V	1769821	28625
V	1769917	28626
V	1770014	28627
V	1770110	28628
V	1770206	28629
V	1770303	28630
V	1770399	28631
V	1770496	28632
V	1770593	28633
V	1770689	28634
V	1770786	28635
V	1770882	28636
V	1770979	28637
V	1771076	28638
V	1771173	28639
V	1771269	28640
V	1771366	28641
V	1771462	28642
V	1771558	28643
V	1771655	28644
V	1771751	28645
V	1771848	28646
V	1771945	28647
V	1772042	28648
V	1772139	28649
V	1772236	28650
V	1772333	28651
V	1772430	28652
V	1772526	28653
V	1772623	28654
V	1772719	28655
V	1772815	28656
V	1772912	28657
V	1773008	28658
V	1773105	28659
V	1773201	28660
V	1773298	28661
V	1773395	28662
V	1773492	28663
V	1773589	28664
V	1773685	28665
V	1773781	28666
V	1773878	28667
V	1773974	28668
V	1774070	28669
V	1774167	28670
V	1774264	28671
V	1774360	28672
V	1774456	28673
V	1774552	28674
V	1774648	28675
V	1774745	28676
V	1774842	28677
V	1774939	28678
V	1775035	28679
V	1775132	28680
V	1775229	28681
V	1775326	28682
V	1775422	28683
V	1775518	28684
V	1775614	28685
V	1775711	28686
V	1775807	28687
V	1775904	28688
V	1776001	28689
V	1776098	28690
V	1776195	28691
V	1776292	28692
V	1776390	28693
V	1776488	28694
V	1776586	28695
V	1776684	28696
V	1776782	28697
V	1776879	28698
V	1776976	28699
V	1777073	28700
V	1777169	28701
V	1777266	28702
V	1777363	28703
V	1777461	28704
V	1777559	28705
V	1777656	28706
V	1777752	28707
V	1777848	28708
V	1777944	28709
V	1778041	28710
V	1778137	28711
V	1778233	28712
V	1778330	28713
V	1778426	28714
V	1778523	28715
V	1778619	28716
V	1778716	28717
V	1778812	28718
V	1778909	28719
V	1779005	28720
V	1779102	28721
V	1779199	28722
V	1779295	28723
V	1779392	28724
V	1779488	28725
V	1779585	28726
V	1779682	28727
V	1779779	28728
V	1779875	28729
V	1779972	28730
V	1780070	28731
V	1780167	28732
V	1780264	28733
V	1780362	28734
V	1780460	28735
V	1780557	28736
V	1780654	28737
V	1780750	28738
V	1780848	28739
V	1780944	28740
V	1781041	28741
V	1781138	28742
V	1781235	28743
V	1781331	28744
V	1781428	28745
V	1781525	28746
V	1781622	28747
V	1781720	28748
V	1781817	28749
V	1781913	28750
V	1782009	28751
V	1782106	28752
V	1782203	28753
V	1782300	28754
V	1782397	28755
V	1782495	28756
V	1782592	28757
V	1782689	28758
V	1782786	28759
V	1782883	28760
V	1782979	28761
V	1783076	28762
V	1783172	28763
V	1783268	28764
V	1783365	28765
V	1783461	28766
V	1783558	28767
V	1783654	28768
V	1783750	28769
V	1783847	28770
V	1783944	28771
V	1784040	28772
V	1784136	28773
V	1784233	28774
V	1784329	28775
V	1784426	28776
V	1784522	28777
V	1784618	28778
V	1784714	28779
V	1784811	28780
V	1784907	28781
V	1785004	28782
V	1785101	28783
V	1785197	28784
V	1785294	28785
V	1785390	28786
V	1785486	28787
V	1785582	28788
V	1785678	28789
V	1785774	28790
V	1785871	28791
V	1785968	28792
V	1786065	28793
V	1786162	28794
V	1786259	28795
V	1786356	28796
V	1786452	28797
V	1786548	28798
V	1786645	28799
V	1786741	28800
V	1786838	28801
V	1786935	28802
V	1787031	28803
V	1787127	28804
V	1787223	28805
V	1787319	28806
V	1787416	28807
V	1787512	28808
V	1787608	28809
V	1787705	28810
V	1787801	28811
V	1787898	28812
V	1787995	28813
V	1788091	28814
V	1788187	28815
V	1788283	28816
V	1788379	28817
V	1788476	28818
V	1788573	28819
V	1788670	28820
V	1788767	28821
V	1788863	28822
V	1788959	28823
V	1789055	28824
V	1789151	28825
V	1789248	28826
V	1789344	28827
V	1789441	28828
V	1789537	28829
V	1789633	28830
V	1789730	28831
V	1789827	28832
V	1789924	28833
V	1790021	28834
V	1790118	28835
V	1790215	28836
V	1790311	28837
V	1790408	28838
V	1790505	28839
V	1790602	28840
V	1790699	28841
V	1790795	28842
V	1790892	28843
V	1790989	28844
V	1791086	28845
V	1791183	28846
V	1791280	28847
V	1791376	28848
V	1791472	28849
V	1791569	28850
V	1791666	28851
V	1791762	28852
V	1791858	28853
V	1791954	28854
V	1792051	28855
V	1792148	28856
V	1792244	28857
V	1792341	28858
V	1792438	28859
V	1792534	28860
V	1792630	28861
V	1792727	28862
V	1792823	28863
V	1792919	28864
V	1793015	28865
V	1793112	28866
V	1793209	28867
V	1793306	28868
V	1793402	28869
V	1793498	28870
V	1793595	28871
V	1793692	28872
V	1793789	28873
V	1793886	28874
V	1793982	28875
V	1794078	28876
V	1794175	28877
V	1794273	28878
V	1794370	28879
V	1794468	28880
V	1794566	28881
V	1794663	28882
V	1794759	28883
V	1794856	28884
V	1794954	28885
V	1795050	28886
V	1795146	28887
V	1795243	28888
V	1795340	28889
V	1795437	28890
V	1795534	28891
V	1795632	28892
V	1795729	28893
V	1795825	28894
V	1795921	28895
V	1796018	28896
V	1796115	28897
V	1796212	28898
V	1796309	28899
V	1796407	28900
V	1796504	28901
V	1796600	28902
V	1796696	28903
V	1796794	28904
V	1796891	28905
V	1796987	28906
V	1797083	28907
V	1797181	28908
V	1797278	28909
V	1797374	28910
V	1797471	28911
V	1797567	28912
V	1797664	28913
V	1797762	28914
V	1797860	28915
V	1797957	28916
V	1798055	28917
V	1798152	28918
V	1798250	28919
V	1798347	28920
V	1798444	28921
V	1798542	28922
V	1798639	28923
V	1798736	28924
V	1798832	28925
V	1798929	28926
V	1799026	28927
V	1799122	28928
V	1799219	28929
V	1799316	28930
V	1799412	28931
V	1799509	28932
V	1799606	28933
V	1799703	28934
V	1799800	28935
V	1799896	28936
V	1799992	28937
V	1800088	28938
V	1800185	28939
V	1800282	28940
V	1800378	28941
V	1800474	28942
V	1800570	28943
V	1800667	28944
V	1800764	28945
V	1800861	28946
V	1800958	28947
V	1801054	28948
V	1801151	28949
V	1801248	28950
V	1801345	28951
V	1801442	28952
V	1801538	28953
V	1801634	28954
V	1801731	28955
V	1801827	28956
V	1801924	28957
V	1802020	28958
V	1802117	28959
V	1802214	28960
V	1802310	28961
V	1802407	28962
V	1802503	28963
V	1802600	28964
V	1802697	28965
V	1802793	28966
V	1802889	28967
V	1802985	28968
V	1803082	28969
V	1803179	28970
V	1803275	28971
V	1803371	28972
V	1803467	28973
V	1803564	28974
V	1803660	28975
V	1803757	28976
V	1803853	28977
V	1803950	28978
V	1804046	28979
V	1804143	28980
V	1804240	28981
V	1804336	28982
V	1804432	28983
V	1804529	28984
V	1804625	28985
V	1804722	28986
V	1804819	28987
V	1804916	28988
V	1805012	28989
V	1805108	28990
V	1805204	28991
V	1805301	28992
V	1805398	28993
V	1805495	28994
V	1805591	28995
V	1805688	28996
V	1805785	28997
V	1805882	28998
V	1805979	28999
V	1806075	29000
V	1806172	29001
V	1806269	29002
V	1806366	29003
V	1806463	29004
V	1806560	29005
V	1806656	29006
V	1806752	29007
V	1806848	29008
V	1806944	29009
V	1807040	29010
V	1807137	29011
V	1807233	29012
V	1807329	29013
V	1807426	29014
V	1807522	29015
V	1807618	29016
V	1807715	29017
V	1807811	29018
V	1807907	29019
V	1808004	29020
V	1808101	29021
V	1808198	29022
V	1808294	29023
V	1808390	29024
V	1808486	29025
V	1808583	29026
V	1808679	29027
V	1808776	29028
V	1808873	29029
V	1808970	29030
V	1809066	29031
V	1809162	29032
V	1809258	29033
V	1809354	29034
V	1809450	29035
V	1809547	29036
V	1809644	29037
V	1809741	29038
V	1809837	29039
V	1809934	29040
V	1810031	29041
V	1810127	29042
V	1810223	29043
V	1810319	29044
V	1810416	29045
V	1810513	29046
V	1810609	29047
V	1810706	29048
V	1810803	29049
V	1810899	29050
V	1810995	29051
V	1811091	29052
V	1811188	29053
V	1811285	29054
V	1811381	29055
V	1811478	29056
V	1811574	29057
V	1811671	29058
V	1811768	29059
V	1811864	29060
V	1811960	29061
V	1812056	29062
V	1812153	29063
V	1812250	29064
V	1812346	29065
V	1812443	29066
V	1812540	29067
V	1812637	29068
V	1812734	29069
V	1812830	29070
V	1812926	29071
V	1813023	29072
V	1813120	29073
V	1813216	29074
V	1813312	29075
V	1813409	29076
V	1813506	29077
V	1813603	29078
V	1813700	29079
V	1813797	29080
V	1813893	29081
V	1813990	29082
V	1814087	29083
V	1814183	29084
V	1814279	29085
V	1814375	29086
V	1814472	29087
V	1814568	29088
V	1814665	29089
V	1814761	29090
V	1814858	29091
V	1814954	29092
V	1815050	29093
V	1815147	29094
V	1815243	29095
V	1815340	29096
V	1815436	29097
V	1815532	29098
V	1815629	29099
V	1815726	29100
V	1815822	29101
V	1815919	29102
V	1816016	29103
V	1816112	29104
V	1816208	29105
V	1816304	29106
V	1816400	29107
V	1816496	29108
V	1816592	29109
V	1816689	29110
V	1816786	29111
V	1816882	29112
V	1816979	29113
V	1817076	29114
V	1817172	29115
V	1817268	29116
V	1817365	29117
V	1817461	29118
V	1817557	29119
V	1817654	29120
V	1817751	29121
V	1817848	29122
V	1817945	29123
V	1818041	29124
V	1818138	29125
V	1818234	29126
V	1818331	29127
V	1818428	29128
V	1818525	29129
V	1818622	29130
V	1818719	29131
V	1818815	29132
V	1818912	29133
V	1819009	29134
V	1819106	29135
V	1819203	29136
V	1819299	29137
V	1819396	29138
V	1819493	29139
V	1819589	29140
V	1819686	29141
V	1819782	29142
V	1819879	29143
V	1819976	29144
V	1820072	29145
V	1820168	29146
V	1820265	29147
V	1820361	29148
V	1820457	29149
V	1820553	29150
V	1820650	29151
V	1820746	29152
V	1820843	29153
V	1820940	29154
V	1821037	29155
V	1821133	29156
V	1821230	29157
V	1821327	29158
V	1821423	29159
V	1821520	29160
V	1821617	29161
V	1821714	29162
V	1821811	29163
V	1821908	29164
V	1822005	29165
V	1822101	29166
V	1822198	29167
V	1822295	29168
V	1822392	29169
V	1822489	29170
V	1822586	29171
V	1822683	29172
V	1822780	29173
V	1822877	29174
V	1822973	29175
V	1823070	29176
V	1823167	29177
V	1823264	29178
V	1823361	29179
V	1823458	29180
V	1823555	29181
V	1823652	29182
V	1823749	29183
V	1823845	29184
V	1823942	29185
V	1824039	29186
V	1824136	29187
V	1824232	29188
V	1824329	29189
V	1824426	29190
V	1824522	29191
V	1824619	29192
V	1824715	29193
V	1824812	29194
V	1824909	29195
V	1825006	29196
V	1825103	29197
V	1825200	29198
V	1825296	29199
V	1825393	29200
V	1825490	29201
V	1825587	29202
V	1825684	29203
V	1825780	29204
V	1825876	29205
V	1825972	29206
V	1826069	29207
V	1826165	29208
V	1826262	29209
V	1826359	29210
V	1826456	29211
V	1826552	29212
V	1826648	29213
V	1826744	29214
V	1826841	29215
V	1826938	29216
V	1827035	29217
V	1827132	29218
V	1827229	29219
V	1827326	29220
V	1827423	29221
V	1827519	29222
V	1827616	29223
V	1827713	29224
V	1827809	29225
V	1827906	29226
V	1828003	29227
V	1828099	29228
V	1828195	29229
V	1828292	29230
V	1828389	29231
V	1828485	29232
V	1828582	29233
V	1828678	29234
V	1828775	29235
V	1828872	29236
V	1828969	29237
V	1829066	29238
V	1829163	29239
V	1829260	29240
V	1829357	29241
V	1829453	29242
V	1829549	29243
V	1829646	29244
V	1829742	29245
V	1829839	29246
V	1829936	29247
V	1830032	29248
V	1830129	29249
V	1830225	29250
V	1830322	29251
V	1830418	29252
V	1830515	29253
V	1830612	29254
V	1830708	29255
V	1830804	29256
V	1830901	29257
V	1830998	29258
V	1831094	29259
V	1831191	29260
V	1831288	29261
V	1831385	29262
V	1831481	29263
V	1831577	29264
V	1831673	29265
V	1831769	29266
V	1831865	29267
V	1831962	29268
V	1832058	29269
V	1832154	29270
V	1832251	29271
V	1832348	29272
V	1832445	29273
V	1832542	29274
V	1832638	29275
V	1832735	29276
V	1832831	29277
V	1832928	29278
V	1833025	29279
V	1833121	29280
V	1833217	29281
V	1833313	29282
V	1833410	29283
V	1833506	29284
V	1833602	29285
V	1833699	29286
V	1833796	29287
V	1833892	29288
V	1833988	29289
V	1834084	29290
V	1834181	29291
V	1834278	29292
V	1834375	29293
V	1834472	29294
V	1834568	29295
V	1834664	29296
V	1834761	29297
V	1834857	29298
V	1834954	29299
V	1835051	29300
V	1835148	29301
V	1835244	29302
V	1835340	29303
V	1835437	29304
V	1835534	29305
V	1835630	29306
V	1835727	29307
V	1835824	29308
V	1835921	29309
V	1836018	29310
V	1836114	29311
V	1836211	29312
V	1836308	29313
V	1836405	29314
V	1836502	29315
V	1836599	29316
V	1836695	29317
V	1836792	29318
V	1836888	29319
V	1836984	29320
V	1837081	29321
V	1837178	29322
V	1837275	29323
V	1837371	29324
V	1837468	29325
V	1837565	29326
V	1837662	29327
V	1837759	29328
V	1837855	29329
V	1837951	29330
V	1838047	29331
V	1838143	29332
V	1838239	29333
V	1838336	29334
V	1838432	29335
V	1838528	29336
V	1838625	29337
V	1838722	29338
V	1838818	29339
V	1838914	29340
V	1839011	29341
V	1839108	29342
V	1839204	29343
V	1839300	29344
V	1839396	29345
V	1839493	29346
V	1839590	29347
V	1839687	29348
V	1839784	29349
V	1839880	29350
V	1839977	29351
V	1840074	29352
V	1840170	29353
V	1840267	29354
V	1840364	29355
V	1840460	29356
V	1840557	29357
V	1840654	29358
V	1840751	29359
V	1840848	29360
V	1840945	29361
V	1841041	29362
V	1841137	29363
V	1841233	29364
V	1841330	29365
V	1841426	29366
V	1841523	29367
V	1841621	29368
V	1841718	29369
V	1841816	29370
V	1841913	29371
V	1842010	29372
V	1842106	29373
V	1842204	29374
V	1842301	29375
V	1842397	29376
V	1842495	29377
V	1842591	29378
V	1842687	29379
V	1842784	29380
V	1842881	29381
V	1842977	29382
V	1843074	29383
V	1843171	29384
V	1843268	29385
V	1843365	29386
V	1843462	29387
V	1843559	29388
V	1843655	29389
V	1843752	29390
V	1843848	29391
V	1843944	29392
V	1844042	29393
V	1844138	29394
V	1844234	29395
V	1844330	29396
V	1844427	29397
V	1844524	29398
V	1844621	29399
V	1844717	29400
V	1844813	29401
V	1844911	29402
V	1845008	29403
V	1845105	29404
V	1845202	29405
V	1845298	29406
V	1845394	29407
V	1845491	29408
V	1845587	29409
V	1845684	29410
V	1845781	29411
V	1845878	29412
V	1845975	29413
V	1846072	29414
V	1846168	29415
V	1846265	29416
V	1846363	29417
V	1846460	29418
V	1846557	29419
V	1846654	29420
V	1846751	29421
V	1846847	29422
V	1846943	29423
V	1847040	29424
V	1847137	29425
V	1847234	29426
V	1847330	29427
V	1847427	29428
V	1847524	29429
V	1847621	29430
V	1847717	29431
V	1847815	29432
V	1847912	29433
V	1848010	29434
V	1848106	29435
V	1848202	29436
V	1848298	29437
V	1848394	29438
V	1848490	29439
V	1848587	29440
V	1848684	29441
V	1848780	29442
V	1848877	29443
V	1848975	29444
V	1849072	29445
V	1849168	29446
V	1849264	29447
V	1849361	29448
V	1849458	29449
V	1849554	29450
V	1849651	29451
V	1849747	29452
V	1849844	29453
V	1849941	29454
V	1850038	29455
V	1850135	29456
V	1850232	29457
V	1850329	29458
V	1850426	29459
V	1850522	29460
V	1850618	29461
V	1850715	29462
V	1850812	29463
V	1850909	29464
V	1851005	29465
V	1851102	29466
V	1851199	29467
V	1851296	29468
V	1851393	29469
V	1851490	29470
V	1851587	29471
V	1851684	29472
V	1851781	29473
V	1851878	29474
V	1851974	29475
V	1852071	29476
V	1852168	29477
V	1852265	29478
V	1852363	29479
V	1852459	29480
V	1852556	29481
V	1852652	29482
V	1852749	29483
V	1852846	29484
V	1852944	29485
V	1853042	29486
V	1853140	29487
V	1853238	29488
V	1853336	29489
V	1853434	29490
V	1853532	29491
V	1853630	29492
V	1853728	29493
V	1853826	29494
V	1853924	29495
V	1854022	29496
V	1854120	29497
V	1854218	29498
V	1854316	29499
V	1854414	29500
V	1854512	29501
V	1854610	29502
V	1854708	29503
V	1854806	29504
V	1854904	29505
V	1855002	29506
V	1855100	29507
V	1855198	29508
V	1855296	29509
V	1855394	29510
V	1855492	29511
V	1855590	29512
V	1855688	29513
V	1855786	29514
V	1855884	29515
V	1855982	29516
V	1856080	29517
V	1856178	29518
V	1856276	29519
V	1856374	29520
V	1856472	29521
V	1856570	29522
V	1856668	29523
V	1856766	29524
V	1856864	29525
V	1856962	29526
V	1857060	29527
V	1857158	29528
V	1857256	29529
V	1857354	29530
V	1857452	29531
V	1857550	29532
V	1857648	29533
V	1857746	29534
V	1857844	29535
V	1857942	29536
V	1858040	29537
V	1858138	29538
V	1858236	29539
V	1858334	29540
V	1858432	29541
V	1858530	29542
V	1858628	29543
V	1858726	29544
V	1858824	29545
V	1858922	29546
V	1859021	29547
V	1859119	29548
V	1859217	29549
V	1859315	29550
V	1859413	29551
V	1859511	29552
V	1859609	29553
V	1859707	29554
V	1859805	29555
V	1859903	29556
V	1860001	29557
V	1860099	29558
V	1860197	29559
V	1860295	29560
V	1860393	29561
V	1860491	29562
V	1860589	29563
V	1860687	29564
V	1860785	29565
V	1860883	29566
V	1860981	29567
V	1861079	29568
V	1861177	29569
V	1861275	29570
V	1861373	29571
V	1861471	29572
V	1861569	29573
V	1861667	29574
V	1861765	29575
V	1861863	29576
V	1861961	29577
V	1862059	29578
V	1862157	29579
V	1862255	29580
V	1862353	29581
V	1862451	29582
V	1862549	29583
V	1862647	29584
V	1862745	29585
V	1862843	29586
V	1862941	29587
V	1863040	29588
V	1863138	29589
V	1863236	29590
V	1863334	29591
V	1863432	29592
V	1863530	29593
V	1863628	29594
V	1863726	29595
V	1863824	29596
V	1863922	29597
V	1864020	29598
V	1864118	29599
V	1864216	29600
V	1864314	29601
V	1864412	29602
V	1864510	29603
V	1864608	29604
V	1864706	29605
V	1864804	29606
V	1864902	29607
V	1865000	29608
V	1865098	29609
V	1865196	29610
V	1865294	29611
V	1865392	29612
V	1865491	29613
V	1865589	29614
V	1865687	29615
V	1865786	29616
V	1865884	29617
V	1865982	29618
V	1866081	29619
V	1866179	29620
V	1866277	29621
V	1866375	29622
V	1866473	29623
V	1866571	29624
V	1866669	29625
V	1866767	29626
V	1866865	29627
V	1866963	29628
V	1867061	29629
V	1867159	29630
V	1867257	29631
V	1867355	29632
V	1867453	29633
V	1867551	29634
V	1867649	29635
V	1867747	29636
V	1867845	29637
V	1867943	29638
V	1868041	29639
V	1868139	29640
V	1868237	29641
V	1868335	29642
V	1868433	29643
V	1868531	29644
V	1868630	29645
V	1868728	29646
V	1868826	29647
V	1868924	29648
V	1869022	29649
V	1869120	29650
V	1869218	29651
V	1869316	29652
V	1869414	29653
V	1869512	29654
V	1869610	29655
V	1869708	29656
V	1869806	29657
V	1869904	29658
V	1870002	29659
V	1870100	29660
V	1870198	29661
V	1870296	29662
V	1870394	29663
V	1870492	29664
V	1870590	29665
V	1870688	29666
V	1870786	29667
V	1870884	29668
V	1870982	29669
V	1871080	29670
V	1871178	29671
V	1871276	29672
V	1871374	29673
V	1871472	29674
V	1871570	29675
V	1871668	29676
V	1871766	29677
V	1871864	29678
V	1871962	29679
V	1872060	29680
V	1872158	29681
V	1872256	29682
V	1872354	29683
V	1872452	29684
V	1872550	29685
V	1872648	29686
V	1872746	29687
V	1872844	29688
V	1872942	29689
V	1873040	29690
V	1873138	29691
V	1873236	29692
V	1873334	29693
V	1873432	29694
V	1873530	29695
V	1873628	29696
V	1873726	29697
V	1873824	29698
V	1873922	29699
V	1874020	29700
V	1874118	29701
V	1874216	29702
V	1874314	29703
V	1874412	29704
V	1874510	29705
V	1874608	29706
V	1874706	29707
V	1874804	29708
V	1874902	29709
V	1875000	29710
V	1875098	29711
V	1875196	29712
V	1875294	29713
V	1875393	29714
V	1875491	29715
V	1875589	29716
V	1875687	29717
V	1875785	29718
V	1875883	29719
V	1875981	29720
V	1876079	29721
V	1876177	29722
V	1876275	29723
V	1876373	29724
V	1876471	29725
V	1876569	29726
V	1876667	29727
V	1876765	29728
V	1876863	29729
V	1876961	29730
V	1877059	29731
V	1877157	29732
V	1877255	29733
V	1877353	29734
V	1877451	29735
V	1877549	29736
V	1877648	29737
V	1877746	29738
V	1877844	29739
V	1877942	29740
V	1878040	29741
V	1878139	29742
V	1878237	29743
V	1878335	29744
V	1878433	29745
V	1878531	29746
V	1878629	29747
V	1878727	29748
V	1878825	29749
V	1878923	29750
V	1879021	29751
V	1879119	29752
V	1879217	29753
V	1879315	29754
V	1879413	29755
V	1879511	29756
V	1879609	29757
V	1879707	29758
V	1879805	29759
V	1879903	29760
V	1880001	29761
V	1880099	29762
V	1880197	29763
V	1880295	29764
V	1880393	29765
V	1880491	29766
V	1880589	29767
V	1880687	29768
V	1880785	29769
V	1880883	29770
V	1880981	29771
V	1881079	29772
V	1881177	29773
V	1881275	29774
V	1881373	29775
V	1881471	29776
V	1881570	29777
V	1881668	29778
V	1881767	29779
V	1881865	29780
V	1881963	29781
V	1882061	29782
V	1882159	29783
V	1882257	29784
V	1882355	29785
V	1882453	29786
V	1882551	29787
V	1882649	29788
V	1882747	29789
V	1882845	29790
V	1882943	29791
V	1883041	29792
V	1883139	29793
V	1883237	29794
V	1883335	29795
V	1883433	29796
V	1883532	29797
V	1883630	29798
V	1883728	29799
V	1883826	29800
V	1883924	29801
V	1884022	29802
V	1884120	29803
V	1884218	29804
V	1884317	29805
V	1884417	29806
V	1884517	29807
V	1884617	29808
V	1884717	29809
V	1884817	29810
V	1884917	29811
V	1885017	29812
V	1885117	29813
V	1885217	29814
V	1885317	29815
V	1885417	29816
V	1885517	29817
V	1885617	29818
V	1885717	29819
V	1885817	29820
V	1885917	29821
V	1886017	29822
V	1886117	29823
V	1886217	29824
V	1886317	29825
V	1886417	29826
V	1886517	29827
V	1886617	29828
V	1886717	29829
V	1886817	29830
V	1886917	29831
V	1887017	29832
V	1887117	29833
V	1887217	29834
V	1887317	29835
V	1887417	29836
V	1887517	29837
V	1887617	29838
V	1887717	29839
V	1887817	29840
V	1887917	29841
V	1888017	29842
V	1888117	29843
V	1888217	29844
V	1888317	29845
V	1888417	29846
V	1888517	29847
V	1888617	29848
V	1888717	29849
V	1888817	29850
V	1888917	29851
V	1889018	29852
V	1889118	29853
V	1889218	29854
V	1889318	29855
V	1889418	29856
V	1889518	29857
V	1889619	29858
V	1889719	29859
V	1889819	29860
V	1889920	29861
V	1890020	29862
V	1890120	29863
V	1890220	29864
V	1890320	29865
V	1890420	29866
V	1890520	29867
V	1890620	29868
V	1890721	29869
V	1890821	29870
V	1890921	29871
V	1891021	29872
V	1891121	29873
V	1891221	29874
V	1891322	29875
V	1891422	29876
V	1891522	29877
V	1891622	29878
V	1891722	29879
V	1891822	29880
V	1891922	29881
V	1892022	29882
V	1892122	29883
V	1892222	29884
V	1892322	29885
V	1892422	29886
V	1892522	29887
V	1892622	29888
V	1892722	29889
V	1892822	29890
V	1892922	29891
V	1893022	29892
V	1893122	29893
V	1893222	29894
V	1893322	29895
V	1893422	29896
V	1893522	29897
V	1893622	29898
V	1893722	29899
V	1893822	29900
V	1893922	29901
V	1894022	29902
V	1894122	29903
V	1894222	29904
V	1894323	29905
V	1894423	29906
V	1894523	29907
V	1894623	29908
V	1894724	29909
V	1894824	29910
V	1894924	29911
V	1895024	29912
V	1895124	29913
V	1895224	29914
V	1895324	29915
V	1895424	29916
V	1895524	29917
V	1895624	29918
V	1895724	29919
V	1895824	29920
V	1895924	29921
V	1896024	29922
V	1896125	29923
V	1896225	29924
V	1896325	29925
V	1896425	29926
V	1896526	29927
V	1896626	29928
V	1896726	29929
V	1896826	29930
V	1896926	29931
V	1897026	29932
V	1897127	29933
V	1897227	29934
V	1897327	29935
V	1897427	29936
V	1897527	29937
V	1897627	29938
V	1897727	29939
V	1897827	29940
V	1897927	29941
V	1898028	29942
V	1898128	29943
V	1898228	29944
V	1898328	29945
V	1898428	29946
V	1898528	29947
V	1898628	29948
V	1898728	29949
V	1898828	29950
V	1898928	29951
V	1899028	29952
V	1899129	29953
V	1899229	29954
V	1899329	29955
V	1899429	29956
V	1899529	29957
V	1899629	29958
V	1899729	29959
V	1899829	29960
V	1899929	29961
V	1900029	29962
V	1900129	29963
V	1900229	29964
V	1900329	29965
V	1900429	29966
V	1900529	29967
V	1900629	29968
V	1900729	29969
V	1900829	29970
V	1900929	29971
V	1901029	29972
V	1901129	29973
V	1901229	29974
V	1901329	29975
V	1901429	29976
V	1901529	29977
V	1901629	29978
V	1901730	29979
V	1901830	29980
V	1901931	29981
V	1902031	29982
V	1902131	29983
V	1902231	29984
V	1902331	29985
V	1902432	29986
V	1902532	29987
V	1902632	29988
V	1902732	29989
V	1902832	29990
V	1902933	29991
V	1903033	29992
V	1903133	29993
V	1903233	29994
V	1903333	29995
V	1903433	29996
V	1903533	29997
V	1903633	29998
V	1903733	29999
V	1903833	30000
V	1903933	30001
V	1904033	30002
V	1904133	30003
V	1904233	30004
V	1904333	30005
V	1904434	30006
V	1904534	30007
V	1904634	30008
V	1904734	30009
V	1904834	30010
V	1904934	30011
V	1905034	30012
V	1905134	30013
V	1905234	30014
V	1905334	30015
V	1905434	30016
V	1905534	30017
V	1905634	30018
V	1905734	30019
V	1905835	30020
V	1905935	30021
V	1906035	30022
V	1906135	30023
V	1906235	30024
V	1906335	30025
V	1906436	30026
V	1906536	30027
V	1906636	30028
V	1906736	30029
V	1906836	30030
V	1906937	30031
V	1907037	30032
V	1907137	30033
V	1907237	30034
V	1907337	30035
V	1907437	30036
V	1907537	30037
V	1907637	30038
V	1907737	30039
V	1907837	30040
V	1907937	30041
V	1908037	30042
V	1908137	30043
V	1908237	30044
V	1908338	30045
V	1908438	30046
V	1908538	30047
V	1908638	30048
V	1908738	30049
V	1908838	30050
V	1908939	30051
V	1909039	30052
V	1909139	30053
V	1909239	30054
V	1909339	30055
V	1909439	30056
V	1909539	30057
V	1909639	30058
V	1909739	30059
V	1909839	30060
V	1909939	30061
V	1910039	30062
V	1910139	30063
V	1910239	30064
V	1910339	30065
V	1910439	30066
V	1910539	30067
V	1910639	30068
V	1910739	30069
V	1910839	30070
V	1910939	30071
V	1911039	30072
V	1911140	30073
V	1911240	30074
V	1911340	30075
V	1911440	30076
V	1911540	30077
V	1911640	30078
V	1911740	30079
V	1911840	30080
V	1911940	30081
V	1912040	30082
V	1912140	30083
V	1912240	30084
V	1912340	30085
V	1912440	30086
V	1912540	30087
V	1912640	30088
V	1912740	30089
V	1912840	30090
V	1912940	30091
V	1913040	30092
V	1913140	30093
V	1913240	30094
V	1913340	30095
V	1913440	30096
V	1913540	30097
V	1913640	30098
V	1913740	30099
V	1913840	30100
V	1913940	30101
V	1914040	30102
V	1914141	30103
V	1914241	30104
V	1914342	30105
V	1914442	30106
V	1914542	30107
V	1914642	30108
V	1914742	30109
V	1914842	30110
V	1914942	30111
V	1915042	30112
V	1915142	30113
V	1915243	30114
V	1915343	30115
V	1915443	30116
V	1915543	30117
V	1915643	30118