\P\	Pos	TerritoryID\
T	5	5
N	0	0
#
V	219	1
V	310	1
V	402	4
V	493	4
V	584	4
V	676	4
V	767	1
V	858	5
V	950	5
V	1041	6
V	1133	6
V	1226	6
V	1318	7
V	1410	8
V	1503	9
V	1595	10
V	1688	5
V	1781	3
V	1874	1
V	1966	1
V	2059	4
V	2152	3
V	2244	4
V	2337	4
V	2430	4
V	2522	5
V	2615	5
V	2708	6
V	2800	6
V	2893	6
V	2986	7
V	3078	8
V	3171	9
V	3264	10
V	3357	2
V	3450	2
V	3543	1
V	3635	1
V	3728	3
V	3821	4
V	3913	4
V	4006	4
V	4099	1
V	4192	5
V	4285	5
V	4378	6
V	4471	6
V	4563	6
V	4656	7
V	4749	8
V	4841	9
V	4934	10
V	5028	2
V	5120	2
V	5213	1
V	5306	1
V	5398	3
V	5491	3
V	5584	4
V	5676	4
V	5769	4
V	5862	5
V	5954	5
V	6047	6
V	6140	6
V	6232	6
V	6324	7
V	6417	8
V	6509	9
V	6601	10
V	6695	2
V	6787	2
V	6879	1
V	6972	1
V	7064	4
V	7156	3
V	7249	4
V	7341	4
V	7433	3
V	7526	5
V	7618	5
V	7710	6
V	7803	6
V	7895	6
V	7987	7
V	8080	8
V	8172	9
V	8264	10
V	8358	2
V	8450	5
V	8542	1
V	8635	1
V	8727	4
V	8819	4
V	8912	4
V	9004	4
V	9097	4
V	9190	5
V	9282	5
V	9375	6
V	9469	6
V	9562	6
V	9656	7
V	9750	8
V	9843	9
V	9937	10
V	10032	2
V	10125	2
V	10219	1
V	10313	1
V	10407	3
V	10500	4
V	10594	4
V	10688	4
V	10781	1
V	10875	5
V	10969	5
V	11062	6
V	11156	6
V	11250	6
V	11343	7
V	11437	8
V	11531	9
V	11624	10
V	11719	2
V	11813	2
V	11906	1
V	12000	1
V	12094	3
V	12187	4
V	12281	4
V	12375	3
V	12468	4
V	12561	5
V	12655	5
V	12748	6
V	12841	6
V	12934	6
V	13027	7
V	13120	8
V	13213	9
V	13306	10
V	13400	2
V	13493	2
V	13586	1
V	13679	1
V	13772	3
V	13865	3
V	13958	3
V	14051	4
V	14144	4
V	14237	5
V	14330	5
V	14423	6
V	14516	6
V	14609	6
V	14702	7
V	14795	8
V	14888	9
V	14981	10
V	15075	2
V	15168	2
V	15261	1
V	15354	1
V	15447	4
V	15540	4
V	15633	4
V	15726	4
V	15819	1
V	15912	5
V	16005	5
V	16098	6
V	16191	6
V	16284	6
V	16377	7
V	16470	8
V	16563	9
V	16656	10
V	16750	2
V	16843	3
V	16936	1
V	17030	1
V	17123	3
V	17216	4
V	17310	4
V	17404	4
V	17497	4
V	17591	5
V	17685	5
V	17778	6
V	17872	6
V	17966	6
V	18059	7
V	18153	8
V	18247	9
V	18340	10
V	18435	3
V	18529	3
V	18622	1
V	18716	1
V	18810	4
V	18903	4
V	18997	4
V	19091	4
V	19184	4
V	19278	5
V	19372	5
V	19465	6
V	19559	6
V	19653	6
V	19746	7
V	19840	8
V	19934	9
V	20027	10
V	20122	2
V	20216	2
V	20309	1
V	20403	1
V	20497	3
V	20591	3
V	20684	4
V	20778	3
V	20872	3
V	20966	5
V	21060	5
V	21154	6
V	21248	6
V	21342	6
V	21436	7
V	21530	8
V	21624	9
V	21717	10
V	21812	2
V	21906	2
V	21999	1
V	22093	1
V	22187	3
V	22280	3
V	22374	4
V	22468	4
V	22562	4
V	22656	5
V	22750	5
V	22844	6
V	22938	6
V	23032	6
V	23126	7
V	23220	8
V	23314	9
V	23408	10
V	23503	2
V	23597	2
V	23691	1
V	23785	1
V	23878	4
V	23972	4
V	24066	4
V	24159	4
V	24253	4
V	24347	5
V	24440	5
V	24534	6
V	24628	6
V	24721	6
V	24815	7
V	24908	8
V	25001	9
V	25095	10
V	25189	2
V	25282	2
V	25376	1
V	25469	1
V	25562	4
V	25656	3
V	25749	4
V	25842	4
V	25936	4
V	26029	5
V	26122	5
V	26216	6
V	26309	6
V	26402	6
V	26496	7
V	26589	8
V	26682	9
V	26775	10
V	26869	3
V	26962	3
V	27055	1
V	27148	1
V	27241	4
V	27334	4
V	27427	1
V	27520	4
V	27613	4
V	27707	5
V	27800	5
V	27893	6
V	27987	6
V	28080	6
V	28173	7
V	28267	8
V	28360	9
V	28453	10
V	28548	2
V	28641	3
V	28734	1
V	28828	1
V	28921	4
V	29014	3
V	29108	4
V	29201	4
V	29294	4
V	29388	5
V	29481	5
V	29574	6
V	29668	6
V	29761	6
V	29854	7
V	29948	8
V	30041	9
V	30134	10
V	30229	3
V	30322	2
V	30416	1
V	30510	1
V	30603	3
V	30697	4
V	30791	4
V	30884	4
V	30977	4
V	31071	5
V	31164	5
V	31257	6
V	31351	6
V	31444	6
V	31537	7
V	31631	8
V	31724	9
V	31817	10
V	31912	2
V	32005	2
V	32098	1
V	32192	1
V	32285	4
V	32378	3
V	32472	4
V	32565	3
V	32658	4
V	32752	5
V	32845	5
V	32938	6
V	33032	6
V	33125	6
V	33218	7
V	33312	8
V	33405	9
V	33498	10
V	33593	2
V	33686	3
V	33779	1
V	33873	1
V	33966	3
V	34059	3
V	34153	4
V	34246	4
V	34339	4
V	34433	5
V	34526	5
V	34619	6
V	34713	6
V	34806	6
V	34900	7
V	34994	8
V	35087	9
V	35181	10
V	35276	3
V	35369	2
V	35463	1
V	35557	1
V	35650	3
V	35744	4
V	35838	4
V	35931	4
V	36025	4
V	36119	5
V	36212	5
V	36306	6
V	36400	6
V	36493	6
V	36587	7
V	36681	8
V	36774	9
V	36868	10
V	36963	3
V	37056	2
V	37150	1
V	37244	1
V	37337	4
V	37431	3
V	37525	1
V	37618	4
V	37711	4
V	37805	5
V	37898	5
V	37991	6
V	38085	6
V	38178	6
V	38271	7
V	38365	8
V	38458	9
V	38551	10
V	38646	2
V	38739	2
V	38832	1
V	38925	1
V	39018	4
V	39111	3
V	39204	4
V	39297	4
V	39390	4
V	39483	5
V	39577	5
V	39670	6
V	39763	6
V	39857	6
V	39950	7
V	40043	8
V	40137	9
V	40230	10
V	40324	3
V	40417	2
V	40510	1
V	40603	1
V	40696	4
V	40789	4
V	40882	4
V	40975	1
V	41068	4
V	41161	5
V	41254	5
V	41347	6
V	41440	6
V	41533	6
V	41626	7
V	41719	8
V	41813	9
V	41906	10
V	42000	5
V	42094	2
V	42187	1
V	42280	1
V	42374	3
V	42467	3
V	42560	4
V	42654	4
V	42747	4
V	42840	5
V	42934	5
V	43027	6
V	43120	6
V	43214	6
V	43307	7
V	43400	8
V	43494	9
V	43587	10
V	43681	5
V	43775	3
V	43868	1
V	43961	1
V	44055	4
V	44148	3
V	44241	4
V	44335	4
V	44428	4
V	44521	5
V	44615	5
V	44708	6
V	44802	6
V	44896	6
V	44989	7
V	45083	8
V	45177	9
V	45270	10
V	45365	5
V	45458	2
V	45551	1
V	45645	1
V	45738	4
V	45831	4
V	45925	4
V	46018	4
V	46111	4
V	46205	5
V	46298	5
V	46391	6
V	46485	6
V	46578	6
V	46671	7
V	46765	8
V	46858	9
V	46951	10
V	47046	2
V	47139	3
V	47232	1
V	47326	1
V	47419	4
V	47512	4
V	47606	4
V	47699	4
V	47792	4
V	47886	5
V	47979	5
V	48073	6
V	48166	6
V	48260	6
V	48354	7
V	48447	8
V	48541	9
V	48635	10
V	48729	2
V	48823	2
V	48917	3
V	49010	5
V	49104	5
V	49198	6
V	49291	3
V	49385	4
V	49479	4
V	49572	5
V	49666	5
V	49760	6
V	49853	6
V	49947	6
V	50041	7
V	50134	8
V	50228	9
V	50322	10
V	50416	2
V	50510	2
V	50604	1
V	50697	1
V	50791	3
V	50885	3
V	50978	4
V	51072	3
V	51166	4
V	51260	5
V	51353	5
V	51447	6
V	51541	6
V	51634	6
V	51728	7
V	51822	8
V	51915	9
V	52008	10
V	52103	2
V	52196	2
V	52289	1
V	52383	1
V	52476	4
V	52569	3
V	52663	4
V	52756	1
V	52849	4
V	52942	5
V	53035	5
V	53128	6
V	53222	6
V	53315	6
V	53408	7
V	53502	8
V	53595	9
V	53688	10
V	53783	2
V	53876	2
V	53969	1
V	54063	1
V	54156	3
V	54249	4
V	54343	4
V	54436	4
V	54529	4
V	54623	5
V	54716	5
V	54809	6
V	54903	6
V	54996	6
V	55089	7
V	55183	8
V	55276	9
V	55369	10
V	55464	2
V	55557	2
V	55650	1
V	55744	1
V	55837	4
V	55931	3
V	56025	4
V	56118	4
V	56212	1
V	56306	5
V	56399	5
V	56493	1
V	56587	1
V	56680	3
V	56774	4
V	56868	4
V	56961	4
V	57055	4
V	57149	5
V	57242	5
V	57336	6
V	57430	7
V	57523	8
V	57617	9
V	57711	10
V	57806	2
V	57900	2
V	57994	1
V	58088	1
V	58182	3
V	58276	3
V	58370	4
V	58464	4
V	58558	1
V	58652	5
V	58746	5
V	58840	6
V	58934	6
V	59028	6
V	59122	7
V	59216	8
V	59310	9
V	59404	10
V	59499	2
V	59593	6
V	59687	7
V	59781	8
V	59875	9
V	59969	10
V	60064	2
V	60158	3
V	60252	1
V	60346	1
V	60440	3
V	60534	4
V	60628	4
V	60722	4
V	60816	1
V	60910	5
V	61004	5
V	61098	6
V	61192	6
V	61286	6
V	61380	7
V	61474	8
V	61568	9
V	61662	10
V	61757	3
V	61851	6
V	61945	7
V	62039	8
V	62132	9
V	62226	10
V	62321	2
V	62414	2
V	62508	1
V	62602	1
V	62695	3
V	62789	4
V	62883	1
V	62976	1
V	63070	4
V	63164	5
V	63257	5
V	63351	6
V	63445	6
V	63538	6
V	63632	7
V	63726	8
V	63819	9
V	63913	10
V	64008	2
V	64101	6
V	64195	7
V	64289	8
V	64382	9
V	64476	10
V	64571	2
V	64664	2
V	64758	1
V	64851	1
V	64944	3
V	65038	3
V	65131	1
V	65224	1
V	65318	1
V	65411	5
V	65504	5
V	65598	6
V	65691	9
V	65788	9
V	65884	9
V	65981	9
V	66078	9
V	66175	9
V	66271	9
V	66367	9
V	66463	9
V	66560	9
V	66657	9
V	66753	9
V	66850	1
V	66947	1
V	67044	1
V	67140	4
V	67237	4
V	67333	9
V	67429	9
V	67525	6
V	67621	6
V	67718	1
V	67815	1
V	67911	4
V	68007	4
V	68104	9
V	68201	9
V	68297	9
V	68393	9
V	68490	9
V	68587	9
V	68684	9
V	68781	9
V	68878	9
V	68974	9
V	69070	9
V	69167	4
V	69264	6
V	69361	9
V	69458	9
V	69555	1
V	69652	4
V	69748	4
V	69845	4
V	69941	9
V	70037	9
V	70133	9
V	70230	9
V	70327	9
V	70424	4
V	70520	9
V	70617	9
V	70714	9
V	70811	4
V	70907	9
V	71003	9
V	71099	9
V	71195	9
V	71292	9
V	71389	9
V	71485	9
V	71582	9
V	71679	1
V	71775	1
V	71871	4
V	71968	4
V	72064	1
V	72161	1
V	72258	9
V	72354	9
V	72451	9
V	72548	9
V	72645	9
V	72742	9
V	72839	9
V	72935	9
V	73032	9
V	73128	9
V	73225	6
V	73322	9
V	73419	9
V	73516	4
V	73613	4
V	73709	4
V	73806	1
V	73902	4
V	73999	4
V	74096	4
V	74193	4
V	74290	4
V	74386	4
V	74483	6
V	74579	9
V	74675	9
V	74771	9
V	74867	9
V	74964	9
V	75060	9
V	75157	9
V	75253	9
V	75349	9
V	75445	9
V	75542	9
V	75638	9
V	75734	9
V	75830	9
V	75927	9
V	76023	9
V	76119	9
V	76216	9
V	76313	9
V	76410	9
V	76507	9
V	76604	9
V	76701	9
V	76798	9
V	76894	9
V	76991	9
V	77088	9
V	77184	9
V	77281	9
V	77377	9
V	77474	9
V	77571	9
V	77668	9
V	77765	9
V	77862	9
V	77959	4
V	78055	1
V	78152	1
V	78249	1
V	78345	6
V	78441	6
V	78537	1
V	78633	9
V	78730	4
V	78826	6
V	78923	1
V	79020	4
V	79117	9
V	79214	4
V	79311	4
V	79408	6
V	79505	4
V	79601	1
V	79697	1
V	79794	9
V	79890	9
V	79986	9
V	80083	9
V	80179	9
V	80276	9
V	80373	1
V	80470	1
V	80566	1
V	80663	4
V	80760	4
V	80856	1
V	80953	4
V	81050	4
V	81147	4
V	81243	4
V	81340	4
V	81437	4
V	81533	4
V	81630	4
V	81726	1
V	81823	1
V	81920	4
V	82017	4
V	82114	1
V	82210	4
V	82307	1
V	82404	1
V	82501	4
V	82598	4
V	82694	6
V	82791	4
V	82887	4
V	82984	4
V	83081	4
V	83178	4
V	83274	1
V	83370	4
V	83467	4
V	83564	6
V	83661	4
V	83758	1
V	83855	4
V	83951	1
V	84048	4
V	84145	4
V	84242	1
V	84339	1
V	84436	4
V	84532	1
V	84629	1
V	84725	1
V	84821	4
V	84917	4
V	85013	6
V	85109	4
V	85205	4
V	85301	6
V	85397	1
V	85494	1
V	85591	1
V	85688	1
V	85784	4
V	85880	4
V	85976	4
V	86073	6
V	86170	6
V	86266	1
V	86362	1
V	86458	6
V	86554	1
V	86651	1
V	86748	1
V	86845	1
V	86942	4
V	87038	4
V	87134	4
V	87230	6
V	87326	1
V	87422	1
V	87519	1
V	87615	4
V	87712	4
V	87809	4
V	87906	4
V	88002	1
V	88099	1
V	88195	4
V	88292	4
V	88388	1
V	88485	1
V	88582	8
V	88678	10
V	88775	10
V	88873	10
V	88971	7
V	89067	7
V	89164	10
V	89262	10
V	89360	8
V	89457	8
V	89553	10
V	89650	7
V	89747	8
V	89843	10
V	89940	6
V	90037	4
V	90134	6
V	90231	1
V	90328	1
V	90425	1
V	90522	4
V	90618	4
V	90714	1
V	90811	4
V	90907	4
V	91003	6
V	91100	1
V	91196	1
V	91292	1
V	91389	1
V	91485	4
V	91581	4
V	91677	4
V	91773	4
V	91870	4
V	91966	4
V	92063	4
V	92159	1
V	92255	4
V	92352	6
V	92449	6
V	92545	1
V	92642	1
V	92738	1
V	92835	4
V	92932	1
V	93029	4
V	93126	4
V	93223	4
V	93319	4
V	93415	6
V	93512	4
V	93608	4
V	93704	4
V	93800	4
V	93897	4
V	93993	1
V	94089	1
V	94185	4
V	94282	1
V	94378	4
V	94474	4
V	94571	4
V	94668	6
V	94765	1
V	94862	1
V	94959	1
V	95056	1
V	95153	4
V	95250	4
V	95346	4
V	95443	1
V	95540	1
V	95637	4
V	95733	1
V	95830	1
V	95926	1
V	96023	1
V	96119	1
V	96215	6
V	96312	1
V	96409	1
V	96506	4
V	96602	4
V	96699	1
V	96795	1
V	96892	4
V	96988	4
V	97085	1
V	97181	4
V	97278	4
V	97375	6
V	97472	4
V	97568	6
V	97665	6
V	97762	8
V	97858	10
V	97956	10
V	98054	8
V	98150	7
V	98247	10
V	98344	8
V	98441	7
V	98538	7
V	98635	10
V	98733	7
V	98830	10
V	98928	10
V	99025	7
V	99122	7
V	99218	8
V	99315	8
V	99412	8
V	99508	10
V	99605	10
V	99703	7
V	99800	10
V	99898	8
V	99994	10
V	100092	9
V	100188	9
V	100284	9
V	100381	9
V	100477	9
V	100573	9
V	100670	9
V	100767	9
V	100864	9
V	100960	9
V	101057	9
V	101153	9
V	101249	9
V	101345	9
V	101441	9
V	101538	9
V	101635	9
V	101732	8
V	101828	8
V	101925	10
V	102023	10
V	102121	8
V	102217	7
V	102313	7
V	102410	8
V	102507	10
V	102605	7
V	102702	7
V	102799	7
V	102895	10
V	102992	8
V	103089	10
V	103187	10
V	103285	8
V	103381	7
V	103478	8
V	103575	8
V	103672	7
V	103768	10
V	103866	8
V	103962	8
V	104058	7
V	104155	10
V	104253	7
V	104350	10
V	104447	7
V	104544	7
V	104641	7
V	104738	8
V	104835	8
V	104931	7
V	105028	8
V	105125	10
V	105223	7
V	105319	7
V	105415	8
V	105512	8
V	105608	10
V	105706	10
V	105804	8
V	105901	7
V	105998	7
V	106095	8
V	106192	10
V	106290	7
V	106387	8
V	106484	10
V	106581	8
V	106678	8
V	106775	7
V	106871	8
V	106968	8
V	107065	8
V	107161	7
V	107257	8
V	107354	8
V	107450	7
V	107546	7
V	107642	10
V	107740	8
V	107837	10
V	107934	7
V	108030	8
V	108127	7
V	108223	7
V	108319	7
V	108416	7
V	108513	9
V	108610	9
V	108707	9
V	108804	9
V	108901	9
V	108998	9
V	109094	9
V	109190	9
V	109287	9
V	109384	9
V	109481	9
V	109577	9
V	109674	9
V	109771	9
V	109868	9
V	109964	9
V	110060	9
V	110156	9
V	110252	9
V	110349	9
V	110445	9
V	110542	9
V	110639	9
V	110736	9
V	110832	9
V	110929	10
V	111027	10
V	111125	8
V	111222	7
V	111318	9
V	111414	7
V	111511	10
V	111608	10
V	111705	10
V	111803	8
V	111900	7
V	111997	7
V	112093	7
V	112190	8
V	112286	10
V	112383	7
V	112479	8
V	112575	10
V	112673	8
V	112769	7
V	112866	10
V	112963	10
V	113060	7
V	113157	10
V	113255	8
V	113351	10
V	113449	10
V	113547	8
V	113643	10
V	113741	10
V	113839	6
V	113936	4
V	114033	6
V	114130	6
V	114227	6
V	114324	4
V	114421	4
V	114518	6
V	114615	6
V	114712	6
V	114808	1
V	114905	4
V	115002	6
V	115098	1
V	115194	6
V	115290	6
V	115387	1
V	115484	4
V	115580	4
V	115676	4
V	115772	1
V	115869	6
V	115965	6
V	116061	1
V	116157	1
V	116253	6
V	116349	4
V	116446	1
V	116542	6
V	116638	4
V	116735	4
V	116831	1
V	116927	6
V	117024	4
V	117120	1
V	117217	5
V	117313	4
V	117410	1
V	117506	4
V	117602	4
V	117699	4
V	117796	4
V	117892	4
V	117988	1
V	118085	10
V	118183	7
V	118279	8
V	118376	7
V	118472	7
V	118569	7
V	118665	10
V	118763	10
V	118861	10
V	118958	7
V	119055	8
V	119151	10
V	119248	7
V	119344	10
V	119441	10
V	119538	10
V	119636	10
V	119733	8
V	119829	10
V	119927	8
V	120024	8
V	120120	10
V	120217	8
V	120314	10
V	120412	7
V	120509	8
V	120605	10
V	120702	10
V	120800	8
V	120897	7
V	120994	7
V	121091	10
V	121188	10
V	121285	10
V	121383	7
V	121479	7
V	121575	7
V	121671	10
V	121769	10
V	121866	7
V	121962	7
V	122058	7
V	122154	8
V	122250	10
V	122348	10
V	122445	7
V	122541	7
V	122638	10
V	122735	7
V	122832	7
V	122929	7
V	123025	7
V	123121	7
V	123218	8
V	123315	10
V	123413	7
V	123510	8
V	123607	7
V	123704	7
V	123801	7
V	123897	8
V	123994	10
V	124091	10
V	124188	8
V	124285	7
V	124382	7
V	124479	7
V	124575	10
V	124672	10
V	124769	7
V	124865	10
V	124963	8
V	125060	8
V	125157	10
V	125255	10
V	125353	4
V	125450	6
V	125547	6
V	125644	1
V	125741	1
V	125838	1
V	125935	4
V	126031	4
V	126128	4
V	126225	4
V	126322	4
V	126419	4
V	126515	4
V	126612	1
V	126708	6
V	126805	6
V	126901	1
V	126998	1
V	127095	4
V	127191	4
V	127287	4
V	127384	4
V	127481	4
V	127577	6
V	127674	6
V	127770	6
V	127867	1
V	127964	1
V	128061	1
V	128157	1
V	128253	6
V	128350	4
V	128447	4
V	128543	4
V	128639	6
V	128736	6
V	128832	1
V	128928	4
V	129024	4
V	129121	4
V	129218	4
V	129315	4
V	129412	6
V	129508	6
V	129604	6
V	129701	1
V	129797	1
V	129893	4
V	129990	4
V	130086	4
V	130183	1
V	130279	4
V	130375	1
V	130471	4
V	130567	4
V	130664	4
V	130761	1
V	130858	4
V	130955	1
V	131051	3
V	131148	6
V	131244	1
V	131341	1
V	131438	1
V	131534	1
V	131631	1
V	131728	4
V	131825	1
V	131921	1
V	132017	4
V	132114	4
V	132211	1
V	132308	1
V	132405	1
V	132501	4
V	132598	4
V	132694	6
V	132790	4
V	132887	4
V	132984	1
V	133080	4
V	133176	6
V	133273	1
V	133370	4
V	133467	4
V	133563	4
V	133660	4
V	133757	4
V	133854	4
V	133950	4
V	134046	4
V	134142	4
V	134239	6
V	134335	4
V	134431	6
V	134528	6
V	134624	1
V	134720	4
V	134816	4
V	134913	4
V	135010	1
V	135106	1
V	135203	6
V	135299	4
V	135396	4
V	135493	1
V	135590	6
V	135686	6
V	135783	1
V	135879	1
V	135975	4
V	136072	1
V	136169	1
V	136266	1
V	136363	4
V	136460	2
V	136556	4
V	136653	4
V	136750	1
V	136846	4
V	136943	4
V	137040	6
V	137136	6
V	137233	6
V	137330	4
V	137427	4
V	137523	4
V	137620	4
V	137716	1
V	137812	1
V	137909	1
V	138006	6
V	138102	9
V	138198	9
V	138295	9
V	138392	9
V	138489	9
V	138586	9
V	138682	9
V	138779	9
V	138876	9
V	138973	9
V	139070	9
V	139167	9
V	139264	9
V	139360	9
V	139457	9
V	139554	9
V	139650	9
V	139747	9
V	139844	9
V	139940	9
V	140037	6
V	140134	1
V	140231	1
V	140328	1
V	140425	4
V	140522	4
V	140619	4
V	140715	4
V	140811	4
V	140907	1
V	141003	1
V	141100	1
V	141196	4
V	141293	4
V	141390	4
V	141487	6
V	141584	1
V	141680	1
V	141777	4
V	141874	4
V	141971	4
V	142067	4
V	142164	1
V	142261	4
V	142357	4
V	142454	4
V	142551	4
V	142648	4
V	142744	4
V	142841	1
V	142937	1
V	143033	1
V	143130	1
V	143226	6
V	143323	1
V	143420	1
V	143516	4
V	143612	4
V	143709	4
V	143805	6
V	143902	4
V	143999	1
V	144096	4
V	144192	1
V	144289	1
V	144386	1
V	144483	1
V	144580	4
V	144677	4
V	144774	4
V	144871	1
V	144967	6
V	145064	4
V	145161	4
V	145258	6
V	145354	6
V	145451	4
V	145547	4
V	145643	6
V	145740	1
V	145837	1
V	145933	4
V	146030	4
V	146126	1
V	146222	6
V	146319	4
V	146416	6
V	146512	1
V	146609	4
V	146705	1
V	146802	4
V	146899	4
V	146996	6
V	147093	1
V	147190	1
V	147287	4
V	147383	6
V	147480	4
V	147576	1
V	147672	1
V	147769	4
V	147865	4
V	147961	4
V	148058	4
V	148154	4
V	148251	4
V	148348	4
V	148445	1
V	148541	1
V	148638	4
V	148734	1
V	148830	4
V	148927	6
V	149023	1
V	149120	1
V	149216	1
V	149313	4
V	149410	4
V	149506	4
V	149603	6
V	149699	6
V	149796	1
V	149893	1
V	149990	4
V	150086	4
V	150182	4
V	150279	6
V	150376	4
V	150473	4
V	150570	1
V	150667	1
V	150763	1
V	150859	4
V	150955	1
V	151052	1
V	151149	1
V	151246	4
V	151342	4
V	151438	4
V	151535	6
V	151631	1
V	151728	4
V	151825	4
V	151921	9
V	152017	9
V	152114	9
V	152210	9
V	152306	9
V	152403	9
V	152500	9
V	152596	9
V	152693	9
V	152790	9
V	152887	9
V	152983	9
V	153079	9
V	153175	9
V	153272	9
V	153368	9
V	153465	9
V	153562	9
V	153659	9
V	153756	9
V	153853	9
V	153950	9
V	154046	9
V	154142	9
V	154239	9
V	154336	9
V	154433	9
V	154530	9
V	154626	9
V	154722	9
V	154818	6
V	154915	4
V	155012	4
V	155109	1
V	155205	1
V	155302	1
V	155399	4
V	155496	9
V	155592	9
V	155689	4
V	155785	4
V	155882	1
V	155979	1
V	156075	1
V	156172	1
V	156269	1
V	156365	4
V	156462	4
V	156558	4
V	156655	1
V	156752	9
V	156849	9
V	156946	9
V	157043	4
V	157140	9
V	157237	9
V	157334	9
V	157430	4
V	157527	4
V	157623	9
V	157720	9
V	157816	1
V	157913	4
V	158010	4
V	158107	4
V	158203	1
V	158300	1
V	158396	4
V	158493	1
V	158589	4
V	158686	4
V	158782	9
V	158879	9
V	158975	9
V	159072	9
V	159169	9
V	159265	9
V	159362	9
V	159459	1
V	159555	4
V	159652	1
V	159749	1
V	159845	4
V	159942	4
V	160039	9
V	160135	9
V	160231	4
V	160327	6
V	160424	4
V	160520	1
V	160616	4
V	160712	4
V	160808	6
V	160905	1
V	161001	9
V	161097	9
V	161194	9
V	161291	9
V	161388	9
V	161485	9
V	161581	9
V	161677	9
V	161773	9
V	161870	9
V	161966	9
V	162063	9
V	162160	9
V	162256	9
V	162353	9
V	162450	9
V	162546	9
V	162642	9
V	162738	9
V	162834	9
V	162930	9
V	163027	9
V	163123	9
V	163219	9
V	163315	9
V	163411	9
V	163508	9
V	163605	9
V	163702	9
V	163799	4
V	163896	4
V	163993	6
V	164089	4
V	164186	4
V	164282	6
V	164379	9
V	164475	1
V	164572	4
V	164668	1
V	164765	1
V	164861	4
V	164958	1
V	165054	4
V	165151	4
V	165248	1
V	165344	6
V	165440	6
V	165537	1
V	165633	9
V	165730	9
V	165827	9
V	165923	9
V	166020	9
V	166117	9
V	166214	4
V	166311	1
V	166407	1
V	166504	4
V	166601	4
V	166698	4
V	166794	4
V	166890	4
V	166987	1
V	167084	4
V	167180	4
V	167277	4
V	167374	4
V	167470	4
V	167566	6
V	167662	6
V	167758	6
V	167855	1
V	167951	4
V	168047	1
V	168143	6
V	168240	6
V	168337	4
V	168434	1
V	168530	1
V	168627	1
V	168724	4
V	168821	4
V	168917	4
V	169013	4
V	169110	4
V	169206	4
V	169303	4
V	169400	4
V	169497	6
V	169594	1
V	169690	4
V	169787	6
V	169884	1
V	169981	4
V	170078	6
V	170175	6
V	170272	4
V	170368	1
V	170465	1
V	170562	1
V	170659	6
V	170756	4
V	170853	1
V	170950	6
V	171047	6
V	171143	1
V	171239	1
V	171336	4
V	171432	4
V	171528	4
V	171624	4
V	171720	6
V	171817	1
V	171914	1
V	172011	4
V	172108	4
V	172204	4
V	172301	4
V	172398	4
V	172494	4
V	172591	6
V	172688	6
V	172784	1
V	172881	1
V	172978	4
V	173074	4
V	173170	4
V	173266	6
V	173362	6
V	173459	1
V	173556	1
V	173652	1
V	173748	4
V	173845	4
V	173942	1
V	174039	1
V	174136	6
V	174233	10
V	174331	7
V	174428	8
V	174525	10
V	174622	7
V	174719	8
V	174816	8
V	174913	8
V	175009	7
V	175106	7
V	175203	10
V	175301	10
V	175399	4
V	175495	6
V	175591	4
V	175688	1
V	175785	1
V	175881	6
V	175978	1
V	176075	1
V	176171	1
V	176268	1
V	176364	1
V	176460	4
V	176556	6
V	176652	1
V	176748	1
V	176845	4
V	176941	4
V	177038	4
V	177135	4
V	177232	6
V	177329	1
V	177426	4
V	177522	4
V	177619	6
V	177716	6
V	177813	1
V	177910	1
V	178006	4
V	178103	4
V	178199	4
V	178295	6
V	178391	6
V	178488	1
V	178585	1
V	178682	4
V	178778	4
V	178874	4
V	178971	4
V	179068	4
V	179164	4
V	179260	4
V	179356	1
V	179453	6
V	179550	1
V	179646	1
V	179743	1
V	179840	4
V	179936	6
V	180032	6
V	180129	1
V	180226	1
V	180323	4
V	180419	4
V	180516	4
V	180613	4
V	180710	4
V	180806	4
V	180902	1
V	180998	6
V	181094	4
V	181191	4
V	181287	6
V	181384	4
V	181481	1
V	181578	1
V	181674	4
V	181771	4
V	181867	6
V	181964	6
V	182060	1
V	182157	4
V	182254	4
V	182350	1
V	182447	1
V	182543	4
V	182639	10
V	182737	7
V	182834	7
V	182930	8
V	183027	10
V	183125	10
V	183222	10
V	183320	7
V	183417	8
V	183514	7
V	183610	7
V	183706	7
V	183803	10
V	183901	8
V	183998	10
V	184096	8
V	184193	8
V	184289	10
V	184387	8
V	184483	8
V	184580	8
V	184677	8
V	184773	8
V	184870	10
V	184968	7
V	185064	10
V	185161	8
V	185258	8
V	185354	8
V	185451	10
V	185548	9
V	185645	9
V	185741	9
V	185837	9
V	185934	9
V	186031	9
V	186128	9
V	186225	9
V	186322	9
V	186418	9
V	186514	9
V	186610	9
V	186707	9
V	186804	9
V	186901	7
V	186997	7
V	187094	7
V	187191	8
V	187288	8
V	187384	10
V	187481	10
V	187579	7
V	187675	10
V	187773	10
V	187870	10
V	187968	7
V	188065	8
V	188161	7
V	188257	8
V	188354	7
V	188451	8
V	188547	10
V	188644	10
V	188741	8
V	188838	7
V	188935	8
V	189031	8
V	189128	10
V	189225	8
V	189322	7
V	189419	7
V	189516	10
V	189614	10
V	189711	10
V	189809	10
V	189906	7
V	190003	10
V	190100	10
V	190198	10
V	190295	10
V	190393	7
V	190489	8
V	190586	10
V	190683	10
V	190780	10
V	190878	7
V	190975	7
V	191072	8
V	191169	8
V	191265	10
V	191363	7
V	191459	7
V	191556	8
V	191652	10
V	191749	10
V	191847	10
V	191945	8
V	192042	7
V	192138	7
V	192235	10
V	192333	10
V	192431	10
V	192528	7
V	192624	7
V	192720	8
V	192817	10
V	192914	10
V	193012	10
V	193110	10
V	193208	8
V	193304	10
V	193401	7
V	193497	7
V	193594	7
V	193691	8
V	193787	10
V	193885	10
V	193982	8
V	194079	10
V	194176	10
V	194273	8
V	194369	7
V	194465	7
V	194561	7
V	194657	10
V	194755	10
V	194853	10
V	194951	9
V	195047	9
V	195144	9
V	195241	9
V	195338	9
V	195435	9
V	195532	9
V	195629	9
V	195725	9
V	195822	9
V	195919	9
V	196015	9
V	196112	9
V	196209	9
V	196306	9
V	196402	9
V	196498	9
V	196595	9
V	196692	9
V	196789	9
V	196886	9
V	196983	9
V	197080	9
V	197177	9
V	197274	9
V	197371	4
V	197467	6
V	197564	1
V	197660	1
V	197757	1
V	197853	10
V	197950	7
V	198047	9
V	198143	9
V	198239	9
V	198335	9
V	198432	7
V	198529	7
V	198626	7
V	198722	10
V	198820	8
V	198917	8
V	199014	8
V	199110	10
V	199208	10
V	199306	10
V	199404	7
V	199501	8
V	199597	10
V	199695	8
V	199791	7
V	199888	8
V	199985	7
V	200082	8
V	200179	10
V	200277	10
V	200375	7
V	200472	10
V	200570	7
V	200667	8
V	200764	8
V	200861	7
V	200958	8
V	201055	8
V	201151	8
V	201247	10
V	201345	10
V	201443	10
V	201541	10
V	201639	8
V	201736	8
V	201833	8
V	201930	4
V	202027	4
V	202123	4
V	202219	4
V	202316	1
V	202412	1
V	202508	1
V	202605	4
V	202702	4
V	202799	1
V	202896	1
V	202993	1
V	203090	4
V	203186	1
V	203282	1
V	203379	1
V	203476	1
V	203573	4
V	203670	4
V	203766	4
V	203863	4
V	203959	6
V	204056	6
V	204152	4
V	204249	4
V	204346	1
V	204442	4
V	204539	1
V	204636	1
V	204732	4
V	204828	1
V	204925	4
V	205022	4
V	205119	4
V	205215	4
V	205312	6
V	205408	1
V	205505	4
V	205602	6
V	205699	1
V	205795	6
V	205892	4
V	205989	6
V	206085	1
V	206182	1
V	206279	1
V	206375	4
V	206472	1
V	206568	1
V	206665	8
V	206762	10
V	206859	10
V	206956	8
V	207052	8
V	207148	10
V	207246	7
V	207343	10
V	207441	7
V	207538	7
V	207635	7
V	207731	8
V	207828	8
V	207925	8
V	208022	7
V	208119	10
V	208216	7
V	208312	8
V	208409	10
V	208507	7
V	208604	8
V	208701	8
V	208797	7
V	208894	8
V	208991	7
V	209087	7
V	209184	8
V	209281	7
V	209378	10
V	209475	8
V	209572	7
V	209669	7
V	209765	7
V	209861	10
V	209958	10
V	210055	8
V	210152	7
V	210249	8
V	210345	10
V	210442	8
V	210538	8
V	210635	8
V	210731	8
V	210828	8
V	210925	10
V	211023	10
V	211121	10
V	211219	10
V	211316	10
V	211413	8
V	211510	10
V	211608	7
V	211705	7
V	211802	7
V	211898	8
V	211994	10
V	212092	7
V	212189	7
V	212285	8
V	212381	8
V	212477	8
V	212573	10
V	212671	7
V	212767	8
V	212864	7
V	212961	7
V	213057	7
V	213153	10
V	213251	10
V	213348	4
V	213445	1
V	213541	4
V	213638	6
V	213734	1
V	213830	6
V	213927	1
V	214023	7
V	214120	8
V	214216	8
V	214313	7
V	214409	8
V	214506	7
V	214603	10
V	214700	7
V	214796	7
V	214892	7
V	214989	8
V	215086	10
V	215184	8
V	215280	7
V	215377	8
V	215473	7
V	215569	10
V	215666	10
V	215763	7
V	215860	7
V	215956	10
V	216053	7
V	216149	8
V	216246	7
V	216343	8
V	216439	10
V	216536	10
V	216633	7
V	216729	7
V	216826	10
V	216924	10
V	217022	7
V	217119	10
V	217217	10
V	217314	10
V	217412	10
V	217510	9
V	217607	9
V	217704	9
V	217801	9
V	217897	9
V	217994	9
V	218091	9
V	218188	9
V	218284	9
V	218381	9
V	218477	9
V	218573	9
V	218670	9
V	218766	9
V	218862	9
V	218959	9
V	219055	9
V	219152	9
V	219249	9
V	219346	9
V	219443	10
V	219541	8
V	219638	10
V	219736	10
V	219833	10
V	219931	10
V	220029	10
V	220126	10
V	220223	10
V	220320	10
V	220418	8
V	220515	10
V	220613	10
V	220711	10
V	220809	8
V	220906	8
V	221003	7
V	221100	7
V	221197	10
V	221295	10
V	221393	10
V	221491	10
V	221589	10
V	221687	7
V	221784	7
V	221881	10
V	221979	8
V	222076	8
V	222172	7
V	222269	10
V	222366	7
V	222462	7
V	222558	10
V	222656	10
V	222754	8
V	222850	7
V	222946	10
V	223043	10
V	223141	7
V	223238	8
V	223335	10
V	223432	7
V	223528	7
V	223624	10
V	223722	10
V	223820	7
V	223916	8
V	224013	10
V	224110	8
V	224207	7
V	224304	10
V	224402	7
V	224499	7
V	224596	8
V	224693	10
V	224791	10
V	224888	8
V	224984	10
V	225082	10
V	225180	7
V	225277	7
V	225374	7
V	225471	10
V	225568	10
V	225666	10
V	225764	7
V	225861	7
V	225957	8
V	226053	10
V	226151	7
V	226248	7
V	226344	7
V	226440	7
V	226536	7
V	226633	10
V	226731	9
V	226828	9
V	226924	9
V	227020	9
V	227116	9
V	227212	9
V	227309	9
V	227406	9
V	227503	9
V	227600	9
V	227697	9
V	227794	9
V	227891	9
V	227987	9
V	228084	9
V	228181	9
V	228278	9
V	228375	9
V	228472	9
V	228568	9
V	228665	9
V	228762	9
V	228858	9
V	228955	9
V	229052	9
V	229149	9
V	229246	9
V	229343	9
V	229439	9
V	229535	9
V	229632	9
V	229729	9
V	229826	9
V	229923	9
V	230020	9
V	230117	9
V	230213	9
V	230310	9
V	230406	9
V	230503	9
V	230600	9
V	230697	9
V	230794	1
V	230890	4
V	230986	4
V	231082	6
V	231178	7
V	231274	8
V	231371	8
V	231467	8
V	231564	9
V	231660	7
V	231756	7
V	231853	7
V	231949	7
V	232045	7
V	232141	8
V	232237	8
V	232333	7
V	232429	8
V	232525	8
V	232621	8
V	232717	7
V	232813	8
V	232910	10
V	233007	10
V	233104	8
V	233201	7
V	233298	10
V	233396	7
V	233493	8
V	233590	8
V	233687	7
V	233784	8
V	233881	10
V	233979	10
V	234077	8
V	234173	8
V	234270	10
V	234368	10
V	234466	10
V	234564	10
V	234662	8
V	234759	7
V	234856	7
V	234952	7
V	235049	8
V	235145	7
V	235242	7
V	235338	7
V	235435	4
V	235532	4
V	235629	1
V	235725	1
V	235821	1
V	235917	6
V	236014	1
V	236110	4
V	236207	6
V	236304	1
V	236401	6
V	236498	1
V	236594	1
V	236691	4
V	236788	1
V	236884	4
V	236980	4
V	237077	1
V	237174	1
V	237271	4
V	237367	4
V	237463	1
V	237559	1
V	237656	4
V	237752	1
V	237849	1
V	237946	6
V	238043	6
V	238140	6
V	238236	1
V	238333	6
V	238430	4
V	238526	1
V	238622	4
V	238718	4
V	238814	4
V	238910	4
V	239006	1
V	239102	4
V	239198	1
V	239295	6
V	239392	1
V	239488	4
V	239585	7
V	239681	8
V	239778	8
V	239875	8
V	239972	8
V	240069	10
V	240166	7
V	240263	7
V	240359	8
V	240455	8
V	240551	10
V	240649	8
V	240745	8
V	240842	8
V	240939	7
V	241036	8
V	241132	8
V	241229	8
V	241325	8
V	241421	7
V	241517	7
V	241614	7
V	241710	7
V	241807	7
V	241903	8
V	241999	7
V	242096	7
V	242193	8
V	242290	8
V	242387	8
V	242483	8
V	242579	8
V	242675	7
V	242772	8
V	242869	8
V	242966	8
V	243062	7
V	243159	8
V	243255	10
V	243353	8
V	243450	8
V	243546	10
V	243643	10
V	243741	7
V	243837	7
V	243933	7
V	244029	8
V	244126	8
V	244222	8
V	244318	10
V	244416	10
V	244514	7
V	244611	8
V	244708	7
V	244805	8
V	244902	10
V	244999	10
V	245096	10
V	245194	10
V	245291	10
V	245388	8
V	245484	10
V	245581	10
V	245679	10
V	245777	7
V	245874	8
V	245970	10
V	246067	10
V	246165	7
V	246262	8
V	246358	7
V	246455	7
V	246552	8
V	246648	10
V	246746	8
V	246843	10
V	246940	10
V	247038	1
V	247135	4
V	247231	1
V	247328	4
V	247424	4
V	247521	6
V	247617	4
V	247713	4
V	247809	4
V	247905	4
V	248002	4
V	248099	4
V	248195	4
V	248291	1
V	248387	1
V	248484	4
V	248580	1
V	248677	6
V	248774	4
V	248870	4
V	248967	6
V	249064	1
V	249161	4
V	249258	4
V	249354	4
V	249450	4
V	249547	1
V	249644	6
V	249741	6
V	249837	4
V	249933	1
V	250029	1
V	250126	1
V	250223	1
V	250320	4
V	250417	4
V	250514	4
V	250611	1
V	250708	1
V	250805	6
V	250902	1
V	250999	6
V	251095	1
V	251191	4
V	251287	6
V	251384	1
V	251480	4
V	251576	4
V	251673	4
V	251769	4
V	251865	4
V	251961	4
V	252057	4
V	252153	6
V	252250	1
V	252346	1
V	252443	4
V	252539	4
V	252636	4
V	252733	4
V	252829	4
V	252926	6
V	253023	1
V	253120	1
V	253216	6
V	253312	4
V	253409	1
V	253505	4
V	253602	4
V	253699	6
V	253795	6
V	253891	1
V	253987	4
V	254084	4
V	254180	1
V	254277	1
V	254374	1
V	254471	4
V	254568	1
V	254664	1
V	254761	4
V	254858	2
V	254955	4
V	255052	1
V	255148	6
V	255244	4
V	255341	1
V	255437	4
V	255533	1
V	255629	6
V	255726	4
V	255823	4
V	255920	4
V	256016	1
V	256112	6
V	256208	6
V	256304	4
V	256401	6
V	256497	1
V	256594	4
V	256691	4
V	256787	4
V	256884	4
V	256981	4
V	257077	1
V	257173	1
V	257269	4
V	257366	4
V	257462	4
V	257558	6
V	257655	4
V	257751	6
V	257848	9
V	257945	9
V	258042	9
V	258138	9
V	258235	9
V	258332	9
V	258428	9
V	258525	9
V	258622	9
V	258718	9
V	258815	9
V	258911	9
V	259007	9
V	259104	9
V	259201	9
V	259298	9
V	259395	9
V	259492	9
V	259589	9
V	259686	9
V	259783	9
V	259879	9
V	259975	9
V	260071	9
V	260167	9
V	260264	9
V	260361	9
V	260458	1
V	260555	1
V	260651	1
V	260748	4
V	260845	9
V	260941	4
V	261038	9
V	261134	9
V	261231	9
V	261328	9
V	261424	9
V	261521	9
V	261617	9
V	261714	6
V	261811	1
V	261907	1
V	262004	4
V	262101	4
V	262197	4
V	262294	4
V	262390	9
V	262487	9
V	262584	9
V	262680	9
V	262776	9
V	262873	4
V	262969	9
V	263066	9
V	263163	9
V	263260	9
V	263357	9
V	263454	9
V	263551	9
V	263648	9
V	263745	9
V	263842	9
V	263938	9
V	264035	9
V	264132	1
V	264229	1
V	264326	1
V	264423	1
V	264520	1
V	264617	4
V	264714	4
V	264810	4
V	264907	4
V	265003	4
V	265100	1
V	265196	1
V	265293	1
V	265389	6
V	265486	1
V	265583	1
V	265680	4
V	265776	1
V	265873	1
V	265970	6
V	266067	1
V	266164	4
V	266261	4
V	266358	9
V	266455	9
V	266552	9
V	266649	9
V	266745	9
V	266842	9
V	266939	9
V	267036	9
V	267133	1
V	267229	6
V	267325	1
V	267422	1
V	267518	1
V	267614	1
V	267711	9
V	267808	9
V	267904	9
V	268000	4
V	268097	1
V	268193	4
V	268290	6
V	268386	6
V	268482	4
V	268579	1
V	268676	5
V	268773	4
V	268869	6
V	268966	1
V	269062	9
V	269158	9
V	269254	9
V	269351	9
V	269447	9
V	269543	9
V	269640	9
V	269736	9
V	269832	9
V	269929	9
V	270025	9
V	270121	9
V	270217	9
V	270313	9
V	270409	9
V	270505	9
V	270601	9
V	270698	9
V	270794	9
V	270890	9
V	270986	9
V	271083	9
V	271179	9
V	271276	9
V	271372	9
V	271469	9
V	271566	9
V	271663	9
V	271759	9
V	271856	9
V	271953	9
V	272049	9
V	272145	9
V	272242	9
V	272338	9
V	272434	9
V	272531	9
V	272627	9
V	272723	9
V	272820	4
V	272916	6
V	273013	6
V	273110	2
V	273206	1
V	273302	4
V	273398	6
V	273495	9
V	273592	9
V	273689	4
V	273786	4
V	273882	1
V	273979	1
V	274075	9
V	274172	9
V	274269	9
V	274366	9
V	274463	9
V	274560	9
V	274657	1
V	274754	4
V	274850	4
V	274947	4
V	275044	4
V	275140	4
V	275236	4
V	275333	4
V	275430	1
V	275526	4
V	275623	4
V	275719	1
V	275816	1
V	275913	1
V	276009	6
V	276106	4
V	276202	1
V	276298	1
V	276395	6
V	276492	1
V	276589	4
V	276686	1
V	276783	1
V	276879	1
V	276975	6
V	277072	4
V	277169	4
V	277266	1
V	277363	4
V	277460	4
V	277556	4
V	277653	4
V	277750	4
V	277847	4
V	277944	4
V	278040	1
V	278136	6
V	278233	6
V	278330	6
V	278427	4
V	278524	6
V	278621	4
V	278718	1
V	278814	4
V	278910	4
V	279006	6
V	279103	4
V	279199	4
V	279295	6
V	279391	4
V	279487	1
V	279583	4
V	279680	1
V	279777	1
V	279874	4
V	279971	4
V	280068	6
V	280165	4
V	280261	4
V	280358	4
V	280455	4
V	280552	6
V	280648	4
V	280745	1
V	280841	4
V	280938	1
V	281035	4
V	281132	4
V	281228	1
V	281324	1
V	281421	6
V	281517	1
V	281614	1
V	281711	1
V	281808	1
V	281905	4
V	282001	4
V	282098	4
V	282195	6
V	282292	4
V	282389	6
V	282485	4
V	282581	1
V	282678	1
V	282774	1
V	282871	4
V	282968	4
V	283064	1
V	283161	6
V	283257	4
V	283354	10
V	283452	10
V	283549	10
V	283646	10
V	283743	8
V	283840	8
V	283937	8
V	284034	8
V	284131	8
V	284228	8
V	284324	8
V	284421	10
V	284518	7
V	284614	8
V	284710	8
V	284807	4
V	284903	6
V	285000	6
V	285096	1
V	285193	6
V	285290	6
V	285387	1
V	285483	4
V	285580	1
V	285677	1
V	285774	1
V	285871	1
V	285968	4
V	286065	4
V	286162	1
V	286259	4
V	286356	4
V	286453	1
V	286550	6
V	286647	6
V	286744	1
V	286841	4
V	286938	4
V	287035	6
V	287131	6
V	287228	3
V	287324	1
V	287421	4
V	287518	1
V	287614	1
V	287711	4
V	287807	4
V	287904	4
V	288001	4
V	288097	1
V	288194	1
V	288290	4
V	288387	6
V	288484	1
V	288580	1
V	288677	4
V	288774	4
V	288870	1
V	288967	4
V	289063	1
V	289160	1
V	289257	4
V	289353	4
V	289450	4
V	289547	4
V	289643	4
V	289740	4
V	289837	6
V	289934	1
V	290031	4
V	290128	1
V	290224	1
V	290321	4
V	290418	4
V	290515	4
V	290611	4
V	290708	1
V	290804	6
V	290901	4
V	290997	6
V	291093	4
V	291190	4
V	291286	4
V	291383	1
V	291479	4
V	291576	4
V	291672	1
V	291768	4
V	291864	4
V	291961	4
V	292057	4
V	292153	4
V	292250	6
V	292346	1
V	292442	6
V	292539	1
V	292635	4
V	292732	4
V	292829	4
V	292926	6
V	293023	1
V	293119	4
V	293216	1
V	293312	1
V	293409	1
V	293505	1
V	293601	4
V	293698	6
V	293794	4
V	293891	4
V	293987	1
V	294083	4
V	294180	1
V	294277	4
V	294374	4
V	294470	6
V	294567	1
V	294663	1
V	294759	1
V	294855	1
V	294952	1
V	295048	1
V	295145	4
V	295241	4
V	295337	4
V	295433	4
V	295530	4
V	295627	4
V	295723	1
V	295819	4
V	295916	4
V	296012	4
V	296109	1
V	296206	1
V	296303	1
V	296399	1
V	296495	4
V	296591	4
V	296688	4
V	296785	4
V	296881	6
V	296978	1
V	297075	1
V	297172	1
V	297269	1
V	297365	1
V	297461	1
V	297558	1
V	297654	4
V	297750	4
V	297847	4
V	297943	4
V	298040	1
V	298137	10
V	298235	7
V	298331	8
V	298428	10
V	298526	10
V	298623	7
V	298720	8
V	298817	10
V	298914	10
V	299012	1
V	299108	1
V	299204	4
V	299301	4
V	299397	4
V	299494	6
V	299591	1
V	299688	4
V	299784	4
V	299881	4
V	299977	6
V	300074	1
V	300171	1
V	300268	4
V	300365	4
V	300461	4
V	300558	4
V	300654	4
V	300751	1
V	300848	1
V	300945	4
V	301041	6
V	301138	4
V	301235	1
V	301332	1
V	301428	1
V	301525	4
V	301621	6
V	301718	1
V	301815	1
V	301912	1
V	302009	4
V	302106	4
V	302203	4
V	302300	4
V	302397	4
V	302493	1
V	302589	1
V	302686	4
V	302783	4
V	302879	4
V	302975	4
V	303071	4
V	303168	1
V	303265	1
V	303361	1
V	303457	4
V	303554	6
V	303651	4
V	303748	1
V	303845	4
V	303941	4
V	304037	4
V	304133	6
V	304230	1
V	304327	1
V	304423	1
V	304520	4
V	304617	4
V	304713	4
V	304810	4
V	304907	6
V	305004	4
V	305100	4
V	305197	4
V	305293	1
V	305389	4
V	305485	4
V	305582	4
V	305679	4
V	305775	1
V	305871	4
V	305967	4
V	306064	6
V	306160	4
V	306257	1
V	306353	1
V	306450	4
V	306546	6
V	306642	4
V	306738	10
V	306836	8
V	306933	10
V	307031	7
V	307128	8
V	307224	7
V	307321	7
V	307418	8
V	307515	8
V	307612	8
V	307708	10
V	307805	7
V	307901	10
V	307998	7
V	308095	10
V	308192	7
V	308289	10
V	308386	7
V	308483	7
V	308579	7
V	308675	8
V	308772	8
V	308869	8
V	308965	10
V	309062	10
V	309159	9
V	309255	9
V	309352	9
V	309448	9
V	309545	9
V	309642	9
V	309738	9
V	309834	9
V	309931	9
V	310028	9
V	310124	9
V	310220	9
V	310317	10
V	310415	7
V	310511	8
V	310608	10
V	310706	10
V	310803	10
V	310901	7
V	310997	7
V	311094	8
V	311190	10
V	311288	8
V	311385	8
V	311481	8
V	311577	8
V	311674	10
V	311772	8
V	311868	8
V	311965	10
V	312062	8
V	312158	7
V	312254	7
V	312351	10
V	312449	7
V	312546	10
V	312643	10
V	312741	7
V	312837	7
V	312934	10
V	313032	7
V	313129	8
V	313226	8
V	313322	10
V	313420	10
V	313517	10
V	313615	7
V	313712	7
V	313808	8
V	313904	8
V	314001	7
V	314097	8
V	314193	8
V	314290	7
V	314387	8
V	314484	7
V	314581	8
V	314678	7
V	314775	10
V	314873	7
V	314969	7
V	315065	8
V	315162	8
V	315259	10
V	315357	10
V	315454	10
V	315552	10
V	315650	10
V	315747	10
V	315845	8
V	315942	8
V	316038	7
V	316135	10
V	316233	10
V	316330	7
V	316426	8
V	316522	8
V	316619	7
V	316716	7
V	316813	8
V	316910	8
V	317007	10
V	317105	10
V	317203	8
V	317300	10
V	317397	10
V	317495	10
V	317593	7
V	317690	8
V	317786	8
V	317882	8
V	317978	10
V	318075	7
V	318172	7
V	318269	10
V	318366	9
V	318463	9
V	318560	9
V	318656	9
V	318753	9
V	318850	9
V	318947	9
V	319043	9
V	319139	9
V	319236	9
V	319333	9
V	319430	9
V	319527	9
V	319624	9
V	319721	9
V	319818	9
V	319914	9
V	320010	9
V	320107	9
V	320204	9
V	320300	9
V	320397	9
V	320494	9
V	320590	9
V	320686	9
V	320783	9
V	320880	9
V	320977	9
V	321074	9
V	321171	9
V	321267	9
V	321364	9
V	321460	9
V	321556	9
V	321653	9
V	321749	9
V	321846	9
V	321942	9
V	322038	9
V	322135	1
V	322232	1
V	322329	1
V	322426	1
V	322523	4
V	322619	1
V	322715	1
V	322812	1
V	322909	6
V	323006	10
V	323104	7
V	323200	8
V	323296	10
V	323394	10
V	323492	8
V	323589	7
V	323685	9
V	323781	9
V	323878	9
V	323975	8
V	324072	7
V	324169	7
V	324266	7
V	324362	10
V	324459	10
V	324557	8
V	324654	10
V	324751	10
V	324849	10
V	324946	7
V	325043	8
V	325139	8
V	325236	8
V	325332	8
V	325429	8
V	325526	10
V	325624	10
V	325722	10
V	325820	10
V	325917	10
V	326014	10
V	326112	10
V	326209	10
V	326306	7
V	326403	8
V	326499	8
V	326596	8
V	326692	1
V	326789	4
V	326886	6
V	326983	4
V	327079	1
V	327175	1
V	327272	1
V	327368	6
V	327465	6
V	327562	6
V	327659	6
V	327756	6
V	327853	6
V	327950	1
V	328047	1
V	328144	1
V	328240	4
V	328337	4
V	328433	1
V	328529	1
V	328626	6
V	328723	6
V	328820	1
V	328917	1
V	329014	4
V	329110	4
V	329206	4
V	329302	4
V	329399	4
V	329496	4
V	329592	1
V	329688	1
V	329785	4
V	329881	6
V	329978	1
V	330074	4
V	330171	1
V	330268	4
V	330365	4
V	330462	4
V	330559	1
V	330655	1
V	330751	4
V	330847	1
V	330943	6
V	331040	1
V	331136	1
V	331233	4
V	331330	1
V	331427	1
V	331524	4
V	331620	1
V	331717	6
V	331813	4
V	331909	4
V	332005	1
V	332101	1
V	332198	6
V	332295	1
V	332391	6
V	332487	4
V	332584	6
V	332681	1
V	332777	6
V	332874	1
V	332970	7
V	333066	10
V	333163	7
V	333260	8
V	333357	7
V	333454	7
V	333550	8
V	333647	8
V	333744	10
V	333841	7
V	333938	8
V	334034	8
V	334131	10
V	334228	10
V	334326	8
V	334423	7
V	334520	7
V	334617	7
V	334713	8
V	334810	10
V	334908	10
V	335006	10
V	335104	8
V	335201	8
V	335297	10
V	335395	8
V	335492	8
V	335588	10
V	335685	10
V	335782	7
V	335878	10
V	335975	8
V	336072	8
V	336168	8
V	336264	10
V	336361	7
V	336458	7
V	336554	7
V	336651	7
V	336748	8
V	336845	10
V	336943	10
V	337041	7
V	337137	8
V	337233	8
V	337329	10
V	337426	10
V	337523	7
V	337620	7
V	337717	7
V	337813	10
V	337911	10
V	338009	10
V	338106	7
V	338203	7
V	338300	7
V	338396	10
V	338494	10
V	338592	8
V	338689	7
V	338786	8
V	338883	7
V	338980	8
V	339077	8
V	339174	8
V	339270	8
V	339367	10
V	339464	7
V	339560	7
V	339656	7
V	339753	7
V	339850	7
V	339946	8
V	340042	8
V	340139	10
V	340237	7
V	340334	7
V	340430	10
V	340528	8
V	340624	7
V	340721	8
V	340818	10
V	340916	10
V	341013	10
V	341110	1
V	341206	1
V	341302	4
V	341399	6
V	341495	6
V	341591	6
V	341687	4
V	341784	4
V	341881	4
V	341977	1
V	342074	4
V	342170	4
V	342267	6
V	342364	1
V	342460	4
V	342557	4
V	342653	4
V	342750	4
V	342846	4
V	342942	1
V	343038	1
V	343134	4
V	343230	1
V	343327	4
V	343424	1
V	343521	4
V	343618	4
V	343715	4
V	343812	4
V	343909	4
V	344005	6
V	344102	4
V	344199	1
V	344296	1
V	344393	4
V	344489	4
V	344585	1
V	344681	1
V	344778	4
V	344875	4
V	344972	1
V	345068	1
V	345165	1
V	345261	4
V	345357	1
V	345454	1
V	345550	1
V	345647	1
V	345743	1
V	345839	1
V	345936	1
V	346032	1
V	346129	1
V	346226	1
V	346323	4
V	346420	4
V	346517	4
V	346614	4
V	346710	1
V	346806	1
V	346903	6
V	347000	6
V	347096	1
V	347192	1
V	347288	4
V	347384	4
V	347480	4
V	347576	4
V	347673	6
V	347770	4
V	347867	6
V	347963	4
V	348060	6
V	348156	4
V	348253	1
V	348349	4
V	348446	4
V	348543	4
V	348640	1
V	348736	4
V	348832	1
V	348929	1
V	349025	1
V	349122	1
V	349219	4
V	349316	4
V	349413	1
V	349510	4
V	349606	6
V	349703	1
V	349800	4
V	349897	4
V	349994	4
V	350091	6
V	350187	4
V	350284	4
V	350380	6
V	350477	1
V	350573	1
V	350669	1
V	350766	4
V	350863	4
V	350960	1
V	351057	1
V	351153	9
V	351249	9
V	351346	9
V	351442	9
V	351538	9
V	351635	9
V	351732	9
V	351829	9
V	351925	9
V	352022	9
V	352118	9
V	352215	9
V	352312	9
V	352409	9
V	352505	9
V	352602	9
V	352698	9
V	352794	9
V	352891	9
V	352988	9
V	353084	9
V	353180	9
V	353277	9
V	353374	9
V	353471	1
V	353567	1
V	353664	1
V	353760	1
V	353857	4
V	353954	9
V	354051	9
V	354147	9
V	354244	4
V	354341	4
V	354438	4
V	354535	6
V	354631	6
V	354727	1
V	354824	1
V	354920	1
V	355016	4
V	355112	4
V	355208	9
V	355305	9
V	355401	9
V	355498	9
V	355594	9
V	355691	4
V	355787	1
V	355884	1
V	355981	1
V	356077	1
V	356174	4
V	356270	4
V	356366	4
V	356463	9
V	356559	9
V	356656	9
V	356753	9
V	356850	9
V	356947	9
V	357043	9
V	357140	9
V	357237	9
V	357333	9
V	357429	4
V	357526	9
V	357622	9
V	357719	9
V	357815	1
V	357911	1
V	358008	4
V	358104	4
V	358201	1
V	358297	1
V	358394	1
V	358491	1
V	358588	1
V	358684	9
V	358781	9
V	358878	9
V	358975	9
V	359072	9
V	359169	4
V	359265	1
V	359361	4
V	359457	9
V	359554	9
V	359650	4
V	359746	6
V	359842	1
V	359939	1
V	360035	4
V	360132	9
V	360229	9
V	360325	9
V	360422	9
V	360518	9
V	360615	9
V	360712	9
V	360809	9
V	360906	9
V	361003	9
V	361099	9
V	361196	9
V	361293	9
V	361390	9
V	361487	9
V	361584	9
V	361680	9
V	361777	9
V	361874	9
V	361970	9
V	362067	9
V	362163	9
V	362260	9
V	362357	9
V	362454	9
V	362551	9
V	362648	9
V	362744	9
V	362841	9
V	362937	9
V	363034	4
V	363131	1
V	363227	6
V	363324	6
V	363420	6
V	363517	1
V	363614	4
V	363711	1
V	363808	1
V	363905	6
V	364001	1
V	364098	9
V	364194	9
V	364290	1
V	364387	4
V	364484	4
V	364581	6
V	364678	1
V	364774	4
V	364871	4
V	364967	4
V	365063	6
V	365160	1
V	365257	1
V	365354	9
V	365451	9
V	365548	9
V	365644	9
V	365740	9
V	365837	4
V	365933	4
V	366029	4
V	366125	6
V	366222	6
V	366318	4
V	366415	6
V	366512	1
V	366609	4
V	366706	1
V	366803	4
V	366900	1
V	366997	1
V	367094	1
V	367191	6
V	367288	6
V	367384	4
V	367480	1
V	367576	4
V	367673	9
V	367769	9
V	367865	9
V	367962	9
V	368058	9
V	368155	9
V	368251	9
V	368348	9
V	368444	9
V	368541	9
V	368637	9
V	368734	9
V	368831	7
V	368928	7
V	369025	8
V	369122	8
V	369219	8
V	369316	8
V	369412	7
V	369508	8
V	369604	10
V	369702	7
V	369799	7
V	369895	10
V	369992	8
V	370089	8
V	370186	8
V	370283	10
V	370381	7
V	370478	7
V	370575	8
V	370672	7
V	370769	10
V	370867	10
V	370964	10
V	371062	10
V	371160	10
V	371258	8
V	371355	8
V	371451	8
V	371548	8
V	371644	8
V	371741	10
V	371838	7
V	371935	8
V	372032	7
V	372129	7
V	372225	7
V	372321	8
V	372417	10
V	372514	7
V	372610	8
V	372706	10
V	372804	7
V	372900	7
V	372996	7
V	373093	8
V	373189	8
V	373286	8
V	373382	8
V	373478	10
V	373576	10
V	373673	7
V	373770	7
V	373867	8
V	373963	7
V	374059	8
V	374156	8
V	374253	10
V	374351	7
V	374448	8
V	374545	10
V	374642	10
V	374740	10
V	374838	8
V	374935	8
V	375031	10
V	375129	7
V	375226	7
V	375323	8
V	375420	7
V	375516	7
V	375613	7
V	375710	8
V	375807	8
V	375903	10
V	376000	9
V	376097	9
V	376194	9
V	376291	9
V	376387	9
V	376483	9
V	376580	9
V	376677	9
V	376774	9
V	376870	9
V	376966	9
V	377063	9
V	377159	9
V	377255	9
V	377352	9
V	377449	9
V	377546	9
V	377643	9
V	377740	9
V	377837	9
V	377934	9
V	378031	9
V	378127	9
V	378224	9
V	378321	9
V	378418	9
V	378515	9
V	378612	9
V	378708	9
V	378804	9
V	378901	4
V	378997	1
V	379093	4
V	379190	1
V	379287	1
V	379384	6
V	379481	1
V	379577	4
V	379673	1
V	379770	4
V	379867	4
V	379963	4
V	380060	4
V	380157	1
V	380254	4
V	380350	4
V	380447	1
V	380544	1
V	380641	4
V	380738	4
V	380834	9
V	380931	9
V	381028	9
V	381125	9
V	381222	9
V	381318	9
V	381414	6
V	381511	1
V	381608	1
V	381705	4
V	381802	4
V	381899	4
V	381995	1
V	382091	1
V	382187	4
V	382284	6
V	382380	9
V	382477	9
V	382574	9
V	382671	9
V	382768	9
V	382864	1
V	382961	6
V	383058	6
V	383155	1
V	383252	1
V	383348	4
V	383444	9
V	383540	9
V	383637	4
V	383733	4
V	383830	1
V	383927	6
V	384024	4
V	384120	4
V	384217	4
V	384314	4
V	384411	1
V	384507	4
V	384604	4
V	384701	9
V	384797	9
V	384894	9
V	384991	9
V	385088	9
V	385185	9
V	385281	9
V	385377	9
V	385474	9
V	385571	9
V	385668	9
V	385765	9
V	385862	9
V	385959	9
V	386055	9
V	386152	9
V	386248	9
V	386345	9
V	386441	9
V	386537	9
V	386634	9
V	386731	9
V	386828	9
V	386925	9
V	387022	9
V	387119	9
V	387215	9
V	387312	9
V	387409	4
V	387505	6
V	387601	4
V	387698	6
V	387795	1
V	387892	6
V	387988	1
V	388085	1
V	388182	1
V	388278	1
V	388375	1
V	388472	6
V	388569	4
V	388666	1
V	388762	6
V	388859	1
V	388955	1
V	389051	9
V	389147	9
V	389244	9
V	389340	9
V	389437	9
V	389534	1
V	389631	1
V	389728	4
V	389824	1
V	389920	6
V	390016	4
V	390112	1
V	390208	4
V	390305	4
V	390401	1
V	390497	6
V	390594	4
V	390691	1
V	390787	1
V	390884	6
V	390980	4
V	391077	4
V	391174	1
V	391270	1
V	391367	4
V	391463	1
V	391560	6
V	391657	6
V	391753	1
V	391850	4
V	391947	4
V	392043	1
V	392140	1
V	392236	1
V	392333	4
V	392430	4
V	392527	1
V	392623	1
V	392719	4
V	392816	4
V	392912	1
V	393009	1
V	393106	4
V	393202	6
V	393298	4
V	393394	4
V	393491	4
V	393587	1
V	393683	1
V	393780	1
V	393877	1
V	393974	4
V	394071	1
V	394167	1
V	394263	1
V	394360	4
V	394457	4
V	394554	1
V	394650	1
V	394746	4
V	394842	1
V	394939	1
V	395036	4
V	395133	4
V	395229	4
V	395326	4
V	395422	4
V	395518	1
V	395615	1
V	395712	4
V	395809	4
V	395906	4
V	396003	6
V	396100	1
V	396196	1
V	396293	1
V	396389	1
V	396486	1
V	396583	8
V	396679	10
V	396777	7
V	396873	8
V	396970	8
V	397067	10
V	397164	8
V	397260	10
V	397358	1
V	397455	4
V	397552	1
V	397649	4
V	397746	4
V	397843	4
V	397940	6
V	398037	1
V	398134	1
V	398230	1
V	398327	4
V	398424	4
V	398521	4
V	398617	4
V	398714	4
V	398811	4
V	398907	6
V	399003	1
V	399100	1
V	399197	1
V	399293	4
V	399389	4
V	399486	1
V	399583	1
V	399680	4
V	399777	6
V	399873	1
V	399970	4
V	400067	6
V	400163	6
V	400260	1
V	400356	1
V	400453	4
V	400549	4
V	400646	4
V	400743	1
V	400840	1
V	400937	1
V	401034	1
V	401131	1
V	401227	4
V	401323	4
V	401420	4
V	401516	4
V	401612	4
V	401708	1
V	401804	1
V	401901	4
V	401998	6
V	402094	4
V	402191	6
V	402288	1
V	402384	1
V	402481	1
V	402578	4
V	402675	4
V	402771	4
V	402867	4
V	402963	4
V	403059	4
V	403155	4
V	403252	4
V	403349	1
V	403445	4
V	403541	1
V	403637	4
V	403733	6
V	403830	6
V	403927	4
V	404024	4
V	404120	4
V	404217	4
V	404314	6
V	404411	1
V	404508	6
V	404605	4
V	404702	1
V	404799	4
V	404896	4
V	404993	1
V	405089	1
V	405186	1
V	405282	1
V	405379	4
V	405475	4
V	405572	4
V	405668	9
V	405764	9
V	405860	9
V	405956	1
V	406053	1
V	406149	9
V	406246	9
V	406343	9
V	406439	7
V	406535	10
V	406632	8
V	406729	8
V	406825	8
V	406922	10
V	407019	10
V	407117	10
V	407215	7
V	407312	10
V	407410	7
V	407507	10
V	407604	7
V	407701	8
V	407798	7
V	407895	7
V	407992	10
V	408090	8
V	408187	10
V	408285	8
V	408381	7
V	408477	10
V	408574	10
V	408671	10
V	408769	7
V	408865	8
V	408962	7
V	409059	8
V	409156	10
V	409253	10
V	409351	10
V	409449	7
V	409545	7
V	409642	9
V	409739	1
V	409835	4
V	409932	4
V	410029	6
V	410125	4
V	410222	1
V	410318	4
V	410415	4
V	410512	6
V	410609	6
V	410705	1
V	410801	1
V	410898	1
V	410995	4
V	411092	4
V	411188	1
V	411285	6
V	411381	1
V	411478	1
V	411574	1
V	411670	6
V	411767	1
V	411863	4
V	411959	1
V	412056	6
V	412153	1
V	412249	4
V	412345	4
V	412441	6
V	412538	1
V	412634	1
V	412731	4
V	412827	4
V	412923	4
V	413019	1
V	413116	4
V	413212	4
V	413309	4
V	413405	4
V	413502	6
V	413599	6
V	413695	1
V	413791	1
V	413887	4
V	413983	4
V	414079	4
V	414175	6
V	414272	6
V	414368	6
V	414464	1
V	414561	1
V	414658	4
V	414754	1
V	414851	6
V	414947	4
V	415043	1
V	415139	4
V	415235	4
V	415331	4
V	415428	1
V	415524	1
V	415621	1
V	415718	4
V	415815	1
V	415912	4
V	416008	4
V	416104	1
V	416201	1
V	416297	6
V	416394	4
V	416491	1
V	416588	1
V	416684	4
V	416781	6
V	416877	6
V	416973	6
V	417070	1
V	417167	1
V	417264	1
V	417360	1
V	417456	1
V	417552	4
V	417649	6
V	417746	6
V	417843	1
V	417940	1
V	418036	1
V	418133	4
V	418230	4
V	418327	4
V	418424	4
V	418521	4
V	418618	1
V	418714	1
V	418811	4
V	418908	4
V	419005	1
V	419102	6
V	419199	1
V	419295	1
V	419392	6
V	419489	4
V	419586	1
V	419682	6
V	419778	4
V	419874	4
V	419971	4
V	420068	9
V	420165	9
V	420262	9
V	420359	9
V	420456	9
V	420553	9
V	420650	9
V	420746	9
V	420843	9
V	420940	9
V	421037	9
V	421134	9
V	421230	9
V	421327	9
V	421423	9
V	421520	9
V	421616	9
V	421713	9
V	421810	9
V	421907	9
V	422003	9
V	422100	9
V	422197	7
V	422294	8
V	422391	7
V	422487	8
V	422583	7
V	422680	10
V	422778	7
V	422875	10
V	422972	8
V	423069	8
V	423166	10
V	423264	8
V	423361	8
V	423458	10
V	423555	7
V	423652	10
V	423750	8
V	423846	7
V	423943	10
V	424040	10
V	424137	8
V	424233	7
V	424329	8
V	424425	8
V	424521	8
V	424617	10
V	424714	8
V	424811	7
V	424908	8
V	425005	7
V	425101	7
V	425197	8
V	425293	7
V	425389	10
V	425487	1
V	425584	1
V	425680	6
V	425777	6
V	425874	6
V	425971	1
V	426067	1
V	426163	1
V	426260	4
V	426357	4
V	426454	4
V	426550	1
V	426646	4
V	426742	1
V	426839	1
V	426935	1
V	427032	1
V	427128	4
V	427225	4
V	427321	4
V	427418	4
V	427515	4
V	427611	1
V	427708	1
V	427804	6
V	427901	4
V	427997	4
V	428094	4
V	428191	4
V	428287	4
V	428384	1
V	428480	4
V	428576	1
V	428672	1
V	428768	4
V	428865	4
V	428962	4
V	429059	4
V	429156	4
V	429253	6
V	429350	4
V	429447	4
V	429543	1
V	429640	4
V	429736	6
V	429833	7
V	429930	8
V	430027	8
V	430124	8
V	430220	10
V	430317	10
V	430415	8
V	430512	7
V	430608	8
V	430704	8
V	430800	10
V	430898	10
V	430996	10
V	431094	7
V	431191	7
V	431288	8
V	431384	8
V	431481	10
V	431578	10
V	431676	7
V	431773	8
V	431870	10
V	431968	7
V	432065	8
V	432161	7
V	432258	7
V	432354	10
V	432451	10
V	432549	10
V	432646	8
V	432743	7
V	432840	8
V	432936	7
V	433033	10
V	433131	8
V	433228	8
V	433324	7
V	433420	8
V	433517	10
V	433614	8
V	433711	10
V	433809	7
V	433906	10
V	434004	10
V	434101	7
V	434198	8
V	434295	10
V	434392	7
V	434489	10
V	434587	10
V	434684	10
V	434782	10
V	434879	7
V	434976	8
V	435073	10
V	435170	10
V	435267	8
V	435364	8
V	435461	8
V	435557	8
V	435653	7
V	435749	8
V	435845	8
V	435942	7
V	436039	8
V	436135	10
V	436232	10
V	436329	10
V	436426	8
V	436522	8
V	436619	10
V	436717	8
V	436814	8
V	436911	10
V	437009	10
V	437106	8
V	437202	8
V	437298	10
V	437396	8
V	437492	7
V	437589	10
V	437687	10
V	437784	7
V	437880	8
V	437977	7
V	438073	7
V	438169	4
V	438266	9
V	438363	9
V	438460	9
V	438556	1
V	438653	9
V	438750	9
V	438847	9
V	438943	9
V	439040	10
V	439138	10
V	439236	10
V	439334	10
V	439432	10
V	439529	8
V	439625	6
V	439721	4
V	439817	1
V	439914	4
V	440011	6
V	440108	1
V	440204	4
V	440301	6
V	440398	6
V	440495	4
V	440592	6
V	440689	1
V	440786	4
V	440882	4
V	440978	1
V	441074	4
V	441171	4
V	441267	4
V	441363	6
V	441460	6
V	441556	1
V	441653	1
V	441750	4
V	441846	4
V	441942	4
V	442038	4
V	442134	6
V	442230	1
V	442327	4
V	442424	4
V	442520	6
V	442617	1
V	442713	4
V	442810	6
V	442907	4
V	443003	4
V	443099	4
V	443195	6
V	443292	1
V	443389	6
V	443485	4
V	443581	1
V	443677	1
V	443773	6
V	443869	6
V	443965	4
V	444062	4
V	444159	4
V	444255	1
V	444351	1
V	444447	1
V	444544	1
V	444640	4
V	444737	4
V	444834	4
V	444930	1
V	445026	7
V	445122	7
V	445219	7
V	445316	7
V	445413	8
V	445510	10
V	445608	10
V	445706	7
V	445802	7
V	445898	7
V	445995	8
V	446092	10
V	446189	8
V	446286	7
V	446383	10
V	446480	10
V	446577	8
V	446674	8
V	446770	10
V	446868	7
V	446965	8
V	447062	7
V	447159	8
V	447256	7
V	447352	10
V	447450	7
V	447547	10
V	447644	10
V	447742	8
V	447839	8
V	447936	10
V	448033	7
V	448130	10
V	448228	8
V	448325	7
V	448422	10
V	448520	7
V	448617	7
V	448713	8
V	448810	8
V	448906	10
V	449003	10
V	449101	7
V	449198	7
V	449295	8
V	449391	10
V	449489	8
V	449585	10
V	449683	7
V	449780	8
V	449876	8
V	449973	10
V	450070	10
V	450167	7
V	450264	7
V	450361	8
V	450458	8
V	450555	8
V	450651	10
V	450749	10
V	450847	10
V	450945	10
V	451042	7
V	451139	10
V	451236	7
V	451333	10
V	451430	7
V	451526	8
V	451623	10
V	451721	10
V	451818	10
V	451916	7
V	452012	7
V	452108	8
V	452205	8
V	452302	7
V	452399	10
V	452496	8
V	452593	8
V	452689	7
V	452786	7
V	452883	7
V	452979	4
V	453076	4
V	453173	6
V	453269	6
V	453365	1
V	453462	4
V	453559	4
V	453656	1
V	453753	4
V	453849	9
V	453946	9
V	454043	4
V	454140	4
V	454236	9
V	454333	9
V	454430	9
V	454527	9
V	454623	9
V	454719	1
V	454816	9
V	454913	9
V	455010	9
V	455107	9
V	455203	9
V	455300	9
V	455397	9
V	455494	9
V	455590	9
V	455687	9
V	455784	9
V	455881	9
V	455978	9
V	456075	9
V	456171	9
V	456267	9
V	456363	9
V	456460	9
V	456556	9
V	456652	9
V	456749	9
V	456846	7
V	456942	10
V	457040	10
V	457138	10
V	457235	8
V	457332	8
V	457429	10
V	457526	10
V	457624	7
V	457720	8
V	457817	8
V	457914	10
V	458011	10
V	458108	10
V	458205	10
V	458302	7
V	458398	7
V	458495	10
V	458592	8
V	458689	7
V	458786	8
V	458883	7
V	458980	7
V	459077	8
V	459173	8
V	459269	7
V	459365	7
V	459462	7
V	459559	8
V	459655	8
V	459752	10
V	459849	8
V	459946	10
V	460043	10
V	460141	7
V	460238	8
V	460334	10
V	460431	7
V	460527	10
V	460625	8
V	460721	7
V	460818	7
V	460914	10
V	461012	10
V	461110	10
V	461208	8
V	461305	8
V	461401	8
V	461498	7
V	461595	7
V	461692	7
V	461788	8
V	461884	10
V	461982	7
V	462079	7
V	462175	8
V	462272	8
V	462369	10
V	462467	10
V	462565	7
V	462662	8
V	462759	10
V	462857	7
V	462954	10
V	463052	7
V	463149	8
V	463246	7
V	463343	7
V	463440	8
V	463537	8
V	463634	7
V	463730	8
V	463826	8
V	463923	10
V	464021	10
V	464119	9
V	464216	9
V	464312	9
V	464409	9
V	464505	9
V	464602	9
V	464699	9
V	464796	9
V	464893	9
V	464989	9
V	465086	9
V	465183	9
V	465280	9
V	465377	9
V	465473	9
V	465569	9
V	465666	9
V	465763	9
V	465859	9
V	465956	9
V	466053	9
V	466150	9
V	466247	9
V	466343	9
V	466440	9
V	466536	9
V	466633	9
V	466729	9
V	466826	9
V	466922	9
V	467018	9
V	467115	9
V	467211	9
V	467308	9
V	467404	9
V	467501	4
V	467597	4
V	467693	6
V	467790	4
V	467887	1
V	467983	4
V	468080	4
V	468176	6
V	468273	1
V	468370	4
V	468466	4
V	468563	4
V	468659	1
V	468756	1
V	468853	9
V	468950	9
V	469046	9
V	469143	6
V	469240	1
V	469337	4
V	469433	6
V	469530	6
V	469626	4
V	469723	9
V	469819	9
V	469916	9
V	470013	9
V	470109	9
V	470205	9
V	470301	9
V	470398	9
V	470495	9
V	470592	6
V	470689	1
V	470786	1
V	470883	4
V	470979	4
V	471075	9
V	471171	4
V	471268	4
V	471365	4
V	471462	4
V	471559	6
V	471655	4
V	471752	4
V	471849	4
V	471945	6
V	472041	4
V	472138	4
V	472235	9
V	472331	9
V	472427	9
V	472523	9
V	472619	9
V	472716	9
V	472813	9
V	472909	9
V	473005	9
V	473102	9
V	473199	9
V	473295	9
V	473391	9
V	473488	9
V	473584	9
V	473681	9
V	473778	9
V	473874	9
V	473971	9
V	474068	9
V	474164	9
V	474261	9
V	474357	9
V	474454	9
V	474550	9
V	474646	9
V	474742	9
V	474839	9
V	474935	9
V	475032	9
V	475128	9
V	475225	9
V	475322	9
V	475419	9
V	475515	9
V	475612	9
V	475708	9
V	475805	9
V	475901	9
V	475997	1
V	476094	6
V	476191	4
V	476288	4
V	476385	1
V	476481	1
V	476577	4
V	476674	4
V	476771	6
V	476868	1
V	476964	9
V	477060	5
V	477156	4
V	477253	4
V	477350	1
V	477447	1
V	477544	4
V	477640	4
V	477737	9
V	477834	9
V	477930	9
V	478026	9
V	478123	9
V	478220	9
V	478317	9
V	478414	9
V	478510	1
V	478607	1
V	478703	1
V	478799	1
V	478895	4
V	478991	4
V	479088	4
V	479185	4
V	479282	4
V	479378	4
V	479474	4
V	479571	4
V	479667	4
V	479764	4
V	479861	6
V	479957	4
V	480054	4
V	480151	1
V	480248	1
V	480345	4
V	480441	4
V	480537	1
V	480633	6
V	480730	1
V	480827	1
V	480924	1
V	481021	4
V	481118	4
V	481215	1
V	481312	1
V	481409	1
V	481505	1
V	481602	4
V	481699	4
V	481796	4
V	481892	6
V	481988	4
V	482084	1
V	482181	4
V	482278	4
V	482375	4
V	482472	6
V	482568	1
V	482665	4
V	482761	1
V	482858	4
V	482955	1
V	483051	4
V	483148	4
V	483245	1
V	483342	4
V	483438	1
V	483535	4
V	483631	1
V	483728	6
V	483824	2
V	483921	1
V	484017	4
V	484114	4
V	484211	4
V	484307	4
V	484404	1
V	484500	1
V	484597	1
V	484693	4
V	484790	6
V	484887	1
V	484984	4
V	485080	4
V	485177	4
V	485274	4
V	485370	6
V	485466	4
V	485563	4
V	485659	4
V	485756	4
V	485852	4
V	485949	4
V	486045	4
V	486141	1
V	486238	4
V	486335	1
V	486432	1
V	486528	8
V	486625	10
V	486722	10
V	486820	7
V	486917	8
V	487014	8
V	487111	4
V	487207	1
V	487303	4
V	487400	4
V	487496	6
V	487593	6
V	487689	1
V	487786	4
V	487883	4
V	487980	1
V	488077	4
V	488174	1
V	488271	1
V	488367	1
V	488463	1
V	488560	1
V	488657	4
V	488753	4
V	488850	6
V	488947	6
V	489044	6
V	489141	4
V	489237	1
V	489334	1
V	489430	4
V	489526	4
V	489623	1
V	489719	1
V	489816	1
V	489913	4
V	490009	4
V	490106	4
V	490203	1
V	490300	6
V	490396	4
V	490493	4
V	490589	4
V	490686	6
V	490783	1
V	490880	4
V	490976	4
V	491072	4
V	491168	4
V	491265	4
V	491362	6
V	491459	4
V	491556	4
V	491653	4
V	491750	1
V	491846	1
V	491943	4
V	492040	1
V	492137	4
V	492234	4
V	492331	4
V	492427	6
V	492524	4
V	492621	1
V	492718	1
V	492815	4
V	492911	6
V	493008	1
V	493105	1
V	493202	1
V	493299	1
V	493395	1
V	493491	4
V	493588	9
V	493685	9
V	493781	4
V	493877	4
V	493974	4
V	494070	1
V	494166	4
V	494263	4
V	494359	4
V	494455	9
V	494552	9
V	494648	9
V	494745	9
V	494842	9
V	494939	9
V	495036	10
V	495134	10
V	495232	7
V	495329	8
V	495426	10
V	495524	7
V	495621	7
V	495717	7
V	495813	10
V	495911	10
V	496008	7
V	496105	7
V	496202	7
V	496299	10
V	496396	8
V	496493	7
V	496590	8
V	496687	8
V	496783	8
V	496880	8
V	496976	8
V	497073	10
V	497170	7
V	497267	7
V	497363	9
V	497459	9
V	497555	4
V	497652	4
V	497748	6
V	497845	4
V	497941	4
V	498038	4
V	498135	1
V	498232	4
V	498328	4
V	498424	4
V	498521	4
V	498618	4
V	498715	6
V	498811	1
V	498908	4
V	499005	4
V	499101	4
V	499197	4
V	499294	4
V	499390	4
V	499487	1
V	499583	4
V	499680	6
V	499777	1
V	499874	6
V	499971	5
V	500067	1
V	500164	1
V	500260	6
V	500356	4
V	500453	4
V	500550	4
V	500646	6
V	500742	1
V	500839	4
V	500936	4
V	501032	1
V	501129	1
V	501225	1
V	501322	1
V	501418	4
V	501515	6
V	501611	1
V	501708	1
V	501804	1
V	501900	6
V	501996	1
V	502092	1
V	502189	1
V	502285	1
V	502382	4
V	502479	4
V	502576	4
V	502673	1
V	502769	4
V	502866	4
V	502963	1
V	503059	1
V	503155	1
V	503251	4
V	503348	6
V	503444	4
V	503541	1
V	503638	1
V	503735	6
V	503832	1
V	503928	4
V	504025	4
V	504121	1
V	504218	4
V	504315	6
V	504412	4
V	504509	4
V	504605	4
V	504701	4
V	504798	4
V	504894	4
V	504991	6
V	505088	4
V	505185	4
V	505282	1
V	505378	4
V	505474	4
V	505571	6
V	505667	1
V	505764	1
V	505860	1
V	505957	4
V	506053	4
V	506149	4
V	506245	6
V	506342	4
V	506439	1
V	506535	6
V	506632	1
V	506728	1
V	506825	1
V	506922	1
V	507019	6
V	507116	1
V	507213	6
V	507309	6
V	507405	4
V	507501	1
V	507598	4
V	507695	6
V	507792	6
V	507889	1
V	507986	4
V	508083	9
V	508179	9
V	508275	9
V	508371	9
V	508468	9
V	508564	9
V	508661	9
V	508757	9
V	508854	9
V	508951	9
V	509048	9
V	509145	9
V	509242	9
V	509338	9
V	509435	9
V	509531	9
V	509628	9
V	509725	9
V	509821	9
V	509918	9
V	510015	9
V	510112	9
V	510208	9
V	510305	9
V	510402	9
V	510498	9
V	510595	9
V	510692	9
V	510789	9
V	510886	9
V	510982	9
V	511079	9
V	511175	9
V	511272	8
V	511368	7
V	511464	10
V	511561	7
V	511658	10
V	511755	7
V	511852	10
V	511949	10
V	512047	7
V	512143	7
V	512240	8
V	512336	10
V	512433	10
V	512530	10
V	512628	8
V	512724	7
V	512821	7
V	512917	8
V	513014	8
V	513110	8
V	513207	8
V	513304	8
V	513401	10
V	513499	10
V	513597	10
V	513695	8
V	513791	10
V	513889	10
V	513987	8
V	514084	7
V	514181	10
V	514278	9
V	514374	9
V	514471	9
V	514567	9
V	514663	9
V	514760	9
V	514856	9
V	514953	9
V	515050	9
V	515147	9
V	515243	8
V	515340	7
V	515436	7
V	515532	10
V	515630	10
V	515728	7
V	515824	8
V	515920	8
V	516016	10
V	516114	7
V	516211	8
V	516307	10
V	516405	10
V	516503	10
V	516601	7
V	516697	8
V	516794	7
V	516891	7
V	516987	8
V	517084	10
V	517181	10
V	517278	7
V	517374	10
V	517472	8
V	517568	7
V	517665	8
V	517761	8
V	517858	7
V	517955	7
V	518052	7
V	518149	7
V	518245	8
V	518341	10
V	518439	8
V	518536	8
V	518632	8
V	518728	8
V	518825	10
V	518923	7
V	519020	7
V	519117	8
V	519214	10
V	519311	10
V	519409	10
V	519507	8
V	519603	10
V	519700	10
V	519798	7
V	519894	8
V	519991	8
V	520088	10
V	520186	7
V	520282	10
V	520380	10
V	520477	8
V	520574	8
V	520671	8
V	520767	7
V	520864	8
V	520961	8
V	521057	7
V	521154	7
V	521251	10
V	521349	10
V	521447	10
V	521545	7
V	521642	9
V	521739	9
V	521836	9
V	521932	9
V	522028	9
V	522125	9
V	522221	9
V	522317	9
V	522413	9
V	522509	9
V	522606	9
V	522703	9
V	522799	9
V	522896	9
V	522993	9
V	523089	9
V	523186	9
V	523283	9
V	523380	9
V	523477	9
V	523574	9
V	523671	4
V	523767	1
V	523864	4
V	523961	4
V	524058	1
V	524155	4
V	524252	4
V	524349	1
V	524446	1
V	524542	1
V	524639	1
V	524736	4
V	524833	6
V	524929	1
V	525026	4
V	525122	9
V	525218	9
V	525315	9
V	525412	9
V	525509	9
V	525605	9
V	525702	9
V	525799	9
V	525896	1
V	525992	6
V	526089	6
V	526185	6
V	526282	1
V	526378	9
V	526475	9
V	526571	9
V	526667	9
V	526764	4
V	526861	4
V	526957	4
V	527054	1
V	527150	4
V	527247	4
V	527343	1
V	527439	1
V	527535	4
V	527632	1
V	527729	1
V	527826	1
V	527922	4
V	528018	4
V	528114	1
V	528210	9
V	528306	9
V	528402	9
V	528499	9
V	528596	9
V	528693	9
V	528790	9
V	528886	9
V	528983	9
V	529080	9
V	529176	9
V	529273	9
V	529369	9
V	529466	9
V	529563	9
V	529660	9
V	529757	9
V	529854	9
V	529950	9
V	530047	9
V	530143	9
V	530240	9
V	530337	9
V	530434	9
V	530530	9
V	530626	9
V	530723	9
V	530819	9
V	530915	9
V	531011	9
V	531108	4
V	531205	4
V	531302	6
V	531399	6
V	531496	1
V	531593	1
V	531689	1
V	531785	1
V	531882	4
V	531979	9
V	532075	9
V	532171	4
V	532268	1
V	532364	6
V	532460	1
V	532556	9
V	532653	9
V	532750	9
V	532847	9
V	532944	9
V	533041	9
V	533138	1
V	533235	4
V	533331	4
V	533427	1
V	533524	4
V	533621	4
V	533718	1
V	533814	4
V	533910	1
V	534006	1
V	534103	4
V	534200	1
V	534296	6
V	534393	6
V	534489	1
V	534586	1
V	534683	6
V	534780	1
V	534877	4
V	534974	4
V	535071	4
V	535167	4
V	535264	6
V	535360	4
V	535457	4
V	535554	6
V	535650	1
V	535747	4
V	535843	4
V	535940	6
V	536037	6
V	536133	4
V	536229	6
V	536326	1
V	536423	6
V	536519	1
V	536616	1
V	536712	1
V	536808	6
V	536904	4
V	537000	6
V	537097	4
V	537194	6
V	537290	4
V	537387	6
V	537483	6
V	537580	1
V	537677	6
V	537774	1
V	537870	4
V	537967	4
V	538064	1
V	538161	4
V	538258	1
V	538354	1
V	538450	6
V	538547	4
V	538643	4
V	538740	1
V	538837	1
V	538933	1
V	539030	4
V	539126	4
V	539223	4
V	539319	1
V	539416	4
V	539513	6
V	539609	1
V	539705	1
V	539801	4
V	539897	4
V	539994	6
V	540091	6
V	540188	1
V	540285	4
V	540382	4
V	540478	4
V	540574	1
V	540671	4
V	540767	6
V	540864	1
V	540960	4
V	541057	6
V	541154	6
V	541251	1
V	541348	10
V	541445	7
V	541542	7
V	541639	10
V	541737	7
V	541834	7
V	541931	7
V	542027	8
V	542123	8
V	542219	8
V	542315	10
V	542412	7
V	542509	7
V	542605	8
V	542702	10
V	542800	1
V	542897	1
V	542994	1
V	543091	1
V	543188	1
V	543285	1
V	543382	1
V	543478	4
V	543574	6
V	543670	6
V	543767	1
V	543863	1
V	543959	4
V	544055	4
V	544151	4
V	544247	4
V	544344	1
V	544440	1
V	544537	1
V	544634	4
V	544730	4
V	544827	4
V	544923	4
V	545019	4
V	545115	1
V	545212	1
V	545309	4
V	545406	4
V	545503	1
V	545600	1
V	545697	4
V	545794	4
V	545891	1
V	545987	1
V	546084	4
V	546180	1
V	546277	4
V	546374	1
V	546470	4
V	546566	1
V	546663	6
V	546759	1
V	546855	1
V	546952	1
V	547049	1
V	547145	1
V	547242	1
V	547338	1
V	547434	4
V	547531	4
V	547628	4
V	547725	4
V	547821	4
V	547918	1
V	548015	1
V	548111	4
V	548207	4
V	548304	1
V	548401	4
V	548497	6
V	548594	1
V	548691	4
V	548788	6
V	548885	6
V	548981	4
V	549077	1
V	549174	6
V	549270	4
V	549367	1
V	549463	4
V	549560	1
V	549657	6
V	549754	4
V	549850	1
V	549947	1
V	550044	6
V	550141	4
V	550238	6
V	550334	6
V	550431	1
V	550527	4
V	550624	4
V	550720	9
V	550817	4
V	550914	4
V	551011	4
V	551108	6
V	551204	6
V	551300	1
V	551396	9
V	551493	1
V	551590	9
V	551687	9
V	551784	9
V	551881	9
V	551978	9
V	552074	9
V	552170	9
V	552266	9
V	552363	10
V	552460	8
V	552557	10
V	552655	10
V	552752	8
V	552848	10
V	552946	8
V	553042	7
V	553139	7
V	553236	7
V	553332	10
V	553430	8
V	553527	10
V	553624	10
V	553722	8
V	553819	8
V	553916	8
V	554012	10
V	554109	7
V	554205	7
V	554302	10
V	554399	10
V	554497	8
V	554594	7
V	554691	8
V	554787	10
V	554885	8
V	554982	4
V	555079	4
V	555176	1
V	555273	4
V	555370	4
V	555466	4
V	555562	4
V	555659	1
V	555755	1
V	555852	4
V	555949	4
V	556045	6
V	556142	1
V	556239	1
V	556335	1
V	556432	1
V	556529	1
V	556625	4
V	556721	4
V	556818	4
V	556914	4
V	557011	4
V	557108	1
V	557204	6
V	557300	1
V	557397	6
V	557494	4
V	557591	4
V	557687	1
V	557784	6
V	557881	6
V	557978	4
V	558075	1
V	558171	4
V	558268	4
V	558365	4
V	558461	6
V	558557	6
V	558653	6
V	558750	1
V	558847	4
V	558944	4
V	559041	4
V	559138	6
V	559235	1
V	559332	1
V	559429	6
V	559526	1
V	559622	1
V	559719	6
V	559816	6
V	559912	1
V	560009	4
V	560106	4
V	560203	4
V	560300	4
V	560397	4
V	560494	1
V	560590	4
V	560687	1
V	560783	4
V	560880	6
V	560977	4
V	561074	6
V	561170	6
V	561267	6
V	561364	4
V	561460	4
V	561556	6
V	561653	1
V	561749	4
V	561845	4
V	561942	6
V	562038	6
V	562134	1
V	562231	1
V	562328	1
V	562425	1
V	562522	4
V	562618	4
V	562714	6
V	562810	4
V	562906	1
V	563003	4
V	563099	1
V	563196	1
V	563293	1
V	563389	4
V	563485	4
V	563582	6
V	563679	4
V	563776	1
V	563873	4
V	563969	1
V	564065	4
V	564162	9
V	564258	9
V	564355	9
V	564451	9
V	564548	9
V	564644	9
V	564741	9
V	564837	9
V	564933	9
V	565030	9
V	565127	9
V	565224	9
V	565321	9
V	565417	9
V	565514	9
V	565611	9
V	565708	9
V	565805	9
V	565902	9
V	565999	9
V	566096	9
V	566193	9
V	566289	9
V	566386	9
V	566482	9
V	566578	9
V	566675	9
V	566771	9
V	566868	9
V	566965	9
V	567062	9
V	567158	7
V	567255	10
V	567353	10
V	567451	10
V	567548	10
V	567646	10
V	567744	10
V	567842	10
V	567940	7
V	568037	7
V	568134	8
V	568230	8
V	568327	10
V	568425	8
V	568521	10
V	568618	10
V	568716	7
V	568812	7
V	568908	7
V	569004	7
V	569100	8
V	569197	8
V	569293	8
V	569389	7
V	569485	4
V	569582	1
V	569679	4
V	569775	6
V	569871	1
V	569968	1
V	570065	1
V	570161	1
V	570257	1
V	570354	6
V	570451	6
V	570548	1
V	570645	4
V	570742	4
V	570839	4
V	570936	4
V	571032	1
V	571128	4
V	571225	4
V	571322	1
V	571418	4
V	571515	1
V	571612	1
V	571709	4
V	571806	4
V	571902	4
V	571999	1
V	572096	1
V	572192	4
V	572288	4
V	572385	4
V	572482	6
V	572578	4
V	572675	6
V	572771	4
V	572867	4
V	572963	1
V	573060	6
V	573157	1
V	573254	4
V	573351	10
V	573448	10
V	573545	8
V	573642	8
V	573739	7
V	573835	7
V	573931	10
V	574028	7
V	574125	7
V	574221	7
V	574317	10
V	574415	7
V	574512	7
V	574609	8
V	574705	10
V	574803	7
V	574900	7
V	574997	8
V	575094	7
V	575191	8
V	575288	8
V	575384	8
V	575480	10
V	575577	7
V	575674	8
V	575771	10
V	575868	8
V	575965	10
V	576063	8
V	576160	8
V	576257	8
V	576353	7
V	576449	10
V	576546	7
V	576643	8
V	576740	7
V	576836	7
V	576933	10
V	577030	7
V	577127	7
V	577224	8
V	577321	7
V	577418	8
V	577514	10
V	577612	10
V	577709	7
V	577806	7
V	577903	8
V	577999	8
V	578095	8
V	578192	10
V	578290	7
V	578387	7
V	578483	8
V	578580	8
V	578677	8
V	578773	10
V	578870	8
V	578967	10
V	579064	8
V	579161	7
V	579258	10
V	579356	7
V	579453	8
V	579549	10
V	579646	7
V	579743	8
V	579840	10
V	579938	10
V	580036	7
V	580133	7
V	580230	10
V	580327	7
V	580424	7
V	580520	10
V	580618	10
V	580716	8
V	580813	8
V	580910	10
V	581007	10
V	581104	7
V	581200	6
V	581296	9
V	581393	1
V	581490	1
V	581586	4
V	581682	4
V	581779	4
V	581876	9
V	581973	9
V	582069	4
V	582166	9
V	582263	9
V	582359	9
V	582456	4
V	582552	9
V	582648	9
V	582745	9
V	582841	9
V	582938	9
V	583034	9
V	583130	9
V	583226	9
V	583322	1
V	583419	1
V	583515	4
V	583612	4
V	583709	4
V	583805	6
V	583901	1
V	583997	1
V	584094	4
V	584190	4
V	584287	6
V	584383	4
V	584479	6
V	584576	6
V	584672	1
V	584769	1
V	584866	1
V	584962	6
V	585059	4
V	585155	4
V	585251	1
V	585347	1
V	585443	4
V	585540	1
V	585637	4
V	585734	1
V	585831	4
V	585928	6
V	586024	1
V	586121	1
V	586218	4
V	586315	4
V	586411	4
V	586508	10
V	586606	10
V	586704	7
V	586801	8
V	586898	8
V	586995	7
V	587091	7
V	587188	7
V	587284	7
V	587381	7
V	587478	8
V	587575	8
V	587671	7
V	587767	8
V	587864	7
V	587960	10
V	588058	10
V	588156	7
V	588253	7
V	588349	10
V	588446	10
V	588544	10
V	588642	7
V	588739	8
V	588835	10
V	588933	8
V	589029	7
V	589126	8
V	589223	8
V	589319	7
V	589416	7
V	589513	10
V	589610	7
V	589707	8
V	589804	10
V	589901	7
V	589998	8
V	590094	7
V	590190	7
V	590287	7
V	590383	7
V	590480	10
V	590578	10
V	590675	8
V	590772	7
V	590868	7
V	590964	7
V	591061	7
V	591158	8
V	591254	10
V	591352	7
V	591448	10
V	591546	7
V	591642	7
V	591739	7
V	591836	8
V	591933	8
V	592030	10
V	592128	10
V	592226	10
V	592323	10
V	592420	10
V	592517	8
V	592613	10
V	592711	7
V	592807	8
V	592903	10
V	593000	10
V	593097	10
V	593194	7
V	593290	8
V	593387	8
V	593484	8
V	593580	10
V	593677	10
V	593774	10
V	593871	8
V	593967	8
V	594063	10
V	594161	10
V	594259	8
V	594356	10
V	594454	7
V	594551	7
V	594647	10
V	594745	7
V	594841	7
V	594938	8
V	595035	8
V	595132	8
V	595228	7
V	595325	1
V	595421	4
V	595518	6
V	595615	9
V	595712	9
V	595809	9
V	595906	9
V	596003	9
V	596099	4
V	596196	9
V	596293	9
V	596390	9
V	596487	9
V	596583	4
V	596680	6
V	596777	9
V	596873	9
V	596970	9
V	597066	9
V	597163	9
V	597260	6
V	597357	1
V	597454	1
V	597550	1
V	597647	1
V	597743	1
V	597840	4
V	597937	4
V	598033	4
V	598129	6
V	598225	7
V	598322	7
V	598419	10
V	598517	7
V	598613	10
V	598711	10
V	598809	7
V	598905	9
V	599002	9
V	599099	9
V	599195	9
V	599292	9
V	599389	9
V	599485	9
V	599582	9
V	599678	9
V	599775	9
V	599872	9
V	599968	9
V	600064	9
V	600161	9
V	600258	9
V	600354	9
V	600451	10
V	600548	10
V	600646	7
V	600742	7
V	600838	8
V	600934	7
V	601031	7
V	601128	8
V	601225	8
V	601322	8
V	601419	8
V	601515	10
V	601612	10
V	601710	10
V	601808	7
V	601905	7
V	602002	10
V	602099	7
V	602195	7
V	602292	8
V	602389	10
V	602486	7
V	602583	8
V	602680	10
V	602777	10
V	602875	7
V	602972	8
V	603068	7
V	603165	8
V	603261	7
V	603358	7
V	603455	10
V	603552	10
V	603650	10
V	603748	10
V	603846	8
V	603943	7
V	604039	8
V	604135	8
V	604231	7
V	604328	7
V	604425	10
V	604522	8
V	604619	10
V	604717	10
V	604815	10
V	604913	7
V	605010	7
V	605107	8
V	605203	10
V	605301	7
V	605398	7
V	605494	8
V	605591	8
V	605688	10
V	605786	10
V	605884	7
V	605980	8
V	606077	10
V	606175	10
V	606273	10
V	606371	10
V	606468	7
V	606564	10
V	606661	10
V	606759	10
V	606857	7
V	606953	8
V	607050	10
V	607147	10
V	607244	7
V	607340	10
V	607438	10
V	607536	8
V	607632	8
V	607729	9
V	607825	9
V	607922	9
V	608018	9
V	608115	9
V	608212	9
V	608309	9
V	608406	9
V	608502	9
V	608598	9
V	608695	9
V	608791	9
V	608888	9
V	608984	9
V	609081	9
V	609178	9
V	609275	9
V	609371	9
V	609468	9
V	609564	9
V	609661	9
V	609757	9
V	609854	9
V	609950	9
V	610047	9
V	610143	9
V	610239	9
V	610335	9
V	610432	9
V	610529	9
V	610626	9
V	610722	9
V	610819	9
V	610916	9
V	611013	9
V	611110	9
V	611207	4
V	611304	1
V	611401	6
V	611497	4
V	611593	4
V	611690	6
V	611786	4
V	611882	4
V	611979	6
V	612075	1
V	612172	1
V	612269	4
V	612366	1
V	612462	6
V	612558	4
V	612655	9
V	612751	9
V	612847	9
V	612943	9
V	613040	9
V	613137	9
V	613234	9
V	613331	9
V	613427	9
V	613523	9
V	613620	6
V	613716	6
V	613812	3
V	613908	1
V	614005	1
V	614102	1
V	614199	1
V	614296	4
V	614393	9
V	614490	9
V	614587	4
V	614683	4
V	614779	6
V	614876	9
V	614972	9
V	615069	9
V	615166	9
V	615263	9
V	615360	9
V	615457	9
V	615554	9
V	615650	9
V	615747	9
V	615844	9
V	615941	9
V	616037	9
V	616134	9
V	616231	9
V	616327	9
V	616423	9
V	616520	9
V	616616	9
V	616713	9
V	616809	9
V	616905	9
V	617002	9
V	617098	9
V	617195	9
V	617292	9
V	617388	9
V	617484	9
V	617581	9
V	617678	9
V	617775	9
V	617872	9
V	617968	9
V	618065	9
V	618161	9
V	618258	4
V	618354	4
V	618450	1
V	618546	6
V	618642	4
V	618739	4
V	618836	4
V	618933	6
V	619030	1
V	619127	4
V	619224	4
V	619320	1
V	619417	4
V	619514	1
V	619610	1
V	619707	9
V	619803	9
V	619899	6
V	619996	1
V	620092	9
V	620189	9
V	620286	1
V	620382	1
V	620478	1
V	620574	9
V	620670	9
V	620767	9
V	620863	9
V	620960	9
V	621057	9
V	621153	9
V	621250	9
V	621347	1
V	621444	1
V	621541	4
V	621638	4
V	621734	4
V	621831	1
V	621928	4
V	622025	1
V	622122	6
V	622219	1
V	622316	1
V	622412	1
V	622508	6
V	622604	4
V	622701	4
V	622797	1
V	622894	1
V	622990	6
V	623087	6
V	623184	1
V	623280	4
V	623376	4
V	623473	4
V	623570	4
V	623667	4
V	623764	6
V	623860	6
V	623956	1
V	624052	1
V	624149	4
V	624246	1
V	624342	1
V	624438	4
V	624535	4
V	624632	1
V	624729	4
V	624825	1
V	624921	1
V	625018	6
V	625115	1
V	625212	4
V	625309	4
V	625406	4
V	625502	1
V	625599	1
V	625696	6
V	625792	4
V	625888	4
V	625985	1
V	626081	4
V	626177	1
V	626274	1
V	626371	4
V	626467	4
V	626563	6
V	626659	1
V	626756	1
V	626852	1
V	626949	1
V	627045	1
V	627141	4
V	627238	4
V	627334	4
V	627430	4
V	627526	6
V	627623	1
V	627719	4
V	627815	4
V	627912	4
V	628008	4
V	628105	4
V	628202	4
V	628299	4
V	628395	1
V	628492	6
V	628588	8
V	628684	10
V	628782	10
V	628880	8
V	628977	8
V	629074	8
V	629171	10
V	629269	10
V	629367	10
V	629464	8
V	629561	10
V	629658	1
V	629755	4
V	629852	6
V	629949	1
V	630046	6
V	630143	6
V	630240	4
V	630336	4
V	630433	6
V	630530	6
V	630627	4
V	630724	4
V	630821	4
V	630918	4
V	631015	6
V	631112	6
V	631208	6
V	631305	6
V	631402	1
V	631498	4
V	631594	4
V	631690	4
V	631786	4
V	631882	6
V	631978	1
V	632074	1
V	632171	1
V	632268	1
V	632364	4
V	632460	4
V	632556	4
V	632653	1
V	632750	1
V	632847	4
V	632943	4
V	633039	4
V	633136	4
V	633232	4
V	633328	6
V	633424	4
V	633521	4
V	633618	6
V	633715	4
V	633812	4
V	633909	6
V	634005	1
V	634102	1
V	634198	1
V	634295	4
V	634391	4
V	634488	1
V	634585	4
V	634682	1
V	634778	1
V	634875	1
V	634972	4
V	635069	4
V	635165	4
V	635262	1
V	635359	4
V	635455	4
V	635551	1
V	635648	1
V	635745	4
V	635842	4
V	635939	4
V	636035	4
V	636132	1
V	636229	4
V	636325	4
V	636422	6
V	636519	4
V	636615	4
V	636711	4
V	636807	6
V	636903	4
V	637000	1
V	637097	4
V	637194	6
V	637290	1
V	637386	1
V	637483	1
V	637580	1
V	637676	1
V	637773	5
V	637869	4
V	637966	1
V	638062	9
V	638158	4
V	638255	6
V	638352	1
V	638449	1
V	638545	4
V	638642	4
V	638739	9
V	638836	9
V	638932	9
V	639029	9
V	639126	9
V	639222	9
V	639318	10
V	639416	10
V	639514	10
V	639611	10
V	639709	7
V	639805	7
V	639902	10
V	640000	8
V	640096	8
V	640193	8
V	640290	7
V	640387	8
V	640484	8
V	640581	10
V	640679	10
V	640777	4
V	640873	6
V	640970	4
V	641066	6
V	641163	1
V	641259	6
V	641356	4
V	641452	1
V	641548	6
V	641645	1
V	641741	1
V	641837	6
V	641934	6
V	642031	1
V	642127	4
V	642223	4
V	642319	4
V	642415	6
V	642512	4
V	642608	4
V	642704	1
V	642801	4
V	642898	4
V	642995	1
V	643091	1
V	643187	1
V	643283	4
V	643379	1
V	643475	1
V	643572	4
V	643669	4
V	643766	1
V	643863	4
V	643960	1
V	644057	1
V	644153	4
V	644250	4
V	644347	4
V	644444	1
V	644540	1
V	644637	6
V	644733	4
V	644830	1
V	644927	4
V	645023	1
V	645120	4
V	645217	1
V	645314	4
V	645410	6
V	645507	6
V	645604	4
V	645701	1
V	645798	4
V	645895	4
V	645991	1
V	646088	1
V	646185	4
V	646282	4
V	646379	4
V	646475	1
V	646572	4
V	646668	4
V	646765	4
V	646862	4
V	646959	4
V	647056	4
V	647152	1
V	647249	4
V	647346	1
V	647442	4
V	647538	1
V	647634	4
V	647730	1
V	647827	1
V	647924	4
V	648021	4
V	648118	6
V	648214	4
V	648310	6
V	648407	6
V	648503	6
V	648600	1
V	648697	4
V	648793	4
V	648890	4
V	648987	4
V	649083	4
V	649180	6
V	649277	1
V	649373	6
V	649470	6
V	649566	4
V	649662	4
V	649758	1
V	649854	1
V	649950	1
V	650047	1
V	650143	1
V	650239	9
V	650336	9
V	650432	9
V	650529	9
V	650626	9
V	650723	9
V	650819	9
V	650915	9
V	651012	9
V	651108	9
V	651205	9
V	651302	9
V	651399	9
V	651495	9
V	651592	9
V	651689	9
V	651786	9
V	651883	9
V	651980	9
V	652077	9
V	652173	9
V	652269	9
V	652366	9
V	652462	9
V	652559	9
V	652656	9
V	652753	9
V	652850	9
V	652946	9
V	653043	9
V	653140	9
V	653236	9
V	653332	9
V	653429	9
V	653526	9
V	653623	7
V	653719	7
V	653816	8
V	653913	8
V	654009	7
V	654106	10
V	654204	8
V	654300	10
V	654398	7
V	654494	8
V	654591	8
V	654688	8
V	654784	8
V	654880	8
V	654977	10
V	655074	7
V	655171	8
V	655268	10
V	655365	10
V	655463	7
V	655560	8
V	655657	10
V	655755	8
V	655851	8
V	655947	8
V	656043	10
V	656141	7
V	656238	8
V	656334	7
V	656431	7
V	656528	10
V	656626	8
V	656723	10
V	656820	8
V	656916	8
V	657012	10
V	657110	6
V	657207	4
V	657303	1
V	657399	6
V	657496	2
V	657592	1
V	657689	4
V	657785	4
V	657882	1
V	657978	6
V	658074	6
V	658170	1
V	658266	4
V	658363	4
V	658459	4
V	658555	1
V	658652	1
V	658748	1
V	658845	1
V	658942	1
V	659038	1
V	659134	1
V	659230	4
V	659326	4
V	659422	1
V	659519	1
V	659615	4
V	659712	6
V	659808	1
V	659904	4
V	660001	4
V	660098	6
V	660194	6
V	660290	1
V	660387	1
V	660483	1
V	660580	1
V	660676	4
V	660773	4
V	660869	4
V	660966	4
V	661062	4
V	661158	1
V	661255	1
V	661352	1
V	661449	1
V	661546	1
V	661643	4
V	661739	4
V	661836	4
V	661933	1
V	662029	1
V	662125	1
V	662222	4
V	662319	4
V	662416	4
V	662513	4
V	662610	4
V	662706	4
V	662802	6
V	662898	4
V	662995	4
V	663092	4
V	663188	4
V	663284	1
V	663381	8
V	663478	10
V	663575	8
V	663672	8
V	663768	10
V	663865	10
V	663963	7
V	664060	7
V	664156	8
V	664252	8
V	664348	8
V	664444	10
V	664542	10
V	664639	8
V	664735	7
V	664831	7
V	664928	8
V	665024	8
V	665120	8
V	665217	8
V	665314	8
V	665411	10
V	665508	10
V	665606	10
V	665703	10
V	665800	7
V	665897	10
V	665995	8
V	666092	8
V	666188	8
V	666284	7
V	666380	7
V	666476	10
V	666573	10
V	666670	8
V	666767	7
V	666864	8
V	666960	10
V	667058	7
V	667155	8
V	667251	8
V	667348	7
V	667445	7
V	667541	8
V	667637	10
V	667735	10
V	667832	9
V	667929	9
V	668026	9
V	668122	9
V	668219	9
V	668316	9
V	668413	9
V	668509	9
V	668605	9
V	668702	9
V	668798	9
V	668894	9
V	668990	9
V	669087	9
V	669183	9
V	669280	9
V	669376	9
V	669472	9
V	669569	9
V	669665	9
V	669761	9
V	669858	9
V	669955	9
V	670052	9
V	670149	9
V	670245	9
V	670342	9
V	670439	9
V	670536	9
V	670632	9
V	670728	9
V	670825	9
V	670921	9
V	671017	1
V	671114	1
V	671210	4
V	671307	6
V	671404	1
V	671500	4
V	671597	1
V	671694	4
V	671790	1
V	671887	1
V	671983	4
V	672080	1
V	672177	1
V	672274	1
V	672371	1
V	672467	4
V	672564	1
V	672660	9
V	672757	9
V	672853	9
V	672950	9
V	673046	9
V	673142	9
V	673239	9
V	673336	9
V	673433	9
V	673530	9
V	673627	9
V	673724	9
V	673821	9
V	673917	9
V	674014	9
V	674111	9
V	674208	9
V	674305	9
V	674401	9
V	674498	9
V	674595	9
V	674691	9
V	674788	9
V	674885	9
V	674981	9
V	675077	9
V	675173	9
V	675269	9
V	675365	9
V	675461	9
V	675557	9
V	675653	9
V	675749	9
V	675846	9
V	675943	9
V	676039	9
V	676135	9
V	676231	9
V	676327	9
V	676423	9
V	676519	9
V	676616	9
V	676712	9
V	676809	9
V	676906	9
V	677002	9
V	677099	9
V	677196	9
V	677292	9
V	677388	9
V	677484	9
V	677580	9
V	677676	9
V	677773	9
V	677870	9
V	677967	9
V	678064	9
V	678161	9
V	678258	4
V	678355	4
V	678452	6
V	678548	6
V	678644	1
V	678741	1
V	678838	1
V	678934	1
V	679031	1
V	679128	4
V	679225	6
V	679321	9
V	679417	6
V	679513	6
V	679609	1
V	679705	9
V	679801	9
V	679897	9
V	679993	9
V	680090	9
V	680186	9
V	680283	1
V	680379	1
V	680476	4
V	680572	1
V	680668	6
V	680764	1
V	680860	1
V	680956	4
V	681053	4
V	681150	1
V	681246	4
V	681342	1
V	681438	1
V	681535	4
V	681632	9
V	681729	6
V	681825	6
V	681922	6
V	682018	6
V	682114	9
V	682211	1
V	682308	1
V	682404	1
V	682500	1
V	682596	4
V	682693	9
V	682790	4
V	682886	1
V	682983	4
V	683080	6
V	683177	1
V	683274	6
V	683371	6
V	683468	1
V	683564	1
V	683660	1
V	683756	1
V	683853	4
V	683949	4
V	684046	4
V	684142	4
V	684238	4
V	684334	4
V	684431	4
V	684528	6
V	684625	1
V	684722	6
V	684819	6
V	684916	6
V	685013	1
V	685110	1
V	685206	4
V	685303	4
V	685400	6
V	685496	6
V	685593	6
V	685690	1
V	685786	1
V	685882	1
V	685979	4
V	686076	4
V	686173	4
V	686270	4
V	686367	4
V	686464	4
V	686560	4
V	686656	6
V	686753	1
V	686849	1
V	686946	1
V	687042	4
V	687138	4
V	687234	4
V	687330	1
V	687426	1
V	687522	1
V	687619	1
V	687715	1
V	687812	4
V	687909	4
V	688005	4
V	688102	4
V	688199	1
V	688296	1
V	688393	4
V	688490	4
V	688586	6
V	688682	1
V	688779	1
V	688875	4
V	688972	4
V	689069	4
V	689166	4
V	689262	1
V	689359	6
V	689455	1
V	689551	1
V	689648	1
V	689744	4
V	689841	4
V	689937	1
V	690034	1
V	690131	4
V	690228	4
V	690324	4
V	690421	1
V	690518	4
V	690615	1
V	690712	1
V	690808	1
V	690904	1
V	691001	4
V	691098	6
V	691194	4
V	691290	4
V	691386	1
V	691483	4
V	691580	1
V	691676	4
V	691773	4
V	691870	6
V	691966	1
V	692062	9
V	692159	9
V	692255	4
V	692351	6
V	692448	6
V	692544	6
V	692641	9
V	692737	1
V	692833	1
V	692929	1
V	693026	1
V	693123	4
V	693220	4
V	693317	6
V	693414	1
V	693510	9
V	693607	9
V	693704	9
V	693801	9
V	693898	4
V	693994	4
V	694091	4
V	694187	9
V	694283	9
V	694380	9
V	694476	9
V	694573	9
V	694670	1
V	694767	4
V	694863	4
V	694960	4
V	695056	6
V	695152	9
V	695248	9
V	695345	9
V	695441	9
V	695538	9
V	695634	9
V	695731	1
V	695827	4
V	695924	1
V	696021	1
V	696117	4
V	696213	4
V	696310	9
V	696406	4
V	696502	4
V	696599	4
V	696696	1
V	696793	1
V	696889	1
V	696986	1
V	697082	1
V	697179	1
V	697276	4
V	697372	1
V	697468	1
V	697564	1
V	697661	4
V	697758	4
V	697855	4
V	697952	6
V	698049	1
V	698146	1
V	698242	4
V	698338	4
V	698435	1
V	698532	1
V	698629	4
V	698725	4
V	698822	4
V	698919	4
V	699016	1
V	699113	6
V	699210	4
V	699307	1
V	699403	1
V	699500	4
V	699597	1
V	699694	1
V	699791	6
V	699887	4
V	699984	1
V	700080	4
V	700177	4
V	700273	4
V	700369	1
V	700466	1
V	700562	4
V	700659	4
V	700756	4
V	700852	1
V	700948	1
V	701045	4
V	701141	4
V	701237	4
V	701333	4
V	701430	1
V	701526	4
V	701623	4
V	701720	4
V	701817	6
V	701913	4
V	702010	4
V	702106	4
V	702203	1
V	702299	4
V	702395	6
V	702492	6
V	702588	1
V	702685	1
V	702782	1
V	702878	1
V	702975	4
V	703072	4
V	703169	4
V	703266	4
V	703362	6
V	703459	1
V	703555	1
V	703652	4
V	703749	1
V	703846	1
V	703943	6
V	704040	4
V	704136	1
V	704232	1
V	704329	4
V	704426	4
V	704522	4
V	704618	1
V	704715	4
V	704811	4
V	704908	1
V	705004	1
V	705100	6
V	705197	4
V	705294	1
V	705390	1
V	705487	4
V	705583	1
V	705679	6
V	705776	1
V	705872	4
V	705969	6
V	706066	4
V	706163	4
V	706260	6
V	706357	10
V	706454	10
V	706552	10
V	706650	8
V	706747	8
V	706843	8
V	706939	10
V	707037	7
V	707134	7
V	707230	8
V	707327	8
V	707424	8
V	707521	7
V	707617	10
V	707714	8
V	707811	7
V	707907	10
V	708004	7
V	708101	10
V	708199	10
V	708297	7
V	708394	7
V	708491	7
V	708587	10
V	708685	10
V	708782	7
V	708878	8
V	708975	7
V	709072	6
V	709168	6
V	709264	6
V	709361	6
V	709458	4
V	709554	1
V	709650	4
V	709746	4
V	709843	4
V	709939	4
V	710036	4
V	710132	1
V	710228	4
V	710325	4
V	710421	4
V	710518	1
V	710615	4
V	710711	4
V	710808	1
V	710904	4
V	711001	4
V	711097	1
V	711193	4
V	711289	1
V	711386	4
V	711482	1
V	711579	6
V	711675	4
V	711772	1
V	711868	4
V	711964	4
V	712061	1
V	712158	6
V	712254	1
V	712350	1
V	712447	1
V	712544	4
V	712640	6
V	712736	1
V	712833	1
V	712929	4
V	713025	4
V	713121	4
V	713218	4
V	713315	4
V	713412	1
V	713509	10
V	713607	10
V	713704	10
V	713802	7
V	713899	8
V	713996	10
V	714094	10
V	714191	8
V	714287	10
V	714384	10
V	714482	10
V	714579	7
V	714676	7
V	714773	7
V	714870	7
V	714967	10
V	715065	7
V	715161	10
V	715258	8
V	715355	7
V	715452	10
V	715549	7
V	715645	8
V	715741	10
V	715839	9
V	715936	9
V	716033	9
V	716129	9
V	716226	9
V	716322	9
V	716418	9
V	716514	9
V	716611	9
V	716708	9
V	716804	9
V	716901	9
V	716997	9
V	717093	7
V	717190	8
V	717286	7
V	717383	7
V	717480	8
V	717576	8
V	717673	10
V	717771	10
V	717869	8
V	717966	8
V	718062	10
V	718159	7
V	718255	7
V	718352	10
V	718449	7
V	718546	7
V	718642	10
V	718740	7
V	718837	10
V	718934	7
V	719031	10
V	719129	8
V	719226	7
V	719323	10
V	719421	8
V	719518	8
V	719615	10
V	719712	8
V	719808	8
V	719905	7
V	720001	7
V	720097	8
V	720194	8
V	720291	7
V	720387	7
V	720484	10
V	720581	7
V	720678	8
V	720775	7
V	720872	10
V	720970	8
V	721066	7
V	721163	7
V	721260	7
V	721357	8
V	721453	10
V	721551	8
V	721648	8
V	721744	10
V	721842	10
V	721940	7
V	722037	8
V	722134	8
V	722231	10
V	722328	8
V	722425	10
V	722522	10
V	722620	10
V	722717	10
V	722814	8
V	722910	8
V	723006	10
V	723104	8
V	723201	7
V	723298	7
V	723394	8
V	723490	10
V	723588	8
V	723685	7
V	723782	8
V	723879	10
V	723977	10
V	724074	7
V	724171	10
V	724268	8
V	724365	10
V	724463	10
V	724561	10
V	724658	10
V	724755	7
V	724852	8
V	724949	8
V	725045	10
V	725143	10
V	725241	10
V	725338	7
V	725434	7
V	725530	8
V	725627	8
V	725724	7
V	725820	7
V	725916	10
V	726014	10
V	726111	7
V	726208	7
V	726304	8
V	726400	8
V	726497	7
V	726593	10
V	726691	7
V	726787	8
V	726883	10
V	726981	10
V	727079	10
V	727177	10
V	727275	7
V	727372	7
V	727469	10
V	727566	8
V	727662	7
V	727759	8
V	727856	8
V	727952	10
V	728050	7
V	728146	8
V	728242	8
V	728339	8
V	728435	8
V	728532	10
V	728630	8
V	728727	8
V	728823	6
V	728920	4
V	729016	4
V	729112	6
V	729208	1
V	729305	4
V	729401	1
V	729498	6
V	729595	4
V	729692	6
V	729788	4
V	729885	4
V	729982	4
V	730078	1
V	730174	1
V	730271	8
V	730368	7
V	730465	8
V	730561	8
V	730657	8
V	730754	7
V	730850	10
V	730948	10
V	731046	10
V	731144	10
V	731241	7
V	731338	10
V	731435	7
V	731531	10
V	731628	10
V	731726	10
V	731823	10
V	731920	10
V	732018	7
V	732114	10
V	732211	8
V	732308	7
V	732404	10
V	732502	10
V	732600	7
V	732696	8
V	732792	7
V	732889	7
V	732985	8
V	733082	8
V	733178	10
V	733276	9
V	733373	9
V	733469	9
V	733566	9
V	733662	9
V	733759	9
V	733856	9
V	733952	9
V	734049	9
V	734146	9
V	734243	9
V	734340	9
V	734436	9
V	734533	9
V	734629	9
V	734725	9
V	734822	9
V	734919	9
V	735016	9
V	735113	9
V	735210	9
V	735306	9
V	735403	9
V	735500	9
V	735597	8
V	735693	8
V	735789	7
V	735886	7
V	735983	7
V	736079	10
V	736176	8
V	736273	8
V	736370	10
V	736467	10
V	736565	7
V	736662	7
V	736759	8
V	736855	8
V	736951	8
V	737048	10
V	737146	7
V	737242	8
V	737338	8
V	737434	8
V	737530	10
V	737627	7
V	737724	7
V	737820	10
V	737917	8
V	738013	7
V	738110	7
V	738206	8
V	738302	7
V	738398	7
V	738495	10
V	738593	10
V	738690	10
V	738788	10
V	738886	10
V	738984	8
V	739080	8
V	739177	10
V	739274	10
V	739372	10
V	739470	10
V	739567	10
V	739665	8
V	739761	7
V	739857	10
V	739955	7
V	740052	10
V	740149	7
V	740246	8
V	740342	10
V	740440	10
V	740537	10
V	740634	8
V	740730	10
V	740827	7
V	740924	8
V	741021	8
V	741118	8
V	741214	8
V	741311	7
V	741407	7
V	741503	8
V	741599	10
V	741697	10
V	741795	8
V	741892	8
V	741988	8
V	742085	8
V	742182	7
V	742278	7
V	742375	8
V	742471	7
V	742568	10
V	742665	8
V	742762	8
V	742859	8
V	742956	7
V	743052	8
V	743149	8
V	743245	10
V	743343	7
V	743439	7
V	743535	7
V	743631	7
V	743728	10
V	743826	10
V	743924	7
V	744020	7
V	744116	7
V	744212	8
V	744308	7
V	744405	8
V	744501	8
V	744597	10
V	744694	8
V	744791	8
V	744887	10
V	744985	7
V	745081	10
V	745179	8
V	745275	10
V	745372	8
V	745468	10
V	745566	8
V	745662	7
V	745758	8
V	745854	8
V	745951	8
V	746048	8
V	746145	10
V	746243	7
V	746340	7
V	746437	7
V	746534	10
V	746631	10
V	746728	7
V	746825	10
V	746923	8
V	747019	7
V	747116	8
V	747212	10
V	747310	1
V	747407	4
V	747503	6
V	747599	4
V	747696	5
V	747792	6
V	747888	6
V	747985	4
V	748081	4
V	748177	4
V	748273	1
V	748369	1
V	748465	4
V	748562	4
V	748659	4
V	748755	4
V	748851	6
V	748948	4
V	749044	1
V	749141	4
V	749238	4
V	749335	4
V	749432	4
V	749528	1
V	749625	4
V	749721	1
V	749818	4
V	749915	4
V	750012	6
V	750109	6
V	750206	4
V	750303	4
V	750399	6
V	750495	1
V	750592	1
V	750688	1
V	750784	4
V	750881	4
V	750978	4
V	751075	4
V	751172	6
V	751268	6
V	751364	6
V	751461	6
V	751557	1
V	751654	4
V	751751	4
V	751848	4
V	751944	1
V	752040	1
V	752136	4
V	752232	4
V	752328	4
V	752424	4
V	752521	6
V	752618	1
V	752714	1
V	752811	4
V	752908	4
V	753004	4
V	753101	4
V	753198	4
V	753294	4
V	753391	4
V	753487	4
V	753584	4
V	753680	1
V	753776	6
V	753872	1
V	753969	6
V	754066	4
V	754163	4
V	754260	1
V	754357	6
V	754453	4
V	754550	8
V	754646	8
V	754743	10
V	754841	10
V	754938	7
V	755035	7
V	755132	8
V	755228	7
V	755324	7
V	755420	8
V	755517	8
V	755614	10
V	755712	10
V	755810	7
V	755906	7
V	756003	8
V	756100	8
V	756197	10
V	756294	7
V	756390	7
V	756487	7
V	756584	8
V	756680	8
V	756776	10
V	756874	7
V	756971	10
V	757068	7
V	757165	7
V	757261	7
V	757357	8
V	757454	8
V	757550	10
V	757647	10
V	757744	8
V	757841	10
V	757939	7
V	758035	10
V	758133	7
V	758230	7
V	758327	7
V	758423	8
V	758520	10
V	758618	10
V	758716	8
V	758812	10
V	758910	8
V	759007	8
V	759104	8
V	759201	10
V	759299	10
V	759397	7
V	759494	7
V	759591	8
V	759688	10
V	759785	10
V	759883	7
V	759980	8
V	760077	10
V	760174	8
V	760271	8
V	760367	7
V	760463	8
V	760559	10
V	760657	10
V	760755	9
V	760852	9
V	760949	9
V	761046	9
V	761143	9
V	761239	9
V	761336	9
V	761432	9
V	761529	9
V	761625	9
V	761722	9
V	761818	9
V	761915	9
V	762011	9
V	762107	9
V	762204	9
V	762301	9
V	762398	9
V	762495	9
V	762592	9
V	762689	9
V	762786	9
V	762882	9
V	762979	9
V	763076	9
V	763173	9
V	763269	9
V	763366	9
V	763463	9
V	763560	9
V	763657	9
V	763753	9
V	763850	9
V	763947	9
V	764044	9
V	764141	1
V	764238	1
V	764334	1
V	764430	1
V	764527	1
V	764623	4
V	764720	4
V	764816	4
V	764913	4
V	765009	4
V	765105	1
V	765201	1
V	765297	4
V	765394	6
V	765491	6
V	765588	9
V	765684	9
V	765781	9
V	765878	9
V	765975	9
V	766072	9
V	766168	9
V	766265	9
V	766362	9
V	766458	9
V	766554	9
V	766651	9
V	766748	9
V	766844	9
V	766941	9
V	767037	9
V	767133	9
V	767230	9
V	767327	9
V	767423	9
V	767520	9
V	767616	9
V	767712	9
V	767808	9
V	767905	9
V	768001	9
V	768097	9
V	768194	9
V	768290	9
V	768386	9
V	768482	9
V	768578	9
V	768675	9
V	768772	9
V	768868	9
V	768964	9
V	769061	9
V	769157	9
V	769253	9
V	769349	9
V	769446	9
V	769543	9
V	769640	9
V	769737	9
V	769834	9
V	769931	9
V	770027	9
V	770124	9
V	770221	9
V	770318	9
V	770414	9
V	770510	9
V	770607	9
V	770703	9
V	770800	9
V	770897	9
V	770993	9
V	771090	9
V	771186	9
V	771282	9
V	771379	9
V	771475	9
V	771572	9
V	771669	9
V	771766	9
V	771862	9
V	771959	9
V	772055	9
V	772152	9
V	772249	9
V	772346	9
V	772442	9
V	772538	9
V	772635	4
V	772731	4
V	772827	4
V	772923	6
V	773019	3
V	773116	1
V	773212	6
V	773309	1
V	773405	9
V	773501	6
V	773597	1
V	773694	6
V	773791	1
V	773887	6
V	773983	9
V	774080	9
V	774177	4
V	774274	4
V	774370	6
V	774467	9
V	774564	9
V	774661	9
V	774757	9
V	774854	9
V	774951	9
V	775048	9
V	775144	9
V	775240	9
V	775336	4
V	775432	4
V	775528	4
V	775625	4
V	775722	4
V	775818	4
V	775915	6
V	776012	4
V	776108	4
V	776205	4
V	776301	4
V	776398	4
V	776495	4
V	776592	4
V	776689	1
V	776786	4
V	776882	6
V	776979	6
V	777076	1
V	777172	4
V	777269	4
V	777365	4
V	777461	4
V	777558	6
V	777654	6
V	777751	1
V	777848	1
V	777945	4
V	778041	9
V	778138	6
V	778234	4
V	778330	4
V	778427	1
V	778523	6
V	778619	1
V	778715	1
V	778812	4
V	778908	4
V	779004	6
V	779101	4
V	779198	6
V	779295	1
V	779392	4
V	779488	6
V	779585	1
V	779681	1
V	779778	4
V	779874	4
V	779970	4
V	780067	4
V	780164	6
V	780261	6
V	780357	6
V	780453	6
V	780550	1
V	780646	1
V	780743	1
V	780840	1
V	780937	5
V	781034	4
V	781130	4
V	781226	4
V	781322	6
V	781419	1
V	781515	1
V	781611	1
V	781708	4
V	781805	4
V	781901	6
V	781997	1
V	782094	4
V	782191	4
V	782288	6
V	782384	4
V	782480	4
V	782577	1
V	782673	4
V	782769	1
V	782866	4
V	782963	4
V	783060	4
V	783157	4
V	783253	4
V	783350	4
V	783447	4
V	783544	4
V	783641	4
V	783738	4
V	783834	1
V	783930	1
V	784027	1
V	784123	1
V	784220	4
V	784316	4
V	784413	6
V	784510	4
V	784607	1
V	784703	4
V	784799	4
V	784895	4
V	784992	1
V	785088	4
V	785185	4
V	785282	1
V	785379	9
V	785476	9
V	785572	9
V	785669	9
V	785766	9
V	785863	4
V	785960	6
V	786057	9
V	786154	9
V	786250	9
V	786347	1
V	786443	4
V	786540	4
V	786637	4
V	786734	9
V	786831	9
V	786927	4
V	787023	4
V	787119	9
V	787216	9
V	787312	9
V	787408	9
V	787504	9
V	787600	9
V	787697	9
V	787794	9
V	787891	9
V	787988	9
V	788085	1
V	788181	1
V	788278	4
V	788375	4
V	788472	1
V	788569	4
V	788665	4
V	788761	4
V	788857	1
V	788954	4
V	789051	4
V	789148	9
V	789244	9
V	789341	9
V	789437	9
V	789533	9
V	789630	9
V	789726	9
V	789823	9
V	789920	9
V	790016	9
V	790112	9
V	790209	9
V	790305	9
V	790401	9
V	790497	9
V	790594	1
V	790690	4
V	790786	1
V	790883	1
V	790980	1
V	791076	4
V	791173	4
V	791270	4
V	791367	4
V	791464	6
V	791561	4
V	791657	4
V	791753	4
V	791850	4
V	791946	4
V	792042	4
V	792139	4
V	792236	4
V	792333	1
V	792429	1
V	792526	1
V	792623	1
V	792720	4
V	792817	4
V	792914	4
V	793011	4
V	793107	6
V	793203	6
V	793300	6
V	793396	4
V	793493	1
V	793590	4
V	793687	5
V	793784	1
V	793880	4
V	793976	1
V	794073	4
V	794169	1
V	794266	6
V	794363	4
V	794459	4
V	794556	1
V	794652	4
V	794748	4
V	794845	6
V	794942	1
V	795038	4
V	795134	6
V	795230	1
V	795326	5
V	795422	4
V	795519	4
V	795615	6
V	795711	4
V	795808	1
V	795905	4
V	796002	1
V	796099	6
V	796195	4
V	796291	4
V	796388	6
V	796485	1
V	796581	1
V	796677	4
V	796774	4
V	796870	4
V	796967	4
V	797064	4
V	797161	1
V	797258	4
V	797355	4
V	797452	4
V	797548	1
V	797645	6
V	797742	6
V	797838	4
V	797934	6
V	798030	4
V	798127	4
V	798223	4
V	798320	4
V	798416	4
V	798513	1
V	798610	6
V	798707	1
V	798804	1
V	798901	1
V	798997	1
V	799093	4
V	799189	4
V	799285	1
V	799382	1
V	799479	1
V	799575	4
V	799672	4
V	799768	1
V	799864	1
V	799961	4
V	800058	6
V	800154	4
V	800250	4
V	800346	4
V	800442	1
V	800538	6
V	800635	4
V	800732	4
V	800829	6
V	800925	6
V	801021	1
V	801117	1
V	801213	1
V	801310	4
V	801406	1
V	801503	4
V	801599	1
V	801695	4
V	801792	4
V	801889	4
V	801985	4
V	802082	4
V	802179	6
V	802276	7
V	802373	8
V	802469	10
V	802567	10
V	802665	10
V	802763	7
V	802860	7
V	802957	10
V	803055	8
V	803152	10
V	803249	7
V	803345	10
V	803443	7
V	803539	10
V	803636	10
V	803734	10
V	803831	7
V	803928	8
V	804024	8
V	804120	6
V	804216	1
V	804313	1
V	804410	1
V	804507	6
V	804604	6
V	804701	4
V	804798	6
V	804895	1
V	804991	4
V	805087	4
V	805184	4
V	805280	4
V	805376	4
V	805472	1
V	805569	1
V	805666	1
V	805762	4
V	805859	1
V	805955	4
V	806051	4
V	806148	1
V	806244	4
V	806341	4
V	806437	1
V	806534	4
V	806630	4
V	806726	1
V	806822	1
V	806919	1
V	807015	4
V	807112	1
V	807209	4
V	807305	4
V	807401	4
V	807497	4
V	807594	4
V	807691	6
V	807787	4
V	807884	1
V	807981	6
V	808077	4
V	808174	1
V	808271	4
V	808367	4
V	808463	4
V	808560	4
V	808657	4
V	808753	6
V	808850	6
V	808946	4
V	809043	1
V	809140	1
V	809236	1
V	809333	9
V	809429	9
V	809525	9
V	809621	9
V	809718	9
V	809814	9
V	809910	9
V	810007	9
V	810104	9
V	810201	9
V	810297	9
V	810393	9
V	810489	9
V	810586	9
V	810683	9
V	810779	9
V	810875	9
V	810972	9
V	811068	9
V	811165	9
V	811262	9
V	811359	9
V	811455	9
V	811551	9
V	811648	9
V	811745	9
V	811841	9
V	811938	9
V	812035	9
V	812131	9
V	812228	9
V	812324	9
V	812421	9
V	812518	9
V	812615	9
V	812712	9
V	812809	9
V	812906	9
V	813003	9
V	813100	9
V	813197	9
V	813294	9
V	813390	9
V	813487	9
V	813584	9
V	813680	9
V	813777	9
V	813874	9
V	813971	9
V	814068	9
V	814165	9
V	814261	9
V	814357	9
V	814453	9
V	814550	9
V	814646	9
V	814742	9
V	814838	9
V	814934	6
V	815031	4
V	815127	4
V	815224	4
V	815321	1
V	815418	4
V	815514	6
V	815611	6
V	815708	1
V	815804	6
V	815901	6
V	815997	4
V	816094	4
V	816191	4
V	816288	9
V	816385	4
V	816482	1
V	816578	9
V	816675	9
V	816772	9
V	816868	9
V	816965	4
V	817062	4
V	817159	4
V	817256	4
V	817352	4
V	817448	1
V	817544	4
V	817641	4
V	817737	4
V	817834	4
V	817931	4
V	818028	4
V	818125	4
V	818222	1
V	818319	4
V	818415	6
V	818511	4
V	818607	1
V	818703	6
V	818800	1
V	818896	1
V	818993	1
V	819090	1
V	819186	9
V	819283	4
V	819380	6
V	819476	9
V	819572	1
V	819669	4
V	819766	4
V	819863	1
V	819959	4
V	820056	1
V	820153	1
V	820249	4
V	820345	1
V	820442	1
V	820539	4
V	820636	4
V	820733	1
V	820830	1
V	820927	6
V	821023	6
V	821120	1
V	821217	1
V	821314	1
V	821410	1
V	821507	1
V	821603	4
V	821700	4
V	821796	4
V	821892	6
V	821989	1
V	822085	4
V	822182	4
V	822279	4
V	822376	6
V	822472	1
V	822568	1
V	822665	1
V	822761	4
V	822857	4
V	822953	4
V	823050	4
V	823147	1
V	823243	4
V	823339	1
V	823436	4
V	823533	4
V	823629	6
V	823725	1
V	823821	6
V	823917	6
V	824014	1
V	824111	1
V	824207	1
V	824303	1
V	824400	1
V	824496	4
V	824593	1
V	824689	4
V	824785	4
V	824882	6
V	824978	1
V	825074	1
V	825171	6
V	825267	4
V	825364	1
V	825461	4
V	825557	6
V	825654	1
V	825750	1
V	825847	4
V	825943	4
V	826039	4
V	826135	1
V	826232	4
V	826328	1
V	826424	4
V	826520	4
V	826617	1
V	826713	6
V	826810	1
V	826907	1
V	827004	1
V	827101	6
V	827198	4
V	827294	4
V	827391	4
V	827487	4
V	827584	1
V	827680	1
V	827776	6
V	827873	6
V	827970	6
V	828067	9
V	828163	1
V	828260	1
V	828357	1
V	828454	1
V	828550	1
V	828646	4
V	828743	4
V	828840	4
V	828936	4
V	829033	9
V	829129	9
V	829225	9
V	829322	9
V	829419	9
V	829515	9
V	829612	9
V	829708	9
V	829804	9
V	829901	4
V	829998	1
V	830095	9
V	830191	9
V	830287	9
V	830384	9
V	830480	1
V	830576	1
V	830673	1
V	830770	4
V	830867	4
V	830964	4
V	831061	4
V	831158	4
V	831255	1
V	831351	6
V	831447	4
V	831544	1
V	831641	6
V	831737	1
V	831834	4
V	831931	6
V	832027	6
V	832123	6
V	832219	9
V	832315	9
V	832412	9
V	832508	9
V	832604	9
V	832701	1
V	832798	1
V	832894	4
V	832991	4
V	833087	4
V	833184	4
V	833280	4
V	833376	1
V	833473	1
V	833570	4
V	833667	1
V	833764	6
V	833860	4
V	833957	4
V	834053	4
V	834150	4
V	834246	1
V	834343	6
V	834440	6
V	834536	1
V	834633	4
V	834729	4
V	834825	4
V	834922	4
V	835018	1
V	835115	4
V	835211	6
V	835308	4
V	835404	6
V	835501	4
V	835597	1
V	835693	4
V	835790	4
V	835886	4
V	835982	4
V	836078	6
V	836175	1
V	836271	4
V	836368	6
V	836464	6
V	836560	4
V	836656	4
V	836753	4
V	836849	1
V	836946	1
V	837042	6
V	837139	4
V	837236	1
V	837333	4
V	837429	1
V	837526	4
V	837623	1
V	837719	1
V	837815	6
V	837912	1
V	838009	4
V	838106	4
V	838202	1
V	838298	1
V	838395	4
V	838491	4
V	838587	1
V	838684	4
V	838780	4
V	838876	1
V	838973	1
V	839070	1
V	839166	6
V	839262	6
V	839358	1
V	839455	4
V	839552	4
V	839649	1
V	839745	1
V	839842	1
V	839938	1
V	840034	4
V	840130	4
V	840227	4
V	840323	4
V	840420	4
V	840516	6
V	840613	6
V	840709	4
V	840806	4
V	840902	4
V	840999	4
V	841095	4
V	841191	1
V	841287	4
V	841384	4
V	841480	1
V	841577	1
V	841674	6
V	841770	7
V	841866	7
V	841962	8
V	842059	8
V	842155	10
V	842252	10
V	842350	7
V	842447	8
V	842544	8
V	842640	10
V	842738	10
V	842836	8
V	842933	7
V	843029	8
V	843125	7
V	843221	8
V	843317	8
V	843414	10
V	843511	7
V	843608	8
V	843704	10
V	843802	10
V	843899	10
V	843997	10
V	844095	7
V	844191	7
V	844288	8
V	844385	10
V	844483	10
V	844581	7
V	844677	8
V	844774	10
V	844872	10
V	844970	10
V	845067	7
V	845163	7
V	845259	7
V	845355	8
V	845452	8
V	845549	10
V	845646	8
V	845743	8
V	845839	7
V	845936	10
V	846034	10
V	846132	10
V	846230	10
V	846327	7
V	846424	7
V	846521	7
V	846618	10
V	846716	7
V	846813	7
V	846910	7
V	847007	8
V	847104	10
V	847201	9
V	847298	9
V	847395	9
V	847491	9
V	847587	9
V	847683	9
V	847780	9
V	847876	9
V	847973	9
V	848069	9
V	848166	9
V	848263	9
V	848360	9
V	848457	9
V	848554	9
V	848650	9
V	848746	9
V	848842	9
V	848939	9
V	849036	9
V	849132	9
V	849229	9
V	849325	9
V	849422	9
V	849518	1
V	849614	1
V	849710	4
V	849806	4
V	849903	4
V	849999	4
V	850096	6
V	850192	4
V	850288	4
V	850384	6
V	850480	4
V	850577	6
V	850673	1
V	850769	1
V	850865	4
V	850962	4
V	851059	6
V	851156	4
V	851253	1
V	851349	1
V	851446	1
V	851542	4
V	851639	4
V	851736	4
V	851833	1
V	851930	1
V	852026	1
V	852123	4
V	852220	1
V	852317	1
V	852414	1
V	852510	1
V	852606	1
V	852703	4
V	852799	1
V	852896	4
V	852993	1
V	853090	4
V	853187	4
V	853283	4
V	853379	6
V	853475	1
V	853572	1
V	853669	6
V	853765	1
V	853862	1
V	853959	4
V	854055	1
V	854151	4
V	854247	1
V	854344	1
V	854440	4
V	854537	4
V	854633	4
V	854730	4
V	854827	4
V	854924	4
V	855020	4
V	855116	4
V	855212	4
V	855309	4
V	855405	1
V	855501	1
V	855597	1
V	855694	4
V	855790	10
V	855887	10
V	855985	7
V	856081	10
V	856178	8
V	856274	8
V	856370	8
V	856467	7
V	856564	7
V	856661	7
V	856758	7
V	856855	7
V	856952	10
V	857050	7
V	857146	10
V	857244	10
V	857341	8
V	857437	7
V	857534	10
V	857632	8
V	857729	10
V	857827	10
V	857925	7
V	858021	10
V	858119	8
V	858216	8
V	858313	4
V	858409	4
V	858506	6
V	858602	1
V	858699	1
V	858796	4
V	858893	1
V	858989	6
V	859085	4
V	859182	6
V	859278	1
V	859374	1
V	859470	4
V	859567	4
V	859664	1
V	859761	4
V	859857	4
V	859953	1
V	860049	4
V	860146	6
V	860243	4
V	860340	1
V	860436	6
V	860532	4
V	860629	1
V	860726	6
V	860822	6
V	860918	4
V	861015	4
V	861111	1
V	861208	1
V	861305	4
V	861402	4
V	861499	4
V	861596	6
V	861693	4
V	861790	4
V	861886	4
V	861983	1
V	862079	1
V	862176	1
V	862272	1
V	862369	4
V	862466	4
V	862563	4
V	862659	4
V	862756	4
V	862853	4
V	862950	1
V	863047	10
V	863144	8
V	863240	8
V	863337	8
V	863434	8
V	863531	7
V	863628	10
V	863725	8
V	863821	7
V	863917	7
V	864013	8
V	864110	10
V	864208	8
V	864305	10
V	864403	10
V	864500	10
V	864598	10
V	864695	9
V	864792	9
V	864888	9
V	864984	9
V	865081	9
V	865178	9
V	865275	9
V	865372	9
V	865469	7
V	865566	7
V	865662	8
V	865759	7
V	865855	7
V	865952	7
V	866049	10
V	866147	10
V	866245	7
V	866341	7
V	866437	7
V	866533	8
V	866630	8
V	866727	8
V	866823	8
V	866920	7
V	867017	8
V	867114	8
V	867211	10
V	867308	10
V	867406	7
V	867502	7
V	867599	8
V	867695	7
V	867792	7
V	867888	7
V	867984	8
V	868080	10
V	868178	8
V	868274	10
V	868371	10
V	868468	7
V	868564	8
V	868660	10
V	868758	7
V	868855	10
V	868953	10
V	869051	7
V	869148	7
V	869244	8
V	869341	10
V	869439	7
V	869535	8
V	869631	7
V	869727	8
V	869824	7
V	869921	7
V	870018	7
V	870114	7
V	870211	8
V	870307	10
V	870405	7
V	870502	7
V	870599	8
V	870696	7
V	870792	7
V	870889	10
V	870987	8
V	871084	8
V	871181	8
V	871277	8
V	871373	8
V	871470	10
V	871568	7
V	871664	7
V	871761	10
V	871858	7
V	871955	8
V	872052	8
V	872149	10
V	872246	10
V	872343	7
V	872440	8
V	872536	8
V	872632	10
V	872729	10
V	872826	10
V	872923	8
V	873019	10
V	873117	7
V	873213	7
V	873309	8
V	873406	8
V	873503	10
V	873601	8
V	873697	8
V	873793	7
V	873889	10
V	873987	10
V	874085	10
V	874183	10
V	874280	7
V	874376	8
V	874473	8
V	874569	7
V	874666	7
V	874763	8
V	874860	10
V	874957	7
V	875053	8
V	875150	7
V	875246	8
V	875342	7
V	875439	8
V	875536	7
V	875632	8
V	875728	10
V	875825	10
V	875923	7
V	876020	7
V	876117	10
V	876215	8
V	876312	8
V	876408	8
V	876505	7
V	876602	8
V	876698	8
V	876794	10
V	876891	7
V	876987	8
V	877083	10
V	877180	4
V	877276	6
V	877373	4
V	877469	1
V	877565	4
V	877662	4
V	877758	6
V	877855	6
V	877952	4
V	878049	4
V	878145	4
V	878242	4
V	878339	1
V	878436	1
V	878532	1
V	878629	4
V	878725	4
V	878822	1
V	878919	6
V	879016	1
V	879112	1
V	879209	6
V	879306	8
V	879402	10
V	879499	8
V	879596	10
V	879694	7
V	879791	8
V	879887	7
V	879984	8
V	880081	7
V	880177	10
V	880274	10
V	880371	7
V	880468	7
V	880565	8
V	880662	8
V	880759	10
V	880856	7
V	880952	8
V	881048	10
V	881145	7
V	881241	10
V	881339	7
V	881435	10
V	881533	8
V	881629	8
V	881725	10
V	881823	7
V	881919	7
V	882016	8
V	882112	7
V	882209	10
V	882307	7
V	882403	7
V	882499	10
V	882596	8
V	882693	8
V	882790	8
V	882887	7
V	882984	8
V	883081	8
V	883178	10
V	883276	8
V	883373	10
V	883471	7
V	883567	10
V	883665	7
V	883762	10
V	883860	7
V	883956	7
V	884053	7
V	884149	7
V	884246	10
V	884344	10
V	884442	7
V	884538	7
V	884635	10
V	884733	10
V	884830	8
V	884927	7
V	885024	7
V	885121	7
V	885217	8
V	885314	10
V	885412	10
V	885509	10
V	885606	7
V	885702	7
V	885799	8
V	885895	10
V	885992	7
V	886089	7
V	886185	10
V	886282	7
V	886379	7
V	886475	7
V	886571	7
V	886668	7
V	886764	7
V	886860	10
V	886957	7
V	887053	7
V	887149	8
V	887245	10
V	887342	10
V	887440	10
V	887538	10
V	887636	8
V	887732	10
V	887830	7
V	887926	7
V	888022	10
V	888119	10
V	888217	7
V	888313	7
V	888410	8
V	888507	10
V	888605	10
V	888703	10
V	888800	10
V	888897	8
V	888994	7
V	889091	7
V	889188	7
V	889284	8
V	889380	7
V	889476	10
V	889574	7
V	889670	10
V	889767	10
V	889865	7
V	889962	6
V	890059	6
V	890155	6
V	890252	1
V	890349	1
V	890445	4
V	890541	4
V	890638	4
V	890735	4
V	890831	4
V	890928	4
V	891025	6
V	891121	1
V	891217	1
V	891314	4
V	891411	1
V	891507	6
V	891603	1
V	891700	1
V	891797	4
V	891893	4
V	891990	6
V	892087	4
V	892184	4
V	892281	1
V	892377	4
V	892473	1
V	892569	1
V	892666	6
V	892763	6
V	892859	9
V	892956	9
V	893052	9
V	893148	9
V	893245	9
V	893341	9
V	893438	9
V	893535	9
V	893632	9
V	893729	9
V	893826	9
V	893923	9
V	894020	9
V	894117	9
V	894214	9
V	894311	9
V	894408	9
V	894505	9
V	894601	9
V	894697	9
V	894793	9
V	894889	9
V	894986	9
V	895083	9
V	895179	9
V	895276	9
V	895372	9
V	895469	9
V	895566	9
V	895662	9
V	895758	9
V	895855	9
V	895951	9
V	896048	9
V	896145	9
V	896241	9
V	896338	9
V	896435	9
V	896532	9
V	896628	9
V	896724	9
V	896821	9
V	896918	9
V	897015	9
V	897112	9
V	897208	9
V	897305	9
V	897401	9
V	897497	9
V	897594	9
V	897691	9
V	897787	9
V	897884	9
V	897981	9
V	898077	9
V	898174	9
V	898270	9
V	898366	9
V	898462	9
V	898559	9
V	898655	9
V	898751	9
V	898847	9
V	898944	9
V	899041	9
V	899138	9
V	899234	9
V	899330	9
V	899427	9
V	899523	9
V	899620	9
V	899716	9
V	899813	9
V	899910	9
V	900007	9
V	900104	9
V	900200	9
V	900297	9
V	900394	4
V	900491	4
V	900587	1
V	900684	1
V	900781	1
V	900878	1
V	900974	4
V	901071	6
V	901167	1
V	901263	6
V	901359	1
V	901455	4
V	901552	6
V	901649	6
V	901745	6
V	901841	6
V	901938	1
V	902035	9
V	902132	9
V	902228	9
V	902325	9
V	902422	1
V	902519	4
V	902616	4
V	902712	1
V	902809	4
V	902905	4
V	903001	4
V	903097	6
V	903194	6
V	903291	1
V	903388	1
V	903484	4
V	903581	9
V	903677	9
V	903774	1
V	903870	1
V	903967	4
V	904064	4
V	904161	9
V	904257	9
V	904354	9
V	904451	9
V	904548	9
V	904645	9
V	904741	1
V	904838	4
V	904934	1
V	905031	6
V	905128	1
V	905224	1
V	905320	1
V	905417	4
V	905514	4
V	905610	4
V	905706	4
V	905803	1
V	905900	4
V	905997	1
V	906093	4
V	906190	6
V	906287	1
V	906384	1
V	906481	4
V	906577	4
V	906673	4
V	906769	1
V	906865	4
V	906962	1
V	907058	4
V	907155	4
V	907252	6
V	907349	6
V	907445	1
V	907541	4
V	907638	4
V	907735	6
V	907832	6
V	907928	1
V	908025	1
V	908122	1
V	908219	4
V	908315	4
V	908412	4
V	908509	1
V	908605	1
V	908701	4
V	908798	1
V	908894	1
V	908991	4
V	909088	4
V	909185	1
V	909282	4
V	909378	6
V	909475	1
V	909572	1
V	909668	6
V	909765	4
V	909862	4
V	909959	4
V	910056	1
V	910152	4
V	910249	4
V	910345	4
V	910442	1
V	910538	1
V	910635	4
V	910732	1
V	910828	1
V	910924	1
V	911020	1
V	911117	4
V	911214	4
V	911311	6
V	911407	4
V	911504	9
V	911601	4
V	911698	6
V	911795	6
V	911892	9
V	911988	9
V	912084	1
V	912181	1
V	912278	4
V	912374	6
V	912471	4
V	912568	4
V	912664	4
V	912760	9
V	912857	9
V	912954	9
V	913051	9
V	913147	9
V	913244	9
V	913341	4
V	913438	4
V	913535	4
V	913631	9
V	913727	9
V	913823	9
V	913920	9
V	914017	1
V	914114	4
V	914211	4
V	914308	4
V	914405	4
V	914502	1
V	914599	4
V	914696	6
V	914793	9
V	914890	9
V	914987	9
V	915084	9
V	915181	9
V	915278	9
V	915375	9
V	915471	9
V	915568	9
V	915665	9
V	915762	9
V	915858	9
V	915955	9
V	916052	9
V	916149	9
V	916246	9
V	916343	9
V	916439	4
V	916536	4
V	916633	6
V	916730	6
V	916826	1
V	916922	1
V	917018	4
V	917114	4
V	917211	9
V	917307	4
V	917403	4
V	917499	4
V	917596	1
V	917693	4
V	917789	1
V	917886	4
V	917983	1
V	918080	1
V	918176	6
V	918273	4
V	918370	4
V	918467	4
V	918563	4
V	918660	6
V	918757	6
V	918853	1
V	918949	4
V	919045	6
V	919141	6
V	919238	6
V	919335	6
V	919431	6
V	919527	4
V	919623	4
V	919720	1
V	919816	1
V	919913	1
V	920010	6
V	920106	4
V	920203	1
V	920300	6
V	920396	4
V	920492	4
V	920588	1
V	920684	4
V	920780	6
V	920877	1
V	920973	1
V	921070	6
V	921166	1
V	921262	4
V	921359	4
V	921455	4
V	921552	1
V	921649	4
V	921746	4
V	921843	6
V	921940	4
V	922036	4
V	922133	1
V	922229	4
V	922325	1
V	922422	1
V	922518	6
V	922615	1
V	922711	1
V	922808	1
V	922904	4
V	923001	4
V	923098	4
V	923194	4
V	923291	6
V	923388	1
V	923485	6
V	923581	6
V	923678	6
V	923774	1
V	923871	4
V	923968	4
V	924064	4
V	924161	4
V	924257	4
V	924354	4
V	924451	4
V	924547	4
V	924644	6
V	924740	1
V	924837	1
V	924934	1
V	925031	4
V	925128	4
V	925224	4
V	925321	1
V	925418	4
V	925514	1
V	925611	1
V	925707	4
V	925804	1
V	925901	4
V	925997	8
V	926094	7
V	926191	8
V	926287	8
V	926384	7
V	926481	7
V	926577	8
V	926674	10
V	926772	10
V	926869	7
V	926966	7
V	927063	8
V	927159	8
V	927256	10
V	927354	10
V	927452	7
V	927549	7
V	927646	8
V	927742	10
V	927840	10
V	927938	10
V	928036	10
V	928133	7
V	928230	8
V	928326	7
V	928423	7
V	928520	8
V	928617	8
V	928714	10
V	928811	10
V	928909	10
V	929006	7
V	929102	8
V	929199	8
V	929295	7
V	929392	10
V	929490	8
V	929586	8
V	929683	8
V	929780	8
V	929877	10
V	929975	10
V	930072	10
V	930169	10
V	930266	10
V	930363	7
V	930460	8
V	930557	7
V	930654	10
V	930752	9
V	930848	9
V	930945	9
V	931041	9
V	931137	9
V	931234	9
V	931330	9
V	931426	9
V	931523	9
V	931619	9
V	931716	9
V	931813	9
V	931910	9
V	932007	9
V	932103	9
V	932200	9
V	932296	9
V	932392	9
V	932489	9
V	932586	9
V	932683	9
V	932779	9
V	932876	9
V	932972	9
V	933069	9
V	933166	9
V	933263	9
V	933360	9
V	933457	9
V	933554	9
V	933651	9
V	933747	9
V	933844	9
V	933940	1
V	934036	4
V	934132	4
V	934229	4
V	934326	4
V	934422	1
V	934519	4
V	934615	6
V	934712	6
V	934808	6
V	934905	4
V	935002	4
V	935099	4
V	935196	1
V	935292	4
V	935389	4
V	935485	1
V	935581	6
V	935677	4
V	935773	4
V	935869	6
V	935965	1
V	936062	4
V	936159	4
V	936255	4
V	936351	4
V	936447	1
V	936544	6
V	936641	4
V	936737	4
V	936834	4
V	936931	1
V	937028	4
V	937125	1
V	937221	4
V	937318	4
V	937415	1
V	937511	4
V	937607	1
V	937703	1
V	937799	4
V	937895	6
V	937992	4
V	938088	6
V	938185	4
V	938281	1
V	938378	1
V	938475	4
V	938571	4
V	938667	4
V	938763	4
V	938860	4
V	938957	1
V	939053	4
V	939150	6
V	939246	6
V	939342	4
V	939438	4
V	939535	4
V	939631	1
V	939727	4
V	939824	7
V	939921	10
V	940018	8
V	940115	7
V	940212	7
V	940308	7
V	940405	7
V	940501	10
V	940598	10
V	940696	7
V	940792	8
V	940889	10
V	940986	10
V	941083	10
V	941180	10
V	941278	8
V	941375	7
V	941471	10
V	941569	7
V	941666	10
V	941764	7
V	941860	8
V	941957	7
V	942054	8
V	942151	8
V	942247	1
V	942343	4
V	942440	4
V	942536	4
V	942633	6
V	942730	1
V	942827	1
V	942924	1
V	943020	4
V	943116	6
V	943213	4
V	943309	4
V	943406	1
V	943503	1
V	943600	1
V	943696	1
V	943793	6
V	943889	4
V	943986	6
V	944083	6
V	944180	6
V	944277	6
V	944374	1
V	944471	1
V	944567	4
V	944663	4
V	944759	4
V	944855	4
V	944952	4
V	945049	4
V	945145	6
V	945241	4
V	945337	4
V	945434	4
V	945530	4
V	945627	1
V	945724	1
V	945820	6
V	945917	6
V	946014	4
V	946111	6
V	946208	1
V	946304	1
V	946400	4
V	946496	4
V	946592	4
V	946689	4
V	946785	1
V	946881	1
V	946978	4
V	947075	4
V	947172	1
V	947268	4
V	947364	1
V	947461	1
V	947558	1
V	947654	4
V	947751	4
V	947848	4
V	947944	1
V	948041	4
V	948137	1
V	948234	1
V	948330	1
V	948427	6
V	948524	7
V	948621	8
V	948718	10
V	948816	10
V	948913	8
V	949010	10
V	949107	8
V	949203	8
V	949300	4
V	949397	8
V	949494	7
V	949590	7
V	949686	8
V	949783	8
V	949880	7
V	949976	7
V	950073	10
V	950171	7
V	950268	10
V	950366	10
V	950464	9
V	950560	9
V	950657	9
V	950754	9
V	950850	9
V	950947	9
V	951044	9
V	951140	9
V	951237	9
V	951333	9
V	951430	7
V	951527	8
V	951624	8
V	951721	10
V	951818	10
V	951916	8
V	952013	10
V	952111	8
V	952207	8
V	952304	10
V	952401	8
V	952498	10
V	952596	10
V	952694	8
V	952791	7
V	952888	8
V	952985	7
V	953082	7
V	953178	10
V	953276	4
V	953372	4
V	953468	6
V	953564	1
V	953661	1
V	953757	4
V	953854	6
V	953950	4
V	954047	6
V	954143	6
V	954240	1
V	954336	4
V	954433	4
V	954529	4
V	954626	4
V	954723	1
V	954819	1
V	954915	1
V	955012	4
V	955108	4
V	955204	1
V	955300	4
V	955397	6
V	955494	1
V	955591	4
V	955688	1
V	955785	6
V	955882	4
V	955979	6
V	956075	6
V	956171	1
V	956267	9
V	956363	9
V	956460	9
V	956557	9
V	956653	9
V	956750	9
V	956847	9
V	956944	9
V	957040	9
V	957137	9
V	957234	9
V	957330	9
V	957426	9
V	957522	9
V	957619	9
V	957715	9
V	957812	9
V	957909	9
V	958006	9
V	958103	9
V	958200	9
V	958297	9
V	958393	9
V	958490	9
V	958587	9
V	958683	9
V	958779	9
V	958875	9
V	958971	9
V	959068	9
V	959164	9
V	959260	9
V	959357	9
V	959454	9
V	959551	9
V	959648	9
V	959744	9
V	959841	9
V	959938	9
V	960034	9
V	960130	9
V	960226	9
V	960322	9
V	960419	9
V	960516	9
V	960612	9
V	960709	9
V	960806	9
V	960902	9
V	960999	9
V	961096	9
V	961192	9
V	961289	9
V	961385	9
V	961482	9
V	961578	9
V	961674	9
V	961771	9
V	961868	9
V	961964	4
V	962061	4
V	962157	1
V	962254	6
V	962351	1
V	962448	1
V	962544	1
V	962640	9
V	962737	4
V	962834	4
V	962931	6
V	963028	1
V	963124	9
V	963220	9
V	963317	9
V	963413	1
V	963509	4
V	963606	4
V	963703	4
V	963799	4
V	963895	4
V	963991	4
V	964088	4
V	964184	4
V	964281	4
V	964378	1
V	964475	4
V	964572	4
V	964669	4
V	964765	6
V	964862	6
V	964958	1
V	965055	4
V	965151	4
V	965248	1
V	965345	4
V	965441	4
V	965538	4
V	965634	4
V	965730	9
V	965826	4
V	965923	4
V	966020	6
V	966117	1
V	966214	9
V	966311	1
V	966408	9
V	966504	9
V	966601	6
V	966697	1
V	966793	4
V	966889	4
V	966986	1
V	967083	1
V	967179	4
V	967276	4
V	967372	4
V	967468	4
V	967565	4
V	967661	4
V	967757	6
V	967854	1
V	967951	1
V	968048	1
V	968145	4
V	968241	4
V	968337	4
V	968433	4
V	968529	4
V	968625	4
V	968722	4
V	968818	6
V	968915	1
V	969011	1
V	969108	4
V	969204	4
V	969300	4
V	969396	4
V	969492	4
V	969588	4
V	969685	6
V	969781	4
V	969877	1
V	969973	4
V	970069	6
V	970166	1
V	970262	1
V	970359	1
V	970456	1
V	970553	4
V	970650	4
V	970747	1
V	970844	1
V	970940	4
V	971037	4
V	971134	1
V	971231	4
V	971328	4
V	971425	4
V	971522	1
V	971619	1
V	971715	4
V	971812	1
V	971908	6
V	972005	4
V	972101	6
V	972198	4
V	972295	1
V	972392	1
V	972488	4
V	972585	6
V	972681	1
V	972778	4
V	972875	1
V	972971	4
V	973068	1
V	973164	4
V	973260	4
V	973357	1
V	973454	1
V	973551	1
V	973648	4
V	973745	4
V	973842	4
V	973939	1
V	974036	4
V	974132	4
V	974228	4
V	974325	4
V	974421	1
V	974518	4
V	974614	4
V	974711	9
V	974808	9
V	974905	9
V	975002	4
V	975099	9
V	975196	9
V	975293	1
V	975390	1
V	975487	1
V	975583	4
V	975680	4
V	975777	4
V	975873	4
V	975969	9
V	976065	9
V	976161	9
V	976258	9
V	976355	9
V	976452	9
V	976548	4
V	976645	4
V	976741	9
V	976838	9
V	976935	9
V	977032	9
V	977129	9
V	977226	9
V	977323	9
V	977420	9
V	977516	1
V	977613	1
V	977710	1
V	977807	4
V	977903	4
V	978000	4
V	978096	4
V	978192	4
V	978289	4
V	978386	4
V	978482	6
V	978578	4
V	978675	4
V	978772	9
V	978868	9
V	978965	9
V	979062	9
V	979158	9
V	979255	4
V	979352	9
V	979449	9
V	979546	9
V	979643	9
V	979739	9
V	979835	9
V	979932	9
V	980028	1
V	980124	4
V	980220	4
V	980316	9
V	980413	4
V	980509	4
V	980606	4
V	980703	1
V	980800	4
V	980896	4
V	980992	1
V	981088	6
V	981185	1
V	981282	6
V	981378	1
V	981475	1
V	981572	1
V	981669	1
V	981765	4
V	981861	4
V	981958	4
V	982054	6
V	982151	6
V	982248	1
V	982345	4
V	982442	1
V	982539	6
V	982635	4
V	982731	4
V	982828	4
V	982924	1
V	983021	1
V	983117	1
V	983214	4
V	983310	1
V	983407	6
V	983504	1
V	983601	4
V	983698	4
V	983795	4
V	983891	4
V	983988	6
V	984084	6
V	984181	6
V	984278	1
V	984374	4
V	984471	4
V	984568	4
V	984665	4
V	984761	1
V	984857	1
V	984954	6
V	985051	4
V	985147	1
V	985243	4
V	985340	4
V	985436	1
V	985533	1
V	985630	4
V	985726	4
V	985822	6
V	985918	4
V	986015	6
V	986112	1
V	986209	1
V	986306	4
V	986403	4
V	986500	1
V	986596	4
V	986692	4
V	986788	4
V	986885	6
V	986982	1
V	987079	1
V	987175	4
V	987272	4
V	987368	4
V	987464	4
V	987560	4
V	987656	4
V	987752	4
V	987849	1
V	987945	1
V	988042	4
V	988139	4
V	988236	4
V	988333	4
V	988429	1
V	988525	1
V	988621	6
V	988717	6
V	988813	8
V	988910	8
V	989007	10
V	989105	10
V	989202	10
V	989299	7
V	989396	8
V	989492	8
V	989588	8
V	989684	10
V	989782	10
V	989880	7
V	989976	8
V	990072	10
V	990170	10
V	990267	8
V	990364	10
V	990461	10
V	990558	10
V	990656	10
V	990753	7
V	990849	10
V	990947	10
V	991045	10
V	991142	8
V	991238	7
V	991335	8
V	991432	10
V	991530	10
V	991628	10
V	991726	7
V	991823	7
V	991920	7
V	992016	7
V	992112	7
V	992209	8
V	992305	8
V	992402	10
V	992500	7
V	992597	7
V	992694	10
V	992792	7
V	992888	8
V	992985	8
V	993082	10
V	993180	7
V	993277	7
V	993374	7
V	993470	10
V	993567	7
V	993663	8
V	993759	10
V	993856	9
V	993953	9
V	994050	9
V	994147	9
V	994244	9
V	994340	9
V	994436	9
V	994532	9
V	994628	9
V	994724	9
V	994821	9
V	994917	9
V	995013	9
V	995110	9
V	995207	9
V	995303	9
V	995399	9
V	995495	9
V	995592	9
V	995689	9
V	995785	9
V	995882	9
V	995979	9
V	996075	9
V	996171	9
V	996267	9
V	996364	9
V	996460	9
V	996557	9
V	996654	9
V	996750	9
V	996847	9
V	996944	6
V	997041	1
V	997138	1
V	997234	1
V	997331	4
V	997428	4
V	997525	4
V	997622	1
V	997719	4
V	997816	4
V	997913	1
V	998010	4
V	998107	4
V	998204	1
V	998301	1
V	998397	4
V	998494	4
V	998591	4
V	998687	4
V	998784	6
V	998881	1
V	998978	4
V	999075	4
V	999171	1
V	999268	6
V	999365	4
V	999462	4
V	999558	4
V	999654	1
V	999750	4
V	999846	1
V	999942	4
V	1000039	1
V	1000136	6
V	1000233	4
V	1000330	1
V	1000426	4
V	1000522	6
V	1000619	6
V	1000716	4
V	1000813	4
V	1000910	4
V	1001006	1
V	1001102	1
V	1001199	4
V	1001296	4
V	1001392	4
V	1001488	6
V	1001585	6
V	1001682	4
V	1001779	4
V	1001876	4
V	1001972	4
V	1002069	4
V	1002165	4
V	1002261	1
V	1002357	1
V	1002454	1
V	1002551	4
V	1002648	6
V	1002744	4
V	1002841	1
V	1002937	6
V	1003034	4
V	1003131	1
V	1003227	4
V	1003323	4
V	1003420	4
V	1003516	4
V	1003612	4
V	1003709	4
V	1003806	1
V	1003902	1
V	1003999	4
V	1004096	4
V	1004192	4
V	1004288	6
V	1004384	4
V	1004481	10
V	1004578	10
V	1004675	10
V	1004773	10
V	1004871	10
V	1004969	8
V	1005066	8
V	1005163	10
V	1005261	10
V	1005359	8
V	1005456	8
V	1005552	10
V	1005649	8
V	1005746	8
V	1005842	10
V	1005939	10
V	1006037	8
V	1006133	8
V	1006229	7
V	1006325	8
V	1006421	10
V	1006518	8
V	1006615	1
V	1006712	1
V	1006808	6
V	1006905	1
V	1007001	6
V	1007097	4
V	1007194	1
V	1007291	1
V	1007387	6
V	1007484	4
V	1007580	1
V	1007677	1
V	1007773	4
V	1007869	6
V	1007965	6
V	1008061	1
V	1008158	1
V	1008254	1
V	1008350	4
V	1008447	4
V	1008543	1
V	1008639	1
V	1008735	4
V	1008831	4
V	1008928	6
V	1009025	1
V	1009121	1
V	1009218	4
V	1009315	6
V	1009411	4
V	1009507	4
V	1009604	1
V	1009700	6
V	1009797	4
V	1009893	4
V	1009990	1
V	1010087	4
V	1010184	1
V	1010280	1
V	1010377	6
V	1010473	4
V	1010570	6
V	1010667	4
V	1010764	1
V	1010861	1
V	1010957	1
V	1011053	1
V	1011150	4
V	1011246	1
V	1011343	6
V	1011440	1
V	1011537	6
V	1011633	4
V	1011729	4
V	1011826	4
V	1011922	1
V	1012018	4
V	1012114	4
V	1012210	4
V	1012307	4
V	1012403	6
V	1012499	7
V	1012596	7
V	1012693	7
V	1012789	7
V	1012885	7
V	1012982	8
V	1013079	8
V	1013176	10
V	1013273	10
V	1013371	7
V	1013468	7
V	1013565	10
V	1013662	8
V	1013759	10
V	1013857	10
V	1013954	8
V	1014051	10
V	1014149	7
V	1014246	10
V	1014343	9
V	1014439	9
V	1014535	9
V	1014632	9
V	1014729	9
V	1014825	9
V	1014921	9
V	1015018	9
V	1015115	9
V	1015212	9
V	1015308	9
V	1015405	9
V	1015502	10
V	1015600	10
V	1015698	7
V	1015795	7
V	1015892	8
V	1015989	8
V	1016085	8
V	1016182	8
V	1016278	10
V	1016375	8
V	1016472	10
V	1016570	8
V	1016667	8
V	1016763	10
V	1016861	10
V	1016959	10
V	1017057	7
V	1017154	8
V	1017251	8
V	1017347	8
V	1017443	7
V	1017539	8
V	1017635	7
V	1017732	8
V	1017829	10
V	1017927	10
V	1018024	10
V	1018122	10
V	1018220	10
V	1018317	7
V	1018413	8
V	1018510	7
V	1018606	10
V	1018704	7
V	1018801	7
V	1018898	10
V	1018996	8
V	1019092	8
V	1019188	10
V	1019286	10
V	1019383	10
V	1019481	8
V	1019577	10
V	1019675	7
V	1019772	10
V	1019870	10
V	1019968	8
V	1020064	8
V	1020160	10
V	1020257	8
V	1020354	8
V	1020451	10
V	1020549	8
V	1020645	7
V	1020742	7
V	1020839	10
V	1020937	10
V	1021034	10
V	1021132	7
V	1021229	7
V	1021326	7
V	1021423	10
V	1021521	10
V	1021619	7
V	1021715	7
V	1021812	10
V	1021910	10
V	1022008	7
V	1022104	10
V	1022202	8
V	1022299	7
V	1022396	7
V	1022493	8
V	1022590	7
V	1022686	8
V	1022782	7
V	1022878	10
V	1022975	7
V	1023072	10
V	1023170	8
V	1023267	10
V	1023364	7
V	1023460	10
V	1023558	10
V	1023655	8
V	1023752	10
V	1023849	7
V	1023945	7
V	1024042	8
V	1024139	8
V	1024236	8
V	1024332	7
V	1024428	8
V	1024525	10
V	1024622	7
V	1024718	7
V	1024814	7
V	1024911	10
V	1025009	10
V	1025107	8
V	1025203	8
V	1025299	7
V	1025396	7
V	1025493	8
V	1025589	8
V	1025686	10
V	1025783	8
V	1025879	10
V	1025977	7
V	1026074	10
V	1026171	7
V	1026268	7
V	1026365	7
V	1026462	8
V	1026559	10
V	1026657	8
V	1026754	7
V	1026851	7
V	1026948	7
V	1027044	10
V	1027142	7
V	1027239	8
V	1027336	8
V	1027432	10
V	1027530	7
V	1027626	10
V	1027724	10
V	1027822	10
V	1027919	10
V	1028016	7
V	1028112	7
V	1028208	7
V	1028305	7
V	1028402	7
V	1028499	8
V	1028596	7
V	1028693	7
V	1028789	7
V	1028886	7
V	1028982	10
V	1029080	7
V	1029177	10
V	1029275	7
V	1029371	8
V	1029468	10
V	1029566	7
V	1029663	8
V	1029760	7
V	1029856	10
V	1029954	10
V	1030052	7
V	1030149	10
V	1030247	7
V	1030344	7
V	1030441	8
V	1030538	8
V	1030635	8
V	1030732	8
V	1030829	10
V	1030927	9
V	1031024	9
V	1031121	9
V	1031217	9
V	1031314	9
V	1031411	9
V	1031508	9
V	1031605	9
V	1031701	9
V	1031797	9
V	1031893	9
V	1031990	9
V	1032086	9
V	1032183	9
V	1032280	9
V	1032377	9
V	1032473	9
V	1032569	9
V	1032665	9
V	1032762	9
V	1032858	7
V	1032955	7
V	1033051	7
V	1033148	8
V	1033245	8
V	1033342	8
V	1033439	8
V	1033536	8
V	1033633	10
V	1033730	10
V	1033828	7
V	1033925	7
V	1034022	8
V	1034119	8
V	1034216	7
V	1034313	10
V	1034411	7
V	1034508	10
V	1034606	7
V	1034703	7
V	1034799	10
V	1034896	7
V	1034993	10
V	1035090	10
V	1035187	10
V	1035285	10
V	1035383	8
V	1035480	7
V	1035577	7
V	1035673	8
V	1035769	7
V	1035865	10
V	1035962	8
V	1036059	10
V	1036157	8
V	1036254	7
V	1036351	10
V	1036449	10
V	1036547	7
V	1036643	8
V	1036740	8
V	1036837	10
V	1036934	7
V	1037030	10
V	1037127	8
V	1037223	7
V	1037320	10
V	1037417	7
V	1037514	8
V	1037611	8
V	1037707	10
V	1037805	7
V	1037902	8
V	1037998	10
V	1038096	8
V	1038193	7
V	1038290	7
V	1038387	10
V	1038485	7
V	1038582	7
V	1038678	7
V	1038775	7
V	1038872	8
V	1038969	10
V	1039066	10
V	1039164	10
V	1039262	10
V	1039360	7
V	1039457	10
V	1039555	7
V	1039651	8
V	1039747	10
V	1039845	8
V	1039942	8
V	1040038	7
V	1040135	7
V	1040232	10
V	1040330	7
V	1040426	7
V	1040522	8
V	1040619	10
V	1040716	7
V	1040812	8
V	1040909	8
V	1041005	8
V	1041102	7
V	1041198	7
V	1041295	7
V	1041392	8
V	1041489	10
V	1041587	10
V	1041684	7
V	1041781	7
V	1041878	8
V	1041975	8
V	1042072	7
V	1042168	7
V	1042265	8
V	1042362	10
V	1042459	8
V	1042556	10
V	1042653	10
V	1042751	10
V	1042849	10
V	1042947	8
V	1043043	8
V	1043139	8
V	1043236	10
V	1043334	10
V	1043432	7
V	1043529	7
V	1043625	8
V	1043721	8
V	1043818	10
V	1043916	7
V	1044012	10
V	1044109	7
V	1044205	8
V	1044302	7
V	1044399	7
V	1044496	7
V	1044593	10
V	1044690	7
V	1044787	7
V	1044883	7
V	1044980	8
V	1045076	8
V	1045173	10
V	1045270	8
V	1045366	7
V	1045463	7
V	1045560	10
V	1045658	10
V	1045755	10
V	1045853	10
V	1045950	6
V	1046046	1
V	1046143	4
V	1046240	1
V	1046337	1
V	1046434	1
V	1046530	1
V	1046627	4
V	1046723	1
V	1046820	1
V	1046917	6
V	1047014	1
V	1047111	1
V	1047208	4
V	1047305	4
V	1047402	4
V	1047499	4
V	1047596	4
V	1047693	1
V	1047790	4
V	1047886	1
V	1047983	1
V	1048080	4
V	1048177	1
V	1048274	4
V	1048370	4
V	1048467	4
V	1048564	9
V	1048661	9
V	1048758	9
V	1048855	9
V	1048951	9
V	1049048	9
V	1049145	9
V	1049242	9
V	1049339	9
V	1049436	9
V	1049533	9
V	1049629	9
V	1049725	9
V	1049822	9
V	1049919	9
V	1050016	9
V	1050112	9
V	1050208	9
V	1050305	9
V	1050402	9
V	1050498	9
V	1050594	9
V	1050691	9
V	1050787	9
V	1050883	9
V	1050980	9
V	1051076	9
V	1051173	9
V	1051269	9
V	1051366	9
V	1051463	9
V	1051560	9
V	1051657	9
V	1051753	9
V	1051850	9
V	1051946	9
V	1052043	9
V	1052139	9
V	1052236	9
V	1052333	9
V	1052430	9
V	1052527	9
V	1052624	9
V	1052721	9
V	1052818	9
V	1052915	9
V	1053012	9
V	1053109	9
V	1053205	9
V	1053302	9
V	1053399	9
V	1053495	9
V	1053592	9
V	1053689	9
V	1053785	9
V	1053882	9
V	1053979	9
V	1054076	9
V	1054172	9
V	1054268	9
V	1054365	9
V	1054461	9
V	1054557	9
V	1054653	9
V	1054749	9
V	1054846	9
V	1054942	9
V	1055039	9
V	1055135	4
V	1055232	4
V	1055329	4
V	1055426	1
V	1055523	4
V	1055619	6
V	1055716	9
V	1055813	4
V	1055909	1
V	1056006	4
V	1056103	4
V	1056200	4
V	1056296	4
V	1056393	4
V	1056490	1
V	1056587	9
V	1056683	2
V	1056779	1
V	1056876	6
V	1056973	6
V	1057069	1
V	1057166	9
V	1057262	9
V	1057358	9
V	1057455	9
V	1057551	9
V	1057647	9
V	1057744	1
V	1057840	4
V	1057936	4
V	1058032	6
V	1058129	1
V	1058225	4
V	1058322	6
V	1058418	1
V	1058514	4
V	1058611	4
V	1058707	1
V	1058804	4
V	1058900	6
V	1058997	1
V	1059094	4
V	1059190	4
V	1059286	6
V	1059383	6
V	1059479	1
V	1059576	9
V	1059672	1
V	1059769	4
V	1059866	4
V	1059963	9
V	1060060	6
V	1060157	1
V	1060253	4
V	1060349	4
V	1060446	4
V	1060543	1
V	1060640	1
V	1060737	1
V	1060834	1
V	1060931	4
V	1061028	4
V	1061124	6
V	1061221	1
V	1061318	1
V	1061414	1
V	1061511	1
V	1061608	4
V	1061704	1
V	1061800	1
V	1061896	4
V	1061992	1
V	1062088	6
V	1062185	6
V	1062281	4
V	1062378	6
V	1062475	4
V	1062572	4
V	1062668	6
V	1062765	1
V	1062862	4
V	1062958	1
V	1063055	4
V	1063151	4
V	1063248	4
V	1063344	6
V	1063441	1
V	1063538	1
V	1063635	1
V	1063732	1
V	1063829	1
V	1063926	4
V	1064023	4
V	1064119	4
V	1064216	4
V	1064312	4
V	1064408	4
V	1064504	4
V	1064601	6
V	1064698	6
V	1064794	1
V	1064891	4
V	1064988	1
V	1065084	6
V	1065181	1
V	1065278	4
V	1065375	6
V	1065471	1
V	1065567	4
V	1065664	4
V	1065760	4
V	1065857	4
V	1065954	6
V	1066051	4
V	1066148	6
V	1066245	6
V	1066342	6
V	1066439	4
V	1066535	4
V	1066631	6
V	1066728	1
V	1066825	6
V	1066922	1
V	1067018	4
V	1067114	1
V	1067210	4
V	1067307	9
V	1067404	9
V	1067501	9
V	1067598	9
V	1067695	9
V	1067791	6
V	1067888	9
V	1067985	9
V	1068081	9
V	1068177	4
V	1068274	4
V	1068371	9
V	1068467	9
V	1068563	9
V	1068659	9
V	1068756	9
V	1068853	9
V	1068950	9
V	1069047	9
V	1069143	9
V	1069239	9
V	1069336	9
V	1069433	9
V	1069530	9
V	1069626	9
V	1069723	9
V	1069819	4
V	1069916	4
V	1070012	9
V	1070109	1
V	1070206	9
V	1070302	9
V	1070398	9
V	1070495	9
V	1070592	9
V	1070689	9
V	1070785	1
V	1070881	1
V	1070978	1
V	1071075	4
V	1071171	4
V	1071268	6
V	1071365	1
V	1071461	9
V	1071558	9
V	1071654	9
V	1071750	9
V	1071846	9
V	1071943	9
V	1072040	9
V	1072136	9
V	1072233	1
V	1072329	4
V	1072425	6
V	1072521	1
V	1072617	1
V	1072713	1
V	1072809	4
V	1072905	4
V	1073001	9
V	1073098	4
V	1073194	4
V	1073290	1
V	1073387	4
V	1073484	6
V	1073581	4
V	1073678	4
V	1073775	4
V	1073872	1
V	1073968	1
V	1074064	1
V	1074160	4
V	1074256	6
V	1074352	1
V	1074448	4
V	1074545	4
V	1074642	4
V	1074738	1
V	1074835	4
V	1074932	4
V	1075029	1
V	1075126	4
V	1075223	6
V	1075319	4
V	1075415	1
V	1075511	4
V	1075607	1
V	1075703	6
V	1075800	6
V	1075897	4
V	1075993	4
V	1076089	6
V	1076185	4
V	1076281	1
V	1076378	6
V	1076474	4
V	1076570	1
V	1076666	1
V	1076763	4
V	1076860	4
V	1076957	4
V	1077053	4
V	1077150	6
V	1077247	4
V	1077343	4
V	1077440	6
V	1077537	4
V	1077633	1
V	1077730	1
V	1077827	4
V	1077923	4
V	1078019	4
V	1078115	6
V	1078211	4
V	1078308	1
V	1078405	1
V	1078502	4
V	1078598	4
V	1078694	4
V	1078790	4
V	1078886	4
V	1078982	6
V	1079078	1
V	1079174	1
V	1079270	1
V	1079366	1
V	1079462	1
V	1079559	4
V	1079655	4
V	1079751	4
V	1079848	6
V	1079944	6
V	1080041	1
V	1080138	4
V	1080234	4
V	1080331	6
V	1080428	1
V	1080524	4
V	1080621	4
V	1080718	4
V	1080815	4
V	1080911	1
V	1081008	6
V	1081105	4
V	1081202	1
V	1081298	1
V	1081395	7
V	1081492	8
V	1081589	10
V	1081687	10
V	1081784	10
V	1081881	8
V	1081978	10
V	1082076	10
V	1082174	7
V	1082271	8
V	1082368	10
V	1082466	10
V	1082564	10
V	1082662	7
V	1082759	8
V	1082855	10
V	1082952	7
V	1083049	7
V	1083146	8
V	1083243	10
V	1083340	10
V	1083438	8
V	1083535	7
V	1083631	8
V	1083728	7
V	1083825	7
V	1083921	7
V	1084018	8
V	1084114	10
V	1084211	10
V	1084308	7
V	1084404	8
V	1084501	8
V	1084598	7
V	1084695	7
V	1084792	10
V	1084890	10
V	1084987	7
V	1085084	7
V	1085181	10
V	1085279	10
V	1085376	8
V	1085473	10
V	1085570	10
V	1085668	8
V	1085764	8
V	1085861	9
V	1085957	9
V	1086053	9
V	1086150	9
V	1086247	9
V	1086343	9
V	1086440	9
V	1086536	9
V	1086633	9
V	1086730	9
V	1086827	9
V	1086924	9
V	1087020	9
V	1087116	9
V	1087212	9
V	1087308	9
V	1087404	9
V	1087501	9
V	1087597	9
V	1087693	9
V	1087789	9
V	1087885	9
V	1087982	9
V	1088079	1
V	1088175	4
V	1088271	1
V	1088367	6
V	1088463	1
V	1088560	1
V	1088656	6
V	1088752	6
V	1088849	6
V	1088945	1
V	1089042	1
V	1089139	1
V	1089235	1
V	1089331	4
V	1089427	4
V	1089523	6
V	1089619	1
V	1089715	4
V	1089812	1
V	1089908	4
V	1090004	4
V	1090101	6
V	1090198	1
V	1090295	4
V	1090392	1
V	1090489	1
V	1090586	4
V	1090682	4
V	1090778	1
V	1090875	1
V	1090972	4
V	1091068	1
V	1091165	1
V	1091262	1
V	1091359	1
V	1091455	4
V	1091552	4
V	1091649	4
V	1091746	1
V	1091843	6
V	1091939	6
V	1092036	4
V	1092133	1
V	1092230	1
V	1092327	6
V	1092424	4
V	1092520	6
V	1092616	6
V	1092713	6
V	1092809	1
V	1092905	1
V	1093001	1
V	1093098	1
V	1093195	4
V	1093291	1
V	1093388	6
V	1093485	1
V	1093581	6
V	1093678	4
V	1093775	1
V	1093871	1
V	1093967	4
V	1094064	4
V	1094160	4
V	1094256	1
V	1094353	1
V	1094450	4
V	1094547	4
V	1094644	6
V	1094741	4
V	1094838	4
V	1094934	1
V	1095031	4
V	1095127	1
V	1095223	4
V	1095319	4
V	1095416	4
V	1095512	1
V	1095609	6
V	1095706	4
V	1095803	4
V	1095900	6
V	1095996	6
V	1096093	1
V	1096190	6
V	1096286	6
V	1096382	4
V	1096478	8
V	1096575	7
V	1096672	8
V	1096768	7
V	1096865	7
V	1096961	8
V	1097058	8
V	1097155	10
V	1097252	10
V	1097350	7
V	1097446	7
V	1097542	8
V	1097639	7
V	1097736	8
V	1097832	7
V	1097928	7
V	1098025	7
V	1098121	10
V	1098218	10
V	1098315	8
V	1098412	8
V	1098509	10
V	1098607	10
V	1098705	7
V	1098801	1
V	1098898	4
V	1098995	4
V	1099092	4
V	1099189	1
V	1099286	6
V	1099383	6
V	1099480	1
V	1099576	4
V	1099673	4
V	1099770	4
V	1099867	1
V	1099963	4
V	1100060	4
V	1100157	4
V	1100253	4
V	1100350	1
V	1100446	6
V	1100542	6
V	1100638	1
V	1100734	4
V	1100831	1
V	1100927	1
V	1101023	1
V	1101119	1
V	1101215	6
V	1101311	4
V	1101407	4
V	1101504	4
V	1101601	1
V	1101697	1
V	1101793	1
V	1101890	4
V	1101987	4
V	1102083	1
V	1102180	4
V	1102276	1
V	1102372	4
V	1102469	4
V	1102565	4
V	1102661	6
V	1102757	6
V	1102854	6
V	1102950	1
V	1103047	1
V	1103143	4
V	1103240	4
V	1103336	6
V	1103432	1
V	1103529	4
V	1103626	4
V	1103723	4
V	1103820	7
V	1103917	10
V	1104014	10
V	1104111	10
V	1104209	6
V	1104305	6
V	1104401	4
V	1104498	4
V	1104595	6
V	1104691	4
V	1104787	4
V	1104884	4
V	1104980	4
V	1105077	4
V	1105174	4
V	1105271	6
V	1105368	1
V	1105465	1
V	1105562	4
V	1105658	4
V	1105754	1
V	1105850	1
V	1105947	6
V	1106044	4
V	1106141	4
V	1106237	1
V	1106334	1
V	1106431	6
V	1106528	1
V	1106625	4
V	1106722	4
V	1106818	6
V	1106915	4
V	1107011	1
V	1107108	4
V	1107204	1
V	1107301	1
V	1107398	4
V	1107495	4
V	1107592	1
V	1107689	6
V	1107786	1
V	1107883	4
V	1107979	4
V	1108076	1
V	1108173	1
V	1108269	1
V	1108365	1
V	1108462	4
V	1108559	4
V	1108656	4
V	1108753	4
V	1108850	4
V	1108947	4
V	1109043	4
V	1109140	6
V	1109236	1
V	1109333	4
V	1109430	4
V	1109527	6
V	1109624	1
V	1109721	1
V	1109817	1
V	1109914	4
V	1110011	4
V	1110107	4
V	1110203	6
V	1110300	1
V	1110396	1
V	1110493	4
V	1110589	4
V	1110685	4
V	1110782	4
V	1110879	4
V	1110976	4
V	1111073	1
V	1111170	6
V	1111266	1
V	1111363	6
V	1111460	8
V	1111557	10
V	1111654	7
V	1111751	7
V	1111848	7
V	1111944	8
V	1112041	10
V	1112138	8
V	1112235	10
V	1112333	8
V	1112430	8
V	1112526	8
V	1112622	8
V	1112719	10
V	1112816	10
V	1112914	7
V	1113010	7
V	1113107	8
V	1113203	8
V	1113300	8
V	1113397	8
V	1113494	8
V	1113591	8
V	1113688	10
V	1113786	10
V	1113884	10
V	1113982	8
V	1114078	8
V	1114174	8
V	1114270	7
V	1114367	8
V	1114463	10
V	1114560	10
V	1114658	7
V	1114755	7
V	1114852	8
V	1114949	8
V	1115045	8
V	1115142	10
V	1115240	10
V	1115338	10
V	1115435	10
V	1115533	10
V	1115631	7
V	1115728	7
V	1115824	7
V	1115921	7
V	1116017	8
V	1116113	10
V	1116211	10
V	1116309	7
V	1116405	7
V	1116501	8
V	1116597	8
V	1116694	10
V	1116792	9
V	1116888	9
V	1116985	9
V	1117082	9
V	1117179	9
V	1117275	9
V	1117372	9
V	1117468	9
V	1117564	9
V	1117661	9
V	1117758	9
V	1117855	9
V	1117952	9
V	1118049	9
V	1118146	9
V	1118243	9
V	1118340	9
V	1118437	9
V	1118534	9
V	1118631	9
V	1118728	9
V	1118825	9
V	1118922	9
V	1119019	9
V	1119115	9
V	1119211	9
V	1119308	9
V	1119405	9
V	1119501	9
V	1119598	1
V	1119695	1
V	1119792	4
V	1119888	4
V	1119985	6
V	1120082	1
V	1120179	1
V	1120275	1
V	1120372	1
V	1120468	4
V	1120564	8
V	1120660	7
V	1120756	7
V	1120853	7
V	1120950	8
V	1121047	4
V	1121144	6
V	1121241	4
V	1121337	4
V	1121433	1
V	1121529	4
V	1121626	6
V	1121722	4
V	1121818	1
V	1121915	1
V	1122012	6
V	1122109	1
V	1122205	4
V	1122302	4
V	1122398	4
V	1122495	4
V	1122591	4
V	1122688	4
V	1122784	4
V	1122881	4
V	1122978	1
V	1123075	4
V	1123172	4
V	1123269	1
V	1123366	6
V	1123463	4
V	1123560	4
V	1123657	1
V	1123754	9
V	1123850	9
V	1123946	9
V	1124042	9
V	1124138	9
V	1124235	9
V	1124331	9
V	1124428	9
V	1124524	9
V	1124621	9
V	1124717	9
V	1124813	9
V	1124909	9
V	1125006	9
V	1125103	9
V	1125200	9
V	1125296	9
V	1125393	9
V	1125490	9
V	1125587	9
V	1125684	9
V	1125780	9
V	1125876	9
V	1125973	9
V	1126070	9
V	1126167	9
V	1126263	9
V	1126360	9
V	1126456	9
V	1126553	9
V	1126649	9
V	1126745	9
V	1126842	9
V	1126938	9
V	1127034	9
V	1127131	9
V	1127228	9
V	1127325	9
V	1127421	9
V	1127517	9
V	1127613	9
V	1127709	9
V	1127806	9
V	1127902	9
V	1127999	9
V	1128095	9
V	1128192	9
V	1128289	9
V	1128386	9
V	1128483	9
V	1128580	9
V	1128677	9
V	1128774	9
V	1128871	9
V	1128968	9
V	1129065	9
V	1129162	9
V	1129259	9
V	1129356	9
V	1129452	9
V	1129548	9
V	1129645	9
V	1129742	9
V	1129839	9
V	1129936	1
V	1130033	6
V	1130130	4
V	1130227	4
V	1130324	1
V	1130421	4
V	1130517	1
V	1130614	6
V	1130710	6
V	1130806	1
V	1130902	9
V	1130998	9
V	1131095	6
V	1131192	9
V	1131288	1
V	1131385	4
V	1131482	4
V	1131579	4
V	1131675	4
V	1131771	6
V	1131867	6
V	1131963	9
V	1132059	9
V	1132155	9
V	1132252	9
V	1132349	9
V	1132445	9
V	1132542	4
V	1132638	4
V	1132735	4
V	1132832	1
V	1132928	4
V	1133025	4
V	1133121	4
V	1133217	6
V	1133313	4
V	1133409	4
V	1133505	4
V	1133602	1
V	1133698	1
V	1133795	4
V	1133891	4
V	1133988	4
V	1134085	6
V	1134182	1
V	1134278	4
V	1134374	4
V	1134470	4
V	1134567	4
V	1134664	1
V	1134761	1
V	1134857	6
V	1134954	6
V	1135051	1
V	1135148	4
V	1135245	4
V	1135341	9
V	1135438	9
V	1135535	9
V	1135632	4
V	1135729	1
V	1135826	4
V	1135923	4
V	1136019	4
V	1136115	4
V	1136212	4
V	1136309	1
V	1136406	1
V	1136503	4
V	1136600	4
V	1136697	4
V	1136793	4
V	1136890	6
V	1136987	6
V	1137083	1
V	1137180	4
V	1137277	4
V	1137373	4
V	1137470	4
V	1137566	4
V	1137663	4
V	1137759	4
V	1137856	4
V	1137953	4
V	1138050	1
V	1138147	1
V	1138244	1
V	1138341	1
V	1138438	6
V	1138534	1
V	1138631	6
V	1138728	1
V	1138824	4
V	1138921	6
V	1139017	1
V	1139114	1
V	1139211	4
V	1139308	4
V	1139404	4
V	1139500	4
V	1139597	6
V	1139694	4
V	1139791	6
V	1139888	1
V	1139984	4
V	1140081	6
V	1140177	1
V	1140274	6
V	1140370	1
V	1140467	4
V	1140564	6
V	1140661	6
V	1140757	4
V	1140853	6
V	1140950	6
V	1141046	1
V	1141143	4
V	1141240	3
V	1141337	4
V	1141434	4
V	1141531	4
V	1141627	6
V	1141723	4
V	1141820	4
V	1141917	4
V	1142013	4
V	1142110	1
V	1142206	4
V	1142302	1
V	1142399	4
V	1142495	4
V	1142592	4
V	1142688	4
V	1142784	1
V	1142880	6
V	1142977	4
V	1143074	6
V	1143170	6
V	1143266	4
V	1143363	4
V	1143459	9
V	1143556	9
V	1143653	9
V	1143749	9
V	1143845	9
V	1143941	4
V	1144037	4
V	1144134	6
V	1144230	9
V	1144326	9
V	1144422	1
V	1144518	1
V	1144614	1
V	1144711	1
V	1144808	4
V	1144905	4
V	1145001	4
V	1145098	4
V	1145195	4
V	1145292	1
V	1145388	9
V	1145485	9
V	1145581	9
V	1145678	9
V	1145775	9
V	1145872	9
V	1145968	9
V	1146064	9
V	1146160	9
V	1146257	9
V	1146354	9
V	1146451	9
V	1146547	9
V	1146644	9
V	1146741	9
V	1146838	6
V	1146934	1
V	1147031	4
V	1147127	4
V	1147223	4
V	1147319	1
V	1147416	1
V	1147513	1
V	1147610	4
V	1147707	1
V	1147804	1
V	1147900	9
V	1147996	9
V	1148093	9
V	1148190	9
V	1148286	9
V	1148383	9
V	1148480	9
V	1148577	9
V	1148673	9
V	1148770	9
V	1148867	9
V	1148964	9
V	1149060	9
V	1149157	9
V	1149254	9
V	1149351	9
V	1149448	9
V	1149544	9
V	1149640	1
V	1149737	9
V	1149834	9
V	1149931	9
V	1150028	4
V	1150124	4
V	1150221	6
V	1150317	1
V	1150413	6
V	1150510	1
V	1150606	4
V	1150702	4
V	1150799	4
V	1150895	4
V	1150991	1
V	1151087	4
V	1151184	4
V	1151281	1
V	1151377	4
V	1151474	6
V	1151570	4
V	1151667	6
V	1151763	6
V	1151859	6
V	1151956	4
V	1152053	4
V	1152150	4
V	1152247	1
V	1152344	4
V	1152441	1
V	1152538	1
V	1152634	1
V	1152731	1
V	1152828	1
V	1152924	1
V	1153021	4
V	1153117	6
V	1153214	4
V	1153311	4
V	1153407	4
V	1153504	6
V	1153600	6
V	1153696	1
V	1153792	1
V	1153888	1
V	1153985	4
V	1154082	4
V	1154179	4
V	1154275	1
V	1154371	1
V	1154468	4
V	1154565	4
V	1154661	1
V	1154758	6
V	1154854	6
V	1154951	4
V	1155048	6
V	1155145	6
V	1155241	4
V	1155337	4
V	1155434	4
V	1155531	4
V	1155627	4
V	1155724	1
V	1155820	4
V	1155917	4
V	1156013	1
V	1156109	6
V	1156205	4
V	1156301	4
V	1156398	4
V	1156494	1
V	1156590	1
V	1156686	4
V	1156783	6
V	1156880	4
V	1156976	4
V	1157073	1
V	1157169	4
V	1157265	1
V	1157361	4
V	1157458	4
V	1157555	4
V	1157652	4
V	1157749	4
V	1157845	4
V	1157942	4
V	1158039	4
V	1158135	6
V	1158232	1
V	1158329	4
V	1158426	10
V	1158524	7
V	1158621	10
V	1158718	10
V	1158816	7
V	1158912	8
V	1159009	10
V	1159107	10
V	1159205	8
V	1159301	10
V	1159399	7
V	1159496	10
V	1159593	7
V	1159690	10
V	1159788	7
V	1159884	8
V	1159980	8
V	1160076	7
V	1160173	10
V	1160271	10
V	1160369	7
V	1160466	7
V	1160562	7
V	1160659	10
V	1160757	1
V	1160853	1
V	1160949	1
V	1161046	1
V	1161143	4
V	1161240	4
V	1161336	6
V	1161432	1
V	1161528	1
V	1161625	1
V	1161722	4
V	1161819	4
V	1161915	4
V	1162011	1
V	1162107	4
V	1162204	1
V	1162301	1
V	1162398	1
V	1162494	4
V	1162591	4
V	1162687	4
V	1162783	4
V	1162879	4
V	1162975	6
V	1163072	1
V	1163168	1
V	1163265	4
V	1163362	6
V	1163459	6
V	1163556	4
V	1163653	4
V	1163750	4
V	1163846	4
V	1163942	6
V	1164039	1
V	1164136	4
V	1164233	4
V	1164329	6
V	1164425	4
V	1164521	4
V	1164618	6
V	1164714	4
V	1164811	1
V	1164908	4
V	1165005	4
V	1165102	6
V	1165199	4
V	1165295	6
V	1165391	1
V	1165487	4
V	1165584	1
V	1165680	7
V	1165777	7
V	1165873	7
V	1165970	8
V	1166066	8
V	1166162	10
V	1166260	10
V	1166358	8
V	1166454	10
V	1166552	8
V	1166648	8
V	1166744	10
V	1166842	8
V	1166939	8
V	1167036	8
V	1167132	7
V	1167228	8
V	1167325	7
V	1167421	7
V	1167517	10
V	1167614	7
V	1167711	8
V	1167808	9
V	1167905	9
V	1168002	9
V	1168099	9
V	1168195	9
V	1168291	9
V	1168388	9
V	1168484	9
V	1168581	9
V	1168677	9
V	1168773	9
V	1168870	9
V	1168967	9
V	1169064	9
V	1169160	7
V	1169257	8
V	1169353	8
V	1169449	10
V	1169547	7
V	1169644	10
V	1169742	7
V	1169839	7
V	1169935	10
V	1170033	10
V	1170131	7
V	1170228	7
V	1170325	7
V	1170422	7
V	1170518	10
V	1170616	10
V	1170714	10
V	1170812	7
V	1170908	7
V	1171005	8
V	1171101	10
V	1171198	10
V	1171296	7
V	1171393	8
V	1171490	10
V	1171587	7
V	1171684	10
V	1171782	7
V	1171879	8
V	1171975	10
V	1172072	7
V	1172168	8
V	1172265	7
V	1172362	10
V	1172459	8
V	1172556	7
V	1172652	7
V	1172748	8
V	1172844	10
V	1172942	10
V	1173039	8
V	1173136	10
V	1173233	8
V	1173330	10
V	1173428	10
V	1173525	7
V	1173622	8
V	1173719	10
V	1173816	10
V	1173914	8
V	1174010	7
V	1174107	7
V	1174204	7
V	1174301	7
V	1174397	10
V	1174494	10
V	1174592	8
V	1174689	10
V	1174786	7
V	1174883	7
V	1174979	8
V	1175075	8
V	1175172	10
V	1175270	8
V	1175367	8
V	1175463	8
V	1175560	8
V	1175656	7
V	1175753	8
V	1175850	8
V	1175946	7
V	1176043	7
V	1176140	7
V	1176236	8
V	1176333	7
V	1176430	8
V	1176526	7
V	1176623	7
V	1176720	8
V	1176817	8
V	1176914	8
V	1177011	8
V	1177108	7
V	1177204	10
V	1177301	8
V	1177398	7
V	1177495	7
V	1177592	7
V	1177689	7
V	1177786	10
V	1177884	10
V	1177982	10
V	1178080	10
V	1178178	8
V	1178275	8
V	1178372	8
V	1178469	8
V	1178566	10
V	1178664	7
V	1178761	7
V	1178857	7
V	1178954	8
V	1179050	7
V	1179146	8
V	1179242	8
V	1179339	10
V	1179437	8
V	1179533	10
V	1179631	8
V	1179727	8
V	1179823	8
V	1179920	7
V	1180016	8
V	1180112	10
V	1180210	7
V	1180307	10
V	1180404	7
V	1180501	10
V	1180599	7
V	1180695	10
V	1180793	8
V	1180889	7
V	1180985	10
V	1181083	10
V	1181181	8
V	1181278	7
V	1181374	10
V	1181472	10
V	1181569	8
V	1181665	7
V	1181762	1
V	1181858	6
V	1181954	6
V	1182050	1
V	1182147	4
V	1182243	4
V	1182339	1
V	1182435	10
V	1182533	8
V	1182629	7
V	1182725	10
V	1182823	10
V	1182920	7
V	1183017	7
V	1183114	10
V	1183212	10
V	1183309	10
V	1183407	10
V	1183505	7
V	1183602	7
V	1183699	8
V	1183796	10
V	1183893	8
V	1183990	10
V	1184088	7
V	1184184	8
V	1184280	10
V	1184378	10
V	1184475	9
V	1184571	9
V	1184668	9
V	1184765	9
V	1184862	9
V	1184959	9
V	1185056	9
V	1185152	9
V	1185249	9
V	1185346	9
V	1185443	9
V	1185540	9
V	1185636	9
V	1185733	7
V	1185829	8
V	1185926	10
V	1186024	8
V	1186121	10
V	1186219	10
V	1186317	8
V	1186414	8
V	1186511	10
V	1186609	7
V	1186706	10
V	1186803	7
V	1186899	10
V	1186997	8
V	1187094	8
V	1187191	10
V	1187289	10
V	1187386	7
V	1187482	10
V	1187580	7
V	1187676	10
V	1187774	10
V	1187872	8
V	1187968	8
V	1188065	10
V	1188163	8
V	1188259	8
V	1188356	10
V	1188454	7
V	1188550	10
V	1188647	10
V	1188744	8
V	1188841	10
V	1188938	8
V	1189034	10
V	1189131	8
V	1189228	8
V	1189324	8
V	1189420	10
V	1189517	8
V	1189614	7
V	1189711	7
V	1189807	7
V	1189904	8
V	1190000	8
V	1190097	10
V	1190195	10
V	1190293	10
V	1190390	7
V	1190487	8
V	1190583	10
V	1190681	10
V	1190778	10
V	1190876	10
V	1190973	8
V	1191069	10
V	1191167	10
V	1191264	7
V	1191361	10
V	1191459	10
V	1191557	8
V	1191654	7
V	1191751	10
V	1191848	7
V	1191945	7
V	1192041	7
V	1192138	8
V	1192235	7
V	1192331	8
V	1192427	10
V	1192525	7
V	1192622	8
V	1192718	10
V	1192816	10
V	1192914	7
V	1193010	8
V	1193106	8
V	1193203	7
V	1193300	10
V	1193397	7
V	1193493	7
V	1193590	8
V	1193687	8
V	1193783	10
V	1193881	10
V	1193978	10
V	1194076	10
V	1194174	10
V	1194271	10
V	1194369	7
V	1194465	8
V	1194562	7
V	1194659	7
V	1194755	8
V	1194851	8
V	1194948	8
V	1195045	8
V	1195142	7
V	1195239	7
V	1195336	7
V	1195433	8
V	1195529	8
V	1195626	10
V	1195723	10
V	1195821	8
V	1195917	7
V	1196013	7
V	1196109	7
V	1196206	7
V	1196303	7
V	1196399	8
V	1196496	10
V	1196594	7
V	1196691	7
V	1196787	7
V	1196884	8
V	1196980	8
V	1197077	8
V	1197174	7
V	1197271	7
V	1197367	7
V	1197464	8
V	1197560	8
V	1197656	8
V	1197752	7
V	1197849	7
V	1197946	8
V	1198042	8
V	1198139	7
V	1198236	6
V	1198333	6
V	1198429	6
V	1198526	1
V	1198623	1
V	1198720	4
V	1198816	4
V	1198913	4
V	1199009	1
V	1199106	4
V	1199203	4
V	1199300	4
V	1199397	1
V	1199494	1
V	1199590	1
V	1199686	6
V	1199782	4
V	1199878	6
V	1199975	4
V	1200071	6
V	1200168	1
V	1200264	4
V	1200361	1
V	1200458	1
V	1200554	4
V	1200651	4
V	1200747	6
V	1200844	4
V	1200940	1
V	1201036	1
V	1201133	1
V	1201229	4
V	1201325	4
V	1201421	4
V	1201517	4
V	1201614	6
V	1201711	1
V	1201807	4
V	1201904	4
V	1202001	1
V	1202098	1
V	1202194	1
V	1202290	6
V	1202387	4
V	1202484	4
V	1202580	1
V	1202677	1
V	1202774	1
V	1202870	1
V	1202967	1
V	1203063	1
V	1203159	1
V	1203256	6
V	1203353	1
V	1203449	1
V	1203546	4
V	1203642	4
V	1203739	4
V	1203836	6
V	1203933	6
V	1204029	1
V	1204125	1
V	1204221	4
V	1204318	4
V	1204415	1
V	1204512	4
V	1204609	4
V	1204706	4
V	1204803	4
V	1204899	4
V	1204996	1
V	1205093	4
V	1205190	6
V	1205287	1
V	1205384	4
V	1205480	4
V	1205576	4
V	1205672	4
V	1205769	4
V	1205865	1
V	1205962	1
V	1206059	10
V	1206157	7
V	1206254	7
V	1206350	8
V	1206446	10
V	1206544	10
V	1206641	7
V	1206738	8
V	1206835	8
V	1206931	8
V	1207028	8
V	1207124	8
V	1207220	8
V	1207317	10
V	1207414	10
V	1207511	8
V	1207608	8
V	1207705	10
V	1207803	10
V	1207901	10
V	1207999	7
V	1208096	8
V	1208193	8
V	1208289	8
V	1208385	10
V	1208482	10
V	1208579	7
V	1208676	8
V	1208773	10
V	1208870	10
V	1208967	7
V	1209064	10
V	1209162	10
V	1209259	7
V	1209356	10
V	1209454	7
V	1209551	8
V	1209648	7
V	1209745	7
V	1209842	7
V	1209939	8
V	1210035	8
V	1210132	8
V	1210229	10
V	1210326	10
V	1210423	9
V	1210520	9
V	1210616	9
V	1210713	9
V	1210809	9
V	1210905	9
V	1211002	9
V	1211098	9
V	1211195	9
V	1211292	9
V	1211389	9
V	1211486	9
V	1211582	9
V	1211678	9
V	1211775	9
V	1211871	9
V	1211967	9
V	1212063	9
V	1212160	9
V	1212256	9
V	1212352	9
V	1212448	9
V	1212544	1
V	1212641	4
V	1212738	1
V	1212835	1
V	1212932	4
V	1213029	8
V	1213126	8
V	1213222	7
V	1213318	10
V	1213416	7
V	1213513	1
V	1213609	1
V	1213705	4
V	1213802	1
V	1213898	4
V	1213994	4
V	1214090	6
V	1214187	1
V	1214283	4
V	1214379	1
V	1214476	6
V	1214572	6
V	1214668	1
V	1214765	1
V	1214861	1
V	1214957	4
V	1215054	4
V	1215151	1
V	1215248	6
V	1215345	4
V	1215442	4
V	1215538	4
V	1215635	6
V	1215732	4
V	1215828	6
V	1215924	1
V	1216021	1
V	1216117	4
V	1216213	4
V	1216309	1
V	1216405	6
V	1216501	1
V	1216598	6
V	1216694	9
V	1216791	9
V	1216888	9
V	1216984	9
V	1217080	9
V	1217176	9
V	1217272	9
V	1217369	9
V	1217465	9
V	1217561	9
V	1217658	9
V	1217754	9
V	1217850	9
V	1217946	9
V	1218042	9
V	1218138	9
V	1218234	9
V	1218330	9
V	1218427	9
V	1218524	9
V	1218621	9
V	1218718	9
V	1218814	9
V	1218911	9
V	1219008	9
V	1219104	9
V	1219201	9
V	1219298	9
V	1219395	9
V	1219491	9
V	1219588	9
V	1219684	9
V	1219781	9
V	1219878	9
V	1219975	9
V	1220072	9
V	1220168	9
V	1220265	9
V	1220362	9
V	1220459	9
V	1220556	9
V	1220652	9
V	1220749	9
V	1220845	9
V	1220941	9
V	1221037	9
V	1221134	9
V	1221231	9
V	1221328	9
V	1221425	9
V	1221522	9
V	1221619	9
V	1221716	9
V	1221813	9
V	1221910	9
V	1222007	9
V	1222104	9
V	1222201	9
V	1222297	9
V	1222394	9
V	1222491	9
V	1222587	9
V	1222684	9
V	1222780	1
V	1222877	1
V	1222974	6
V	1223071	1
V	1223167	6
V	1223264	1
V	1223360	9
V	1223457	9
V	1223554	6
V	1223650	6
V	1223746	4
V	1223843	9
V	1223939	4
V	1224035	4
V	1224132	1
V	1224228	4
V	1224325	6
V	1224421	1
V	1224518	1
V	1224614	9
V	1224710	9
V	1224806	9
V	1224903	4
V	1225000	4
V	1225097	4
V	1225194	1
V	1225290	4
V	1225387	1
V	1225484	6
V	1225580	6
V	1225676	1
V	1225772	6
V	1225869	4
V	1225966	1
V	1226063	1
V	1226159	1
V	1226256	1
V	1226353	4
V	1226450	1
V	1226546	4
V	1226642	4
V	1226739	9
V	1226835	6
V	1226931	6
V	1227028	4
V	1227125	9
V	1227222	9
V	1227319	9
V	1227416	4
V	1227513	4
V	1227610	1
V	1227707	1
V	1227803	4
V	1227900	1
V	1227997	4
V	1228093	6
V	1228189	1
V	1228286	1
V	1228383	1
V	1228480	4
V	1228576	4
V	1228673	4
V	1228770	1
V	1228867	1
V	1228964	1
V	1229060	4
V	1229157	4
V	1229254	4
V	1229350	4
V	1229446	4
V	1229543	1
V	1229640	1
V	1229736	4
V	1229832	4
V	1229929	4
V	1230026	4
V	1230122	1
V	1230219	1
V	1230316	1
V	1230412	1
V	1230509	4
V	1230606	6
V	1230702	1
V	1230799	1
V	1230896	1
V	1230993	4
V	1231090	1
V	1231186	1
V	1231283	1
V	1231380	4
V	1231477	6
V	1231573	4
V	1231669	1
V	1231766	4
V	1231862	4
V	1231959	1
V	1232055	4
V	1232152	1
V	1232249	1
V	1232346	4
V	1232442	4
V	1232539	4
V	1232635	4
V	1232731	6
V	1232828	4
V	1232924	1
V	1233020	1
V	1233116	6
V	1233213	4
V	1233309	4
V	1233406	9
V	1233502	9
V	1233598	9
V	1233694	4
V	1233790	4
V	1233886	4
V	1233983	6
V	1234080	6
V	1234176	9
V	1234273	9
V	1234370	9
V	1234466	1
V	1234563	1
V	1234659	1
V	1234756	4
V	1234853	4
V	1234949	4
V	1235046	9
V	1235143	9
V	1235240	9
V	1235336	9
V	1235433	9
V	1235530	9
V	1235626	9
V	1235723	9
V	1235820	9
V	1235917	9
V	1236014	9
V	1236110	9
V	1236206	9
V	1236303	9
V	1236399	1
V	1236496	1
V	1236593	4
V	1236689	4
V	1236786	4
V	1236882	6
V	1236978	6
V	1237074	4
V	1237170	9
V	1237266	9
V	1237363	9
V	1237460	9
V	1237556	9
V	1237653	9
V	1237750	9
V	1237847	9
V	1237943	1
V	1238039	1
V	1238136	4
V	1238232	4
V	1238328	9
V	1238424	9
V	1238521	4
V	1238618	1
V	1238714	4
V	1238811	4
V	1238908	6
V	1239005	4
V	1239102	4
V	1239198	6
V	1239295	4
V	1239391	4
V	1239487	1
V	1239584	1
V	1239680	1
V	1239776	1
V	1239872	1
V	1239968	4
V	1240065	4
V	1240162	4
V	1240258	1
V	1240354	4
V	1240451	4
V	1240548	1
V	1240645	1
V	1240741	4
V	1240838	1
V	1240935	4
V	1241032	1
V	1241129	1
V	1241226	1
V	1241322	4
V	1241418	4
V	1241514	4
V	1241611	4
V	1241708	4
V	1241805	6
V	1241901	4
V	1241997	4
V	1242094	1
V	1242190	1
V	1242286	1
V	1242383	4
V	1242479	4
V	1242575	6
V	1242672	1
V	1242769	4
V	1242866	4
V	1242962	4
V	1243059	1
V	1243155	1
V	1243252	1
V	1243349	1
V	1243446	1
V	1243543	4
V	1243639	4
V	1243736	4
V	1243832	4
V	1243928	4
V	1244025	1
V	1244121	1
V	1244217	4
V	1244314	4
V	1244411	1
V	1244507	4
V	1244604	1
V	1244701	4
V	1244797	1
V	1244894	6
V	1244991	4
V	1245088	1
V	1245184	1
V	1245280	1
V	1245377	4
V	1245474	1
V	1245570	1
V	1245667	1
V	1245763	4
V	1245859	4
V	1245955	4
V	1246051	6
V	1246147	6
V	1246243	4
V	1246340	1
V	1246436	4
V	1246533	4
V	1246630	4
V	1246726	4
V	1246823	4
V	1246920	4
V	1247016	8
V	1247113	10
V	1247211	10
V	1247309	8
V	1247405	7
V	1247501	10
V	1247599	10
V	1247697	10
V	1247795	8
V	1247891	7
V	1247988	8
V	1248085	8
V	1248181	10
V	1248278	7
V	1248375	10
V	1248473	8
V	1248570	8
V	1248667	10
V	1248764	10
V	1248862	8
V	1248959	4
V	1249056	4
V	1249153	1
V	1249250	1
V	1249346	1
V	1249443	1
V	1249540	6
V	1249636	6
V	1249733	1
V	1249830	4
V	1249927	1
V	1250023	1
V	1250119	1
V	1250216	1
V	1250313	4
V	1250409	6
V	1250505	4
V	1250602	6
V	1250698	4
V	1250795	4
V	1250892	4
V	1250989	1
V	1251086	1
V	1251183	1
V	1251279	1
V	1251375	1
V	1251472	1
V	1251569	1
V	1251665	1
V	1251761	6
V	1251858	4
V	1251954	4
V	1252050	4
V	1252147	4
V	1252244	4
V	1252341	1
V	1252437	1
V	1252534	4
V	1252630	4
V	1252727	4
V	1252824	4
V	1252921	6
V	1253017	1
V	1253114	6
V	1253211	1
V	1253307	6
V	1253403	6
V	1253500	1
V	1253597	4
V	1253693	4
V	1253790	4
V	1253886	1
V	1253983	6
V	1254079	1
V	1254176	1
V	1254272	4
V	1254368	1
V	1254464	4
V	1254560	4
V	1254657	4
V	1254753	1
V	1254850	1
V	1254947	1
V	1255044	4
V	1255141	1
V	1255237	1
V	1255333	4
V	1255429	9
V	1255526	6
V	1255623	9
V	1255720	9
V	1255817	9
V	1255914	9
V	1256010	9
V	1256107	9
V	1256203	9
V	1256300	9
V	1256396	9
V	1256492	9
V	1256589	9
V	1256685	4
V	1256782	4
V	1256879	9
V	1256976	9
V	1257072	9
V	1257169	9
V	1257265	9
V	1257361	9
V	1257458	4
V	1257554	4
V	1257651	4
V	1257748	9
V	1257844	9
V	1257941	9
V	1258038	9
V	1258135	1
V	1258231	1
V	1258328	1
V	1258425	4
V	1258521	4
V	1258618	4
V	1258715	1
V	1258811	4
V	1258907	1
V	1259004	4
V	1259100	9
V	1259197	9
V	1259293	9
V	1259390	9
V	1259486	9
V	1259582	9
V	1259678	4
V	1259775	6
V	1259872	6
V	1259969	1
V	1260066	1
V	1260163	4
V	1260259	4
V	1260356	4
V	1260453	4
V	1260549	4
V	1260645	4
V	1260742	4
V	1260838	4
V	1260935	6
V	1261032	6
V	1261128	4
V	1261225	4
V	1261321	4
V	1261417	1
V	1261513	6
V	1261609	4
V	1261706	1
V	1261802	1
V	1261898	1
V	1261994	1
V	1262090	4
V	1262187	4
V	1262283	6
V	1262379	1
V	1262476	6
V	1262573	1
V	1262669	4
V	1262766	1
V	1262862	4
V	1262959	4
V	1263056	4
V	1263153	6
V	1263250	4
V	1263347	1
V	1263444	4
V	1263540	1
V	1263636	1
V	1263733	4
V	1263830	4
V	1263926	4
V	1264023	4
V	1264119	4
V	1264216	6
V	1264313	6
V	1264409	4
V	1264505	4
V	1264602	4
V	1264699	6
V	1264796	1
V	1264892	1
V	1264988	1
V	1265084	4
V	1265181	1
V	1265277	4
V	1265374	9
V	1265470	9
V	1265566	9
V	1265663	9
V	1265759	9
V	1265856	9
V	1265952	9
V	1266048	9
V	1266144	9
V	1266241	9
V	1266337	9
V	1266434	9
V	1266530	9
V	1266627	9
V	1266724	9
V	1266821	9
V	1266917	9
V	1267013	9
V	1267110	9
V	1267207	9
V	1267304	9
V	1267400	9
V	1267497	9
V	1267593	9
V	1267690	9
V	1267787	9
V	1267884	9
V	1267981	9
V	1268077	9
V	1268174	9
V	1268271	9
V	1268367	9
V	1268463	7
V	1268560	7
V	1268657	10
V	1268755	7
V	1268851	7
V	1268948	7
V	1269044	8
V	1269140	8
V	1269236	1
V	1269332	6
V	1269429	1
V	1269526	1
V	1269622	4
V	1269719	4
V	1269815	4
V	1269911	6
V	1270008	4
V	1270105	4
V	1270202	6
V	1270298	6
V	1270395	1
V	1270492	1
V	1270589	1
V	1270685	4
V	1270782	4
V	1270878	1
V	1270975	1
V	1271072	1
V	1271169	4
V	1271266	4
V	1271362	4
V	1271459	4
V	1271555	4
V	1271652	1
V	1271749	1
V	1271846	1
V	1271942	6
V	1272038	1
V	1272134	1
V	1272230	1
V	1272326	1
V	1272422	4
V	1272518	4
V	1272614	4
V	1272710	4
V	1272807	6
V	1272904	6
V	1273000	6
V	1273097	6
V	1273194	1
V	1273290	1
V	1273387	1
V	1273483	4
V	1273580	4
V	1273677	6
V	1273774	4
V	1273870	1
V	1273967	1
V	1274064	6
V	1274161	4
V	1274258	4
V	1274354	4
V	1274450	4
V	1274547	6
V	1274644	1
V	1274741	4
V	1274837	4
V	1274934	4
V	1275031	1
V	1275127	1
V	1275223	4
V	1275320	6
V	1275417	1
V	1275513	6
V	1275609	1
V	1275706	4
V	1275803	4
V	1275900	1
V	1275997	6
V	1276094	4
V	1276190	1
V	1276286	9
V	1276383	9
V	1276480	9
V	1276576	9
V	1276672	9
V	1276769	9
V	1276865	9
V	1276962	9
V	1277058	9
V	1277155	9
V	1277251	9
V	1277348	9
V	1277445	9
V	1277542	9
V	1277638	9
V	1277735	9
V	1277832	9
V	1277929	9
V	1278026	9
V	1278123	9
V	1278220	9
V	1278317	9
V	1278414	9
V	1278510	9
V	1278607	9
V	1278704	9
V	1278801	9
V	1278897	6
V	1278993	4
V	1279090	4
V	1279187	6
V	1279284	6
V	1279380	6
V	1279477	6
V	1279573	1
V	1279669	1
V	1279765	6
V	1279862	4
V	1279959	6
V	1280055	4
V	1280151	1
V	1280248	9
V	1280344	9
V	1280440	4
V	1280536	4
V	1280633	6
V	1280729	6
V	1280825	1
V	1280921	9
V	1281017	9
V	1281113	9
V	1281210	9
V	1281306	9
V	1281403	9
V	1281499	9
V	1281596	9
V	1281692	1
V	1281789	4
V	1281885	1
V	1281982	4
V	1282079	4
V	1282176	4
V	1282272	6
V	1282369	1
V	1282466	1
V	1282563	4
V	1282660	4
V	1282757	1
V	1282853	4
V	1282950	4
V	1283047	6
V	1283143	6
V	1283240	9
V	1283337	4
V	1283434	7
V	1283531	7
V	1283627	10
V	1283725	10
V	1283823	10
V	1283920	7
V	1284017	8
V	1284114	8
V	1284211	7
V	1284308	8
V	1284405	8
V	1284501	10
V	1284598	10
V	1284695	10
V	1284792	7
V	1284889	7
V	1284986	7
V	1285083	8
V	1285179	10
V	1285277	10
V	1285375	10
V	1285473	8
V	1285570	10
V	1285668	10
V	1285765	8
V	1285862	10
V	1285960	7
V	1286057	8
V	1286154	7
V	1286250	8
V	1286347	10
V	1286445	7
V	1286542	8
V	1286638	10
V	1286736	10
V	1286833	10
V	1286930	7
V	1287027	8
V	1287123	8
V	1287219	8
V	1287315	10
V	1287412	10
V	1287510	7
V	1287606	10
V	1287704	10
V	1287802	9
V	1287899	9
V	1287996	9
V	1288093	9
V	1288189	9
V	1288286	9
V	1288383	9
V	1288479	9
V	1288575	9
V	1288671	9
V	1288768	9
V	1288865	9
V	1288961	9
V	1289058	9
V	1289154	9
V	1289251	9
V	1289348	9
V	1289445	9
V	1289542	9
V	1289639	9
V	1289735	9
V	1289832	9
V	1289928	9
V	1290025	9
V	1290121	9
V	1290218	9
V	1290315	1
V	1290412	1
V	1290508	1
V	1290604	4
V	1290701	1
V	1290797	1
V	1290893	1
V	1290989	6
V	1291086	4
V	1291182	1
V	1291278	6
V	1291374	4
V	1291470	4
V	1291566	6
V	1291663	4
V	1291759	6
V	1291855	6
V	1291952	4
V	1292049	4
V	1292146	4
V	1292242	4
V	1292339	1
V	1292435	4
V	1292532	4
V	1292629	4
V	1292726	1
V	1292823	1
V	1292920	4
V	1293016	1
V	1293113	4
V	1293209	1
V	1293305	1
V	1293402	4
V	1293498	4
V	1293595	1
V	1293692	4
V	1293788	4
V	1293885	4
V	1293981	4
V	1294078	4
V	1294175	1
V	1294271	1
V	1294368	4
V	1294465	4
V	1294562	1
V	1294658	1
V	1294755	4
V	1294851	4
V	1294947	1
V	1295044	1
V	1295140	6
V	1295237	1
V	1295334	4
V	1295431	6
V	1295528	1
V	1295625	4
V	1295722	4
V	1295819	4
V	1295916	4
V	1296012	6
V	1296109	1
V	1296205	4
V	1296302	4
V	1296398	4
V	1296494	6
V	1296591	6
V	1296688	1
V	1296785	1
V	1296882	1
V	1296978	1
V	1297074	1
V	1297170	4
V	1297267	4
V	1297364	4
V	1297460	4
V	1297557	1
V	1297654	4
V	1297751	10
V	1297848	7
V	1297944	7
V	1298041	7
V	1298137	10
V	1298234	7
V	1298330	7
V	1298427	10
V	1298525	10
V	1298623	10
V	1298721	10
V	1298819	7
V	1298915	8
V	1299012	7
V	1299109	8
V	1299206	7
V	1299302	8
V	1299399	10
V	1299496	7
V	1299592	10
V	1299690	7
V	1299787	8
V	1299884	8
V	1299980	8
V	1300077	10
V	1300174	10
V	1300272	10
V	1300370	10
V	1300468	7
V	1300564	8
V	1300661	7
V	1300758	10
V	1300855	10
V	1300952	8
V	1301048	10
V	1301146	7
V	1301243	10
V	1301340	7
V	1301437	4
V	1301533	1
V	1301630	6
V	1301727	1
V	1301823	1
V	1301920	1
V	1302017	4
V	1302114	4
V	1302211	4
V	1302308	1
V	1302405	1
V	1302501	1
V	1302597	1
V	1302693	4
V	1302789	4
V	1302886	4
V	1302982	4
V	1303079	6
V	1303176	4
V	1303272	4
V	1303368	1
V	1303464	1
V	1303561	6
V	1303658	1
V	1303754	1
V	1303850	6
V	1303947	4
V	1304044	4
V	1304141	4
V	1304237	4
V	1304334	4
V	1304430	4
V	1304526	4
V	1304623	4
V	1304719	4
V	1304816	4
V	1304913	1
V	1305010	4
V	1305106	6
V	1305202	1
V	1305298	1
V	1305394	1
V	1305490	4
V	1305587	4
V	1305683	4
V	1305779	4
V	1305876	6
V	1305972	4
V	1306069	6
V	1306166	6
V	1306263	1
V	1306360	1
V	1306456	1
V	1306552	1
V	1306648	4
V	1306744	4
V	1306840	4
V	1306936	4
V	1307032	4
V	1307128	4
V	1307225	4
V	1307321	6
V	1307417	4
V	1307514	1
V	1307610	4
V	1307706	6
V	1307803	1
V	1307900	4
V	1307997	1
V	1308094	1
V	1308191	1
V	1308287	4
V	1308384	1
V	1308481	4
V	1308578	4
V	1308675	1
V	1308772	1
V	1308869	6
V	1308965	6
V	1309062	1
V	1309158	1
V	1309255	4
V	1309351	4
V	1309448	4
V	1309545	6
V	1309642	6
V	1309739	6
V	1309836	6
V	1309933	1
V	1310029	1
V	1310125	1
V	1310221	1
V	1310318	4
V	1310415	1
V	1310511	1
V	1310608	4
V	1310704	4
V	1310800	4
V	1310897	6
V	1310993	4
V	1311089	4
V	1311186	4
V	1311282	4
V	1311378	4
V	1311474	4
V	1311570	4
V	1311667	1
V	1311764	4
V	1311860	1
V	1311957	4
V	1312053	1
V	1312149	6
V	1312246	6
V	1312343	1
V	1312440	1
V	1312537	1
V	1312634	8
V	1312731	8
V	1312827	7
V	1312924	8
V	1313021	7
V	1313117	8
V	1313214	8
V	1313310	10
V	1313407	8
V	1313503	8
V	1313600	10
V	1313698	7
V	1313794	7
V	1313891	8
V	1313987	7
V	1314083	8
V	1314180	7
V	1314276	8
V	1314372	8
V	1314469	8
V	1314566	8
V	1314663	7
V	1314760	7
V	1314856	7
V	1314953	8
V	1315049	8
V	1315146	10
V	1315244	10
V	1315342	8
V	1315439	8
V	1315535	7
V	1315631	7
V	1315728	7
V	1315825	10
V	1315922	7
V	1316018	7
V	1316115	8
V	1316212	7
V	1316308	10
V	1316406	7
V	1316503	8
V	1316599	10
V	1316696	7
V	1316792	10
V	1316889	8
V	1316985	8
V	1317082	10
V	1317179	10
V	1317277	10
V	1317374	8
V	1317471	8
V	1317567	10
V	1317664	7
V	1317761	7
V	1317858	7
V	1317955	8
V	1318052	8
V	1318149	10
V	1318247	7
V	1318344	8
V	1318441	8
V	1318538	7
V	1318635	8
V	1318731	8
V	1318827	8
V	1318924	7
V	1319021	7
V	1319118	7
V	1319215	8
V	1319311	10
V	1319408	10
V	1319506	10
V	1319604	7
V	1319701	7
V	1319797	10
V	1319895	7
V	1319991	7
V	1320087	7
V	1320184	8
V	1320281	10
V	1320379	7
V	1320476	10
V	1320574	8
V	1320670	7
V	1320766	7
V	1320862	8
V	1320958	10
V	1321055	10
V	1321153	10
V	1321250	10
V	1321348	10
V	1321446	10
V	1321543	10
V	1321641	7
V	1321737	7
V	1321834	9
V	1321930	9
V	1322027	9
V	1322124	9
V	1322221	9
V	1322317	9
V	1322414	9
V	1322511	9
V	1322607	9
V	1322704	9
V	1322801	9
V	1322898	9
V	1322995	9
V	1323091	9
V	1323187	9
V	1323284	9
V	1323381	9
V	1323478	9
V	1323575	7
V	1323672	10
V	1323770	7
V	1323867	7
V	1323964	8
V	1324060	10
V	1324158	7
V	1324254	8
V	1324350	8
V	1324447	10
V	1324545	10
V	1324643	7
V	1324740	7
V	1324836	7
V	1324932	8
V	1325029	8
V	1325125	10
V	1325223	8
V	1325320	7
V	1325416	7
V	1325512	10
V	1325610	10
V	1325707	7
V	1325803	8
V	1325899	10
V	1325997	10
V	1326095	8
V	1326192	7
V	1326288	7
V	1326385	7
V	1326481	8
V	1326578	8
V	1326675	8
V	1326772	7
V	1326869	10
V	1326967	10
V	1327065	8
V	1327161	10
V	1327258	10
V	1327355	8
V	1327452	10
V	1327549	10
V	1327647	8
V	1327743	8
V	1327840	10
V	1327938	10
V	1328036	7
V	1328133	7
V	1328230	10
V	1328327	8
V	1328424	8
V	1328520	7
V	1328616	7
V	1328712	7
V	1328809	10
V	1328906	10
V	1329004	8
V	1329101	8
V	1329197	8
V	1329294	10
V	1329391	7
V	1329487	10
V	1329585	8
V	1329682	10
V	1329780	8
V	1329877	7
V	1329973	7
V	1330070	8
V	1330167	8
V	1330263	10
V	1330361	8
V	1330458	7
V	1330555	7
V	1330651	7
V	1330747	7
V	1330844	10
V	1330941	8
V	1331038	8
V	1331135	8
V	1331231	7
V	1331327	7
V	1331424	8
V	1331521	8
V	1331618	10
V	1331715	10
V	1331812	7
V	1331909	7
V	1332006	8
V	1332103	8
V	1332200	8
V	1332297	10
V	1332395	10
V	1332493	8
V	1332589	8
V	1332686	10
V	1332784	7
V	1332880	7
V	1332976	8
V	1333072	8
V	1333168	7
V	1333264	7
V	1333360	7
V	1333456	10
V	1333554	7
V	1333651	10
V	1333749	10
V	1333847	7
V	1333944	8
V	1334041	7
V	1334137	7
V	1334233	8
V	1334330	8
V	1334427	7
V	1334523	7
V	1334619	7
V	1334716	7
V	1334812	7
V	1334909	8
V	1335005	8
V	1335101	8
V	1335198	8
V	1335295	7
V	1335392	10
V	1335489	7
V	1335585	7
V	1335681	7
V	1335778	7
V	1335875	8
V	1335972	10
V	1336070	8
V	1336167	7
V	1336263	7
V	1336360	7
V	1336457	8
V	1336553	10
V	1336651	10
V	1336748	7
V	1336845	8
V	1336942	8
V	1337039	7
V	1337136	8
V	1337233	10
V	1337331	10
V	1337429	7
V	1337526	10
V	1337624	8
V	1337721	8
V	1337818	7
V	1337915	7
V	1338012	9
V	1338109	9
V	1338206	9
V	1338302	9
V	1338398	9
V	1338494	9
V	1338591	9
V	1338687	9
V	1338784	9
V	1338881	9
V	1338978	9
V	1339074	9
V	1339170	9
V	1339266	9
V	1339362	9
V	1339459	9
V	1339556	9
V	1339653	9
V	1339750	9
V	1339847	9
V	1339943	9
V	1340040	8
V	1340137	8
V	1340234	8
V	1340331	7
V	1340427	10
V	1340525	7
V	1340622	10
V	1340719	10
V	1340816	10
V	1340913	10
V	1341011	7
V	1341107	8
V	1341204	10
V	1341301	10
V	1341399	7
V	1341495	7
V	1341592	7
V	1341688	10
V	1341786	7
V	1341883	10
V	1341981	10
V	1342078	7
V	1342175	10
V	1342273	7
V	1342370	8
V	1342467	8
V	1342564	8
V	1342661	10
V	1342759	7
V	1342856	7
V	1342953	8
V	1343050	10
V	1343147	10
V	1343245	10
V	1343343	8
V	1343439	8
V	1343535	10
V	1343633	10
V	1343730	10
V	1343827	7
V	1343924	6
V	1344021	4
V	1344118	1
V	1344215	1
V	1344311	1
V	1344408	4
V	1344505	4
V	1344602	4
V	1344698	9
V	1344795	9
V	1344892	9
V	1344988	4
V	1345084	4
V	1345181	4
V	1345277	4
V	1345373	6
V	1345470	1
V	1345566	1
V	1345663	4
V	1345760	4
V	1345856	9
V	1345953	9
V	1346050	9
V	1346147	9
V	1346244	9
V	1346341	9
V	1346438	9
V	1346535	9
V	1346632	9
V	1346728	9
V	1346825	9
V	1346921	9
V	1347018	9
V	1347115	9
V	1347212	4
V	1347309	6
V	1347406	6
V	1347503	9
V	1347599	6
V	1347695	1
V	1347792	1
V	1347889	4
V	1347986	4
V	1348083	4
V	1348179	4
V	1348276	4
V	1348372	9
V	1348468	9
V	1348565	9
V	1348662	9
V	1348759	9
V	1348855	9
V	1348951	9
V	1349047	9
V	1349144	9
V	1349241	4
V	1349338	9
V	1349434	9
V	1349531	9
V	1349627	9
V	1349724	9
V	1349821	9
V	1349918	9
V	1350015	9
V	1350111	6
V	1350207	1
V	1350304	4
V	1350400	4
V	1350497	4
V	1350594	4
V	1350691	1
V	1350787	1
V	1350883	4
V	1350979	4
V	1351075	1
V	1351171	4
V	1351267	4
V	1351364	4
V	1351461	4
V	1351557	4
V	1351653	9
V	1351750	9
V	1351846	9
V	1351942	9
V	1352039	9
V	1352135	9
V	1352232	9
V	1352329	9
V	1352426	1
V	1352523	6
V	1352620	6
V	1352716	1
V	1352812	1
V	1352909	1
V	1353005	4
V	1353102	4
V	1353198	4
V	1353295	4
V	1353391	4
V	1353487	1
V	1353584	1
V	1353681	1
V	1353778	6
V	1353874	4
V	1353971	4
V	1354068	4
V	1354164	1
V	1354260	1
V	1354357	4
V	1354453	1
V	1354549	4
V	1354645	4
V	1354742	6
V	1354839	1
V	1354935	4
V	1355031	1
V	1355127	1
V	1355224	1
V	1355320	4
V	1355416	4
V	1355513	4
V	1355610	4
V	1355706	6
V	1355803	4
V	1355900	6
V	1355996	1
V	1356092	4
V	1356189	4
V	1356286	4
V	1356383	4
V	1356480	4
V	1356577	4
V	1356673	1
V	1356769	4
V	1356865	4
V	1356961	4
V	1357058	4
V	1357155	4
V	1357252	4
V	1357349	4
V	1357445	9
V	1357541	9
V	1357638	9
V	1357735	9
V	1357831	9
V	1357928	9
V	1358024	9
V	1358120	9
V	1358217	9
V	1358313	9
V	1358410	9
V	1358506	9
V	1358603	9
V	1358700	9
V	1358797	9
V	1358893	9
V	1358990	9
V	1359086	9
V	1359183	9
V	1359280	9
V	1359376	9
V	1359472	9
V	1359569	9
V	1359666	7
V	1359763	7
V	1359859	4
V	1359955	6
V	1360052	4
V	1360149	1
V	1360245	1
V	1360341	1
V	1360437	4
V	1360533	6
V	1360630	1
V	1360727	4
V	1360823	4
V	1360920	4
V	1361017	4
V	1361114	4
V	1361211	6
V	1361307	1
V	1361403	4
V	1361500	4
V	1361597	4
V	1361694	4
V	1361790	4
V	1361887	4
V	1361983	4
V	1362079	4
V	1362175	4
V	1362272	1
V	1362368	4
V	1362465	4
V	1362561	4
V	1362658	4
V	1362755	6
V	1362851	1
V	1362948	4
V	1363045	6
V	1363142	4
V	1363238	1
V	1363335	1
V	1363432	4
V	1363528	4
V	1363625	4
V	1363722	1
V	1363819	4
V	1363915	4
V	1364011	4
V	1364107	1
V	1364203	4
V	1364300	6
V	1364396	4
V	1364493	4
V	1364589	1
V	1364685	1
V	1364781	4
V	1364878	4
V	1364975	1
V	1365071	1
V	1365168	4
V	1365264	1
V	1365361	5
V	1365458	4
V	1365554	4
V	1365650	4
V	1365747	4
V	1365844	4
V	1365941	1
V	1366038	4
V	1366134	1
V	1366230	1
V	1366326	1
V	1366423	9
V	1366519	9
V	1366616	9
V	1366713	9
V	1366810	9
V	1366907	9
V	1367003	9
V	1367100	9
V	1367197	9
V	1367293	9
V	1367390	9
V	1367486	9
V	1367583	9
V	1367680	9
V	1367776	9
V	1367873	9
V	1367970	9
V	1368067	9
V	1368163	9
V	1368260	9
V	1368356	9
V	1368452	9
V	1368548	9
V	1368644	9
V	1368741	9
V	1368838	9
V	1368935	9
V	1369032	9
V	1369129	9
V	1369226	9
V	1369323	9
V	1369420	9
V	1369517	9
V	1369613	4
V	1369710	6
V	1369807	6
V	1369904	6
V	1370000	1
V	1370097	6
V	1370194	4
V	1370290	6
V	1370387	9
V	1370484	9
V	1370581	6
V	1370678	1
V	1370774	1
V	1370870	4
V	1370967	1
V	1371063	6
V	1371160	9
V	1371257	9
V	1371353	9
V	1371449	9
V	1371545	9
V	1371641	1
V	1371738	1
V	1371835	1
V	1371932	1
V	1372029	1
V	1372126	4
V	1372222	4
V	1372319	4
V	1372416	4
V	1372512	4
V	1372609	4
V	1372706	4
V	1372803	4
V	1372900	4
V	1372997	1
V	1373093	4
V	1373190	4
V	1373286	4
V	1373383	6
V	1373480	4
V	1373577	4
V	1373674	4
V	1373771	4
V	1373868	1
V	1373964	8
V	1374060	8
V	1374157	10
V	1374255	10
V	1374353	7
V	1374449	8
V	1374546	10
V	1374644	7
V	1374740	7
V	1374837	10
V	1374934	10
V	1375031	7
V	1375128	7
V	1375225	8
V	1375322	10
V	1375420	10
V	1375517	8
V	1375614	8
V	1375711	10
V	1375808	10
V	1375906	7
V	1376003	7
V	1376100	8
V	1376196	10
V	1376293	10
V	1376391	7
V	1376487	10
V	1376584	10
V	1376681	7
V	1376777	7
V	1376874	8
V	1376970	8
V	1377067	8
V	1377163	8
V	1377260	8
V	1377356	10
V	1377454	7
V	1377551	10
V	1377649	10
V	1377747	7
V	1377844	7
V	1377941	8
V	1378037	10
V	1378135	10
V	1378233	10
V	1378331	10
V	1378428	10
V	1378525	7
V	1378622	8
V	1378719	8
V	1378816	10
V	1378913	10
V	1379011	10
V	1379109	9
V	1379205	9
V	1379301	9
V	1379398	9
V	1379494	9
V	1379591	9
V	1379687	9
V	1379784	9
V	1379881	9
V	1379978	9
V	1380075	9
V	1380171	9
V	1380268	9
V	1380364	9
V	1380461	9
V	1380557	9
V	1380653	9
V	1380749	9
V	1380846	9
V	1380942	9
V	1381038	9
V	1381134	9
V	1381231	9
V	1381327	9
V	1381423	9
V	1381520	9
V	1381617	9
V	1381714	9
V	1381811	9
V	1381907	9
V	1382004	9
V	1382101	9
V	1382198	4
V	1382294	1
V	1382391	4
V	1382488	4
V	1382584	4
V	1382681	6
V	1382778	1
V	1382874	1
V	1382970	4
V	1383066	6
V	1383162	4
V	1383259	6
V	1383356	4
V	1383453	4
V	1383550	6
V	1383647	4
V	1383744	1
V	1383840	1
V	1383937	1
V	1384034	4
V	1384130	1
V	1384226	6
V	1384322	4
V	1384419	6
V	1384515	4
V	1384611	4
V	1384708	1
V	1384805	4
V	1384901	4
V	1384998	1
V	1385095	6
V	1385192	6
V	1385288	4
V	1385385	6
V	1385481	4
V	1385578	1
V	1385675	1
V	1385771	1
V	1385868	4
V	1385964	4
V	1386060	4
V	1386157	1
V	1386254	1
V	1386351	6
V	1386448	4
V	1386544	6
V	1386641	4
V	1386737	6
V	1386833	6
V	1386930	6
V	1387026	6
V	1387123	1
V	1387220	4
V	1387317	4
V	1387413	4
V	1387509	6
V	1387605	1
V	1387702	4
V	1387798	4
V	1387894	4
V	1387991	1
V	1388087	4
V	1388183	4
V	1388279	4
V	1388375	4
V	1388471	4
V	1388567	6
V	1388663	4
V	1388760	4
V	1388856	4
V	1388952	4
V	1389048	1
V	1389144	4
V	1389241	10
V	1389339	8
V	1389435	8
V	1389532	8
V	1389628	7
V	1389724	8
V	1389820	7
V	1389917	8
V	1390013	10
V	1390111	8
V	1390207	10
V	1390304	7
V	1390401	7
V	1390497	10
V	1390595	10
V	1390693	8
V	1390790	10
V	1390887	8
V	1390983	7
V	1391080	7
V	1391177	7
V	1391274	8
V	1391371	8
V	1391467	10
V	1391564	7
V	1391661	10
V	1391759	7
V	1391856	8
V	1391953	8
V	1392050	8
V	1392146	8
V	1392243	10
V	1392340	10
V	1392437	8
V	1392533	8
V	1392629	7
V	1392725	1
V	1392822	1
V	1392918	1
V	1393014	4
V	1393111	6
V	1393208	6
V	1393305	6
V	1393402	1
V	1393498	6
V	1393594	1
V	1393691	4
V	1393788	1
V	1393884	1
V	1393980	4
V	1394077	4
V	1394174	1
V	1394270	1
V	1394366	4
V	1394463	1
V	1394560	6
V	1394656	4
V	1394753	6
V	1394850	4
V	1394947	6
V	1395044	4
V	1395141	4
V	1395238	1
V	1395334	1
V	1395431	4
V	1395528	4
V	1395624	6
V	1395721	4
V	1395818	6
V	1395915	1
V	1396012	6
V	1396108	1
V	1396205	4
V	1396302	1
V	1396399	6
V	1396495	1
V	1396591	1
V	1396688	1
V	1396785	1
V	1396882	4
V	1396978	4
V	1397074	4
V	1397171	6
V	1397268	4
V	1397364	6
V	1397461	1
V	1397558	4
V	1397654	4
V	1397751	4
V	1397848	6
V	1397945	1
V	1398042	1
V	1398139	6
V	1398235	4
V	1398332	4
V	1398428	4
V	1398525	1
V	1398622	6
V	1398719	1
V	1398815	1
V	1398912	4
V	1399009	4
V	1399105	1
V	1399202	4
V	1399298	4
V	1399395	1
V	1399492	1
V	1399589	4
V	1399685	1
V	1399781	1
V	1399878	4
V	1399975	1
V	1400071	1
V	1400168	4
V	1400265	1
V	1400361	4
V	1400457	6
V	1400553	4
V	1400649	4
V	1400746	4
V	1400843	4
V	1400940	4
V	1401037	4
V	1401133	4
V	1401230	4
V	1401326	1
V	1401422	4
V	1401519	6
V	1401616	6
V	1401713	1
V	1401810	1
V	1401906	1
V	1402003	1
V	1402099	4
V	1402195	4
V	1402292	6
V	1402388	6
V	1402484	1
V	1402581	4
V	1402678	4
V	1402774	4
V	1402870	1
V	1402966	4
V	1403062	6
V	1403159	7
V	1403255	8
V	1403352	10
V	1403450	7
V	1403547	8
V	1403643	8
V	1403740	8
V	1403837	10
V	1403934	7
V	1404030	7
V	1404127	8
V	1404223	7
V	1404319	7
V	1404415	8
V	1404512	10
V	1404609	8
V	1404706	7
V	1404803	8
V	1404899	10
V	1404997	10
V	1405094	10
V	1405192	8
V	1405289	8
V	1405386	8
V	1405483	10
V	1405580	10
V	1405677	10
V	1405774	10
V	1405872	7
V	1405968	7
V	1406065	7
V	1406162	8
V	1406259	10
V	1406357	7
V	1406454	8
V	1406550	10
V	1406647	10
V	1406744	10
V	1406841	7
V	1406938	7
V	1407035	8
V	1407132	7
V	1407229	8
V	1407325	8
V	1407421	7
V	1407517	7
V	1407614	8
V	1407711	10
V	1407808	10
V	1407905	7
V	1408002	8
V	1408099	9
V	1408195	9
V	1408292	9
V	1408389	9
V	1408485	9
V	1408582	9
V	1408679	9
V	1408776	9
V	1408872	9
V	1408969	9
V	1409065	9
V	1409161	9
V	1409258	9
V	1409355	9
V	1409451	9
V	1409547	9
V	1409644	9
V	1409740	9
V	1409836	9
V	1409933	9
V	1410030	9
V	1410127	9
V	1410224	9
V	1410320	9
V	1410417	9
V	1410514	9
V	1410610	9
V	1410706	9
V	1410803	9
V	1410900	9
V	1410997	9
V	1411093	9
V	1411189	9
V	1411286	9
V	1411383	9
V	1411480	9
V	1411577	9
V	1411674	9
V	1411771	9
V	1411868	9
V	1411964	9
V	1412060	4
V	1412156	4
V	1412253	1
V	1412350	4
V	1412447	1
V	1412544	4
V	1412641	1
V	1412738	4
V	1412834	4
V	1412930	4
V	1413027	4
V	1413123	1
V	1413220	1
V	1413316	1
V	1413413	6
V	1413510	4
V	1413606	1
V	1413702	4
V	1413799	1
V	1413895	4
V	1413992	1
V	1414089	4
V	1414186	6
V	1414283	4
V	1414380	1
V	1414477	4
V	1414573	4
V	1414670	1
V	1414766	1
V	1414863	4
V	1414959	4
V	1415056	4
V	1415152	4
V	1415248	4
V	1415345	4
V	1415442	6
V	1415539	1
V	1415635	1
V	1415731	4
V	1415827	1
V	1415924	1
V	1416020	1
V	1416116	6
V	1416213	1
V	1416309	1
V	1416405	1
V	1416501	4
V	1416598	4
V	1416694	4
V	1416790	4
V	1416886	6
V	1416983	6
V	1417079	6
V	1417176	1
V	1417272	1
V	1417369	4
V	1417465	1
V	1417562	4
V	1417658	4
V	1417755	4
V	1417852	4
V	1417948	6
V	1418044	4
V	1418141	4
V	1418238	1
V	1418334	4
V	1418431	1
V	1418527	4
V	1418623	4
V	1418719	4
V	1418816	6
V	1418912	4
V	1419009	4
V	1419105	4
V	1419202	4
V	1419299	1
V	1419395	9
V	1419492	6
V	1419589	1
V	1419686	1
V	1419783	1
V	1419880	1
V	1419976	4
V	1420073	4
V	1420169	9
V	1420266	9
V	1420363	9
V	1420460	9
V	1420557	9
V	1420654	4
V	1420751	4
V	1420847	6
V	1420943	9
V	1421039	4
V	1421135	9
V	1421232	9
V	1421329	9
V	1421426	9
V	1421523	4
V	1421620	4
V	1421717	4
V	1421814	9
V	1421911	9
V	1422008	9
V	1422105	9
V	1422201	9
V	1422297	9
V	1422394	9
V	1422491	9
V	1422588	9
V	1422685	9
V	1422781	9
V	1422878	9
V	1422974	1
V	1423071	1
V	1423168	1
V	1423265	1
V	1423362	4
V	1423458	4
V	1423555	4
V	1423652	1
V	1423748	6
V	1423844	4
V	1423941	6
V	1424037	4
V	1424134	4
V	1424230	9
V	1424326	9
V	1424423	9
V	1424520	9
V	1424617	9
V	1424714	9
V	1424810	9
V	1424906	9
V	1425003	1
V	1425100	4
V	1425197	6
V	1425294	6
V	1425391	1
V	1425488	4
V	1425585	1
V	1425681	6
V	1425777	1
V	1425873	4
V	1425969	1
V	1426066	6
V	1426163	4
V	1426259	1
V	1426356	1
V	1426452	1
V	1426549	4
V	1426646	4
V	1426743	1
V	1426839	4
V	1426935	1
V	1427031	4
V	1427127	4
V	1427223	4
V	1427320	4
V	1427417	1
V	1427514	4
V	1427611	4
V	1427708	1
V	1427804	4
V	1427901	1
V	1427998	6
V	1428094	4
V	1428190	4
V	1428287	6
V	1428384	6
V	1428480	6
V	1428576	1
V	1428673	1
V	1428770	1
V	1428866	4
V	1428962	6
V	1429058	6
V	1429154	4
V	1429250	4
V	1429346	6
V	1429442	4
V	1429538	9
V	1429634	9
V	1429731	9
V	1429828	9
V	1429925	9
V	1430022	9
V	1430118	9
V	1430214	9
V	1430311	9
V	1430408	9
V	1430505	9
V	1430602	9
V	1430698	9
V	1430795	9
V	1430891	9
V	1430988	9
V	1431085	9
V	1431182	9
V	1431278	9
V	1431375	9
V	1431472	9
V	1431569	9
V	1431665	9
V	1431761	9
V	1431858	9
V	1431954	9
V	1432051	9
V	1432148	9
V	1432244	9
V	1432341	9
V	1432438	9
V	1432535	9
V	1432631	9
V	1432728	9
V	1432824	9
V	1432920	10
V	1433018	7
V	1433114	7
V	1433211	8
V	1433308	8
V	1433405	1
V	1433502	6
V	1433599	4
V	1433695	1
V	1433792	4
V	1433888	4
V	1433985	4
V	1434081	1
V	1434177	4
V	1434274	4
V	1434371	4
V	1434467	6
V	1434564	1
V	1434660	1
V	1434756	1
V	1434852	4
V	1434948	4
V	1435045	4
V	1435141	4
V	1435238	4
V	1435335	4
V	1435432	4
V	1435528	4
V	1435625	4
V	1435722	1
V	1435819	1
V	1435916	4
V	1436013	6
V	1436109	1
V	1436206	1
V	1436302	4
V	1436399	6
V	1436495	1
V	1436592	1
V	1436688	1
V	1436784	1
V	1436881	1
V	1436977	1
V	1437074	4
V	1437171	4
V	1437267	4
V	1437363	1
V	1437460	6
V	1437556	1
V	1437653	1
V	1437749	4
V	1437845	1
V	1437941	1
V	1438037	1
V	1438133	4
V	1438230	6
V	1438326	4
V	1438422	4
V	1438518	4
V	1438614	1
V	1438711	4
V	1438808	1
V	1438905	4
V	1439001	4
V	1439097	4
V	1439194	4
V	1439290	1
V	1439387	4
V	1439484	6
V	1439581	9
V	1439678	9
V	1439775	9
V	1439871	9
V	1439967	9
V	1440064	9
V	1440161	9
V	1440258	9
V	1440355	9
V	1440452	9
V	1440548	9
V	1440645	9
V	1440741	9
V	1440838	9
V	1440934	9
V	1441031	9
V	1441128	9
V	1441224	9
V	1441321	9
V	1441417	9
V	1441513	9
V	1441609	9
V	1441706	9
V	1441803	9
V	1441900	9
V	1441997	9
V	1442094	9
V	1442191	9
V	1442288	9
V	1442385	9
V	1442481	9
V	1442578	9
V	1442674	9
V	1442771	9
V	1442867	9
V	1442964	9
V	1443060	9
V	1443157	9
V	1443254	9
V	1443351	9
V	1443447	9
V	1443544	9
V	1443640	9
V	1443737	1
V	1443834	1
V	1443931	4
V	1444027	6
V	1444124	4
V	1444220	4
V	1444317	1
V	1444414	1
V	1444511	4
V	1444607	9
V	1444704	9
V	1444800	4
V	1444897	6
V	1444994	9
V	1445091	9
V	1445188	9
V	1445284	9
V	1445381	9
V	1445478	9
V	1445575	9
V	1445672	9
V	1445768	1
V	1445865	1
V	1445961	1
V	1446057	4
V	1446153	4
V	1446250	4
V	1446346	4
V	1446443	1
V	1446539	4
V	1446636	4
V	1446732	4
V	1446829	1
V	1446926	4
V	1447022	6
V	1447118	6
V	1447214	1
V	1447310	1
V	1447407	1
V	1447503	4
V	1447599	1
V	1447695	9
V	1447791	9
V	1447888	7
V	1447984	8
V	1448080	10
V	1448177	7
V	1448274	8
V	1448371	10
V	1448468	8
V	1448565	8
V	1448661	10
V	1448759	8
V	1448855	8
V	1448951	8
V	1449047	10
V	1449145	8
V	1449242	8
V	1449339	7
V	1449435	10
V	1449533	10
V	1449631	7
V	1449728	10
V	1449826	7
V	1449922	8
V	1450018	8
V	1450115	7
V	1450212	7
V	1450309	7
V	1450405	8
V	1450502	8
V	1450599	10
V	1450697	10
V	1450794	7
V	1450891	6
V	1450987	6
V	1451084	4
V	1451180	4
V	1451277	6
V	1451374	6
V	1451470	1
V	1451566	1
V	1451663	6
V	1451759	1
V	1451856	1
V	1451953	1
V	1452050	4
V	1452147	6
V	1452244	4
V	1452341	1
V	1452437	4
V	1452534	1
V	1452631	4
V	1452728	1
V	1452824	6
V	1452921	4
V	1453017	6
V	1453113	4
V	1453209	1
V	1453305	1
V	1453402	1
V	1453498	4
V	1453594	1
V	1453690	1
V	1453787	4
V	1453884	1
V	1453980	4
V	1454077	4
V	1454174	6
V	1454270	4
V	1454366	6
V	1454462	1
V	1454559	4
V	1454655	4
V	1454752	6
V	1454848	1
V	1454944	4
V	1455041	1
V	1455137	6
V	1455234	4
V	1455331	4
V	1455428	4
V	1455524	4
V	1455621	4
V	1455718	4
V	1455815	1
V	1455912	1
V	1456009	1
V	1456106	4
V	1456202	4
V	1456299	1
V	1456396	4
V	1456492	4
V	1456589	4
V	1456686	1
V	1456782	4
V	1456878	4
V	1456975	4
V	1457072	4
V	1457169	1
V	1457266	6
V	1457363	1
V	1457460	1
V	1457556	4
V	1457653	4
V	1457750	4
V	1457847	4
V	1457944	4
V	1458040	4
V	1458137	1
V	1458233	4
V	1458330	4
V	1458427	1
V	1458523	4
V	1458620	1
V	1458717	6
V	1458814	4
V	1458910	4
V	1459007	4
V	1459103	1
V	1459200	1
V	1459296	4
V	1459393	4
V	1459490	4
V	1459586	4
V	1459682	4
V	1459778	4
V	1459875	1
V	1459972	1
V	1460068	4
V	1460165	4
V	1460261	1
V	1460357	4
V	1460453	4
V	1460550	4
V	1460647	1
V	1460744	4
V	1460841	4
V	1460938	4
V	1461034	4
V	1461131	6
V	1461227	4
V	1461324	1
V	1461420	4
V	1461517	6
V	1461613	1
V	1461709	4
V	1461806	4
V	1461903	4
V	1461999	7
V	1462095	8
V	1462192	8
V	1462288	8
V	1462385	10
V	1462483	10
V	1462581	10
V	1462678	8
V	1462774	8
V	1462870	8
V	1462966	7
V	1463062	10
V	1463159	10
V	1463257	8
V	1463354	7
V	1463451	7
V	1463548	7
V	1463645	8
V	1463742	8
V	1463839	7
V	1463935	8
V	1464032	7
V	1464128	7
V	1464225	10
V	1464322	7
V	1464419	10
V	1464517	8
V	1464614	7
V	1464710	10
V	1464808	7
V	1464905	8
V	1465001	7
V	1465098	10
V	1465196	7
V	1465293	7
V	1465390	10
V	1465488	7
V	1465585	7
V	1465682	10
V	1465779	10
V	1465876	10
V	1465974	7
V	1466071	7
V	1466168	7
V	1466265	8
V	1466361	8
V	1466457	10
V	1466555	10
V	1466652	7
V	1466748	7
V	1466845	8
V	1466941	10
V	1467039	7
V	1467136	7
V	1467232	7
V	1467328	8
V	1467425	8
V	1467522	10
V	1467620	10
V	1467718	10
V	1467816	10
V	1467913	7
V	1468009	8
V	1468105	10
V	1468203	10
V	1468300	7
V	1468396	8
V	1468492	8
V	1468589	10
V	1468686	10
V	1468784	10
V	1468881	7
V	1468978	7
V	1469074	7
V	1469171	8
V	1469267	7
V	1469363	7
V	1469460	7
V	1469557	7
V	1469654	8
V	1469751	8
V	1469848	10
V	1469946	8
V	1470043	8
V	1470140	8
V	1470236	7
V	1470333	8
V	1470429	8
V	1470526	8
V	1470623	10
V	1470720	7
V	1470816	8
V	1470912	7
V	1471009	7
V	1471106	8
V	1471202	10
V	1471300	7
V	1471396	7
V	1471493	7
V	1471590	8
V	1471687	7
V	1471784	8
V	1471880	10
V	1471977	10
V	1472074	10
V	1472172	10
V	1472269	8
V	1472366	7
V	1472462	8
V	1472559	8
V	1472656	8
V	1472752	10
V	1472850	7
V	1472946	9
V	1473042	9
V	1473139	9
V	1473235	9
V	1473332	9
V	1473429	9
V	1473525	9
V	1473621	9
V	1473717	9
V	1473814	9
V	1473910	9
V	1474007	9
V	1474103	9
V	1474200	9
V	1474297	7
V	1474394	7
V	1474491	8
V	1474587	10
V	1474685	10
V	1474782	7
V	1474879	8
V	1474976	10
V	1475073	10
V	1475171	10
V	1475269	7
V	1475366	7
V	1475463	8
V	1475560	10
V	1475657	8
V	1475753	10
V	1475850	10
V	1475948	7
V	1476045	8
V	1476142	7
V	1476239	8
V	1476335	8
V	1476432	8
V	1476528	10
V	1476626	7
V	1476723	7
V	1476819	8
V	1476916	8
V	1477012	8
V	1477109	10
V	1477207	10
V	1477304	7
V	1477401	8
V	1477498	8
V	1477594	10
V	1477692	10
V	1477790	10
V	1477888	7
V	1477985	7
V	1478081	10
V	1478179	10
V	1478276	8
V	1478373	10
V	1478470	10
V	1478568	7
V	1478665	7
V	1478761	10
V	1478859	10
V	1478957	7
V	1479053	8
V	1479150	7
V	1479247	6
V	1479344	6
V	1479440	1
V	1479537	1
V	1479633	1
V	1479730	8
V	1479827	10
V	1479924	10
V	1480022	10
V	1480119	8
V	1480216	7
V	1480312	10
V	1480410	10
V	1480508	8
V	1480605	7
V	1480701	8
V	1480798	10
V	1480895	10
V	1480992	7
V	1481088	7
V	1481185	8
V	1481282	10
V	1481380	10
V	1481478	7
V	1481574	7
V	1481671	8
V	1481767	10
V	1481865	10
V	1481963	7
V	1482059	7
V	1482155	8
V	1482252	8
V	1482348	7
V	1482445	8
V	1482542	7
V	1482638	10
V	1482735	10
V	1482833	10
V	1482930	8
V	1483027	10
V	1483125	7
V	1483221	7
V	1483318	7
V	1483415	7
V	1483512	8
V	1483609	7
V	1483706	7
V	1483803	8
V	1483900	10
V	1483997	10
V	1484095	7
V	1484191	8
V	1484288	7
V	1484385	7
V	1484482	8
V	1484578	10
V	1484676	10
V	1484774	7
V	1484871	8
V	1484967	7
V	1485064	8
V	1485161	8
V	1485258	10
V	1485355	7
V	1485451	8
V	1485547	8
V	1485644	10
V	1485742	10
V	1485839	7
V	1485936	10
V	1486033	10
V	1486130	8
V	1486227	10
V	1486324	7
V	1486421	7
V	1486518	7
V	1486614	7
V	1486711	7
V	1486807	7
V	1486903	10
V	1487001	7
V	1487097	10
V	1487195	8
V	1487291	10
V	1487388	9
V	1487485	9
V	1487581	9
V	1487678	9
V	1487775	9
V	1487872	9
V	1487969	9
V	1488066	9
V	1488163	9
V	1488260	9
V	1488356	9
V	1488453	9
V	1488550	9
V	1488647	9
V	1488743	9
V	1488839	8
V	1488935	8
V	1489032	10
V	1489130	7
V	1489227	7
V	1489323	8
V	1489420	8
V	1489517	10
V	1489614	10
V	1489711	10
V	1489809	8
V	1489906	8
V	1490002	10
V	1490100	10
V	1490198	7
V	1490295	8
V	1490391	8
V	1490487	8
V	1490583	8
V	1490680	8
V	1490776	10
V	1490874	7
V	1490971	10
V	1491069	8
V	1491166	7
V	1491262	8
V	1491358	8
V	1491454	10
V	1491552	10
V	1491650	10
V	1491748	7
V	1491844	10
V	1491941	8
V	1492038	7
V	1492135	10
V	1492233	8
V	1492329	10
V	1492427	8
V	1492524	10
V	1492622	8
V	1492719	7
V	1492815	10
V	1492912	10
V	1493009	8
V	1493105	1
V	1493202	1
V	1493298	1
V	1493394	1
V	1493490	1
V	1493587	8
V	1493683	8
V	1493780	7
V	1493876	8
V	1493972	8
V	1494068	8
V	1494164	10
V	1494262	10
V	1494360	10
V	1494457	7
V	1494553	10
V	1494651	8
V	1494748	8
V	1494845	10
V	1494943	10
V	1495041	10
V	1495139	10
V	1495237	10
V	1495335	7
V	1495431	7
V	1495528	8
V	1495625	7
V	1495721	7
V	1495817	7
V	1495914	8
V	1496011	8
V	1496107	8
V	1496204	8
V	1496301	10
V	1496398	7
V	1496494	10
V	1496591	10
V	1496688	10
V	1496785	10
V	1496883	8
V	1496980	8
V	1497076	10
V	1497174	10
V	1497272	7
V	1497369	7
V	1497465	7
V	1497561	9
V	1497658	9
V	1497755	9
V	1497851	9
V	1497947	9
V	1498044	9
V	1498141	9
V	1498237	9
V	1498334	9
V	1498431	9
V	1498528	9
V	1498625	9
V	1498722	9
V	1498819	9
V	1498915	9
V	1499011	9
V	1499108	9
V	1499204	9
V	1499301	9
V	1499397	9
V	1499494	9
V	1499590	9
V	1499687	9
V	1499784	9
V	1499881	1
V	1499978	4
V	1500074	4
V	1500171	4
V	1500267	4
V	1500364	4
V	1500460	4
V	1500556	4
V	1500652	4
V	1500749	4
V	1500846	1
V	1500943	4
V	1501039	6
V	1501136	1
V	1501232	1
V	1501329	4
V	1501426	4
V	1501522	6
V	1501619	1
V	1501716	1
V	1501812	1
V	1501908	4
V	1502004	1
V	1502100	4
V	1502196	1
V	1502293	1
V	1502389	1
V	1502485	4
V	1502582	4
V	1502679	4
V	1502776	1
V	1502873	6
V	1502970	1
V	1503067	1
V	1503164	4
V	1503261	4
V	1503358	1
V	1503454	1
V	1503551	1
V	1503648	1
V	1503744	6
V	1503841	1
V	1503938	6
V	1504034	1
V	1504131	1
V	1504228	4
V	1504325	4
V	1504422	4
V	1504518	4
V	1504615	4
V	1504711	6
V	1504808	6
V	1504905	6
V	1505001	1
V	1505098	1
V	1505195	1
V	1505291	4
V	1505387	4
V	1505484	4
V	1505581	6
V	1505677	1
V	1505773	4
V	1505869	1
V	1505966	1
V	1506062	4
V	1506158	1
V	1506255	4
V	1506351	1
V	1506447	4
V	1506543	1
V	1506639	1
V	1506736	1
V	1506832	4
V	1506928	9
V	1507025	9
V	1507122	4
V	1507218	4
V	1507315	4
V	1507412	6
V	1507508	9
V	1507605	9
V	1507702	1
V	1507799	1
V	1507895	4
V	1507992	4
V	1508088	9
V	1508184	9
V	1508281	9
V	1508378	9
V	1508475	9
V	1508572	9
V	1508669	4
V	1508766	6
V	1508863	9
V	1508960	9
V	1509056	9
V	1509153	1
V	1509249	1
V	1509346	1
V	1509442	1
V	1509538	4
V	1509635	4
V	1509732	9
V	1509829	9
V	1509925	9
V	1510022	9
V	1510118	9
V	1510215	9
V	1510312	9
V	1510409	4
V	1510506	4
V	1510603	9
V	1510700	9
V	1510797	9
V	1510893	9
V	1510990	9
V	1511087	9
V	1511183	1
V	1511279	4
V	1511376	4
V	1511473	4
V	1511569	4
V	1511666	4
V	1511763	1
V	1511860	4
V	1511956	9
V	1512052	4
V	1512149	9
V	1512246	9
V	1512343	1
V	1512439	1
V	1512536	1
V	1512633	4
V	1512729	4
V	1512826	4
V	1512923	1
V	1513019	4
V	1513116	1
V	1513212	6
V	1513309	1
V	1513405	1
V	1513501	4
V	1513597	1
V	1513693	4
V	1513789	4
V	1513886	4
V	1513983	1
V	1514079	1
V	1514176	6
V	1514273	1
V	1514369	1
V	1514465	4
V	1514562	4
V	1514659	1
V	1514755	4
V	1514851	1
V	1514948	6
V	1515045	1
V	1515141	6
V	1515237	6
V	1515333	1
V	1515430	1
V	1515526	6
V	1515623	4
V	1515719	4
V	1515816	1
V	1515913	6
V	1516010	4
V	1516107	1
V	1516204	1
V	1516301	4
V	1516398	4
V	1516495	1
V	1516592	1
V	1516689	4
V	1516786	4
V	1516883	4
V	1516979	1
V	1517075	4
V	1517171	4
V	1517268	6
V	1517365	4
V	1517462	4
V	1517558	4
V	1517654	4
V	1517751	1
V	1517848	9
V	1517945	9
V	1518041	9
V	1518138	9
V	1518234	9
V	1518331	9
V	1518428	9
V	1518524	9
V	1518620	9
V	1518716	9
V	1518813	9
V	1518910	9
V	1519006	9
V	1519103	9
V	1519200	9
V	1519297	9
V	1519393	9
V	1519490	9
V	1519587	10
V	1519685	8
V	1519782	1
V	1519879	6
V	1519975	1
V	1520072	4
V	1520169	1
V	1520265	4
V	1520362	1
V	1520458	4
V	1520555	1
V	1520652	4
V	1520748	6
V	1520845	1
V	1520941	6
V	1521038	1
V	1521134	1
V	1521231	1
V	1521328	1
V	1521424	4
V	1521521	4
V	1521617	4
V	1521713	4
V	1521810	4
V	1521907	4
V	1522003	1
V	1522100	1
V	1522197	1
V	1522294	4
V	1522391	4
V	1522488	4
V	1522584	1
V	1522680	6
V	1522776	4
V	1522872	4
V	1522968	4
V	1523065	6
V	1523162	6
V	1523259	1
V	1523356	6
V	1523452	6
V	1523549	1
V	1523645	1
V	1523742	1
V	1523838	1
V	1523934	4
V	1524031	4
V	1524128	4
V	1524224	6
V	1524321	1
V	1524418	1
V	1524515	1
V	1524611	4
V	1524708	4
V	1524805	4
V	1524902	1
V	1524999	4
V	1525096	4
V	1525193	6
V	1525289	4
V	1525386	4
V	1525482	4
V	1525579	6
V	1525675	6
V	1525772	1
V	1525869	1
V	1525965	1
V	1526061	1
V	1526158	4
V	1526255	4
V	1526352	4
V	1526449	4
V	1526546	4
V	1526642	1
V	1526738	4
V	1526835	1
V	1526931	6
V	1527027	4
V	1527124	6
V	1527221	1
V	1527318	4
V	1527415	4
V	1527512	4
V	1527608	4
V	1527704	4
V	1527800	4
V	1527897	4
V	1527994	4
V	1528090	1
V	1528186	4
V	1528282	1
V	1528379	4
V	1528476	9
V	1528572	9
V	1528668	9
V	1528765	9
V	1528861	9
V	1528958	9
V	1529054	9
V	1529150	9
V	1529247	9
V	1529344	9
V	1529441	9
V	1529538	9
V	1529635	9
V	1529732	9
V	1529829	9
V	1529925	9
V	1530021	9
V	1530117	9
V	1530213	9
V	1530309	9
V	1530406	9
V	1530503	9
V	1530600	9
V	1530697	9
V	1530793	9
V	1530889	9
V	1530986	9
V	1531083	9
V	1531179	9
V	1531275	9
V	1531371	9
V	1531467	9
V	1531563	9
V	1531659	9
V	1531755	9
V	1531851	9
V	1531948	9
V	1532044	9
V	1532141	9
V	1532238	1
V	1532334	4
V	1532431	4
V	1532528	4
V	1532625	4
V	1532722	6
V	1532818	1
V	1532915	1
V	1533011	6
V	1533107	6
V	1533204	1
V	1533300	9
V	1533396	6
V	1533492	1
V	1533589	9
V	1533686	4
V	1533783	1
V	1533880	6
V	1533977	9
V	1534074	9
V	1534171	9
V	1534267	9
V	1534364	9
V	1534461	9
V	1534558	9
V	1534655	4
V	1534752	4
V	1534848	4
V	1534945	4
V	1535042	1
V	1535138	4
V	1535235	4
V	1535332	6
V	1535428	4
V	1535525	6
V	1535621	4
V	1535718	9
V	1535815	10
V	1535912	10
V	1536009	10
V	1536107	10
V	1536204	8
V	1536300	10
V	1536398	10
V	1536495	8
V	1536591	7
V	1536687	10
V	1536785	10
V	1536882	10
V	1536979	10
V	1537077	10
V	1537174	10
V	1537271	10
V	1537369	8
V	1537466	10
V	1537563	8
V	1537659	7
V	1537756	7
V	1537852	8
V	1537948	8
V	1538045	8
V	1538141	8
V	1538237	8
V	1538334	7
V	1538430	10
V	1538528	8
V	1538624	4
V	1538721	6
V	1538817	1
V	1538913	4
V	1539010	4
V	1539107	1
V	1539203	1
V	1539299	4
V	1539395	6
V	1539492	1
V	1539588	1
V	1539684	4
V	1539781	4
V	1539877	4
V	1539973	1
V	1540070	1
V	1540166	1
V	1540263	4
V	1540359	4
V	1540456	1
V	1540552	1
V	1540649	1
V	1540745	1
V	1540842	4
V	1540939	1
V	1541035	1
V	1541131	1
V	1541228	1
V	1541324	1
V	1541421	1
V	1541517	4
V	1541613	1
V	1541709	1
V	1541806	4
V	1541903	4
V	1542000	6
V	1542097	6
V	1542193	4
V	1542290	1
V	1542386	1
V	1542483	1
V	1542580	1
V	1542676	1
V	1542772	1
V	1542868	1
V	1542965	6
V	1543061	4
V	1543157	4
V	1543254	1
V	1543350	4
V	1543447	1
V	1543544	1
V	1543641	4
V	1543738	1
V	1543835	4
V	1543931	4
V	1544027	4
V	1544123	4
V	1544219	1
V	1544315	1
V	1544412	6
V	1544509	1
V	1544605	1
V	1544702	1
V	1544798	1
V	1544895	1
V	1544992	4
V	1545088	4
V	1545185	4
V	1545282	4
V	1545378	1
V	1545475	1
V	1545572	4
V	1545668	4
V	1545765	1
V	1545861	4
V	1545958	6
V	1546055	1
V	1546152	1
V	1546249	4
V	1546346	4
V	1546443	4
V	1546539	6
V	1546635	1
V	1546732	6
V	1546829	4
V	1546926	4
V	1547023	6
V	1547120	1
V	1547216	1
V	1547313	1
V	1547409	1
V	1547506	4
V	1547603	4
V	1547699	4
V	1547795	4
V	1547891	1
V	1547988	1
V	1548084	1
V	1548181	1
V	1548277	4
V	1548374	4
V	1548471	4
V	1548568	1
V	1548665	4
V	1548761	1
V	1548858	1
V	1548954	1
V	1549051	4
V	1549148	1
V	1549244	4
V	1549340	4
V	1549437	4
V	1549533	1
V	1549629	6
V	1549726	1
V	1549823	6
V	1549920	4
V	1550017	8
V	1550114	8
V	1550211	8
V	1550308	7
V	1550405	10
V	1550503	7
V	1550599	8
V	1550696	10
V	1550794	10
V	1550891	10
V	1550988	8
V	1551085	8
V	1551182	10
V	1551280	7
V	1551377	8
V	1551474	7
V	1551571	7
V	1551667	7
V	1551763	8
V	1551859	7
V	1551956	10
V	1552054	6
V	1552150	9
V	1552247	9
V	1552344	4
V	1552441	6
V	1552537	8
V	1552634	10
V	1552731	7
V	1552828	8
V	1552925	8
V	1553021	7
V	1553117	7
V	1553214	8
V	1553311	10
V	1553409	10
V	1553506	7
V	1553602	7
V	1553699	10
V	1553796	7
V	1553892	8
V	1553989	8
V	1554086	7
V	1554182	8
V	1554278	8
V	1554375	10
V	1554473	10
V	1554571	8
V	1554667	10
V	1554764	10
V	1554861	7
V	1554957	8
V	1555054	10
V	1555151	7
V	1555248	7
V	1555345	10
V	1555443	10
V	1555540	10
V	1555638	7
V	1555734	10
V	1555832	7
V	1555928	7
V	1556024	8
V	1556121	8
V	1556218	10
V	1556316	10
V	1556413	7
V	1556510	8
V	1556606	8
V	1556703	9
V	1556799	9
V	1556896	9
V	1556993	9
V	1557090	9
V	1557187	9
V	1557284	9
V	1557381	9
V	1557478	9
V	1557574	9
V	1557671	9
V	1557768	9
V	1557864	9
V	1557961	9
V	1558057	9
V	1558153	9
V	1558250	9
V	1558346	9
V	1558443	9
V	1558540	9
V	1558636	9
V	1558733	9
V	1558830	9
V	1558927	9
V	1559024	9
V	1559121	9
V	1559218	9
V	1559314	1
V	1559411	6
V	1559508	1
V	1559604	1
V	1559700	4
V	1559797	1
V	1559894	1
V	1559991	1
V	1560088	6
V	1560185	1
V	1560282	4
V	1560379	1
V	1560475	1
V	1560571	6
V	1560667	1
V	1560764	1
V	1560860	1
V	1560956	4
V	1561052	1
V	1561149	4
V	1561246	4
V	1561343	4
V	1561440	4
V	1561537	4
V	1561633	4
V	1561729	1
V	1561825	6
V	1561921	4
V	1562018	4
V	1562114	4
V	1562211	4
V	1562307	4
V	1562403	4
V	1562499	4
V	1562596	6
V	1562693	4
V	1562789	4
V	1562886	1
V	1562982	4
V	1563078	1
V	1563175	6
V	1563272	4
V	1563369	4
V	1563466	1
V	1563562	4
V	1563659	1
V	1563756	4
V	1563853	6
V	1563950	6
V	1564046	1
V	1564143	1
V	1564239	4
V	1564336	4
V	1564433	4
V	1564529	4
V	1564626	6
V	1564723	6
V	1564820	6
V	1564917	1
V	1565013	1
V	1565110	1
V	1565207	1
V	1565303	4
V	1565400	4
V	1565496	6
V	1565592	1
V	1565689	4
V	1565785	4
V	1565881	4
V	1565978	4
V	1566074	4
V	1566170	4
V	1566267	1
V	1566364	1
V	1566461	1
V	1566558	4
V	1566655	4
V	1566752	4
V	1566849	4
V	1566946	6
V	1567043	1
V	1567140	6
V	1567237	1
V	1567333	4
V	1567430	4
V	1567526	6
V	1567622	4
V	1567718	1
V	1567814	4
V	1567911	1
V	1568007	4
V	1568103	4
V	1568199	4
V	1568295	4
V	1568392	1
V	1568489	9
V	1568586	1
V	1568682	4
V	1568778	4
V	1568875	9
V	1568972	9
V	1569069	9
V	1569166	1
V	1569263	1
V	1569360	1
V	1569456	1
V	1569553	4
V	1569650	4
V	1569747	1
V	1569844	4
V	1569940	9
V	1570037	9
V	1570134	9
V	1570231	9
V	1570328	9
V	1570424	9
V	1570521	9
V	1570617	9
V	1570714	9
V	1570811	9
V	1570907	9
V	1571004	9
V	1571100	9
V	1571196	9
V	1571293	6
V	1571389	1
V	1571486	4
V	1571583	4
V	1571679	4
V	1571776	4
V	1571872	4
V	1571968	4
V	1572064	1
V	1572160	1
V	1572256	6
V	1572352	4
V	1572448	1
V	1572544	9
V	1572641	1
V	1572738	9
V	1572835	9
V	1572931	9
V	1573028	9
V	1573125	9
V	1573221	9
V	1573318	4
V	1573414	4
V	1573510	1
V	1573607	4
V	1573704	1
V	1573801	1
V	1573897	4
V	1573993	4
V	1574089	4
V	1574186	4
V	1574282	4
V	1574379	4
V	1574476	4
V	1574572	1
V	1574669	4
V	1574765	4
V	1574862	1
V	1574958	4
V	1575055	4
V	1575152	4
V	1575248	4
V	1575344	1
V	1575440	6
V	1575536	1
V	1575633	4
V	1575730	4
V	1575826	1
V	1575923	6
V	1576020	1
V	1576117	1
V	1576213	1
V	1576309	1
V	1576406	1
V	1576503	4
V	1576599	4
V	1576695	1
V	1576791	6
V	1576887	6
V	1576983	4
V	1577080	1
V	1577177	4
V	1577273	4
V	1577369	4
V	1577466	1
V	1577562	4
V	1577659	1
V	1577756	4
V	1577852	6
V	1577948	4
V	1578045	1
V	1578141	6
V	1578238	1
V	1578335	4
V	1578432	4
V	1578528	4
V	1578625	4
V	1578721	4
V	1578818	4
V	1578915	9
V	1579011	9
V	1579108	9
V	1579205	9
V	1579302	9
V	1579398	9
V	1579495	9
V	1579592	9
V	1579688	9
V	1579785	9
V	1579881	9
V	1579978	9
V	1580075	9
V	1580172	9
V	1580269	9
V	1580366	9
V	1580462	9
V	1580559	9
V	1580655	9
V	1580752	9
V	1580849	9
V	1580946	9
V	1581043	9
V	1581139	4
V	1581236	4
V	1581333	4
V	1581430	4
V	1581527	6
V	1581623	1
V	1581719	1
V	1581815	4
V	1581912	6
V	1582009	6
V	1582105	4
V	1582201	4
V	1582298	6
V	1582394	1
V	1582491	1
V	1582588	4
V	1582685	4
V	1582781	4
V	1582878	6
V	1582975	6
V	1583071	1
V	1583167	4
V	1583263	1
V	1583360	4
V	1583457	4
V	1583553	6
V	1583650	6
V	1583746	6
V	1583843	1
V	1583940	1
V	1584036	4
V	1584133	4
V	1584229	6
V	1584326	4
V	1584422	4
V	1584518	4
V	1584615	4
V	1584712	4
V	1584808	4
V	1584905	4
V	1585001	1
V	1585097	4
V	1585193	6
V	1585290	1
V	1585386	4
V	1585483	1
V	1585580	1
V	1585677	4
V	1585774	4
V	1585871	4
V	1585968	1
V	1586064	1
V	1586161	1
V	1586257	1
V	1586354	4
V	1586451	1
V	1586548	6
V	1586645	4
V	1586742	4
V	1586839	1
V	1586936	1
V	1587033	1
V	1587130	4
V	1587227	1
V	1587324	4
V	1587420	9
V	1587517	9
V	1587614	9
V	1587711	9
V	1587808	9
V	1587905	9
V	1588002	9
V	1588099	9
V	1588196	9
V	1588293	9
V	1588390	9
V	1588487	9
V	1588584	9
V	1588680	9
V	1588777	9
V	1588873	9
V	1588970	9
V	1589066	9
V	1589162	9
V	1589259	9
V	1589355	9
V	1589452	9
V	1589548	9
V	1589645	9
V	1589742	9
V	1589838	9
V	1589934	9
V	1590030	9
V	1590126	9
V	1590223	9
V	1590319	9
V	1590416	9
V	1590513	9
V	1590609	9
V	1590705	9
V	1590802	9
V	1590898	4
V	1590994	4
V	1591091	4
V	1591188	1
V	1591285	4
V	1591381	4
V	1591478	1
V	1591574	6
V	1591670	1
V	1591767	9
V	1591864	9
V	1591960	4
V	1592056	1
V	1592153	4
V	1592250	6
V	1592347	4
V	1592444	4
V	1592540	4
V	1592637	4
V	1592734	1
V	1592830	9
V	1592926	9
V	1593022	9
V	1593119	1
V	1593215	4
V	1593311	4
V	1593408	4
V	1593505	6
V	1593602	4
V	1593699	4
V	1593795	4
V	1593891	6
V	1593988	4
V	1594085	1
V	1594181	4
V	1594278	6
V	1594374	4
V	1594471	4
V	1594568	4
V	1594665	1
V	1594762	1
V	1594858	7
V	1594954	10
V	1595051	8
V	1595148	8
V	1595244	10
V	1595341	8
V	1595438	8
V	1595534	8
V	1595630	10
V	1595728	8
V	1595825	8
V	1595922	7
V	1596019	7
V	1596115	8
V	1596211	10
V	1596308	8
V	1596404	8
V	1596500	10
V	1596597	10
V	1596695	7
V	1596792	10
V	1596890	10
V	1596988	7
V	1597084	7
V	1597180	7
V	1597276	7
V	1597373	10
V	1597471	8
V	1597568	10
V	1597665	8
V	1597761	10
V	1597858	8
V	1597955	10
V	1598053	10
V	1598151	10
V	1598249	8
V	1598346	8
V	1598443	7
V	1598540	7
V	1598636	7
V	1598732	7
V	1598828	8
V	1598925	10
V	1599023	7
V	1599119	10
V	1599217	7
V	1599314	8
V	1599411	10
V	1599508	8
V	1599605	10
V	1599703	10
V	1599801	8
V	1599898	10
V	1599995	10
V	1600092	10
V	1600190	7
V	1600286	8
V	1600383	8
V	1600479	8
V	1600576	8
V	1600673	10
V	1600771	10
V	1600869	8
V	1600965	8
V	1601061	8
V	1601157	7
V	1601253	7
V	1601349	7
V	1601445	8
V	1601541	10
V	1601639	10
V	1601737	10
V	1601835	10
V	1601933	8
V	1602030	10
V	1602128	10
V	1602225	10
V	1602323	10
V	1602420	8
V	1602517	10
V	1602615	10
V	1602713	10
V	1602811	7
V	1602908	8
V	1603005	10
V	1603102	10
V	1603200	7
V	1603296	7
V	1603393	7
V	1603489	10
V	1603587	10
V	1603684	7
V	1603781	7
V	1603877	7
V	1603974	10
V	1604072	10
V	1604170	8
V	1604267	10
V	1604364	10
V	1604461	10
V	1604559	9
V	1604656	9
V	1604753	9
V	1604850	9
V	1604946	9
V	1605043	9
V	1605140	9
V	1605237	9
V	1605334	9
V	1605430	7
V	1605526	7
V	1605622	7
V	1605719	10
V	1605817	10
V	1605914	8
V	1606010	10
V	1606107	10
V	1606205	8
V	1606301	10
V	1606399	7
V	1606495	8
V	1606592	10
V	1606689	10
V	1606786	7
V	1606883	8
V	1606979	7
V	1607076	10
V	1607174	7
V	1607270	10
V	1607367	7
V	1607464	8
V	1607561	10
V	1607658	8
V	1607755	10
V	1607853	7
V	1607949	8
V	1608045	7
V	1608141	7
V	1608238	8
V	1608335	10
V	1608433	10
V	1608531	8
V	1608628	7
V	1608725	10
V	1608823	10
V	1608921	8
V	1609017	10
V	1609114	8
V	1609211	7
V	1609308	7
V	1609404	10
V	1609501	9
V	1609598	9
V	1609695	8
V	1609791	10
V	1609889	10
V	1609987	7
V	1610084	10
V	1610181	8
V	1610278	7
V	1610374	7
V	1610471	8
V	1610567	10
V	1610664	10
V	1610762	8
V	1610859	8
V	1610955	7
V	1611052	8
V	1611148	8
V	1611245	8
V	1611342	8
V	1611438	8
V	1611535	8
V	1611632	8
V	1611729	8
V	1611826	8
V	1611923	10
V	1612020	10
V	1612117	7
V	1612214	7
V	1612310	8
V	1612407	8
V	1612504	8
V	1612601	10
V	1612699	8
V	1612796	8
V	1612892	10
V	1612990	8
V	1613087	8
V	1613184	7
V	1613281	7
V	1613378	10
V	1613476	10
V	1613574	10
V	1613671	4
V	1613767	1
V	1613863	1
V	1613960	4
V	1614057	6
V	1614153	1
V	1614249	1
V	1614345	1
V	1614442	4
V	1614539	6
V	1614636	4
V	1614733	4
V	1614830	6
V	1614927	1
V	1615024	6
V	1615120	1
V	1615217	6
V	1615313	6
V	1615410	6
V	1615507	4
V	1615604	1
V	1615700	4
V	1615797	4
V	1615893	1
V	1615989	1
V	1616086	4
V	1616182	1
V	1616279	4
V	1616376	4
V	1616473	4
V	1616570	2
V	1616666	1
V	1616762	6
V	1616859	6
V	1616956	4
V	1617052	1
V	1617149	4
V	1617245	1
V	1617341	1
V	1617437	6
V	1617533	1
V	1617629	4
V	1617725	1
V	1617821	6
V	1617918	4
V	1618015	4
V	1618112	4
V	1618208	1
V	1618304	1
V	1618400	4
V	1618496	6
V	1618593	6
V	1618690	6
V	1618786	1
V	1618882	1
V	1618979	4
V	1619076	4
V	1619173	4
V	1619270	4
V	1619366	4
V	1619463	1
V	1619560	6
V	1619657	1
V	1619754	1
V	1619850	1
V	1619947	6
V	1620043	4
V	1620140	4
V	1620236	4
V	1620333	4
V	1620430	4
V	1620527	4
V	1620623	6
V	1620720	1
V	1620816	6
V	1620913	6
V	1621010	1
V	1621106	4
V	1621203	1
V	1621300	1
V	1621397	4
V	1621494	1
V	1621590	4
V	1621686	4
V	1621783	4
V	1621880	4
V	1621977	1
V	1622074	1
V	1622171	1
V	1622268	6
V	1622365	6
V	1622462	6
V	1622559	6
V	1622656	1
V	1622753	4
V	1622850	4
V	1622947	4
V	1623044	4
V	1623140	4
V	1623237	1
V	1623333	6
V	1623430	6
V	1623526	6
V	1623622	1
V	1623719	4
V	1623816	1
V	1623912	1
V	1624008	1
V	1624104	7
V	1624201	8
V	1624297	8
V	1624393	10
V	1624491	7
V	1624587	7
V	1624684	7
V	1624781	10
V	1624879	7
V	1624976	8
V	1625073	7
V	1625169	8
V	1625265	10
V	1625363	10
V	1625460	10
V	1625557	7
V	1625654	7
V	1625750	7
V	1625847	8
V	1625943	10
V	1626040	7
V	1626137	8
V	1626234	10
V	1626332	10
V	1626429	7
V	1626526	7
V	1626622	9
V	1626718	9
V	1626815	9
V	1626912	9
V	1627008	9
V	1627105	9
V	1627202	9
V	1627299	10
V	1627397	10
V	1627495	7
V	1627592	8
V	1627689	7
V	1627786	10
V	1627883	8
V	1627979	10
V	1628076	7
V	1628173	8
V	1628270	8
V	1628366	10
V	1628464	7
V	1628560	10
V	1628658	10
V	1628756	7
V	1628852	7
V	1628949	10
V	1629047	8
V	1629144	7
V	1629241	10
V	1629338	8
V	1629434	8
V	1629530	8
V	1629627	10
V	1629725	8
V	1629822	10
V	1629920	8
V	1630016	10
V	1630114	8
V	1630211	7
V	1630308	7
V	1630404	8
V	1630500	8
V	1630597	10
V	1630694	10
V	1630792	8
V	1630889	8
V	1630985	4
V	1631082	4
V	1631178	6
V	1631275	4
V	1631371	4
V	1631468	1
V	1631565	4
V	1631662	6
V	1631759	1
V	1631856	1
V	1631952	1
V	1632049	1
V	1632146	1
V	1632243	1
V	1632340	1
V	1632437	4
V	1632533	4
V	1632629	4
V	1632725	1
V	1632821	6
V	1632917	4
V	1633013	4
V	1633109	1
V	1633206	4
V	1633302	1
V	1633399	4
V	1633495	6
V	1633592	4
V	1633688	1
V	1633785	4
V	1633882	4
V	1633978	4
V	1634074	1
V	1634171	4
V	1634267	1
V	1634363	1
V	1634459	4
V	1634556	1
V	1634652	4
V	1634749	1
V	1634846	4
V	1634942	6
V	1635039	4
V	1635135	1
V	1635232	4
V	1635329	1
V	1635425	1
V	1635521	1
V	1635618	4
V	1635715	4
V	1635812	4
V	1635908	1
V	1636005	4
V	1636102	6
V	1636198	6
V	1636294	1
V	1636390	4
V	1636487	4
V	1636584	4
V	1636681	1
V	1636778	4
V	1636875	1
V	1636971	4
V	1637067	6
V	1637163	6
V	1637259	1
V	1637355	1
V	1637452	1
V	1637549	4
V	1637645	4
V	1637741	6
V	1637837	4
V	1637934	1
V	1638031	1
V	1638128	4
V	1638224	1
V	1638321	6
V	1638418	4
V	1638514	6
V	1638611	4
V	1638707	1
V	1638804	6
V	1638901	1
V	1638997	1
V	1639093	4
V	1639189	4
V	1639286	4
V	1639383	4
V	1639479	4
V	1639576	4
V	1639673	1
V	1639769	4
V	1639866	5
V	1639963	6
V	1640059	6
V	1640156	1
V	1640252	6
V	1640349	3
V	1640446	4
V	1640543	4
V	1640640	4
V	1640736	1
V	1640832	1
V	1640929	1
V	1641025	4
V	1641122	4
V	1641218	1
V	1641314	4
V	1641411	6
V	1641508	6
V	1641605	9
V	1641702	6
V	1641799	4
V	1641895	7
V	1641991	7
V	1642087	7
V	1642184	10
V	1642282	7
V	1642379	8
V	1642476	10
V	1642574	8
V	1642671	8
V	1642768	7
V	1642865	8
V	1642962	7
V	1643059	8
V	1643155	8
V	1643252	8
V	1643348	10
V	1643446	7
V	1643542	10
V	1643640	8
V	1643737	8
V	1643833	7
V	1643930	7
V	1644026	7
V	1644123	8
V	1644220	7
V	1644316	8
V	1644413	7
V	1644509	7
V	1644606	8
V	1644702	10
V	1644800	7
V	1644897	8
V	1644994	7
V	1645091	7
V	1645188	8
V	1645285	10
V	1645383	9
V	1645479	9
V	1645575	9
V	1645671	9
V	1645768	9
V	1645865	9
V	1645961	9
V	1646058	9
V	1646154	9
V	1646251	9
V	1646348	9
V	1646445	9
V	1646542	9
V	1646639	9
V	1646736	9
V	1646833	9
V	1646929	9
V	1647025	9
V	1647122	9
V	1647218	9
V	1647315	9
V	1647411	9
V	1647508	9
V	1647604	9
V	1647701	9
V	1647798	9
V	1647895	9
V	1647991	9
V	1648088	9
V	1648185	9
V	1648282	9
V	1648379	9
V	1648476	9
V	1648572	9
V	1648668	5
V	1648765	1
V	1648862	1
V	1648959	1
V	1649056	1
V	1649152	6
V	1649248	6
V	1649345	4
V	1649441	6
V	1649538	4
V	1649635	4
V	1649731	4
V	1649828	6
V	1649924	4
V	1650021	4
V	1650118	1
V	1650214	1
V	1650311	4
V	1650408	1
V	1650505	1
V	1650602	4
V	1650699	6
V	1650796	1
V	1650892	1
V	1650989	1
V	1651086	4
V	1651183	4
V	1651280	4
V	1651377	6
V	1651474	6
V	1651570	6
V	1651667	6
V	1651763	6
V	1651859	4
V	1651955	6
V	1652052	1
V	1652148	4
V	1652245	4
V	1652341	4
V	1652438	1
V	1652535	4
V	1652632	6
V	1652729	6
V	1652826	6
V	1652923	1
V	1653020	4
V	1653117	4
V	1653213	6
V	1653309	6
V	1653406	2
V	1653502	1
V	1653599	4
V	1653696	4
V	1653793	4
V	1653890	4
V	1653987	4
V	1654084	6
V	1654180	6
V	1654276	1
V	1654373	1
V	1654469	4
V	1654566	4
V	1654662	4
V	1654758	4
V	1654855	6
V	1654951	6
V	1655047	4
V	1655144	4
V	1655241	1
V	1655337	6
V	1655433	4
V	1655530	4
V	1655627	1
V	1655724	4
V	1655821	4
V	1655918	4
V	1656014	4
V	1656111	4
V	1656208	1
V	1656305	6
V	1656401	4
V	1656498	4
V	1656595	6
V	1656691	1
V	1656788	1
V	1656884	1
V	1656981	4
V	1657078	4
V	1657174	4
V	1657270	1
V	1657366	4
V	1657462	4
V	1657559	9
V	1657655	1
V	1657751	1
V	1657847	4
V	1657943	4
V	1658039	9
V	1658136	9
V	1658232	9
V	1658329	9
V	1658425	9
V	1658521	1
V	1658617	1
V	1658713	4
V	1658810	4
V	1658907	4
V	1659004	4
V	1659101	4
V	1659197	4
V	1659294	9
V	1659391	9
V	1659487	9
V	1659583	9
V	1659679	9
V	1659776	9
V	1659872	9
V	1659969	9
V	1660066	9
V	1660163	9
V	1660259	9
V	1660356	9
V	1660453	9
V	1660549	9
V	1660645	9
V	1660741	9
V	1660838	9
V	1660935	9
V	1661032	9
V	1661129	9
V	1661226	6
V	1661323	3
V	1661420	1
V	1661517	4
V	1661613	4
V	1661709	4
V	1661806	4
V	1661903	1
V	1662000	4
V	1662097	9
V	1662194	9
V	1662291	9
V	1662387	9
V	1662483	9
V	1662580	9
V	1662677	9
V	1662773	9
V	1662869	9
V	1662966	9
V	1663062	4
V	1663158	6
V	1663254	1
V	1663351	1
V	1663448	1
V	1663544	4
V	1663640	4
V	1663737	4
V	1663833	4
V	1663930	4
V	1664026	1
V	1664122	1
V	1664219	4
V	1664316	4
V	1664413	4
V	1664510	6
V	1664607	4
V	1664703	1
V	1664800	4
V	1664897	4
V	1664993	4
V	1665090	1
V	1665186	4
V	1665282	4
V	1665378	6
V	1665474	4
V	1665570	4
V	1665667	1
V	1665764	1
V	1665861	6
V	1665958	1
V	1666055	4
V	1666151	4
V	1666248	4
V	1666344	4
V	1666440	1
V	1666536	6
V	1666632	1
V	1666728	1
V	1666825	6
V	1666922	4
V	1667018	6
V	1667114	1
V	1667211	4
V	1667307	4
V	1667404	4
V	1667501	1
V	1667597	1
V	1667693	4
V	1667789	1
V	1667886	4
V	1667982	4
V	1668079	4
V	1668175	4
V	1668272	4
V	1668369	1
V	1668465	1
V	1668562	4
V	1668658	4
V	1668755	9
V	1668852	9
V	1668949	9
V	1669046	9
V	1669142	9
V	1669239	9
V	1669336	9
V	1669433	9
V	1669529	9
V	1669625	9
V	1669722	9
V	1669818	9
V	1669915	9
V	1670012	9
V	1670109	9
V	1670205	9
V	1670301	9
V	1670397	9
V	1670494	9
V	1670590	9
V	1670687	4
V	1670784	4
V	1670880	6
V	1670976	4
V	1671072	1
V	1671169	1
V	1671265	1
V	1671361	6
V	1671458	1
V	1671555	4
V	1671651	4
V	1671748	4
V	1671845	4
V	1671941	6
V	1672037	1
V	1672134	4
V	1672230	4
V	1672327	1
V	1672423	1
V	1672519	4
V	1672616	4
V	1672713	4
V	1672809	1
V	1672905	4
V	1673002	4
V	1673098	1
V	1673194	4
V	1673290	4
V	1673386	6
V	1673483	1
V	1673579	4
V	1673676	4
V	1673772	6
V	1673869	6
V	1673966	6
V	1674062	1
V	1674159	1
V	1674255	1
V	1674351	1
V	1674448	1
V	1674545	4
V	1674642	4
V	1674738	4
V	1674835	6
V	1674931	1
V	1675027	4
V	1675124	4
V	1675220	4
V	1675317	1
V	1675414	1
V	1675511	1
V	1675608	4
V	1675705	1
V	1675802	6
V	1675899	4
V	1675996	4
V	1676093	6
V	1676189	3
V	1676285	1
V	1676382	1
V	1676479	4
V	1676576	4
V	1676673	4
V	1676769	4
V	1676866	4
V	1676963	4
V	1677060	4
V	1677157	4
V	1677253	1
V	1677350	4
V	1677447	4
V	1677544	1
V	1677640	6
V	1677737	1
V	1677834	4
V	1677930	1
V	1678026	4
V	1678123	1
V	1678219	1
V	1678316	1
V	1678413	4
V	1678509	4
V	1678606	4
V	1678703	1
V	1678799	1
V	1678896	9
V	1678992	9
V	1679089	9
V	1679186	9
V	1679283	9
V	1679379	9
V	1679475	9
V	1679572	9
V	1679669	9
V	1679765	9
V	1679862	9
V	1679959	9
V	1680056	9
V	1680152	9
V	1680249	9
V	1680345	9
V	1680441	9
V	1680538	9
V	1680634	9
V	1680731	9
V	1680828	9
V	1680925	9
V	1681022	9
V	1681119	9
V	1681216	9
V	1681312	9
V	1681409	9
V	1681506	9
V	1681603	9
V	1681700	9
V	1681797	9
V	1681893	9
V	1681990	9
V	1682086	9
V	1682182	9
V	1682279	9
V	1682375	9
V	1682472	9
V	1682568	9
V	1682664	6
V	1682761	6
V	1682857	4
V	1682954	4
V	1683051	9
V	1683148	1
V	1683244	1
V	1683340	6
V	1683436	1
V	1683533	9
V	1683630	6
V	1683727	1
V	1683823	1
V	1683920	4
V	1684017	6
V	1684113	6
V	1684210	1
V	1684306	1
V	1684402	1
V	1684498	9
V	1684594	9
V	1684690	9
V	1684786	9
V	1684882	1
V	1684979	1
V	1685075	4
V	1685172	4
V	1685269	4
V	1685365	6
V	1685461	1
V	1685558	4
V	1685654	4
V	1685751	6
V	1685847	6
V	1685944	6
V	1686040	1
V	1686136	7
V	1686232	8
V	1686329	10
V	1686427	7
V	1686524	7
V	1686621	8
V	1686718	8
V	1686815	8
V	1686912	7
V	1687008	7
V	1687105	8
V	1687201	7
V	1687297	7
V	1687393	7
V	1687490	8
V	1687587	8
V	1687683	7
V	1687779	8
V	1687875	10
V	1687973	7
V	1688069	7
V	1688166	10
V	1688264	10
V	1688362	10
V	1688459	7
V	1688556	10
V	1688654	10
V	1688752	8
V	1688849	10
V	1688947	10
V	1689044	10
V	1689142	8
V	1689238	8
V	1689334	7
V	1689431	10
V	1689529	7
V	1689626	7
V	1689722	8
V	1689818	8
V	1689914	10
V	1690012	10
V	1690109	8
V	1690206	10
V	1690304	7
V	1690401	10
V	1690499	7
V	1690596	10
V	1690694	7
V	1690791	7
V	1690888	8
V	1690984	10
V	1691082	8
V	1691179	7
V	1691276	8
V	1691373	8
V	1691470	10
V	1691567	7
V	1691663	10
V	1691761	10
V	1691859	10
V	1691956	10
V	1692054	10
V	1692151	10
V	1692249	8
V	1692346	7
V	1692442	8
V	1692539	8
V	1692635	10
V	1692732	10
V	1692829	7
V	1692926	8
V	1693023	8
V	1693120	8
V	1693216	10
V	1693314	7
V	1693411	7
V	1693508	7
V	1693605	10
V	1693703	8
V	1693800	10
V	1693898	7
V	1693995	10
V	1694093	10
V	1694190	8
V	1694287	7
V	1694383	7
V	1694480	7
V	1694577	10
V	1694675	10
V	1694772	7
V	1694868	7
V	1694965	7
V	1695062	10
V	1695160	7
V	1695257	7
V	1695354	8
V	1695450	10
V	1695547	7
V	1695644	8
V	1695740	8
V	1695837	9
V	1695934	9
V	1696031	9
V	1696128	9
V	1696224	9
V	1696321	9
V	1696418	9
V	1696514	9
V	1696610	9
V	1696706	9
V	1696802	9
V	1696899	9
V	1696995	9
V	1697091	9
V	1697188	9
V	1697285	9
V	1697382	9
V	1697479	9
V	1697575	9
V	1697672	9
V	1697768	10
V	1697866	7
V	1697962	8
V	1698058	8
V	1698155	8
V	1698252	10
V	1698349	7
V	1698446	7
V	1698542	7
V	1698639	7
V	1698735	10
V	1698833	10
V	1698931	10
V	1699028	7
V	1699125	10
V	1699223	7
V	1699320	10
V	1699418	8
V	1699515	7
V	1699611	7
V	1699707	8
V	1699803	10
V	1699900	8
V	1699997	7
V	1700094	10
V	1700192	10
V	1700290	10
V	1700387	10
V	1700485	8
V	1700581	10
V	1700678	9
V	1700774	1
V	1700871	1
V	1700967	4
V	1701064	4
V	1701161	4
V	1701258	4
V	1701355	4
V	1701451	4
V	1701548	1
V	1701644	4
V	1701741	6
V	1701837	1
V	1701934	8
V	1702031	8
V	1702128	10
V	1702225	7
V	1702321	10
V	1702419	10
V	1702516	10
V	1702614	8
V	1702710	8
V	1702807	8
V	1702904	7
V	1703000	7
V	1703096	7
V	1703193	7
V	1703290	8
V	1703386	10
V	1703484	10
V	1703582	10
V	1703680	8
V	1703777	7
V	1703873	8
V	1703970	8
V	1704067	10
V	1704165	10
V	1704263	8
V	1704360	8
V	1704456	10
V	1704553	7
V	1704650	7
V	1704747	8
V	1704844	10
V	1704942	7
V	1705039	10
V	1705136	10
V	1705233	10
V	1705331	10
V	1705428	8
V	1705524	8
V	1705621	7
V	1705718	7
V	1705814	8
V	1705911	10
V	1706009	10
V	1706107	7
V	1706204	10
V	1706301	9
V	1706398	9
V	1706494	9
V	1706591	9
V	1706687	9
V	1706783	9
V	1706880	9
V	1706976	9
V	1707073	9
V	1707169	9
V	1707265	9
V	1707362	9
V	1707458	9
V	1707555	9
V	1707651	9
V	1707747	9
V	1707844	9
V	1707940	9
V	1708036	9
V	1708133	9
V	1708230	4
V	1708326	4
V	1708423	4
V	1708520	1
V	1708616	1
V	1708713	4
V	1708810	1
V	1708906	4
V	1709003	4
V	1709099	4
V	1709195	6
V	1709292	1
V	1709388	6
V	1709484	4
V	1709581	1
V	1709678	1
V	1709775	1
V	1709871	4
V	1709968	4
V	1710065	4
V	1710162	1
V	1710259	4
V	1710355	1
V	1710451	1
V	1710547	1
V	1710644	6
V	1710741	4
V	1710838	1
V	1710934	4
V	1711031	1
V	1711128	4
V	1711225	1
V	1711321	1
V	1711418	6
V	1711514	4
V	1711611	1
V	1711707	4
V	1711804	6
V	1711900	4
V	1711996	6
V	1712093	1
V	1712190	4
V	1712287	1
V	1712384	4
V	1712481	4
V	1712578	4
V	1712675	6
V	1712771	6
V	1712868	6
V	1712964	1
V	1713061	4
V	1713158	4
V	1713254	1
V	1713351	1
V	1713448	4
V	1713545	4
V	1713642	4
V	1713739	6
V	1713836	6
V	1713932	1
V	1714029	4
V	1714125	4
V	1714222	4
V	1714319	6
V	1714416	1
V	1714512	4
V	1714609	4
V	1714705	1
V	1714801	1
V	1714898	1
V	1714995	4
V	1715091	4
V	1715188	1
V	1715284	4
V	1715381	4
V	1715477	4
V	1715573	1
V	1715670	4
V	1715767	4
V	1715864	4
V	1715961	4
V	1716057	6
V	1716154	4
V	1716251	4
V	1716348	6
V	1716445	6
V	1716542	6
V	1716639	1
V	1716735	4
V	1716832	4
V	1716929	1
V	1717026	6
V	1717122	6
V	1717218	1
V	1717314	1
V	1717411	4
V	1717508	4
V	1717605	1
V	1717701	4
V	1717797	4
V	1717893	4
V	1717990	4
V	1718086	4
V	1718182	9
V	1718279	6
V	1718376	1
V	1718472	1
V	1718568	1
V	1718664	4
V	1718760	4
V	1718857	9
V	1718954	4
V	1719051	4
V	1719147	6
V	1719244	9
V	1719341	9
V	1719438	4
V	1719535	4
V	1719632	4
V	1719729	9
V	1719826	9
V	1719923	9
V	1720019	9
V	1720116	9
V	1720213	4
V	1720309	9
V	1720405	9
V	1720502	9
V	1720598	9
V	1720695	9
V	1720792	9
V	1720889	9
V	1720986	9
V	1721083	6
V	1721180	1
V	1721277	4
V	1721373	4
V	1721469	4
V	1721565	4
V	1721662	4
V	1721759	4
V	1721855	6
V	1721951	6
V	1722048	4
V	1722145	9
V	1722242	9
V	1722339	9
V	1722435	9
V	1722531	9
V	1722628	9
V	1722725	9
V	1722821	9
V	1722918	9
V	1723014	6
V	1723111	1
V	1723208	1
V	1723305	1
V	1723402	4
V	1723499	4
V	1723596	4
V	1723693	1
V	1723790	4
V	1723887	4
V	1723983	4
V	1724080	4
V	1724177	6
V	1724273	4
V	1724369	4
V	1724465	4
V	1724562	6
V	1724659	4
V	1724755	4
V	1724852	6
V	1724948	6
V	1725044	4
V	1725141	1
V	1725238	4
V	1725334	6
V	1725430	4
V	1725526	4
V	1725622	4
V	1725718	6
V	1725815	4
V	1725912	1
V	1726009	4
V	1726105	6
V	1726202	1
V	1726298	1
V	1726394	6
V	1726490	6
V	1726586	6
V	1726682	1
V	1726779	1
V	1726876	1
V	1726973	4
V	1727069	4
V	1727166	4
V	1727263	4
V	1727359	1
V	1727456	4
V	1727552	1
V	1727649	6
V	1727745	4
V	1727841	1
V	1727937	1
V	1728033	4
V	1728130	1
V	1728226	6
V	1728323	1
V	1728420	6
V	1728517	6
V	1728614	4
V	1728711	4
V	1728808	9
V	1728905	9
V	1729002	9
V	1729099	9
V	1729196	9
V	1729292	9
V	1729388	9
V	1729485	9
V	1729582	9
V	1729679	9
V	1729776	9
V	1729873	9
V	1729970	9
V	1730067	9
V	1730164	9
V	1730260	9
V	1730356	9
V	1730453	9
V	1730550	9
V	1730647	9
V	1730744	4
V	1730841	1
V	1730937	4
V	1731034	4
V	1731131	4
V	1731227	1
V	1731324	1
V	1731420	1
V	1731517	4
V	1731614	4
V	1731710	1
V	1731806	1
V	1731903	1
V	1732000	4
V	1732097	4
V	1732194	4
V	1732290	4
V	1732386	4
V	1732483	6
V	1732580	1
V	1732676	1
V	1732772	4
V	1732869	4
V	1732966	4
V	1733063	6
V	1733160	1
V	1733256	1
V	1733353	6
V	1733450	1
V	1733546	4
V	1733642	4
V	1733739	4
V	1733835	4
V	1733931	6
V	1734027	1
V	1734124	1
V	1734221	1
V	1734318	4
V	1734415	4
V	1734512	6
V	1734609	6
V	1734705	1
V	1734802	1
V	1734899	1
V	1734996	1
V	1735093	1
V	1735190	4
V	1735287	4
V	1735383	4
V	1735480	1
V	1735576	4
V	1735673	6
V	1735769	4
V	1735866	1
V	1735963	4
V	1736060	1
V	1736157	1
V	1736254	1
V	1736350	1
V	1736447	1
V	1736544	4
V	1736641	1
V	1736738	6
V	1736835	6
V	1736931	1
V	1737028	1
V	1737125	4
V	1737222	4
V	1737318	4
V	1737414	6
V	1737511	1
V	1737608	6
V	1737705	4
V	1737801	4
V	1737898	1
V	1737994	4
V	1738090	1
V	1738186	4
V	1738282	4
V	1738378	1
V	1738474	4
V	1738571	6
V	1738667	9
V	1738764	9
V	1738861	9
V	1738958	9
V	1739055	9
V	1739152	9
V	1739249	9
V	1739346	9
V	1739443	9
V	1739540	9
V	1739637	9
V	1739734	9
V	1739831	9
V	1739928	9
V	1740024	9
V	1740120	9
V	1740217	9
V	1740313	9
V	1740409	9
V	1740505	9
V	1740602	9
V	1740699	9
V	1740796	9
V	1740892	9
V	1740988	9
V	1741085	9
V	1741182	9
V	1741279	1
V	1741376	4
V	1741473	6
V	1741569	4
V	1741665	1
V	1741762	4
V	1741858	1
V	1741954	1
V	1742050	9
V	1742147	1
V	1742244	4
V	1742341	6
V	1742437	6
V	1742534	1
V	1742630	4
V	1742726	4
V	1742823	6
V	1742920	1
V	1743017	9
V	1743114	9
V	1743210	9
V	1743307	9
V	1743404	9
V	1743501	9
V	1743597	6
V	1743693	4
V	1743790	4
V	1743886	6
V	1743982	4
V	1744078	6
V	1744175	4
V	1744272	1
V	1744369	4
V	1744465	6
V	1744561	7
V	1744658	10
V	1744756	10
V	1744854	10
V	1744951	7
V	1745048	8
V	1745144	10
V	1745241	10
V	1745338	10
V	1745436	7
V	1745533	8
V	1745630	10
V	1745728	8
V	1745824	10
V	1745922	7
V	1746018	7
V	1746114	7
V	1746211	8
V	1746307	8
V	1746404	8
V	1746501	7
V	1746598	7
V	1746694	10
V	1746791	10
V	1746889	8
V	1746986	7
V	1747083	7
V	1747179	7
V	1747276	10
V	1747374	7
V	1747470	7
V	1747567	7
V	1747664	8
V	1747760	10
V	1747858	7
V	1747955	10
V	1748052	8
V	1748148	7
V	1748244	7
V	1748341	10
V	1748439	8
V	1748536	8
V	1748632	7
V	1748729	7
V	1748826	10
V	1748923	8
V	1749019	10
V	1749116	10
V	1749214	7
V	1749311	10
V	1749408	7
V	1749505	10
V	1749602	10
V	1749700	10
V	1749797	7
V	1749894	7
V	1749990	7
V	1750087	8
V	1750184	7
V	1750281	8
V	1750378	10
V	1750475	10
V	1750572	10
V	1750669	10
V	1750766	10
V	1750863	7
V	1750960	8
V	1751056	7
V	1751152	8
V	1751249	7
V	1751345	8
V	1751442	8
V	1751539	10
V	1751637	10
V	1751734	10
V	1751832	10
V	1751930	7
V	1752026	7
V	1752123	7
V	1752220	7
V	1752316	7
V	1752413	8
V	1752510	10
V	1752607	7
V	1752703	10
V	1752800	7
V	1752897	8
V	1752994	10
V	1753092	7
V	1753189	8
V	1753286	8
V	1753382	8
V	1753479	7
V	1753576	7
V	1753673	7
V	1753770	10
V	1753868	7
V	1753964	8
V	1754061	7
V	1754158	10
V	1754255	7
V	1754351	8
V	1754448	7
V	1754544	8
V	1754640	10
V	1754738	10
V	1754836	7
V	1754933	7
V	1755030	8
V	1755127	10
V	1755225	10
V	1755322	7
V	1755419	7
V	1755516	10
V	1755613	7
V	1755709	9
V	1755805	9
V	1755902	9
V	1755998	9
V	1756094	9
V	1756191	9
V	1756287	9
V	1756383	9
V	1756479	9
V	1756576	9
V	1756672	8
V	1756769	8
V	1756866	7
V	1756962	7
V	1757059	8
V	1757156	8
V	1757253	7
V	1757349	7
V	1757445	8
V	1757541	7
V	1757638	8
V	1757734	8
V	1757830	8
V	1757927	8
V	1758023	10
V	1758121	7
V	1758217	8
V	1758314	7
V	1758410	8
V	1758506	10
V	1758603	8
V	1758699	7
V	1758795	10
V	1758893	7
V	1758990	8
V	1759087	7
V	1759183	10
V	1759281	10
V	1759379	10
V	1759477	8
V	1759573	7
V	1759670	7
V	1759767	8
V	1759864	8
V	1759960	10
V	1760058	10
V	1760156	10
V	1760253	10
V	1760350	10
V	1760448	8
V	1760544	7
V	1760641	10
V	1760739	8
V	1760836	7
V	1760933	9
V	1761030	9
V	1761127	9
V	1761224	9
V	1761320	9
V	1761416	8
V	1761512	7
V	1761609	7
V	1761706	7
V	1761803	7
V	1761899	8
V	1761996	8
V	1762092	7
V	1762189	7
V	1762286	7
V	1762383	8
V	1762480	10
V	1762577	7
V	1762673	7
V	1762769	10
V	1762867	7
V	1762964	8
V	1763060	8
V	1763157	8
V	1763253	10
V	1763351	8
V	1763448	7
V	1763545	7
V	1763641	10
V	1763739	7
V	1763836	8
V	1763933	8
V	1764030	8
V	1764127	8
V	1764224	7
V	1764320	8
V	1764416	7
V	1764512	10
V	1764609	4
V	1764705	1
V	1764802	1
V	1764898	6
V	1764995	6
V	1765092	1
V	1765189	1
V	1765286	1
V	1765382	1
V	1765479	4
V	1765575	6
V	1765671	1
V	1765768	1
V	1765864	4
V	1765960	4
V	1766057	4
V	1766153	4
V	1766249	4
V	1766346	6
V	1766443	1
V	1766539	4
V	1766635	4
V	1766732	4
V	1766828	1
V	1766924	4
V	1767021	4
V	1767117	4
V	1767214	4
V	1767311	1
V	1767407	6
V	1767504	4
V	1767600	6
V	1767697	4
V	1767794	1
V	1767890	4
V	1767986	4
V	1768083	1
V	1768179	6
V	1768276	1
V	1768373	1
V	1768469	1
V	1768565	4
V	1768662	1
V	1768759	1
V	1768855	1
V	1768951	4
V	1769048	1
V	1769145	1
V	1769241	4
V	1769338	6
V	1769435	4
V	1769531	4
V	1769628	4
V	1769724	6
V	1769821	1
V	1769917	6
V	1770014	4
V	1770110	1
V	1770206	4
V	1770303	6
V	1770399	6
V	1770496	1
V	1770593	1
V	1770689	1
V	1770786	4
V	1770882	4
V	1770979	4
V	1771076	4
V	1771173	4
V	1771269	6
V	1771366	1
V	1771462	4
V	1771558	4
V	1771655	1
V	1771751	4
V	1771848	6
V	1771945	6
V	1772042	6
V	1772139	4
V	1772236	4
V	1772333	4
V	1772430	6
V	1772526	4
V	1772623	1
V	1772719	1
V	1772815	6
V	1772912	1
V	1773008	4
V	1773105	6
V	1773201	1
V	1773298	1
V	1773395	4
V	1773492	6
V	1773589	1
V	1773685	1
V	1773781	1
V	1773878	1
V	1773974	6
V	1774070	6
V	1774167	1
V	1774264	1
V	1774360	4
V	1774456	4
V	1774552	4
V	1774648	4
V	1774745	4
V	1774842	1
V	1774939	1
V	1775035	1
V	1775132	1
V	1775229	1
V	1775326	4
V	1775422	7
V	1775518	8
V	1775614	7
V	1775711	8
V	1775807	8
V	1775904	8
V	1776001	7
V	1776098	7
V	1776195	8
V	1776292	10
V	1776390	10
V	1776488	10
V	1776586	10
V	1776684	10
V	1776782	10
V	1776879	8
V	1776976	8
V	1777073	8
V	1777169	8
V	1777266	8
V	1777363	10
V	1777461	10
V	1777559	8
V	1777656	8
V	1777752	7
V	1777848	7
V	1777944	10
V	1778041	8
V	1778137	7
V	1778233	10
V	1778330	7
V	1778426	9
V	1778523	9
V	1778619	9
V	1778716	9
V	1778812	9
V	1778909	9
V	1779005	9
V	1779102	9
V	1779199	7
V	1779295	10
V	1779392	7
V	1779488	7
V	1779585	8
V	1779682	7
V	1779779	7
V	1779875	10
V	1779972	10
V	1780070	10
V	1780167	10
V	1780264	10
V	1780362	10
V	1780460	10
V	1780557	7
V	1780654	7
V	1780750	10
V	1780848	7
V	1780944	7
V	1781041	8
V	1781138	10
V	1781235	7
V	1781331	8
V	1781428	10
V	1781525	10
V	1781622	10
V	1781720	10
V	1781817	7
V	1781913	7
V	1782009	7
V	1782106	8
V	1782203	10
V	1782300	8
V	1782397	10
V	1782495	7
V	1782592	7
V	1782689	7
V	1782786	10
V	1782883	1
V	1782979	4
V	1783076	1
V	1783172	4
V	1783268	4
V	1783365	4
V	1783461	6
V	1783558	6
V	1783654	1
V	1783750	1
V	1783847	1
V	1783944	6
V	1784040	1
V	1784136	4
V	1784233	4
V	1784329	4
V	1784426	4
V	1784522	1
V	1784618	6
V	1784714	6
V	1784811	1
V	1784907	4
V	1785004	4
V	1785101	1
V	1785197	4
V	1785294	4
V	1785390	1
V	1785486	1
V	1785582	4
V	1785678	4
V	1785774	1
V	1785871	1
V	1785968	1
V	1786065	1
V	1786162	1
V	1786259	4
V	1786356	4
V	1786452	4
V	1786548	6
V	1786645	4
V	1786741	4
V	1786838	1
V	1786935	6
V	1787031	1
V	1787127	4
V	1787223	4
V	1787319	1
V	1787416	1
V	1787512	1
V	1787608	1
V	1787705	4
V	1787801	4
V	1787898	4
V	1787995	4
V	1788091	1
V	1788187	4
V	1788283	1
V	1788379	6
V	1788476	6
V	1788573	6
V	1788670	1
V	1788767	1
V	1788863	1
V	1788959	1
V	1789055	1
V	1789151	1
V	1789248	1
V	1789344	4
V	1789441	4
V	1789537	4
V	1789633	1
V	1789730	4
V	1789827	6
V	1789924	1
V	1790021	6
V	1790118	4
V	1790215	6
V	1790311	6
V	1790408	1
V	1790505	1
V	1790602	4
V	1790699	4
V	1790795	4
V	1790892	4
V	1790989	4
V	1791086	1
V	1791183	4
V	1791280	4
V	1791376	6
V	1791472	1
V	1791569	6
V	1791666	1
V	1791762	1
V	1791858	1
V	1791954	1
V	1792051	4
V	1792148	1
V	1792244	4
V	1792341	4
V	1792438	1
V	1792534	4
V	1792630	1
V	1792727	1
V	1792823	1
V	1792919	4
V	1793015	4
V	1793112	4
V	1793209	4
V	1793306	4
V	1793402	1
V	1793498	1
V	1793595	1
V	1793692	9
V	1793789	4
V	1793886	1
V	1793982	7
V	1794078	8
V	1794175	10
V	1794273	10
V	1794370	10
V	1794468	10
V	1794566	7
V	1794663	7
V	1794759	10
V	1794856	10
V	1794954	7
V	1795050	7
V	1795146	8
V	1795243	7
V	1795340	8
V	1795437	8
V	1795534	10
V	1795632	10
V	1795729	7
V	1795825	7
V	1795921	8
V	1796018	10
V	1796115	7
V	1796212	10
V	1796309	10
V	1796407	8
V	1796504	8
V	1796600	8
V	1796696	10
V	1796794	7
V	1796891	7
V	1796987	7
V	1797083	10
V	1797181	10
V	1797278	7
V	1797374	7
V	1797471	7
V	1797567	7
V	1797664	10
V	1797762	10
V	1797860	7
V	1797957	10
V	1798055	7
V	1798152	10
V	1798250	7
V	1798347	8
V	1798444	10
V	1798542	9
V	1798639	9
V	1798736	9
V	1798832	9
V	1798929	9
V	1799026	9
V	1799122	9
V	1799219	9
V	1799316	9
V	1799412	9
V	1799509	9
V	1799606	9
V	1799703	9
V	1799800	9
V	1799896	9
V	1799992	9
V	1800088	9
V	1800185	9
V	1800282	9
V	1800378	9
V	1800474	9
V	1800570	9
V	1800667	9
V	1800764	9
V	1800861	9
V	1800958	9
V	1801054	9
V	1801151	9
V	1801248	9
V	1801345	9
V	1801442	9
V	1801538	9
V	1801634	9
V	1801731	9
V	1801827	9
V	1801924	9
V	1802020	9
V	1802117	9
V	1802214	9
V	1802310	9
V	1802407	9
V	1802503	9
V	1802600	6
V	1802697	1
V	1802793	4
V	1802889	4
V	1802985	4
V	1803082	1
V	1803179	1
V	1803275	1
V	1803371	1
V	1803467	4
V	1803564	4
V	1803660	4
V	1803757	6
V	1803853	4
V	1803950	4
V	1804046	1
V	1804143	1
V	1804240	4
V	1804336	4
V	1804432	4
V	1804529	1
V	1804625	4
V	1804722	6
V	1804819	4
V	1804916	4
V	1805012	1
V	1805108	4
V	1805204	1
V	1805301	6
V	1805398	1
V	1805495	4
V	1805591	1
V	1805688	6
V	1805785	4
V	1805882	4
V	1805979	4
V	1806075	1
V	1806172	6
V	1806269	1
V	1806366	4
V	1806463	4
V	1806560	6
V	1806656	1
V	1806752	1
V	1806848	4
V	1806944	4
V	1807040	4
V	1807137	4
V	1807233	6
V	1807329	6
V	1807426	1
V	1807522	1
V	1807618	1
V	1807715	1
V	1807811	4
V	1807907	4
V	1808004	4
V	1808101	6
V	1808198	1
V	1808294	1
V	1808390	4
V	1808486	4
V	1808583	4
V	1808679	6
V	1808776	4
V	1808873	1
V	1808970	4
V	1809066	1
V	1809162	4
V	1809258	4
V	1809354	1
V	1809450	4
V	1809547	1
V	1809644	6
V	1809741	4
V	1809837	1
V	1809934	4
V	1810031	6
V	1810127	6
V	1810223	6
V	1810319	1
V	1810416	4
V	1810513	1
V	1810609	6
V	1810706	4
V	1810803	1
V	1810899	4
V	1810995	4
V	1811091	4
V	1811188	9
V	1811285	9
V	1811381	9
V	1811478	4
V	1811574	4
V	1811671	4
V	1811768	4
V	1811864	4
V	1811960	9
V	1812056	9
V	1812153	9
V	1812250	9
V	1812346	9
V	1812443	9
V	1812540	9
V	1812637	9
V	1812734	9
V	1812830	4
V	1812926	6
V	1813023	6
V	1813120	1
V	1813216	1
V	1813312	1
V	1813409	4
V	1813506	4
V	1813603	4
V	1813700	4
V	1813797	9
V	1813893	9
V	1813990	9
V	1814087	9
V	1814183	9
V	1814279	9
V	1814375	9
V	1814472	9
V	1814568	9
V	1814665	4
V	1814761	9
V	1814858	9
V	1814954	9
V	1815050	9
V	1815147	9
V	1815243	9
V	1815340	9
V	1815436	9
V	1815532	9
V	1815629	9
V	1815726	9
V	1815822	9
V	1815919	9
V	1816016	9
V	1816112	6
V	1816208	4
V	1816304	4
V	1816400	4
V	1816496	4
V	1816592	4
V	1816689	4
V	1816786	4
V	1816882	4
V	1816979	9
V	1817076	9
V	1817172	9
V	1817268	9
V	1817365	9
V	1817461	9
V	1817557	9
V	1817654	9
V	1817751	9
V	1817848	9
V	1817945	9
V	1818041	6
V	1818138	1
V	1818234	4
V	1818331	4
V	1818428	4
V	1818525	4
V	1818622	6
V	1818719	4
V	1818815	4
V	1818912	1
V	1819009	1
V	1819106	6
V	1819203	4
V	1819299	6
V	1819396	4
V	1819493	4
V	1819589	1
V	1819686	4
V	1819782	4
V	1819879	4
V	1819976	1
V	1820072	1
V	1820168	1
V	1820265	1
V	1820361	4
V	1820457	6
V	1820553	1
V	1820650	4
V	1820746	6
V	1820843	4
V	1820940	6
V	1821037	1
V	1821133	4
V	1821230	4
V	1821327	1
V	1821423	6
V	1821520	1
V	1821617	4
V	1821714	1
V	1821811	1
V	1821908	1
V	1822005	6
V	1822101	4
V	1822198	1
V	1822295	4
V	1822392	1
V	1822489	4
V	1822586	1
V	1822683	4
V	1822780	1
V	1822877	1
V	1822973	1
V	1823070	6
V	1823167	4
V	1823264	9
V	1823361	9
V	1823458	9
V	1823555	9
V	1823652	9
V	1823749	9
V	1823845	9
V	1823942	9
V	1824039	9
V	1824136	9
V	1824232	9
V	1824329	9
V	1824426	9
V	1824522	9
V	1824619	9
V	1824715	9
V	1824812	9
V	1824909	9
V	1825006	9
V	1825103	6
V	1825200	4
V	1825296	4
V	1825393	1
V	1825490	4
V	1825587	1
V	1825684	4
V	1825780	1
V	1825876	4
V	1825972	4
V	1826069	1
V	1826165	1
V	1826262	6
V	1826359	1
V	1826456	1
V	1826552	1
V	1826648	6
V	1826744	6
V	1826841	1
V	1826938	1
V	1827035	1
V	1827132	1
V	1827229	4
V	1827326	4
V	1827423	4
V	1827519	4
V	1827616	1
V	1827713	4
V	1827809	1
V	1827906	1
V	1828003	4
V	1828099	4
V	1828195	6
V	1828292	6
V	1828389	6
V	1828485	1
V	1828582	1
V	1828678	4
V	1828775	4
V	1828872	4
V	1828969	4
V	1829066	4
V	1829163	4
V	1829260	6
V	1829357	1
V	1829453	1
V	1829549	4
V	1829646	4
V	1829742	4
V	1829839	4
V	1829936	6
V	1830032	1
V	1830129	1
V	1830225	1
V	1830322	4
V	1830418	4
V	1830515	4
V	1830612	1
V	1830708	4
V	1830804	6
V	1830901	4
V	1830998	1
V	1831094	6
V	1831191	4
V	1831288	4
V	1831385	1
V	1831481	4
V	1831577	4
V	1831673	4
V	1831769	6
V	1831865	6
V	1831962	1
V	1832058	1
V	1832154	1
V	1832251	1
V	1832348	4
V	1832445	4
V	1832542	4
V	1832638	4
V	1832735	1
V	1832831	6
V	1832928	4
V	1833025	4
V	1833121	1
V	1833217	6
V	1833313	6
V	1833410	4
V	1833506	1
V	1833602	4
V	1833699	9
V	1833796	9
V	1833892	9
V	1833988	9
V	1834084	9
V	1834181	9
V	1834278	9
V	1834375	9
V	1834472	9
V	1834568	9
V	1834664	9
V	1834761	9
V	1834857	9
V	1834954	9
V	1835051	9
V	1835148	9
V	1835244	9
V	1835340	9
V	1835437	9
V	1835534	9
V	1835630	9
V	1835727	9
V	1835824	9
V	1835921	9
V	1836018	9
V	1836114	9
V	1836211	9
V	1836308	9
V	1836405	9
V	1836502	9
V	1836599	9
V	1836695	9
V	1836792	9
V	1836888	9
V	1836984	9
V	1837081	9
V	1837178	1
V	1837275	6
V	1837371	1
V	1837468	1
V	1837565	4
V	1837662	1
V	1837759	4
V	1837855	1
V	1837951	1
V	1838047	9
V	1838143	9
V	1838239	9
V	1838336	1
V	1838432	1
V	1838528	6
V	1838625	9
V	1838722	9
V	1838818	6
V	1838914	6
V	1839011	6
V	1839108	9
V	1839204	9
V	1839300	9
V	1839396	9
V	1839493	9
V	1839590	4
V	1839687	1
V	1839784	1
V	1839880	4
V	1839977	6
V	1840074	4
V	1840170	1
V	1840267	1
V	1840364	8
V	1840460	8
V	1840557	10
V	1840654	10
V	1840751	10
V	1840848	10
V	1840945	7
V	1841041	8
V	1841137	8
V	1841233	7
V	1841330	8
V	1841426	10
V	1841523	10
V	1841621	10
V	1841718	10
V	1841816	8
V	1841913	8
V	1842010	7
V	1842106	10
V	1842204	8
V	1842301	8
V	1842397	10
V	1842495	8
V	1842591	7
V	1842687	7
V	1842784	7
V	1842881	8
V	1842977	10
V	1843074	10
V	1843171	10
V	1843268	8
V	1843365	10
V	1843462	7
V	1843559	7
V	1843655	7
V	1843752	7
V	1843848	8
V	1843944	10
V	1844042	7
V	1844138	8
V	1844234	7
V	1844330	8
V	1844427	7
V	1844524	8
V	1844621	8
V	1844717	8
V	1844813	10
V	1844911	7
V	1845008	8
V	1845105	7
V	1845202	7
V	1845298	8
V	1845394	10
V	1845491	7
V	1845587	8
V	1845684	8
V	1845781	10
V	1845878	7
V	1845975	7
V	1846072	7
V	1846168	7
V	1846265	10
V	1846363	8
V	1846460	8
V	1846557	7
V	1846654	7
V	1846751	7
V	1846847	7
V	1846943	7
V	1847040	8
V	1847137	10
V	1847234	7
V	1847330	7
V	1847427	8
V	1847524	7
V	1847621	8
V	1847717	10
V	1847815	10
V	1847912	10
V	1848010	8
V	1848106	8
V	1848202	8
V	1848298	7
V	1848394	8
V	1848490	10
V	1848587	8
V	1848684	8
V	1848780	8
V	1848877	10
V	1848975	10
V	1849072	7
V	1849168	8
V	1849264	7
V	1849361	8
V	1849458	8
V	1849554	7
V	1849651	7
V	1849747	9
V	1849844	9
V	1849941	9
V	1850038	9
V	1850135	9
V	1850232	9
V	1850329	9
V	1850426	9
V	1850522	9
V	1850618	9
V	1850715	9
V	1850812	9
V	1850909	9
V	1851005	9
V	1851102	8
V	1851199	8
V	1851296	10
V	1851393	10
V	1851490	7
V	1851587	7
V	1851684	7
V	1851781	10
V	1851878	8
V	1851974	8
V	1852071	8
V	1852168	10
V	1852265	10
V	1852363	7
V	1852459	10
V	1852556	8
V	1852652	7
V	1852749	7
V	1852846	5
V	1852944	4
V	1853042	3
V	1853140	2
V	1853238	9
V	1853336	4
V	1853434	1
V	1853532	5
V	1853630	3
V	1853728	5
V	1853826	6
V	1853924	8
V	1854022	4
V	1854120	1
V	1854218	2
V	1854316	6
V	1854414	5
V	1854512	2
V	1854610	1
V	1854708	6
V	1854806	5
V	1854904	1
V	1855002	4
V	1855100	5
V	1855198	4
V	1855296	2
V	1855394	6
V	1855492	3
V	1855590	9
V	1855688	5
V	1855786	5
V	1855884	6
V	1855982	9
V	1856080	3
V	1856178	5
V	1856276	5
V	1856374	5
V	1856472	1
V	1856570	4
V	1856668	4
V	1856766	3
V	1856864	4
V	1856962	8
V	1857060	6
V	1857158	3
V	1857256	9
V	1857354	6
V	1857452	1
V	1857550	1
V	1857648	3
V	1857746	5
V	1857844	4
V	1857942	3
V	1858040	9
V	1858138	9
V	1858236	6
V	1858334	5
V	1858432	6
V	1858530	8
V	1858628	2
V	1858726	6
V	1858824	1
V	1858922	10
V	1859021	9
V	1859119	6
V	1859217	5
V	1859315	1
V	1859413	2
V	1859511	8
V	1859609	4
V	1859707	3
V	1859805	2
V	1859903	9
V	1860001	6
V	1860099	6
V	1860197	1
V	1860295	4
V	1860393	5
V	1860491	4
V	1860589	5
V	1860687	7
V	1860785	4
V	1860883	3
V	1860981	6
V	1861079	4
V	1861177	3
V	1861275	4
V	1861373	1
V	1861471	5
V	1861569	4
V	1861667	4
V	1861765	7
V	1861863	6
V	1861961	6
V	1862059	5
V	1862157	3
V	1862255	1
V	1862353	2
V	1862451	1
V	1862549	3
V	1862647	4
V	1862745	1
V	1862843	8
V	1862941	10
V	1863040	1
V	1863138	8
V	1863236	3
V	1863334	3
V	1863432	2
V	1863530	3
V	1863628	2
V	1863726	9
V	1863824	6
V	1863922	5
V	1864020	4
V	1864118	1
V	1864216	3
V	1864314	6
V	1864412	9
V	1864510	6
V	1864608	5
V	1864706	4
V	1864804	1
V	1864902	8
V	1865000	6
V	1865098	8
V	1865196	2
V	1865294	1
V	1865392	10
V	1865491	7
V	1865589	6
V	1865687	10
V	1865786	4
V	1865884	1
V	1865982	10
V	1866081	2
V	1866179	6
V	1866277	5
V	1866375	1
V	1866473	4
V	1866571	5
V	1866669	6
V	1866767	5
V	1866865	6
V	1866963	9
V	1867061	6
V	1867159	7
V	1867257	4
V	1867355	1
V	1867453	2
V	1867551	8
V	1867649	3
V	1867747	1
V	1867845	4
V	1867943	4
V	1868041	6
V	1868139	5
V	1868237	4
V	1868335	5
V	1868433	1
V	1868531	10
V	1868630	1
V	1868728	4
V	1868826	2
V	1868924	9
V	1869022	6
V	1869120	4
V	1869218	3
V	1869316	9
V	1869414	4
V	1869512	3
V	1869610	3
V	1869708	9
V	1869806	9
V	1869904	2
V	1870002	4
V	1870100	4
V	1870198	5
V	1870296	4
V	1870394	3
V	1870492	2
V	1870590	9
V	1870688	6
V	1870786	5
V	1870884	3
V	1870982	2
V	1871080	9
V	1871178	6
V	1871276	5
V	1871374	4
V	1871472	3
V	1871570	2
V	1871668	8
V	1871766	6
V	1871864	5
V	1871962	8
V	1872060	6
V	1872158	5
V	1872256	4
V	1872354	1
V	1872452	3
V	1872550	5
V	1872648	4
V	1872746	8
V	1872844	3
V	1872942	1
V	1873040	1
V	1873138	5
V	1873236	6
V	1873334	8
V	1873432	2
V	1873530	1
V	1873628	4
V	1873726	5
V	1873824	6
V	1873922	6
V	1874020	9
V	1874118	2
V	1874216	4
V	1874314	4
V	1874412	5
V	1874510	6
V	1874608	9
V	1874706	5
V	1874804	4
V	1874902	1
V	1875000	1
V	1875098	6
V	1875196	7
V	1875294	10
V	1875393	6
V	1875491	5
V	1875589	4
V	1875687	1
V	1875785	2
V	1875883	1
V	1875981	1
V	1876079	5
V	1876177	6
V	1876275	8
V	1876373	2
V	1876471	8
V	1876569	2
V	1876667	1
V	1876765	1
V	1876863	5
V	1876961	6
V	1877059	2
V	1877157	4
V	1877255	4
V	1877353	6
V	1877451	7
V	1877549	10
V	1877648	1
V	1877746	3
V	1877844	4
V	1877942	6
V	1878040	10
V	1878139	1
V	1878237	3
V	1878335	4
V	1878433	8
V	1878531	2
V	1878629	1
V	1878727	4
V	1878825	5
V	1878923	6
V	1879021	8
V	1879119	2
V	1879217	1
V	1879315	9
V	1879413	6
V	1879511	5
V	1879609	4
V	1879707	4
V	1879805	2
V	1879903	9
V	1880001	6
V	1880099	5
V	1880197	4
V	1880295	4
V	1880393	3
V	1880491	6
V	1880589	5
V	1880687	4
V	1880785	3
V	1880883	6
V	1880981	1
V	1881079	4
V	1881177	1
V	1881275	4
V	1881373	1
V	1881471	10
V	1881570	7
V	1881668	10
V	1881767	7
V	1881865	6
V	1881963	4
V	1882061	3
V	1882159	3
V	1882257	4
V	1882355	6
V	1882453	7
V	1882551	1
V	1882649	4
V	1882747	6
V	1882845	9
V	1882943	2
V	1883041	4
V	1883139	4
V	1883237	6
V	1883335	7
V	1883433	10
V	1883532	6
V	1883630	5
V	1883728	4
V	1883826	1
V	1883924	2
V	1884022	8
V	1884120	6
V	1884218	5
V	1884317	4
V	1884417	1
V	1884517	6
V	1884617	5
V	1884717	4
V	1884817	1
V	1884917	5
V	1885017	8
V	1885117	6
V	1885217	5
V	1885317	4
V	1885417	1
V	1885517	5
V	1885617	1
V	1885717	3
V	1885817	2
V	1885917	9
V	1886017	6
V	1886117	9
V	1886217	6
V	1886317	5
V	1886417	1
V	1886517	3
V	1886617	2
V	1886717	9
V	1886817	6
V	1886917	6
V	1887017	6
V	1887117	5
V	1887217	4
V	1887317	1
V	1887417	2
V	1887517	8
V	1887617	2
V	1887717	8
V	1887817	6
V	1887917	5
V	1888017	4
V	1888117	1
V	1888217	2
V	1888317	8
V	1888417	5
V	1888517	4
V	1888617	3
V	1888717	5
V	1888817	4
V	1888917	10
V	1889018	6
V	1889118	4
V	1889218	3
V	1889318	6
V	1889418	7
V	1889518	10
V	1889619	1
V	1889719	4
V	1889819	10
V	1889920	3
V	1890020	1
V	1890120	6
V	1890220	6
V	1890320	4
V	1890420	4
V	1890520	1
V	1890620	10
V	1890721	7
V	1890821	6
V	1890921	4
V	1891021	3
V	1891121	1
V	1891221	10
V	1891322	7
V	1891422	6
V	1891522	3
V	1891622	8
V	1891722	6
V	1891822	5
V	1891922	6
V	1892022	5
V	1892122	3
V	1892222	3
V	1892322	1
V	1892422	2
V	1892522	8
V	1892622	5
V	1892722	4
V	1892822	1
V	1892922	3
V	1893022	6
V	1893122	4
V	1893222	8
V	1893322	6
V	1893422	5
V	1893522	4
V	1893622	1
V	1893722	7
V	1893822	6
V	1893922	4
V	1894022	4
V	1894122	1
V	1894222	10
V	1894323	6
V	1894423	3
V	1894523	1
V	1894623	10
V	1894724	7
V	1894824	6
V	1894924	6
V	1895024	5
V	1895124	3
V	1895224	4
V	1895324	1
V	1895424	2
V	1895524	8
V	1895624	6
V	1895724	4
V	1895824	4
V	1895924	1
V	1896024	10
V	1896125	7
V	1896225	3
V	1896325	1
V	1896425	10
V	1896526	7
V	1896626	6
V	1896726	4
V	1896826	3
V	1896926	1
V	1897026	10
V	1897127	7
V	1897227	6
V	1897327	1
V	1897427	1
V	1897527	4
V	1897627	4
V	1897727	6
V	1897827	7
V	1897927	10
V	1898028	1
V	1898128	4
V	1898228	4
V	1898328	5
V	1898428	6
V	1898528	2
V	1898628	4
V	1898728	1
V	1898828	6
V	1898928	7
V	1899028	10
V	1899129	1
V	1899229	4
V	1899329	3
V	1899429	4
V	1899529	4
V	1899629	5
V	1899729	6
V	1899829	9
V	1899929	2
V	1900029	3
V	1900129	5
V	1900229	6
V	1900329	9
V	1900429	2
V	1900529	3
V	1900629	5
V	1900729	6
V	1900829	9
V	1900929	6
V	1901029	9
V	1901129	3
V	1901229	3
V	1901329	4
V	1901429	5
V	1901529	7
V	1901629	10
V	1901730	7
V	1901830	10
V	1901931	1
V	1902031	4
V	1902131	6
V	1902231	7
V	1902331	10
V	1902432	7
V	1902532	4
V	1902632	6
V	1902732	7
V	1902832	10
V	1902933	1
V	1903033	4
V	1903133	5
V	1903233	6
V	1903333	8
V	1903433	2
V	1903533	1
V	1903633	4
V	1903733	5
V	1903833	6
V	1903933	8
V	1904033	2
V	1904133	3
V	1904233	1
V	1904333	10
V	1904434	7
V	1904534	6
V	1904634	3
V	1904734	2
V	1904834	6
V	1904934	5
V	1905034	4
V	1905134	5
V	1905234	2
V	1905334	9
V	1905434	6
V	1905534	5
V	1905634	1
V	1905734	10
V	1905835	7
V	1905935	6
V	1906035	4
V	1906135	3
V	1906235	1
V	1906335	10
V	1906436	7
V	1906536	4
V	1906636	4
V	1906736	6
V	1906836	10
V	1906937	1
V	1907037	3
V	1907137	1
V	1907237	1
V	1907337	4
V	1907437	4
V	1907537	6
V	1907637	9
V	1907737	3
V	1907837	4
V	1907937	5
V	1908037	6
V	1908137	7
V	1908237	10
V	1908338	1
V	1908438	4
V	1908538	4
V	1908638	6
V	1908738	7
V	1908838	10
V	1908939	1
V	1909039	4
V	1909139	6
V	1909239	2
V	1909339	3
V	1909439	4
V	1909539	5
V	1909639	6
V	1909739	9
V	1909839	2
V	1909939	4
V	1910039	5
V	1910139	4
V	1910239	1
V	1910339	2
V	1910439	8
V	1910539	6
V	1910639	5
V	1910739	4
V	1910839	1
V	1910939	1
V	1911039	10
V	1911140	7
V	1911240	6
V	1911340	5
V	1911440	3
V	1911540	5
V	1911640	2
V	1911740	8
V	1911840	1
V	1911940	5
V	1912040	8
V	1912140	6
V	1912240	5
V	1912340	5
V	1912440	8
V	1912540	6
V	1912640	5
V	1912740	4
V	1912840	4
V	1912940	2
V	1913040	9
V	1913140	6
V	1913240	4
V	1913340	4
V	1913440	2
V	1913540	9
V	1913640	6
V	1913740	5
V	1913840	4
V	1913940	7
V	1914040	10
V	1914141	7
V	1914241	10
V	1914342	1
V	1914442	4
V	1914542	1
V	1914642	6
V	1914742	3
V	1914842	4
V	1914942	3
V	1915042	1
V	1915142	10
V	1915243	7
V	1915343	6
V	1915443	4
V	1915543	4
V	1915643	3