OpFlag	BusinessEntityID	CreditCardID	ModifiedDate
V	293	17038	2013-07-31 00:00:00
V	295	15369	2011-08-01 00:00:00
V	297	8010	2011-08-01 00:00:00
V	299	5316	2013-07-31 00:00:00
V	301	6653	2011-05-31 00:00:00
V	303	9010	2012-07-31 00:00:00
V	305	8937	2011-05-31 00:00:00
V	307	16124	2012-10-30 00:00:00
V	309	9478	2011-07-01 00:00:00
V	311	17600	2011-08-01 00:00:00
V	313	1970	2013-06-30 00:00:00
V	315	8274	2013-07-31 00:00:00
V	317	13045	2011-05-31 00:00:00
V	319	13601	2011-08-01 00:00:00
V	323	5958	2012-07-31 00:00:00
V	325	10709	2012-05-30 00:00:00
V	327	126	2013-07-31 00:00:00
V	329	6626	2013-05-30 00:00:00
V	331	14963	2012-06-30 00:00:00
V	333	18100	2011-08-01 00:00:00
V	335	12823	2013-03-30 00:00:00
V	337	11434	2013-06-30 00:00:00
V	339	13160	2011-07-01 00:00:00
V	341	3787	2011-10-31 00:00:00
V	343	8979	2011-07-01 00:00:00
V	345	14729	2011-07-01 00:00:00
V	347	6264	2011-07-01 00:00:00
V	349	2273	2013-07-31 00:00:00
V	351	18154	2012-06-30 00:00:00
V	353	18257	2013-07-31 00:00:00
V	355	14184	2011-07-01 00:00:00
V	357	11472	2013-06-30 00:00:00
V	359	10785	2013-06-30 00:00:00
V	361	4215	2011-08-01 00:00:00
V	363	2396	2013-06-30 00:00:00
V	365	4983	2012-05-30 00:00:00
V	367	1660	2011-07-01 00:00:00
V	369	17861	2011-07-01 00:00:00
V	371	15321	2011-07-01 00:00:00
V	373	3756	2013-06-30 00:00:00
V	375	14486	2011-08-01 00:00:00
V	377	16441	2013-06-30 00:00:00
V	379	10338	2013-07-31 00:00:00
V	381	4173	2012-07-31 00:00:00
V	383	18570	2013-07-31 00:00:00
V	385	9102	2012-07-31 00:00:00
V	387	626	2011-10-31 00:00:00
V	389	5409	2012-08-30 00:00:00
V	391	2337	2011-05-31 00:00:00
V	393	5262	2013-07-31 00:00:00
V	397	6272	2012-07-31 00:00:00
V	405	11945	2012-10-30 00:00:00
V	407	14938	2013-07-31 00:00:00
V	409	6306	2013-06-30 00:00:00
V	411	181	2011-07-01 00:00:00
V	413	17315	2012-06-30 00:00:00
V	417	13667	2011-10-01 00:00:00
V	419	12491	2013-06-30 00:00:00
V	421	18295	2012-06-30 00:00:00
V	427	12189	2012-06-30 00:00:00
V	429	16173	2013-02-28 00:00:00
V	431	10057	2012-07-31 00:00:00
V	435	10187	2013-06-30 00:00:00
V	437	5528	2011-07-01 00:00:00
V	439	7083	2011-05-31 00:00:00
V	441	12492	2013-07-31 00:00:00
V	443	7657	2013-07-31 00:00:00
V	445	1977	2013-07-31 00:00:00
V	449	9647	2013-07-31 00:00:00
V	451	1684	2011-10-01 00:00:00
V	453	1163	2011-10-01 00:00:00
V	455	11087	2013-06-30 00:00:00
V	463	3513	2013-07-31 00:00:00
V	465	11282	2011-07-01 00:00:00
V	471	14489	2012-07-31 00:00:00
V	473	9772	2012-06-30 00:00:00
V	475	7777	2013-06-30 00:00:00
V	477	7293	2011-08-01 00:00:00
V	479	14814	2013-07-31 00:00:00
V	481	10832	2013-06-30 00:00:00
V	483	4322	2011-05-31 00:00:00
V	487	18017	2011-05-31 00:00:00
V	489	7527	2013-06-30 00:00:00
V	491	9458	2012-07-31 00:00:00
V	493	13917	2011-07-01 00:00:00
V	495	242	2011-05-31 00:00:00
V	497	14363	2011-07-01 00:00:00
V	501	17699	2013-07-31 00:00:00
V	503	8394	2012-07-31 00:00:00
V	505	3490	2012-07-31 00:00:00
V	507	12316	2013-06-30 00:00:00
V	509	6442	2012-07-31 00:00:00
V	511	319	2011-08-01 00:00:00
V	513	6920	2013-08-30 00:00:00
V	515	12857	2012-07-31 00:00:00
V	517	15232	2011-05-31 00:00:00
V	519	4524	2011-08-01 00:00:00
V	521	1359	2011-07-01 00:00:00
V	523	4789	2011-10-01 00:00:00
V	525	1803	2012-07-31 00:00:00
V	527	972	2011-10-01 00:00:00
V	531	16467	2013-06-30 00:00:00
V	533	1906	2012-05-30 00:00:00
V	535	15842	2011-10-01 00:00:00
V	537	17164	2013-05-30 00:00:00
V	539	1308	2012-06-30 00:00:00
V	541	3392	2013-05-30 00:00:00
V	543	17368	2011-08-01 00:00:00
V	545	8522	2012-06-30 00:00:00
V	547	6340	2012-05-30 00:00:00
V	549	16065	2013-05-30 00:00:00
V	551	19204	2011-05-31 00:00:00
V	553	15195	2013-06-30 00:00:00
V	555	15487	2012-06-30 00:00:00
V	557	4052	2012-05-30 00:00:00
V	559	2741	2012-07-31 00:00:00
V	561	3318	2012-06-30 00:00:00
V	563	11110	2013-05-30 00:00:00
V	565	17281	2013-07-31 00:00:00
V	567	18868	2012-05-30 00:00:00
V	569	16021	2012-05-30 00:00:00
V	573	14612	2011-05-31 00:00:00
V	577	4727	2013-07-31 00:00:00
V	579	15924	2013-06-30 00:00:00
V	581	17540	2013-06-30 00:00:00
V	583	3235	2011-05-31 00:00:00
V	585	5758	2011-10-01 00:00:00
V	587	13536	2013-07-31 00:00:00
V	589	18717	2012-05-30 00:00:00
V	591	1566	2011-05-31 00:00:00
V	595	12715	2013-06-30 00:00:00
V	597	17277	2012-06-30 00:00:00
V	599	10270	2011-07-01 00:00:00
V	601	17923	2012-06-30 00:00:00
V	603	553	2012-06-30 00:00:00
V	607	5577	2011-07-01 00:00:00
V	609	5514	2012-09-30 00:00:00
V	611	7829	2011-08-01 00:00:00
V	613	17308	2013-05-30 00:00:00
V	615	204	2011-07-01 00:00:00
V	617	2602	2013-07-31 00:00:00
V	619	6863	2012-09-30 00:00:00
V	621	15954	2012-06-30 00:00:00
V	623	10502	2013-07-31 00:00:00
V	625	11580	2013-07-31 00:00:00
V	627	5589	2012-06-30 00:00:00
V	629	3764	2013-05-30 00:00:00
V	631	13278	2011-08-01 00:00:00
V	633	13923	2012-06-30 00:00:00
V	635	2847	2013-05-30 00:00:00
V	637	2270	2012-07-31 00:00:00
V	639	2604	2012-05-30 00:00:00
V	641	5164	2011-08-01 00:00:00
V	643	18460	2013-07-31 00:00:00
V	647	4357	2011-08-01 00:00:00
V	649	5751	2012-06-30 00:00:00
V	651	4830	2013-05-30 00:00:00
V	653	7600	2011-08-01 00:00:00
V	655	16192	2013-06-30 00:00:00
V	657	6468	2012-07-31 00:00:00
V	659	9961	2013-07-31 00:00:00
V	661	13054	2011-05-31 00:00:00
V	663	17774	2012-05-30 00:00:00
V	665	16805	2013-05-30 00:00:00
V	667	778	2011-08-01 00:00:00
V	669	14842	2013-05-30 00:00:00
V	671	19154	2011-08-01 00:00:00
V	675	230	2013-07-31 00:00:00
V	681	12529	2013-07-31 00:00:00
V	683	14497	2012-05-30 00:00:00
V	685	14064	2011-08-01 00:00:00
V	687	8342	2013-05-30 00:00:00
V	689	15364	2013-06-30 00:00:00
V	691	1912	2012-05-30 00:00:00
V	693	17935	2011-08-01 00:00:00
V	695	18328	2013-07-31 00:00:00
V	697	5301	2011-05-31 00:00:00
V	699	10526	2012-06-30 00:00:00
V	701	15282	2012-07-31 00:00:00
V	703	7167	2011-07-01 00:00:00
V	705	11274	2013-06-30 00:00:00
V	707	7832	2013-06-30 00:00:00
V	709	14371	2012-06-30 00:00:00
V	713	16871	2011-10-01 00:00:00
V	715	12135	2011-10-31 00:00:00
V	717	16939	2013-05-30 00:00:00
V	719	18908	2013-05-30 00:00:00
V	721	5618	2011-05-31 00:00:00
V	723	18407	2011-08-01 00:00:00
V	725	17073	2011-10-31 00:00:00
V	727	18323	2011-07-01 00:00:00
V	729	14261	2013-07-31 00:00:00
V	731	12554	2012-06-30 00:00:00
V	733	15829	2012-07-31 00:00:00
V	735	1039	2013-05-30 00:00:00
V	737	18049	2011-07-01 00:00:00
V	739	17658	2011-08-01 00:00:00
V	741	18502	2011-08-31 00:00:00
V	743	10336	2012-05-30 00:00:00
V	745	3827	2012-06-30 00:00:00
V	751	17669	2011-08-01 00:00:00
V	753	7092	2011-08-01 00:00:00
V	757	10553	2013-07-31 00:00:00
V	759	11781	2011-07-01 00:00:00
V	761	3070	2012-05-30 00:00:00
V	763	7392	2011-08-01 00:00:00
V	765	15443	2012-06-30 00:00:00
V	767	923	2012-05-30 00:00:00
V	769	11046	2013-05-30 00:00:00
V	771	4931	2013-05-30 00:00:00
V	773	5824	2013-07-31 00:00:00
V	775	11080	2012-07-31 00:00:00
V	777	11201	2012-04-30 00:00:00
V	779	11745	2011-07-01 00:00:00
V	781	10064	2012-06-30 00:00:00
V	783	9628	2013-07-31 00:00:00
V	785	17544	2012-07-31 00:00:00
V	787	18496	2011-08-01 00:00:00
V	789	15090	2011-07-01 00:00:00
V	791	17902	2012-05-30 00:00:00
V	793	6452	2011-07-01 00:00:00
V	795	14546	2013-06-30 00:00:00
V	797	7597	2012-07-31 00:00:00
V	799	3047	2011-08-01 00:00:00
V	801	10783	2012-07-31 00:00:00
V	803	12214	2011-08-01 00:00:00
V	805	17062	2011-08-01 00:00:00
V	807	18231	2012-06-30 00:00:00
V	809	11622	2013-06-30 00:00:00
V	811	6065	2011-08-01 00:00:00
V	813	18875	2011-08-01 00:00:00
V	815	13468	2011-07-01 00:00:00
V	817	15882	2011-07-01 00:00:00
V	819	12399	2011-05-31 00:00:00
V	821	16523	2012-09-30 00:00:00
V	823	16023	2013-07-31 00:00:00
V	825	19078	2011-08-01 00:00:00
V	827	12698	2011-08-01 00:00:00
V	829	15616	2013-06-30 00:00:00
V	831	6126	2011-07-01 00:00:00
V	833	12648	2013-06-30 00:00:00
V	835	5346	2012-10-30 00:00:00
V	837	12015	2013-06-30 00:00:00
V	839	9043	2011-10-01 00:00:00
V	841	8015	2014-01-29 00:00:00
V	843	6235	2012-10-30 00:00:00
V	845	161	2011-07-01 00:00:00
V	847	6940	2012-06-30 00:00:00
V	849	7604	2011-08-01 00:00:00
V	851	1346	2011-05-31 00:00:00
V	853	8213	2013-07-31 00:00:00
V	855	11874	2013-07-31 00:00:00
V	857	19143	2013-05-30 00:00:00
V	859	18174	2013-07-31 00:00:00
V	861	10146	2012-07-31 00:00:00
V	863	18813	2011-08-01 00:00:00
V	867	16967	2013-07-31 00:00:00
V	869	11011	2011-07-01 00:00:00
V	871	3465	2012-07-31 00:00:00
V	873	12	2012-05-30 00:00:00
V	875	8579	2013-05-30 00:00:00
V	877	7146	2011-08-01 00:00:00
V	879	15538	2011-05-31 00:00:00
V	881	11555	2011-08-01 00:00:00
V	883	6675	2011-07-01 00:00:00
V	885	13480	2012-07-31 00:00:00
V	887	5099	2013-05-30 00:00:00
V	889	5995	2013-09-30 00:00:00
V	891	15319	2012-06-30 00:00:00
V	893	4511	2014-05-01 00:00:00
V	895	6955	2011-08-01 00:00:00
V	897	2759	2011-10-01 00:00:00
V	899	13246	2011-07-01 00:00:00
V	901	18591	2012-07-31 00:00:00
V	903	76	2011-05-31 00:00:00
V	905	17748	2013-07-31 00:00:00
V	907	5439	2011-05-31 00:00:00
V	909	14599	2013-07-31 00:00:00
V	911	3498	2012-07-31 00:00:00
V	913	11717	2011-07-01 00:00:00
V	915	15076	2012-06-30 00:00:00
V	919	10919	2012-12-31 00:00:00
V	921	8965	2013-08-30 00:00:00
V	923	15586	2011-12-01 00:00:00
V	925	17132	2011-08-01 00:00:00
V	927	782	2012-07-31 00:00:00
V	929	11441	2012-05-30 00:00:00
V	931	14562	2012-05-30 00:00:00
V	933	19181	2011-07-01 00:00:00
V	935	15798	2011-07-01 00:00:00
V	937	10915	2012-07-31 00:00:00
V	939	706	2013-05-30 00:00:00
V	941	4662	2013-06-30 00:00:00
V	943	5710	2012-05-30 00:00:00
V	945	9386	2013-06-30 00:00:00
V	947	1699	2012-06-30 00:00:00
V	949	16754	2012-07-31 00:00:00
V	951	8850	2012-05-30 00:00:00
V	953	5868	2012-05-30 00:00:00
V	957	14803	2012-06-30 00:00:00
V	959	6191	2011-10-01 00:00:00
V	961	451	2012-06-30 00:00:00
V	963	11815	2011-07-01 00:00:00
V	965	5609	2011-10-31 00:00:00
V	969	18316	2011-07-01 00:00:00
V	971	15711	2013-06-30 00:00:00
V	973	4835	2011-07-01 00:00:00
V	975	16976	2012-06-30 00:00:00
V	977	10100	2012-07-31 00:00:00
V	979	12102	2011-07-01 00:00:00
V	981	8672	2012-05-30 00:00:00
V	983	18930	2013-07-31 00:00:00
V	985	10662	2012-06-30 00:00:00
V	987	7667	2012-06-30 00:00:00
V	989	12582	2013-07-31 00:00:00
V	991	2780	2012-06-30 00:00:00
V	993	17978	2013-07-31 00:00:00
V	995	3367	2013-08-30 00:00:00
V	997	8552	2011-08-01 00:00:00
V	999	15432	2013-07-31 00:00:00
V	1001	8217	2012-05-30 00:00:00
V	1003	5347	2013-07-31 00:00:00
V	1009	13366	2011-07-01 00:00:00
V	1011	15682	2011-10-31 00:00:00
V	1013	14140	2012-07-31 00:00:00
V	1015	7845	2011-08-01 00:00:00
V	1017	18153	2011-05-31 00:00:00
V	1019	6291	2013-07-31 00:00:00
V	1021	12279	2011-07-01 00:00:00
V	1023	2274	2013-06-30 00:00:00
V	1025	17324	2012-07-31 00:00:00
V	1027	10004	2012-06-30 00:00:00
V	1029	13694	2013-06-30 00:00:00
V	1031	14559	2011-07-01 00:00:00
V	1033	6881	2012-06-30 00:00:00
V	1035	8399	2013-05-30 00:00:00
V	1037	9314	2013-07-31 00:00:00
V	1039	18097	2012-07-31 00:00:00
V	1041	6535	2013-07-31 00:00:00
V	1043	14030	2011-05-31 00:00:00
V	1045	16281	2011-05-31 00:00:00
V	1047	13699	2012-08-30 00:00:00
V	1049	11886	2011-05-31 00:00:00
V	1051	6183	2012-06-30 00:00:00
V	1053	12371	2013-05-30 00:00:00
V	1055	16905	2011-07-01 00:00:00
V	1059	7719	2014-05-01 00:00:00
V	1061	18495	2012-07-31 00:00:00
V	1063	4432	2012-07-31 00:00:00
V	1065	18418	2011-08-01 00:00:00
V	1067	6083	2012-06-30 00:00:00
V	1069	17621	2012-06-30 00:00:00
V	1071	11888	2013-05-30 00:00:00
V	1073	12030	2012-07-31 00:00:00
V	1075	14790	2013-07-31 00:00:00
V	1077	8482	2013-07-31 00:00:00
V	1079	14234	2013-07-31 00:00:00
V	1081	11056	2011-08-01 00:00:00
V	1083	13939	2013-07-31 00:00:00
V	1085	1417	2011-05-31 00:00:00
V	1087	12299	2013-06-30 00:00:00
V	1089	10234	2011-07-01 00:00:00
V	1091	4443	2012-07-31 00:00:00
V	1093	18493	2013-06-30 00:00:00
V	1095	1402	2011-05-31 00:00:00
V	1099	7001	2013-05-30 00:00:00
V	1101	5279	2012-06-30 00:00:00
V	1105	8479	2012-10-30 00:00:00
V	1107	12177	2011-07-01 00:00:00
V	1109	7089	2013-07-31 00:00:00
V	1111	8043	2011-07-01 00:00:00
V	1113	9617	2012-07-31 00:00:00
V	1115	18675	2012-06-30 00:00:00
V	1117	6646	2011-12-01 00:00:00
V	1119	5651	2012-01-29 00:00:00
V	1121	59	2013-06-30 00:00:00
V	1125	16665	2011-07-01 00:00:00
V	1127	10520	2012-08-30 00:00:00
V	1129	7831	2013-06-30 00:00:00
V	1131	10899	2012-07-31 00:00:00
V	1133	11840	2011-07-01 00:00:00
V	1135	8991	2011-07-01 00:00:00
V	1137	11679	2012-05-30 00:00:00
V	1139	4218	2013-06-30 00:00:00
V	1141	19174	2012-06-30 00:00:00
V	1143	14219	2014-05-01 00:00:00
V	1145	17174	2013-05-30 00:00:00
V	1147	8882	2011-08-01 00:00:00
V	1149	5102	2012-07-31 00:00:00
V	1151	18419	2013-05-30 00:00:00
V	1153	11744	2012-05-30 00:00:00
V	1155	15771	2012-06-30 00:00:00
V	1157	5434	2013-07-31 00:00:00
V	1159	10909	2013-07-31 00:00:00
V	1161	11984	2012-05-30 00:00:00
V	1163	8663	2011-07-01 00:00:00
V	1165	9212	2013-07-31 00:00:00
V	1167	12808	2012-07-31 00:00:00
V	1169	18707	2011-08-01 00:00:00
V	1171	2668	2013-01-28 00:00:00
V	1173	2470	2011-07-01 00:00:00
V	1175	9540	2011-08-31 00:00:00
V	1177	3586	2013-07-31 00:00:00
V	1181	2364	2011-07-01 00:00:00
V	1183	5093	2011-05-31 00:00:00
V	1185	13693	2011-05-31 00:00:00
V	1187	5215	2012-07-31 00:00:00
V	1191	11072	2011-07-01 00:00:00
V	1195	5424	2013-05-30 00:00:00
V	1197	9949	2013-05-30 00:00:00
V	1199	3815	2012-06-30 00:00:00
V	1201	10191	2012-06-30 00:00:00
V	1203	11215	2011-08-01 00:00:00
V	1205	806	2011-05-31 00:00:00
V	1209	12107	2013-06-30 00:00:00
V	1211	18428	2012-10-30 00:00:00
V	1213	9973	2011-07-01 00:00:00
V	1215	1553	2012-07-31 00:00:00
V	1217	16978	2012-07-31 00:00:00
V	1219	15927	2012-06-30 00:00:00
V	1223	18480	2011-07-01 00:00:00
V	1227	7475	2011-07-01 00:00:00
V	1229	8	2013-06-30 00:00:00
V	1231	1318	2013-06-30 00:00:00
V	1233	13779	2012-05-30 00:00:00
V	1235	14606	2012-06-30 00:00:00
V	1237	4552	2013-06-30 00:00:00
V	1239	267	2011-05-31 00:00:00
V	1241	5754	2012-06-30 00:00:00
V	1243	16253	2011-08-01 00:00:00
V	1245	16654	2011-10-31 00:00:00
V	1247	686	2013-07-31 00:00:00
V	1249	55	2013-07-31 00:00:00
V	1251	15105	2013-06-30 00:00:00
V	1253	13064	2012-06-30 00:00:00
V	1255	19043	2012-05-30 00:00:00
V	1257	5220	2011-08-01 00:00:00
V	1259	8091	2013-07-31 00:00:00
V	1261	12228	2013-06-30 00:00:00
V	1265	2504	2012-06-30 00:00:00
V	1269	5343	2011-07-01 00:00:00
V	1271	4272	2013-06-30 00:00:00
V	1273	13784	2012-07-31 00:00:00
V	1275	6280	2013-06-30 00:00:00
V	1277	10623	2012-07-31 00:00:00
V	1279	15648	2011-10-01 00:00:00
V	1281	8219	2013-07-31 00:00:00
V	1283	7764	2013-07-31 00:00:00
V	1285	9054	2013-07-31 00:00:00
V	1287	18047	2012-10-30 00:00:00
V	1289	5570	2012-06-30 00:00:00
V	1291	1298	2013-06-30 00:00:00
V	1293	5661	2012-05-30 00:00:00
V	1295	12933	2011-08-01 00:00:00
V	1297	3015	2013-07-31 00:00:00
V	1299	15144	2013-06-30 00:00:00
V	1301	14487	2013-05-30 00:00:00
V	1303	13035	2013-06-30 00:00:00
V	1305	17455	2013-07-31 00:00:00
V	1307	8033	2011-08-01 00:00:00
V	1309	6777	2011-07-01 00:00:00
V	1311	14454	2011-07-01 00:00:00
V	1315	7380	2012-06-30 00:00:00
V	1317	953	2013-07-31 00:00:00
V	1319	6981	2012-06-30 00:00:00
V	1321	5110	2011-08-01 00:00:00
V	1323	11814	2012-07-31 00:00:00
V	1325	2436	2012-06-30 00:00:00
V	1327	18364	2012-06-30 00:00:00
V	1329	15483	2012-07-31 00:00:00
V	1331	13712	2011-07-01 00:00:00
V	1333	5668	2012-07-31 00:00:00
V	1335	371	2012-07-31 00:00:00
V	1337	10163	2011-05-31 00:00:00
V	1339	4851	2012-07-31 00:00:00
V	1341	7182	2013-07-31 00:00:00
V	1343	3274	2011-07-01 00:00:00
V	1345	17036	2012-07-31 00:00:00
V	1349	8103	2011-07-01 00:00:00
V	1351	15735	2013-07-31 00:00:00
V	1353	9277	2013-07-31 00:00:00
V	1355	3788	2011-08-01 00:00:00
V	1357	19011	2011-08-01 00:00:00
V	1361	13420	2011-07-01 00:00:00
V	1363	7454	2011-08-01 00:00:00
V	1365	14535	2013-05-30 00:00:00
V	1367	15138	2012-07-31 00:00:00
V	1369	15018	2013-07-31 00:00:00
V	1371	15875	2011-08-31 00:00:00
V	1373	10370	2011-05-31 00:00:00
V	1375	14542	2012-07-31 00:00:00
V	1377	1866	2012-07-31 00:00:00
V	1379	1260	2013-06-30 00:00:00
V	1381	13088	2013-12-31 00:00:00
V	1383	8719	2013-06-30 00:00:00
V	1385	16132	2012-07-31 00:00:00
V	1387	15784	2012-05-30 00:00:00
V	1391	16704	2011-10-31 00:00:00
V	1393	15555	2012-06-30 00:00:00
V	1395	8235	2013-06-30 00:00:00
V	1397	3157	2012-06-30 00:00:00
V	1399	12198	2012-06-30 00:00:00
V	1403	7898	2013-05-30 00:00:00
V	1405	9855	2011-07-01 00:00:00
V	1407	5033	2012-09-30 00:00:00
V	1409	2687	2012-06-30 00:00:00
V	1411	10453	2012-09-30 00:00:00
V	1413	7176	2011-05-31 00:00:00
V	1415	16439	2012-06-30 00:00:00
V	1417	10456	2011-05-31 00:00:00
V	1419	4871	2013-06-30 00:00:00
V	1421	10395	2012-06-30 00:00:00
V	1423	15977	2012-06-30 00:00:00
V	1425	14895	2012-07-31 00:00:00
V	1427	3600	2012-05-30 00:00:00
V	1429	6156	2012-05-30 00:00:00
V	1431	18946	2013-08-30 00:00:00
V	1433	106	2013-06-30 00:00:00
V	1435	15448	2011-08-01 00:00:00
V	1437	4842	2011-07-01 00:00:00
V	1439	17341	2013-06-30 00:00:00
V	1441	10139	2013-07-31 00:00:00
V	1443	14153	2012-07-31 00:00:00
V	1447	18744	2013-04-30 00:00:00
V	1449	5690	2012-06-30 00:00:00
V	1453	18831	2011-10-01 00:00:00
V	1455	4459	2011-10-01 00:00:00
V	1457	11652	2011-10-01 00:00:00
V	1459	7347	2011-10-31 00:00:00
V	1461	17185	2013-06-30 00:00:00
V	1463	1642	2013-06-30 00:00:00
V	1465	7029	2012-09-30 00:00:00
V	1467	3904	2012-06-30 00:00:00
V	1469	17239	2012-05-30 00:00:00
V	1471	12550	2012-07-31 00:00:00
V	1473	6536	2013-07-31 00:00:00
V	1475	14152	2013-06-30 00:00:00
V	1477	18386	2011-10-01 00:00:00
V	1479	3453	2012-06-30 00:00:00
V	1481	7672	2013-06-30 00:00:00
V	1483	6295	2013-07-31 00:00:00
V	1485	2082	2012-06-30 00:00:00
V	1489	17982	2013-07-31 00:00:00
V	1699	16578	2013-07-31 00:00:00
V	1700	15455	2014-05-05 00:00:00
V	1701	3243	2012-03-06 00:00:00
V	1702	1133	2011-09-26 00:00:00
V	1703	1188	2012-03-17 00:00:00
V	1704	2853	2012-01-14 00:00:00
V	1705	7649	2013-09-27 00:00:00
V	1706	6018	2014-06-15 00:00:00
V	1707	11094	2013-07-11 00:00:00
V	1708	4739	2014-01-01 00:00:00
V	1709	1994	2014-04-17 00:00:00
V	1710	1643	2012-07-11 00:00:00
V	1711	1934	2014-02-09 00:00:00
V	1712	7916	2012-08-02 00:00:00
V	1713	18844	2013-11-28 00:00:00
V	1714	10306	2014-06-18 00:00:00
V	1715	1433	2013-12-07 00:00:00
V	1716	1016	2014-05-01 00:00:00
V	1717	11004	2014-03-02 00:00:00
V	1718	9627	2014-03-23 00:00:00
V	1719	9055	2012-03-15 00:00:00
V	1720	2236	2012-07-09 00:00:00
V	1721	13828	2013-09-10 00:00:00
V	1722	18395	2013-04-08 00:00:00
V	1723	17144	2013-12-08 00:00:00
V	1724	9954	2012-09-01 00:00:00
V	1725	4694	2013-12-26 00:00:00
V	1726	6476	2014-01-06 00:00:00
V	1727	15706	2013-11-23 00:00:00
V	1728	17100	2013-12-23 00:00:00
V	1729	18632	2013-01-16 00:00:00
V	1730	17334	2012-02-28 00:00:00
V	1731	17851	2014-05-31 00:00:00
V	1732	10732	2011-12-21 00:00:00
V	1733	2352	2013-08-31 00:00:00
V	1734	12836	2014-02-18 00:00:00
V	1735	4285	2012-06-15 00:00:00
V	1736	3767	2013-05-03 00:00:00
V	1737	847	2013-08-31 00:00:00
V	1738	3571	2013-09-06 00:00:00
V	1739	92	2014-02-11 00:00:00
V	1740	18914	2012-12-08 00:00:00
V	1741	15389	2014-01-31 00:00:00
V	1742	5233	2014-02-17 00:00:00
V	1743	1405	2013-07-21 00:00:00
V	1744	15322	2014-03-28 00:00:00
V	1745	3396	2011-08-30 00:00:00
V	1746	749	2013-03-27 00:00:00
V	1747	11533	2013-12-14 00:00:00
V	1748	5229	2014-05-20 00:00:00
V	1749	8309	2013-07-10 00:00:00
V	1750	2583	2013-05-06 00:00:00
V	1751	3819	2014-03-20 00:00:00
V	1752	8584	2014-02-23 00:00:00
V	1753	7245	2014-03-20 00:00:00
V	1754	17325	2013-09-02 00:00:00
V	1755	9850	2012-05-27 00:00:00
V	1756	18892	2012-07-25 00:00:00
V	1757	15055	2012-12-07 00:00:00
V	1758	14908	2013-11-26 00:00:00
V	1759	9669	2013-11-14 00:00:00
V	1760	13682	2013-07-05 00:00:00
V	1761	16311	2014-01-28 00:00:00
V	1762	3868	2013-12-20 00:00:00
V	1763	7563	2014-01-27 00:00:00
V	1764	18984	2014-05-15 00:00:00
V	1765	2457	2013-10-30 00:00:00
V	1766	2911	2014-04-25 00:00:00
V	1767	9143	2014-05-02 00:00:00
V	1768	8711	2012-08-03 00:00:00
V	1769	16746	2011-09-16 00:00:00
V	1770	10049	2011-10-24 00:00:00
V	1771	9675	2014-05-14 00:00:00
V	1772	483	2013-11-01 00:00:00
V	1773	6545	2013-11-27 00:00:00
V	1774	17398	2012-10-26 00:00:00
V	1775	7173	2014-04-15 00:00:00
V	1776	5363	2013-05-03 00:00:00
V	1777	1488	2013-07-13 00:00:00
V	1778	14282	2013-09-21 00:00:00
V	1779	8017	2014-01-05 00:00:00
V	1780	17136	2013-05-20 00:00:00
V	1781	9580	2014-05-23 00:00:00
V	1782	4183	2013-03-12 00:00:00
V	1783	13094	2014-06-13 00:00:00
V	1784	15584	2012-02-21 00:00:00
V	1795	18037	2012-06-30 00:00:00
V	1797	5089	2012-07-31 00:00:00
V	1801	17263	2012-06-30 00:00:00
V	1803	15453	2013-07-31 00:00:00
V	1805	11599	2012-12-31 00:00:00
V	1807	10713	2013-07-31 00:00:00
V	1809	895	2013-07-31 00:00:00
V	1811	2058	2013-06-30 00:00:00
V	1813	5065	2013-06-30 00:00:00
V	1815	6546	2012-07-31 00:00:00
V	1817	13951	2013-07-31 00:00:00
V	1821	18656	2012-05-30 00:00:00
V	1823	2666	2012-12-31 00:00:00
V	1825	8784	2012-05-30 00:00:00
V	1827	10628	2011-07-01 00:00:00
V	1829	13971	2012-07-31 00:00:00
V	1831	18354	2012-06-30 00:00:00
V	1833	2658	2012-06-30 00:00:00
V	1835	9506	2012-07-31 00:00:00
V	1837	4626	2012-09-30 00:00:00
V	1839	14928	2012-05-30 00:00:00
V	1841	4304	2012-07-31 00:00:00
V	1843	1651	2012-07-31 00:00:00
V	1845	18825	2013-05-30 00:00:00
V	1849	13349	2011-05-31 00:00:00
V	1851	1446	2013-07-31 00:00:00
V	1855	14226	2013-06-30 00:00:00
V	1857	14975	2012-06-30 00:00:00
V	1859	1896	2011-07-01 00:00:00
V	1861	1324	2012-05-30 00:00:00
V	1863	3088	2011-10-01 00:00:00
V	1865	14595	2013-06-30 00:00:00
V	1867	15155	2012-06-30 00:00:00
V	1869	2318	2013-06-30 00:00:00
V	1871	9141	2013-06-30 00:00:00
V	1873	1444	2013-06-30 00:00:00
V	1875	11685	2012-04-30 00:00:00
V	1877	1862	2012-05-30 00:00:00
V	1879	2880	2013-07-31 00:00:00
V	1881	3980	2011-05-31 00:00:00
V	1883	7079	2011-08-01 00:00:00
V	1885	5666	2013-07-31 00:00:00
V	1887	15177	2013-05-30 00:00:00
V	1889	17491	2013-07-31 00:00:00
V	1891	10343	2013-07-31 00:00:00
V	1893	5804	2013-06-30 00:00:00
V	1895	18260	2011-07-01 00:00:00
V	1897	2571	2012-05-30 00:00:00
V	1899	4941	2011-07-01 00:00:00
V	1901	9959	2012-06-30 00:00:00
V	1903	1772	2013-06-30 00:00:00
V	1905	206	2013-10-30 00:00:00
V	1909	8263	2013-07-31 00:00:00
V	1911	10928	2013-10-30 00:00:00
V	1913	10305	2013-07-31 00:00:00
V	1915	3653	2012-07-31 00:00:00
V	1917	2519	2011-05-31 00:00:00
V	1923	12671	2012-06-30 00:00:00
V	1925	10156	2013-06-30 00:00:00
V	1927	11119	2013-07-31 00:00:00
V	1929	17915	2011-08-01 00:00:00
V	1931	4385	2013-07-31 00:00:00
V	1933	7126	2011-08-01 00:00:00
V	1935	6005	2011-07-01 00:00:00
V	1937	5467	2013-07-31 00:00:00
V	1939	11050	2013-06-30 00:00:00
V	1943	3059	2012-06-30 00:00:00
V	1945	13104	2011-07-01 00:00:00
V	1947	10	2011-08-31 00:00:00
V	1949	11179	2013-07-31 00:00:00
V	1951	4260	2012-05-30 00:00:00
V	1953	12779	2013-04-30 00:00:00
V	1955	3368	2011-07-01 00:00:00
V	1957	4855	2013-06-30 00:00:00
V	1959	4834	2012-10-30 00:00:00
V	1961	336	2012-06-30 00:00:00
V	1963	10422	2012-05-30 00:00:00
V	1965	14468	2012-07-31 00:00:00
V	1967	7160	2011-08-01 00:00:00
V	1969	6386	2011-07-01 00:00:00
V	1971	8292	2012-06-30 00:00:00
V	1975	17645	2012-05-30 00:00:00
V	1977	14133	2012-07-31 00:00:00
V	1979	569	2011-07-01 00:00:00
V	1981	9635	2012-06-30 00:00:00
V	1983	11645	2012-07-31 00:00:00
V	1985	12746	2012-05-30 00:00:00
V	1987	18911	2012-06-30 00:00:00
V	1989	11416	2013-05-30 00:00:00
V	1991	4623	2011-07-01 00:00:00
V	1993	16569	2012-07-31 00:00:00
V	2380	6791	2014-06-28 00:00:00
V	2381	13962	2014-04-20 00:00:00
V	2382	5196	2014-02-11 00:00:00
V	2383	1657	2014-01-05 00:00:00
V	2384	2391	2013-01-21 00:00:00
V	2385	10676	2014-02-15 00:00:00
V	2386	6465	2014-05-14 00:00:00
V	2387	759	2011-10-13 00:00:00
V	2388	14128	2013-01-20 00:00:00
V	2389	18606	2013-09-04 00:00:00
V	2390	12157	2012-11-17 00:00:00
V	2391	17735	2012-04-20 00:00:00
V	2392	3924	2013-04-01 00:00:00
V	2393	11415	2011-12-16 00:00:00
V	2394	175	2012-07-20 00:00:00
V	2395	9529	2013-05-13 00:00:00
V	2396	3824	2013-08-20 00:00:00
V	2397	12128	2013-10-06 00:00:00
V	2398	12978	2012-07-17 00:00:00
V	2399	5857	2011-11-27 00:00:00
V	2400	18171	2013-12-05 00:00:00
V	2401	3316	2014-05-15 00:00:00
V	2402	17464	2012-03-26 00:00:00
V	2403	17903	2013-05-19 00:00:00
V	2404	528	2012-07-12 00:00:00
V	2405	730	2014-06-05 00:00:00
V	2406	9249	2013-11-12 00:00:00
V	2407	7601	2014-05-22 00:00:00
V	2408	2902	2013-09-18 00:00:00
V	2409	16032	2011-07-21 00:00:00
V	2410	11144	2011-12-28 00:00:00
V	2411	2529	2014-06-04 00:00:00
V	2412	8590	2013-07-31 00:00:00
V	2413	11164	2014-02-16 00:00:00
V	2414	11294	2014-01-21 00:00:00
V	2415	4817	2013-09-27 00:00:00
V	2416	9099	2014-03-28 00:00:00
V	2417	2828	2014-03-02 00:00:00
V	2418	16443	2014-06-28 00:00:00
V	2419	12335	2013-11-18 00:00:00
V	2420	15288	2013-01-16 00:00:00
V	2421	4118	2013-10-02 00:00:00
V	2422	10059	2013-03-12 00:00:00
V	2423	14610	2013-09-18 00:00:00
V	2424	15777	2014-04-04 00:00:00
V	2425	14881	2013-10-19 00:00:00
V	2426	8374	2013-04-15 00:00:00
V	2427	9965	2013-12-19 00:00:00
V	2428	11987	2014-05-17 00:00:00
V	2429	11872	2012-01-09 00:00:00
V	2430	5865	2014-03-12 00:00:00
V	2431	5119	2014-03-12 00:00:00
V	2432	12975	2013-07-28 00:00:00
V	2433	4082	2014-04-15 00:00:00
V	2434	10454	2011-08-30 00:00:00
V	2435	3169	2013-12-16 00:00:00
V	2436	12125	2013-02-10 00:00:00
V	2437	17623	2013-04-10 00:00:00
V	2438	11890	2012-12-14 00:00:00
V	2439	1813	2013-11-17 00:00:00
V	2440	13288	2013-07-18 00:00:00
V	2441	16228	2014-03-03 00:00:00
V	2442	1947	2012-08-02 00:00:00
V	2443	1814	2011-11-04 00:00:00
V	2444	591	2013-09-02 00:00:00
V	2445	6359	2014-05-20 00:00:00
V	2446	7608	2014-05-06 00:00:00
V	2447	14894	2014-03-19 00:00:00
V	2448	3884	2013-12-13 00:00:00
V	2449	2220	2012-07-01 00:00:00
V	2450	3583	2014-02-15 00:00:00
V	2451	14075	2013-12-03 00:00:00
V	2452	18028	2014-05-07 00:00:00
V	2453	13629	2013-03-17 00:00:00
V	2454	5227	2012-07-07 00:00:00
V	2455	4568	2013-12-23 00:00:00
V	2456	3136	2012-06-28 00:00:00
V	2457	2948	2013-10-13 00:00:00
V	2458	18712	2014-05-03 00:00:00
V	2459	13763	2012-09-13 00:00:00
V	2460	9704	2013-08-07 00:00:00
V	2461	16479	2013-02-17 00:00:00
V	2462	10384	2012-03-02 00:00:00
V	2463	9430	2012-06-16 00:00:00
V	2464	9839	2013-11-21 00:00:00
V	2465	7290	2014-05-20 00:00:00
V	2466	1609	2013-08-06 00:00:00
V	2467	5786	2014-06-03 00:00:00
V	2468	12704	2013-11-07 00:00:00
V	2469	8890	2012-05-24 00:00:00
V	2470	3338	2013-12-17 00:00:00
V	2471	6786	2012-09-12 00:00:00
V	2472	13200	2011-08-23 00:00:00
V	2473	18235	2011-11-10 00:00:00
V	2474	12233	2013-10-18 00:00:00
V	2475	18363	2013-10-10 00:00:00
V	2476	12420	2014-06-21 00:00:00
V	2477	1095	2013-08-14 00:00:00
V	2478	5396	2014-04-17 00:00:00
V	2479	14252	2012-06-09 00:00:00
V	2480	9035	2013-12-26 00:00:00
V	2481	11768	2012-09-27 00:00:00
V	2482	805	2013-09-21 00:00:00
V	2483	6145	2014-03-06 00:00:00
V	2484	9761	2014-01-15 00:00:00
V	2485	15461	2012-10-27 00:00:00
V	2486	16848	2012-08-19 00:00:00
V	2487	16920	2013-04-20 00:00:00
V	2488	4747	2013-07-03 00:00:00
V	2489	140	2013-06-23 00:00:00
V	2490	6607	2013-09-06 00:00:00
V	2491	14739	2013-10-04 00:00:00
V	2492	5706	2012-06-28 00:00:00
V	2493	3120	2012-08-03 00:00:00
V	2494	13884	2014-01-31 00:00:00
V	2495	14171	2014-05-15 00:00:00
V	2496	12450	2013-03-14 00:00:00
V	2497	1060	2013-05-13 00:00:00
V	2498	8527	2013-11-08 00:00:00
V	2499	16485	2014-01-29 00:00:00
V	2500	1797	2013-07-26 00:00:00
V	2501	1903	2011-10-16 00:00:00
V	2502	10412	2013-10-02 00:00:00
V	2503	7204	2012-07-05 00:00:00
V	2504	18527	2014-03-01 00:00:00
V	2505	12425	2014-05-01 00:00:00
V	2506	2974	2013-09-08 00:00:00
V	2507	14904	2012-12-19 00:00:00
V	2508	3273	2013-09-02 00:00:00
V	2509	13808	2014-02-23 00:00:00
V	2510	239	2013-05-23 00:00:00
V	2511	594	2013-08-03 00:00:00
V	2512	10263	2012-05-21 00:00:00
V	2513	4363	2013-08-24 00:00:00
V	2514	3588	2013-11-22 00:00:00
V	2515	17799	2012-04-24 00:00:00
V	2516	2794	2013-05-09 00:00:00
V	2517	4910	2012-02-22 00:00:00
V	2518	18703	2013-05-14 00:00:00
V	2519	11635	2013-11-26 00:00:00
V	2520	14292	2013-10-30 00:00:00
V	2521	12801	2011-06-14 00:00:00
V	2522	7177	2014-02-27 00:00:00
V	2523	18634	2014-05-31 00:00:00
V	2524	446	2014-02-02 00:00:00
V	2525	14972	2012-11-30 00:00:00
V	2526	15638	2011-08-17 00:00:00
V	2527	6517	2012-04-15 00:00:00
V	2528	10948	2012-01-31 00:00:00
V	2529	3040	2013-04-01 00:00:00
V	2530	12467	2014-03-18 00:00:00
V	2531	4089	2012-09-09 00:00:00
V	2532	17744	2012-12-21 00:00:00
V	2533	7677	2014-04-12 00:00:00
V	2534	11871	2013-09-10 00:00:00
V	2535	16800	2014-02-25 00:00:00
V	2536	12325	2014-01-05 00:00:00
V	2537	18168	2013-10-25 00:00:00
V	2538	957	2012-05-08 00:00:00
V	2539	9266	2014-03-25 00:00:00
V	2540	8388	2013-09-17 00:00:00
V	2541	7653	2013-05-29 00:00:00
V	2542	16388	2013-03-19 00:00:00
V	2543	13320	2013-05-09 00:00:00
V	2544	17433	2014-04-25 00:00:00
V	2545	10757	2013-07-22 00:00:00
V	2546	9379	2012-02-12 00:00:00
V	2547	15263	2013-01-17 00:00:00
V	2548	9834	2014-01-17 00:00:00
V	2549	633	2014-05-25 00:00:00
V	2550	6197	2013-04-25 00:00:00
V	2551	18412	2013-12-08 00:00:00
V	2552	600	2012-01-22 00:00:00
V	2553	11611	2014-04-18 00:00:00
V	2554	16990	2013-12-15 00:00:00
V	2555	2619	2013-11-25 00:00:00
V	2556	14291	2011-08-24 00:00:00
V	2557	15973	2013-10-30 00:00:00
V	2558	3803	2011-06-22 00:00:00
V	2559	7518	2014-05-14 00:00:00
V	2560	2480	2011-06-21 00:00:00
V	2561	1459	2013-10-31 00:00:00
V	2562	18072	2011-11-07 00:00:00
V	2563	15917	2013-09-30 00:00:00
V	2564	18874	2012-08-07 00:00:00
V	2565	12849	2012-12-09 00:00:00
V	2566	12621	2012-11-12 00:00:00
V	2567	6951	2014-01-19 00:00:00
V	2568	10034	2013-09-03 00:00:00
V	2569	1629	2012-02-12 00:00:00
V	2570	7880	2013-04-18 00:00:00
V	2571	2136	2011-09-11 00:00:00
V	2572	6101	2013-11-03 00:00:00
V	2573	15002	2014-02-24 00:00:00
V	2574	11547	2012-05-06 00:00:00
V	2575	3637	2013-10-28 00:00:00
V	2576	7301	2013-08-08 00:00:00
V	2577	14769	2013-10-01 00:00:00
V	2578	7341	2011-11-20 00:00:00
V	2579	3150	2014-06-01 00:00:00
V	2580	11400	2014-03-20 00:00:00
V	2581	9986	2012-06-05 00:00:00
V	2582	15622	2013-12-20 00:00:00
V	2583	19053	2013-07-14 00:00:00
V	2584	6077	2013-08-30 00:00:00
V	2585	1685	2013-10-27 00:00:00
V	2586	7913	2014-03-16 00:00:00
V	2587	6166	2012-04-13 00:00:00
V	2588	8929	2013-10-25 00:00:00
V	2589	19227	2014-04-28 00:00:00
V	2590	5335	2012-12-14 00:00:00
V	2591	11946	2012-07-17 00:00:00
V	2592	6066	2013-03-19 00:00:00
V	2593	9640	2012-06-16 00:00:00
V	2594	4471	2014-01-26 00:00:00
V	2595	3207	2012-07-20 00:00:00
V	2596	791	2014-05-05 00:00:00
V	2597	16713	2013-10-04 00:00:00
V	2598	1485	2012-12-22 00:00:00
V	2599	17666	2013-08-26 00:00:00
V	2600	12752	2014-02-19 00:00:00
V	2601	9265	2014-01-18 00:00:00
V	2602	12184	2013-09-12 00:00:00
V	2603	3927	2012-11-10 00:00:00
V	2604	9413	2012-07-17 00:00:00
V	2605	8110	2013-08-06 00:00:00
V	2606	7955	2014-01-10 00:00:00
V	2607	16149	2013-08-01 00:00:00
V	2608	12795	2014-05-15 00:00:00
V	2609	5141	2011-11-15 00:00:00
V	2610	11777	2014-05-06 00:00:00
V	2611	1136	2013-07-24 00:00:00
V	2612	10250	2013-03-07 00:00:00
V	2613	4864	2014-05-29 00:00:00
V	2614	1079	2011-12-26 00:00:00
V	2615	13867	2011-11-18 00:00:00
V	2616	3551	2014-03-11 00:00:00
V	2617	9229	2014-02-27 00:00:00
V	2618	13873	2013-11-28 00:00:00
V	2619	4728	2013-06-18 00:00:00
V	2620	7407	2014-03-31 00:00:00
V	2621	17557	2014-05-10 00:00:00
V	2622	2818	2014-03-08 00:00:00
V	2623	900	2014-02-04 00:00:00
V	2624	14032	2014-01-19 00:00:00
V	2625	18836	2014-03-27 00:00:00
V	2626	7589	2013-08-01 00:00:00
V	2627	6025	2013-02-13 00:00:00
V	2628	17986	2013-12-31 00:00:00
V	2629	13669	2013-10-06 00:00:00
V	2630	540	2013-05-16 00:00:00
V	2631	12162	2011-10-14 00:00:00
V	2632	9118	2012-06-28 00:00:00
V	2633	15578	2014-03-04 00:00:00
V	2634	6598	2014-02-11 00:00:00
V	2635	18103	2014-02-16 00:00:00
V	2636	17703	2012-11-25 00:00:00
V	2637	872	2013-05-07 00:00:00
V	2638	1494	2013-12-05 00:00:00
V	2639	8845	2014-01-23 00:00:00
V	2640	16432	2013-09-07 00:00:00
V	2641	10770	2013-12-31 00:00:00
V	2642	3205	2013-11-26 00:00:00
V	2643	6453	2014-01-09 00:00:00
V	2644	8097	2012-12-21 00:00:00
V	2645	12362	2011-11-01 00:00:00
V	2646	12310	2013-07-27 00:00:00
V	2647	16207	2012-03-26 00:00:00
V	2648	46	2013-12-07 00:00:00
V	2649	4394	2014-04-16 00:00:00
V	2650	7366	2013-07-25 00:00:00
V	2651	14254	2012-01-26 00:00:00
V	2652	11713	2013-07-29 00:00:00
V	2653	3269	2013-09-01 00:00:00
V	2654	10478	2014-01-02 00:00:00
V	2655	14416	2012-12-22 00:00:00
V	2656	10223	2012-01-07 00:00:00
V	2657	6867	2014-04-16 00:00:00
V	2658	5116	2013-05-12 00:00:00
V	2659	5031	2012-06-08 00:00:00
V	2660	19119	2014-04-24 00:00:00
V	2661	13908	2013-07-20 00:00:00
V	2662	16594	2013-09-13 00:00:00
V	2663	7482	2012-11-16 00:00:00
V	2664	17642	2014-03-04 00:00:00
V	2665	7327	2013-09-06 00:00:00
V	2666	17005	2014-01-18 00:00:00
V	2667	17008	2014-01-28 00:00:00
V	2668	15407	2012-06-24 00:00:00
V	2669	10997	2013-09-12 00:00:00
V	2670	8172	2014-03-21 00:00:00
V	2671	8494	2013-05-05 00:00:00
V	2672	12985	2012-10-26 00:00:00
V	2673	19002	2013-08-15 00:00:00
V	2674	7485	2011-06-15 00:00:00
V	2675	18019	2014-05-05 00:00:00
V	2676	17122	2013-09-30 00:00:00
V	2677	13572	2013-10-07 00:00:00
V	2678	1520	2012-03-30 00:00:00
V	2679	12153	2012-04-23 00:00:00
V	2680	47	2013-06-07 00:00:00
V	2681	12619	2013-07-21 00:00:00
V	2682	399	2013-07-18 00:00:00
V	2683	10216	2014-05-19 00:00:00
V	2684	4269	2013-06-07 00:00:00
V	2685	18925	2011-07-29 00:00:00
V	2686	15527	2014-03-15 00:00:00
V	2687	4227	2012-02-01 00:00:00
V	2688	12298	2012-03-11 00:00:00
V	2689	4139	2013-10-13 00:00:00
V	2690	11581	2013-11-25 00:00:00
V	2691	8608	2012-06-06 00:00:00
V	2692	4074	2013-11-09 00:00:00
V	2693	18917	2014-03-03 00:00:00
V	2694	6983	2014-02-25 00:00:00
V	2695	8302	2014-03-12 00:00:00
V	2696	16557	2013-07-02 00:00:00
V	2697	7929	2013-11-22 00:00:00
V	2698	15943	2014-02-15 00:00:00
V	2699	16834	2013-11-14 00:00:00
V	2700	7840	2014-05-26 00:00:00
V	2701	10348	2014-05-31 00:00:00
V	2702	11624	2013-10-19 00:00:00
V	2703	4570	2013-07-02 00:00:00
V	2704	13598	2014-02-04 00:00:00
V	2705	666	2013-10-20 00:00:00
V	2706	12788	2013-08-09 00:00:00
V	2707	6952	2012-05-22 00:00:00
V	2708	14015	2014-01-02 00:00:00
V	2709	13337	2013-03-06 00:00:00
V	2710	157	2011-09-20 00:00:00
V	2711	1350	2014-05-19 00:00:00
V	2712	9370	2014-04-04 00:00:00
V	2713	1341	2013-11-07 00:00:00
V	2714	15235	2013-08-02 00:00:00
V	2715	14007	2014-04-29 00:00:00
V	2716	6311	2014-06-14 00:00:00
V	2717	347	2013-09-08 00:00:00
V	2718	7228	2013-12-04 00:00:00
V	2719	13701	2012-12-19 00:00:00
V	2720	18202	2014-03-01 00:00:00
V	2721	14564	2014-01-09 00:00:00
V	2722	17802	2011-12-15 00:00:00
V	2723	11667	2014-05-11 00:00:00
V	2724	2166	2013-10-10 00:00:00
V	2725	4535	2013-12-29 00:00:00
V	2726	6986	2012-11-22 00:00:00
V	2727	18972	2014-05-28 00:00:00
V	2728	14856	2013-11-08 00:00:00
V	2729	5356	2013-12-22 00:00:00
V	2730	8340	2014-01-14 00:00:00
V	2731	131	2012-02-25 00:00:00
V	2732	14815	2012-11-22 00:00:00
V	2733	4529	2013-08-26 00:00:00
V	2734	19234	2013-09-29 00:00:00
V	2735	19210	2014-02-18 00:00:00
V	2736	13930	2014-04-07 00:00:00
V	2737	17985	2012-09-20 00:00:00
V	2738	18456	2014-02-04 00:00:00
V	2739	5844	2013-12-19 00:00:00
V	2740	7540	2012-11-20 00:00:00
V	2741	7055	2013-12-31 00:00:00
V	2742	3985	2013-08-08 00:00:00
V	2743	14941	2012-11-10 00:00:00
V	2744	17934	2013-06-27 00:00:00
V	2745	16304	2013-07-30 00:00:00
V	2746	18355	2013-07-15 00:00:00
V	2747	3431	2014-02-14 00:00:00
V	2748	17192	2013-11-20 00:00:00
V	2749	5132	2014-01-30 00:00:00
V	2750	17738	2012-02-22 00:00:00
V	2751	11075	2014-04-29 00:00:00
V	2752	7870	2013-11-27 00:00:00
V	2753	10310	2013-09-03 00:00:00
V	2754	5287	2014-03-29 00:00:00
V	2755	1365	2014-02-26 00:00:00
V	2756	10452	2014-01-04 00:00:00
V	2757	13640	2013-10-17 00:00:00
V	2758	16784	2013-05-27 00:00:00
V	2759	10570	2011-08-15 00:00:00
V	2760	9048	2014-01-14 00:00:00
V	2761	12617	2013-10-28 00:00:00
V	2762	539	2014-02-13 00:00:00
V	2763	4742	2014-02-01 00:00:00
V	2764	4574	2013-10-27 00:00:00
V	2765	16921	2014-03-23 00:00:00
V	2766	15803	2013-08-07 00:00:00
V	2767	16953	2014-05-13 00:00:00
V	2768	1130	2013-09-12 00:00:00
V	2769	12918	2013-12-29 00:00:00
V	2770	15899	2012-12-22 00:00:00
V	2771	339	2014-03-31 00:00:00
V	2772	11069	2012-07-02 00:00:00
V	2773	11661	2014-04-03 00:00:00
V	2774	6756	2012-04-22 00:00:00
V	2775	15380	2014-01-06 00:00:00
V	2776	8679	2012-05-24 00:00:00
V	2777	8969	2014-05-28 00:00:00
V	2778	2811	2011-10-07 00:00:00
V	2779	14358	2013-09-13 00:00:00
V	2780	6771	2012-12-09 00:00:00
V	2781	12025	2014-05-30 00:00:00
V	2782	13360	2013-10-13 00:00:00
V	2783	11098	2014-03-25 00:00:00
V	2784	7138	2011-06-27 00:00:00
V	2785	8162	2013-10-06 00:00:00
V	2786	15064	2013-09-10 00:00:00
V	2787	17133	2014-04-04 00:00:00
V	2788	17388	2014-04-28 00:00:00
V	2789	5700	2011-06-04 00:00:00
V	2790	9707	2013-07-06 00:00:00
V	2791	13687	2014-05-21 00:00:00
V	2792	13612	2013-09-17 00:00:00
V	2793	18829	2012-08-29 00:00:00
V	2794	3018	2014-03-19 00:00:00
V	2795	9941	2014-02-07 00:00:00
V	2796	6060	2012-12-09 00:00:00
V	2797	3672	2013-12-04 00:00:00
V	2798	3304	2012-12-25 00:00:00
V	2799	3244	2011-10-19 00:00:00
V	2800	4284	2013-08-03 00:00:00
V	2801	4270	2011-11-27 00:00:00
V	2802	14265	2012-11-20 00:00:00
V	2803	1851	2014-01-26 00:00:00
V	2804	3437	2012-11-01 00:00:00
V	2805	13921	2013-09-19 00:00:00
V	2806	13889	2013-07-02 00:00:00
V	2807	203	2014-03-01 00:00:00
V	2808	13870	2014-03-01 00:00:00
V	2809	9633	2014-03-04 00:00:00
V	2810	5889	2014-05-15 00:00:00
V	2811	16494	2014-01-29 00:00:00
V	2812	18029	2012-01-03 00:00:00
V	2813	14556	2013-10-26 00:00:00
V	2814	14968	2012-08-30 00:00:00
V	2815	2608	2013-07-10 00:00:00
V	2816	18857	2013-07-23 00:00:00
V	2817	8018	2014-01-17 00:00:00
V	2818	13907	2012-11-28 00:00:00
V	2819	16298	2014-03-08 00:00:00
V	2820	18199	2012-07-06 00:00:00
V	2821	10994	2014-04-26 00:00:00
V	2822	13980	2014-01-04 00:00:00
V	2823	12555	2014-06-29 00:00:00
V	2824	17873	2012-04-13 00:00:00
V	2825	9551	2014-06-15 00:00:00
V	2826	1496	2013-09-19 00:00:00
V	2827	6728	2014-06-25 00:00:00
V	2828	4576	2014-05-22 00:00:00
V	2829	1771	2012-01-22 00:00:00
V	2830	8869	2013-08-22 00:00:00
V	2831	2773	2014-03-13 00:00:00
V	2832	1226	2014-04-15 00:00:00
V	2833	16591	2013-04-09 00:00:00
V	2834	10852	2014-06-05 00:00:00
V	2835	16570	2011-06-04 00:00:00
V	2836	12339	2012-06-08 00:00:00
V	2837	17467	2013-10-13 00:00:00
V	2838	8928	2012-11-22 00:00:00
V	2839	12252	2013-07-23 00:00:00
V	2840	14408	2011-06-22 00:00:00
V	2841	10908	2014-01-27 00:00:00
V	2842	10366	2013-11-14 00:00:00
V	2843	8387	2013-09-08 00:00:00
V	2844	831	2012-03-06 00:00:00
V	2845	5560	2013-03-01 00:00:00
V	2846	7368	2014-03-21 00:00:00
V	2847	1770	2013-12-14 00:00:00
V	2848	7274	2014-01-20 00:00:00
V	2849	18647	2013-10-04 00:00:00
V	2850	6775	2014-01-13 00:00:00
V	2851	12944	2013-05-20 00:00:00
V	2852	5469	2014-04-24 00:00:00
V	2853	1710	2012-11-08 00:00:00
V	2854	15190	2013-04-10 00:00:00
V	2855	4771	2014-01-29 00:00:00
V	2856	18379	2013-09-16 00:00:00
V	2857	8888	2011-06-25 00:00:00
V	2858	13807	2013-07-27 00:00:00
V	2859	7804	2013-09-26 00:00:00
V	2860	12069	2012-09-02 00:00:00
V	2861	11238	2013-10-04 00:00:00
V	2862	18964	2013-12-19 00:00:00
V	2863	5173	2014-03-15 00:00:00
V	2864	12091	2014-05-24 00:00:00
V	2865	8012	2013-11-11 00:00:00
V	2866	8306	2013-01-04 00:00:00
V	2867	14507	2014-06-10 00:00:00
V	2868	15691	2013-08-23 00:00:00
V	2869	1616	2012-12-20 00:00:00
V	2870	7694	2013-10-29 00:00:00
V	2871	15918	2013-07-04 00:00:00
V	2872	7039	2013-12-07 00:00:00
V	2873	3706	2013-07-24 00:00:00
V	2874	5578	2013-08-06 00:00:00
V	2875	3219	2013-12-06 00:00:00
V	2876	2033	2013-12-22 00:00:00
V	2877	12921	2013-10-28 00:00:00
V	2878	18722	2014-04-22 00:00:00
V	2879	7379	2013-12-28 00:00:00
V	2880	9111	2014-01-06 00:00:00
V	2881	13711	2012-01-09 00:00:00
V	2882	1441	2014-04-11 00:00:00
V	2883	4606	2013-08-25 00:00:00
V	2884	18468	2014-01-19 00:00:00
V	2885	9583	2013-07-11 00:00:00
V	2886	6972	2014-02-28 00:00:00
V	2887	17995	2014-04-15 00:00:00
V	2888	16483	2013-11-29 00:00:00
V	2889	1707	2011-12-14 00:00:00
V	2890	6736	2014-05-24 00:00:00
V	2891	16955	2014-01-31 00:00:00
V	2892	19105	2013-10-22 00:00:00
V	2893	15012	2012-09-10 00:00:00
V	2894	2764	2013-10-08 00:00:00
V	2895	16881	2014-01-27 00:00:00
V	2896	2083	2014-05-08 00:00:00
V	2897	8871	2014-01-06 00:00:00
V	2898	18388	2013-12-06 00:00:00
V	2899	16624	2011-11-01 00:00:00
V	2900	15628	2012-04-09 00:00:00
V	2901	15371	2014-05-12 00:00:00
V	2902	508	2013-03-11 00:00:00
V	2903	15162	2012-04-06 00:00:00
V	2904	17168	2014-01-03 00:00:00
V	2905	14309	2013-08-10 00:00:00
V	2906	5425	2013-10-26 00:00:00
V	2907	7687	2013-07-16 00:00:00
V	2908	1299	2013-08-03 00:00:00
V	2909	13800	2014-03-02 00:00:00
V	2910	11342	2012-04-09 00:00:00
V	2911	9825	2011-12-12 00:00:00
V	2912	13767	2013-12-17 00:00:00
V	2913	18535	2012-07-22 00:00:00
V	2914	14452	2013-08-28 00:00:00
V	2915	16765	2014-05-01 00:00:00
V	2916	6749	2013-11-24 00:00:00
V	2917	18377	2011-11-13 00:00:00
V	2918	16889	2012-05-09 00:00:00
V	2919	3633	2013-12-14 00:00:00
V	2920	18993	2014-02-23 00:00:00
V	2921	13913	2014-01-18 00:00:00
V	2922	1596	2014-03-09 00:00:00
V	2923	7462	2013-08-12 00:00:00
V	2924	17204	2014-03-29 00:00:00
V	2925	1975	2014-06-13 00:00:00
V	2926	10805	2013-09-20 00:00:00
V	2927	5924	2013-09-25 00:00:00
V	2928	4969	2014-01-11 00:00:00
V	2929	2491	2013-01-21 00:00:00
V	2930	9911	2013-12-25 00:00:00
V	2931	1227	2013-11-20 00:00:00
V	2932	16014	2013-07-13 00:00:00
V	2933	3076	2013-12-23 00:00:00
V	2934	6483	2012-05-11 00:00:00
V	2935	11730	2014-05-08 00:00:00
V	2936	4858	2014-05-11 00:00:00
V	2937	6663	2014-04-05 00:00:00
V	2938	13451	2013-11-12 00:00:00
V	2939	15605	2014-01-25 00:00:00
V	2940	7997	2012-01-06 00:00:00
V	2941	672	2014-05-07 00:00:00
V	2942	2810	2014-01-03 00:00:00
V	2943	17571	2013-11-26 00:00:00
V	2944	2891	2013-11-28 00:00:00
V	2945	13443	2012-12-14 00:00:00
V	2946	2310	2014-01-11 00:00:00
V	2947	2996	2013-10-09 00:00:00
V	2948	1363	2014-03-16 00:00:00
V	2949	5315	2013-07-17 00:00:00
V	2950	4972	2013-09-08 00:00:00
V	2951	2788	2012-09-28 00:00:00
V	2952	16758	2014-06-07 00:00:00
V	2953	15197	2014-02-01 00:00:00
V	2954	11905	2013-09-18 00:00:00
V	2955	7060	2014-04-01 00:00:00
V	2956	13444	2014-05-26 00:00:00
V	2957	17414	2013-10-24 00:00:00
V	2958	7478	2014-04-24 00:00:00
V	2959	2422	2014-03-19 00:00:00
V	2960	9502	2014-05-20 00:00:00
V	2961	12824	2013-12-18 00:00:00
V	2962	17673	2014-03-02 00:00:00
V	2963	9240	2013-01-02 00:00:00
V	2964	17390	2014-01-07 00:00:00
V	2965	3326	2012-06-03 00:00:00
V	2966	3511	2013-11-23 00:00:00
V	2967	3308	2013-11-16 00:00:00
V	2968	17268	2014-02-13 00:00:00
V	2969	15179	2013-10-11 00:00:00
V	2970	14419	2011-08-18 00:00:00
V	2971	7743	2013-09-22 00:00:00
V	2972	14953	2012-06-20 00:00:00
V	2973	16884	2012-11-30 00:00:00
V	2974	16807	2013-05-13 00:00:00
V	2975	7652	2013-02-10 00:00:00
V	2976	2706	2014-05-02 00:00:00
V	2977	2564	2013-11-17 00:00:00
V	2978	6314	2013-10-27 00:00:00
V	2979	15434	2013-09-12 00:00:00
V	2980	10962	2014-04-21 00:00:00
V	2981	12355	2013-05-16 00:00:00
V	2982	18014	2013-11-26 00:00:00
V	2983	12565	2013-08-10 00:00:00
V	2984	17109	2013-11-10 00:00:00
V	2985	17302	2014-05-28 00:00:00
V	2986	18746	2013-05-11 00:00:00
V	2987	14866	2013-09-29 00:00:00
V	2988	13342	2013-07-06 00:00:00
V	2989	2081	2013-11-08 00:00:00
V	2990	12065	2013-08-21 00:00:00
V	2991	7187	2013-12-19 00:00:00
V	2992	143	2012-11-03 00:00:00
V	2993	2304	2012-05-25 00:00:00
V	2994	19146	2013-09-07 00:00:00
V	2995	18035	2012-12-06 00:00:00
V	2996	1199	2013-08-03 00:00:00
V	2997	17285	2013-09-14 00:00:00
V	2998	9991	2013-09-01 00:00:00
V	2999	5621	2013-11-24 00:00:00
V	3000	275	2014-03-13 00:00:00
V	3001	7586	2014-01-20 00:00:00
V	3002	17203	2013-07-30 00:00:00
V	3003	6984	2014-03-20 00:00:00
V	3004	11772	2013-11-19 00:00:00
V	3005	6113	2013-12-30 00:00:00
V	3006	9475	2013-04-29 00:00:00
V	3007	503	2013-11-09 00:00:00
V	3008	7036	2013-05-28 00:00:00
V	3009	7800	2012-09-08 00:00:00
V	3010	2852	2012-10-11 00:00:00
V	3011	16854	2012-08-19 00:00:00
V	3012	8296	2014-05-17 00:00:00
V	3013	931	2014-02-20 00:00:00
V	3014	151	2012-04-21 00:00:00
V	3015	10938	2012-05-22 00:00:00
V	3016	13077	2013-07-20 00:00:00
V	3017	3131	2013-10-17 00:00:00
V	3018	11816	2013-12-29 00:00:00
V	3019	18670	2012-06-23 00:00:00
V	3020	9094	2013-12-28 00:00:00
V	3021	15826	2013-06-03 00:00:00
V	3022	17531	2014-05-20 00:00:00
V	3023	17745	2013-11-20 00:00:00
V	3024	3834	2013-10-25 00:00:00
V	3025	5365	2011-07-09 00:00:00
V	3026	7748	2014-05-08 00:00:00
V	3027	11627	2013-01-28 00:00:00
V	3028	18779	2013-09-10 00:00:00
V	3029	8701	2013-11-25 00:00:00
V	3030	11284	2014-05-20 00:00:00
V	3031	17807	2014-04-30 00:00:00
V	3032	1953	2013-07-16 00:00:00
V	3033	4711	2014-04-06 00:00:00
V	3034	13531	2014-06-24 00:00:00
V	3035	6707	2013-04-14 00:00:00
V	3036	8445	2012-06-14 00:00:00
V	3037	10714	2014-02-19 00:00:00
V	3038	6643	2013-09-18 00:00:00
V	3039	320	2013-07-16 00:00:00
V	3040	23	2012-04-15 00:00:00
V	3041	3503	2013-07-18 00:00:00
V	3042	16979	2013-11-16 00:00:00
V	3043	18699	2013-07-29 00:00:00
V	3044	16225	2012-05-04 00:00:00
V	3045	3123	2014-05-14 00:00:00
V	3046	18131	2014-02-14 00:00:00
V	3047	4610	2013-08-02 00:00:00
V	3048	1881	2014-02-25 00:00:00
V	3049	11133	2014-05-25 00:00:00
V	3050	12651	2014-03-31 00:00:00
V	3051	153	2013-08-18 00:00:00
V	3052	16712	2013-06-21 00:00:00
V	3053	19193	2013-08-18 00:00:00
V	3054	11301	2013-12-01 00:00:00
V	3055	19224	2014-01-29 00:00:00
V	3056	8002	2013-05-07 00:00:00
V	3057	5280	2011-11-30 00:00:00
V	3058	13696	2014-03-07 00:00:00
V	3059	3053	2013-09-26 00:00:00
V	3060	11030	2013-09-20 00:00:00
V	3061	14992	2012-10-14 00:00:00
V	3062	12519	2013-01-02 00:00:00
V	3063	9898	2014-05-19 00:00:00
V	3064	2906	2013-08-13 00:00:00
V	3065	13308	2014-04-24 00:00:00
V	3066	7595	2014-02-11 00:00:00
V	3067	6697	2013-11-12 00:00:00
V	3068	7784	2014-02-19 00:00:00
V	3069	18995	2014-05-30 00:00:00
V	3070	2256	2013-07-17 00:00:00
V	3071	16701	2013-10-23 00:00:00
V	3072	3265	2014-05-24 00:00:00
V	3073	16449	2013-04-11 00:00:00
V	3074	7325	2013-08-28 00:00:00
V	3075	11051	2013-08-25 00:00:00
V	3076	10349	2012-05-14 00:00:00
V	3077	7897	2014-04-06 00:00:00
V	3078	18434	2013-02-01 00:00:00
V	3079	8873	2012-12-24 00:00:00
V	3080	2863	2012-09-18 00:00:00
V	3081	9964	2012-06-03 00:00:00
V	3082	19130	2014-02-10 00:00:00
V	3083	2026	2013-09-11 00:00:00
V	3084	17126	2013-11-03 00:00:00
V	3085	19025	2012-05-29 00:00:00
V	3086	950	2013-03-25 00:00:00
V	3087	8298	2014-01-28 00:00:00
V	3088	14392	2014-02-06 00:00:00
V	3089	17160	2014-02-01 00:00:00
V	3090	16064	2011-08-14 00:00:00
V	3091	11507	2014-03-30 00:00:00
V	3092	7091	2013-10-26 00:00:00
V	3093	17201	2013-03-17 00:00:00
V	3094	16972	2014-03-15 00:00:00
V	3095	16844	2013-09-16 00:00:00
V	3096	4911	2014-01-13 00:00:00
V	3097	18771	2013-10-15 00:00:00
V	3098	2411	2013-07-22 00:00:00
V	3099	487	2014-04-12 00:00:00
V	3100	7190	2012-07-14 00:00:00
V	3101	1821	2013-11-28 00:00:00
V	3102	79	2012-06-17 00:00:00
V	3103	8050	2012-10-06 00:00:00
V	3104	14634	2013-11-18 00:00:00
V	3105	15765	2014-03-18 00:00:00
V	3106	13331	2014-05-07 00:00:00
V	3107	14998	2013-08-13 00:00:00
V	3108	1270	2014-05-05 00:00:00
V	3109	810	2013-10-23 00:00:00
V	3110	10162	2013-11-10 00:00:00
V	3111	4414	2012-06-21 00:00:00
V	3112	16736	2013-06-20 00:00:00
V	3113	13922	2014-03-22 00:00:00
V	3114	1917	2012-10-31 00:00:00
V	3115	12688	2012-07-03 00:00:00
V	3116	3663	2013-09-28 00:00:00
V	3117	15849	2012-04-01 00:00:00
V	3118	13251	2013-07-20 00:00:00
V	3119	697	2014-02-04 00:00:00
V	3120	6688	2013-06-20 00:00:00
V	3121	18698	2012-07-18 00:00:00
V	3122	12786	2013-08-29 00:00:00
V	3123	16918	2012-09-18 00:00:00
V	3124	344	2013-10-10 00:00:00
V	3125	10664	2013-12-27 00:00:00
V	3126	4116	2013-03-04 00:00:00
V	3127	4310	2012-11-02 00:00:00
V	3128	8805	2013-11-14 00:00:00
V	3129	12533	2014-05-07 00:00:00
V	3130	15477	2013-02-26 00:00:00
V	3131	3816	2011-11-14 00:00:00
V	3132	16833	2014-03-02 00:00:00
V	3133	1530	2014-03-25 00:00:00
V	3134	1280	2013-06-25 00:00:00
V	3135	6208	2013-07-14 00:00:00
V	3136	13013	2013-09-07 00:00:00
V	3137	16826	2012-01-24 00:00:00
V	3138	11129	2014-05-27 00:00:00
V	3139	18886	2014-02-14 00:00:00
V	3140	10197	2014-05-29 00:00:00
V	3141	10309	2013-07-13 00:00:00
V	3142	13624	2014-03-30 00:00:00
V	3143	5481	2014-02-20 00:00:00
V	3144	3226	2014-02-15 00:00:00
V	3145	764	2011-12-24 00:00:00
V	3146	4917	2012-05-18 00:00:00
V	3147	10420	2012-07-19 00:00:00
V	3148	13575	2013-02-01 00:00:00
V	3149	9244	2013-12-30 00:00:00
V	3150	8683	2013-08-31 00:00:00
V	3151	9147	2014-04-27 00:00:00
V	3152	1145	2012-12-15 00:00:00
V	3153	15716	2013-07-23 00:00:00
V	3154	16174	2013-12-29 00:00:00
V	3155	3802	2011-11-29 00:00:00
V	3156	14728	2013-07-04 00:00:00
V	3157	16375	2014-05-06 00:00:00
V	3158	16603	2013-12-25 00:00:00
V	3159	13635	2014-03-01 00:00:00
V	3160	8943	2014-03-09 00:00:00
V	3161	8073	2013-03-26 00:00:00
V	3162	2748	2013-12-01 00:00:00
V	3163	10476	2012-05-27 00:00:00
V	3164	10682	2014-01-26 00:00:00
V	3165	5140	2013-10-20 00:00:00
V	3166	15552	2014-06-17 00:00:00
V	3167	11014	2014-01-17 00:00:00
V	3168	4406	2013-07-10 00:00:00
V	3169	14381	2014-04-07 00:00:00
V	3170	4686	2014-04-15 00:00:00
V	3171	18501	2011-11-25 00:00:00
V	3172	17018	2013-07-11 00:00:00
V	3173	3823	2013-09-30 00:00:00
V	3174	11587	2014-01-28 00:00:00
V	3175	3925	2013-09-18 00:00:00
V	3176	1248	2013-10-10 00:00:00
V	3177	5731	2014-04-21 00:00:00
V	3178	4741	2011-08-06 00:00:00
V	3179	2860	2013-05-18 00:00:00
V	3180	9997	2014-03-13 00:00:00
V	3181	9123	2013-11-03 00:00:00
V	3182	2371	2012-10-26 00:00:00
V	3183	6586	2013-02-16 00:00:00
V	3184	6997	2012-04-25 00:00:00
V	3185	11826	2013-11-10 00:00:00
V	3186	5890	2014-01-26 00:00:00
V	3187	15835	2012-06-01 00:00:00
V	3188	10918	2014-04-10 00:00:00
V	3189	5942	2011-10-24 00:00:00
V	3190	14520	2014-02-22 00:00:00
V	3191	9022	2013-12-26 00:00:00
V	3192	11120	2014-01-09 00:00:00
V	3193	6950	2013-10-28 00:00:00
V	3194	10729	2013-01-27 00:00:00
V	3195	10839	2013-11-27 00:00:00
V	3196	5492	2013-09-17 00:00:00
V	3197	9387	2013-07-01 00:00:00
V	3198	3023	2013-08-01 00:00:00
V	3199	3397	2014-03-23 00:00:00
V	3200	11696	2013-07-19 00:00:00
V	3201	3990	2013-10-28 00:00:00
V	3202	7244	2013-09-13 00:00:00
V	3203	5059	2014-01-24 00:00:00
V	3204	7506	2013-09-04 00:00:00
V	3205	12827	2013-09-08 00:00:00
V	3206	18635	2013-05-13 00:00:00
V	3207	7611	2014-02-01 00:00:00
V	3208	15331	2013-07-01 00:00:00
V	3209	3201	2014-04-08 00:00:00
V	3210	4180	2014-02-20 00:00:00
V	3211	6979	2014-03-11 00:00:00
V	3212	16046	2012-10-13 00:00:00
V	3213	4755	2013-09-13 00:00:00
V	3214	16113	2013-11-22 00:00:00
V	3215	11941	2013-09-26 00:00:00
V	3216	11705	2013-11-13 00:00:00
V	3217	1203	2014-02-06 00:00:00
V	3218	618	2012-07-06 00:00:00
V	3219	8297	2013-08-31 00:00:00
V	3220	593	2013-06-30 00:00:00
V	3221	9595	2014-04-04 00:00:00
V	3222	11393	2013-07-24 00:00:00
V	3223	16346	2012-01-06 00:00:00
V	3224	18777	2013-09-01 00:00:00
V	3225	3425	2013-08-04 00:00:00
V	3226	15869	2013-12-13 00:00:00
V	3227	1721	2012-10-20 00:00:00
V	3228	8393	2014-05-15 00:00:00
V	3229	10741	2012-06-15 00:00:00
V	3230	7524	2013-08-03 00:00:00
V	3231	1626	2014-01-28 00:00:00
V	3232	9846	2014-02-24 00:00:00
V	3233	1637	2014-03-18 00:00:00
V	3234	8417	2013-09-18 00:00:00
V	3235	11036	2013-08-30 00:00:00
V	3236	15253	2014-03-10 00:00:00
V	3237	16924	2011-11-16 00:00:00
V	3238	971	2011-11-10 00:00:00
V	3239	9351	2014-01-14 00:00:00
V	3240	5336	2014-05-13 00:00:00
V	3241	14805	2013-06-19 00:00:00
V	3242	3605	2012-10-06 00:00:00
V	3243	18172	2014-05-31 00:00:00
V	3244	408	2013-02-08 00:00:00
V	3245	5387	2013-03-26 00:00:00
V	3246	11541	2013-09-22 00:00:00
V	3247	12143	2014-02-10 00:00:00
V	3248	14286	2013-07-30 00:00:00
V	3249	310	2011-08-08 00:00:00
V	3250	12747	2011-09-22 00:00:00
V	3251	4018	2013-12-08 00:00:00
V	3252	14877	2014-04-29 00:00:00
V	3253	1904	2014-05-12 00:00:00
V	3254	1647	2013-08-17 00:00:00
V	3255	6469	2013-01-15 00:00:00
V	3256	2331	2013-03-19 00:00:00
V	3257	15939	2013-12-21 00:00:00
V	3258	10351	2012-07-03 00:00:00
V	3259	6767	2013-08-04 00:00:00
V	3260	3599	2013-12-29 00:00:00
V	3261	13240	2013-08-24 00:00:00
V	3262	10393	2013-07-22 00:00:00
V	3263	2718	2013-12-27 00:00:00
V	3264	10180	2011-06-22 00:00:00
V	3265	12356	2014-05-14 00:00:00
V	3266	7393	2013-04-20 00:00:00
V	3267	14800	2011-08-09 00:00:00
V	3268	14196	2012-11-17 00:00:00
V	3269	15259	2013-04-12 00:00:00
V	3270	18274	2013-07-26 00:00:00
V	3271	18043	2013-12-05 00:00:00
V	3272	385	2011-09-01 00:00:00
V	3273	4678	2014-01-11 00:00:00
V	3274	9338	2013-09-18 00:00:00
V	3275	7699	2013-09-02 00:00:00
V	3276	4515	2013-11-14 00:00:00
V	3277	8504	2012-06-12 00:00:00
V	3278	3302	2013-08-05 00:00:00
V	3279	3107	2011-11-27 00:00:00
V	3280	12638	2014-02-01 00:00:00
V	3281	17767	2012-06-06 00:00:00
V	3282	18871	2013-10-29 00:00:00
V	3283	10511	2014-05-22 00:00:00
V	3284	6724	2013-12-18 00:00:00
V	3285	16996	2014-03-28 00:00:00
V	3286	15088	2012-06-10 00:00:00
V	3287	17107	2014-01-23 00:00:00
V	3288	4128	2011-08-21 00:00:00
V	3289	16096	2012-05-13 00:00:00
V	3290	18772	2013-07-19 00:00:00
V	3291	15663	2013-09-06 00:00:00
V	3292	2311	2013-03-25 00:00:00
V	3293	12255	2014-06-16 00:00:00
V	3294	16068	2012-10-02 00:00:00
V	3295	1933	2013-04-28 00:00:00
V	3296	10136	2014-04-25 00:00:00
V	3297	1193	2012-08-02 00:00:00
V	3298	18865	2014-06-27 00:00:00
V	3299	15387	2013-08-26 00:00:00
V	3300	1011	2014-03-09 00:00:00
V	3301	3030	2013-12-04 00:00:00
V	3302	12269	2013-05-15 00:00:00
V	3303	14085	2014-04-03 00:00:00
V	3304	8934	2011-11-20 00:00:00
V	3305	2586	2014-02-22 00:00:00
V	3306	13223	2014-01-20 00:00:00
V	3307	1935	2012-10-22 00:00:00
V	3308	10052	2013-10-29 00:00:00
V	3309	15964	2014-02-25 00:00:00
V	3310	156	2011-12-19 00:00:00
V	3311	2129	2011-11-24 00:00:00
V	3312	10019	2012-11-01 00:00:00
V	3313	13299	2013-07-25 00:00:00
V	3314	10002	2013-11-06 00:00:00
V	3315	4656	2012-07-18 00:00:00
V	3316	17445	2014-03-23 00:00:00
V	3317	14000	2012-04-03 00:00:00
V	3318	1257	2013-10-11 00:00:00
V	3319	10608	2014-01-09 00:00:00
V	3320	4957	2012-02-12 00:00:00
V	3321	1598	2014-01-18 00:00:00
V	3322	790	2014-02-17 00:00:00
V	3323	6134	2014-05-31 00:00:00
V	3324	12264	2013-11-25 00:00:00
V	3325	8621	2014-06-20 00:00:00
V	3326	8101	2012-09-05 00:00:00
V	3327	10176	2014-04-09 00:00:00
V	3328	1952	2013-11-01 00:00:00
V	3329	1422	2013-11-30 00:00:00
V	3330	1310	2013-05-10 00:00:00
V	3331	5427	2014-03-23 00:00:00
V	3332	17574	2014-02-26 00:00:00
V	3333	7397	2013-09-04 00:00:00
V	3334	8400	2012-04-01 00:00:00
V	3335	10092	2012-07-14 00:00:00
V	3336	19167	2013-09-04 00:00:00
V	3337	8000	2011-08-14 00:00:00
V	3338	7388	2011-06-18 00:00:00
V	3339	17298	2013-09-21 00:00:00
V	3340	1541	2014-05-06 00:00:00
V	3341	12490	2013-10-23 00:00:00
V	3342	17113	2011-09-09 00:00:00
V	3343	17128	2013-10-18 00:00:00
V	3344	2858	2011-07-22 00:00:00
V	3345	4980	2014-05-17 00:00:00
V	3346	2488	2011-09-19 00:00:00
V	3347	7312	2014-04-19 00:00:00
V	3348	3306	2013-08-11 00:00:00
V	3349	14553	2014-01-08 00:00:00
V	3350	5074	2012-08-11 00:00:00
V	3351	11323	2014-02-26 00:00:00
V	3352	15769	2012-06-15 00:00:00
V	3353	4605	2013-09-13 00:00:00
V	3354	16353	2014-01-05 00:00:00
V	3355	18240	2014-06-23 00:00:00
V	3356	18977	2012-09-28 00:00:00
V	3357	9299	2013-04-09 00:00:00
V	3358	8942	2013-12-25 00:00:00
V	3359	4266	2013-10-11 00:00:00
V	3360	5451	2013-11-05 00:00:00
V	3361	18651	2014-04-22 00:00:00
V	3362	14573	2011-10-04 00:00:00
V	3363	350	2013-07-17 00:00:00
V	3364	9563	2014-03-09 00:00:00
V	3365	17061	2013-01-08 00:00:00
V	3366	11951	2012-10-10 00:00:00
V	3367	17202	2014-05-05 00:00:00
V	3368	7152	2014-03-06 00:00:00
V	3369	14327	2014-05-02 00:00:00
V	3370	2661	2014-05-10 00:00:00
V	3371	12401	2014-01-09 00:00:00
V	3372	9591	2014-06-07 00:00:00
V	3373	18094	2013-05-29 00:00:00
V	3374	17938	2014-05-23 00:00:00
V	3375	15180	2013-08-12 00:00:00
V	3376	15404	2013-09-10 00:00:00
V	3377	3704	2013-12-04 00:00:00
V	3378	2050	2013-03-14 00:00:00
V	3379	3828	2012-11-15 00:00:00
V	3380	2194	2014-02-27 00:00:00
V	3381	16165	2011-08-15 00:00:00
V	3382	6484	2013-09-04 00:00:00
V	3383	8577	2014-01-23 00:00:00
V	3384	3336	2014-03-22 00:00:00
V	3385	7075	2014-06-26 00:00:00
V	3386	18372	2013-12-28 00:00:00
V	3387	9746	2014-01-11 00:00:00
V	3388	10680	2013-04-06 00:00:00
V	3389	14799	2012-05-29 00:00:00
V	3390	11876	2012-02-01 00:00:00
V	3391	1658	2013-11-16 00:00:00
V	3392	2636	2011-06-08 00:00:00
V	3393	14277	2014-01-25 00:00:00
V	3394	6601	2014-05-03 00:00:00
V	3395	12980	2011-06-11 00:00:00
V	3396	6961	2014-01-03 00:00:00
V	3397	5580	2012-02-13 00:00:00
V	3398	15991	2014-03-12 00:00:00
V	3399	2272	2013-03-16 00:00:00
V	3400	16672	2013-11-16 00:00:00
V	3401	1050	2012-05-22 00:00:00
V	3402	16852	2013-07-10 00:00:00
V	3403	8860	2013-11-29 00:00:00
V	3404	4598	2013-08-13 00:00:00
V	3405	7850	2013-09-15 00:00:00
V	3406	10221	2013-10-18 00:00:00
V	3407	14329	2014-02-06 00:00:00
V	3408	13284	2012-08-31 00:00:00
V	3409	11735	2012-04-11 00:00:00
V	3410	19200	2013-12-26 00:00:00
V	3411	18625	2013-04-28 00:00:00
V	3412	10468	2012-11-22 00:00:00
V	3413	3589	2013-07-06 00:00:00
V	3414	2682	2012-07-04 00:00:00
V	3415	10425	2014-02-05 00:00:00
V	3416	19162	2012-03-28 00:00:00
V	3417	2416	2013-09-25 00:00:00
V	3418	11572	2013-12-10 00:00:00
V	3419	8186	2011-07-25 00:00:00
V	3420	14389	2014-03-16 00:00:00
V	3421	13138	2012-11-07 00:00:00
V	3422	48	2014-05-21 00:00:00
V	3423	10190	2013-11-01 00:00:00
V	3424	8390	2012-02-21 00:00:00
V	3425	297	2013-07-11 00:00:00
V	3426	2157	2013-10-18 00:00:00
V	3427	14426	2012-08-01 00:00:00
V	3428	17266	2013-01-20 00:00:00
V	3429	8762	2013-10-11 00:00:00
V	3430	10559	2014-03-01 00:00:00
V	3431	13655	2013-11-29 00:00:00
V	3432	124	2013-09-19 00:00:00
V	3433	12560	2014-04-03 00:00:00
V	3434	12476	2014-05-16 00:00:00
V	3435	9056	2012-12-19 00:00:00
V	3436	68	2013-02-06 00:00:00
V	3437	9572	2014-03-01 00:00:00
V	3438	6112	2014-06-26 00:00:00
V	3439	12672	2013-12-09 00:00:00
V	3440	3448	2013-11-08 00:00:00
V	3441	1788	2013-05-26 00:00:00
V	3442	17624	2014-04-11 00:00:00
V	3443	14413	2012-09-02 00:00:00
V	3444	8157	2012-08-23 00:00:00
V	3445	13932	2012-03-14 00:00:00
V	3446	10870	2014-01-11 00:00:00
V	3447	11746	2013-10-17 00:00:00
V	3448	5321	2014-05-07 00:00:00
V	3449	5620	2014-03-18 00:00:00
V	3450	1501	2013-11-11 00:00:00
V	3451	14637	2013-12-09 00:00:00
V	3452	13744	2011-08-27 00:00:00
V	3453	148	2013-02-16 00:00:00
V	3454	6114	2013-07-03 00:00:00
V	3455	941	2013-03-17 00:00:00
V	3456	8916	2013-12-20 00:00:00
V	3457	2882	2012-01-08 00:00:00
V	3458	2229	2012-07-17 00:00:00
V	3459	2738	2014-05-18 00:00:00
V	3460	16379	2013-07-02 00:00:00
V	3461	11235	2014-05-21 00:00:00
V	3462	15794	2011-06-21 00:00:00
V	3463	9909	2013-07-23 00:00:00
V	3464	2363	2012-05-09 00:00:00
V	3465	3878	2014-01-20 00:00:00
V	3466	13937	2013-11-16 00:00:00
V	3467	835	2013-11-16 00:00:00
V	3468	7609	2013-10-19 00:00:00
V	3469	17492	2014-02-14 00:00:00
V	3470	9237	2014-03-12 00:00:00
V	3471	5663	2012-09-10 00:00:00
V	3472	1693	2013-05-22 00:00:00
V	3473	18232	2013-11-27 00:00:00
V	3474	18112	2013-10-17 00:00:00
V	3475	17759	2012-08-10 00:00:00
V	3476	3940	2013-05-08 00:00:00
V	3477	6462	2013-06-23 00:00:00
V	3478	6154	2013-10-30 00:00:00
V	3479	5299	2013-09-26 00:00:00
V	3480	7496	2012-03-30 00:00:00
V	3481	2144	2014-02-03 00:00:00
V	3482	361	2014-01-21 00:00:00
V	3483	1429	2011-10-14 00:00:00
V	3484	11503	2014-02-15 00:00:00
V	3485	11240	2013-04-20 00:00:00
V	3486	15372	2012-10-05 00:00:00
V	3487	15955	2013-05-23 00:00:00
V	3488	16395	2014-04-06 00:00:00
V	3489	6040	2013-08-15 00:00:00
V	3490	1200	2013-07-05 00:00:00
V	3491	16011	2012-12-21 00:00:00
V	3492	14885	2013-03-16 00:00:00
V	3493	9676	2013-09-23 00:00:00
V	3494	1865	2014-05-30 00:00:00
V	3495	14393	2014-03-14 00:00:00
V	3496	18937	2013-12-13 00:00:00
V	3497	5522	2013-10-14 00:00:00
V	3498	1475	2013-09-06 00:00:00
V	3499	1479	2013-09-19 00:00:00
V	3500	6052	2014-04-11 00:00:00
V	3501	17020	2013-12-21 00:00:00
V	3502	7551	2014-05-06 00:00:00
V	3503	3382	2013-04-10 00:00:00
V	3504	7730	2013-09-07 00:00:00
V	3505	3570	2013-07-27 00:00:00
V	3506	6848	2014-02-03 00:00:00
V	3507	15820	2013-10-05 00:00:00
V	3508	10383	2013-12-14 00:00:00
V	3509	8510	2012-03-11 00:00:00
V	3510	3623	2013-07-13 00:00:00
V	3511	5064	2013-05-02 00:00:00
V	3512	17006	2013-12-10 00:00:00
V	3513	14947	2014-03-06 00:00:00
V	3514	5165	2012-01-11 00:00:00
V	3515	17081	2013-08-13 00:00:00
V	3516	16513	2013-11-25 00:00:00
V	3517	17338	2012-02-04 00:00:00
V	3518	9763	2014-02-16 00:00:00
V	3519	3349	2012-10-31 00:00:00
V	3520	11692	2013-01-24 00:00:00
V	3521	15343	2014-03-16 00:00:00
V	3522	10278	2013-03-04 00:00:00
V	3523	9759	2014-03-10 00:00:00
V	3524	13375	2012-02-10 00:00:00
V	3525	15570	2014-03-05 00:00:00
V	3526	4965	2013-08-05 00:00:00
V	3527	12396	2013-08-01 00:00:00
V	3528	7497	2014-02-18 00:00:00
V	3529	221	2014-02-24 00:00:00
V	3530	7099	2012-03-16 00:00:00
V	3531	16666	2013-04-02 00:00:00
V	3532	15802	2013-07-08 00:00:00
V	3533	16792	2013-09-02 00:00:00
V	3534	6782	2014-02-19 00:00:00
V	3535	9367	2013-02-20 00:00:00
V	3536	9528	2011-06-14 00:00:00
V	3537	12350	2014-01-22 00:00:00
V	3538	19166	2012-11-25 00:00:00
V	3539	16866	2012-06-11 00:00:00
V	3540	207	2013-08-06 00:00:00
V	3541	8795	2012-11-20 00:00:00
V	3542	5007	2012-06-28 00:00:00
V	3543	6371	2013-11-22 00:00:00
V	3544	17869	2013-10-19 00:00:00
V	3545	5355	2013-06-17 00:00:00
V	3546	4737	2013-12-12 00:00:00
V	3547	12845	2013-12-17 00:00:00
V	3548	12103	2013-08-02 00:00:00
V	3549	6017	2014-01-16 00:00:00
V	3550	18401	2013-11-02 00:00:00
V	3551	2665	2013-11-28 00:00:00
V	3552	18876	2013-08-22 00:00:00
V	3553	2301	2011-08-27 00:00:00
V	3554	10375	2014-06-03 00:00:00
V	3555	17042	2013-10-16 00:00:00
V	3556	16954	2013-07-23 00:00:00
V	3557	15303	2014-03-31 00:00:00
V	3558	12606	2013-10-22 00:00:00
V	3559	18507	2014-04-11 00:00:00
V	3560	12011	2012-02-10 00:00:00
V	3561	10552	2013-12-22 00:00:00
V	3562	15265	2013-04-30 00:00:00
V	3563	10638	2013-09-23 00:00:00
V	3564	8256	2013-07-10 00:00:00
V	3565	8044	2012-08-17 00:00:00
V	3566	7065	2013-11-27 00:00:00
V	3567	5417	2014-03-22 00:00:00
V	3568	3601	2011-11-14 00:00:00
V	3569	9943	2011-09-11 00:00:00
V	3570	8972	2013-09-24 00:00:00
V	3571	18503	2013-11-25 00:00:00
V	3572	2875	2011-08-23 00:00:00
V	3573	904	2013-10-18 00:00:00
V	3574	11748	2014-03-25 00:00:00
V	3575	647	2014-05-23 00:00:00
V	3576	18773	2014-02-20 00:00:00
V	3577	18912	2012-12-04 00:00:00
V	3578	16768	2013-06-02 00:00:00
V	3579	8032	2014-01-25 00:00:00
V	3580	17294	2013-07-18 00:00:00
V	3581	13544	2013-09-23 00:00:00
V	3582	605	2013-02-06 00:00:00
V	3583	2951	2012-10-14 00:00:00
V	3584	3025	2012-05-17 00:00:00
V	3585	123	2013-09-02 00:00:00
V	3586	4798	2012-01-24 00:00:00
V	3587	5626	2013-09-23 00:00:00
V	3588	14540	2013-02-16 00:00:00
V	3589	11454	2013-05-30 00:00:00
V	3590	10979	2013-08-23 00:00:00
V	3591	669	2014-02-05 00:00:00
V	3592	12825	2014-05-18 00:00:00
V	3593	2680	2013-11-23 00:00:00
V	3594	18936	2013-12-14 00:00:00
V	3595	10485	2012-10-30 00:00:00
V	3596	10715	2013-01-14 00:00:00
V	3597	2413	2013-01-05 00:00:00
V	3598	5850	2013-12-14 00:00:00
V	3599	4765	2013-08-16 00:00:00
V	3600	14741	2014-05-07 00:00:00
V	3601	3502	2013-03-12 00:00:00
V	3602	6413	2014-04-12 00:00:00
V	3603	17039	2013-04-04 00:00:00
V	3604	3933	2014-03-03 00:00:00
V	3605	7526	2013-08-06 00:00:00
V	3606	10070	2013-09-17 00:00:00
V	3607	9434	2013-09-08 00:00:00
V	3608	17438	2013-12-27 00:00:00
V	3609	8799	2014-01-14 00:00:00
V	3610	15013	2013-09-21 00:00:00
V	3611	14521	2014-04-17 00:00:00
V	3612	9418	2014-04-13 00:00:00
V	3613	10627	2014-01-16 00:00:00
V	3614	15093	2014-05-08 00:00:00
V	3615	14672	2013-03-20 00:00:00
V	3616	5525	2014-05-30 00:00:00
V	3617	6729	2012-04-27 00:00:00
V	3618	17289	2012-06-12 00:00:00
V	3619	5371	2013-04-12 00:00:00
V	3620	2774	2013-04-25 00:00:00
V	3621	11848	2013-08-15 00:00:00
V	3622	649	2014-03-31 00:00:00
V	3623	6472	2014-04-04 00:00:00
V	3624	12210	2013-07-07 00:00:00
V	3625	12740	2014-02-08 00:00:00
V	3626	4469	2013-10-22 00:00:00
V	3627	14225	2013-11-11 00:00:00
V	3628	14569	2014-03-30 00:00:00
V	3629	1495	2012-06-03 00:00:00
V	3630	16421	2013-06-30 00:00:00
V	3631	8203	2012-09-18 00:00:00
V	3632	9157	2014-03-17 00:00:00
V	3633	2697	2013-12-18 00:00:00
V	3634	11793	2014-02-10 00:00:00
V	3635	10337	2014-01-19 00:00:00
V	3636	3476	2014-06-15 00:00:00
V	3637	16027	2014-03-09 00:00:00
V	3638	13622	2013-12-04 00:00:00
V	3639	12993	2014-04-21 00:00:00
V	3640	11887	2014-06-02 00:00:00
V	3641	13796	2014-05-22 00:00:00
V	3642	10095	2013-07-17 00:00:00
V	3643	15504	2012-10-25 00:00:00
V	3644	1698	2013-12-08 00:00:00
V	3645	10904	2011-06-26 00:00:00
V	3646	2568	2014-03-23 00:00:00
V	3647	2103	2012-03-22 00:00:00
V	3648	7817	2013-12-25 00:00:00
V	3649	16478	2013-02-15 00:00:00
V	3650	665	2013-01-19 00:00:00
V	3651	3523	2014-03-06 00:00:00
V	3652	13756	2014-05-27 00:00:00
V	3653	1937	2011-07-13 00:00:00
V	3654	14973	2012-10-26 00:00:00
V	3655	2100	2012-01-17 00:00:00
V	3656	18696	2013-03-31 00:00:00
V	3657	3692	2014-01-05 00:00:00
V	3658	5944	2013-12-30 00:00:00
V	3659	14820	2013-07-29 00:00:00
V	3660	8077	2013-05-05 00:00:00
V	3661	14318	2013-11-29 00:00:00
V	3662	9743	2012-09-11 00:00:00
V	3663	12656	2014-03-08 00:00:00
V	3664	10945	2013-10-24 00:00:00
V	3665	4066	2013-07-04 00:00:00
V	3666	1807	2014-03-25 00:00:00
V	3667	897	2014-02-22 00:00:00
V	3668	5812	2013-03-31 00:00:00
V	3669	18726	2014-02-18 00:00:00
V	3670	6051	2014-02-22 00:00:00
V	3671	13060	2014-04-07 00:00:00
V	3672	7421	2013-07-23 00:00:00
V	3673	3491	2013-11-27 00:00:00
V	3674	12530	2014-01-26 00:00:00
V	3675	12681	2012-02-05 00:00:00
V	3676	11165	2014-04-28 00:00:00
V	3677	14107	2013-11-20 00:00:00
V	3678	11784	2014-02-26 00:00:00
V	3679	16949	2011-06-06 00:00:00
V	3680	915	2013-12-15 00:00:00
V	3681	2518	2013-07-18 00:00:00
V	3682	3807	2011-12-08 00:00:00
V	3683	14137	2014-02-18 00:00:00
V	3684	11463	2012-11-10 00:00:00
V	3685	4902	2013-10-08 00:00:00
V	3686	14602	2013-07-11 00:00:00
V	3687	17632	2013-10-25 00:00:00
V	3688	8688	2013-07-18 00:00:00
V	3689	13874	2012-01-01 00:00:00
V	3690	14870	2012-04-18 00:00:00
V	3691	19187	2014-06-06 00:00:00
V	3692	9088	2014-05-24 00:00:00
V	3693	10025	2013-08-07 00:00:00
V	3694	8737	2014-02-07 00:00:00
V	3695	8495	2012-07-17 00:00:00
V	3696	3109	2011-09-08 00:00:00
V	3697	14477	2013-10-22 00:00:00
V	3698	17459	2012-04-02 00:00:00
V	3699	14620	2014-02-06 00:00:00
V	3700	6519	2013-12-17 00:00:00
V	3701	11148	2014-03-18 00:00:00
V	3702	5125	2013-07-05 00:00:00
V	3703	18797	2013-10-08 00:00:00
V	3704	1853	2014-06-27 00:00:00
V	3705	5899	2013-11-24 00:00:00
V	3706	5753	2014-04-29 00:00:00
V	3707	16861	2012-05-05 00:00:00
V	3708	5120	2013-12-12 00:00:00
V	3709	5547	2013-11-06 00:00:00
V	3710	13733	2013-02-24 00:00:00
V	3711	14245	2012-07-16 00:00:00
V	3712	11478	2013-02-16 00:00:00
V	3713	7149	2013-11-13 00:00:00
V	3714	9204	2013-08-01 00:00:00
V	3715	4022	2013-07-25 00:00:00
V	3716	1238	2013-11-15 00:00:00
V	3717	18342	2014-03-17 00:00:00
V	3718	12330	2014-04-20 00:00:00
V	3719	16630	2014-03-31 00:00:00
V	3720	4880	2013-10-22 00:00:00
V	3721	18192	2014-03-02 00:00:00
V	3722	3701	2013-07-08 00:00:00
V	3723	7240	2013-11-09 00:00:00
V	3724	3165	2012-03-13 00:00:00
V	3725	12004	2013-08-31 00:00:00
V	3726	17378	2013-08-15 00:00:00
V	3727	16514	2013-10-16 00:00:00
V	3728	13836	2014-01-20 00:00:00
V	3729	8447	2013-08-12 00:00:00
V	3730	3092	2012-04-07 00:00:00
V	3731	11261	2013-11-27 00:00:00
V	3732	4795	2014-06-05 00:00:00
V	3733	13178	2014-01-04 00:00:00
V	3734	11060	2013-05-18 00:00:00
V	3735	15005	2013-09-12 00:00:00
V	3736	18688	2014-06-15 00:00:00
V	3737	13067	2013-07-09 00:00:00
V	3738	14212	2014-03-09 00:00:00
V	3739	4968	2012-08-16 00:00:00
V	3740	7723	2014-01-28 00:00:00
V	3741	15912	2013-10-29 00:00:00
V	3742	7249	2013-12-29 00:00:00
V	3743	16112	2013-01-02 00:00:00
V	3744	17797	2014-05-22 00:00:00
V	3745	18368	2012-11-03 00:00:00
V	3746	5100	2014-02-27 00:00:00
V	3747	3056	2013-07-22 00:00:00
V	3748	17815	2013-10-11 00:00:00
V	3749	16795	2011-10-27 00:00:00
V	3750	1288	2011-10-04 00:00:00
V	3751	19122	2013-12-29 00:00:00
V	3752	2127	2014-04-16 00:00:00
V	3753	3887	2014-03-31 00:00:00
V	3754	15693	2012-01-22 00:00:00
V	3755	11226	2013-07-27 00:00:00
V	3756	12828	2014-03-13 00:00:00
V	3757	9201	2014-01-05 00:00:00
V	3758	15792	2013-05-18 00:00:00
V	3759	7238	2014-03-23 00:00:00
V	3760	8985	2012-12-15 00:00:00
V	3761	13585	2013-09-22 00:00:00
V	3762	4013	2014-04-19 00:00:00
V	3763	147	2013-10-03 00:00:00
V	3764	2753	2012-12-27 00:00:00
V	3765	9802	2013-04-19 00:00:00
V	3766	9285	2011-11-14 00:00:00
V	3767	6339	2012-11-10 00:00:00
V	3768	6615	2013-08-21 00:00:00
V	3769	8189	2014-02-17 00:00:00
V	3770	16160	2012-04-22 00:00:00
V	3771	18599	2013-11-03 00:00:00
V	3772	3908	2013-08-11 00:00:00
V	3773	6616	2013-08-04 00:00:00
V	3774	18254	2013-11-02 00:00:00
V	3775	342	2013-12-23 00:00:00
V	3776	13798	2013-12-28 00:00:00
V	3777	11185	2013-08-22 00:00:00
V	3778	18116	2011-12-16 00:00:00
V	3779	15123	2013-12-17 00:00:00
V	3780	15238	2013-11-16 00:00:00
V	3781	5056	2014-05-16 00:00:00
V	3782	18109	2012-07-14 00:00:00
V	3783	10256	2014-01-17 00:00:00
V	3784	862	2012-06-09 00:00:00
V	3785	5276	2012-06-25 00:00:00
V	3786	10038	2012-06-15 00:00:00
V	3787	17896	2014-05-06 00:00:00
V	3788	13192	2012-02-25 00:00:00
V	3789	14574	2011-11-04 00:00:00
V	3790	12674	2013-06-24 00:00:00
V	3791	7971	2013-10-04 00:00:00
V	3792	998	2012-11-01 00:00:00
V	3793	8463	2013-12-27 00:00:00
V	3794	8567	2014-04-19 00:00:00
V	3795	2168	2013-08-05 00:00:00
V	3796	7080	2013-11-18 00:00:00
V	3797	14098	2014-03-10 00:00:00
V	3798	16195	2014-01-12 00:00:00
V	3799	13294	2011-09-17 00:00:00
V	3800	15861	2013-07-12 00:00:00
V	3801	7782	2013-04-05 00:00:00
V	3802	8774	2013-10-16 00:00:00
V	3803	18157	2012-03-28 00:00:00
V	3804	7197	2014-04-13 00:00:00
V	3805	10992	2013-11-14 00:00:00
V	3806	11442	2013-11-05 00:00:00
V	3807	7574	2014-06-04 00:00:00
V	3808	11957	2011-10-06 00:00:00
V	3809	6916	2014-02-14 00:00:00
V	3810	11934	2013-08-03 00:00:00
V	3811	13416	2014-02-14 00:00:00
V	3812	11605	2014-05-02 00:00:00
V	3813	2895	2013-01-17 00:00:00
V	3814	12404	2014-06-27 00:00:00
V	3815	13768	2012-10-18 00:00:00
V	3816	16994	2014-05-15 00:00:00
V	3817	4031	2013-08-08 00:00:00
V	3818	6828	2012-04-16 00:00:00
V	3819	2865	2013-12-05 00:00:00
V	3820	15643	2012-12-01 00:00:00
V	3821	5357	2013-05-19 00:00:00
V	3822	4043	2013-10-24 00:00:00
V	3823	12724	2013-07-21 00:00:00
V	3824	3257	2012-09-01 00:00:00
V	3825	5729	2013-07-31 00:00:00
V	3826	8193	2014-04-12 00:00:00
V	3827	17780	2011-09-26 00:00:00
V	3828	3458	2013-02-25 00:00:00
V	3829	4945	2013-09-23 00:00:00
V	3830	19137	2012-10-06 00:00:00
V	3831	7596	2012-03-14 00:00:00
V	3832	1157	2011-10-17 00:00:00
V	3833	1410	2012-08-18 00:00:00
V	3834	13397	2012-03-31 00:00:00
V	3835	12468	2012-05-27 00:00:00
V	3836	1899	2013-07-12 00:00:00
V	3837	15858	2014-03-22 00:00:00
V	3838	17568	2013-08-14 00:00:00
V	3839	10527	2013-07-27 00:00:00
V	3840	14349	2014-06-14 00:00:00
V	3841	10171	2012-12-06 00:00:00
V	3842	316	2013-07-08 00:00:00
V	3843	15049	2013-11-05 00:00:00
V	3844	2241	2013-09-30 00:00:00
V	3845	11636	2013-09-06 00:00:00
V	3846	14664	2014-04-04 00:00:00
V	3847	52	2013-04-23 00:00:00
V	3848	14824	2013-07-15 00:00:00
V	3849	7103	2013-10-09 00:00:00
V	3850	15153	2013-09-10 00:00:00
V	3851	863	2014-06-10 00:00:00
V	3852	9211	2014-02-26 00:00:00
V	3853	12761	2013-08-07 00:00:00
V	3854	13563	2014-04-01 00:00:00
V	3855	205	2012-08-15 00:00:00
V	3856	14531	2014-02-19 00:00:00
V	3857	2844	2013-10-15 00:00:00
V	3858	3799	2014-05-13 00:00:00
V	3859	6799	2013-06-30 00:00:00
V	3860	14752	2011-06-25 00:00:00
V	3861	5851	2012-12-21 00:00:00
V	3862	7400	2013-11-30 00:00:00
V	3863	11272	2013-07-29 00:00:00
V	3864	988	2011-09-27 00:00:00
V	3865	1481	2014-03-16 00:00:00
V	3866	10335	2013-07-30 00:00:00
V	3867	6654	2013-10-27 00:00:00
V	3868	7391	2013-11-09 00:00:00
V	3869	15139	2013-11-04 00:00:00
V	3870	10284	2013-09-22 00:00:00
V	3871	16370	2013-07-15 00:00:00
V	3872	908	2014-01-29 00:00:00
V	3873	6315	2013-12-12 00:00:00
V	3874	6572	2014-01-18 00:00:00
V	3875	11550	2014-01-08 00:00:00
V	3876	4647	2013-06-17 00:00:00
V	3877	17803	2014-06-17 00:00:00
V	3878	1546	2011-06-11 00:00:00
V	3879	12896	2014-03-13 00:00:00
V	3880	16693	2012-03-18 00:00:00
V	3881	305	2014-06-22 00:00:00
V	3882	3277	2014-01-19 00:00:00
V	3883	10580	2012-06-17 00:00:00
V	3884	7483	2013-11-13 00:00:00
V	3885	2191	2013-05-16 00:00:00
V	3886	16642	2013-09-13 00:00:00
V	3887	7095	2013-06-15 00:00:00
V	3888	14111	2011-08-19 00:00:00
V	3889	726	2013-10-31 00:00:00
V	3890	8497	2014-03-15 00:00:00
V	3891	6061	2013-12-27 00:00:00
V	3892	8028	2014-05-09 00:00:00
V	3893	3279	2011-10-15 00:00:00
V	3894	15469	2014-02-01 00:00:00
V	3895	2907	2013-12-24 00:00:00
V	3896	4076	2013-03-01 00:00:00
V	3897	6591	2014-03-30 00:00:00
V	3898	11311	2012-10-24 00:00:00
V	3899	8177	2011-08-05 00:00:00
V	3900	12625	2014-04-02 00:00:00
V	3901	5555	2014-04-13 00:00:00
V	3902	10675	2013-09-07 00:00:00
V	3903	2952	2013-07-29 00:00:00
V	3904	2889	2014-05-12 00:00:00
V	3905	17351	2012-11-17 00:00:00
V	3906	15408	2014-02-24 00:00:00
V	3907	4442	2013-06-24 00:00:00
V	3908	11525	2014-04-27 00:00:00
V	3909	13920	2014-03-23 00:00:00
V	3910	15103	2013-05-25 00:00:00
V	3911	13438	2014-05-22 00:00:00
V	3912	16783	2014-04-11 00:00:00
V	3913	11551	2014-03-23 00:00:00
V	3914	16091	2013-12-15 00:00:00
V	3915	15224	2012-10-29 00:00:00
V	3916	10772	2013-07-04 00:00:00
V	3917	14197	2014-02-20 00:00:00
V	3918	18104	2014-03-15 00:00:00
V	3919	10916	2014-04-01 00:00:00
V	3920	16080	2012-05-26 00:00:00
V	3921	7418	2012-05-11 00:00:00
V	3922	12769	2014-01-21 00:00:00
V	3923	8216	2013-09-26 00:00:00
V	3924	15308	2012-08-13 00:00:00
V	3925	13247	2013-11-09 00:00:00
V	3926	947	2013-05-11 00:00:00
V	3927	2440	2013-05-14 00:00:00
V	3928	10319	2013-08-13 00:00:00
V	3929	6312	2014-02-21 00:00:00
V	3930	5440	2014-05-22 00:00:00
V	3931	12768	2012-07-14 00:00:00
V	3932	16037	2013-08-13 00:00:00
V	3933	18778	2012-05-22 00:00:00
V	3934	409	2013-02-21 00:00:00
V	3935	8048	2014-03-18 00:00:00
V	3936	6888	2011-12-13 00:00:00
V	3937	14685	2012-03-30 00:00:00
V	3938	18795	2013-10-05 00:00:00
V	3939	2308	2013-04-14 00:00:00
V	3940	2912	2014-05-31 00:00:00
V	3941	4629	2013-03-05 00:00:00
V	3942	18840	2014-04-18 00:00:00
V	3943	3212	2013-09-22 00:00:00
V	3944	18405	2013-07-07 00:00:00
V	3945	13858	2012-03-16 00:00:00
V	3946	11336	2014-04-04 00:00:00
V	3947	8862	2012-11-17 00:00:00
V	3948	12465	2012-11-15 00:00:00
V	3949	11896	2013-11-08 00:00:00
V	3950	18357	2013-05-31 00:00:00
V	3951	15822	2013-09-11 00:00:00
V	3952	10782	2013-03-23 00:00:00
V	3953	12305	2014-05-28 00:00:00
V	3954	6516	2014-04-04 00:00:00
V	3955	253	2013-04-29 00:00:00
V	3956	10702	2014-05-28 00:00:00
V	3957	548	2014-01-04 00:00:00
V	3958	8023	2014-01-25 00:00:00
V	3959	12236	2013-09-18 00:00:00
V	3960	18941	2011-10-16 00:00:00
V	3961	1043	2014-03-11 00:00:00
V	3962	9177	2012-10-30 00:00:00
V	3963	6233	2014-06-13 00:00:00
V	3964	3659	2014-03-09 00:00:00
V	3965	16638	2014-03-04 00:00:00
V	3966	12521	2014-02-18 00:00:00
V	3967	19060	2013-11-09 00:00:00
V	3968	747	2014-01-14 00:00:00
V	3969	2190	2011-07-24 00:00:00
V	3970	6690	2013-11-08 00:00:00
V	3971	11575	2013-02-22 00:00:00
V	3972	9205	2013-07-09 00:00:00
V	3973	16381	2013-11-05 00:00:00
V	3974	16150	2014-01-07 00:00:00
V	3975	14227	2014-05-05 00:00:00
V	3976	7253	2014-03-18 00:00:00
V	3977	11267	2013-11-19 00:00:00
V	3978	13120	2011-10-11 00:00:00
V	3979	12082	2012-05-09 00:00:00
V	3980	11031	2013-08-24 00:00:00
V	3981	15681	2013-08-18 00:00:00
V	3982	18581	2013-09-06 00:00:00
V	3983	13386	2014-05-27 00:00:00
V	3984	7000	2014-04-16 00:00:00
V	3985	8798	2013-01-20 00:00:00
V	3986	679	2012-08-13 00:00:00
V	3987	9537	2012-12-22 00:00:00
V	3988	6431	2014-01-27 00:00:00
V	3989	6823	2013-07-14 00:00:00
V	3990	17261	2014-02-18 00:00:00
V	3991	9219	2014-03-25 00:00:00
V	3992	2290	2013-12-27 00:00:00
V	3993	14852	2011-11-23 00:00:00
V	3994	1958	2014-05-14 00:00:00
V	3995	16562	2013-05-29 00:00:00
V	3996	10157	2014-05-30 00:00:00
V	3997	15299	2014-03-30 00:00:00
V	3998	9072	2013-11-12 00:00:00
V	3999	12281	2013-02-06 00:00:00
V	4000	488	2014-02-02 00:00:00
V	4001	2995	2013-07-13 00:00:00
V	4002	16393	2014-01-05 00:00:00
V	4003	4679	2011-06-11 00:00:00
V	4004	11695	2013-04-30 00:00:00
V	4005	9719	2013-07-07 00:00:00
V	4006	15271	2012-12-08 00:00:00
V	4007	6521	2013-05-19 00:00:00
V	4008	6624	2013-07-14 00:00:00
V	4009	4080	2013-12-19 00:00:00
V	4010	4780	2013-11-22 00:00:00
V	4011	14063	2013-08-15 00:00:00
V	4012	9444	2013-07-13 00:00:00
V	4013	4401	2013-09-29 00:00:00
V	4014	16544	2014-05-03 00:00:00
V	4015	2124	2014-05-24 00:00:00
V	4016	5230	2011-10-05 00:00:00
V	4017	18118	2013-08-26 00:00:00
V	4018	11895	2012-12-20 00:00:00
V	4019	4065	2012-05-14 00:00:00
V	4020	8341	2014-04-22 00:00:00
V	4021	13926	2012-11-29 00:00:00
V	4022	3444	2014-04-21 00:00:00
V	4023	684	2014-02-17 00:00:00
V	4024	13417	2013-08-26 00:00:00
V	4025	15613	2012-07-24 00:00:00
V	4026	15608	2014-05-25 00:00:00
V	4027	827	2013-07-13 00:00:00
V	4028	14764	2011-12-15 00:00:00
V	4029	9105	2013-11-16 00:00:00
V	4030	15719	2013-12-14 00:00:00
V	4031	18764	2012-01-24 00:00:00
V	4032	19173	2013-09-01 00:00:00
V	4033	8878	2013-12-02 00:00:00
V	4034	196	2014-05-22 00:00:00
V	4035	3918	2014-03-20 00:00:00
V	4036	10361	2014-06-21 00:00:00
V	4037	24	2013-08-21 00:00:00
V	4038	16572	2013-10-18 00:00:00
V	4039	1848	2012-12-28 00:00:00
V	4040	2167	2014-03-15 00:00:00
V	4041	13132	2014-01-12 00:00:00
V	4042	14853	2013-07-16 00:00:00
V	4043	7931	2011-12-28 00:00:00
V	4044	12309	2013-09-17 00:00:00
V	4045	17092	2013-12-06 00:00:00
V	4046	17702	2013-02-14 00:00:00
V	4047	16631	2014-05-27 00:00:00
V	4048	9422	2013-04-11 00:00:00
V	4049	3068	2013-10-17 00:00:00
V	4050	10350	2011-11-07 00:00:00
V	4051	4465	2013-07-21 00:00:00
V	4052	13823	2013-08-20 00:00:00
V	4053	9609	2013-08-23 00:00:00
V	4054	10535	2013-09-20 00:00:00
V	4055	17321	2013-11-02 00:00:00
V	4056	854	2014-04-11 00:00:00
V	4057	9988	2013-07-09 00:00:00
V	4058	17346	2012-10-29 00:00:00
V	4059	14344	2012-06-27 00:00:00
V	4060	18898	2013-09-22 00:00:00
V	4061	10131	2013-12-10 00:00:00
V	4062	2946	2012-11-10 00:00:00
V	4063	7788	2013-09-12 00:00:00
V	4064	5670	2014-05-17 00:00:00
V	4065	6155	2013-08-31 00:00:00
V	4066	7807	2014-01-17 00:00:00
V	4067	8158	2014-02-18 00:00:00
V	4068	9625	2013-11-05 00:00:00
V	4069	3517	2012-06-18 00:00:00
V	4070	16233	2014-05-08 00:00:00
V	4071	18376	2013-08-22 00:00:00
V	4072	12307	2011-11-02 00:00:00
V	4073	9083	2013-11-08 00:00:00
V	4074	10492	2013-04-30 00:00:00
V	4075	18622	2013-10-06 00:00:00
V	4076	4377	2013-09-02 00:00:00
V	4077	13297	2013-12-26 00:00:00
V	4078	3813	2014-02-28 00:00:00
V	4079	1823	2013-06-09 00:00:00
V	4080	1235	2014-01-24 00:00:00
V	4081	1029	2014-04-20 00:00:00
V	4082	14722	2012-05-17 00:00:00
V	4083	16141	2013-07-20 00:00:00
V	4084	8838	2013-11-20 00:00:00
V	4085	18542	2014-04-08 00:00:00
V	4086	13379	2014-03-31 00:00:00
V	4087	17220	2013-03-28 00:00:00
V	4088	17252	2013-12-28 00:00:00
V	4089	9899	2013-07-07 00:00:00
V	4090	9224	2013-02-22 00:00:00
V	4091	14002	2014-02-25 00:00:00
V	4092	8425	2013-07-27 00:00:00
V	4093	12873	2014-06-20 00:00:00
V	4094	17303	2011-06-28 00:00:00
V	4095	16832	2014-05-28 00:00:00
V	4096	12169	2013-10-08 00:00:00
V	4097	8846	2014-01-13 00:00:00
V	4098	10780	2011-09-01 00:00:00
V	4099	14669	2014-04-27 00:00:00
V	4100	12520	2013-10-04 00:00:00
V	4101	3414	2012-06-25 00:00:00
V	4102	9858	2012-03-28 00:00:00
V	4103	6776	2013-12-26 00:00:00
V	4104	11504	2014-02-02 00:00:00
V	4105	7615	2014-01-28 00:00:00
V	4106	18745	2013-12-06 00:00:00
V	4107	15990	2013-05-20 00:00:00
V	4108	12094	2013-12-05 00:00:00
V	4109	10629	2014-05-04 00:00:00
V	4110	2878	2012-08-02 00:00:00
V	4111	17631	2013-08-29 00:00:00
V	4112	2230	2013-05-09 00:00:00
V	4113	16259	2013-07-01 00:00:00
V	4114	5970	2014-01-30 00:00:00
V	4115	13026	2014-05-14 00:00:00
V	4116	17823	2013-10-30 00:00:00
V	4117	12009	2011-12-05 00:00:00
V	4118	16133	2013-10-09 00:00:00
V	4119	16927	2014-03-23 00:00:00
V	4120	12905	2012-03-19 00:00:00
V	4121	5045	2014-06-16 00:00:00
V	4122	16087	2011-10-08 00:00:00
V	4123	8622	2014-01-05 00:00:00
V	4124	2053	2013-08-08 00:00:00
V	4125	215	2011-11-18 00:00:00
V	4126	8854	2014-05-25 00:00:00
V	4127	11181	2013-07-04 00:00:00
V	4128	18826	2014-03-19 00:00:00
V	4129	8167	2012-06-13 00:00:00
V	4130	8913	2014-05-07 00:00:00
V	4131	1175	2013-12-30 00:00:00
V	4132	781	2013-09-19 00:00:00
V	4133	2709	2014-05-21 00:00:00
V	4134	15215	2011-08-20 00:00:00
V	4135	1504	2013-05-27 00:00:00
V	4136	8808	2013-12-18 00:00:00
V	4137	15178	2012-11-10 00:00:00
V	4138	16787	2011-12-11 00:00:00
V	4139	3417	2014-04-26 00:00:00
V	4140	16139	2014-03-27 00:00:00
V	4141	7346	2012-09-26 00:00:00
V	4142	2011	2011-10-07 00:00:00
V	4143	374	2014-05-04 00:00:00
V	4144	12378	2014-04-22 00:00:00
V	4145	13499	2013-09-14 00:00:00
V	4146	5686	2013-07-13 00:00:00
V	4147	13903	2013-11-04 00:00:00
V	4148	15044	2013-08-20 00:00:00
V	4149	17610	2014-03-17 00:00:00
V	4150	7376	2012-03-29 00:00:00
V	4151	17451	2013-11-02 00:00:00
V	4152	3024	2013-07-20 00:00:00
V	4153	11902	2013-07-30 00:00:00
V	4154	11585	2013-12-04 00:00:00
V	4155	15350	2013-01-03 00:00:00
V	4156	15600	2013-12-16 00:00:00
V	4157	6753	2011-09-21 00:00:00
V	4158	8251	2011-12-26 00:00:00
V	4159	16159	2014-02-17 00:00:00
V	4160	7893	2011-11-11 00:00:00
V	4161	2596	2013-09-01 00:00:00
V	4162	7939	2013-03-04 00:00:00
V	4163	5920	2014-06-08 00:00:00
V	4164	14376	2014-01-29 00:00:00
V	4165	7876	2013-11-06 00:00:00
V	4166	10140	2012-06-29 00:00:00
V	4167	11607	2011-08-24 00:00:00
V	4168	5945	2013-09-28 00:00:00
V	4169	1901	2013-11-06 00:00:00
V	4170	8225	2012-08-07 00:00:00
V	4171	15712	2013-09-22 00:00:00
V	4172	3469	2013-11-10 00:00:00
V	4173	5370	2014-06-14 00:00:00
V	4174	5533	2014-01-03 00:00:00
V	4175	18860	2014-03-08 00:00:00
V	4176	14727	2014-01-08 00:00:00
V	4177	1369	2013-10-08 00:00:00
V	4178	2143	2013-10-14 00:00:00
V	4179	12126	2013-08-11 00:00:00
V	4180	15823	2014-04-12 00:00:00
V	4181	6048	2012-11-01 00:00:00
V	4182	6665	2013-10-23 00:00:00
V	4183	15738	2014-03-21 00:00:00
V	4184	13671	2013-10-08 00:00:00
V	4185	6556	2013-08-07 00:00:00
V	4186	13269	2013-11-15 00:00:00
V	4187	16626	2013-07-11 00:00:00
V	4188	15214	2013-10-25 00:00:00
V	4189	808	2013-11-07 00:00:00
V	4190	2981	2013-07-07 00:00:00
V	4191	7118	2013-02-04 00:00:00
V	4192	8708	2014-05-20 00:00:00
V	4193	14910	2013-09-26 00:00:00
V	4194	11716	2014-04-18 00:00:00
V	4195	2424	2013-09-04 00:00:00
V	4196	12935	2014-02-17 00:00:00
V	4197	1659	2012-06-25 00:00:00
V	4198	11327	2013-04-08 00:00:00
V	4199	10983	2013-08-07 00:00:00
V	4200	9994	2013-07-24 00:00:00
V	4201	6263	2014-03-06 00:00:00
V	4202	6793	2013-10-05 00:00:00
V	4203	13128	2013-05-24 00:00:00
V	4204	173	2012-10-15 00:00:00
V	4205	13181	2013-08-08 00:00:00
V	4206	18551	2013-06-20 00:00:00
V	4207	16752	2013-03-08 00:00:00
V	4208	8765	2013-10-17 00:00:00
V	4209	16126	2013-09-24 00:00:00
V	4210	10050	2012-08-26 00:00:00
V	4211	10113	2012-07-27 00:00:00
V	4212	6288	2013-08-26 00:00:00
V	4213	14230	2013-08-26 00:00:00
V	4214	13708	2013-03-19 00:00:00
V	4215	8458	2014-04-30 00:00:00
V	4216	14183	2013-01-07 00:00:00
V	4217	10896	2012-06-11 00:00:00
V	4218	18218	2014-03-26 00:00:00
V	4219	10951	2014-01-23 00:00:00
V	4220	14949	2014-03-30 00:00:00
V	4221	7787	2013-07-27 00:00:00
V	4222	13500	2013-09-28 00:00:00
V	4223	5695	2014-01-16 00:00:00
V	4224	17233	2012-08-13 00:00:00
V	4225	7377	2014-04-25 00:00:00
V	4226	5957	2013-08-09 00:00:00
V	4227	6146	2011-11-07 00:00:00
V	4228	2940	2013-11-22 00:00:00
V	4229	10912	2011-06-02 00:00:00
V	4230	8415	2012-11-05 00:00:00
V	4231	2711	2013-08-19 00:00:00
V	4232	18489	2014-05-09 00:00:00
V	4233	17650	2014-05-12 00:00:00
V	4234	7877	2013-10-17 00:00:00
V	4235	8585	2011-11-24 00:00:00
V	4236	4950	2012-11-12 00:00:00
V	4237	13668	2013-04-25 00:00:00
V	4238	2202	2014-02-24 00:00:00
V	4239	18167	2014-03-28 00:00:00
V	4240	7420	2013-07-27 00:00:00
V	4241	15646	2012-09-15 00:00:00
V	4242	1775	2013-11-05 00:00:00
V	4243	839	2012-08-20 00:00:00
V	4244	15184	2014-01-18 00:00:00
V	4245	11783	2013-06-13 00:00:00
V	4246	9095	2013-11-08 00:00:00
V	4247	9732	2013-07-27 00:00:00
V	4248	13966	2013-10-14 00:00:00
V	4249	3713	2013-11-24 00:00:00
V	4250	11188	2012-08-27 00:00:00
V	4251	16154	2014-01-20 00:00:00
V	4252	4956	2012-12-25 00:00:00
V	4253	13135	2012-08-13 00:00:00
V	4254	2223	2014-04-05 00:00:00
V	4255	6350	2014-02-25 00:00:00
V	4256	13584	2013-12-25 00:00:00
V	4257	14883	2011-08-18 00:00:00
V	4258	13369	2013-08-06 00:00:00
V	4259	14828	2013-08-11 00:00:00
V	4260	19058	2014-01-13 00:00:00
V	4261	5488	2012-03-04 00:00:00
V	4262	7720	2013-07-24 00:00:00
V	4263	13215	2014-02-06 00:00:00
V	4264	11355	2013-09-01 00:00:00
V	4265	11048	2014-03-28 00:00:00
V	4266	19138	2013-09-28 00:00:00
V	4267	6	2014-04-10 00:00:00
V	4268	1654	2013-06-27 00:00:00
V	4269	7701	2013-11-17 00:00:00
V	4270	13765	2014-05-27 00:00:00
V	4271	14204	2014-01-04 00:00:00
V	4272	18221	2013-12-04 00:00:00
V	4273	6719	2011-10-12 00:00:00
V	4274	5303	2011-10-10 00:00:00
V	4275	11247	2013-11-19 00:00:00
V	4276	16488	2011-07-31 00:00:00
V	4277	6797	2013-08-10 00:00:00
V	4278	7365	2013-09-01 00:00:00
V	4279	616	2012-07-13 00:00:00
V	4280	13277	2013-10-01 00:00:00
V	4281	18078	2013-06-06 00:00:00
V	4282	12701	2014-05-08 00:00:00
V	4283	10583	2014-04-17 00:00:00
V	4284	16215	2013-02-13 00:00:00
V	4285	7111	2014-01-19 00:00:00
V	4286	12320	2014-05-23 00:00:00
V	4287	4504	2014-04-25 00:00:00
V	4288	11447	2014-01-13 00:00:00
V	4289	2640	2011-07-23 00:00:00
V	4290	17139	2013-10-21 00:00:00
V	4291	10107	2012-12-08 00:00:00
V	4292	15311	2013-11-12 00:00:00
V	4293	7828	2013-09-07 00:00:00
V	4294	11097	2014-03-03 00:00:00
V	4295	410	2013-02-15 00:00:00
V	4296	11168	2012-03-29 00:00:00
V	4297	4924	2014-03-20 00:00:00
V	4298	9979	2014-05-11 00:00:00
V	4299	3761	2012-02-01 00:00:00
V	4300	11672	2013-09-27 00:00:00
V	4301	14276	2012-01-25 00:00:00
V	4302	3315	2014-02-01 00:00:00
V	4303	18571	2014-03-17 00:00:00
V	4304	3459	2013-05-25 00:00:00
V	4305	13163	2013-12-30 00:00:00
V	4306	9027	2014-05-23 00:00:00
V	4307	6907	2014-04-13 00:00:00
V	4308	12669	2012-10-23 00:00:00
V	4309	351	2012-10-19 00:00:00
V	4310	7511	2013-08-27 00:00:00
V	4311	1109	2013-06-30 00:00:00
V	4312	10987	2012-11-14 00:00:00
V	4313	6691	2012-01-02 00:00:00
V	4314	8568	2013-11-04 00:00:00
V	4315	18864	2014-01-08 00:00:00
V	4316	7585	2014-06-07 00:00:00
V	4317	10634	2012-11-12 00:00:00
V	4318	9300	2013-08-25 00:00:00
V	4319	15314	2012-04-10 00:00:00
V	4320	14391	2014-06-07 00:00:00
V	4321	3998	2014-04-27 00:00:00
V	4322	15482	2014-06-02 00:00:00
V	4323	4603	2013-11-09 00:00:00
V	4324	15300	2012-07-26 00:00:00
V	4325	12713	2013-09-03 00:00:00
V	4326	5816	2014-05-23 00:00:00
V	4327	4820	2013-08-31 00:00:00
V	4328	5591	2014-04-03 00:00:00
V	4329	10990	2012-08-01 00:00:00
V	4330	9382	2011-12-01 00:00:00
V	4331	10711	2012-07-19 00:00:00
V	4332	6746	2014-04-01 00:00:00
V	4333	3450	2014-02-13 00:00:00
V	4334	7663	2013-11-09 00:00:00
V	4335	8416	2014-02-22 00:00:00
V	4336	8741	2014-02-17 00:00:00
V	4337	6518	2013-10-19 00:00:00
V	4338	7307	2014-01-07 00:00:00
V	4339	12344	2014-05-01 00:00:00
V	4340	3096	2013-10-30 00:00:00
V	4341	12833	2013-01-30 00:00:00
V	4342	10447	2014-05-22 00:00:00
V	4343	19189	2013-12-21 00:00:00
V	4344	18497	2012-10-29 00:00:00
V	4345	9342	2013-07-12 00:00:00
V	4346	7304	2013-10-04 00:00:00
V	4347	10236	2014-02-14 00:00:00
V	4348	5896	2014-04-04 00:00:00
V	4349	13755	2013-01-24 00:00:00
V	4350	6505	2014-03-06 00:00:00
V	4351	9916	2011-06-20 00:00:00
V	4352	6800	2014-04-02 00:00:00
V	4353	10996	2013-10-30 00:00:00
V	4354	1078	2014-04-13 00:00:00
V	4355	12631	2013-09-06 00:00:00
V	4356	13452	2014-06-11 00:00:00
V	4357	11688	2012-03-06 00:00:00
V	4358	15871	2014-05-25 00:00:00
V	4359	6927	2013-12-25 00:00:00
V	4360	16490	2014-03-13 00:00:00
V	4361	7163	2013-08-12 00:00:00
V	4362	18851	2012-03-29 00:00:00
V	4363	12120	2012-02-15 00:00:00
V	4364	7412	2013-07-05 00:00:00
V	4365	2595	2011-12-12 00:00:00
V	4366	10960	2013-07-06 00:00:00
V	4367	7011	2013-07-15 00:00:00
V	4368	14981	2014-02-26 00:00:00
V	4369	8314	2013-04-26 00:00:00
V	4370	13729	2011-11-11 00:00:00
V	4371	1576	2014-01-19 00:00:00
V	4372	4400	2014-05-21 00:00:00
V	4373	7775	2013-07-20 00:00:00
V	4374	18054	2014-01-17 00:00:00
V	4375	12680	2014-05-02 00:00:00
V	4376	4690	2013-07-25 00:00:00
V	4377	5840	2014-03-10 00:00:00
V	4378	9129	2013-07-20 00:00:00
V	4379	10210	2013-10-06 00:00:00
V	4380	1376	2013-12-16 00:00:00
V	4381	3883	2011-11-22 00:00:00
V	4382	7559	2011-11-28 00:00:00
V	4383	1617	2013-09-21 00:00:00
V	4384	14325	2014-03-11 00:00:00
V	4385	15532	2012-06-01 00:00:00
V	4386	10806	2013-12-07 00:00:00
V	4387	2038	2013-09-16 00:00:00
V	4388	18124	2013-11-30 00:00:00
V	4389	9419	2013-01-14 00:00:00
V	4390	9378	2013-11-29 00:00:00
V	4391	17798	2014-03-18 00:00:00
V	4392	10765	2011-12-21 00:00:00
V	4393	1702	2013-08-24 00:00:00
V	4394	13589	2011-09-11 00:00:00
V	4395	10406	2011-10-18 00:00:00
V	4396	513	2013-03-03 00:00:00
V	4397	12433	2014-03-05 00:00:00
V	4398	13973	2014-02-25 00:00:00
V	4399	16148	2014-04-07 00:00:00
V	4400	11976	2014-02-10 00:00:00
V	4401	3138	2014-06-18 00:00:00
V	4402	17335	2013-07-12 00:00:00
V	4403	7767	2013-05-27 00:00:00
V	4404	4740	2014-05-09 00:00:00
V	4405	787	2014-03-03 00:00:00
V	4406	18614	2013-08-05 00:00:00
V	4407	9510	2014-04-07 00:00:00
V	4408	12472	2014-06-09 00:00:00
V	4409	4947	2011-07-12 00:00:00
V	4410	1455	2014-04-25 00:00:00
V	4411	14875	2013-11-03 00:00:00
V	4412	16326	2013-08-04 00:00:00
V	4413	16179	2013-09-04 00:00:00
V	4414	2171	2014-01-02 00:00:00
V	4415	10566	2012-11-05 00:00:00
V	4416	13409	2013-02-08 00:00:00
V	4417	4936	2011-10-17 00:00:00
V	4418	12959	2014-04-23 00:00:00
V	4419	3776	2014-03-23 00:00:00
V	4420	13070	2013-11-24 00:00:00
V	4421	11280	2012-10-11 00:00:00
V	4422	16176	2013-10-21 00:00:00
V	4423	6935	2013-12-05 00:00:00
V	4424	14188	2014-05-09 00:00:00
V	4425	10081	2013-05-20 00:00:00
V	4426	3347	2013-10-25 00:00:00
V	4427	4988	2013-11-13 00:00:00
V	4428	10640	2014-02-18 00:00:00
V	4429	19126	2013-10-19 00:00:00
V	4430	4437	2014-05-27 00:00:00
V	4431	12566	2012-01-30 00:00:00
V	4432	11297	2014-06-19 00:00:00
V	4433	6617	2013-04-11 00:00:00
V	4434	14297	2013-12-08 00:00:00
V	4435	1545	2013-07-17 00:00:00
V	4436	5360	2013-01-29 00:00:00
V	4437	11461	2013-10-31 00:00:00
V	4438	5660	2011-07-30 00:00:00
V	4439	10480	2013-02-01 00:00:00
V	4440	15831	2013-01-18 00:00:00
V	4441	17765	2013-09-14 00:00:00
V	4442	536	2014-02-12 00:00:00
V	4443	9518	2013-07-08 00:00:00
V	4444	6035	2013-07-26 00:00:00
V	4445	1137	2014-03-11 00:00:00
V	4446	8511	2011-11-04 00:00:00
V	4447	10905	2013-12-11 00:00:00
V	4448	16454	2014-06-23 00:00:00
V	4449	4206	2013-03-19 00:00:00
V	4450	1597	2014-04-04 00:00:00
V	4451	16860	2012-08-10 00:00:00
V	4452	9220	2013-10-08 00:00:00
V	4453	18095	2013-10-21 00:00:00
V	4454	12170	2013-11-03 00:00:00
V	4455	16168	2014-01-08 00:00:00
V	4456	15687	2014-03-07 00:00:00
V	4457	16422	2014-04-29 00:00:00
V	4458	17810	2011-07-18 00:00:00
V	4459	15281	2012-11-25 00:00:00
V	4460	8452	2014-03-11 00:00:00
V	4461	10199	2011-07-26 00:00:00
V	4462	2820	2013-09-28 00:00:00
V	4463	4482	2013-12-16 00:00:00
V	4464	11039	2012-06-18 00:00:00
V	4465	18417	2013-11-27 00:00:00
V	4466	11122	2012-11-05 00:00:00
V	4467	4999	2013-02-18 00:00:00
V	4468	16965	2014-05-08 00:00:00
V	4469	17526	2014-05-15 00:00:00
V	4470	5486	2013-02-13 00:00:00
V	4471	14897	2013-12-28 00:00:00
V	4472	13073	2013-12-17 00:00:00
V	4473	566	2013-08-01 00:00:00
V	4474	2554	2012-02-27 00:00:00
V	4475	11623	2014-05-24 00:00:00
V	4476	3898	2011-12-25 00:00:00
V	4477	780	2014-01-29 00:00:00
V	4478	12046	2014-02-19 00:00:00
V	4479	6010	2013-11-24 00:00:00
V	4480	2362	2014-02-25 00:00:00
V	4481	10562	2013-11-27 00:00:00
V	4482	16452	2014-03-24 00:00:00
V	4483	8253	2014-02-28 00:00:00
V	4484	692	2013-04-04 00:00:00
V	4485	8632	2011-07-21 00:00:00
V	4486	3383	2014-04-04 00:00:00
V	4487	18431	2013-10-29 00:00:00
V	4488	6988	2013-12-06 00:00:00
V	4489	2178	2011-11-12 00:00:00
V	4490	860	2014-04-23 00:00:00
V	4491	893	2014-01-27 00:00:00
V	4492	1742	2013-11-21 00:00:00
V	4493	3463	2013-09-16 00:00:00
V	4494	6759	2014-04-04 00:00:00
V	4495	1037	2013-11-11 00:00:00
V	4496	14082	2013-08-25 00:00:00
V	4497	2183	2014-02-18 00:00:00
V	4498	1116	2013-10-05 00:00:00
V	4499	6232	2014-06-11 00:00:00
V	4500	3323	2011-12-11 00:00:00
V	4501	14674	2014-01-16 00:00:00
V	4502	13262	2014-05-06 00:00:00
V	4503	14472	2014-04-09 00:00:00
V	4504	11077	2014-01-07 00:00:00
V	4505	15207	2012-11-21 00:00:00
V	4506	14560	2014-05-17 00:00:00
V	4507	17524	2014-01-04 00:00:00
V	4508	6335	2014-02-04 00:00:00
V	4509	8787	2013-11-19 00:00:00
V	4510	3757	2013-06-10 00:00:00
V	4511	4621	2013-03-31 00:00:00
V	4512	15315	2013-04-25 00:00:00
V	4513	14039	2013-11-24 00:00:00
V	4514	4978	2013-08-08 00:00:00
V	4515	11334	2013-07-01 00:00:00
V	4516	18241	2011-08-19 00:00:00
V	4517	2539	2014-04-20 00:00:00
V	4518	10379	2013-12-26 00:00:00
V	4519	11106	2014-02-24 00:00:00
V	4520	11767	2012-08-31 00:00:00
V	4521	13950	2014-03-14 00:00:00
V	4522	9796	2012-06-20 00:00:00
V	4523	3690	2013-11-10 00:00:00
V	4524	18770	2013-09-20 00:00:00
V	4525	3410	2013-08-17 00:00:00
V	4526	18695	2012-03-27 00:00:00
V	4527	17793	2012-04-13 00:00:00
V	4528	7155	2013-01-26 00:00:00
V	4529	804	2013-08-24 00:00:00
V	4530	15880	2014-06-13 00:00:00
V	4531	3919	2014-02-17 00:00:00
V	4532	1636	2013-07-04 00:00:00
V	4533	6199	2013-12-23 00:00:00
V	4534	16627	2014-04-30 00:00:00
V	4535	5929	2012-07-13 00:00:00
V	4536	1711	2014-02-22 00:00:00
V	4537	10518	2014-06-18 00:00:00
V	4538	13904	2013-10-04 00:00:00
V	4539	8439	2014-06-16 00:00:00
V	4540	15402	2012-01-05 00:00:00
V	4541	8797	2012-03-01 00:00:00
V	4542	17936	2014-02-26 00:00:00
V	4543	50	2014-06-15 00:00:00
V	4544	7114	2013-11-11 00:00:00
V	4545	13774	2012-11-16 00:00:00
V	4546	2628	2012-09-28 00:00:00
V	4547	2790	2014-04-02 00:00:00
V	4548	10003	2012-11-09 00:00:00
V	4549	12600	2013-07-26 00:00:00
V	4550	3861	2014-06-01 00:00:00
V	4551	4935	2013-08-14 00:00:00
V	4552	13728	2012-05-18 00:00:00
V	4553	3032	2013-10-15 00:00:00
V	4554	17651	2014-04-15 00:00:00
V	4555	3104	2013-11-22 00:00:00
V	4556	12369	2013-02-09 00:00:00
V	4557	14946	2013-11-27 00:00:00
V	4558	2982	2013-11-18 00:00:00
V	4559	15996	2014-03-18 00:00:00
V	4560	6225	2014-04-25 00:00:00
V	4561	12928	2013-05-20 00:00:00
V	4562	16151	2013-04-07 00:00:00
V	4563	15295	2014-03-28 00:00:00
V	4564	16893	2014-05-27 00:00:00
V	4565	3821	2013-11-10 00:00:00
V	4566	13835	2013-10-01 00:00:00
V	4567	1021	2013-02-13 00:00:00
V	4568	19125	2013-11-07 00:00:00
V	4569	9190	2014-05-06 00:00:00
V	4570	4420	2014-05-19 00:00:00
V	4571	11616	2013-05-23 00:00:00
V	4572	15009	2011-11-12 00:00:00
V	4573	280	2013-12-07 00:00:00
V	4574	127	2012-09-12 00:00:00
V	4575	3522	2013-09-23 00:00:00
V	4576	9729	2014-03-17 00:00:00
V	4577	4253	2013-10-07 00:00:00
V	4578	8096	2013-03-21 00:00:00
V	4579	9193	2013-04-10 00:00:00
V	4580	443	2013-06-15 00:00:00
V	4581	6757	2014-01-01 00:00:00
V	4582	19008	2014-05-04 00:00:00
V	4583	4360	2014-06-30 00:00:00
V	4584	216	2011-11-05 00:00:00
V	4585	5874	2013-08-10 00:00:00
V	4586	15748	2013-06-18 00:00:00
V	4587	2092	2014-06-21 00:00:00
V	4588	15870	2013-12-14 00:00:00
V	4589	11846	2011-10-30 00:00:00
V	4590	18090	2013-09-29 00:00:00
V	4591	16601	2013-09-28 00:00:00
V	4592	13494	2011-12-04 00:00:00
V	4593	18862	2013-09-13 00:00:00
V	4594	1835	2014-04-22 00:00:00
V	4595	6889	2013-07-25 00:00:00
V	4596	14328	2014-03-15 00:00:00
V	4597	7573	2013-11-10 00:00:00
V	4598	4431	2012-07-29 00:00:00
V	4599	9470	2013-11-13 00:00:00
V	4600	12256	2014-05-08 00:00:00
V	4601	7460	2014-02-06 00:00:00
V	4602	16340	2013-07-03 00:00:00
V	4603	496	2013-12-24 00:00:00
V	4604	15119	2013-09-07 00:00:00
V	4605	11084	2013-09-05 00:00:00
V	4606	1979	2013-03-22 00:00:00
V	4607	16706	2013-10-25 00:00:00
V	4608	2825	2014-01-20 00:00:00
V	4609	15317	2013-08-07 00:00:00
V	4610	6982	2014-03-24 00:00:00
V	4611	4825	2013-04-06 00:00:00
V	4612	18590	2012-06-11 00:00:00
V	4613	793	2013-08-06 00:00:00
V	4614	4264	2013-06-08 00:00:00
V	4615	903	2013-12-05 00:00:00
V	4616	12346	2014-05-10 00:00:00
V	4617	16018	2012-10-23 00:00:00
V	4618	11512	2013-07-22 00:00:00
V	4619	4799	2014-06-28 00:00:00
V	4620	8209	2013-07-28 00:00:00
V	4621	9033	2014-04-08 00:00:00
V	4622	11396	2013-10-09 00:00:00
V	4623	16667	2012-08-29 00:00:00
V	4624	14150	2013-09-18 00:00:00
V	4625	14304	2012-02-21 00:00:00
V	4626	13206	2013-11-14 00:00:00
V	4627	8391	2012-04-14 00:00:00
V	4628	18331	2013-10-09 00:00:00
V	4629	17007	2013-07-05 00:00:00
V	4630	9703	2014-03-09 00:00:00
V	4631	6658	2012-10-12 00:00:00
V	4632	13136	2012-08-01 00:00:00
V	4633	940	2013-01-21 00:00:00
V	4634	18230	2014-05-18 00:00:00
V	4635	16219	2014-06-23 00:00:00
V	4636	10008	2012-01-18 00:00:00
V	4637	2292	2013-09-27 00:00:00
V	4638	10177	2013-12-15 00:00:00
V	4639	8680	2014-03-13 00:00:00
V	4640	4841	2013-10-27 00:00:00
V	4641	16212	2013-10-31 00:00:00
V	4642	2415	2013-07-06 00:00:00
V	4643	18965	2011-11-28 00:00:00
V	4644	1737	2013-11-27 00:00:00
V	4645	15423	2014-03-28 00:00:00
V	4646	4358	2014-05-09 00:00:00
V	4647	13680	2013-09-03 00:00:00
V	4648	4326	2012-07-06 00:00:00
V	4649	1179	2012-10-08 00:00:00
V	4650	7252	2014-06-12 00:00:00
V	4651	1676	2014-05-02 00:00:00
V	4652	8027	2013-11-13 00:00:00
V	4653	2607	2012-04-17 00:00:00
V	4654	12770	2013-11-24 00:00:00
V	4655	11578	2014-01-04 00:00:00
V	4656	13180	2013-07-24 00:00:00
V	4657	3044	2013-01-21 00:00:00
V	4658	18569	2013-07-19 00:00:00
V	4659	19009	2014-05-17 00:00:00
V	4660	10149	2014-03-11 00:00:00
V	4661	15428	2014-06-27 00:00:00
V	4662	13207	2014-01-22 00:00:00
V	4663	5717	2013-07-23 00:00:00
V	4664	12541	2013-04-30 00:00:00
V	4665	13159	2013-09-04 00:00:00
V	4666	12858	2013-03-15 00:00:00
V	4667	3532	2014-03-19 00:00:00
V	4668	11891	2013-08-23 00:00:00
V	4669	142	2014-04-08 00:00:00
V	4670	2867	2013-08-22 00:00:00
V	4671	8748	2012-10-19 00:00:00
V	4672	12463	2014-03-15 00:00:00
V	4673	11517	2014-05-01 00:00:00
V	4674	848	2014-01-24 00:00:00
V	4675	10045	2013-12-15 00:00:00
V	4676	15084	2014-04-08 00:00:00
V	4677	9308	2013-08-01 00:00:00
V	4678	2062	2013-09-04 00:00:00
V	4679	3177	2011-10-28 00:00:00
V	4680	4429	2013-12-26 00:00:00
V	4681	2908	2013-11-10 00:00:00
V	4682	19161	2013-06-24 00:00:00
V	4683	7946	2013-09-06 00:00:00
V	4684	1525	2014-04-23 00:00:00
V	4685	2023	2013-05-17 00:00:00
V	4686	1143	2014-03-16 00:00:00
V	4687	13965	2013-07-05 00:00:00
V	4688	4761	2014-03-26 00:00:00
V	4689	14095	2014-03-27 00:00:00
V	4690	13543	2014-01-04 00:00:00
V	4691	17016	2014-05-22 00:00:00
V	4692	11916	2014-03-23 00:00:00
V	4693	1352	2013-11-15 00:00:00
V	4694	18339	2014-03-31 00:00:00
V	4695	447	2014-01-30 00:00:00
V	4696	2822	2014-02-15 00:00:00
V	4697	18858	2013-12-11 00:00:00
V	4698	14920	2012-01-26 00:00:00
V	4699	1949	2012-08-28 00:00:00
V	4700	2476	2014-05-03 00:00:00
V	4701	775	2013-10-07 00:00:00
V	4702	16811	2011-10-23 00:00:00
V	4703	6103	2012-12-15 00:00:00
V	4704	5748	2013-10-15 00:00:00
V	4705	524	2013-11-05 00:00:00
V	4706	18403	2014-04-01 00:00:00
V	4707	7590	2013-09-05 00:00:00
V	4708	16256	2013-09-11 00:00:00
V	4709	16595	2014-04-15 00:00:00
V	4710	1466	2013-12-22 00:00:00
V	4711	18454	2013-10-23 00:00:00
V	4712	3950	2013-01-13 00:00:00
V	4713	12039	2011-12-03 00:00:00
V	4714	6925	2012-02-14 00:00:00
V	4715	17171	2012-11-25 00:00:00
V	4716	4111	2013-09-06 00:00:00
V	4717	5875	2014-01-23 00:00:00
V	4718	8305	2013-08-17 00:00:00
V	4719	2944	2012-03-31 00:00:00
V	4720	16074	2012-07-30 00:00:00
V	4721	7222	2014-03-31 00:00:00
V	4722	2707	2014-04-30 00:00:00
V	4723	1321	2014-03-07 00:00:00
V	4724	1776	2014-05-18 00:00:00
V	4725	2484	2012-05-09 00:00:00
V	4726	1105	2012-05-24 00:00:00
V	4727	14911	2013-11-23 00:00:00
V	4728	5348	2013-05-01 00:00:00
V	4729	12691	2014-04-06 00:00:00
V	4730	16824	2014-05-24 00:00:00
V	4731	6366	2013-07-26 00:00:00
V	4732	3716	2013-11-29 00:00:00
V	4733	5720	2012-02-25 00:00:00
V	4734	13591	2012-07-30 00:00:00
V	4735	9904	2013-05-05 00:00:00
V	4736	10746	2014-05-17 00:00:00
V	4737	3232	2014-03-19 00:00:00
V	4738	8666	2013-09-18 00:00:00
V	4739	15689	2013-01-14 00:00:00
V	4740	1535	2011-07-19 00:00:00
V	4741	16786	2014-04-14 00:00:00
V	4742	6897	2014-03-28 00:00:00
V	4743	13714	2013-12-05 00:00:00
V	4744	84	2014-03-29 00:00:00
V	4745	17450	2012-12-12 00:00:00
V	4746	15277	2013-08-04 00:00:00
V	4747	13641	2014-03-16 00:00:00
V	4748	18835	2011-11-19 00:00:00
V	4749	12262	2013-08-23 00:00:00
V	4750	11145	2013-02-26 00:00:00
V	4751	2997	2014-06-13 00:00:00
V	4752	15526	2012-06-01 00:00:00
V	4753	5869	2014-05-18 00:00:00
V	4754	10622	2013-10-11 00:00:00
V	4755	5743	2013-08-18 00:00:00
V	4756	10970	2014-05-25 00:00:00
V	4757	14593	2014-01-19 00:00:00
V	4758	10217	2014-04-07 00:00:00
V	4759	18863	2014-03-31 00:00:00
V	4760	5414	2014-06-05 00:00:00
V	4761	4026	2014-04-27 00:00:00
V	4762	10099	2014-02-17 00:00:00
V	4763	88	2014-04-20 00:00:00
V	4764	18284	2013-03-05 00:00:00
V	4765	6859	2013-07-13 00:00:00
V	4766	17729	2013-10-01 00:00:00
V	4767	1208	2014-06-26 00:00:00
V	4768	8821	2011-12-10 00:00:00
V	4769	8334	2014-05-04 00:00:00
V	4770	16705	2013-09-21 00:00:00
V	4771	8187	2014-05-10 00:00:00
V	4772	11671	2013-10-17 00:00:00
V	4773	11041	2014-01-18 00:00:00
V	4774	4197	2014-02-27 00:00:00
V	4775	12562	2013-08-30 00:00:00
V	4776	10603	2014-02-22 00:00:00
V	4777	18602	2013-07-22 00:00:00
V	4778	4930	2014-02-11 00:00:00
V	4779	12063	2013-10-14 00:00:00
V	4780	13458	2014-05-25 00:00:00
V	4781	8849	2011-10-01 00:00:00
V	4782	11198	2013-02-18 00:00:00
V	4783	17331	2014-02-02 00:00:00
V	4784	2584	2013-08-20 00:00:00
V	4785	12303	2013-07-18 00:00:00
V	4786	18498	2013-09-05 00:00:00
V	4787	5553	2012-07-27 00:00:00
V	4788	16720	2013-12-10 00:00:00
V	4789	7148	2012-12-27 00:00:00
V	4790	4522	2013-12-08 00:00:00
V	4791	5036	2013-04-12 00:00:00
V	4792	9238	2014-03-17 00:00:00
V	4793	7023	2011-09-12 00:00:00
V	4794	12023	2011-08-01 00:00:00
V	4795	18003	2014-03-14 00:00:00
V	4796	4861	2013-11-02 00:00:00
V	4797	13141	2013-04-27 00:00:00
V	4798	15174	2012-11-10 00:00:00
V	4799	7862	2014-05-25 00:00:00
V	4800	13900	2013-07-27 00:00:00
V	4801	6164	2013-10-30 00:00:00
V	4802	15499	2013-01-20 00:00:00
V	4803	14493	2014-03-10 00:00:00
V	4804	9233	2013-12-08 00:00:00
V	4805	13881	2012-04-15 00:00:00
V	4806	16250	2012-01-10 00:00:00
V	4807	13752	2013-10-12 00:00:00
V	4808	7161	2013-08-11 00:00:00
V	4809	9820	2011-07-11 00:00:00
V	4810	11505	2013-09-27 00:00:00
V	4811	7582	2014-05-09 00:00:00
V	4812	9768	2013-07-20 00:00:00
V	4813	17924	2013-12-16 00:00:00
V	4814	5675	2013-09-12 00:00:00
V	4815	4003	2013-07-18 00:00:00
V	4816	16836	2013-08-08 00:00:00
V	4817	7442	2011-06-26 00:00:00
V	4818	12841	2014-03-20 00:00:00
V	4819	5998	2011-06-05 00:00:00
V	4820	2957	2014-06-30 00:00:00
V	4821	8100	2013-07-21 00:00:00
V	4822	3661	2012-09-08 00:00:00
V	4823	3845	2014-03-22 00:00:00
V	4824	17348	2013-09-13 00:00:00
V	4825	19228	2014-04-03 00:00:00
V	4826	3777	2014-02-23 00:00:00
V	4827	10201	2013-11-23 00:00:00
V	4828	14643	2014-01-04 00:00:00
V	4829	10751	2013-10-16 00:00:00
V	4830	10352	2013-09-24 00:00:00
V	4831	15702	2014-04-26 00:00:00
V	4832	6090	2013-04-01 00:00:00
V	4833	17656	2013-08-16 00:00:00
V	4834	14935	2012-07-14 00:00:00
V	4835	17493	2014-02-13 00:00:00
V	4836	16086	2014-05-15 00:00:00
V	4837	10614	2013-07-17 00:00:00
V	4838	951	2013-10-31 00:00:00
V	4839	16407	2014-04-02 00:00:00
V	4840	3475	2013-07-08 00:00:00
V	4841	3965	2014-03-28 00:00:00
V	4842	7367	2014-01-26 00:00:00
V	4843	2590	2013-01-20 00:00:00
V	4844	4943	2013-09-06 00:00:00
V	4845	1674	2014-01-01 00:00:00
V	4846	8117	2013-01-01 00:00:00
V	4847	2782	2014-01-14 00:00:00
V	4848	2698	2011-09-22 00:00:00
V	4849	6792	2013-07-19 00:00:00
V	4850	13021	2011-10-05 00:00:00
V	4851	11199	2011-08-03 00:00:00
V	4852	8864	2011-08-02 00:00:00
V	4853	13983	2012-09-25 00:00:00
V	4854	16352	2012-06-13 00:00:00
V	4855	2233	2013-07-05 00:00:00
V	4856	12489	2013-04-02 00:00:00
V	4857	4316	2012-10-21 00:00:00
V	4858	13719	2013-07-12 00:00:00
V	4859	7914	2011-09-07 00:00:00
V	4860	7899	2013-12-01 00:00:00
V	4861	6184	2011-07-14 00:00:00
V	4862	10377	2013-11-17 00:00:00
V	4863	4609	2012-11-10 00:00:00
V	4864	10657	2013-08-18 00:00:00
V	4865	8997	2013-09-18 00:00:00
V	4866	4831	2014-04-14 00:00:00
V	4867	18179	2013-12-05 00:00:00
V	4868	16401	2012-04-07 00:00:00
V	4869	13766	2014-06-28 00:00:00
V	4870	4512	2014-02-04 00:00:00
V	4871	2925	2013-09-13 00:00:00
V	4872	4790	2012-09-05 00:00:00
V	4873	2060	2014-03-25 00:00:00
V	4874	18960	2013-09-11 00:00:00
V	4875	19073	2013-09-05 00:00:00
V	4876	13226	2013-10-02 00:00:00
V	4877	11552	2013-03-10 00:00:00
V	4878	5314	2013-07-06 00:00:00
V	4879	6883	2012-04-28 00:00:00
V	4880	12700	2013-12-29 00:00:00
V	4881	5862	2014-05-12 00:00:00
V	4882	16341	2014-04-18 00:00:00
V	4883	16177	2013-07-19 00:00:00
V	4884	11592	2014-01-13 00:00:00
V	4885	14844	2013-08-06 00:00:00
V	4886	11178	2013-03-12 00:00:00
V	4887	15422	2014-04-27 00:00:00
V	4888	9608	2014-05-22 00:00:00
V	4889	6835	2011-10-12 00:00:00
V	4890	1349	2014-02-11 00:00:00
V	4891	13875	2013-07-07 00:00:00
V	4892	12999	2012-11-27 00:00:00
V	4893	1650	2011-11-14 00:00:00
V	4894	8153	2012-02-23 00:00:00
V	4895	5612	2013-11-11 00:00:00
V	4896	2937	2013-09-30 00:00:00
V	4897	17921	2014-05-07 00:00:00
V	4898	1181	2014-01-28 00:00:00
V	4899	18383	2013-08-03 00:00:00
V	4900	11304	2013-12-11 00:00:00
V	4901	12308	2013-09-20 00:00:00
V	4902	7940	2012-05-07 00:00:00
V	4903	10946	2013-08-09 00:00:00
V	4904	7359	2014-01-13 00:00:00
V	4905	11389	2014-02-07 00:00:00
V	4906	954	2013-09-29 00:00:00
V	4907	10241	2012-05-19 00:00:00
V	4908	9275	2012-09-11 00:00:00
V	4909	317	2014-05-27 00:00:00
V	4910	14338	2011-10-08 00:00:00
V	4911	11558	2013-07-21 00:00:00
V	4912	5776	2013-05-27 00:00:00
V	4913	1561	2013-08-08 00:00:00
V	4914	8971	2011-10-02 00:00:00
V	4915	100	2014-04-05 00:00:00
V	4916	15524	2011-06-02 00:00:00
V	4917	507	2013-10-16 00:00:00
V	4918	18466	2014-03-09 00:00:00
V	4919	17705	2014-01-28 00:00:00
V	4920	16875	2014-01-16 00:00:00
V	4921	3994	2012-05-11 00:00:00
V	4922	2915	2013-07-01 00:00:00
V	4923	15772	2013-06-02 00:00:00
V	4924	6698	2013-09-14 00:00:00
V	4925	11412	2014-04-28 00:00:00
V	4926	17110	2011-06-16 00:00:00
V	4927	12438	2013-07-23 00:00:00
V	4928	13252	2013-07-26 00:00:00
V	4929	19132	2014-03-16 00:00:00
V	4930	1383	2013-12-21 00:00:00
V	4931	11989	2014-04-03 00:00:00
V	4932	12141	2012-09-19 00:00:00
V	4933	13236	2013-08-16 00:00:00
V	4934	18494	2013-08-15 00:00:00
V	4935	15781	2013-10-07 00:00:00
V	4936	7760	2013-08-03 00:00:00
V	4937	17291	2012-12-30 00:00:00
V	4938	17608	2013-08-02 00:00:00
V	4939	9318	2012-03-26 00:00:00
V	4940	6179	2011-11-18 00:00:00
V	4941	8544	2013-11-04 00:00:00
V	4942	1592	2012-02-20 00:00:00
V	4943	14333	2012-04-14 00:00:00
V	4944	10363	2013-08-15 00:00:00
V	4945	18305	2014-04-08 00:00:00
V	4946	7171	2013-07-07 00:00:00
V	4947	17564	2013-01-20 00:00:00
V	4948	12136	2014-03-29 00:00:00
V	4949	15976	2014-05-14 00:00:00
V	4950	5106	2014-04-12 00:00:00
V	4951	16295	2014-03-29 00:00:00
V	4952	645	2012-10-31 00:00:00
V	4953	13079	2013-03-11 00:00:00
V	4954	10854	2013-12-27 00:00:00
V	4955	1	2013-07-29 00:00:00
V	4956	6948	2012-08-01 00:00:00
V	4957	803	2013-03-07 00:00:00
V	4958	18902	2013-07-26 00:00:00
V	4959	17116	2014-01-06 00:00:00
V	4960	1077	2014-04-05 00:00:00
V	4961	17405	2013-09-28 00:00:00
V	4962	12360	2013-05-01 00:00:00
V	4963	16016	2014-03-24 00:00:00
V	4964	10686	2014-04-05 00:00:00
V	4965	295	2014-02-20 00:00:00
V	4966	3976	2011-07-22 00:00:00
V	4967	6990	2013-08-03 00:00:00
V	4968	6915	2013-10-29 00:00:00
V	4969	17883	2012-10-17 00:00:00
V	4970	4519	2014-05-06 00:00:00
V	4971	1919	2014-02-24 00:00:00
V	4972	10233	2013-09-28 00:00:00
V	4973	17581	2011-11-25 00:00:00
V	4974	12883	2012-02-02 00:00:00
V	4975	3027	2014-01-28 00:00:00
V	4976	14156	2014-02-25 00:00:00
V	4977	16879	2014-02-16 00:00:00
V	4978	6299	2012-02-18 00:00:00
V	4979	2128	2013-05-06 00:00:00
V	4980	11917	2014-05-17 00:00:00
V	4981	12443	2012-03-30 00:00:00
V	4982	17356	2012-04-20 00:00:00
V	4983	3688	2014-01-26 00:00:00
V	4984	14302	2011-06-08 00:00:00
V	4985	3184	2014-04-16 00:00:00
V	4986	6801	2012-11-21 00:00:00
V	4987	3424	2011-11-02 00:00:00
V	4988	10587	2014-05-08 00:00:00
V	4989	10084	2013-10-19 00:00:00
V	4990	1878	2013-09-23 00:00:00
V	4991	6849	2013-02-01 00:00:00
V	4992	8353	2013-12-01 00:00:00
V	4993	977	2011-12-19 00:00:00
V	4994	4766	2013-10-06 00:00:00
V	4995	18065	2011-11-14 00:00:00
V	4996	14235	2013-08-23 00:00:00
V	4997	14061	2013-07-29 00:00:00
V	4998	13305	2014-01-12 00:00:00
V	4999	5989	2011-12-08 00:00:00
V	5000	5171	2013-11-01 00:00:00
V	5001	5835	2013-05-01 00:00:00
V	5002	180	2012-05-30 00:00:00
V	5003	6872	2012-01-08 00:00:00
V	5004	3354	2013-11-02 00:00:00
V	5005	7465	2014-01-23 00:00:00
V	5006	15800	2013-12-29 00:00:00
V	5007	14615	2014-01-06 00:00:00
V	5008	14242	2013-11-02 00:00:00
V	5009	4125	2014-01-20 00:00:00
V	5010	6980	2013-07-03 00:00:00
V	5011	5309	2013-07-04 00:00:00
V	5012	13329	2012-10-08 00:00:00
V	5013	18183	2014-04-22 00:00:00
V	5014	9081	2013-03-02 00:00:00
V	5015	5498	2013-08-07 00:00:00
V	5016	12241	2013-06-30 00:00:00
V	5017	2874	2013-10-30 00:00:00
V	5018	15030	2013-09-08 00:00:00
V	5019	17695	2012-07-30 00:00:00
V	5020	4298	2011-10-05 00:00:00
V	5021	1890	2011-07-06 00:00:00
V	5022	18652	2013-06-04 00:00:00
V	5023	6389	2014-05-28 00:00:00
V	5024	10294	2013-10-27 00:00:00
V	5025	10169	2014-05-11 00:00:00
V	5026	10763	2013-05-24 00:00:00
V	5027	11213	2013-03-06 00:00:00
V	5028	7363	2014-05-13 00:00:00
V	5029	251	2012-01-20 00:00:00
V	5030	4440	2014-03-01 00:00:00
V	5031	16744	2012-09-20 00:00:00
V	5032	1860	2011-09-13 00:00:00
V	5033	14648	2013-11-03 00:00:00
V	5034	7912	2013-11-30 00:00:00
V	5035	13497	2011-08-31 00:00:00
V	5036	16840	2014-05-21 00:00:00
V	5037	9276	2014-01-07 00:00:00
V	5038	7313	2013-09-05 00:00:00
V	5039	6029	2014-06-25 00:00:00
V	5040	7860	2013-07-18 00:00:00
V	5041	6668	2013-11-14 00:00:00
V	5042	3941	2012-05-19 00:00:00
V	5043	7785	2014-03-17 00:00:00
V	5044	5756	2012-11-27 00:00:00
V	5045	9151	2013-02-04 00:00:00
V	5046	1240	2013-08-14 00:00:00
V	5047	2458	2014-05-26 00:00:00
V	5048	2806	2011-09-27 00:00:00
V	5049	8840	2013-12-28 00:00:00
V	5050	12890	2011-09-28 00:00:00
V	5051	1764	2012-06-04 00:00:00
V	5052	7073	2013-09-03 00:00:00
V	5053	18872	2012-11-01 00:00:00
V	5054	4170	2013-12-19 00:00:00
V	5055	9593	2013-10-14 00:00:00
V	5056	11	2014-05-04 00:00:00
V	5057	5400	2014-01-24 00:00:00
V	5058	14207	2013-08-06 00:00:00
V	5059	4078	2012-12-25 00:00:00
V	5060	372	2014-02-08 00:00:00
V	5061	1293	2013-08-17 00:00:00
V	5062	6300	2011-11-23 00:00:00
V	5063	8664	2011-12-11 00:00:00
V	5064	1204	2014-05-09 00:00:00
V	5065	11513	2013-12-10 00:00:00
V	5066	7656	2013-08-25 00:00:00
V	5067	12902	2012-06-09 00:00:00
V	5068	5455	2014-05-20 00:00:00
V	5069	10075	2013-08-22 00:00:00
V	5070	3696	2011-06-21 00:00:00
V	5071	6135	2014-01-02 00:00:00
V	5072	5364	2012-01-19 00:00:00
V	5073	2849	2014-01-19 00:00:00
V	5074	1704	2011-08-19 00:00:00
V	5075	2557	2014-05-26 00:00:00
V	5076	10837	2014-01-03 00:00:00
V	5077	13167	2014-05-19 00:00:00
V	5078	14305	2014-05-15 00:00:00
V	5079	18463	2013-07-06 00:00:00
V	5080	1746	2012-10-28 00:00:00
V	5081	17434	2013-10-29 00:00:00
V	5082	14509	2014-03-05 00:00:00
V	5083	5277	2014-01-03 00:00:00
V	5084	14053	2013-06-13 00:00:00
V	5085	5145	2012-06-28 00:00:00
V	5086	16929	2013-09-06 00:00:00
V	5087	17989	2013-08-25 00:00:00
V	5088	9821	2014-02-06 00:00:00
V	5089	8662	2014-02-23 00:00:00
V	5090	11577	2013-10-29 00:00:00
V	5091	5197	2011-11-13 00:00:00
V	5092	11514	2013-12-17 00:00:00
V	5093	17983	2012-12-08 00:00:00
V	5094	7026	2013-04-04 00:00:00
V	5095	17640	2013-09-10 00:00:00
V	5096	15426	2014-02-08 00:00:00
V	5097	3694	2013-10-02 00:00:00
V	5098	8731	2014-05-18 00:00:00
V	5099	14657	2014-01-22 00:00:00
V	5100	17064	2013-08-12 00:00:00
V	5101	18512	2014-04-11 00:00:00
V	5102	18508	2013-12-09 00:00:00
V	5103	11699	2014-05-06 00:00:00
V	5104	7827	2013-08-30 00:00:00
V	5105	16013	2014-01-12 00:00:00
V	5106	10577	2013-07-04 00:00:00
V	5107	16144	2013-10-20 00:00:00
V	5108	18142	2013-07-18 00:00:00
V	5109	3037	2014-05-27 00:00:00
V	5110	846	2012-12-07 00:00:00
V	5111	10691	2013-09-13 00:00:00
V	5112	6428	2013-06-18 00:00:00
V	5113	4635	2013-09-17 00:00:00
V	5114	6854	2011-09-11 00:00:00
V	5115	12445	2012-10-30 00:00:00
V	5116	19233	2013-11-01 00:00:00
V	5117	19090	2014-06-14 00:00:00
V	5118	4666	2013-07-01 00:00:00
V	5119	17360	2013-03-16 00:00:00
V	5120	9148	2014-02-25 00:00:00
V	5121	7504	2014-05-06 00:00:00
V	5122	9708	2011-11-12 00:00:00
V	5123	11715	2014-05-17 00:00:00
V	5124	2373	2013-11-18 00:00:00
V	5125	11002	2014-05-23 00:00:00
V	5126	15267	2013-03-24 00:00:00
V	5127	16186	2013-07-21 00:00:00
V	5128	6839	2012-12-28 00:00:00
V	5129	10599	2012-12-30 00:00:00
V	5130	14457	2014-05-10 00:00:00
V	5131	17179	2013-11-02 00:00:00
V	5132	10087	2013-07-15 00:00:00
V	5133	19129	2013-01-17 00:00:00
V	5134	3869	2013-09-20 00:00:00
V	5135	2448	2014-02-11 00:00:00
V	5136	12079	2013-08-18 00:00:00
V	5137	7786	2013-09-23 00:00:00
V	5138	4034	2013-02-15 00:00:00
V	5139	15654	2012-01-05 00:00:00
V	5140	4064	2013-08-27 00:00:00
V	5141	15108	2014-01-15 00:00:00
V	5142	13380	2013-12-13 00:00:00
V	5143	6807	2014-02-07 00:00:00
V	5144	9016	2014-04-19 00:00:00
V	5145	9534	2013-09-21 00:00:00
V	5146	10530	2014-03-08 00:00:00
V	5147	12261	2012-01-06 00:00:00
V	5148	17856	2013-07-15 00:00:00
V	5149	18545	2014-03-17 00:00:00
V	5150	18123	2014-01-29 00:00:00
V	5151	6357	2013-07-18 00:00:00
V	5152	17522	2014-04-17 00:00:00
V	5153	4839	2012-11-05 00:00:00
V	5154	8714	2013-06-10 00:00:00
V	5155	16907	2012-11-08 00:00:00
V	5156	18089	2014-03-01 00:00:00
V	5157	15474	2012-07-29 00:00:00
V	5158	125	2014-05-01 00:00:00
V	5159	6840	2014-02-18 00:00:00
V	5160	12035	2014-04-09 00:00:00
V	5161	5436	2014-01-12 00:00:00
V	5162	1032	2011-07-29 00:00:00
V	5163	8446	2013-07-08 00:00:00
V	5164	6682	2014-03-23 00:00:00
V	5165	6202	2013-07-12 00:00:00
V	5166	611	2014-04-29 00:00:00
V	5167	15893	2014-06-17 00:00:00
V	5168	14917	2013-10-24 00:00:00
V	5169	11753	2014-05-28 00:00:00
V	5170	18847	2013-11-02 00:00:00
V	5171	1945	2013-07-31 00:00:00
V	5172	12272	2013-09-01 00:00:00
V	5173	17278	2013-12-17 00:00:00
V	5174	10152	2013-12-23 00:00:00
V	5175	15660	2013-10-20 00:00:00
V	5176	7549	2014-05-22 00:00:00
V	5177	18366	2014-04-19 00:00:00
V	5178	15704	2014-04-17 00:00:00
V	5179	7883	2013-07-15 00:00:00
V	5180	7373	2012-09-09 00:00:00
V	5181	17539	2014-01-07 00:00:00
V	5182	13863	2011-12-25 00:00:00
V	5183	11236	2013-03-16 00:00:00
V	5184	5468	2014-04-06 00:00:00
V	5185	3116	2013-12-19 00:00:00
V	5186	252	2013-12-15 00:00:00
V	5187	15028	2013-11-06 00:00:00
V	5188	18940	2013-08-12 00:00:00
V	5189	13542	2013-09-29 00:00:00
V	5190	3679	2013-02-12 00:00:00
V	5191	15549	2013-11-19 00:00:00
V	5192	14361	2013-08-10 00:00:00
V	5193	4463	2013-12-31 00:00:00
V	5194	6429	2014-01-28 00:00:00
V	5195	7425	2013-11-17 00:00:00
V	5196	15131	2014-05-08 00:00:00
V	5197	11151	2014-02-21 00:00:00
V	5198	4986	2014-01-22 00:00:00
V	5199	10910	2013-10-23 00:00:00
V	5200	17708	2014-03-19 00:00:00
V	5201	7489	2014-05-18 00:00:00
V	5202	8630	2013-07-30 00:00:00
V	5203	16140	2014-05-19 00:00:00
V	5204	15678	2014-01-11 00:00:00
V	5205	7441	2012-09-11 00:00:00
V	5206	11649	2014-05-12 00:00:00
V	5207	1279	2014-01-21 00:00:00
V	5208	9057	2013-10-08 00:00:00
V	5209	9808	2014-01-31 00:00:00
V	5210	2807	2014-04-04 00:00:00
V	5211	17944	2014-05-21 00:00:00
V	5212	10966	2012-11-12 00:00:00
V	5213	6404	2012-01-02 00:00:00
V	5214	9577	2012-12-12 00:00:00
V	5215	15182	2014-01-01 00:00:00
V	5216	9614	2014-02-14 00:00:00
V	5217	16122	2013-01-13 00:00:00
V	5218	13691	2014-04-03 00:00:00
V	5219	18839	2014-06-09 00:00:00
V	5220	2691	2014-03-18 00:00:00
V	5221	15086	2013-12-25 00:00:00
V	5222	11418	2014-03-19 00:00:00
V	5223	16453	2014-05-08 00:00:00
V	5224	8180	2011-11-28 00:00:00
V	5225	7298	2013-09-10 00:00:00
V	5226	12994	2013-12-13 00:00:00
V	5227	10371	2013-09-14 00:00:00
V	5228	6294	2012-08-20 00:00:00
V	5229	13213	2013-09-23 00:00:00
V	5230	2047	2013-02-08 00:00:00
V	5231	6498	2011-09-07 00:00:00
V	5232	10105	2013-12-27 00:00:00
V	5233	1512	2013-10-07 00:00:00
V	5234	16436	2013-10-26 00:00:00
V	5235	17552	2014-02-25 00:00:00
V	5236	10227	2013-04-22 00:00:00
V	5237	12745	2013-01-30 00:00:00
V	5238	17601	2011-11-27 00:00:00
V	5239	17720	2013-01-03 00:00:00
V	5240	3268	2014-05-01 00:00:00
V	5241	15573	2013-07-24 00:00:00
V	5242	10982	2013-11-02 00:00:00
V	5243	6424	2013-09-15 00:00:00
V	5244	15467	2011-07-31 00:00:00
V	5245	18358	2014-05-26 00:00:00
V	5246	10340	2014-04-15 00:00:00
V	5247	9158	2013-12-06 00:00:00
V	5248	240	2013-11-21 00:00:00
V	5249	2326	2012-09-24 00:00:00
V	5250	15938	2014-02-23 00:00:00
V	5251	17946	2014-05-19 00:00:00
V	5252	7409	2014-03-11 00:00:00
V	5253	9223	2013-09-21 00:00:00
V	5254	6228	2014-04-26 00:00:00
V	5255	9801	2014-01-08 00:00:00
V	5256	16292	2014-01-06 00:00:00
V	5257	8365	2014-05-25 00:00:00
V	5258	1380	2013-06-17 00:00:00
V	5259	6514	2014-01-14 00:00:00
V	5260	13792	2013-10-09 00:00:00
V	5261	9304	2012-10-20 00:00:00
V	5262	9461	2013-06-23 00:00:00
V	5263	879	2013-07-24 00:00:00
V	5264	384	2014-01-25 00:00:00
V	5265	3202	2013-05-24 00:00:00
V	5266	5558	2014-03-22 00:00:00
V	5267	1411	2013-07-17 00:00:00
V	5268	1140	2013-01-21 00:00:00
V	5269	13634	2013-09-20 00:00:00
V	5270	7666	2012-11-05 00:00:00
V	5271	17534	2014-01-16 00:00:00
V	5272	17372	2014-01-10 00:00:00
V	5273	13373	2012-07-03 00:00:00
V	5274	1644	2014-06-08 00:00:00
V	5275	12692	2013-08-12 00:00:00
V	5276	12294	2014-01-05 00:00:00
V	5277	6906	2014-05-02 00:00:00
V	5278	10876	2013-09-25 00:00:00
V	5279	11423	2013-05-10 00:00:00
V	5280	18671	2013-11-12 00:00:00
V	5281	4874	2012-12-13 00:00:00
V	5282	9218	2013-08-21 00:00:00
V	5283	4882	2012-04-06 00:00:00
V	5284	7771	2014-03-15 00:00:00
V	5285	19096	2013-02-24 00:00:00
V	5286	13859	2011-09-29 00:00:00
V	5287	12990	2014-04-07 00:00:00
V	5288	5596	2013-11-06 00:00:00
V	5289	13856	2014-01-30 00:00:00
V	5290	14804	2014-03-11 00:00:00
V	5291	13609	2011-10-07 00:00:00
V	5292	13956	2014-02-24 00:00:00
V	5293	5797	2014-04-19 00:00:00
V	5294	15026	2012-04-24 00:00:00
V	5295	3483	2011-11-03 00:00:00
V	5296	13912	2012-01-24 00:00:00
V	5297	162	2014-03-31 00:00:00
V	5298	12987	2013-03-22 00:00:00
V	5299	12266	2014-02-27 00:00:00
V	5300	379	2014-03-31 00:00:00
V	5301	12414	2013-07-15 00:00:00
V	5302	8061	2013-10-20 00:00:00
V	5303	9601	2013-08-30 00:00:00
V	5304	4050	2011-08-06 00:00:00
V	5305	2377	2014-05-14 00:00:00
V	5306	11811	2013-06-28 00:00:00
V	5307	8307	2012-04-03 00:00:00
V	5308	14582	2014-04-30 00:00:00
V	5309	11516	2013-10-27 00:00:00
V	5310	15940	2013-06-12 00:00:00
V	5311	5853	2014-04-16 00:00:00
V	5312	5484	2014-02-16 00:00:00
V	5313	14567	2013-12-01 00:00:00
V	5314	17170	2012-11-30 00:00:00
V	5315	13	2014-03-01 00:00:00
V	5316	18010	2014-04-02 00:00:00
V	5317	15379	2014-03-22 00:00:00
V	5318	18760	2013-04-01 00:00:00
V	5319	4777	2013-08-14 00:00:00
V	5320	10368	2013-08-16 00:00:00
V	5321	18169	2013-09-22 00:00:00
V	5322	17300	2013-08-15 00:00:00
V	5323	829	2013-07-11 00:00:00
V	5324	12664	2014-01-12 00:00:00
V	5325	5504	2013-05-23 00:00:00
V	5326	3407	2011-10-18 00:00:00
V	5327	8312	2014-04-23 00:00:00
V	5328	10242	2013-05-22 00:00:00
V	5329	2216	2014-02-04 00:00:00
V	5330	3881	2012-07-11 00:00:00
V	5331	10523	2014-05-07 00:00:00
V	5332	19115	2013-07-30 00:00:00
V	5333	9385	2012-10-06 00:00:00
V	5334	1825	2011-08-03 00:00:00
V	5335	5599	2014-02-12 00:00:00
V	5336	8289	2014-01-19 00:00:00
V	5337	9313	2013-08-30 00:00:00
V	5338	17811	2014-03-17 00:00:00
V	5339	10604	2012-07-20 00:00:00
V	5340	9619	2013-07-06 00:00:00
V	5341	17448	2013-09-04 00:00:00
V	5342	1089	2014-05-20 00:00:00
V	5343	11597	2014-05-05 00:00:00
V	5344	17741	2013-02-24 00:00:00
V	5345	18818	2014-03-24 00:00:00
V	5346	705	2013-12-06 00:00:00
V	5347	3494	2014-04-16 00:00:00
V	5348	14581	2013-09-19 00:00:00
V	5349	10106	2012-04-02 00:00:00
V	5350	5240	2014-04-17 00:00:00
V	5351	18928	2014-04-27 00:00:00
V	5352	14016	2013-10-30 00:00:00
V	5353	13715	2011-11-09 00:00:00
V	5354	17855	2013-03-12 00:00:00
V	5355	270	2012-08-01 00:00:00
V	5356	6873	2014-05-26 00:00:00
V	5357	14321	2014-04-14 00:00:00
V	5358	18177	2013-05-17 00:00:00
V	5359	2861	2013-10-21 00:00:00
V	5360	4450	2013-02-16 00:00:00
V	5361	18414	2012-09-06 00:00:00
V	5362	1396	2014-05-08 00:00:00
V	5363	4872	2014-05-24 00:00:00
V	5364	8506	2012-08-22 00:00:00
V	5365	17093	2011-06-15 00:00:00
V	5366	13967	2014-03-12 00:00:00
V	5367	1920	2013-09-05 00:00:00
V	5368	8218	2013-03-05 00:00:00
V	5369	14446	2011-07-03 00:00:00
V	5370	5965	2013-09-30 00:00:00
V	5371	9327	2014-05-13 00:00:00
V	5372	2521	2012-09-20 00:00:00
V	5373	10129	2012-01-31 00:00:00
V	5374	18658	2011-11-19 00:00:00
V	5375	3794	2013-12-06 00:00:00
V	5376	5595	2013-08-21 00:00:00
V	5377	8021	2011-09-28 00:00:00
V	5378	6392	2013-10-30 00:00:00
V	5379	6520	2013-03-28 00:00:00
V	5380	17250	2014-03-20 00:00:00
V	5381	7566	2013-02-10 00:00:00
V	5382	9228	2014-04-30 00:00:00
V	5383	13195	2014-01-24 00:00:00
V	5384	5921	2012-04-23 00:00:00
V	5385	6936	2012-07-13 00:00:00
V	5386	4730	2014-05-10 00:00:00
V	5387	241	2014-06-16 00:00:00
V	5388	3387	2012-10-09 00:00:00
V	5389	3743	2014-02-24 00:00:00
V	5390	9008	2013-03-16 00:00:00
V	5391	1325	2013-10-18 00:00:00
V	5392	4447	2013-10-15 00:00:00
V	5393	18264	2014-04-29 00:00:00
V	5394	13593	2013-05-14 00:00:00
V	5395	17908	2013-09-11 00:00:00
V	5396	11752	2013-12-24 00:00:00
V	5397	1230	2014-02-17 00:00:00
V	5398	1538	2013-07-24 00:00:00
V	5399	3782	2011-09-03 00:00:00
V	5400	10501	2013-03-07 00:00:00
V	5401	15627	2014-03-04 00:00:00
V	5402	7323	2012-06-08 00:00:00
V	5403	10225	2012-06-19 00:00:00
V	5404	2407	2013-11-05 00:00:00
V	5405	7990	2012-09-01 00:00:00
V	5406	7863	2014-01-16 00:00:00
V	5407	982	2014-03-30 00:00:00
V	5408	5385	2013-06-06 00:00:00
V	5409	6169	2013-07-10 00:00:00
V	5410	15877	2013-07-01 00:00:00
V	5411	12728	2014-03-04 00:00:00
V	5412	17498	2013-09-04 00:00:00
V	5413	13725	2014-03-29 00:00:00
V	5414	7866	2014-05-26 00:00:00
V	5415	11676	2013-02-04 00:00:00
V	5416	9003	2013-01-07 00:00:00
V	5417	9569	2012-11-24 00:00:00
V	5418	10814	2014-01-11 00:00:00
V	5419	10643	2014-03-18 00:00:00
V	5420	11680	2013-11-22 00:00:00
V	5421	1404	2014-05-05 00:00:00
V	5422	14738	2014-04-29 00:00:00
V	5423	7981	2013-07-09 00:00:00
V	5424	4379	2013-12-18 00:00:00
V	5425	6004	2013-07-02 00:00:00
V	5426	7239	2014-05-18 00:00:00
V	5427	12138	2014-01-01 00:00:00
V	5428	15097	2013-08-03 00:00:00
V	5429	18558	2012-11-14 00:00:00
V	5430	13212	2013-12-11 00:00:00
V	5431	17653	2013-02-05 00:00:00
V	5432	11312	2011-10-13 00:00:00
V	5433	12965	2013-07-19 00:00:00
V	5434	1247	2013-10-15 00:00:00
V	5435	7277	2013-09-23 00:00:00
V	5436	17141	2014-01-04 00:00:00
V	5437	3087	2013-03-10 00:00:00
V	5438	20	2013-12-17 00:00:00
V	5439	15337	2013-09-25 00:00:00
V	5440	11979	2014-03-04 00:00:00
V	5441	10707	2013-10-05 00:00:00
V	5442	1397	2013-11-09 00:00:00
V	5443	6816	2014-03-25 00:00:00
V	5444	14387	2013-09-20 00:00:00
V	5445	3621	2013-12-26 00:00:00
V	5446	10445	2013-07-04 00:00:00
V	5447	9127	2013-10-18 00:00:00
V	5448	10426	2014-03-12 00:00:00
V	5449	356	2013-06-27 00:00:00
V	5450	11617	2014-05-30 00:00:00
V	5451	8515	2011-10-20 00:00:00
V	5452	7090	2013-06-30 00:00:00
V	5453	13105	2013-11-01 00:00:00
V	5454	8810	2011-06-17 00:00:00
V	5455	8894	2013-07-21 00:00:00
V	5456	18451	2012-11-13 00:00:00
V	5457	14575	2013-06-10 00:00:00
V	5458	10828	2013-07-18 00:00:00
V	5459	6074	2013-10-20 00:00:00
V	5460	17599	2013-07-16 00:00:00
V	5461	17826	2013-10-27 00:00:00
V	5462	3371	2012-06-29 00:00:00
V	5463	15008	2013-07-23 00:00:00
V	5464	16445	2013-10-13 00:00:00
V	5465	18924	2012-11-04 00:00:00
V	5466	11394	2013-07-30 00:00:00
V	5467	10632	2014-05-09 00:00:00
V	5468	9775	2012-01-28 00:00:00
V	5469	1097	2013-07-08 00:00:00
V	5470	8062	2013-07-13 00:00:00
V	5471	4294	2013-09-22 00:00:00
V	5472	11774	2014-02-12 00:00:00
V	5473	3291	2013-01-02 00:00:00
V	5474	15355	2013-07-11 00:00:00
V	5475	10466	2013-01-25 00:00:00
V	5476	16598	2012-06-05 00:00:00
V	5477	4157	2014-06-15 00:00:00
V	5478	18242	2014-03-17 00:00:00
V	5479	8750	2013-03-14 00:00:00
V	5480	562	2014-02-10 00:00:00
V	5481	2575	2014-05-21 00:00:00
V	5482	229	2014-06-29 00:00:00
V	5483	18162	2013-08-18 00:00:00
V	5484	16333	2014-03-13 00:00:00
V	5485	8788	2013-02-27 00:00:00
V	5486	6568	2012-12-19 00:00:00
V	5487	6611	2014-06-04 00:00:00
V	5488	11904	2014-05-07 00:00:00
V	5489	2426	2013-08-20 00:00:00
V	5490	3954	2014-01-15 00:00:00
V	5491	3241	2013-09-09 00:00:00
V	5492	5519	2013-11-19 00:00:00
V	5493	2945	2013-07-14 00:00:00
V	5494	1951	2013-11-22 00:00:00
V	5495	10083	2012-12-16 00:00:00
V	5496	3534	2011-10-12 00:00:00
V	5497	15017	2013-11-04 00:00:00
V	5498	15819	2014-01-29 00:00:00
V	5499	7281	2012-06-27 00:00:00
V	5500	17558	2014-05-28 00:00:00
V	5501	3091	2013-10-07 00:00:00
V	5502	9812	2013-12-07 00:00:00
V	5503	13994	2014-05-18 00:00:00
V	5504	7825	2013-09-24 00:00:00
V	5505	2218	2012-03-28 00:00:00
V	5506	7112	2012-03-11 00:00:00
V	5507	2567	2013-12-25 00:00:00
V	5508	10000	2014-05-15 00:00:00
V	5509	18532	2014-05-13 00:00:00
V	5510	5910	2011-10-18 00:00:00
V	5511	461	2013-11-25 00:00:00
V	5512	19217	2013-11-30 00:00:00
V	5513	2133	2014-05-14 00:00:00
V	5514	4059	2011-11-01 00:00:00
V	5515	12767	2013-02-25 00:00:00
V	5516	17818	2013-09-19 00:00:00
V	5517	288	2013-12-16 00:00:00
V	5518	18324	2012-04-06 00:00:00
V	5519	18878	2013-12-13 00:00:00
V	5520	2036	2012-11-20 00:00:00
V	5521	2942	2012-04-11 00:00:00
V	5522	14050	2014-04-08 00:00:00
V	5523	16567	2013-04-02 00:00:00
V	5524	13142	2013-07-09 00:00:00
V	5525	16138	2013-01-20 00:00:00
V	5526	6918	2011-06-18 00:00:00
V	5527	13005	2014-04-07 00:00:00
V	5528	8260	2013-12-30 00:00:00
V	5529	2786	2014-05-14 00:00:00
V	5530	2920	2014-04-05 00:00:00
V	5531	17251	2013-11-03 00:00:00
V	5532	17306	2012-01-31 00:00:00
V	5533	1911	2014-02-03 00:00:00
V	5534	14005	2013-10-30 00:00:00
V	5535	13309	2014-03-08 00:00:00
V	5536	18152	2013-08-30 00:00:00
V	5537	18478	2014-01-17 00:00:00
V	5538	14405	2014-01-22 00:00:00
V	5539	15491	2013-07-22 00:00:00
V	5540	6551	2013-09-04 00:00:00
V	5541	15567	2013-08-13 00:00:00
V	5542	12543	2014-01-11 00:00:00
V	5543	14347	2014-03-28 00:00:00
V	5544	8830	2013-04-13 00:00:00
V	5545	11338	2014-05-30 00:00:00
V	5546	6507	2013-03-19 00:00:00
V	5547	6058	2013-08-29 00:00:00
V	5548	4219	2012-06-03 00:00:00
V	5549	3947	2014-02-11 00:00:00
V	5550	1955	2013-08-22 00:00:00
V	5551	12146	2013-09-07 00:00:00
V	5552	16895	2012-12-11 00:00:00
V	5553	14543	2013-07-02 00:00:00
V	5554	16682	2013-06-10 00:00:00
V	5555	10173	2014-02-11 00:00:00
V	5556	821	2013-08-29 00:00:00
V	5557	9063	2013-11-26 00:00:00
V	5558	11841	2011-07-31 00:00:00
V	5559	137	2013-04-30 00:00:00
V	5560	13083	2013-12-07 00:00:00
V	5561	13255	2014-05-27 00:00:00
V	5562	10625	2014-05-16 00:00:00
V	5563	2556	2014-04-27 00:00:00
V	5564	11739	2013-08-23 00:00:00
V	5565	7572	2013-11-05 00:00:00
V	5566	15057	2013-10-05 00:00:00
V	5567	18067	2013-01-06 00:00:00
V	5568	18297	2013-11-15 00:00:00
V	5569	16003	2013-07-18 00:00:00
V	5570	1802	2013-10-29 00:00:00
V	5571	1999	2014-04-17 00:00:00
V	5572	17508	2013-05-10 00:00:00
V	5573	14533	2012-07-19 00:00:00
V	5574	17665	2014-01-27 00:00:00
V	5575	6206	2013-07-16 00:00:00
V	5576	57	2013-12-23 00:00:00
V	5577	6397	2013-05-08 00:00:00
V	5578	9527	2014-04-16 00:00:00
V	5579	13410	2012-02-13 00:00:00
V	5580	11381	2013-02-27 00:00:00
V	5581	18719	2013-10-19 00:00:00
V	5582	12953	2014-05-14 00:00:00
V	5583	2502	2013-07-16 00:00:00
V	5584	3342	2012-11-22 00:00:00
V	5585	10328	2014-04-02 00:00:00
V	5586	4192	2014-01-06 00:00:00
V	5587	1470	2013-09-15 00:00:00
V	5588	10151	2013-01-11 00:00:00
V	5589	15583	2012-05-19 00:00:00
V	5590	4867	2013-08-26 00:00:00
V	5591	1069	2013-10-30 00:00:00
V	5592	2544	2014-04-16 00:00:00
V	5593	13826	2013-11-06 00:00:00
V	5594	1548	2013-10-21 00:00:00
V	5595	7819	2013-07-08 00:00:00
V	5596	403	2012-09-07 00:00:00
V	5597	4883	2014-01-04 00:00:00
V	5598	9272	2014-03-11 00:00:00
V	5599	14035	2014-01-22 00:00:00
V	5600	9589	2013-05-26 00:00:00
V	5601	3645	2013-04-20 00:00:00
V	5602	9340	2013-11-20 00:00:00
V	5603	16279	2012-04-11 00:00:00
V	5604	7474	2014-05-16 00:00:00
V	5605	303	2013-09-03 00:00:00
V	5606	14083	2013-11-27 00:00:00
V	5607	815	2013-10-11 00:00:00
V	5608	2222	2014-05-08 00:00:00
V	5609	2722	2012-03-12 00:00:00
V	5610	13036	2014-05-20 00:00:00
V	5611	3366	2013-07-04 00:00:00
V	5612	11775	2013-10-02 00:00:00
V	5613	18684	2013-11-08 00:00:00
V	5614	5082	2014-05-19 00:00:00
V	5615	10678	2014-04-24 00:00:00
V	5616	2570	2013-09-25 00:00:00
V	5617	17625	2012-02-16 00:00:00
V	5618	14336	2014-05-15 00:00:00
V	5619	5665	2013-10-21 00:00:00
V	5620	4004	2011-08-15 00:00:00
V	5621	7257	2012-08-12 00:00:00
V	5622	6740	2012-06-02 00:00:00
V	5623	9405	2011-09-28 00:00:00
V	5624	10831	2013-05-07 00:00:00
V	5625	6217	2014-03-07 00:00:00
V	5626	4212	2014-03-26 00:00:00
V	5627	8723	2014-04-03 00:00:00
V	5628	19202	2013-11-15 00:00:00
V	5629	10615	2013-07-15 00:00:00
V	5630	1672	2012-11-27 00:00:00
V	5631	9070	2014-02-06 00:00:00
V	5632	2784	2014-04-29 00:00:00
V	5633	6177	2013-01-16 00:00:00
V	5634	12479	2012-07-12 00:00:00
V	5635	2530	2014-05-08 00:00:00
V	5636	3842	2014-04-07 00:00:00
V	5637	14518	2013-07-03 00:00:00
V	5638	8947	2012-06-08 00:00:00
V	5639	14244	2012-09-07 00:00:00
V	5640	2892	2012-04-29 00:00:00
V	5641	9646	2012-05-09 00:00:00
V	5642	8142	2014-04-19 00:00:00
V	5643	10341	2013-07-27 00:00:00
V	5644	1915	2013-07-05 00:00:00
V	5645	16166	2013-08-27 00:00:00
V	5646	8059	2013-09-19 00:00:00
V	5647	1665	2012-12-14 00:00:00
V	5648	10610	2012-08-18 00:00:00
V	5649	2321	2012-12-29 00:00:00
V	5650	168	2012-05-01 00:00:00
V	5651	14503	2013-08-29 00:00:00
V	5652	1108	2014-01-04 00:00:00
V	5653	16389	2013-08-24 00:00:00
V	5654	11839	2013-11-21 00:00:00
V	5655	8980	2011-12-16 00:00:00
V	5656	6939	2014-04-03 00:00:00
V	5657	11909	2013-12-17 00:00:00
V	5658	8410	2013-11-21 00:00:00
V	5659	12645	2013-11-11 00:00:00
V	5660	11392	2014-06-01 00:00:00
V	5661	7275	2012-11-24 00:00:00
V	5662	543	2013-12-30 00:00:00
V	5663	6508	2013-08-11 00:00:00
V	5664	1241	2013-08-07 00:00:00
V	5665	11258	2014-02-07 00:00:00
V	5666	11574	2012-12-07 00:00:00
V	5667	16977	2013-02-01 00:00:00
V	5668	3611	2014-03-25 00:00:00
V	5669	18816	2014-01-31 00:00:00
V	5670	7272	2014-01-20 00:00:00
V	5671	3606	2013-07-26 00:00:00
V	5672	10668	2013-09-29 00:00:00
V	5673	424	2012-09-30 00:00:00
V	5674	9436	2011-12-03 00:00:00
V	5675	10126	2013-09-01 00:00:00
V	5676	7624	2014-03-25 00:00:00
V	5677	10277	2013-10-22 00:00:00
V	5678	15909	2011-09-28 00:00:00
V	5679	11858	2013-07-18 00:00:00
V	5680	16910	2014-03-12 00:00:00
V	5681	5317	2014-05-21 00:00:00
V	5682	14167	2013-01-08 00:00:00
V	5683	11549	2013-08-26 00:00:00
V	5684	5747	2012-06-10 00:00:00
V	5685	9958	2013-08-30 00:00:00
V	5686	10606	2014-06-27 00:00:00
V	5687	9104	2014-03-01 00:00:00
V	5688	2559	2013-11-13 00:00:00
V	5689	13506	2013-11-16 00:00:00
V	5690	12727	2014-04-08 00:00:00
V	5691	468	2014-05-05 00:00:00
V	5692	17513	2011-10-11 00:00:00
V	5693	110	2013-08-07 00:00:00
V	5694	14239	2013-07-09 00:00:00
V	5695	15603	2014-04-14 00:00:00
V	5696	3680	2013-11-05 00:00:00
V	5697	12466	2014-06-02 00:00:00
V	5698	7044	2013-09-03 00:00:00
V	5699	1888	2014-04-24 00:00:00
V	5700	7207	2013-08-21 00:00:00
V	5701	6673	2012-09-23 00:00:00
V	5702	14192	2013-12-31 00:00:00
V	5703	8406	2013-11-09 00:00:00
V	5704	14778	2013-10-03 00:00:00
V	5705	4706	2011-09-11 00:00:00
V	5706	255	2014-04-06 00:00:00
V	5707	16971	2014-02-09 00:00:00
V	5708	11773	2014-05-27 00:00:00
V	5709	4580	2014-06-26 00:00:00
V	5710	5574	2012-09-01 00:00:00
V	5711	1048	2014-06-05 00:00:00
V	5712	5632	2014-04-06 00:00:00
V	5713	12940	2013-08-29 00:00:00
V	5714	5697	2013-07-05 00:00:00
V	5715	17230	2014-03-22 00:00:00
V	5716	6209	2013-12-15 00:00:00
V	5717	1484	2013-08-18 00:00:00
V	5718	11582	2012-02-09 00:00:00
V	5719	3065	2013-10-16 00:00:00
V	5720	4745	2013-10-06 00:00:00
V	5721	12487	2012-05-05 00:00:00
V	5722	10985	2013-10-16 00:00:00
V	5723	11254	2012-05-24 00:00:00
V	5724	16208	2014-03-19 00:00:00
V	5725	6564	2013-11-03 00:00:00
V	5726	8945	2014-06-18 00:00:00
V	5727	8009	2014-03-14 00:00:00
V	5728	12140	2013-09-08 00:00:00
V	5729	11668	2013-01-18 00:00:00
V	5730	14466	2014-04-22 00:00:00
V	5731	10273	2013-10-18 00:00:00
V	5732	16945	2013-09-21 00:00:00
V	5733	13287	2013-08-30 00:00:00
V	5734	16198	2014-02-09 00:00:00
V	5735	10080	2013-05-04 00:00:00
V	5736	17207	2012-05-23 00:00:00
V	5737	6115	2014-06-13 00:00:00
V	5738	8950	2013-12-12 00:00:00
V	5739	1255	2014-03-28 00:00:00
V	5740	13703	2014-01-04 00:00:00
V	5741	8013	2014-03-29 00:00:00
V	5742	2565	2013-10-12 00:00:00
V	5743	17701	2011-10-01 00:00:00
V	5744	13462	2013-08-13 00:00:00
V	5745	6303	2011-11-02 00:00:00
V	5746	10041	2011-11-16 00:00:00
V	5747	9561	2013-01-05 00:00:00
V	5748	43	2013-09-03 00:00:00
V	5749	17830	2012-08-20 00:00:00
V	5750	9015	2014-01-25 00:00:00
V	5751	18474	2013-04-14 00:00:00
V	5752	13845	2011-12-01 00:00:00
V	5753	7529	2014-04-20 00:00:00
V	5754	6537	2013-10-10 00:00:00
V	5755	6212	2012-01-29 00:00:00
V	5756	12981	2014-06-04 00:00:00
V	5757	4210	2014-04-26 00:00:00
V	5758	14645	2013-11-25 00:00:00
V	5759	16814	2014-05-11 00:00:00
V	5760	18893	2012-01-22 00:00:00
V	5761	1796	2013-07-24 00:00:00
V	5762	8442	2014-02-04 00:00:00
V	5763	17850	2013-12-10 00:00:00
V	5764	698	2013-08-13 00:00:00
V	5765	18544	2011-08-16 00:00:00
V	5766	17054	2012-12-15 00:00:00
V	5767	18197	2012-04-14 00:00:00
V	5768	2991	2012-10-17 00:00:00
V	5769	10955	2013-06-30 00:00:00
V	5770	9548	2013-12-07 00:00:00
V	5771	7144	2014-01-13 00:00:00
V	5772	9203	2014-03-13 00:00:00
V	5773	4976	2013-08-22 00:00:00
V	5774	4595	2013-12-17 00:00:00
V	5775	10624	2013-10-09 00:00:00
V	5776	16286	2014-03-14 00:00:00
V	5777	12213	2014-03-11 00:00:00
V	5778	5674	2014-02-19 00:00:00
V	5779	8299	2014-05-20 00:00:00
V	5780	7259	2013-10-27 00:00:00
V	5781	15054	2013-08-14 00:00:00
V	5782	7960	2014-04-11 00:00:00
V	5783	8316	2013-09-02 00:00:00
V	5784	14159	2013-11-19 00:00:00
V	5785	16873	2013-10-28 00:00:00
V	5786	18392	2013-11-17 00:00:00
V	5787	9629	2012-07-30 00:00:00
V	5788	11619	2013-11-15 00:00:00
V	5789	7002	2013-09-01 00:00:00
V	5790	11548	2013-02-10 00:00:00
V	5791	15818	2012-12-18 00:00:00
V	5792	5581	2011-09-10 00:00:00
V	5793	18997	2014-05-10 00:00:00
V	5794	4814	2013-01-23 00:00:00
V	5795	2345	2011-09-20 00:00:00
V	5796	8955	2013-02-08 00:00:00
V	5797	2616	2014-02-17 00:00:00
V	5798	16507	2014-02-12 00:00:00
V	5799	5049	2013-11-20 00:00:00
V	5800	10079	2014-05-29 00:00:00
V	5801	4590	2014-02-08 00:00:00
V	5802	15779	2012-02-05 00:00:00
V	5803	17863	2013-08-15 00:00:00
V	5804	7726	2014-03-01 00:00:00
V	5805	13595	2014-04-30 00:00:00
V	5806	1624	2013-08-11 00:00:00
V	5807	14259	2012-04-11 00:00:00
V	5808	12282	2014-03-09 00:00:00
V	5809	1372	2013-10-23 00:00:00
V	5810	18227	2013-01-09 00:00:00
V	5811	19229	2013-09-24 00:00:00
V	5812	5253	2014-04-29 00:00:00
V	5813	18347	2013-05-01 00:00:00
V	5814	834	2014-01-22 00:00:00
V	5815	8783	2013-11-30 00:00:00
V	5816	841	2013-11-02 00:00:00
V	5817	3890	2013-11-21 00:00:00
V	5818	2056	2013-07-08 00:00:00
V	5819	6860	2013-08-04 00:00:00
V	5820	10404	2014-03-25 00:00:00
V	5821	7279	2013-10-16 00:00:00
V	5822	15770	2014-02-18 00:00:00
V	5823	10125	2013-11-27 00:00:00
V	5824	9555	2013-10-02 00:00:00
V	5825	11040	2014-01-18 00:00:00
V	5826	11490	2013-09-25 00:00:00
V	5827	18583	2011-09-07 00:00:00
V	5828	14407	2013-05-20 00:00:00
V	5829	16540	2013-10-26 00:00:00
V	5830	2361	2013-08-18 00:00:00
V	5831	19065	2011-07-06 00:00:00
V	5832	17922	2013-04-28 00:00:00
V	5833	16137	2014-05-12 00:00:00
V	5834	14442	2013-08-18 00:00:00
V	5835	17753	2013-07-03 00:00:00
V	5836	8206	2013-11-29 00:00:00
V	5837	8079	2013-08-10 00:00:00
V	5838	14826	2013-11-02 00:00:00
V	5839	7411	2013-10-06 00:00:00
V	5840	15335	2013-03-13 00:00:00
V	5841	10807	2013-09-07 00:00:00
V	5842	13731	2012-03-17 00:00:00
V	5843	6701	2013-10-04 00:00:00
V	5844	8006	2011-11-15 00:00:00
V	5845	8411	2013-11-15 00:00:00
V	5846	4152	2013-10-12 00:00:00
V	5847	18943	2012-10-31 00:00:00
V	5848	9857	2013-11-08 00:00:00
V	5849	11683	2014-04-05 00:00:00
V	5850	4123	2014-01-19 00:00:00
V	5851	17470	2013-07-18 00:00:00
V	5852	18301	2013-10-20 00:00:00
V	5853	3229	2013-05-28 00:00:00
V	5854	17866	2012-01-04 00:00:00
V	5855	10878	2013-03-12 00:00:00
V	5856	13182	2013-04-21 00:00:00
V	5857	9198	2014-01-05 00:00:00
V	5858	8512	2013-11-24 00:00:00
V	5859	5994	2013-11-23 00:00:00
V	5860	16551	2014-04-10 00:00:00
V	5861	15537	2013-07-16 00:00:00
V	5862	2730	2013-07-21 00:00:00
V	5863	18337	2011-07-21 00:00:00
V	5864	15244	2012-01-15 00:00:00
V	5865	979	2014-03-14 00:00:00
V	5866	5907	2013-10-08 00:00:00
V	5867	1338	2013-12-27 00:00:00
V	5868	14047	2011-09-18 00:00:00
V	5869	17728	2014-06-19 00:00:00
V	5870	8474	2012-04-13 00:00:00
V	5871	14547	2014-06-16 00:00:00
V	5872	18276	2013-10-01 00:00:00
V	5873	1015	2012-03-05 00:00:00
V	5874	15606	2011-09-08 00:00:00
V	5875	9557	2014-01-16 00:00:00
V	5876	14014	2013-12-18 00:00:00
V	5877	8135	2014-04-04 00:00:00
V	5878	7170	2012-02-03 00:00:00
V	5879	10386	2011-07-26 00:00:00
V	5880	17542	2013-05-09 00:00:00
V	5881	18267	2014-01-08 00:00:00
V	5882	4543	2013-05-10 00:00:00
V	5883	12725	2013-09-01 00:00:00
V	5884	7710	2014-05-14 00:00:00
V	5885	19123	2013-11-14 00:00:00
V	5886	8437	2013-08-19 00:00:00
V	5887	16097	2012-02-19 00:00:00
V	5888	8517	2014-05-23 00:00:00
V	5889	5878	2013-07-09 00:00:00
V	5890	12202	2013-07-05 00:00:00
V	5891	8373	2013-07-03 00:00:00
V	5892	8409	2011-11-28 00:00:00
V	5893	1928	2014-05-05 00:00:00
V	5894	15956	2012-01-19 00:00:00
V	5895	13052	2012-11-25 00:00:00
V	5896	3638	2014-05-07 00:00:00
V	5897	4832	2012-04-21 00:00:00
V	5898	4649	2011-07-07 00:00:00
V	5899	16282	2014-04-22 00:00:00
V	5900	8107	2013-10-07 00:00:00
V	5901	1283	2012-08-15 00:00:00
V	5902	2520	2014-03-09 00:00:00
V	5903	9744	2014-03-31 00:00:00
V	5904	4424	2013-12-25 00:00:00
V	5905	9507	2014-01-02 00:00:00
V	5906	7839	2012-09-22 00:00:00
V	5907	17638	2012-07-11 00:00:00
V	5908	14840	2012-06-26 00:00:00
V	5909	15925	2013-08-21 00:00:00
V	5910	685	2013-07-05 00:00:00
V	5911	7924	2012-05-22 00:00:00
V	5912	4338	2013-06-12 00:00:00
V	5913	6086	2013-11-06 00:00:00
V	5914	9926	2012-02-19 00:00:00
V	5915	575	2012-08-11 00:00:00
V	5916	8208	2014-06-30 00:00:00
V	5917	7320	2014-05-27 00:00:00
V	5918	6423	2014-06-25 00:00:00
V	5919	4671	2013-12-17 00:00:00
V	5920	5005	2011-10-10 00:00:00
V	5921	2739	2013-08-27 00:00:00
V	5922	13617	2013-05-19 00:00:00
V	5923	14822	2013-04-10 00:00:00
V	5924	13553	2014-02-12 00:00:00
V	5925	13989	2014-04-05 00:00:00
V	5926	8056	2014-01-07 00:00:00
V	5927	505	2013-07-25 00:00:00
V	5928	15642	2014-04-01 00:00:00
V	5929	5538	2013-12-19 00:00:00
V	5930	7972	2013-08-18 00:00:00
V	5931	11873	2013-07-06 00:00:00
V	5932	17563	2014-04-08 00:00:00
V	5933	3508	2014-03-04 00:00:00
V	5934	3153	2013-11-18 00:00:00
V	5935	17000	2013-07-24 00:00:00
V	5936	4779	2013-08-09 00:00:00
V	5937	1151	2012-11-18 00:00:00
V	5938	18623	2012-05-01 00:00:00
V	5939	17200	2014-04-28 00:00:00
V	5940	13405	2012-10-16 00:00:00
V	5941	2350	2013-09-07 00:00:00
V	5942	13534	2012-01-02 00:00:00
V	5943	14865	2013-10-06 00:00:00
V	5944	5714	2014-01-27 00:00:00
V	5945	2938	2012-05-20 00:00:00
V	5946	3208	2013-08-15 00:00:00
V	5947	15146	2013-08-24 00:00:00
V	5948	11382	2014-01-12 00:00:00
V	5949	11911	2013-11-27 00:00:00
V	5950	15047	2013-12-09 00:00:00
V	5951	6171	2013-07-22 00:00:00
V	5952	5238	2014-02-01 00:00:00
V	5953	12458	2014-04-11 00:00:00
V	5954	2210	2014-01-22 00:00:00
V	5955	11892	2011-08-15 00:00:00
V	5956	1570	2014-06-23 00:00:00
V	5957	1695	2013-01-05 00:00:00
V	5958	1528	2014-04-25 00:00:00
V	5959	8883	2011-11-10 00:00:00
V	5960	9998	2013-10-08 00:00:00
V	5961	18500	2014-02-15 00:00:00
V	5962	16180	2012-03-14 00:00:00
V	5963	19034	2013-07-31 00:00:00
V	5964	5250	2014-03-31 00:00:00
V	5965	3301	2013-10-08 00:00:00
V	5966	16914	2013-09-06 00:00:00
V	5967	10797	2014-03-28 00:00:00
V	5968	18561	2013-05-20 00:00:00
V	5969	8769	2013-10-17 00:00:00
V	5970	14071	2011-09-05 00:00:00
V	5971	16732	2014-01-02 00:00:00
V	5972	4288	2012-08-24 00:00:00
V	5973	7423	2014-04-08 00:00:00
V	5974	8304	2013-02-16 00:00:00
V	5975	8428	2013-01-14 00:00:00
V	5976	3194	2013-10-14 00:00:00
V	5977	17014	2014-05-03 00:00:00
V	5978	3478	2014-04-30 00:00:00
V	5979	9456	2014-01-31 00:00:00
V	5980	16999	2011-10-25 00:00:00
V	5981	2456	2013-07-06 00:00:00
V	5982	11166	2013-10-14 00:00:00
V	5983	17050	2012-01-15 00:00:00
V	5984	9683	2013-08-08 00:00:00
V	5985	884	2013-12-06 00:00:00
V	5986	8372	2013-07-14 00:00:00
V	5987	6947	2014-04-12 00:00:00
V	5988	2545	2013-07-18 00:00:00
V	5989	5693	2013-12-22 00:00:00
V	5990	17716	2013-11-05 00:00:00
V	5991	567	2012-12-22 00:00:00
V	5992	11437	2014-04-27 00:00:00
V	5993	14262	2014-04-15 00:00:00
V	5994	6732	2014-03-01 00:00:00
V	5995	11115	2013-07-25 00:00:00
V	5996	5416	2014-04-02 00:00:00
V	5997	18733	2013-02-15 00:00:00
V	5998	9433	2011-09-20 00:00:00
V	5999	3649	2014-01-14 00:00:00
V	6000	1192	2014-03-04 00:00:00
V	6001	10773	2013-07-11 00:00:00
V	6002	9038	2011-08-25 00:00:00
V	6003	2249	2014-03-31 00:00:00
V	6004	6708	2014-04-01 00:00:00
V	6005	5940	2013-10-01 00:00:00
V	6006	13853	2014-01-02 00:00:00
V	6007	1463	2013-11-25 00:00:00
V	6008	3652	2013-08-17 00:00:00
V	6009	8572	2014-04-12 00:00:00
V	6010	7263	2013-12-22 00:00:00
V	6011	11662	2012-09-28 00:00:00
V	6012	18845	2011-11-25 00:00:00
V	6013	6087	2012-04-07 00:00:00
V	6014	5294	2013-11-06 00:00:00
V	6015	5505	2013-12-02 00:00:00
V	6016	11589	2014-02-27 00:00:00
V	6017	279	2013-11-26 00:00:00
V	6018	15766	2013-09-08 00:00:00
V	6019	14609	2014-03-17 00:00:00
V	6020	12439	2013-01-06 00:00:00
V	6021	7248	2014-04-13 00:00:00
V	6022	8792	2013-11-29 00:00:00
V	6023	1345	2013-08-20 00:00:00
V	6024	662	2013-10-03 00:00:00
V	6025	4928	2013-01-03 00:00:00
V	6026	18743	2014-02-03 00:00:00
V	6027	13471	2013-11-09 00:00:00
V	6028	12013	2013-09-14 00:00:00
V	6029	12783	2014-04-01 00:00:00
V	6030	2577	2014-03-26 00:00:00
V	6031	10423	2013-10-17 00:00:00
V	6032	2379	2013-10-12 00:00:00
V	6033	4190	2013-08-08 00:00:00
V	6034	15664	2014-02-17 00:00:00
V	6035	6664	2013-10-29 00:00:00
V	6036	5157	2011-11-14 00:00:00
V	6037	14028	2014-03-25 00:00:00
V	6038	10189	2013-07-28 00:00:00
V	6039	11049	2014-01-17 00:00:00
V	6040	3630	2014-02-06 00:00:00
V	6041	7741	2013-03-29 00:00:00
V	6042	12607	2014-06-09 00:00:00
V	6043	978	2011-11-03 00:00:00
V	6044	11731	2014-06-24 00:00:00
V	6045	8360	2013-10-18 00:00:00
V	6046	7936	2012-03-26 00:00:00
V	6047	6632	2014-02-08 00:00:00
V	6048	10432	2013-08-22 00:00:00
V	6049	4784	2013-12-27 00:00:00
V	6050	19039	2013-11-12 00:00:00
V	6051	16793	2013-09-14 00:00:00
V	6052	485	2013-10-02 00:00:00
V	6053	1517	2013-08-28 00:00:00
V	6054	2857	2012-12-11 00:00:00
V	6055	6020	2012-07-11 00:00:00
V	6056	5050	2014-02-20 00:00:00
V	6057	12812	2014-04-19 00:00:00
V	6058	6603	2013-05-13 00:00:00
V	6059	9585	2014-03-30 00:00:00
V	6060	7900	2012-11-18 00:00:00
V	6061	12515	2012-06-21 00:00:00
V	6062	2455	2012-12-31 00:00:00
V	6063	17365	2013-09-01 00:00:00
V	6064	8999	2013-10-20 00:00:00
V	6065	17182	2013-09-10 00:00:00
V	6066	5169	2013-12-01 00:00:00
V	6067	5888	2012-02-21 00:00:00
V	6068	16634	2012-11-24 00:00:00
V	6069	14138	2014-05-31 00:00:00
V	6070	15662	2012-10-23 00:00:00
V	6071	17058	2013-11-24 00:00:00
V	6072	11602	2014-01-04 00:00:00
V	6073	5503	2011-10-14 00:00:00
V	6074	14568	2013-09-20 00:00:00
V	6075	18491	2012-09-05 00:00:00
V	6076	16883	2013-10-16 00:00:00
V	6077	18913	2013-07-04 00:00:00
V	6078	743	2012-01-10 00:00:00
V	6079	5297	2013-05-07 00:00:00
V	6080	6956	2012-04-16 00:00:00
V	6081	10455	2013-07-01 00:00:00
V	6082	40	2013-08-25 00:00:00
V	6083	11480	2012-11-14 00:00:00
V	6084	14216	2014-04-14 00:00:00
V	6085	14231	2012-09-02 00:00:00
V	6086	6348	2014-01-07 00:00:00
V	6087	16830	2013-09-07 00:00:00
V	6088	13958	2014-04-18 00:00:00
V	6089	2968	2012-04-15 00:00:00
V	6090	13683	2012-02-26 00:00:00
V	6091	10969	2013-09-24 00:00:00
V	6092	17186	2013-12-15 00:00:00
V	6093	7789	2014-06-15 00:00:00
V	6094	2873	2013-11-29 00:00:00
V	6095	5195	2012-01-12 00:00:00
V	6096	683	2013-06-09 00:00:00
V	6097	9616	2013-04-03 00:00:00
V	6098	2735	2014-04-23 00:00:00
V	6099	14268	2014-05-06 00:00:00
V	6100	8597	2014-03-10 00:00:00
V	6101	7410	2012-07-25 00:00:00
V	6102	9584	2011-08-30 00:00:00
V	6103	4921	2013-08-27 00:00:00
V	6104	10275	2013-04-26 00:00:00
V	6105	3800	2012-04-26 00:00:00
V	6106	17953	2012-07-19 00:00:00
V	6107	17964	2014-01-05 00:00:00
V	6108	11021	2013-03-18 00:00:00
V	6109	13283	2014-03-24 00:00:00
V	6110	14512	2013-07-14 00:00:00
V	6111	6448	2014-02-17 00:00:00
V	6112	17726	2013-06-30 00:00:00
V	6113	113	2012-07-21 00:00:00
V	6114	13507	2014-05-18 00:00:00
V	6115	15599	2012-11-05 00:00:00
V	6116	11466	2014-01-05 00:00:00
V	6117	1534	2014-03-18 00:00:00
V	6118	11026	2014-02-06 00:00:00
V	6119	1168	2012-09-14 00:00:00
V	6120	9431	2013-12-27 00:00:00
V	6121	14613	2013-06-18 00:00:00
V	6122	16403	2013-09-06 00:00:00
V	6123	7429	2012-09-14 00:00:00
V	6124	17634	2012-07-08 00:00:00
V	6125	2609	2011-10-07 00:00:00
V	6126	3507	2014-04-28 00:00:00
V	6127	1785	2012-11-08 00:00:00
V	6128	5537	2012-05-30 00:00:00
V	6129	11769	2013-08-03 00:00:00
V	6130	2169	2013-09-06 00:00:00
V	6131	4430	2011-09-26 00:00:00
V	6132	10914	2011-12-11 00:00:00
V	6133	18607	2012-03-24 00:00:00
V	6134	15963	2011-06-04 00:00:00
V	6135	5517	2013-01-11 00:00:00
V	6136	10877	2014-03-04 00:00:00
V	6137	17361	2011-11-20 00:00:00
V	6138	268	2011-09-16 00:00:00
V	6139	9391	2013-12-05 00:00:00
V	6140	8398	2013-01-11 00:00:00
V	6141	11479	2014-02-12 00:00:00
V	6142	12098	2013-03-04 00:00:00
V	6143	515	2014-05-20 00:00:00
V	6144	3470	2013-11-09 00:00:00
V	6145	1169	2012-12-15 00:00:00
V	6146	18300	2013-05-18 00:00:00
V	6147	15530	2013-07-05 00:00:00
V	6148	11500	2011-12-07 00:00:00
V	6149	18310	2013-10-11 00:00:00
V	6150	9009	2013-10-28 00:00:00
V	6151	8696	2014-06-27 00:00:00
V	6152	15855	2013-10-30 00:00:00
V	6153	12507	2013-04-06 00:00:00
V	6154	15377	2012-05-22 00:00:00
V	6155	9284	2014-01-25 00:00:00
V	6156	13911	2013-09-24 00:00:00
V	6157	10508	2014-05-17 00:00:00
V	6158	13529	2014-05-22 00:00:00
V	6159	14572	2013-10-17 00:00:00
V	6160	17523	2013-11-14 00:00:00
V	6161	4680	2014-02-12 00:00:00
V	6162	9360	2012-03-04 00:00:00
V	6163	16457	2011-10-31 00:00:00
V	6164	12586	2013-03-13 00:00:00
V	6165	14900	2012-06-30 00:00:00
V	6166	3632	2013-09-13 00:00:00
V	6167	14402	2012-11-11 00:00:00
V	6168	11894	2014-02-07 00:00:00
V	6169	5341	2013-04-04 00:00:00
V	6170	677	2014-06-29 00:00:00
V	6171	5479	2013-10-19 00:00:00
V	6172	12095	2014-01-13 00:00:00
V	6173	493	2013-12-10 00:00:00
V	6174	2532	2011-09-08 00:00:00
V	6175	18086	2013-08-29 00:00:00
V	6176	16940	2014-03-22 00:00:00
V	6177	11073	2014-01-17 00:00:00
V	6178	2510	2014-06-22 00:00:00
V	6179	13574	2013-03-23 00:00:00
V	6180	9484	2013-02-24 00:00:00
V	6181	4672	2013-08-12 00:00:00
V	6182	19010	2014-05-19 00:00:00
V	6183	17626	2012-12-22 00:00:00
V	6184	19148	2013-08-29 00:00:00
V	6185	11293	2014-05-19 00:00:00
V	6186	12916	2013-05-24 00:00:00
V	6187	8161	2013-10-04 00:00:00
V	6188	14818	2012-11-18 00:00:00
V	6189	16559	2014-03-24 00:00:00
V	6190	6879	2013-04-13 00:00:00
V	6191	15587	2014-03-15 00:00:00
V	6192	1056	2013-10-31 00:00:00
V	6193	16810	2013-08-20 00:00:00
V	6194	11370	2013-07-09 00:00:00
V	6195	19107	2013-09-08 00:00:00
V	6196	10703	2013-12-28 00:00:00
V	6197	3964	2014-04-15 00:00:00
V	6198	18136	2013-08-16 00:00:00
V	6199	12342	2013-07-23 00:00:00
V	6200	11429	2013-10-29 00:00:00
V	6201	12114	2013-02-21 00:00:00
V	6202	4484	2012-11-20 00:00:00
V	6203	18070	2014-05-06 00:00:00
V	6204	2435	2014-06-04 00:00:00
V	6205	15546	2012-02-10 00:00:00
V	6206	18631	2013-10-27 00:00:00
V	6207	8911	2013-08-17 00:00:00
V	6208	9261	2014-04-03 00:00:00
V	6209	14528	2014-03-13 00:00:00
V	6210	2296	2011-12-15 00:00:00
V	6211	5811	2012-10-29 00:00:00
V	6212	36	2013-09-03 00:00:00
V	6213	6064	2014-05-26 00:00:00
V	6214	587	2013-05-22 00:00:00
V	6215	5144	2013-01-08 00:00:00
V	6216	3300	2013-08-16 00:00:00
V	6217	5352	2013-08-15 00:00:00
V	6218	14205	2014-01-16 00:00:00
V	6219	6268	2012-04-09 00:00:00
V	6220	15272	2013-11-11 00:00:00
V	6221	725	2013-11-09 00:00:00
V	6222	14705	2011-09-10 00:00:00
V	6223	1124	2014-03-25 00:00:00
V	6224	16427	2013-07-01 00:00:00
V	6225	15892	2013-07-10 00:00:00
V	6226	15692	2013-03-07 00:00:00
V	6227	9133	2013-10-27 00:00:00
V	6228	16214	2013-11-06 00:00:00
V	6229	5054	2011-06-26 00:00:00
V	6230	10594	2013-12-18 00:00:00
V	6231	5611	2014-01-03 00:00:00
V	6232	4409	2013-12-21 00:00:00
V	6233	14640	2013-07-25 00:00:00
V	6234	2754	2012-11-06 00:00:00
V	6235	12168	2011-11-07 00:00:00
V	6236	12336	2013-07-05 00:00:00
V	6237	14	2013-11-19 00:00:00
V	6238	17408	2013-05-01 00:00:00
V	6239	6687	2014-02-21 00:00:00
V	6240	11766	2014-03-14 00:00:00
V	6241	9424	2014-03-22 00:00:00
V	6242	15194	2013-08-26 00:00:00
V	6243	11870	2013-10-29 00:00:00
V	6244	16717	2013-11-13 00:00:00
V	6245	389	2013-10-30 00:00:00
V	6246	12008	2014-03-15 00:00:00
V	6247	11970	2013-07-20 00:00:00
V	6248	16356	2014-04-29 00:00:00
V	6249	761	2014-05-15 00:00:00
V	6250	15148	2014-05-21 00:00:00
V	6251	13307	2013-09-11 00:00:00
V	6252	15427	2014-04-15 00:00:00
V	6253	9191	2014-01-26 00:00:00
V	6254	17814	2013-06-30 00:00:00
V	6255	2442	2013-09-09 00:00:00
V	6256	1793	2012-03-14 00:00:00
V	6257	18457	2013-10-12 00:00:00
V	6258	8752	2012-03-02 00:00:00
V	6259	3648	2014-04-28 00:00:00
V	6260	11792	2013-10-20 00:00:00
V	6261	2025	2012-02-24 00:00:00
V	6262	10121	2013-11-22 00:00:00
V	6263	6930	2012-03-21 00:00:00
V	6264	768	2013-05-23 00:00:00
V	6265	2756	2013-08-29 00:00:00
V	6266	4643	2013-01-17 00:00:00
V	6267	5928	2014-02-10 00:00:00
V	6268	4427	2014-02-19 00:00:00
V	6269	17195	2013-10-02 00:00:00
V	6270	5948	2013-11-13 00:00:00
V	6271	12061	2012-06-01 00:00:00
V	6272	10540	2013-10-16 00:00:00
V	6273	1284	2013-04-24 00:00:00
V	6274	5296	2013-07-27 00:00:00
V	6275	7430	2013-08-01 00:00:00
V	6276	2260	2011-12-16 00:00:00
V	6277	19176	2013-11-17 00:00:00
V	6278	13532	2014-02-11 00:00:00
V	6279	13392	2013-07-06 00:00:00
V	6280	6614	2013-10-14 00:00:00
V	6281	1828	2013-04-28 00:00:00
V	6282	5636	2012-10-07 00:00:00
V	6283	14478	2013-10-03 00:00:00
V	6284	8031	2014-03-08 00:00:00
V	6285	12640	2014-02-05 00:00:00
V	6286	10274	2011-12-08 00:00:00
V	6287	4577	2013-06-12 00:00:00
V	6288	2900	2013-07-16 00:00:00
V	6289	5935	2013-07-29 00:00:00
V	6290	2374	2013-02-26 00:00:00
V	6291	15581	2012-01-22 00:00:00
V	6292	10516	2013-08-18 00:00:00
V	6293	11053	2013-09-02 00:00:00
V	6294	6152	2013-11-27 00:00:00
V	6295	11698	2013-11-17 00:00:00
V	6296	10488	2014-01-15 00:00:00
V	6297	14169	2014-06-07 00:00:00
V	6298	1215	2013-08-12 00:00:00
V	6299	7953	2013-10-20 00:00:00
V	6300	14763	2012-08-09 00:00:00
V	6301	10923	2014-05-22 00:00:00
V	6302	9400	2011-07-05 00:00:00
V	6303	13424	2013-08-13 00:00:00
V	6304	3319	2014-03-04 00:00:00
V	6305	16835	2013-07-27 00:00:00
V	6306	2592	2013-08-29 00:00:00
V	6307	12003	2011-10-17 00:00:00
V	6308	5630	2014-01-01 00:00:00
V	6309	6685	2013-08-05 00:00:00
V	6310	7932	2014-02-28 00:00:00
V	6311	2585	2013-04-08 00:00:00
V	6312	16330	2012-10-16 00:00:00
V	6313	10517	2013-01-27 00:00:00
V	6314	19089	2012-03-25 00:00:00
V	6315	18956	2014-03-07 00:00:00
V	6316	6131	2014-05-03 00:00:00
V	6317	18423	2011-09-09 00:00:00
V	6318	329	2012-04-23 00:00:00
V	6319	11878	2013-11-06 00:00:00
V	6320	1754	2013-05-03 00:00:00
V	6321	952	2014-03-22 00:00:00
V	6322	14424	2013-08-25 00:00:00
V	6323	12949	2013-10-01 00:00:00
V	6324	6977	2013-08-23 00:00:00
V	6325	2969	2014-06-15 00:00:00
V	6326	10730	2013-07-29 00:00:00
V	6327	15566	2013-10-13 00:00:00
V	6328	7299	2013-09-13 00:00:00
V	6329	13343	2013-01-07 00:00:00
V	6330	4681	2012-05-17 00:00:00
V	6331	1766	2013-07-25 00:00:00
V	6332	17734	2014-01-03 00:00:00
V	6333	13464	2013-08-19 00:00:00
V	6334	16620	2012-11-20 00:00:00
V	6335	1792	2014-04-19 00:00:00
V	6336	12679	2014-01-13 00:00:00
V	6337	3597	2014-03-10 00:00:00
V	6338	16245	2013-10-15 00:00:00
V	6339	12092	2012-07-27 00:00:00
V	6340	14143	2012-11-21 00:00:00
V	6341	4302	2013-08-14 00:00:00
V	6342	14012	2013-12-16 00:00:00
V	6343	11965	2013-11-24 00:00:00
V	6344	10153	2011-12-02 00:00:00
V	6345	13239	2014-03-29 00:00:00
V	6346	18879	2014-05-05 00:00:00
V	6347	9305	2012-08-03 00:00:00
V	6348	2988	2013-02-26 00:00:00
V	6349	1502	2014-05-16 00:00:00
V	6350	1583	2014-01-10 00:00:00
V	6351	3506	2013-07-26 00:00:00
V	6352	10042	2013-08-13 00:00:00
V	6353	11224	2013-12-28 00:00:00
V	6354	9866	2013-09-13 00:00:00
V	6355	14380	2013-12-15 00:00:00
V	6356	9862	2013-08-10 00:00:00
V	6357	6715	2013-07-17 00:00:00
V	6358	8315	2013-08-02 00:00:00
V	6359	10039	2013-01-16 00:00:00
V	6360	9526	2014-02-18 00:00:00
V	6361	13799	2014-01-01 00:00:00
V	6362	134	2014-01-03 00:00:00
V	6363	3723	2014-06-08 00:00:00
V	6364	2985	2013-05-09 00:00:00
V	6365	6712	2014-05-30 00:00:00
V	6366	3873	2013-10-05 00:00:00
V	6367	10653	2011-06-19 00:00:00
V	6368	3562	2014-03-17 00:00:00
V	6369	12926	2013-10-09 00:00:00
V	6370	17002	2011-12-22 00:00:00
V	6371	559	2014-01-19 00:00:00
V	6372	5063	2013-04-22 00:00:00
V	6373	15399	2013-11-20 00:00:00
V	6374	3203	2014-06-06 00:00:00
V	6375	5112	2012-05-12 00:00:00
V	6376	14753	2013-04-22 00:00:00
V	6377	10245	2011-06-16 00:00:00
V	6378	2890	2014-03-19 00:00:00
V	6379	8833	2014-05-23 00:00:00
V	6380	8430	2013-11-09 00:00:00
V	6381	18676	2013-07-01 00:00:00
V	6382	15059	2013-09-21 00:00:00
V	6383	9142	2014-02-06 00:00:00
V	6384	5979	2014-03-18 00:00:00
V	6385	17320	2014-02-28 00:00:00
V	6386	1046	2013-08-21 00:00:00
V	6387	4720	2013-07-02 00:00:00
V	6388	16698	2014-01-17 00:00:00
V	6389	14362	2014-04-13 00:00:00
V	6390	7995	2013-12-10 00:00:00
V	6391	9829	2014-01-02 00:00:00
V	6392	5689	2014-04-26 00:00:00
V	6393	10630	2012-06-23 00:00:00
V	6394	12742	2014-01-10 00:00:00
V	6395	9727	2013-12-16 00:00:00
V	6396	19031	2014-03-14 00:00:00
V	6397	10182	2014-01-17 00:00:00
V	6398	8003	2014-06-21 00:00:00
V	6399	3352	2013-07-15 00:00:00
V	6400	16103	2014-01-07 00:00:00
V	6401	737	2013-11-15 00:00:00
V	6402	19235	2013-04-30 00:00:00
V	6403	14926	2012-06-18 00:00:00
V	6404	14921	2014-04-04 00:00:00
V	6405	1827	2012-05-02 00:00:00
V	6406	3012	2012-03-02 00:00:00
V	6407	16753	2014-03-09 00:00:00
V	6408	10823	2013-11-15 00:00:00
V	6409	9457	2013-07-02 00:00:00
V	6410	7035	2013-10-03 00:00:00
V	6411	997	2013-11-20 00:00:00
V	6412	10595	2014-04-25 00:00:00
V	6413	3801	2014-02-10 00:00:00
V	6414	9568	2013-10-17 00:00:00
V	6415	8362	2014-02-14 00:00:00
V	6416	10498	2011-11-18 00:00:00
V	6417	19023	2014-05-25 00:00:00
V	6418	14275	2012-01-03 00:00:00
V	6419	7451	2014-02-10 00:00:00
V	6420	716	2013-08-04 00:00:00
V	6421	10388	2014-05-28 00:00:00
V	6422	13777	2013-08-13 00:00:00
V	6423	14241	2013-09-19 00:00:00
V	6424	8025	2014-03-02 00:00:00
V	6425	17929	2012-06-11 00:00:00
V	6426	5319	2014-04-06 00:00:00
V	6427	5490	2014-05-28 00:00:00
V	6428	6150	2013-11-15 00:00:00
V	6429	14886	2014-01-02 00:00:00
V	6430	13987	2013-08-22 00:00:00
V	6431	14256	2014-03-17 00:00:00
V	6432	18181	2014-05-29 00:00:00
V	6433	2309	2013-03-25 00:00:00
V	6434	12374	2014-04-19 00:00:00
V	6435	2245	2013-01-07 00:00:00
V	6436	16716	2011-06-29 00:00:00
V	6437	3838	2013-12-20 00:00:00
V	6438	3195	2013-11-17 00:00:00
V	6439	5800	2013-08-15 00:00:00
V	6440	16823	2011-09-15 00:00:00
V	6441	12844	2013-11-18 00:00:00
V	6442	18967	2013-12-22 00:00:00
V	6443	12738	2014-01-02 00:00:00
V	6444	5968	2013-03-14 00:00:00
V	6445	18002	2014-04-23 00:00:00
V	6446	6612	2014-01-06 00:00:00
V	6447	14443	2014-05-06 00:00:00
V	6448	16012	2013-08-28 00:00:00
V	6449	17067	2014-04-04 00:00:00
V	6450	15979	2013-04-12 00:00:00
V	6451	2039	2013-12-27 00:00:00
V	6452	16747	2012-07-01 00:00:00
V	6453	12193	2013-11-24 00:00:00
V	6454	11485	2013-07-25 00:00:00
V	6455	1855	2014-01-13 00:00:00
V	6456	13027	2012-05-04 00:00:00
V	6457	4866	2013-08-14 00:00:00
V	6458	14113	2014-04-02 00:00:00
V	6459	18672	2013-12-16 00:00:00
V	6460	4416	2014-02-02 00:00:00
V	6461	18277	2014-02-10 00:00:00
V	6462	17555	2013-08-13 00:00:00
V	6463	967	2011-10-13 00:00:00
V	6464	16891	2011-06-25 00:00:00
V	6465	8963	2013-10-22 00:00:00
V	6466	15969	2013-05-05 00:00:00
V	6467	11407	2011-06-07 00:00:00
V	6468	17596	2013-10-26 00:00:00
V	6469	17069	2013-04-18 00:00:00
V	6470	12819	2011-11-08 00:00:00
V	6471	13565	2013-03-04 00:00:00
V	6472	6763	2013-11-02 00:00:00
V	6473	2462	2012-03-08 00:00:00
V	6474	16865	2011-10-27 00:00:00
V	6475	17617	2012-04-19 00:00:00
V	6476	11183	2014-05-15 00:00:00
V	6477	335	2013-08-04 00:00:00
V	6478	17519	2012-03-14 00:00:00
V	6479	9663	2013-08-23 00:00:00
V	6480	8562	2014-01-14 00:00:00
V	6481	6929	2014-01-12 00:00:00
V	6482	644	2012-02-24 00:00:00
V	6483	13795	2012-06-22 00:00:00
V	6484	10208	2013-10-05 00:00:00
V	6485	7661	2011-12-18 00:00:00
V	6486	5653	2014-06-29 00:00:00
V	6487	9178	2013-10-27 00:00:00
V	6488	16781	2014-05-30 00:00:00
V	6489	9109	2013-05-07 00:00:00
V	6490	6754	2013-10-22 00:00:00
V	6491	9720	2011-07-24 00:00:00
V	6492	16417	2013-04-27 00:00:00
V	6493	11136	2014-02-13 00:00:00
V	6494	7849	2014-03-27 00:00:00
V	6495	15320	2013-08-23 00:00:00
V	6496	8155	2014-04-11 00:00:00
V	6497	612	2013-07-11 00:00:00
V	6498	8231	2014-01-22 00:00:00
V	6499	11889	2014-05-07 00:00:00
V	6500	12206	2014-01-28 00:00:00
V	6501	1779	2013-08-02 00:00:00
V	6502	16314	2012-11-03 00:00:00
V	6503	1333	2012-06-01 00:00:00
V	6504	4046	2012-01-28 00:00:00
V	6505	11121	2011-12-20 00:00:00
V	6506	16755	2014-03-20 00:00:00
V	6507	1921	2012-03-21 00:00:00
V	6508	4449	2013-07-07 00:00:00
V	6509	17304	2013-01-16 00:00:00
V	6510	16260	2012-04-02 00:00:00
V	6511	12199	2014-05-24 00:00:00
V	6512	14272	2013-07-21 00:00:00
V	6513	12549	2011-12-18 00:00:00
V	6514	13959	2014-01-17 00:00:00
V	6515	15415	2014-02-02 00:00:00
V	6516	18543	2013-10-07 00:00:00
V	6517	13636	2014-04-28 00:00:00
V	6518	13580	2014-04-27 00:00:00
V	6519	11912	2013-08-22 00:00:00
V	6520	7927	2014-01-14 00:00:00
V	6521	5640	2013-11-18 00:00:00
V	6522	2069	2013-06-22 00:00:00
V	6523	8652	2013-04-05 00:00:00
V	6524	8427	2012-09-17 00:00:00
V	6525	7255	2014-02-04 00:00:00
V	6526	56	2014-03-16 00:00:00
V	6527	1790	2013-12-12 00:00:00
V	6528	3089	2014-02-13 00:00:00
V	6529	12637	2012-02-23 00:00:00
V	6530	3248	2013-10-06 00:00:00
V	6531	7801	2014-01-02 00:00:00
V	6532	16131	2013-07-08 00:00:00
V	6533	17427	2013-10-27 00:00:00
V	6534	1017	2011-10-28 00:00:00
V	6535	12622	2013-10-26 00:00:00
V	6536	18830	2012-05-26 00:00:00
V	6537	3843	2013-07-18 00:00:00
V	6538	3064	2013-05-21 00:00:00
V	6539	935	2014-04-14 00:00:00
V	6540	15128	2014-02-03 00:00:00
V	6541	2955	2013-12-05 00:00:00
V	6542	2338	2014-02-07 00:00:00
V	6543	14510	2013-12-26 00:00:00
V	6544	17189	2012-08-19 00:00:00
V	6545	3993	2013-12-24 00:00:00
V	6546	16338	2014-03-04 00:00:00
V	6547	4062	2013-11-19 00:00:00
V	6548	12108	2013-02-14 00:00:00
V	6549	12654	2013-09-10 00:00:00
V	6550	7510	2013-07-07 00:00:00
V	6551	16998	2014-03-16 00:00:00
V	6552	3412	2011-09-19 00:00:00
V	6553	12175	2013-11-01 00:00:00
V	6554	4848	2013-05-10 00:00:00
V	6555	6216	2013-09-27 00:00:00
V	6556	10820	2013-04-26 00:00:00
V	6557	3100	2013-10-01 00:00:00
V	6558	17117	2011-10-10 00:00:00
V	6559	12372	2013-09-15 00:00:00
V	6560	11249	2013-10-09 00:00:00
V	6561	7516	2013-11-07 00:00:00
V	6562	2903	2014-03-23 00:00:00
V	6563	6910	2011-08-08 00:00:00
V	6564	7715	2013-07-31 00:00:00
V	6565	5959	2014-01-22 00:00:00
V	6566	9086	2012-10-17 00:00:00
V	6567	7498	2014-02-18 00:00:00
V	6568	15183	2013-09-01 00:00:00
V	6569	11291	2013-11-30 00:00:00
V	6570	9073	2013-06-20 00:00:00
V	6571	9298	2014-05-16 00:00:00
V	6572	17088	2014-04-16 00:00:00
V	6573	800	2011-12-09 00:00:00
V	6574	12470	2014-05-10 00:00:00
V	6575	2894	2013-07-16 00:00:00
V	6576	11734	2011-10-26 00:00:00
V	6577	837	2012-03-08 00:00:00
V	6578	3792	2012-09-11 00:00:00
V	6579	1542	2014-03-06 00:00:00
V	6580	7342	2014-01-24 00:00:00
V	6581	4912	2013-02-26 00:00:00
V	6582	11711	2014-04-29 00:00:00
V	6583	4698	2012-11-23 00:00:00
V	6584	10649	2014-05-22 00:00:00
V	6585	8354	2014-05-26 00:00:00
V	6586	1625	2013-09-04 00:00:00
V	6587	154	2013-09-16 00:00:00
V	6588	15472	2012-09-11 00:00:00
V	6589	2726	2011-07-30 00:00:00
V	6590	3783	2013-04-04 00:00:00
V	6591	12587	2014-04-13 00:00:00
V	6592	17293	2014-04-14 00:00:00
V	6593	14087	2013-04-06 00:00:00
V	6594	18121	2013-08-29 00:00:00
V	6595	6674	2013-12-20 00:00:00
V	6596	14164	2012-10-28 00:00:00
V	6597	9533	2013-10-03 00:00:00
V	6598	3066	2013-09-17 00:00:00
V	6599	18737	2012-11-26 00:00:00
V	6600	4540	2014-06-27 00:00:00
V	6601	11885	2013-08-29 00:00:00
V	6602	6137	2014-04-17 00:00:00
V	6603	11795	2013-07-25 00:00:00
V	6604	7131	2013-08-21 00:00:00
V	6605	3926	2013-08-30 00:00:00
V	6606	1843	2013-11-04 00:00:00
V	6607	16714	2013-01-06 00:00:00
V	6608	6141	2014-02-21 00:00:00
V	6609	2073	2014-01-16 00:00:00
V	6610	3118	2014-01-11 00:00:00
V	6611	7908	2013-04-17 00:00:00
V	6612	13439	2013-09-20 00:00:00
V	6613	5516	2014-03-27 00:00:00
V	6614	11408	2012-05-10 00:00:00
V	6615	14677	2014-06-28 00:00:00
V	6616	9878	2012-02-23 00:00:00
V	6617	12447	2012-07-13 00:00:00
V	6618	96	2014-01-17 00:00:00
V	6619	4325	2012-12-29 00:00:00
V	6620	6099	2013-06-01 00:00:00
V	6621	15519	2012-05-10 00:00:00
V	6622	7647	2012-01-15 00:00:00
V	6623	12668	2014-02-12 00:00:00
V	6624	7211	2014-03-30 00:00:00
V	6625	17354	2012-09-02 00:00:00
V	6626	15006	2013-11-24 00:00:00
V	6627	10298	2012-02-13 00:00:00
V	6628	2162	2013-07-16 00:00:00
V	6629	1386	2013-09-05 00:00:00
V	6630	4539	2012-01-13 00:00:00
V	6631	7626	2014-05-13 00:00:00
V	6632	17792	2013-11-22 00:00:00
V	6633	12969	2012-08-22 00:00:00
V	6634	10402	2013-07-27 00:00:00
V	6635	18617	2011-09-12 00:00:00
V	6636	8922	2014-01-28 00:00:00
V	6637	219	2014-01-07 00:00:00
V	6638	11223	2013-05-01 00:00:00
V	6639	12797	2013-09-28 00:00:00
V	6640	11055	2012-08-23 00:00:00
V	6641	10118	2013-11-27 00:00:00
V	6642	8295	2014-03-27 00:00:00
V	6643	9804	2014-03-26 00:00:00
V	6644	473	2013-09-06 00:00:00
V	6645	17630	2014-06-16 00:00:00
V	6646	17661	2013-11-28 00:00:00
V	6647	14155	2013-10-12 00:00:00
V	6648	9892	2012-04-20 00:00:00
V	6649	18255	2014-06-25 00:00:00
V	6650	18979	2013-05-15 00:00:00
V	6651	15812	2013-12-06 00:00:00
V	6652	8975	2014-03-05 00:00:00
V	6653	346	2013-12-24 00:00:00
V	6654	11613	2013-07-04 00:00:00
V	6655	4787	2013-04-02 00:00:00
V	6656	13705	2013-11-13 00:00:00
V	6657	11237	2013-07-31 00:00:00
V	6658	10953	2013-04-09 00:00:00
V	6659	12887	2013-07-22 00:00:00
V	6660	14495	2014-05-15 00:00:00
V	6661	3901	2014-04-30 00:00:00
V	6662	1438	2013-08-06 00:00:00
V	6663	10179	2014-06-25 00:00:00
V	6664	6583	2013-08-20 00:00:00
V	6665	12834	2011-06-18 00:00:00
V	6666	18215	2012-03-03 00:00:00
V	6667	15986	2013-08-18 00:00:00
V	6668	9247	2014-01-27 00:00:00
V	6669	4557	2011-11-20 00:00:00
V	6670	477	2014-04-07 00:00:00
V	6671	4685	2013-08-20 00:00:00
V	6672	8271	2013-09-12 00:00:00
V	6673	18448	2014-02-20 00:00:00
V	6674	7658	2014-04-14 00:00:00
V	6675	14433	2013-12-10 00:00:00
V	6676	584	2013-07-08 00:00:00
V	6677	1857	2014-06-08 00:00:00
V	6678	16413	2013-07-25 00:00:00
V	6679	11366	2012-02-17 00:00:00
V	6680	10621	2013-09-24 00:00:00
V	6681	2035	2012-07-20 00:00:00
V	6682	2159	2014-05-27 00:00:00
V	6683	8123	2014-03-15 00:00:00
V	6684	2046	2012-08-25 00:00:00
V	6685	15911	2013-02-27 00:00:00
V	6686	4704	2013-10-29 00:00:00
V	6687	15885	2013-05-14 00:00:00
V	6688	15029	2013-12-08 00:00:00
V	6689	17877	2014-03-09 00:00:00
V	6690	5810	2012-09-04 00:00:00
V	6691	9805	2013-01-24 00:00:00
V	6692	5445	2013-08-12 00:00:00
V	6693	9770	2014-04-05 00:00:00
V	6694	2418	2013-11-23 00:00:00
V	6695	3683	2012-12-21 00:00:00
V	6696	6656	2013-07-14 00:00:00
V	6697	2119	2013-01-25 00:00:00
V	6698	9390	2013-09-06 00:00:00
V	6699	15958	2012-03-17 00:00:00
V	6700	1263	2013-07-07 00:00:00
V	6701	13112	2013-12-09 00:00:00
V	6702	10973	2014-02-06 00:00:00
V	6703	13804	2013-09-13 00:00:00
V	6704	2115	2013-09-04 00:00:00
V	6705	2699	2013-07-29 00:00:00
V	6706	4733	2014-04-20 00:00:00
V	6707	930	2014-06-08 00:00:00
V	6708	12203	2012-11-10 00:00:00
V	6709	10663	2014-06-29 00:00:00
V	6710	7926	2014-05-28 00:00:00
V	6711	7198	2014-03-03 00:00:00
V	6712	4859	2014-01-20 00:00:00
V	6713	18754	2014-04-12 00:00:00
V	6714	17886	2014-05-22 00:00:00
V	6715	18715	2013-09-19 00:00:00
V	6716	10901	2014-04-04 00:00:00
V	6717	15000	2014-03-31 00:00:00
V	6718	17105	2013-09-07 00:00:00
V	6719	1976	2011-08-13 00:00:00
V	6720	9371	2013-06-27 00:00:00
V	6721	4554	2013-09-21 00:00:00
V	6722	18834	2013-07-27 00:00:00
V	6723	18110	2014-04-08 00:00:00
V	6724	15686	2013-10-06 00:00:00
V	6725	5463	2013-03-22 00:00:00
V	6726	5978	2013-07-01 00:00:00
V	6727	17940	2013-10-28 00:00:00
V	6728	6692	2012-11-22 00:00:00
V	6729	18563	2014-01-05 00:00:00
V	6730	11377	2013-11-14 00:00:00
V	6731	6493	2013-09-25 00:00:00
V	6732	18056	2013-11-26 00:00:00
V	6733	18211	2013-09-10 00:00:00
V	6734	18923	2013-07-21 00:00:00
V	6735	1663	2013-12-16 00:00:00
V	6736	18317	2013-11-14 00:00:00
V	6737	2116	2014-05-13 00:00:00
V	6738	1995	2013-11-18 00:00:00
V	6739	1243	2013-08-06 00:00:00
V	6740	12911	2013-10-27 00:00:00
V	6741	3805	2012-06-22 00:00:00
V	6742	3139	2014-05-16 00:00:00
V	6743	15439	2012-09-27 00:00:00
V	6744	696	2014-02-11 00:00:00
V	6745	1354	2014-05-18 00:00:00
V	6746	7556	2012-03-05 00:00:00
V	6747	8089	2013-11-04 00:00:00
V	6748	6434	2014-06-22 00:00:00
V	6749	13929	2012-03-28 00:00:00
V	6750	7292	2012-10-24 00:00:00
V	6751	17112	2013-03-27 00:00:00
V	6752	3543	2012-12-12 00:00:00
V	6753	6427	2014-03-14 00:00:00
V	6754	4675	2013-08-12 00:00:00
V	6755	9599	2012-05-20 00:00:00
V	6756	8970	2013-06-08 00:00:00
V	6757	6996	2013-10-16 00:00:00
V	6758	9449	2014-03-25 00:00:00
V	6759	5383	2013-12-10 00:00:00
V	6760	8770	2013-03-03 00:00:00
V	6761	9814	2013-10-08 00:00:00
V	6762	2385	2012-02-03 00:00:00
V	6763	16451	2013-04-04 00:00:00
V	6764	18803	2012-04-25 00:00:00
V	6765	8057	2014-03-22 00:00:00
V	6766	16293	2012-01-19 00:00:00
V	6767	17410	2014-03-03 00:00:00
V	6768	62	2014-04-01 00:00:00
V	6769	13754	2014-02-02 00:00:00
V	6770	17167	2013-01-23 00:00:00
V	6771	17821	2014-01-01 00:00:00
V	6772	6345	2014-05-04 00:00:00
V	6773	16757	2014-04-24 00:00:00
V	6774	17157	2013-08-13 00:00:00
V	6775	6039	2013-07-30 00:00:00
V	6776	16675	2014-01-13 00:00:00
V	6777	16778	2014-02-03 00:00:00
V	6778	7517	2013-12-20 00:00:00
V	6779	6387	2013-07-14 00:00:00
V	6780	4207	2013-09-18 00:00:00
V	6781	18299	2013-11-12 00:00:00
V	6782	15975	2013-08-14 00:00:00
V	6783	18013	2012-09-11 00:00:00
V	6784	7651	2011-12-04 00:00:00
V	6785	11584	2014-04-06 00:00:00
V	6786	16680	2014-02-10 00:00:00
V	6787	16771	2013-08-06 00:00:00
V	6788	7008	2011-11-22 00:00:00
V	6789	12493	2014-03-05 00:00:00
V	6790	10286	2013-10-05 00:00:00
V	6791	891	2012-12-22 00:00:00
V	6792	8635	2012-01-10 00:00:00
V	6793	11340	2012-03-26 00:00:00
V	6794	13709	2013-04-08 00:00:00
V	6795	6319	2014-05-15 00:00:00
V	6796	5836	2012-10-26 00:00:00
V	6797	7186	2013-05-13 00:00:00
V	6798	14617	2014-03-19 00:00:00
V	6799	7906	2011-11-10 00:00:00
V	6800	16960	2014-04-18 00:00:00
V	6801	9980	2014-05-11 00:00:00
V	6802	14031	2011-08-27 00:00:00
V	6803	14041	2011-09-29 00:00:00
V	6804	5304	2014-02-05 00:00:00
V	6805	729	2011-09-09 00:00:00
V	6806	5223	2014-01-19 00:00:00
V	6807	12444	2013-10-19 00:00:00
V	6808	9587	2011-09-21 00:00:00
V	6809	9482	2013-09-03 00:00:00
V	6810	7613	2012-03-26 00:00:00
V	6811	6470	2014-01-02 00:00:00
V	6812	3247	2013-01-17 00:00:00
V	6813	18601	2013-11-26 00:00:00
V	6814	673	2013-04-25 00:00:00
V	6815	2514	2013-04-23 00:00:00
V	6816	18308	2012-07-12 00:00:00
V	6817	6247	2011-08-20 00:00:00
V	6818	16542	2014-06-10 00:00:00
V	6819	4549	2011-11-27 00:00:00
V	6820	337	2013-03-06 00:00:00
V	6821	13608	2014-04-22 00:00:00
V	6822	16640	2013-08-17 00:00:00
V	6823	718	2013-08-08 00:00:00
V	6824	7837	2014-01-25 00:00:00
V	6825	9984	2014-03-07 00:00:00
V	6826	16415	2012-08-09 00:00:00
V	6827	2389	2014-03-08 00:00:00
V	6828	7291	2013-12-02 00:00:00
V	6829	8958	2014-01-21 00:00:00
V	6830	6985	2013-01-17 00:00:00
V	6831	5012	2012-07-30 00:00:00
V	6832	2842	2013-09-08 00:00:00
V	6833	18579	2013-07-07 00:00:00
V	6834	14479	2014-05-02 00:00:00
V	6835	16129	2014-03-14 00:00:00
V	6836	7826	2013-11-18 00:00:00
V	6837	9128	2014-03-24 00:00:00
V	6838	10089	2014-04-24 00:00:00
V	6839	6106	2013-10-26 00:00:00
V	6840	12380	2014-03-08 00:00:00
V	6841	4387	2012-06-01 00:00:00
V	6842	10044	2014-03-18 00:00:00
V	6843	17607	2014-03-30 00:00:00
V	6844	7282	2014-02-08 00:00:00
V	6845	11138	2013-10-05 00:00:00
V	6846	15774	2012-10-26 00:00:00
V	6847	10563	2013-11-28 00:00:00
V	6848	1831	2013-10-20 00:00:00
V	6849	9927	2014-03-19 00:00:00
V	6850	16123	2011-10-26 00:00:00
V	6851	14958	2014-04-15 00:00:00
V	6852	2904	2014-03-27 00:00:00
V	6853	16853	2014-02-13 00:00:00
V	6854	6588	2013-07-19 00:00:00
V	6855	5167	2014-05-25 00:00:00
V	6856	6109	2014-02-08 00:00:00
V	6857	254	2014-03-17 00:00:00
V	6858	6062	2013-07-02 00:00:00
V	6859	2397	2013-02-14 00:00:00
V	6860	18821	2013-11-27 00:00:00
V	6861	12709	2012-07-24 00:00:00
V	6862	8379	2013-07-07 00:00:00
V	6863	8746	2011-11-29 00:00:00
V	6864	10264	2013-10-14 00:00:00
V	6865	15293	2014-01-10 00:00:00
V	6866	9489	2012-11-17 00:00:00
V	6867	1317	2013-11-26 00:00:00
V	6868	14629	2014-01-22 00:00:00
V	6869	12288	2014-02-23 00:00:00
V	6870	15417	2014-06-14 00:00:00
V	6871	17309	2014-06-25 00:00:00
V	6872	15659	2013-09-24 00:00:00
V	6873	4108	2012-07-18 00:00:00
V	6874	15457	2013-08-13 00:00:00
V	6875	10637	2014-01-12 00:00:00
V	6876	15672	2013-05-18 00:00:00
V	6877	4731	2012-06-12 00:00:00
V	6878	7201	2014-01-27 00:00:00
V	6879	7847	2014-04-20 00:00:00
V	6880	12070	2011-06-26 00:00:00
V	6881	15859	2013-11-09 00:00:00
V	6882	15077	2014-04-23 00:00:00
V	6883	12100	2013-09-21 00:00:00
V	6884	3097	2014-03-11 00:00:00
V	6885	18891	2012-05-22 00:00:00
V	6886	14517	2013-07-02 00:00:00
V	6887	4381	2013-08-23 00:00:00
V	6888	721	2014-04-14 00:00:00
V	6889	17257	2013-02-05 00:00:00
V	6890	2320	2014-01-06 00:00:00
V	6891	13454	2014-03-24 00:00:00
V	6892	18381	2013-11-23 00:00:00
V	6893	11239	2014-06-16 00:00:00
V	6894	4509	2013-01-16 00:00:00
V	6895	18025	2013-12-09 00:00:00
V	6896	2779	2012-03-25 00:00:00
V	6897	7276	2014-04-30 00:00:00
V	6898	15329	2014-05-12 00:00:00
V	6899	18608	2013-08-26 00:00:00
V	6900	4572	2014-01-11 00:00:00
V	6901	17119	2014-04-12 00:00:00
V	6902	10932	2014-01-03 00:00:00
V	6903	9915	2012-09-23 00:00:00
V	6904	11042	2014-03-26 00:00:00
V	6905	13030	2012-04-26 00:00:00
V	6906	13925	2013-10-13 00:00:00
V	6907	16355	2014-02-28 00:00:00
V	6908	2851	2014-03-01 00:00:00
V	6909	10975	2013-12-07 00:00:00
V	6910	10560	2014-04-30 00:00:00
V	6911	4349	2014-01-12 00:00:00
V	6912	1729	2014-03-31 00:00:00
V	6913	19079	2014-06-27 00:00:00
V	6914	13264	2011-11-22 00:00:00
V	6915	819	2013-09-18 00:00:00
V	6916	11139	2013-12-13 00:00:00
V	6917	11283	2014-05-09 00:00:00
V	6918	5682	2013-09-21 00:00:00
V	6919	7314	2013-09-06 00:00:00
V	6920	2398	2011-10-06 00:00:00
V	6921	16288	2013-07-06 00:00:00
V	6922	8204	2014-04-06 00:00:00
V	6923	18966	2013-07-28 00:00:00
V	6924	15511	2013-12-16 00:00:00
V	6925	4110	2014-06-27 00:00:00
V	6926	10967	2013-11-02 00:00:00
V	6927	15624	2012-01-10 00:00:00
V	6928	18518	2013-09-06 00:00:00
V	6929	6876	2011-12-24 00:00:00
V	6930	6670	2014-05-11 00:00:00
V	6931	7273	2013-11-16 00:00:00
V	6932	15966	2013-11-25 00:00:00
V	6933	8236	2014-04-12 00:00:00
V	6934	13049	2014-02-10 00:00:00
V	6935	15636	2013-12-21 00:00:00
V	6936	10321	2014-01-23 00:00:00
V	6937	4905	2013-03-20 00:00:00
V	6938	18133	2014-05-25 00:00:00
V	6939	13805	2013-09-06 00:00:00
V	6940	2994	2014-05-15 00:00:00
V	6941	15640	2012-08-13 00:00:00
V	6942	15776	2013-03-29 00:00:00
V	6943	602	2013-01-18 00:00:00
V	6944	2253	2014-05-28 00:00:00
V	6945	8863	2012-11-12 00:00:00
V	6946	15557	2011-06-23 00:00:00
V	6947	15437	2014-01-09 00:00:00
V	6948	14034	2014-03-21 00:00:00
V	6949	3665	2012-12-01 00:00:00
V	6950	10416	2014-02-24 00:00:00
V	6951	18804	2014-04-18 00:00:00
V	6952	12822	2013-11-07 00:00:00
V	6953	7639	2011-06-27 00:00:00
V	6954	14101	2013-12-27 00:00:00
V	6955	14451	2014-01-07 00:00:00
V	6956	788	2013-10-17 00:00:00
V	6957	2237	2013-11-13 00:00:00
V	6958	13198	2014-06-19 00:00:00
V	6959	81	2012-11-17 00:00:00
V	6960	14289	2012-01-02 00:00:00
V	6961	9690	2013-12-18 00:00:00
V	6962	18812	2014-04-06 00:00:00
V	6963	4508	2012-10-07 00:00:00
V	6964	12086	2014-02-26 00:00:00
V	6965	9463	2014-05-18 00:00:00
V	6966	16414	2014-03-10 00:00:00
V	6967	12909	2013-11-22 00:00:00
V	6968	323	2013-08-18 00:00:00
V	6969	6021	2013-07-10 00:00:00
V	6970	15386	2013-08-26 00:00:00
V	6971	183	2014-01-01 00:00:00
V	6972	1972	2014-04-11 00:00:00
V	6973	14366	2011-10-28 00:00:00
V	6974	12361	2013-07-25 00:00:00
V	6975	16227	2013-11-14 00:00:00
V	6976	9464	2013-11-16 00:00:00
V	6977	1004	2013-09-26 00:00:00
V	6978	14042	2014-01-05 00:00:00
V	6979	10704	2013-09-13 00:00:00
V	6980	12434	2013-08-16 00:00:00
V	6981	19038	2013-11-02 00:00:00
V	6982	17495	2013-07-28 00:00:00
V	6983	1670	2013-10-02 00:00:00
V	6984	16127	2013-08-27 00:00:00
V	6985	6825	2013-07-26 00:00:00
V	6986	343	2013-12-03 00:00:00
V	6987	16329	2013-07-01 00:00:00
V	6988	7405	2013-09-12 00:00:00
V	6989	10494	2013-10-13 00:00:00
V	6990	1988	2011-06-01 00:00:00
V	6991	17781	2013-07-01 00:00:00
V	6992	14395	2013-12-07 00:00:00
V	6993	15378	2013-08-07 00:00:00
V	6994	10886	2014-05-01 00:00:00
V	6995	7294	2012-09-19 00:00:00
V	6996	13169	2013-02-01 00:00:00
V	6997	9603	2013-05-07 00:00:00
V	6998	8686	2014-03-09 00:00:00
V	6999	14320	2013-11-16 00:00:00
V	7000	4407	2013-11-24 00:00:00
V	7001	8902	2012-10-08 00:00:00
V	7002	15398	2012-01-19 00:00:00
V	7003	13125	2014-03-03 00:00:00
V	7004	6705	2013-09-19 00:00:00
V	7005	11499	2013-11-27 00:00:00
V	7006	6240	2013-09-19 00:00:00
V	7007	7300	2014-05-26 00:00:00
V	7008	13072	2013-10-02 00:00:00
V	7009	9803	2014-03-13 00:00:00
V	7010	6629	2012-11-22 00:00:00
V	7011	7874	2014-05-07 00:00:00
V	7012	1858	2014-06-21 00:00:00
V	7013	4106	2014-04-05 00:00:00
V	7014	1780	2013-09-16 00:00:00
V	7015	291	2012-05-11 00:00:00
V	7016	16663	2014-01-27 00:00:00
V	7017	11159	2013-11-10 00:00:00
V	7018	6129	2014-02-01 00:00:00
V	7019	9047	2012-05-01 00:00:00
V	7020	10776	2014-04-27 00:00:00
V	7021	11956	2014-01-09 00:00:00
V	7022	2305	2013-05-15 00:00:00
V	7023	5792	2012-06-08 00:00:00
V	7024	14401	2013-12-03 00:00:00
V	7025	8800	2012-01-10 00:00:00
V	7026	14431	2012-07-23 00:00:00
V	7027	2550	2012-02-23 00:00:00
V	7028	2838	2013-04-22 00:00:00
V	7029	10167	2013-08-15 00:00:00
V	7030	4295	2013-07-12 00:00:00
V	7031	3826	2012-02-04 00:00:00
V	7032	8951	2013-12-28 00:00:00
V	7033	5782	2014-06-19 00:00:00
V	7034	2185	2013-11-01 00:00:00
V	7035	6369	2013-05-29 00:00:00
V	7036	10331	2013-11-05 00:00:00
V	7037	10534	2013-06-02 00:00:00
V	7038	8054	2014-02-08 00:00:00
V	7039	176	2013-11-27 00:00:00
V	7040	17757	2013-11-09 00:00:00
V	7041	11469	2014-02-25 00:00:00
V	7042	12400	2013-01-03 00:00:00
V	7043	8915	2013-07-25 00:00:00
V	7044	12872	2013-12-13 00:00:00
V	7045	11149	2012-07-15 00:00:00
V	7046	10557	2013-03-10 00:00:00
V	7047	16248	2014-05-05 00:00:00
V	7048	2674	2011-12-25 00:00:00
V	7049	12717	2013-07-09 00:00:00
V	7050	2905	2014-04-03 00:00:00
V	7051	13473	2013-03-12 00:00:00
V	7052	8143	2013-09-24 00:00:00
V	7053	15334	2013-05-12 00:00:00
V	7054	18985	2013-11-21 00:00:00
V	7055	14390	2012-01-05 00:00:00
V	7056	18629	2013-03-12 00:00:00
V	7057	7881	2014-03-01 00:00:00
V	7058	4916	2013-02-01 00:00:00
V	7059	19074	2013-09-23 00:00:00
V	7060	2156	2014-05-13 00:00:00
V	7061	6645	2013-11-25 00:00:00
V	7062	12760	2012-10-10 00:00:00
V	7063	18730	2014-02-18 00:00:00
V	7064	10947	2014-05-14 00:00:00
V	7065	7501	2011-12-17 00:00:00
V	7066	11953	2013-12-22 00:00:00
V	7067	16406	2014-02-13 00:00:00
V	7068	7471	2013-10-09 00:00:00
V	7069	13860	2013-07-17 00:00:00
V	7070	12936	2013-09-19 00:00:00
V	7071	4677	2012-08-01 00:00:00
V	7072	14857	2014-02-02 00:00:00
V	7073	8348	2014-02-08 00:00:00
V	7074	8763	2013-12-22 00:00:00
V	7075	3631	2013-10-30 00:00:00
V	7076	16677	2014-01-08 00:00:00
V	7077	2703	2011-08-19 00:00:00
V	7078	10043	2014-05-15 00:00:00
V	7079	2048	2013-09-29 00:00:00
V	7080	444	2014-06-12 00:00:00
V	7081	4881	2014-06-25 00:00:00
V	7082	3	2014-01-14 00:00:00
V	7083	12424	2013-07-13 00:00:00
V	7084	690	2014-04-17 00:00:00
V	7085	9798	2012-01-13 00:00:00
V	7086	4104	2014-01-26 00:00:00
V	7087	13368	2014-05-22 00:00:00
V	7088	11078	2013-10-03 00:00:00
V	7089	16182	2013-07-27 00:00:00
V	7090	8053	2011-12-31 00:00:00
V	7091	7308	2013-05-21 00:00:00
V	7092	4102	2014-02-15 00:00:00
V	7093	7616	2013-10-26 00:00:00
V	7094	11857	2013-08-06 00:00:00
V	7095	9112	2012-03-11 00:00:00
V	7096	11825	2013-10-23 00:00:00
V	7097	10937	2013-07-20 00:00:00
V	7098	9241	2014-03-03 00:00:00
V	7099	11032	2013-09-24 00:00:00
V	7100	9978	2013-04-13 00:00:00
V	7101	14086	2013-06-18 00:00:00
V	7102	15602	2012-09-13 00:00:00
V	7103	9450	2014-01-26 00:00:00
V	7104	17395	2013-10-03 00:00:00
V	7105	392	2013-10-29 00:00:00
V	7106	15896	2012-12-03 00:00:00
V	7107	10921	2012-08-17 00:00:00
V	7108	18032	2013-12-13 00:00:00
V	7109	19171	2014-06-03 00:00:00
V	7110	783	2014-02-08 00:00:00
V	7111	13085	2014-06-07 00:00:00
V	7112	5728	2011-12-03 00:00:00
V	7113	974	2012-04-17 00:00:00
V	7114	16988	2013-05-06 00:00:00
V	7115	7614	2012-02-08 00:00:00
V	7116	4251	2014-05-13 00:00:00
V	7117	578	2012-06-11 00:00:00
V	7118	18866	2014-01-29 00:00:00
V	7119	5654	2013-11-25 00:00:00
V	7120	7137	2013-09-26 00:00:00
V	7121	11875	2014-03-23 00:00:00
V	7122	5845	2013-08-12 00:00:00
V	7123	19165	2013-05-14 00:00:00
V	7124	11483	2013-07-18 00:00:00
V	7125	1681	2013-10-31 00:00:00
V	7126	15165	2011-08-10 00:00:00
V	7127	15731	2014-01-13 00:00:00
V	7128	9871	2012-02-14 00:00:00
V	7129	3509	2014-06-13 00:00:00
V	7130	10161	2013-11-18 00:00:00
V	7131	14970	2012-06-23 00:00:00
V	7132	10279	2013-08-02 00:00:00
V	7133	3294	2013-09-17 00:00:00
V	7134	14470	2013-09-09 00:00:00
V	7135	8648	2013-10-27 00:00:00
V	7136	18721	2014-03-02 00:00:00
V	7137	15368	2012-10-10 00:00:00
V	7138	2931	2013-10-15 00:00:00
V	7139	13345	2013-10-28 00:00:00
V	7140	4620	2013-11-13 00:00:00
V	7141	5372	2011-08-30 00:00:00
V	7142	16240	2014-04-11 00:00:00
V	7143	13713	2013-12-05 00:00:00
V	7144	13172	2013-09-24 00:00:00
V	7145	6221	2013-09-15 00:00:00
V	7146	12217	2014-01-04 00:00:00
V	7147	7153	2014-03-08 00:00:00
V	7148	18819	2013-06-26 00:00:00
V	7149	12158	2014-05-15 00:00:00
V	7150	18867	2013-10-06 00:00:00
V	7151	1159	2013-07-26 00:00:00
V	7152	9401	2014-05-30 00:00:00
V	7153	3281	2014-04-10 00:00:00
V	7154	1926	2012-11-01 00:00:00
V	7155	11034	2013-09-20 00:00:00
V	7156	12596	2013-11-21 00:00:00
V	7157	481	2012-08-13 00:00:00
V	7158	5789	2013-07-25 00:00:00
V	7159	5159	2013-07-16 00:00:00
V	7160	16243	2012-09-04 00:00:00
V	7161	9392	2013-11-25 00:00:00
V	7162	9582	2013-11-21 00:00:00
V	7163	8848	2014-02-02 00:00:00
V	7164	13220	2013-04-16 00:00:00
V	7165	14125	2014-05-15 00:00:00
V	7166	4025	2011-11-10 00:00:00
V	7167	11386	2014-05-21 00:00:00
V	7168	17655	2013-12-09 00:00:00
V	7169	16313	2014-01-26 00:00:00
V	7170	17518	2012-12-13 00:00:00
V	7171	4083	2013-12-07 00:00:00
V	7172	9103	2013-11-16 00:00:00
V	7173	4372	2012-06-05 00:00:00
V	7174	15757	2014-04-26 00:00:00
V	7175	311	2013-08-16 00:00:00
V	7176	11749	2012-12-10 00:00:00
V	7177	7241	2013-11-09 00:00:00
V	7178	14696	2012-07-15 00:00:00
V	7179	75	2013-09-22 00:00:00
V	7180	16297	2013-07-12 00:00:00
V	7181	13991	2013-05-07 00:00:00
V	7182	8264	2013-07-01 00:00:00
V	7183	675	2013-09-04 00:00:00
V	7184	5817	2013-10-01 00:00:00
V	7185	15166	2012-11-09 00:00:00
V	7186	8188	2014-01-06 00:00:00
V	7187	8477	2014-06-27 00:00:00
V	7188	5418	2013-08-08 00:00:00
V	7189	9445	2013-08-05 00:00:00
V	7190	5244	2013-07-28 00:00:00
V	7191	16529	2014-01-30 00:00:00
V	7192	14522	2014-01-13 00:00:00
V	7193	2461	2014-04-09 00:00:00
V	7194	15841	2011-11-06 00:00:00
V	7195	4146	2013-10-02 00:00:00
V	7196	17576	2013-09-01 00:00:00
V	7197	17828	2013-11-11 00:00:00
V	7198	4292	2014-01-10 00:00:00
V	7199	9783	2012-02-17 00:00:00
V	7200	9612	2012-02-12 00:00:00
V	7201	1367	2014-02-08 00:00:00
V	7202	16056	2012-01-21 00:00:00
V	7203	9524	2014-04-08 00:00:00
V	7204	2043	2012-11-22 00:00:00
V	7205	18598	2012-03-19 00:00:00
V	7206	9253	2013-12-21 00:00:00
V	7207	1413	2013-03-25 00:00:00
V	7208	1500	2011-06-23 00:00:00
V	7209	4127	2014-01-05 00:00:00
V	7210	9728	2013-12-27 00:00:00
V	7211	15066	2013-12-27 00:00:00
V	7212	17947	2014-05-26 00:00:00
V	7213	1211	2013-10-03 00:00:00
V	7214	3042	2014-02-04 00:00:00
V	7215	14421	2013-10-03 00:00:00
V	7216	10537	2012-07-18 00:00:00
V	7217	15965	2013-10-24 00:00:00
V	7218	5156	2014-01-12 00:00:00
V	7219	18046	2013-05-12 00:00:00
V	7220	3699	2012-10-10 00:00:00
V	7221	12636	2013-02-18 00:00:00
V	7222	6655	2013-11-26 00:00:00
V	7223	12358	2013-12-03 00:00:00
V	7224	10272	2013-10-16 00:00:00
V	7225	8014	2013-11-24 00:00:00
V	7226	9346	2011-11-02 00:00:00
V	7227	1075	2012-04-10 00:00:00
V	7228	13490	2013-12-20 00:00:00
V	7229	16175	2014-02-21 00:00:00
V	7230	15593	2013-07-19 00:00:00
V	7231	12840	2014-04-02 00:00:00
V	7232	7792	2011-10-10 00:00:00
V	7233	3752	2013-11-05 00:00:00
V	7234	17911	2011-11-26 00:00:00
V	7235	10964	2013-05-05 00:00:00
V	7236	12968	2012-01-06 00:00:00
V	7237	5497	2013-12-06 00:00:00
V	7238	8505	2012-05-18 00:00:00
V	7239	18268	2013-07-03 00:00:00
V	7240	6201	2014-06-23 00:00:00
V	7241	12569	2012-02-16 00:00:00
V	7242	1761	2014-05-25 00:00:00
V	7243	10226	2013-12-17 00:00:00
V	7244	13716	2013-04-01 00:00:00
V	7245	13365	2013-03-31 00:00:00
V	7246	12982	2013-09-24 00:00:00
V	7247	5183	2013-09-09 00:00:00
V	7248	14832	2014-03-13 00:00:00
V	7249	2135	2013-08-12 00:00:00
V	7250	4818	2012-08-03 00:00:00
V	7251	14700	2013-10-25 00:00:00
V	7252	10636	2013-09-14 00:00:00
V	7253	18639	2014-05-04 00:00:00
V	7254	13134	2013-10-21 00:00:00
V	7255	1006	2014-01-19 00:00:00
V	7256	9799	2013-06-02 00:00:00
V	7257	9363	2013-07-25 00:00:00
V	7258	9427	2012-12-04 00:00:00
V	7259	15618	2011-11-19 00:00:00
V	7260	16246	2011-11-07 00:00:00
V	7261	8106	2013-09-12 00:00:00
V	7262	12059	2011-07-19 00:00:00
V	7263	12130	2013-07-20 00:00:00
V	7264	7702	2013-07-07 00:00:00
V	7265	3720	2014-05-07 00:00:00
V	7266	16391	2013-11-13 00:00:00
V	7267	6974	2013-01-13 00:00:00
V	7268	15406	2013-08-13 00:00:00
V	7269	9785	2013-11-03 00:00:00
V	7270	9344	2012-05-12 00:00:00
V	7271	9282	2014-04-14 00:00:00
V	7272	1762	2014-01-03 00:00:00
V	7273	14580	2012-02-22 00:00:00
V	7274	1351	2014-04-04 00:00:00
V	7275	1774	2012-11-26 00:00:00
V	7276	5239	2013-03-08 00:00:00
V	7277	7746	2014-04-05 00:00:00
V	7278	11863	2013-11-03 00:00:00
V	7279	12422	2012-03-15 00:00:00
V	7280	2744	2013-12-11 00:00:00
V	7281	15728	2014-01-30 00:00:00
V	7282	7264	2014-01-02 00:00:00
V	7283	4648	2013-07-22 00:00:00
V	7284	17052	2013-11-25 00:00:00
V	7285	9944	2014-06-07 00:00:00
V	7286	9769	2014-01-20 00:00:00
V	7287	18794	2013-07-14 00:00:00
V	7288	15934	2014-04-12 00:00:00
V	7289	18587	2012-03-10 00:00:00
V	7290	16511	2013-10-08 00:00:00
V	7291	14378	2014-05-14 00:00:00
V	7292	2617	2013-07-24 00:00:00
V	7293	1178	2011-06-30 00:00:00
V	7294	12258	2013-12-30 00:00:00
V	7295	8843	2013-10-29 00:00:00
V	7296	8725	2013-11-15 00:00:00
V	7297	18426	2014-03-01 00:00:00
V	7298	9136	2013-05-27 00:00:00
V	7299	3991	2013-03-30 00:00:00
V	7300	6563	2013-07-29 00:00:00
V	7301	2375	2014-04-18 00:00:00
V	7302	7536	2014-02-17 00:00:00
V	7303	4764	2013-12-06 00:00:00
V	7304	11665	2014-05-09 00:00:00
V	7305	16671	2013-07-01 00:00:00
V	7306	16268	2013-04-17 00:00:00
V	7307	5587	2014-03-19 00:00:00
V	7308	4084	2014-05-17 00:00:00
V	7309	6036	2013-08-03 00:00:00
V	7310	7196	2012-11-16 00:00:00
V	7311	17403	2011-08-22 00:00:00
V	7312	10489	2013-08-07 00:00:00
V	7313	17479	2014-02-15 00:00:00
V	7314	11406	2013-11-20 00:00:00
V	7315	15817	2012-10-05 00:00:00
V	7316	15392	2013-07-28 00:00:00
V	7317	7056	2013-07-24 00:00:00
V	7318	6360	2013-01-13 00:00:00
V	7319	15015	2013-11-06 00:00:00
V	7320	1844	2013-05-19 00:00:00
V	7321	2513	2013-08-27 00:00:00
V	7322	1106	2012-02-15 00:00:00
V	7323	16254	2014-04-30 00:00:00
V	7324	11515	2012-12-11 00:00:00
V	7325	328	2014-03-01 00:00:00
V	7326	9404	2014-06-23 00:00:00
V	7327	3489	2012-08-23 00:00:00
V	7328	18088	2014-06-14 00:00:00
V	7329	4393	2014-04-25 00:00:00
V	7330	3010	2012-07-26 00:00:00
V	7331	667	2014-01-09 00:00:00
V	7332	9588	2014-01-16 00:00:00
V	7333	7311	2011-10-26 00:00:00
V	7334	14668	2013-09-30 00:00:00
V	7335	15435	2014-06-28 00:00:00
V	7336	3187	2014-04-26 00:00:00
V	7337	14399	2012-07-12 00:00:00
V	7338	16808	2012-09-26 00:00:00
V	7339	479	2013-12-17 00:00:00
V	7340	18186	2013-08-05 00:00:00
V	7341	10077	2013-12-04 00:00:00
V	7342	9523	2013-09-16 00:00:00
V	7343	4970	2013-07-12 00:00:00
V	7344	17274	2013-12-10 00:00:00
V	7345	7251	2014-05-19 00:00:00
V	7346	2032	2013-09-16 00:00:00
V	7347	7229	2013-07-26 00:00:00
V	7348	16799	2012-09-17 00:00:00
V	7349	467	2014-04-04 00:00:00
V	7350	3996	2013-12-22 00:00:00
V	7351	11064	2013-08-18 00:00:00
V	7352	3520	2013-08-14 00:00:00
V	7353	1873	2013-09-18 00:00:00
V	7354	11250	2013-11-13 00:00:00
V	7355	4584	2014-04-07 00:00:00
V	7356	6403	2014-02-28 00:00:00
V	7357	12655	2014-01-21 00:00:00
V	7358	10818	2012-11-27 00:00:00
V	7359	13258	2013-10-05 00:00:00
V	7360	8122	2014-03-30 00:00:00
V	7361	3709	2011-10-12 00:00:00
V	7362	13039	2014-01-12 00:00:00
V	7363	9885	2013-07-14 00:00:00
V	7364	708	2014-03-18 00:00:00
V	7365	10539	2011-11-06 00:00:00
V	7366	7968	2014-05-13 00:00:00
V	7367	5885	2013-10-29 00:00:00
V	7368	3755	2011-08-13 00:00:00
V	7369	1675	2012-01-26 00:00:00
V	7370	16839	2014-03-21 00:00:00
V	7371	14724	2012-02-10 00:00:00
V	7372	217	2012-08-04 00:00:00
V	7373	14760	2014-02-03 00:00:00
V	7374	13484	2013-12-01 00:00:00
V	7375	10723	2014-05-13 00:00:00
V	7376	5052	2013-11-09 00:00:00
V	7377	8966	2014-01-14 00:00:00
V	7378	18935	2013-06-03 00:00:00
V	7379	11085	2014-05-11 00:00:00
V	7380	9406	2013-07-11 00:00:00
V	7381	17053	2012-02-29 00:00:00
V	7382	1146	2013-04-04 00:00:00
V	7383	9818	2014-05-25 00:00:00
V	7384	10280	2014-02-04 00:00:00
V	7385	18537	2014-04-25 00:00:00
V	7386	17892	2014-05-28 00:00:00
V	7387	9621	2014-01-15 00:00:00
V	7388	8267	2013-09-29 00:00:00
V	7389	6110	2014-01-04 00:00:00
V	7390	13422	2013-08-03 00:00:00
V	7391	11374	2011-11-11 00:00:00
V	7392	4224	2013-12-19 00:00:00
V	7393	12729	2012-12-02 00:00:00
V	7394	9930	2011-06-19 00:00:00
V	7395	14476	2014-02-02 00:00:00
V	7396	8165	2014-05-21 00:00:00
V	7397	6254	2012-07-27 00:00:00
V	7398	2783	2013-10-06 00:00:00
V	7399	560	2011-07-27 00:00:00
V	7400	1536	2013-03-01 00:00:00
V	7401	2150	2013-12-24 00:00:00
V	7402	962	2013-11-02 00:00:00
V	7403	15647	2014-04-07 00:00:00
V	7404	18245	2011-09-21 00:00:00
V	7405	4323	2013-07-20 00:00:00
V	7406	16070	2014-03-06 00:00:00
V	7407	822	2011-12-22 00:00:00
V	7408	16775	2014-05-21 00:00:00
V	7409	8516	2014-02-06 00:00:00
V	7410	7806	2012-03-15 00:00:00
V	7411	8962	2014-05-21 00:00:00
V	7412	9302	2013-05-27 00:00:00
V	7413	16648	2014-01-14 00:00:00
V	7414	14406	2012-06-25 00:00:00
V	7415	2306	2013-08-22 00:00:00
V	7416	632	2014-04-14 00:00:00
V	7417	478	2013-09-04 00:00:00
V	7418	5825	2013-07-27 00:00:00
V	7419	1818	2013-12-21 00:00:00
V	7420	15589	2013-09-27 00:00:00
V	7421	15222	2012-06-01 00:00:00
V	7422	18041	2012-05-22 00:00:00
V	7423	10109	2013-10-31 00:00:00
V	7424	558	2012-05-25 00:00:00
V	7425	5725	2013-07-30 00:00:00
V	7426	12301	2014-03-07 00:00:00
V	7427	15290	2014-05-01 00:00:00
V	7428	8514	2014-05-05 00:00:00
V	7429	2341	2014-04-15 00:00:00
V	7430	13336	2013-06-19 00:00:00
V	7431	11154	2014-05-07 00:00:00
V	7432	11029	2013-04-26 00:00:00
V	7433	9560	2013-08-31 00:00:00
V	7434	9393	2014-06-23 00:00:00
V	7435	18568	2014-05-19 00:00:00
V	7436	8912	2014-05-08 00:00:00
V	7437	11273	2013-09-08 00:00:00
V	7438	6843	2014-01-04 00:00:00
V	7439	8429	2013-04-21 00:00:00
V	7440	12716	2013-07-18 00:00:00
V	7441	3702	2013-11-29 00:00:00
V	7442	17384	2013-11-01 00:00:00
V	7443	3753	2013-12-25 00:00:00
V	7444	5941	2013-08-09 00:00:00
V	7445	18424	2013-12-27 00:00:00
V	7446	9452	2014-04-03 00:00:00
V	7447	13124	2013-11-24 00:00:00
V	7448	9749	2014-04-12 00:00:00
V	7449	2199	2013-09-21 00:00:00
V	7450	12526	2014-02-06 00:00:00
V	7451	8154	2012-04-07 00:00:00
V	7452	1018	2012-12-15 00:00:00
V	7453	18081	2013-12-06 00:00:00
V	7454	13963	2013-10-21 00:00:00
V	7455	353	2013-12-31 00:00:00
V	7456	18336	2014-05-30 00:00:00
V	7457	10677	2012-07-21 00:00:00
V	7458	4419	2014-05-07 00:00:00
V	7459	5911	2014-05-14 00:00:00
V	7460	3711	2013-07-02 00:00:00
V	7461	2856	2013-12-31 00:00:00
V	7462	13244	2013-08-25 00:00:00
V	7463	11754	2013-08-13 00:00:00
V	7464	6891	2014-06-25 00:00:00
V	7465	10665	2014-02-14 00:00:00
V	7466	331	2013-11-03 00:00:00
V	7467	10755	2013-03-24 00:00:00
V	7468	2465	2013-09-02 00:00:00
V	7469	14022	2014-02-27 00:00:00
V	7470	7778	2012-08-28 00:00:00
V	7471	7638	2014-01-05 00:00:00
V	7472	16633	2012-12-25 00:00:00
V	7473	17833	2013-07-04 00:00:00
V	7474	7736	2013-11-05 00:00:00
V	7475	6742	2013-07-18 00:00:00
V	7476	2622	2012-03-17 00:00:00
V	7477	3278	2014-04-18 00:00:00
V	7478	4198	2014-02-02 00:00:00
V	7479	12051	2013-10-27 00:00:00
V	7480	12633	2013-08-17 00:00:00
V	7481	7943	2013-07-10 00:00:00
V	7482	5113	2014-04-19 00:00:00
V	7483	17500	2013-09-26 00:00:00
V	7484	17755	2013-05-12 00:00:00
V	7485	14490	2013-09-26 00:00:00
V	7486	4566	2013-11-16 00:00:00
V	7487	13933	2014-01-10 00:00:00
V	7488	17243	2014-03-26 00:00:00
V	7489	14839	2012-01-01 00:00:00
V	7490	12683	2012-01-07 00:00:00
V	7491	14232	2014-02-07 00:00:00
V	7492	12667	2014-02-10 00:00:00
V	7493	11519	2012-03-06 00:00:00
V	7494	1880	2013-08-02 00:00:00
V	7495	8803	2014-03-28 00:00:00
V	7496	5109	2013-12-26 00:00:00
V	7497	8199	2014-01-12 00:00:00
V	7498	13485	2011-06-26 00:00:00
V	7499	10855	2012-05-05 00:00:00
V	7500	19213	2013-03-12 00:00:00
V	7501	1722	2012-01-06 00:00:00
V	7502	7337	2013-10-27 00:00:00
V	7503	12846	2014-03-27 00:00:00
V	7504	7533	2013-06-30 00:00:00
V	7505	6995	2012-03-06 00:00:00
V	7506	10568	2013-08-17 00:00:00
V	7507	4038	2014-04-13 00:00:00
V	7508	15715	2013-07-01 00:00:00
V	7509	5252	2014-02-16 00:00:00
V	7510	14758	2014-02-24 00:00:00
V	7511	7562	2012-02-05 00:00:00
V	7512	69	2012-05-17 00:00:00
V	7513	9288	2013-08-14 00:00:00
V	7514	11475	2012-11-27 00:00:00
V	7515	3158	2013-07-13 00:00:00
V	7516	8989	2012-11-15 00:00:00
V	7517	11071	2013-07-20 00:00:00
V	7518	4389	2013-08-17 00:00:00
V	7519	13170	2012-07-01 00:00:00
V	7520	8330	2013-07-23 00:00:00
V	7521	18282	2013-08-05 00:00:00
V	7522	14209	2013-10-12 00:00:00
V	7523	13007	2013-03-08 00:00:00
V	7524	1615	2013-10-05 00:00:00
V	7525	12451	2014-05-03 00:00:00
V	7526	4337	2013-07-21 00:00:00
V	7527	13432	2012-03-11 00:00:00
V	7528	5631	2014-06-19 00:00:00
V	7529	7963	2013-05-28 00:00:00
V	7530	5624	2013-12-20 00:00:00
V	7531	363	2014-04-04 00:00:00
V	7532	7062	2014-05-17 00:00:00
V	7533	4691	2013-08-24 00:00:00
V	7534	2386	2011-12-20 00:00:00
V	7535	15470	2012-12-06 00:00:00
V	7536	17963	2014-01-04 00:00:00
V	7537	19158	2013-12-03 00:00:00
V	7538	5382	2014-03-09 00:00:00
V	7539	15201	2014-05-04 00:00:00
V	7540	6506	2013-12-15 00:00:00
V	7541	3063	2013-08-18 00:00:00
V	7542	11351	2013-11-21 00:00:00
V	7543	13327	2013-11-17 00:00:00
V	7544	18449	2012-08-04 00:00:00
V	7545	3862	2013-03-07 00:00:00
V	7546	17253	2013-08-22 00:00:00
V	7547	4869	2014-02-09 00:00:00
V	7548	18481	2012-01-26 00:00:00
V	7549	6555	2011-10-23 00:00:00
V	7550	4823	2014-05-28 00:00:00
V	7551	11604	2012-03-24 00:00:00
V	7552	210	2013-10-03 00:00:00
V	7553	7446	2013-07-09 00:00:00
V	7554	13781	2012-03-30 00:00:00
V	7555	9394	2012-11-12 00:00:00
V	7556	12012	2013-12-15 00:00:00
V	7557	2831	2013-08-01 00:00:00
V	7558	18786	2013-09-06 00:00:00
V	7559	11155	2013-09-05 00:00:00
V	7560	9538	2013-09-09 00:00:00
V	7561	10681	2013-08-14 00:00:00
V	7562	5576	2014-04-04 00:00:00
V	7563	15727	2013-07-16 00:00:00
V	7564	18702	2013-11-24 00:00:00
V	7565	7919	2014-04-30 00:00:00
V	7566	3293	2011-11-15 00:00:00
V	7567	10578	2014-02-04 00:00:00
V	7568	2429	2013-11-15 00:00:00
V	7569	5973	2012-07-08 00:00:00
V	7570	993	2013-09-04 00:00:00
V	7571	13391	2014-03-27 00:00:00
V	7572	8757	2012-11-14 00:00:00
V	7573	18069	2013-08-15 00:00:00
V	7574	18907	2013-06-16 00:00:00
V	7575	5949	2013-08-31 00:00:00
V	7576	15150	2014-04-01 00:00:00
V	7577	51	2014-03-07 00:00:00
V	7578	3033	2013-07-19 00:00:00
V	7579	5107	2014-04-25 00:00:00
V	7580	11141	2011-11-25 00:00:00
V	7581	2044	2013-10-02 00:00:00
V	7582	14089	2014-06-30 00:00:00
V	7583	3724	2013-11-24 00:00:00
V	7584	19004	2014-05-25 00:00:00
V	7585	6531	2013-10-14 00:00:00
V	7586	15039	2013-03-27 00:00:00
V	7587	8115	2011-07-19 00:00:00
V	7588	16841	2013-07-17 00:00:00
V	7589	2580	2014-05-01 00:00:00
V	7590	13597	2014-04-12 00:00:00
V	7591	785	2013-07-18 00:00:00
V	7592	11928	2014-06-05 00:00:00
V	7593	9432	2013-07-02 00:00:00
V	7594	13164	2013-08-21 00:00:00
V	7595	18580	2014-01-03 00:00:00
V	7596	17457	2013-08-21 00:00:00
V	7597	14003	2013-07-26 00:00:00
V	7598	9753	2013-11-14 00:00:00
V	7599	9956	2014-05-11 00:00:00
V	7600	17801	2011-07-05 00:00:00
V	7601	3836	2014-04-11 00:00:00
V	7602	4534	2012-06-16 00:00:00
V	7603	7833	2013-02-14 00:00:00
V	7604	7780	2014-05-01 00:00:00
V	7605	12446	2013-08-26 00:00:00
V	7606	7744	2013-10-08 00:00:00
V	7607	11704	2011-08-09 00:00:00
V	7608	14385	2013-12-09 00:00:00
V	7609	314	2014-04-06 00:00:00
V	7610	9357	2014-03-27 00:00:00
V	7611	17991	2014-02-14 00:00:00
V	7612	12563	2012-09-08 00:00:00
V	7613	18210	2014-02-20 00:00:00
V	7614	13315	2011-07-08 00:00:00
V	7615	3833	2014-01-13 00:00:00
V	7616	17643	2013-12-04 00:00:00
V	7617	18575	2013-07-21 00:00:00
V	7618	17664	2013-08-09 00:00:00
V	7619	16658	2013-06-02 00:00:00
V	7620	14948	2011-06-13 00:00:00
V	7621	17943	2013-03-02 00:00:00
V	7622	11791	2013-11-22 00:00:00
V	7623	2685	2012-03-15 00:00:00
V	7624	3910	2014-03-15 00:00:00
V	7625	14957	2014-05-13 00:00:00
V	7626	8498	2013-07-17 00:00:00
V	7627	12084	2014-04-14 00:00:00
V	7628	13492	2013-10-10 00:00:00
V	7629	4259	2013-07-06 00:00:00
V	7630	5474	2014-06-16 00:00:00
V	7631	14383	2012-08-11 00:00:00
V	7632	17292	2013-05-27 00:00:00
V	7633	14439	2014-06-13 00:00:00
V	7634	15985	2013-10-06 00:00:00
V	7635	11163	2013-07-05 00:00:00
V	7636	6905	2014-03-09 00:00:00
V	7637	13538	2013-09-07 00:00:00
V	7638	4237	2013-09-07 00:00:00
V	7639	3698	2014-03-30 00:00:00
V	7640	5564	2013-09-06 00:00:00
V	7641	10174	2013-12-15 00:00:00
V	7642	18843	2013-12-14 00:00:00
V	7643	5149	2014-06-27 00:00:00
V	7644	265	2013-10-04 00:00:00
V	7645	18063	2011-12-15 00:00:00
V	7646	2953	2012-10-24 00:00:00
V	7647	1045	2013-11-30 00:00:00
V	7648	7868	2012-06-19 00:00:00
V	7649	1019	2014-05-04 00:00:00
V	7650	2767	2013-12-02 00:00:00
V	7651	1811	2011-12-14 00:00:00
V	7652	10414	2013-10-27 00:00:00
V	7653	10529	2012-02-14 00:00:00
V	7654	19124	2014-03-04 00:00:00
V	7655	18396	2013-04-20 00:00:00
V	7656	11455	2014-02-15 00:00:00
V	7657	12020	2012-02-07 00:00:00
V	7658	2653	2013-09-30 00:00:00
V	7659	15509	2014-01-11 00:00:00
V	7660	15431	2013-10-18 00:00:00
V	7661	9140	2013-09-04 00:00:00
V	7662	6275	2013-07-20 00:00:00
V	7663	10968	2013-04-01 00:00:00
V	7664	202	2013-10-16 00:00:00
V	7665	11969	2012-10-09 00:00:00
V	7666	4673	2013-10-28 00:00:00
V	7667	14110	2013-11-02 00:00:00
V	7668	18747	2014-04-26 00:00:00
V	7669	17691	2013-11-10 00:00:00
V	7670	16961	2014-01-07 00:00:00
V	7671	7679	2013-12-20 00:00:00
V	7672	16822	2013-06-24 00:00:00
V	7673	2153	2014-06-16 00:00:00
V	7674	3325	2013-09-12 00:00:00
V	7675	3747	2014-02-10 00:00:00
V	7676	12188	2014-02-14 00:00:00
V	7677	17104	2013-03-10 00:00:00
V	7678	4474	2013-07-12 00:00:00
V	7679	3496	2014-02-03 00:00:00
V	7680	10459	2014-01-19 00:00:00
V	7681	3071	2014-06-01 00:00:00
V	7682	15928	2013-08-31 00:00:00
V	7683	18280	2012-11-18 00:00:00
V	7684	4056	2013-09-24 00:00:00
V	7685	7458	2013-05-20 00:00:00
V	7686	13961	2013-07-16 00:00:00
V	7687	8604	2014-06-19 00:00:00
V	7688	13272	2011-10-14 00:00:00
V	7689	7022	2013-02-15 00:00:00
V	7690	16729	2013-08-22 00:00:00
V	7691	16788	2013-08-04 00:00:00
V	7692	17440	2012-08-12 00:00:00
V	7693	11459	2014-06-01 00:00:00
V	7694	4913	2013-02-15 00:00:00
V	7695	10313	2012-09-26 00:00:00
V	7696	12609	2014-03-12 00:00:00
V	7697	10829	2012-04-28 00:00:00
V	7698	7322	2013-12-10 00:00:00
V	7699	1604	2014-02-14 00:00:00
V	7700	2104	2014-04-11 00:00:00
V	7701	7938	2011-08-09 00:00:00
V	7702	16838	2013-08-08 00:00:00
V	7703	7358	2013-08-13 00:00:00
V	7704	13928	2013-12-29 00:00:00
V	7705	3814	2013-10-29 00:00:00
V	7706	14130	2012-06-20 00:00:00
V	7707	1412	2013-07-11 00:00:00
V	7708	7740	2012-11-03 00:00:00
V	7709	15641	2011-06-29 00:00:00
V	7710	11522	2014-02-20 00:00:00
V	7711	10168	2013-12-11 00:00:00
V	7712	16600	2014-05-21 00:00:00
V	7713	11535	2012-12-28 00:00:00
V	7714	4453	2011-11-29 00:00:00
V	7715	3048	2014-05-02 00:00:00
V	7716	9606	2014-04-21 00:00:00
V	7717	17161	2014-05-27 00:00:00
V	7718	15116	2013-06-27 00:00:00
V	7719	15644	2014-04-15 00:00:00
V	7720	6084	2013-02-15 00:00:00
V	7721	9790	2013-07-27 00:00:00
V	7722	12402	2014-03-25 00:00:00
V	7723	18565	2012-04-14 00:00:00
V	7724	8614	2014-03-28 00:00:00
V	7725	14936	2012-09-06 00:00:00
V	7726	6538	2012-05-26 00:00:00
V	7727	14641	2013-08-13 00:00:00
V	7728	11190	2014-01-24 00:00:00
V	7729	799	2013-08-18 00:00:00
V	7730	13642	2014-01-10 00:00:00
V	7731	16997	2012-11-22 00:00:00
V	7732	13362	2011-11-30 00:00:00
V	7733	11653	2013-07-18 00:00:00
V	7734	5293	2014-01-18 00:00:00
V	7735	17478	2014-05-01 00:00:00
V	7736	654	2013-11-21 00:00:00
V	7737	10913	2012-05-18 00:00:00
V	7738	4616	2014-04-29 00:00:00
V	7739	6063	2013-12-13 00:00:00
V	7740	1692	2014-06-24 00:00:00
V	7741	6965	2013-09-13 00:00:00
V	7742	13775	2012-01-24 00:00:00
V	7743	9380	2014-03-30 00:00:00
V	7744	14845	2014-03-25 00:00:00
V	7745	12749	2011-12-02 00:00:00
V	7746	7617	2013-07-16 00:00:00
V	7747	4904	2012-07-15 00:00:00
V	7748	17296	2014-03-24 00:00:00
V	7749	5634	2013-10-16 00:00:00
V	7750	12755	2013-08-07 00:00:00
V	7751	2548	2013-05-20 00:00:00
V	7752	3744	2013-07-04 00:00:00
V	7753	17663	2014-02-05 00:00:00
V	7754	8499	2011-08-12 00:00:00
V	7755	5966	2013-08-26 00:00:00
V	7756	5126	2014-03-19 00:00:00
V	7757	11059	2013-03-03 00:00:00
V	7758	1587	2014-03-06 00:00:00
V	7759	2854	2013-08-07 00:00:00
V	7760	7463	2013-12-10 00:00:00
V	7761	14453	2014-04-11 00:00:00
V	7762	6720	2013-08-19 00:00:00
V	7763	5137	2013-09-05 00:00:00
V	7764	8519	2013-08-24 00:00:00
V	7765	14821	2013-10-09 00:00:00
V	7766	9162	2013-11-17 00:00:00
V	7767	6269	2013-12-13 00:00:00
V	7768	18758	2013-04-19 00:00:00
V	7769	15493	2014-04-30 00:00:00
V	7770	16310	2014-03-14 00:00:00
V	7771	8037	2013-09-29 00:00:00
V	7772	4687	2013-08-03 00:00:00
V	7773	10708	2014-04-24 00:00:00
V	7774	4636	2013-09-28 00:00:00
V	7775	4650	2014-04-29 00:00:00
V	7776	17024	2013-08-29 00:00:00
V	7777	7234	2014-03-06 00:00:00
V	7778	5876	2014-04-07 00:00:00
V	7779	7119	2014-04-26 00:00:00
V	7780	11593	2014-06-28 00:00:00
V	7781	5330	2013-12-05 00:00:00
V	7782	709	2014-06-09 00:00:00
V	7783	17194	2013-07-03 00:00:00
V	7784	746	2013-12-17 00:00:00
V	7785	2383	2013-01-24 00:00:00
V	7786	14694	2013-05-04 00:00:00
V	7787	2257	2013-11-03 00:00:00
V	7788	2623	2012-09-15 00:00:00
V	7789	16643	2013-07-15 00:00:00
V	7790	11058	2014-04-25 00:00:00
V	7791	12696	2013-08-08 00:00:00
V	7792	11361	2013-12-10 00:00:00
V	7793	6501	2013-11-29 00:00:00
V	7794	1364	2013-03-03 00:00:00
V	7795	1294	2013-08-12 00:00:00
V	7796	608	2013-07-19 00:00:00
V	7797	17037	2014-03-29 00:00:00
V	7798	7064	2013-07-11 00:00:00
V	7799	5623	2014-02-12 00:00:00
V	7800	11788	2013-07-04 00:00:00
V	7801	9429	2012-09-29 00:00:00
V	7802	14388	2014-05-28 00:00:00
V	7803	8693	2014-03-27 00:00:00
V	7804	7141	2013-08-03 00:00:00
V	7805	1306	2013-10-10 00:00:00
V	7806	8987	2013-08-27 00:00:00
V	7807	13430	2014-05-27 00:00:00
V	7808	17933	2014-06-30 00:00:00
V	7809	17154	2013-04-09 00:00:00
V	7810	17980	2012-12-11 00:00:00
V	7811	10449	2013-12-08 00:00:00
V	7812	4853	2013-09-13 00:00:00
V	7813	10203	2014-05-16 00:00:00
V	7814	5018	2013-07-16 00:00:00
V	7815	15814	2013-10-29 00:00:00
V	7816	4340	2014-04-01 00:00:00
V	7817	3592	2014-04-03 00:00:00
V	7818	226	2013-11-08 00:00:00
V	7819	4383	2014-03-03 00:00:00
V	7820	17887	2012-03-22 00:00:00
V	7821	1231	2013-08-02 00:00:00
V	7822	17476	2013-09-02 00:00:00
V	7823	17151	2014-05-05 00:00:00
V	7824	14781	2012-08-28 00:00:00
V	7825	11218	2014-03-05 00:00:00
V	7826	6186	2012-03-18 00:00:00
V	7827	7306	2014-02-24 00:00:00
V	7828	7068	2014-05-07 00:00:00
V	7829	6138	2012-03-14 00:00:00
V	7830	7519	2013-12-06 00:00:00
V	7831	11847	2014-06-19 00:00:00
V	7832	18970	2014-04-05 00:00:00
V	7833	4163	2014-05-11 00:00:00
V	7834	13806	2014-05-05 00:00:00
V	7835	15445	2013-11-05 00:00:00
V	7836	646	2014-02-24 00:00:00
V	7837	15930	2014-06-16 00:00:00
V	7838	18473	2013-12-27 00:00:00
V	7839	11253	2013-04-24 00:00:00
V	7840	375	2014-03-16 00:00:00
V	7841	12118	2013-09-02 00:00:00
V	7842	6748	2013-04-04 00:00:00
V	7843	3785	2013-09-28 00:00:00
V	7844	4090	2013-11-26 00:00:00
V	7845	6122	2012-10-12 00:00:00
V	7846	13588	2014-02-02 00:00:00
V	7847	16231	2014-05-10 00:00:00
V	7848	17572	2013-12-19 00:00:00
V	7849	16941	2012-01-26 00:00:00
V	7850	9966	2014-05-19 00:00:00
V	7851	11640	2013-11-07 00:00:00
V	7852	10022	2011-06-26 00:00:00
V	7853	8880	2014-03-15 00:00:00
V	7854	5982	2014-04-30 00:00:00
V	7855	5603	2013-09-27 00:00:00
V	7856	3423	2014-05-28 00:00:00
V	7857	4047	2012-11-12 00:00:00
V	7858	1884	2013-10-12 00:00:00
V	7859	8455	2013-12-05 00:00:00
V	7860	14869	2014-01-21 00:00:00
V	7861	13509	2012-05-06 00:00:00
V	7862	11160	2014-03-21 00:00:00
V	7863	14295	2014-06-06 00:00:00
V	7864	12954	2014-01-15 00:00:00
V	7865	18482	2013-10-06 00:00:00
V	7866	13954	2012-09-02 00:00:00
V	7867	18166	2013-07-11 00:00:00
V	7868	15604	2013-07-07 00:00:00
V	7869	8685	2013-03-12 00:00:00
V	7870	17162	2013-09-20 00:00:00
V	7871	866	2013-07-26 00:00:00
V	7872	4126	2012-06-17 00:00:00
V	7873	3337	2014-04-15 00:00:00
V	7874	1436	2014-03-21 00:00:00
V	7875	9491	2014-02-22 00:00:00
V	7876	8766	2011-11-28 00:00:00
V	7877	10875	2013-11-30 00:00:00
V	7878	5806	2013-09-16 00:00:00
V	7879	7066	2013-08-23 00:00:00
V	7880	5908	2014-05-01 00:00:00
V	7881	1971	2011-07-20 00:00:00
V	7882	10845	2011-11-08 00:00:00
V	7883	13292	2014-04-15 00:00:00
V	7884	15216	2013-08-16 00:00:00
V	7885	16912	2014-06-01 00:00:00
V	7886	9459	2013-12-10 00:00:00
V	7887	3001	2012-04-02 00:00:00
V	7888	436	2014-05-18 00:00:00
V	7889	17849	2014-06-14 00:00:00
V	7890	693	2013-07-20 00:00:00
V	7891	7084	2014-01-30 00:00:00
V	7892	18738	2014-05-16 00:00:00
V	7893	6234	2013-04-10 00:00:00
V	7894	5158	2013-07-19 00:00:00
V	7895	2887	2014-05-11 00:00:00
V	7896	16171	2012-06-27 00:00:00
V	7897	11286	2013-02-07 00:00:00
V	7898	14596	2014-04-07 00:00:00
V	7899	3768	2013-08-13 00:00:00
V	7900	8538	2013-04-26 00:00:00
V	7901	13513	2013-07-16 00:00:00
V	7902	17210	2013-05-25 00:00:00
V	7903	6657	2014-04-14 00:00:00
V	7904	1191	2013-07-16 00:00:00
V	7905	3106	2014-03-03 00:00:00
V	7906	10035	2014-04-24 00:00:00
V	7907	2196	2013-09-21 00:00:00
V	7908	3715	2013-04-18 00:00:00
V	7909	17483	2013-09-28 00:00:00
V	7910	16730	2011-06-27 00:00:00
V	7911	1189	2013-08-19 00:00:00
V	7912	3541	2013-11-27 00:00:00
V	7913	10598	2014-01-04 00:00:00
V	7914	16071	2013-08-23 00:00:00
V	7915	4862	2013-06-12 00:00:00
V	7916	10013	2013-10-15 00:00:00
V	7917	17258	2013-09-01 00:00:00
V	7918	15328	2014-04-07 00:00:00
V	7919	1064	2013-10-22 00:00:00
V	7920	18921	2014-03-07 00:00:00
V	7921	1149	2011-11-27 00:00:00
V	7922	10347	2013-08-02 00:00:00
V	7923	3084	2014-04-26 00:00:00
V	7924	3246	2012-04-18 00:00:00
V	7925	412	2011-09-18 00:00:00
V	7926	2976	2013-08-20 00:00:00
V	7927	15114	2013-09-13 00:00:00
V	7928	7591	2013-12-12 00:00:00
V	7929	14813	2013-07-29 00:00:00
V	7930	7230	2012-03-14 00:00:00
V	7931	5916	2012-11-04 00:00:00
V	7932	8982	2011-11-23 00:00:00
V	7933	13103	2014-05-21 00:00:00
V	7934	12406	2014-01-04 00:00:00
V	7935	8543	2013-11-10 00:00:00
V	7936	2211	2014-03-17 00:00:00
V	7937	15676	2013-08-21 00:00:00
V	7938	9643	2014-05-17 00:00:00
V	7939	8128	2013-03-30 00:00:00
V	7940	16420	2014-06-24 00:00:00
V	7941	12111	2011-10-17 00:00:00
V	7942	10257	2011-07-20 00:00:00
V	7943	12327	2014-01-04 00:00:00
V	7944	10297	2013-06-08 00:00:00
V	7945	12250	2013-10-28 00:00:00
V	7946	7733	2013-11-23 00:00:00
V	7947	16647	2014-02-12 00:00:00
V	7948	5015	2014-06-04 00:00:00
V	7949	14969	2014-04-28 00:00:00
V	7950	2770	2013-11-21 00:00:00
V	7951	16668	2011-10-21 00:00:00
V	7952	7178	2014-04-13 00:00:00
V	7953	17416	2012-08-08 00:00:00
V	7954	16348	2011-09-06 00:00:00
V	7955	8269	2013-06-18 00:00:00
V	7956	5428	2011-12-11 00:00:00
V	7957	14238	2014-05-21 00:00:00
V	7958	6959	2011-11-28 00:00:00
V	7959	14397	2014-04-30 00:00:00
V	7960	6846	2012-12-20 00:00:00
V	7961	4153	2011-12-28 00:00:00
V	7962	4837	2012-08-09 00:00:00
V	7963	17579	2013-04-07 00:00:00
V	7964	18849	2013-04-05 00:00:00
V	7965	8560	2014-02-07 00:00:00
V	7966	6853	2013-07-08 00:00:00
V	7967	15522	2014-02-05 00:00:00
V	7968	3335	2013-05-26 00:00:00
V	7969	1392	2013-07-25 00:00:00
V	7970	1987	2011-09-06 00:00:00
V	7971	4309	2014-02-19 00:00:00
V	7972	19072	2014-04-21 00:00:00
V	7973	4716	2013-03-02 00:00:00
V	7974	18668	2014-01-01 00:00:00
V	7975	16261	2013-08-11 00:00:00
V	7976	18275	2014-05-25 00:00:00
V	7977	4434	2014-04-05 00:00:00
V	7978	760	2014-02-24 00:00:00
V	7979	15011	2013-07-26 00:00:00
V	7980	4009	2013-12-09 00:00:00
V	7981	19102	2014-02-06 00:00:00
V	7982	15274	2014-01-26 00:00:00
V	7983	18188	2012-08-28 00:00:00
V	7984	15327	2013-09-12 00:00:00
V	7985	12780	2014-01-19 00:00:00
V	7986	9234	2013-03-23 00:00:00
V	7987	4405	2014-05-30 00:00:00
V	7988	7180	2014-01-29 00:00:00
V	7989	16409	2013-08-31 00:00:00
V	7990	14684	2013-08-14 00:00:00
V	7991	10549	2012-12-23 00:00:00
V	7992	1946	2013-12-16 00:00:00
V	7993	6286	2014-04-03 00:00:00
V	7994	8520	2014-01-12 00:00:00
V	7995	11105	2014-03-22 00:00:00
V	7996	12277	2014-05-30 00:00:00
V	7997	15902	2013-01-16 00:00:00
V	7998	19085	2014-02-07 00:00:00
V	7999	9694	2013-09-06 00:00:00
V	8000	17180	2014-04-08 00:00:00
V	8001	9425	2013-08-08 00:00:00
V	8002	12383	2013-02-07 00:00:00
V	8003	16639	2013-12-31 00:00:00
V	8004	6436	2013-09-12 00:00:00
V	8005	15554	2013-10-31 00:00:00
V	8006	9861	2014-06-15 00:00:00
V	8007	7385	2014-05-28 00:00:00
V	8008	7431	2014-06-09 00:00:00
V	8009	4423	2013-02-03 00:00:00
V	8010	13024	2014-04-12 00:00:00
V	8011	17415	2013-09-10 00:00:00
V	8012	272	2014-03-01 00:00:00
V	8013	12670	2014-05-15 00:00:00
V	8014	4012	2013-11-13 00:00:00
V	8015	19104	2014-05-06 00:00:00
V	8016	6552	2013-10-06 00:00:00
V	8017	13794	2014-03-18 00:00:00
V	8018	1091	2013-03-17 00:00:00
V	8019	1910	2014-01-13 00:00:00
V	8020	7361	2013-10-06 00:00:00
V	8021	8842	2012-02-10 00:00:00
V	8022	12418	2013-08-05 00:00:00
V	8023	11903	2014-04-10 00:00:00
V	8024	6032	2013-11-26 00:00:00
V	8025	18644	2013-04-21 00:00:00
V	8026	15843	2013-09-21 00:00:00
V	8027	9977	2012-05-04 00:00:00
V	8028	2080	2014-03-26 00:00:00
V	8029	12564	2012-04-14 00:00:00
V	8030	7813	2013-07-27 00:00:00
V	8031	11883	2012-03-19 00:00:00
V	8032	1557	2014-03-17 00:00:00
V	8033	12474	2014-01-08 00:00:00
V	8034	453	2012-03-29 00:00:00
V	8035	12139	2013-03-17 00:00:00
V	8036	18425	2013-12-13 00:00:00
V	8037	14896	2013-04-03 00:00:00
V	8038	14687	2011-07-21 00:00:00
V	8039	2534	2014-03-26 00:00:00
V	8040	12105	2014-03-12 00:00:00
V	8041	10287	2014-05-09 00:00:00
V	8042	1664	2014-02-15 00:00:00
V	8043	13706	2013-09-27 00:00:00
V	8044	2467	2011-06-24 00:00:00
V	8045	9225	2014-01-16 00:00:00
V	8046	17588	2013-11-24 00:00:00
V	8047	7838	2013-08-08 00:00:00
V	8048	542	2012-09-08 00:00:00
V	8049	18486	2014-04-06 00:00:00
V	8050	2286	2014-03-25 00:00:00
V	8051	14730	2013-10-13 00:00:00
V	8052	16114	2013-07-08 00:00:00
V	8053	5821	2014-03-10 00:00:00
V	8054	6108	2013-12-16 00:00:00
V	8055	17687	2014-04-07 00:00:00
V	8056	1361	2013-08-06 00:00:00
V	8057	15462	2014-06-26 00:00:00
V	8058	5358	2013-11-24 00:00:00
V	8059	9260	2014-01-12 00:00:00
V	8060	5480	2014-04-13 00:00:00
V	8061	15051	2012-09-24 00:00:00
V	8062	4586	2013-02-12 00:00:00
V	8063	5219	2012-04-01 00:00:00
V	8064	14060	2013-10-01 00:00:00
V	8065	2526	2013-09-19 00:00:00
V	8066	9806	2012-10-07 00:00:00
V	8067	15096	2013-12-15 00:00:00
V	8068	15547	2013-09-01 00:00:00
V	8069	15102	2012-06-30 00:00:00
V	8070	14353	2012-12-07 00:00:00
V	8071	19110	2012-03-31 00:00:00
V	8072	833	2013-10-13 00:00:00
V	8073	14266	2014-01-11 00:00:00
V	8074	15395	2012-07-31 00:00:00
V	8075	1748	2012-02-12 00:00:00
V	8076	6457	2014-05-10 00:00:00
V	8077	11520	2012-02-17 00:00:00
V	8078	5639	2013-07-26 00:00:00
V	8079	370	2012-03-30 00:00:00
V	8080	16966	2014-03-07 00:00:00
V	8081	318	2012-07-04 00:00:00
V	8082	11449	2014-05-22 00:00:00
V	8083	15463	2013-07-10 00:00:00
V	8084	615	2013-09-30 00:00:00
V	8085	7013	2013-03-23 00:00:00
V	8086	16465	2013-12-15 00:00:00
V	8087	14809	2014-01-27 00:00:00
V	8088	13145	2013-10-11 00:00:00
V	8089	17876	2014-05-04 00:00:00
V	8090	19100	2013-08-09 00:00:00
V	8091	4578	2012-10-22 00:00:00
V	8092	8857	2013-09-18 00:00:00
V	8093	16473	2012-01-16 00:00:00
V	8094	95	2014-03-06 00:00:00
V	8095	17894	2012-09-04 00:00:00
V	8096	2323	2014-05-11 00:00:00
V	8097	14303	2011-11-18 00:00:00
V	8098	432	2013-11-23 00:00:00
V	8099	949	2011-10-04 00:00:00
V	8100	17845	2012-12-31 00:00:00
V	8101	4255	2014-06-29 00:00:00
V	8102	9764	2013-07-08 00:00:00
V	8103	12509	2013-09-08 00:00:00
V	8104	4069	2014-01-02 00:00:00
V	8105	16655	2013-01-12 00:00:00
V	8106	16371	2011-11-03 00:00:00
V	8107	6832	2014-06-08 00:00:00
V	8108	732	2014-04-17 00:00:00
V	8109	7894	2014-05-19 00:00:00
V	8110	13446	2013-08-02 00:00:00
V	8111	7113	2014-01-28 00:00:00
V	8112	2142	2014-06-18 00:00:00
V	8113	9996	2013-10-06 00:00:00
V	8114	14626	2013-12-14 00:00:00
V	8115	8720	2014-02-09 00:00:00
V	8116	17549	2014-03-26 00:00:00
V	8117	11647	2013-09-30 00:00:00
V	8118	17355	2011-07-15 00:00:00
V	8119	5430	2013-09-22 00:00:00
V	8120	12222	2014-05-10 00:00:00
V	8121	13654	2014-02-03 00:00:00
V	8122	5192	2013-09-06 00:00:00
V	8123	17925	2013-08-23 00:00:00
V	8124	8462	2013-07-30 00:00:00
V	8125	12166	2013-08-07 00:00:00
V	8126	3736	2012-09-16 00:00:00
V	8127	8998	2014-04-22 00:00:00
V	8128	2916	2014-06-28 00:00:00
V	8129	440	2013-08-06 00:00:00
V	8130	6722	2013-07-30 00:00:00
V	8131	2192	2014-03-23 00:00:00
V	8132	16481	2014-02-05 00:00:00
V	8133	3797	2013-07-28 00:00:00
V	8134	1613	2014-06-23 00:00:00
V	8135	6414	2013-07-29 00:00:00
V	8136	16062	2013-08-20 00:00:00
V	8137	14364	2011-08-26 00:00:00
V	8138	6539	2014-02-10 00:00:00
V	8139	10254	2011-10-04 00:00:00
V	8140	8540	2012-12-28 00:00:00
V	8141	15629	2013-09-10 00:00:00
V	8142	13303	2013-10-20 00:00:00
V	8143	17364	2013-07-13 00:00:00
V	8144	5808	2013-09-20 00:00:00
V	8145	17236	2013-08-14 00:00:00
V	8146	5366	2013-12-17 00:00:00
V	8147	11914	2012-04-22 00:00:00
V	8148	11820	2013-12-25 00:00:00
V	8149	5679	2013-06-13 00:00:00
V	8150	6836	2012-01-05 00:00:00
V	8151	5121	2013-10-22 00:00:00
V	8152	11195	2014-06-27 00:00:00
V	8153	13674	2012-09-01 00:00:00
V	8154	12090	2013-09-02 00:00:00
V	8155	15495	2013-08-10 00:00:00
V	8156	14332	2013-12-30 00:00:00
V	8157	18102	2013-10-18 00:00:00
V	8158	15249	2014-03-22 00:00:00
V	8159	14925	2014-02-18 00:00:00
V	8160	17152	2014-04-19 00:00:00
V	8161	10439	2013-11-14 00:00:00
V	8162	15196	2013-03-30 00:00:00
V	8163	6133	2014-04-13 00:00:00
V	8164	15255	2014-04-26 00:00:00
V	8165	18000	2013-10-25 00:00:00
V	8166	19028	2012-06-04 00:00:00
V	8167	14777	2013-10-09 00:00:00
V	8168	5086	2012-01-13 00:00:00
V	8169	13106	2012-07-28 00:00:00
V	8170	9874	2013-10-05 00:00:00
V	8171	8906	2013-12-10 00:00:00
V	8172	5501	2012-06-27 00:00:00
V	8173	9310	2014-06-18 00:00:00
V	8174	4091	2013-11-05 00:00:00
V	8175	4565	2014-02-01 00:00:00
V	8176	17488	2014-05-02 00:00:00
V	8177	13637	2013-10-26 00:00:00
V	8178	15358	2014-03-25 00:00:00
V	8179	14135	2013-01-13 00:00:00
V	8180	12225	2014-03-17 00:00:00
V	8181	5051	2013-07-14 00:00:00
V	8182	8368	2014-06-07 00:00:00
V	8183	16796	2014-05-12 00:00:00
V	8184	7406	2011-10-11 00:00:00
V	8185	3584	2011-06-21 00:00:00
V	8186	5386	2014-04-07 00:00:00
V	8187	18492	2013-05-22 00:00:00
V	8188	13517	2014-05-24 00:00:00
V	8189	7069	2012-08-21 00:00:00
V	8190	1767	2013-10-14 00:00:00
V	8191	4124	2014-01-04 00:00:00
V	8192	18704	2011-09-04 00:00:00
V	8193	16135	2013-08-05 00:00:00
V	8194	2934	2014-03-03 00:00:00
V	8195	11999	2013-10-11 00:00:00
V	8196	7286	2012-09-06 00:00:00
V	8197	4063	2013-09-22 00:00:00
V	8198	6380	2013-01-20 00:00:00
V	8199	5190	2013-11-16 00:00:00
V	8200	17057	2014-05-28 00:00:00
V	8201	2393	2014-05-19 00:00:00
V	8202	3975	2014-04-15 00:00:00
V	8203	8461	2013-04-20 00:00:00
V	8204	2206	2013-08-30 00:00:00
V	8205	12661	2014-03-11 00:00:00
V	8206	1733	2013-10-27 00:00:00
V	8207	8715	2013-09-13 00:00:00
V	8208	15124	2012-12-03 00:00:00
V	8209	4652	2013-11-25 00:00:00
V	8210	10323	2013-12-11 00:00:00
V	8211	8380	2013-10-09 00:00:00
V	8212	10889	2013-07-24 00:00:00
V	8213	18641	2014-06-22 00:00:00
V	8214	8877	2013-10-27 00:00:00
V	8215	2378	2014-02-22 00:00:00
V	8216	15967	2013-07-30 00:00:00
V	8217	17419	2014-04-22 00:00:00
V	8218	2327	2013-07-06 00:00:00
V	8219	10243	2014-02-16 00:00:00
V	8220	17688	2014-04-13 00:00:00
V	8221	6738	2014-05-20 00:00:00
V	8222	4002	2014-05-15 00:00:00
V	8223	4276	2013-08-21 00:00:00
V	8224	17456	2014-01-05 00:00:00
V	8225	1451	2013-12-08 00:00:00
V	8226	3074	2013-11-05 00:00:00
V	8227	11025	2014-02-25 00:00:00
V	8228	13009	2014-01-19 00:00:00
V	8229	8605	2013-07-05 00:00:00
V	8230	14058	2013-07-18 00:00:00
V	8231	4933	2013-11-23 00:00:00
V	8232	1150	2012-07-23 00:00:00
V	8233	3970	2013-09-05 00:00:00
V	8234	17667	2013-12-24 00:00:00
V	8235	10906	2013-01-22 00:00:00
V	8236	3220	2014-03-08 00:00:00
V	8237	5511	2012-01-24 00:00:00
V	8238	7560	2013-08-14 00:00:00
V	8239	6855	2014-05-17 00:00:00
V	8240	1323	2013-09-22 00:00:00
V	8241	16987	2011-11-01 00:00:00
V	8242	16524	2014-04-18 00:00:00
V	8243	16337	2012-03-11 00:00:00
V	8244	9742	2014-04-28 00:00:00
V	8245	9462	2014-03-23 00:00:00
V	8246	15383	2011-09-12 00:00:00
V	8247	12436	2013-12-13 00:00:00
V	8248	1362	2013-09-17 00:00:00
V	8249	12843	2013-05-21 00:00:00
V	8250	18429	2013-04-24 00:00:00
V	8251	17333	2013-07-17 00:00:00
V	8252	15720	2014-05-25 00:00:00
V	8253	18873	2013-11-15 00:00:00
V	8254	1612	2011-07-21 00:00:00
V	8255	13190	2012-10-15 00:00:00
V	8256	2901	2014-05-25 00:00:00
V	8257	9648	2013-01-27 00:00:00
V	8258	12194	2013-08-14 00:00:00
V	8259	18194	2014-02-22 00:00:00
V	8260	572	2013-11-21 00:00:00
V	8261	10619	2014-01-12 00:00:00
V	8262	844	2013-10-22 00:00:00
V	8263	6642	2011-12-19 00:00:00
V	8264	8668	2014-03-28 00:00:00
V	8265	11186	2013-11-24 00:00:00
V	8266	12192	2014-05-13 00:00:00
V	8267	14480	2014-01-16 00:00:00
V	8268	6619	2013-08-16 00:00:00
V	8269	13406	2013-10-30 00:00:00
V	8270	17960	2014-03-04 00:00:00
V	8271	3242	2012-07-10 00:00:00
V	8272	1982	2014-05-17 00:00:00
V	8273	5268	2014-03-14 00:00:00
V	8274	11243	2014-01-16 00:00:00
V	8275	17679	2012-05-22 00:00:00
V	8276	13837	2013-09-26 00:00:00
V	8277	6922	2013-12-19 00:00:00
V	8278	13208	2014-03-03 00:00:00
V	8279	10825	2013-09-04 00:00:00
V	8280	13148	2014-03-26 00:00:00
V	8281	10917	2013-08-20 00:00:00
V	8282	7538	2014-04-05 00:00:00
V	8283	12885	2012-06-02 00:00:00
V	8284	12385	2012-09-02 00:00:00
V	8285	4160	2013-03-18 00:00:00
V	8286	17227	2013-10-18 00:00:00
V	8287	2508	2013-09-03 00:00:00
V	8288	4949	2014-01-29 00:00:00
V	8289	17353	2013-12-25 00:00:00
V	8290	11915	2014-01-24 00:00:00
V	8291	9236	2013-10-31 00:00:00
V	8292	16820	2012-09-24 00:00:00
V	8293	1165	2014-04-27 00:00:00
V	8294	1893	2014-01-23 00:00:00
V	8295	2989	2013-04-09 00:00:00
V	8296	8492	2014-04-28 00:00:00
V	8297	15935	2013-10-05 00:00:00
V	8298	12376	2013-07-28 00:00:00
V	8299	17952	2013-11-03 00:00:00
V	8300	2004	2013-08-07 00:00:00
V	8301	1486	2014-04-25 00:00:00
V	8302	9863	2013-11-11 00:00:00
V	8303	7082	2012-02-17 00:00:00
V	8304	9257	2013-07-11 00:00:00
V	8305	16864	2013-11-15 00:00:00
V	8306	13166	2012-06-19 00:00:00
V	8307	18084	2012-05-07 00:00:00
V	8308	7534	2012-10-31 00:00:00
V	8309	14744	2014-02-10 00:00:00
V	8310	13157	2014-05-12 00:00:00
V	8311	4037	2014-05-21 00:00:00
V	8312	17065	2013-08-21 00:00:00
V	8313	4995	2013-09-08 00:00:00
V	8314	11076	2012-06-26 00:00:00
V	8315	6882	2013-12-24 00:00:00
V	8316	10838	2013-03-22 00:00:00
V	8317	798	2013-10-08 00:00:00
V	8318	6277	2014-05-17 00:00:00
V	8319	5179	2014-03-29 00:00:00
V	8320	12044	2014-05-05 00:00:00
V	8321	14449	2014-06-04 00:00:00
V	8322	15897	2014-04-01 00:00:00
V	8323	6094	2014-03-03 00:00:00
V	8324	9078	2013-12-25 00:00:00
V	8325	5354	2014-01-26 00:00:00
V	8326	3949	2014-01-03 00:00:00
V	8327	10033	2013-08-19 00:00:00
V	8328	13548	2013-08-20 00:00:00
V	8329	1565	2013-07-14 00:00:00
V	8330	5828	2013-10-27 00:00:00
V	8331	16904	2013-12-22 00:00:00
V	8332	3432	2013-10-08 00:00:00
V	8333	11526	2013-12-24 00:00:00
V	8334	11384	2013-06-18 00:00:00
V	8335	15043	2011-12-29 00:00:00
V	8336	16502	2014-06-05 00:00:00
V	8337	13919	2013-12-31 00:00:00
V	8338	2625	2011-12-17 00:00:00
V	8339	7142	2014-02-02 00:00:00
V	8340	19198	2012-04-17 00:00:00
V	8341	18071	2014-05-23 00:00:00
V	8342	2148	2013-10-08 00:00:00
V	8343	15130	2013-10-28 00:00:00
V	8344	11684	2014-05-29 00:00:00
V	8345	3539	2013-01-08 00:00:00
V	8346	16748	2013-11-03 00:00:00
V	8347	4526	2014-04-06 00:00:00
V	8348	2755	2011-06-29 00:00:00
V	8349	13949	2014-04-18 00:00:00
V	8350	2354	2014-06-25 00:00:00
V	8351	3479	2012-10-10 00:00:00
V	8352	8870	2011-12-24 00:00:00
V	8353	12976	2014-02-01 00:00:00
V	8354	8885	2013-12-04 00:00:00
V	8355	6774	2014-03-21 00:00:00
V	8356	6411	2013-07-08 00:00:00
V	8357	11173	2013-07-11 00:00:00
V	8358	6913	2014-06-05 00:00:00
V	8359	6195	2014-04-28 00:00:00
V	8360	14874	2013-11-28 00:00:00
V	8361	2787	2013-12-05 00:00:00
V	8362	6967	2014-03-12 00:00:00
V	8363	734	2014-02-04 00:00:00
V	8364	405	2013-08-07 00:00:00
V	8365	6795	2013-10-18 00:00:00
V	8366	11638	2014-05-14 00:00:00
V	8367	14899	2013-12-31 00:00:00
V	8368	711	2011-06-13 00:00:00
V	8369	11101	2013-10-01 00:00:00
V	8370	7735	2012-12-07 00:00:00
V	8371	10244	2012-06-03 00:00:00
V	8372	19218	2013-11-02 00:00:00
V	8373	15490	2014-02-03 00:00:00
V	8374	17618	2012-08-09 00:00:00
V	8375	15747	2014-01-19 00:00:00
V	8376	3400	2014-04-19 00:00:00
V	8377	164	2014-05-25 00:00:00
V	8378	16369	2011-12-30 00:00:00
V	8379	892	2013-11-25 00:00:00
V	8380	12774	2014-03-22 00:00:00
V	8381	7754	2013-07-26 00:00:00
V	8382	5544	2013-09-16 00:00:00
V	8383	19076	2013-08-02 00:00:00
V	8384	1160	2013-08-07 00:00:00
V	8385	17396	2013-11-27 00:00:00
V	8386	7902	2014-06-08 00:00:00
V	8387	2251	2013-08-26 00:00:00
V	8388	9079	2013-12-24 00:00:00
V	8389	3915	2014-04-04 00:00:00
V	8390	12862	2012-07-29 00:00:00
V	8391	7224	2013-08-29 00:00:00
V	8392	17138	2013-07-02 00:00:00
V	8393	8105	2014-06-17 00:00:00
V	8394	10788	2013-02-24 00:00:00
V	8395	11817	2013-07-28 00:00:00
V	8396	5882	2012-11-27 00:00:00
V	8397	8699	2014-01-28 00:00:00
V	8398	6259	2013-11-11 00:00:00
V	8399	12042	2012-01-08 00:00:00
V	8400	13663	2014-05-14 00:00:00
V	8401	1816	2013-08-04 00:00:00
V	8402	15486	2013-07-06 00:00:00
V	8403	3973	2013-07-23 00:00:00
V	8404	9061	2014-01-01 00:00:00
V	8405	15140	2012-07-08 00:00:00
V	8406	4973	2013-11-21 00:00:00
V	8407	15507	2014-01-06 00:00:00
V	8408	13599	2013-02-18 00:00:00
V	8409	10865	2014-04-23 00:00:00
V	8410	4217	2013-07-28 00:00:00
V	8411	16257	2014-02-11 00:00:00
V	8412	15984	2013-09-23 00:00:00
V	8413	8484	2013-12-09 00:00:00
V	8414	5909	2013-10-03 00:00:00
V	8415	17732	2013-11-13 00:00:00
V	8416	15786	2013-10-22 00:00:00
V	8417	19159	2012-09-06 00:00:00
V	8418	15360	2013-09-08 00:00:00
V	8419	13298	2014-06-18 00:00:00
V	8420	8930	2013-09-20 00:00:00
V	8421	8895	2013-09-19 00:00:00
V	8422	4188	2014-05-15 00:00:00
V	8423	6119	2013-11-17 00:00:00
V	8424	15213	2014-01-21 00:00:00
V	8425	2443	2012-11-07 00:00:00
V	8426	7353	2013-11-03 00:00:00
V	8427	3192	2014-04-10 00:00:00
V	8428	5295	2011-07-29 00:00:00
V	8429	3358	2013-03-27 00:00:00
V	8430	8525	2014-04-17 00:00:00
V	8431	17837	2013-09-24 00:00:00
V	8432	10487	2013-10-08 00:00:00
V	8433	5278	2013-10-15 00:00:00
V	8434	18129	2014-06-01 00:00:00
V	8435	7889	2013-03-10 00:00:00
V	8436	3959	2014-05-12 00:00:00
V	8437	14991	2014-01-09 00:00:00
V	8438	4051	2014-05-25 00:00:00
V	8439	13230	2013-10-01 00:00:00
V	8440	15729	2011-06-22 00:00:00
V	8441	3036	2013-12-17 00:00:00
V	8442	1703	2013-09-18 00:00:00
V	8443	7175	2013-10-17 00:00:00
V	8444	15793	2014-01-22 00:00:00
V	8445	15611	2011-11-10 00:00:00
V	8446	16700	2011-12-24 00:00:00
V	8447	1787	2013-11-11 00:00:00
V	8448	4483	2014-01-07 00:00:00
V	8449	16197	2013-01-24 00:00:00
V	8450	5300	2014-01-24 00:00:00
V	8451	18115	2014-01-15 00:00:00
V	8452	2512	2013-09-19 00:00:00
V	8453	7143	2012-05-01 00:00:00
V	8454	8698	2012-03-20 00:00:00
V	8455	15220	2012-11-18 00:00:00
V	8456	1652	2013-09-26 00:00:00
V	8457	3684	2013-07-12 00:00:00
V	8458	6866	2014-05-28 00:00:00
V	8459	8706	2014-02-05 00:00:00
V	8460	13864	2014-01-27 00:00:00
V	8461	2785	2013-07-19 00:00:00
V	8462	9869	2013-11-16 00:00:00
V	8463	13483	2013-10-25 00:00:00
V	8464	9415	2014-01-19 00:00:00
V	8465	7319	2012-01-03 00:00:00
V	8466	11687	2013-10-10 00:00:00
V	8467	6322	2013-11-22 00:00:00
V	8468	12293	2012-12-08 00:00:00
V	8469	17347	2012-03-29 00:00:00
V	8470	5837	2014-02-23 00:00:00
V	8471	12914	2013-07-15 00:00:00
V	8472	599	2014-01-13 00:00:00
V	8473	4164	2012-01-29 00:00:00
V	8474	5951	2012-04-18 00:00:00
V	8475	16564	2013-08-09 00:00:00
V	8476	17460	2014-04-03 00:00:00
V	8477	290	2013-09-05 00:00:00
V	8478	3746	2013-08-23 00:00:00
V	8479	9049	2014-01-10 00:00:00
V	8480	16727	2014-03-17 00:00:00
V	8481	18638	2013-07-10 00:00:00
V	8482	4167	2013-05-16 00:00:00
V	8483	18182	2013-07-24 00:00:00
V	8484	16084	2013-04-21 00:00:00
V	8485	10589	2013-11-17 00:00:00
V	8486	16267	2014-02-04 00:00:00
V	8487	873	2014-03-28 00:00:00
V	8488	1044	2013-07-14 00:00:00
V	8489	11963	2013-09-05 00:00:00
V	8490	2618	2013-09-09 00:00:00
V	8491	14206	2014-01-12 00:00:00
V	8492	15733	2013-10-27 00:00:00
V	8493	1408	2013-11-05 00:00:00
V	8494	14174	2013-11-13 00:00:00
V	8495	7488	2014-06-02 00:00:00
V	8496	748	2013-11-01 00:00:00
V	8497	2384	2013-08-25 00:00:00
V	8498	13797	2014-02-09 00:00:00
V	8499	12038	2013-09-29 00:00:00
V	8500	16719	2013-12-24 00:00:00
V	8501	18854	2014-02-10 00:00:00
V	8502	8072	2014-02-11 00:00:00
V	8503	3832	2014-03-08 00:00:00
V	8504	445	2012-11-30 00:00:00
V	8505	2406	2013-09-12 00:00:00
V	8506	5648	2014-05-13 00:00:00
V	8507	1948	2013-10-15 00:00:00
V	8508	14369	2012-09-17 00:00:00
V	8509	18022	2012-12-02 00:00:00
V	8510	18991	2012-11-12 00:00:00
V	8511	8156	2014-01-22 00:00:00
V	8512	17972	2013-07-03 00:00:00
V	8513	341	2012-12-11 00:00:00
V	8514	14090	2013-09-04 00:00:00
V	8515	13187	2013-11-10 00:00:00
V	8516	6880	2013-12-31 00:00:00
V	8517	10655	2014-01-06 00:00:00
V	8518	7682	2011-07-29 00:00:00
V	8519	14368	2014-06-13 00:00:00
V	8520	17485	2013-05-23 00:00:00
V	8521	1400	2011-07-05 00:00:00
V	8522	1885	2011-08-01 00:00:00
V	8523	2845	2014-03-17 00:00:00
V	8524	1000	2014-02-11 00:00:00
V	8525	17721	2014-05-27 00:00:00
V	8526	5339	2011-09-26 00:00:00
V	8527	19134	2013-08-20 00:00:00
V	8528	17399	2013-09-06 00:00:00
V	8529	14811	2013-01-01 00:00:00
V	8530	5746	2013-12-11 00:00:00
V	8531	776	2012-09-14 00:00:00
V	8532	16320	2014-06-16 00:00:00
V	8533	15601	2011-12-31 00:00:00
V	8534	14742	2014-01-16 00:00:00
V	8535	3468	2012-07-21 00:00:00
V	8536	12816	2014-01-20 00:00:00
V	8537	12379	2011-11-21 00:00:00
V	8538	6067	2014-06-18 00:00:00
V	8539	565	2012-03-19 00:00:00
V	8540	6399	2011-11-21 00:00:00
V	8541	11720	2013-12-24 00:00:00
V	8542	6638	2013-12-07 00:00:00
V	8543	6639	2014-04-24 00:00:00
V	8544	13607	2014-05-04 00:00:00
V	8545	16497	2013-08-27 00:00:00
V	8546	8625	2013-08-30 00:00:00
V	8547	10500	2014-01-23 00:00:00
V	8548	4667	2013-07-28 00:00:00
V	8549	14131	2013-11-25 00:00:00
V	8550	2734	2013-08-14 00:00:00
V	8551	14590	2013-11-11 00:00:00
V	8552	6751	2012-01-28 00:00:00
V	8553	17592	2013-12-12 00:00:00
V	8554	1340	2014-03-01 00:00:00
V	8555	2752	2014-05-23 00:00:00
V	8556	5772	2013-08-07 00:00:00
V	8557	4555	2012-11-12 00:00:00
V	8558	4614	2012-08-21 00:00:00
V	8559	5285	2013-09-15 00:00:00
V	8560	8328	2013-09-16 00:00:00
V	8561	10846	2013-06-07 00:00:00
V	8562	579	2014-01-17 00:00:00
V	8563	11782	2011-09-11 00:00:00
V	8564	11785	2013-08-01 00:00:00
V	8565	4703	2012-04-16 00:00:00
V	8566	12229	2014-05-20 00:00:00
V	8567	9766	2013-10-18 00:00:00
V	8568	7194	2013-05-07 00:00:00
V	8569	6477	2014-06-10 00:00:00
V	8570	9258	2013-09-27 00:00:00
V	8571	6030	2014-02-27 00:00:00
V	8572	17959	2013-09-10 00:00:00
V	8573	19160	2013-12-22 00:00:00
V	8574	7550	2014-04-08 00:00:00
V	8575	8566	2013-05-26 00:00:00
V	8576	6419	2014-01-29 00:00:00
V	8577	5550	2014-06-02 00:00:00
V	8578	8486	2011-12-15 00:00:00
V	8579	16723	2013-12-07 00:00:00
V	8580	8855	2014-05-06 00:00:00
V	8581	18436	2013-12-24 00:00:00
V	8582	1244	2013-10-01 00:00:00
V	8583	6819	2011-07-04 00:00:00
V	8584	2884	2014-02-18 00:00:00
V	8585	3351	2013-01-05 00:00:00
V	8586	17779	2013-09-05 00:00:00
V	8587	7261	2013-04-03 00:00:00
V	8588	11217	2013-01-12 00:00:00
V	8589	14570	2014-05-02 00:00:00
V	8590	17255	2013-09-21 00:00:00
V	8591	12871	2014-01-26 00:00:00
V	8592	8801	2014-01-04 00:00:00
V	8593	2370	2014-04-16 00:00:00
V	8594	1055	2013-05-23 00:00:00
V	8595	14716	2014-04-16 00:00:00
V	8596	6761	2013-09-09 00:00:00
V	8597	15304	2014-02-22 00:00:00
V	8598	13504	2013-03-18 00:00:00
V	8599	7871	2013-11-28 00:00:00
V	8600	13427	2014-04-01 00:00:00
V	8601	7671	2012-07-03 00:00:00
V	8602	11568	2013-04-06 00:00:00
V	8603	9365	2012-01-14 00:00:00
V	8604	8249	2013-09-08 00:00:00
V	8605	1961	2013-12-14 00:00:00
V	8606	15291	2013-12-05 00:00:00
V	8607	17859	2011-12-27 00:00:00
V	8608	13785	2013-10-12 00:00:00
V	8609	6659	2014-04-26 00:00:00
V	8610	10733	2014-04-08 00:00:00
V	8611	6182	2014-04-08 00:00:00
V	8612	5803	2014-02-01 00:00:00
V	8613	6815	2014-03-09 00:00:00
V	8614	12058	2013-03-30 00:00:00
V	8615	15339	2014-03-28 00:00:00
V	8616	1454	2011-09-07 00:00:00
V	8617	5783	2013-11-22 00:00:00
V	8618	10753	2013-07-10 00:00:00
V	8619	16731	2014-02-06 00:00:00
V	8620	10265	2013-12-07 00:00:00
V	8621	16418	2013-12-25 00:00:00
V	8622	13493	2012-04-23 00:00:00
V	8623	15994	2013-12-09 00:00:00
V	8624	1394	2012-03-17 00:00:00
V	8625	6111	2013-10-06 00:00:00
V	8626	18375	2013-08-25 00:00:00
V	8627	15805	2013-12-12 00:00:00
V	8628	12227	2013-03-01 00:00:00
V	8629	13850	2012-02-09 00:00:00
V	8630	12411	2013-07-13 00:00:00
V	8631	12658	2013-08-13 00:00:00
V	8632	16425	2013-10-27 00:00:00
V	8633	10451	2014-04-01 00:00:00
V	8634	2002	2013-11-01 00:00:00
V	8635	2381	2013-08-24 00:00:00
V	8636	2226	2013-03-21 00:00:00
V	8637	1962	2014-02-23 00:00:00
V	8638	12538	2014-02-09 00:00:00
V	8639	8290	2012-05-03 00:00:00
V	8640	15999	2013-07-23 00:00:00
V	8641	18987	2013-12-07 00:00:00
V	8642	11285	2013-07-06 00:00:00
V	8643	18810	2013-04-01 00:00:00
V	8644	1841	2012-08-10 00:00:00
V	8645	14710	2011-11-07 00:00:00
V	8646	273	2014-03-03 00:00:00
V	8647	3162	2014-01-17 00:00:00
V	8648	6679	2012-09-05 00:00:00
V	8649	14373	2012-04-04 00:00:00
V	8650	18971	2013-07-03 00:00:00
V	8651	8819	2013-09-17 00:00:00
V	8652	17770	2013-10-02 00:00:00
V	8653	18976	2013-11-12 00:00:00
V	8654	12412	2014-03-23 00:00:00
V	8655	8317	2013-10-16 00:00:00
V	8656	13350	2012-01-23 00:00:00
V	8657	27	2013-11-11 00:00:00
V	8658	8541	2013-12-11 00:00:00
V	8659	1724	2013-12-17 00:00:00
V	8660	9068	2013-08-06 00:00:00
V	8661	14257	2013-08-26 00:00:00
V	8662	9925	2013-12-17 00:00:00
V	8663	15391	2014-05-05 00:00:00
V	8664	14654	2012-05-25 00:00:00
V	8665	8586	2011-08-04 00:00:00
V	8666	10538	2013-10-25 00:00:00
V	8667	11260	2013-07-05 00:00:00
V	8668	13639	2013-11-18 00:00:00
V	8669	18238	2012-10-19 00:00:00
V	8670	7269	2014-01-01 00:00:00
V	8671	4622	2014-02-06 00:00:00
V	8672	1978	2014-05-08 00:00:00
V	8673	17910	2013-07-23 00:00:00
V	8674	9939	2013-02-27 00:00:00
V	8675	7287	2014-04-05 00:00:00
V	8676	4807	2012-04-28 00:00:00
V	8677	3039	2014-05-05 00:00:00
V	8678	5131	2013-08-09 00:00:00
V	8679	15536	2013-12-23 00:00:00
V	8680	7021	2012-01-06 00:00:00
V	8681	3718	2013-07-20 00:00:00
V	8682	14195	2014-02-18 00:00:00
V	8683	15236	2013-11-04 00:00:00
V	8684	1477	2012-06-12 00:00:00
V	8685	14247	2013-06-25 00:00:00
V	8686	15336	2013-07-02 00:00:00
V	8687	1646	2013-08-03 00:00:00
V	8688	10573	2013-10-26 00:00:00
V	8689	3374	2014-04-05 00:00:00
V	8690	12503	2013-05-03 00:00:00
V	8691	2179	2013-08-28 00:00:00
V	8692	16703	2014-04-20 00:00:00
V	8693	1083	2014-04-09 00:00:00
V	8694	16579	2013-11-23 00:00:00
V	8695	13412	2014-05-23 00:00:00
V	8696	4520	2012-07-08 00:00:00
V	8697	4948	2012-12-07 00:00:00
V	8698	85	2014-05-27 00:00:00
V	8699	16470	2013-07-01 00:00:00
V	8700	18768	2013-09-20 00:00:00
V	8701	14690	2013-10-13 00:00:00
V	8702	4030	2014-02-24 00:00:00
V	8703	17373	2014-02-26 00:00:00
V	8704	19222	2013-12-31 00:00:00
V	8705	14688	2013-05-26 00:00:00
V	8706	5460	2013-12-31 00:00:00
V	8707	11837	2011-10-11 00:00:00
V	8708	3992	2013-11-30 00:00:00
V	8709	5032	2013-11-26 00:00:00
V	8710	13466	2014-01-30 00:00:00
V	8711	7453	2014-04-30 00:00:00
V	8712	17400	2014-05-01 00:00:00
V	8713	8090	2013-11-07 00:00:00
V	8714	4829	2014-03-10 00:00:00
V	8715	10302	2012-10-23 00:00:00
V	8716	16763	2014-05-13 00:00:00
V	8717	18910	2012-06-29 00:00:00
V	8718	17613	2013-08-15 00:00:00
V	8719	17143	2013-02-07 00:00:00
V	8720	5892	2011-07-27 00:00:00
V	8721	1944	2014-03-11 00:00:00
V	8722	19048	2013-10-23 00:00:00
V	8723	8067	2013-12-02 00:00:00
V	8724	17444	2013-11-05 00:00:00
V	8725	7437	2014-01-23 00:00:00
V	8726	13880	2014-01-26 00:00:00
V	8727	17473	2014-01-14 00:00:00
V	8728	7688	2013-08-17 00:00:00
V	8729	17366	2013-08-26 00:00:00
V	8730	7352	2013-11-26 00:00:00
V	8731	1589	2013-02-25 00:00:00
V	8732	9875	2013-07-24 00:00:00
V	8733	2078	2014-06-06 00:00:00
V	8734	9114	2014-06-07 00:00:00
V	8735	4039	2014-02-14 00:00:00
V	8736	6606	2013-07-05 00:00:00
V	8737	19050	2014-04-06 00:00:00
V	8738	15971	2011-10-16 00:00:00
V	8739	11137	2013-10-04 00:00:00
V	8740	2675	2013-12-23 00:00:00
V	8741	149	2012-08-07 00:00:00
V	8742	12037	2011-09-17 00:00:00
V	8743	18996	2013-07-07 00:00:00
V	8744	19075	2014-02-24 00:00:00
V	8745	7979	2013-06-02 00:00:00
V	8746	12800	2013-10-16 00:00:00
V	8747	14956	2012-02-21 00:00:00
V	8748	11476	2012-08-17 00:00:00
V	8749	17788	2013-08-09 00:00:00
V	8750	7125	2013-06-12 00:00:00
V	8751	10200	2014-01-30 00:00:00
V	8752	8547	2013-12-09 00:00:00
V	8753	18391	2014-01-04 00:00:00
V	8754	10330	2014-05-08 00:00:00
V	8755	13525	2014-04-08 00:00:00
V	8756	5286	2012-09-06 00:00:00
V	8757	17177	2014-04-27 00:00:00
V	8758	5191	2014-04-14 00:00:00
V	8759	3419	2014-05-15 00:00:00
V	8760	14273	2012-07-30 00:00:00
V	8761	7797	2014-03-06 00:00:00
V	8762	11127	2014-04-18 00:00:00
V	8763	9029	2014-04-25 00:00:00
V	8764	16213	2013-07-07 00:00:00
V	8765	14178	2014-05-18 00:00:00
V	8766	17525	2013-04-09 00:00:00
V	8767	4049	2013-08-31 00:00:00
V	8768	2349	2013-11-14 00:00:00
V	8769	5863	2013-09-04 00:00:00
V	8770	17137	2013-02-04 00:00:00
V	8771	1403	2013-07-23 00:00:00
V	8772	15942	2014-05-11 00:00:00
V	8773	9347	2014-02-01 00:00:00
V	8774	17762	2013-07-12 00:00:00
V	8775	10219	2014-03-09 00:00:00
V	8776	13891	2013-11-29 00:00:00
V	8777	13613	2013-01-24 00:00:00
V	8778	15020	2012-11-12 00:00:00
V	8779	11130	2011-12-21 00:00:00
V	8780	3271	2013-09-07 00:00:00
V	8781	16147	2012-06-23 00:00:00
V	8782	2870	2012-07-26 00:00:00
V	8783	17690	2014-06-21 00:00:00
V	8784	10935	2013-07-04 00:00:00
V	8785	9032	2013-08-28 00:00:00
V	8786	13810	2014-02-08 00:00:00
V	8787	11207	2013-08-01 00:00:00
V	8788	5375	2012-08-22 00:00:00
V	8789	8467	2013-12-13 00:00:00
V	8790	10006	2011-11-09 00:00:00
V	8791	12659	2013-09-06 00:00:00
V	8792	14554	2013-04-29 00:00:00
V	8793	18582	2013-08-27 00:00:00
V	8794	11694	2014-04-04 00:00:00
V	8795	5652	2014-04-02 00:00:00
V	8796	3175	2013-07-21 00:00:00
V	8797	4596	2012-09-02 00:00:00
V	8798	16264	2011-11-17 00:00:00
V	8799	11703	2011-12-21 00:00:00
V	8800	18548	2014-03-29 00:00:00
V	8801	5905	2014-02-05 00:00:00
V	8802	3026	2013-01-04 00:00:00
V	8803	14250	2014-03-29 00:00:00
V	8804	15886	2013-08-31 00:00:00
V	8805	13914	2012-06-04 00:00:00
V	8806	1207	2013-05-24 00:00:00
V	8807	2941	2014-01-09 00:00:00
V	8808	18286	2014-04-06 00:00:00
V	8809	5399	2014-02-14 00:00:00
V	8810	7383	2013-07-01 00:00:00
V	8811	7203	2013-09-13 00:00:00
V	8812	5188	2013-10-24 00:00:00
V	8813	12208	2013-03-25 00:00:00
V	8814	14667	2012-11-09 00:00:00
V	8815	14854	2013-08-20 00:00:00
V	8816	5055	2012-02-09 00:00:00
V	8817	1889	2014-05-18 00:00:00
V	8818	9312	2014-04-23 00:00:00
V	8819	18315	2013-10-01 00:00:00
V	8820	9710	2014-04-14 00:00:00
V	8821	2483	2013-06-14 00:00:00
V	8822	6578	2012-12-10 00:00:00
V	8823	13411	2013-08-06 00:00:00
V	8824	907	2014-06-30 00:00:00
V	8825	12504	2011-06-13 00:00:00
V	8826	10842	2012-01-28 00:00:00
V	8827	17028	2014-06-25 00:00:00
V	8828	4979	2014-05-24 00:00:00
V	8829	4466	2013-03-13 00:00:00
V	8830	6302	2014-01-14 00:00:00
V	8831	11401	2012-04-06 00:00:00
V	8832	2474	2014-03-01 00:00:00
V	8833	17226	2013-11-23 00:00:00
V	8834	7852	2013-12-18 00:00:00
V	8835	3003	2014-06-18 00:00:00
V	8836	973	2014-01-01 00:00:00
V	8837	6784	2011-10-24 00:00:00
V	8838	3238	2014-05-28 00:00:00
V	8839	16004	2013-08-27 00:00:00
V	8840	12127	2014-01-02 00:00:00
V	8841	8220	2012-07-06 00:00:00
V	8842	4220	2013-08-05 00:00:00
V	8843	13152	2012-05-04 00:00:00
V	8844	186	2013-11-04 00:00:00
V	8845	6672	2011-08-06 00:00:00
V	8846	4201	2013-10-24 00:00:00
V	8847	19087	2012-09-25 00:00:00
V	8848	7457	2013-02-03 00:00:00
V	8849	1706	2014-05-28 00:00:00
V	8850	5884	2013-07-27 00:00:00
V	8851	7267	2014-05-22 00:00:00
V	8852	16582	2012-05-18 00:00:00
V	8853	527	2011-07-28 00:00:00
V	8854	11529	2013-05-02 00:00:00
V	8855	17710	2013-08-31 00:00:00
V	8856	16204	2013-09-30 00:00:00
V	8857	17148	2012-12-29 00:00:00
V	8858	14283	2014-03-10 00:00:00
V	8859	4803	2014-03-18 00:00:00
V	8860	6162	2014-04-26 00:00:00
V	8861	3853	2014-01-18 00:00:00
V	8862	6869	2014-03-13 00:00:00
V	8863	17615	2014-03-22 00:00:00
V	8864	10931	2014-06-05 00:00:00
V	8865	9711	2012-03-29 00:00:00
V	8866	1868	2013-12-24 00:00:00
V	8867	19194	2014-01-06 00:00:00
V	8868	15079	2013-09-20 00:00:00
V	8869	17428	2012-02-09 00:00:00
V	8870	14445	2013-09-17 00:00:00
V	8871	18724	2014-01-31 00:00:00
V	8872	17077	2013-08-21 00:00:00
V	8873	8738	2013-09-02 00:00:00
V	8874	4907	2013-07-17 00:00:00
V	8875	2727	2014-03-12 00:00:00
V	8876	4615	2014-05-22 00:00:00
V	8877	11016	2014-03-13 00:00:00
V	8878	12231	2014-04-24 00:00:00
V	8879	9124	2014-02-16 00:00:00
V	8880	9122	2013-09-09 00:00:00
V	8881	3073	2013-08-21 00:00:00
V	8882	3399	2013-11-05 00:00:00
V	8883	7641	2012-08-04 00:00:00
V	8884	18694	2013-10-24 00:00:00
V	8885	10767	2014-03-21 00:00:00
V	8886	13486	2014-05-28 00:00:00
V	8887	545	2014-03-19 00:00:00
V	8888	14326	2013-10-16 00:00:00
V	8889	6709	2014-03-15 00:00:00
V	8890	3266	2014-04-10 00:00:00
V	8891	18253	2014-04-30 00:00:00
V	8892	2438	2014-04-06 00:00:00
V	8893	3844	2014-02-12 00:00:00
V	8894	18111	2014-04-17 00:00:00
V	8895	14099	2013-07-20 00:00:00
V	8896	9417	2012-04-20 00:00:00
V	8897	17342	2014-04-17 00:00:00
V	8898	12735	2014-06-11 00:00:00
V	8899	7974	2013-09-27 00:00:00
V	8900	13245	2013-11-20 00:00:00
V	8901	18293	2012-01-29 00:00:00
V	8902	11901	2014-06-26 00:00:00
V	8903	18175	2013-08-22 00:00:00
V	8904	18705	2012-12-20 00:00:00
V	8905	16501	2011-09-15 00:00:00
V	8906	12881	2013-11-18 00:00:00
V	8907	2427	2013-11-26 00:00:00
V	8908	17880	2013-10-09 00:00:00
V	8909	6733	2012-01-12 00:00:00
V	8910	5010	2014-06-04 00:00:00
V	8911	10367	2013-09-30 00:00:00
V	8912	2299	2013-08-13 00:00:00
V	8913	15856	2013-01-04 00:00:00
V	8914	10543	2013-07-26 00:00:00
V	8915	17636	2012-06-22 00:00:00
V	8916	4162	2013-12-31 00:00:00
V	8917	727	2012-12-26 00:00:00
V	8918	18444	2014-03-23 00:00:00
V	8919	13179	2013-10-05 00:00:00
V	8920	9716	2014-02-19 00:00:00
V	8921	14551	2013-09-28 00:00:00
V	8922	18540	2013-08-23 00:00:00
V	8923	12388	2014-05-23 00:00:00
V	8924	284	2014-01-11 00:00:00
V	8925	12818	2014-01-28 00:00:00
V	8926	8677	2014-04-09 00:00:00
V	8927	14398	2012-04-14 00:00:00
V	8928	1560	2013-11-21 00:00:00
V	8929	7168	2013-12-31 00:00:00
V	8930	8081	2012-09-28 00:00:00
V	8931	1110	2014-06-10 00:00:00
V	8932	10444	2013-05-26 00:00:00
V	8933	15696	2012-07-18 00:00:00
V	8934	12605	2013-11-04 00:00:00
V	8935	3179	2014-05-18 00:00:00
V	8936	11313	2014-03-17 00:00:00
V	8937	11947	2013-09-09 00:00:00
V	8938	7910	2014-05-29 00:00:00
V	8939	18906	2013-12-05 00:00:00
V	8940	1886	2013-05-05 00:00:00
V	8941	12437	2014-02-01 00:00:00
V	8942	12505	2014-04-02 00:00:00
V	8943	18045	2014-04-19 00:00:00
V	8944	10646	2014-02-09 00:00:00
V	8945	13270	2014-02-19 00:00:00
V	8946	10181	2011-07-31 00:00:00
V	8947	10900	2013-01-24 00:00:00
V	8948	8397	2013-10-22 00:00:00
V	8949	825	2014-02-24 00:00:00
V	8950	10175	2013-12-01 00:00:00
V	8951	8257	2013-11-04 00:00:00
V	8952	2400	2014-01-05 00:00:00
V	8953	7309	2014-03-30 00:00:00
V	8954	13261	2011-10-01 00:00:00
V	8955	5162	2014-01-13 00:00:00
V	8956	2921	2013-10-21 00:00:00
V	8957	15351	2013-09-18 00:00:00
V	8958	170	2012-03-10 00:00:00
V	8959	1667	2013-07-09 00:00:00
V	8960	12180	2013-07-21 00:00:00
V	8961	12265	2013-03-26 00:00:00
V	8962	8948	2011-07-09 00:00:00
V	8963	11741	2013-10-23 00:00:00
V	8964	83	2013-10-29 00:00:00
V	8965	3072	2013-05-19 00:00:00
V	8966	10267	2013-02-02 00:00:00
V	8967	704	2012-11-06 00:00:00
V	8968	4131	2013-10-14 00:00:00
V	8969	13717	2014-01-15 00:00:00
V	8970	14649	2014-02-02 00:00:00
V	8971	10639	2011-08-24 00:00:00
V	8972	7721	2013-11-18 00:00:00
V	8973	16199	2013-12-18 00:00:00
V	8974	2145	2013-12-04 00:00:00
V	8975	8633	2014-03-14 00:00:00
V	8976	3810	2014-06-04 00:00:00
V	8977	4991	2014-03-02 00:00:00
V	8978	14158	2013-05-02 00:00:00
V	8979	34	2013-11-25 00:00:00
V	8980	4477	2013-10-03 00:00:00
V	8981	17329	2013-10-22 00:00:00
V	8982	6704	2013-07-16 00:00:00
V	8983	11395	2013-09-10 00:00:00
V	8984	15944	2011-11-14 00:00:00
V	8985	3778	2012-10-09 00:00:00
V	8986	4890	2013-12-17 00:00:00
V	8987	11675	2013-12-25 00:00:00
V	8988	5766	2012-06-18 00:00:00
V	8989	6368	2014-01-20 00:00:00
V	8990	10281	2013-09-26 00:00:00
V	8991	14515	2014-03-30 00:00:00
V	8992	4362	2011-08-06 00:00:00
V	8993	8593	2013-12-21 00:00:00
V	8994	4592	2013-06-16 00:00:00
V	8995	13404	2011-06-24 00:00:00
V	8996	14849	2011-10-06 00:00:00
V	8997	3041	2013-07-15 00:00:00
V	8998	3582	2014-02-13 00:00:00
V	8999	8303	2013-08-27 00:00:00
V	9000	2800	2013-10-02 00:00:00
V	9001	10864	2013-11-04 00:00:00
V	9002	18574	2014-04-03 00:00:00
V	9003	10738	2012-05-17 00:00:00
V	9004	8242	2014-03-07 00:00:00
V	9005	9349	2013-12-24 00:00:00
V	9006	7193	2014-01-16 00:00:00
V	9007	8116	2014-01-22 00:00:00
V	9008	4141	2014-01-10 00:00:00
V	9009	2499	2014-06-30 00:00:00
V	9010	17606	2014-04-03 00:00:00
V	9011	10054	2012-12-01 00:00:00
V	9012	17751	2014-05-22 00:00:00
V	9013	2075	2014-06-12 00:00:00
V	9014	12324	2014-03-11 00:00:00
V	9015	17979	2013-10-07 00:00:00
V	9016	1431	2013-08-24 00:00:00
V	9017	3409	2012-09-29 00:00:00
V	9018	6932	2014-04-07 00:00:00
V	9019	16339	2013-04-30 00:00:00
V	9020	17175	2013-10-23 00:00:00
V	9021	945	2013-12-14 00:00:00
V	9022	17501	2013-01-05 00:00:00
V	9023	5715	2013-04-23 00:00:00
V	9024	11762	2014-02-25 00:00:00
V	9025	5931	2014-02-26 00:00:00
V	9026	11725	2014-01-20 00:00:00
V	9027	8160	2012-06-10 00:00:00
V	9028	13056	2014-05-24 00:00:00
V	9029	6527	2014-01-26 00:00:00
V	9030	2928	2014-06-04 00:00:00
V	9031	15205	2013-11-04 00:00:00
V	9032	1603	2013-09-20 00:00:00
V	9033	11637	2011-07-01 00:00:00
V	9034	7755	2013-07-25 00:00:00
V	9035	7169	2013-11-28 00:00:00
V	9036	3426	2012-12-10 00:00:00
V	9037	7571	2012-05-10 00:00:00
V	9038	3090	2014-04-12 00:00:00
V	9039	16350	2013-08-03 00:00:00
V	9040	12973	2013-08-03 00:00:00
V	9041	3526	2011-11-07 00:00:00
V	9042	14786	2013-01-09 00:00:00
V	9043	12923	2013-10-08 00:00:00
V	9044	15237	2013-04-28 00:00:00
V	9045	18365	2014-03-11 00:00:00
V	9046	15052	2014-01-23 00:00:00
V	9047	13988	2013-11-06 00:00:00
V	9048	590	2013-02-28 00:00:00
V	9049	10391	2013-10-28 00:00:00
V	9050	18148	2013-07-24 00:00:00
V	9051	9455	2014-02-06 00:00:00
V	9052	9402	2013-07-25 00:00:00
V	9053	4236	2014-06-17 00:00:00
V	9054	1800	2014-04-27 00:00:00
V	9055	8896	2013-09-05 00:00:00
V	9056	12588	2013-12-12 00:00:00
V	9057	10408	2014-06-17 00:00:00
V	9058	16790	2014-02-26 00:00:00
V	9059	6219	2014-01-07 00:00:00
V	9060	13347	2013-05-25 00:00:00
V	9061	4307	2014-05-18 00:00:00
V	9062	6248	2012-02-20 00:00:00
V	9063	4754	2014-04-26 00:00:00
V	9064	4454	2013-08-11 00:00:00
V	9065	4514	2012-01-02 00:00:00
V	9066	7495	2014-03-17 00:00:00
V	9067	330	2013-05-04 00:00:00
V	9068	7219	2012-10-31 00:00:00
V	9069	7992	2014-01-26 00:00:00
V	9070	300	2013-10-31 00:00:00
V	9071	1313	2013-08-16 00:00:00
V	9072	2621	2013-12-04 00:00:00
V	9073	13997	2014-04-09 00:00:00
V	9074	14912	2014-04-30 00:00:00
V	9075	4068	2014-03-24 00:00:00
V	9076	6382	2013-07-07 00:00:00
V	9077	18044	2014-02-23 00:00:00
V	9078	9207	2014-04-17 00:00:00
V	9079	358	2012-05-27 00:00:00
V	9080	4444	2012-07-14 00:00:00
V	9081	19045	2013-11-06 00:00:00
V	9082	53	2014-04-04 00:00:00
V	9083	1832	2014-02-08 00:00:00
V	9084	17034	2013-10-10 00:00:00
V	9085	2809	2013-10-26 00:00:00
V	9086	7820	2013-04-15 00:00:00
V	9087	12174	2013-08-09 00:00:00
V	9088	10312	2014-05-21 00:00:00
V	9089	9167	2013-12-08 00:00:00
V	9090	6681	2014-04-07 00:00:00
V	9091	17102	2012-04-10 00:00:00
V	9092	3505	2013-06-16 00:00:00
V	9093	7712	2013-09-07 00:00:00
V	9094	18685	2014-03-10 00:00:00
V	9095	816	2013-08-08 00:00:00
V	9096	406	2014-02-21 00:00:00
V	9097	14930	2014-03-26 00:00:00
V	9098	14414	2011-11-25 00:00:00
V	9099	4398	2013-10-17 00:00:00
V	9100	301	2014-04-07 00:00:00
V	9101	15007	2012-11-22 00:00:00
V	9102	2055	2013-09-06 00:00:00
V	9103	9536	2013-12-29 00:00:00
V	9104	10590	2013-12-13 00:00:00
V	9105	3728	2013-09-02 00:00:00
V	9106	5205	2013-07-30 00:00:00
V	9107	9474	2013-10-03 00:00:00
V	9108	15520	2013-12-20 00:00:00
V	9109	2432	2011-09-08 00:00:00
V	9110	531	2012-04-24 00:00:00
V	9111	10110	2013-07-03 00:00:00
V	9112	6534	2013-09-28 00:00:00
V	9113	14467	2012-10-07 00:00:00
V	9114	7867	2013-12-05 00:00:00
V	9115	7333	2013-12-17 00:00:00
V	9116	472	2013-07-14 00:00:00
V	9117	7027	2014-04-13 00:00:00
V	9118	14665	2011-11-21 00:00:00
V	9119	9492	2013-09-21 00:00:00
V	9120	16709	2012-02-27 00:00:00
V	9121	18600	2014-05-10 00:00:00
V	9122	15741	2014-01-09 00:00:00
V	9123	19	2014-02-04 00:00:00
V	9124	814	2013-08-14 00:00:00
V	9125	19061	2014-03-29 00:00:00
V	9126	10880	2014-04-22 00:00:00
V	9127	14774	2014-04-13 00:00:00
V	9128	18415	2014-01-21 00:00:00
V	9129	16273	2013-10-02 00:00:00
V	9130	7670	2014-05-15 00:00:00
V	9131	16684	2014-04-19 00:00:00
V	9132	14923	2013-04-05 00:00:00
V	9133	8130	2014-05-09 00:00:00
V	9134	15505	2014-04-25 00:00:00
V	9135	7861	2014-06-01 00:00:00
V	9136	9860	2012-04-14 00:00:00
V	9137	13576	2013-08-10 00:00:00
V	9138	6587	2014-06-06 00:00:00
V	9139	12852	2013-08-20 00:00:00
V	9140	3440	2014-04-02 00:00:00
V	9141	15972	2011-12-12 00:00:00
V	9142	11632	2013-08-16 00:00:00
V	9143	1840	2014-01-20 00:00:00
V	9144	18765	2013-10-14 00:00:00
V	9145	13851	2012-09-10 00:00:00
V	9146	17507	2012-09-20 00:00:00
V	9147	3984	2013-08-11 00:00:00
V	9148	13734	2013-10-27 00:00:00
V	9149	9596	2014-04-28 00:00:00
V	9150	14788	2012-12-08 00:00:00
V	9151	8591	2013-11-17 00:00:00
V	9152	13927	2011-08-16 00:00:00
V	9153	12421	2013-12-07 00:00:00
V	9154	10541	2013-09-12 00:00:00
V	9155	1879	2014-04-12 00:00:00
V	9156	12405	2013-11-20 00:00:00
V	9157	2751	2014-01-08 00:00:00
V	9158	17222	2011-10-30 00:00:00
V	9159	484	2013-08-15 00:00:00
V	9160	2956	2012-06-03 00:00:00
V	9161	15042	2011-08-27 00:00:00
V	9162	5734	2014-04-11 00:00:00
V	9163	6379	2012-12-19 00:00:00
V	9164	15471	2014-04-29 00:00:00
V	9165	18427	2012-03-08 00:00:00
V	9166	9159	2013-09-30 00:00:00
V	9167	18143	2014-02-07 00:00:00
V	9168	18016	2011-08-29 00:00:00
V	9169	13403	2014-06-18 00:00:00
V	9170	14711	2013-05-24 00:00:00
V	9171	19024	2012-08-03 00:00:00
V	9172	10239	2013-09-16 00:00:00
V	9173	8200	2014-03-08 00:00:00
V	9174	13242	2013-07-07 00:00:00
V	9175	4417	2013-10-12 00:00:00
V	9176	16932	2013-07-14 00:00:00
V	9177	630	2012-02-17 00:00:00
V	9178	17241	2012-09-24 00:00:00
V	9179	8761	2014-04-28 00:00:00
V	9180	16510	2012-07-25 00:00:00
V	9181	14644	2014-01-08 00:00:00
V	9182	16546	2013-05-24 00:00:00
V	9183	2419	2013-07-20 00:00:00
V	9184	17956	2014-03-12 00:00:00
V	9185	293	2014-02-16 00:00:00
V	9186	4810	2013-12-07 00:00:00
V	9187	4893	2012-02-06 00:00:00
V	9188	11339	2013-04-05 00:00:00
V	9189	9050	2014-05-15 00:00:00
V	9190	12866	2012-04-22 00:00:00
V	9191	11807	2013-11-19 00:00:00
V	9192	4036	2011-11-26 00:00:00
V	9193	14221	2014-04-29 00:00:00
V	9194	11443	2013-12-24 00:00:00
V	9195	15032	2011-08-25 00:00:00
V	9196	258	2013-01-05 00:00:00
V	9197	14937	2013-09-30 00:00:00
V	9198	1882	2014-03-23 00:00:00
V	9199	10885	2014-04-07 00:00:00
V	9200	271	2013-07-02 00:00:00
V	9201	15790	2012-01-04 00:00:00
V	9202	16534	2013-10-05 00:00:00
V	9203	15302	2013-09-24 00:00:00
V	9204	18689	2012-01-22 00:00:00
V	9205	14210	2014-05-08 00:00:00
V	9206	14751	2013-03-19 00:00:00
V	9207	4946	2012-11-13 00:00:00
V	9208	3544	2011-11-27 00:00:00
V	9209	2468	2014-04-21 00:00:00
V	9210	12181	2013-12-13 00:00:00
V	9211	12045	2013-12-08 00:00:00
V	9212	2533	2014-03-09 00:00:00
V	9213	9953	2014-06-21 00:00:00
V	9214	18708	2014-02-19 00:00:00
V	9215	16933	2013-08-18 00:00:00
V	9216	3472	2014-01-07 00:00:00
V	9217	16450	2013-10-30 00:00:00
V	9218	7318	2014-05-25 00:00:00
V	9219	462	2014-04-05 00:00:00
V	9220	16641	2011-09-17 00:00:00
V	9221	8111	2013-02-27 00:00:00
V	9222	7507	2012-08-21 00:00:00
V	9223	10582	2013-09-13 00:00:00
V	9224	13031	2013-12-20 00:00:00
V	9225	11317	2013-07-24 00:00:00
V	9226	19168	2013-12-21 00:00:00
V	9227	16354	2012-11-17 00:00:00
V	9228	17652	2013-07-25 00:00:00
V	9229	7772	2013-10-11 00:00:00
V	9230	16402	2014-02-14 00:00:00
V	9231	3829	2013-06-16 00:00:00
V	9232	5359	2012-09-30 00:00:00
V	9233	11921	2013-07-06 00:00:00
V	9234	4366	2013-06-15 00:00:00
V	9235	11422	2013-10-07 00:00:00
V	9236	11615	2013-10-17 00:00:00
V	9237	16962	2013-12-04 00:00:00
V	9238	9389	2013-04-22 00:00:00
V	9239	12790	2013-03-11 00:00:00
V	9240	3384	2013-07-29 00:00:00
V	9241	11497	2013-11-11 00:00:00
V	9242	3085	2014-05-22 00:00:00
V	9243	14213	2014-05-22 00:00:00
V	9244	2420	2012-02-29 00:00:00
V	9245	14483	2011-09-17 00:00:00
V	9246	955	2013-06-03 00:00:00
V	9247	14270	2013-07-17 00:00:00
V	9248	7543	2013-12-01 00:00:00
V	9249	9677	2013-12-03 00:00:00
V	9250	5152	2013-09-21 00:00:00
V	9251	2761	2014-01-16 00:00:00
V	9252	15283	2013-10-08 00:00:00
V	9253	7823	2014-02-17 00:00:00
V	9254	16943	2013-10-23 00:00:00
V	9255	80	2013-11-19 00:00:00
V	9256	7077	2013-08-11 00:00:00
V	9257	17280	2013-08-11 00:00:00
V	9258	3516	2013-09-21 00:00:00
V	9259	17930	2013-11-15 00:00:00
V	9260	9896	2014-04-28 00:00:00
V	9261	13650	2014-04-23 00:00:00
V	9262	7140	2013-02-08 00:00:00
V	9263	7051	2013-02-14 00:00:00
V	9264	7210	2013-09-08 00:00:00
V	9265	5071	2013-04-02 00:00:00
V	9266	10178	2013-10-22 00:00:00
V	9267	9581	2013-09-27 00:00:00
V	9268	13789	2013-10-25 00:00:00
V	9269	6502	2012-08-30 00:00:00
V	9270	12364	2014-05-26 00:00:00
V	9271	4661	2014-06-18 00:00:00
V	9272	6016	2012-10-26 00:00:00
V	9273	2287	2014-02-02 00:00:00
V	9274	15952	2014-04-18 00:00:00
V	9275	16380	2014-05-21 00:00:00
V	9276	8074	2014-03-17 00:00:00
V	9277	9395	2014-03-22 00:00:00
V	9278	4114	2014-02-02 00:00:00
V	9279	13065	2013-08-30 00:00:00
V	9280	3554	2013-06-20 00:00:00
V	9281	12221	2014-03-15 00:00:00
V	9282	17958	2013-11-27 00:00:00
V	9283	14647	2014-05-28 00:00:00
V	9284	12430	2013-07-07 00:00:00
V	9285	9659	2012-11-06 00:00:00
V	9286	11722	2013-08-08 00:00:00
V	9287	10717	2014-03-30 00:00:00
V	9288	5186	2014-03-27 00:00:00
V	9289	18660	2013-07-31 00:00:00
V	9290	17731	2013-08-28 00:00:00
V	9291	2677	2012-03-06 00:00:00
V	9292	8139	2014-06-13 00:00:00
V	9293	17187	2014-04-15 00:00:00
V	9294	12155	2014-04-22 00:00:00
V	9295	18408	2013-03-14 00:00:00
V	9296	9037	2013-03-08 00:00:00
V	9297	4402	2013-08-08 00:00:00
V	9298	14485	2014-05-05 00:00:00
V	9299	2213	2013-11-13 00:00:00
V	9300	16362	2013-11-28 00:00:00
V	9301	1242	2014-01-22 00:00:00
V	9302	1057	2012-09-16 00:00:00
V	9303	322	2014-05-01 00:00:00
V	9304	14132	2012-06-09 00:00:00
V	9305	10407	2013-11-08 00:00:00
V	9306	10977	2013-05-19 00:00:00
V	9307	14280	2014-03-26 00:00:00
V	9308	15631	2014-05-10 00:00:00
V	9309	3249	2013-09-27 00:00:00
V	9310	2489	2013-09-15 00:00:00
V	9311	10824	2014-03-22 00:00:00
V	9312	15799	2013-10-04 00:00:00
V	9313	5105	2013-08-23 00:00:00
V	9314	12580	2013-09-27 00:00:00
V	9315	12230	2011-08-07 00:00:00
V	9316	8837	2013-09-20 00:00:00
V	9317	13394	2013-08-05 00:00:00
V	9318	3435	2013-08-25 00:00:00
V	9319	3889	2013-08-14 00:00:00
V	9320	3429	2013-02-19 00:00:00
V	9321	18351	2013-11-01 00:00:00
V	9322	7684	2013-08-23 00:00:00
V	9323	13877	2014-03-27 00:00:00
V	9324	16469	2012-08-30 00:00:00
V	9325	12854	2013-11-12 00:00:00
V	9326	3086	2011-08-09 00:00:00
V	9327	1266	2012-05-17 00:00:00
V	9328	12455	2012-07-20 00:00:00
V	9329	12961	2014-02-20 00:00:00
V	9330	14898	2011-12-07 00:00:00
V	9331	17977	2012-12-19 00:00:00
V	9332	13137	2013-07-24 00:00:00
V	9333	16957	2014-05-30 00:00:00
V	9334	11276	2014-03-16 00:00:00
V	9335	7134	2013-11-05 00:00:00
V	9336	11536	2014-03-11 00:00:00
V	9337	13139	2014-04-29 00:00:00
V	9338	4628	2011-09-11 00:00:00
V	9339	7911	2012-06-18 00:00:00
V	9340	2433	2014-03-25 00:00:00
V	9341	1205	2011-09-07 00:00:00
V	9342	5320	2014-04-16 00:00:00
V	9343	11368	2014-04-14 00:00:00
V	9344	13156	2014-05-16 00:00:00
V	9345	750	2014-04-10 00:00:00
V	9346	14115	2014-04-10 00:00:00
V	9347	4	2013-05-20 00:00:00
V	9348	2359	2014-03-22 00:00:00
V	9349	18949	2013-11-20 00:00:00
V	9350	18432	2013-03-26 00:00:00
V	9351	3043	2011-06-03 00:00:00
V	9352	14740	2012-07-19 00:00:00
V	9353	4915	2013-10-21 00:00:00
V	9354	6102	2012-03-16 00:00:00
V	9355	12826	2013-11-20 00:00:00
V	9356	2366	2014-05-29 00:00:00
V	9357	5791	2013-10-14 00:00:00
V	9358	5085	2012-08-24 00:00:00
V	9359	11189	2014-06-27 00:00:00
V	9360	1956	2013-09-03 00:00:00
V	9361	10418	2014-01-10 00:00:00
V	9362	18119	2012-11-17 00:00:00
V	9363	11712	2013-05-26 00:00:00
V	9364	4833	2013-09-27 00:00:00
V	9365	159	2012-11-26 00:00:00
V	9366	10325	2014-05-08 00:00:00
V	9367	16531	2013-09-10 00:00:00
V	9368	1874	2014-04-18 00:00:00
V	9369	8638	2011-10-29 00:00:00
V	9370	235	2014-05-04 00:00:00
V	9371	13592	2012-07-29 00:00:00
V	9372	9268	2012-10-10 00:00:00
V	9373	6211	2012-11-25 00:00:00
V	9374	4369	2011-06-02 00:00:00
V	9375	17970	2012-04-03 00:00:00
V	9376	7904	2012-09-17 00:00:00
V	9377	1001	2013-09-15 00:00:00
V	9378	14201	2014-05-28 00:00:00
V	9379	18767	2014-05-27 00:00:00
V	9380	13508	2014-06-01 00:00:00
V	9381	17790	2011-11-07 00:00:00
V	9382	12032	2014-02-27 00:00:00
V	9383	2369	2013-08-16 00:00:00
V	9384	2063	2013-11-03 00:00:00
V	9385	13193	2013-07-06 00:00:00
V	9386	4785	2013-04-30 00:00:00
V	9387	8802	2013-11-05 00:00:00
V	9388	4918	2014-02-20 00:00:00
V	9389	13280	2013-03-18 00:00:00
V	9390	4920	2014-04-23 00:00:00
V	9391	14141	2011-07-14 00:00:00
V	9392	2160	2013-11-18 00:00:00
V	9393	10005	2012-01-19 00:00:00
V	9394	15048	2012-11-01 00:00:00
V	9395	16590	2013-09-16 00:00:00
V	9396	18646	2013-07-20 00:00:00
V	9397	17878	2014-04-25 00:00:00
V	9398	10024	2012-02-27 00:00:00
V	9399	18674	2013-12-25 00:00:00
V	9400	14024	2013-08-11 00:00:00
V	9401	3666	2013-12-28 00:00:00
V	9402	18442	2013-12-23 00:00:00
V	9403	14124	2014-02-18 00:00:00
V	9404	4796	2014-01-30 00:00:00
V	9405	16609	2013-10-25 00:00:00
V	9406	18048	2012-08-09 00:00:00
V	9407	19183	2013-07-29 00:00:00
V	9408	744	2013-05-30 00:00:00
V	9409	9919	2013-07-12 00:00:00
V	9410	1034	2013-12-27 00:00:00
V	9411	17046	2013-07-22 00:00:00
V	9412	13381	2014-05-05 00:00:00
V	9413	18446	2013-09-08 00:00:00
V	9414	4333	2013-11-09 00:00:00
V	9415	9505	2013-07-23 00:00:00
V	9416	380	2011-11-18 00:00:00
V	9417	7698	2013-10-16 00:00:00
V	9418	15460	2013-10-25 00:00:00
V	9419	8230	2014-06-02 00:00:00
V	9420	8480	2013-12-17 00:00:00
V	9421	13557	2014-03-03 00:00:00
V	9422	17865	2013-08-22 00:00:00
V	9423	4822	2012-06-03 00:00:00
V	9424	1688	2012-12-05 00:00:00
V	9425	8709	2013-12-17 00:00:00
V	9426	1595	2014-05-18 00:00:00
V	9427	7469	2013-05-24 00:00:00
V	9428	4612	2014-05-17 00:00:00
V	9429	3809	2013-10-12 00:00:00
V	9430	10322	2013-12-18 00:00:00
V	9431	4105	2012-09-30 00:00:00
V	9432	8694	2012-09-11 00:00:00
V	9433	4258	2014-05-04 00:00:00
V	9434	13514	2012-05-08 00:00:00
V	9435	17637	2011-08-02 00:00:00
V	9436	14428	2012-01-14 00:00:00
V	9437	4899	2013-05-20 00:00:00
V	9438	17072	2013-11-15 00:00:00
V	9439	17051	2011-06-30 00:00:00
V	9440	307	2014-05-06 00:00:00
V	9441	2022	2013-11-03 00:00:00
V	9442	2408	2014-01-03 00:00:00
V	9443	5422	2013-10-17 00:00:00
V	9444	8901	2013-06-23 00:00:00
V	9445	7456	2014-03-11 00:00:00
V	9446	8984	2013-09-16 00:00:00
V	9447	8892	2013-12-14 00:00:00
V	9448	13984	2013-03-11 00:00:00
V	9449	5822	2013-08-13 00:00:00
V	9450	2130	2014-05-12 00:00:00
V	9451	3006	2012-11-27 00:00:00
V	9452	18837	2014-02-26 00:00:00
V	9453	8280	2013-10-09 00:00:00
V	9454	16312	2014-01-19 00:00:00
V	9455	4895	2013-07-20 00:00:00
V	9456	11180	2013-10-12 00:00:00
V	9457	1822	2014-02-21 00:00:00
V	9458	15492	2013-01-30 00:00:00
V	9459	13941	2014-06-22 00:00:00
V	9460	16377	2011-11-19 00:00:00
V	9461	5255	2013-04-03 00:00:00
V	9462	2517	2014-06-17 00:00:00
V	9463	1714	2011-07-01 00:00:00
V	9464	2439	2014-02-06 00:00:00
V	9465	8255	2013-11-04 00:00:00
V	9466	12732	2013-10-19 00:00:00
V	9467	15950	2012-05-16 00:00:00
V	9468	2573	2013-11-04 00:00:00
V	9469	3897	2014-03-04 00:00:00
V	9470	720	2014-05-25 00:00:00
V	9471	11542	2013-08-22 00:00:00
V	9472	14345	2014-01-15 00:00:00
V	9473	6908	2014-03-17 00:00:00
V	9474	16797	2014-02-10 00:00:00
V	9475	16251	2011-07-18 00:00:00
V	9476	105	2014-01-07 00:00:00
V	9477	12979	2014-06-17 00:00:00
V	9478	8337	2014-03-08 00:00:00
V	9479	17121	2014-03-02 00:00:00
V	9480	3614	2014-02-15 00:00:00
V	9481	3245	2013-10-06 00:00:00
V	9482	6185	2013-11-28 00:00:00
V	9483	16285	2013-03-24 00:00:00
V	9484	5079	2013-12-18 00:00:00
V	9485	17593	2014-02-16 00:00:00
V	9486	1261	2014-01-17 00:00:00
V	9487	4579	2012-04-22 00:00:00
V	9488	9543	2013-11-27 00:00:00
V	9489	17432	2011-07-03 00:00:00
V	9490	15037	2012-07-26 00:00:00
V	9491	18541	2013-12-12 00:00:00
V	9492	1158	2013-11-18 00:00:00
V	9493	2886	2014-05-09 00:00:00
V	9494	1696	2014-04-08 00:00:00
V	9495	2523	2014-02-04 00:00:00
V	9496	11967	2013-12-23 00:00:00
V	9497	17939	2014-05-23 00:00:00
V	9498	11432	2013-11-30 00:00:00
V	9499	11152	2012-10-29 00:00:00
V	9500	15539	2012-02-20 00:00:00
V	9501	687	2013-11-11 00:00:00
V	9502	8370	2013-09-27 00:00:00
V	9503	16740	2012-03-05 00:00:00
V	9504	1347	2011-09-19 00:00:00
V	9505	6758	2013-11-19 00:00:00
V	9506	489	2013-12-05 00:00:00
V	9507	18369	2013-07-23 00:00:00
V	9508	15266	2013-03-01 00:00:00
V	9509	4684	2014-02-12 00:00:00
V	9510	5635	2013-12-17 00:00:00
V	9511	11691	2011-06-28 00:00:00
V	9512	12077	2013-09-17 00:00:00
V	9513	16035	2014-05-11 00:00:00
V	9514	7791	2013-08-18 00:00:00
V	9515	9795	2012-03-19 00:00:00
V	9516	3181	2014-04-30 00:00:00
V	9517	8780	2013-07-23 00:00:00
V	9518	16345	2012-11-15 00:00:00
V	9519	12089	2014-02-25 00:00:00
V	9520	8145	2013-08-02 00:00:00
V	9521	5328	2013-10-17 00:00:00
V	9522	17553	2014-05-27 00:00:00
V	9523	6666	2013-07-02 00:00:00
V	9524	5759	2013-11-27 00:00:00
V	9525	1186	2013-04-26 00:00:00
V	9526	15209	2012-11-05 00:00:00
V	9527	4196	2011-12-17 00:00:00
V	9528	18225	2013-07-01 00:00:00
V	9529	8124	2013-03-15 00:00:00
V	9530	5767	2013-07-28 00:00:00
V	9531	2765	2011-06-05 00:00:00
V	9532	3240	2014-02-18 00:00:00
V	9533	17874	2013-03-26 00:00:00
V	9534	15208	2014-04-26 00:00:00
V	9535	13357	2014-05-18 00:00:00
V	9536	4243	2012-01-13 00:00:00
V	9537	1084	2014-01-11 00:00:00
V	9538	3811	2014-03-15 00:00:00
V	9539	15286	2014-03-24 00:00:00
V	9540	9409	2013-11-09 00:00:00
V	9541	7704	2014-02-05 00:00:00
V	9542	10145	2014-02-09 00:00:00
V	9543	6627	2013-09-20 00:00:00
V	9544	11908	2014-03-15 00:00:00
V	9545	694	2013-12-19 00:00:00
V	9546	8775	2013-11-04 00:00:00
V	9547	18859	2014-04-17 00:00:00
V	9548	13901	2013-06-10 00:00:00
V	9549	19064	2013-09-07 00:00:00
V	9550	11819	2014-02-07 00:00:00
V	9551	1250	2013-10-09 00:00:00
V	9552	4054	2014-03-27 00:00:00
V	9553	1701	2013-03-14 00:00:00
V	9554	4541	2011-12-27 00:00:00
V	9555	15961	2013-03-09 00:00:00
V	9556	3856	2014-03-30 00:00:00
V	9557	3361	2014-04-03 00:00:00
V	9558	17131	2013-12-01 00:00:00
V	9559	2689	2013-11-17 00:00:00
V	9560	13399	2013-09-08 00:00:00
V	9561	13627	2012-03-04 00:00:00
V	9562	4723	2013-11-25 00:00:00
V	9563	15888	2013-05-16 00:00:00
V	9564	11000	2014-05-18 00:00:00
V	9565	9830	2013-10-14 00:00:00
V	9566	6082	2012-09-19 00:00:00
V	9567	18838	2013-11-03 00:00:00
V	9568	16574	2014-03-29 00:00:00
V	9569	13286	2013-12-22 00:00:00
V	9570	8355	2013-07-28 00:00:00
V	9571	8832	2014-01-11 00:00:00
V	9572	15834	2013-09-20 00:00:00
V	9573	11985	2014-06-01 00:00:00
V	9574	13029	2013-12-18 00:00:00
V	9575	13844	2011-10-31 00:00:00
V	9576	17436	2013-10-14 00:00:00
V	9577	16674	2014-05-12 00:00:00
V	9578	5953	2013-01-11 00:00:00
V	9579	13470	2013-11-21 00:00:00
V	9580	10956	2014-01-18 00:00:00
V	9581	6809	2013-07-22 00:00:00
V	9582	17409	2014-05-23 00:00:00
V	9583	248	2014-04-11 00:00:00
V	9584	7706	2013-10-18 00:00:00
V	9585	3960	2012-12-01 00:00:00
V	9586	5826	2014-04-18 00:00:00
V	9587	17362	2013-06-30 00:00:00
V	9588	6808	2014-03-22 00:00:00
V	9589	14379	2013-08-18 00:00:00
V	9590	6962	2014-04-05 00:00:00
V	9591	3252	2014-05-29 00:00:00
V	9592	5606	2013-11-12 00:00:00
V	9593	19077	2012-04-28 00:00:00
V	9594	15936	2012-12-16 00:00:00
V	9595	13237	2012-07-05 00:00:00
V	9596	10790	2014-01-11 00:00:00
V	9597	17176	2013-08-18 00:00:00
V	9598	10722	2012-01-17 00:00:00
V	9599	17357	2013-11-26 00:00:00
V	9600	9454	2014-03-23 00:00:00
V	9601	9852	2014-04-03 00:00:00
V	9602	10666	2014-02-06 00:00:00
V	9603	3080	2011-07-12 00:00:00
V	9604	17834	2012-05-01 00:00:00
V	9605	11588	2013-10-29 00:00:00
V	9606	8879	2013-11-05 00:00:00
V	9607	8182	2014-05-21 00:00:00
V	9608	14933	2014-04-18 00:00:00
V	9609	3395	2014-01-13 00:00:00
V	9610	9823	2012-06-12 00:00:00
V	9611	2024	2013-12-08 00:00:00
V	9612	464	2013-12-16 00:00:00
V	9613	14074	2012-11-28 00:00:00
V	9614	98	2011-12-06 00:00:00
V	9615	13758	2013-12-04 00:00:00
V	9616	5919	2014-02-02 00:00:00
V	9617	2034	2012-07-23 00:00:00
V	9618	15625	2014-05-25 00:00:00
V	9619	4291	2014-04-20 00:00:00
V	9620	3287	2013-06-21 00:00:00
V	9621	13113	2014-04-12 00:00:00
V	9622	5809	2013-04-26 00:00:00
V	9623	1245	2011-09-30 00:00:00
V	9624	14008	2013-09-11 00:00:00
V	9625	16843	2013-08-05 00:00:00
V	9626	18832	2014-04-05 00:00:00
V	9627	11360	2013-11-30 00:00:00
V	9628	5684	2013-12-24 00:00:00
V	9629	16294	2013-12-05 00:00:00
V	9630	16692	2014-05-15 00:00:00
V	9631	4241	2013-11-04 00:00:00
V	9632	17820	2013-02-10 00:00:00
V	9633	3913	2012-06-19 00:00:00
V	9634	11124	2014-06-19 00:00:00
V	9635	12393	2014-06-23 00:00:00
V	9636	15865	2014-05-21 00:00:00
V	9637	18968	2013-11-19 00:00:00
V	9638	12615	2013-02-12 00:00:00
V	9639	8170	2013-04-05 00:00:00
V	9640	6743	2011-11-21 00:00:00
V	9641	3863	2012-11-30 00:00:00
V	9642	5795	2014-04-08 00:00:00
V	9643	14514	2014-06-16 00:00:00
V	9644	1114	2014-01-07 00:00:00
V	9645	8169	2013-07-30 00:00:00
V	9646	9734	2011-06-14 00:00:00
V	9647	2494	2014-03-11 00:00:00
V	9648	4611	2013-12-15 00:00:00
V	9649	1224	2013-06-09 00:00:00
V	9650	10195	2012-10-11 00:00:00
V	9651	723	2012-01-19 00:00:00
V	9652	12673	2014-06-07 00:00:00
V	9653	12635	2014-06-12 00:00:00
V	9654	2693	2014-04-24 00:00:00
V	9655	5290	2014-01-02 00:00:00
V	9656	3284	2014-03-30 00:00:00
V	9657	4693	2011-07-04 00:00:00
V	9658	5604	2013-08-25 00:00:00
V	9659	10521	2013-12-15 00:00:00
V	9660	3197	2013-12-10 00:00:00
V	9661	19111	2014-03-03 00:00:00
V	9662	7278	2014-05-09 00:00:00
V	9663	17825	2012-09-24 00:00:00
V	9664	6991	2014-05-02 00:00:00
V	9665	14819	2013-04-06 00:00:00
V	9666	7059	2011-12-24 00:00:00
V	9667	7414	2014-05-28 00:00:00
V	9668	7632	2014-06-02 00:00:00
V	9669	2641	2014-04-17 00:00:00
V	9670	16993	2013-07-14 00:00:00
V	9671	5673	2013-08-05 00:00:00
V	9672	18329	2013-07-18 00:00:00
V	9673	18120	2013-11-06 00:00:00
V	9674	261	2011-10-08 00:00:00
V	9675	6676	2013-01-19 00:00:00
V	9676	4053	2014-02-06 00:00:00
V	9677	6887	2013-09-05 00:00:00
V	9678	2282	2014-04-22 00:00:00
V	9679	19135	2014-06-07 00:00:00
V	9680	10295	2012-04-10 00:00:00
V	9681	15465	2013-11-16 00:00:00
V	9682	17047	2012-10-20 00:00:00
V	9683	14301	2013-08-07 00:00:00
V	9684	11612	2012-11-16 00:00:00
V	9685	17060	2013-08-03 00:00:00
V	9686	10644	2011-06-16 00:00:00
V	9687	4189	2013-08-17 00:00:00
V	9688	2769	2014-05-06 00:00:00
V	9689	17469	2013-12-27 00:00:00
V	9690	11910	2013-11-12 00:00:00
V	9691	7384	2012-12-02 00:00:00
V	9692	18578	2011-11-02 00:00:00
V	9693	17449	2013-11-04 00:00:00
V	9694	17474	2014-05-29 00:00:00
V	9695	8007	2013-07-30 00:00:00
V	9696	8080	2012-12-30 00:00:00
V	9697	1180	2013-09-19 00:00:00
V	9698	5536	2013-10-14 00:00:00
V	9699	9508	2013-10-26 00:00:00
V	9700	6971	2013-07-02 00:00:00
V	9701	9924	2013-10-03 00:00:00
V	9702	14386	2014-04-29 00:00:00
V	9703	10813	2014-02-22 00:00:00
V	9704	12172	2013-10-14 00:00:00
V	9705	8564	2014-01-20 00:00:00
V	9706	5927	2014-02-23 00:00:00
V	9707	657	2013-07-02 00:00:00
V	9708	6610	2012-11-23 00:00:00
V	9709	18649	2013-06-08 00:00:00
V	9710	17941	2013-08-02 00:00:00
V	9711	19141	2012-07-29 00:00:00
V	9712	8405	2012-12-04 00:00:00
V	9713	2792	2014-05-30 00:00:00
V	9714	1809	2014-04-30 00:00:00
V	9715	994	2014-06-29 00:00:00
V	9716	6255	2014-04-23 00:00:00
V	9717	16922	2012-07-26 00:00:00
V	9718	7930	2014-03-05 00:00:00
V	9719	959	2013-08-18 00:00:00
V	9720	2012	2014-04-15 00:00:00
V	9721	12322	2014-01-20 00:00:00
V	9722	4254	2013-09-13 00:00:00
V	9723	937	2012-11-05 00:00:00
V	9724	7007	2013-06-30 00:00:00
V	9725	8356	2013-04-06 00:00:00
V	9726	9513	2014-05-09 00:00:00
V	9727	2879	2013-12-12 00:00:00
V	9728	3237	2013-08-02 00:00:00
V	9729	4341	2013-04-12 00:00:00
V	9730	7164	2013-02-08 00:00:00
V	9731	9117	2014-02-18 00:00:00
V	9732	9605	2014-03-27 00:00:00
V	9733	5529	2014-05-21 00:00:00
V	9734	12071	2012-05-11 00:00:00
V	9735	17231	2013-08-13 00:00:00
V	9736	16862	2011-12-17 00:00:00
V	9737	9864	2013-11-14 00:00:00
V	9738	2629	2013-07-21 00:00:00
V	9739	2463	2013-09-18 00:00:00
V	9740	15910	2011-09-11 00:00:00
V	9741	9832	2013-10-05 00:00:00
V	9742	2322	2012-04-12 00:00:00
V	9743	13605	2012-03-02 00:00:00
V	9744	14322	2014-03-19 00:00:00
V	9745	996	2013-03-24 00:00:00
V	9746	13478	2011-12-27 00:00:00
V	9747	18007	2013-10-02 00:00:00
V	9748	10522	2014-03-15 00:00:00
V	9749	3717	2013-12-07 00:00:00
V	9750	16283	2013-10-29 00:00:00
V	9751	10679	2013-09-25 00:00:00
V	9752	12851	2013-09-21 00:00:00
V	9753	18371	2013-10-23 00:00:00
V	9754	5041	2014-01-22 00:00:00
V	9755	4990	2011-08-10 00:00:00
V	9756	9353	2013-05-03 00:00:00
V	9757	6321	2012-10-16 00:00:00
V	9758	16319	2014-01-12 00:00:00
V	9759	1115	2013-03-04 00:00:00
V	9760	11347	2014-05-07 00:00:00
V	9761	10810	2014-02-28 00:00:00
V	9762	5932	2012-11-29 00:00:00
V	9763	7192	2013-12-10 00:00:00
V	9764	2740	2013-03-09 00:00:00
V	9765	18438	2014-06-25 00:00:00
V	9766	3156	2013-07-11 00:00:00
V	9767	17678	2013-06-11 00:00:00
V	9768	9113	2013-11-18 00:00:00
V	9769	3061	2012-05-06 00:00:00
V	9770	13210	2011-09-22 00:00:00
V	9771	18361	2012-11-24 00:00:00
V	9772	1527	2014-05-17 00:00:00
V	9773	17140	2013-08-15 00:00:00
V	9774	18789	2012-07-24 00:00:00
V	9775	16885	2014-01-14 00:00:00
V	9776	15233	2012-07-30 00:00:00
V	9777	5898	2014-03-15 00:00:00
V	9778	5327	2013-08-26 00:00:00
V	9779	17159	2014-02-17 00:00:00
V	9780	15723	2012-12-17 00:00:00
V	9781	9726	2013-01-20 00:00:00
V	9782	11275	2013-07-16 00:00:00
V	9783	13199	2013-11-04 00:00:00
V	9784	4585	2013-08-09 00:00:00
V	9785	13059	2013-12-12 00:00:00
V	9786	7326	2013-08-17 00:00:00
V	9787	4033	2014-03-24 00:00:00
V	9788	1784	2014-06-02 00:00:00
V	9789	2008	2013-08-22 00:00:00
V	9790	18160	2011-07-06 00:00:00
V	9791	8381	2014-02-27 00:00:00
V	9792	18692	2013-08-07 00:00:00
V	9793	4286	2012-09-20 00:00:00
V	9794	18015	2013-06-30 00:00:00
V	9795	16106	2011-10-26 00:00:00
V	9796	16847	2013-11-24 00:00:00
V	9797	2405	2014-05-22 00:00:00
V	9798	17462	2013-09-29 00:00:00
V	9799	4724	2013-07-27 00:00:00
V	9800	2134	2014-05-17 00:00:00
V	9801	6696	2013-03-03 00:00:00
V	9802	10419	2014-04-26 00:00:00
V	9803	10659	2012-01-16 00:00:00
V	9804	2088	2013-12-01 00:00:00
V	9805	15073	2014-01-31 00:00:00
V	9806	851	2012-05-29 00:00:00
V	9807	583	2013-07-13 00:00:00
V	9808	17375	2013-10-27 00:00:00
V	9809	17746	2012-07-02 00:00:00
V	9810	5765	2013-09-08 00:00:00
V	9811	19188	2014-05-07 00:00:00
V	9812	5236	2014-05-02 00:00:00
V	9813	7584	2014-05-27 00:00:00
V	9814	8753	2012-03-29 00:00:00
V	9815	11037	2014-04-06 00:00:00
V	9816	724	2014-06-24 00:00:00
V	9817	378	2014-02-20 00:00:00
V	9818	14190	2013-12-22 00:00:00
V	9819	15168	2013-03-06 00:00:00
V	9820	16287	2012-03-16 00:00:00
V	9821	13819	2014-03-06 00:00:00
V	9822	10633	2014-05-05 00:00:00
V	9823	17948	2012-04-06 00:00:00
V	9824	4075	2014-02-20 00:00:00
V	9825	10192	2013-09-05 00:00:00
V	9826	16111	2014-05-27 00:00:00
V	9827	9671	2013-12-05 00:00:00
V	9828	18380	2014-01-28 00:00:00
V	9829	16613	2013-08-31 00:00:00
V	9830	5150	2014-03-11 00:00:00
V	9831	5566	2013-11-08 00:00:00
V	9832	5980	2014-04-30 00:00:00
V	9833	10213	2013-11-10 00:00:00
V	9834	7686	2014-01-10 00:00:00
V	9835	8335	2013-08-26 00:00:00
V	9836	3640	2014-03-15 00:00:00
V	9837	13968	2013-09-08 00:00:00
V	9838	13833	2013-08-05 00:00:00
V	9839	7183	2013-08-29 00:00:00
V	9840	4479	2014-06-16 00:00:00
V	9841	15306	2012-11-06 00:00:00
V	9842	17147	2014-04-15 00:00:00
V	9843	2913	2014-02-02 00:00:00
V	9844	8961	2014-03-31 00:00:00
V	9845	12532	2014-03-09 00:00:00
V	9846	17538	2014-01-03 00:00:00
V	9847	14251	2013-03-29 00:00:00
V	9848	15717	2014-06-21 00:00:00
V	9849	6772	2014-02-07 00:00:00
V	9850	4583	2013-10-26 00:00:00
V	9851	7502	2013-11-26 00:00:00
V	9852	14499	2014-04-09 00:00:00
V	9853	7950	2014-04-04 00:00:00
V	9854	19030	2013-11-15 00:00:00
V	9855	14294	2014-06-15 00:00:00
V	9856	18762	2013-04-12 00:00:00
V	9857	14632	2013-11-08 00:00:00
V	9858	1282	2014-04-02 00:00:00
V	9859	7156	2013-04-13 00:00:00
V	9860	2068	2012-08-05 00:00:00
V	9861	15038	2012-03-11 00:00:00
V	9862	1859	2013-01-11 00:00:00
V	9863	3143	2013-10-12 00:00:00
V	9864	11417	2012-04-15 00:00:00
V	9865	8588	2014-03-30 00:00:00
V	9866	5060	2013-12-16 00:00:00
V	9867	10127	2014-02-08 00:00:00
V	9868	8088	2014-01-04 00:00:00
V	9869	12093	2013-10-04 00:00:00
V	9870	7835	2013-08-08 00:00:00
V	9871	18447	2013-12-28 00:00:00
V	9872	19092	2013-07-20 00:00:00
V	9873	15847	2013-10-04 00:00:00
V	9874	11241	2013-11-13 00:00:00
V	9875	8412	2014-03-26 00:00:00
V	9876	5035	2013-10-18 00:00:00
V	9877	5160	2014-05-16 00:00:00
V	9878	17609	2013-12-30 00:00:00
V	9879	12733	2013-12-09 00:00:00
V	9880	2877	2013-09-22 00:00:00
V	9881	15135	2013-12-05 00:00:00
V	9882	12432	2013-08-02 00:00:00
V	9883	16563	2012-11-17 00:00:00
V	9884	4996	2014-05-27 00:00:00
V	9885	18370	2013-11-23 00:00:00
V	9886	16364	2013-12-17 00:00:00
V	9887	10891	2014-04-10 00:00:00
V	9888	13665	2014-06-30 00:00:00
V	9889	10778	2013-08-13 00:00:00
V	9890	1098	2013-10-13 00:00:00
V	9891	13419	2012-06-15 00:00:00
V	9892	14746	2012-08-07 00:00:00
V	9893	14104	2011-07-13 00:00:00
V	9894	12232	2014-01-19 00:00:00
V	9895	3466	2013-07-16 00:00:00
V	9896	9465	2013-11-19 00:00:00
V	9897	14102	2012-11-03 00:00:00
V	9898	400	2011-10-19 00:00:00
V	9899	19221	2012-02-06 00:00:00
V	9900	14208	2014-03-24 00:00:00
V	9901	10898	2013-06-22 00:00:00
V	9902	15764	2013-11-29 00:00:00
V	9903	17463	2014-02-12 00:00:00
V	9904	2394	2014-03-14 00:00:00
V	9905	4768	2013-06-20 00:00:00
V	9906	13489	2012-09-04 00:00:00
V	9907	10727	2013-11-01 00:00:00
V	9908	12798	2013-12-11 00:00:00
V	9909	16382	2014-04-21 00:00:00
V	9910	1360	2014-06-16 00:00:00
V	9911	6523	2013-05-16 00:00:00
V	9912	3230	2014-03-01 00:00:00
V	9913	14215	2013-09-04 00:00:00
V	9914	3635	2014-05-20 00:00:00
V	9915	16868	2014-02-01 00:00:00
V	9916	19094	2013-01-03 00:00:00
V	9917	7975	2012-07-03 00:00:00
V	9918	16054	2014-03-31 00:00:00
V	9919	2314	2014-04-20 00:00:00
V	9920	9019	2014-04-30 00:00:00
V	9921	13474	2013-12-14 00:00:00
V	9922	11373	2012-12-20 00:00:00
V	9923	18289	2014-04-22 00:00:00
V	9924	7375	2013-10-05 00:00:00
V	9925	1491	2014-03-16 00:00:00
V	9926	9843	2013-02-11 00:00:00
V	9927	1059	2014-05-12 00:00:00
V	9928	19151	2013-10-21 00:00:00
V	9929	15252	2013-08-10 00:00:00
V	9930	4010	2013-07-17 00:00:00
V	9931	3564	2014-04-01 00:00:00
V	9932	8570	2014-05-14 00:00:00
V	9933	13265	2014-02-09 00:00:00
V	9934	112	2014-05-12 00:00:00
V	9935	2868	2013-11-08 00:00:00
V	9936	16487	2014-02-25 00:00:00
V	9937	8624	2014-06-18 00:00:00
V	9938	3114	2013-12-09 00:00:00
V	9939	19185	2013-10-14 00:00:00
V	9940	9867	2013-06-16 00:00:00
V	9941	13260	2014-05-15 00:00:00
V	9942	17380	2013-10-28 00:00:00
V	9943	7499	2012-02-08 00:00:00
V	9944	11411	2013-08-30 00:00:00
V	9945	3164	2013-05-11 00:00:00
V	9946	214	2013-09-19 00:00:00
V	9947	532	2013-04-03 00:00:00
V	9948	14151	2014-01-02 00:00:00
V	9949	1174	2013-10-13 00:00:00
V	9950	17629	2012-12-03 00:00:00
V	9951	10544	2013-11-21 00:00:00
V	9952	10103	2013-07-14 00:00:00
V	9953	9439	2014-03-14 00:00:00
V	9954	15120	2014-03-02 00:00:00
V	9955	4503	2011-06-16 00:00:00
V	9956	13162	2013-10-07 00:00:00
V	9957	7450	2013-10-19 00:00:00
V	9958	3978	2013-07-20 00:00:00
V	9959	1348	2013-09-26 00:00:00
V	9960	5680	2012-06-04 00:00:00
V	9961	13189	2013-10-06 00:00:00
V	9962	4343	2014-01-18 00:00:00
V	9963	9752	2013-01-23 00:00:00
V	9964	14223	2013-03-24 00:00:00
V	9965	1539	2014-01-22 00:00:00
V	9966	2987	2013-08-03 00:00:00
V	9967	9286	2013-09-16 00:00:00
V	9968	19190	2014-02-01 00:00:00
V	9969	12115	2012-10-19 00:00:00
V	9970	8836	2012-06-04 00:00:00
V	9971	5133	2014-06-28 00:00:00
V	9972	10497	2013-10-29 00:00:00
V	9973	2959	2013-08-16 00:00:00
V	9974	2111	2013-10-08 00:00:00
V	9975	7655	2014-04-15 00:00:00
V	9976	18725	2014-03-16 00:00:00
V	9977	11508	2013-08-01 00:00:00
V	9978	9733	2012-12-20 00:00:00
V	9979	9100	2014-02-01 00:00:00
V	9980	15744	2014-02-26 00:00:00
V	9981	1552	2014-05-12 00:00:00
V	9982	10551	2013-08-23 00:00:00
V	9983	17561	2014-05-20 00:00:00
V	9984	19003	2013-04-06 00:00:00
V	9985	18763	2014-05-17 00:00:00
V	9986	9080	2012-06-09 00:00:00
V	9987	8957	2013-09-21 00:00:00
V	9988	8329	2013-08-11 00:00:00
V	9989	17076	2013-11-13 00:00:00
V	9990	18585	2013-08-02 00:00:00
V	9991	14625	2013-07-06 00:00:00
V	9992	2197	2014-01-18 00:00:00
V	9993	10446	2013-12-27 00:00:00
V	9994	1709	2013-12-01 00:00:00
V	9995	13633	2013-10-11 00:00:00
V	9996	15595	2013-03-13 00:00:00
V	9997	2998	2013-02-23 00:00:00
V	9998	11287	2011-08-03 00:00:00
V	9999	8098	2011-08-07 00:00:00
V	10000	12101	2013-11-09 00:00:00
V	10001	552	2013-12-30 00:00:00
V	10002	9824	2014-01-25 00:00:00
V	10003	18243	2011-09-04 00:00:00
V	10004	5111	2013-05-08 00:00:00
V	10005	16202	2013-10-08 00:00:00
V	10006	18027	2013-07-31 00:00:00
V	10007	10670	2013-12-09 00:00:00
V	10008	2459	2011-09-17 00:00:00
V	10009	4415	2014-04-19 00:00:00
V	10010	7901	2014-05-28 00:00:00
V	10011	13149	2013-09-08 00:00:00
V	10012	17890	2012-06-05 00:00:00
V	10013	2395	2013-07-14 00:00:00
V	10014	5053	2013-09-27 00:00:00
V	10015	72	2013-08-13 00:00:00
V	10016	8956	2013-10-27 00:00:00
V	10017	17971	2013-08-19 00:00:00
V	10018	3636	2014-04-20 00:00:00
V	10019	16110	2013-12-14 00:00:00
V	10020	15112	2013-08-23 00:00:00
V	10021	8127	2011-09-26 00:00:00
V	10022	8876	2014-05-11 00:00:00
V	10023	13915	2014-04-14 00:00:00
V	10024	2277	2011-10-15 00:00:00
V	10025	13778	2013-11-16 00:00:00
V	10026	11387	2013-09-17 00:00:00
V	10027	7242	2012-05-05 00:00:00
V	10028	15945	2014-06-10 00:00:00
V	10029	2409	2013-04-27 00:00:00
V	10030	7987	2013-01-29 00:00:00
V	10031	5234	2013-09-17 00:00:00
V	10032	5838	2013-11-01 00:00:00
V	10033	777	2013-07-10 00:00:00
V	10034	6973	2014-04-16 00:00:00
V	10035	3565	2014-02-24 00:00:00
V	10036	18158	2013-10-28 00:00:00
V	10037	8549	2013-02-25 00:00:00
V	10038	11821	2013-07-28 00:00:00
V	10039	14026	2013-10-08 00:00:00
V	10040	1669	2014-02-27 00:00:00
V	10041	419	2013-07-28 00:00:00
V	10042	14437	2013-11-12 00:00:00
V	10043	4461	2011-12-15 00:00:00
V	10044	11673	2012-07-05 00:00:00
V	10045	5344	2013-08-16 00:00:00
V	10046	6297	2013-12-15 00:00:00
V	10047	6671	2011-08-22 00:00:00
V	10048	16424	2014-03-11 00:00:00
V	10049	13840	2011-12-04 00:00:00
V	10050	2452	2013-12-27 00:00:00
V	10051	17517	2013-08-31 00:00:00
V	10052	366	2014-03-25 00:00:00
V	10053	3673	2012-06-30 00:00:00
V	10054	8389	2014-02-07 00:00:00
V	10055	12628	2014-05-19 00:00:00
V	10056	13783	2014-01-24 00:00:00
V	10057	16632	2014-01-16 00:00:00
V	10058	10817	2013-09-07 00:00:00
V	10059	16394	2013-10-18 00:00:00
V	10060	5057	2012-11-21 00:00:00
V	10061	5249	2013-10-24 00:00:00
V	10062	11390	2013-07-15 00:00:00
V	10063	2122	2013-12-07 00:00:00
V	10064	15767	2013-09-01 00:00:00
V	10065	13812	2013-10-22 00:00:00
V	10066	14864	2013-07-15 00:00:00
V	10067	4507	2014-03-13 00:00:00
V	10068	7973	2013-12-24 00:00:00
V	10069	4361	2014-03-10 00:00:00
V	10070	1562	2013-06-30 00:00:00
V	10071	7690	2013-01-18 00:00:00
V	10072	16061	2013-03-28 00:00:00
V	10073	9564	2013-06-21 00:00:00
V	10074	16859	2013-11-09 00:00:00
V	10075	17749	2013-01-01 00:00:00
V	10076	16498	2014-02-11 00:00:00
V	10077	2285	2013-07-23 00:00:00
V	10078	5986	2013-02-13 00:00:00
V	10079	13429	2014-04-29 00:00:00
V	10080	13209	2013-07-14 00:00:00
V	10081	17582	2013-09-16 00:00:00
V	10082	13522	2013-08-19 00:00:00
V	10083	14834	2012-05-14 00:00:00
V	10084	2172	2013-08-04 00:00:00
V	10085	5914	2013-10-15 00:00:00
V	10086	16566	2011-11-28 00:00:00
V	10087	16817	2014-02-20 00:00:00
V	10088	11700	2014-02-16 00:00:00
V	10089	6949	2012-11-27 00:00:00
V	10090	121	2014-05-05 00:00:00
V	10091	13909	2013-06-10 00:00:00
V	10092	3735	2013-04-14 00:00:00
V	10093	10320	2013-05-04 00:00:00
V	10094	10283	2013-11-15 00:00:00
V	10095	18288	2012-08-30 00:00:00
V	10096	16306	2011-09-12 00:00:00
V	10097	17839	2014-06-27 00:00:00
V	10098	4604	2013-04-24 00:00:00
V	10099	9666	2013-03-23 00:00:00
V	10100	11320	2013-08-21 00:00:00
V	10101	6116	2013-10-15 00:00:00
V	10102	8786	2013-07-20 00:00:00
V	10103	16063	2013-09-24 00:00:00
V	10104	14525	2013-07-09 00:00:00
V	10105	13161	2013-11-18 00:00:00
V	10106	620	2012-04-04 00:00:00
V	10107	16076	2012-01-11 00:00:00
V	10108	11482	2014-01-09 00:00:00
V	10109	16522	2013-10-08 00:00:00
V	10110	18842	2013-07-24 00:00:00
V	10111	5312	2012-09-14 00:00:00
V	10112	13254	2013-08-07 00:00:00
V	10113	190	2014-01-17 00:00:00
V	10114	14709	2013-10-30 00:00:00
V	10115	12027	2013-10-20 00:00:00
V	10116	7020	2013-10-02 00:00:00
V	10117	11219	2013-08-06 00:00:00
V	10118	1673	2014-06-03 00:00:00
V	10119	5224	2012-03-14 00:00:00
V	10120	17714	2012-08-03 00:00:00
V	10121	1239	2013-10-13 00:00:00
V	10122	8392	2014-04-16 00:00:00
V	10123	8689	2013-02-14 00:00:00
V	10124	11471	2014-04-25 00:00:00
V	10125	11090	2014-01-02 00:00:00
V	10126	8055	2014-05-15 00:00:00
V	10127	8407	2014-05-14 00:00:00
V	10128	15987	2014-03-30 00:00:00
V	10129	11686	2011-07-06 00:00:00
V	10130	1025	2013-08-05 00:00:00
V	10131	11044	2013-01-04 00:00:00
V	10132	15853	2013-12-11 00:00:00
V	10133	15997	2013-12-27 00:00:00
V	10134	10427	2013-07-27 00:00:00
V	10135	10850	2013-07-07 00:00:00
V	10136	12996	2013-05-03 00:00:00
V	10137	2775	2013-07-13 00:00:00
V	10138	4562	2013-12-20 00:00:00
V	10139	16898	2014-06-17 00:00:00
V	10140	7763	2013-11-13 00:00:00
V	10141	15031	2013-11-14 00:00:00
V	10142	12837	2014-06-23 00:00:00
V	10143	5962	2014-05-22 00:00:00
V	10144	11081	2012-07-03 00:00:00
V	10145	14189	2013-08-18 00:00:00
V	10146	13748	2014-01-18 00:00:00
V	10147	4395	2014-05-10 00:00:00
V	10148	15366	2014-05-24 00:00:00
V	10149	3987	2013-12-31 00:00:00
V	10150	520	2014-06-23 00:00:00
V	10151	3935	2013-02-03 00:00:00
V	10152	13012	2012-07-20 00:00:00
V	10153	18184	2014-04-28 00:00:00
V	10154	13720	2013-12-30 00:00:00
V	10155	7447	2013-07-07 00:00:00
V	10156	18453	2013-09-30 00:00:00
V	10157	12456	2014-02-06 00:00:00
V	10158	13098	2013-05-03 00:00:00
V	10159	15211	2014-01-01 00:00:00
V	10160	12354	2014-03-02 00:00:00
V	10161	15652	2013-11-21 00:00:00
V	10162	2425	2013-10-14 00:00:00
V	10163	16652	2013-10-27 00:00:00
V	10164	18387	2014-06-14 00:00:00
V	10165	7110	2013-09-16 00:00:00
V	10166	12218	2012-01-31 00:00:00
V	10167	12934	2014-02-26 00:00:00
V	10168	16262	2013-12-20 00:00:00
V	10169	15860	2014-04-18 00:00:00
V	10170	6454	2012-03-02 00:00:00
V	10171	14122	2014-05-12 00:00:00
V	10172	4769	2014-06-23 00:00:00
V	10173	1887	2013-10-01 00:00:00
V	10174	11543	2014-05-06 00:00:00
V	10175	14993	2013-10-13 00:00:00
V	10176	2466	2013-04-03 00:00:00
V	10177	1981	2013-07-24 00:00:00
V	10178	7622	2013-08-22 00:00:00
V	10179	6324	2013-09-16 00:00:00
V	10180	7959	2013-07-18 00:00:00
V	10181	4380	2011-12-12 00:00:00
V	10182	14651	2011-08-17 00:00:00
V	10183	18398	2012-08-01 00:00:00
V	10184	459	2014-03-25 00:00:00
V	10185	5819	2014-03-28 00:00:00
V	10186	7362	2014-01-20 00:00:00
V	10187	7605	2011-07-17 00:00:00
V	10188	12974	2013-12-19 00:00:00
V	10189	12913	2014-04-28 00:00:00
V	10190	8308	2013-12-24 00:00:00
V	10191	17586	2013-11-01 00:00:00
V	10192	6118	2014-03-25 00:00:00
V	10193	526	2014-06-20 00:00:00
V	10194	5256	2013-11-04 00:00:00
V	10195	7235	2014-01-03 00:00:00
V	10196	2910	2013-07-06 00:00:00
V	10197	1184	2012-05-30 00:00:00
V	10198	896	2014-04-08 00:00:00
V	10199	9845	2014-03-28 00:00:00
V	10200	5412	2013-10-06 00:00:00
V	10201	15475	2013-08-10 00:00:00
V	10202	6966	2011-06-29 00:00:00
V	10203	4412	2013-12-16 00:00:00
V	10204	6999	2013-07-26 00:00:00
V	10205	1508	2013-08-10 00:00:00
V	10206	16357	2012-10-12 00:00:00
V	10207	16034	2013-09-11 00:00:00
V	10208	14983	2013-05-25 00:00:00
V	10209	6075	2014-04-03 00:00:00
V	10210	18	2011-12-29 00:00:00
V	10211	4767	2013-08-15 00:00:00
V	10212	13523	2014-01-15 00:00:00
V	10213	678	2012-04-16 00:00:00
V	10214	17443	2013-09-05 00:00:00
V	10215	10859	2013-11-17 00:00:00
V	10216	2493	2013-03-16 00:00:00
V	10217	15035	2014-06-04 00:00:00
V	10218	18900	2012-06-12 00:00:00
V	10219	14123	2013-11-21 00:00:00
V	10220	557	2012-02-15 00:00:00
V	10221	10833	2013-01-17 00:00:00
V	10222	12730	2013-12-11 00:00:00
V	10223	6325	2011-11-07 00:00:00
V	10224	8063	2013-02-03 00:00:00
V	10225	5267	2012-07-17 00:00:00
V	10226	13219	2013-07-10 00:00:00
V	10227	2221	2014-03-17 00:00:00
V	10228	16828	2014-03-05 00:00:00
V	10229	11210	2014-02-18 00:00:00
V	10230	9388	2014-04-28 00:00:00
V	10231	2966	2011-12-15 00:00:00
V	10232	9547	2011-11-07 00:00:00
V	10233	12784	2013-10-24 00:00:00
V	10234	8730	2013-09-29 00:00:00
V	10235	17575	2012-12-12 00:00:00
V	10236	4184	2013-09-22 00:00:00
V	10237	10602	2013-08-05 00:00:00
V	10238	19136	2012-12-16 00:00:00
V	10239	191	2013-12-20 00:00:00
V	10240	15876	2013-02-02 00:00:00
V	10241	16615	2012-11-11 00:00:00
V	10242	15375	2013-09-09 00:00:00
V	10243	7413	2013-10-08 00:00:00
V	10244	14076	2013-11-16 00:00:00
V	10245	3923	2013-11-02 00:00:00
V	10246	4505	2014-03-07 00:00:00
V	10247	12706	2014-05-29 00:00:00
V	10248	15946	2013-11-26 00:00:00
V	10249	5091	2013-11-17 00:00:00
V	10250	19178	2014-02-04 00:00:00
V	10251	14425	2013-07-28 00:00:00
V	10252	13652	2014-04-10 00:00:00
V	10253	16581	2014-04-29 00:00:00
V	10254	14494	2013-05-18 00:00:00
V	10255	4638	2013-02-14 00:00:00
V	10256	17771	2012-08-12 00:00:00
V	10257	3454	2013-11-17 00:00:00
V	10258	10355	2013-08-20 00:00:00
V	10259	16617	2014-04-19 00:00:00
V	10260	5021	2012-11-03 00:00:00
V	10261	18955	2013-12-29 00:00:00
V	10262	8241	2012-01-10 00:00:00
V	10263	7449	2011-12-03 00:00:00
V	10264	18076	2013-07-30 00:00:00
V	10265	15481	2014-01-08 00:00:00
V	10266	5067	2013-08-03 00:00:00
V	10267	5020	2011-09-07 00:00:00
V	10268	14217	2014-05-30 00:00:00
V	10269	4762	2012-10-02 00:00:00
V	10270	15390	2014-05-06 00:00:00
V	10271	15206	2012-08-12 00:00:00
V	10272	1708	2012-03-23 00:00:00
V	10273	13558	2014-02-25 00:00:00
V	10274	3199	2013-09-15 00:00:00
V	10275	11708	2012-07-02 00:00:00
V	10276	13732	2012-09-18 00:00:00
V	10277	7477	2014-05-14 00:00:00
V	10278	9025	2013-03-13 00:00:00
V	10279	7734	2013-08-14 00:00:00
V	10280	9161	2012-12-11 00:00:00
V	10281	13041	2013-07-27 00:00:00
V	10282	16782	2013-10-03 00:00:00
V	10283	15468	2012-06-17 00:00:00
V	10284	10650	2012-12-18 00:00:00
V	10285	17413	2012-11-05 00:00:00
V	10286	10405	2013-03-15 00:00:00
V	10287	3629	2014-02-20 00:00:00
V	10288	4112	2013-11-29 00:00:00
V	10289	10410	2012-06-27 00:00:00
V	10290	15466	2012-02-21 00:00:00
V	10291	16476	2013-05-14 00:00:00
V	10292	8859	2013-01-07 00:00:00
V	10293	6474	2014-04-07 00:00:00
V	10294	3446	2013-02-13 00:00:00
V	10295	17628	2013-12-18 00:00:00
V	10296	668	2013-07-28 00:00:00
V	10297	15669	2013-07-26 00:00:00
V	10298	1092	2011-07-18 00:00:00
V	10299	11639	2012-07-24 00:00:00
V	10300	601	2013-12-27 00:00:00
V	10301	13097	2013-08-01 00:00:00
V	10302	9283	2014-03-08 00:00:00
V	10303	936	2013-12-03 00:00:00
V	10304	13656	2014-04-13 00:00:00
V	10305	15734	2013-07-18 00:00:00
V	10306	11853	2013-11-11 00:00:00
V	10307	8596	2013-07-15 00:00:00
V	10308	14179	2013-09-23 00:00:00
V	10309	8248	2013-11-11 00:00:00
V	10310	4006	2013-10-13 00:00:00
V	10311	11197	2013-12-21 00:00:00
V	10312	7623	2013-02-22 00:00:00
V	10313	15534	2013-09-10 00:00:00
V	10314	3535	2014-03-07 00:00:00
V	10315	15677	2014-06-25 00:00:00
V	10316	15653	2013-09-20 00:00:00
V	10317	3722	2014-02-03 00:00:00
V	10318	10528	2014-02-13 00:00:00
V	10319	17031	2014-01-10 00:00:00
V	10320	9013	2014-02-07 00:00:00
V	10321	3988	2014-05-11 00:00:00
V	10322	11325	2013-01-23 00:00:00
V	10323	11813	2014-04-29 00:00:00
V	10324	1640	2011-11-14 00:00:00
V	10325	423	2013-08-03 00:00:00
V	10326	2715	2012-08-09 00:00:00
V	10327	2509	2013-12-16 00:00:00
V	10328	18521	2013-10-16 00:00:00
V	10329	14527	2013-08-12 00:00:00
V	10330	10993	2013-10-03 00:00:00
V	10331	2209	2013-08-16 00:00:00
V	10332	15540	2013-01-23 00:00:00
V	10333	10795	2014-04-20 00:00:00
V	10334	6694	2012-07-27 00:00:00
V	10335	1423	2013-08-13 00:00:00
V	10336	10771	2014-05-16 00:00:00
V	10337	17314	2013-02-28 00:00:00
V	10338	16152	2013-06-26 00:00:00
V	10339	18312	2014-03-09 00:00:00
V	10340	10950	2014-03-02 00:00:00
V	10341	3537	2014-02-11 00:00:00
V	10342	15726	2014-06-02 00:00:00
V	10343	16271	2013-10-04 00:00:00
V	10344	16725	2014-02-20 00:00:00
V	10345	6896	2013-12-15 00:00:00
V	10346	1426	2013-10-01 00:00:00
V	10347	12567	2013-03-17 00:00:00
V	10348	2392	2011-10-30 00:00:00
V	10349	948	2013-08-28 00:00:00
V	10350	2808	2014-04-03 00:00:00
V	10351	12302	2012-08-29 00:00:00
V	10352	15083	2013-09-21 00:00:00
V	10353	5104	2013-10-01 00:00:00
V	10354	3892	2012-04-24 00:00:00
V	10355	7321	2013-10-19 00:00:00
V	10356	4320	2013-12-22 00:00:00
V	10357	5241	2014-03-16 00:00:00
V	10358	5441	2012-06-23 00:00:00
V	10359	18291	2014-05-13 00:00:00
V	10360	9544	2013-03-08 00:00:00
V	10361	6515	2013-07-14 00:00:00
V	10362	14500	2013-08-31 00:00:00
V	10363	11610	2014-02-24 00:00:00
V	10364	4797	2013-07-23 00:00:00
V	10365	16637	2013-10-20 00:00:00
V	10366	16938	2013-12-24 00:00:00
V	10367	6773	2013-07-21 00:00:00
V	10368	13358	2014-04-24 00:00:00
V	10369	381	2013-07-15 00:00:00
V	10370	17158	2013-05-12 00:00:00
V	10371	457	2013-08-04 00:00:00
V	10372	16571	2013-07-16 00:00:00
V	10373	9738	2013-12-11 00:00:00
V	10374	568	2014-02-15 00:00:00
V	10375	7588	2011-06-13 00:00:00
V	10376	9137	2013-01-20 00:00:00
V	10377	402	2013-05-22 00:00:00
V	10378	14069	2013-08-05 00:00:00
V	10379	3290	2013-12-28 00:00:00
V	10380	238	2013-09-25 00:00:00
V	10381	6207	2013-07-16 00:00:00
V	10382	9748	2013-11-07 00:00:00
V	10383	6276	2013-02-14 00:00:00
V	10384	368	2013-11-17 00:00:00
V	10385	18066	2013-04-06 00:00:00
V	10386	16984	2011-12-28 00:00:00
V	10387	18325	2014-01-02 00:00:00
V	10388	18248	2013-10-12 00:00:00
V	10389	13396	2011-10-23 00:00:00
V	10390	4392	2011-09-07 00:00:00
V	10391	19156	2014-04-15 00:00:00
V	10392	976	2014-05-03 00:00:00
V	10393	4143	2013-12-21 00:00:00
V	10394	6287	2014-01-01 00:00:00
V	10395	18774	2013-09-07 00:00:00
V	10396	15780	2012-09-29 00:00:00
V	10397	2460	2013-07-22 00:00:00
V	10398	4435	2014-04-29 00:00:00
V	10399	5849	2013-07-31 00:00:00
V	10400	16780	2013-07-11 00:00:00
V	10401	770	2014-01-10 00:00:00
V	10402	18823	2013-10-05 00:00:00
V	10403	14330	2014-05-03 00:00:00
V	10404	4498	2012-09-18 00:00:00
V	10405	9990	2013-07-29 00:00:00
V	10406	11259	2014-04-24 00:00:00
V	10407	9416	2013-11-13 00:00:00
V	10408	3896	2014-02-03 00:00:00
V	10409	3327	2014-05-24 00:00:00
V	10410	15797	2012-08-20 00:00:00
V	10411	2505	2014-01-08 00:00:00
V	10412	14508	2014-02-10 00:00:00
V	10413	4330	2013-08-01 00:00:00
V	10414	10768	2014-03-07 00:00:00
V	10415	4476	2011-07-29 00:00:00
V	10416	16956	2013-10-29 00:00:00
V	10417	1521	2013-07-20 00:00:00
V	10418	11865	2012-12-12 00:00:00
V	10419	2700	2013-09-12 00:00:00
V	10420	16986	2014-06-15 00:00:00
V	10421	9423	2013-08-27 00:00:00
V	10422	10991	2013-10-06 00:00:00
V	10423	18918	2013-07-28 00:00:00
V	10424	9356	2013-08-24 00:00:00
V	10425	7895	2013-07-11 00:00:00
V	10426	182	2013-03-24 00:00:00
V	10427	1736	2012-06-01 00:00:00
V	10428	8451	2012-08-06 00:00:00
V	10429	10093	2011-07-06 00:00:00
V	10430	7015	2012-02-25 00:00:00
V	10431	15915	2013-10-23 00:00:00
V	10432	9377	2014-05-14 00:00:00
V	10433	9706	2012-09-14 00:00:00
V	10434	3427	2013-07-07 00:00:00
V	10435	16735	2013-11-05 00:00:00
V	10436	4523	2014-03-29 00:00:00
V	10437	3888	2014-02-17 00:00:00
V	10438	13016	2014-01-06 00:00:00
V	10439	2074	2014-02-03 00:00:00
V	10440	3628	2013-12-13 00:00:00
V	10441	8175	2012-12-29 00:00:00
V	10442	16588	2014-03-08 00:00:00
V	10443	7424	2013-02-26 00:00:00
V	10444	4001	2014-06-03 00:00:00
V	10445	10346	2011-12-13 00:00:00
V	10446	7548	2014-05-29 00:00:00
V	10447	9718	2013-12-02 00:00:00
V	10448	17812	2013-09-28 00:00:00
V	10449	11305	2014-02-24 00:00:00
V	10450	3486	2013-07-09 00:00:00
V	10451	10736	2013-07-07 00:00:00
V	10452	8254	2014-06-26 00:00:00
V	10453	9882	2014-05-08 00:00:00
V	10454	8273	2013-11-16 00:00:00
V	10455	8695	2013-07-18 00:00:00
V	10456	9531	2014-01-10 00:00:00
V	10457	8729	2013-11-19 00:00:00
V	10458	6361	2013-07-15 00:00:00
V	10459	6092	2012-11-17 00:00:00
V	10460	13815	2013-07-26 00:00:00
V	10461	14469	2013-12-26 00:00:00
V	10462	4551	2014-03-30 00:00:00
V	10463	14588	2013-08-12 00:00:00
V	10464	12584	2013-09-21 00:00:00
V	10465	17235	2014-02-27 00:00:00
V	10466	16050	2012-01-26 00:00:00
V	10467	16821	2013-10-14 00:00:00
V	10468	4193	2013-10-15 00:00:00
V	10469	15895	2012-06-23 00:00:00
V	10470	9921	2013-12-29 00:00:00
V	10471	4281	2013-12-05 00:00:00
V	10472	15569	2013-09-15 00:00:00
V	10473	1457	2011-11-06 00:00:00
V	10474	13495	2013-06-09 00:00:00
V	10475	8710	2014-02-08 00:00:00
V	10476	12662	2014-05-12 00:00:00
V	10477	3204	2013-12-07 00:00:00
V	10478	2961	2013-07-03 00:00:00
V	10479	1007	2014-06-24 00:00:00
V	10480	18627	2013-09-27 00:00:00
V	10481	3223	2014-06-01 00:00:00
V	10482	14872	2014-05-17 00:00:00
V	10483	7172	2013-09-27 00:00:00
V	10484	11798	2012-05-20 00:00:00
V	10485	15724	2013-07-11 00:00:00
V	10486	2170	2014-02-17 00:00:00
V	10487	16526	2013-12-15 00:00:00
V	10488	3656	2014-03-21 00:00:00
V	10489	2692	2013-12-19 00:00:00
V	10490	18888	2014-05-05 00:00:00
V	10491	9396	2013-08-20 00:00:00
V	10492	6144	2014-05-27 00:00:00
V	10493	6196	2012-01-13 00:00:00
V	10494	11103	2014-01-23 00:00:00
V	10495	11019	2013-03-19 00:00:00
V	10496	6105	2013-07-18 00:00:00
V	10497	1620	2013-10-16 00:00:00
V	10498	5237	2013-01-16 00:00:00
V	10499	4456	2014-03-02 00:00:00
V	10500	8521	2013-02-28 00:00:00
V	10501	5232	2013-06-01 00:00:00
V	10502	18011	2013-10-27 00:00:00
V	10503	15807	2013-11-02 00:00:00
V	10504	9245	2014-05-24 00:00:00
V	10505	3442	2012-10-29 00:00:00
V	10506	6890	2014-06-16 00:00:00
V	10507	18621	2013-11-22 00:00:00
V	10508	17725	2013-10-23 00:00:00
V	10509	4203	2013-08-30 00:00:00
V	10510	13101	2014-04-03 00:00:00
V	10511	16442	2014-04-08 00:00:00
V	10512	5017	2013-11-24 00:00:00
V	10513	9375	2012-01-25 00:00:00
V	10514	18214	2014-03-12 00:00:00
V	10515	14712	2013-09-18 00:00:00
V	10516	14843	2013-08-08 00:00:00
V	10517	3580	2013-12-23 00:00:00
V	10518	11913	2014-05-17 00:00:00
V	10519	17404	2012-07-22 00:00:00
V	10520	17750	2012-08-17 00:00:00
V	10521	7434	2013-07-15 00:00:00
V	10522	16724	2013-03-03 00:00:00
V	10523	1712	2014-06-12 00:00:00
V	10524	18552	2014-05-03 00:00:00
V	10525	308	2013-12-06 00:00:00
V	10526	12179	2012-11-07 00:00:00
V	10527	6622	2013-10-10 00:00:00
V	10528	18374	2013-08-23 00:00:00
V	10529	3765	2014-03-06 00:00:00
V	10530	6157	2014-06-07 00:00:00
V	10531	16368	2011-09-08 00:00:00
V	10532	16039	2014-05-19 00:00:00
V	10533	12442	2013-04-19 00:00:00
V	10534	1600	2014-05-29 00:00:00
V	10535	6181	2013-09-16 00:00:00
V	10536	2633	2011-10-03 00:00:00
V	10537	691	2013-04-28 00:00:00
V	10538	4171	2012-01-06 00:00:00
V	10539	7521	2013-07-16 00:00:00
V	10540	8953	2013-07-07 00:00:00
V	10541	11001	2014-03-15 00:00:00
V	10542	18261	2013-08-13 00:00:00
V	10543	2724	2013-11-24 00:00:00
V	10544	18611	2013-07-03 00:00:00
V	10545	7808	2011-07-10 00:00:00
V	10546	17893	2014-02-15 00:00:00
V	10547	2281	2013-05-27 00:00:00
V	10548	18499	2011-12-08 00:00:00
V	10549	5047	2012-07-02 00:00:00
V	10550	11651	2013-09-29 00:00:00
V	10551	12620	2011-11-02 00:00:00
V	10552	15670	2013-11-01 00:00:00
V	10553	5796	2011-05-31 00:00:00
V	10554	13883	2012-02-08 00:00:00
V	10555	13620	2013-02-28 00:00:00
V	10556	17961	2012-08-27 00:00:00
V	10557	8592	2014-03-07 00:00:00
V	10558	18472	2013-08-28 00:00:00
V	10559	14055	2014-04-04 00:00:00
V	10560	8743	2014-05-20 00:00:00
V	10561	18686	2014-04-06 00:00:00
V	10562	13117	2014-04-17 00:00:00
V	10563	11488	2011-07-30 00:00:00
V	10564	13985	2013-07-28 00:00:00
V	10565	12842	2013-10-24 00:00:00
V	10566	1758	2012-05-15 00:00:00
V	10567	1791	2014-04-04 00:00:00
V	10568	4262	2014-03-12 00:00:00
V	10569	15883	2013-11-04 00:00:00
V	10570	4710	2013-07-12 00:00:00
V	10571	5600	2014-06-17 00:00:00
V	10572	4355	2013-12-09 00:00:00
V	10573	15323	2012-02-04 00:00:00
V	10574	10051	2013-08-12 00:00:00
V	10575	10247	2013-04-19 00:00:00
V	10576	2657	2013-09-18 00:00:00
V	10577	4386	2013-11-23 00:00:00
V	10578	5904	2014-05-16 00:00:00
V	10579	11346	2013-09-12 00:00:00
V	10580	233	2014-05-07 00:00:00
V	10581	1334	2014-03-27 00:00:00
V	10582	832	2013-08-19 00:00:00
V	10583	2224	2014-05-26 00:00:00
V	10584	17386	2013-10-28 00:00:00
V	10585	17084	2012-05-16 00:00:00
V	10586	12319	2014-04-22 00:00:00
V	10587	18666	2014-05-07 00:00:00
V	10588	11836	2011-11-30 00:00:00
V	10589	14370	2013-12-15 00:00:00
V	10590	4317	2013-08-18 00:00:00
V	10591	1883	2014-05-26 00:00:00
V	10592	9876	2014-01-05 00:00:00
V	10593	16153	2014-01-14 00:00:00
V	10594	4786	2013-08-11 00:00:00
V	10595	1196	2012-10-13 00:00:00
V	10596	8893	2013-07-20 00:00:00
V	10597	15760	2014-05-17 00:00:00
V	10598	12775	2014-05-05 00:00:00
V	10599	3297	2013-01-20 00:00:00
V	10600	3914	2011-11-12 00:00:00
V	10601	2798	2014-04-22 00:00:00
V	10602	8768	2014-06-18 00:00:00
V	10603	4055	2013-02-09 00:00:00
V	10604	2681	2014-04-06 00:00:00
V	10605	6007	2014-06-09 00:00:00
V	10606	2899	2013-08-31 00:00:00
V	10607	11576	2013-10-18 00:00:00
V	10608	2797	2014-02-16 00:00:00
V	10609	2205	2014-01-09 00:00:00
V	10610	4637	2013-10-20 00:00:00
V	10611	5380	2013-07-28 00:00:00
V	10612	3852	2014-04-08 00:00:00
V	10613	8548	2013-10-15 00:00:00
V	10614	9125	2012-01-22 00:00:00
V	10615	12714	2013-10-07 00:00:00
V	10616	13395	2012-08-12 00:00:00
V	10617	10119	2012-09-24 00:00:00
V	10618	16602	2014-02-06 00:00:00
V	10619	17909	2014-04-08 00:00:00
V	10620	14519	2013-07-22 00:00:00
V	10621	12440	2013-06-29 00:00:00
V	10622	5582	2013-08-27 00:00:00
V	10623	939	2014-03-07 00:00:00
V	10624	14066	2014-04-07 00:00:00
V	10625	2428	2013-08-09 00:00:00
V	10626	16265	2012-08-11 00:00:00
V	10627	3922	2013-11-29 00:00:00
V	10628	8610	2014-01-29 00:00:00
V	10629	1602	2014-02-27 00:00:00
V	10630	18650	2014-01-15 00:00:00
V	10631	15292	2011-12-10 00:00:00
V	10632	15186	2014-02-17 00:00:00
V	10633	15614	2013-11-22 00:00:00
V	10634	11670	2013-09-18 00:00:00
V	10635	14890	2014-05-19 00:00:00
V	10636	5046	2013-05-09 00:00:00
V	10637	18319	2013-12-14 00:00:00
V	10638	4346	2012-12-18 00:00:00
V	10639	17918	2014-04-20 00:00:00
V	10640	14073	2012-05-07 00:00:00
V	10641	6641	2014-02-09 00:00:00
V	10642	7662	2014-03-16 00:00:00
V	10643	9012	2014-01-10 00:00:00
V	10644	9657	2011-12-23 00:00:00
V	10645	8502	2013-11-22 00:00:00
V	10646	3763	2012-08-31 00:00:00
V	10647	4095	2011-10-20 00:00:00
V	10648	4187	2011-12-03 00:00:00
V	10649	19029	2014-05-25 00:00:00
V	10650	3334	2014-05-09 00:00:00
V	10651	15136	2013-03-07 00:00:00
V	10652	10744	2013-10-27 00:00:00
V	10653	18471	2013-07-14 00:00:00
V	10654	1177	2014-02-21 00:00:00
V	10655	13040	2013-06-26 00:00:00
V	10656	4713	2014-05-26 00:00:00
V	10657	8887	2012-04-22 00:00:00
V	10658	5310	2014-04-07 00:00:00
V	10659	14181	2014-05-09 00:00:00
V	10660	7505	2012-04-15 00:00:00
V	10661	5289	2013-10-11 00:00:00
V	10662	10957	2013-07-12 00:00:00
V	10663	767	2011-11-19 00:00:00
V	10664	15163	2013-10-27 00:00:00
V	10665	15742	2014-04-04 00:00:00
V	10666	7565	2013-03-08 00:00:00
V	10667	5548	2012-09-11 00:00:00
V	10668	7709	2013-07-18 00:00:00
V	10669	4306	2013-08-22 00:00:00
V	10670	18883	2014-01-16 00:00:00
V	10671	12368	2013-11-21 00:00:00
V	10672	16491	2013-11-20 00:00:00
V	10673	16739	2012-06-14 00:00:00
V	10674	7878	2014-02-27 00:00:00
V	10675	5981	2013-11-15 00:00:00
V	10676	15594	2012-09-09 00:00:00
V	10677	5404	2014-03-20 00:00:00
V	10678	11880	2012-07-19 00:00:00
V	10679	10750	2013-07-06 00:00:00
V	10680	17256	2014-03-08 00:00:00
V	10681	17004	2012-10-20 00:00:00
V	10682	8395	2013-09-02 00:00:00
V	10683	3438	2013-11-05 00:00:00
V	10684	1905	2013-11-15 00:00:00
V	10685	5617	2014-02-01 00:00:00
V	10686	17831	2013-01-13 00:00:00
V	10687	4501	2014-04-24 00:00:00
V	10688	15342	2013-11-24 00:00:00
V	10689	4559	2011-07-06 00:00:00
V	10690	10784	2014-02-06 00:00:00
V	10691	16499	2013-09-22 00:00:00
V	10692	16772	2013-07-30 00:00:00
V	10693	6372	2013-07-30 00:00:00
V	10694	232	2014-05-21 00:00:00
V	10695	17590	2013-09-09 00:00:00
V	10696	901	2013-05-19 00:00:00
V	10697	2244	2013-10-09 00:00:00
V	10698	1119	2014-06-03 00:00:00
V	10699	16644	2014-01-02 00:00:00
V	10700	2093	2014-02-15 00:00:00
V	10701	9721	2013-12-26 00:00:00
V	10702	5571	2014-05-10 00:00:00
V	10703	11677	2014-01-07 00:00:00
V	10704	4256	2013-04-30 00:00:00
V	10705	8476	2013-06-13 00:00:00
V	10706	16321	2014-05-18 00:00:00
V	10707	3682	2013-10-02 00:00:00
V	10708	7669	2014-01-12 00:00:00
V	10709	522	2013-07-12 00:00:00
V	10710	4213	2014-03-15 00:00:00
V	10711	7202	2014-01-12 00:00:00
V	10712	17382	2013-12-02 00:00:00
V	10713	11468	2013-02-04 00:00:00
V	10714	15863	2014-04-26 00:00:00
V	10715	12163	2014-04-21 00:00:00
V	10716	13442	2014-04-16 00:00:00
V	10717	9188	2012-11-05 00:00:00
V	10718	15688	2012-01-03 00:00:00
V	10719	16917	2014-01-08 00:00:00
V	10720	9135	2013-01-30 00:00:00
V	10721	4149	2013-01-06 00:00:00
V	10722	13000	2012-01-11 00:00:00
V	10723	14801	2014-04-21 00:00:00
V	10724	9289	2013-05-24 00:00:00
V	10725	2626	2012-05-17 00:00:00
V	10726	15104	2013-02-25 00:00:00
V	10727	19169	2013-07-25 00:00:00
V	10728	18983	2013-09-07 00:00:00
V	10729	16433	2014-05-12 00:00:00
V	10730	17426	2013-08-19 00:00:00
V	10731	5391	2013-08-02 00:00:00
V	10732	4849	2014-03-02 00:00:00
V	10733	11834	2014-01-08 00:00:00
V	10734	1607	2014-05-25 00:00:00
V	10735	5718	2013-07-26 00:00:00
V	10736	3413	2013-04-07 00:00:00
V	10737	14020	2014-03-19 00:00:00
V	10738	4020	2013-08-23 00:00:00
V	10739	6178	2014-01-07 00:00:00
V	10740	12365	2014-03-17 00:00:00
V	10741	13423	2013-08-05 00:00:00
V	10742	3691	2011-11-17 00:00:00
V	10743	3481	2014-01-15 00:00:00
V	10744	7815	2013-08-16 00:00:00
V	10745	1489	2014-01-19 00:00:00
V	10746	10672	2013-08-25 00:00:00
V	10747	6547	2012-08-25 00:00:00
V	10748	3357	2014-05-29 00:00:00
V	10749	1573	2014-03-16 00:00:00
V	10750	6383	2014-01-25 00:00:00
V	10751	17871	2014-03-04 00:00:00
V	10752	2562	2013-07-08 00:00:00
V	10753	7024	2013-11-11 00:00:00
V	10754	7674	2012-12-03 00:00:00
V	10755	17764	2013-11-12 00:00:00
V	10756	8288	2013-10-12 00:00:00
V	10757	9149	2014-01-30 00:00:00
V	10758	15610	2013-11-11 00:00:00
V	10759	5650	2012-08-28 00:00:00
V	10760	13757	2013-08-11 00:00:00
V	10761	4499	2014-01-20 00:00:00
V	10762	4226	2013-12-23 00:00:00
V	10763	9760	2014-01-20 00:00:00
V	10764	624	2014-03-06 00:00:00
V	10765	17857	2011-09-19 00:00:00
V	10766	13093	2013-12-06 00:00:00
V	10767	14779	2013-07-01 00:00:00
V	10768	6875	2012-10-11 00:00:00
V	10769	16400	2013-01-31 00:00:00
V	10770	16224	2013-12-09 00:00:00
V	10771	2560	2014-05-04 00:00:00
V	10772	6418	2013-12-12 00:00:00
V	10773	10473	2014-04-24 00:00:00
V	10774	5443	2013-11-18 00:00:00
V	10775	12595	2013-11-29 00:00:00
V	10776	4107	2013-12-22 00:00:00
V	10777	2041	2014-03-13 00:00:00
V	10778	4528	2013-11-27 00:00:00
V	10779	12280	2013-11-19 00:00:00
V	10780	13402	2013-08-24 00:00:00
V	10781	756	2013-08-04 00:00:00
V	10782	5261	2012-11-05 00:00:00
V	10783	16653	2014-05-23 00:00:00
V	10784	465	2013-08-12 00:00:00
V	10785	16468	2013-07-28 00:00:00
V	10786	18643	2014-03-15 00:00:00
V	10787	606	2014-05-26 00:00:00
V	10788	13487	2013-05-17 00:00:00
V	10789	16059	2013-12-14 00:00:00
V	10790	4934	2013-06-24 00:00:00
V	10791	1220	2013-07-07 00:00:00
V	10792	16947	2013-12-16 00:00:00
V	10793	18224	2011-09-12 00:00:00
V	10794	8940	2013-09-05 00:00:00
V	10795	10397	2014-05-23 00:00:00
V	10796	15508	2013-09-11 00:00:00
V	10797	4778	2013-10-11 00:00:00
V	10798	18727	2013-09-07 00:00:00
V	10799	8776	2014-01-12 00:00:00
V	10800	12484	2014-05-19 00:00:00
V	10801	14736	2014-04-11 00:00:00
V	10802	19099	2013-10-02 00:00:00
V	10803	5044	2012-08-04 00:00:00
V	10804	13888	2012-09-26 00:00:00
V	10805	1176	2012-08-17 00:00:00
V	10806	5976	2013-05-14 00:00:00
V	10807	1943	2012-10-27 00:00:00
V	10808	912	2013-09-22 00:00:00
V	10809	18784	2014-01-01 00:00:00
V	10810	13651	2014-03-25 00:00:00
V	10811	13353	2014-04-19 00:00:00
V	10812	7739	2013-12-15 00:00:00
V	10813	18637	2014-02-01 00:00:00
V	10814	966	2014-05-22 00:00:00
V	10815	9947	2012-12-04 00:00:00
V	10816	11907	2014-04-28 00:00:00
V	10817	7231	2014-02-23 00:00:00
V	10818	13295	2014-03-04 00:00:00
V	10819	11669	2014-05-23 00:00:00
V	10820	7486	2012-10-10 00:00:00
V	10821	13232	2013-09-04 00:00:00
V	10822	16430	2014-02-09 00:00:00
V	10823	5937	2014-04-11 00:00:00
V	10824	9773	2012-11-27 00:00:00
V	10825	13540	2014-02-10 00:00:00
V	10826	6824	2014-05-17 00:00:00
V	10827	12875	2013-01-18 00:00:00
V	10828	10012	2014-02-28 00:00:00
V	10829	17835	2014-01-14 00:00:00
V	10830	12811	2011-10-31 00:00:00
V	10831	7348	2014-06-02 00:00:00
V	10832	8726	2014-02-17 00:00:00
V	10833	10072	2013-10-17 00:00:00
V	10834	19016	2013-08-28 00:00:00
V	10835	18352	2013-09-03 00:00:00
V	10836	6620	2013-12-09 00:00:00
V	10837	3658	2012-12-09 00:00:00
V	10838	10942	2014-04-05 00:00:00
V	10839	11614	2013-11-17 00:00:00
V	10840	12835	2011-08-04 00:00:00
V	10841	12495	2014-05-11 00:00:00
V	10842	9611	2012-04-30 00:00:00
V	10843	10754	2013-12-18 00:00:00
V	10844	9653	2013-09-06 00:00:00
V	10845	16909	2013-11-28 00:00:00
V	10846	16583	2013-08-07 00:00:00
V	10847	7195	2014-03-06 00:00:00
V	10848	14229	2011-09-17 00:00:00
V	10849	3196	2014-03-03 00:00:00
V	10850	187	2014-03-01 00:00:00
V	10851	10382	2014-01-28 00:00:00
V	10852	1628	2012-09-10 00:00:00
V	10853	7580	2014-01-27 00:00:00
V	10854	9014	2012-01-11 00:00:00
V	10855	13872	2013-01-06 00:00:00
V	10856	15242	2012-12-07 00:00:00
V	10857	14191	2014-05-29 00:00:00
V	10858	11410	2013-01-01 00:00:00
V	10859	6669	2013-08-03 00:00:00
V	10860	201	2014-06-14 00:00:00
V	10861	6367	2013-09-08 00:00:00
V	10862	4448	2012-12-21 00:00:00
V	10863	2098	2014-03-04 00:00:00
V	10864	13130	2013-03-20 00:00:00
V	10865	18155	2011-08-01 00:00:00
V	10866	6384	2013-05-02 00:00:00
V	10867	12756	2011-09-11 00:00:00
V	10868	7350	2013-07-07 00:00:00
V	10869	13541	2014-06-07 00:00:00
V	10870	9637	2014-03-15 00:00:00
V	10871	10205	2012-06-19 00:00:00
V	10872	17733	2014-05-17 00:00:00
V	10873	3133	2013-09-17 00:00:00
V	10874	12099	2011-07-07 00:00:00
V	10875	10843	2014-06-21 00:00:00
V	10876	5990	2013-10-03 00:00:00
V	10877	12695	2013-09-30 00:00:00
V	10878	12539	2013-08-07 00:00:00
V	10879	16462	2013-11-13 00:00:00
V	10880	11187	2014-02-12 00:00:00
V	10881	15615	2013-11-26 00:00:00
V	10882	12903	2013-08-25 00:00:00
V	10883	12131	2014-03-31 00:00:00
V	10884	1727	2014-01-09 00:00:00
V	10885	2451	2013-07-18 00:00:00
V	10886	6394	2014-05-18 00:00:00
V	10887	1509	2014-03-20 00:00:00
V	10888	3678	2012-12-15 00:00:00
V	10889	18413	2013-08-07 00:00:00
V	10890	15746	2013-11-25 00:00:00
V	10891	15075	2014-01-13 00:00:00
V	10892	3932	2013-04-26 00:00:00
V	10893	1113	2012-12-30 00:00:00
V	10894	15193	2012-09-17 00:00:00
V	10895	16387	2014-02-16 00:00:00
V	10896	16974	2013-01-04 00:00:00
V	10897	7942	2014-03-07 00:00:00
V	10898	1963	2013-10-17 00:00:00
V	10899	8068	2014-02-03 00:00:00
V	10900	10248	2013-08-23 00:00:00
V	10901	5184	2014-05-02 00:00:00
V	10902	5794	2013-03-11 00:00:00
V	10903	10398	2014-01-26 00:00:00
V	10904	1526	2013-02-15 00:00:00
V	10905	11663	2013-08-25 00:00:00
V	10906	17146	2012-10-10 00:00:00
V	10907	9963	2013-03-15 00:00:00
V	10908	7659	2014-06-13 00:00:00
V	10909	12657	2011-10-24 00:00:00
V	10910	11256	2014-03-22 00:00:00
V	10911	7121	2013-02-19 00:00:00
V	10912	19201	2013-09-24 00:00:00
V	10913	17339	2013-10-19 00:00:00
V	10914	11093	2014-06-14 00:00:00
V	10915	13348	2011-08-30 00:00:00
V	10916	10607	2013-07-31 00:00:00
V	10917	7	2013-02-01 00:00:00
V	10918	7072	2014-05-02 00:00:00
V	10919	3370	2013-09-01 00:00:00
V	10920	5936	2012-02-11 00:00:00
V	10921	14118	2013-12-20 00:00:00
V	10922	17822	2013-12-07 00:00:00
V	10923	16936	2013-12-16 00:00:00
V	10924	2815	2014-05-16 00:00:00
V	10925	15149	2012-10-17 00:00:00
V	10926	2824	2013-07-23 00:00:00
V	10927	2177	2013-07-22 00:00:00
V	10928	4248	2014-05-22 00:00:00
V	10929	6245	2013-10-24 00:00:00
V	10930	452	2013-07-01 00:00:00
V	10931	6579	2013-04-10 00:00:00
V	10932	5142	2012-06-26 00:00:00
V	10933	5134	2014-04-04 00:00:00
V	10934	19057	2011-06-18 00:00:00
V	10935	18201	2013-12-01 00:00:00
V	10936	3075	2013-11-20 00:00:00
V	10937	9597	2012-11-06 00:00:00
V	10938	17394	2013-06-09 00:00:00
V	10939	15838	2014-04-12 00:00:00
V	10940	932	2013-09-19 00:00:00
V	10941	5199	2014-05-19 00:00:00
V	10942	9495	2014-01-24 00:00:00
V	10943	8724	2013-09-13 00:00:00
V	10944	13491	2013-12-10 00:00:00
V	10945	4903	2013-08-08 00:00:00
V	10946	17490	2014-05-08 00:00:00
V	10947	2605	2013-12-23 00:00:00
V	10948	1812	2013-10-15 00:00:00
V	10949	4103	2013-09-12 00:00:00
V	10950	8472	2014-04-11 00:00:00
V	10951	13882	2013-11-23 00:00:00
V	10952	10819	2014-05-21 00:00:00
V	10953	6490	2013-02-04 00:00:00
V	10954	3961	2013-11-23 00:00:00
V	10955	17504	2011-06-27 00:00:00
V	10956	17528	2013-07-11 00:00:00
V	10957	2558	2014-05-19 00:00:00
V	10958	11860	2012-12-12 00:00:00
V	10959	15666	2014-05-11 00:00:00
V	10960	11399	2013-11-08 00:00:00
V	10961	12347	2014-04-02 00:00:00
V	10962	11265	2013-03-12 00:00:00
V	10963	13817	2013-06-20 00:00:00
V	10964	5711	2013-10-06 00:00:00
V	10965	1716	2013-09-25 00:00:00
V	10966	10887	2013-08-30 00:00:00
V	10967	6175	2012-09-11 00:00:00
V	10968	3951	2013-10-26 00:00:00
V	10969	7773	2013-12-18 00:00:00
V	10970	15503	2014-01-05 00:00:00
V	10971	4185	2013-10-13 00:00:00
V	10972	18279	2014-05-24 00:00:00
V	10973	15759	2011-06-30 00:00:00
V	10974	4575	2013-09-12 00:00:00
V	10975	8931	2012-06-11 00:00:00
V	10976	17854	2014-03-08 00:00:00
V	10977	8671	2011-09-04 00:00:00
V	10978	3521	2013-09-07 00:00:00
V	10979	3289	2013-06-30 00:00:00
V	10980	1081	2013-12-26 00:00:00
V	10981	15027	2013-09-15 00:00:00
V	10982	16200	2013-11-04 00:00:00
V	10983	13535	2014-02-18 00:00:00
V	10984	18435	2013-04-21 00:00:00
V	10985	8313	2012-06-02 00:00:00
V	10986	13718	2013-10-31 00:00:00
V	10987	3391	2013-03-11 00:00:00
V	10988	1738	2013-12-24 00:00:00
V	10989	13341	2013-09-29 00:00:00
V	10990	3644	2014-04-22 00:00:00
V	10991	15324	2013-01-12 00:00:00
V	10992	19180	2013-07-31 00:00:00
V	10993	14415	2014-02-17 00:00:00
V	10994	13772	2013-08-21 00:00:00
V	10995	18645	2013-09-24 00:00:00
V	10996	16991	2014-05-16 00:00:00
V	10997	10769	2013-03-03 00:00:00
V	10998	15024	2014-02-16 00:00:00
V	10999	8823	2014-01-15 00:00:00
V	11000	10695	2013-12-14 00:00:00
V	11001	16412	2013-08-27 00:00:00
V	11002	13862	2014-02-16 00:00:00
V	11003	13644	2014-04-18 00:00:00
V	11004	5813	2014-06-30 00:00:00
V	11005	2927	2013-10-27 00:00:00
V	11006	2113	2014-06-30 00:00:00
V	11007	1755	2013-08-14 00:00:00
V	11008	13022	2012-08-31 00:00:00
V	11009	15441	2013-09-30 00:00:00
V	11010	10463	2012-11-11 00:00:00
V	11011	8649	2012-03-02 00:00:00
V	11012	11244	2014-04-26 00:00:00
V	11013	17841	2013-07-05 00:00:00
V	11014	14513	2013-06-22 00:00:00
V	11015	9499	2012-12-01 00:00:00
V	11016	14891	2014-05-28 00:00:00
V	11017	894	2013-07-27 00:00:00
V	11018	1236	2014-03-21 00:00:00
V	11019	2486	2012-11-17 00:00:00
V	11020	4782	2012-06-30 00:00:00
V	11021	18452	2012-09-15 00:00:00
V	11022	3946	2013-12-02 00:00:00
V	11023	2188	2014-06-01 00:00:00
V	11024	13155	2014-03-29 00:00:00
V	11025	11450	2013-11-29 00:00:00
V	11026	656	2014-02-11 00:00:00
V	11027	15476	2013-10-13 00:00:00
V	11028	10253	2014-03-11 00:00:00
V	11029	13653	2013-12-18 00:00:00
V	11030	14676	2013-12-15 00:00:00
V	11031	15101	2014-03-08 00:00:00
V	11032	349	2012-12-01 00:00:00
V	11033	3775	2011-12-14 00:00:00
V	11034	16890	2013-02-04 00:00:00
V	11035	13587	2014-02-04 00:00:00
V	11036	1540	2013-02-04 00:00:00
V	11037	17791	2013-08-05 00:00:00
V	11038	10949	2014-05-01 00:00:00
V	11039	9053	2014-02-13 00:00:00
V	11040	11362	2013-08-22 00:00:00
V	11041	18852	2012-08-02 00:00:00
V	11042	2316	2014-03-16 00:00:00
V	11043	3108	2013-10-03 00:00:00
V	11044	2713	2013-03-03 00:00:00
V	11045	18716	2014-06-06 00:00:00
V	11046	13389	2012-10-23 00:00:00
V	11047	4490	2013-10-20 00:00:00
V	11048	8168	2013-09-29 00:00:00
V	11049	18710	2013-07-12 00:00:00
V	11050	4275	2012-07-28 00:00:00
V	11051	9089	2012-06-06 00:00:00
V	11052	12395	2013-02-07 00:00:00
V	11053	5271	2013-10-04 00:00:00
V	11054	13114	2013-09-26 00:00:00
V	11055	15376	2014-03-06 00:00:00
V	11056	16900	2014-03-30 00:00:00
V	11057	3055	2014-04-20 00:00:00
V	11058	15160	2014-03-30 00:00:00
V	11059	14583	2012-01-15 00:00:00
V	11060	13144	2013-08-20 00:00:00
V	11061	5470	2012-03-03 00:00:00
V	11062	11756	2014-04-20 00:00:00
V	11063	1337	2013-11-28 00:00:00
V	11064	12249	2013-10-28 00:00:00
V	11065	12964	2012-06-15 00:00:00
V	11066	6565	2014-04-08 00:00:00
V	11067	480	2012-04-23 00:00:00
V	11068	18683	2013-07-18 00:00:00
V	11069	4493	2013-07-26 00:00:00
V	11070	7439	2014-03-14 00:00:00
V	11071	19022	2011-10-07 00:00:00
V	11072	6215	2014-04-03 00:00:00
V	11073	1623	2012-06-26 00:00:00
V	11074	4172	2013-07-12 00:00:00
V	11075	17775	2013-10-29 00:00:00
V	11076	8246	2013-12-19 00:00:00
V	11077	5464	2014-01-20 00:00:00
V	11078	6567	2012-06-21 00:00:00
V	11079	12839	2013-10-15 00:00:00
V	11080	6573	2013-11-14 00:00:00
V	11081	16694	2014-05-15 00:00:00
V	11082	11404	2013-09-05 00:00:00
V	11083	1925	2013-09-21 00:00:00
V	11084	11736	2013-07-11 00:00:00
V	11085	8344	2013-12-02 00:00:00
V	11086	11750	2013-11-16 00:00:00
V	11087	15695	2013-09-07 00:00:00
V	11088	6224	2014-06-22 00:00:00
V	11089	1959	2014-01-12 00:00:00
V	11090	5575	2014-05-18 00:00:00
V	11091	2303	2011-11-10 00:00:00
V	11092	15574	2011-12-30 00:00:00
V	11093	9828	2014-02-05 00:00:00
V	11094	12112	2013-12-21 00:00:00
V	11095	1375	2014-01-18 00:00:00
V	11096	1734	2012-07-25 00:00:00
V	11097	6056	2013-08-26 00:00:00
V	11098	3560	2012-07-07 00:00:00
V	11099	8460	2014-05-21 00:00:00
V	11100	7101	2014-01-22 00:00:00
V	11101	16351	2014-05-18 00:00:00
V	11102	9250	2013-08-30 00:00:00
V	11103	5198	2014-01-19 00:00:00
V	11104	10698	2012-11-14 00:00:00
V	11105	3159	2014-06-06 00:00:00
V	11106	15828	2013-01-20 00:00:00
V	11107	7747	2013-04-21 00:00:00
V	11108	17535	2013-09-30 00:00:00
V	11109	13689	2012-08-11 00:00:00
V	11110	1872	2013-07-13 00:00:00
V	11111	13964	2012-10-03 00:00:00
V	11112	6678	2014-04-01 00:00:00
V	11113	6741	2013-08-26 00:00:00
V	11114	12531	2014-01-11 00:00:00
V	11115	4838	2012-07-09 00:00:00
V	11116	4261	2013-06-05 00:00:00
V	11117	15167	2014-01-14 00:00:00
V	11118	1311	2011-06-18 00:00:00
V	11119	155	2013-11-06 00:00:00
V	11120	18477	2014-04-20 00:00:00
V	11121	61	2014-05-15 00:00:00
V	11122	5118	2014-04-02 00:00:00
V	11123	8944	2013-11-08 00:00:00
V	11124	9859	2013-04-23 00:00:00
V	11125	1991	2013-09-16 00:00:00
V	11126	659	2013-09-26 00:00:00
V	11127	12925	2013-07-11 00:00:00
V	11128	15679	2013-08-22 00:00:00
V	11129	5062	2014-04-05 00:00:00
V	11130	15325	2014-02-20 00:00:00
V	11131	13854	2013-08-29 00:00:00
V	11132	4756	2013-12-11 00:00:00
V	11133	2984	2013-08-28 00:00:00
V	11134	12603	2014-02-24 00:00:00
V	11135	4702	2014-04-22 00:00:00
V	11136	9908	2013-05-13 00:00:00
V	11137	574	2013-07-22 00:00:00
V	11138	16386	2014-06-07 00:00:00
V	11139	9334	2013-09-04 00:00:00
V	11140	5442	2013-11-27 00:00:00
V	11141	6388	2013-10-17 00:00:00
V	11142	3613	2013-09-20 00:00:00
V	11143	12750	2013-07-29 00:00:00
V	11144	16060	2014-01-29 00:00:00
V	11145	1506	2013-03-31 00:00:00
V	11146	7561	2013-10-13 00:00:00
V	11147	13115	2013-09-26 00:00:00
V	11148	8349	2013-10-31 00:00:00
V	11149	6842	2013-08-05 00:00:00
V	11150	12317	2013-12-21 00:00:00
V	11151	7798	2013-07-23 00:00:00
V	11152	7830	2014-04-30 00:00:00
V	11153	17685	2014-03-12 00:00:00
V	11154	8434	2013-11-13 00:00:00
V	11155	8936	2012-02-03 00:00:00
V	11156	15173	2013-12-11 00:00:00
V	11157	12154	2012-04-06 00:00:00
V	11158	8320	2013-07-22 00:00:00
V	11159	11554	2012-10-02 00:00:00
V	11160	7965	2013-08-16 00:00:00
V	11161	15827	2014-03-01 00:00:00
V	11162	1549	2014-02-05 00:00:00
V	11163	12389	2014-05-16 00:00:00
V	11164	13600	2013-01-18 00:00:00
V	11165	598	2012-05-02 00:00:00
V	11166	195	2012-08-28 00:00:00
V	11167	10053	2014-05-17 00:00:00
V	11168	17219	2014-01-17 00:00:00
V	11169	10098	2014-03-22 00:00:00
V	11170	534	2014-04-14 00:00:00
V	11171	3255	2012-07-25 00:00:00
V	11172	1256	2014-02-22 00:00:00
V	11173	16857	2014-03-27 00:00:00
V	11174	1221	2013-05-20 00:00:00
V	11175	15703	2013-04-22 00:00:00
V	11176	7184	2012-03-14 00:00:00
V	11177	13415	2014-06-26 00:00:00
V	11178	12598	2013-12-30 00:00:00
V	11179	17012	2014-03-26 00:00:00
V	11180	1342	2013-07-29 00:00:00
V	11181	2094	2012-03-28 00:00:00
V	11182	12574	2011-10-15 00:00:00
V	11183	5509	2012-05-10 00:00:00
V	11184	455	2013-11-11 00:00:00
V	11185	13359	2014-05-10 00:00:00
V	11186	10958	2011-10-10 00:00:00
V	11187	16558	2012-06-11 00:00:00
V	11188	6874	2013-03-16 00:00:00
V	11189	17772	2014-04-23 00:00:00
V	11190	16373	2012-02-17 00:00:00
V	11191	6001	2012-06-28 00:00:00
V	11192	4232	2013-11-17 00:00:00
V	11193	2255	2012-06-07 00:00:00
V	11194	11379	2013-08-08 00:00:00
V	11195	5206	2013-09-30 00:00:00
V	11196	1473	2014-03-16 00:00:00
V	11197	5083	2013-07-02 00:00:00
V	11198	8907	2012-03-16 00:00:00
V	11199	10841	2012-09-21 00:00:00
V	11200	16461	2013-12-11 00:00:00
V	11201	6180	2013-08-24 00:00:00
V	11202	8414	2014-04-04 00:00:00
V	11203	2332	2011-11-24 00:00:00
V	11204	3936	2013-12-20 00:00:00
V	11205	4097	2013-12-14 00:00:00
V	11206	6190	2014-05-28 00:00:00
V	11207	11405	2013-08-27 00:00:00
V	11208	12278	2011-08-18 00:00:00
V	11209	12901	2013-12-07 00:00:00
V	11210	18729	2013-07-23 00:00:00
V	11211	12860	2011-05-31 00:00:00
V	11212	3721	2013-06-05 00:00:00
V	11213	6684	2013-10-18 00:00:00
V	11214	8996	2014-05-09 00:00:00
V	11215	10154	2011-11-07 00:00:00
V	11216	4846	2012-11-06 00:00:00
V	11217	16646	2013-03-30 00:00:00
V	11218	12894	2012-05-26 00:00:00
V	11219	19220	2014-06-01 00:00:00
V	11220	7933	2012-01-01 00:00:00
V	11221	5709	2013-12-29 00:00:00
V	11222	2743	2013-07-21 00:00:00
V	11223	18244	2012-11-15 00:00:00
V	11224	7851	2014-02-05 00:00:00
V	11225	16619	2014-04-09 00:00:00
V	11226	11023	2014-04-18 00:00:00
V	11227	7116	2012-11-03 00:00:00
V	11228	9062	2012-05-01 00:00:00
V	11229	5672	2012-07-21 00:00:00
V	11230	11369	2013-07-07 00:00:00
V	11231	6289	2013-11-29 00:00:00
V	11232	12957	2014-03-25 00:00:00
V	11233	2745	2013-07-27 00:00:00
V	11234	18335	2014-03-30 00:00:00
V	11235	12033	2014-02-06 00:00:00
V	11236	16512	2013-12-31 00:00:00
V	11237	811	2014-01-07 00:00:00
V	11238	11012	2012-09-30 00:00:00
V	11239	13290	2012-07-01 00:00:00
V	11240	1789	2014-02-17 00:00:00
V	11241	6334	2014-03-19 00:00:00
V	11242	3364	2013-09-14 00:00:00
V	11243	10519	2011-09-15 00:00:00
V	11244	13567	2013-09-21 00:00:00
V	11245	7330	2013-11-26 00:00:00
V	11246	14310	2014-06-01 00:00:00
V	11247	6528	2012-05-18 00:00:00
V	11248	4274	2012-09-19 00:00:00
V	11249	1773	2013-09-05 00:00:00
V	11250	2793	2014-01-06 00:00:00
V	11251	6596	2013-02-16 00:00:00
V	11252	4071	2013-10-04 00:00:00
V	11253	2660	2014-03-03 00:00:00
V	11254	7427	2014-02-04 00:00:00
V	11255	2672	2014-05-03 00:00:00
V	11256	7645	2013-07-16 00:00:00
V	11257	3161	2013-12-04 00:00:00
V	11258	3675	2013-07-23 00:00:00
V	11259	11932	2011-10-28 00:00:00
V	11260	16030	2011-12-29 00:00:00
V	11261	14873	2014-03-30 00:00:00
V	11262	7012	2012-10-25 00:00:00
V	11263	2569	2011-10-28 00:00:00
V	11264	15424	2013-12-25 00:00:00
V	11265	129	2013-10-17 00:00:00
V	11266	1003	2013-11-17 00:00:00
V	11267	5248	2012-12-17 00:00:00
V	11268	16217	2013-10-15 00:00:00
V	11269	1416	2011-06-09 00:00:00
V	11270	11321	2014-06-05 00:00:00
V	11271	6370	2012-09-21 00:00:00
V	11272	10635	2014-01-17 00:00:00
V	11273	17954	2014-03-29 00:00:00
V	11274	12064	2013-07-13 00:00:00
V	11275	11975	2014-06-06 00:00:00
V	11276	17412	2014-01-02 00:00:00
V	11277	5	2013-02-01 00:00:00
V	11278	11650	2013-03-26 00:00:00
V	11279	18259	2014-01-11 00:00:00
V	11280	17497	2013-05-18 00:00:00
V	11281	1111	2013-11-27 00:00:00
V	11282	11721	2014-01-30 00:00:00
V	11283	3697	2013-10-29 00:00:00
V	11284	5658	2014-05-09 00:00:00
V	11285	3359	2013-09-21 00:00:00
V	11286	17123	2013-02-08 00:00:00
V	11287	921	2013-10-10 00:00:00
V	11288	18628	2013-01-18 00:00:00
V	11289	7865	2013-12-15 00:00:00
V	11290	5247	2014-04-02 00:00:00
V	11291	11388	2012-11-01 00:00:00
V	11292	16599	2013-07-06 00:00:00
V	11293	6805	2014-04-09 00:00:00
V	11294	8223	2013-09-29 00:00:00
V	11295	5431	2013-11-16 00:00:00
V	11296	16359	2012-11-14 00:00:00
V	11297	1931	2011-10-02 00:00:00
V	11298	7729	2013-09-20 00:00:00
V	11299	2553	2013-10-10 00:00:00
V	11300	14065	2013-08-05 00:00:00
V	11301	10435	2012-06-29 00:00:00
V	11302	6975	2014-06-19 00:00:00
V	11303	18252	2014-04-12 00:00:00
V	11304	11996	2014-01-11 00:00:00
V	11305	6561	2014-01-29 00:00:00
V	11306	8700	2014-01-20 00:00:00
V	11307	9361	2014-04-07 00:00:00
V	11308	7923	2014-02-17 00:00:00
V	11309	14823	2013-07-11 00:00:00
V	11310	17949	2014-04-11 00:00:00
V	11311	2712	2013-09-09 00:00:00
V	11312	9622	2012-05-03 00:00:00
V	11313	18589	2012-12-14 00:00:00
V	11314	15217	2013-07-31 00:00:00
V	11315	1717	2012-06-12 00:00:00
V	11316	5006	2013-08-19 00:00:00
V	11317	17406	2013-07-25 00:00:00
V	11318	13545	2013-07-17 00:00:00
V	11319	717	2014-02-17 00:00:00
V	11320	2200	2013-07-19 00:00:00
V	11321	8927	2014-06-08 00:00:00
V	11322	249	2013-10-14 00:00:00
V	11323	3174	2013-07-22 00:00:00
V	11324	7552	2013-07-28 00:00:00
V	11325	13191	2013-09-25 00:00:00
V	11326	8196	2013-07-01 00:00:00
V	11327	6279	2013-11-28 00:00:00
V	11328	13788	2013-11-06 00:00:00
V	11329	6667	2012-07-28 00:00:00
V	11330	11496	2013-03-31 00:00:00
V	11331	10186	2013-11-26 00:00:00
V	11332	5592	2013-08-26 00:00:00
V	11333	3380	2014-02-15 00:00:00
V	11334	14594	2013-07-09 00:00:00
V	11335	18440	2014-01-24 00:00:00
V	11336	16444	2014-06-18 00:00:00
V	11337	15891	2012-01-30 00:00:00
V	11338	16067	2013-11-05 00:00:00
V	11339	13475	2014-06-28 00:00:00
V	11340	7093	2013-12-06 00:00:00
V	11341	535	2013-11-22 00:00:00
V	11342	14859	2011-11-18 00:00:00
V	11343	9521	2013-07-25 00:00:00
V	11344	18881	2014-03-08 00:00:00
V	11345	11264	2013-03-16 00:00:00
V	11346	7185	2013-07-11 00:00:00
V	11347	17870	2013-01-13 00:00:00
V	11348	7964	2013-07-07 00:00:00
V	11349	9600	2013-08-25 00:00:00
V	11350	13259	2012-05-05 00:00:00
V	11351	9269	2014-02-25 00:00:00
V	11352	3712	2014-02-15 00:00:00
V	11353	2538	2012-10-16 00:00:00
V	11354	4925	2013-01-15 00:00:00
V	11355	16024	2013-07-01 00:00:00
V	11356	13960	2014-01-22 00:00:00
V	11357	898	2013-04-13 00:00:00
V	11358	11150	2011-05-31 00:00:00
V	11359	5855	2012-09-10 00:00:00
V	11360	5598	2014-03-21 00:00:00
V	11361	6822	2013-12-23 00:00:00
V	11362	6943	2012-07-14 00:00:00
V	11363	9281	2013-02-11 00:00:00
V	11364	3519	2013-11-30 00:00:00
V	11365	3398	2013-08-06 00:00:00
V	11366	5864	2013-12-16 00:00:00
V	11367	9620	2011-07-07 00:00:00
V	11368	5477	2013-07-29 00:00:00
V	11369	15	2013-01-29 00:00:00
V	11370	8645	2014-04-26 00:00:00
V	11371	14498	2013-12-02 00:00:00
V	11372	246	2011-08-12 00:00:00
V	11373	14592	2014-05-22 00:00:00
V	11374	5258	2013-03-29 00:00:00
V	11375	1388	2013-01-31 00:00:00
V	11376	6042	2014-05-28 00:00:00
V	11377	12941	2013-09-03 00:00:00
V	11378	5181	2014-03-14 00:00:00
V	11379	326	2014-06-25 00:00:00
V	11380	8468	2013-12-10 00:00:00
V	11381	8650	2013-11-05 00:00:00
V	11382	18156	2014-02-12 00:00:00
V	11383	32	2014-01-21 00:00:00
V	11384	14773	2013-11-06 00:00:00
V	11385	11859	2014-02-12 00:00:00
V	11386	15795	2014-02-21 00:00:00
V	11387	2670	2013-07-29 00:00:00
V	11388	4775	2013-11-27 00:00:00
V	11389	8758	2012-12-21 00:00:00
V	11390	15192	2013-02-08 00:00:00
V	11391	4801	2013-12-06 00:00:00
V	11392	8051	2013-01-28 00:00:00
V	11393	2694	2011-08-23 00:00:00
V	11394	13895	2013-09-11 00:00:00
V	11395	8646	2013-12-31 00:00:00
V	11396	757	2012-07-30 00:00:00
V	11397	14228	2013-09-01 00:00:00
V	11398	2261	2012-08-09 00:00:00
V	11399	7779	2014-01-26 00:00:00
V	11400	1990	2012-07-04 00:00:00
V	11401	1033	2014-06-25 00:00:00
V	11402	10728	2012-08-10 00:00:00
V	11403	17273	2013-05-23 00:00:00
V	11404	12021	2014-02-03 00:00:00
V	11405	12613	2011-12-20 00:00:00
V	11406	2930	2012-11-09 00:00:00
V	11407	3485	2013-08-18 00:00:00
V	11408	5048	2014-04-16 00:00:00
V	11409	1795	2013-10-11 00:00:00
V	11410	16715	2013-11-16 00:00:00
V	11411	13456	2012-03-19 00:00:00
V	11412	7208	2012-11-26 00:00:00
V	11413	11345	2012-04-10 00:00:00
V	11414	7848	2013-11-21 00:00:00
V	11415	1170	2013-10-28 00:00:00
V	11416	6161	2014-02-19 00:00:00
V	11417	4109	2013-11-02 00:00:00
V	11418	11751	2014-06-25 00:00:00
V	11419	18068	2013-07-10 00:00:00
V	11420	17087	2013-10-29 00:00:00
V	11421	13524	2014-02-27 00:00:00
V	11422	15968	2013-08-14 00:00:00
V	11423	15809	2012-12-08 00:00:00
V	11424	3766	2013-01-29 00:00:00
V	11425	8976	2013-09-30 00:00:00
V	11426	4048	2013-10-01 00:00:00
V	11427	9865	2012-05-09 00:00:00
V	11428	18850	2013-08-26 00:00:00
V	11429	13371	2013-12-07 00:00:00
V	11430	12204	2012-07-16 00:00:00
V	11431	9144	2011-08-05 00:00:00
V	11432	16209	2013-07-12 00:00:00
V	11433	1582	2013-08-24 00:00:00
V	11434	11316	2013-12-22 00:00:00
V	11435	4342	2011-08-04 00:00:00
V	11436	3067	2013-11-19 00:00:00
V	11437	10396	2014-01-11 00:00:00
V	11438	15349	2013-12-09 00:00:00
V	11439	18981	2014-03-27 00:00:00
V	11440	14296	2014-05-09 00:00:00
V	11441	1307	2013-08-20 00:00:00
V	11442	9689	2014-05-27 00:00:00
V	11443	16791	2012-02-16 00:00:00
V	11444	12514	2013-11-13 00:00:00
V	11445	6433	2013-07-13 00:00:00
V	11446	13107	2013-09-02 00:00:00
V	11447	17898	2012-11-17 00:00:00
V	11448	15623	2013-12-12 00:00:00
V	11449	14502	2013-10-17 00:00:00
V	11450	2503	2011-08-06 00:00:00
V	11451	8039	2013-01-28 00:00:00
V	11452	7271	2014-04-27 00:00:00
V	11453	6745	2013-08-03 00:00:00
V	11454	15373	2013-12-04 00:00:00
V	11455	11747	2014-03-05 00:00:00
V	11456	4473	2012-08-13 00:00:00
V	11457	1327	2012-05-19 00:00:00
V	11458	6803	2014-04-25 00:00:00
V	11459	12757	2013-07-07 00:00:00
V	11460	10193	2014-04-13 00:00:00
V	11461	10847	2013-12-17 00:00:00
V	11462	5028	2013-11-05 00:00:00
V	11463	13340	2013-11-18 00:00:00
V	11464	17041	2013-10-22 00:00:00
V	11465	7991	2013-07-06 00:00:00
V	11466	16819	2013-07-12 00:00:00
V	11467	4496	2014-02-13 00:00:00
V	11468	17367	2013-12-04 00:00:00
V	11469	13857	2014-02-18 00:00:00
V	11470	9571	2012-03-14 00:00:00
V	11471	19019	2014-03-17 00:00:00
V	11472	10592	2014-02-02 00:00:00
V	11473	807	2013-11-12 00:00:00
V	11474	18982	2013-12-03 00:00:00
V	11475	11143	2014-03-23 00:00:00
V	11476	4446	2013-01-12 00:00:00
V	11477	5114	2014-02-22 00:00:00
V	11478	13216	2014-04-18 00:00:00
V	11479	14409	2013-08-06 00:00:00
V	11480	4510	2013-08-08 00:00:00
V	11481	12522	2013-03-02 00:00:00
V	11482	12893	2014-02-22 00:00:00
V	11483	888	2013-11-10 00:00:00
V	11484	14447	2014-01-07 00:00:00
V	11485	8258	2013-12-03 00:00:00
V	11486	9130	2013-01-12 00:00:00
V	11487	15637	2014-05-22 00:00:00
V	11488	17906	2014-04-03 00:00:00
V	11489	7680	2013-06-25 00:00:00
V	11490	2587	2013-10-07 00:00:00
V	11491	510	2013-04-27 00:00:00
V	11492	16946	2014-02-13 00:00:00
V	11493	4525	2013-07-22 00:00:00
V	11494	2729	2013-07-19 00:00:00
V	11495	745	2013-01-16 00:00:00
V	11496	9222	2013-12-06 00:00:00
V	11497	13293	2013-01-27 00:00:00
V	11498	2929	2014-02-22 00:00:00
V	11499	16033	2012-11-03 00:00:00
V	11500	7037	2014-04-01 00:00:00
V	11501	5777	2014-05-12 00:00:00
V	11502	10238	2013-12-27 00:00:00
V	11503	7818	2013-10-21 00:00:00
V	11504	18990	2012-04-02 00:00:00
V	11505	9933	2013-12-17 00:00:00
V	11506	6662	2014-04-22 00:00:00
V	11507	13852	2013-01-27 00:00:00
V	11508	14299	2013-10-03 00:00:00
V	11509	16210	2013-09-03 00:00:00
V	11510	1344	2013-08-30 00:00:00
V	11511	6142	2013-07-26 00:00:00
V	11512	6623	2013-07-16 00:00:00
V	11513	12473	2013-05-06 00:00:00
V	11514	4418	2013-07-08 00:00:00
V	11515	3795	2013-09-26 00:00:00
V	11516	9897	2012-01-30 00:00:00
V	11517	11899	2014-01-12 00:00:00
V	11518	13945	2013-11-15 00:00:00
V	11519	595	2013-04-27 00:00:00
V	11520	2447	2013-07-19 00:00:00
V	11521	14263	2012-04-28 00:00:00
V	11522	4812	2014-05-28 00:00:00
V	11523	8790	2014-05-16 00:00:00
V	11524	1439	2011-09-02 00:00:00
V	11525	10339	2013-07-11 00:00:00
V	11526	7102	2012-07-07 00:00:00
V	11527	10884	2013-10-03 00:00:00
V	11528	5070	2013-07-03 00:00:00
V	11529	18820	2014-02-05 00:00:00
V	11530	10792	2014-04-16 00:00:00
V	11531	16769	2012-08-15 00:00:00
V	11532	1126	2013-09-09 00:00:00
V	11533	5388	2014-02-02 00:00:00
V	11534	8501	2013-06-30 00:00:00
V	11535	15413	2013-10-31 00:00:00
V	11536	197	2012-04-18 00:00:00
V	11537	3982	2013-09-24 00:00:00
V	11538	16276	2013-05-19 00:00:00
V	11539	10920	2014-04-26 00:00:00
V	11540	6978	2014-01-28 00:00:00
V	11541	9879	2012-10-23 00:00:00
V	11542	99	2013-08-28 00:00:00
V	11543	18373	2013-09-14 00:00:00
V	11544	14913	2013-12-31 00:00:00
V	11545	2546	2014-04-24 00:00:00
V	11546	3171	2012-10-04 00:00:00
V	11547	4547	2013-08-15 00:00:00
V	11548	2312	2013-09-23 00:00:00
V	11549	15630	2011-06-08 00:00:00
V	11550	10066	2013-09-12 00:00:00
V	11551	695	2014-06-25 00:00:00
V	11552	13893	2014-04-11 00:00:00
V	11553	9399	2013-05-29 00:00:00
V	11554	13940	2014-04-13 00:00:00
V	11555	8839	2013-12-18 00:00:00
V	11556	17884	2014-06-23 00:00:00
V	11557	13018	2013-08-08 00:00:00
V	11558	7921	2013-12-20 00:00:00
V	11559	11962	2013-11-26 00:00:00
V	11560	7216	2013-09-06 00:00:00
V	11561	8294	2014-04-14 00:00:00
V	11562	6574	2013-10-20 00:00:00
V	11563	7004	2013-11-28 00:00:00
V	11564	5282	2013-11-20 00:00:00
V	11565	10933	2012-05-21 00:00:00
V	11566	4117	2014-01-13 00:00:00
V	11567	12031	2013-09-15 00:00:00
V	11568	18397	2014-02-13 00:00:00
V	11569	13317	2012-09-14 00:00:00
V	11570	9316	2013-12-25 00:00:00
V	11571	5694	2013-07-18 00:00:00
V	11572	13229	2012-11-01 00:00:00
V	11573	15142	2014-06-14 00:00:00
V	11574	8611	2014-05-17 00:00:00
V	11575	8992	2014-04-25 00:00:00
V	11576	4806	2011-12-24 00:00:00
V	11577	14187	2013-08-15 00:00:00
V	11578	12877	2013-05-04 00:00:00
V	11579	15393	2013-08-27 00:00:00
V	11580	14173	2013-08-26 00:00:00
V	11581	5947	2012-11-01 00:00:00
V	11582	10491	2014-01-23 00:00:00
V	11583	18549	2014-05-10 00:00:00
V	11584	18505	2012-06-09 00:00:00
V	11585	13003	2012-04-19 00:00:00
V	11586	5770	2012-09-19 00:00:00
V	11587	14129	2014-01-22 00:00:00
V	11588	8558	2013-12-29 00:00:00
V	11589	13759	2014-03-02 00:00:00
V	11590	17546	2012-01-03 00:00:00
V	11591	17369	2013-10-12 00:00:00
V	11592	491	2013-07-07 00:00:00
V	11593	5992	2013-11-06 00:00:00
V	11594	2355	2012-04-29 00:00:00
V	11595	7811	2014-03-30 00:00:00
V	11596	9020	2014-05-23 00:00:00
V	11597	5616	2013-05-05 00:00:00
V	11598	509	2013-11-10 00:00:00
V	11599	15874	2012-07-21 00:00:00
V	11600	9092	2012-11-16 00:00:00
V	11601	4216	2012-05-04 00:00:00
V	11602	12711	2014-04-18 00:00:00
V	11603	16078	2013-11-06 00:00:00
V	11604	17103	2013-12-03 00:00:00
V	11605	1041	2012-09-27 00:00:00
V	11606	18757	2011-11-19 00:00:00
V	11607	6047	2014-01-02 00:00:00
V	11608	10342	2014-03-09 00:00:00
V	11609	14954	2013-10-20 00:00:00
V	11610	7567	2013-05-21 00:00:00
V	11611	11456	2012-07-30 00:00:00
V	11612	3381	2013-07-23 00:00:00
V	11613	18640	2013-06-26 00:00:00
V	11614	6856	2012-12-31 00:00:00
V	11615	2414	2013-11-26 00:00:00
V	11616	5381	2014-04-14 00:00:00
V	11617	17484	2014-02-27 00:00:00
V	11618	7050	2014-06-03 00:00:00
V	11619	6088	2014-04-02 00:00:00
V	11620	6636	2011-10-12 00:00:00
V	11621	8785	2014-01-08 00:00:00
V	11622	3660	2014-02-18 00:00:00
V	11623	6600	2014-02-19 00:00:00
V	11624	15808	2013-04-15 00:00:00
V	11625	12753	2013-09-05 00:00:00
V	11626	2516	2012-08-31 00:00:00
V	11627	10073	2013-09-07 00:00:00
V	11628	2497	2012-11-18 00:00:00
V	11629	15556	2013-11-15 00:00:00
V	11630	16661	2013-10-04 00:00:00
V	11631	1574	2013-08-19 00:00:00
V	11632	1012	2013-09-28 00:00:00
V	11633	14633	2014-02-19 00:00:00
V	11634	9691	2012-10-17 00:00:00
V	11635	18609	2014-04-19 00:00:00
V	11636	18959	2013-10-23 00:00:00
V	11637	960	2014-06-29 00:00:00
V	11638	9967	2013-07-29 00:00:00
V	11639	7472	2014-01-31 00:00:00
V	11640	2898	2014-02-27 00:00:00
V	11641	8705	2013-09-06 00:00:00
V	11642	15824	2012-07-19 00:00:00
V	11643	741	2013-11-21 00:00:00
V	11644	7875	2013-08-20 00:00:00
V	11645	3758	2014-03-30 00:00:00
V	11646	6817	2013-10-14 00:00:00
V	11647	19155	2014-02-21 00:00:00
V	11648	9007	2014-05-28 00:00:00
V	11649	15388	2011-09-10 00:00:00
V	11650	3719	2014-03-21 00:00:00
V	11651	16968	2013-11-14 00:00:00
V	11652	3576	2012-02-19 00:00:00
V	11653	956	2012-03-27 00:00:00
V	11654	7905	2012-12-09 00:00:00
V	11655	18378	2013-08-20 00:00:00
V	11656	4287	2013-07-01 00:00:00
V	11657	12942	2013-12-28 00:00:00
V	11658	17584	2014-01-24 00:00:00
V	11659	4240	2013-08-13 00:00:00
V	11660	146	2014-01-18 00:00:00
V	11661	3591	2013-12-25 00:00:00
V	11662	6337	2013-05-06 00:00:00
V	11663	16073	2013-08-16 00:00:00
V	11664	1024	2013-10-04 00:00:00
V	11665	16779	2014-04-30 00:00:00
V	11666	11096	2014-02-22 00:00:00
V	11667	4776	2014-01-12 00:00:00
V	11668	17562	2014-05-05 00:00:00
V	11669	13986	2012-05-05 00:00:00
V	11670	14432	2013-11-13 00:00:00
V	11671	4234	2013-08-03 00:00:00
V	11672	12589	2013-09-06 00:00:00
V	11673	12930	2013-03-23 00:00:00
V	11674	16376	2013-12-04 00:00:00
V	11675	3977	2014-05-18 00:00:00
V	11676	5515	2011-09-06 00:00:00
V	11677	2676	2014-01-04 00:00:00
V	11678	1198	2014-02-01 00:00:00
V	11679	6577	2013-07-13 00:00:00
V	11680	16101	2014-05-14 00:00:00
V	11681	16573	2012-03-21 00:00:00
V	11682	8132	2014-03-08 00:00:00
V	11683	454	2013-10-16 00:00:00
V	11684	13356	2014-01-26 00:00:00
V	11685	13285	2013-11-17 00:00:00
V	11686	2464	2012-02-28 00:00:00
V	11687	18613	2013-10-18 00:00:00
V	11688	17066	2013-07-17 00:00:00
V	11689	15161	2013-12-18 00:00:00
V	11690	15749	2014-02-05 00:00:00
V	11691	6575	2014-05-08 00:00:00
V	11692	19071	2013-11-09 00:00:00
V	11693	1849	2014-01-11 00:00:00
V	11694	1027	2013-11-23 00:00:00
V	11695	4458	2011-10-25 00:00:00
V	11696	8121	2013-01-14 00:00:00
V	11697	8221	2014-03-04 00:00:00
V	11698	2388	2013-10-19 00:00:00
V	11699	16964	2013-10-04 00:00:00
V	11700	10787	2013-07-11 00:00:00
V	11701	18513	2014-02-16 00:00:00
V	11702	17668	2013-11-16 00:00:00
V	11703	9217	2013-06-12 00:00:00
V	11704	10112	2013-08-17 00:00:00
V	11705	13970	2012-07-21 00:00:00
V	11706	17868	2013-10-05 00:00:00
V	11707	9174	2013-09-20 00:00:00
V	11708	11518	2014-02-17 00:00:00
V	11709	3820	2013-08-30 00:00:00
V	11710	11082	2013-07-14 00:00:00
V	11711	14653	2014-03-31 00:00:00
V	11712	9784	2014-03-08 00:00:00
V	11713	2085	2013-08-03 00:00:00
V	11714	5638	2013-08-01 00:00:00
V	11715	9811	2014-06-17 00:00:00
V	11716	2269	2013-12-07 00:00:00
V	11717	8310	2014-04-08 00:00:00
V	11718	15926	2013-07-29 00:00:00
V	11719	5212	2013-07-05 00:00:00
V	11720	934	2014-01-17 00:00:00
V	11721	3578	2014-04-27 00:00:00
V	11722	13974	2012-08-23 00:00:00
V	11723	16794	2013-07-27 00:00:00
V	11724	7555	2014-01-28 00:00:00
V	11725	12144	2013-09-18 00:00:00
V	11726	321	2012-09-29 00:00:00
V	11727	10575	2012-03-28 00:00:00
V	11728	9059	2013-12-14 00:00:00
V	11729	463	2013-10-29 00:00:00
V	11730	15151	2014-02-11 00:00:00
V	11731	18270	2012-07-05 00:00:00
V	11732	11365	2013-09-15 00:00:00
V	11733	13196	2013-11-16 00:00:00
V	11734	18856	2013-04-21 00:00:00
V	11735	15745	2013-06-14 00:00:00
V	11736	11009	2012-11-01 00:00:00
V	11737	17184	2011-11-12 00:00:00
V	11738	18096	2014-04-13 00:00:00
V	11739	11266	2013-08-07 00:00:00
V	11740	7844	2013-06-17 00:00:00
V	11741	2441	2012-07-06 00:00:00
V	11742	11590	2014-04-18 00:00:00
V	11743	15348	2011-10-05 00:00:00
V	11744	17074	2014-02-12 00:00:00
V	11745	2102	2013-07-12 00:00:00
V	11746	16535	2014-02-10 00:00:00
V	11747	14996	2013-11-23 00:00:00
V	11748	3725	2014-04-29 00:00:00
V	11749	10483	2013-08-30 00:00:00
V	11750	9345	2013-07-31 00:00:00
V	11751	9152	2013-07-10 00:00:00
V	11752	7717	2013-07-01 00:00:00
V	11753	5967	2012-09-17 00:00:00
V	11754	5698	2013-02-19 00:00:00
V	11755	4121	2013-11-04 00:00:00
V	11756	14260	2011-11-18 00:00:00
V	11757	2656	2013-05-13 00:00:00
V	11758	9624	2013-08-23 00:00:00
V	11759	8623	2014-03-06 00:00:00
V	11760	5073	2014-05-14 00:00:00
V	11761	17633	2013-09-21 00:00:00
V	11762	17569	2013-11-13 00:00:00
V	11763	4587	2014-02-28 00:00:00
V	11764	18659	2013-06-14 00:00:00
V	11765	2005	2013-04-27 00:00:00
V	11766	7892	2011-07-18 00:00:00
V	11767	2091	2013-05-25 00:00:00
V	11768	12952	2014-01-09 00:00:00
V	11769	7157	2011-11-07 00:00:00
V	11770	12161	2014-03-19 00:00:00
V	11771	17019	2014-04-09 00:00:00
V	11772	16384	2013-12-24 00:00:00
V	11773	1568	2013-07-02 00:00:00
V	11774	19133	2014-01-31 00:00:00
V	11775	15916	2014-05-19 00:00:00
V	11776	4100	2012-06-20 00:00:00
V	11777	14878	2013-09-02 00:00:00
V	11778	617	2014-04-03 00:00:00
V	11779	14837	2013-12-19 00:00:00
V	11780	18942	2014-02-24 00:00:00
V	11781	6901	2011-06-19 00:00:00
V	11782	4805	2013-09-05 00:00:00
V	11783	1655	2013-10-27 00:00:00
V	11784	11936	2014-04-09 00:00:00
V	11785	1237	2013-08-16 00:00:00
V	11786	16459	2013-10-21 00:00:00
V	11787	14539	2013-12-25 00:00:00
V	11788	6790	2013-07-22 00:00:00
V	11789	5870	2014-05-20 00:00:00
V	11790	11271	2014-02-28 00:00:00
V	11791	18855	2012-10-05 00:00:00
V	11792	1209	2012-06-19 00:00:00
V	11793	17206	2014-04-05 00:00:00
V	11794	17393	2014-02-24 00:00:00
V	11795	18524	2014-05-07 00:00:00
V	11796	6236	2012-09-28 00:00:00
V	11797	4847	2013-07-03 00:00:00
V	11798	4729	2014-06-04 00:00:00
V	11799	16628	2012-10-13 00:00:00
V	11800	8920	2013-07-24 00:00:00
V	11801	16349	2013-10-11 00:00:00
V	11802	16426	2013-08-18 00:00:00
V	11803	6621	2013-04-27 00:00:00
V	11804	11464	2014-04-14 00:00:00
V	11805	12693	2013-12-07 00:00:00
V	11806	13197	2013-07-16 00:00:00
V	11807	6647	2012-06-18 00:00:00
V	11808	4296	2012-12-17 00:00:00
V	11809	14536	2013-05-14 00:00:00
V	11810	8681	2013-12-25 00:00:00
V	11811	801	2013-10-17 00:00:00
V	11812	6003	2014-05-18 00:00:00
V	11813	11303	2014-02-13 00:00:00
V	11814	11966	2014-05-16 00:00:00
V	11815	4029	2014-05-15 00:00:00
V	11816	2010	2014-02-16 00:00:00
V	11817	8402	2013-11-30 00:00:00
V	11818	18903	2014-05-12 00:00:00
V	11819	4191	2013-04-23 00:00:00
V	11820	18799	2013-08-07 00:00:00
V	11821	15580	2014-02-28 00:00:00
V	11822	13431	2014-03-09 00:00:00
V	11823	11109	2014-01-25 00:00:00
V	11824	1121	2012-05-28 00:00:00
V	11825	4242	2014-05-05 00:00:00
V	11826	166	2013-10-11 00:00:00
V	11827	17301	2011-12-01 00:00:00
V	11828	2662	2013-05-06 00:00:00
V	11829	15309	2013-09-18 00:00:00
V	11830	1515	2014-05-15 00:00:00
V	11831	5000	2014-02-16 00:00:00
V	11832	9570	2013-12-21 00:00:00
V	11833	1326	2013-09-09 00:00:00
V	11834	9467	2013-11-18 00:00:00
V	11835	1447	2012-07-11 00:00:00
V	11836	9789	2013-08-19 00:00:00
V	11837	4374	2013-12-09 00:00:00
V	11838	12000	2013-11-25 00:00:00
V	11839	4889	2014-03-20 00:00:00
V	11840	7315	2013-04-12 00:00:00
V	11841	9778	2012-05-19 00:00:00
V	11842	12398	2012-04-10 00:00:00
V	11843	4077	2014-06-26 00:00:00
V	11844	16040	2013-03-07 00:00:00
V	11845	18356	2013-11-10 00:00:00
V	11846	2399	2013-07-10 00:00:00
V	11847	6258	2013-07-02 00:00:00
V	11848	12792	2013-02-08 00:00:00
V	11849	2342	2014-02-09 00:00:00
V	11850	4312	2014-03-12 00:00:00
V	11851	5781	2013-08-03 00:00:00
V	11852	8674	2013-12-12 00:00:00
V	11853	19069	2011-06-02 00:00:00
V	11854	9737	2014-03-19 00:00:00
V	11855	6529	2013-10-13 00:00:00
V	11856	6625	2011-10-14 00:00:00
V	11857	11830	2013-05-02 00:00:00
V	11858	12068	2012-09-23 00:00:00
V	11859	8453	2013-05-14 00:00:00
V	11860	11829	2012-03-30 00:00:00
V	11861	4487	2014-06-30 00:00:00
V	11862	5154	2013-09-13 00:00:00
V	11863	10188	2013-10-26 00:00:00
V	11864	2613	2014-02-17 00:00:00
V	11865	3886	2014-06-24 00:00:00
V	11866	9598	2012-02-01 00:00:00
V	11867	7428	2014-02-13 00:00:00
V	11868	9153	2014-03-17 00:00:00
V	11869	5901	2013-08-11 00:00:00
V	11870	3224	2013-09-08 00:00:00
V	11871	5260	2013-07-28 00:00:00
V	11872	10147	2013-07-18 00:00:00
V	11873	10531	2013-11-05 00:00:00
V	11874	14491	2014-03-29 00:00:00
V	11875	18909	2013-12-29 00:00:00
V	11876	16577	2014-02-27 00:00:00
V	11877	15796	2013-10-15 00:00:00
V	11878	15257	2013-09-29 00:00:00
V	11879	969	2013-09-29 00:00:00
V	11880	10669	2013-10-08 00:00:00
V	11881	3416	2013-02-08 00:00:00
V	11882	18958	2012-11-15 00:00:00
V	11883	8222	2014-03-24 00:00:00
V	11884	7443	2013-08-18 00:00:00
V	11885	14450	2014-01-07 00:00:00
V	11886	11524	2014-01-30 00:00:00
V	11887	11054	2014-05-06 00:00:00
V	11888	13978	2013-09-04 00:00:00
V	11889	6071	2012-02-04 00:00:00
V	11890	9164	2013-12-25 00:00:00
V	11891	1427	2014-04-19 00:00:00
V	11892	13051	2011-12-16 00:00:00
V	11893	7067	2012-06-01 00:00:00
V	11894	6353	2013-03-30 00:00:00
V	11895	3956	2012-07-23 00:00:00
V	11896	17254	2011-06-11 00:00:00
V	11897	1854	2014-06-06 00:00:00
V	11898	13559	2013-08-22 00:00:00
V	11899	17212	2014-03-27 00:00:00
V	11900	3253	2014-03-01 00:00:00
V	11901	12777	2011-06-25 00:00:00
V	11902	9907	2012-03-26 00:00:00
V	11903	15866	2013-11-22 00:00:00
V	11904	6293	2013-12-01 00:00:00
V	11905	6456	2013-06-05 00:00:00
V	11906	6282	2012-08-23 00:00:00
V	11907	7316	2014-05-10 00:00:00
V	11908	11867	2013-02-24 00:00:00
V	11909	5938	2013-08-23 00:00:00
V	11910	17465	2013-10-01 00:00:00
V	11911	2132	2013-09-15 00:00:00
V	11912	18073	2013-10-02 00:00:00
V	11913	856	2014-02-07 00:00:00
V	11914	17684	2014-06-04 00:00:00
V	11915	14846	2014-05-16 00:00:00
V	11916	15363	2012-03-16 00:00:00
V	11917	1876	2014-01-27 00:00:00
V	11918	4314	2014-03-08 00:00:00
V	11919	13906	2014-01-04 00:00:00
V	11920	9195	2011-07-26 00:00:00
V	11921	4271	2014-05-11 00:00:00
V	11922	9837	2011-11-20 00:00:00
V	11923	13388	2014-02-25 00:00:00
V	11924	14027	2013-08-01 00:00:00
V	11925	18594	2013-07-01 00:00:00
V	11926	9372	2012-03-19 00:00:00
V	11927	17713	2012-04-23 00:00:00
V	11928	11222	2014-01-29 00:00:00
V	11929	9421	2011-08-02 00:00:00
V	11930	12708	2012-11-11 00:00:00
V	11931	4885	2012-02-14 00:00:00
V	11932	16825	2013-11-05 00:00:00
V	11933	18229	2014-03-09 00:00:00
V	11934	9856	2012-07-27 00:00:00
V	11935	9957	2014-01-06 00:00:00
V	11936	5573	2014-01-29 00:00:00
V	11937	6432	2011-07-26 00:00:00
V	11938	9412	2012-10-18 00:00:00
V	11939	1992	2013-10-07 00:00:00
V	11940	2967	2013-01-31 00:00:00
V	11941	19084	2014-04-29 00:00:00
V	11942	6301	2014-02-21 00:00:00
V	11943	17585	2013-09-03 00:00:00
V	11944	9914	2013-09-02 00:00:00
V	11945	9441	2013-07-24 00:00:00
V	11946	14172	2014-02-14 00:00:00
V	11947	9368	2013-12-05 00:00:00
V	11948	17706	2013-04-18 00:00:00
V	11949	4850	2012-02-08 00:00:00
V	11950	2180	2013-12-29 00:00:00
V	11951	3549	2013-07-31 00:00:00
V	11952	1382	2013-10-20 00:00:00
V	11953	4870	2014-05-03 00:00:00
V	11954	3340	2014-03-13 00:00:00
V	11955	7382	2011-07-22 00:00:00
V	11956	15951	2014-04-24 00:00:00
V	11957	9800	2014-06-16 00:00:00
V	11958	14175	2013-12-09 00:00:00
V	11959	2412	2013-11-29 00:00:00
V	11960	11315	2014-04-20 00:00:00
V	11961	12970	2014-01-11 00:00:00
V	11962	18547	2013-09-02 00:00:00
V	11963	8163	2014-03-14 00:00:00
V	11964	7115	2011-10-26 00:00:00
V	11965	8865	2011-08-21 00:00:00
V	11966	8690	2013-08-03 00:00:00
V	11967	10357	2014-05-17 00:00:00
V	11968	4536	2014-02-28 00:00:00
V	11969	16136	2011-06-18 00:00:00
V	11970	16702	2013-03-17 00:00:00
V	11971	11214	2013-12-20 00:00:00
V	11972	5866	2013-05-21 00:00:00
V	11973	1735	2013-08-26 00:00:00
V	11974	3654	2013-08-29 00:00:00
V	11975	12318	2013-01-16 00:00:00
V	11976	19197	2013-03-31 00:00:00
V	11977	8150	2014-05-11 00:00:00
V	11978	15264	2014-03-24 00:00:00
V	11979	16474	2012-10-23 00:00:00
V	11980	2001	2012-01-11 00:00:00
V	11981	18458	2013-09-02 00:00:00
V	11982	4914	2013-09-05 00:00:00
V	11983	15226	2012-05-10 00:00:00
V	11984	18572	2013-10-09 00:00:00
V	11985	958	2012-05-26 00:00:00
V	11986	12340	2014-02-19 00:00:00
V	11987	5933	2013-12-29 00:00:00
V	11988	10984	2013-12-04 00:00:00
V	11989	17692	2014-04-30 00:00:00
V	11990	1817	2012-12-18 00:00:00
V	11991	6923	2014-03-28 00:00:00
V	11992	8076	2014-01-30 00:00:00
V	11993	9731	2014-01-31 00:00:00
V	11994	2485	2012-10-11 00:00:00
V	11995	1614	2012-05-17 00:00:00
V	11996	15737	2013-07-11 00:00:00
V	11997	2382	2014-01-14 00:00:00
V	11998	14324	2013-07-16 00:00:00
V	11999	3573	2013-11-12 00:00:00
V	12000	16005	2013-08-03 00:00:00
V	12001	7660	2014-05-13 00:00:00
V	12002	17001	2013-09-10 00:00:00
V	12003	3563	2012-11-27 00:00:00
V	12004	1185	2014-02-17 00:00:00
V	12005	1891	2013-09-20 00:00:00
V	12006	13697	2012-01-20 00:00:00
V	12007	19236	2014-01-20 00:00:00
V	12008	3355	2013-11-01 00:00:00
V	12009	1217	2012-05-05 00:00:00
V	12010	15948	2014-01-31 00:00:00
V	12011	16125	2012-12-01 00:00:00
V	12012	11318	2014-04-01 00:00:00
V	12013	9851	2014-04-18 00:00:00
V	12014	6130	2014-01-18 00:00:00
V	12015	12386	2014-05-12 00:00:00
V	12016	991	2013-08-03 00:00:00
V	12017	688	2013-12-01 00:00:00
V	12018	15187	2014-04-17 00:00:00
V	12019	5597	2014-01-01 00:00:00
V	12020	6326	2014-04-21 00:00:00
V	12021	17482	2013-08-15 00:00:00
V	12022	5913	2013-08-12 00:00:00
V	12023	13126	2014-03-21 00:00:00
V	12024	16937	2014-03-01 00:00:00
V	12025	1141	2013-12-09 00:00:00
V	12026	14726	2013-11-23 00:00:00
V	12027	16919	2012-06-23 00:00:00
V	12028	11061	2014-02-18 00:00:00
V	12029	1537	2013-11-19 00:00:00
V	12030	13878	2014-04-11 00:00:00
V	12031	3180	2012-05-20 00:00:00
V	12032	1713	2013-07-12 00:00:00
V	12033	4017	2013-02-08 00:00:00
V	12034	13476	2014-04-03 00:00:00
V	12035	9688	2012-10-11 00:00:00
V	12036	13953	2014-01-15 00:00:00
V	12037	1379	2013-08-05 00:00:00
V	12038	6296	2013-08-07 00:00:00
V	12039	1638	2014-06-30 00:00:00
V	12040	17075	2014-05-18 00:00:00
V	12041	14149	2012-11-09 00:00:00
V	12042	15998	2014-05-10 00:00:00
V	12043	4545	2014-04-19 00:00:00
V	12044	13032	2014-05-03 00:00:00
V	12045	9473	2014-02-05 00:00:00
V	12046	2242	2014-02-04 00:00:00
V	12047	10358	2013-11-02 00:00:00
V	12048	17481	2014-06-05 00:00:00
V	12049	6987	2011-07-19 00:00:00
V	12050	1099	2013-08-14 00:00:00
V	12051	10484	2013-07-06 00:00:00
V	12052	3727	2013-05-10 00:00:00
V	12053	18042	2013-08-14 00:00:00
V	12054	5172	2011-11-10 00:00:00
V	12055	17885	2013-09-14 00:00:00
V	12056	8919	2013-09-16 00:00:00
V	12057	12283	2012-04-14 00:00:00
V	12058	13946	2014-01-09 00:00:00
V	12059	10394	2012-03-08 00:00:00
V	12060	14986	2014-04-19 00:00:00
V	12061	12300	2013-07-27 00:00:00
V	12062	15989	2014-04-25 00:00:00
V	12063	4589	2013-07-27 00:00:00
V	12064	16952	2014-03-27 00:00:00
V	12065	13662	2014-02-01 00:00:00
V	12066	7988	2012-05-08 00:00:00
V	12067	16586	2013-07-09 00:00:00
V	12068	1300	2013-07-15 00:00:00
V	12069	16284	2014-01-23 00:00:00
V	12070	5820	2012-07-11 00:00:00
V	12071	5628	2011-10-03 00:00:00
V	12072	10296	2013-08-02 00:00:00
V	12073	10731	2013-08-07 00:00:00
V	12074	1575	2012-10-04 00:00:00
V	12075	7226	2011-11-07 00:00:00
V	12076	4422	2014-03-03 00:00:00
V	12077	18445	2011-10-20 00:00:00
V	12078	9309	2012-06-09 00:00:00
V	12079	9271	2011-08-02 00:00:00
V	12080	15577	2014-03-04 00:00:00
V	12081	17059	2013-12-28 00:00:00
V	12082	13043	2014-04-26 00:00:00
V	12083	13745	2014-06-22 00:00:00
V	12084	8350	2013-08-11 00:00:00
V	12085	1768	2012-03-22 00:00:00
V	12086	5259	2011-09-16 00:00:00
V	12087	16172	2012-10-15 00:00:00
V	12088	14105	2013-04-09 00:00:00
V	12089	16691	2014-04-12 00:00:00
V	12090	6173	2014-03-19 00:00:00
V	12091	4200	2014-02-06 00:00:00
V	12092	6618	2012-08-29 00:00:00
V	12093	5614	2013-11-18 00:00:00
V	12094	8702	2013-08-04 00:00:00
V	12095	1449	2013-11-06 00:00:00
V	12096	5832	2014-05-02 00:00:00
V	12097	13975	2013-09-21 00:00:00
V	12098	9248	2014-06-16 00:00:00
V	12099	8545	2013-07-03 00:00:00
V	12100	11100	2013-09-27 00:00:00
V	12101	5077	2014-01-02 00:00:00
V	12102	2716	2012-04-24 00:00:00
V	12103	3608	2014-06-23 00:00:00
V	12104	10808	2013-11-04 00:00:00
V	12105	18520	2012-03-09 00:00:00
V	12106	6850	2014-02-05 00:00:00
V	12107	2758	2013-11-02 00:00:00
V	12108	4670	2014-03-22 00:00:00
V	12109	4348	2014-04-09 00:00:00
V	12110	6595	2012-11-01 00:00:00
V	12111	4898	2014-05-10 00:00:00
V	12112	7952	2011-10-08 00:00:00
V	12113	8535	2012-01-11 00:00:00
V	12114	3385	2012-06-25 00:00:00
V	12115	1295	2013-04-30 00:00:00
V	12116	17758	2011-07-24 00:00:00
V	12117	1922	2014-02-02 00:00:00
V	12118	6349	2014-03-28 00:00:00
V	12119	16458	2012-04-19 00:00:00
V	12120	13996	2013-09-28 00:00:00
V	12121	9632	2014-04-07 00:00:00
V	12122	12676	2013-12-20 00:00:00
V	12123	2479	2014-02-24 00:00:00
V	12124	14627	2013-07-31 00:00:00
V	12125	6475	2013-10-31 00:00:00
V	12126	1086	2014-05-09 00:00:00
V	12127	16728	2013-06-04 00:00:00
V	12128	7360	2012-11-26 00:00:00
V	12129	14635	2014-04-30 00:00:00
V	12130	35	2012-08-05 00:00:00
V	12131	18262	2013-11-11 00:00:00
V	12132	17095	2014-05-10 00:00:00
V	12133	3899	2014-02-04 00:00:00
V	12134	13263	2013-09-09 00:00:00
V	12135	1278	2011-08-06 00:00:00
V	12136	15204	2014-03-07 00:00:00
V	12137	17965	2014-03-12 00:00:00
V	12138	16025	2013-08-05 00:00:00
V	12139	4007	2014-02-21 00:00:00
V	12140	3738	2013-12-20 00:00:00
V	12141	4142	2011-12-06 00:00:00
V	12142	15285	2012-11-14 00:00:00
V	12143	4205	2013-12-12 00:00:00
V	12144	18714	2013-02-28 00:00:00
V	12145	14355	2012-04-18 00:00:00
V	12146	9170	2011-12-06 00:00:00
V	12147	2643	2014-01-18 00:00:00
V	12148	3907	2014-06-01 00:00:00
V	12149	8612	2012-12-20 00:00:00
V	12150	16689	2013-08-31 00:00:00
V	12151	3113	2013-07-06 00:00:00
V	12152	12050	2013-05-18 00:00:00
V	12153	10752	2014-06-10 00:00:00
V	12154	13001	2013-07-23 00:00:00
V	12155	18522	2012-02-29 00:00:00
V	12156	6650	2014-02-13 00:00:00
V	12157	10436	2014-01-29 00:00:00
V	12158	875	2014-03-10 00:00:00
V	12159	13364	2014-03-26 00:00:00
V	12160	13604	2012-03-19 00:00:00
V	12161	17900	2012-04-15 00:00:00
V	12162	2279	2014-05-11 00:00:00
V	12163	17683	2014-01-27 00:00:00
V	12164	8084	2014-02-10 00:00:00
V	12165	5530	2014-04-08 00:00:00
V	12166	18749	2012-02-25 00:00:00
V	12167	7553	2012-07-13 00:00:00
V	12168	10514	2014-06-16 00:00:00
V	12169	12937	2013-10-14 00:00:00
V	12170	12190	2013-11-11 00:00:00
V	12171	19113	2014-04-20 00:00:00
V	12172	8781	2013-05-30 00:00:00
V	12173	6193	2013-09-09 00:00:00
V	12174	10385	2011-09-18 00:00:00
V	12175	4144	2013-09-24 00:00:00
V	12176	2721	2013-12-12 00:00:00
V	12177	13318	2014-05-30 00:00:00
V	12178	5136	2014-04-24 00:00:00
V	12179	3369	2014-05-07 00:00:00
V	12180	16332	2012-12-24 00:00:00
V	12181	5334	2014-01-29 00:00:00
V	12182	3546	2014-06-05 00:00:00
V	12183	15019	2014-01-24 00:00:00
V	12184	6861	2013-09-19 00:00:00
V	12185	7634	2012-11-20 00:00:00
V	12186	2108	2014-01-11 00:00:00
V	12187	12040	2014-01-02 00:00:00
V	12188	10170	2014-04-24 00:00:00
V	12189	11203	2014-05-19 00:00:00
V	12190	18030	2013-09-26 00:00:00
V	12191	283	2014-01-28 00:00:00
V	12192	4147	2013-04-08 00:00:00
V	12193	3822	2013-09-03 00:00:00
V	12194	13387	2014-03-26 00:00:00
V	12195	8820	2012-02-11 00:00:00
V	12196	11426	2014-01-02 00:00:00
V	12197	2746	2013-11-09 00:00:00
V	12198	7636	2014-04-09 00:00:00
V	12199	2632	2012-04-02 00:00:00
V	12200	19196	2014-02-27 00:00:00
V	12201	15385	2014-05-02 00:00:00
V	12202	16880	2014-04-17 00:00:00
V	12203	5378	2014-01-29 00:00:00
V	12204	16366	2013-11-27 00:00:00
V	12205	1705	2011-12-04 00:00:00
V	12206	15988	2013-07-08 00:00:00
V	12207	14211	2011-06-26 00:00:00
V	12208	6953	2013-10-17 00:00:00
V	12209	4699	2014-06-02 00:00:00
V	12210	2588	2013-11-06 00:00:00
V	12211	8421	2014-04-01 00:00:00
V	12212	7692	2012-08-12 00:00:00
V	12213	5880	2014-02-18 00:00:00
V	12214	12224	2013-12-29 00:00:00
V	12215	10460	2013-08-03 00:00:00
V	12216	707	2014-02-04 00:00:00
V	12217	4085	2012-02-03 00:00:00
V	12218	13231	2013-10-24 00:00:00
V	12219	13168	2014-05-08 00:00:00
V	12220	6899	2014-04-28 00:00:00
V	12221	1863	2014-03-30 00:00:00
V	12222	12524	2011-07-05 00:00:00
V	12223	4828	2013-12-21 00:00:00
V	12224	17079	2013-08-07 00:00:00
V	12225	11718	2013-09-20 00:00:00
V	12226	10235	2014-05-05 00:00:00
V	12227	6934	2014-03-07 00:00:00
V	12228	5447	2014-05-03 00:00:00
V	12229	8202	2013-01-14 00:00:00
V	12230	9366	2011-08-21 00:00:00
V	12231	8755	2014-02-11 00:00:00
V	12232	16255	2013-07-04 00:00:00
V	12233	6479	2013-07-03 00:00:00
V	12234	19000	2014-02-18 00:00:00
V	12235	3674	2012-08-17 00:00:00
V	12236	7531	2013-08-19 00:00:00
V	12237	7130	2011-12-10 00:00:00
V	12238	18350	2014-01-13 00:00:00
V	12239	853	2013-08-10 00:00:00
V	12240	7934	2012-11-11 00:00:00
V	12241	16690	2014-03-31 00:00:00
V	12242	8108	2014-03-28 00:00:00
V	12243	7951	2013-06-09 00:00:00
V	12244	9774	2012-03-19 00:00:00
V	12245	15071	2014-01-18 00:00:00
V	12246	12561	2013-09-28 00:00:00
V	12247	16892	2012-09-22 00:00:00
V	12248	16222	2012-10-29 00:00:00
V	12249	14237	2012-12-06 00:00:00
V	12250	3671	2012-11-29 00:00:00
V	12251	7435	2014-02-05 00:00:00
V	12252	1871	2014-02-07 00:00:00
V	12253	14288	2013-07-22 00:00:00
V	12254	199	2013-11-10 00:00:00
V	12255	15635	2013-10-14 00:00:00
V	12256	12534	2013-05-15 00:00:00
V	12257	2522	2013-07-09 00:00:00
V	12258	2254	2013-07-13 00:00:00
V	12259	2235	2013-05-26 00:00:00
V	12260	18061	2012-07-16 00:00:00
V	12261	17055	2014-01-27 00:00:00
V	12262	17591	2014-05-05 00:00:00
V	12263	2110	2013-11-15 00:00:00
V	12264	4495	2013-05-28 00:00:00
V	12265	15199	2013-08-10 00:00:00
V	12266	8433	2014-01-07 00:00:00
V	12267	10611	2013-08-19 00:00:00
V	12268	6014	2013-12-30 00:00:00
V	12269	3313	2014-06-21 00:00:00
V	12270	17040	2014-05-01 00:00:00
V	12271	16589	2012-07-23 00:00:00
V	12272	11095	2014-06-06 00:00:00
V	12273	11719	2014-03-26 00:00:00
V	12274	7371	2014-01-05 00:00:00
V	12275	8432	2013-12-19 00:00:00
V	12276	8078	2013-08-01 00:00:00
V	12277	14893	2013-08-20 00:00:00
V	12278	13370	2014-04-28 00:00:00
V	12279	10857	2013-11-30 00:00:00
V	12280	17499	2012-07-25 00:00:00
V	12281	11804	2013-11-08 00:00:00
V	12282	4664	2014-05-12 00:00:00
V	12283	14365	2013-05-27 00:00:00
V	12284	14942	2013-08-26 00:00:00
V	12285	17221	2014-04-08 00:00:00
V	12286	18933	2013-07-24 00:00:00
V	12287	1569	2013-10-28 00:00:00
V	12288	16216	2014-01-02 00:00:00
V	12289	7774	2014-03-08 00:00:00
V	12290	12024	2012-03-19 00:00:00
V	12291	3967	2013-11-27 00:00:00
V	12292	16344	2012-11-08 00:00:00
V	12293	16324	2013-04-29 00:00:00
V	12294	6780	2013-11-17 00:00:00
V	12295	17350	2012-02-18 00:00:00
V	12296	7546	2014-02-10 00:00:00
V	12297	17330	2012-05-15 00:00:00
V	12298	18132	2011-10-13 00:00:00
V	12299	9670	2013-08-07 00:00:00
V	12300	9320	2013-10-15 00:00:00
V	12301	5985	2013-07-13 00:00:00
V	12302	433	2014-04-25 00:00:00
V	12303	14621	2012-07-12 00:00:00
V	12304	9969	2012-11-12 00:00:00
V	12305	7915	2014-02-23 00:00:00
V	12306	3610	2012-07-13 00:00:00
V	12307	13203	2013-08-25 00:00:00
V	12308	12892	2014-04-10 00:00:00
V	12309	2936	2013-12-17 00:00:00
V	12310	16277	2013-08-19 00:00:00
V	12311	18564	2013-11-28 00:00:00
V	12312	14013	2013-03-07 00:00:00
V	12313	7017	2013-09-03 00:00:00
V	12314	19080	2014-05-18 00:00:00
V	12315	17489	2014-03-03 00:00:00
V	12316	7500	2014-04-14 00:00:00
V	12317	7796	2012-05-03 00:00:00
V	12318	14561	2014-04-16 00:00:00
V	12319	3147	2013-10-12 00:00:00
V	12320	2031	2014-06-13 00:00:00
V	12321	3647	2013-08-05 00:00:00
V	12322	1633	2014-01-19 00:00:00
V	12323	5801	2014-01-12 00:00:00
V	12324	9270	2013-03-29 00:00:00
V	12325	5225	2014-03-05 00:00:00
V	12326	13802	2013-07-28 00:00:00
V	12327	7664	2013-12-07 00:00:00
V	12328	7592	2014-01-03 00:00:00
V	12329	5123	2013-07-04 00:00:00
V	12330	17209	2014-05-02 00:00:00
V	12331	12062	2013-09-13 00:00:00
V	12332	19208	2013-11-19 00:00:00
V	12333	10631	2012-07-11 00:00:00
V	12334	12160	2011-12-11 00:00:00
V	12335	13222	2011-07-08 00:00:00
V	12336	18367	2014-04-02 00:00:00
V	12337	4413	2013-07-03 00:00:00
V	12338	2862	2014-04-23 00:00:00
V	12339	7824	2012-09-10 00:00:00
V	12340	13201	2014-03-24 00:00:00
V	12341	6341	2013-12-11 00:00:00
V	12342	16029	2014-02-14 00:00:00
V	12343	354	2013-12-03 00:00:00
V	12344	4359	2014-03-08 00:00:00
V	12345	1867	2012-08-09 00:00:00
V	12346	5435	2013-01-19 00:00:00
V	12347	7127	2013-08-11 00:00:00
V	12348	11176	2013-08-07 00:00:00
V	12349	10812	2014-06-11 00:00:00
V	12350	7191	2013-11-22 00:00:00
V	12351	18360	2014-02-15 00:00:00
V	12352	7332	2013-01-28 00:00:00
V	12353	4278	2013-07-12 00:00:00
V	12354	10409	2013-01-12 00:00:00
V	12355	11556	2013-03-07 00:00:00
V	12356	8978	2013-10-28 00:00:00
V	12357	15176	2014-05-14 00:00:00
V	12358	6543	2014-01-20 00:00:00
V	12359	9364	2011-09-13 00:00:00
V	12360	12287	2013-01-01 00:00:00
V	12361	7857	2013-12-02 00:00:00
V	12362	17827	2014-06-26 00:00:00
V	12363	3390	2014-01-20 00:00:00
V	12364	10104	2014-04-23 00:00:00
V	12365	6033	2011-12-13 00:00:00
V	12366	4591	2014-01-03 00:00:00
V	12367	12248	2013-12-31 00:00:00
V	12368	152	2013-07-12 00:00:00
V	12369	13363	2013-11-08 00:00:00
V	12370	6167	2011-09-07 00:00:00
V	12371	6651	2011-12-22 00:00:00
V	12372	10591	2014-01-27 00:00:00
V	12373	15181	2014-01-21 00:00:00
V	12374	13241	2013-08-02 00:00:00
V	12375	13773	2012-05-28 00:00:00
V	12376	6421	2014-06-19 00:00:00
V	12377	2501	2013-09-18 00:00:00
V	12378	6444	2014-05-10 00:00:00
V	12379	8469	2013-10-23 00:00:00
V	12380	10387	2013-07-18 00:00:00
V	12381	1066	2013-12-23 00:00:00
V	12382	2909	2014-01-09 00:00:00
V	12383	16203	2014-01-23 00:00:00
V	12384	10656	2013-03-06 00:00:00
V	12385	15775	2013-05-09 00:00:00
V	12386	6041	2012-09-26 00:00:00
V	12387	11376	2013-09-24 00:00:00
V	12388	18314	2011-12-24 00:00:00
V	12389	18062	2013-10-03 00:00:00
V	12390	3769	2014-06-19 00:00:00
V	12391	7444	2013-04-25 00:00:00
V	12392	9929	2011-07-19 00:00:00
V	12393	1618	2013-04-25 00:00:00
V	12394	3339	2011-08-31 00:00:00
V	12395	6582	2013-04-06 00:00:00
V	12396	2771	2012-02-12 00:00:00
V	12397	8118	2013-07-07 00:00:00
V	12398	14420	2013-09-10 00:00:00
V	12399	3415	2013-11-22 00:00:00
V	12400	11564	2013-08-16 00:00:00
V	12401	4159	2012-04-01 00:00:00
V	12402	11563	2014-03-16 00:00:00
V	12403	4494	2013-08-22 00:00:00
V	12404	4987	2014-02-25 00:00:00
V	12405	4763	2013-05-04 00:00:00
V	12406	18720	2011-12-06 00:00:00
V	12407	16234	2012-09-16 00:00:00
V	12408	16816	2013-03-05 00:00:00
V	12409	9681	2014-04-26 00:00:00
V	12410	7711	2014-01-08 00:00:00
V	12411	3569	2014-03-31 00:00:00
V	12412	9515	2014-03-27 00:00:00
V	12413	12387	2014-05-18 00:00:00
V	12414	15248	2013-08-02 00:00:00
V	12415	17913	2014-02-26 00:00:00
V	12416	15106	2011-09-29 00:00:00
V	12417	17860	2013-12-31 00:00:00
V	12418	5664	2013-03-16 00:00:00
V	12419	14214	2014-04-09 00:00:00
V	12420	9550	2012-05-30 00:00:00
V	12421	9090	2014-04-02 00:00:00
V	12422	4070	2012-12-12 00:00:00
V	12423	703	2012-11-21 00:00:00
V	12424	11146	2013-08-11 00:00:00
V	12425	10400	2012-05-26 00:00:00
V	12426	4352	2014-02-01 00:00:00
V	12427	6153	2013-12-18 00:00:00
V	12428	14683	2013-07-07 00:00:00
V	12429	17125	2012-02-26 00:00:00
V	12430	10090	2014-03-03 00:00:00
V	12431	4696	2013-09-27 00:00:00
V	12432	12469	2013-08-28 00:00:00
V	12433	4627	2014-01-30 00:00:00
V	12434	6886	2012-05-18 00:00:00
V	12435	16614	2013-08-15 00:00:00
V	12436	19005	2013-12-20 00:00:00
V	12437	2164	2012-03-02 00:00:00
V	12438	5807	2013-08-07 00:00:00
V	12439	16398	2014-03-19 00:00:00
V	12440	8807	2014-05-19 00:00:00
V	12441	12794	2014-03-16 00:00:00
V	12442	3577	2013-09-22 00:00:00
V	12443	8576	2014-01-04 00:00:00
V	12444	8336	2011-11-17 00:00:00
V	12445	8722	2013-08-29 00:00:00
V	12446	11314	2011-06-15 00:00:00
V	12447	11789	2013-09-06 00:00:00
V	12448	9262	2013-08-18 00:00:00
V	12449	12257	2014-02-24 00:00:00
V	12450	840	2013-05-06 00:00:00
V	12451	11047	2014-01-04 00:00:00
V	12452	18975	2013-07-27 00:00:00
V	12453	5741	2013-10-01 00:00:00
V	12454	14974	2013-10-20 00:00:00
V	12455	16316	2014-03-02 00:00:00
V	12456	6802	2013-09-10 00:00:00
V	12457	9880	2013-10-23 00:00:00
V	12458	16515	2014-05-06 00:00:00
V	12459	11898	2013-11-04 00:00:00
V	12460	3275	2013-08-06 00:00:00
V	12461	14084	2014-03-21 00:00:00
V	12462	11690	2013-11-19 00:00:00
V	12463	6900	2013-09-20 00:00:00
V	12464	8363	2014-05-30 00:00:00
V	12465	3550	2014-01-18 00:00:00
V	12466	18334	2014-04-05 00:00:00
V	12467	6938	2011-08-02 00:00:00
V	12468	10943	2011-12-02 00:00:00
V	12469	1507	2014-04-03 00:00:00
V	12470	5013	2014-05-02 00:00:00
V	12471	8600	2011-11-04 00:00:00
V	12472	10934	2012-01-11 00:00:00
V	12473	6332	2012-04-04 00:00:00
V	12474	14475	2013-08-02 00:00:00
V	12475	15134	2012-03-18 00:00:00
V	12476	19209	2013-10-23 00:00:00
V	12477	102	2013-12-05 00:00:00
V	12478	13688	2011-12-22 00:00:00
V	12479	11776	2014-04-18 00:00:00
V	12480	6558	2014-05-05 00:00:00
V	12481	15260	2013-12-01 00:00:00
V	12482	1356	2012-05-20 00:00:00
V	12483	2328	2012-02-28 00:00:00
V	12484	19041	2012-07-25 00:00:00
V	12485	10028	2014-02-02 00:00:00
V	12486	2646	2013-09-20 00:00:00
V	12487	7063	2013-03-07 00:00:00
V	12488	14465	2013-04-03 00:00:00
V	12489	14714	2014-02-23 00:00:00
V	12490	6473	2014-03-01 00:00:00
V	12491	16804	2014-02-26 00:00:00
V	12492	4148	2013-09-10 00:00:00
V	12493	914	2012-10-31 00:00:00
V	12494	10740	2013-10-22 00:00:00
V	12495	12758	2013-12-15 00:00:00
V	12496	11808	2012-07-29 00:00:00
V	12497	15550	2013-11-16 00:00:00
V	12498	14704	2014-03-04 00:00:00
V	12499	9651	2014-01-13 00:00:00
V	12500	681	2013-12-09 00:00:00
V	12501	6831	2013-08-02 00:00:00
V	12502	13400	2013-01-10 00:00:00
V	12503	18952	2014-05-31 00:00:00
V	12504	13747	2012-08-22 00:00:00
V	12505	11506	2014-03-02 00:00:00
V	12506	10971	2014-05-12 00:00:00
V	12507	12054	2013-03-10 00:00:00
V	12508	89	2013-04-18 00:00:00
V	12509	529	2011-08-22 00:00:00
V	12510	5494	2012-06-15 00:00:00
V	12511	2227	2013-08-23 00:00:00
V	12512	14119	2012-10-23 00:00:00
V	12513	12159	2013-10-19 00:00:00
V	12514	5827	2014-06-17 00:00:00
V	12515	18748	2013-01-24 00:00:00
V	12516	16307	2013-04-29 00:00:00
V	12517	5002	2014-03-03 00:00:00
V	12518	8899	2012-11-26 00:00:00
V	12519	712	2013-11-26 00:00:00
V	12520	17587	2013-02-28 00:00:00
V	12521	15913	2013-09-11 00:00:00
V	12522	11353	2011-07-19 00:00:00
V	12523	17328	2014-03-04 00:00:00
V	12524	18664	2014-03-30 00:00:00
V	12525	15270	2013-12-03 00:00:00
V	12526	14162	2013-07-10 00:00:00
V	12527	11288	2013-12-26 00:00:00
V	12528	943	2013-10-11 00:00:00
V	12529	13119	2013-07-23 00:00:00
V	12530	3731	2013-11-09 00:00:00
V	12531	19179	2013-10-05 00:00:00
V	12532	16322	2012-10-30 00:00:00
V	12533	17509	2013-11-19 00:00:00
V	12534	9532	2013-12-13 00:00:00
V	12535	629	2014-03-26 00:00:00
V	12536	10031	2014-03-23 00:00:00
V	12537	11882	2013-01-09 00:00:00
V	12538	16399	2014-03-10 00:00:00
V	12539	5457	2012-10-09 00:00:00
V	12540	1839	2013-08-21 00:00:00
V	12541	4488	2013-10-21 00:00:00
V	12542	8631	2013-09-01 00:00:00
V	12543	5676	2013-08-20 00:00:00
V	12544	11343	2012-10-06 00:00:00
V	12545	8626	2014-03-29 00:00:00
V	12546	7947	2012-09-11 00:00:00
V	12547	8773	2014-04-06 00:00:00
V	12548	5081	2014-03-05 00:00:00
V	12549	17680	2013-07-04 00:00:00
V	12550	97	2014-05-02 00:00:00
V	12551	3467	2013-11-24 00:00:00
V	12552	8868	2013-08-25 00:00:00
V	12553	6329	2013-12-30 00:00:00
V	12554	5903	2013-09-15 00:00:00
V	12555	13992	2014-03-23 00:00:00
V	12556	18399	2014-03-13 00:00:00
V	12557	16007	2011-10-07 00:00:00
V	12558	501	2013-12-24 00:00:00
V	12559	9001	2013-09-06 00:00:00
V	12560	1511	2013-08-09 00:00:00
V	12561	8675	2014-02-15 00:00:00
V	12562	6049	2014-03-12 00:00:00
V	12563	3168	2011-12-22 00:00:00
V	12564	16935	2012-09-22 00:00:00
V	12565	10882	2011-06-08 00:00:00
V	12566	6270	2013-12-22 00:00:00
V	12567	9189	2013-01-01 00:00:00
V	12568	9106	2014-05-27 00:00:00
V	12569	5475	2013-07-24 00:00:00
V	12570	7310	2013-02-18 00:00:00
V	12571	11350	2013-01-02 00:00:00
V	12572	5590	2013-02-23 00:00:00
V	12573	14944	2013-12-20 00:00:00
V	12574	11194	2012-09-05 00:00:00
V	12575	10862	2013-04-09 00:00:00
V	12576	15941	2013-03-23 00:00:00
V	12577	7986	2013-04-01 00:00:00
V	12578	8629	2013-08-12 00:00:00
V	12579	185	2014-03-04 00:00:00
V	12580	276	2013-11-21 00:00:00
V	12581	16584	2014-01-27 00:00:00
V	12582	16759	2011-12-26 00:00:00
V	12583	10260	2013-09-14 00:00:00
V	12584	4344	2012-10-24 00:00:00
V	12585	8361	2014-05-02 00:00:00
V	12586	13750	2013-05-13 00:00:00
V	12587	16934	2011-06-18 00:00:00
V	12588	5395	2013-04-11 00:00:00
V	12589	754	2014-01-15 00:00:00
V	12590	16923	2013-11-18 00:00:00
V	12591	2572	2013-08-03 00:00:00
V	12592	5076	2013-10-29 00:00:00
V	12593	18533	2013-10-14 00:00:00
V	12594	11509	2013-10-31 00:00:00
V	12595	12699	2013-11-24 00:00:00
V	12596	4550	2013-10-02 00:00:00
V	12597	5678	2012-03-10 00:00:00
V	12598	4927	2011-11-02 00:00:00
V	12599	10240	2012-04-17 00:00:00
V	12600	441	2012-11-14 00:00:00
V	12601	15411	2012-01-05 00:00:00
V	12602	16496	2013-07-06 00:00:00
V	12603	8601	2013-12-25 00:00:00
V	12604	15750	2014-02-10 00:00:00
V	12605	19081	2013-10-17 00:00:00
V	12606	2291	2014-05-14 00:00:00
V	12607	17026	2013-11-07 00:00:00
V	12608	1998	2014-03-20 00:00:00
V	12609	1769	2014-03-05 00:00:00
V	12610	6385	2014-05-31 00:00:00
V	12611	9018	2013-12-10 00:00:00
V	12612	11018	2014-04-15 00:00:00
V	12613	5593	2014-06-28 00:00:00
V	12614	8754	2014-03-12 00:00:00
V	12615	14165	2014-03-03 00:00:00
V	12616	2536	2014-05-22 00:00:00
V	12617	16931	2014-03-03 00:00:00
V	12618	13995	2012-04-15 00:00:00
V	12619	2918	2013-12-07 00:00:00
V	12620	3421	2012-05-19 00:00:00
V	12621	1251	2012-10-09 00:00:00
V	12622	5264	2013-09-28 00:00:00
V	12623	16762	2013-07-25 00:00:00
V	12624	12608	2013-09-29 00:00:00
V	12625	1585	2013-11-04 00:00:00
V	12626	17795	2011-08-16 00:00:00
V	12627	14770	2014-02-12 00:00:00
V	12628	8174	2014-05-29 00:00:00
V	12629	12612	2014-02-21 00:00:00
V	12630	9776	2013-09-18 00:00:00
V	12631	7637	2013-09-21 00:00:00
V	12632	15978	2013-12-27 00:00:00
V	12633	1467	2013-12-07 00:00:00
V	12634	818	2014-02-13 00:00:00
V	12635	16184	2012-12-22 00:00:00
V	12636	16323	2012-04-03 00:00:00
V	12637	11770	2013-07-03 00:00:00
V	12638	18476	2013-11-27 00:00:00
V	12639	7295	2011-08-22 00:00:00
V	12640	2066	2013-01-07 00:00:00
V	12641	6455	2013-07-15 00:00:00
V	12642	4057	2013-12-05 00:00:00
V	12643	12392	2012-05-29 00:00:00
V	12644	5180	2014-04-25 00:00:00
V	12645	12649	2013-11-05 00:00:00
V	12646	266	2012-06-14 00:00:00
V	12647	4919	2014-02-19 00:00:00
V	12648	11177	2014-03-25 00:00:00
V	12649	1008	2013-11-10 00:00:00
V	12650	14404	2014-01-20 00:00:00
V	12651	16882	2012-03-25 00:00:00
V	12652	6877	2013-05-17 00:00:00
V	12653	14994	2014-04-16 00:00:00
V	12654	3616	2012-08-24 00:00:00
V	12655	5201	2011-12-21 00:00:00
V	12656	13275	2012-08-19 00:00:00
V	12657	12454	2014-01-18 00:00:00
V	12658	11648	2013-09-30 00:00:00
V	12659	8183	2012-02-03 00:00:00
V	12660	561	2011-12-24 00:00:00
V	12661	1070	2013-07-26 00:00:00
V	12662	16085	2012-03-30 00:00:00
V	12663	18176	2011-11-08 00:00:00
V	12664	234	2013-09-29 00:00:00
V	12665	15489	2013-07-17 00:00:00
V	12666	8093	2014-05-24 00:00:00
V	12667	11644	2014-06-21 00:00:00
V	12668	12377	2013-12-30 00:00:00
V	12669	18053	2013-12-31 00:00:00
V	12670	6478	2013-12-02 00:00:00
V	12671	14703	2014-03-05 00:00:00
V	12672	10533	2012-12-26 00:00:00
V	12673	10718	2014-05-01 00:00:00
V	12674	15279	2013-10-09 00:00:00
V	12675	2511	2013-02-14 00:00:00
V	12676	2723	2014-06-14 00:00:00
V	12677	5166	2013-11-21 00:00:00
V	12678	16697	2014-02-28 00:00:00
V	12679	10030	2012-11-13 00:00:00
V	12680	12832	2012-12-25 00:00:00
V	12681	17931	2012-05-26 00:00:00
V	12682	1950	2013-10-31 00:00:00
V	12683	12109	2014-04-06 00:00:00
V	12684	3877	2014-04-01 00:00:00
V	12685	4130	2013-08-30 00:00:00
V	12686	9520	2012-05-11 00:00:00
V	12687	15903	2013-11-15 00:00:00
V	12688	5449	2013-08-10 00:00:00
V	12689	12557	2013-10-08 00:00:00
V	12690	10793	2012-10-19 00:00:00
V	12691	5512	2013-02-04 00:00:00
V	12692	6648	2012-11-26 00:00:00
V	12693	15040	2014-05-26 00:00:00
V	12694	2799	2014-05-07 00:00:00
V	12695	13441	2014-02-10 00:00:00
V	12696	11643	2014-01-27 00:00:00
V	12697	8691	2013-08-23 00:00:00
V	12698	2750	2014-05-06 00:00:00
V	12699	6870	2014-04-03 00:00:00
V	12700	3609	2014-03-16 00:00:00
V	12701	18691	2013-07-10 00:00:00
V	12702	7076	2013-07-30 00:00:00
V	12703	2826	2013-07-30 00:00:00
V	12704	442	2013-01-01 00:00:00
V	12705	18905	2013-08-25 00:00:00
V	12706	2500	2014-04-10 00:00:00
V	12707	14315	2013-11-22 00:00:00
V	12708	10661	2011-12-30 00:00:00
V	12709	12682	2012-11-06 00:00:00
V	12710	1543	2014-02-11 00:00:00
V	12711	7047	2014-05-20 00:00:00
V	12712	11398	2011-11-02 00:00:00
V	12713	12129	2014-05-16 00:00:00
V	12714	7689	2013-05-07 00:00:00
V	12715	14614	2011-06-14 00:00:00
V	12716	7054	2014-01-01 00:00:00
V	12717	2683	2013-10-14 00:00:00
V	12718	17115	2013-09-19 00:00:00
V	12719	6851	2013-08-16 00:00:00
V	12720	6390	2013-08-10 00:00:00
V	12721	10561	2013-09-11 00:00:00
V	12722	10148	2013-11-08 00:00:00
V	12723	8974	2012-01-26 00:00:00
V	12724	14888	2014-02-07 00:00:00
V	12725	8574	2013-10-16 00:00:00
V	12726	9172	2013-07-24 00:00:00
V	12727	11706	2013-08-12 00:00:00
V	12728	18509	2013-09-03 00:00:00
V	12729	5526	2013-10-20 00:00:00
V	12730	1073	2014-02-09 00:00:00
V	12731	14940	2014-01-11 00:00:00
V	12732	13436	2014-02-27 00:00:00
V	12733	14460	2012-04-25 00:00:00
V	12734	14359	2014-02-04 00:00:00
V	12735	9844	2012-06-25 00:00:00
V	12736	9493	2012-11-04 00:00:00
V	12737	6140	2013-09-25 00:00:00
V	12738	1038	2013-07-20 00:00:00
V	12739	16645	2013-09-04 00:00:00
V	12740	7473	2012-07-15 00:00:00
V	12741	1964	2014-05-19 00:00:00
V	12742	14400	2013-10-05 00:00:00
V	12743	10851	2012-07-20 00:00:00
V	12744	7487	2014-01-29 00:00:00
V	12745	9494	2013-09-22 00:00:00
V	12746	17011	2013-12-09 00:00:00
V	12747	8454	2013-08-21 00:00:00
V	12748	3566	2013-05-12 00:00:00
V	12749	2864	2014-05-10 00:00:00
V	12750	6857	2013-11-23 00:00:00
V	12751	16105	2011-07-15 00:00:00
V	12752	14170	2013-09-01 00:00:00
V	12753	16167	2014-05-14 00:00:00
V	12754	18626	2011-09-26 00:00:00
V	12755	8250	2013-09-09 00:00:00
V	12756	17290	2013-10-14 00:00:00
V	12757	16597	2013-01-03 00:00:00
V	12758	11598	2013-08-29 00:00:00
V	12759	8777	2012-10-02 00:00:00
V	12760	15230	2013-04-20 00:00:00
V	12761	3957	2011-08-21 00:00:00
V	12762	4877	2013-02-01 00:00:00
V	12763	7514	2014-02-07 00:00:00
V	12764	18989	2013-11-25 00:00:00
V	12765	9782	2013-12-21 00:00:00
V	12766	18950	2013-07-03 00:00:00
V	12767	2107	2014-01-18 00:00:00
V	12768	18559	2013-03-23 00:00:00
V	12769	5411	2013-10-19 00:00:00
V	12770	7324	2014-04-11 00:00:00
V	12771	16610	2013-02-26 00:00:00
V	12772	13934	2011-11-07 00:00:00
V	12773	10749	2014-03-01 00:00:00
V	12774	7691	2014-01-16 00:00:00
V	12775	4619	2011-08-30 00:00:00
V	12776	14267	2013-04-01 00:00:00
V	12777	14807	2014-06-07 00:00:00
V	12778	8359	2014-04-26 00:00:00
V	12779	14782	2013-09-16 00:00:00
V	12780	5607	2014-02-03 00:00:00
V	12781	8283	2013-11-05 00:00:00
V	12782	16867	2014-05-09 00:00:00
V	12783	963	2014-03-07 00:00:00
V	12784	11088	2014-05-20 00:00:00
V	12785	10503	2013-08-20 00:00:00
V	12786	18105	2013-10-28 00:00:00
V	12787	7401	2013-11-20 00:00:00
V	12788	18706	2014-05-07 00:00:00
V	12789	13028	2013-04-17 00:00:00
V	12790	4475	2013-08-14 00:00:00
V	12791	10327	2014-01-22 00:00:00
V	12792	5432	2013-09-06 00:00:00
V	12793	15878	2013-09-16 00:00:00
V	12794	13111	2013-03-15 00:00:00
V	12795	4388	2014-06-11 00:00:00
V	12796	627	2013-04-26 00:00:00
V	12797	6213	2011-06-03 00:00:00
V	12798	8069	2012-04-16 00:00:00
V	12799	9069	2013-07-31 00:00:00
V	12800	10647	2013-08-17 00:00:00
V	12801	2574	2011-06-21 00:00:00
V	12802	460	2013-11-11 00:00:00
V	12803	16392	2013-07-03 00:00:00
V	12804	16335	2014-01-08 00:00:00
V	12805	12884	2014-01-11 00:00:00
V	12806	8339	2012-11-12 00:00:00
V	12807	13690	2013-10-04 00:00:00
V	12808	7464	2013-11-02 00:00:00
V	12809	5095	2013-12-13 00:00:00
V	12810	15543	2014-05-11 00:00:00
V	12811	14721	2014-02-19 00:00:00
V	12812	3909	2012-08-16 00:00:00
V	12813	3119	2013-12-28 00:00:00
V	12814	2246	2013-04-23 00:00:00
V	12815	16258	2013-01-03 00:00:00
V	12816	7554	2013-11-12 00:00:00
V	12817	1725	2014-05-13 00:00:00
V	12818	17166	2013-10-08 00:00:00
V	12819	13426	2013-08-01 00:00:00
V	12820	5284	2011-07-11 00:00:00
V	12821	13555	2012-08-31 00:00:00
V	12822	14314	2013-08-16 00:00:00
V	12823	11427	2013-12-25 00:00:00
V	12824	1480	2013-10-07 00:00:00
V	12825	5737	2013-08-10 00:00:00
V	12826	16146	2014-02-15 00:00:00
V	12827	14734	2014-02-26 00:00:00
V	12828	5856	2013-03-29 00:00:00
V	12829	6351	2014-05-03 00:00:00
V	12830	340	2013-08-04 00:00:00
V	12831	10742	2014-05-19 00:00:00
V	12832	14959	2014-05-05 00:00:00
V	12833	16041	2012-06-04 00:00:00
V	12834	12799	2013-07-04 00:00:00
V	12835	3386	2012-05-25 00:00:00
V	12836	11308	2014-06-15 00:00:00
V	12837	2598	2012-03-14 00:00:00
V	12838	1401	2012-08-12 00:00:00
V	12839	18620	2013-11-27 00:00:00
V	12840	10747	2013-07-04 00:00:00
V	12841	13127	2012-05-04 00:00:00
V	12842	3320	2014-01-18 00:00:00
V	12843	6104	2013-09-24 00:00:00
V	12844	8909	2013-07-10 00:00:00
V	12845	3854	2012-02-15 00:00:00
V	12846	3295	2012-01-07 00:00:00
V	12847	2348	2014-05-18 00:00:00
V	12848	1907	2012-02-19 00:00:00
V	12849	7109	2014-03-21 00:00:00
V	12850	2086	2012-06-14 00:00:00
V	12851	10853	2013-10-25 00:00:00
V	12852	3784	2014-05-01 00:00:00
V	12853	5377	2013-07-15 00:00:00
V	12854	15095	2012-05-23 00:00:00
V	12855	2212	2013-10-20 00:00:00
V	12856	9940	2013-08-12 00:00:00
V	12857	18709	2013-08-11 00:00:00
V	12858	16438	2013-07-03 00:00:00
V	12859	8441	2013-02-01 00:00:00
V	12860	11740	2013-09-20 00:00:00
V	12861	10303	2012-05-21 00:00:00
V	12862	19219	2013-11-10 00:00:00
V	12863	877	2012-04-13 00:00:00
V	12864	13811	2014-03-07 00:00:00
V	12865	14686	2014-04-17 00:00:00
V	12866	12737	2013-08-22 00:00:00
V	12867	11035	2013-09-04 00:00:00
V	12868	9709	2014-01-11 00:00:00
V	12869	1085	2011-06-26 00:00:00
V	12870	19230	2014-01-26 00:00:00
V	12871	14611	2012-12-10 00:00:00
V	12872	14796	2013-11-19 00:00:00
V	12873	8375	2013-02-04 00:00:00
V	12874	16679	2014-02-25 00:00:00
V	12875	4229	2014-03-16 00:00:00
V	12876	5187	2013-09-24 00:00:00
V	12877	7920	2012-09-09 00:00:00
V	12878	13737	2014-06-29 00:00:00
V	12879	2949	2013-12-07 00:00:00
V	12880	13143	2011-06-21 00:00:00
V	12881	13479	2013-09-20 00:00:00
V	12882	9848	2013-11-10 00:00:00
V	12883	17872	2013-10-27 00:00:00
V	12884	4223	2013-12-09 00:00:00
V	12885	4876	2013-09-02 00:00:00
V	12886	5859	2013-10-30 00:00:00
V	12887	6013	2013-12-14 00:00:00
V	12888	1801	2013-11-16 00:00:00
V	12889	4840	2013-01-12 00:00:00
V	12890	11439	2013-11-11 00:00:00
V	12891	6481	2014-02-16 00:00:00
V	12892	10130	2014-04-03 00:00:00
V	12893	4328	2013-08-22 00:00:00
V	12894	16561	2014-05-08 00:00:00
V	12895	10288	2014-01-30 00:00:00
V	12896	4425	2012-02-15 00:00:00
V	12897	9767	2013-10-16 00:00:00
V	12898	16327	2012-04-19 00:00:00
V	12899	18752	2013-07-24 00:00:00
V	12900	13100	2013-10-11 00:00:00
V	12901	9665	2013-08-16 00:00:00
V	12902	11570	2012-02-12 00:00:00
V	12903	11800	2011-11-01 00:00:00
V	12904	8739	2012-09-21 00:00:00
V	12905	10251	2011-08-27 00:00:00
V	12906	7841	2014-04-03 00:00:00
V	12907	12485	2014-01-30 00:00:00
V	12908	12119	2013-09-07 00:00:00
V	12909	4293	2012-04-09 00:00:00
V	12910	1461	2013-04-29 00:00:00
V	12911	2284	2012-03-17 00:00:00
V	12912	13459	2013-08-29 00:00:00
V	12913	2732	2013-09-09 00:00:00
V	12914	5433	2013-11-07 00:00:00
V	12915	8602	2013-09-06 00:00:00
V	12916	8109	2013-07-07 00:00:00
V	12917	14571	2014-03-08 00:00:00
V	12918	4155	2014-05-06 00:00:00
V	12919	16020	2014-04-01 00:00:00
V	12920	3625	2012-06-25 00:00:00
V	12921	4308	2013-09-07 00:00:00
V	12922	635	2013-10-23 00:00:00
V	12923	8431	2012-10-19 00:00:00
V	12924	7081	2012-09-28 00:00:00
V	12925	16894	2012-09-27 00:00:00
V	12926	11228	2012-09-11 00:00:00
V	12927	12497	2013-07-24 00:00:00
V	12928	8816	2011-07-06 00:00:00
V	12929	5080	2013-03-17 00:00:00
V	12930	15929	2013-10-10 00:00:00
V	12931	12060	2011-08-21 00:00:00
V	12932	8778	2013-08-01 00:00:00
V	12933	651	2013-10-26 00:00:00
V	12934	6716	2012-03-27 00:00:00
V	12935	12480	2013-08-14 00:00:00
V	12936	5257	2014-06-03 00:00:00
V	12937	16102	2013-09-28 00:00:00
V	12938	14745	2013-05-08 00:00:00
V	12939	10194	2013-12-06 00:00:00
V	12940	18890	2013-10-07 00:00:00
V	12941	16785	2013-12-22 00:00:00
V	12942	17789	2013-09-09 00:00:00
V	12943	17402	2014-03-14 00:00:00
V	12944	3445	2012-02-21 00:00:00
V	12945	1409	2012-11-11 00:00:00
V	12946	8764	2012-07-07 00:00:00
V	12947	13053	2013-10-23 00:00:00
V	12948	12958	2013-08-25 00:00:00
V	12949	13648	2012-03-10 00:00:00
V	12950	14985	2014-06-07 00:00:00
V	12951	9451	2014-06-15 00:00:00
V	12952	6553	2014-04-04 00:00:00
V	12953	18106	2014-04-18 00:00:00
V	12954	18085	2013-07-11 00:00:00
V	12955	15464	2013-04-21 00:00:00
V	12956	14766	2014-02-11 00:00:00
V	12957	5730	2014-06-05 00:00:00
V	12958	4906	2014-02-05 00:00:00
V	12959	9786	2013-11-08 00:00:00
V	12960	14180	2012-06-16 00:00:00
V	12961	1555	2013-03-25 00:00:00
V	12962	11092	2013-04-17 00:00:00
V	12963	506	2014-01-25 00:00:00
V	12964	18678	2013-09-23 00:00:00
V	12965	17773	2013-03-10 00:00:00
V	12966	8537	2013-01-29 00:00:00
V	12967	16042	2012-06-30 00:00:00
V	12968	6204	2014-02-25 00:00:00
V	12969	4247	2014-02-25 00:00:00
V	12970	15697	2012-11-27 00:00:00
V	12971	12751	2012-09-13 00:00:00
V	12972	7329	2013-11-06 00:00:00
V	12973	428	2014-01-01 00:00:00
V	12974	5534	2013-01-18 00:00:00
V	12975	12349	2014-03-18 00:00:00
V	12976	10231	2012-07-07 00:00:00
V	12977	67	2013-10-27 00:00:00
V	12978	4695	2013-10-15 00:00:00
V	12979	12924	2012-11-05 00:00:00
V	12980	128	2014-05-25 00:00:00
V	12981	12462	2014-05-22 00:00:00
V	12982	18212	2012-07-23 00:00:00
V	12983	17967	2012-01-08 00:00:00
V	12984	13249	2014-02-26 00:00:00
V	12985	17422	2013-11-01 00:00:00
V	12986	12366	2013-10-15 00:00:00
V	12987	14584	2011-11-24 00:00:00
V	12988	9226	2014-01-19 00:00:00
V	12989	1715	2012-03-04 00:00:00
V	12990	3912	2012-03-15 00:00:00
V	12991	18739	2014-04-18 00:00:00
V	12992	2719	2013-01-14 00:00:00
V	12993	17418	2014-06-15 00:00:00
V	12994	14492	2012-11-11 00:00:00
V	12995	16846	2012-10-30 00:00:00
V	12996	5987	2013-09-05 00:00:00
V	12997	6485	2014-03-16 00:00:00
V	12998	924	2012-08-22 00:00:00
V	12999	14631	2014-03-17 00:00:00
V	13000	14009	2014-04-10 00:00:00
V	13001	573	2013-08-03 00:00:00
V	13002	4582	2011-08-09 00:00:00
V	13003	3331	2013-07-20 00:00:00
V	13004	3865	2014-05-28 00:00:00
V	13005	16903	2014-01-30 00:00:00
V	13006	3189	2013-09-13 00:00:00
V	13007	17475	2013-09-28 00:00:00
V	13008	11864	2013-11-30 00:00:00
V	13009	2673	2014-04-26 00:00:00
V	13010	12477	2013-03-24 00:00:00
V	13011	8262	2014-03-11 00:00:00
V	13012	1391	2012-11-28 00:00:00
V	13013	6420	2013-10-06 00:00:00
V	13014	11723	2013-12-17 00:00:00
V	13015	12802	2013-11-22 00:00:00
V	13016	16162	2014-05-05 00:00:00
V	13017	6243	2013-09-08 00:00:00
V	13018	18163	2013-12-17 00:00:00
V	13019	3474	2014-02-26 00:00:00
V	13020	3443	2014-03-18 00:00:00
V	13021	3346	2012-03-22 00:00:00
V	13022	5744	2011-08-16 00:00:00
V	13023	2778	2013-07-09 00:00:00
V	13024	16664	2013-04-07 00:00:00
V	13025	12702	2013-11-20 00:00:00
V	13026	4836	2014-05-03 00:00:00
V	13027	7296	2014-06-06 00:00:00
V	13028	12652	2013-10-05 00:00:00
V	13029	3796	2014-02-16 00:00:00
V	13030	5402	2013-11-09 00:00:00
V	13031	6320	2013-10-22 00:00:00
V	13032	1591	2011-09-08 00:00:00
V	13033	19020	2013-01-03 00:00:00
V	13034	2120	2013-12-23 00:00:00
V	13035	6125	2014-05-09 00:00:00
V	13036	7537	2013-09-02 00:00:00
V	13037	16077	2014-04-21 00:00:00
V	13038	3221	2013-12-24 00:00:00
V	13039	8207	2013-08-29 00:00:00
V	13040	18001	2014-02-17 00:00:00
V	13041	16831	2014-05-17 00:00:00
V	13042	17494	2013-07-15 00:00:00
V	13043	87	2012-03-03 00:00:00
V	13044	7145	2013-10-22 00:00:00
V	13045	10082	2013-08-03 00:00:00
V	13046	13122	2014-02-10 00:00:00
V	13047	9504	2013-07-09 00:00:00
V	13048	5362	2013-02-10 00:00:00
V	13049	9672	2014-03-16 00:00:00
V	13050	1668	2012-11-29 00:00:00
V	13051	6628	2012-09-12 00:00:00
V	13052	10721	2013-09-07 00:00:00
V	13053	6210	2013-05-09 00:00:00
V	13054	10037	2012-01-20 00:00:00
V	13055	9888	2013-08-03 00:00:00
V	13056	1190	2012-06-15 00:00:00
V	13057	17198	2014-03-29 00:00:00
V	13058	1649	2013-08-04 00:00:00
V	13059	18657	2013-09-26 00:00:00
V	13060	17739	2014-01-08 00:00:00
V	13061	6053	2013-10-07 00:00:00
V	13062	8606	2014-06-03 00:00:00
V	13063	6813	2014-02-25 00:00:00
V	13064	9952	2013-09-14 00:00:00
V	13065	16906	2011-12-17 00:00:00
V	13066	13511	2014-01-16 00:00:00
V	13067	15884	2014-04-29 00:00:00
V	13068	8767	2013-10-23 00:00:00
V	13069	5043	2013-10-20 00:00:00
V	13070	5373	2014-02-26 00:00:00
V	13071	10457	2014-04-18 00:00:00
V	13072	18610	2013-11-11 00:00:00
V	13073	14516	2014-02-17 00:00:00
V	13074	17740	2014-03-20 00:00:00
V	13075	9101	2013-06-14 00:00:00
V	13076	11950	2011-06-05 00:00:00
V	13077	9891	2014-01-02 00:00:00
V	13078	9155	2014-04-11 00:00:00
V	13079	10477	2013-12-08 00:00:00
V	13080	338	2014-05-05 00:00:00
V	13081	1718	2014-05-10 00:00:00
V	13082	3847	2013-08-14 00:00:00
V	13083	9905	2014-03-28 00:00:00
V	13084	10827	2011-12-14 00:00:00
V	13085	14835	2013-04-10 00:00:00
V	13086	4977	2011-09-09 00:00:00
V	13087	12726	2012-02-21 00:00:00
V	13088	17458	2011-10-11 00:00:00
V	13089	12542	2013-10-20 00:00:00
V	13090	2446	2011-12-31 00:00:00
V	13091	14587	2013-09-07 00:00:00
V	13092	8994	2014-04-27 00:00:00
V	13093	4452	2013-11-04 00:00:00
V	13094	6189	2013-09-07 00:00:00
V	13095	14059	2013-11-12 00:00:00
V	13096	6203	2014-02-10 00:00:00
V	13097	3163	2014-03-11 00:00:00
V	13098	7336	2013-07-03 00:00:00
V	13099	17496	2013-11-02 00:00:00
V	13100	13643	2013-10-06 00:00:00
V	13101	17086	2014-04-14 00:00:00
V	13102	5917	2011-11-18 00:00:00
V	13103	14671	2013-09-24 00:00:00
V	13104	1739	2013-11-29 00:00:00
V	13105	2372	2014-06-03 00:00:00
V	13106	9317	2014-04-23 00:00:00
V	13107	1510	2013-08-17 00:00:00
V	13108	6844	2013-07-31 00:00:00
V	13109	19106	2012-02-01 00:00:00
V	13110	9307	2014-01-19 00:00:00
V	13111	5421	2013-12-21 00:00:00
V	13112	12710	2014-02-20 00:00:00
V	13113	11352	2014-02-12 00:00:00
V	13114	18488	2012-09-28 00:00:00
V	13115	16269	2013-09-09 00:00:00
V	13116	10506	2014-04-09 00:00:00
V	13117	12641	2012-03-23 00:00:00
V	13118	10076	2013-05-01 00:00:00
V	13119	10965	2014-05-25 00:00:00
V	13120	122	2014-06-11 00:00:00
V	13121	4273	2014-05-30 00:00:00
V	13122	9516	2013-10-04 00:00:00
V	13123	2475	2012-09-12 00:00:00
V	13124	9488	2013-03-25 00:00:00
V	13125	13721	2013-07-16 00:00:00
V	13126	9477	2014-06-22 00:00:00
V	13127	2186	2014-03-27 00:00:00
V	13128	13631	2012-04-26 00:00:00
V	13129	2225	2013-10-22 00:00:00
V	13130	15061	2012-08-30 00:00:00
V	13131	8136	2012-06-11 00:00:00
V	13132	7402	2014-01-10 00:00:00
V	13133	2993	2013-07-24 00:00:00
V	13134	8794	2014-04-01 00:00:00
V	13135	6445	2014-06-18 00:00:00
V	13136	9590	2014-01-10 00:00:00
V	13137	18185	2013-08-27 00:00:00
V	13138	4399	2012-02-05 00:00:00
V	13139	13050	2014-04-12 00:00:00
V	13140	5103	2014-04-28 00:00:00
V	13141	2444	2014-04-20 00:00:00
V	13142	4821	2012-11-18 00:00:00
V	13143	3979	2011-09-15 00:00:00
V	13144	16440	2011-11-06 00:00:00
V	13145	10667	2013-10-23 00:00:00
V	13146	15478	2011-12-19 00:00:00
V	13147	12209	2014-01-27 00:00:00
V	13148	4594	2013-11-20 00:00:00
V	13149	18006	2013-12-15 00:00:00
V	13150	1420	2013-08-18 00:00:00
V	13151	5961	2013-11-01 00:00:00
V	13152	3825	2014-04-19 00:00:00
V	13153	17234	2013-09-09 00:00:00
V	13154	18340	2011-07-24 00:00:00
V	13155	11778	2014-04-29 00:00:00
V	13156	14218	2013-02-14 00:00:00
V	13157	634	2014-04-22 00:00:00
V	13158	10581	2014-04-28 00:00:00
V	13159	4005	2014-03-12 00:00:00
V	13160	9077	2013-11-30 00:00:00
V	13161	418	2011-12-29 00:00:00
V	13162	17700	2013-10-10 00:00:00
V	13163	11281	2013-12-15 00:00:00
V	13164	4485	2013-07-08 00:00:00
V	13165	3732	2012-09-21 00:00:00
V	13166	9530	2014-06-27 00:00:00
V	13167	12547	2013-10-21 00:00:00
V	13168	12548	2013-09-04 00:00:00
V	13169	10096	2013-01-07 00:00:00
V	13170	10088	2014-04-14 00:00:00
V	13171	3310	2013-09-23 00:00:00
V	13172	17862	2014-05-21 00:00:00
V	13173	8371	2012-02-06 00:00:00
V	13174	838	2014-03-23 00:00:00
V	13175	2065	2012-11-13 00:00:00
V	13176	11838	2011-08-08 00:00:00
V	13177	12552	2013-01-29 00:00:00
V	13178	12341	2013-03-28 00:00:00
V	13179	16460	2013-08-15 00:00:00
V	13180	16901	2013-12-13 00:00:00
V	13181	1856	2013-08-30 00:00:00
V	13182	4845	2013-07-10 00:00:00
V	13183	10218	2012-04-21 00:00:00
V	13184	16036	2014-06-29 00:00:00
V	13185	13702	2014-05-07 00:00:00
V	13186	14642	2014-06-14 00:00:00
V	13187	16164	2014-01-16 00:00:00
V	13188	8933	2013-03-24 00:00:00
V	13189	13421	2014-04-05 00:00:00
V	13190	12247	2013-09-05 00:00:00
V	13191	15152	2013-08-24 00:00:00
V	13192	18079	2013-03-18 00:00:00
V	13193	14549	2013-01-05 00:00:00
V	13194	9165	2013-09-16 00:00:00
V	13195	9687	2013-10-11 00:00:00
V	13196	7258	2013-10-13 00:00:00
V	13197	6633	2013-10-13 00:00:00
V	13198	7703	2014-02-24 00:00:00
V	13199	70	2014-02-07 00:00:00
V	13200	4601	2014-06-26 00:00:00
V	13201	6023	2012-06-12 00:00:00
V	13202	13440	2014-03-21 00:00:00
V	13203	3484	2013-05-08 00:00:00
V	13204	11022	2011-09-22 00:00:00
V	13205	7265	2011-09-04 00:00:00
V	13206	1332	2012-03-23 00:00:00
V	13207	26	2013-08-27 00:00:00
V	13208	7344	2013-02-16 00:00:00
V	13209	13151	2013-09-07 00:00:00
V	13210	983	2012-03-21 00:00:00
V	13211	7545	2013-08-07 00:00:00
V	13212	7061	2012-05-19 00:00:00
V	13213	12483	2014-03-25 00:00:00
V	13214	6422	2012-09-14 00:00:00
V	13215	1090	2013-07-06 00:00:00
V	13216	13510	2013-11-07 00:00:00
V	13217	16270	2012-09-24 00:00:00
V	13218	18050	2012-06-12 00:00:00
V	13219	8040	2014-01-09 00:00:00
V	13220	11255	2014-03-03 00:00:00
V	13221	4937	2013-05-26 00:00:00
V	13222	2	2013-12-05 00:00:00
V	13223	7886	2013-05-15 00:00:00
V	13224	4408	2013-10-02 00:00:00
V	13225	3528	2013-07-05 00:00:00
V	13226	357	2014-02-12 00:00:00
V	13227	3054	2014-06-25 00:00:00
V	13228	471	2013-10-31 00:00:00
V	13229	209	2014-06-11 00:00:00
V	13230	11855	2013-11-09 00:00:00
V	13231	10871	2013-08-07 00:00:00
V	13232	2634	2011-10-08 00:00:00
V	13233	13158	2013-11-15 00:00:00
V	13234	10495	2013-06-21 00:00:00
V	13235	8185	2014-05-31 00:00:00
V	13236	404	2013-09-17 00:00:00
V	13237	9724	2012-08-31 00:00:00
V	13238	15345	2014-02-20 00:00:00
V	13239	16776	2013-04-14 00:00:00
V	13240	7994	2014-05-15 00:00:00
V	13241	6238	2013-08-30 00:00:00
V	13242	16777	2012-01-17 00:00:00
V	13243	2960	2012-06-17 00:00:00
V	13244	3818	2013-10-03 00:00:00
V	13245	6252	2014-05-03 00:00:00
V	13246	17083	2013-09-22 00:00:00
V	13247	18781	2011-09-10 00:00:00
V	13248	3501	2012-01-30 00:00:00
V	13249	2482	2013-09-13 00:00:00
V	13250	5094	2013-08-17 00:00:00
V	13251	6788	2014-06-19 00:00:00
V	13252	11220	2014-02-21 00:00:00
V	13253	15768	2014-03-28 00:00:00
V	13254	12408	2014-04-13 00:00:00
V	13255	13092	2014-06-24 00:00:00
V	13256	15361	2013-12-24 00:00:00
V	13257	2954	2013-09-16 00:00:00
V	13258	11926	2013-03-09 00:00:00
V	13259	17912	2013-12-02 00:00:00
V	13260	7283	2014-01-05 00:00:00
V	13261	7057	2013-09-03 00:00:00
V	13262	15609	2013-08-07 00:00:00
V	13263	4658	2013-07-03 00:00:00
V	13264	7503	2013-10-25 00:00:00
V	13265	1370	2014-01-28 00:00:00
V	13266	3808	2013-09-28 00:00:00
V	13267	17605	2014-01-17 00:00:00
V	13268	2184	2013-09-21 00:00:00
V	13269	15607	2013-07-28 00:00:00
V	13270	4228	2014-03-30 00:00:00
V	13271	6892	2013-10-10 00:00:00
V	13272	13659	2014-04-26 00:00:00
V	13273	10505	2013-10-03 00:00:00
V	13274	5098	2014-06-10 00:00:00
V	13275	17163	2014-03-15 00:00:00
V	13276	16183	2014-04-13 00:00:00
V	13277	3948	2013-07-04 00:00:00
V	13278	11378	2013-04-06 00:00:00
V	13279	12991	2014-06-23 00:00:00
V	13280	17842	2013-11-04 00:00:00
V	13281	5209	2014-03-19 00:00:00
V	13282	1161	2013-01-06 00:00:00
V	13283	13596	2014-06-04 00:00:00
V	13284	12244	2014-05-14 00:00:00
V	13285	2708	2013-04-29 00:00:00
V	13286	11430	2013-07-30 00:00:00
V	13287	8847	2014-04-01 00:00:00
V	13288	3130	2012-07-16 00:00:00
V	13289	15898	2013-07-05 00:00:00
V	13290	18127	2014-05-01 00:00:00
V	13291	13075	2014-01-21 00:00:00
V	13292	14430	2013-11-18 00:00:00
V	13293	16495	2013-11-05 00:00:00
V	13294	11709	2013-07-19 00:00:00
V	13295	10085	2013-08-27 00:00:00
V	13296	845	2014-03-14 00:00:00
V	13297	11341	2014-06-06 00:00:00
V	13298	12955	2013-09-20 00:00:00
V	13299	11779	2013-12-07 00:00:00
V	13300	3689	2012-03-23 00:00:00
V	13301	8287	2013-09-18 00:00:00
V	13302	11822	2014-02-03 00:00:00
V	13303	13184	2014-04-20 00:00:00
V	13304	17950	2014-05-24 00:00:00
V	13305	3748	2014-03-09 00:00:00
V	13306	753	2014-05-04 00:00:00
V	13307	10926	2013-07-19 00:00:00
V	13308	5843	2014-05-21 00:00:00
V	13309	12867	2014-03-03 00:00:00
V	13310	18303	2013-12-04 00:00:00
V	13311	5398	2014-01-22 00:00:00
V	13312	7627	2013-04-03 00:00:00
V	13313	4791	2012-03-24 00:00:00
V	13314	10431	2011-11-22 00:00:00
V	13315	4011	2013-04-29 00:00:00
V	13316	11493	2013-11-16 00:00:00
V	13317	14619	2014-03-18 00:00:00
V	13318	12429	2013-11-04 00:00:00
V	13319	19103	2013-04-11 00:00:00
V	13320	11658	2014-02-14 00:00:00
V	13321	13437	2013-07-28 00:00:00
V	13322	12029	2013-08-06 00:00:00
V	13323	17114	2011-11-08 00:00:00
V	13324	3867	2012-05-28 00:00:00
V	13325	7872	2013-02-27 00:00:00
V	13326	14417	2014-01-12 00:00:00
V	13327	13214	2013-10-30 00:00:00
V	13328	11330	2014-05-01 00:00:00
V	13329	17276	2013-06-17 00:00:00
V	13330	4653	2014-05-04 00:00:00
V	13331	6271	2012-05-07 00:00:00
V	13332	14978	2013-09-12 00:00:00
V	13333	6769	2013-09-02 00:00:00
V	13334	8179	2012-08-09 00:00:00
V	13335	243	2014-02-23 00:00:00
V	13336	5147	2013-09-30 00:00:00
V	13337	11681	2013-12-30 00:00:00
V	13338	4692	2014-01-27 00:00:00
V	13339	7944	2013-09-04 00:00:00
V	13340	9740	2013-12-11 00:00:00
V	13341	5090	2013-11-15 00:00:00
V	13342	1747	2014-01-26 00:00:00
V	13343	10471	2012-01-04 00:00:00
V	13344	10593	2014-05-15 00:00:00
V	13345	1810	2014-05-02 00:00:00
V	13346	2276	2014-02-17 00:00:00
V	13347	15243	2014-01-19 00:00:00
V	13348	7854	2011-08-26 00:00:00
V	13349	7759	2013-08-23 00:00:00
V	13350	16995	2013-08-29 00:00:00
V	13351	5662	2013-03-06 00:00:00
V	13352	9607	2012-06-04 00:00:00
V	13353	6308	2013-06-07 00:00:00
V	13354	7508	2014-02-12 00:00:00
V	13355	11125	2011-09-10 00:00:00
V	13356	7756	2012-08-08 00:00:00
V	13357	1398	2013-02-14 00:00:00
V	13358	2986	2012-07-27 00:00:00
V	13359	5834	2014-01-30 00:00:00
V	13360	6789	2013-11-14 00:00:00
V	13361	5557	2013-11-12 00:00:00
V	13362	16737	2014-04-19 00:00:00
V	13363	5649	2014-05-04 00:00:00
V	13364	4119	2014-03-05 00:00:00
V	13365	14558	2013-08-19 00:00:00
V	13366	5762	2014-02-15 00:00:00
V	13367	15313	2014-02-03 00:00:00
V	13368	792	2014-05-23 00:00:00
V	13369	15585	2012-06-23 00:00:00
V	13370	12882	2013-12-20 00:00:00
V	13371	1273	2013-03-20 00:00:00
V	13372	11701	2011-08-04 00:00:00
V	13373	2252	2013-09-10 00:00:00
V	13374	16303	2014-01-29 00:00:00
V	13375	9842	2011-12-03 00:00:00
V	13376	2021	2013-11-27 00:00:00
V	13377	4617	2014-04-13 00:00:00
V	13378	18811	2014-03-31 00:00:00
V	13379	8019	2014-02-08 00:00:00
V	13380	9472	2012-05-12 00:00:00
V	13381	6760	2013-10-13 00:00:00
V	13382	1908	2012-11-24 00:00:00
V	13383	16899	2013-01-02 00:00:00
V	13384	604	2014-06-19 00:00:00
V	13385	8016	2014-05-08 00:00:00
V	13386	16872	2012-12-03 00:00:00
V	13387	16741	2013-07-08 00:00:00
V	13388	17295	2013-10-10 00:00:00
V	13389	1468	2013-11-01 00:00:00
V	13390	11992	2013-10-21 00:00:00
V	13391	17228	2013-11-13 00:00:00
V	13392	15753	2013-09-05 00:00:00
V	13393	17336	2014-01-29 00:00:00
V	13394	4804	2014-01-29 00:00:00
V	13395	8900	2013-07-08 00:00:00
V	13396	12946	2012-11-05 00:00:00
V	13397	10963	2013-09-05 00:00:00
V	13398	9545	2013-04-28 00:00:00
V	13399	12500	2013-10-31 00:00:00
V	13400	14538	2013-09-04 00:00:00
V	13401	4538	2014-05-04 00:00:00
V	13402	12506	2013-05-08 00:00:00
V	13403	12246	2013-10-19 00:00:00
V	13404	11579	2014-05-16 00:00:00
V	13405	16015	2013-11-09 00:00:00
V	13406	19116	2012-11-23 00:00:00
V	13407	14100	2013-10-02 00:00:00
V	13408	2627	2013-04-19 00:00:00
V	13409	1076	2013-02-09 00:00:00
V	13410	14692	2011-12-17 00:00:00
V	13411	13770	2014-03-20 00:00:00
V	13412	3452	2013-11-24 00:00:00
V	13413	2368	2013-11-14 00:00:00
V	13414	9656	2013-08-22 00:00:00
V	13415	4602	2014-03-27 00:00:00
V	13416	434	2014-03-22 00:00:00
V	13417	15127	2011-09-28 00:00:00
V	13418	18870	2013-11-11 00:00:00
V	13419	1465	2012-04-14 00:00:00
V	13420	2367	2014-06-21 00:00:00
V	13421	3669	2012-08-08 00:00:00
V	13422	4654	2013-11-03 00:00:00
V	13423	14743	2013-07-16 00:00:00
V	13424	18556	2013-10-04 00:00:00
V	13425	1984	2013-11-11 00:00:00
V	13426	4028	2012-04-04 00:00:00
V	13427	15732	2013-10-21 00:00:00
V	13428	3378	2013-12-10 00:00:00
V	13429	14623	2014-03-01 00:00:00
V	13430	2958	2012-04-21 00:00:00
V	13431	12513	2012-07-19 00:00:00
V	13432	6992	2013-10-09 00:00:00
V	13433	15269	2014-01-19 00:00:00
V	13434	15444	2013-09-13 00:00:00
V	13435	8319	2013-02-26 00:00:00
V	13436	2655	2013-07-26 00:00:00
V	13437	9906	2011-12-30 00:00:00
V	13438	5799	2014-04-06 00:00:00
V	13439	9668	2014-03-31 00:00:00
V	13440	11521	2013-02-14 00:00:00
V	13441	7523	2013-11-19 00:00:00
V	13442	16009	2013-03-06 00:00:00
V	13443	13549	2014-04-11 00:00:00
V	13444	9717	2014-04-28 00:00:00
V	13445	4909	2012-10-30 00:00:00
V	13446	14702	2014-04-17 00:00:00
V	13447	15544	2013-07-26 00:00:00
V	13448	3451	2013-08-27 00:00:00
V	13449	15707	2013-05-14 00:00:00
V	13450	14375	2014-04-21 00:00:00
V	13451	8712	2013-09-11 00:00:00
V	13452	2859	2014-06-26 00:00:00
V	13453	15639	2013-08-03 00:00:00
V	13454	11172	2013-08-25 00:00:00
V	13455	11621	2012-12-14 00:00:00
V	13456	12754	2014-02-01 00:00:00
V	13457	10613	2014-02-16 00:00:00
V	13458	13002	2014-03-26 00:00:00
V	13459	8736	2013-07-17 00:00:00
V	13460	14126	2013-10-30 00:00:00
V	13461	8137	2014-03-23 00:00:00
V	13462	1010	2013-10-29 00:00:00
V	13463	200	2014-04-28 00:00:00
V	13464	17106	2013-02-14 00:00:00
V	13465	3622	2013-09-08 00:00:00
V	13466	1563	2014-05-31 00:00:00
V	13467	1983	2013-09-21 00:00:00
V	13468	4451	2013-10-17 00:00:00
V	13469	8595	2013-10-22 00:00:00
V	13470	3882	2014-05-24 00:00:00
V	13471	5390	2012-08-19 00:00:00
V	13472	1100	2012-12-22 00:00:00
V	13473	10894	2014-05-03 00:00:00
V	13474	9739	2014-01-30 00:00:00
V	13475	6451	2013-10-07 00:00:00
V	13476	15227	2014-04-24 00:00:00
V	13477	3779	2013-08-19 00:00:00
V	13478	160	2014-03-11 00:00:00
V	13479	6695	2013-08-25 00:00:00
V	13480	12333	2013-12-25 00:00:00
V	13481	4282	2012-07-26 00:00:00
V	13482	2979	2014-04-03 00:00:00
V	13483	9631	2013-11-24 00:00:00
V	13484	13581	2013-02-13 00:00:00
V	13485	2834	2014-04-28 00:00:00
V	13486	4701	2014-03-21 00:00:00
V	13487	5602	2012-09-20 00:00:00
V	13488	6395	2013-08-24 00:00:00
V	13489	6909	2014-03-01 00:00:00
V	13490	6019	2013-08-30 00:00:00
V	13491	17709	2013-12-04 00:00:00
V	13492	7225	2014-02-22 00:00:00
V	13493	224	2013-04-27 00:00:00
V	13494	9024	2013-09-18 00:00:00
V	13495	14198	2012-03-22 00:00:00
V	13496	6261	2014-01-28 00:00:00
V	13497	15571	2013-10-09 00:00:00
V	13498	2445	2013-11-22 00:00:00
V	13499	5151	2014-05-17 00:00:00
V	13500	5473	2014-04-18 00:00:00
V	13501	3144	2013-02-04 00:00:00
V	13502	2151	2014-03-23 00:00:00
V	13503	19216	2013-07-26 00:00:00
V	13504	4896	2014-03-14 00:00:00
V	13505	3267	2013-11-26 00:00:00
V	13506	796	2013-10-20 00:00:00
V	13507	11974	2011-12-03 00:00:00
V	13508	17446	2012-11-17 00:00:00
V	13509	13897	2014-06-07 00:00:00
V	13510	18766	2013-10-27 00:00:00
V	13511	3928	2014-01-15 00:00:00
V	13512	5722	2013-07-03 00:00:00
V	13513	17271	2011-07-13 00:00:00
V	13514	8087	2011-06-01 00:00:00
V	13515	10564	2014-04-25 00:00:00
V	13516	4136	2014-01-11 00:00:00
V	13517	11900	2013-08-27 00:00:00
V	13518	3943	2013-10-01 00:00:00
V	13519	3188	2014-02-09 00:00:00
V	13520	3449	2013-10-18 00:00:00
V	13521	2101	2014-03-05 00:00:00
V	13522	18077	2012-09-28 00:00:00
V	13523	1343	2013-12-12 00:00:00
V	13524	8485	2014-05-16 00:00:00
V	13525	18998	2013-11-10 00:00:00
V	13526	1407	2013-03-24 00:00:00
V	13527	12938	2013-11-10 00:00:00
V	13528	18402	2014-03-28 00:00:00
V	13529	3642	2014-04-18 00:00:00
V	13530	13202	2014-05-22 00:00:00
V	13531	11981	2011-06-21 00:00:00
V	13532	10786	2014-03-21 00:00:00
V	13533	12813	2013-03-30 00:00:00
V	13534	1599	2012-07-03 00:00:00
V	13535	2561	2014-04-14 00:00:00
V	13536	1395	2013-08-18 00:00:00
V	13537	5923	2014-03-27 00:00:00
V	13538	9139	2013-07-06 00:00:00
V	13539	4315	2014-03-28 00:00:00
V	13540	3124	2012-10-01 00:00:00
V	13541	16220	2014-05-28 00:00:00
V	13542	14054	2011-08-19 00:00:00
V	13543	12590	2013-08-13 00:00:00
V	13544	9031	2012-02-11 00:00:00
V	13545	16221	2013-09-29 00:00:00
V	13546	16973	2013-09-21 00:00:00
V	13547	4891	2011-08-19 00:00:00
V	13548	5918	2013-07-06 00:00:00
V	13549	3362	2013-03-24 00:00:00
V	13550	12195	2014-03-02 00:00:00
V	13551	15022	2014-02-25 00:00:00
V	13552	8760	2014-05-21 00:00:00
V	13553	5420	2014-06-19 00:00:00
V	13554	10211	2013-11-04 00:00:00
V	13555	30	2014-01-13 00:00:00
V	13556	18290	2014-02-15 00:00:00
V	13557	14311	2014-01-17 00:00:00
V	13558	3939	2013-10-28 00:00:00
V	13559	2017	2011-12-17 00:00:00
V	13560	13879	2013-09-18 00:00:00
V	13561	4300	2014-03-31 00:00:00
V	13562	11290	2012-10-30 00:00:00
V	13563	17010	2014-02-08 00:00:00
V	13564	12186	2013-02-03 00:00:00
V	13565	6826	2014-02-22 00:00:00
V	13566	3499	2014-01-12 00:00:00
V	13567	13281	2014-03-07 00:00:00
V	13568	15535	2014-03-21 00:00:00
V	13569	10794	2013-07-17 00:00:00
V	13570	14747	2014-01-05 00:00:00
V	13571	14056	2013-08-31 00:00:00
V	13572	9	2013-09-23 00:00:00
V	13573	10550	2014-01-23 00:00:00
V	13574	3643	2013-02-17 00:00:00
V	13575	18669	2012-10-29 00:00:00
V	13576	16552	2013-10-08 00:00:00
V	13577	12967	2014-04-23 00:00:00
V	13578	5774	2013-07-05 00:00:00
V	13579	6237	2014-02-13 00:00:00
V	13580	10939	2013-07-26 00:00:00
V	13581	10474	2014-01-13 00:00:00
V	13582	16876	2013-04-01 00:00:00
V	13583	4008	2012-12-27 00:00:00
V	13584	17782	2014-04-01 00:00:00
V	13585	1808	2012-07-17 00:00:00
V	13586	7270	2014-04-30 00:00:00
V	13587	7581	2014-04-20 00:00:00
V	13588	492	2012-02-12 00:00:00
V	13589	8952	2014-04-09 00:00:00
V	13590	15617	2014-01-25 00:00:00
V	13591	4087	2012-04-08 00:00:00
V	13592	8042	2013-01-26 00:00:00
V	13593	15513	2014-03-26 00:00:00
V	13594	919	2014-02-22 00:00:00
V	13595	7262	2013-10-10 00:00:00
V	13596	8247	2014-05-09 00:00:00
V	13597	12498	2013-12-28 00:00:00
V	13598	9630	2013-08-18 00:00:00
V	13599	6721	2012-06-05 00:00:00
V	13600	6028	2014-06-01 00:00:00
V	13601	5202	2013-07-26 00:00:00
V	13602	425	2013-10-18 00:00:00
V	13603	7731	2014-04-08 00:00:00
V	13604	9065	2013-10-11 00:00:00
V	13605	9817	2014-01-03 00:00:00
V	13606	10067	2011-06-23 00:00:00
V	13607	17846	2013-07-26 00:00:00
V	13608	2885	2013-08-29 00:00:00
V	13609	8197	2012-10-09 00:00:00
V	13610	2077	2014-01-31 00:00:00
V	13611	15488	2012-07-07 00:00:00
V	13612	11780	2013-01-08 00:00:00
V	13613	7761	2013-12-29 00:00:00
V	13614	3737	2011-09-29 00:00:00
V	13615	120	2013-05-27 00:00:00
V	13616	12423	2012-10-30 00:00:00
V	13617	12528	2013-09-21 00:00:00
V	13618	15673	2014-01-19 00:00:00
V	13619	5408	2013-11-27 00:00:00
V	13620	165	2013-10-07 00:00:00
V	13621	8642	2011-11-22 00:00:00
V	13622	14723	2013-05-29 00:00:00
V	13623	1611	2013-08-19 00:00:00
V	13624	13326	2013-05-31 00:00:00
V	13625	17996	2013-04-06 00:00:00
V	13626	9279	2014-03-29 00:00:00
V	13627	11174	2013-06-12 00:00:00
V	13628	14638	2013-10-06 00:00:00
V	13629	474	2014-04-27 00:00:00
V	13630	865	2012-07-21 00:00:00
V	13631	7803	2014-03-16 00:00:00
V	13632	11331	2013-08-22 00:00:00
V	13633	8518	2014-05-03 00:00:00
V	13634	7372	2013-01-08 00:00:00
V	13635	614	2013-12-09 00:00:00
V	13636	5726	2013-11-27 00:00:00
V	13637	3046	2013-09-26 00:00:00
V	13638	14902	2014-02-03 00:00:00
V	13639	11925	2014-03-09 00:00:00
V	13640	2637	2013-10-11 00:00:00
V	13641	15340	2014-04-23 00:00:00
V	13642	1564	2013-04-04 00:00:00
V	13643	7522	2013-07-27 00:00:00
V	13644	8744	2013-04-05 00:00:00
V	13645	5699	2013-09-23 00:00:00
V	13646	4878	2012-04-12 00:00:00
V	13647	2639	2014-02-24 00:00:00
V	13648	6200	2012-12-03 00:00:00
V	13649	2356	2014-03-29 00:00:00
V	13650	7750	2012-04-11 00:00:00
V	13651	14116	2014-02-01 00:00:00
V	13652	5072	2014-03-03 00:00:00
V	13653	9501	2013-07-26 00:00:00
V	13654	18805	2014-03-25 00:00:00
V	13655	476	2014-01-09 00:00:00
V	13656	1201	2013-11-04 00:00:00
V	13657	16585	2014-02-25 00:00:00
V	13658	12610	2014-01-19 00:00:00
V	13659	17439	2014-06-16 00:00:00
V	13660	14892	2014-01-29 00:00:00
V	13661	13447	2013-08-22 00:00:00
V	13662	11596	2013-07-17 00:00:00
V	13663	19035	2013-10-21 00:00:00
V	13664	8639	2013-12-28 00:00:00
V	13665	773	2014-05-26 00:00:00
V	13666	18060	2013-08-24 00:00:00
V	13667	10867	2014-03-11 00:00:00
V	13668	3225	2013-07-26 00:00:00
V	13669	10584	2012-10-13 00:00:00
V	13670	5177	2013-04-02 00:00:00
V	13671	9713	2013-10-15 00:00:00
V	13672	5988	2014-04-19 00:00:00
V	13673	13354	2013-07-28 00:00:00
V	13674	15072	2013-12-23 00:00:00
V	13675	19088	2014-05-06 00:00:00
V	13676	2014	2014-02-23 00:00:00
V	13677	1173	2013-11-10 00:00:00
V	13678	11171	2014-05-06 00:00:00
V	13679	15850	2013-11-13 00:00:00
V	13680	4368	2013-08-01 00:00:00
V	13681	5340	2013-12-18 00:00:00
V	13682	6569	2013-10-21 00:00:00
V	13683	763	2014-01-17 00:00:00
V	13684	2839	2012-05-14 00:00:00
V	13685	11964	2013-09-02 00:00:00
V	13686	5069	2012-12-10 00:00:00
V	13687	16008	2014-04-10 00:00:00
V	13688	2582	2014-05-14 00:00:00
V	13689	10558	2013-11-02 00:00:00
V	13690	7305	2014-03-16 00:00:00
V	13691	11997	2013-11-13 00:00:00
V	13692	11562	2014-04-04 00:00:00
V	13693	4072	2014-03-24 00:00:00
V	13694	14934	2014-01-25 00:00:00
V	13695	13301	2011-09-02 00:00:00
V	13696	13325	2012-03-30 00:00:00
V	13697	1524	2012-03-15 00:00:00
V	13698	11380	2012-03-02 00:00:00
V	13699	660	2014-01-01 00:00:00
V	13700	1030	2014-04-30 00:00:00
V	13701	8661	2012-05-11 00:00:00
V	13702	8995	2013-08-17 00:00:00
V	13703	12211	2013-09-24 00:00:00
V	13704	19153	2013-07-21 00:00:00
V	13705	10801	2014-05-28 00:00:00
V	13706	9819	2013-12-24 00:00:00
V	13707	2599	2013-10-13 00:00:00
V	13708	18272	2014-04-29 00:00:00
V	13709	4641	2013-07-15 00:00:00
V	13710	4844	2013-12-07 00:00:00
V	13711	5508	2014-05-14 00:00:00
V	13712	3590	2011-07-24 00:00:00
V	13713	14708	2013-11-17 00:00:00
V	13714	8733	2012-04-08 00:00:00
V	13715	8011	2012-01-23 00:00:00
V	13716	8718	2014-04-13 00:00:00
V	13717	13910	2013-12-31 00:00:00
V	13718	6354	2014-05-20 00:00:00
V	13719	1357	2013-08-31 00:00:00
V	13720	17644	2013-10-25 00:00:00
V	13721	5886	2012-03-11 00:00:00
V	13722	8938	2014-06-06 00:00:00
V	13723	5546	2013-10-03 00:00:00
V	13724	5368	2014-04-15 00:00:00
V	13725	15846	2014-02-18 00:00:00
V	13726	17283	2012-09-25 00:00:00
V	13727	18848	2014-01-07 00:00:00
V	13728	7440	2011-11-30 00:00:00
V	13729	7961	2014-06-22 00:00:00
V	13730	17973	2013-04-09 00:00:00
V	13731	18459	2013-12-30 00:00:00
V	13732	17178	2013-07-13 00:00:00
V	13733	7165	2014-03-09 00:00:00
V	13734	15854	2013-11-06 00:00:00
V	13735	63	2013-12-06 00:00:00
V	13736	17554	2013-11-15 00:00:00
V	13737	11729	2013-09-18 00:00:00
V	13738	3262	2011-07-10 00:00:00
V	13739	7123	2014-05-11 00:00:00
V	13740	2897	2014-01-23 00:00:00
V	13741	14765	2012-08-25 00:00:00
V	13742	3510	2013-07-16 00:00:00
V	13743	10458	2013-10-28 00:00:00
V	13744	17264	2013-10-12 00:00:00
V	13745	16926	2013-02-19 00:00:00
V	13746	17747	2014-03-20 00:00:00
V	13747	1460	2013-09-09 00:00:00
V	13748	16878	2013-03-24 00:00:00
V	13749	3282	2013-10-03 00:00:00
V	13750	17232	2012-02-22 00:00:00
V	13751	16948	2013-10-04 00:00:00
V	13752	674	2014-04-10 00:00:00
V	13753	12917	2012-02-21 00:00:00
V	13754	15713	2014-02-12 00:00:00
V	13755	5042	2013-01-24 00:00:00
V	13756	3594	2013-06-30 00:00:00
V	13757	9121	2012-04-21 00:00:00
V	13758	11927	2014-06-20 00:00:00
V	13759	7426	2012-10-05 00:00:00
V	13760	16408	2013-07-18 00:00:00
V	13761	4378	2012-12-04 00:00:00
V	13762	16206	2012-09-16 00:00:00
V	13763	17045	2013-11-29 00:00:00
V	13764	18344	2013-02-12 00:00:00
V	13765	11206	2013-08-29 00:00:00
V	13766	6689	2013-11-16 00:00:00
V	13767	4221	2013-09-27 00:00:00
V	13768	10835	2014-03-22 00:00:00
V	13769	5881	2013-04-18 00:00:00
V	13770	5058	2013-12-15 00:00:00
V	13771	12810	2013-10-05 00:00:00
V	13772	12276	2014-02-18 00:00:00
V	13773	16688	2012-08-13 00:00:00
V	13774	17711	2012-07-21 00:00:00
V	13775	1677	2013-05-12 00:00:00
V	13776	3693	2013-09-24 00:00:00
V	13777	5438	2013-07-29 00:00:00
V	13778	2603	2013-09-05 00:00:00
V	13779	13841	2013-04-24 00:00:00
V	13780	5657	2013-11-01 00:00:00
V	13781	12666	2013-12-10 00:00:00
V	13782	2645	2014-03-15 00:00:00
V	13783	16447	2013-01-03 00:00:00
V	13784	10021	2014-03-01 00:00:00
V	13785	16837	2014-05-01 00:00:00
V	13786	13502	2013-08-30 00:00:00
V	13787	5269	2011-06-20 00:00:00
V	13788	7855	2012-12-08 00:00:00
V	13789	15091	2013-09-28 00:00:00
V	13790	14670	2013-03-12 00:00:00
V	13791	3393	2013-03-12 00:00:00
V	13792	4098	2014-04-06 00:00:00
V	13793	10467	2014-02-14 00:00:00
V	13794	6037	2014-04-02 00:00:00
V	13795	14455	2013-02-20 00:00:00
V	13796	2791	2012-05-30 00:00:00
V	13797	17224	2013-11-20 00:00:00
V	13798	17926	2014-01-03 00:00:00
V	13799	16416	2012-12-16 00:00:00
V	13800	1147	2013-03-15 00:00:00
V	13801	9910	2012-12-31 00:00:00
V	13802	1833	2013-11-29 00:00:00
V	13803	1726	2011-09-10 00:00:00
V	13804	2710	2013-12-12 00:00:00
V	13805	1068	2014-02-21 00:00:00
V	13806	4952	2012-12-29 00:00:00
V	13807	12486	2012-12-09 00:00:00
V	13808	11702	2014-01-16 00:00:00
V	13809	658	2013-11-24 00:00:00
V	13810	12804	2013-06-25 00:00:00
V	13811	4788	2013-09-07 00:00:00
V	13812	417	2014-05-17 00:00:00
V	13813	1936	2014-04-24 00:00:00
V	13814	7725	2013-03-30 00:00:00
V	13815	15312	2014-05-14 00:00:00
V	13816	18562	2014-02-08 00:00:00
V	13817	6409	2012-10-31 00:00:00
V	13818	8184	2014-02-16 00:00:00
V	13819	13660	2013-10-10 00:00:00
V	13820	16404	2013-09-13 00:00:00
V	13821	13271	2012-07-15 00:00:00
V	13822	17752	2013-12-26 00:00:00
V	13823	18464	2012-06-04 00:00:00
V	13824	4000	2013-10-10 00:00:00
V	13825	7031	2014-05-16 00:00:00
V	13826	7781	2012-11-09 00:00:00
V	13827	3016	2013-08-01 00:00:00
V	13828	236	2013-07-27 00:00:00
V	13829	4335	2014-02-10 00:00:00
V	13830	4299	2014-01-29 00:00:00
V	13831	3612	2014-04-20 00:00:00
V	13832	6250	2013-01-08 00:00:00
V	13833	9522	2014-02-19 00:00:00
V	13834	8523	2014-02-28 00:00:00
V	13835	8491	2013-08-20 00:00:00
V	13836	5332	2014-01-23 00:00:00
V	13837	13582	2013-10-06 00:00:00
V	13838	1058	2011-12-28 00:00:00
V	13839	14530	2014-05-01 00:00:00
V	13840	11452	2014-02-10 00:00:00
V	13841	11626	2013-09-12 00:00:00
V	13842	8647	2014-01-15 00:00:00
V	13843	8426	2014-03-09 00:00:00
V	13844	16842	2014-04-13 00:00:00
V	13845	7181	2014-06-19 00:00:00
V	13846	4403	2014-03-10 00:00:00
V	13847	14889	2014-03-09 00:00:00
V	13848	15810	2014-04-14 00:00:00
V	13849	15189	2013-11-04 00:00:00
V	13850	758	2014-02-13 00:00:00
V	13851	18273	2014-02-20 00:00:00
V	13852	14186	2014-05-18 00:00:00
V	13853	6260	2014-02-03 00:00:00
V	13854	9138	2012-12-07 00:00:00
V	13855	7339	2013-07-14 00:00:00
V	13856	13993	2012-09-03 00:00:00
V	13857	3567	2012-04-06 00:00:00
V	13858	8151	2014-04-15 00:00:00
V	13859	16657	2014-02-04 00:00:00
V	13860	556	2013-09-19 00:00:00
V	13861	17520	2012-05-21 00:00:00
V	13862	11375	2012-10-17 00:00:00
V	13863	689	2012-06-29 00:00:00
V	13864	6946	2012-07-01 00:00:00
V	13865	7256	2013-11-04 00:00:00
V	13866	3375	2011-09-18 00:00:00
V	13867	14931	2014-01-11 00:00:00
V	13868	9662	2013-09-03 00:00:00
V	13869	1913	2011-12-08 00:00:00
V	13870	2964	2013-12-27 00:00:00
V	13871	8148	2014-05-22 00:00:00
V	13872	212	2014-03-14 00:00:00
V	13873	17345	2013-09-13 00:00:00
V	13874	3552	2014-04-20 00:00:00
V	13875	3857	2014-03-10 00:00:00
V	13876	17090	2013-11-17 00:00:00
V	13877	4674	2013-07-13 00:00:00
V	13878	15094	2012-03-27 00:00:00
V	13879	13377	2013-10-27 00:00:00
V	13880	664	2014-03-31 00:00:00
V	13881	17442	2014-01-14 00:00:00
V	13882	18653	2012-12-07 00:00:00
V	13883	5349	2012-06-27 00:00:00
V	13884	2003	2012-05-28 00:00:00
V	13885	14300	2013-02-10 00:00:00
V	13886	494	2012-10-05 00:00:00
V	13887	3103	2014-04-20 00:00:00
V	13888	13044	2014-05-17 00:00:00
V	13889	961	2014-03-14 00:00:00
V	13890	2334	2011-10-13 00:00:00
V	13891	7019	2013-06-23 00:00:00
V	13892	3473	2014-02-07 00:00:00
V	13893	3903	2014-05-27 00:00:00
V	13894	18475	2013-10-22 00:00:00
V	13895	3216	2012-12-13 00:00:00
V	13896	8917	2013-10-29 00:00:00
V	13897	11385	2013-09-29 00:00:00
V	13898	3218	2012-05-16 00:00:00
V	13899	8587	2012-07-12 00:00:00
V	13900	9453	2013-07-06 00:00:00
V	13901	19051	2014-04-20 00:00:00
V	13902	15081	2014-01-26 00:00:00
V	13903	6323	2011-11-27 00:00:00
V	13904	8095	2012-06-28 00:00:00
V	13905	13425	2011-12-18 00:00:00
V	13906	13586	2013-09-10 00:00:00
V	13907	7052	2011-10-28 00:00:00
V	13908	3500	2013-11-24 00:00:00
V	13909	5605	2014-06-23 00:00:00
V	13910	13848	2013-09-13 00:00:00
V	13911	14021	2012-10-10 00:00:00
V	13912	18467	2013-10-19 00:00:00
V	13913	7150	2013-09-11 00:00:00
V	13914	18899	2013-07-09 00:00:00
V	13915	130	2013-08-06 00:00:00
V	13916	14255	2012-08-25 00:00:00
V	13917	18382	2011-07-04 00:00:00
V	13918	15548	2014-01-17 00:00:00
V	13919	1969	2013-09-01 00:00:00
V	13920	3773	2014-01-23 00:00:00
V	13921	65	2013-10-13 00:00:00
V	13922	11474	2013-09-09 00:00:00
V	13923	16242	2014-04-01 00:00:00
V	13924	7864	2013-09-29 00:00:00
V	13925	9354	2012-12-09 00:00:00
V	13926	7630	2012-04-23 00:00:00
V	13927	17287	2013-10-22 00:00:00
V	13928	7179	2014-04-23 00:00:00
V	13929	15289	2011-09-17 00:00:00
V	13930	8343	2012-10-25 00:00:00
V	13931	12145	2013-11-07 00:00:00
V	13932	1522	2012-11-26 00:00:00
V	13933	17323	2014-03-11 00:00:00
V	13934	8561	2014-03-18 00:00:00
V	13935	9945	2013-11-07 00:00:00
V	13936	6256	2013-10-28 00:00:00
V	13937	10692	2013-09-15 00:00:00
V	13938	9046	2011-11-07 00:00:00
V	13939	14555	2013-10-08 00:00:00
V	13940	2594	2014-05-18 00:00:00
V	13941	12743	2014-03-30 00:00:00
V	13942	18775	2014-03-06 00:00:00
V	13943	16707	2014-01-24 00:00:00
V	13944	10868	2014-04-12 00:00:00
V	13945	16722	2013-12-08 00:00:00
V	13946	18306	2012-05-03 00:00:00
V	13947	5723	2011-10-20 00:00:00
V	13948	9071	2011-07-09 00:00:00
V	13949	9903	2013-11-25 00:00:00
V	13950	401	2014-01-12 00:00:00
V	13951	9184	2013-08-30 00:00:00
V	13952	7949	2014-04-22 00:00:00
V	13953	10616	2013-08-10 00:00:00
V	13954	2015	2013-07-06 00:00:00
V	13955	15191	2014-03-14 00:00:00
V	13956	5879	2013-12-14 00:00:00
V	13957	13322	2011-08-30 00:00:00
V	13958	10972	2013-09-14 00:00:00
V	13959	10071	2013-10-02 00:00:00
V	13960	16048	2012-03-28 00:00:00
V	13961	786	2011-12-17 00:00:00
V	13962	17017	2013-12-29 00:00:00
V	13963	18346	2013-08-05 00:00:00
V	13964	13123	2013-10-16 00:00:00
V	13965	6079	2013-08-07 00:00:00
V	13966	7386	2012-11-30 00:00:00
V	13967	6785	2012-11-18 00:00:00
V	13968	6281	2014-03-05 00:00:00
V	13969	8318	2014-01-27 00:00:00
V	13970	4132	2012-06-19 00:00:00
V	13971	431	2013-10-26 00:00:00
V	13972	13666	2014-01-27 00:00:00
V	13973	11561	2014-05-06 00:00:00
V	13974	12106	2014-02-21 00:00:00
V	13975	12626	2012-07-12 00:00:00
V	13976	1752	2014-06-28 00:00:00
V	13977	108	2014-05-23 00:00:00
V	13978	5860	2014-01-16 00:00:00
V	13979	10815	2012-11-21 00:00:00
V	13980	6841	2014-04-29 00:00:00
V	13981	17387	2013-10-13 00:00:00
V	13982	12254	2013-09-05 00:00:00
V	13983	14977	2013-09-17 00:00:00
V	13984	11066	2013-11-14 00:00:00
V	13985	14906	2014-01-16 00:00:00
V	13986	11128	2014-03-31 00:00:00
V	13987	2434	2013-08-07 00:00:00
V	13988	714	2014-04-22 00:00:00
V	13989	9199	2013-04-12 00:00:00
V	13990	661	2013-08-11 00:00:00
V	13991	15756	2012-04-14 00:00:00
V	13992	4246	2014-01-20 00:00:00
V	13993	3774	2013-12-31 00:00:00
V	13994	7884	2013-01-19 00:00:00
V	13995	7199	2014-03-03 00:00:00
V	13996	6895	2013-01-31 00:00:00
V	13997	11349	2014-05-26 00:00:00
V	13998	17447	2014-01-11 00:00:00
V	13999	942	2013-12-27 00:00:00
V	14000	1606	2014-05-23 00:00:00
V	14001	16419	2014-06-17 00:00:00
V	14002	1138	2013-08-07 00:00:00
V	14003	15553	2013-09-24 00:00:00
V	14004	1892	2014-05-14 00:00:00
V	14005	18311	2014-02-16 00:00:00
V	14006	17620	2011-09-21 00:00:00
V	14007	8058	2013-11-04 00:00:00
V	14008	2131	2011-10-24 00:00:00
V	14009	9696	2012-01-24 00:00:00
V	14010	1759	2011-10-13 00:00:00
V	14011	1578	2011-08-27 00:00:00
V	14012	10796	2012-03-20 00:00:00
V	14013	19017	2013-10-14 00:00:00
V	14014	9115	2013-10-19 00:00:00
V	14015	8874	2012-08-14 00:00:00
V	14016	4502	2014-06-20 00:00:00
V	14017	12888	2014-02-14 00:00:00
V	14018	12536	2014-03-31 00:00:00
V	14019	11332	2013-01-11 00:00:00
V	14020	7642	2014-04-20 00:00:00
V	14021	14787	2013-11-24 00:00:00
V	14022	16325	2013-07-05 00:00:00
V	14023	6273	2014-05-19 00:00:00
V	14024	12449	2014-05-06 00:00:00
V	14025	15619	2013-11-16 00:00:00
V	14026	6931	2013-10-11 00:00:00
V	14027	15107	2014-06-24 00:00:00
V	14028	14044	2013-11-09 00:00:00
V	14029	15065	2012-12-12 00:00:00
V	14030	14901	2013-08-23 00:00:00
V	14031	7135	2014-06-15 00:00:00
V	14032	4521	2013-10-16 00:00:00
V	14033	18969	2014-06-05 00:00:00
V	14034	1532	2013-04-22 00:00:00
V	14035	7856	2013-08-16 00:00:00
V	14036	2644	2013-10-13 00:00:00
V	14037	11112	2013-01-11 00:00:00
V	14038	14836	2014-02-24 00:00:00
V	14039	2492	2013-09-09 00:00:00
V	14040	640	2013-07-10 00:00:00
V	14041	6814	2013-01-10 00:00:00
V	14042	15857	2014-05-14 00:00:00
V	14043	6630	2013-05-07 00:00:00
V	14044	3013	2013-10-09 00:00:00
V	14045	13047	2013-11-10 00:00:00
V	14046	16280	2013-10-24 00:00:00
V	14047	3555	2013-09-06 00:00:00
V	14048	5027	2014-04-22 00:00:00
V	14049	15045	2014-02-19 00:00:00
V	14050	15100	2013-08-18 00:00:00
V	14051	17990	2013-09-03 00:00:00
V	14052	3191	2014-03-13 00:00:00
V	14053	16493	2012-07-12 00:00:00
V	14054	10138	2013-12-07 00:00:00
V	14055	1914	2013-10-23 00:00:00
V	14056	5829	2013-04-24 00:00:00
V	14057	17486	2014-06-14 00:00:00
V	14058	500	2013-09-16 00:00:00
V	14059	10362	2013-11-29 00:00:00
V	14060	9735	2013-07-16 00:00:00
V	14061	15412	2012-06-13 00:00:00
V	14062	1513	2014-05-21 00:00:00
V	14063	11328	2013-11-15 00:00:00
V	14064	16053	2013-10-03 00:00:00
V	14065	10389	2011-12-31 00:00:00
V	14066	7033	2014-02-13 00:00:00
V	14067	17316	2011-11-25 00:00:00
V	14068	10883	2013-01-09 00:00:00
V	14069	13194	2013-06-20 00:00:00
V	14070	6937	2013-01-17 00:00:00
V	14071	18994	2012-02-09 00:00:00
V	14072	5245	2014-05-14 00:00:00
V	14073	7354	2013-02-27 00:00:00
V	14074	4655	2012-05-16 00:00:00
V	14075	17514	2012-11-29 00:00:00
V	14076	13204	2011-10-15 00:00:00
V	14077	8483	2013-12-06 00:00:00
V	14078	4319	2011-05-31 00:00:00
V	14079	10048	2013-07-31 00:00:00
V	14080	2089	2012-07-22 00:00:00
V	14081	772	2014-01-05 00:00:00
V	14082	5124	2013-10-08 00:00:00
V	14083	15016	2013-01-25 00:00:00
V	14084	17135	2013-08-09 00:00:00
V	14085	407	2014-02-23 00:00:00
V	14086	911	2013-04-04 00:00:00
V	14087	3587	2014-04-20 00:00:00
V	14088	16916	2013-03-12 00:00:00
V	14089	6327	2013-08-17 00:00:00
V	14090	6466	2014-03-08 00:00:00
V	14091	3524	2014-04-08 00:00:00
V	14092	9777	2014-03-30 00:00:00
V	14093	10262	2014-02-03 00:00:00
V	14094	18904	2013-07-07 00:00:00
V	14095	8466	2013-09-13 00:00:00
V	14096	11603	2013-08-20 00:00:00
V	14097	12570	2013-01-02 00:00:00
V	14098	6458	2013-10-16 00:00:00
V	14099	9034	2014-01-30 00:00:00
V	14100	17718	2013-07-20 00:00:00
V	14101	14120	2013-04-13 00:00:00
V	14102	1942	2014-04-13 00:00:00
V	14103	15545	2013-07-23 00:00:00
V	14104	17646	2013-08-31 00:00:00
V	14105	10307	2014-01-08 00:00:00
V	14106	16856	2014-01-31 00:00:00
V	14107	12634	2012-06-11 00:00:00
V	14108	11111	2013-06-02 00:00:00
V	14109	13675	2014-01-26 00:00:00
V	14110	7213	2014-03-11 00:00:00
V	14111	5681	2013-01-17 00:00:00
V	14112	4382	2014-05-07 00:00:00
V	14113	12187	2013-12-01 00:00:00
V	14114	2175	2014-04-08 00:00:00
V	14115	13150	2014-02-12 00:00:00
V	14116	8660	2014-01-21 00:00:00
V	14117	17349	2013-02-23 00:00:00
V	14118	3126	2014-05-24 00:00:00
V	14119	16565	2012-02-03 00:00:00
V	14120	13924	2014-03-04 00:00:00
V	14121	1368	2013-12-18 00:00:00
V	14122	613	2013-11-21 00:00:00
V	14123	14285	2012-02-10 00:00:00
V	14124	14537	2014-03-18 00:00:00
V	14125	11935	2014-01-05 00:00:00
V	14126	18193	2014-01-10 00:00:00
V	14127	11757	2011-07-29 00:00:00
V	14128	11930	2014-03-31 00:00:00
V	14129	6242	2013-11-30 00:00:00
V	14130	42	2013-07-01 00:00:00
V	14131	8300	2013-08-11 00:00:00
V	14132	13023	2014-02-03 00:00:00
V	14133	17649	2014-05-28 00:00:00
V	14134	10268	2013-02-24 00:00:00
V	14135	16845	2014-03-06 00:00:00
V	14136	13865	2012-04-02 00:00:00
V	14137	12018	2013-10-01 00:00:00
V	14138	12791	2014-01-26 00:00:00
V	14139	193	2013-04-30 00:00:00
V	14140	6377	2013-11-24 00:00:00
V	14141	11024	2012-03-22 00:00:00
V	14142	2045	2014-02-11 00:00:00
V	14143	3668	2014-02-07 00:00:00
V	14144	15284	2013-11-24 00:00:00
V	14145	4960	2014-05-27 00:00:00
V	14146	1482	2013-11-11 00:00:00
V	14147	150	2013-06-29 00:00:00
V	14148	12616	2012-09-12 00:00:00
V	14149	5499	2013-09-21 00:00:00
V	14150	6188	2014-06-09 00:00:00
V	14151	7005	2013-09-27 00:00:00
V	14152	2932	2013-11-20 00:00:00
V	14153	3154	2012-08-18 00:00:00
V	14154	15365	2011-06-09 00:00:00
V	14155	7209	2014-03-25 00:00:00
V	14156	6524	2013-11-02 00:00:00
V	14157	17466	2014-01-16 00:00:00
V	14158	6585	2013-10-12 00:00:00
V	14159	5214	2014-01-28 00:00:00
V	14160	15060	2014-02-26 00:00:00
V	14161	18285	2013-10-20 00:00:00
V	14162	9110	2013-09-19 00:00:00
V	14163	16549	2013-06-30 00:00:00
V	14164	14548	2013-03-14 00:00:00
V	14165	18986	2012-06-10 00:00:00
V	14166	6038	2013-07-30 00:00:00
V	14167	19226	2014-02-03 00:00:00
V	14168	922	2013-08-15 00:00:00
V	14169	17784	2014-04-25 00:00:00
V	14170	9754	2013-09-17 00:00:00
V	14171	8872	2014-04-15 00:00:00
V	14172	3864	2014-02-27 00:00:00
V	14173	4156	2013-10-31 00:00:00
V	14174	5887	2013-12-17 00:00:00
V	14175	10282	2014-03-03 00:00:00
V	14176	2496	2011-11-24 00:00:00
V	14177	5818	2013-08-02 00:00:00
V	14178	10873	2013-02-21 00:00:00
V	14179	12859	2012-04-20 00:00:00
V	14180	18036	2014-03-14 00:00:00
V	14181	5008	2014-03-17 00:00:00
V	14182	18195	2013-09-23 00:00:00
V	14183	11534	2013-08-03 00:00:00
V	14184	17597	2013-11-08 00:00:00
V	14185	18462	2012-03-26 00:00:00
V	14186	17819	2012-05-06 00:00:00
V	14187	1125	2014-01-01 00:00:00
V	14188	10525	2012-08-12 00:00:00
V	14189	13847	2013-11-30 00:00:00
V	14190	4599	2014-01-09 00:00:00
V	14191	7907	2014-04-14 00:00:00
V	14192	7732	2014-04-14 00:00:00
V	14193	14340	2014-05-17 00:00:00
V	14194	17698	2012-01-25 00:00:00
V	14195	10209	2012-05-08 00:00:00
V	14196	4176	2013-02-25 00:00:00
V	14197	18220	2012-03-31 00:00:00
V	14198	13619	2012-04-15 00:00:00
V	14199	9503	2012-01-17 00:00:00
V	14200	12165	2013-08-22 00:00:00
V	14201	8825	2014-01-13 00:00:00
V	14202	15023	2012-10-27 00:00:00
V	14203	4356	2013-09-14 00:00:00
V	14204	15992	2014-05-05 00:00:00
V	14205	4593	2014-03-24 00:00:00
V	14206	9398	2012-12-25 00:00:00
V	14207	7962	2013-08-22 00:00:00
V	14208	11372	2013-12-24 00:00:00
V	14209	13822	2013-03-26 00:00:00
V	14210	7268	2013-11-06 00:00:00
V	14211	9971	2013-11-01 00:00:00
V	14212	18665	2014-04-04 00:00:00
V	14213	10424	2013-06-28 00:00:00
V	14214	5956	2013-03-27 00:00:00
V	14215	10040	2013-06-30 00:00:00
V	14216	7034	2013-08-16 00:00:00
V	14217	6168	2011-07-10 00:00:00
V	14218	9438	2014-04-12 00:00:00
V	14219	10872	2013-10-20 00:00:00
V	14220	5727	2013-11-18 00:00:00
V	14221	1834	2012-04-10 00:00:00
V	14222	2679	2013-09-12 00:00:00
V	14223	6540	2013-11-09 00:00:00
V	14224	8403	2014-04-05 00:00:00
V	14225	9546	2014-01-27 00:00:00
V	14226	11246	2012-11-09 00:00:00
V	14227	17216	2014-03-06 00:00:00
V	14228	12525	2014-04-03 00:00:00
V	14229	15778	2012-12-23 00:00:00
V	14230	13306	2014-02-20 00:00:00
V	14231	14929	2013-09-18 00:00:00
V	14232	13267	2013-10-12 00:00:00
V	14233	17199	2013-09-19 00:00:00
V	14234	13638	2013-12-05 00:00:00
V	14235	8613	2014-03-08 00:00:00
V	14236	12034	2013-12-10 00:00:00
V	14237	6806	2013-12-07 00:00:00
V	14238	4875	2013-10-23 00:00:00
V	14239	2324	2013-11-24 00:00:00
V	14240	16360	2013-09-17 00:00:00
V	14241	74	2014-06-26 00:00:00
V	14242	9667	2013-10-21 00:00:00
V	14243	2990	2014-03-24 00:00:00
V	14244	14793	2014-04-21 00:00:00
V	14245	5745	2014-02-06 00:00:00
V	14246	17156	2014-04-09 00:00:00
V	14247	18400	2012-11-18 00:00:00
V	14248	4397	2013-07-22 00:00:00
V	14249	17942	2014-05-22 00:00:00
V	14250	10777	2013-12-14 00:00:00
V	14251	9273	2013-07-27 00:00:00
V	14252	6262	2014-04-25 00:00:00
V	14253	7917	2013-12-01 00:00:00
V	14254	17813	2012-08-18 00:00:00
V	14255	9448	2014-02-01 00:00:00
V	14256	11484	2013-03-25 00:00:00
V	14257	6652	2013-07-14 00:00:00
V	14258	16232	2014-03-12 00:00:00
V	14259	4531	2011-10-22 00:00:00
V	14260	11270	2014-05-02 00:00:00
V	14261	13829	2014-05-14 00:00:00
V	14262	16608	2013-09-19 00:00:00
V	14263	7858	2012-05-09 00:00:00
V	14264	5338	2014-05-25 00:00:00
V	14265	15082	2013-12-16 00:00:00
V	14266	14797	2013-10-09 00:00:00
V	14267	3176	2011-09-28 00:00:00
V	14268	8026	2011-09-10 00:00:00
V	14269	13740	2013-10-05 00:00:00
V	14270	7738	2012-09-16 00:00:00
V	14271	10574	2014-02-08 00:00:00
V	14272	17421	2013-08-10 00:00:00
V	14273	10390	2013-12-01 00:00:00
V	14274	10269	2013-09-30 00:00:00
V	14275	17352	2013-08-21 00:00:00
V	14276	2163	2013-09-08 00:00:00
V	14277	6509	2014-01-07 00:00:00
V	14278	8806	2013-08-10 00:00:00
V	14279	7492	2014-06-29 00:00:00
V	14280	3627	2013-07-23 00:00:00
V	14281	2965	2013-09-08 00:00:00
V	14282	3942	2014-04-23 00:00:00
V	14283	8990	2013-11-28 00:00:00
V	14284	17904	2013-12-23 00:00:00
V	14285	13266	2014-05-19 00:00:00
V	14286	2126	2013-09-13 00:00:00
V	14287	4732	2014-01-04 00:00:00
V	14288	6391	2014-04-01 00:00:00
V	14289	17994	2013-10-02 00:00:00
V	14290	14808	2014-04-25 00:00:00
V	14291	6530	2011-11-29 00:00:00
V	14292	1756	2014-01-08 00:00:00
V	14293	989	2014-03-07 00:00:00
V	14294	8141	2013-11-29 00:00:00
V	14295	2118	2013-01-12 00:00:00
V	14296	2552	2014-01-08 00:00:00
V	14297	17319	2013-04-09 00:00:00
V	14298	12889	2013-08-25 00:00:00
V	14299	10588	2014-02-09 00:00:00
V	14300	11204	2013-11-18 00:00:00
V	14301	17875	2014-06-28 00:00:00
V	14302	18516	2013-05-16 00:00:00
V	14303	3350	2014-06-27 00:00:00
V	14304	6964	2013-07-25 00:00:00
V	14305	16244	2013-09-19 00:00:00
V	14306	10696	2014-05-16 00:00:00
V	14307	18713	2013-10-30 00:00:00
V	14308	11944	2011-12-06 00:00:00
V	14309	4351	2014-05-03 00:00:00
V	14310	3264	2013-04-28 00:00:00
V	14311	1847	2013-12-30 00:00:00
V	14312	15699	2013-11-14 00:00:00
V	14313	8140	2014-05-22 00:00:00
V	14314	6408	2013-10-03 00:00:00
V	14315	17327	2012-03-02 00:00:00
V	14316	671	2014-03-01 00:00:00
V	14317	8910	2011-10-29 00:00:00
V	14318	15085	2013-12-30 00:00:00
V	14319	16116	2014-06-22 00:00:00
V	14320	4093	2013-04-04 00:00:00
V	14321	7978	2014-04-19 00:00:00
V	14322	7925	2013-07-29 00:00:00
V	14323	1478	2013-07-07 00:00:00
V	14324	10438	2014-05-08 00:00:00
V	14325	1051	2013-10-01 00:00:00
V	14326	10762	2012-10-01 00:00:00
V	14327	5384	2014-04-08 00:00:00
V	14328	9132	2013-08-04 00:00:00
V	14329	6034	2014-05-21 00:00:00
V	14330	3849	2013-07-14 00:00:00
V	14331	10421	2014-03-24 00:00:00
V	14332	15062	2012-05-01 00:00:00
V	14333	12441	2012-09-21 00:00:00
V	14334	4926	2012-12-30 00:00:00
V	14335	3305	2014-04-14 00:00:00
V	14336	19098	2014-05-16 00:00:00
V	14337	13528	2013-09-20 00:00:00
V	14338	19082	2014-02-07 00:00:00
V	14339	362	2014-06-05 00:00:00
V	14340	14199	2013-09-16 00:00:00
V	14341	5143	2013-11-18 00:00:00
V	14342	18223	2013-07-28 00:00:00
V	14343	7629	2012-09-12 00:00:00
V	14344	13048	2012-01-30 00:00:00
V	14345	2620	2013-08-01 00:00:00
V	14346	4982	2013-08-24 00:00:00
V	14347	5087	2013-06-30 00:00:00
V	14348	3411	2012-05-25 00:00:00
V	14349	3493	2014-03-27 00:00:00
V	14350	5969	2014-01-01 00:00:00
V	14351	4099	2014-05-11 00:00:00
V	14352	11135	2013-08-24 00:00:00
V	14353	3989	2013-01-03 00:00:00
V	14354	3880	2014-01-27 00:00:00
V	14355	13175	2013-09-10 00:00:00
V	14356	2983	2013-07-10 00:00:00
V	14357	12502	2014-02-10 00:00:00
V	14358	7394	2013-09-12 00:00:00
V	14359	4428	2011-07-30 00:00:00
V	14360	2527	2013-07-14 00:00:00
V	14361	12370	2013-10-17 00:00:00
V	14362	10155	2014-03-05 00:00:00
V	14363	16229	2013-09-06 00:00:00
V	14364	11234	2013-10-13 00:00:00
V	14365	13501	2013-09-12 00:00:00
V	14366	3607	2013-09-12 00:00:00
V	14367	8889	2012-08-12 00:00:00
V	14368	17423	2014-03-02 00:00:00
V	14369	14825	2013-07-16 00:00:00
V	14370	8214	2014-05-09 00:00:00
V	14371	2339	2013-12-04 00:00:00
V	14372	19237	2014-06-20 00:00:00
V	14373	13814	2014-01-10 00:00:00
V	14374	6640	2011-06-07 00:00:00
V	14375	7233	2014-01-23 00:00:00
V	14376	5975	2013-04-26 00:00:00
V	14377	17027	2012-11-15 00:00:00
V	14378	5586	2013-05-09 00:00:00
V	14379	5394	2012-06-29 00:00:00
V	14380	15410	2013-08-28 00:00:00
V	14381	1148	2014-05-22 00:00:00
V	14382	17245	2013-03-17 00:00:00
V	14383	7640	2013-11-09 00:00:00
V	14384	4390	2011-11-12 00:00:00
V	14385	11993	2013-10-24 00:00:00
V	14386	4923	2013-08-21 00:00:00
V	14387	8853	2012-11-03 00:00:00
V	14388	1389	2014-06-07 00:00:00
V	14389	16446	2014-06-09 00:00:00
V	14390	6833	2014-05-25 00:00:00
V	14391	16623	2013-10-22 00:00:00
V	14392	17437	2012-11-10 00:00:00
V	14393	11528	2011-08-05 00:00:00
V	14394	6871	2012-09-19 00:00:00
V	14395	6699	2013-12-24 00:00:00
V	14396	14943	2013-12-17 00:00:00
V	14397	292	2012-11-08 00:00:00
V	14398	16211	2013-12-16 00:00:00
V	14399	3083	2014-03-15 00:00:00
V	14400	16100	2013-08-09 00:00:00
V	14401	2344	2013-08-06 00:00:00
V	14402	15806	2012-05-13 00:00:00
V	14403	6821	2013-08-04 00:00:00
V	14404	8841	2014-04-25 00:00:00
V	14405	8443	2014-01-27 00:00:00
V	14406	11557	2014-04-19 00:00:00
V	14407	9407	2014-04-06 00:00:00
V	14408	13279	2014-06-27 00:00:00
V	14409	11566	2013-09-17 00:00:00
V	14410	15033	2014-05-10 00:00:00
V	14411	4492	2014-03-27 00:00:00
V	14412	18213	2014-05-29 00:00:00
V	14413	18140	2013-05-09 00:00:00
V	14414	8239	2014-05-20 00:00:00
V	14415	3141	2014-06-12 00:00:00
V	14416	7665	2011-11-17 00:00:00
V	14417	8034	2013-07-17 00:00:00
V	14418	18673	2014-05-17 00:00:00
V	14419	15438	2011-07-15 00:00:00
V	14420	7681	2013-12-08 00:00:00
V	14421	4032	2014-05-06 00:00:00
V	14422	17379	2013-08-02 00:00:00
V	14423	5084	2013-12-23 00:00:00
V	14424	7345	2013-10-29 00:00:00
V	14425	1806	2012-10-07 00:00:00
V	14426	7737	2014-04-20 00:00:00
V	14427	7032	2012-12-23 00:00:00
V	14428	550	2014-05-21 00:00:00
V	14429	14659	2014-04-02 00:00:00
V	14430	15158	2014-03-10 00:00:00
V	14431	11523	2013-07-02 00:00:00
V	14432	999	2013-12-31 00:00:00
V	14433	12088	2014-04-27 00:00:00
V	14434	13583	2014-05-19 00:00:00
V	14435	7247	2012-10-20 00:00:00
V	14436	8286	2013-07-16 00:00:00
V	14437	16766	2013-09-05 00:00:00
V	14438	4186	2014-01-25 00:00:00
V	14439	9145	2014-03-12 00:00:00
V	14440	14249	2013-10-04 00:00:00
V	14441	10866	2014-05-15 00:00:00
V	14442	3793	2014-01-24 00:00:00
V	14443	19062	2011-11-24 00:00:00
V	14444	11544	2013-11-24 00:00:00
V	14445	5001	2014-04-26 00:00:00
V	14446	1301	2011-07-06 00:00:00
V	14447	12773	2013-06-16 00:00:00
V	14448	11344	2013-09-01 00:00:00
V	14449	17471	2013-09-10 00:00:00
V	14450	11851	2013-11-29 00:00:00
V	14451	15562	2012-01-23 00:00:00
V	14452	4350	2013-07-31 00:00:00
V	14453	10705	2014-04-22 00:00:00
V	14454	18216	2012-11-05 00:00:00
V	14455	8471	2014-05-08 00:00:00
V	14456	17616	2013-09-09 00:00:00
V	14457	7415	2014-03-05 00:00:00
V	14458	12260	2013-07-24 00:00:00
V	14459	6500	2012-01-26 00:00:00
V	14460	1594	2013-09-12 00:00:00
V	14461	7685	2014-05-02 00:00:00
V	14462	11356	2013-07-20 00:00:00
V	14463	8265	2013-08-06 00:00:00
V	14464	5273	2013-07-19 00:00:00
V	14465	1355	2013-12-09 00:00:00
V	14466	13091	2012-07-08 00:00:00
V	14467	2240	2013-01-24 00:00:00
V	14468	10464	2014-03-18 00:00:00
V	14469	15418	2014-04-29 00:00:00
V	14470	1377	2014-01-27 00:00:00
V	14471	5450	2013-11-19 00:00:00
V	14472	4975	2013-09-08 00:00:00
V	14473	6121	2014-01-01 00:00:00
V	14474	3021	2011-11-27 00:00:00
V	14475	17565	2012-06-06 00:00:00
V	14476	17619	2013-12-06 00:00:00
V	14477	8190	2013-08-08 00:00:00
V	14478	14029	2013-09-05 00:00:00
V	14479	6230	2014-04-30 00:00:00
V	14480	10276	2013-07-17 00:00:00
V	14481	3646	2014-01-22 00:00:00
V	14482	16057	2013-11-11 00:00:00
V	14483	12286	2013-10-04 00:00:00
V	14484	9251	2014-03-24 00:00:00
V	14485	169	2012-06-14 00:00:00
V	14486	4120	2011-12-08 00:00:00
V	14487	5873	2011-06-04 00:00:00
V	14488	6491	2012-12-03 00:00:00
V	14489	14658	2014-06-25 00:00:00
V	14490	17225	2014-05-12 00:00:00
V	14491	15421	2013-02-08 00:00:00
V	14492	17577	2013-06-28 00:00:00
V	14493	11527	2014-01-01 00:00:00
V	14494	11251	2014-05-06 00:00:00
V	14495	2578	2012-03-22 00:00:00
V	14496	17009	2014-05-17 00:00:00
V	14497	1749	2013-09-03 00:00:00
V	14498	18198	2013-08-27 00:00:00
V	14499	18057	2013-09-08 00:00:00
V	14500	13096	2014-02-16 00:00:00
V	14501	14117	2014-01-05 00:00:00
V	14502	14717	2014-01-03 00:00:00
V	14503	13594	2014-06-27 00:00:00
V	14504	2298	2012-07-24 00:00:00
V	14505	93	2013-09-25 00:00:00
V	14506	4561	2014-03-14 00:00:00
V	14507	6089	2013-11-14 00:00:00
V	14508	14342	2014-06-28 00:00:00
V	14509	302	2013-05-02 00:00:00
V	14510	11595	2013-09-11 00:00:00
V	14511	17172	2013-07-10 00:00:00
V	14512	8367	2013-08-10 00:00:00
V	14513	11802	2013-03-19 00:00:00
V	14514	2295	2013-10-15 00:00:00
V	14515	6557	2013-10-24 00:00:00
V	14516	13813	2014-03-12 00:00:00
V	14517	12323	2012-04-03 00:00:00
V	14518	4209	2013-12-09 00:00:00
V	14519	18577	2013-07-28 00:00:00
V	14520	9341	2013-07-27 00:00:00
V	14521	7620	2014-03-15 00:00:00
V	14522	16088	2013-11-14 00:00:00
V	14523	9592	2011-10-19 00:00:00
V	14524	12200	2014-01-27 00:00:00
V	14525	64	2013-10-13 00:00:00
V	14526	6921	2012-12-27 00:00:00
V	14527	17816	2014-01-24 00:00:00
V	14528	16802	2014-01-21 00:00:00
V	14529	15612	2012-06-18 00:00:00
V	14530	3733	2013-12-23 00:00:00
V	14531	9466	2011-12-14 00:00:00
V	14532	4715	2013-04-07 00:00:00
V	14533	9542	2012-01-29 00:00:00
V	14534	11835	2014-02-12 00:00:00
V	14535	17776	2013-05-25 00:00:00
V	14536	1985	2014-02-19 00:00:00
V	14537	9985	2013-12-08 00:00:00
V	14538	1265	2013-02-01 00:00:00
V	14539	14565	2013-08-08 00:00:00
V	14540	16897	2014-02-17 00:00:00
V	14541	7794	2013-09-12 00:00:00
V	14542	1852	2013-11-13 00:00:00
V	14543	18055	2013-08-07 00:00:00
V	14544	14052	2014-02-07 00:00:00
V	14545	18409	2013-08-31 00:00:00
V	14546	6926	2013-11-19 00:00:00
V	14547	10618	2011-10-13 00:00:00
V	14548	1680	2013-09-10 00:00:00
V	14549	16302	2013-07-01 00:00:00
V	14550	104	2013-07-12 00:00:00
V	14551	7085	2012-05-31 00:00:00
V	14552	4989	2012-03-14 00:00:00
V	14553	12010	2014-04-01 00:00:00
V	14554	4752	2014-04-28 00:00:00
V	14555	5643	2013-10-13 00:00:00
V	14556	1551	2014-01-23 00:00:00
V	14557	2638	2013-04-22 00:00:00
V	14558	5687	2014-04-01 00:00:00
V	14559	14960	2013-08-23 00:00:00
V	14560	7490	2013-07-04 00:00:00
V	14561	12864	2012-12-14 00:00:00
V	14562	15250	2014-02-03 00:00:00
V	14563	3373	2013-08-17 00:00:00
V	14564	7237	2014-02-03 00:00:00
V	14565	7433	2014-06-19 00:00:00
V	14566	8030	2013-11-03 00:00:00
V	14567	9809	2014-03-29 00:00:00
V	14568	14103	2012-03-31 00:00:00
V	14569	256	2014-05-16 00:00:00
V	14570	1448	2013-08-21 00:00:00
V	14571	11107	2013-12-27 00:00:00
V	14572	5175	2013-11-15 00:00:00
V	14573	3860	2013-04-22 00:00:00
V	14574	16538	2013-08-01 00:00:00
V	14575	580	2013-10-11 00:00:00
V	14576	5934	2013-08-07 00:00:00
V	14577	12575	2014-03-19 00:00:00
V	14578	15558	2013-01-19 00:00:00
V	14579	1458	2012-08-10 00:00:00
V	14580	11862	2013-03-21 00:00:00
V	14581	14043	2014-05-29 00:00:00
V	14582	11324	2013-11-28 00:00:00
V	14583	861	2014-04-10 00:00:00
V	14584	18098	2012-07-16 00:00:00
V	14585	16616	2012-08-25 00:00:00
V	14586	11937	2013-12-19 00:00:00
V	14587	10924	2013-12-31 00:00:00
V	14588	9343	2011-09-17 00:00:00
V	14589	2498	2013-07-04 00:00:00
V	14590	2275	2014-04-04 00:00:00
V	14591	18348	2014-01-21 00:00:00
V	14592	12290	2013-07-04 00:00:00
V	14593	6467	2014-04-25 00:00:00
V	14594	7752	2013-09-22 00:00:00
V	14595	9311	2013-07-06 00:00:00
V	14596	438	2014-03-15 00:00:00
V	14597	14203	2013-11-23 00:00:00
V	14598	17879	2013-08-08 00:00:00
V	14599	18945	2013-10-12 00:00:00
V	14600	16492	2013-07-01 00:00:00
V	14601	14871	2013-12-22 00:00:00
V	14602	15451	2011-09-26 00:00:00
V	14603	8782	2013-01-19 00:00:00
V	14604	10720	2013-07-31 00:00:00
V	14605	6229	2013-09-12 00:00:00
V	14606	1154	2013-01-03 00:00:00
V	14607	15661	2013-07-23 00:00:00
V	14608	9960	2014-06-21 00:00:00
V	14609	16528	2014-03-02 00:00:00
V	14610	6847	2012-07-10 00:00:00
V	14611	13838	2014-03-02 00:00:00
V	14612	14749	2013-10-27 00:00:00
V	14613	12315	2011-06-21 00:00:00
V	14614	6278	2013-10-24 00:00:00
V	14615	18421	2012-02-14 00:00:00
V	14616	213	2011-12-30 00:00:00
V	14617	14307	2014-03-18 00:00:00
V	14618	14496	2011-08-30 00:00:00
V	14619	1117	2013-07-29 00:00:00
V	14620	17974	2013-06-23 00:00:00
V	14621	11079	2014-05-07 00:00:00
V	14622	9638	2014-03-15 00:00:00
V	14623	4542	2014-01-17 00:00:00
V	14624	2189	2013-09-14 00:00:00
V	14625	1464	2012-06-15 00:00:00
V	14626	12778	2013-03-12 00:00:00
V	14627	15881	2014-03-14 00:00:00
V	14628	6218	2012-06-24 00:00:00
V	14629	18788	2013-08-12 00:00:00
V	14630	18092	2014-01-06 00:00:00
V	14631	14663	2013-09-02 00:00:00
V	14632	13623	2014-06-25 00:00:00
V	14633	315	2012-05-07 00:00:00
V	14634	2346	2011-09-22 00:00:00
V	14635	1328	2013-04-29 00:00:00
V	14636	15582	2014-05-25 00:00:00
V	14637	17145	2013-05-18 00:00:00
V	14638	12359	2013-08-15 00:00:00
V	14639	17622	2013-09-05 00:00:00
V	14640	12848	2014-02-08 00:00:00
V	14641	6837	2014-05-07 00:00:00
V	14642	5194	2013-07-10 00:00:00
V	14643	1366	2013-07-12 00:00:00
V	14644	17089	2014-03-10 00:00:00
V	14645	2725	2013-08-10 00:00:00
V	14646	1728	2013-06-29 00:00:00
V	14647	10116	2012-11-04 00:00:00
V	14648	15067	2014-04-21 00:00:00
V	14649	1453	2013-11-13 00:00:00
V	14650	3930	2014-06-26 00:00:00
V	14651	11763	2013-11-06 00:00:00
V	14652	9602	2013-10-03 00:00:00
V	14653	6222	2012-04-06 00:00:00
V	14654	4884	2014-01-23 00:00:00
V	14655	11634	2013-10-05 00:00:00
V	14656	1289	2013-10-02 00:00:00
V	14657	2801	2011-10-04 00:00:00
V	14658	8352	2014-01-05 00:00:00
V	14659	11583	2013-11-02 00:00:00
V	14660	12431	2013-12-29 00:00:00
V	14661	8113	2013-09-13 00:00:00
V	14662	8045	2014-03-30 00:00:00
V	14663	13323	2011-06-08 00:00:00
V	14664	8233	2012-12-01 00:00:00
V	14665	13129	2014-05-19 00:00:00
V	14666	2600	2013-03-24 00:00:00
V	14667	3348	2012-05-17 00:00:00
V	14668	17275	2014-04-16 00:00:00
V	14669	18009	2013-05-11 00:00:00
V	14670	14962	2013-12-20 00:00:00
V	14671	14879	2014-02-27 00:00:00
V	14672	14646	2014-02-11 00:00:00
V	14673	13554	2011-06-27 00:00:00
V	14674	12593	2013-07-24 00:00:00
V	14675	10122	2014-06-11 00:00:00
V	14676	5763	2012-11-05 00:00:00
V	14677	421	2013-11-28 00:00:00
V	14678	8060	2014-03-30 00:00:00
V	14679	12471	2013-08-15 00:00:00
V	14680	2654	2014-02-28 00:00:00
V	14681	2430	2012-11-25 00:00:00
V	14682	5506	2014-02-16 00:00:00
V	14683	9097	2014-01-22 00:00:00
V	14684	486	2012-05-23 00:00:00
V	14685	11269	2013-03-10 00:00:00
V	14686	9163	2014-03-17 00:00:00
V	14687	3676	2013-10-18 00:00:00
V	14688	15382	2014-04-20 00:00:00
V	14689	13761	2014-03-24 00:00:00
V	14690	2630	2011-08-26 00:00:00
V	14691	12116	2013-02-15 00:00:00
V	14692	5732	2013-07-04 00:00:00
V	14693	3233	2013-04-06 00:00:00
V	14694	15743	2013-03-12 00:00:00
V	14695	13109	2014-01-11 00:00:00
V	14696	12345	2014-05-08 00:00:00
V	14697	3011	2013-11-03 00:00:00
V	14698	4827	2013-11-10 00:00:00
V	14699	5039	2013-09-27 00:00:00
V	14700	18362	2012-12-29 00:00:00
V	14701	10291	2014-01-10 00:00:00
V	14702	14914	2014-06-14 00:00:00
V	14703	7705	2014-04-06 00:00:00
V	14704	12685	2013-07-12 00:00:00
V	14705	15905	2011-09-04 00:00:00
V	14706	18026	2014-05-21 00:00:00
V	14707	5485	2014-02-03 00:00:00
V	14708	296	2013-10-16 00:00:00
V	14709	15156	2012-06-06 00:00:00
V	14710	17003	2014-04-14 00:00:00
V	14711	7602	2013-09-14 00:00:00
V	14712	5367	2013-12-05 00:00:00
V	14713	15533	2013-10-26 00:00:00
V	14714	8644	2013-02-24 00:00:00
V	14715	6605	2013-09-06 00:00:00
V	14716	6522	2013-07-05 00:00:00
V	14717	3585	2013-10-05 00:00:00
V	14718	10974	2013-07-20 00:00:00
V	14719	6165	2014-02-23 00:00:00
V	14720	3077	2012-10-23 00:00:00
V	14721	18020	2013-07-10 00:00:00
V	14722	6580	2012-12-02 00:00:00
V	14723	16789	2012-01-11 00:00:00
V	14724	11586	2014-04-04 00:00:00
V	14725	15254	2012-09-10 00:00:00
V	14726	9840	2012-02-23 00:00:00
V	14727	15357	2012-11-22 00:00:00
V	14728	14967	2014-03-24 00:00:00
V	14729	10710	2013-10-03 00:00:00
V	14730	14812	2013-11-10 00:00:00
V	14731	13730	2013-05-11 00:00:00
V	14732	13062	2012-06-30 00:00:00
V	14733	13890	2013-09-29 00:00:00
V	14734	18869	2014-05-20 00:00:00
V	14735	4852	2011-11-03 00:00:00
V	14736	9267	2013-08-22 00:00:00
V	14737	5038	2013-10-21 00:00:00
V	14738	18080	2013-08-02 00:00:00
V	14739	6317	2014-02-28 00:00:00
V	14740	18750	2012-06-08 00:00:00
V	14741	14488	2013-05-22 00:00:00
V	14742	8968	2014-04-20 00:00:00
V	14743	10936	2011-06-22 00:00:00
V	14744	10470	2014-01-28 00:00:00
V	14745	1836	2013-12-23 00:00:00
V	14746	15708	2013-08-20 00:00:00
V	14747	1254	2013-11-05 00:00:00
V	14748	1974	2013-05-23 00:00:00
V	14749	18510	2012-01-13 00:00:00
V	14750	8173	2011-08-28 00:00:00
V	14751	10293	2012-09-11 00:00:00
V	14752	13786	2014-02-14 00:00:00
V	14753	11818	2014-02-09 00:00:00
V	14754	1456	2014-01-25 00:00:00
V	14755	12879	2011-10-09 00:00:00
V	14756	17580	2014-05-05 00:00:00
V	14757	3110	2013-07-05 00:00:00
V	14758	986	2014-02-11 00:00:00
V	14759	8727	2014-03-15 00:00:00
V	14760	18785	2012-05-22 00:00:00
V	14761	16958	2013-02-04 00:00:00
V	14762	2776	2013-12-17 00:00:00
V	14763	17804	2014-04-05 00:00:00
V	14764	6497	2014-04-26 00:00:00
V	14765	11140	2014-05-20 00:00:00
V	14766	8546	2014-01-06 00:00:00
V	14767	10429	2011-06-28 00:00:00
V	14768	8293	2013-03-30 00:00:00
V	14769	3495	2012-07-08 00:00:00
V	14770	6989	2013-10-17 00:00:00
V	14771	17719	2014-02-06 00:00:00
V	14772	5601	2013-04-20 00:00:00
V	14773	9794	2013-05-01 00:00:00
V	14774	842	2012-12-03 00:00:00
V	14775	12494	2013-09-12 00:00:00
V	14776	1432	2012-04-30 00:00:00
V	14777	2469	2013-12-05 00:00:00
V	14778	18595	2014-03-23 00:00:00
V	14779	10626	2014-04-15 00:00:00
V	14780	2717	2011-09-27 00:00:00
V	14781	18075	2013-09-04 00:00:00
V	14782	15579	2012-01-31 00:00:00
V	14783	16506	2014-05-10 00:00:00
V	14784	6693	2014-03-25 00:00:00
V	14785	12156	2013-04-04 00:00:00
V	14786	2843	2013-11-12 00:00:00
V	14787	5854	2013-04-04 00:00:00
V	14788	16456	2014-04-13 00:00:00
V	14789	9040	2012-10-07 00:00:00
V	14790	11015	2013-08-15 00:00:00
V	14791	14884	2014-04-20 00:00:00
V	14792	15718	2013-07-21 00:00:00
V	14793	13868	2013-09-27 00:00:00
V	14794	18236	2013-12-27 00:00:00
V	14795	13165	2014-05-08 00:00:00
V	14796	7399	2013-08-17 00:00:00
V	14797	9437	2013-07-28 00:00:00
V	14798	1661	2013-03-31 00:00:00
V	14799	12055	2013-08-03 00:00:00
V	14800	9693	2012-06-01 00:00:00
V	14801	1290	2013-05-09 00:00:00
V	14802	2087	2013-07-10 00:00:00
V	14803	13069	2014-03-06 00:00:00
V	14804	15837	2014-04-07 00:00:00
V	14805	14806	2014-02-04 00:00:00
V	14806	6898	2014-04-13 00:00:00
V	14807	4556	2013-10-05 00:00:00
V	14808	6634	2014-03-08 00:00:00
V	14809	14598	2013-11-18 00:00:00
V	14810	18648	2013-09-01 00:00:00
V	14811	7049	2014-01-09 00:00:00
V	14812	9319	2014-05-30 00:00:00
V	14813	6447	2014-02-26 00:00:00
V	14814	9293	2014-05-30 00:00:00
V	14815	3471	2012-11-27 00:00:00
V	14816	13020	2013-03-22 00:00:00
V	14817	10601	2013-01-12 00:00:00
V	14818	9255	2013-10-02 00:00:00
V	14819	9682	2012-07-26 00:00:00
V	14820	16109	2013-01-24 00:00:00
V	14821	14557	2013-09-12 00:00:00
V	14822	5688	2014-03-15 00:00:00
V	14823	3329	2013-10-29 00:00:00
V	14824	1222	2013-12-27 00:00:00
V	14825	5545	2014-03-01 00:00:00
V	14826	7793	2014-02-13 00:00:00
V	14827	14679	2013-07-18 00:00:00
V	14828	6026	2013-09-15 00:00:00
V	14829	18219	2012-08-14 00:00:00
V	14830	1277	2014-02-07 00:00:00
V	14831	8438	2012-10-24 00:00:00
V	14832	4202	2012-01-27 00:00:00
V	14833	8813	2013-12-17 00:00:00
V	14834	9511	2013-08-13 00:00:00
V	14835	14965	2014-03-19 00:00:00
V	14836	12963	2013-03-06 00:00:00
V	14837	6945	2013-11-16 00:00:00
V	14838	3527	2014-02-23 00:00:00
V	14839	2013	2011-08-28 00:00:00
V	14840	11420	2011-11-20 00:00:00
V	14841	4770	2013-10-23 00:00:00
V	14842	10927	2014-06-16 00:00:00
V	14843	12956	2013-11-23 00:00:00
V	14844	1267	2013-11-21 00:00:00
V	14845	8082	2012-12-31 00:00:00
V	14846	14194	2014-01-19 00:00:00
V	14847	1824	2013-08-18 00:00:00
V	14848	713	2014-03-21 00:00:00
V	14849	5130	2011-11-15 00:00:00
V	14850	12744	2014-02-07 00:00:00
V	14851	14855	2012-12-15 00:00:00
V	14852	3436	2013-09-26 00:00:00
V	14853	3081	2014-04-17 00:00:00
V	14854	4719	2014-02-04 00:00:00
V	14855	7108	2013-10-10 00:00:00
V	14856	17214	2013-11-12 00:00:00
V	14857	8384	2012-09-10 00:00:00
V	14858	8598	2014-06-01 00:00:00
V	14859	18663	2014-01-19 00:00:00
V	14860	2690	2013-08-21 00:00:00
V	14861	11971	2013-09-15 00:00:00
V	14862	643	2012-02-20 00:00:00
V	14863	7728	2013-08-17 00:00:00
V	14864	7297	2014-03-17 00:00:00
V	14865	18469	2014-05-02 00:00:00
V	14866	9076	2013-05-04 00:00:00
V	14867	14481	2013-09-10 00:00:00
V	14868	18896	2014-03-26 00:00:00
V	14869	11296	2014-06-24 00:00:00
V	14870	9235	2014-01-07 00:00:00
V	14871	9185	2013-08-15 00:00:00
V	14872	12604	2013-12-25 00:00:00
V	14873	8771	2012-07-04 00:00:00
V	14874	5771	2013-08-25 00:00:00
V	14875	10844	2014-03-31 00:00:00
V	14876	3762	2012-10-22 00:00:00
V	14877	984	2012-11-15 00:00:00
V	14878	2506	2013-11-11 00:00:00
V	14879	13211	2014-05-17 00:00:00
V	14880	3558	2013-03-02 00:00:00
V	14881	7200	2012-11-18 00:00:00
V	14882	5521	2011-10-04 00:00:00
V	14883	555	2012-06-04 00:00:00
V	14884	499	2014-05-08 00:00:00
V	14885	3418	2013-02-12 00:00:00
V	14886	14284	2013-10-13 00:00:00
V	14887	18191	2014-01-31 00:00:00
V	14888	4865	2011-10-15 00:00:00
V	14889	6864	2014-04-21 00:00:00
V	14890	6426	2014-02-21 00:00:00
V	14891	5413	2011-10-31 00:00:00
V	14892	6924	2013-11-16 00:00:00
V	14893	10285	2013-08-19 00:00:00
V	14894	9549	2013-12-19 00:00:00
V	14895	3971	2013-06-03 00:00:00
V	14896	10015	2012-12-31 00:00:00
V	14897	9497	2011-06-01 00:00:00
V	14898	12122	2014-04-15 00:00:00
V	14899	18884	2014-04-24 00:00:00
V	14900	12151	2012-11-08 00:00:00
V	14901	13089	2014-04-07 00:00:00
V	14902	10620	2013-11-29 00:00:00
V	14903	11569	2013-10-01 00:00:00
V	14904	5696	2013-08-29 00:00:00
V	14905	13618	2014-03-03 00:00:00
V	14906	13146	2013-08-05 00:00:00
V	14907	16696	2011-08-17 00:00:00
V	14908	4967	2014-05-14 00:00:00
V	14909	5549	2013-11-27 00:00:00
V	14910	16886	2014-04-07 00:00:00
V	14911	18207	2012-07-01 00:00:00
V	14912	17670	2013-12-11 00:00:00
V	14913	16291	2013-07-05 00:00:00
V	14914	18234	2013-03-03 00:00:00
V	14915	4092	2013-10-03 00:00:00
V	14916	14783	2014-01-17 00:00:00
V	14917	15568	2011-09-07 00:00:00
V	14918	10372	2013-05-07 00:00:00
V	14919	12123	2014-01-16 00:00:00
V	14920	12191	2011-06-06 00:00:00
V	14921	12856	2013-09-13 00:00:00
V	14922	13976	2014-05-20 00:00:00
V	14923	6449	2014-04-01 00:00:00
V	14924	9066	2013-11-29 00:00:00
V	14925	7896	2013-11-04 00:00:00
V	14926	2926	2014-05-14 00:00:00
V	14927	17142	2014-06-29 00:00:00
V	14928	3740	2014-04-27 00:00:00
V	14929	14243	2014-06-30 00:00:00
V	14930	2696	2013-10-06 00:00:00
V	14931	8988	2013-11-26 00:00:00
V	14932	15430	2012-01-20 00:00:00
V	14933	1155	2014-05-05 00:00:00
V	14934	12660	2013-12-19 00:00:00
V	14935	1492	2014-04-12 00:00:00
V	14936	14678	2013-10-02 00:00:00
V	14937	18761	2012-01-07 00:00:00
V	14938	12022	2013-09-10 00:00:00
V	14939	11805	2013-08-18 00:00:00
V	14940	14147	2012-01-07 00:00:00
V	14941	5029	2014-02-01 00:00:00
V	14942	6711	2013-11-07 00:00:00
V	14943	9936	2013-11-05 00:00:00
V	14944	4998	2013-08-01 00:00:00
V	14945	9197	2014-05-29 00:00:00
V	14946	10848	2013-07-19 00:00:00
V	14947	9026	2013-08-21 00:00:00
V	14948	2760	2014-01-03 00:00:00
V	14949	18736	2013-08-17 00:00:00
V	14950	11530	2013-08-24 00:00:00
V	14951	8134	2013-07-31 00:00:00
V	14952	9176	2014-03-09 00:00:00
V	14953	10120	2013-02-22 00:00:00
V	14954	14735	2014-03-01 00:00:00
V	14955	111	2013-11-14 00:00:00
V	14956	9384	2014-06-16 00:00:00
V	14957	16120	2014-03-17 00:00:00
V	14958	18206	2014-01-11 00:00:00
V	14959	8166	2014-02-07 00:00:00
V	14960	2049	2014-05-19 00:00:00
V	14961	10311	2014-04-07 00:00:00
V	14962	12113	2012-12-21 00:00:00
V	14963	10026	2013-08-21 00:00:00
V	14964	16249	2013-09-20 00:00:00
V	14965	12919	2013-12-08 00:00:00
V	14966	14312	2013-08-05 00:00:00
V	14967	6917	2013-02-08 00:00:00
V	14968	15851	2013-08-29 00:00:00
V	14969	17920	2014-05-17 00:00:00
V	14970	4563	2013-04-28 00:00:00
V	14971	15316	2014-05-20 00:00:00
V	14972	14337	2014-01-01 00:00:00
V	14973	12219	2013-07-20 00:00:00
V	14974	8038	2011-07-24 00:00:00
V	14975	7802	2014-01-14 00:00:00
V	14976	15634	2013-09-11 00:00:00
V	14977	11755	2013-09-26 00:00:00
V	14978	3420	2014-01-18 00:00:00
V	14979	14049	2012-09-18 00:00:00
V	14980	6581	2014-04-26 00:00:00
V	14981	9826	2013-05-31 00:00:00
V	14982	9755	2012-08-07 00:00:00
V	14983	9873	2011-11-13 00:00:00
V	14984	13063	2013-09-11 00:00:00
V	14985	18566	2013-10-26 00:00:00
V	14986	18677	2013-10-24 00:00:00
V	14987	14144	2011-08-27 00:00:00
V	14988	4365	2013-08-21 00:00:00
V	14989	3145	2013-01-23 00:00:00
V	14990	4607	2013-11-23 00:00:00
V	14991	18485	2014-01-19 00:00:00
V	14992	2061	2013-05-13 00:00:00
V	14993	2325	2011-09-25 00:00:00
V	14994	9052	2012-07-16 00:00:00
V	14995	8198	2012-10-17 00:00:00
V	14996	18573	2013-10-26 00:00:00
V	14997	13936	2013-08-17 00:00:00
V	14998	14462	2013-11-24 00:00:00
V	14999	12720	2013-01-21 00:00:00
V	15000	12511	2014-04-09 00:00:00
V	15001	18887	2011-11-13 00:00:00
V	15002	14051	2014-05-14 00:00:00
V	15003	218	2014-02-25 00:00:00
V	15004	15221	2013-03-16 00:00:00
V	15005	17229	2012-03-09 00:00:00
V	15006	5559	2013-09-01 00:00:00
V	15007	5213	2011-07-07 00:00:00
V	15008	1968	2013-12-02 00:00:00
V	15009	10344	2013-05-19 00:00:00
V	15010	1167	2013-07-13 00:00:00
V	15011	12096	2014-06-24 00:00:00
V	15012	12373	2013-02-09 00:00:00
V	15013	18117	2014-02-03 00:00:00
V	15014	7707	2013-04-01 00:00:00
V	15015	502	2014-04-12 00:00:00
V	15016	9757	2013-11-28 00:00:00
V	15017	9373	2011-09-28 00:00:00
V	15018	19018	2014-05-07 00:00:00
V	15019	16098	2014-01-16 00:00:00
V	15020	19163	2014-02-08 00:00:00
V	15021	17461	2013-12-24 00:00:00
V	15022	18091	2014-05-19 00:00:00
V	15023	1287	2013-05-22 00:00:00
V	15024	5757	2014-04-17 00:00:00
V	15025	14444	2013-07-02 00:00:00
V	15026	17583	2014-04-19 00:00:00
V	15027	11457	2014-01-25 00:00:00
V	15028	17604	2013-03-07 00:00:00
V	15029	8993	2012-09-04 00:00:00
V	15030	18034	2013-12-02 00:00:00
V	15031	7695	2013-01-05 00:00:00
V	15032	7903	2013-12-19 00:00:00
V	15033	820	2013-12-01 00:00:00
V	15034	17397	2013-07-07 00:00:00
V	15035	17359	2013-08-26 00:00:00
V	15036	12535	2014-03-31 00:00:00
V	15037	9890	2013-10-17 00:00:00
V	15038	4472	2013-10-26 00:00:00
V	15039	18642	2013-07-18 00:00:00
V	15040	15359	2012-10-26 00:00:00
V	15041	3270	2013-08-26 00:00:00
V	15042	1214	2014-02-17 00:00:00
V	15043	9348	2013-11-25 00:00:00
V	15044	14377	2012-12-31 00:00:00
V	15045	4145	2013-04-29 00:00:00
V	15046	5588	2013-09-11 00:00:00
V	15047	4758	2011-07-31 00:00:00
V	15048	12983	2014-03-12 00:00:00
V	15049	5009	2014-03-05 00:00:00
V	15050	11277	2012-01-14 00:00:00
V	15051	1558	2013-08-02 00:00:00
V	15052	13302	2013-10-01 00:00:00
V	15053	14976	2013-01-29 00:00:00
V	15054	12861	2014-04-09 00:00:00
V	15055	16266	2014-02-21 00:00:00
V	15056	17165	2014-02-20 00:00:00
V	15057	9263	2013-03-26 00:00:00
V	15058	1554	2011-09-02 00:00:00
V	15059	313	2013-10-28 00:00:00
V	15060	3770	2012-03-03 00:00:00
V	15061	15785	2012-11-28 00:00:00
V	15062	9920	2013-03-01 00:00:00
V	15063	1864	2013-11-13 00:00:00
V	15064	5510	2014-02-16 00:00:00
V	15065	6450	2013-07-25 00:00:00
V	15066	3166	2013-07-13 00:00:00
V	15067	2720	2013-10-15 00:00:00
V	15068	6566	2013-12-18 00:00:00
V	15069	14662	2011-10-02 00:00:00
V	15070	9210	2014-05-09 00:00:00
V	15071	9023	2014-05-29 00:00:00
V	15072	10748	2014-05-28 00:00:00
V	15073	8195	2014-06-23 00:00:00
V	15074	4204	2012-07-04 00:00:00
V	15075	4375	2011-12-11 00:00:00
V	15076	10554	2011-12-30 00:00:00
V	15077	929	2013-10-10 00:00:00
V	15078	14025	2014-02-09 00:00:00
V	15079	13505	2013-09-04 00:00:00
V	15080	628	2013-09-03 00:00:00
V	15081	16981	2012-11-12 00:00:00
V	15082	702	2013-08-11 00:00:00
V	15083	9358	2013-05-02 00:00:00
V	15084	11167	2014-02-23 00:00:00
V	15085	17674	2013-01-17 00:00:00
V	15086	5655	2012-12-24 00:00:00
V	15087	10258	2013-10-03 00:00:00
V	15088	3749	2011-06-28 00:00:00
V	15089	3095	2013-11-26 00:00:00
V	15090	18173	2012-04-30 00:00:00
V	15091	5193	2013-07-02 00:00:00
V	15092	10774	2013-02-05 00:00:00
V	15093	12870	2013-09-15 00:00:00
V	15094	17506	2013-10-19 00:00:00
V	15095	2358	2013-12-07 00:00:00
V	15096	13724	2012-07-10 00:00:00
V	15097	10063	2014-01-22 00:00:00
V	15098	11010	2012-05-22 00:00:00
V	15099	3142	2013-12-11 00:00:00
V	15100	15684	2013-09-22 00:00:00
V	15101	5096	2013-07-02 00:00:00
V	15102	6330	2013-11-05 00:00:00
V	15103	17344	2012-07-03 00:00:00
V	15104	10369	2012-01-12 00:00:00
V	15105	6333	2013-10-15 00:00:00
V	15106	6480	2013-08-24 00:00:00
V	15107	12644	2011-11-17 00:00:00
V	15108	15788	2013-11-10 00:00:00
V	15109	11424	2013-02-03 00:00:00
V	15110	16774	2014-02-16 00:00:00
V	15111	18292	2013-01-25 00:00:00
V	15112	15003	2012-08-11 00:00:00
V	15113	4354	2014-05-18 00:00:00
V	15114	9788	2013-01-16 00:00:00
V	15115	18962	2014-06-04 00:00:00
V	15116	18517	2012-06-28 00:00:00
V	15117	17435	2013-09-12 00:00:00
V	15118	18560	2014-02-11 00:00:00
V	15119	9187	2014-04-20 00:00:00
V	15120	5429	2012-03-24 00:00:00
V	15121	5272	2011-11-07 00:00:00
V	15122	12962	2013-09-21 00:00:00
V	15123	16849	2014-05-31 00:00:00
V	15124	13418	2012-12-21 00:00:00
V	15125	2182	2012-01-29 00:00:00
V	15126	8369	2011-11-30 00:00:00
V	15127	6415	2013-10-20 00:00:00
V	15128	9058	2012-07-16 00:00:00
V	15129	8555	2014-05-06 00:00:00
V	15130	12947	2011-06-27 00:00:00
V	15131	6123	2014-02-05 00:00:00
V	15132	5323	2013-11-12 00:00:00
V	15133	9369	2012-09-17 00:00:00
V	15134	3183	2013-10-17 00:00:00
V	15135	8827	2011-10-21 00:00:00
V	15136	9642	2013-11-21 00:00:00
V	15137	3750	2013-04-22 00:00:00
V	15138	7509	2014-01-15 00:00:00
V	15139	18040	2011-06-18 00:00:00
V	15140	8809	2013-07-09 00:00:00
V	15141	12739	2013-10-26 00:00:00
V	15142	274	2013-01-19 00:00:00
V	15143	8628	2013-12-14 00:00:00
V	15144	16038	2014-03-12 00:00:00
V	15145	3657	2012-08-05 00:00:00
V	15146	11796	2014-04-06 00:00:00
V	15147	14682	2013-08-16 00:00:00
V	15148	16058	2014-05-03 00:00:00
V	15149	3695	2013-06-01 00:00:00
V	15150	9995	2014-06-18 00:00:00
V	15151	8357	2013-08-19 00:00:00
V	15152	7795	2012-09-22 00:00:00
V	15153	8450	2014-03-05 00:00:00
V	15154	4533	2014-03-07 00:00:00
V	15155	5579	2014-01-06 00:00:00
V	15156	10329	2014-05-14 00:00:00
V	15157	1744	2014-03-29 00:00:00
V	15158	1731	2014-01-13 00:00:00
V	15159	9792	2012-08-18 00:00:00
V	15160	2155	2013-12-13 00:00:00
V	15161	4824	2013-11-21 00:00:00
V	15162	1580	2012-06-17 00:00:00
V	15163	3556	2013-11-13 00:00:00
V	15164	2924	2014-05-12 00:00:00
V	15165	9881	2013-08-26 00:00:00
V	15166	7513	2014-03-03 00:00:00
V	15167	1232	2014-04-20 00:00:00
V	15168	58	2014-02-07 00:00:00
V	15169	17527	2014-04-15 00:00:00
V	15170	1973	2014-05-26 00:00:00
V	15171	5567	2014-03-03 00:00:00
V	15172	6764	2013-08-22 00:00:00
V	15173	14011	2012-12-06 00:00:00
V	15174	7966	2013-08-16 00:00:00
V	15175	3460	2011-07-05 00:00:00
V	15176	9426	2011-07-30 00:00:00
V	15177	13055	2013-10-04 00:00:00
V	15178	3895	2013-07-02 00:00:00
V	15179	9471	2013-07-11 00:00:00
V	15180	18141	2013-11-16 00:00:00
V	15181	7097	2013-10-27 00:00:00
V	15182	15484	2013-12-09 00:00:00
V	15183	9562	2013-03-18 00:00:00
V	15184	17431	2013-11-29 00:00:00
V	15185	9186	2011-09-14 00:00:00
V	15186	14715	2012-11-27 00:00:00
V	15187	11567	2012-11-01 00:00:00
V	15188	1601	2013-12-30 00:00:00
V	15189	2084	2014-03-26 00:00:00
V	15190	18345	2014-04-14 00:00:00
V	15191	8481	2013-04-22 00:00:00
V	15192	9893	2014-03-19 00:00:00
V	15193	13849	2012-07-26 00:00:00
V	15194	19054	2013-11-30 00:00:00
V	15195	9594	2014-02-20 00:00:00
V	15196	15783	2013-02-18 00:00:00
V	15197	396	2014-06-28 00:00:00
V	15198	262	2014-05-28 00:00:00
V	15199	12251	2013-08-31 00:00:00
V	15200	14350	2013-09-29 00:00:00
V	15201	11433	2013-07-05 00:00:00
V	15202	2869	2011-12-31 00:00:00
V	15203	11161	2014-04-05 00:00:00
V	15204	1022	2013-12-31 00:00:00
V	15205	11153	2013-12-30 00:00:00
V	15206	9336	2012-02-15 00:00:00
V	15207	16143	2013-04-10 00:00:00
V	15208	5228	2014-04-30 00:00:00
V	15209	8575	2014-01-25 00:00:00
V	15210	10826	2013-01-08 00:00:00
V	15211	13723	2014-05-23 00:00:00
V	15212	10781	2014-01-13 00:00:00
V	15213	7227	2013-08-06 00:00:00
V	15214	18693	2014-06-24 00:00:00
V	15215	6649	2012-11-09 00:00:00
V	15216	9999	2012-03-11 00:00:00
V	15217	16530	2012-12-25 00:00:00
V	15218	11955	2013-11-20 00:00:00
V	15219	1009	2014-04-06 00:00:00
V	15220	6120	2013-04-19 00:00:00
V	15221	5552	2011-07-24 00:00:00
V	15222	5993	2013-07-17 00:00:00
V	15223	7859	2011-12-16 00:00:00
V	15224	78	2014-01-25 00:00:00
V	15225	10065	2013-05-07 00:00:00
V	15226	8465	2013-08-19 00:00:00
V	15227	9490	2014-01-09 00:00:00
V	15228	2970	2014-01-28 00:00:00
V	15229	8448	2013-09-07 00:00:00
V	15230	15346	2013-12-14 00:00:00
V	15231	15239	2013-07-29 00:00:00
V	15232	18033	2014-02-17 00:00:00
V	15233	18390	2012-05-31 00:00:00
V	15234	16390	2014-05-15 00:00:00
V	15235	9835	2013-09-03 00:00:00
V	15236	9383	2014-04-27 00:00:00
V	15237	1556	2014-03-01 00:00:00
V	15238	5274	2014-05-20 00:00:00
V	15239	6968	2013-02-01 00:00:00
V	15240	16051	2014-04-09 00:00:00
V	15241	3525	2013-07-14 00:00:00
V	15242	655	2012-07-20 00:00:00
V	15243	373	2012-01-26 00:00:00
V	15244	3217	2013-07-11 00:00:00
V	15245	11854	2013-09-06 00:00:00
V	15246	12558	2011-11-18 00:00:00
V	15247	14240	2013-01-24 00:00:00
V	15248	16851	2012-05-22 00:00:00
V	15249	13818	2014-05-07 00:00:00
V	15250	8637	2013-11-13 00:00:00
V	15251	12510	2014-04-08 00:00:00
V	15252	6435	2013-12-26 00:00:00
V	15253	826	2013-01-18 00:00:00
V	15254	11790	2011-08-27 00:00:00
V	15255	15563	2014-04-27 00:00:00
V	15256	17150	2014-05-24 00:00:00
V	15257	9362	2013-07-28 00:00:00
V	15258	8550	2013-09-29 00:00:00
V	15259	8120	2012-08-18 00:00:00
V	15260	13821	2014-03-19 00:00:00
V	15261	3283	2012-03-24 00:00:00
V	15262	6151	2014-06-09 00:00:00
V	15263	12703	2013-09-10 00:00:00
V	15264	11465	2014-02-04 00:00:00
V	15265	1621	2012-08-08 00:00:00
V	15266	12334	2013-10-25 00:00:00
V	15267	6798	2014-01-15 00:00:00
V	15268	766	2013-02-01 00:00:00
V	15269	6198	2013-04-01 00:00:00
V	15270	11436	2014-04-10 00:00:00
V	15271	16525	2014-06-13 00:00:00
V	15272	15070	2013-09-15 00:00:00
V	15273	12895	2014-03-19 00:00:00
V	15274	2772	2012-10-04 00:00:00
V	15275	1940	2013-10-07 00:00:00
V	15276	15531	2011-07-20 00:00:00
V	15277	4608	2013-12-06 00:00:00
V	15278	1679	2013-12-27 00:00:00
V	15279	16651	2012-11-23 00:00:00
V	15280	2481	2013-03-12 00:00:00
V	15281	411	2014-01-30 00:00:00
V	15282	1924	2014-04-02 00:00:00
V	15283	8301	2014-02-22 00:00:00
V	15284	14719	2013-02-28 00:00:00
V	15285	15241	2012-02-06 00:00:00
V	15286	13376	2013-01-21 00:00:00
V	15287	4079	2014-05-06 00:00:00
V	15288	15447	2014-01-25 00:00:00
V	15289	2007	2014-05-07 00:00:00
V	15290	14323	2013-05-07 00:00:00
V	15291	7558	2013-03-09 00:00:00
V	15292	15069	2013-08-10 00:00:00
V	15293	13556	2013-10-31 00:00:00
V	15294	13679	2013-12-27 00:00:00
V	15295	7603	2013-08-29 00:00:00
V	15296	8473	2011-11-20 00:00:00
V	15297	15400	2014-01-03 00:00:00
V	15298	8457	2013-01-02 00:00:00
V	15299	11707	2014-01-19 00:00:00
V	15300	9816	2013-10-23 00:00:00
V	15301	1049	2014-04-17 00:00:00
V	15302	14354	2014-05-12 00:00:00
V	15303	11809	2014-01-17 00:00:00
V	15304	14867	2012-10-04 00:00:00
V	15305	2125	2014-01-23 00:00:00
V	15306	631	2013-11-07 00:00:00
V	15307	1870	2013-08-12 00:00:00
V	15308	17246	2014-02-23 00:00:00
V	15309	7014	2014-03-28 00:00:00
V	15310	6830	2013-04-18 00:00:00
V	15311	16751	2013-07-18 00:00:00
V	15312	3545	2014-01-29 00:00:00
V	15313	3670	2014-01-12 00:00:00
V	15314	2789	2013-11-11 00:00:00
V	15315	12110	2014-01-12 00:00:00
V	15316	3239	2013-12-31 00:00:00
V	15317	16066	2013-07-31 00:00:00
V	15318	15129	2014-05-13 00:00:00
V	15319	10068	2012-01-06 00:00:00
V	15320	7570	2013-07-21 00:00:00
V	15321	14357	2013-11-09 00:00:00
V	15322	6355	2014-03-04 00:00:00
V	15323	12880	2013-10-05 00:00:00
V	15324	4964	2011-07-12 00:00:00
V	15325	18948	2013-12-20 00:00:00
V	15326	13530	2013-10-14 00:00:00
V	15327	9895	2014-01-17 00:00:00
V	15328	8812	2013-01-17 00:00:00
V	15329	18615	2013-03-31 00:00:00
V	15330	13676	2013-09-18 00:00:00
V	15331	10764	2014-02-18 00:00:00
V	15332	3401	2014-06-05 00:00:00
V	15333	18796	2013-06-30 00:00:00
V	15334	4457	2013-09-08 00:00:00
V	15335	15655	2013-08-05 00:00:00
V	15336	12006	2013-07-07 00:00:00
V	15337	13225	2013-12-22 00:00:00
V	15338	2319	2013-04-24 00:00:00
V	15339	17988	2011-07-14 00:00:00
V	15340	12599	2014-04-03 00:00:00
V	15341	14185	2013-07-15 00:00:00
V	15342	13243	2013-09-17 00:00:00
V	15343	7214	2014-04-05 00:00:00
V	15344	17454	2013-12-14 00:00:00
V	15345	3533	2013-12-28 00:00:00
V	15346	6868	2013-07-25 00:00:00
V	15347	4548	2012-08-13 00:00:00
V	15348	14461	2013-11-21 00:00:00
V	15349	13673	2013-04-25 00:00:00
V	15350	12242	2012-12-02 00:00:00
V	15351	16463	2012-06-05 00:00:00
V	15352	54	2013-09-04 00:00:00
V	15353	12687	2013-07-10 00:00:00
V	15354	6554	2014-02-24 00:00:00
V	15355	3617	2014-03-04 00:00:00
V	15356	1272	2014-01-16 00:00:00
V	15357	16764	2014-02-27 00:00:00
V	15358	244	2014-02-05 00:00:00
V	15359	7982	2012-12-01 00:00:00
V	15360	15098	2013-09-11 00:00:00
V	15361	11618	2014-05-27 00:00:00
V	15362	12977	2014-02-07 00:00:00
V	15363	4140	2012-05-02 00:00:00
V	15364	2219	2013-09-25 00:00:00
V	15365	18681	2014-04-15 00:00:00
V	15366	9209	2014-01-21 00:00:00
V	15367	3051	2014-04-15 00:00:00
V	15368	3902	2013-12-20 00:00:00
V	15369	11664	2014-04-12 00:00:00
V	15370	15597	2014-05-12 00:00:00
V	15371	16163	2014-04-03 00:00:00
V	15372	1104	2013-06-30 00:00:00
V	15373	4971	2014-02-19 00:00:00
V	15374	9215	2014-04-21 00:00:00
V	15375	9280	2013-09-13 00:00:00
V	15376	12585	2013-07-02 00:00:00
V	15377	11678	2011-06-15 00:00:00
V	15378	586	2014-01-06 00:00:00
V	15379	16191	2013-12-12 00:00:00
V	15380	17196	2013-10-26 00:00:00
V	15381	17905	2012-10-26 00:00:00
V	15382	312	2014-06-08 00:00:00
V	15383	6307	2013-08-16 00:00:00
V	15384	17537	2014-02-22 00:00:00
V	15385	11409	2013-12-11 00:00:00
V	15386	11448	2014-06-08 00:00:00
V	15387	6460	2012-10-08 00:00:00
V	15388	5291	2012-08-25 00:00:00
V	15389	14771	2013-11-23 00:00:00
V	15390	16621	2013-09-17 00:00:00
V	15391	10556	2013-01-28 00:00:00
V	15392	12053	2012-02-04 00:00:00
V	15393	11397	2013-11-12 00:00:00
V	15394	3050	2013-07-16 00:00:00
V	15395	12572	2013-12-24 00:00:00
V	15396	16509	2014-02-07 00:00:00
V	15397	12573	2013-05-09 00:00:00
V	15398	16798	2013-12-16 00:00:00
V	15399	14552	2014-06-30 00:00:00
V	15400	17127	2014-04-07 00:00:00
V	15401	3937	2014-04-29 00:00:00
V	15402	16813	2012-07-14 00:00:00
V	15403	928	2013-10-26 00:00:00
V	15404	13825	2014-05-29 00:00:00
V	15405	638	2011-08-31 00:00:00
V	15406	17742	2013-06-22 00:00:00
V	15407	18636	2013-08-11 00:00:00
V	15408	4313	2013-07-07 00:00:00
V	15409	17895	2012-07-05 00:00:00
V	15410	18332	2013-10-07 00:00:00
V	15411	18980	2013-01-07 00:00:00
V	15412	18196	2013-09-02 00:00:00
V	15413	3140	2012-10-21 00:00:00
V	15414	17297	2013-08-26 00:00:00
V	15415	3602	2012-06-28 00:00:00
V	15416	13562	2014-04-15 00:00:00
V	15417	19191	2013-11-22 00:00:00
V	15418	3151	2013-11-14 00:00:00
V	15419	18735	2013-06-10 00:00:00
V	15420	1020	2012-07-13 00:00:00
V	15421	1371	2013-11-19 00:00:00
V	15422	497	2014-01-25 00:00:00
V	15423	6343	2014-01-31 00:00:00
V	15424	12270	2012-02-19 00:00:00
V	15425	3781	2014-01-14 00:00:00
V	15426	14691	2013-11-28 00:00:00
V	15427	15953	2013-05-01 00:00:00
V	15428	222	2013-08-14 00:00:00
V	15429	3514	2013-04-21 00:00:00
V	15430	18919	2011-10-14 00:00:00
V	15431	8275	2014-05-20 00:00:00
V	15432	18296	2013-05-26 00:00:00
V	15433	19225	2013-07-12 00:00:00
V	15434	13344	2013-10-27 00:00:00
V	15435	870	2014-01-26 00:00:00
V	15436	6548	2013-06-27 00:00:00
V	15437	4726	2012-08-10 00:00:00
V	15438	8408	2013-12-13 00:00:00
V	15439	8932	2014-05-12 00:00:00
V	15440	5325	2013-08-28 00:00:00
V	15441	17085	2013-09-06 00:00:00
V	15442	3405	2014-04-04 00:00:00
V	15443	17286	2014-02-02 00:00:00
V	15444	16226	2014-01-16 00:00:00
V	15445	512	2013-09-01 00:00:00
V	15446	6512	2014-05-07 00:00:00
V	15447	1153	2013-04-25 00:00:00
V	15448	1923	2014-03-15 00:00:00
V	15449	1246	2013-07-01 00:00:00
V	15450	13469	2013-09-16 00:00:00
V	15451	9983	2012-11-15 00:00:00
V	15452	4321	2013-12-30 00:00:00
V	15453	4843	2013-04-27 00:00:00
V	15454	12815	2013-08-25 00:00:00
V	15455	11444	2012-03-27 00:00:00
V	15456	1223	2013-12-20 00:00:00
V	15457	18263	2014-03-19 00:00:00
V	15458	8620	2014-04-11 00:00:00
V	15459	18203	2013-12-08 00:00:00
V	15460	9974	2013-07-13 00:00:00
V	15461	17223	2012-06-29 00:00:00
V	15462	8126	2014-05-03 00:00:00
V	15463	17376	2011-07-29 00:00:00
V	15464	18988	2014-03-28 00:00:00
V	15465	18814	2014-01-29 00:00:00
V	15466	16756	2013-04-26 00:00:00
V	15467	13918	2013-03-30 00:00:00
V	15468	257	2013-10-10 00:00:00
V	15469	15046	2012-08-24 00:00:00
V	15470	1218	2013-10-23 00:00:00
V	15471	13186	2013-07-22 00:00:00
V	15472	1474	2014-03-01 00:00:00
V	15473	16397	2014-01-01 00:00:00
V	15474	16	2013-12-30 00:00:00
V	15475	15344	2011-09-04 00:00:00
V	15476	3082	2014-05-09 00:00:00
V	15477	115	2013-08-28 00:00:00
V	15478	3200	2013-12-29 00:00:00
V	15479	9295	2014-03-03 00:00:00
V	15480	15396	2012-10-04 00:00:00
V	15481	10011	2013-05-15 00:00:00
V	15482	10978	2013-10-05 00:00:00
V	15483	7356	2014-05-03 00:00:00
V	15484	3575	2014-01-09 00:00:00
V	15485	18283	2012-10-05 00:00:00
V	15486	14950	2014-01-26 00:00:00
V	15487	14827	2014-05-08 00:00:00
V	15488	6027	2013-01-11 00:00:00
V	15489	5554	2013-12-01 00:00:00
V	15490	7048	2013-11-01 00:00:00
V	15491	10609	2013-10-16 00:00:00
V	15492	12927	2013-08-15 00:00:00
V	15493	13791	2013-07-26 00:00:00
V	15494	18258	2012-03-28 00:00:00
V	15495	8924	2014-03-12 00:00:00
V	15496	16950	2013-11-07 00:00:00
V	15497	15592	2013-09-13 00:00:00
V	15498	10600	2011-06-08 00:00:00
V	15499	10374	2013-08-30 00:00:00
V	15500	15836	2014-04-14 00:00:00
V	15501	9294	2013-12-23 00:00:00
V	15502	8811	2013-08-01 00:00:00
V	15503	9722	2014-06-09 00:00:00
V	15504	4630	2014-04-18 00:00:00
V	15505	1182	2013-12-03 00:00:00
V	15506	4214	2014-02-02 00:00:00
V	15507	10706	2013-09-26 00:00:00
V	15508	17383	2013-12-02 00:00:00
V	15509	10976	2014-02-05 00:00:00
V	15510	14097	2014-04-07 00:00:00
V	15511	16188	2013-08-27 00:00:00
V	15512	16130	2013-10-28 00:00:00
V	15513	8146	2013-12-30 00:00:00
V	15514	15297	2011-12-23 00:00:00
V	15515	5637	2014-04-03 00:00:00
V	15516	2525	2013-02-17 00:00:00
V	15517	15137	2013-08-16 00:00:00
V	15518	11824	2013-01-23 00:00:00
V	15519	16625	2011-05-31 00:00:00
V	15520	17452	2013-07-25 00:00:00
V	15521	4058	2012-03-20 00:00:00
V	15522	7436	2012-08-15 00:00:00
V	15523	6015	2012-12-11 00:00:00
V	15524	4129	2013-09-30 00:00:00
V	15525	17853	2014-04-27 00:00:00
V	15526	13154	2012-08-29 00:00:00
V	15527	12087	2014-01-15 00:00:00
V	15528	3008	2012-05-25 00:00:00
V	15529	5659	2012-08-23 00:00:00
V	15530	5520	2014-01-10 00:00:00
V	15531	11045	2014-03-31 00:00:00
V	15532	4460	2013-08-11 00:00:00
V	15533	2933	2013-10-23 00:00:00
V	15534	6541	2014-05-28 00:00:00
V	15535	4481	2013-07-19 00:00:00
V	15536	17377	2014-04-03 00:00:00
V	15537	8728	2013-10-02 00:00:00
V	15538	13314	2014-06-08 00:00:00
V	15539	15409	2014-03-13 00:00:00
V	15540	6613	2014-04-11 00:00:00
V	15541	18441	2014-03-06 00:00:00
V	15542	1187	2014-03-08 00:00:00
V	15543	1694	2013-03-30 00:00:00
V	15544	4324	2014-05-26 00:00:00
V	15545	7989	2013-10-27 00:00:00
V	15546	18187	2014-05-14 00:00:00
V	15547	2766	2013-09-08 00:00:00
V	15548	6584	2014-04-30 00:00:00
V	15549	12831	2013-10-20 00:00:00
V	15550	6503	2013-09-24 00:00:00
V	15551	3009	2012-12-24 00:00:00
V	15552	17533	2012-01-14 00:00:00
V	15553	603	2014-01-16 00:00:00
V	15554	2777	2013-08-23 00:00:00
V	15555	17521	2013-12-13 00:00:00
V	15556	12185	2014-05-29 00:00:00
V	15557	14861	2011-11-14 00:00:00
V	15558	6787	2013-03-26 00:00:00
V	15559	13990	2014-01-07 00:00:00
V	15560	15247	2014-01-16 00:00:00
V	15561	6226	2013-09-21 00:00:00
V	15562	12453	2013-10-31 00:00:00
V	15563	18005	2011-11-30 00:00:00
V	15564	13082	2014-02-13 00:00:00
V	15565	18178	2012-10-22 00:00:00
V	15566	2922	2012-12-16 00:00:00
V	15567	16158	2013-11-13 00:00:00
V	15568	6994	2013-04-22 00:00:00
V	15569	12721	2012-11-09 00:00:00
V	15570	6412	2013-11-24 00:00:00
V	15571	12624	2014-03-06 00:00:00
V	15572	511	2013-07-11 00:00:00
V	15573	9116	2011-12-27 00:00:00
V	15574	12723	2014-03-28 00:00:00
V	15575	589	2012-07-26 00:00:00
V	15576	18384	2014-06-14 00:00:00
V	15577	3667	2011-11-05 00:00:00
V	15578	188	2013-09-13 00:00:00
V	15579	16437	2014-02-06 00:00:00
V	15580	18526	2014-05-09 00:00:00
V	15581	3101	2014-03-24 00:00:00
V	15582	3540	2014-06-16 00:00:00
V	15583	7159	2011-12-30 00:00:00
V	15584	902	2011-12-22 00:00:00
V	15585	2667	2014-03-23 00:00:00
V	15586	14410	2013-03-03 00:00:00
V	15587	5752	2013-07-05 00:00:00
V	15588	15126	2014-02-25 00:00:00
V	15589	6328	2013-10-18 00:00:00
V	15590	3129	2013-01-17 00:00:00
V	15591	8977	2014-01-18 00:00:00
V	15592	9011	2012-07-17 00:00:00
V	15593	3488	2013-02-03 00:00:00
V	15594	13414	2012-02-14 00:00:00
V	15595	11866	2013-12-08 00:00:00
V	15596	13678	2012-11-11 00:00:00
V	15597	4280	2012-11-18 00:00:00
V	15598	11656	2013-03-01 00:00:00
V	15599	13944	2013-08-06 00:00:00
V	15600	8692	2014-01-29 00:00:00
V	15601	6845	2014-04-18 00:00:00
V	15602	8829	2014-01-05 00:00:00
V	15603	3760	2012-02-26 00:00:00
V	15604	9322	2013-07-18 00:00:00
V	15605	13547	2014-01-07 00:00:00
V	15606	9173	2013-12-12 00:00:00
V	15607	7058	2014-05-14 00:00:00
V	15608	6097	2014-03-13 00:00:00
V	15609	11232	2013-12-28 00:00:00
V	15610	14072	2014-03-03 00:00:00
V	15611	6241	2014-02-10 00:00:00
V	15612	12007	2013-12-17 00:00:00
V	15613	17654	2013-07-01 00:00:00
V	15614	18281	2011-10-29 00:00:00
V	15615	5489	2014-02-12 00:00:00
V	15616	18927	2014-03-05 00:00:00
V	15617	5446	2013-12-06 00:00:00
V	15618	11972	2014-04-13 00:00:00
V	15619	10515	2013-11-10 00:00:00
V	15620	17218	2013-07-29 00:00:00
V	15621	18113	2014-04-07 00:00:00
V	15622	12689	2014-06-06 00:00:00
V	15623	17215	2014-03-28 00:00:00
V	15624	14838	2013-04-12 00:00:00
V	15625	15974	2013-08-21 00:00:00
V	15626	14246	2013-11-11 00:00:00
V	15627	6057	2014-03-14 00:00:00
V	15628	8279	2013-11-24 00:00:00
V	15629	1072	2013-12-25 00:00:00
V	15630	9815	2013-09-18 00:00:00
V	15631	8655	2013-07-13 00:00:00
V	15632	18697	2013-07-29 00:00:00
V	15633	16635	2013-10-29 00:00:00
V	15634	1909	2013-07-14 00:00:00
V	15635	17043	2013-09-23 00:00:00
V	15636	2872	2011-11-15 00:00:00
V	15637	7948	2013-04-20 00:00:00
V	15638	103	2011-06-21 00:00:00
V	15639	14474	2014-01-09 00:00:00
V	15640	4963	2014-04-24 00:00:00
V	15641	10512	2014-04-16 00:00:00
V	15642	14945	2013-08-09 00:00:00
V	15643	16659	2013-01-22 00:00:00
V	15644	10690	2011-07-19 00:00:00
V	15645	17318	2013-11-17 00:00:00
V	15646	14108	2012-05-24 00:00:00
V	15647	6227	2014-06-21 00:00:00
V	15648	18406	2014-03-12 00:00:00
V	15649	18792	2013-09-01 00:00:00
V	15650	8404	2013-12-19 00:00:00
V	15651	7618	2012-07-22 00:00:00
V	15652	17472	2012-08-16 00:00:00
V	15653	2648	2013-04-04 00:00:00
V	15654	17237	2014-01-02 00:00:00
V	15655	16718	2013-11-19 00:00:00
V	15656	641	2014-01-14 00:00:00
V	15657	101	2012-06-29 00:00:00
V	15658	10821	2013-08-25 00:00:00
V	15659	8983	2013-10-06 00:00:00
V	15660	13118	2014-06-24 00:00:00
V	15661	5392	2012-12-12 00:00:00
V	15662	17957	2013-05-16 00:00:00
V	15663	133	2013-07-29 00:00:00
V	15664	6718	2014-03-29 00:00:00
V	15665	6933	2013-12-02 00:00:00
V	15666	1335	2013-10-15 00:00:00
V	15667	9928	2013-12-01 00:00:00
V	15668	16662	2013-07-26 00:00:00
V	15669	5353	2013-12-28 00:00:00
V	15670	9179	2013-07-07 00:00:00
V	15671	16669	2013-11-12 00:00:00
V	15672	14176	2012-08-24 00:00:00
V	15673	3464	2013-09-15 00:00:00
V	15674	13351	2014-02-23 00:00:00
V	15675	15914	2013-12-10 00:00:00
V	15676	11169	2011-07-10 00:00:00
V	15677	3152	2012-04-28 00:00:00
V	15678	6309	2014-01-31 00:00:00
V	15679	715	2012-12-01 00:00:00
V	15680	5974	2013-12-27 00:00:00
V	15681	12527	2011-08-09 00:00:00
V	15682	10571	2012-04-21 00:00:00
V	15683	15730	2012-01-06 00:00:00
V	15684	3254	2013-09-22 00:00:00
V	15685	1877	2014-01-09 00:00:00
V	15686	2201	2014-05-05 00:00:00
V	15687	9889	2014-02-10 00:00:00
V	15688	5790	2013-07-23 00:00:00
V	15689	11761	2012-09-16 00:00:00
V	15690	9292	2013-12-22 00:00:00
V	15691	2028	2014-06-04 00:00:00
V	15692	5798	2013-07-23 00:00:00
V	15693	14317	2013-11-02 00:00:00
V	15694	17032	2013-07-30 00:00:00
V	15695	13790	2013-09-30 00:00:00
V	15696	14109	2013-07-24 00:00:00
V	15697	2009	2013-04-21 00:00:00
V	15698	17662	2013-09-16 00:00:00
V	15699	12306	2013-08-08 00:00:00
V	15700	7805	2013-12-27 00:00:00
V	15701	3742	2011-06-28 00:00:00
V	15702	1996	2013-06-22 00:00:00
V	15703	19032	2012-02-12 00:00:00
V	15704	5893	2013-12-14 00:00:00
V	15705	17962	2014-06-14 00:00:00
V	15706	1469	2014-05-02 00:00:00
V	15707	1087	2014-01-09 00:00:00
V	15708	12083	2014-06-17 00:00:00
V	15709	6407	2013-10-14 00:00:00
V	15710	4962	2013-04-13 00:00:00
V	15711	11446	2013-09-15 00:00:00
V	15712	1894	2012-10-15 00:00:00
V	15713	12686	2014-03-27 00:00:00
V	15714	2030	2012-01-23 00:00:00
V	15715	13628	2011-10-15 00:00:00
V	15716	16738	2013-12-09 00:00:00
V	15717	10482	2013-07-17 00:00:00
V	15718	367	2012-08-05 00:00:00
V	15719	12556	2014-05-31 00:00:00
V	15720	9650	2013-03-10 00:00:00
V	15721	5283	2014-05-04 00:00:00
V	15722	18239	2014-05-21 00:00:00
V	15723	192	2013-11-23 00:00:00
V	15724	10596	2013-10-04 00:00:00
V	15725	1869	2013-07-13 00:00:00
V	15726	3598	2013-07-07 00:00:00
V	15727	12678	2013-11-24 00:00:00
V	15728	10448	2014-02-07 00:00:00
V	15729	18385	2013-11-19 00:00:00
V	15730	13948	2011-09-12 00:00:00
V	15731	17529	2014-01-27 00:00:00
V	15732	2542	2013-09-19 00:00:00
V	15733	16975	2014-01-21 00:00:00
V	15734	5531	2014-03-04 00:00:00
V	15735	11655	2011-08-07 00:00:00
V	15736	13661	2014-05-06 00:00:00
V	15737	12080	2013-07-13 00:00:00
V	15738	5462	2013-08-08 00:00:00
V	15739	17169	2013-05-11 00:00:00
V	15740	1144	2011-09-09 00:00:00
V	15741	12639	2013-12-26 00:00:00
V	15742	8493	2013-08-11 00:00:00
V	15743	4486	2013-08-03 00:00:00
V	15744	17015	2014-04-22 00:00:00
V	15745	8759	2013-08-26 00:00:00
V	15746	16093	2013-12-01 00:00:00
V	15747	14356	2013-09-07 00:00:00
V	15748	10822	2013-07-26 00:00:00
V	15749	5738	2014-01-12 00:00:00
V	15750	18093	2013-09-01 00:00:00
V	15751	2768	2012-11-16 00:00:00
V	15752	6495	2013-06-26 00:00:00
V	15753	14464	2012-08-10 00:00:00
V	15754	14628	2014-04-25 00:00:00
V	15755	15219	2013-02-28 00:00:00
V	15756	12765	2013-07-20 00:00:00
V	15757	15262	2014-05-01 00:00:00
V	15758	4657	2013-11-18 00:00:00
V	15759	13801	2014-04-11 00:00:00
V	15760	13273	2011-12-06 00:00:00
V	15761	6912	2011-06-27 00:00:00
V	15762	18776	2012-12-09 00:00:00
V	15763	7378	2013-12-28 00:00:00
V	15764	11104	2013-12-27 00:00:00
V	15765	8459	2013-02-20 00:00:00
V	15766	1275	2014-04-21 00:00:00
V	15767	5459	2013-11-13 00:00:00
V	15768	582	2013-12-30 00:00:00
V	15769	13764	2014-03-20 00:00:00
V	15770	6660	2014-03-06 00:00:00
V	15771	3456	2014-02-18 00:00:00
V	15772	1183	2013-07-05 00:00:00
V	15773	9442	2013-12-15 00:00:00
V	15774	9981	2014-05-23 00:00:00
V	15775	12314	2013-10-15 00:00:00
V	15776	17511	2011-08-04 00:00:00
V	15777	5369	2014-01-30 00:00:00
V	15778	11481	2013-08-21 00:00:00
V	15779	15212	2013-07-30 00:00:00
V	15780	11810	2013-12-14 00:00:00
V	15781	12263	2013-12-24 00:00:00
V	15782	733	2012-01-24 00:00:00
V	15783	15089	2013-07-17 00:00:00
V	15784	13188	2012-05-06 00:00:00
V	15785	17867	2014-02-10 00:00:00
V	15786	12417	2013-08-06 00:00:00
V	15787	7162	2014-01-05 00:00:00
V	15788	17984	2013-09-26 00:00:00
V	15789	11435	2013-08-18 00:00:00
V	15790	5518	2012-07-05 00:00:00
V	15791	11221	2013-12-30 00:00:00
V	15792	17080	2014-02-26 00:00:00
V	15793	6160	2013-11-29 00:00:00
V	15794	5742	2014-04-22 00:00:00
V	15795	4166	2014-04-26 00:00:00
V	15796	13488	2014-03-27 00:00:00
V	15797	823	2013-09-25 00:00:00
V	15798	1850	2011-06-19 00:00:00
V	15799	3193	2013-08-02 00:00:00
V	15800	14887	2013-04-11 00:00:00
V	15801	682	2014-04-07 00:00:00
V	15802	14078	2013-12-04 00:00:00
V	15803	7535	2012-07-19 00:00:00
V	15804	1902	2012-11-09 00:00:00
V	15805	9938	2013-12-02 00:00:00
V	15806	2728	2013-10-23 00:00:00
V	15807	10212	2012-10-15 00:00:00
V	15808	14438	2014-01-04 00:00:00
V	15809	14768	2013-08-28 00:00:00
V	15810	4773	2014-02-07 00:00:00
V	15811	10542	2014-01-07 00:00:00
V	15812	18058	2014-03-07 00:00:00
V	15813	7396	2012-01-06 00:00:00
V	15814	11310	2013-12-23 00:00:00
V	15815	15384	2014-05-06 00:00:00
V	15816	3190	2013-06-30 00:00:00
V	15817	7654	2013-07-15 00:00:00
V	15818	3952	2011-12-25 00:00:00
V	15819	11057	2013-07-20 00:00:00
V	15820	1861	2013-02-28 00:00:00
V	15821	2402	2012-05-29 00:00:00
V	15822	13074	2013-03-24 00:00:00
V	15823	1304	2013-10-19 00:00:00
V	15824	14939	2014-05-03 00:00:00
V	15825	10700	2014-05-30 00:00:00
V	15826	1031	2012-09-19 00:00:00
V	15827	7151	2014-05-07 00:00:00
V	15828	8383	2012-11-19 00:00:00
V	15829	9440	2011-08-27 00:00:00
V	15830	16142	2013-11-12 00:00:00
V	15831	4045	2012-03-30 00:00:00
V	15832	14114	2012-07-30 00:00:00
V	15833	15175	2013-11-13 00:00:00
V	15834	60	2012-06-14 00:00:00
V	15835	5313	2013-12-09 00:00:00
V	15836	13228	2014-05-24 00:00:00
V	15837	9126	2011-07-20 00:00:00
V	15838	14441	2013-11-25 00:00:00
V	15839	19212	2013-10-05 00:00:00
V	15840	16336	2014-01-04 00:00:00
V	15841	3017	2013-12-27 00:00:00
V	15842	5066	2013-01-06 00:00:00
V	15843	7751	2013-12-13 00:00:00
V	15844	15816	2014-03-17 00:00:00
V	15845	6342	2012-07-18 00:00:00
V	15846	12295	2014-01-27 00:00:00
V	15847	9604	2013-12-16 00:00:00
V	15848	8490	2013-08-24 00:00:00
V	15849	7494	2012-06-25 00:00:00
V	15850	4689	2014-02-04 00:00:00
V	15851	739	2012-08-14 00:00:00
V	15852	7016	2014-02-25 00:00:00
V	15853	2763	2014-01-23 00:00:00
V	15854	13361	2013-12-23 00:00:00
V	15855	15671	2014-02-07 00:00:00
V	15856	4318	2014-06-30 00:00:00
V	15857	4750	2013-05-26 00:00:00
V	15858	1319	2014-02-12 00:00:00
V	15859	4439	2013-07-24 00:00:00
V	15860	17070	2013-09-14 00:00:00
V	15861	7455	2013-06-30 00:00:00
V	15862	73	2013-11-23 00:00:00
V	15863	16537	2013-11-05 00:00:00
V	15864	10353	2011-06-25 00:00:00
V	15865	9923	2014-06-07 00:00:00
V	15866	12630	2013-03-13 00:00:00
V	15867	4546	2012-01-05 00:00:00
V	15868	7836	2014-03-01 00:00:00
V	15869	18596	2011-08-01 00:00:00
V	15870	9093	2014-03-18 00:00:00
V	15871	2829	2013-02-07 00:00:00
V	15872	17676	2014-04-27 00:00:00
V	15873	16902	2013-05-28 00:00:00
V	15874	2340	2011-09-07 00:00:00
V	15875	18059	2011-10-22 00:00:00
V	15876	7303	2014-06-10 00:00:00
V	15877	1631	2012-11-02 00:00:00
V	15878	4113	2013-10-01 00:00:00
V	15879	6686	2013-10-17 00:00:00
V	15880	5350	2014-04-22 00:00:00
V	15881	19109	2012-12-23 00:00:00
V	15882	11657	2012-06-02 00:00:00
V	15883	12781	2013-10-18 00:00:00
V	15884	10158	2013-08-14 00:00:00
V	15885	15576	2012-05-13 00:00:00
V	15886	4086	2013-04-28 00:00:00
V	15887	12496	2014-04-25 00:00:00
V	15888	16596	2013-08-09 00:00:00
V	15889	139	2013-11-03 00:00:00
V	15890	8364	2014-03-05 00:00:00
V	15891	15868	2012-12-13 00:00:00
V	15892	2187	2013-09-25 00:00:00
V	15893	12984	2013-12-25 00:00:00
V	15894	2473	2013-10-31 00:00:00
V	15895	14352	2012-10-19 00:00:00
V	15896	7977	2012-07-05 00:00:00
V	15897	9180	2014-04-07 00:00:00
V	15898	6957	2013-11-13 00:00:00
V	15899	7834	2013-08-03 00:00:00
V	15900	9883	2014-05-28 00:00:00
V	15901	3804	2013-02-08 00:00:00
V	15902	1445	2014-02-17 00:00:00
V	15903	17284	2013-08-08 00:00:00
V	15904	10133	2014-01-30 00:00:00
V	15905	14248	2014-05-24 00:00:00
V	15906	14754	2013-09-07 00:00:00
V	15907	7999	2011-08-21 00:00:00
V	15908	18330	2011-11-21 00:00:00
V	15909	14018	2013-08-22 00:00:00
V	15910	16536	2012-04-02 00:00:00
V	15911	8796	2014-01-07 00:00:00
V	15912	7646	2013-02-13 00:00:00
V	15913	6487	2014-05-19 00:00:00
V	15914	14037	2012-05-23 00:00:00
V	15915	14287	2013-07-07 00:00:00
V	15916	13885	2014-04-29 00:00:00
V	15917	2268	2011-12-12 00:00:00
V	15918	2289	2014-01-07 00:00:00
V	15919	8858	2014-04-19 00:00:00
V	15920	11844	2013-07-08 00:00:00
V	15921	7515	2014-05-22 00:00:00
V	15922	570	2013-02-03 00:00:00
V	15923	15839	2014-04-12 00:00:00
V	15924	13328	2014-02-02 00:00:00
V	15925	1212	2013-10-02 00:00:00
V	15926	16520	2012-07-05 00:00:00
V	15927	9566	2013-09-29 00:00:00
V	15928	9541	2013-03-28 00:00:00
V	15929	18114	2014-01-03 00:00:00
V	15930	1123	2014-05-09 00:00:00
V	15931	15141	2013-12-01 00:00:00
V	15932	6878	2013-09-16 00:00:00
V	15933	13979	2014-01-07 00:00:00
V	15934	6158	2013-11-15 00:00:00
V	15935	13289	2014-05-10 00:00:00
V	15936	8509	2014-05-07 00:00:00
V	15937	16607	2012-07-25 00:00:00
V	15938	16593	2012-06-03 00:00:00
V	15939	9762	2013-10-01 00:00:00
V	15940	9626	2011-06-12 00:00:00
V	15941	710	2013-11-28 00:00:00
V	15942	6132	2014-05-13 00:00:00
V	15943	9287	2013-07-13 00:00:00
V	15944	7416	2013-01-08 00:00:00
V	15945	5288	2013-05-26 00:00:00
V	15946	5922	2014-03-10 00:00:00
V	15947	6068	2013-07-23 00:00:00
V	15948	18450	2011-08-26 00:00:00
V	15949	2888	2011-07-12 00:00:00
V	15950	8321	2011-08-23 00:00:00
V	15951	1096	2013-12-01 00:00:00
V	15952	7215	2014-01-08 00:00:00
V	15953	11191	2013-09-01 00:00:00
V	15954	17312	2013-11-13 00:00:00
V	15955	5568	2013-11-15 00:00:00
V	15956	18973	2014-01-23 00:00:00
V	15957	11038	2013-10-09 00:00:00
V	15958	4329	2014-05-11 00:00:00
V	15959	15307	2012-12-17 00:00:00
V	15960	18461	2014-05-05 00:00:00
V	15961	1781	2014-04-19 00:00:00
V	15962	8282	2013-12-15 00:00:00
V	15963	6781	2013-09-15 00:00:00
V	15964	18597	2013-08-14 00:00:00
V	15965	735	2011-10-06 00:00:00
V	15966	17766	2013-10-16 00:00:00
V	15967	14987	2013-04-10 00:00:00
V	15968	16193	2014-04-08 00:00:00
V	15969	15762	2014-05-05 00:00:00
V	15970	18161	2014-06-06 00:00:00
V	15971	1838	2012-12-01 00:00:00
V	15972	13519	2013-04-15 00:00:00
V	15973	14484	2013-08-02 00:00:00
V	15974	11008	2013-01-03 00:00:00
V	15975	4178	2013-09-22 00:00:00
V	15976	9487	2013-08-01 00:00:00
V	15977	9987	2014-02-06 00:00:00
V	15978	18822	2013-07-01 00:00:00
V	15979	2563	2014-01-07 00:00:00
V	15980	4942	2012-09-15 00:00:00
V	15981	11211	2014-05-26 00:00:00
V	15982	11922	2014-03-30 00:00:00
V	15983	2647	2013-12-01 00:00:00
V	15984	10944	2013-11-06 00:00:00
V	15985	19186	2013-12-31 00:00:00
V	15986	18690	2013-08-04 00:00:00
V	15987	11359	2014-05-06 00:00:00
V	15988	13577	2013-03-01 00:00:00
V	15989	1505	2013-08-08 00:00:00
V	15990	881	2014-02-16 00:00:00
V	15991	17541	2013-03-10 00:00:00
V	15992	10897	2014-03-07 00:00:00
V	15993	6253	2013-01-28 00:00:00
V	15994	11843	2013-07-05 00:00:00
V	15995	8377	2014-04-29 00:00:00
V	15996	15700	2013-07-10 00:00:00
V	15997	44	2013-10-10 00:00:00
V	15998	16365	2014-05-04 00:00:00
V	15999	5991	2014-05-26 00:00:00
V	16000	7993	2013-08-25 00:00:00
V	16001	17120	2014-02-14 00:00:00
V	16002	7223	2012-08-23 00:00:00
V	16003	11565	2013-04-15 00:00:00
V	16004	7470	2013-07-28 00:00:00
V	16005	2896	2014-02-05 00:00:00
V	16006	2935	2012-04-17 00:00:00
V	16007	19117	2014-04-16 00:00:00
V	16008	1315	2013-08-27 00:00:00
V	16009	2973	2013-12-06 00:00:00
V	16010	18957	2013-12-20 00:00:00
V	16011	6818	2013-07-12 00:00:00
V	16012	8351	2013-01-03 00:00:00
V	16013	1690	2014-05-21 00:00:00
V	16014	13621	2013-09-21 00:00:00
V	16015	14434	2014-01-17 00:00:00
V	16016	16006	2013-10-10 00:00:00
V	16017	16710	2011-12-23 00:00:00
V	16018	18146	2013-03-30 00:00:00
V	16019	14091	2013-02-19 00:00:00
V	16020	10811	2012-06-22 00:00:00
V	16021	8020	2013-09-12 00:00:00
V	16022	7631	2014-05-24 00:00:00
V	16023	17441	2012-07-06 00:00:00
V	16024	6838	2014-04-11 00:00:00
V	16025	2547	2013-11-27 00:00:00
V	16026	5691	2013-11-03 00:00:00
V	16027	10094	2012-07-24 00:00:00
V	16028	16521	2013-10-28 00:00:00
V	16029	13233	2014-04-30 00:00:00
V	16030	15381	2013-05-10 00:00:00
V	16031	9654	2014-03-21 00:00:00
V	16032	16517	2014-04-17 00:00:00
V	16033	1927	2014-03-19 00:00:00
V	16034	14422	2013-12-25 00:00:00
V	16035	12329	2013-04-03 00:00:00
V	16036	3034	2014-04-17 00:00:00
V	16037	6969	2013-08-17 00:00:00
V	16038	11631	2014-01-29 00:00:00
V	16039	15496	2014-03-27 00:00:00
V	16040	11196	2011-12-05 00:00:00
V	16041	18593	2014-04-19 00:00:00
V	16042	7086	2014-02-15 00:00:00
V	16043	247	2014-01-17 00:00:00
V	16044	13304	2014-05-15 00:00:00
V	16045	18024	2014-05-11 00:00:00
V	16046	4760	2012-09-15 00:00:00
V	16047	5456	2013-04-16 00:00:00
V	16048	6338	2014-02-22 00:00:00
V	16049	14563	2013-08-30 00:00:00
V	16050	144	2014-01-18 00:00:00
V	16051	2757	2014-05-14 00:00:00
V	16052	13886	2014-06-01 00:00:00
V	16053	17381	2014-03-31 00:00:00
V	16054	12426	2014-05-31 00:00:00
V	16055	11402	2012-10-29 00:00:00
V	16056	6378	2011-08-26 00:00:00
V	16057	5242	2013-11-04 00:00:00
V	16058	9692	2014-02-19 00:00:00
V	16059	2883	2011-11-01 00:00:00
V	16060	6406	2013-09-08 00:00:00
V	16061	4199	2013-12-18 00:00:00
V	16062	12931	2013-09-21 00:00:00
V	16063	19068	2011-07-08 00:00:00
V	16064	8420	2013-07-24 00:00:00
V	16065	18932	2013-07-27 00:00:00
V	16066	16887	2013-10-21 00:00:00
V	16067	4279	2012-02-16 00:00:00
V	16068	17249	2014-05-15 00:00:00
V	16069	1723	2012-06-28 00:00:00
V	16070	12201	2014-03-24 00:00:00
V	16071	19214	2013-12-07 00:00:00
V	16072	3259	2014-03-31 00:00:00
V	16073	8159	2014-04-24 00:00:00
V	16074	1225	2012-08-30 00:00:00
V	16075	14603	2013-12-17 00:00:00
V	16076	15714	2013-11-15 00:00:00
V	16077	15347	2014-04-18 00:00:00
V	16078	8487	2014-03-06 00:00:00
V	16079	2535	2012-12-30 00:00:00
V	16080	9673	2012-09-30 00:00:00
V	16081	5139	2014-02-01 00:00:00
V	16082	7568	2014-05-29 00:00:00
V	16083	11263	2013-11-18 00:00:00
V	16084	4297	2013-03-30 00:00:00
V	16085	13433	2013-09-22 00:00:00
V	16086	18528	2013-11-26 00:00:00
V	16087	8332	2012-04-08 00:00:00
V	16088	14040	2014-05-11 00:00:00
V	16089	14233	2014-02-26 00:00:00
V	16090	470	2014-04-14 00:00:00
V	16091	7577	2011-11-19 00:00:00
V	16092	10009	2013-05-11 00:00:00
V	16093	10399	2014-01-14 00:00:00
V	16094	17838	2014-03-08 00:00:00
V	16095	6559	2013-10-28 00:00:00
V	16096	4860	2013-11-02 00:00:00
V	16097	4569	2013-04-02 00:00:00
V	16098	4932	2013-01-31 00:00:00
V	16099	4759	2013-12-10 00:00:00
V	16100	3662	2014-01-11 00:00:00
V	16101	11918	2013-11-06 00:00:00
V	16102	3251	2013-11-14 00:00:00
V	16103	5627	2013-09-17 00:00:00
V	16104	16877	2013-12-25 00:00:00
V	16105	8814	2013-10-30 00:00:00
V	16106	10461	2012-11-26 00:00:00
V	16107	13011	2013-08-27 00:00:00
V	16108	8322	2011-12-05 00:00:00
V	16109	10510	2014-01-17 00:00:00
V	16110	5839	2013-11-19 00:00:00
V	16111	16235	2014-05-12 00:00:00
V	16112	16190	2012-02-17 00:00:00
V	16113	9870	2013-09-09 00:00:00
V	16114	10215	2014-06-25 00:00:00
V	16115	4470	2013-05-17 00:00:00
V	16116	3210	2012-01-03 00:00:00
V	16117	11492	2012-07-21 00:00:00
V	16118	11633	2014-02-16 00:00:00
V	16119	5584	2013-10-10 00:00:00
V	16120	5721	2012-01-11 00:00:00
V	16121	17487	2014-03-24 00:00:00
V	16122	11666	2013-11-11 00:00:00
V	16123	1067	2011-12-28 00:00:00
V	16124	12817	2013-07-08 00:00:00
V	16125	17030	2014-03-15 00:00:00
V	16126	4179	2013-07-13 00:00:00
V	16127	5984	2013-12-07 00:00:00
V	16128	7607	2014-03-18 00:00:00
V	16129	519	2012-11-29 00:00:00
V	16130	13131	2014-06-28 00:00:00
V	16131	377	2012-07-14 00:00:00
V	16132	11279	2014-04-30 00:00:00
V	16133	5524	2014-04-22 00:00:00
V	16134	9468	2013-07-28 00:00:00
V	16135	2471	2013-08-01 00:00:00
V	16136	17068	2014-06-28 00:00:00
V	16137	264	2013-12-18 00:00:00
V	16138	1440	2013-01-25 00:00:00
V	16139	11494	2012-07-26 00:00:00
V	16140	14750	2014-02-05 00:00:00
V	16141	10185	2014-04-27 00:00:00
V	16142	15298	2012-05-20 00:00:00
V	16143	14290	2012-05-18 00:00:00
V	16144	15231	2013-09-09 00:00:00
V	16145	14532	2013-11-25 00:00:00
V	16146	359	2012-09-14 00:00:00
V	16147	10981	2013-02-09 00:00:00
V	16148	11063	2013-07-26 00:00:00
V	16149	2280	2014-01-25 00:00:00
V	16150	13238	2013-12-15 00:00:00
V	16151	8903	2012-03-22 00:00:00
V	16152	19040	2014-05-06 00:00:00
V	16153	14618	2013-11-27 00:00:00
V	16154	2294	2011-10-05 00:00:00
V	16155	14523	2014-01-22 00:00:00
V	16156	7045	2013-07-08 00:00:00
V	16157	15145	2014-01-18 00:00:00
V	16158	5148	2013-08-07 00:00:00
V	16159	8470	2013-08-26 00:00:00
V	16160	15649	2014-01-28 00:00:00
V	16161	15879	2014-05-05 00:00:00
V	16162	12922	2012-11-04 00:00:00
V	16163	17785	2013-08-22 00:00:00
V	16164	1691	2014-05-11 00:00:00
V	16165	15665	2012-12-21 00:00:00
V	16166	11571	2013-06-18 00:00:00
V	16167	5656	2014-02-10 00:00:00
V	16168	18929	2014-03-10 00:00:00
V	16169	9853	2013-08-12 00:00:00
V	16170	13955	2013-12-27 00:00:00
V	16171	8742	2013-08-17 00:00:00
V	16172	16010	2013-11-23 00:00:00
V	16173	10597	2012-11-21 00:00:00
V	16174	18897	2012-05-17 00:00:00
V	16175	13401	2013-09-21 00:00:00
V	16176	18861	2013-07-22 00:00:00
V	16177	334	2014-03-23 00:00:00
V	16178	3593	2013-12-03 00:00:00
V	16179	8133	2013-02-14 00:00:00
V	16180	16855	2012-07-27 00:00:00
V	16181	6000	2012-06-21 00:00:00
V	16182	18679	2012-12-18 00:00:00
V	16183	16726	2013-12-10 00:00:00
V	16184	18135	2013-06-18 00:00:00
V	16185	4888	2013-11-14 00:00:00
V	16186	5176	2013-10-18 00:00:00
V	16187	4683	2014-01-21 00:00:00
V	16188	5092	2013-07-18 00:00:00
V	16189	15801	2013-04-14 00:00:00
V	16190	17689	2012-04-07 00:00:00
V	16191	650	2013-08-12 00:00:00
V	16192	11326	2013-07-05 00:00:00
V	16193	16308	2013-09-19 00:00:00
V	16194	13681	2013-09-06 00:00:00
V	16195	13333	2014-04-07 00:00:00
V	16196	1939	2012-02-17 00:00:00
V	16197	2624	2013-08-03 00:00:00
V	16198	2832	2014-05-03 00:00:00
V	16199	12972	2014-05-26 00:00:00
V	16200	1798	2013-04-28 00:00:00
V	16201	6993	2013-08-02 00:00:00
V	16202	10861	2013-08-26 00:00:00
V	16203	11329	2013-12-22 00:00:00
V	16204	3707	2012-06-01 00:00:00
V	16205	18298	2013-07-25 00:00:00
V	16206	9872	2012-12-06 00:00:00
V	16207	18250	2011-11-01 00:00:00
V	16208	16315	2013-10-16 00:00:00
V	16209	6608	2011-07-22 00:00:00
V	16210	8921	2013-11-11 00:00:00
V	16211	11728	2013-12-20 00:00:00
V	16212	11759	2014-02-23 00:00:00
V	16213	8905	2014-01-01 00:00:00
V	16214	16237	2014-02-09 00:00:00
V	16215	5426	2011-11-14 00:00:00
V	16216	6597	2014-02-20 00:00:00
V	16217	925	2014-01-08 00:00:00
V	16218	1622	2013-07-26 00:00:00
V	16219	15041	2014-02-11 00:00:00
V	16220	18322	2012-02-19 00:00:00
V	16221	18654	2012-04-12 00:00:00
V	16222	3060	2014-05-19 00:00:00
V	16223	4863	2013-10-13 00:00:00
V	16224	9331	2013-05-17 00:00:00
V	16225	6893	2013-11-13 00:00:00
V	16226	3972	2013-05-25 00:00:00
V	16227	8227	2012-11-14 00:00:00
V	16228	4336	2012-03-18 00:00:00
V	16229	12796	2011-12-09 00:00:00
V	16230	10565	2013-11-13 00:00:00
V	16231	4311	2013-10-18 00:00:00
V	16232	12868	2013-10-02 00:00:00
V	16233	7958	2013-11-01 00:00:00
V	16234	6050	2012-06-25 00:00:00
V	16235	15500	2013-11-25 00:00:00
V	16236	13296	2014-06-30 00:00:00
V	16237	12047	2014-02-27 00:00:00
V	16238	4181	2014-02-08 00:00:00
V	16239	6244	2014-04-23 00:00:00
V	16240	11205	2011-07-21 00:00:00
V	16241	13518	2013-10-12 00:00:00
V	16242	8138	2013-08-10 00:00:00
V	16243	11175	2014-06-16 00:00:00
V	16244	7976	2012-06-03 00:00:00
V	16245	10858	2013-08-13 00:00:00
V	16246	6365	2013-12-09 00:00:00
V	16247	2597	2013-10-10 00:00:00
V	16248	12576	2012-12-08 00:00:00
V	16249	12150	2013-08-21 00:00:00
V	16250	916	2013-08-18 00:00:00
V	16251	225	2012-02-10 00:00:00
V	16252	9150	2012-10-05 00:00:00
V	16253	17639	2014-03-23 00:00:00
V	16254	1406	2014-03-16 00:00:00
V	16255	784	2013-09-04 00:00:00
V	16256	18530	2014-05-29 00:00:00
V	16257	10299	2013-09-20 00:00:00
V	16258	5243	2011-12-22 00:00:00
V	16259	5833	2012-12-15 00:00:00
V	16260	2365	2013-01-05 00:00:00
V	16261	14224	2012-10-18 00:00:00
V	16262	3049	2011-06-05 00:00:00
V	16263	19120	2014-04-08 00:00:00
V	16264	13102	2013-05-03 00:00:00
V	16265	18099	2014-01-05 00:00:00
V	16266	7564	2013-12-10 00:00:00
V	16267	12614	2011-07-13 00:00:00
V	16268	4283	2013-10-25 00:00:00
V	16269	6914	2011-07-12 00:00:00
V	16270	7166	2013-12-19 00:00:00
V	16271	1916	2013-12-25 00:00:00
V	16272	1760	2014-03-12 00:00:00
V	16273	15397	2014-04-24 00:00:00
V	16274	13570	2013-11-29 00:00:00
V	16275	9993	2013-04-19 00:00:00
V	16276	12540	2013-09-20 00:00:00
V	16277	15001	2012-02-08 00:00:00
V	16278	10789	2014-03-03 00:00:00
V	16279	9712	2013-07-18 00:00:00
V	16280	10228	2012-07-20 00:00:00
V	16281	10980	2011-12-18 00:00:00
V	16282	12028	2013-07-08 00:00:00
V	16283	9324	2012-11-10 00:00:00
V	16284	4953	2011-08-31 00:00:00
V	16285	9797	2013-07-04 00:00:00
V	16286	1329	2013-07-26 00:00:00
V	16287	4721	2013-08-19 00:00:00
V	16288	18939	2012-03-05 00:00:00
V	16289	11225	2013-01-12 00:00:00
V	16290	11068	2014-05-20 00:00:00
V	16291	11609	2013-09-28 00:00:00
V	16292	15698	2014-02-22 00:00:00
V	16293	5784	2014-01-12 00:00:00
V	16294	14798	2012-12-28 00:00:00
V	16295	12002	2014-05-04 00:00:00
V	16296	10660	2013-07-10 00:00:00
V	16297	15092	2013-09-23 00:00:00
V	16298	6778	2014-04-07 00:00:00
V	16299	16201	2012-06-18 00:00:00
V	16300	6526	2011-06-09 00:00:00
V	16301	13982	2013-04-14 00:00:00
V	16302	10206	2014-03-07 00:00:00
V	16303	8005	2013-10-15 00:00:00
V	16304	6147	2013-11-05 00:00:00
V	16305	15560	2013-09-13 00:00:00
V	16306	7768	2014-03-06 00:00:00
V	16307	10576	2013-07-16 00:00:00
V	16308	15115	2014-03-20 00:00:00
V	16309	858	2012-09-29 00:00:00
V	16310	18603	2013-01-16 00:00:00
V	16311	6471	2011-09-07 00:00:00
V	16312	13762	2012-09-13 00:00:00
V	16313	1071	2013-08-11 00:00:00
V	16314	18682	2013-08-11 00:00:00
V	16315	15516	2012-07-05 00:00:00
V	16316	15751	2014-02-20 00:00:00
V	16317	5389	2013-08-13 00:00:00
V	16318	2606	2013-08-04 00:00:00
V	16319	5999	2014-02-17 00:00:00
V	16320	5088	2013-11-12 00:00:00
V	16321	6963	2011-07-03 00:00:00
V	16322	2601	2014-03-20 00:00:00
V	16323	13274	2014-03-14 00:00:00
V	16324	18004	2014-04-03 00:00:00
V	16325	12459	2013-07-27 00:00:00
V	16326	16612	2014-06-23 00:00:00
V	16327	2524	2013-05-28 00:00:00
V	16328	1424	2013-08-22 00:00:00
V	16329	9741	2012-08-20 00:00:00
V	16330	16196	2014-04-13 00:00:00
V	16331	8226	2013-12-30 00:00:00
V	16332	4067	2013-04-29 00:00:00
V	16333	15901	2014-01-26 00:00:00
V	16334	3916	2014-06-07 00:00:00
V	16335	3379	2014-06-13 00:00:00
V	16336	2876	2014-05-24 00:00:00
V	16337	9264	2014-06-27 00:00:00
V	16338	906	2014-02-06 00:00:00
V	16339	17556	2012-10-10 00:00:00
V	16340	3256	2013-08-16 00:00:00
V	16341	22	2013-12-24 00:00:00
V	16342	11758	2014-04-08 00:00:00
V	16343	9120	2013-10-10 00:00:00
V	16344	3031	2012-11-24 00:00:00
V	16345	5749	2013-12-17 00:00:00
V	16346	12712	2013-05-07 00:00:00
V	16347	18333	2014-04-14 00:00:00
V	16348	17173	2013-06-29 00:00:00
V	16349	13516	2012-03-08 00:00:00
V	16350	868	2013-08-14 00:00:00
V	16351	13316	2013-02-08 00:00:00
V	16352	4697	2013-07-03 00:00:00
V	16353	4411	2013-11-11 00:00:00
V	16354	3155	2011-11-25 00:00:00
V	16355	7349	2012-06-16 00:00:00
V	16356	8272	2013-07-16 00:00:00
V	16357	17091	2011-09-10 00:00:00
V	16358	12226	2014-03-23 00:00:00
V	16359	1897	2014-04-06 00:00:00
V	16360	17108	2014-03-07 00:00:00
V	16361	15171	2013-04-09 00:00:00
V	16362	5764	2011-06-02 00:00:00
V	16363	10890	2013-08-04 00:00:00
V	16364	9041	2013-10-30 00:00:00
V	16365	9810	2011-12-10 00:00:00
V	16366	12394	2011-12-14 00:00:00
V	16367	7250	2014-06-14 00:00:00
V	16368	15425	2012-09-27 00:00:00
V	16369	3911	2014-04-12 00:00:00
V	16370	5324	2014-06-27 00:00:00
V	16371	16556	2014-02-05 00:00:00
V	16372	15804	2014-01-04 00:00:00
V	16373	16533	2013-07-20 00:00:00
V	16374	1434	2013-09-20 00:00:00
V	16375	17025	2014-04-20 00:00:00
V	16376	2262	2013-10-20 00:00:00
V	16377	9847	2012-11-28 00:00:00
V	16378	13033	2013-04-06 00:00:00
V	16379	13855	2014-06-19 00:00:00
V	16380	13352	2013-07-18 00:00:00
V	16381	12611	2014-06-15 00:00:00
V	16382	4222	2014-06-21 00:00:00
V	16383	554	2014-01-19 00:00:00
V	16384	2431	2012-07-19 00:00:00
V	16385	15572	2013-11-28 00:00:00
V	16386	17337	2013-12-07 00:00:00
V	16387	17901	2013-02-03 00:00:00
V	16388	19152	2012-07-29 00:00:00
V	16389	13004	2014-02-23 00:00:00
V	16390	14675	2013-10-28 00:00:00
V	16391	7816	2013-11-18 00:00:00
V	16392	5308	2012-09-10 00:00:00
V	16393	3102	2013-10-27 00:00:00
V	16394	6437	2014-01-19 00:00:00
V	16395	1632	2014-02-16 00:00:00
V	16396	7676	2014-02-26 00:00:00
V	16397	3328	2013-08-11 00:00:00
V	16398	12460	2012-08-29 00:00:00
V	16399	14341	2014-01-09 00:00:00
V	16400	5011	2011-10-14 00:00:00
V	16401	1547	2011-11-19 00:00:00
V	16402	15459	2014-04-18 00:00:00
V	16403	7124	2014-02-19 00:00:00
V	16404	5963	2014-01-08 00:00:00
V	16405	2999	2011-06-21 00:00:00
V	16406	18170	2013-11-18 00:00:00
V	16407	287	2012-02-13 00:00:00
V	16408	2950	2013-08-12 00:00:00
V	16409	18309	2013-10-12 00:00:00
V	16410	4793	2013-08-17 00:00:00
V	16411	14298	2013-09-22 00:00:00
V	16412	6045	2014-06-29 00:00:00
V	16413	14382	2013-10-07 00:00:00
V	16414	19207	2011-09-18 00:00:00
V	16415	4367	2013-04-09 00:00:00
V	16416	4462	2014-06-28 00:00:00
V	16417	6533	2013-07-08 00:00:00
V	16418	13771	2012-02-06 00:00:00
V	16419	16750	2012-07-16 00:00:00
V	16420	5735	2014-05-24 00:00:00
V	16421	2376	2013-08-24 00:00:00
V	16422	4634	2014-05-07 00:00:00
V	16423	18944	2014-04-02 00:00:00
V	16424	5701	2014-01-18 00:00:00
V	16425	11573	2013-08-21 00:00:00
V	16426	7970	2012-08-17 00:00:00
V	16427	13573	2014-01-08 00:00:00
V	16428	2353	2012-05-20 00:00:00
V	16429	2549	2014-03-25 00:00:00
V	16430	17589	2012-06-30 00:00:00
V	16431	5203	2012-06-24 00:00:00
V	16432	15473	2011-12-22 00:00:00
V	16433	13090	2012-06-21 00:00:00
V	16434	15414	2013-03-17 00:00:00
V	16435	5401	2011-08-22 00:00:00
V	16436	14473	2013-12-22 00:00:00
V	16437	2410	2013-12-14 00:00:00
V	16438	18150	2013-11-08 00:00:00
V	16439	11546	2012-09-23 00:00:00
V	16440	2232	2014-03-28 00:00:00
V	16441	17783	2013-08-17 00:00:00
V	16442	1419	2013-08-22 00:00:00
V	16443	8224	2014-02-23 00:00:00
V	16444	11831	2011-12-19 00:00:00
V	16445	11278	2011-07-30 00:00:00
V	16446	10911	2014-04-24 00:00:00
V	16447	1166	2011-07-20 00:00:00
V	16448	13311	2013-05-11 00:00:00
V	16449	9243	2014-05-11 00:00:00
V	16450	8285	2013-03-23 00:00:00
V	16451	18228	2012-04-06 00:00:00
V	16452	4371	2014-02-24 00:00:00
V	16453	15326	2014-04-06 00:00:00
V	16454	14306	2013-11-19 00:00:00
V	16455	4468	2014-05-05 00:00:00
V	16456	7043	2013-02-07 00:00:00
V	16457	15982	2013-10-26 00:00:00
V	16458	1619	2014-01-26 00:00:00
V	16459	18189	2014-05-24 00:00:00
V	16460	16913	2011-06-30 00:00:00
V	16461	4042	2012-12-17 00:00:00
V	16462	10443	2014-02-11 00:00:00
V	16463	15825	2014-06-08 00:00:00
V	16464	14810	2011-08-19 00:00:00
V	16465	14079	2011-11-23 00:00:00
V	16466	420	2012-10-15 00:00:00
V	16467	16079	2014-06-25 00:00:00
V	16468	12348	2013-09-04 00:00:00
V	16469	10671	2013-11-22 00:00:00
V	16470	6703	2013-07-09 00:00:00
V	16471	3917	2014-03-12 00:00:00
V	16472	14759	2011-09-08 00:00:00
V	16473	9460	2013-10-06 00:00:00
V	16474	13313	2013-06-11 00:00:00
V	16475	14880	2013-01-26 00:00:00
V	16476	12789	2013-07-07 00:00:00
V	16477	18338	2013-09-23 00:00:00
V	16478	11431	2013-12-10 00:00:00
V	16479	14707	2013-12-29 00:00:00
V	16480	15668	2013-11-07 00:00:00
V	16481	2117	2013-09-04 00:00:00
V	16482	12618	2014-04-18 00:00:00
V	16483	10481	2013-07-12 00:00:00
V	16484	16223	2011-10-16 00:00:00
V	16485	5153	2013-10-29 00:00:00
V	16486	18999	2013-01-29 00:00:00
V	16487	4709	2012-03-01 00:00:00
V	16488	6336	2011-06-06 00:00:00
V	16489	15498	2013-11-19 00:00:00
V	16490	208	2012-04-12 00:00:00
V	16491	18519	2013-10-06 00:00:00
V	16492	2490	2014-04-30 00:00:00
V	16493	1285	2013-10-03 00:00:00
V	16494	6381	2014-01-17 00:00:00
V	16495	8941	2012-11-11 00:00:00
V	16496	7461	2014-06-02 00:00:00
V	16497	6717	2012-04-19 00:00:00
V	16498	16869	2014-05-27 00:00:00
V	16499	10415	2013-10-20 00:00:00
V	16500	2096	2012-03-26 00:00:00
V	16501	8615	2014-04-18 00:00:00
V	16502	3376	2011-07-11 00:00:00
V	16503	1898	2013-12-14 00:00:00
V	16504	5906	2013-11-01 00:00:00
V	16505	12052	2013-11-07 00:00:00
V	16506	4813	2013-04-22 00:00:00
V	16507	5246	2014-01-16 00:00:00
V	16508	12216	2013-10-04 00:00:00
V	16509	9108	2014-01-16 00:00:00
V	16510	7587	2012-11-07 00:00:00
V	16511	10433	2014-01-27 00:00:00
V	16512	18824	2014-04-14 00:00:00
V	16513	12448	2014-03-20 00:00:00
V	16514	1387	2012-05-26 00:00:00
V	16515	12313	2013-07-18 00:00:00
V	16516	8240	2013-09-12 00:00:00
V	16517	5326	2013-09-29 00:00:00
V	16518	4239	2014-01-15 00:00:00
V	16519	10735	2013-11-26 00:00:00
V	16520	874	2011-12-20 00:00:00
V	16521	15675	2013-07-15 00:00:00
V	16522	2250	2014-04-12 00:00:00
V	16523	9376	2011-10-08 00:00:00
V	16524	19142	2014-02-11 00:00:00
V	16525	3062	2012-10-02 00:00:00
V	16526	5161	2014-01-11 00:00:00
V	16527	12134	2013-07-18 00:00:00
V	16528	3332	2013-01-13 00:00:00
V	16529	5226	2012-07-14 00:00:00
V	16530	6205	2014-01-08 00:00:00
V	16531	15900	2013-08-17 00:00:00
V	16532	4665	2014-05-06 00:00:00
V	16533	4530	2012-03-29 00:00:00
V	16534	14698	2014-01-28 00:00:00
V	16535	15962	2014-04-28 00:00:00
V	16536	14271	2014-05-09 00:00:00
V	16537	3038	2014-05-08 00:00:00
V	16538	10579	2013-09-07 00:00:00
V	16539	4800	2013-10-26 00:00:00
V	16540	4640	2014-01-09 00:00:00
V	16541	549	2014-05-18 00:00:00
V	16542	211	2013-10-18 00:00:00
V	16543	719	2013-11-15 00:00:00
V	16544	1316	2013-08-28 00:00:00
V	16545	14989	2014-01-25 00:00:00
V	16546	11959	2013-07-29 00:00:00
V	16547	2137	2013-11-05 00:00:00
V	16548	10143	2013-10-03 00:00:00
V	16549	14576	2013-04-06 00:00:00
V	16550	6081	2013-07-14 00:00:00
V	16551	663	2014-01-26 00:00:00
V	16552	19070	2014-03-06 00:00:00
V	16553	8211	2014-05-16 00:00:00
V	16554	12545	2014-01-10 00:00:00
V	16555	4560	2013-10-25 00:00:00
V	16556	8212	2012-10-16 00:00:00
V	16557	6755	2013-09-12 00:00:00
V	16558	10547	2013-12-31 00:00:00
V	16559	14068	2011-12-22 00:00:00
V	16560	3022	2013-04-24 00:00:00
V	16561	11861	2012-02-22 00:00:00
V	16562	10929	2014-03-07 00:00:00
V	16563	1487	2013-10-23 00:00:00
V	16564	7891	2012-11-19 00:00:00
V	16565	16092	2013-07-07 00:00:00
V	16566	49	2013-07-09 00:00:00
V	16567	3045	2013-12-10 00:00:00
V	16568	6958	2014-04-23 00:00:00
V	16569	4984	2013-11-01 00:00:00
V	16570	7528	2014-01-19 00:00:00
V	16571	13892	2014-05-28 00:00:00
V	16572	1385	2014-01-06 00:00:00
V	16573	17864	2012-08-23 00:00:00
V	16574	7937	2012-06-22 00:00:00
V	16575	7544	2011-08-18 00:00:00
V	16576	4040	2012-09-26 00:00:00
V	16577	9374	2012-07-06 00:00:00
V	16578	13546	2013-02-15 00:00:00
V	16579	8070	2012-04-04 00:00:00
V	16580	4347	2013-12-28 00:00:00
V	16581	769	2012-02-20 00:00:00
V	16582	6304	2013-08-24 00:00:00
V	16583	11445	2013-09-02 00:00:00
V	16584	14418	2012-09-22 00:00:00
V	16585	14258	2013-07-02 00:00:00
V	16586	6750	2013-10-17 00:00:00
V	16587	17343	2013-11-26 00:00:00
V	16588	18523	2012-07-28 00:00:00
V	16589	13632	2012-03-25 00:00:00
V	16590	13385	2012-06-20 00:00:00
V	16591	13312	2013-12-20 00:00:00
V	16592	14200	2014-04-07 00:00:00
V	16593	9700	2014-01-24 00:00:00
V	16594	4532	2013-09-12 00:00:00
V	16595	11495	2013-07-20 00:00:00
V	16596	16072	2014-01-15 00:00:00
V	16597	18538	2014-05-21 00:00:00
V	16598	6752	2014-03-29 00:00:00
V	16599	886	2013-09-27 00:00:00
V	16600	15993	2014-01-28 00:00:00
V	16601	1627	2013-11-29 00:00:00
V	16602	7520	2014-04-12 00:00:00
V	16603	6310	2014-01-17 00:00:00
V	16604	8981	2014-04-13 00:00:00
V	16605	4939	2014-05-10 00:00:00
V	16606	5815	2014-02-08 00:00:00
V	16607	797	2014-02-22 00:00:00
V	16608	11113	2014-05-30 00:00:00
V	16609	14995	2014-01-12 00:00:00
V	16610	3596	2014-02-01 00:00:00
V	16611	4410	2013-02-12 00:00:00
V	16612	4659	2013-06-30 00:00:00
V	16613	10060	2014-01-11 00:00:00
V	16614	9884	2014-02-23 00:00:00
V	16615	15830	2014-04-07 00:00:00
V	16616	17937	2012-04-10 00:00:00
V	16617	10091	2011-10-10 00:00:00
V	16618	3333	2013-07-26 00:00:00
V	16619	4303	2014-01-26 00:00:00
V	16620	18430	2013-06-30 00:00:00
V	16621	8789	2014-04-05 00:00:00
V	16622	17242	2013-10-25 00:00:00
V	16623	281	2012-01-20 00:00:00
V	16624	13646	2011-08-30 00:00:00
V	16625	18233	2014-02-18 00:00:00
V	16626	16896	2013-04-22 00:00:00
V	16627	9877	2012-02-03 00:00:00
V	16628	17627	2013-10-31 00:00:00
V	16629	15278	2013-11-09 00:00:00
V	16630	9290	2012-11-01 00:00:00
V	16631	11842	2014-04-12 00:00:00
V	16632	537	2013-01-10 00:00:00
V	16633	6093	2013-08-20 00:00:00
V	16634	5996	2013-10-02 00:00:00
V	16635	13087	2013-05-05 00:00:00
V	16636	3929	2014-01-26 00:00:00
V	16637	7335	2013-09-16 00:00:00
V	16638	8449	2014-05-22 00:00:00
V	16639	9868	2014-01-24 00:00:00
V	16640	11960	2013-09-24 00:00:00
V	16641	3983	2013-08-07 00:00:00
V	16642	16107	2013-07-29 00:00:00
V	16643	16733	2013-10-31 00:00:00
V	16644	16455	2013-11-11 00:00:00
V	16645	3149	2014-01-07 00:00:00
V	16646	2642	2014-01-01 00:00:00
V	16647	6570	2013-09-19 00:00:00
V	16648	18741	2012-06-02 00:00:00
V	16649	15752	2014-01-18 00:00:00
V	16650	2343	2014-04-07 00:00:00
V	16651	15887	2014-02-25 00:00:00
V	16652	14666	2013-12-30 00:00:00
V	16653	12338	2014-03-17 00:00:00
V	16654	448	2014-04-08 00:00:00
V	16655	17149	2013-10-23 00:00:00
V	16656	1648	2013-07-02 00:00:00
V	16657	10450	2014-03-30 00:00:00
V	16658	16471	2013-05-27 00:00:00
V	16659	5342	2014-03-24 00:00:00
V	16660	16888	2013-08-31 00:00:00
V	16661	731	2013-06-30 00:00:00
V	16662	7598	2013-10-08 00:00:00
V	16663	6602	2011-10-19 00:00:00
V	16664	15333	2013-09-23 00:00:00
V	16665	8192	2013-11-04 00:00:00
V	16666	12499	2014-01-10 00:00:00
V	16667	18125	2013-03-03 00:00:00
V	16668	18439	2014-01-13 00:00:00
V	16669	1234	2013-12-10 00:00:00
V	16670	1544	2013-08-20 00:00:00
V	16671	7525	2013-07-07 00:00:00
V	16672	15957	2014-01-15 00:00:00
V	16673	12597	2013-12-13 00:00:00
V	16674	9901	2013-08-31 00:00:00
V	16675	10803	2013-01-30 00:00:00
V	16676	10252	2013-07-12 00:00:00
V	16677	17951	2013-07-15 00:00:00
V	16678	10411	2013-06-16 00:00:00
V	16679	14578	2014-05-17 00:00:00
V	16680	5185	2013-12-19 00:00:00
V	16681	13611	2011-12-08 00:00:00
V	16682	18916	2013-07-30 00:00:00
V	16683	10922	2014-01-01 00:00:00
V	16684	4985	2012-04-30 00:00:00
V	16685	11089	2014-03-24 00:00:00
V	16686	10332	2013-07-08 00:00:00
V	16687	16622	2014-03-18 00:00:00
V	16688	14313	2014-04-19 00:00:00
V	16689	1829	2014-06-11 00:00:00
V	16690	12945	2011-12-16 00:00:00
V	16691	5677	2013-11-29 00:00:00
V	16692	4722	2014-03-07 00:00:00
V	16693	10316	2014-01-24 00:00:00
V	16694	3595	2012-01-16 00:00:00
V	16695	15680	2012-11-11 00:00:00
V	16696	7174	2011-11-16 00:00:00
V	16697	13969	2013-07-23 00:00:00
V	16698	12850	2014-05-25 00:00:00
V	16699	18951	2013-12-09 00:00:00
V	16700	10930	2014-02-10 00:00:00
V	16701	12457	2011-10-19 00:00:00
V	16702	11091	2014-03-23 00:00:00
V	16703	836	2013-07-05 00:00:00
V	16704	6091	2014-01-18 00:00:00
V	16705	7714	2012-08-28 00:00:00
V	16706	12632	2011-10-19 00:00:00
V	16707	2893	2013-07-14 00:00:00
V	16708	11477	2013-11-28 00:00:00
V	16709	946	2013-02-10 00:00:00
V	16710	14577	2013-05-18 00:00:00
V	16711	7288	2014-02-19 00:00:00
V	16712	12391	2014-06-02 00:00:00
V	16713	18718	2014-05-04 00:00:00
V	16714	3619	2013-08-11 00:00:00
V	16715	1107	2014-03-19 00:00:00
V	16716	18793	2013-10-24 00:00:00
V	16717	2781	2012-05-13 00:00:00
V	16718	4250	2013-04-15 00:00:00
V	16719	15188	2014-01-31 00:00:00
V	16720	1228	2013-12-06 00:00:00
V	16721	16686	2013-08-12 00:00:00
V	16722	14919	2013-11-01 00:00:00
V	16723	6998	2014-01-25 00:00:00
V	16724	12932	2014-01-25 00:00:00
V	16725	5218	2012-10-28 00:00:00
V	16726	6425	2014-05-22 00:00:00
V	16727	5129	2014-01-26 00:00:00
V	16728	17099	2014-04-27 00:00:00
V	16729	12891	2014-02-28 00:00:00
V	16730	12043	2013-12-10 00:00:00
V	16731	10834	2014-05-19 00:00:00
V	16732	17916	2012-05-16 00:00:00
V	16733	10114	2014-03-07 00:00:00
V	16734	10881	2013-08-06 00:00:00
V	16735	521	2012-03-30 00:00:00
V	16736	13626	2013-01-23 00:00:00
V	16737	10271	2013-12-29 00:00:00
V	16738	4567	2013-09-11 00:00:00
V	16739	13334	2013-08-27 00:00:00
V	16740	17480	2012-10-23 00:00:00
V	16741	15154	2013-12-31 00:00:00
V	16742	9519	2013-10-05 00:00:00
V	16743	18895	2014-01-20 00:00:00
V	16744	5669	2014-03-14 00:00:00
V	16745	11309	2012-02-23 00:00:00
V	16746	4331	2013-11-13 00:00:00
V	16747	3372	2012-06-09 00:00:00
V	16748	5163	2014-06-01 00:00:00
V	16749	7742	2013-12-23 00:00:00
V	16750	13698	2014-02-19 00:00:00
V	16751	12284	2014-01-16 00:00:00
V	16752	6080	2013-08-23 00:00:00
V	16753	18807	2013-08-01 00:00:00
V	16754	4277	2014-01-07 00:00:00
V	16755	4944	2012-11-30 00:00:00
V	16756	3831	2011-10-05 00:00:00
V	16757	16043	2013-09-06 00:00:00
V	16758	1314	2013-08-12 00:00:00
V	16759	12581	2013-11-28 00:00:00
V	16760	516	2013-08-28 00:00:00
V	16761	8413	2013-08-13 00:00:00
V	16762	19147	2013-08-31 00:00:00
V	16763	16236	2013-07-24 00:00:00
V	16764	17097	2011-06-20 00:00:00
V	16765	577	2013-08-31 00:00:00
V	16766	18926	2014-04-08 00:00:00
V	16767	10925	2013-12-01 00:00:00
V	16768	11968	2013-02-18 00:00:00
V	16769	14795	2013-09-03 00:00:00
V	16770	7417	2013-04-03 00:00:00
V	16771	11020	2013-08-19 00:00:00
V	16772	18209	2014-05-29 00:00:00
V	16773	18134	2013-01-14 00:00:00
V	16774	18144	2012-06-15 00:00:00
V	16775	16343	2013-11-19 00:00:00
V	16776	3615	2013-12-07 00:00:00
V	16777	7468	2013-09-24 00:00:00
V	16778	10555	2013-10-25 00:00:00
V	16779	13707	2013-07-26 00:00:00
V	16780	15456	2013-11-23 00:00:00
V	16781	1730	2013-02-04 00:00:00
V	16782	7843	2014-04-25 00:00:00
V	16783	18633	2013-08-17 00:00:00
V	16784	8252	2014-04-28 00:00:00
V	16785	3028	2014-02-19 00:00:00
V	16786	2234	2013-09-19 00:00:00
V	16787	18889	2011-07-12 00:00:00
V	16788	1437	2014-06-28 00:00:00
V	16789	17420	2013-09-03 00:00:00
V	16790	14733	2014-04-08 00:00:00
V	16791	17682	2012-04-29 00:00:00
V	16792	3480	2012-05-06 00:00:00
V	16793	12085	2014-05-01 00:00:00
V	16794	6661	2014-04-08 00:00:00
V	16795	5633	2013-08-01 00:00:00
V	16796	8563	2011-12-18 00:00:00
V	16797	12409	2013-01-27 00:00:00
V	16798	3330	2014-03-25 00:00:00
V	16799	116	2014-02-28 00:00:00
V	16800	16108	2013-11-22 00:00:00
V	16801	14423	2014-02-19 00:00:00
V	16802	9634	2013-12-09 00:00:00
V	16803	3353	2013-12-24 00:00:00
V	16804	8424	2014-01-25 00:00:00
V	16805	2018	2013-08-28 00:00:00
V	16806	8532	2013-06-30 00:00:00
V	16807	5814	2012-04-04 00:00:00
V	16808	13227	2011-07-13 00:00:00
V	16809	19121	2012-08-18 00:00:00
V	16810	2669	2014-05-25 00:00:00
V	16811	6560	2012-11-06 00:00:00
V	16812	11923	2014-02-09 00:00:00
V	16813	13578	2014-02-18 00:00:00
V	16814	7812	2013-02-28 00:00:00
V	16815	14868	2013-06-20 00:00:00
V	16816	6960	2013-07-23 00:00:00
V	16817	17550	2013-08-18 00:00:00
V	16818	10160	2012-04-26 00:00:00
V	16819	16099	2014-05-16 00:00:00
V	16820	17836	2014-02-20 00:00:00
V	16821	1421	2014-04-26 00:00:00
V	16822	2176	2014-03-15 00:00:00
V	16823	14817	2012-12-25 00:00:00
V	16824	6044	2013-01-13 00:00:00
V	16825	8528	2014-06-21 00:00:00
V	16826	7909	2012-10-25 00:00:00
V	16827	475	2014-06-30 00:00:00
V	16828	427	2014-03-03 00:00:00
V	16829	14004	2012-06-17 00:00:00
V	16830	12785	2013-11-18 00:00:00
V	16831	15433	2011-09-27 00:00:00
V	16832	7700	2013-12-03 00:00:00
V	16833	12041	2013-01-21 00:00:00
V	16834	7025	2013-12-14 00:00:00
V	16835	7246	2012-01-10 00:00:00
V	16836	9932	2012-07-06 00:00:00
V	16837	2421	2014-03-15 00:00:00
V	16838	3111	2013-09-24 00:00:00
V	16839	14964	2014-04-24 00:00:00
V	16840	19097	2013-08-12 00:00:00
V	16841	4712	2014-01-25 00:00:00
V	16842	3292	2013-08-27 00:00:00
V	16843	6904	2013-11-27 00:00:00
V	16844	18410	2014-03-14 00:00:00
V	16845	17130	2013-08-01 00:00:00
V	16846	13692	2011-08-06 00:00:00
V	16847	18012	2014-02-02 00:00:00
V	16848	8617	2013-07-23 00:00:00
V	16849	15650	2013-11-06 00:00:00
V	16850	8571	2013-11-28 00:00:00
V	16851	14094	2014-01-19 00:00:00
V	16852	11897	2011-11-22 00:00:00
V	16853	9992	2013-08-18 00:00:00
V	16854	11732	2013-08-31 00:00:00
V	16855	1498	2014-03-19 00:00:00
V	16856	13533	2013-01-04 00:00:00
V	16857	7395	2013-04-21 00:00:00
V	16858	16372	2012-06-12 00:00:00
V	16859	17730	2013-08-17 00:00:00
V	16860	5472	2013-01-05 00:00:00
V	16861	11307	2012-08-13 00:00:00
V	16862	5078	2013-09-19 00:00:00
V	16863	16486	2013-10-05 00:00:00
V	16864	12762	2014-04-05 00:00:00
V	16865	6073	2012-11-28 00:00:00
V	16866	6139	2012-04-11 00:00:00
V	16867	7888	2013-09-28 00:00:00
V	16868	8418	2012-06-30 00:00:00
V	16869	11608	2014-01-07 00:00:00
V	16870	18782	2013-03-29 00:00:00
V	16871	1686	2014-04-18 00:00:00
V	16872	16555	2013-02-20 00:00:00
V	16873	9854	2014-03-20 00:00:00
V	16874	642	2013-11-25 00:00:00
V	16875	3968	2012-09-20 00:00:00
V	16876	6192	2014-02-27 00:00:00
V	16877	12337	2014-06-14 00:00:00
V	16878	16518	2014-02-01 00:00:00
V	16879	4376	2013-09-12 00:00:00
V	16880	6267	2013-11-04 00:00:00
V	16881	9326	2013-02-21 00:00:00
V	16882	13658	2014-03-29 00:00:00
V	16883	1805	2014-02-18 00:00:00
V	16884	2736	2011-06-13 00:00:00
V	16885	5946	2014-03-17 00:00:00
V	16886	16423	2013-06-22 00:00:00
V	16887	3285	2014-05-25 00:00:00
V	16888	10486	2013-05-12 00:00:00
V	16889	4353	2014-05-04 00:00:00
V	16890	10761	2013-12-06 00:00:00
V	16891	18742	2014-06-19 00:00:00
V	16892	3955	2011-12-14 00:00:00
V	16893	8075	2013-12-24 00:00:00
V	16894	7635	2013-10-17 00:00:00
V	16895	4268	2012-12-06 00:00:00
V	16896	19232	2013-07-18 00:00:00
V	16897	16708	2013-05-30 00:00:00
V	16898	7541	2012-12-16 00:00:00
V	16899	14045	2011-10-16 00:00:00
V	16900	3945	2013-11-05 00:00:00
V	16901	15949	2014-05-15 00:00:00
V	16902	14136	2013-07-15 00:00:00
V	16903	8533	2011-06-07 00:00:00
V	16904	3650	2012-07-14 00:00:00
V	16905	17671	2013-10-30 00:00:00
V	16906	11425	2014-05-08 00:00:00
V	16907	482	2013-01-21 00:00:00
V	16908	7028	2013-11-15 00:00:00
V	16909	15110	2011-11-29 00:00:00
V	16910	13058	2013-08-12 00:00:00
V	16911	1493	2011-08-19 00:00:00
V	16912	6095	2013-10-21 00:00:00
V	16913	15394	2011-11-05 00:00:00
V	16914	10849	2012-04-01 00:00:00
V	16915	12363	2013-09-02 00:00:00
V	16916	3296	2013-07-11 00:00:00
V	16917	189	2014-04-25 00:00:00
V	16918	12771	2014-02-26 00:00:00
V	16919	1577	2014-06-20 00:00:00
V	16920	294	2013-12-15 00:00:00
V	16921	2283	2014-03-15 00:00:00
V	16922	9160	2014-03-07 00:00:00
V	16923	15442	2012-04-13 00:00:00
V	16924	10651	2014-02-11 00:00:00
V	16925	4265	2013-12-15 00:00:00
V	16926	15502	2013-10-25 00:00:00
V	16927	18443	2013-10-21 00:00:00
V	16928	6410	2013-07-25 00:00:00
V	16929	1014	2013-12-29 00:00:00
V	16930	2747	2012-01-26 00:00:00
V	16931	12787	2014-04-22 00:00:00
V	16932	14918	2012-07-07 00:00:00
V	16933	11470	2013-09-11 00:00:00
V	16934	6723	2012-11-25 00:00:00
V	16935	4019	2011-11-13 00:00:00
V	16936	1610	2014-03-27 00:00:00
V	16937	10760	2012-09-19 00:00:00
V	16938	11642	2014-02-07 00:00:00
V	16939	3568	2013-04-18 00:00:00
V	16940	13947	2012-07-18 00:00:00
V	16941	19095	2013-09-30 00:00:00
V	16942	8064	2013-09-03 00:00:00
V	16943	4327	2014-06-18 00:00:00
V	16944	8456	2012-01-28 00:00:00
V	16945	3389	2014-03-15 00:00:00
V	16946	10220	2013-02-26 00:00:00
V	16947	495	2013-07-04 00:00:00
V	16948	2837	2014-02-28 00:00:00
V	16949	2531	2013-10-12 00:00:00
V	16950	4974	2014-03-19 00:00:00
V	16951	18877	2011-07-21 00:00:00
V	16952	3482	2013-07-06 00:00:00
V	16953	4015	2013-09-16 00:00:00
V	16954	16908	2013-08-02 00:00:00
V	16955	8149	2011-12-09 00:00:00
V	16956	6363	2013-11-27 00:00:00
V	16957	13282	2013-10-30 00:00:00
V	16958	12081	2012-11-15 00:00:00
V	16959	2231	2013-02-01 00:00:00
V	16960	8475	2014-02-28 00:00:00
V	16961	1965	2014-04-19 00:00:00
V	16962	2264	2011-07-25 00:00:00
V	16963	2173	2011-10-05 00:00:00
V	16964	9942	2014-05-26 00:00:00
V	16965	4668	2013-08-24 00:00:00
V	16966	18208	2013-10-22 00:00:00
V	16967	16676	2013-09-22 00:00:00
V	16968	10645	2014-03-08 00:00:00
V	16969	546	2013-11-27 00:00:00
V	16970	14524	2013-12-11 00:00:00
V	16971	5755	2013-11-28 00:00:00
V	16972	18780	2014-06-30 00:00:00
V	16973	16472	2014-05-06 00:00:00
V	16974	6002	2013-12-06 00:00:00
V	16975	16803	2013-04-29 00:00:00
V	16976	9579	2011-08-14 00:00:00
V	16977	13896	2014-05-23 00:00:00
V	16978	5407	2012-07-02 00:00:00
V	16979	6127	2012-01-22 00:00:00
V	16980	9556	2012-01-26 00:00:00
V	16981	11737	2013-12-08 00:00:00
V	16982	14372	2013-12-03 00:00:00
V	16983	2977	2012-06-16 00:00:00
V	16984	2923	2014-01-26 00:00:00
V	16985	12855	2013-11-24 00:00:00
V	16986	16028	2013-07-11 00:00:00
V	16987	16301	2013-12-07 00:00:00
V	16988	19118	2014-02-19 00:00:00
V	16989	12571	2014-03-06 00:00:00
V	16990	15923	2013-11-27 00:00:00
V	16991	12268	2011-12-07 00:00:00
V	16992	18101	2014-02-16 00:00:00
V	16993	18511	2013-10-17 00:00:00
V	16994	16911	2012-06-07 00:00:00
V	16995	18023	2013-12-29 00:00:00
V	16996	13739	2013-08-02 00:00:00
V	16997	16829	2013-09-16 00:00:00
V	16998	7010	2011-06-24 00:00:00
V	16999	10840	2013-09-26 00:00:00
V	17000	14334	2014-06-12 00:00:00
V	17001	2097	2013-01-11 00:00:00
V	17002	13515	2014-04-12 00:00:00
V	17003	19001	2012-05-22 00:00:00
V	17004	1052	2011-07-21 00:00:00
V	17005	5977	2013-02-24 00:00:00
V	17006	4808	2012-08-29 00:00:00
V	17007	15791	2013-08-25 00:00:00
V	17008	541	2013-11-21 00:00:00
V	17009	16539	2014-02-25 00:00:00
V	17010	4516	2013-08-08 00:00:00
V	17011	3739	2012-05-23 00:00:00
V	17012	1129	2013-08-01 00:00:00
V	17013	2165	2013-06-08 00:00:00
V	17014	12523	2013-01-27 00:00:00
V	17015	16022	2011-07-28 00:00:00
V	17016	16239	2013-11-16 00:00:00
V	17017	18557	2013-01-31 00:00:00
V	17018	1662	2014-04-08 00:00:00
V	17019	6604	2013-09-01 00:00:00
V	17020	5779	2014-06-10 00:00:00
V	17021	6401	2014-01-17 00:00:00
V	17022	1271	2013-10-01 00:00:00
V	17023	8440	2014-05-28 00:00:00
V	17024	857	2012-05-28 00:00:00
V	17025	2972	2012-06-01 00:00:00
V	17026	19026	2013-12-17 00:00:00
V	17027	16553	2013-12-09 00:00:00
V	17028	16118	2014-05-06 00:00:00
V	17029	4257	2014-05-20 00:00:00
V	17030	1586	2013-07-25 00:00:00
V	17031	15202	2013-06-21 00:00:00
V	17032	7814	2013-09-05 00:00:00
V	17033	6811	2014-04-02 00:00:00
V	17034	17279	2014-05-26 00:00:00
V	17035	3855	2014-04-23 00:00:00
V	17036	14650	2013-09-24 00:00:00
V	17037	905	2013-12-10 00:00:00
V	17038	1740	2014-02-01 00:00:00
V	17039	18687	2013-10-29 00:00:00
V	17040	10734	2012-12-13 00:00:00
V	17041	9296	2013-10-25 00:00:00
V	17042	286	2013-06-22 00:00:00
V	17043	15170	2012-07-16 00:00:00
V	17044	17013	2013-03-01 00:00:00
V	17045	16328	2013-11-14 00:00:00
V	17046	10804	2013-12-07 00:00:00
V	17047	15690	2014-06-26 00:00:00
V	17048	2543	2014-02-18 00:00:00
V	17049	13116	2013-11-22 00:00:00
V	17050	16606	2012-11-19 00:00:00
V	17051	15867	2013-07-28 00:00:00
V	17052	3841	2013-08-25 00:00:00
V	17053	2042	2014-04-16 00:00:00
V	17054	938	2013-11-15 00:00:00
V	17055	17715	2013-08-20 00:00:00
V	17056	9618	2012-04-11 00:00:00
V	17057	18237	2013-08-25 00:00:00
V	17058	10465	2014-05-16 00:00:00
V	17059	9278	2013-05-20 00:00:00
V	17060	11630	2014-01-22 00:00:00
V	17061	8119	2014-03-04 00:00:00
V	17062	14713	2012-11-03 00:00:00
V	17063	9902	2013-01-23 00:00:00
V	17064	13300	2013-03-01 00:00:00
V	17065	13743	2012-03-11 00:00:00
V	17066	5895	2014-01-26 00:00:00
V	17067	7941	2013-07-29 00:00:00
V	17068	6589	2011-11-15 00:00:00
V	17069	2836	2014-05-18 00:00:00
V	17070	9946	2012-11-08 00:00:00
V	17071	3651	2013-09-13 00:00:00
V	17072	13568	2014-01-30 00:00:00
V	17073	9337	2012-12-19 00:00:00
V	17074	179	2013-08-19 00:00:00
V	17075	17272	2013-12-07 00:00:00
V	17076	7338	2013-05-29 00:00:00
V	17077	15506	2013-01-06 00:00:00
V	17078	8326	2014-04-12 00:00:00
V	17079	11954	2011-08-02 00:00:00
V	17080	8687	2012-07-08 00:00:00
V	17081	12005	2011-06-10 00:00:00
V	17082	15117	2014-04-17 00:00:00
V	17083	15852	2014-03-28 00:00:00
V	17084	13898	2013-08-03 00:00:00
V	17085	16410	2014-02-25 00:00:00
V	17086	1490	2013-11-02 00:00:00
V	17087	3260	2013-08-17 00:00:00
V	17088	12056	2012-07-22 00:00:00
V	17089	10102	2013-07-20 00:00:00
V	17090	11764	2013-10-25 00:00:00
V	17091	8232	2011-08-22 00:00:00
V	17092	9435	2012-01-27 00:00:00
V	17093	1164	2014-01-29 00:00:00
V	17094	5483	2013-04-01 00:00:00
V	17095	8444	2014-02-18 00:00:00
V	17096	10567	2013-11-22 00:00:00
V	17097	4645	2013-09-04 00:00:00
V	17098	6176	2013-04-08 00:00:00
V	17099	6143	2014-03-23 00:00:00
V	17100	8749	2013-07-16 00:00:00
V	17101	15245	2013-09-01 00:00:00
V	17102	7783	2014-04-11 00:00:00
V	17103	622	2013-11-29 00:00:00
V	17104	11209	2013-12-03 00:00:00
V	17105	19037	2011-10-28 00:00:00
V	17106	2589	2013-07-15 00:00:00
V	17107	5216	2012-08-12 00:00:00
V	17108	12998	2013-01-23 00:00:00
V	17109	3005	2013-06-15 00:00:00
V	17110	9641	2014-01-01 00:00:00
V	17111	17340	2014-05-17 00:00:00
V	17112	12847	2014-02-16 00:00:00
V	17113	5507	2013-10-15 00:00:00
V	17114	1516	2014-01-23 00:00:00
V	17115	5322	2013-02-07 00:00:00
V	17116	12410	2013-02-27 00:00:00
V	17117	5629	2012-05-20 00:00:00
V	17118	37	2014-03-23 00:00:00
V	17119	8104	2013-09-06 00:00:00
V	17120	9087	2014-04-12 00:00:00
V	17121	6187	2013-07-24 00:00:00
V	17122	4041	2014-03-03 00:00:00
V	17123	5785	2011-08-18 00:00:00
V	17124	132	2014-06-01 00:00:00
V	17125	6525	2012-10-12 00:00:00
V	17126	7643	2012-05-01 00:00:00
V	17127	19014	2013-05-14 00:00:00
V	17128	3686	2013-05-31 00:00:00
V	17129	16618	2012-10-25 00:00:00
V	17130	4537	2014-06-21 00:00:00
V	17131	8229	2012-12-31 00:00:00
V	17132	8904	2013-11-09 00:00:00
V	17133	15674	2012-03-12 00:00:00
V	17134	2454	2014-05-26 00:00:00
V	17135	12807	2013-09-03 00:00:00
V	17136	10108	2013-11-29 00:00:00
V	17137	1720	2012-03-07 00:00:00
V	17138	6356	2014-06-07 00:00:00
V	17139	16611	2014-01-31 00:00:00
V	17140	10141	2011-07-01 00:00:00
V	17141	13108	2013-10-23 00:00:00
V	17142	10308	2011-07-25 00:00:00
V	17143	11990	2013-11-30 00:00:00
V	17144	6852	2014-03-08 00:00:00
V	17145	4618	2013-07-30 00:00:00
V	17146	435	2014-04-28 00:00:00
V	17147	7445	2013-12-19 00:00:00
V	17148	9894	2012-03-24 00:00:00
V	17149	14907	2013-11-27 00:00:00
V	17150	13760	2014-02-02 00:00:00
V	17151	17	2014-01-16 00:00:00
V	17152	11540	2013-08-22 00:00:00
V	17153	12915	2014-06-23 00:00:00
V	17154	29	2014-04-25 00:00:00
V	17155	172	2012-08-24 00:00:00
V	17156	2947	2013-08-02 00:00:00
V	17157	309	2014-03-23 00:00:00
V	17158	5026	2013-03-20 00:00:00
V	17159	1590	2014-05-20 00:00:00
V	17160	11733	2013-10-04 00:00:00
V	17161	5146	2014-02-23 00:00:00
V	17162	12759	2014-04-23 00:00:00
V	17163	3231	2013-12-01 00:00:00
V	17164	15590	2013-08-01 00:00:00
V	17165	6834	2014-05-11 00:00:00
V	17166	15014	2013-09-02 00:00:00
V	17167	6976	2014-02-22 00:00:00
V	17168	10612	2012-07-03 00:00:00
V	17169	15740	2014-06-08 00:00:00
V	17170	10995	2012-05-30 00:00:00
V	17171	18753	2014-01-18 00:00:00
V	17172	5108	2012-10-01 00:00:00
V	17173	10725	2013-07-15 00:00:00
V	17174	4558	2014-04-24 00:00:00
V	17175	8378	2013-08-31 00:00:00
V	17176	16541	2012-02-18 00:00:00
V	17177	7996	2014-05-18 00:00:00
V	17178	10101	2014-05-21 00:00:00
V	17179	5830	2014-02-05 00:00:00
V	17180	19164	2011-10-07 00:00:00
V	17181	12352	2014-04-11 00:00:00
V	17182	4081	2014-05-02 00:00:00
V	17183	18800	2014-04-09 00:00:00
V	17184	10222	2014-01-11 00:00:00
V	17185	12623	2013-09-17 00:00:00
V	17186	5565	2014-04-04 00:00:00
V	17187	9303	2013-08-04 00:00:00
V	17188	1292	2012-11-23 00:00:00
V	17189	13569	2012-02-25 00:00:00
V	17190	16367	2014-02-07 00:00:00
V	17191	16685	2013-08-06 00:00:00
V	17192	3771	2012-12-17 00:00:00
V	17193	13871	2012-10-13 00:00:00
V	17194	6347	2011-07-26 00:00:00
V	17195	2841	2012-12-09 00:00:00
V	17196	15479	2014-02-12 00:00:00
V	17197	14269	2014-01-03 00:00:00
V	17198	7882	2013-01-15 00:00:00
V	17199	9610	2012-11-16 00:00:00
V	17200	1732	2013-09-30 00:00:00
V	17201	762	2014-01-17 00:00:00
V	17202	13256	2014-01-02 00:00:00
V	17203	390	2014-04-11 00:00:00
V	17204	738	2013-11-19 00:00:00
V	17205	6098	2013-11-20 00:00:00
V	17206	278	2014-01-16 00:00:00
V	17207	16185	2014-03-08 00:00:00
V	17208	18546	2013-04-22 00:00:00
V	17209	8557	2014-02-11 00:00:00
V	17210	1820	2013-11-09 00:00:00
V	17211	7918	2013-06-08 00:00:00
V	17212	15330	2013-11-04 00:00:00
V	17213	13276	2014-03-10 00:00:00
V	17214	1782	2013-09-23 00:00:00
V	17215	16743	2013-02-16 00:00:00
V	17216	1127	2014-02-07 00:00:00
V	17217	14023	2013-02-14 00:00:00
V	17218	11302	2012-12-01 00:00:00
V	17219	8881	2012-09-18 00:00:00
V	17220	171	2013-09-05 00:00:00
V	17221	1900	2014-05-27 00:00:00
V	17222	10475	2014-01-19 00:00:00
V	17223	2663	2014-04-13 00:00:00
V	17224	8422	2013-12-03 00:00:00
V	17225	9039	2013-11-07 00:00:00
V	17226	15937	2014-04-07 00:00:00
V	17227	13068	2012-12-22 00:00:00
V	17228	16448	2013-06-21 00:00:00
V	17229	4263	2013-10-30 00:00:00
V	17230	15111	2013-01-14 00:00:00
V	17231	13291	2014-04-06 00:00:00
V	17232	9297	2012-02-04 00:00:00
V	17233	12149	2011-11-15 00:00:00
V	17234	14905	2013-10-28 00:00:00
V	17235	1750	2013-12-27 00:00:00
V	17236	11421	2012-02-23 00:00:00
V	17237	5527	2014-03-04 00:00:00
V	17238	17641	2013-11-01 00:00:00
V	17239	1930	2014-04-13 00:00:00
V	17240	14278	2011-07-19 00:00:00
V	17241	16500	2013-06-30 00:00:00
V	17242	15667	2013-11-27 00:00:00
V	17243	333	2012-06-07 00:00:00
V	17244	7539	2014-02-16 00:00:00
V	17245	12304	2014-05-17 00:00:00
V	17246	8643	2012-04-11 00:00:00
V	17247	2881	2013-12-09 00:00:00
V	17248	10165	2013-08-16 00:00:00
V	17249	6446	2014-05-28 00:00:00
V	17250	17611	2013-09-29 00:00:00
V	17251	7957	2014-03-04 00:00:00
V	17252	722	2014-04-24 00:00:00
V	17253	107	2014-06-18 00:00:00
V	17254	6812	2013-09-05 00:00:00
V	17255	12375	2011-07-18 00:00:00
V	17256	10007	2013-04-20 00:00:00
V	17257	9745	2011-08-21 00:00:00
V	17258	3185	2014-05-26 00:00:00
V	17259	14279	2012-04-24 00:00:00
V	17260	7922	2012-12-09 00:00:00
V	17261	13330	2013-11-05 00:00:00
V	17262	4639	2014-03-26 00:00:00
V	17263	2813	2013-08-20 00:00:00
V	17264	5403	2014-05-13 00:00:00
V	17265	3906	2012-04-10 00:00:00
V	17266	13566	2014-02-13 00:00:00
V	17267	11028	2011-09-29 00:00:00
V	17268	16104	2013-03-23 00:00:00
V	17269	11920	2014-06-11 00:00:00
V	17270	16045	2014-04-19 00:00:00
V	17271	1358	2014-04-16 00:00:00
V	17272	9306	2011-07-08 00:00:00
V	17273	12435	2014-04-08 00:00:00
V	17274	1120	2012-11-04 00:00:00
V	17275	3307	2012-09-01 00:00:00
V	17276	3311	2013-08-19 00:00:00
V	17277	14264	2012-12-17 00:00:00
V	17278	6072	2013-11-25 00:00:00
V	17279	8245	2014-03-03 00:00:00
V	17280	8918	2013-09-27 00:00:00
V	17281	5329	2013-11-14 00:00:00
V	17282	15904	2013-12-12 00:00:00
V	17283	11832	2012-09-21 00:00:00
V	17284	1425	2011-11-21 00:00:00
V	17285	14848	2014-03-11 00:00:00
V	17286	8651	2013-07-03 00:00:00
V	17287	5207	2013-07-28 00:00:00
V	17288	3462	2013-07-20 00:00:00
V	17289	7484	2013-11-15 00:00:00
V	17290	9082	2014-03-02 00:00:00
V	17291	8856	2011-10-30 00:00:00
V	17292	12501	2013-11-07 00:00:00
V	17293	12367	2011-11-18 00:00:00
V	17294	3655	2014-06-19 00:00:00
V	17295	15133	2012-05-30 00:00:00
V	17296	12245	2014-04-19 00:00:00
V	17297	19205	2013-11-03 00:00:00
V	17298	8261	2013-03-23 00:00:00
V	17299	13999	2011-08-27 00:00:00
V	17300	17614	2014-05-19 00:00:00
V	17301	10056	2014-04-22 00:00:00
V	17302	9091	2014-04-23 00:00:00
V	17303	5793	2012-12-09 00:00:00
V	17304	11812	2013-10-01 00:00:00
V	17305	3360	2014-02-27 00:00:00
V	17306	17981	2012-07-11 00:00:00
V	17307	18145	2014-04-25 00:00:00
V	17308	12764	2014-05-30 00:00:00
V	17309	5019	2013-06-30 00:00:00
V	17310	4707	2013-11-28 00:00:00
V	17311	11322	2014-05-21 00:00:00
V	17312	18465	2012-06-10 00:00:00
V	17313	1846	2014-02-10 00:00:00
V	17314	7650	2014-06-04 00:00:00
V	17315	2271	2014-05-14 00:00:00
V	17316	5307	2013-06-08 00:00:00
V	17317	269	2011-07-04 00:00:00
V	17318	304	2013-10-10 00:00:00
V	17319	8959	2013-04-24 00:00:00
V	17320	13428	2014-06-14 00:00:00
V	17321	5943	2011-08-02 00:00:00
V	17322	17259	2013-03-04 00:00:00
V	17323	1122	2013-10-14 00:00:00
V	17324	10442	2014-04-01 00:00:00
V	17325	11949	2013-09-10 00:00:00
V	17326	10164	2013-07-28 00:00:00
V	17327	563	2013-11-07 00:00:00
V	17328	8234	2013-12-29 00:00:00
V	17329	9644	2014-04-20 00:00:00
V	17330	3324	2014-03-27 00:00:00
V	17331	1171	2011-09-26 00:00:00
V	17332	3905	2012-02-10 00:00:00
V	17333	9793	2013-11-29 00:00:00
V	17334	12267	2012-08-15 00:00:00
V	17335	10546	2013-11-07 00:00:00
V	17336	14526	2013-10-07 00:00:00
V	17337	13645	2011-07-23 00:00:00
V	17338	5491	2014-01-20 00:00:00
V	17339	10940	2014-01-26 00:00:00
V	17340	795	2013-07-17 00:00:00
V	17341	852	2014-02-23 00:00:00
V	17342	1967	2013-08-29 00:00:00
V	17343	16181	2013-09-21 00:00:00
V	17344	17805	2014-01-12 00:00:00
V	17345	14601	2013-12-17 00:00:00
V	17346	6590	2014-05-19 00:00:00
V	17347	17602	2014-06-21 00:00:00
V	17348	13776	2012-08-29 00:00:00
V	17349	19012	2014-02-26 00:00:00
V	17350	2962	2013-12-21 00:00:00
V	17351	10799	2013-08-02 00:00:00
V	17352	8513	2014-02-14 00:00:00
V	17353	5101	2012-11-06 00:00:00
V	17354	6220	2014-03-02 00:00:00
V	17355	10249	2012-12-15 00:00:00
V	17356	15273	2013-10-28 00:00:00
V	17357	7693	2013-11-04 00:00:00
V	17358	7628	2013-11-02 00:00:00
V	17359	9051	2014-06-22 00:00:00
V	17360	10469	2011-06-17 00:00:00
V	17361	16094	2013-09-28 00:00:00
V	17362	3681	2013-12-03 00:00:00
V	17363	774	2013-05-22 00:00:00
V	17364	7610	2013-01-05 00:00:00
V	17365	1206	2013-03-16 00:00:00
V	17366	11982	2013-12-28 00:00:00
V	17367	18249	2014-04-28 00:00:00
V	17368	11538	2014-03-18 00:00:00
V	17369	13521	2011-07-30 00:00:00
V	17370	18128	2012-11-24 00:00:00
V	17371	10020	2014-06-18 00:00:00
V	17372	6730	2013-12-18 00:00:00
V	17373	7243	2011-12-26 00:00:00
V	17374	8086	2013-10-31 00:00:00
V	17375	17094	2012-01-25 00:00:00
V	17376	10314	2014-01-15 00:00:00
V	17377	14319	2013-12-28 00:00:00
V	17378	11502	2012-12-22 00:00:00
V	17379	332	2012-03-16 00:00:00
V	17380	4421	2013-10-21 00:00:00
V	17381	5466	2013-07-15 00:00:00
V	17382	19114	2013-10-20 00:00:00
V	17383	174	2014-01-12 00:00:00
V	17384	3729	2012-09-19 00:00:00
V	17385	12427	2013-06-02 00:00:00
V	17386	3172	2014-02-01 00:00:00
V	17387	1309	2013-12-26 00:00:00
V	17388	12137	2013-12-31 00:00:00
V	17389	7697	2014-05-28 00:00:00
V	17390	7260	2013-11-14 00:00:00
V	17391	5925	2013-11-07 00:00:00
V	17392	5302	2012-07-25 00:00:00
V	17393	3404	2013-09-20 00:00:00
V	17394	13938	2011-09-02 00:00:00
V	17395	18828	2013-07-15 00:00:00
V	17396	2705	2013-03-04 00:00:00
V	17397	18107	2014-01-24 00:00:00
V	17398	5852	2014-01-27 00:00:00
V	17399	7480	2014-03-07 00:00:00
V	17400	8228	2013-12-14 00:00:00
V	17401	11319	2013-11-15 00:00:00
V	17402	10490	2014-04-27 00:00:00
V	17403	15591	2013-09-04 00:00:00
V	17404	16019	2013-08-06 00:00:00
V	17405	9701	2012-07-06 00:00:00
V	17406	3228	2013-04-10 00:00:00
V	17407	14077	2012-05-17 00:00:00
V	17408	2971	2012-12-13 00:00:00
V	17409	13449	2013-01-12 00:00:00
V	17410	8772	2012-11-27 00:00:00
V	17411	13957	2013-07-26 00:00:00
V	17412	5561	2014-04-24 00:00:00
V	17413	1253	2014-04-04 00:00:00
V	17414	14780	2014-05-19 00:00:00
V	17415	17392	2014-06-04 00:00:00
V	17416	11545	2014-04-15 00:00:00
V	17417	17852	2013-07-20 00:00:00
V	17418	5647	2013-04-29 00:00:00
V	17419	5023	2013-11-17 00:00:00
V	17420	12736	2014-04-26 00:00:00
V	17421	18082	2014-05-22 00:00:00
V	17422	5200	2013-04-25 00:00:00
V	17423	7074	2013-10-14 00:00:00
V	17424	11007	2013-10-06 00:00:00
V	17425	7302	2013-07-30 00:00:00
V	17426	14748	2013-11-12 00:00:00
V	17427	8653	2013-05-02 00:00:00
V	17428	9414	2013-02-24 00:00:00
V	17429	9771	2012-10-25 00:00:00
V	17430	16687	2014-06-12 00:00:00
V	17431	17998	2012-04-05 00:00:00
V	17432	8964	2013-10-29 00:00:00
V	17433	12074	2014-04-18 00:00:00
V	17434	7716	2013-11-12 00:00:00
V	17435	2478	2013-07-05 00:00:00
V	17436	8345	2012-07-19 00:00:00
V	17437	4404	2013-08-30 00:00:00
V	17438	11193	2013-12-15 00:00:00
V	17439	15310	2014-04-10 00:00:00
V	17440	5030	2014-01-02 00:00:00
V	17441	259	2013-12-06 00:00:00
V	17442	17317	2013-08-08 00:00:00
V	17443	8897	2014-04-11 00:00:00
V	17444	9807	2013-12-08 00:00:00
V	17445	1252	2014-03-31 00:00:00
V	17446	17919	2014-01-18 00:00:00
V	17447	18885	2013-08-31 00:00:00
V	17448	14166	2013-11-10 00:00:00
V	17449	13014	2011-10-14 00:00:00
V	17450	4035	2014-06-18 00:00:00
V	17451	11881	2014-01-06 00:00:00
V	17452	9962	2013-12-27 00:00:00
V	17453	14673	2013-10-28 00:00:00
V	17454	12910	2014-01-13 00:00:00
V	17455	4736	2011-09-15 00:00:00
V	17456	6246	2013-08-09 00:00:00
V	17457	5298	2013-11-22 00:00:00
V	17458	701	2014-01-28 00:00:00
V	17459	13140	2014-03-02 00:00:00
V	17460	2266	2012-11-16 00:00:00
V	17461	8583	2011-09-28 00:00:00
V	17462	158	2014-05-09 00:00:00
V	17463	8489	2013-10-22 00:00:00
V	17464	1571	2013-10-23 00:00:00
V	17465	11460	2014-05-14 00:00:00
V	17466	3135	2013-09-27 00:00:00
V	17467	14220	2013-10-06 00:00:00
V	17468	14697	2013-08-20 00:00:00
V	17469	16435	2012-03-14 00:00:00
V	17470	9831	2013-03-16 00:00:00
V	17471	14168	2014-01-05 00:00:00
V	17472	13820	2012-01-01 00:00:00
V	17473	2112	2013-07-18 00:00:00
V	17474	10585	2013-09-21 00:00:00
V	17475	18531	2012-04-26 00:00:00
V	17476	11994	2012-05-31 00:00:00
V	17477	7745	2014-05-10 00:00:00
V	17478	1297	2014-05-14 00:00:00
V	17479	14794	2014-01-01 00:00:00
V	17480	18550	2013-08-25 00:00:00
V	17481	5235	2013-03-27 00:00:00
V	17482	14922	2013-07-12 00:00:00
V	17483	1957	2012-03-11 00:00:00
V	17484	5540	2012-06-11 00:00:00
V	17485	10496	2013-04-12 00:00:00
V	17486	1929	2014-04-01 00:00:00
V	17487	5170	2014-06-09 00:00:00
V	17488	10719	2014-03-22 00:00:00
V	17489	12104	2014-02-19 00:00:00
V	17490	4245	2013-12-28 00:00:00
V	17491	18139	2013-01-22 00:00:00
V	17492	7381	2014-01-30 00:00:00
V	17493	11531	2014-02-18 00:00:00
V	17494	3487	2013-08-12 00:00:00
V	17495	9408	2014-03-13 00:00:00
V	17496	1997	2014-01-03 00:00:00
V	17497	12869	2013-01-08 00:00:00
V	17498	9813	2013-12-28 00:00:00
V	17499	11942	2014-02-12 00:00:00
V	17500	3433	2013-08-01 00:00:00
V	17501	16605	2013-08-26 00:00:00
V	17502	18359	2014-05-14 00:00:00
V	17503	19036	2013-07-07 00:00:00
V	17504	7018	2014-03-03 00:00:00
V	17505	1139	2012-10-30 00:00:00
V	17506	11300	2013-08-15 00:00:00
V	17507	2423	2014-01-11 00:00:00
V	17508	8401	2014-01-19 00:00:00
V	17509	12183	2013-10-22 00:00:00
V	17510	12806	2013-09-08 00:00:00
V	17511	6358	2013-10-01 00:00:00
V	17512	15815	2013-12-07 00:00:00
V	17513	13095	2013-07-08 00:00:00
V	17514	3117	2014-01-15 00:00:00
V	17515	4651	2011-06-20 00:00:00
V	17516	10381	2013-09-06 00:00:00
V	17517	3515	2014-04-27 00:00:00
V	17518	18205	2014-05-30 00:00:00
V	17519	5495	2011-10-13 00:00:00
V	17520	10289	2011-11-14 00:00:00
V	17521	15894	2012-07-16 00:00:00
V	17522	15172	2012-10-05 00:00:00
V	17523	2198	2013-10-08 00:00:00
V	17524	2000	2013-03-16 00:00:00
V	17525	17704	2014-06-10 00:00:00
V	17526	5719	2013-03-27 00:00:00
V	17527	4513	2013-12-23 00:00:00
V	17528	12719	2014-02-06 00:00:00
V	17529	5872	2012-03-12 00:00:00
V	17530	16252	2014-05-22 00:00:00
V	17531	18938	2012-03-10 00:00:00
V	17532	3198	2014-03-10 00:00:00
V	17533	933	2014-01-05 00:00:00
V	17534	18801	2013-02-24 00:00:00
V	17535	18954	2014-05-14 00:00:00
V	17536	12741	2012-07-10 00:00:00
V	17537	6677	2013-09-08 00:00:00
V	17538	19042	2013-10-17 00:00:00
V	17539	2360	2012-12-04 00:00:00
V	17540	1264	2014-04-02 00:00:00
V	17541	3754	2014-02-06 00:00:00
V	17542	16230	2013-09-03 00:00:00
V	17543	14501	2014-03-30 00:00:00
V	17544	10074	2014-04-06 00:00:00
V	17545	12212	2013-11-09 00:00:00
V	17546	14017	2013-12-09 00:00:00
V	17547	17477	2014-05-27 00:00:00
V	17548	10069	2013-11-17 00:00:00
V	17549	2417	2012-02-18 00:00:00
V	17550	13809	2013-10-29 00:00:00
V	17551	9171	2014-05-26 00:00:00
V	17552	7220	2014-02-02 00:00:00
V	17553	9411	2014-04-14 00:00:00
V	17554	17578	2013-08-06 00:00:00
V	17555	9154	2013-08-30 00:00:00
V	17556	7491	2013-01-05 00:00:00
V	17557	1895	2011-10-31 00:00:00
V	17558	17760	2014-05-06 00:00:00
V	17559	15906	2012-06-04 00:00:00
V	17560	7890	2013-11-03 00:00:00
V	17561	8669	2012-05-03 00:00:00
V	17562	4096	2013-12-05 00:00:00
V	17563	16275	2014-02-05 00:00:00
V	17564	11765	2012-07-12 00:00:00
V	17565	2591	2013-10-31 00:00:00
V	17566	11697	2014-04-02 00:00:00
V	17567	10029	2013-06-14 00:00:00
V	17568	16296	2014-03-19 00:00:00
V	17569	15353	2014-04-12 00:00:00
V	17570	2737	2013-09-20 00:00:00
V	17571	8176	2014-01-30 00:00:00
V	17572	1142	2013-06-27 00:00:00
V	17573	11501	2012-07-24 00:00:00
V	17574	6489	2014-05-16 00:00:00
V	17575	980	2014-01-11 00:00:00
V	17576	8745	2014-04-07 00:00:00
V	17577	17987	2012-01-23 00:00:00
V	17578	9747	2014-03-04 00:00:00
V	17579	9420	2013-12-07 00:00:00
V	17580	571	2014-03-07 00:00:00
V	17581	10097	2014-04-11 00:00:00
V	17582	2963	2013-07-25 00:00:00
V	17583	13526	2013-09-04 00:00:00
V	17584	9836	2012-11-05 00:00:00
V	17585	813	2013-06-11 00:00:00
V	17586	16773	2013-10-04 00:00:00
V	17587	9779	2014-05-20 00:00:00
V	17588	14092	2012-11-11 00:00:00
V	17589	7713	2013-01-27 00:00:00
V	17590	6829	2011-07-10 00:00:00
V	17591	7334	2013-05-17 00:00:00
V	17592	4992	2013-01-14 00:00:00
V	17593	6706	2013-11-20 00:00:00
V	17594	8201	2014-01-11 00:00:00
V	17595	38	2013-09-24 00:00:00
V	17596	13224	2014-04-25 00:00:00
V	17597	5930	2013-07-29 00:00:00
V	17598	2551	2013-06-06 00:00:00
V	17599	3121	2013-11-23 00:00:00
V	17600	15280	2012-11-14 00:00:00
V	17601	8713	2013-08-11 00:00:00
V	17602	2848	2013-11-25 00:00:00
V	17603	14785	2013-07-16 00:00:00
V	17604	5841	2013-07-18 00:00:00
V	17605	6443	2014-01-19 00:00:00
V	17606	1061	2013-09-26 00:00:00
V	17607	15485	2012-01-13 00:00:00
V	17608	15541	2011-06-13 00:00:00
V	17609	9750	2014-01-20 00:00:00
V	17610	14850	2012-11-01 00:00:00
V	17611	10137	2013-03-14 00:00:00
V	17612	3272	2014-01-20 00:00:00
V	17613	11227	2014-05-25 00:00:00
V	17614	2300	2013-11-04 00:00:00
V	17615	5619	2012-07-01 00:00:00
V	17616	10726	2011-07-03 00:00:00
V	17617	18616	2014-02-13 00:00:00
V	17618	13453	2013-07-05 00:00:00
V	17619	12234	2013-09-13 00:00:00
V	17620	14916	2012-11-30 00:00:00
V	17621	12381	2013-11-06 00:00:00
V	17622	11850	2013-09-18 00:00:00
V	17623	4940	2014-05-17 00:00:00
V	17624	18151	2013-10-03 00:00:00
V	17625	16247	2012-11-14 00:00:00
V	17626	10673	2013-08-29 00:00:00
V	17627	2803	2013-10-12 00:00:00
V	17628	1993	2014-02-10 00:00:00
V	17629	17648	2013-11-04 00:00:00
V	17630	3263	2012-05-12 00:00:00
V	17631	10798	2014-01-12 00:00:00
V	17632	17763	2013-09-04 00:00:00
V	17633	14980	2013-01-11 00:00:00
V	17634	4438	2014-01-01 00:00:00
V	17635	8500	2014-05-13 00:00:00
V	17636	21	2013-09-11 00:00:00
V	17637	13066	2014-03-21 00:00:00
V	17638	4134	2013-10-19 00:00:00
V	17639	7722	2013-10-06 00:00:00
V	17640	9352	2013-07-19 00:00:00
V	17641	10055	2012-07-25 00:00:00
V	17642	3931	2012-12-22 00:00:00
V	17643	9615	2011-07-26 00:00:00
V	17644	17769	2013-07-28 00:00:00
V	17645	71	2013-10-13 00:00:00
V	17646	17566	2013-08-29 00:00:00
V	17647	9221	2013-06-30 00:00:00
V	17648	8867	2013-10-12 00:00:00
V	17649	15755	2011-06-24 00:00:00
V	17650	7104	2014-04-16 00:00:00
V	17651	16944	2012-03-09 00:00:00
V	17652	7040	2014-06-04 00:00:00
V	17653	11977	2014-01-08 00:00:00
V	17654	15261	2013-02-26 00:00:00
V	17655	3708	2014-03-16 00:00:00
V	17656	7046	2014-06-03 00:00:00
V	17657	14222	2012-10-18 00:00:00
V	17658	9517	2013-07-24 00:00:00
V	17659	4744	2014-03-24 00:00:00
V	17660	17262	2014-02-09 00:00:00
V	17661	6085	2012-09-23 00:00:00
V	17662	5736	2012-11-22 00:00:00
V	17663	6494	2014-06-07 00:00:00
V	17664	15021	2012-04-19 00:00:00
V	17665	3222	2013-08-31 00:00:00
V	17666	1519	2014-03-11 00:00:00
V	17667	19223	2013-09-06 00:00:00
V	17668	6919	2013-05-14 00:00:00
V	17669	13173	2014-04-27 00:00:00
V	17670	12553	2012-05-23 00:00:00
V	17671	8276	2013-09-01 00:00:00
V	17672	5704	2013-07-30 00:00:00
V	17673	9756	2013-08-30 00:00:00
V	17674	9339	2012-05-11 00:00:00
V	17675	3530	2013-02-13 00:00:00
V	17676	11233	2011-10-24 00:00:00
V	17677	91	2013-07-30 00:00:00
V	17678	3876	2014-04-19 00:00:00
V	17679	7532	2014-02-12 00:00:00
V	17680	8747	2013-03-07 00:00:00
V	17681	11674	2012-10-20 00:00:00
V	17682	17134	2014-05-19 00:00:00
V	17683	12152	2014-04-16 00:00:00
V	17684	652	2014-01-07 00:00:00
V	17685	16378	2014-03-28 00:00:00
V	17686	1197	2013-12-28 00:00:00
V	17687	7343	2013-06-24 00:00:00
V	17688	12853	2014-03-20 00:00:00
V	17689	1054	2013-08-24 00:00:00
V	17690	18052	2013-10-28 00:00:00
V	17691	3705	2012-11-09 00:00:00
V	17692	920	2013-10-01 00:00:00
V	17693	3430	2013-09-04 00:00:00
V	17694	7232	2014-01-28 00:00:00
V	17695	6214	2013-10-21 00:00:00
V	17696	4373	2013-07-24 00:00:00
V	17697	504	2013-11-24 00:00:00
V	17698	3388	2013-05-11 00:00:00
V	17699	19044	2013-07-18 00:00:00
V	17700	11403	2013-01-04 00:00:00
V	17701	11828	2013-09-21 00:00:00
V	17702	1830	2013-09-19 00:00:00
V	17703	4938	2013-07-15 00:00:00
V	17704	1088	2013-11-01 00:00:00
V	17705	15058	2013-08-29 00:00:00
V	17706	365	2013-08-12 00:00:00
V	17707	7087	2013-10-03 00:00:00
V	17708	4158	2014-05-31 00:00:00
V	17709	1842	2013-06-14 00:00:00
V	17710	4646	2013-11-15 00:00:00
V	17711	14792	2014-02-22 00:00:00
V	17712	13610	2013-07-21 00:00:00
V	17713	15416	2013-01-25 00:00:00
V	17714	2214	2014-03-03 00:00:00
V	17715	18304	2013-10-30 00:00:00
V	17716	1194	2012-05-18 00:00:00
V	17717	289	2013-08-19 00:00:00
V	17718	9330	2012-10-28 00:00:00
V	17719	18422	2013-09-10 00:00:00
V	17720	18680	2014-01-29 00:00:00
V	17721	8004	2014-04-06 00:00:00
V	17722	2203	2013-08-12 00:00:00
V	17723	6398	2014-04-21 00:00:00
V	17724	1635	2013-10-16 00:00:00
V	17725	17505	2014-03-26 00:00:00
V	17726	11147	2012-11-21 00:00:00
V	17727	7770	2013-07-23 00:00:00
V	17728	676	2013-10-02 00:00:00
V	17729	11625	2012-12-31 00:00:00
V	17730	1005	2013-09-07 00:00:00
V	17731	18529	2011-11-03 00:00:00
V	17732	12291	2012-07-18 00:00:00
V	17733	1837	2014-05-27 00:00:00
V	17734	17299	2014-01-04 00:00:00
V	17735	12066	2013-11-05 00:00:00
V	17736	16636	2013-09-01 00:00:00
V	17737	619	2014-03-23 00:00:00
V	17738	11348	2014-03-07 00:00:00
V	17739	6731	2012-04-22 00:00:00
V	17740	9679	2012-02-10 00:00:00
V	17741	17183	2013-07-26 00:00:00
V	17742	15223	2014-04-13 00:00:00
V	17743	3789	2013-08-13 00:00:00
V	17744	5040	2013-07-11 00:00:00
V	17745	3477	2011-12-30 00:00:00
V	17746	16300	2014-03-17 00:00:00
V	17747	348	2013-09-08 00:00:00
V	17748	18953	2014-05-24 00:00:00
V	17749	19027	2013-10-21 00:00:00
V	17750	6796	2013-10-31 00:00:00
V	17751	9989	2013-08-08 00:00:00
V	17752	927	2013-12-30 00:00:00
V	17753	13571	2013-09-24 00:00:00
V	17754	12351	2013-02-08 00:00:00
V	17755	6352	2013-07-06 00:00:00
V	17756	2487	2013-03-28 00:00:00
V	17757	17310	2013-07-02 00:00:00
V	17758	2472	2013-07-03 00:00:00
V	17759	11879	2014-02-04 00:00:00
V	17760	1195	2014-04-29 00:00:00
V	17761	2195	2014-03-31 00:00:00
V	17762	4233	2014-01-23 00:00:00
V	17763	4177	2014-04-15 00:00:00
V	17764	2380	2014-02-04 00:00:00
V	17765	5768	2013-11-11 00:00:00
V	17766	9192	2013-10-12 00:00:00
V	17767	14689	2014-05-11 00:00:00
V	17768	8324	2013-08-29 00:00:00
V	17769	3167	2013-11-03 00:00:00
V	17770	1645	2014-01-06 00:00:00
V	17771	8277	2013-05-20 00:00:00
V	17772	8607	2013-05-12 00:00:00
V	17773	6313	2013-10-18 00:00:00
V	17774	10716	2012-07-30 00:00:00
V	17775	4332	2014-04-30 00:00:00
V	17776	6680	2013-07-18 00:00:00
V	17777	12900	2013-06-15 00:00:00
V	17778	917	2013-05-10 00:00:00
V	17779	9578	2014-03-22 00:00:00
V	17780	6438	2013-05-14 00:00:00
V	17781	7606	2013-09-09 00:00:00
V	17782	1584	2013-12-18 00:00:00
V	17783	17211	2014-04-19 00:00:00
V	17784	7481	2012-06-04 00:00:00
V	17785	3871	2014-02-20 00:00:00
V	17786	16650	2012-02-26 00:00:00
V	17787	450	2013-08-20 00:00:00
V	17788	10259	2013-10-01 00:00:00
V	17789	5703	2013-04-29 00:00:00
V	17790	17191	2012-05-09 00:00:00
V	17791	17244	2013-10-28 00:00:00
V	17792	18974	2012-07-18 00:00:00
V	17793	9781	2014-05-13 00:00:00
V	17794	533	2013-07-05 00:00:00
V	17795	19066	2014-05-22 00:00:00
V	17796	12776	2014-05-26 00:00:00
V	17797	14566	2014-06-02 00:00:00
V	17798	2686	2014-03-11 00:00:00
V	17799	18756	2012-02-04 00:00:00
V	17800	3079	2013-04-20 00:00:00
V	17801	245	2013-09-27 00:00:00
V	17802	13076	2013-09-29 00:00:00
V	17803	3741	2013-05-29 00:00:00
V	17804	1026	2013-07-20 00:00:00
V	17805	14652	2014-02-22 00:00:00
V	17806	13803	2014-05-11 00:00:00
V	17807	13463	2013-11-13 00:00:00
V	17808	17240	2012-04-11 00:00:00
V	17809	17761	2012-12-12 00:00:00
V	17810	11628	2011-09-29 00:00:00
V	17811	17966	2012-01-01 00:00:00
V	17812	15109	2013-10-23 00:00:00
V	17813	6542	2012-07-23 00:00:00
V	17814	13019	2013-07-17 00:00:00
V	17815	15185	2012-10-07 00:00:00
V	17816	5685	2014-02-13 00:00:00
V	17817	13467	2014-03-18 00:00:00
V	17818	14057	2013-04-03 00:00:00
V	17819	16361	2014-03-21 00:00:00
V	17820	1102	2013-07-03 00:00:00
V	17821	3280	2014-02-16 00:00:00
V	17822	5955	2013-10-12 00:00:00
V	17823	9483	2012-04-21 00:00:00
V	17824	2449	2014-04-25 00:00:00
V	17825	398	2012-06-20 00:00:00
V	17826	3461	2014-06-02 00:00:00
V	17827	4500	2013-06-24 00:00:00
V	17828	1040	2013-09-30 00:00:00
V	17829	13078	2013-12-10 00:00:00
V	17830	10326	2013-08-25 00:00:00
V	17831	15551	2012-03-09 00:00:00
V	17832	16508	2013-08-15 00:00:00
V	17833	387	2013-11-03 00:00:00
V	17834	4714	2012-09-11 00:00:00
V	17835	12332	2013-01-03 00:00:00
V	17836	10892	2013-06-01 00:00:00
V	17837	10437	2013-11-23 00:00:00
V	17838	12690	2013-12-17 00:00:00
V	17839	8581	2013-04-01 00:00:00
V	17840	13335	2013-03-29 00:00:00
V	17841	5502	2014-01-17 00:00:00
V	17842	18321	2014-06-23 00:00:00
V	17843	3685	2013-09-24 00:00:00
V	17844	16629	2014-06-23 00:00:00
V	17845	4195	2014-05-26 00:00:00
V	17846	1381	2014-05-04 00:00:00
V	17847	15240	2012-02-03 00:00:00
V	17848	18534	2014-02-21 00:00:00
V	17849	1134	2013-07-17 00:00:00
V	17850	429	2013-05-28 00:00:00
V	17851	7408	2013-10-21 00:00:00
V	17852	4436	2013-08-28 00:00:00
V	17853	5476	2014-04-01 00:00:00
V	17854	17917	2012-04-23 00:00:00
V	17855	17899	2012-12-23 00:00:00
V	17856	19139	2013-08-02 00:00:00
V	17857	11933	2014-04-29 00:00:00
V	17858	8029	2014-03-10 00:00:00
V	17859	17208	2013-07-14 00:00:00
V	17860	18256	2014-06-30 00:00:00
V	17861	4993	2012-12-30 00:00:00
V	17862	5997	2012-08-02 00:00:00
V	17863	3626	2013-10-20 00:00:00
V	17864	6054	2013-11-06 00:00:00
V	17865	7042	2011-10-01 00:00:00
V	17866	1763	2014-01-02 00:00:00
V	17867	15440	2014-05-02 00:00:00
V	17868	12876	2014-02-01 00:00:00
V	17869	8024	2013-09-03 00:00:00
V	17870	14720	2011-07-05 00:00:00
V	17871	17190	2014-03-09 00:00:00
V	17872	9918	2014-02-26 00:00:00
V	17873	12475	2012-08-08 00:00:00
V	17874	9182	2013-12-10 00:00:00
V	17875	16928	2014-01-08 00:00:00
V	17876	15454	2014-04-29 00:00:00
V	17877	1757	2014-02-14 00:00:00
V	17878	13006	2012-02-28 00:00:00
V	17879	8036	2013-07-07 00:00:00
V	17880	7644	2013-04-28 00:00:00
V	17881	6942	2013-03-08 00:00:00
V	17882	11646	2014-03-31 00:00:00
V	17883	13606	2013-04-30 00:00:00
V	17884	4044	2011-11-12 00:00:00
V	17885	4151	2013-07-13 00:00:00
V	17886	12178	2014-04-24 00:00:00
V	17887	11803	2014-03-15 00:00:00
V	17888	14346	2012-10-30 00:00:00
V	17889	8851	2014-04-19 00:00:00
V	17890	3963	2014-02-10 00:00:00
V	17891	14951	2013-11-17 00:00:00
V	17892	3186	2014-02-07 00:00:00
V	17893	17155	2012-11-09 00:00:00
V	17894	16342	2012-03-30 00:00:00
V	17895	14597	2013-08-01 00:00:00
V	17896	15229	2013-10-26 00:00:00
V	17897	4597	2013-06-15 00:00:00
V	17898	17696	2013-10-05 00:00:00
V	17899	18246	2013-12-18 00:00:00
V	17900	8386	2013-05-16 00:00:00
V	17901	2980	2013-08-11 00:00:00
V	17902	9951	2012-03-06 00:00:00
V	17903	1131	2013-02-10 00:00:00
V	17904	755	2011-07-15 00:00:00
V	17905	16318	2011-11-20 00:00:00
V	17906	11118	2014-03-19 00:00:00
V	17907	14403	2013-08-20 00:00:00
V	17908	2207	2014-04-05 00:00:00
V	17909	5724	2013-07-27 00:00:00
V	17910	3178	2013-05-13 00:00:00
V	17911	7466	2013-09-19 00:00:00
V	17912	3137	2013-12-05 00:00:00
V	17913	10504	2011-12-01 00:00:00
V	17914	184	2013-11-03 00:00:00
V	17915	2615	2013-12-14 00:00:00
V	17916	13042	2014-06-14 00:00:00
V	17917	7969	2013-12-23 00:00:00
V	17918	14756	2014-05-06 00:00:00
V	17919	1588	2012-11-03 00:00:00
V	17920	3981	2014-01-03 00:00:00
V	17921	12289	2014-02-15 00:00:00
V	17922	648	2014-02-06 00:00:00
V	17923	13393	2013-11-20 00:00:00
V	17924	223	2011-10-12 00:00:00
V	17925	18539	2012-04-02 00:00:00
V	17926	9758	2013-05-09 00:00:00
V	17927	3677	2013-03-10 00:00:00
V	17928	13738	2014-03-10 00:00:00
V	17929	5178	2014-02-06 00:00:00
V	17930	8815	2013-04-01 00:00:00
V	17931	8436	2012-09-19 00:00:00
V	17932	16809	2013-07-19 00:00:00
V	17933	14909	2013-11-27 00:00:00
V	17934	11794	2013-03-09 00:00:00
V	17935	13472	2014-04-06 00:00:00
V	17936	17603	2014-06-30 00:00:00
V	17937	10441	2014-02-23 00:00:00
V	17938	12407	2014-01-16 00:00:00
V	17939	15338	2013-09-13 00:00:00
V	17940	17385	2013-07-30 00:00:00
V	17941	3624	2013-10-25 00:00:00
V	17942	16431	2012-09-18 00:00:00
V	17943	8949	2014-04-04 00:00:00
V	17944	14067	2014-05-26 00:00:00
V	17945	15305	2013-11-05 00:00:00
V	17946	11760	2011-11-10 00:00:00
V	17947	8834	2014-05-03 00:00:00
V	17948	1374	2013-07-07 00:00:00
V	17949	3687	2013-12-11 00:00:00
V	17950	4792	2013-03-11 00:00:00
V	17951	13551	2014-02-27 00:00:00
V	17952	13457	2011-10-27 00:00:00
V	17953	19140	2014-06-20 00:00:00
V	17954	14772	2014-05-12 00:00:00
V	17955	10674	2013-08-07 00:00:00
V	17956	5712	2014-01-09 00:00:00
V	17957	7869	2012-01-22 00:00:00
V	17958	10954	2013-10-03 00:00:00
V	17959	8129	2012-09-07 00:00:00
V	17960	12643	2013-07-23 00:00:00
V	17961	10261	2013-07-15 00:00:00
V	17962	8270	2014-06-21 00:00:00
V	17963	4757	2014-04-02 00:00:00
V	17964	15294	2012-04-04 00:00:00
V	17965	12591	2012-02-11 00:00:00
V	17966	1954	2012-09-16 00:00:00
V	17967	4783	2012-02-21 00:00:00
V	17968	2139	2013-11-16 00:00:00
V	17969	6374	2013-11-10 00:00:00
V	17970	17907	2014-01-31 00:00:00
V	17971	1152	2014-05-20 00:00:00
V	17972	14802	2013-05-15 00:00:00
V	17973	3572	2011-11-05 00:00:00
V	17974	6231	2011-11-10 00:00:00
V	17975	15449	2014-03-29 00:00:00
V	17976	8793	2013-07-26 00:00:00
V	17977	14903	2011-11-20 00:00:00
V	17978	13384	2013-07-28 00:00:00
V	17979	8325	2013-12-02 00:00:00
V	17980	8488	2012-06-22 00:00:00
V	17981	5337	2013-08-21 00:00:00
V	17982	4748	2014-04-14 00:00:00
V	17983	3710	2014-06-13 00:00:00
V	17984	3020	2013-04-05 00:00:00
V	17985	1339	2013-08-19 00:00:00
V	17986	1172	2014-01-02 00:00:00
V	17987	16592	2013-11-04 00:00:00
V	17988	17056	2013-08-31 00:00:00
V	17989	2217	2014-06-12 00:00:00
V	17990	8551	2013-11-15 00:00:00
V	17991	5281	2013-08-25 00:00:00
V	17992	944	2013-11-07 00:00:00
V	17993	9714	2012-05-26 00:00:00
V	17994	16547	2014-03-22 00:00:00
V	17995	17288	2013-12-15 00:00:00
V	17996	2105	2014-02-15 00:00:00
V	17997	13250	2011-10-07 00:00:00
V	17998	4743	2014-05-05 00:00:00
V	17999	9498	2013-09-27 00:00:00
V	18000	514	2013-10-20 00:00:00
V	18001	15518	2013-08-11 00:00:00
V	18002	5189	2013-10-01 00:00:00
V	18003	16083	2012-05-01 00:00:00
V	18004	7398	2014-01-21 00:00:00
V	18005	12488	2013-10-15 00:00:00
V	18006	10266	2013-06-01 00:00:00
V	18007	17213	2013-11-09 00:00:00
V	18008	7053	2014-05-28 00:00:00
V	18009	13869	2013-10-05 00:00:00
V	18010	6486	2014-02-13 00:00:00
V	18011	5465	2014-01-23 00:00:00
V	18012	2307	2013-12-14 00:00:00
V	18013	6078	2013-10-23 00:00:00
V	18014	1938	2014-04-17 00:00:00
V	18015	13832	2014-06-19 00:00:00
V	18016	8530	2014-05-14 00:00:00
V	18017	7189	2013-10-02 00:00:00
V	18018	1094	2013-09-23 00:00:00
V	18019	5761	2013-11-13 00:00:00
V	18020	12897	2012-05-23 00:00:00
V	18021	13539	2013-10-06 00:00:00
V	18022	5423	2013-09-13 00:00:00
V	18023	3206	2011-12-30 00:00:00
V	18024	5780	2014-02-24 00:00:00
V	18025	14506	2014-01-02 00:00:00
V	18026	13346	2014-05-27 00:00:00
V	18027	1689	2014-03-19 00:00:00
V	18028	2263	2013-12-27 00:00:00
V	18029	6727	2013-07-17 00:00:00
V	18030	2593	2014-04-19 00:00:00
V	18031	7594	2014-05-08 00:00:00
V	18032	12223	2014-01-09 00:00:00
V	18033	12019	2014-05-01 00:00:00
V	18034	5117	2011-09-04 00:00:00
V	18035	10413	2013-11-11 00:00:00
V	18036	8559	2012-10-14 00:00:00
V	18037	10893	2012-01-25 00:00:00
V	18038	14862	2013-02-11 00:00:00
V	18039	4625	2012-03-13 00:00:00
V	18040	7749	2012-10-26 00:00:00
V	18041	8835	2014-02-18 00:00:00
V	18042	19101	2013-09-01 00:00:00
V	18043	15521	2014-01-04 00:00:00
V	18044	2804	2014-03-19 00:00:00
V	18045	2238	2014-01-29 00:00:00
V	18046	12763	2013-09-06 00:00:00
V	18047	16299	2013-12-13 00:00:00
V	18048	1213	2013-11-14 00:00:00
V	18049	523	2013-11-18 00:00:00
V	18050	882	2014-06-15 00:00:00
V	18051	17078	2013-10-08 00:00:00
V	18052	13017	2014-01-27 00:00:00
V	18053	12067	2014-01-27 00:00:00
V	18054	14343	2013-08-01 00:00:00
V	18055	14775	2013-10-12 00:00:00
V	18056	15588	2012-03-29 00:00:00
V	18057	11660	2013-12-19 00:00:00
V	18058	14293	2013-09-30 00:00:00
V	18059	5306	2013-12-30 00:00:00
V	18060	2106	2013-12-14 00:00:00
V	18061	12171	2014-02-21 00:00:00
V	18062	19175	2013-08-08 00:00:00
V	18063	4161	2013-10-21 00:00:00
V	18064	13339	2011-07-01 00:00:00
V	18065	10032	2014-05-19 00:00:00
V	18066	13445	2011-12-11 00:00:00
V	18067	2152	2013-01-18 00:00:00
V	18068	18349	2013-08-29 00:00:00
V	18069	6594	2014-04-25 00:00:00
V	18070	13176	2014-04-14 00:00:00
V	18071	7557	2013-03-26 00:00:00
V	18072	1531	2013-11-24 00:00:00
V	18073	6810	2013-11-05 00:00:00
V	18074	1700	2012-11-07 00:00:00
V	18075	1786	2013-04-29 00:00:00
V	18076	18083	2013-08-01 00:00:00
V	18077	1302	2014-04-10 00:00:00
V	18078	859	2013-10-26 00:00:00
V	18079	10809	2014-03-08 00:00:00
V	18080	8178	2014-05-24 00:00:00
V	18081	1741	2013-11-21 00:00:00
V	18082	6827	2014-02-04 00:00:00
V	18083	13477	2013-11-18 00:00:00
V	18084	6747	2014-06-10 00:00:00
V	18085	2158	2013-12-05 00:00:00
V	18086	3806	2013-10-17 00:00:00
V	18087	19015	2013-07-16 00:00:00
V	18088	3703	2012-12-22 00:00:00
V	18089	15645	2013-10-18 00:00:00
V	18090	7476	2013-04-03 00:00:00
V	18091	9972	2014-01-02 00:00:00
V	18092	10300	2013-03-15 00:00:00
V	18093	9652	2013-01-29 00:00:00
V	18094	9239	2014-01-29 00:00:00
V	18095	18978	2014-03-02 00:00:00
V	18096	6513	2013-10-31 00:00:00
V	18097	15198	2013-12-18 00:00:00
V	18098	6375	2013-08-19 00:00:00
V	18099	9922	2013-12-15 00:00:00
V	18100	8618	2013-06-30 00:00:00
V	18101	17595	2014-02-26 00:00:00
V	18102	18915	2014-03-03 00:00:00
V	18103	15036	2014-05-12 00:00:00
V	18104	12331	2014-01-23 00:00:00
V	18105	8609	2013-12-08 00:00:00
V	18106	7459	2014-03-31 00:00:00
V	18107	17756	2014-01-30 00:00:00
V	18108	9684	2013-10-17 00:00:00
V	18109	12650	2013-10-06 00:00:00
V	18110	19231	2013-08-09 00:00:00
V	18111	1960	2014-01-26 00:00:00
V	18112	19093	2012-06-05 00:00:00
V	18113	12416	2013-12-19 00:00:00
V	18114	9699	2013-11-13 00:00:00
V	18115	18934	2013-09-27 00:00:00
V	18116	10401	2012-07-12 00:00:00
V	18117	4301	2012-08-07 00:00:00
V	18118	2357	2014-01-29 00:00:00
V	18119	7212	2013-01-10 00:00:00
V	18120	14604	2013-09-19 00:00:00
V	18121	18287	2012-11-20 00:00:00
V	18122	1082	2013-12-30 00:00:00
V	18123	18790	2012-02-23 00:00:00
V	18124	4624	2013-07-11 00:00:00
V	18125	6318	2013-06-26 00:00:00
V	18126	15164	2014-04-09 00:00:00
V	18127	639	2013-07-13 00:00:00
V	18128	11940	2012-11-07 00:00:00
V	18129	15356	2013-10-17 00:00:00
V	18130	2450	2014-05-21 00:00:00
V	18131	3858	2014-06-21 00:00:00
V	18132	16770	2014-05-13 00:00:00
V	18133	1258	2014-01-29 00:00:00
V	18134	1430	2012-01-31 00:00:00
V	18135	456	2013-10-18 00:00:00
V	18136	6283	2014-02-25 00:00:00
V	18137	18165	2012-03-10 00:00:00
V	18138	4506	2012-11-21 00:00:00
V	18139	17800	2013-11-22 00:00:00
V	18140	2265	2014-03-29 00:00:00
V	18141	16194	2013-07-07 00:00:00
V	18142	8323	2013-09-21 00:00:00
V	18143	17265	2013-06-17 00:00:00
V	18144	10023	2013-03-05 00:00:00
V	18145	16205	2012-07-01 00:00:00
V	18146	18108	2012-09-17 00:00:00
V	18147	15523	2013-02-11 00:00:00
V	18148	228	2014-04-14 00:00:00
V	18149	19091	2013-10-22 00:00:00
V	18150	11062	2013-02-15 00:00:00
V	18151	6735	2014-03-24 00:00:00
V	18152	5122	2013-07-18 00:00:00
V	18153	6504	2013-08-09 00:00:00
V	18154	16044	2011-06-13 00:00:00
V	18155	109	2014-05-31 00:00:00
V	18156	1320	2014-04-23 00:00:00
V	18157	12546	2013-08-11 00:00:00
V	18158	7954	2014-05-24 00:00:00
V	18159	530	2014-03-29 00:00:00
V	18160	3146	2012-03-20 00:00:00
V	18161	2181	2011-08-14 00:00:00
V	18162	6739	2012-12-02 00:00:00
V	18163	12697	2013-12-25 00:00:00
V	18164	12073	2014-04-01 00:00:00
V	18165	15053	2013-10-27 00:00:00
V	18166	14757	2014-05-15 00:00:00
V	18167	12182	2013-02-05 00:00:00
V	18168	12196	2013-06-10 00:00:00
V	18169	4749	2013-08-28 00:00:00
V	18170	16527	2013-03-21 00:00:00
V	18171	386	2014-04-25 00:00:00
V	18172	12273	2013-06-25 00:00:00
V	18173	15933	2013-07-07 00:00:00
V	18174	3790	2014-04-17 00:00:00
V	18175	10086	2014-05-05 00:00:00
V	18176	15480	2014-03-22 00:00:00
V	18177	13008	2013-10-30 00:00:00
V	18178	9335	2013-11-03 00:00:00
V	18179	17796	2012-11-18 00:00:00
V	18180	3920	2013-11-08 00:00:00
V	18181	18164	2011-09-11 00:00:00
V	18182	3548	2014-04-13 00:00:00
V	18183	14411	2013-01-02 00:00:00
V	18184	5831	2014-01-16 00:00:00
V	18185	4959	2013-07-01 00:00:00
V	18186	607	2012-09-30 00:00:00
V	18187	11978	2013-11-30 00:00:00
V	18188	8041	2013-01-24 00:00:00
V	18189	10548	2013-11-30 00:00:00
V	18190	15694	2013-09-11 00:00:00
V	18191	17269	2013-08-22 00:00:00
V	18192	3322	2014-02-22 00:00:00
V	18193	15761	2014-04-17 00:00:00
V	18194	8676	2013-07-11 00:00:00
V	18195	4345	2014-04-04 00:00:00
V	18196	1305	2014-04-26 00:00:00
V	18197	15947	2013-11-04 00:00:00
V	18198	2566	2011-12-21 00:00:00
V	18199	18433	2012-12-06 00:00:00
V	18200	13899	2011-07-14 00:00:00
V	18201	17573	2014-04-14 00:00:00
V	18202	4600	2013-12-21 00:00:00
V	18203	10959	2014-04-14 00:00:00
V	18204	12707	2014-04-19 00:00:00
V	18205	3014	2013-04-14 00:00:00
V	18206	5482	2014-04-16 00:00:00
V	18207	7136	2014-05-17 00:00:00
V	18208	1986	2014-06-07 00:00:00
V	18209	5068	2013-10-10 00:00:00
V	18210	4676	2014-03-31 00:00:00
V	18211	3700	2013-07-01 00:00:00
V	18212	2515	2014-06-07 00:00:00
V	18213	16238	2014-02-13 00:00:00
V	18214	14966	2014-03-05 00:00:00
V	18215	4774	2013-07-07 00:00:00
V	18216	12397	2013-10-26 00:00:00
V	18217	7673	2013-11-12 00:00:00
V	18218	14253	2012-10-27 00:00:00
V	18219	11919	2011-08-04 00:00:00
V	18220	8926	2011-08-13 00:00:00
V	18221	2453	2013-10-22 00:00:00
V	18222	5003	2011-10-21 00:00:00
V	18223	3944	2013-10-30 00:00:00
V	18224	5541	2014-02-19 00:00:00
V	18225	880	2013-08-13 00:00:00
V	18226	12173	2014-01-22 00:00:00
V	18227	18808	2013-12-09 00:00:00
V	18228	5448	2013-09-08 00:00:00
V	18229	8986	2014-01-13 00:00:00
V	18230	4873	2013-07-17 00:00:00
V	18231	4174	2014-06-21 00:00:00
V	18232	4122	2012-07-08 00:00:00
V	18233	6284	2014-03-08 00:00:00
V	18234	3536	2013-08-19 00:00:00
V	18235	3215	2012-08-30 00:00:00
V	18236	17417	2013-08-04 00:00:00
V	18237	10507	2011-10-07 00:00:00
V	18238	8636	2012-11-18 00:00:00
V	18239	8423	2013-10-02 00:00:00
V	18240	4781	2013-12-23 00:00:00
V	18241	10198	2011-11-10 00:00:00
V	18242	13253	2014-03-25 00:00:00
V	18243	11553	2013-09-28 00:00:00
V	18244	17548	2014-05-05 00:00:00
V	18245	6865	2013-11-29 00:00:00
V	18246	12986	2013-07-27 00:00:00
V	18247	9230	2011-10-01 00:00:00
V	18248	17035	2013-12-14 00:00:00
V	18249	2161	2013-08-25 00:00:00
V	18250	19145	2013-07-11 00:00:00
V	18251	6163	2014-04-02 00:00:00
V	18252	13084	2013-06-22 00:00:00
V	18253	11158	2014-01-23 00:00:00
V	18254	12215	2014-02-15 00:00:00
V	18255	13374	2014-04-15 00:00:00
V	18256	7419	2013-09-26 00:00:00
V	18257	11102	2013-08-26 00:00:00
V	18258	7205	2011-06-01 00:00:00
V	18259	7753	2013-08-03 00:00:00
V	18260	18217	2013-08-20 00:00:00
V	18261	17022	2014-04-27 00:00:00
V	18262	17545	2014-01-22 00:00:00
V	18263	16090	2014-01-30 00:00:00
V	18264	14010	2012-04-13 00:00:00
V	18265	7727	2014-05-12 00:00:00
V	18266	8616	2014-04-08 00:00:00
V	18267	13704	2014-04-06 00:00:00
V	18268	11116	2012-08-08 00:00:00
V	18269	18846	2013-11-29 00:00:00
V	18270	17992	2013-09-14 00:00:00
V	18271	2037	2012-12-10 00:00:00
V	18272	3115	2013-01-09 00:00:00
V	18273	7757	2013-09-11 00:00:00
V	18274	16543	2012-07-09 00:00:00
V	18275	10694	2014-02-20 00:00:00
V	18276	10010	2014-04-26 00:00:00
V	18277	7547	2013-10-15 00:00:00
V	18278	9096	2013-12-19 00:00:00
V	18279	18515	2014-04-29 00:00:00
V	18280	10392	2014-03-01 00:00:00
V	18281	3160	2014-03-13 00:00:00
V	18282	19013	2013-10-01 00:00:00
V	18283	5458	2012-10-26 00:00:00
V	18284	18630	2014-05-05 00:00:00
V	18285	15920	2013-10-15 00:00:00
V	18286	3298	2013-02-17 00:00:00
V	18287	12863	2013-12-04 00:00:00
V	18288	11383	2014-04-09 00:00:00
V	18289	383	2012-06-25 00:00:00
V	18290	5487	2013-11-05 00:00:00
V	18291	1415	2014-06-13 00:00:00
V	18292	14157	2013-10-12 00:00:00
V	18293	18576	2013-07-07 00:00:00
V	18294	18787	2013-09-23 00:00:00
V	18295	1572	2014-02-15 00:00:00
V	18296	9655	2013-10-25 00:00:00
V	18297	15932	2013-04-28 00:00:00
V	18298	6006	2013-07-24 00:00:00
V	18299	849	2013-08-07 00:00:00
V	18300	14394	2014-04-19 00:00:00
V	18301	7403	2013-10-01 00:00:00
V	18302	3377	2013-10-14 00:00:00
V	18303	6393	2014-04-27 00:00:00
V	18304	15564	2014-05-08 00:00:00
V	18305	6700	2013-03-23 00:00:00
V	18306	11594	2014-04-13 00:00:00
V	18307	7120	2013-12-08 00:00:00
V	18308	13080	2014-04-02 00:00:00
V	18309	3236	2013-09-07 00:00:00
V	18310	2351	2013-02-02 00:00:00
V	18311	6726	2012-08-22 00:00:00
V	18312	10689	2014-03-19 00:00:00
V	18313	11438	2013-05-05 00:00:00
V	18314	5061	2013-07-10 00:00:00
V	18315	11801	2013-01-24 00:00:00
V	18316	15010	2013-11-03 00:00:00
V	18317	15050	2013-07-02 00:00:00
V	18318	2652	2013-07-04 00:00:00
V	18319	9553	2012-07-18 00:00:00
V	18320	975	2014-03-19 00:00:00
V	18321	11230	2014-05-31 00:00:00
V	18322	14624	2013-10-31 00:00:00
V	18323	2330	2014-03-25 00:00:00
V	18324	17101	2013-12-11 00:00:00
V	18325	12766	2014-04-15 00:00:00
V	18326	610	2012-07-28 00:00:00
V	18327	10124	2014-03-31 00:00:00
V	18328	15501	2012-09-13 00:00:00
V	18329	14202	2014-04-12 00:00:00
V	18330	8047	2013-07-22 00:00:00
V	18331	18728	2013-07-07 00:00:00
V	18332	9044	2013-08-14 00:00:00
V	18333	9680	2012-12-02 00:00:00
V	18334	10988	2014-06-02 00:00:00
V	18335	7328	2013-12-10 00:00:00
V	18336	15542	2012-12-10 00:00:00
V	18337	5535	2013-08-26 00:00:00
V	18338	2821	2014-03-03 00:00:00
V	18339	18612	2013-03-23 00:00:00
V	18340	8333	2013-07-07 00:00:00
V	18341	17809	2012-03-12 00:00:00
V	18342	6251	2013-07-02 00:00:00
V	18343	890	2013-07-25 00:00:00
V	18344	15087	2011-12-01 00:00:00
V	18345	5024	2013-09-26 00:00:00
V	18346	6194	2014-04-28 00:00:00
V	18347	19128	2014-03-10 00:00:00
V	18348	2387	2012-08-17 00:00:00
V	18349	1499	2014-04-24 00:00:00
V	18350	12482	2013-09-06 00:00:00
V	18351	10513	2014-06-30 00:00:00
V	18352	13816	2013-08-18 00:00:00
V	18353	10462	2012-02-01 00:00:00
V	18354	3341	2012-11-03 00:00:00
V	18355	4894	2013-03-03 00:00:00
V	18356	11727	2012-09-18 00:00:00
V	18357	18326	2013-09-20 00:00:00
V	18358	8419	2013-10-17 00:00:00
V	18359	10196	2014-03-15 00:00:00
V	18360	16241	2013-07-11 00:00:00
V	18361	6331	2013-09-30 00:00:00
V	18362	12461	2013-10-04 00:00:00
V	18363	5667	2014-01-02 00:00:00
V	18364	12920	2013-11-23 00:00:00
V	18365	422	2014-05-07 00:00:00
V	18366	7885	2014-03-06 00:00:00
V	18367	12734	2013-06-24 00:00:00
V	18368	1497	2013-07-02 00:00:00
V	18369	16969	2014-05-29 00:00:00
V	18370	18271	2013-11-24 00:00:00
V	18371	18404	2013-09-10 00:00:00
V	18372	1450	2013-07-15 00:00:00
V	18373	16554	2013-10-27 00:00:00
V	18374	885	2013-11-24 00:00:00
V	18375	585	2013-11-09 00:00:00
V	18376	3250	2014-03-31 00:00:00
V	18377	14335	2014-03-20 00:00:00
V	18378	7331	2011-09-24 00:00:00
V	18379	5563	2014-05-21 00:00:00
V	18380	11451	2011-08-03 00:00:00
V	18381	4467	2012-12-14 00:00:00
V	18382	13081	2013-09-09 00:00:00
V	18383	18087	2014-02-19 00:00:00
V	18384	17754	2013-02-09 00:00:00
V	18385	12772	2012-08-07 00:00:00
V	18386	18700	2013-08-20 00:00:00
V	18387	18619	2014-06-30 00:00:00
V	18388	14915	2013-09-04 00:00:00
V	18389	10440	2013-12-20 00:00:00
V	18390	12647	2013-09-28 00:00:00
V	18391	263	2012-08-08 00:00:00
V	18392	14630	2013-10-25 00:00:00
V	18393	1259	2012-03-07 00:00:00
V	18394	9131	2012-04-20 00:00:00
V	18395	11208	2012-09-17 00:00:00
V	18396	6499	2012-07-23 00:00:00
V	18397	14033	2014-03-30 00:00:00
V	18398	1291	2013-03-16 00:00:00
V	18399	13503	2011-08-16 00:00:00
V	18400	16670	2013-08-18 00:00:00
V	18401	623	2012-06-10 00:00:00
V	18402	15268	2013-05-18 00:00:00
V	18403	6511	2014-04-09 00:00:00
V	18404	5405	2014-01-02 00:00:00
V	18405	981	2014-01-22 00:00:00
V	18406	90	2013-07-13 00:00:00
V	18407	10359	2013-07-01 00:00:00
V	18408	13248	2013-12-09 00:00:00
V	18409	8508	2013-10-06 00:00:00
V	18410	4384	2011-10-21 00:00:00
V	18411	18605	2014-03-30 00:00:00
V	18412	867	2014-04-21 00:00:00
V	18413	6562	2013-04-20 00:00:00
V	18414	5641	2014-05-23 00:00:00
V	18415	3780	2013-12-27 00:00:00
V	18416	2579	2013-09-23 00:00:00
V	18417	17737	2013-09-01 00:00:00
V	18418	141	2013-08-17 00:00:00
V	18419	2020	2013-02-23 00:00:00
V	18420	2057	2013-07-29 00:00:00
V	18421	17993	2014-02-09 00:00:00
V	18422	8243	2014-04-20 00:00:00
V	18423	15758	2013-10-28 00:00:00
V	18424	3874	2013-06-07 00:00:00
V	18425	15773	2013-02-19 00:00:00
V	18426	9196	2013-09-27 00:00:00
V	18427	11742	2011-09-30 00:00:00
V	18428	17686	2014-02-08 00:00:00
V	18429	10791	2013-08-17 00:00:00
V	18430	15446	2012-05-18 00:00:00
V	18431	19131	2014-02-20 00:00:00
V	18432	11467	2014-02-06 00:00:00
V	18433	10701	2011-08-02 00:00:00
V	18434	15701	2014-06-13 00:00:00
V	18435	5883	2012-04-05 00:00:00
V	18436	7542	2011-06-27 00:00:00
V	18437	6046	2013-03-04 00:00:00
V	18438	14655	2013-09-18 00:00:00
V	18439	6223	2011-10-03 00:00:00
V	18440	9791	2012-09-06 00:00:00
V	18441	10683	2014-02-03 00:00:00
V	18442	3019	2013-09-27 00:00:00
V	18443	6124	2013-12-10 00:00:00
V	18444	4581	2013-12-31 00:00:00
V	18445	13657	2014-01-30 00:00:00
V	18446	3321	2012-02-24 00:00:00
V	18447	2749	2012-03-11 00:00:00
V	18448	10739	2013-07-18 00:00:00
V	18449	2978	2012-06-09 00:00:00
V	18450	16721	2012-05-07 00:00:00
V	18451	6683	2012-09-22 00:00:00
V	18452	4660	2013-05-20 00:00:00
V	18453	17975	2014-03-22 00:00:00
V	18454	15200	2012-07-13 00:00:00
V	18455	5692	2014-02-22 00:00:00
V	18456	1875	2013-08-08 00:00:00
V	18457	7724	2012-02-23 00:00:00
V	18458	12164	2013-12-28 00:00:00
V	18459	3639	2013-06-17 00:00:00
V	18460	18734	2013-09-11 00:00:00
V	18461	4553	2013-10-07 00:00:00
V	18462	18655	2013-09-25 00:00:00
V	18463	5594	2013-11-04 00:00:00
V	18464	1276	2014-02-24 00:00:00
V	18465	4571	2013-04-23 00:00:00
V	18466	13482	2013-09-06 00:00:00
V	18467	18130	2014-01-04 00:00:00
V	18468	15525	2013-11-07 00:00:00
V	18469	15063	2011-08-02 00:00:00
V	18470	8704	2013-03-31 00:00:00
V	18471	7579	2012-08-02 00:00:00
V	18472	14591	2014-03-11 00:00:00
V	18473	16289	2014-02-19 00:00:00
V	18474	5788	2013-09-26 00:00:00
V	18475	18159	2013-04-29 00:00:00
V	18476	14412	2014-04-21 00:00:00
V	18477	12878	2013-08-14 00:00:00
V	18478	18961	2013-12-13 00:00:00
V	18479	4088	2013-02-20 00:00:00
V	18480	16827	2014-05-07 00:00:00
V	18481	16532	2014-02-02 00:00:00
V	18482	1845	2013-02-27 00:00:00
V	18483	16915	2014-06-18 00:00:00
V	18484	4133	2013-09-03 00:00:00
V	18485	8554	2013-11-10 00:00:00
V	18486	15147	2013-08-03 00:00:00
V	18487	19192	2011-07-01 00:00:00
V	18488	14093	2013-10-02 00:00:00
V	18489	4588	2013-10-21 00:00:00
V	18490	17111	2014-03-10 00:00:00
V	18491	15739	2014-02-22 00:00:00
V	18492	11511	2014-02-26 00:00:00
V	18493	6488	2014-03-07 00:00:00
V	18494	19047	2013-11-07 00:00:00
V	18495	17374	2012-02-26 00:00:00
V	18496	16385	2014-05-28 00:00:00
V	18497	7280	2013-09-07 00:00:00
V	18498	3958	2014-03-03 00:00:00
V	18499	15225	2014-05-14 00:00:00
V	18500	14639	2012-08-18 00:00:00
V	18501	1503	2014-05-14 00:00:00
V	18502	18265	2012-04-12 00:00:00
V	18503	3894	2013-10-16 00:00:00
V	18504	4857	2014-01-30 00:00:00
V	18505	13481	2013-06-30 00:00:00
V	18506	9060	2014-05-21 00:00:00
V	18507	16850	2014-04-19 00:00:00
V	18508	18922	2012-01-01 00:00:00
V	18509	6768	2013-07-08 00:00:00
V	18510	5897	2014-01-09 00:00:00
V	18511	12147	2014-04-20 00:00:00
V	18512	16925	2014-06-07 00:00:00
V	18513	7285	2012-09-17 00:00:00
V	18514	16383	2014-03-17 00:00:00
V	18515	2762	2013-07-02 00:00:00
V	18516	14160	2014-02-24 00:00:00
V	18517	4135	2011-11-25 00:00:00
V	18518	16550	2014-04-19 00:00:00
V	18519	6762	2013-08-18 00:00:00
V	18520	13434	2013-10-16 00:00:00
V	18521	4958	2012-08-26 00:00:00
V	18522	16170	2013-07-08 00:00:00
V	18523	15318	2013-06-14 00:00:00
V	18524	12121	2014-01-02 00:00:00
V	18525	9567	2013-04-07 00:00:00
V	18526	8960	2013-10-20 00:00:00
V	18527	1233	2013-12-11 00:00:00
V	18528	17657	2013-04-11 00:00:00
V	18529	3557	2013-02-08 00:00:00
V	18530	11489	2013-08-01 00:00:00
V	18531	653	2014-06-11 00:00:00
V	18532	3128	2014-04-05 00:00:00
V	18533	18555	2014-05-02 00:00:00
V	18534	250	2013-10-20 00:00:00
V	18535	325	2013-04-13 00:00:00
V	18536	17096	2013-05-10 00:00:00
V	18537	3288	2012-03-27 00:00:00
V	18538	5713	2014-01-27 00:00:00
V	18539	17660	2013-07-20 00:00:00
V	18540	16604	2014-06-07 00:00:00
V	18541	11998	2014-01-26 00:00:00
V	18542	1765	2013-10-11 00:00:00
V	18543	15529	2013-10-14 00:00:00
V	18544	7357	2014-04-08 00:00:00
V	18545	9325	2013-12-10 00:00:00
V	18546	4682	2014-01-13 00:00:00
V	18547	18554	2013-05-08 00:00:00
V	18548	12026	2014-01-29 00:00:00
V	18549	9827	2013-08-31 00:00:00
V	18550	18269	2014-02-21 00:00:00
V	18551	9674	2014-04-05 00:00:00
V	18552	2258	2014-01-02 00:00:00
V	18553	13099	2013-08-03 00:00:00
V	18554	5950	2013-09-30 00:00:00
V	18555	1080	2014-05-21 00:00:00
V	18556	9381	2014-02-07 00:00:00
V	18557	11726	2013-01-07 00:00:00
V	18558	6376	2013-11-05 00:00:00
V	18559	6496	2012-12-28 00:00:00
V	18560	16464	2012-11-20 00:00:00
V	18561	918	2013-08-25 00:00:00
V	18562	5513	2014-06-07 00:00:00
V	18563	145	2013-10-27 00:00:00
V	18564	12057	2014-06-16 00:00:00
V	18565	13998	2011-09-03 00:00:00
V	18566	7221	2013-09-25 00:00:00
V	18567	13398	2014-01-26 00:00:00
V	18568	3734	2012-03-24 00:00:00
V	18569	3817	2013-12-29 00:00:00
V	18570	9912	2012-01-04 00:00:00
V	18571	15981	2013-08-11 00:00:00
V	18572	14833	2013-11-17 00:00:00
V	18573	17817	2013-07-13 00:00:00
V	18574	6902	2012-12-14 00:00:00
V	18575	6713	2013-09-06 00:00:00
V	18576	17881	2013-09-04 00:00:00
V	18577	13448	2013-04-05 00:00:00
V	18578	14863	2012-07-20 00:00:00
V	18579	4564	2013-06-21 00:00:00
V	18580	17270	2012-03-22 00:00:00
V	18581	3363	2012-05-06 00:00:00
V	18582	2528	2013-02-01 00:00:00
V	18583	9559	2014-04-13 00:00:00
V	18584	6043	2012-09-15 00:00:00
V	18585	1518	2012-09-24 00:00:00
V	18586	12132	2013-11-17 00:00:00
V	18587	17635	2013-11-17 00:00:00
V	18588	15068	2013-12-31 00:00:00
V	18589	9509	2011-10-08 00:00:00
V	18590	17425	2012-09-13 00:00:00
V	18591	13787	2012-05-01 00:00:00
V	18592	8539	2012-10-19 00:00:00
V	18593	5964	2012-08-25 00:00:00
V	18594	10135	2012-03-16 00:00:00
V	18595	4966	2012-08-30 00:00:00
V	18596	1523	2012-06-02 00:00:00
V	18597	6362	2013-11-26 00:00:00
V	18598	16649	2013-07-23 00:00:00
V	18599	8542	2013-10-02 00:00:00
V	18600	4981	2012-10-09 00:00:00
V	18601	1219	2012-06-24 00:00:00
V	18602	5128	2014-03-14 00:00:00
V	18603	13057	2013-03-16 00:00:00
V	18604	114	2013-08-18 00:00:00
V	18605	13413	2014-03-07 00:00:00
V	18606	3286	2012-02-10 00:00:00
V	18607	13916	2014-01-11 00:00:00
V	18608	14529	2013-10-17 00:00:00
V	18609	16331	2014-01-02 00:00:00
V	18610	13831	2012-10-02 00:00:00
V	18611	8717	2014-03-14 00:00:00
V	18612	9686	2013-11-09 00:00:00
V	18613	1593	2012-08-08 00:00:00
V	18614	15995	2013-08-11 00:00:00
V	18615	11983	2014-01-31 00:00:00
V	18616	10572	2012-02-17 00:00:00
V	18617	5926	2012-01-15 00:00:00
V	18618	9410	2013-08-13 00:00:00
V	18619	2650	2011-11-12 00:00:00
V	18620	14927	2013-07-16 00:00:00
V	18621	16396	2013-12-01 00:00:00
V	18622	878	2014-03-01 00:00:00
V	18623	4527	2013-03-12 00:00:00
V	18624	2193	2013-11-24 00:00:00
V	18625	9751	2012-08-16 00:00:00
V	18626	14088	2012-07-23 00:00:00
V	18627	8244	2013-12-10 00:00:00
V	18628	5707	2014-01-30 00:00:00
V	18629	5960	2014-06-19 00:00:00
V	18630	11306	2014-04-15 00:00:00
V	18631	16178	2013-11-03 00:00:00
V	18632	16121	2013-08-06 00:00:00
V	18633	14816	2014-02-16 00:00:00
V	18634	7467	2012-05-29 00:00:00
V	18635	118	2013-09-02 00:00:00
V	18636	3547	2013-09-08 00:00:00
V	18637	17429	2013-11-21 00:00:00
V	18638	17889	2014-03-09 00:00:00
V	18639	11938	2014-02-01 00:00:00
V	18640	17516	2013-03-10 00:00:00
V	18641	25	2013-01-19 00:00:00
V	18642	3439	2011-09-19 00:00:00
V	18643	10047	2011-07-10 00:00:00
V	18644	18963	2013-07-19 00:00:00
V	18645	3213	2012-12-14 00:00:00
V	18646	13552	2014-03-19 00:00:00
V	18647	6344	2013-10-19 00:00:00
V	18648	15873	2013-12-06 00:00:00
V	18649	11108	2014-03-26 00:00:00
V	18650	415	2014-01-20 00:00:00
V	18651	8732	2013-09-04 00:00:00
V	18652	5270	2013-05-12 00:00:00
V	18653	15078	2013-11-16 00:00:00
V	18654	1074	2014-03-18 00:00:00
V	18655	4364	2014-05-31 00:00:00
V	18656	4751	2013-02-25 00:00:00
V	18657	18490	2014-04-25 00:00:00
V	18658	3447	2013-10-20 00:00:00
V	18659	17955	2014-05-14 00:00:00
V	18660	16760	2013-08-10 00:00:00
V	18661	9479	2013-10-18 00:00:00
V	18662	4101	2013-07-04 00:00:00
V	18663	17844	2013-07-17 00:00:00
V	18664	12559	2013-09-07 00:00:00
V	18665	2576	2011-11-18 00:00:00
V	18666	14236	2011-11-12 00:00:00
V	18667	10292	2013-10-23 00:00:00
V	18668	9006	2013-07-10 00:00:00
V	18669	19127	2013-03-01 00:00:00
V	18670	11027	2013-07-09 00:00:00
V	18671	9169	2013-11-10 00:00:00
V	18672	15683	2013-10-08 00:00:00
V	18673	2540	2014-01-09 00:00:00
V	18674	2819	2014-02-12 00:00:00
V	18675	8734	2014-04-29 00:00:00
V	18676	18018	2014-05-11 00:00:00
V	18677	7070	2013-06-18 00:00:00
V	18678	8347	2013-12-09 00:00:00
V	18679	6346	2013-10-16 00:00:00
V	18680	9291	2013-12-25 00:00:00
V	18681	4016	2013-03-21 00:00:00
V	18682	14070	2014-06-12 00:00:00
V	18683	2701	2013-09-23 00:00:00
V	18684	15840	2012-10-15 00:00:00
V	18685	4211	2013-12-19 00:00:00
V	18686	9841	2011-08-23 00:00:00
V	18687	2651	2012-01-04 00:00:00
V	18688	8828	2014-06-10 00:00:00
V	18689	13015	2012-07-25 00:00:00
V	18690	17530	2013-05-03 00:00:00
V	18691	9574	2013-09-23 00:00:00
V	18692	13746	2013-05-11 00:00:00
V	18693	15575	2013-04-19 00:00:00
V	18694	1471	2014-04-17 00:00:00
V	18695	2610	2013-08-26 00:00:00
V	18696	6734	2013-09-22 00:00:00
V	18697	13710	2013-07-09 00:00:00
V	18698	11202	2012-08-07 00:00:00
V	18699	14789	2012-06-02 00:00:00
V	18700	10687	2012-02-14 00:00:00
V	18701	16699	2014-04-03 00:00:00
V	18702	5532	2013-09-29 00:00:00
V	18703	13843	2013-07-29 00:00:00
V	18704	5848	2013-08-25 00:00:00
V	18705	6862	2013-06-07 00:00:00
V	18706	7369	2013-04-18 00:00:00
V	18707	12413	2013-12-08 00:00:00
V	18708	16660	2013-03-21 00:00:00
V	18709	7625	2013-09-04 00:00:00
V	18710	12665	2011-10-30 00:00:00
V	18711	17071	2013-05-06 00:00:00
V	18712	16745	2014-05-17 00:00:00
V	18713	1826	2013-08-23 00:00:00
V	18714	2297	2014-01-22 00:00:00
V	18715	15528	2012-01-30 00:00:00
V	18716	1062	2014-02-06 00:00:00
V	18717	7128	2013-11-22 00:00:00
V	18718	5311	2012-11-16 00:00:00
V	18719	10856	2013-11-12 00:00:00
V	18720	17532	2013-11-19 00:00:00
V	18721	86	2013-08-26 00:00:00
V	18722	812	2012-08-25 00:00:00
V	18723	14139	2012-09-24 00:00:00
V	18724	8524	2013-03-09 00:00:00
V	18725	4705	2013-11-27 00:00:00
V	18726	4868	2013-08-14 00:00:00
V	18727	964	2011-12-11 00:00:00
V	18728	8099	2011-08-10 00:00:00
V	18729	843	2014-03-21 00:00:00
V	18730	752	2014-03-26 00:00:00
V	18731	8035	2013-05-02 00:00:00
V	18732	1353	2013-12-31 00:00:00
V	18733	18894	2014-03-10 00:00:00
V	18734	18247	2013-11-14 00:00:00
V	18735	282	2013-09-14 00:00:00
V	18736	1384	2012-09-01 00:00:00
V	18737	2840	2013-12-19 00:00:00
V	18738	7094	2014-04-01 00:00:00
V	18739	6770	2013-07-14 00:00:00
V	18740	9329	2014-05-28 00:00:00
V	18741	4060	2013-11-08 00:00:00
V	18742	2123	2014-04-22 00:00:00
V	18743	6117	2012-08-11 00:00:00
V	18744	18567	2014-04-03 00:00:00
V	18745	14534	2013-05-05 00:00:00
V	18746	6599	2013-09-22 00:00:00
V	18747	3900	2013-09-22 00:00:00
V	18748	12124	2014-03-10 00:00:00
V	18749	16683	2012-06-09 00:00:00
V	18750	13383	2013-05-06 00:00:00
V	18751	1687	2014-05-07 00:00:00
V	18752	8594	2014-01-09 00:00:00
V	18753	3004	2011-07-23 00:00:00
V	18754	2029	2013-07-22 00:00:00
V	18755	11591	2013-09-14 00:00:00
V	18756	285	2013-08-14 00:00:00
V	18757	11354	2013-09-18 00:00:00
V	18758	3258	2014-02-04 00:00:00
V	18759	5037	2014-04-19 00:00:00
V	18760	16673	2013-07-06 00:00:00
V	18761	909	2013-05-05 00:00:00
V	18762	10144	2014-05-27 00:00:00
V	18763	1605	2014-03-29 00:00:00
V	18764	4886	2011-09-15 00:00:00
V	18765	16587	2014-05-27 00:00:00
V	18766	7887	2014-03-02 00:00:00
V	18767	17217	2014-03-11 00:00:00
V	18768	5376	2012-05-27 00:00:00
V	18769	3098	2013-11-09 00:00:00
V	18770	824	2013-08-11 00:00:00
V	18771	13905	2014-05-27 00:00:00
V	18772	9476	2014-04-05 00:00:00
V	18773	8603	2013-09-22 00:00:00
V	18774	19203	2013-11-01 00:00:00
V	18775	6400	2013-08-17 00:00:00
V	18776	4169	2012-01-14 00:00:00
V	18777	9183	2014-03-15 00:00:00
V	18778	14046	2013-08-17 00:00:00
V	18779	2835	2013-11-14 00:00:00
V	18780	817	2014-06-02 00:00:00
V	18781	2817	2012-09-22 00:00:00
V	18782	8147	2014-05-13 00:00:00
V	18783	12577	2014-01-10 00:00:00
V	18784	1428	2013-09-15 00:00:00
V	18785	10641	2013-11-06 00:00:00
V	18786	1634	2014-01-10 00:00:00
V	18787	7129	2013-10-31 00:00:00
V	18788	15721	2013-08-16 00:00:00
V	18789	17712	2014-05-01 00:00:00
V	18790	2019	2013-03-06 00:00:00
V	18791	8831	2014-05-16 00:00:00
V	18792	14732	2013-08-21 00:00:00
V	18793	13205	2012-11-25 00:00:00
V	18794	12950	2014-06-03 00:00:00
V	18795	4700	2013-04-04 00:00:00
V	18796	2016	2014-05-03 00:00:00
V	18797	8346	2013-08-30 00:00:00
V	18798	11413	2011-11-02 00:00:00
V	18799	15919	2012-06-24 00:00:00
V	18800	10417	2012-07-18 00:00:00
V	18801	12036	2014-02-06 00:00:00
V	18802	16155	2012-03-29 00:00:00
V	18803	13902	2013-12-27 00:00:00
V	18804	15121	2013-12-13 00:00:00
V	18805	6714	2012-07-02 00:00:00
V	18806	5437	2013-11-28 00:00:00
V	18807	10745	2013-08-05 00:00:00
V	18808	3830	2011-11-16 00:00:00
V	18809	6096	2011-12-19 00:00:00
V	18810	8376	2014-02-16 00:00:00
V	18811	1559	2014-04-06 00:00:00
V	18812	8085	2011-11-05 00:00:00
V	18813	2805	2013-07-11 00:00:00
V	18814	3058	2013-08-12 00:00:00
V	18815	19046	2013-11-13 00:00:00
V	18816	9355	2013-12-13 00:00:00
V	18817	17371	2013-08-24 00:00:00
V	18818	18051	2013-09-29 00:00:00
V	18819	1751	2013-12-08 00:00:00
V	18820	15787	2013-08-18 00:00:00
V	18821	8756	2013-04-26 00:00:00
V	18822	6373	2013-11-24 00:00:00
V	18823	7593	2012-09-09 00:00:00
V	18824	1483	2013-04-12 00:00:00
V	18825	8065	2013-06-13 00:00:00
V	18826	10317	2013-11-24 00:00:00
V	18827	2248	2012-03-09 00:00:00
V	18828	18783	2013-09-11 00:00:00
V	18829	14882	2014-02-18 00:00:00
V	18830	13382	2012-11-22 00:00:00
V	18831	17832	2013-03-29 00:00:00
V	18832	2404	2014-04-20 00:00:00
V	18833	8181	2013-03-27 00:00:00
V	18834	16334	2013-07-06 00:00:00
V	18835	1529	2013-10-24 00:00:00
V	18836	16678	2013-12-30 00:00:00
V	18837	3093	2014-03-03 00:00:00
V	18838	15341	2013-08-13 00:00:00
V	18839	7762	2014-04-16 00:00:00
V	18840	3798	2013-07-03 00:00:00
V	18841	9256	2013-10-14 00:00:00
V	18842	45	2014-04-28 00:00:00
V	18843	5208	2014-03-22 00:00:00
V	18844	8291	2012-03-19 00:00:00
V	18845	18437	2013-05-30 00:00:00
V	18846	9005	2014-05-21 00:00:00
V	18847	16001	2014-01-01 00:00:00
V	18848	7842	2014-05-24 00:00:00
V	18849	15429	2014-01-01 00:00:00
V	18850	9765	2013-10-10 00:00:00
V	18851	498	2014-03-16 00:00:00
V	18852	1274	2013-10-12 00:00:00
V	18853	13086	2012-03-22 00:00:00
V	18854	13952	2013-02-02 00:00:00
V	18855	9660	2013-07-04 00:00:00
V	18856	13824	2013-11-06 00:00:00
V	18857	9917	2014-05-15 00:00:00
V	18858	14308	2013-07-08 00:00:00
V	18859	6644	2014-03-29 00:00:00
V	18860	5622	2012-07-30 00:00:00
V	18861	7766	2011-12-31 00:00:00
V	18862	7317	2014-04-02 00:00:00
V	18863	8954	2013-08-20 00:00:00
V	18864	8735	2012-11-12 00:00:00
V	18865	6305	2013-10-30 00:00:00
V	18866	8861	2013-09-05 00:00:00
V	18867	3726	2013-04-02 00:00:00
V	18868	3791	2014-04-11 00:00:00
V	18869	18755	2012-10-21 00:00:00
V	18870	7100	2014-03-26 00:00:00
V	18871	14831	2013-08-06 00:00:00
V	18872	4249	2014-04-04 00:00:00
V	18873	6858	2012-01-24 00:00:00
V	18874	15287	2014-03-16 00:00:00
V	18875	382	2012-09-28 00:00:00
V	18876	15419	2014-04-16 00:00:00
V	18877	364	2014-04-09 00:00:00
V	18878	18853	2014-03-20 00:00:00
V	18879	5523	2013-07-09 00:00:00
V	18880	11743	2014-02-08 00:00:00
V	18881	7945	2013-12-11 00:00:00
V	18882	11428	2013-08-23 00:00:00
V	18883	12814	2013-04-30 00:00:00
V	18884	15889	2012-11-10 00:00:00
V	18885	4631	2013-10-14 00:00:00
V	18886	4901	2011-11-07 00:00:00
V	18887	10184	2014-03-14 00:00:00
V	18888	9480	2014-01-21 00:00:00
V	18889	11833	2013-07-03 00:00:00
V	18890	7612	2013-10-31 00:00:00
V	18891	1393	2013-12-19 00:00:00
V	18892	18732	2013-06-30 00:00:00
V	18893	2833	2013-12-02 00:00:00
V	18894	5542	2012-12-27 00:00:00
V	18895	6702	2014-05-05 00:00:00
V	18896	11852	2013-11-25 00:00:00
V	18897	2336	2013-11-18 00:00:00
V	18898	7340	2012-03-04 00:00:00
V	18899	6149	2014-02-09 00:00:00
V	18900	588	2014-05-25 00:00:00
V	18901	2541	2014-03-03 00:00:00
V	18902	11620	2012-09-23 00:00:00
V	18903	6911	2014-05-18 00:00:00
V	18904	4717	2014-03-13 00:00:00
V	18905	14316	2012-11-09 00:00:00
V	18906	3314	2012-12-23 00:00:00
V	18907	8022	2013-08-29 00:00:00
V	18908	6292	2014-02-26 00:00:00
V	18909	8125	2013-07-10 00:00:00
V	18910	10159	2013-08-30 00:00:00
V	18911	2204	2013-08-06 00:00:00
V	18912	7030	2014-03-06 00:00:00
V	18913	1966	2013-08-29 00:00:00
V	18914	11724	2011-07-15 00:00:00
V	18915	13268	2013-11-21 00:00:00
V	18916	16695	2012-10-30 00:00:00
V	18917	16081	2011-11-21 00:00:00
V	18918	13338	2013-11-28 00:00:00
V	18919	7576	2013-11-13 00:00:00
V	18920	10895	2012-02-26 00:00:00
V	18921	15782	2014-06-22 00:00:00
V	18922	6954	2013-11-10 00:00:00
V	18923	5645	2013-11-16 00:00:00
V	18924	15559	2013-08-09 00:00:00
V	18925	10830	2012-10-20 00:00:00
V	18926	13616	2012-05-08 00:00:00
V	18927	17247	2013-11-30 00:00:00
V	18928	4688	2014-01-04 00:00:00
V	18929	14146	2014-06-09 00:00:00
V	18930	3938	2014-05-07 00:00:00
V	18931	17129	2014-02-13 00:00:00
V	18932	5493	2013-09-16 00:00:00
V	18933	15931	2013-09-17 00:00:00
V	18934	18506	2012-03-05 00:00:00
V	18935	990	2013-07-19 00:00:00
V	18936	6100	2013-10-28 00:00:00
V	18937	4208	2012-10-01 00:00:00
V	18938	9613	2014-04-24 00:00:00
V	18939	3394	2013-11-12 00:00:00
V	18940	10863	2014-02-18 00:00:00
V	18941	9539	2013-08-24 00:00:00
V	18942	9232	2013-06-30 00:00:00
V	18943	3408	2012-07-25 00:00:00
V	18944	12886	2014-03-01 00:00:00
V	18945	11458	2014-04-06 00:00:00
V	18946	12285	2011-12-03 00:00:00
V	18947	16358	2014-03-12 00:00:00
V	18948	4772	2013-10-31 00:00:00
V	18949	16505	2012-11-21 00:00:00
V	18950	3312	2014-01-25 00:00:00
V	18951	13684	2012-01-11 00:00:00
V	18952	10532	2013-08-02 00:00:00
V	18953	3309	2014-04-03 00:00:00
V	18954	7928	2014-03-30 00:00:00
V	18955	4725	2012-04-02 00:00:00
V	18956	11786	2013-07-18 00:00:00
V	18957	10380	2013-07-25 00:00:00
V	18958	18200	2012-04-16 00:00:00
V	18959	14448	2013-11-26 00:00:00
V	18960	12829	2014-05-12 00:00:00
V	18961	5345	2013-10-25 00:00:00
V	18962	6544	2012-07-06 00:00:00
V	18963	19206	2013-11-12 00:00:00
V	18964	3344	2014-03-15 00:00:00
V	18965	18021	2013-06-19 00:00:00
V	18966	2437	2013-12-11 00:00:00
V	18967	2293	2013-12-07 00:00:00
V	18968	11229	2012-03-01 00:00:00
V	18969	41	2014-03-22 00:00:00
V	18970	11539	2013-08-31 00:00:00
V	18971	7683	2013-01-29 00:00:00
V	18972	1101	2013-10-01 00:00:00
V	18973	809	2012-09-10 00:00:00
V	18974	15025	2012-04-25 00:00:00
V	18975	5610	2012-08-25 00:00:00
V	18976	12960	2012-04-11 00:00:00
V	18977	11487	2014-01-27 00:00:00
V	18978	11973	2013-08-25 00:00:00
V	18979	13590	2014-01-21 00:00:00
V	18980	14847	2012-04-05 00:00:00
V	18981	9214	2014-03-23 00:00:00
V	18982	11827	2012-01-31 00:00:00
V	18983	14997	2014-02-21 00:00:00
V	18984	397	2013-08-08 00:00:00
V	18985	636	2013-12-16 00:00:00
V	18986	1683	2012-03-29 00:00:00
V	18987	16115	2013-10-13 00:00:00
V	18988	14429	2014-02-11 00:00:00
V	18989	13603	2011-12-12 00:00:00
V	18990	17914	2014-03-23 00:00:00
V	18991	9639	2013-12-02 00:00:00
V	18992	6249	2013-11-08 00:00:00
V	18993	9976	2014-05-22 00:00:00
V	18994	12929	2013-11-21 00:00:00
V	18995	11252	2014-01-27 00:00:00
V	18996	7438	2013-09-18 00:00:00
V	18997	6928	2013-11-29 00:00:00
V	18998	3538	2013-12-08 00:00:00
V	18999	9156	2014-03-07 00:00:00
V	19000	11292	2012-12-05 00:00:00
V	19001	13664	2013-11-24 00:00:00
V	19002	6631	2014-01-30 00:00:00
V	19003	2635	2013-09-10 00:00:00
V	19004	3866	2014-04-09 00:00:00
V	19005	12001	2014-02-04 00:00:00
V	19006	9833	2012-01-14 00:00:00
V	19007	18815	2014-04-11 00:00:00
V	19008	14396	2014-02-08 00:00:00
V	19009	5221	2014-01-24 00:00:00
V	19010	3848	2014-02-25 00:00:00
V	19011	6549	2013-06-30 00:00:00
V	19012	6463	2013-12-13 00:00:00
V	19013	855	2014-01-19 00:00:00
V	19014	4175	2013-07-10 00:00:00
V	19015	5583	2013-10-30 00:00:00
V	19016	17332	2013-08-06 00:00:00
V	19017	12207	2014-02-15 00:00:00
V	19018	4815	2013-12-04 00:00:00
V	19019	8667	2013-06-30 00:00:00
V	19020	17248	2013-06-30 00:00:00
V	19021	10334	2014-03-04 00:00:00
V	19022	6794	2013-07-02 00:00:00
V	19023	14339	2013-09-23 00:00:00
V	19024	1815	2013-07-28 00:00:00
V	19025	17787	2014-04-09 00:00:00
V	19026	14062	2013-11-13 00:00:00
V	19027	1608	2011-12-14 00:00:00
V	19028	4951	2012-09-05 00:00:00
V	19029	3921	2012-11-02 00:00:00
V	19030	5454	2013-05-01 00:00:00
V	19031	12912	2012-09-17 00:00:00
V	19032	16429	2012-10-15 00:00:00
V	19033	2684	2013-03-01 00:00:00
V	19034	17282	2012-11-21 00:00:00
V	19035	12357	2014-04-30 00:00:00
V	19036	7853	2013-03-04 00:00:00
V	19037	2040	2012-06-17 00:00:00
V	19038	14706	2013-12-13 00:00:00
V	19039	5478	2014-05-12 00:00:00
V	19040	8268	2012-07-12 00:00:00
V	19041	3234	2011-09-05 00:00:00
V	19042	12594	2013-07-08 00:00:00
V	19043	5254	2014-05-03 00:00:00
V	19044	15651	2013-11-28 00:00:00
V	19045	17358	2014-03-10 00:00:00
V	19046	4997	2013-12-25 00:00:00
V	19047	11629	2013-10-21 00:00:00
V	19048	15565	2013-08-19 00:00:00
V	19049	14331	2013-07-20 00:00:00
V	19050	12452	2011-09-27 00:00:00
V	19051	12722	2012-05-01 00:00:00
V	19052	39	2013-09-13 00:00:00
V	19053	2975	2012-01-27 00:00:00
V	19054	11006	2014-05-28 00:00:00
V	19055	3851	2013-04-13 00:00:00
V	19056	14435	2014-04-14 00:00:00
V	19057	596	2013-10-26 00:00:00
V	19058	5858	2011-06-30 00:00:00
V	19059	10642	2011-09-08 00:00:00
V	19060	2228	2012-09-21 00:00:00
V	19061	16017	2014-03-28 00:00:00
V	19062	9254	2014-05-31 00:00:00
V	19063	9085	2014-05-21 00:00:00
V	19064	5842	2013-07-30 00:00:00
V	19065	18190	2013-07-09 00:00:00
V	19066	1442	2012-06-10 00:00:00
V	19067	13319	2013-07-15 00:00:00
V	19068	10428	2013-05-26 00:00:00
V	19069	751	2014-04-08 00:00:00
V	19070	10907	2013-07-19 00:00:00
V	19071	6055	2013-10-07 00:00:00
V	19072	5891	2013-12-12 00:00:00
V	19073	9636	2013-09-25 00:00:00
V	19074	15354	2012-01-10 00:00:00
V	19075	8580	2013-06-23 00:00:00
V	19076	4922	2013-09-08 00:00:00
V	19077	2846	2014-05-20 00:00:00
V	19078	7718	2013-11-07 00:00:00
V	19079	11065	2013-09-22 00:00:00
V	19080	10345	2014-05-01 00:00:00
V	19081	9500	2013-09-13 00:00:00
V	19082	18302	2013-07-24 00:00:00
V	19083	14971	2012-11-13 00:00:00
V	19084	13753	2014-03-28 00:00:00
V	19085	13133	2014-05-23 00:00:00
V	19086	2067	2013-09-27 00:00:00
V	19087	7188	2013-10-15 00:00:00
V	19088	17768	2013-08-08 00:00:00
V	19089	12551	2013-05-18 00:00:00
V	19090	15132	2014-04-08 00:00:00
V	19091	94	2014-03-06 00:00:00
V	19092	11182	2013-01-13 00:00:00
V	19093	3518	2014-02-17 00:00:00
V	19094	14622	2011-09-11 00:00:00
V	19095	621	2011-11-02 00:00:00
V	19096	9554	2013-01-29 00:00:00
V	19097	8534	2014-01-17 00:00:00
V	19098	992	2014-02-08 00:00:00
V	19099	327	2012-05-07 00:00:00
V	19100	4954	2013-10-25 00:00:00
V	19101	740	2013-01-01 00:00:00
V	19102	5613	2014-02-24 00:00:00
V	19103	10255	2013-04-15 00:00:00
V	19104	19108	2011-07-18 00:00:00
V	19105	8259	2013-07-31 00:00:00
V	19106	5452	2014-04-21 00:00:00
V	19107	7879	2014-04-12 00:00:00
V	19108	16503	2013-07-06 00:00:00
V	19109	13010	2014-05-17 00:00:00
V	19110	8697	2012-06-11 00:00:00
V	19111	11367	2011-12-21 00:00:00
V	19112	1697	2011-12-26 00:00:00
V	19113	18074	2013-12-28 00:00:00
V	19114	9552	2014-06-02 00:00:00
V	19115	17124	2014-02-02 00:00:00
V	19116	4021	2014-01-31 00:00:00
V	19117	4497	2013-11-22 00:00:00
V	19118	8654	2013-12-23 00:00:00
V	19119	8826	2013-09-03 00:00:00
V	19120	1162	2012-11-05 00:00:00
V	19121	9443	2013-09-30 00:00:00
V	19122	7985	2011-06-04 00:00:00
V	19123	5138	2011-06-12 00:00:00
V	19124	8804	2012-07-05 00:00:00
V	19125	9350	2013-09-02 00:00:00
V	19126	8507	2011-07-24 00:00:00
V	19127	10693	2013-07-21 00:00:00
V	19128	5939	2012-10-28 00:00:00
V	19129	13935	2014-04-02 00:00:00
V	19130	7132	2013-08-25 00:00:00
V	19131	12677	2014-05-14 00:00:00
V	19132	10724	2014-05-15 00:00:00
V	19133	18327	2013-01-21 00:00:00
V	19134	11958	2012-02-13 00:00:00
V	19135	3885	2013-10-30 00:00:00
V	19136	13942	2013-10-06 00:00:00
V	19137	8237	2013-11-01 00:00:00
V	19138	1312	2012-07-05 00:00:00
V	19139	9000	2013-11-02 00:00:00
V	19140	1567	2013-09-14 00:00:00
V	19141	4633	2013-08-06 00:00:00
V	19142	1128	2013-06-06 00:00:00
V	19143	3641	2014-03-10 00:00:00
V	19144	2823	2014-01-11 00:00:00
V	19145	10378	2013-12-11 00:00:00
V	19146	15844	2013-11-05 00:00:00
V	19147	15722	2012-06-29 00:00:00
V	19148	794	2013-08-11 00:00:00
V	19149	4489	2013-09-10 00:00:00
V	19150	7432	2012-03-17 00:00:00
V	19151	6765	2012-06-03 00:00:00
V	19152	12512	2013-05-07 00:00:00
V	19153	3751	2013-01-21 00:00:00
V	19154	12865	2012-01-18 00:00:00
V	19155	7370	2013-07-03 00:00:00
V	19156	19033	2013-10-16 00:00:00
V	19157	16031	2012-02-04 00:00:00
V	19158	17512	2013-10-11 00:00:00
V	19159	7956	2013-08-31 00:00:00
V	19160	5805	2014-04-11 00:00:00
V	19161	8278	2013-08-03 00:00:00
V	19162	16145	2012-11-08 00:00:00
V	19163	7289	2013-08-25 00:00:00
V	19164	10046	2013-08-13 00:00:00
V	19165	18604	2014-03-14 00:00:00
V	19166	163	2014-01-29 00:00:00
V	19167	7822	2013-12-27 00:00:00
V	19168	12966	2012-06-30 00:00:00
V	19169	11682	2012-11-23 00:00:00
V	19170	17722	2011-10-29 00:00:00
V	19171	8112	2014-01-14 00:00:00
V	19172	6136	2014-05-13 00:00:00
V	19173	6637	2014-04-25 00:00:00
V	19174	15370	2014-03-19 00:00:00
V	19175	9968	2014-06-06 00:00:00
V	19176	18586	2011-07-04 00:00:00
V	19177	8238	2013-12-24 00:00:00
V	19178	9725	2013-10-30 00:00:00
V	19179	2943	2013-07-21 00:00:00
V	19180	16055	2013-04-28 00:00:00
V	19181	5397	2013-03-08 00:00:00
V	19182	8707	2011-12-07 00:00:00
V	19183	2688	2013-01-07 00:00:00
V	19184	10536	2012-05-30 00:00:00
V	19185	13537	2013-09-17 00:00:00
V	19186	17547	2014-02-20 00:00:00
V	19187	13520	2012-05-28 00:00:00
V	19188	1373	2013-09-04 00:00:00
V	19189	4663	2014-01-06 00:00:00
V	19190	15296	2014-01-13 00:00:00
V	19191	9323	2014-04-19 00:00:00
V	19192	9780	2014-05-16 00:00:00
V	19193	12908	2013-08-07 00:00:00
V	19194	3094	2011-11-23 00:00:00
V	19195	466	2012-09-05 00:00:00
V	19196	10493	2013-06-05 00:00:00
V	19197	17363	2014-02-06 00:00:00
V	19198	10658	2013-11-16 00:00:00
V	19199	177	2012-09-09 00:00:00
V	19200	5204	2013-12-06 00:00:00
V	19201	12353	2011-10-14 00:00:00
V	19202	15125	2014-05-27 00:00:00
V	19203	4811	2013-07-21 00:00:00
V	19204	14463	2014-01-19 00:00:00
V	19205	17847	2013-09-29 00:00:00
V	19206	13332	2014-04-13 00:00:00
V	19207	12419	2013-08-31 00:00:00
V	19208	7105	2014-04-24 00:00:00
V	19209	18806	2012-08-23 00:00:00
V	19210	9955	2013-07-19 00:00:00
V	19211	17570	2013-10-29 00:00:00
V	19212	5900	2014-04-06 00:00:00
V	19213	17515	2012-03-03 00:00:00
V	19214	14586	2012-10-22 00:00:00
V	19215	16951	2013-12-21 00:00:00
V	19216	2816	2014-03-02 00:00:00
V	19217	15908	2012-08-21 00:00:00
V	19218	9213	2013-07-31 00:00:00
V	19219	18624	2014-06-07 00:00:00
V	19220	5379	2012-06-19 00:00:00
V	19221	9028	2013-11-08 00:00:00
V	19222	8366	2013-06-07 00:00:00
V	19223	9246	2014-04-17 00:00:00
V	19224	883	2013-08-27 00:00:00
V	19225	5551	2013-10-01 00:00:00
V	19226	14589	2014-01-14 00:00:00
V	19227	13827	2011-10-16 00:00:00
V	19228	6011	2013-08-08 00:00:00
V	19229	15620	2014-04-14 00:00:00
V	19230	2495	2013-07-30 00:00:00
V	19231	544	2012-10-27 00:00:00
V	19232	11948	2014-03-19 00:00:00
V	19233	16575	2011-12-31 00:00:00
V	19234	5556	2014-01-19 00:00:00
V	19235	15452	2011-10-09 00:00:00
V	19236	18470	2014-01-22 00:00:00
V	19237	7236	2011-08-07 00:00:00
V	19238	6894	2014-01-26 00:00:00
V	19239	670	2014-05-14 00:00:00
V	19240	18420	2013-08-08 00:00:00
V	19241	15420	2014-02-16 00:00:00
V	19242	5954	2013-08-06 00:00:00
V	19243	8385	2013-12-04 00:00:00
V	19244	4908	2013-08-21 00:00:00
V	19245	3772	2013-07-17 00:00:00
V	19246	9084	2013-09-30 00:00:00
V	19247	3512	2014-02-03 00:00:00
V	19248	10688	2013-04-29 00:00:00
V	19249	9697	2013-04-28 00:00:00
V	19250	8659	2014-03-22 00:00:00
V	19251	850	2014-04-24 00:00:00
V	19252	11099	2013-10-09 00:00:00
V	19253	16801	2012-02-15 00:00:00
V	19254	14784	2013-02-22 00:00:00
V	19255	4231	2013-10-21 00:00:00
V	19256	7006	2011-11-12 00:00:00
V	19257	7448	2013-10-19 00:00:00
V	19258	1268	2011-08-14 00:00:00
V	19259	18411	2014-02-08 00:00:00
V	19260	5415	2013-07-22 00:00:00
V	19261	1777	2014-02-08 00:00:00
V	19262	7621	2013-08-17 00:00:00
V	19263	9107	2013-07-21 00:00:00
V	19264	138	2013-09-28 00:00:00
V	19265	135	2014-03-04 00:00:00
V	19266	198	2014-01-23 00:00:00
V	19267	4441	2014-02-08 00:00:00
V	19268	1002	2013-12-14 00:00:00
V	19269	9227	2011-07-26 00:00:00
V	19270	18809	2013-08-06 00:00:00
V	19271	10315	2011-10-23 00:00:00
V	19272	277	2013-08-26 00:00:00
V	19273	5393	2012-12-04 00:00:00
V	19274	13625	2012-03-03 00:00:00
V	19275	4518	2014-05-27 00:00:00
V	19276	12142	2013-10-18 00:00:00
V	19277	393	2014-03-05 00:00:00
V	19278	18479	2014-01-22 00:00:00
V	19279	4165	2011-10-24 00:00:00
V	19280	5847	2013-11-08 00:00:00
V	19281	1047	2014-02-20 00:00:00
V	19282	9485	2012-07-31 00:00:00
V	19283	8925	2014-04-12 00:00:00
V	19284	8194	2013-08-13 00:00:00
V	19285	16218	2013-09-30 00:00:00
V	19286	15789	2013-07-24 00:00:00
V	19287	4816	2013-11-24 00:00:00
V	19288	13171	2014-05-31 00:00:00
V	19289	2814	2013-07-22 00:00:00
V	19290	18588	2013-08-05 00:00:00
V	19291	1514	2014-01-19 00:00:00
V	19292	17424	2013-12-19 00:00:00
V	19293	9514	2013-12-20 00:00:00
V	19294	2742	2011-09-28 00:00:00
V	19295	16272	2014-04-11 00:00:00
V	19296	9200	2014-03-14 00:00:00
V	19297	15401	2011-11-06 00:00:00
V	19298	4252	2012-06-19 00:00:00
V	19299	12415	2013-11-29 00:00:00
V	19300	13876	2014-03-29 00:00:00
V	19301	7284	2013-09-27 00:00:00
V	19302	14660	2012-11-10 00:00:00
V	19303	18901	2013-08-01 00:00:00
V	19304	13846	2013-09-28 00:00:00
V	19305	19063	2012-01-04 00:00:00
V	19306	876	2012-06-06 00:00:00
V	19307	17510	2014-01-31 00:00:00
V	19308	136	2013-02-05 00:00:00
V	19309	19199	2013-11-05 00:00:00
V	19310	564	2013-11-22 00:00:00
V	19311	1378	2013-12-10 00:00:00
V	19312	4182	2014-05-18 00:00:00
V	19313	6274	2012-09-22 00:00:00
V	19314	1435	2013-07-16 00:00:00
V	19315	17927	2012-09-10 00:00:00
V	19316	13550	2014-03-16 00:00:00
V	19317	16749	2014-04-14 00:00:00
V	19318	13742	2013-03-29 00:00:00
V	19319	117	2013-11-30 00:00:00
V	19320	3099	2013-07-30 00:00:00
V	19321	5739	2012-03-15 00:00:00
V	19322	15228	2013-08-07 00:00:00
V	19323	7633	2011-09-26 00:00:00
V	19324	15633	2013-10-16 00:00:00
V	19325	16930	2014-06-18 00:00:00
V	19326	2795	2013-02-28 00:00:00
V	19327	2664	2013-04-18 00:00:00
V	19328	18137	2011-06-10 00:00:00
V	19329	11877	2012-08-19 00:00:00
V	19330	16484	2012-02-27 00:00:00
V	19331	360	2014-03-21 00:00:00
V	19332	17322	2013-07-04 00:00:00
V	19333	10545	2014-01-01 00:00:00
V	19334	1262	2012-11-24 00:00:00
V	19335	2259	2014-02-10 00:00:00
V	19336	12205	2013-04-11 00:00:00
V	19337	13700	2014-02-08 00:00:00
V	19338	3745	2013-07-27 00:00:00
V	19339	18833	2011-07-11 00:00:00
V	19340	8131	2013-12-15 00:00:00
V	19341	15510	2013-05-17 00:00:00
V	19342	9649	2014-02-11 00:00:00
V	19343	8358	2013-02-17 00:00:00
V	19344	7810	2014-03-02 00:00:00
V	19345	16711	2013-11-18 00:00:00
V	19346	14436	2013-10-26 00:00:00
V	19347	2671	2014-03-24 00:00:00
V	19348	8152	2013-01-03 00:00:00
V	19349	13579	2013-07-18 00:00:00
V	19350	8311	2014-02-13 00:00:00
V	19351	7351	2012-09-09 00:00:00
V	19352	458	2014-02-09 00:00:00
V	19353	8215	2013-10-11 00:00:00
V	19354	9982	2013-08-06 00:00:00
V	19355	551	2014-04-30 00:00:00
V	19356	17932	2013-08-19 00:00:00
V	19357	17370	2012-11-10 00:00:00
V	19358	11856	2014-03-01 00:00:00
V	19359	14440	2014-06-23 00:00:00
V	19360	16942	2013-04-07 00:00:00
V	19361	2812	2014-01-15 00:00:00
V	19362	3134	2012-10-26 00:00:00
V	19363	4027	2014-04-15 00:00:00
V	19364	4225	2014-03-20 00:00:00
V	19365	3428	2013-10-22 00:00:00
V	19366	14145	2012-03-28 00:00:00
V	19367	8914	2014-05-20 00:00:00
V	19368	13217	2013-12-12 00:00:00
V	19369	8164	2014-03-12 00:00:00
V	19370	5461	2014-05-04 00:00:00
V	19371	6316	2013-02-24 00:00:00
V	19372	5496	2013-12-17 00:00:00
V	19373	9950	2013-09-28 00:00:00
V	19374	16119	2014-04-22 00:00:00
V	19375	7206	2013-12-03 00:00:00
V	19376	8052	2012-02-04 00:00:00
V	19377	11131	2014-02-19 00:00:00
V	19378	15561	2014-06-04 00:00:00
V	19379	5004	2011-09-29 00:00:00
V	19380	15494	2012-03-03 00:00:00
V	19381	18064	2014-02-01 00:00:00
V	19382	3209	2014-04-26 00:00:00
V	19383	5912	2013-10-08 00:00:00
V	19384	9252	2013-06-15 00:00:00
V	19385	16992	2011-07-02 00:00:00
V	19386	11771	2014-06-17 00:00:00
V	19387	8619	2013-10-03 00:00:00
V	19388	3052	2012-05-20 00:00:00
V	19389	7809	2014-03-24 00:00:00
V	19390	14471	2013-11-19 00:00:00
V	19391	11333	2014-02-14 00:00:00
V	19392	13367	2014-02-13 00:00:00
V	19393	4734	2011-12-09 00:00:00
V	19394	6885	2014-01-05 00:00:00
V	19395	15374	2013-10-11 00:00:00
V	19396	12992	2012-12-25 00:00:00
V	19397	8001	2014-04-14 00:00:00
V	19398	8396	2013-01-20 00:00:00
V	19399	12078	2012-06-18 00:00:00
V	19400	17997	2013-07-19 00:00:00
V	19401	18759	2014-03-03 00:00:00
V	19402	13672	2013-07-19 00:00:00
V	19403	10472	2014-01-05 00:00:00
V	19404	13025	2012-05-01 00:00:00
V	19405	18487	2013-01-17 00:00:00
V	19406	1804	2013-11-20 00:00:00
V	19407	14163	2012-01-02 00:00:00
V	19408	4517	2013-01-23 00:00:00
V	19409	3529	2012-02-08 00:00:00
V	19410	13221	2011-09-19 00:00:00
V	19411	1682	2014-02-13 00:00:00
V	19412	18723	2012-10-21 00:00:00
V	19413	3542	2014-02-18 00:00:00
V	19414	9822	2013-10-03 00:00:00
V	19415	11371	2013-10-26 00:00:00
V	19416	13842	2012-11-12 00:00:00
V	19417	12253	2014-05-05 00:00:00
V	19418	17806	2013-10-26 00:00:00
V	19419	8569	2014-01-01 00:00:00
V	19420	15596	2014-03-25 00:00:00
V	19421	13830	2014-02-15 00:00:00
V	19422	13046	2014-01-18 00:00:00
V	19423	11364	2014-01-04 00:00:00
V	19424	14693	2013-08-23 00:00:00
V	19425	9328	2014-01-13 00:00:00
V	19426	2850	2014-03-13 00:00:00
V	19427	18536	2013-07-15 00:00:00
V	19428	12296	2013-12-30 00:00:00
V	19429	3406	2013-08-30 00:00:00
V	19430	16568	2013-12-29 00:00:00
V	19431	830	2014-02-26 00:00:00
V	19432	2051	2013-04-10 00:00:00
V	19433	10132	2014-04-21 00:00:00
V	19434	7122	2012-07-24 00:00:00
V	19435	16082	2014-06-15 00:00:00
V	19436	779	2013-11-16 00:00:00
V	19437	11462	2013-04-10 00:00:00
V	19438	16434	2012-09-28 00:00:00
V	19439	18667	2013-08-05 00:00:00
V	19440	10986	2014-04-15 00:00:00
V	19441	5802	2014-03-18 00:00:00
V	19442	4433	2013-11-07 00:00:00
V	19443	12382	2012-02-25 00:00:00
V	19444	18920	2013-07-18 00:00:00
V	19445	6405	2014-05-27 00:00:00
V	19446	8884	2012-06-09 00:00:00
V	19447	237	2014-03-31 00:00:00
V	19448	8939	2014-01-05 00:00:00
V	19449	3007	2014-03-30 00:00:00
V	19450	8529	2013-12-06 00:00:00
V	19451	4073	2013-10-04 00:00:00
V	19452	14019	2013-10-09 00:00:00
V	19453	10229	2014-02-27 00:00:00
V	19454	9886	2014-05-29 00:00:00
V	19455	7266	2014-02-22 00:00:00
V	19456	8171	2013-10-14 00:00:00
V	19457	18126	2013-09-03 00:00:00
V	19458	869	2013-04-03 00:00:00
V	19459	4929	2014-06-04 00:00:00
V	19460	9321	2013-11-08 00:00:00
V	19461	4491	2012-03-29 00:00:00
V	19462	8599	2012-05-03 00:00:00
V	19463	6944	2013-05-21 00:00:00
V	19464	7096	2013-11-13 00:00:00
V	19465	10766	2013-10-12 00:00:00
V	19466	8464	2011-12-08 00:00:00
V	19467	3875	2013-10-28 00:00:00
V	19468	2121	2012-10-10 00:00:00
V	19469	2313	2013-03-08 00:00:00
V	19470	14961	2014-05-28 00:00:00
V	19471	11906	2012-01-07 00:00:00
V	19472	10903	2013-10-09 00:00:00
V	19473	17307	2013-02-25 00:00:00
V	19474	18393	2012-02-01 00:00:00
V	19475	3214	2014-06-23 00:00:00
V	19476	11689	2014-04-01 00:00:00
V	19477	7668	2012-01-10 00:00:00
V	19478	11005	2013-11-13 00:00:00
V	19479	3561	2014-03-25 00:00:00
V	19480	9359	2012-03-27 00:00:00
V	19481	18204	2013-09-18 00:00:00
V	19482	15004	2013-08-23 00:00:00
V	19483	5615	2013-11-11 00:00:00
V	19484	15113	2013-10-01 00:00:00
V	19485	4718	2012-01-31 00:00:00
V	19486	15725	2012-05-03 00:00:00
V	19487	4879	2013-11-29 00:00:00
V	19488	17694	2014-01-24 00:00:00
V	19489	14680	2013-09-07 00:00:00
V	19490	19052	2013-09-29 00:00:00
V	19491	15813	2014-02-01 00:00:00
V	19492	13235	2012-10-26 00:00:00
V	19493	16047	2014-05-26 00:00:00
V	19494	352	2012-09-23 00:00:00
V	19495	6737	2011-12-27 00:00:00
V	19496	10232	2013-01-07 00:00:00
V	19497	5769	2011-09-14 00:00:00
V	19498	11295	2014-01-06 00:00:00
V	19499	298	2013-10-20 00:00:00
V	19500	8703	2011-11-26 00:00:00
V	19501	10246	2013-09-25 00:00:00
V	19502	426	2013-08-13 00:00:00
V	19503	4094	2012-10-28 00:00:00
V	19504	10952	2012-02-14 00:00:00
V	19505	11114	2014-04-28 00:00:00
V	19506	8526	2014-04-09 00:00:00
V	19507	14605	2013-07-26 00:00:00
V	19508	7675	2013-12-01 00:00:00
V	19509	16128	2014-04-29 00:00:00
V	19510	18662	2014-02-27 00:00:00
V	19511	7575	2012-11-28 00:00:00
V	19512	11357	2014-05-11 00:00:00
V	19513	12049	2014-01-18 00:00:00
V	19514	3618	2011-11-29 00:00:00
V	19515	7493	2013-10-11 00:00:00
V	19516	9935	2014-05-06 00:00:00
V	19517	15864	2014-03-14 00:00:00
V	19518	8817	2012-01-10 00:00:00
V	19519	13512	2014-05-26 00:00:00
V	19520	14281	2014-02-03 00:00:00
V	19521	8382	2013-08-31 00:00:00
V	19522	10376	2013-11-18 00:00:00
V	19523	17829	2014-01-09 00:00:00
V	19524	15118	2013-09-11 00:00:00
V	19525	8657	2013-01-04 00:00:00
V	19526	8923	2013-11-13 00:00:00
V	19527	5867	2014-03-14 00:00:00
V	19528	6635	2013-04-17 00:00:00
V	19529	16161	2014-05-15 00:00:00
V	19530	18307	2011-10-26 00:00:00
V	19531	8946	2013-01-08 00:00:00
V	19532	8634	2013-10-20 00:00:00
V	19533	19195	2013-12-28 00:00:00
V	19534	18138	2013-08-30 00:00:00
V	19535	5787	2014-01-18 00:00:00
V	19536	7758	2013-08-08 00:00:00
V	19537	8578	2013-05-22 00:00:00
V	19538	17693	2012-05-25 00:00:00
V	19539	11067	2014-03-22 00:00:00
V	19540	6031	2013-05-18 00:00:00
V	19541	6510	2013-10-31 00:00:00
V	19542	11200	2013-07-07 00:00:00
V	19543	14699	2014-03-19 00:00:00
V	19544	16117	2013-11-11 00:00:00
V	19545	1794	2013-10-24 00:00:00
V	19546	11289	2014-04-02 00:00:00
V	19547	2802	2014-02-03 00:00:00
V	19548	1118	2013-12-06 00:00:00
V	19549	5351	2014-03-01 00:00:00
V	19550	19172	2013-07-16 00:00:00
V	19551	1399	2014-04-09 00:00:00
V	19552	2403	2011-12-14 00:00:00
V	19553	576	2013-10-22 00:00:00
V	19554	5444	2013-12-09 00:00:00
V	19555	9030	2014-05-22 00:00:00
V	19556	14374	2014-03-12 00:00:00
V	19557	6257	2013-09-15 00:00:00
V	19558	12312	2011-11-04 00:00:00
V	19559	2329	2013-11-29 00:00:00
V	19560	8536	2014-01-05 00:00:00
V	19561	5022	2013-12-03 00:00:00
V	19562	17193	2014-06-15 00:00:00
V	19563	16187	2013-01-01 00:00:00
V	19564	12508	2013-11-12 00:00:00
V	19565	9447	2013-12-15 00:00:00
V	19566	5016	2013-11-12 00:00:00
V	19567	7422	2012-04-05 00:00:00
V	19568	15710	2014-04-26 00:00:00
V	19569	3953	2014-01-08 00:00:00
V	19570	2702	2013-07-22 00:00:00
V	19571	9787	2013-07-25 00:00:00
V	19572	16089	2013-07-09 00:00:00
V	19573	8641	2013-07-04 00:00:00
V	19574	12148	2013-07-09 00:00:00
V	19575	3000	2013-12-03 00:00:00
V	19576	3786	2014-04-06 00:00:00
V	19577	2992	2014-02-02 00:00:00
V	19578	11414	2014-03-22 00:00:00
V	19579	12240	2014-02-24 00:00:00
V	19580	14545	2011-09-13 00:00:00
V	19581	15959	2012-04-25 00:00:00
V	19582	13498	2014-02-17 00:00:00
V	19583	9698	2013-09-16 00:00:00
V	19584	6008	2013-09-10 00:00:00
V	19585	7648	2013-08-31 00:00:00
V	19586	13894	2013-10-29 00:00:00
V	19587	7583	2013-11-21 00:00:00
V	19588	5263	2014-04-18 00:00:00
V	19589	10128	2014-02-04 00:00:00
V	19590	14511	2012-05-11 00:00:00
V	19591	6070	2013-12-01 00:00:00
V	19592	17824	2013-12-09 00:00:00
V	19593	17311	2014-05-03 00:00:00
V	19594	376	2013-05-07 00:00:00
V	19595	1042	2012-07-12 00:00:00
V	19596	11952	2013-12-30 00:00:00
V	19597	11787	2013-11-12 00:00:00
V	19598	17188	2013-02-02 00:00:00
V	19599	5894	2013-11-06 00:00:00
V	19600	8114	2012-01-31 00:00:00
V	19601	17594	2013-06-30 00:00:00
V	19602	2071	2013-10-10 00:00:00
V	19603	10207	2013-07-14 00:00:00
V	19604	15218	2013-09-27 00:00:00
V	19605	17891	2014-01-17 00:00:00
V	19606	10001	2013-08-27 00:00:00
V	19607	9736	2013-08-09 00:00:00
V	19608	2278	2013-08-30 00:00:00
V	19609	5014	2013-10-20 00:00:00
V	19610	18483	2012-11-06 00:00:00
V	19611	12517	2013-12-21 00:00:00
V	19612	7133	2011-11-20 00:00:00
V	19613	17033	2013-08-12 00:00:00
V	19614	11600	2012-10-26 00:00:00
V	19615	15458	2014-01-07 00:00:00
V	19616	16263	2014-04-06 00:00:00
V	19617	9525	2012-10-05 00:00:00
V	19618	14636	2013-07-27 00:00:00
V	19619	609	2013-11-03 00:00:00
V	19620	18266	2014-03-29 00:00:00
V	19621	15367	2014-03-28 00:00:00
V	19622	3112	2013-08-29 00:00:00
V	19623	15907	2014-01-04 00:00:00
V	19624	15275	2013-04-17 00:00:00
V	19625	430	2012-05-16 00:00:00
V	19626	7147	2014-05-03 00:00:00
V	19627	9575	2013-12-13 00:00:00
V	19628	6464	2013-05-29 00:00:00
V	19629	6396	2013-10-30 00:00:00
V	19630	18038	2014-01-26 00:00:00
V	19631	7218	2013-08-17 00:00:00
V	19632	15512	2014-01-21 00:00:00
V	19633	10816	2014-01-08 00:00:00
V	19634	10860	2013-12-01 00:00:00
V	19635	538	2014-06-26 00:00:00
V	19636	8658	2012-07-05 00:00:00
V	19637	9168	2013-01-01 00:00:00
V	19638	3276	2013-12-31 00:00:00
V	19639	10586	2014-04-24 00:00:00
V	19640	3966	2014-05-05 00:00:00
V	19641	15450	2013-11-30 00:00:00
V	19642	12694	2013-11-02 00:00:00
V	19643	13372	2013-12-31 00:00:00
V	19644	1719	2013-07-24 00:00:00
V	19645	17197	2014-05-30 00:00:00
V	19646	19049	2011-12-02 00:00:00
V	19647	2704	2014-05-17 00:00:00
V	19648	12235	2013-07-07 00:00:00
V	19649	15848	2013-09-15 00:00:00
V	19650	10354	2013-11-05 00:00:00
V	19651	8083	2013-04-03 00:00:00
V	19652	8071	2013-07-05 00:00:00
V	19653	18802	2012-12-06 00:00:00
V	19654	17430	2013-04-24 00:00:00
V	19655	3934	2012-05-28 00:00:00
V	19656	15251	2013-10-02 00:00:00
V	19657	15658	2012-04-04 00:00:00
V	19658	9730	2014-02-02 00:00:00
V	19659	9948	2014-05-10 00:00:00
V	19660	13147	2013-09-09 00:00:00
V	19661	4892	2014-03-15 00:00:00
V	19662	17840	2013-10-31 00:00:00
V	19663	8656	2011-11-24 00:00:00
V	19664	17928	2012-07-07 00:00:00
V	19665	4137	2012-11-17 00:00:00
V	19666	11337	2013-12-19 00:00:00
V	19667	15833	2014-03-18 00:00:00
V	19668	17681	2012-01-03 00:00:00
V	19669	18031	2014-02-03 00:00:00
V	19670	12568	2013-11-15 00:00:00
V	19671	2390	2011-07-24 00:00:00
V	19672	2072	2014-02-18 00:00:00
V	19673	4897	2014-05-21 00:00:00
V	19674	1671	2013-08-30 00:00:00
V	19675	12675	2013-08-04 00:00:00
V	19676	9333	2013-08-26 00:00:00
V	19677	3870	2011-11-07 00:00:00
V	19678	17401	2014-01-13 00:00:00
V	19679	8844	2014-05-29 00:00:00
V	19680	17044	2014-03-10 00:00:00
V	19681	12705	2014-03-09 00:00:00
V	19682	19184	2014-04-15 00:00:00
V	19683	4632	2013-06-19 00:00:00
V	19684	14616	2013-01-14 00:00:00
V	19685	16134	2014-05-21 00:00:00
V	19686	414	2013-11-07 00:00:00
V	19687	11134	2012-04-06 00:00:00
V	19688	11298	2013-08-14 00:00:00
V	19689	10365	2013-10-18 00:00:00
V	19690	12988	2013-03-24 00:00:00
V	19691	4644	2013-11-27 00:00:00
V	19692	5972	2013-10-02 00:00:00
V	19693	14096	2011-08-21 00:00:00
V	19694	16863	2014-05-13 00:00:00
V	19695	18039	2013-02-01 00:00:00
V	19696	369	2012-10-04 00:00:00
V	19697	11017	2014-03-08 00:00:00
V	19698	6970	2013-10-18 00:00:00
V	19699	7619	2013-09-04 00:00:00
V	19700	18222	2013-08-11 00:00:00
V	19701	9937	2013-11-07 00:00:00
V	19702	13321	2014-04-30 00:00:00
V	19703	12075	2012-11-11 00:00:00
V	19704	14737	2013-11-18 00:00:00
V	19705	7452	2013-11-15 00:00:00
V	19706	17260	2013-12-29 00:00:00
V	19707	14121	2014-03-30 00:00:00
V	19708	8640	2011-09-04 00:00:00
V	19709	1112	2014-04-25 00:00:00
V	19710	4334	2012-07-29 00:00:00
V	19711	8779	2012-03-06 00:00:00
V	19712	6430	2014-01-16 00:00:00
V	19713	765	2014-01-21 00:00:00
V	19714	14761	2014-01-08 00:00:00
V	19715	8565	2012-01-26 00:00:00
V	19716	8824	2012-07-04 00:00:00
V	19717	6128	2013-07-23 00:00:00
V	19718	9208	2014-01-20 00:00:00
V	19719	13461	2013-07-11 00:00:00
V	19720	17082	2014-01-27 00:00:00
V	19721	871	2014-01-26 00:00:00
V	19722	16374	2014-02-12 00:00:00
V	19723	14988	2012-09-10 00:00:00
V	19724	4426	2013-08-28 00:00:00
V	19725	10027	2013-11-18 00:00:00
V	19726	11988	2013-03-06 00:00:00
V	19727	15921	2011-11-28 00:00:00
V	19728	8716	2013-12-04 00:00:00
V	19729	6012	2013-08-13 00:00:00
V	19730	13677	2013-12-15 00:00:00
V	19731	4267	2011-11-27 00:00:00
V	19732	5374	2013-11-23 00:00:00
V	19733	10078	2011-10-11 00:00:00
V	19734	5292	2013-11-26 00:00:00
V	19735	2335	2012-08-18 00:00:00
V	19736	3620	2013-11-09 00:00:00
V	19737	6266	2013-12-02 00:00:00
V	19738	9970	2013-08-01 00:00:00
V	19739	11117	2013-12-05 00:00:00
V	19740	9242	2013-10-08 00:00:00
V	19741	12793	2014-02-05 00:00:00
V	19742	592	2014-05-27 00:00:00
V	19743	17021	2013-12-07 00:00:00
V	19744	4391	2013-10-01 00:00:00
V	19745	525	2014-01-17 00:00:00
V	19746	13751	2012-11-06 00:00:00
V	19747	12904	2013-08-18 00:00:00
V	19748	18701	2013-07-24 00:00:00
V	19749	1156	2014-03-03 00:00:00
V	19750	10999	2011-11-30 00:00:00
V	19751	2052	2014-04-02 00:00:00
V	19752	6439	2012-09-03 00:00:00
V	19753	16411	2014-05-12 00:00:00
V	19754	7389	2013-09-26 00:00:00
V	19755	13407	2014-01-12 00:00:00
V	19756	8531	2013-02-12 00:00:00
V	19757	3714	2013-11-01 00:00:00
V	19758	7873	2013-10-09 00:00:00
V	19759	13110	2013-07-15 00:00:00
V	19760	6364	2013-01-03 00:00:00
V	19761	9975	2013-08-29 00:00:00
V	19762	6148	2013-08-27 00:00:00
V	19763	15256	2012-05-28 00:00:00
V	19764	4819	2014-05-23 00:00:00
V	19765	12907	2013-03-24 00:00:00
V	19766	9036	2014-01-01 00:00:00
V	19767	11961	2013-12-03 00:00:00
V	19768	17098	2014-03-21 00:00:00
V	19769	13390	2012-06-19 00:00:00
V	19770	7846	2013-08-20 00:00:00
V	19771	12583	2011-08-23 00:00:00
V	19772	14384	2014-04-22 00:00:00
V	19773	12243	2013-09-13 00:00:00
V	19774	16278	2013-08-01 00:00:00
V	19775	2247	2014-02-07 00:00:00
V	19776	9202	2011-07-02 00:00:00
V	19777	16681	2012-08-31 00:00:00
V	19778	1799	2013-12-13 00:00:00
V	19779	18504	2013-07-14 00:00:00
V	19780	13185	2013-07-30 00:00:00
V	19781	15862	2014-03-17 00:00:00
V	19782	17717	2013-05-09 00:00:00
V	19783	17736	2013-04-17 00:00:00
V	19784	9332	2014-03-10 00:00:00
V	19785	13861	2013-07-09 00:00:00
V	19786	6592	2013-05-27 00:00:00
V	19787	17536	2013-01-28 00:00:00
V	19788	19182	2011-10-12 00:00:00
V	19789	12646	2013-10-04 00:00:00
V	19790	2090	2014-04-03 00:00:00
V	19791	14080	2012-05-11 00:00:00
V	19792	388	2013-07-25 00:00:00
V	19793	10888	2014-03-14 00:00:00
V	19794	7071	2014-06-06 00:00:00
V	19795	5331	2012-11-12 00:00:00
V	19796	1476	2014-06-01 00:00:00
V	19797	3299	2014-05-08 00:00:00
V	19798	7776	2014-02-13 00:00:00
V	19799	9301	2014-03-25 00:00:00
V	19800	17727	2012-07-11 00:00:00
V	19801	2095	2012-09-04 00:00:00
V	19802	1639	2013-02-04 00:00:00
V	19803	18313	2011-10-10 00:00:00
V	19804	345	2013-10-10 00:00:00
V	19805	15960	2013-08-17 00:00:00
V	19806	7935	2012-04-16 00:00:00
V	19807	4370	2011-08-13 00:00:00
V	19808	12906	2014-02-13 00:00:00
V	19809	7696	2013-09-24 00:00:00
V	19810	11212	2013-10-20 00:00:00
V	19811	5625	2013-06-01 00:00:00
V	19812	4305	2014-02-08 00:00:00
V	19813	437	2014-05-28 00:00:00
V	19814	13834	2013-08-25 00:00:00
V	19815	10479	2012-02-21 00:00:00
V	19816	14695	2014-03-28 00:00:00
V	19817	9064	2014-05-05 00:00:00
V	19818	18180	2014-06-17 00:00:00
V	19819	12117	2013-07-13 00:00:00
V	19820	3859	2012-01-15 00:00:00
V	19821	3574	2012-07-13 00:00:00
V	19822	19150	2011-07-20 00:00:00
V	19823	17999	2012-05-18 00:00:00
V	19824	5877	2013-09-29 00:00:00
V	19825	10111	2013-08-16 00:00:00
V	19826	12271	2013-09-14 00:00:00
V	19827	7364	2011-11-29 00:00:00
V	19828	4856	2014-03-08 00:00:00
V	19829	1286	2013-05-16 00:00:00
V	19830	10142	2014-04-11 00:00:00
V	19831	11142	2013-12-19 00:00:00
V	19832	16475	2013-08-30 00:00:00
V	19833	5705	2014-06-07 00:00:00
V	19834	16742	2014-05-12 00:00:00
V	19835	13866	2013-09-06 00:00:00
V	19836	391	2014-02-24 00:00:00
V	19837	7998	2013-09-05 00:00:00
V	19838	10434	2013-10-29 00:00:00
V	19839	11799	2012-04-16 00:00:00
V	19840	12899	2011-10-20 00:00:00
V	19841	9315	2014-01-27 00:00:00
V	19842	13183	2013-12-30 00:00:00
V	19843	6903	2014-04-29 00:00:00
V	19844	1550	2013-06-09 00:00:00
V	19845	1452	2011-11-11 00:00:00
V	19846	18817	2014-02-10 00:00:00
V	19847	7139	2013-12-19 00:00:00
V	19848	8891	2013-06-27 00:00:00
V	19849	12014	2013-07-04 00:00:00
V	19850	4061	2014-04-03 00:00:00
V	19851	4455	2014-03-25 00:00:00
V	19852	12259	2013-12-13 00:00:00
V	19853	10017	2013-07-25 00:00:00
V	19854	5902	2014-03-27 00:00:00
V	19855	10779	2013-06-21 00:00:00
V	19856	13527	2013-07-10 00:00:00
V	19857	6159	2013-09-03 00:00:00
V	19858	8092	2014-04-16 00:00:00
V	19859	889	2014-01-05 00:00:00
V	19860	8478	2014-02-28 00:00:00
V	19861	11893	2014-05-09 00:00:00
V	19862	10018	2014-04-04 00:00:00
V	19863	1296	2012-05-22 00:00:00
V	19864	17305	2013-05-31 00:00:00
V	19865	167	2014-03-31 00:00:00
V	19866	9175	2012-11-26 00:00:00
V	19867	7098	2011-08-23 00:00:00
V	19868	14608	2013-02-25 00:00:00
V	19869	16874	2013-09-12 00:00:00
V	19870	14955	2011-07-09 00:00:00
V	19871	4573	2014-03-21 00:00:00
V	19872	2099	2014-04-26 00:00:00
V	19873	518	2013-12-19 00:00:00
V	19874	4194	2014-06-30 00:00:00
V	19875	14767	2012-04-22 00:00:00
V	19876	9685	2013-09-26 00:00:00
V	19877	4014	2013-11-27 00:00:00
V	19878	10654	2013-07-13 00:00:00
V	19879	17843	2013-06-25 00:00:00
V	19880	2581	2011-10-30 00:00:00
V	19881	306	2013-09-26 00:00:00
V	19882	9397	2013-09-04 00:00:00
V	19883	7479	2012-11-10 00:00:00
V	19884	17777	2013-05-04 00:00:00
V	19885	12989	2014-02-08 00:00:00
V	19886	13234	2013-09-04 00:00:00
V	19887	18394	2014-01-04 00:00:00
V	19888	13670	2012-02-07 00:00:00
V	19889	5222	2014-05-02 00:00:00
V	19890	913	2013-11-26 00:00:00
V	19891	11943	2013-08-17 00:00:00
V	19892	4150	2013-10-21 00:00:00
V	19893	12782	2013-08-01 00:00:00
V	19894	16489	2013-11-26 00:00:00
V	19895	1918	2012-07-26 00:00:00
V	19896	1418	2013-08-12 00:00:00
V	19897	9259	2013-07-24 00:00:00
V	19898	15514	2014-04-09 00:00:00
V	19899	12820	2014-06-11 00:00:00
V	19900	2731	2012-10-16 00:00:00
V	19901	7009	2011-11-04 00:00:00
V	19902	12874	2013-01-03 00:00:00
V	19903	4738	2012-08-08 00:00:00
V	19904	7117	2014-03-07 00:00:00
V	19905	13034	2013-01-30 00:00:00
V	19906	4961	2014-02-07 00:00:00
V	19907	9166	2013-11-08 00:00:00
V	19908	14182	2013-08-27 00:00:00
V	19909	15246	2014-03-28 00:00:00
V	19910	11086	2012-11-15 00:00:00
V	19911	11419	2013-12-24 00:00:00
V	19912	12274	2012-11-23 00:00:00
V	19913	11849	2014-04-17 00:00:00
V	19914	9705	2011-08-07 00:00:00
V	19915	17794	2013-12-02 00:00:00
V	19916	7980	2013-01-09 00:00:00
V	19917	8191	2013-09-28 00:00:00
V	19918	1229	2013-01-19 00:00:00
V	19919	19149	2014-05-05 00:00:00
V	19920	7387	2013-10-30 00:00:00
V	19921	13695	2013-12-01 00:00:00
V	19922	1581	2014-05-08 00:00:00
V	19923	7678	2012-04-11 00:00:00
V	19924	5861	2012-04-17 00:00:00
V	19925	9074	2013-10-04 00:00:00
V	19926	17391	2014-05-20 00:00:00
V	19927	15821	2014-05-26 00:00:00
V	19928	3303	2013-12-04 00:00:00
V	19929	416	2013-12-20 00:00:00
V	19930	16466	2013-10-16 00:00:00
V	19931	3122	2012-05-21 00:00:00
V	19932	5155	2014-01-17 00:00:00
V	19933	16580	2014-02-11 00:00:00
V	19934	10684	2013-12-09 00:00:00
V	19935	11363	2013-07-24 00:00:00
V	19936	13435	2014-05-03 00:00:00
V	19937	12328	2013-05-10 00:00:00
V	19938	17976	2014-02-08 00:00:00
V	19939	15626	2013-05-23 00:00:00
V	19940	12939	2014-04-02 00:00:00
V	19941	11245	2013-09-11 00:00:00
V	19942	4802	2013-07-01 00:00:00
V	19943	7599	2012-12-28 00:00:00
V	19944	12629	2011-11-08 00:00:00
V	19945	15403	2014-02-10 00:00:00
V	19946	16818	2013-09-19 00:00:00
V	19947	10403	2012-11-09 00:00:00
V	19948	5127	2014-06-13 00:00:00
V	19949	10879	2014-01-15 00:00:00
V	19950	2871	2014-06-20 00:00:00
V	19951	18525	2013-12-29 00:00:00
V	19952	7158	2013-07-23 00:00:00
V	19953	1932	2013-03-29 00:00:00
V	19954	3986	2013-10-23 00:00:00
V	19955	17647	2013-07-02 00:00:00
V	19956	11868	2011-10-09 00:00:00
V	19957	9045	2012-11-07 00:00:00
V	19958	4478	2013-10-16 00:00:00
V	19959	17677	2012-07-24 00:00:00
V	19960	16806	2013-03-14 00:00:00
V	19961	14456	2013-11-25 00:00:00
V	19962	10712	2012-08-07 00:00:00
V	19963	5642	2014-05-21 00:00:00
V	19964	14725	2013-10-15 00:00:00
V	19965	3999	2014-05-15 00:00:00
V	19966	8973	2014-04-23 00:00:00
V	19967	3664	2014-05-09 00:00:00
V	19968	12311	2014-03-04 00:00:00
V	19969	771	2013-07-25 00:00:00
V	19970	1063	2013-09-26 00:00:00
V	19971	3132	2013-11-15 00:00:00
V	19972	1656	2014-02-22 00:00:00
V	19973	17808	2013-08-19 00:00:00
V	19974	13121	2014-01-29 00:00:00
V	19975	12627	2014-06-07 00:00:00
V	19976	1023	2014-04-11 00:00:00
V	19977	11806	2013-07-17 00:00:00
V	19978	14656	2012-04-22 00:00:00
V	19979	10224	2013-08-01 00:00:00
V	19980	11268	2013-04-19 00:00:00
V	19981	8866	2013-12-17 00:00:00
V	19982	10115	2012-08-22 00:00:00
V	19983	14351	2012-01-22 00:00:00
V	19984	18353	2014-02-07 00:00:00
V	19985	15210	2014-05-22 00:00:00
V	19986	14851	2014-05-19 00:00:00
V	19987	899	2013-07-24 00:00:00
V	19988	2243	2013-11-02 00:00:00
V	19989	6022	2013-12-07 00:00:00
V	19990	12403	2014-04-11 00:00:00
V	19991	987	2014-03-02 00:00:00
V	19992	16983	2011-11-18 00:00:00
V	19993	985	2014-02-11 00:00:00
V	19994	15763	2013-10-30 00:00:00
V	19995	14148	2011-09-26 00:00:00
V	19996	11257	2014-04-10 00:00:00
V	19997	11884	2013-08-06 00:00:00
V	19998	1281	2013-12-09 00:00:00
V	19999	7765	2014-03-19 00:00:00
V	20000	14427	2014-04-04 00:00:00
V	20001	8496	2013-07-30 00:00:00
V	20002	11929	2013-11-10 00:00:00
V	20003	8684	2013-04-30 00:00:00
V	20004	15685	2012-02-01 00:00:00
V	20005	8046	2013-09-14 00:00:00
V	20006	3002	2014-05-22 00:00:00
V	20007	14932	2013-10-22 00:00:00
V	20008	2138	2012-07-28 00:00:00
V	20009	8556	2012-07-06 00:00:00
V	20010	16560	2014-02-24 00:00:00
V	20011	3634	2013-11-10 00:00:00
V	20012	3879	2012-06-26 00:00:00
V	20013	1322	2013-06-24 00:00:00
V	20014	14161	2012-06-13 00:00:00
V	20015	17697	2012-09-06 00:00:00
V	20016	12097	2013-02-22 00:00:00
V	20017	16970	2013-12-04 00:00:00
V	20018	15203	2014-05-09 00:00:00
V	20019	13931	2014-01-09 00:00:00
V	20020	17411	2012-11-01 00:00:00
V	20021	5410	2014-03-11 00:00:00
V	20022	7038	2011-12-12 00:00:00
V	20023	12601	2012-06-21 00:00:00
V	20024	18341	2014-06-04 00:00:00
V	20025	3846	2012-02-14 00:00:00
V	20026	4544	2013-02-02 00:00:00
V	20027	910	2013-04-12 00:00:00
V	20028	2919	2013-07-26 00:00:00
V	20029	10373	2014-02-26 00:00:00
V	20030	12516	2012-08-26 00:00:00
V	20031	4230	2013-07-07 00:00:00
V	20032	9678	2013-12-30 00:00:00
V	20033	449	2014-02-20 00:00:00
V	20034	9496	2014-03-20 00:00:00
V	20035	2267	2012-01-11 00:00:00
V	20036	15159	2014-05-15 00:00:00
V	20037	11123	2013-09-02 00:00:00
V	20038	14731	2013-07-03 00:00:00
V	20039	14681	2013-01-05 00:00:00
V	20040	1783	2013-03-06 00:00:00
V	20041	15143	2013-11-15 00:00:00
V	20042	6492	2013-11-13 00:00:00
V	20043	1135	2014-03-30 00:00:00
V	20044	28	2013-07-04 00:00:00
V	20045	31	2013-10-09 00:00:00
V	20046	33	2013-03-10 00:00:00
V	20047	66	2014-06-21 00:00:00
V	20048	77	2011-12-20 00:00:00
V	20049	82	2013-08-26 00:00:00
V	20050	119	2013-11-13 00:00:00
V	20051	178	2013-12-06 00:00:00
V	20052	194	2013-04-19 00:00:00
V	20053	220	2014-05-28 00:00:00
V	20054	227	2013-11-17 00:00:00
V	20055	231	2013-01-24 00:00:00
V	20056	260	2014-03-28 00:00:00
V	20057	299	2014-04-26 00:00:00
V	20058	324	2013-08-15 00:00:00
V	20059	355	2013-12-19 00:00:00
V	20060	394	2013-10-26 00:00:00
V	20061	395	2013-12-07 00:00:00
V	20062	413	2014-03-22 00:00:00
V	20063	439	2014-01-28 00:00:00
V	20064	469	2014-03-10 00:00:00
V	20065	490	2013-12-23 00:00:00
V	20066	517	2014-03-07 00:00:00
V	20067	547	2013-06-22 00:00:00
V	20068	581	2013-05-31 00:00:00
V	20069	597	2014-05-07 00:00:00
V	20070	625	2013-06-05 00:00:00
V	20071	637	2013-08-05 00:00:00
V	20072	680	2013-12-04 00:00:00
V	20073	699	2013-11-07 00:00:00
V	20074	700	2013-05-14 00:00:00
V	20075	728	2014-05-22 00:00:00
V	20076	736	2011-11-18 00:00:00
V	20077	742	2014-02-20 00:00:00
V	20078	789	2012-06-07 00:00:00
V	20079	802	2012-01-30 00:00:00
V	20080	828	2013-10-13 00:00:00
V	20081	864	2012-02-25 00:00:00
V	20082	887	2014-03-10 00:00:00
V	20083	926	2013-11-02 00:00:00
V	20084	965	2014-05-28 00:00:00
V	20085	968	2012-07-19 00:00:00
V	20086	970	2013-10-05 00:00:00
V	20087	995	2014-04-09 00:00:00
V	20088	1013	2014-01-19 00:00:00
V	20089	1028	2014-01-28 00:00:00
V	20090	1035	2013-07-19 00:00:00
V	20091	1036	2014-01-14 00:00:00
V	20092	1053	2013-11-07 00:00:00
V	20093	1065	2012-07-24 00:00:00
V	20094	1093	2014-02-11 00:00:00
V	20095	1103	2013-09-18 00:00:00
V	20096	1132	2013-12-23 00:00:00
V	20097	1202	2014-06-03 00:00:00
V	20098	1210	2013-03-14 00:00:00
V	20099	1216	2013-09-25 00:00:00
V	20100	1249	2013-08-19 00:00:00
V	20101	1269	2014-05-14 00:00:00
V	20102	1303	2014-06-23 00:00:00
V	20103	1330	2013-08-19 00:00:00
V	20104	1331	2011-11-14 00:00:00
V	20105	1336	2011-07-11 00:00:00
V	20106	1390	2011-10-29 00:00:00
V	20107	1414	2013-09-24 00:00:00
V	20108	1443	2012-08-21 00:00:00
V	20109	1462	2013-11-20 00:00:00
V	20110	1472	2013-06-29 00:00:00
V	20111	1533	2014-03-31 00:00:00
V	20112	1579	2014-06-28 00:00:00
V	20113	1630	2013-10-27 00:00:00
V	20114	1641	2014-04-19 00:00:00
V	20115	1653	2012-12-07 00:00:00
V	20116	1666	2011-11-07 00:00:00
V	20117	1678	2014-05-25 00:00:00
V	20118	1743	2013-01-15 00:00:00
V	20119	1745	2011-11-22 00:00:00
V	20120	1753	2014-04-17 00:00:00
V	20121	1778	2012-03-28 00:00:00
V	20122	1819	2012-01-29 00:00:00
V	20123	1941	2014-03-16 00:00:00
V	20124	1980	2013-02-27 00:00:00
V	20125	1989	2014-05-20 00:00:00
V	20126	2006	2014-01-14 00:00:00
V	20127	2027	2014-06-07 00:00:00
V	20128	2054	2012-05-14 00:00:00
V	20129	2059	2014-03-11 00:00:00
V	20130	2064	2013-07-05 00:00:00
V	20131	2070	2013-08-02 00:00:00
V	20132	2076	2012-04-02 00:00:00
V	20133	2079	2014-03-28 00:00:00
V	20134	2109	2014-05-14 00:00:00
V	20135	2114	2013-06-08 00:00:00
V	20136	2140	2013-11-08 00:00:00
V	20137	2141	2013-07-17 00:00:00
V	20138	2146	2014-06-17 00:00:00
V	20139	2147	2013-09-01 00:00:00
V	20140	2149	2011-07-31 00:00:00
V	20141	2154	2013-08-03 00:00:00
V	20142	2174	2013-10-25 00:00:00
V	20143	2208	2014-03-22 00:00:00
V	20144	2215	2014-05-02 00:00:00
V	20145	2239	2012-11-16 00:00:00
V	20146	2288	2013-09-19 00:00:00
V	20147	2302	2013-11-10 00:00:00
V	20148	2315	2012-05-11 00:00:00
V	20149	2317	2011-09-25 00:00:00
V	20150	2333	2014-01-10 00:00:00
V	20151	2347	2014-02-26 00:00:00
V	20152	2401	2014-02-06 00:00:00
V	20153	2477	2014-02-21 00:00:00
V	20154	2507	2014-04-03 00:00:00
V	20155	2537	2013-10-07 00:00:00
V	20156	2555	2013-10-21 00:00:00
V	20157	2611	2013-11-11 00:00:00
V	20158	2612	2011-06-10 00:00:00
V	20159	2614	2014-02-15 00:00:00
V	20160	2631	2014-04-13 00:00:00
V	20161	2649	2014-04-29 00:00:00
V	20162	2659	2013-12-08 00:00:00
V	20163	2678	2013-08-27 00:00:00
V	20164	2695	2013-10-30 00:00:00
V	20165	2714	2013-12-19 00:00:00
V	20166	2733	2011-07-29 00:00:00
V	20167	2796	2013-10-28 00:00:00
V	20168	2827	2014-02-27 00:00:00
V	20169	2830	2013-09-25 00:00:00
V	20170	2855	2012-02-21 00:00:00
V	20171	2866	2014-06-26 00:00:00
V	20172	2914	2011-11-26 00:00:00
V	20173	2917	2013-05-01 00:00:00
V	20174	2939	2013-07-31 00:00:00
V	20175	3029	2011-08-17 00:00:00
V	20176	3035	2013-10-07 00:00:00
V	20177	3057	2012-08-17 00:00:00
V	20178	3069	2011-10-16 00:00:00
V	20179	3078	2012-09-03 00:00:00
V	20180	3105	2014-05-02 00:00:00
V	20181	3125	2014-04-05 00:00:00
V	20182	3127	2013-10-02 00:00:00
V	20183	3148	2013-09-12 00:00:00
V	20184	3170	2013-08-27 00:00:00
V	20185	3173	2013-11-22 00:00:00
V	20186	3182	2013-07-09 00:00:00
V	20187	3211	2013-07-04 00:00:00
V	20188	3227	2013-10-04 00:00:00
V	20189	3261	2013-07-25 00:00:00
V	20190	3317	2013-10-06 00:00:00
V	20191	3343	2014-01-16 00:00:00
V	20192	3345	2013-10-29 00:00:00
V	20193	3356	2013-07-03 00:00:00
V	20194	3365	2011-11-17 00:00:00
V	20195	3402	2014-01-19 00:00:00
V	20196	3403	2011-12-04 00:00:00
V	20197	3422	2014-04-29 00:00:00
V	20198	3434	2013-09-27 00:00:00
V	20199	3441	2013-05-23 00:00:00
V	20200	3455	2013-03-26 00:00:00
V	20201	3457	2014-04-20 00:00:00
V	20202	3492	2014-01-20 00:00:00
V	20203	3497	2013-09-24 00:00:00
V	20204	3504	2013-10-28 00:00:00
V	20205	3531	2014-01-13 00:00:00
V	20206	3553	2012-07-09 00:00:00
V	20207	3559	2014-02-17 00:00:00
V	20208	3579	2013-10-20 00:00:00
V	20209	3581	2014-05-11 00:00:00
V	20210	3603	2013-12-02 00:00:00
V	20211	3604	2013-12-07 00:00:00
V	20212	3730	2012-02-29 00:00:00
V	20213	3759	2012-03-20 00:00:00
V	20214	3812	2013-12-24 00:00:00
V	20215	3835	2013-03-23 00:00:00
V	20216	3837	2014-02-09 00:00:00
V	20217	3839	2013-09-17 00:00:00
V	20218	3840	2013-11-21 00:00:00
V	20219	3850	2012-03-16 00:00:00
V	20220	3872	2014-06-16 00:00:00
V	20221	3891	2012-07-23 00:00:00
V	20222	3893	2013-10-07 00:00:00
V	20223	3962	2013-07-01 00:00:00
V	20224	3969	2013-11-04 00:00:00
V	20225	3974	2014-05-25 00:00:00
V	20226	3995	2012-04-18 00:00:00
V	20227	3997	2012-09-28 00:00:00
V	20228	4023	2014-04-03 00:00:00
V	20229	4024	2011-06-29 00:00:00
V	20230	4115	2013-09-24 00:00:00
V	20231	4138	2014-05-22 00:00:00
V	20232	4154	2013-03-17 00:00:00
V	20233	4168	2014-04-28 00:00:00
V	20234	4235	2013-02-09 00:00:00
V	20235	4238	2012-04-14 00:00:00
V	20236	4244	2013-07-27 00:00:00
V	20237	4289	2012-08-12 00:00:00
V	20238	4290	2014-02-25 00:00:00
V	20239	4339	2014-05-03 00:00:00
V	20240	4396	2013-12-15 00:00:00
V	20241	4445	2013-03-23 00:00:00
V	20242	4464	2011-06-21 00:00:00
V	20243	4480	2014-03-23 00:00:00
V	20244	4613	2013-12-20 00:00:00
V	20245	4642	2014-02-26 00:00:00
V	20246	4669	2013-07-29 00:00:00
V	20247	4708	2012-02-06 00:00:00
V	20248	4735	2013-10-17 00:00:00
V	20249	4746	2013-07-16 00:00:00
V	20250	4753	2014-05-21 00:00:00
V	20251	4794	2013-07-20 00:00:00
V	20252	4809	2014-01-05 00:00:00
V	20253	4826	2013-10-12 00:00:00
V	20254	4854	2013-11-05 00:00:00
V	20255	4887	2012-06-16 00:00:00
V	20256	4900	2011-11-01 00:00:00
V	20257	4955	2013-01-13 00:00:00
V	20258	4994	2013-08-09 00:00:00
V	20259	5025	2013-08-26 00:00:00
V	20260	5034	2013-06-06 00:00:00
V	20261	5075	2014-03-18 00:00:00
V	20262	5097	2014-03-07 00:00:00
V	20263	5115	2013-07-26 00:00:00
V	20264	5135	2012-10-24 00:00:00
V	20265	5168	2014-04-08 00:00:00
V	20266	5174	2013-08-02 00:00:00
V	20267	5182	2013-11-24 00:00:00
V	20268	5210	2012-09-17 00:00:00
V	20269	5211	2011-07-22 00:00:00
V	20270	5217	2012-11-23 00:00:00
V	20271	5231	2013-10-11 00:00:00
V	20272	5251	2013-09-24 00:00:00
V	20273	5265	2014-01-28 00:00:00
V	20274	5266	2013-12-03 00:00:00
V	20275	5275	2013-02-22 00:00:00
V	20276	5305	2013-10-12 00:00:00
V	20277	5318	2012-01-11 00:00:00
V	20278	5333	2011-11-19 00:00:00
V	20279	5361	2013-12-23 00:00:00
V	20280	5406	2012-04-12 00:00:00
V	20281	5419	2013-07-13 00:00:00
V	20282	5453	2014-04-06 00:00:00
V	20283	5471	2014-02-04 00:00:00
V	20284	5500	2013-07-19 00:00:00
V	20285	5539	2011-10-21 00:00:00
V	20286	5543	2011-09-05 00:00:00
V	20287	5562	2014-05-09 00:00:00
V	20288	5569	2013-08-19 00:00:00
V	20289	5572	2013-01-05 00:00:00
V	20290	5585	2012-11-10 00:00:00
V	20291	5608	2014-05-17 00:00:00
V	20292	5644	2012-11-18 00:00:00
V	20293	5646	2014-01-15 00:00:00
V	20294	5671	2013-05-07 00:00:00
V	20295	5683	2014-05-28 00:00:00
V	20296	5702	2013-06-30 00:00:00
V	20297	5708	2012-09-04 00:00:00
V	20298	5716	2014-06-22 00:00:00
V	20299	5733	2013-09-20 00:00:00
V	20300	5740	2014-03-19 00:00:00
V	20301	5750	2013-09-13 00:00:00
V	20302	5760	2013-10-02 00:00:00
V	20303	5773	2013-11-26 00:00:00
V	20304	5775	2013-02-16 00:00:00
V	20305	5778	2013-10-13 00:00:00
V	20306	5823	2013-02-08 00:00:00
V	20307	5846	2012-01-14 00:00:00
V	20308	5871	2012-05-14 00:00:00
V	20309	5915	2013-12-22 00:00:00
V	20310	5952	2013-11-14 00:00:00
V	20311	5971	2013-12-28 00:00:00
V	20312	5983	2013-08-25 00:00:00
V	20313	6009	2013-09-01 00:00:00
V	20314	6024	2011-09-11 00:00:00
V	20315	6059	2012-04-05 00:00:00
V	20316	6069	2013-12-13 00:00:00
V	20317	6076	2012-07-13 00:00:00
V	20318	6107	2013-12-10 00:00:00
V	20319	6170	2013-08-19 00:00:00
V	20320	6172	2014-04-26 00:00:00
V	20321	6174	2012-06-15 00:00:00
V	20322	6239	2012-03-06 00:00:00
V	20323	6265	2013-10-13 00:00:00
V	20324	6285	2014-02-25 00:00:00
V	20325	6290	2014-04-01 00:00:00
V	20326	6298	2013-11-03 00:00:00
V	20327	6402	2014-05-11 00:00:00
V	20328	6416	2012-08-02 00:00:00
V	20329	6417	2013-01-28 00:00:00
V	20330	6440	2012-06-01 00:00:00
V	20331	6441	2013-07-15 00:00:00
V	20332	6459	2011-09-01 00:00:00
V	20333	6461	2014-06-10 00:00:00
V	20334	6482	2013-09-05 00:00:00
V	20335	6532	2013-12-23 00:00:00
V	20336	6550	2014-04-04 00:00:00
V	20337	6571	2013-10-22 00:00:00
V	20338	6576	2013-07-23 00:00:00
V	20339	6593	2012-08-16 00:00:00
V	20340	6609	2013-12-25 00:00:00
V	20341	6710	2012-07-21 00:00:00
V	20342	6725	2012-08-06 00:00:00
V	20343	6744	2014-01-29 00:00:00
V	20344	6766	2013-09-14 00:00:00
V	20345	6779	2014-06-16 00:00:00
V	20346	6783	2013-10-09 00:00:00
V	20347	6804	2013-03-31 00:00:00
V	20348	6820	2013-11-06 00:00:00
V	20349	6884	2014-03-28 00:00:00
V	20350	6941	2014-04-18 00:00:00
V	20351	7003	2013-12-31 00:00:00
V	20352	7041	2014-01-15 00:00:00
V	20353	7078	2013-11-28 00:00:00
V	20354	7088	2012-12-28 00:00:00
V	20355	7106	2014-04-26 00:00:00
V	20356	7107	2013-07-05 00:00:00
V	20357	7154	2012-11-20 00:00:00
V	20358	7217	2013-10-18 00:00:00
V	20359	7254	2014-04-16 00:00:00
V	20360	7355	2013-04-30 00:00:00
V	20361	7374	2014-03-06 00:00:00
V	20362	7390	2014-05-29 00:00:00
V	20363	7404	2013-10-31 00:00:00
V	20364	7512	2013-10-23 00:00:00
V	20365	7530	2013-10-31 00:00:00
V	20366	7569	2012-01-04 00:00:00
V	20367	7578	2013-05-06 00:00:00
V	20368	7708	2013-11-18 00:00:00
V	20369	7769	2012-02-29 00:00:00
V	20370	7790	2014-03-20 00:00:00
V	20371	7799	2013-09-14 00:00:00
V	20372	7821	2013-12-07 00:00:00
V	20373	7967	2012-05-07 00:00:00
V	20374	7983	2013-12-16 00:00:00
V	20375	7984	2014-04-08 00:00:00
V	20376	8008	2013-12-09 00:00:00
V	20377	8049	2013-08-18 00:00:00
V	20378	8066	2012-12-31 00:00:00
V	20379	8094	2013-05-01 00:00:00
V	20380	8102	2012-06-05 00:00:00
V	20381	8144	2013-09-21 00:00:00
V	20382	8205	2014-05-14 00:00:00
V	20383	8210	2013-07-30 00:00:00
V	20384	8266	2012-07-14 00:00:00
V	20385	8281	2013-04-22 00:00:00
V	20386	8284	2013-12-08 00:00:00
V	20387	8327	2012-06-10 00:00:00
V	20388	8331	2012-09-22 00:00:00
V	20389	8338	2013-10-28 00:00:00
V	20390	8435	2014-03-12 00:00:00
V	20391	8503	2012-03-24 00:00:00
V	20392	8553	2013-09-18 00:00:00
V	20393	8573	2012-02-02 00:00:00
V	20394	8582	2011-08-25 00:00:00
V	20395	8589	2013-08-31 00:00:00
V	20396	8627	2014-03-21 00:00:00
V	20397	8665	2014-05-10 00:00:00
V	20398	8670	2013-05-29 00:00:00
V	20399	8673	2013-04-11 00:00:00
V	20400	8678	2013-10-30 00:00:00
V	20401	8682	2014-05-10 00:00:00
V	20402	8721	2014-03-28 00:00:00
V	20403	8740	2013-09-12 00:00:00
V	20404	8751	2013-10-29 00:00:00
V	20405	8791	2011-12-20 00:00:00
V	20406	8818	2013-02-07 00:00:00
V	20407	8822	2013-08-08 00:00:00
V	20408	8852	2014-02-08 00:00:00
V	20409	8875	2012-06-23 00:00:00
V	20410	8886	2014-01-17 00:00:00
V	20411	8898	2013-10-11 00:00:00
V	20412	8908	2013-06-02 00:00:00
V	20413	8935	2014-01-19 00:00:00
V	20414	8967	2012-11-20 00:00:00
V	20415	9002	2013-12-02 00:00:00
V	20416	9004	2013-08-13 00:00:00
V	20417	9017	2014-03-04 00:00:00
V	20418	9021	2013-12-17 00:00:00
V	20419	9042	2013-06-14 00:00:00
V	20420	9067	2012-06-09 00:00:00
V	20421	9075	2011-10-21 00:00:00
V	20422	9098	2011-09-08 00:00:00
V	20423	9119	2013-08-19 00:00:00
V	20424	9134	2013-07-08 00:00:00
V	20425	9146	2014-06-05 00:00:00
V	20426	9181	2013-07-29 00:00:00
V	20427	9194	2014-04-17 00:00:00
V	20428	9206	2013-10-17 00:00:00
V	20429	9216	2014-01-08 00:00:00
V	20430	9231	2014-05-21 00:00:00
V	20431	9274	2014-04-13 00:00:00
V	20432	9403	2014-05-08 00:00:00
V	20433	9428	2014-02-19 00:00:00
V	20434	9446	2013-08-20 00:00:00
V	20435	9469	2014-03-28 00:00:00
V	20436	9481	2014-01-24 00:00:00
V	20437	9486	2013-09-30 00:00:00
V	20438	9512	2013-07-24 00:00:00
V	20439	9535	2011-12-18 00:00:00
V	20440	9558	2014-03-19 00:00:00
V	20441	9565	2012-09-27 00:00:00
V	20442	9573	2013-09-21 00:00:00
V	20443	9576	2012-06-20 00:00:00
V	20444	9586	2013-08-22 00:00:00
V	20445	9623	2014-05-22 00:00:00
V	20446	9645	2014-04-01 00:00:00
V	20447	9658	2013-08-04 00:00:00
V	20448	9661	2013-09-15 00:00:00
V	20449	9664	2013-12-07 00:00:00
V	20450	9695	2013-09-23 00:00:00
V	20451	9702	2014-04-27 00:00:00
V	20452	9715	2014-06-13 00:00:00
V	20453	9723	2013-12-07 00:00:00
V	20454	9838	2014-03-15 00:00:00
V	20455	9849	2014-02-20 00:00:00
V	20456	9887	2013-12-16 00:00:00
V	20457	9900	2013-09-03 00:00:00
V	20458	9913	2014-05-29 00:00:00
V	20459	9931	2014-02-01 00:00:00
V	20460	9934	2012-02-03 00:00:00
V	20461	10014	2012-12-12 00:00:00
V	20462	10016	2013-09-22 00:00:00
V	20463	10036	2014-01-19 00:00:00
V	20464	10058	2012-07-23 00:00:00
V	20465	10061	2014-02-04 00:00:00
V	20466	10062	2014-02-22 00:00:00
V	20467	10117	2014-04-20 00:00:00
V	20468	10123	2013-12-25 00:00:00
V	20469	10134	2014-02-26 00:00:00
V	20470	10150	2013-08-26 00:00:00
V	20471	10166	2012-10-31 00:00:00
V	20472	10172	2014-04-19 00:00:00
V	20473	10183	2013-04-07 00:00:00
V	20474	10202	2014-02-05 00:00:00
V	20475	10204	2013-01-09 00:00:00
V	20476	10214	2013-11-09 00:00:00
V	20477	10230	2014-01-17 00:00:00
V	20478	10237	2014-06-08 00:00:00
V	20479	10290	2013-05-18 00:00:00
V	20480	10301	2013-10-11 00:00:00
V	20481	10304	2014-03-29 00:00:00
V	20482	10318	2012-12-23 00:00:00
V	20483	10324	2014-01-20 00:00:00
V	20484	10333	2014-04-27 00:00:00
V	20485	10356	2012-11-29 00:00:00
V	20486	10360	2012-06-18 00:00:00
V	20487	10364	2013-05-30 00:00:00
V	20488	10430	2012-06-02 00:00:00
V	20489	10499	2013-11-07 00:00:00
V	20490	10509	2014-01-14 00:00:00
V	20491	10524	2013-07-28 00:00:00
V	20492	10569	2014-04-03 00:00:00
V	20493	10605	2013-10-26 00:00:00
V	20494	10617	2014-03-09 00:00:00
V	20495	10648	2013-10-24 00:00:00
V	20496	10652	2012-11-21 00:00:00
V	20497	10685	2012-07-24 00:00:00
V	20498	10697	2013-09-02 00:00:00
V	20499	10699	2012-03-13 00:00:00
V	20500	10737	2013-08-08 00:00:00
V	20501	10743	2011-08-09 00:00:00
V	20502	10756	2012-05-06 00:00:00
V	20503	10758	2014-05-15 00:00:00
V	20504	10759	2014-06-08 00:00:00
V	20505	10775	2014-01-29 00:00:00
V	20506	10800	2012-07-04 00:00:00
V	20507	10802	2013-10-05 00:00:00
V	20508	10836	2013-02-22 00:00:00
V	20509	10869	2011-12-30 00:00:00
V	20510	10874	2011-09-28 00:00:00
V	20511	10902	2013-11-08 00:00:00
V	20512	10941	2013-03-18 00:00:00
V	20513	10961	2014-02-04 00:00:00
V	20514	10989	2013-07-21 00:00:00
V	20515	10998	2011-11-22 00:00:00
V	20516	11003	2013-09-04 00:00:00
V	20517	11013	2014-01-17 00:00:00
V	20518	11033	2014-05-25 00:00:00
V	20519	11043	2013-03-13 00:00:00
V	20520	11052	2013-12-01 00:00:00
V	20521	11070	2014-01-13 00:00:00
V	20522	11074	2012-12-22 00:00:00
V	20523	11083	2012-07-25 00:00:00
V	20524	11126	2013-07-19 00:00:00
V	20525	11132	2013-02-15 00:00:00
V	20526	11156	2011-10-06 00:00:00
V	20527	11157	2012-07-10 00:00:00
V	20528	11162	2011-08-30 00:00:00
V	20529	11170	2014-02-26 00:00:00
V	20530	11184	2014-03-01 00:00:00
V	20531	11192	2012-04-11 00:00:00
V	20532	11216	2013-07-30 00:00:00
V	20533	11231	2012-06-21 00:00:00
V	20534	11242	2013-11-10 00:00:00
V	20535	11248	2014-06-22 00:00:00
V	20536	11262	2014-03-25 00:00:00
V	20537	11299	2014-06-25 00:00:00
V	20538	11335	2013-11-15 00:00:00
V	20539	11358	2013-06-24 00:00:00
V	20540	11391	2013-09-18 00:00:00
V	20541	11440	2013-09-18 00:00:00
V	20542	11453	2013-06-30 00:00:00
V	20543	11473	2013-08-28 00:00:00
V	20544	11486	2012-05-18 00:00:00
V	20545	11491	2014-01-31 00:00:00
V	20546	11498	2013-09-12 00:00:00
V	20547	11510	2013-07-25 00:00:00
V	20548	11532	2014-02-06 00:00:00
V	20549	11537	2013-11-04 00:00:00
V	20550	11559	2014-03-02 00:00:00
V	20551	11560	2014-02-28 00:00:00
V	20552	11601	2014-04-15 00:00:00
V	20553	11606	2013-10-30 00:00:00
V	20554	11641	2013-08-23 00:00:00
V	20555	11654	2013-11-26 00:00:00
V	20556	11659	2014-05-16 00:00:00
V	20557	11693	2013-10-29 00:00:00
V	20558	11710	2013-09-03 00:00:00
V	20559	11714	2013-07-15 00:00:00
V	20560	11738	2013-01-28 00:00:00
V	20561	11797	2013-11-22 00:00:00
V	20562	11823	2014-02-10 00:00:00
V	20563	11845	2013-10-23 00:00:00
V	20564	11869	2013-08-17 00:00:00
V	20565	11924	2013-09-27 00:00:00
V	20566	11931	2012-04-28 00:00:00
V	20567	11939	2014-05-26 00:00:00
V	20568	11980	2013-12-04 00:00:00
V	20569	11986	2013-10-31 00:00:00
V	20570	11991	2014-02-18 00:00:00
V	20571	11995	2014-04-05 00:00:00
V	20572	12016	2013-07-31 00:00:00
V	20573	12017	2014-02-06 00:00:00
V	20574	12048	2013-12-05 00:00:00
V	20575	12072	2014-05-18 00:00:00
V	20576	12076	2013-12-31 00:00:00
V	20577	12133	2013-10-15 00:00:00
V	20578	12167	2013-07-15 00:00:00
V	20579	12176	2013-08-12 00:00:00
V	20580	12197	2012-12-26 00:00:00
V	20581	12220	2013-11-09 00:00:00
V	20582	12237	2012-12-30 00:00:00
V	20583	12238	2013-12-05 00:00:00
V	20584	12239	2014-05-02 00:00:00
V	20585	12275	2012-08-25 00:00:00
V	20586	12292	2013-04-21 00:00:00
V	20587	12297	2014-04-30 00:00:00
V	20588	12321	2012-08-10 00:00:00
V	20589	12326	2013-12-21 00:00:00
V	20590	12343	2013-02-25 00:00:00
V	20591	12384	2013-10-26 00:00:00
V	20592	12390	2013-10-27 00:00:00
V	20593	12428	2012-12-16 00:00:00
V	20594	12464	2012-11-20 00:00:00
V	20595	12478	2013-12-05 00:00:00
V	20596	12481	2013-08-28 00:00:00
V	20597	12518	2013-07-13 00:00:00
V	20598	12537	2013-07-25 00:00:00
V	20599	12544	2013-08-24 00:00:00
V	20600	12578	2012-06-02 00:00:00
V	20601	12579	2012-04-07 00:00:00
V	20602	12592	2012-10-27 00:00:00
V	20603	12602	2014-02-03 00:00:00
V	20604	12642	2013-05-11 00:00:00
V	20605	12653	2014-04-04 00:00:00
V	20606	12663	2014-01-20 00:00:00
V	20607	12684	2014-04-25 00:00:00
V	20608	12718	2013-07-21 00:00:00
V	20609	12731	2013-05-01 00:00:00
V	20610	12748	2011-07-02 00:00:00
V	20611	12803	2013-03-25 00:00:00
V	20612	12805	2012-06-05 00:00:00
V	20613	12809	2011-10-03 00:00:00
V	20614	12821	2013-04-02 00:00:00
V	20615	12830	2014-05-20 00:00:00
V	20616	12838	2014-02-08 00:00:00
V	20617	12898	2014-04-21 00:00:00
V	20618	12943	2012-12-15 00:00:00
V	20619	12948	2013-05-27 00:00:00
V	20620	12951	2014-04-13 00:00:00
V	20621	12971	2014-05-07 00:00:00
V	20622	12995	2012-01-09 00:00:00
V	20623	12997	2012-03-29 00:00:00
V	20624	13037	2013-08-29 00:00:00
V	20625	13038	2013-08-27 00:00:00
V	20626	13061	2014-04-26 00:00:00
V	20627	13071	2013-10-20 00:00:00
V	20628	13153	2014-05-31 00:00:00
V	20629	13174	2014-05-02 00:00:00
V	20630	13177	2013-12-25 00:00:00
V	20631	13218	2013-11-11 00:00:00
V	20632	13257	2012-04-23 00:00:00
V	20633	13310	2013-04-15 00:00:00
V	20634	13324	2013-01-19 00:00:00
V	20635	13355	2011-11-06 00:00:00
V	20636	13378	2011-07-15 00:00:00
V	20637	13408	2013-02-06 00:00:00
V	20638	13450	2014-01-31 00:00:00
V	20639	13455	2013-10-24 00:00:00
V	20640	13460	2013-11-10 00:00:00
V	20641	13465	2014-03-05 00:00:00
V	20642	13496	2012-05-11 00:00:00
V	20643	13560	2012-05-18 00:00:00
V	20644	13561	2013-08-24 00:00:00
V	20645	13564	2013-07-30 00:00:00
V	20646	13602	2012-03-07 00:00:00
V	20647	13614	2013-07-04 00:00:00
V	20648	13615	2012-11-10 00:00:00
V	20649	13630	2013-08-10 00:00:00
V	20650	13647	2014-02-17 00:00:00
V	20651	13649	2013-10-17 00:00:00
V	20652	13685	2014-03-07 00:00:00
V	20653	13686	2013-11-02 00:00:00
V	20654	13722	2013-10-30 00:00:00
V	20655	13726	2014-02-24 00:00:00
V	20656	13727	2012-10-19 00:00:00
V	20657	13735	2011-10-01 00:00:00
V	20658	13736	2013-07-02 00:00:00
V	20659	13741	2014-02-18 00:00:00
V	20660	13749	2013-03-22 00:00:00
V	20661	13769	2013-03-08 00:00:00
V	20662	13780	2014-05-24 00:00:00
V	20663	13782	2013-09-08 00:00:00
V	20664	13793	2014-05-09 00:00:00
V	20665	13839	2013-03-07 00:00:00
V	20666	13887	2011-06-10 00:00:00
V	20667	13943	2012-08-19 00:00:00
V	20668	13972	2012-06-07 00:00:00
V	20669	13977	2014-01-07 00:00:00
V	20670	13981	2013-10-29 00:00:00
V	20671	14001	2013-12-26 00:00:00
V	20672	14006	2013-02-08 00:00:00
V	20673	14036	2014-06-26 00:00:00
V	20674	14038	2012-06-11 00:00:00
V	20675	14048	2014-03-29 00:00:00
V	20676	14081	2013-08-30 00:00:00
V	20677	14106	2014-01-27 00:00:00
V	20678	14112	2014-02-01 00:00:00
V	20679	14127	2012-11-03 00:00:00
V	20680	14134	2011-10-08 00:00:00
V	20681	14142	2014-03-09 00:00:00
V	20682	14154	2014-04-18 00:00:00
V	20683	14177	2014-02-06 00:00:00
V	20684	14193	2011-12-09 00:00:00
V	20685	14274	2012-12-25 00:00:00
V	20686	14348	2013-02-16 00:00:00
V	20687	14360	2012-10-24 00:00:00
V	20688	14367	2014-04-02 00:00:00
V	20689	14458	2014-05-23 00:00:00
V	20690	14459	2011-10-09 00:00:00
V	20691	14482	2013-10-26 00:00:00
V	20692	14504	2013-12-27 00:00:00
V	20693	14505	2011-11-12 00:00:00
V	20694	14541	2013-10-05 00:00:00
V	20695	14544	2014-02-20 00:00:00
V	20696	14550	2013-11-22 00:00:00
V	20697	14579	2014-03-26 00:00:00
V	20698	14585	2013-01-25 00:00:00
V	20699	14600	2013-07-06 00:00:00
V	20700	14607	2012-08-14 00:00:00
V	20701	14661	2013-08-18 00:00:00
V	20702	14701	2013-11-27 00:00:00
V	20703	14718	2013-10-25 00:00:00
V	20704	14755	2014-05-09 00:00:00
V	20705	14762	2012-02-15 00:00:00
V	20706	14776	2013-07-30 00:00:00
V	20707	14791	2013-07-19 00:00:00
V	20708	14829	2012-02-12 00:00:00
V	20709	14830	2012-08-29 00:00:00
V	20710	14841	2014-04-21 00:00:00
V	20711	14858	2014-05-07 00:00:00
V	20712	14860	2013-08-23 00:00:00
V	20713	14876	2011-09-06 00:00:00
V	20714	14924	2013-12-11 00:00:00
V	20715	14952	2013-12-09 00:00:00
V	20716	14979	2013-11-23 00:00:00
V	20717	14982	2013-11-03 00:00:00
V	20718	14984	2012-04-04 00:00:00
V	20719	14990	2013-08-27 00:00:00
V	20720	14999	2012-09-14 00:00:00
V	20721	15034	2011-08-02 00:00:00
V	20722	15056	2013-05-20 00:00:00
V	20723	15074	2013-12-01 00:00:00
V	20724	15080	2013-07-24 00:00:00
V	20725	15099	2012-10-24 00:00:00
V	20726	15122	2012-12-12 00:00:00
V	20727	15157	2013-02-11 00:00:00
V	20728	15169	2013-08-12 00:00:00
V	20729	15234	2014-02-22 00:00:00
V	20730	15258	2013-07-12 00:00:00
V	20731	15276	2013-07-28 00:00:00
V	20732	15301	2013-12-18 00:00:00
V	20733	15332	2014-02-10 00:00:00
V	20734	15352	2012-11-08 00:00:00
V	20735	15362	2013-03-16 00:00:00
V	20736	15405	2013-09-23 00:00:00
V	20737	15436	2014-03-04 00:00:00
V	20738	15497	2012-04-11 00:00:00
V	20739	15515	2011-10-25 00:00:00
V	20740	15517	2013-11-12 00:00:00
V	20741	15598	2013-12-02 00:00:00
V	20742	15621	2014-03-08 00:00:00
V	20743	15632	2012-11-08 00:00:00
V	20744	15656	2013-08-21 00:00:00
V	20745	15657	2014-04-01 00:00:00
V	20746	15705	2014-03-10 00:00:00
V	20747	15709	2013-02-24 00:00:00
V	20748	15736	2013-10-30 00:00:00
V	20749	15754	2013-10-19 00:00:00
V	20750	15811	2014-03-07 00:00:00
V	20751	15832	2013-02-06 00:00:00
V	20752	15845	2013-08-20 00:00:00
V	20753	15872	2013-10-31 00:00:00
V	20754	15890	2012-06-08 00:00:00
V	20755	15922	2013-12-01 00:00:00
V	20756	15970	2013-03-28 00:00:00
V	20757	15980	2013-11-11 00:00:00
V	20758	15983	2014-03-05 00:00:00
V	20759	16000	2014-05-27 00:00:00
V	20760	16002	2014-03-08 00:00:00
V	20761	16026	2014-03-19 00:00:00
V	20762	16049	2014-04-15 00:00:00
V	20763	16052	2014-05-10 00:00:00
V	20764	16069	2013-03-01 00:00:00
V	20765	16075	2014-04-15 00:00:00
V	20766	16095	2013-05-06 00:00:00
V	20767	16156	2014-03-17 00:00:00
V	20768	16157	2014-02-15 00:00:00
V	20769	16169	2013-11-08 00:00:00
V	20770	16189	2012-02-02 00:00:00
V	20771	16274	2013-10-24 00:00:00
V	20772	16290	2012-05-22 00:00:00
V	20773	16305	2014-03-19 00:00:00
V	20774	16309	2013-07-29 00:00:00
V	20775	16317	2014-03-12 00:00:00
V	20776	16347	2014-01-14 00:00:00
V	20777	16363	2013-10-16 00:00:00
