\P\	Pos	CurrencyRateID\
T	5	5
N	0	0
#
V	724	4
V	1479	4
V	1735	4
V	3244	4
V	4241	4
V	4740	4
V	5495	4
V	5998	4
V	10488	8
V	10726	2
V	11434	15
V	11910	15
V	12147	15
V	12385	35
V	13097	28
V	13337	28
V	13576	45
V	14051	61
V	14529	54
V	14768	54
V	15006	54
V	15244	71
V	15955	74
V	16195	87
V	16435	80
V	16909	97
V	17147	93
V	17621	113
V	18097	106
V	18573	106
V	18813	119
V	19527	119
V	19765	136
V	19987	138
V	20227	139
V	20450	132
V	20690	152
V	21167	145
V	21405	145
V	21645	158
V	21884	158
V	22123	177
V	23076	177
V	23313	175
V	23552	171
V	23791	191
V	24504	184
V	24743	201
V	25221	197
V	25460	197
V	25700	210
V	26176	210
V	26416	210
V	26655	223
V	26895	223
V	27133	238
V	27610	236
V	28323	236
V	28563	236
V	28801	236
V	29039	253
V	29280	249
V	29518	249
V	29756	249
V	29994	268
V	30234	262
V	30473	262
V	30713	262
V	30952	281
V	31429	281
V	31669	279
V	31890	282
V	32129	275
V	32839	275
V	33078	275
V	33317	275
V	33552	294
V	34028	288
V	34267	288
V	34507	288
V	34747	303
V	34985	308
V	35226	307
V	35466	316
V	35706	321
V	35947	314
V	36423	333
V	36664	331
V	36904	327
V	37144	327
V	37383	327
V	37622	346
V	38097	340
V	38571	340
V	38811	340
V	39051	340
V	39291	340
V	39529	360
V	40478	353
V	40954	353
V	41193	353
V	41431	366
V	42146	366
V	42384	373
V	42625	381
V	42865	385
V	43104	381
V	43342	381
V	43580	379
V	43801	398
V	44512	396
V	44751	392
V	44991	407
V	45500	407
V	46001	407
V	46248	407
V	47012	407
V	47514	407
V	47770	407
V	48020	407
V	48277	407
V	48527	407
V	48780	407
V	51559	407
V	54336	407
V	54592	407
V	55096	407
V	56101	407
V	56603	407
V	56855	407
V	57111	407
V	57366	407
V	57871	407
V	59135	407
V	64152	411
V	64392	405
V	64869	409
V	65110	424
V	65569	418
V	65809	431
V	66048	431
V	66288	431
V	66528	431
V	66766	448
V	67243	444
V	67481	444
V	67720	444
V	67958	464
V	68199	457
V	68675	457
V	68914	457
V	69154	457
V	69391	477
V	69632	470
V	69872	470
V	70347	470
V	70586	470
V	70825	470
V	71063	470
V	71301	483
V	72013	483
V	72252	503
V	72493	503
V	72734	503
V	72975	496
V	73213	509
V	73688	509
V	73927	509
V	74166	522
V	74878	522
V	75118	522
V	75358	522
V	75598	535
V	76531	535
V	76771	550
V	77010	555
V	77487	552
V	77727	548
V	78203	561
V	78915	561
V	79155	561
V	79394	578
V	79872	578
V	80112	594
V	80826	587
V	81521	587
V	81758	613
V	81997	628
V	82473	626
V	83186	643
V	84368	641
V	84845	639
V	85084	639
V	85321	659
V	86033	656
V	86273	652
V	86513	652
V	86752	672
V	87228	672
V	87468	665
V	88179	665
V	88419	665
V	88659	680
V	88899	680
V	89137	678
V	89377	678
V	89617	678
V	89839	693
V	90078	691
V	90317	691
V	90556	710
V	90796	711
V	91036	711
V	91275	704
V	91515	704
V	91754	704
V	91994	704
V	92233	704
V	92472	723
V	92946	717
V	93185	717
V	93426	737
V	93667	737
V	93907	737
V	94148	736
V	94386	730
V	95097	747
V	95334	743
V	95573	763
V	95811	756
V	96052	773
V	96292	773
V	96531	773
V	96753	773
V	96993	769
V	97467	769
V	97706	769
V	97943	789
V	98655	784
V	98894	782
V	99607	799
V	99847	801
V	100068	797
V	100307	795
V	100546	795
V	100786	795
V	101025	810
V	102028	810
V	103030	810
V	103282	810
V	103534	810
V	103786	810
V	104042	810
V	104300	810
V	106312	810
V	108580	810
V	108832	810
V	110586	810
V	110839	815
V	116362	810
V	116839	808
V	117077	828
V	117318	828
V	117558	827
V	117798	825
V	118038	823
V	118277	821
V	118754	821
V	118976	821
V	119215	821
V	119454	834
V	119929	834
V	120169	834
V	120408	854
V	120647	847
V	121834	864
V	122074	880
V	122786	873
V	123734	873
V	124209	892
V	124448	906
V	125637	899
V	125874	899
V	126113	918
V	126353	919
V	126592	912
V	127287	912
V	127527	912
V	127766	925
V	128242	925
V	128482	951
V	128954	971
V	129194	971
V	129433	964
V	129671	964
V	129911	981
V	130151	977
V	130628	977
V	130868	977
V	131106	990
V	131820	990
V	132060	1009
V	132302	1003
V	133255	1023
V	133496	1016
V	134192	1036
V	134433	1029
V	135148	1029
V	135389	1046
V	135863	1044
V	136340	1042
V	136815	1042
V	137056	1042
V	137297	1062
V	137539	1075
V	138015	1074
V	138256	1074
V	138495	1075
V	138736	1068
V	139212	1074
V	139452	1068
V	139692	1088
V	139933	1083
V	140407	1081
V	140884	1081
V	141124	1100
V	141364	1098
V	141604	1094
V	142319	1094
V	142560	1094
V	142799	1113
V	143040	1107
V	143281	1107
V	143523	1127
V	143747	1140
V	144462	1133
V	145411	1152
V	145652	1150
V	145894	1148
V	146609	1153
V	146850	1146
V	147089	1146
V	147330	1146
V	147570	1146
V	147809	1163
V	148049	1166
V	148290	1192
V	148767	1192
V	149009	1191
V	149250	1185
V	149964	1185
V	150206	1185
V	150429	1185
V	150670	1185
V	150910	1200
V	151655	1200
V	151914	1200
V	153184	1200
V	154698	1200
V	154954	1200
V	155720	1200
V	156229	1205
V	161215	1204
V	161690	1198
V	161930	1217
V	162171	1211
V	162393	1211
V	162631	1224
V	163110	1224
V	163350	1237
V	164063	1257
V	164303	1257
V	164781	1250
V	165256	1250
V	165496	1250
V	165737	1250
V	165978	1263
V	166672	1283
V	166914	1276
V	167609	1296
V	167850	1289
V	169503	1289
V	169743	1289
V	169983	1289
V	170223	1309
V	170465	1309
V	170708	1306
V	170931	1302
V	171644	1302
V	171884	1302
V	172124	1302
V	172363	1322
V	172603	1315
V	173077	1315
V	173318	1315
V	173559	1332
V	173799	1335
V	174041	1335
V	174283	1332
V	174523	1328
V	175236	1328
V	175476	1348
V	175718	1348
V	175959	1341
V	177146	1341
V	177386	1341
V	177609	1341
V	177851	1341
V	178092	1341
V	178332	1358
V	178573	1354
V	179761	1367
V	180475	1384
V	180715	1382
V	180954	1393
V	181904	1393
V	182144	1393
V	182383	1406
V	183093	1423
V	183335	1419
V	184047	1419
V	184288	1419
V	184529	1419
V	184770	1419
V	185011	1436
V	185249	1436
V	185488	1432
V	185967	1432
V	186208	1449
V	186449	1452
V	186690	1445
V	187405	1445
V	187645	1465
V	187883	1473
V	188833	1471
V	189072	1471
V	189313	1491
V	189554	1490
V	189795	1486
V	190036	1484
V	190512	1514
V	190752	1523
V	190992	1523
V	191215	1542
V	191455	1543
V	192643	1536
V	192884	1536
V	193125	1536
V	193366	1536
V	193606	1556
V	194554	1549
V	194794	1569
V	195035	1566
V	195274	1564
V	195497	1564
V	195975	1562
V	196215	1562
V	196454	1562
V	196694	1562
V	196934	1562
V	197173	1579
V	197414	1575
V	198127	1575
V	198369	1575
V	198609	1575
V	198850	1592
V	199088	1603
V	200329	1603
V	200582	1603
V	200833	1603
V	201839	1603
V	203098	1603
V	203356	1603
V	203607	1603
V	203865	1603
V	204122	1603
V	205389	1603
V	207410	1603
V	210692	1603
V	210951	1603
V	211204	1603
V	211710	1603
V	212728	1603
V	212986	1603
V	213243	1603
V	213729	1603
V	214239	1603
V	215002	1603
V	216259	1603
V	219520	1605
V	222272	1601
V	222984	1601
V	223224	1631
V	224410	1627
V	224649	1627
V	224888	1627
V	225111	1642
V	226293	1640
V	226533	1657
V	226773	1659
V	227014	1653
V	227728	1653
V	227968	1653
V	228209	1672
V	228451	1670
V	228690	1666
V	229165	1666
V	229387	1686
V	229629	1686
V	229871	1683
V	230111	1679
V	231060	1679
V	231302	1679
V	231544	1696
V	231785	1692
V	233425	1709
V	233666	1705
V	233889	1705
V	234130	1709
V	234371	1724
V	234612	1722
V	234852	1718
V	235330	1718
V	235570	1718
V	235809	1718
V	236049	1731
V	236763	1731
V	237004	1731
V	237245	1731
V	237486	1751
V	237728	1744
V	238675	1744
V	238916	1744
V	239153	1763
V	239393	1763
V	239634	1764
V	239875	1761
V	240112	1757
V	241056	1777
V	241298	1776
V	241537	1777
V	241779	1770
V	242257	1770
V	242499	1770
V	242738	1770
V	242977	1770
V	243217	1783
V	243929	1783
V	244170	1783
V	244411	1783
V	244651	1796
V	245839	1796
V	246080	1796
V	246303	1813
V	246543	1809
V	247021	1809
V	247260	1824
V	247501	1824
V	247742	1822
V	247981	1841
V	248222	1841
V	248462	1835
V	249409	1855
V	249651	1855
V	249892	1848
V	250133	1848
V	250373	1848
V	250612	1867
V	250834	1863
V	251530	1863
V	251769	1861
V	252009	1874
V	252249	1874
V	252490	1889
V	252732	1887
V	253446	1906
V	253686	1904
V	253925	1900
V	255112	1913
V	255589	1913
V	255811	1928
V	256052	1928
V	256531	1928
V	256772	1926
V	257248	1946
V	257491	1941
V	257969	1956
V	258208	1956
V	258447	1952
V	259396	1952
V	259637	1971
V	259877	1972
V	260119	1965
V	260596	1965
V	260819	1984
V	261060	1978
V	261773	1978
V	262014	1978
V	262255	1993
V	263522	1993
V	263780	1993
V	264038	1993
V	264293	1993
V	264795	1993
V	265054	1993
V	268844	1993
V	269097	1993
V	270859	1993
V	271113	1997
V	278399	1991
V	279115	1991
V	279353	2008
V	279594	2011
V	279836	2006
V	280295	2004
V	280773	2004
V	281015	2004
V	281255	2023
V	281495	2024
V	281737	2017
V	282924	2017
V	283165	2017
V	283404	2017
V	283644	2036
V	283885	2030
V	284831	2047
V	285071	2043
V	286021	2043
V	286260	2060
V	286498	2060
V	286738	2056
V	287452	2073
V	287694	2069
V	288629	2069
V	288868	2088
V	289107	2088
V	289346	2086
V	289586	2084
V	289826	2084
V	290285	2084
V	290761	2082
V	291238	2082
V	291479	2082
V	291720	2082
V	291961	2082
V	292202	2082
V	292442	2082
V	292682	2082
V	292922	2082
V	293161	2082
V	293400	2102
V	293642	2095
V	294120	2095
V	294361	2095
V	294602	2127
V	295316	2121
V	296735	2121
V	296975	2121
V	297216	2121
V	297456	2121
V	297697	2141
V	297939	2154
V	298887	2154
V	299128	2149
V	299605	2147
V	300789	2147
V	301012	2154
V	301252	2167
V	301494	2166
V	301734	2164
V	301974	2160
V	302215	2160
V	302455	2177
V	302694	2180
V	302936	2177
V	303177	2173
V	304580	2173
V	304821	2173
V	305061	2173
V	305301	2190
V	305541	2190
V	305780	2186
V	306493	2186
V	306734	2186
V	306974	2199
V	307452	2199
V	307692	2199
V	307932	2219
V	308173	2218
V	308414	2212
V	309111	2212
V	309353	2232
V	309596	2231
V	309837	2227
V	310314	2225
V	311005	2225
V	311246	2225
V	311487	2225
V	311728	2225
V	311967	2225
V	312206	2225
V	312446	2225
V	312686	2244
V	312925	2242
V	313166	2238
V	314570	2238
V	314810	2253
V	315051	2258
V	315292	2253
V	315768	2251
V	317189	2271
V	317430	2268
V	317670	2266
V	317911	2264
V	318862	2284
V	319086	2277
V	320257	2277
V	320497	2277
V	320737	2292
V	321214	2290
V	321692	2290
V	321932	2309
V	322173	2309
V	322412	2303
V	323125	2303
V	323365	2303
V	323605	2316
V	325029	2316
V	325269	2316
V	325510	2333
V	325733	2348
V	326683	2346
V	326923	2349
V	327164	2346
V	327403	2344
V	327880	2342
V	328356	2342
V	328594	2342
V	328833	2362
V	329074	2355
V	329551	2355
V	329791	2355
V	330032	2355
V	330273	2355
V	330513	2359
V	330753	2372
V	330993	2368
V	331941	2368
V	332182	2368
V	332421	2388
V	332663	2385
V	332904	2381
V	334089	2396
V	334345	2396
V	334604	2396
V	336613	2396
V	337869	2396
V	338378	2396
V	339144	2396
V	339398	2396
V	345114	2394
V	345355	2410
V	345597	2405
V	346076	2405
V	346317	2421
V	346559	2421
V	346801	2416
V	347514	2416
V	347754	2416
V	347994	2418
V	348235	2432
V	348458	2440
V	349879	2451
V	350832	2451
V	351072	2451
V	351544	2465
V	351786	2460
V	352027	2460
V	352267	2465
V	352508	2471
V	353928	2471
V	354170	2471
V	354409	2484
V	355104	2482
V	355345	2482
V	355584	2493
V	356298	2493
V	356537	2509
V	356778	2506
V	357728	2504
V	358206	2504
V	358447	2504
V	358685	2517
V	359635	2515
V	360111	2515
V	360351	2531
V	360593	2542
V	361305	2537
V	362252	2537
V	362492	2537
V	362732	2537
V	362972	2537
V	363212	2553
V	363687	2553
V	363929	2548
V	364405	2548
V	364644	2548
V	364884	2561
V	365125	2559
V	365365	2559
V	365605	2559
V	365846	2559
V	366087	2559
V	366328	2559
V	366567	2570
V	367987	2570
V	368227	2570
V	368466	2586
V	368708	2586
V	368932	2581
V	369174	2581
V	369413	2581
V	369652	2586
V	369894	2597
V	370136	2597
V	370377	2597
V	370620	2592
V	371094	2608
V	371567	2605
V	371790	2603
V	372249	2603
V	372490	2603
V	372731	2619
V	372974	2614
V	373924	2614
V	374165	2614
V	374405	2627
V	375352	2625
V	376065	2625
V	376303	2625
V	376543	2649
V	377965	2649
V	378439	2647
V	378915	2647
V	379157	2658
V	380104	2674
V	380343	2669
V	380819	2669
V	381061	2669
V	381299	2680
V	382011	2680
V	382251	2680
V	382491	2691
V	383674	2691
V	383913	2702
V	384155	2702
V	384390	2702
V	384627	2702
V	384867	2718
V	385109	2715
V	385819	2713
V	386987	2713
V	387226	2724
V	388648	2724
V	388889	2737
V	389644	2737
V	389897	2737
V	390648	2737
V	391663	2737
V	392173	2737
V	392423	2737
V	392681	2737
V	393182	2737
V	393694	2737
V	395958	2737
V	398998	2737
V	399254	2737
V	400270	2737
V	401027	2737
V	401284	2737
V	401542	2737
V	401794	2737
V	402557	2737
V	403570	2740
V	409099	2735
V	409813	2735
V	410054	2735
V	410294	2751
V	410772	2746
V	411723	2759
V	412200	2759
V	412915	2757
V	413155	2757
V	413396	2773
V	413874	2773
V	414352	2768
V	414829	2768
V	415052	2784
V	415294	2781
V	416007	2779
V	416248	2779
V	416487	2795
V	416727	2792
V	417679	2792
V	418392	2790
V	418869	2801
V	419821	2801
V	420062	2801
V	420303	2817
V	420782	2812
V	421258	2828
V	421500	2828
V	421742	2823
V	421965	2839
V	422442	2839
V	422683	2836
V	422923	2836
V	423400	2834
V	424348	2847
V	425044	2845
V	426467	2845
V	426708	2845
V	426950	2845
V	427191	2858
V	427667	2872
V	428144	2872
V	428857	2883
V	430498	2878
V	431449	2889
V	432636	2889
V	432877	2900
V	433354	2900
V	433594	2911
V	434544	2924
V	435022	2935
V	435497	2933
V	435974	2933
V	436215	2933
V	436456	2944
V	437403	2944
V	437643	2955
V	437884	2971
V	438122	2968
V	438363	2968
V	438602	2966
V	439316	2966
V	439558	2966
V	439798	2966
V	440038	2966
V	440279	2977
V	440995	2977
V	441237	2977
V	441477	2990
V	442191	2988
V	442905	2988
V	443143	2988
V	443384	2990
V	443625	2999
V	444574	2999
V	444814	3012
V	446709	3010
V	447185	3010
V	447426	3010
V	447666	3023
V	448378	3032
V	449562	3045
V	451331	3045
V	451838	3045
V	452092	3045
V	452346	3045
V	452604	3045
V	453112	3045
V	455126	3045
V	457136	3045
V	457392	3045
V	458905	3045
V	459161	3043
V	466844	3043
V	467083	3054
V	468017	3054
V	468257	3054
V	468497	3054
V	468737	3070
V	468979	3070
V	469693	3065
V	470406	3065
V	470646	3065
V	470886	3076
V	472074	3076
V	472314	3076
V	472554	3100
V	473943	3103
V	474639	3098
V	475115	3098
V	475355	3098
V	475594	3109
V	477255	3109
V	477495	3109
V	477735	3120
V	478684	3133
V	478925	3131
V	479857	3131
V	480098	3144
V	480339	3158
V	481289	3153
V	482001	3164
V	482716	3164
V	482956	3164
V	483196	3175
V	484854	3175
V	485095	3175
V	485334	3175
V	485573	3186
V	486523	3197
V	487926	3197
V	488167	3197
V	488406	3197
V	488647	3197
V	488885	3210
V	489600	3208
V	489839	3208
V	490080	3224
V	490556	3219
V	491741	3219
V	491983	3219
V	492223	3235
V	492701	3235
V	492925	3241
V	495053	3254
V	495532	3252
V	496006	3252
V	496248	3252
V	496488	3252
V	496728	3252
V	496970	3252
V	497209	3268
V	497451	3263
V	497928	3263
V	498169	3276
V	498882	3274
V	499123	3274
V	499364	3274
V	499602	3285
V	500782	3301
V	501262	3296
V	502669	3296
V	502910	3296
V	503151	3296
V	503391	3296
V	503631	3307
V	503873	3307
V	504114	3307
V	504355	3307
V	504596	3307
V	504836	3323
V	505078	3320
V	505318	3318
V	506739	3318
V	506980	3345
V	508146	3340
V	509333	3340
V	509575	3351
V	510999	3362
V	511477	3362
V	511718	3375
V	512433	3373
V	512673	3386
V	513418	3386
V	513676	3386
V	514947	3386
V	516455	3386
V	516965	3386
V	517733	3386
V	518500	3384
V	523198	3384
V	523420	3395
V	523896	3395
V	524138	3408
V	524617	3408
V	524857	3411
V	525099	3406
V	525574	3406
V	525816	3406
V	526057	3406
V	526297	3417
V	527716	3417
V	527956	3441
V	529376	3441
V	529617	3439
V	530328	3455
V	531260	3455
V	531502	3450
V	531978	3450
V	532215	3450
V	532454	3463
V	532912	3472
V	533858	3472
V	534100	3477
V	534342	3483
V	535531	3496
V	536240	3494
V	536481	3494
V	536722	3494
V	536962	3507
V	537914	3505
V	539573	3505
V	539812	3516
V	540525	3518
V	540765	3540
V	541933	3543
V	542884	3543
V	543125	3538
V	543366	3538
V	543606	3538
V	543847	3538
V	544088	3538
V	544327	3538
V	544566	3551
V	545279	3549
V	545754	3549
V	545993	3549
V	546232	3562
V	547182	3562
V	547656	3560
V	548353	3573
V	548594	3571
V	549778	3571
V	550017	3593
V	551912	3593
V	552153	3593
V	552394	3593
V	552635	3593
V	552873	3593
V	553112	3593
V	553353	3593
V	553594	3604
V	554070	3604
V	554293	3604
V	554532	3604
V	554771	3617
V	555012	3615
V	555720	3626
V	557145	3626
V	557385	3626
V	557626	3626
V	557867	3626
V	558108	3637
V	558820	3637
V	559058	3648
V	560477	3648
V	560700	3648
V	560941	3664
V	561183	3664
V	561426	3659
V	561904	3670
V	564037	3683
V	564984	3681
V	565699	3694
V	565940	3694
V	566418	3692
V	567587	3692
V	567829	3692
V	568069	3692
V	568308	3708
V	568546	3708
V	568786	3705
V	569480	3705
V	569722	3703
V	570908	3703
V	571149	3703
V	571389	3716
V	571642	3716
V	571898	3716
V	573149	3716
V	573651	3716
V	574414	3716
V	574671	3716
V	575176	3716
V	575434	3716
V	575691	3716
V	576954	3716
V	578469	3716
V	581515	3716
V	581764	3716
V	582021	3716
V	582278	3716
V	583796	3716
V	584054	3716
V	584305	3716
V	584562	3716
V	584813	3716
V	585823	3716
V	587591	3716
V	590108	3714
V	595247	3714
V	595489	3714
V	595727	3727
V	596443	3725
V	596920	3736
V	598106	3749
V	598802	3747
V	599280	3747
V	599522	3747
V	599763	3747
V	600005	3747
V	600483	3747
V	600722	3760
V	601200	3774
V	603076	3769
V	603551	3769
V	603791	3769
V	604030	3780
V	604960	3780
V	605200	3796
V	606862	3791
V	607102	3791
V	607342	3804
V	608056	3802
V	608515	3802
V	608756	3802
V	608995	3818
V	609235	3813
V	609711	3824
V	610424	3824
V	610664	3840
V	611378	3837
V	611856	3835
V	612097	3835
V	612336	3840
V	612578	3846
V	614691	3846
V	614932	3846
V	615172	3846
V	615394	3846
V	615633	3846
V	615872	3859
V	616345	3857
V	616803	3868
V	618461	3868
V	618702	3868
V	618943	3881
V	619403	3881
V	619643	3881
V	619882	3879
V	620831	3879
V	621308	3879
V	621548	3895
V	622024	3892
V	622738	3890
V	623451	3903
V	624394	3903
V	624633	3901
V	624873	3901
V	625114	3912
V	626531	3912
V	627008	3923
V	627942	3928
V	628181	3923
V	628420	3934
V	629608	3945
V	630557	3945
V	630797	3945
V	631038	3950
V	631280	3958
V	631520	3956
V	632702	3956
V	632942	3967
V	635069	3978
V	636489	3978
V	636727	3978
V	637187	3994
V	637429	3989
V	638378	3989
V	638618	4000
V	639333	4000
V	639572	4011
V	640288	4011
V	640529	4011
V	640770	4011
V	641010	4033
V	642888	4057
V	644854	4057
V	645355	4057
V	645857	4057
V	646111	4057
V	646366	4057
V	646624	4057
V	646882	4057
V	651162	4057
V	651416	4057
V	653175	4057
V	653427	4055
V	661167	4060
V	661645	4071
V	662124	4068
V	662596	4066
V	662836	4066
V	663077	4066
V	663318	4066
V	663558	4066
V	663799	4071
V	664278	4066
V	664519	4079
V	664993	4077
V	665230	4093
V	665708	4090
V	665948	4090
V	666189	4090
V	666428	4088
V	666903	4099
V	667616	4099
V	667857	4099
V	668334	4112
V	669286	4112
V	669760	4110
V	670002	4121
V	671187	4121
V	671410	4121
V	671650	4121
V	671890	4132
V	672604	4132
V	672845	4137
V	673087	4137
V	673560	4132
V	673782	4143
V	674496	4143
V	674736	4143
V	674973	4154
V	675924	4154
V	676165	4159
V	676407	4154
V	676646	4154
V	676886	4165
V	677837	4165
V	678077	4178
V	679486	4176
V	680431	4176
V	680887	4192
V	681128	4187
V	681603	4187
V	681842	4198
V	682557	4198
V	682796	4209
V	684183	4222
V	684425	4233
V	684902	4231
V	685616	4231
V	685854	4231
V	686094	4242
V	688219	4242
V	688459	4242
V	688699	4255
V	689411	4255
V	689652	4255
V	690131	4253
V	691079	4253
V	691318	4258
V	691542	4255
V	691765	4264
V	692952	4264
V	693191	4264
V	693430	4277
V	694144	4275
V	695090	4275
V	695331	4286
V	696517	4286
V	696759	4302
V	697219	4299
V	697698	4297
V	699595	4297
V	699834	4297
V	700073	4297
V	700312	4308
V	701501	4308
V	701976	4324
V	702217	4335
V	703877	4330
V	704586	4330
V	704826	4343
V	705065	4341
V	706726	4341
V	706966	4354
V	707914	4352
V	708153	4365
V	708392	4365
V	708871	4363
V	709350	4368
V	709591	4363
V	709830	4363
V	710068	4374
V	711251	4374
V	711491	4387
V	712499	4387
V	712756	4387
V	714268	4390
V	714523	4387
V	714783	4387
V	716280	4387
V	718801	4387
V	720555	4387
V	722063	4389
V	723828	4387
V	725078	4387
V	725331	4390
V	728095	4390
V	728348	4385
V	730784	4385
V	731026	4385
V	731268	4385
V	731509	4401
V	732222	4409
V	734356	4407
V	734595	4407
V	734819	4407
V	735060	4407
V	735296	4423
V	736227	4420
V	736921	4418
V	737395	4434
V	737636	4431
V	738589	4431
V	739066	4431
V	739308	4431
V	739547	4429
V	739789	4445
V	740033	4445
V	740510	4440
V	741459	4440
V	741700	4440
V	741939	4440
V	742179	4440
V	742416	4453
V	743353	4451
V	744056	4451
V	744300	4451
V	744542	4467
V	744785	4464
V	745497	4462
V	745739	4462
V	745979	4473
V	747130	4489
V	747373	4484
V	748085	4484
V	748322	4484
V	748541	4500
V	749495	4495
V	751132	4495
V	751375	4495
V	751609	4511
V	751852	4506
V	753499	4522
V	753740	4522
V	753984	4522
V	754228	4517
V	756347	4530
V	757776	4528
V	758493	4528
V	758733	4541
V	759446	4550
V	760620	4550
V	760860	4550
V	761102	4563
V	762767	4561
V	763463	4561
V	763701	4574
V	764180	4572
V	764886	4572
V	765111	4572
V	765355	4585
V	766063	4585
V	766773	4583
V	767016	4596
V	768429	4594
V	769377	4594
V	769620	4610
V	769864	4610
V	770581	4607
V	770820	4607
V	771299	4605
V	771770	4605
V	772012	4616
V	773435	4616
V	773659	4632
V	773903	4632
V	774146	4632
V	774389	4643
V	776271	4638
V	776512	4638
V	776753	4651
V	777688	4649
V	778402	4649
V	778640	4665
V	779358	4660
V	779836	4660
V	780074	4676
V	780315	4676
V	780785	4671
V	782205	4671
V	782444	4682
V	782923	4682
V	783164	4682
V	783406	4682
V	783648	4698
V	784129	4693
V	784841	4693
V	785082	4709
V	785319	4706
V	785561	4704
V	786984	4704
V	787220	4720
V	787702	4715
V	788888	4715
V	789130	4715
V	789369	4715
V	789613	4728
V	789859	4728
V	790117	4728
V	790626	4728
V	791374	4728
V	791624	4728
V	792124	4731
V	792374	4728
V	792633	4730
V	792888	4728
V	793898	4728
V	794147	4728
V	794909	4728
V	795159	4728
V	795417	4728
V	795920	4728
V	796425	4728
V	797441	4728
V	801478	4730
V	803228	4728
V	803736	4730
V	803991	4728
V	807037	4728
V	807291	4728
V	807795	4728
V	808554	4731
V	808813	4731
V	809319	4731
V	809573	4728
V	809830	4731
V	810089	4728
V	810845	4728
V	811101	4728
V	811350	4728
V	811606	4728
V	812105	4728
V	815609	4728
V	817124	4728
V	819630	4731
V	822636	4731
V	822891	4731
V	823149	4731
V	823406	4728
V	826079	4726
V	826561	4726
V	826804	4742
V	827044	4737
V	828698	4753
V	828941	4748
V	830129	4761
V	831317	4759
V	831794	4759
V	832038	4759
V	832274	4775
V	832500	4775
V	832743	4772
V	833925	4786
V	834169	4783
V	835115	4783
V	835358	4781
V	835831	4781
V	836071	4781
V	836312	4781
V	836554	4797
V	837034	4794
V	837987	4792
V	838942	4792
V	839181	4792
V	839422	4808
V	839664	4805
V	840854	4803
V	841095	4819
V	841576	4814
V	842296	4814
V	842536	4814
V	842778	4814
V	843015	4814
V	843253	4825
V	843952	4825
V	844195	4838
V	844670	4836
V	845128	4836
V	845365	4849
V	846076	4847
V	846792	4847
V	847035	4847
V	847277	4847
V	847520	4863
V	847765	4858
V	849193	4858
V	849432	4858
V	849675	4858
V	849916	4858
V	850160	4869
V	852508	4874
V	852751	4885
V	853468	4882
V	853927	4885
V	854408	4880
V	855593	4904
V	857018	4904
V	857259	4904
V	857968	4902
V	858208	4902
V	858448	4902
V	858689	4902
V	858931	4902
V	859175	4918
V	859419	4918
V	859661	4913
V	860375	4913
V	860614	4913
V	860857	4913
V	861100	4926
V	861577	4926
V	861817	4926
V	862768	4924
V	863485	4940
V	864205	4940
V	864446	4940
V	864671	4940
V	865386	4935
V	865628	4935
V	865869	4935
V	866109	4940
V	866585	4951
V	866827	4951
V	867069	4951
V	867307	4946
V	868260	4946
V	868503	4946
V	868746	4946
V	868985	4962
V	869693	4957
V	871106	4957
V	871349	4973
V	871589	4968
V	872069	4968
V	872311	4968
V	872553	4984
V	873964	4979
V	874669	4979
V	874911	4979
V	875136	4995
V	875362	4995
V	875822	4990
V	877721	5006
V	877964	5006
V	878444	5006
V	880084	5001
V	880566	5001
V	880802	5017
V	881045	5014
V	881284	5017
V	881758	5017
V	881993	5012
V	883176	5012
V	883418	5034
V	886740	5050
V	887219	5050
V	887458	5047
V	887701	5045
V	887942	5045
V	888181	5045
V	888424	5045
V	888661	5061
V	889140	5058
V	889855	5056
V	890336	5056
V	890580	5056
V	890823	5056
V	891067	5056
V	891304	5056
V	891541	5072
V	892815	5069
V	893073	5069
V	893826	5069
V	894079	5069
V	894338	5069
V	894834	5069
V	895090	5069
V	895837	5069
V	896095	5069
V	899359	5069
V	899617	5069
V	899864	5069
V	900363	5072
V	901620	5069
V	901874	5069
V	902125	5069
V	903633	5069
V	903884	5069
V	904140	5069
V	904399	5069
V	904905	5072
V	905161	5069
V	907415	5069
V	907663	5069
V	907918	5069
V	908415	5072
V	915927	5072
V	916431	5072
V	917438	5083
V	920620	5078
V	921092	5078
V	921567	5094
V	921808	5089
V	922743	5089
V	922984	5089
V	923224	5089
V	923465	5105
V	923941	5105
V	924178	5100
V	924420	5100
V	924662	5100
V	924902	5116
V	925379	5127
V	926097	5122
V	926567	5122
V	926808	5149
V	928209	5146
V	928683	5144
V	928924	5144
V	929164	5149
V	929408	5160
V	929649	5160
V	929891	5155
V	931075	5155
V	931315	5155
V	931557	5171
V	932037	5166
V	933460	5166
V	933697	5182
V	933939	5182
V	934178	5177
V	934874	5177
V	935114	5182
V	935358	5188
V	936779	5188
V	937022	5188
V	937258	5204
V	938428	5199
V	939140	5199
V	939382	5199
V	939625	5215
V	940572	5210
V	941277	5210
V	941517	5210
V	941760	5215
V	942003	5223
V	942953	5221
V	943178	5234
V	943415	5232
V	943886	5232
V	944126	5237
V	944370	5243
V	944831	5243
V	945072	5243
V	945313	5243
V	945555	5254
V	947198	5254
V	947437	5254
V	947678	5265
V	949808	5281
V	950051	5276
V	950988	5276
V	951226	5276
V	951463	5289
V	952175	5298
V	953581	5298
V	953823	5311
V	955242	5309
V	955477	5325
V	955718	5320
V	956662	5320
V	956903	5320
V	957144	5320
V	957386	5325
V	957631	5336
V	958102	5331
V	958342	5331
V	958583	5331
V	958824	5331
V	959061	5347
V	959299	5347
V	959540	5344
V	960489	5342
V	960730	5347
V	961194	5342
V	961431	5366
V	962617	5380
V	963095	5377
V	963812	5375
V	964051	5380
V	964295	5391
V	964538	5391
V	964778	5388
V	965020	5391
V	965258	5386
V	965714	5386
V	965955	5386
V	966195	5386
V	966432	5399
V	967685	5399
V	967945	5399
V	969200	5402
V	969456	5399
V	969712	5399
V	970454	5399
V	973721	5399
V	974727	5399
V	976220	5401
V	978473	5399
V	979225	5399
V	979479	5402
V	982470	5402
V	982971	5402
V	984960	5399
V	985903	5397
V	986144	5397
V	986387	5397
V	986624	5413
V	986862	5408
V	987570	5408
V	987812	5408
V	988056	5408
V	988300	5408
V	988543	5419
V	989260	5419
V	989500	5419
V	989740	5419
V	989981	5419
V	990223	5435
V	990942	5435
V	991185	5435
V	991428	5441
V	992600	5452
V	993559	5452
V	993800	5452
V	994043	5452
V	994262	5463
V	994504	5463
V	994741	5463
V	995447	5463
V	995689	5463
V	995925	5479
V	996168	5476
V	996885	5474
V	997126	5474
V	997367	5474
V	997610	5490
V	998323	5501
V	998563	5496
V	999041	5496
V	999284	5509
V	999998	5507
V	1000239	5507
V	1000477	5507
V	1000719	5507
V	1000961	5523
V	1001203	5523
V	1001910	5518
V	1002153	5518
V	1002392	5518
V	1002634	5523
V	1003106	5518
V	1003343	5518
V	1003580	5518
V	1003816	5534
V	1004061	5529
V	1005014	5529
V	1005254	5529
V	1005495	5529
V	1005970	5529
V	1006213	5529
V	1006455	5529
V	1006698	5529
V	1006934	5540
V	1007637	5540
V	1007877	5540
V	1008116	5540
V	1008359	5556
V	1008601	5556
V	1008846	5551
V	1009324	5551
V	1009567	5551
V	1009808	5567
V	1010286	5567
V	1010761	5562
V	1011918	5584
V	1014520	5584
V	1014761	5584
V	1015004	5600
V	1015245	5597
V	1015948	5595
V	1016190	5595
V	1016663	5595
V	1016906	5595
V	1017148	5595
V	1017391	5595
V	1017633	5595
V	1017871	5611
V	1018112	5608
V	1018828	5608
V	1019309	5611
V	1019547	5611
V	1019785	5606
V	1020027	5622
V	1020743	5617
V	1021459	5617
V	1021699	5617
V	1021942	5617
V	1022185	5617
V	1022427	5633
V	1022669	5630
V	1023385	5630
V	1023626	5644
V	1024576	5639
V	1025052	5639
V	1025295	5639
V	1025538	5639
V	1025781	5655
V	1026259	5652
V	1026732	5650
V	1026954	5652
V	1027197	5650
V	1027441	5650
V	1027683	5650
V	1027926	5661
V	1029111	5661
V	1029353	5661
V	1029596	5677
V	1030076	5672
V	1031033	5672
V	1031274	5672
V	1031517	5672
V	1031754	5683
V	1032471	5699
V	1032711	5699
V	1032953	5694
V	1033670	5694
V	1033906	5705
V	1034364	5705
V	1034606	5705
V	1034848	5705
V	1035092	5705
V	1035329	5716
V	1037448	5716
V	1037689	5716
V	1037927	5716
V	1038164	5732
V	1038405	5727
V	1039343	5740
V	1039600	5740
V	1039849	5740
V	1040358	5740
V	1040611	5740
V	1041113	5740
V	1041370	5740
V	1042885	5740
V	1043136	5740
V	1043896	5740
V	1044153	5740
V	1044408	5740
V	1044665	5740
V	1044919	5740
V	1046662	5740
V	1049710	5742
V	1051469	5740
V	1051719	5742
V	1051975	5740
V	1055251	5740
V	1055510	5740
V	1056007	5743
V	1056765	5740
V	1057257	5743
V	1057514	5743
V	1057768	5740
V	1058025	5743
V	1058536	5740
V	1058795	5740
V	1059052	5740
V	1059306	5740
V	1059559	5740
V	1059812	5740
V	1063075	5740
V	1064576	5740
V	1067826	5740
V	1068322	5743
V	1070092	5740
V	1070344	5743
V	1070849	5743
V	1071342	5743
V	1071853	5743
V	1073091	5738
V	1074025	5738
V	1074267	5749
V	1074985	5749
V	1075226	5765
V	1075702	5762
V	1076184	5760
V	1076423	5760
V	1076663	5782
V	1078076	5782
V	1078312	5798
V	1078554	5793
V	1079737	5793
V	1079977	5793
V	1080220	5793
V	1080456	5804
V	1081643	5820
V	1081885	5817
V	1082127	5815
V	1082608	5815
V	1082850	5815
V	1083090	5815
V	1083332	5826
V	1084049	5842
V	1084523	5842
V	1085234	5837
V	1085712	5837
V	1085953	5853
V	1086671	5848
V	1087624	5848
V	1087865	5848
V	1088108	5848
V	1088350	5848
V	1088586	5864
V	1088827	5864
V	1089308	5859
V	1089786	5859
V	1090022	5870
V	1090974	5897
V	1092399	5908
V	1093586	5903
V	1094539	5903
V	1094778	5919
V	1095022	5919
V	1095496	5914
V	1095737	5914
V	1096206	5925
V	1097156	5925
V	1097399	5925
V	1097636	5925
V	1097872	5941
V	1098351	5947
V	1099542	5947
V	1100258	5947
V	1100480	5947
V	1100957	5963
V	1101436	5963
V	1101679	5960
V	1102157	5974
V	1102864	5969
V	1103343	5980
V	1104528	5980
V	1104765	5996
V	1105242	5991
V	1106435	5991
V	1106678	5991
V	1107146	6007
V	1107623	6007
V	1108080	6002
V	1108763	6002
V	1109005	6018
V	1109957	6013
V	1110429	6029
V	1110904	6026
V	1111619	6026
V	1112556	6026
V	1112792	6026
V	1113030	6024
V	1113270	6024
V	1113507	6024
V	1113745	6040
V	1113983	6037
V	1114455	6035
V	1114677	6040
V	1114916	6035
V	1115159	6051
V	1115874	6046
V	1116114	6046
V	1116354	6046
V	1116592	6062
V	1116836	6057
V	1118499	6070
V	1119231	6070
V	1120228	6073
V	1120746	6070
V	1121504	6070
V	1121759	6070
V	1122264	6070
V	1122510	6070
V	1122755	6070
V	1123251	6070
V	1123509	6070
V	1124014	6070
V	1124272	6070
V	1127536	6070
V	1127794	6070
V	1128295	6070
V	1128548	6073
V	1129812	6070
V	1130059	6070
V	1130313	6070
V	1131834	6070
V	1132086	6070
V	1132344	6070
V	1132601	6070
V	1135104	6070
V	1135360	6070
V	1135611	6073
V	1135865	6070
V	1136112	6070
V	1136358	6073
V	1144096	6073
V	1144595	6073
V	1144852	6073
V	1147352	6073
V	1148066	6073
V	1148785	6068
V	1149257	6068
V	1149499	6068
V	1149738	6084
V	1150219	6079
V	1151612	6079
V	1151856	6079
V	1152090	6095
V	1152570	6095
V	1152813	6095
V	1154473	6090
V	1155192	6090
V	1155433	6090
V	1155674	6090
V	1155916	6101
V	1156626	6114
V	1157336	6114
V	1158515	6112
V	1158989	6112
V	1159229	6112
V	1159693	6128
V	1160409	6128
V	1160652	6125
V	1160895	6123
V	1161137	6139
V	1161377	6139
V	1161856	6139
V	1162570	6134
V	1163984	6134
V	1164225	6134
V	1164466	6134
V	1164707	6134
V	1165183	6150
V	1165423	6147
V	1165661	6145
V	1166143	6145
V	1166385	6147
V	1166867	6145
V	1167107	6145
V	1167347	6145
V	1167590	6145
V	1167826	6161
V	1168064	6156
V	1168775	6156
V	1169015	6156
V	1169258	6156
V	1169494	6172
V	1169738	6167
V	1170909	6167
V	1171152	6167
V	1171394	6172
V	1171636	6167
V	1171855	6183
V	1172331	6180
V	1174233	6178
V	1174942	6178
V	1175186	6194
V	1175664	6194
V	1176838	6189
V	1178032	6189
V	1178513	6189
V	1178757	6189
V	1179000	6189
V	1179219	6205
V	1180171	6200
V	1180413	6200
V	1180654	6200
V	1180896	6200
V	1181136	6200
V	1181615	6200
V	1181856	6205
V	1182100	6211
V	1184697	6211
V	1184936	6211
V	1185419	6211
V	1185655	6211
V	1185892	6227
V	1186135	6227
V	1186610	6222
V	1187091	6235
V	1188034	6233
V	1189221	6233
V	1189464	6233
V	1189701	6249
V	1189944	6244
V	1191130	6244
V	1191372	6244
V	1191613	6244
V	1191856	6244
V	1192092	6244
V	1192330	6260
V	1193506	6255
V	1193986	6255
V	1194227	6255
V	1194708	6266
V	1196610	6266
V	1196853	6266
V	1197572	6266
V	1197815	6266
V	1198059	6282
V	1198775	6279
V	1199485	6277
V	1199726	6279
V	1199968	6277
V	1200211	6277
V	1200436	6277
V	1200678	6277
V	1200921	6277
V	1201157	6277
V	1201393	6293
V	1201876	6288
V	1202116	6304
V	1202598	6304
V	1202841	6304
V	1203061	6301
V	1204443	6299
V	1204925	6315
V	1205400	6310
V	1207063	6310
V	1207287	6310
V	1207527	6312
V	1207767	6326
V	1208009	6321
V	1209905	6321
V	1210147	6321
V	1210389	6326
V	1210626	6321
V	1210869	6337
V	1211111	6332
V	1212280	6332
V	1212523	6332
V	1212761	6348
V	1213478	6345
V	1214191	6343
V	1214432	6343
V	1214675	6356
V	1215630	6359
V	1215873	6354
V	1216116	6354
V	1216357	6354
V	1216601	6354
V	1216837	6367
V	1217313	6370
V	1217556	6365
V	1218034	6365
V	1218276	6365
V	1218758	6365
V	1218999	6365
V	1219239	6381
V	1219481	6381
V	1220431	6381
V	1221381	6378
V	1221849	6378
V	1222084	6376
V	1222326	6376
V	1222567	6392
V	1222810	6392
V	1223292	6387
V	1223532	6387
V	1223773	6387
V	1224013	6387
V	1224253	6403
V	1224961	6398
V	1225202	6398
V	1225444	6398
V	1225685	6398
V	1225904	6411
V	1227653	6411
V	1229647	6411
V	1231153	6411
V	1232160	6411
V	1233920	6411
V	1234173	6413
V	1234424	6411
V	1234684	6411
V	1235700	6414
V	1236466	6414
V	1236719	6411
V	1238232	6411
V	1238485	6414
V	1241224	6409
V	1243158	6409
V	1244104	6425
V	1244347	6425
V	1245056	6425
V	1245293	6420
V	1245767	6420
V	1246006	6420
V	1246478	6420
V	1246720	6420
V	1246962	6436
V	1247204	6436
V	1247448	6433
V	1247689	6431
V	1248165	6431
V	1248408	6431
V	1248650	6447
V	1248893	6442
V	1249369	6442
V	1249611	6442
V	1249851	6442
V	1250328	6442
V	1250565	6458
V	1250808	6458
V	1251046	6453
V	1251288	6453
V	1251529	6455
V	1252010	6453
V	1252253	6464
V	1252496	6464
V	1252736	6480
V	1253214	6480
V	1253695	6475
V	1254404	6475
V	1254646	6491
V	1255124	6486
V	1256530	6486
V	1256770	6486
V	1257013	6486
V	1257250	6497
V	1258924	6497
V	1259165	6497
V	1259408	6508
V	1260120	6508
V	1260363	6510
V	1260606	6508
V	1261312	6508
V	1261552	6508
V	1261789	6508
V	1262025	6524
V	1262268	6524
V	1262511	6519
V	1262989	6519
V	1263470	6519
V	1263710	6535
V	1263951	6535
V	1264195	6530
V	1265147	6530
V	1265390	6546
V	1265870	6546
V	1266349	6546
V	1266591	6541
V	1267291	6541
V	1267754	6541
V	1267997	6541
V	1268235	6557
V	1268479	6552
V	1269438	6552
V	1269680	6568
V	1270155	6563
V	1270628	6563
V	1271344	6563
V	1271588	6563
V	1271830	6563
V	1272066	6579
V	1272547	6576
V	1273239	6574
V	1273712	6574
V	1274427	6590
V	1274904	6585
V	1276079	6585
V	1276321	6601
V	1276564	6598
V	1277271	6596
V	1277753	6596
V	1277993	6612
V	1278234	6607
V	1278713	6607
V	1278956	6607
V	1279193	6623
V	1279437	6618
V	1280150	6618
V	1280631	6618
V	1280873	6629
V	1281346	6629
V	1281587	6629
V	1282069	6629
V	1282313	6629
V	1282553	6645
V	1283269	6640
V	1283985	6642
V	1284225	6640
V	1284468	6640
V	1284711	6640
V	1284947	6656
V	1285189	6656
V	1285669	6651
V	1286612	6651
V	1286852	6651
V	1287541	6651
V	1287784	6651
V	1288020	6651
V	1288257	6667
V	1288958	6662
V	1289678	6673
V	1290858	6689
V	1291339	6684
V	1291820	6684
V	1292042	6684
V	1292282	6684
V	1292763	6684
V	1293007	6684
V	1293243	6700
V	1293481	6695
V	1293703	6706
V	1294648	6706
V	1294890	6706
V	1295133	6722
V	1295358	6722
V	1295600	6722
V	1295843	6717
V	1296558	6717
V	1296794	6717
V	1297031	6728
V	1297973	6728
V	1298214	6728
V	1298456	6739
V	1299389	6739
V	1299629	6741
V	1300110	6741
V	1300353	6752
V	1300608	6752
V	1301109	6752
V	1301361	6752
V	1302101	6752
V	1302603	6752
V	1302856	6752
V	1303104	6752
V	1303858	6752
V	1304606	6754
V	1304856	6752
V	1305855	6755
V	1306113	6755
V	1306368	6755
V	1307122	6752
V	1307377	6752
V	1308133	6752
V	1308389	6752
V	1308639	6752
V	1308896	6752
V	1309146	6752
V	1309647	6752
V	1312140	6752
V	1312646	6752
V	1313150	6752
V	1314426	6754
V	1315189	6752
V	1315443	6752
V	1315952	6752
V	1316454	6752
V	1316711	6752
V	1317479	6752
V	1320983	6754
V	1324504	6752
V	1325508	6752
V	1326018	6752
V	1329261	6755
V	1331520	6755
V	1332023	6755
V	1332277	6750
V	1334247	6750
V	1334490	6750
V	1334730	6750
V	1335899	6766
V	1336139	6761
V	1336854	6761
V	1337096	6761
V	1337335	6761
V	1337577	6761
V	1338288	6777
V	1338530	6777
V	1339244	6772
V	1340191	6772
V	1340427	6788
V	1340668	6788
V	1340909	6788
V	1341152	6783
V	1341629	6783
V	1341872	6783
V	1342114	6783
V	1342355	6783
V	1342598	6783
V	1342840	6785
V	1343081	6783
V	1343797	6783
V	1344038	6783
V	1344509	6796
V	1344989	6799
V	1345233	6794
V	1345476	6794
V	1345717	6810
V	1346911	6807
V	1347848	6805
V	1349251	6805
V	1349491	6805
V	1349733	6816
V	1349974	6816
V	1350217	6816
V	1350460	6816
V	1350700	6818
V	1351181	6816
V	1351422	6816
V	1351664	6832
V	1351905	6827
V	1353332	6827
V	1353575	6827
V	1354051	6827
V	1354287	6843
V	1354528	6843
V	1355011	6843
V	1355254	6838
V	1355964	6838
V	1356206	6838
V	1356449	6838
V	1356691	6854
V	1357651	6849
V	1357894	6851
V	1358136	6851
V	1358361	6849
V	1358600	6865
V	1358842	6865
V	1359083	6860
V	1359326	6860
V	1359568	6876
V	1359810	6871
V	1360285	6871
V	1360527	6871
V	1360769	6871
V	1361487	6871
V	1361729	6871
V	1361966	6887
V	1362444	6882
V	1363637	6882
V	1363880	6882
V	1364122	6882
V	1364363	6898
V	1365555	6893
V	1366273	6893
V	1366515	6893
V	1367204	6904
V	1367681	6904
V	1367924	6904
V	1368167	6904
V	1368408	6906
V	1368882	6904
V	1369123	6904
V	1369365	6904
V	1369842	6920
V	1370068	6915
V	1370548	6917
V	1370790	6931
V	1371030	6931
V	1371273	6926
V	1372231	6926
V	1372475	6926
V	1372717	6926
V	1372956	6926
V	1373199	6926
V	1373678	6942
V	1374633	6937
V	1374876	6937
V	1375118	6937
V	1375360	6937
V	1375603	6937
V	1375843	6937
V	1376083	6937
V	1376790	6953
V	1377264	6948
V	1377743	6948
V	1377984	6948
V	1378226	6964
V	1379420	6959
V	1379663	6959
V	1379887	6959
V	1380124	6959
V	1380364	6959
V	1381302	6959
V	1381539	6975
V	1382249	6970
V	1382729	6970
V	1382971	6970
V	1384154	6970
V	1384395	6986
V	1384877	6986
V	1385824	6981
V	1386535	6981
V	1386777	6981
V	1387019	6981
V	1387258	6992
V	1387499	6992
V	1387969	7008
V	1388445	7008
V	1388686	7003
V	1389405	7005
V	1389647	7003
V	1390598	7019
V	1391547	7019
V	1392258	7019
V	1392503	7014
V	1392745	7014
V	1392986	7014
V	1393466	7014
V	1393707	7014
V	1393943	7014
V	1394162	7030
V	1394634	7025
V	1395345	7041
V	1396035	7036
V	1396277	7047
V	1397462	7047
V	1397704	7047
V	1397946	7063
V	1400403	7060
V	1400656	7060
V	1401159	7060
V	1401414	7060
V	1402400	7060
V	1402651	7063
V	1403151	7060
V	1404657	7060
V	1404913	7060
V	1405161	7063
V	1405660	7060
V	1407920	7060
V	1408432	7060
V	1408942	7060
V	1409200	7060
V	1411956	7060
V	1413220	7060
V	1414728	7060
V	1414981	7063
V	1415495	7060
V	1415744	7060
V	1416256	7060
V	1417253	7060
V	1417748	7063
V	1418253	7063
V	1424470	7063
V	1425208	7063
V	1425660	7063
V	1425903	7058
V	1426128	7058
V	1426601	7058
V	1426838	7058
V	1427075	7071
V	1427547	7069
V	1428027	7069
V	1428271	7071
V	1428749	7071
V	1428991	7074
V	1429467	7069
V	1429703	7080
V	1430185	7080
V	1430427	7080
V	1430908	7080
V	1431145	7091
V	1432334	7091
V	1432576	7107
V	1432817	7107
V	1433773	7102
V	1434249	7102
V	1434490	7102
V	1434734	7104
V	1434976	7102
V	1435922	7102
V	1436161	7102
V	1436402	7102
V	1436635	7113
V	1438055	7129
V	1438764	7124
V	1439246	7129
V	1440189	7140
V	1440666	7140
V	1440903	7135
V	1441622	7135
V	1441865	7135
V	1442108	7135
V	1442349	7135
V	1442591	7135
V	1443069	7135
V	1443309	7135
V	1443551	7146
V	1443794	7146
V	1444509	7146
V	1444748	7159
V	1445218	7157
V	1445458	7157
V	1445901	7173
V	1446144	7168
V	1447094	7168
V	1447337	7168
V	1447561	7168
V	1447798	7184
V	1448748	7184
V	1448986	7184
V	1449229	7179
V	1449471	7179
V	1449713	7179
V	1449956	7179
V	1450198	7181
V	1451364	7179
V	1451607	7179
V	1451829	7179
V	1452065	7179
V	1452301	7195
V	1452542	7190
V	1453006	7190
V	1453247	7190
V	1453490	7190
V	1453972	7206
V	1454684	7206
V	1455400	7201
V	1455643	7201
V	1456117	7217
V	1456359	7214
V	1456822	7212
V	1457301	7228
V	1457545	7228
V	1458262	7223
V	1458741	7223
V	1458982	7239
V	1459224	7239
V	1459698	7234
V	1460179	7234
V	1460421	7236
V	1460663	7234
V	1460904	7234
V	1461145	7250
V	1461385	7250
V	1462102	7245
V	1463294	7245
V	1463537	7245
V	1463780	7247
V	1464262	7245
V	1464503	7245
V	1464739	7261
V	1465906	7261
V	1466150	7256
V	1466392	7256
V	1467108	7256
V	1467348	7256
V	1467584	7272
V	1468296	7267
V	1468756	7267
V	1468999	7267
V	1469926	7267
V	1470162	7278
V	1470643	7280
V	1471115	7278
V	1471354	7294
V	1471832	7289
V	1472784	7289
V	1473021	7305
V	1473262	7300
V	1473743	7300
V	1473986	7300
V	1474229	7300
V	1474470	7316
V	1474712	7313
V	1475424	7313
V	1475661	7327
V	1475902	7322
V	1476144	7322
V	1476384	7333
V	1477099	7335
V	1477777	7333
V	1478252	7333
V	1478490	7349
V	1478735	7344
V	1478977	7346
V	1479213	7346
V	1479449	7360
V	1480163	7360
V	1480639	7355
V	1481097	7355
V	1481339	7355
V	1481818	7355
V	1482058	7355
V	1482299	7355
V	1482536	7371
V	1483010	7366
V	1483251	7368
V	1483493	7366
V	1484422	7366
V	1484665	7366
V	1484906	7379
V	1485857	7377
V	1486099	7377
V	1486342	7377
V	1486585	7377
V	1486828	7377
V	1487068	7377
V	1487309	7393
V	1487552	7388
V	1489200	7388
V	1489439	7388
V	1489681	7401
V	1491443	7401
V	1491700	7401
V	1494466	7401
V	1496715	7401
V	1498474	7401
V	1498734	7401
V	1499726	7404
V	1500230	7401
V	1501476	7401
V	1502486	7403
V	1503730	7401
V	1504487	7404
V	1507473	7404
V	1507724	7399
V	1510822	7412
V	1511303	7415
V	1511782	7415
V	1512264	7410
V	1512508	7410
V	1512752	7410
V	1512994	7410
V	1513237	7410
V	1513462	7410
V	1513703	7410
V	1513943	7426
V	1514422	7421
V	1514903	7421
V	1515140	7434
V	1515383	7437
V	1516807	7432
V	1517518	7432
V	1517758	7432
V	1517995	7448
V	1519193	7443
V	1519436	7443
V	1520152	7443
V	1520391	7459
V	1520635	7459
V	1520876	7454
V	1521119	7454
V	1521598	7465
V	1522310	7465
V	1522553	7465
V	1522795	7465
V	1523036	7465
V	1523275	7465
V	1523516	7465
V	1523756	7465
V	1523998	7465
V	1524236	7481
V	1525170	7481
V	1525412	7476
V	1525894	7476
V	1526603	7476
V	1526846	7476
V	1527089	7476
V	1527331	7492
V	1528505	7487
V	1528748	7487
V	1528990	7487
V	1529468	7487
V	1529708	7500
V	1530190	7498
V	1530432	7498
V	1530675	7498
V	1530918	7498
V	1531161	7514
V	1532352	7514
V	1533055	7509
V	1533773	7509
V	1534013	7509
V	1534250	7520
V	1535202	7520
V	1535444	7520
V	1535685	7520
V	1535922	7536
V	1536644	7536
V	1537589	7533
V	1538063	7536
V	1538547	7533
V	1539256	7531
V	1539736	7531
V	1539978	7531
V	1540219	7542
V	1541628	7542
V	1541870	7558
V	1542823	7553
V	1543048	7553
V	1543991	7553
V	1544229	7569
V	1545182	7564
V	1545425	7564
V	1545668	7580
V	1546624	7575
V	1547804	7575
V	1548047	7575
V	1548289	7575
V	1548530	7575
V	1548772	7575
V	1549014	7575
V	1549238	7575
V	1549473	7575
V	1549709	7591
V	1549952	7591
V	1550435	7586
V	1550660	7586
V	1551374	7586
V	1551613	7586
V	1551853	7586
V	1552094	7586
V	1552335	7597
V	1553754	7597
V	1553976	7610
V	1554218	7608
V	1555874	7608
V	1556117	7624
V	1556360	7630
V	1558475	7630
V	1558713	7646
V	1559193	7641
V	1559889	7641
V	1560126	7657
V	1561554	7652
V	1562016	7652
V	1562260	7652
V	1563205	7652
V	1563430	7652
V	1563669	7668
V	1564151	7668
V	1564858	7663
V	1565337	7663
V	1565580	7663
V	1566524	7663
V	1566764	7663
V	1567004	7663
V	1567239	7679
V	1567702	7676
V	1568410	7674
V	1568883	7674
V	1569119	7674
V	1569356	7690
V	1569830	7685
V	1570310	7685
V	1570552	7685
V	1570795	7685
V	1571038	7685
V	1571278	7685
V	1571734	7685
V	1571971	7701
V	1572689	7701
V	1572930	7696
V	1573410	7696
V	1573652	7696
V	1573891	7707
V	1574588	7707
V	1574829	7707
V	1575071	7707
V	1575545	7723
V	1576734	7718
V	1577923	7718
V	1578159	7731
V	1578663	7731
V	1579168	7733
V	1579422	7734
V	1579675	7731
V	1579931	7731
V	1580431	7731
V	1580942	7731
V	1581197	7731
V	1581697	7731
V	1581956	7731
V	1582215	7731
V	1587016	7733
V	1587272	7731
V	1588538	7731
V	1589302	7731
V	1589554	7734
V	1590309	7734
V	1590567	7731
V	1591062	7731
V	1591804	7734
V	1592315	7731
V	1592572	7731
V	1592829	7731
V	1593327	7731
V	1593834	7731
V	1594084	7731
V	1596552	7731
V	1596801	7731
V	1597562	7731
V	1598313	7731
V	1599073	7734
V	1600078	7734
V	1601582	7731
V	1602339	7731
V	1605090	7731
V	1608344	7734
V	1610611	7734
V	1612335	7731
V	1612816	7734
V	1613054	7729
V	1614236	7729
V	1614480	7729
V	1614722	7729
V	1614965	7742
V	1615427	7745
V	1615908	7742
V	1616862	7740
V	1617338	7740
V	1617580	7756
V	1618530	7751
V	1619711	7751
V	1619953	7751
V	1620196	7751
V	1620433	7751
V	1620673	7751
V	1620913	7756
V	1621154	7767
V	1621852	7764
V	1622326	7764
V	1622568	7762
V	1622811	7762
V	1623054	7778
V	1625425	7773
V	1625907	7773
V	1626150	7773
V	1626387	7773
V	1626622	7789
V	1628052	7786
V	1628986	7784
V	1629465	7784
V	1629707	7784
V	1629948	7784
V	1630189	7800
V	1630430	7800
V	1630674	7797
V	1630916	7795
V	1631868	7795
V	1632109	7795
V	1632351	7811
V	1632594	7811
V	1632837	7811
V	1633079	7806
V	1635214	7806
V	1635457	7806
V	1635700	7806
V	1635941	7819
V	1636662	7817
V	1637592	7817
V	1637831	7833
V	1638786	7828
V	1639026	7828
V	1639268	7841
V	1639750	7844
V	1639992	7844
V	1640230	7841
V	1641186	7839
V	1641427	7839
V	1641670	7839
V	1641914	7839
V	1642157	7855
V	1643348	7850
V	1643823	7850
V	1644066	7850
V	1644308	7850
V	1644548	7850
V	1644784	7850
V	1645021	7850
V	1645264	7866
V	1645505	7866
V	1645729	7866
V	1646203	7861
V	1646446	7861
V	1646683	7861
V	1646919	7861
V	1647156	7877
V	1648347	7877
V	1648821	7872
V	1649531	7872
V	1649774	7872
V	1650010	7872
V	1650253	7888
V	1650495	7883
V	1651208	7883
V	1651447	7883
V	1651689	7883
V	1651932	7883
V	1652174	7883
V	1652413	7894
V	1654077	7894
V	1654320	7910
V	1654564	7910
V	1655265	7905
V	1655741	7905
V	1655978	7905
V	1656219	7916
V	1656696	7932
V	1656938	7927
V	1657893	7927
V	1658135	7943
V	1658616	7943
V	1659810	7938
V	1660512	7938
V	1660753	7954
V	1660995	7954
V	1661476	7949
V	1662665	7949
V	1662887	7949
V	1663124	7962
V	1663367	7965
V	1663848	7960
V	1664564	7960
V	1664807	7960
V	1665050	7960
V	1665294	7960
V	1665535	7960
V	1665777	7960
V	1666013	7976
V	1666495	7976
V	1666975	7976
V	1667923	7971
V	1668404	7971
V	1668647	7971
V	1668871	7987
V	1669352	7984
V	1670070	7987
V	1670528	7982
V	1671939	7982
V	1672176	7982
V	1672416	7982
V	1672658	7998
V	1672900	7993
V	1673377	7995
V	1673846	7993
V	1674088	7993
V	1674330	8006
V	1676233	8004
V	1676477	8004
V	1676719	8017
V	1677438	8015
V	1678618	8015
V	1678862	8015
V	1679103	8028
V	1680052	8026
V	1680759	8026
V	1681001	8026
V	1681243	8026
V	1681480	8026
V	1681723	8026
V	1681963	8039
V	1683380	8039
V	1683617	8037
V	1683859	8037
V	1684099	8053
V	1684341	8053
V	1684581	8053
V	1685532	8048
V	1686242	8048
V	1686484	8048
V	1686727	8048
V	1686965	8048
V	1687207	8048
V	1687447	8048
V	1687686	8064
V	1688168	8061
V	1690760	8059
V	1691000	8059
V	1691242	8059
V	1691477	8059
V	1691718	8072
V	1692465	8075
V	1692981	8072
V	1693491	8072
V	1693983	8072
V	1694239	8072
V	1694497	8072
V	1696006	8072
V	1696520	8072
V	1696773	8075
V	1697277	8072
V	1697529	8072
V	1698549	8072
V	1698800	8075
V	1699055	8072
V	1699315	8072
V	1699829	8072
V	1701083	8072
V	1702082	8072
V	1702337	8072
V	1702586	8072
V	1704604	8072
V	1704858	8072
V	1705108	8072
V	1706611	8075
V	1708128	8075
V	1709648	8075
V	1710145	8072
V	1711376	8075
V	1718541	8075
V	1718777	8070
V	1719492	8070
V	1719714	8070
V	1719955	8070
V	1720196	8070
V	1720434	8070
V	1720904	8086
V	1721367	8086
V	1722081	8086
V	1722539	8081
V	1723480	8081
V	1723722	8081
V	1723966	8097
V	1724448	8097
V	1724686	8092
V	1725621	8092
V	1725857	8092
V	1726094	8103
V	1727749	8103
V	1727991	8114
V	1729413	8114
V	1729650	8114
V	1729887	8127
V	1730607	8125
V	1731560	8125
V	1731801	8125
V	1732044	8125
V	1732286	8125
V	1732528	8125
V	1732764	8141
V	1733465	8141
V	1733709	8141
V	1733947	8138
V	1734185	8136
V	1734876	8136
V	1735115	8136
V	1735356	8152
V	1736314	8152
V	1736796	8147
V	1738671	8147
V	1738914	8147
V	1739151	8147
V	1739393	8158
V	1740588	8158
V	1740831	8158
V	1741071	8174
V	1742270	8169
V	1743449	8169
V	1743691	8169
V	1743933	8169
V	1744175	8169
V	1744416	8180
V	1745614	8180
V	1745857	8180
V	1746097	8180
V	1746336	8180
V	1746573	8196
V	1747526	8196
V	1747987	8191
V	1748937	8191
V	1749181	8191
V	1749425	8202
V	1750851	8202
V	1751095	8202
V	1751335	8202
V	1751575	8202
V	1751816	8218
V	1752773	8218
V	1753016	8213
V	1753727	8213
V	1753966	8213
V	1754201	8213
V	1754438	8229
V	1755846	8224
V	1756554	8224
V	1756797	8224
V	1757040	8224
V	1757280	8224
V	1757523	8224
V	1757763	8235
V	1759421	8251
V	1760379	8246
V	1761090	8246
V	1761332	8246
V	1761572	8246
V	1761813	8262
V	1762293	8262
V	1762534	8262
V	1763016	8257
V	1763728	8273
V	1765876	8284
V	1767741	8279
V	1767982	8281
V	1768218	8279
V	1768697	8279
V	1768940	8279
V	1769182	8279
V	1769423	8295
V	1770140	8295
V	1770381	8295
V	1770618	8290
V	1771779	8290
V	1772020	8290
V	1772263	8290
V	1772505	8290
V	1772741	8290
V	1772978	8290
V	1773215	8301
V	1774632	8312
V	1776287	8312
V	1776528	8312
V	1776769	8323
V	1778900	8323
V	1779125	8323
V	1779368	8339
V	1780086	8334
V	1780559	8334
V	1780800	8334
V	1781043	8334
V	1781285	8334
V	1781525	8350
V	1782008	8345
V	1782483	8345
V	1782725	8345
V	1782963	8345
V	1783203	8350
V	1783441	8361
V	1784159	8361
V	1784877	8356
V	1785830	8356
V	1786072	8356
V	1786314	8356
V	1786556	8367
V	1788667	8367
V	1788909	8367
V	1789148	8367
V	1789385	8367
V	1789622	8378
V	1790811	8378
V	1791055	8378
V	1791296	8391
V	1791538	8394
V	1792001	8394
V	1792245	8389
V	1792960	8389
V	1793203	8389
V	1793447	8389
V	1793689	8405
V	1794442	8405
V	1794698	8400
V	1795449	8402
V	1796710	8400
V	1797210	8402
V	1797714	8404
V	1798214	8402
V	1798722	8404
V	1800999	8402
V	1802012	8402
V	1802261	8402
V	1802766	8405
V	1803769	8402
V	1804791	8404
V	1805042	8402
V	1806307	8402
V	1806826	8400
V	1807328	8405
V	1807582	8405
V	1809588	8400
V	1811358	8400
V	1811869	8404
V	1812633	8402
V	1812887	8402
V	1813889	8404
V	1814142	8404
V	1815367	8404
V	1815872	8404
V	1816131	8404
V	1816383	8404
V	1816636	8404
V	1816887	8400
V	1817140	8400
V	1817389	8400
V	1817868	8400
V	1818106	8402
V	1819272	8411
V	1820904	8416
V	1821128	8413
V	1821841	8411
V	1822317	8411
V	1822553	8411
V	1822793	8411
V	1823033	8416
V	1823505	8416
V	1823729	8422
V	1824206	8422
V	1824444	8427
V	1824684	8427
V	1824924	8427
V	1826089	8422
V	1826327	8422
V	1826567	8422
V	1826806	8422
V	1827045	8422
V	1827268	8422
V	1827509	8422
V	1827747	8427
V	1828691	8438
V	1829404	8438
V	1829646	8438
V	1831049	8433
V	1831288	8433
V	1831511	8433
V	1831751	8433
V	1831990	8433
V	1832229	8433
V	1832468	8433
V	1832708	8435
V	1832946	8438
V	1833657	8449
V	1835075	8449
V	1835315	8446
V	1836021	8444
V	1836498	8444
V	1836739	8446
V	1837211	8449
V	1837923	8460
V	1838399	8455
V	1839112	8455
V	1839353	8466
V	1839592	8466
V	1839833	8471
V	1840075	8471
V	1840552	8471
V	1840794	8468
V	1841506	8466
V	1842412	8466
V	1842652	8466
V	1842893	8468
V	1843130	8471
V	1843370	8482
V	1843845	8477
V	1844795	8477
V	1845036	8477
V	1845278	8477
V	1845518	8477
V	1845756	8482
V	1846680	8488
V	1847156	8488
V	1847394	8493
V	1848103	8493
V	1848581	8490
V	1849518	8488
V	1849758	8488
V	1849998	8488
V	1850239	8488
V	1850476	8488
V	1850716	8499
V	1852132	8499
V	1853531	8499
V	1853768	8504
V	1854946	8510
V	1855656	8510
V	1855897	8510
V	1856136	8515
V	1857085	8510
V	1858735	8510
V	1858976	8510
V	1859217	8510
V	1859457	8510
V	1859933	8521
V	1861111	8526
V	1861353	8521
V	1862771	8521
V	1862991	8521
V	1863228	8532
V	1864625	8532
V	1864865	8532
V	1865105	8532
V	1865344	8534
V	1865581	8532
V	1866995	8532
V	1867236	8532
V	1867476	8532
V	1867695	8532
V	1867936	8537
V	1868411	8548
V	1868652	8548
V	1869368	8545
V	1870077	8545
V	1871257	8548
V	1872196	8554
V	1872419	8559
V	1872661	8559
V	1873371	8556
V	1873846	8556
V	1874319	8559
V	1874558	8554
V	1875031	8554
V	1875269	8554
V	1875509	8554
V	1875749	8554
V	1875987	8556
V	1876228	8556
V	1876464	8565
V	1876940	8570
V	1877181	8567
V	1877659	8565
V	1878370	8576
V	1880230	8581
V	1880705	8578
V	1880945	8576
V	1881656	8576
V	1881895	8576
V	1882136	8576
V	1882609	8581
V	1883314	8592
V	1884025	8592
V	1884265	8592
V	1885213	8587
V	1885453	8592
V	1885929	8598
V	1887343	8598
V	1887579	8598
V	1887817	8598
V	1888054	8603
V	1888763	8603
V	1889001	8609
V	1889241	8609
V	1889480	8614
V	1889956	8614
V	1890432	8614
V	1890675	8609
V	1892325	8609
V	1892565	8609
V	1892805	8611
V	1893277	8614
V	1894221	8625
V	1895870	8620
V	1896107	8625
V	1896814	8631
V	1897056	8636
V	1897769	8633
V	1898715	8633
V	1898951	8631
V	1899662	8636
V	1900371	8636
V	1900611	8642
V	1901085	8642
V	1901325	8647
V	1901566	8647
V	1901806	8647
V	1902047	8642
V	1902760	8642
V	1903001	8642
V	1903241	8647
V	1904186	8647
V	1904427	8653
V	1904649	8658
V	1904890	8658
V	1905130	8658
V	1905826	8658
V	1906068	8658
V	1906308	8655
V	1907488	8653
V	1908197	8653
V	1908436	8653
V	1908673	8653
V	1908915	8653
V	1909137	8653
V	1909374	8664
V	1911248	8669
V	1911725	8664
V	1912883	8664
V	1913119	8664
V	1913356	8664
V	1913595	8664
V	1913837	8675
V	1914760	8675
V	1916639	8675
V	1916879	8675
V	1917355	8680
V	1918297	8680
V	1918774	8691
V	1919252	8691
V	1919494	8686
V	1920666	8686
V	1920906	8688
V	1921145	8702
V	1922539	8702
V	1922762	8702
V	1923706	8697
V	1924413	8697
V	1924649	8697
V	1924889	8697
V	1926066	8708
V	1926306	8708
V	1926547	8713
V	1927255	8713
V	1928202	8708
V	1929615	8708
V	1929855	8708
V	1930095	8708
V	1930335	8710
V	1930574	8710
V	1931278	8708
V	1931986	8724
V	1932462	8719
V	1933639	8719
V	1933878	8719
V	1934118	8735
V	1935064	8735
V	1935543	8735
V	1936928	8735
V	1937168	8730
V	1937408	8730
V	1937630	8730
V	1937871	8745
V	1939293	8743
V	1939795	8743
V	1940298	8745
V	1940548	8745
V	1940800	8745
V	1941050	8743
V	1941299	8743
V	1941556	8743
V	1941810	8743
V	1942313	8743
V	1942570	8743
V	1942828	8741
V	1944325	8743
V	1948605	8745
V	1950615	8746
V	1951354	8743
V	1951866	8745
V	1952370	8741
V	1952864	8745
V	1954377	8745
V	1954636	8745
V	1955146	8743
V	1955396	8743
V	1955655	8743
V	1955901	8743
V	1956151	8745
V	1957154	8746
V	1957663	8743
V	1958409	8745
V	1958658	8746
V	1958903	8743
V	1959159	8746
V	1959669	8743
V	1959925	8743
V	1961678	8743
V	1962185	8746
V	1963188	8743
V	1963445	8746
V	1963693	8746
V	1963937	8743
V	1964701	8743
V	1965201	8745
V	1967170	8741
V	1967915	8745
V	1968167	8741
V	1968421	8746
V	1969674	8746
V	1969927	8741
V	1970431	8746
V	1970689	8745
V	1971190	8743
V	1971447	8746
V	1971700	8746
V	1971953	8746
V	1972720	8743
V	1975009	8741
V	1975515	8745
V	1975772	8745
V	1976284	8743
V	1976793	8741
V	1977044	8743
V	1977790	8743
V	1978796	8743
V	1979557	8743
V	1979808	8745
V	1984282	8746
V	1984533	8741
V	1984781	8741
V	1985031	8741
V	1985781	8741
V	1986022	8746
V	1986500	8743
V	1986730	8741
V	1987174	8741
V	1987409	8741
V	1987641	8741
V	1987874	8741
V	1988106	8741
V	1988338	8743
V	1988571	8743
V	1989261	8743
V	1990184	8743
V	1990647	8743
V	1990880	8743
V	1991113	8746
V	1993186	8746
V	1993420	8743
V	1993866	8743
V	1994785	8743
V	1995261	8741
V	1995502	8752
V	1996677	8754
V	1997375	8752
V	1997609	8752
V	1997842	8752
V	1998075	8752
V	1998308	8752
V	1998540	8752
V	1998772	8754
V	1999230	8754
V	1999925	8754
V	2000159	8754
V	2000848	8754
V	2001311	8754
V	2001544	8754
V	2002221	8757
V	2003141	8757
V	2003607	8757
V	2004301	8757
V	2004535	8754
V	2004764	8757
V	2005473	8752
V	2005711	8754
V	2005948	8752
V	2006423	8763
V	2006664	8763
V	2007589	8763
V	2007825	8763
V	2008057	8763
V	2008282	8763
V	2008515	8763
V	2008748	8763
V	2008980	8763
V	2009213	8763
V	2009444	8763
V	2009677	8768
V	2009918	8765
V	2010151	8765
V	2010839	8765
V	2011072	8765
V	2011533	8765
V	2011766	8765
V	2011999	8765
V	2012464	8765
V	2012699	8765
V	2013162	8768
V	2014308	8768
V	2014543	8765
V	2015237	8765
V	2015472	8765
V	2015907	8768
V	2017557	8763
V	2018029	8763
V	2018956	8774
V	2019196	8779
V	2019437	8779
V	2019911	8776
V	2020145	8774
V	2020377	8774
V	2020610	8774
V	2020840	8774
V	2021074	8774
V	2021309	8774
V	2021542	8774
V	2021772	8774
V	2022004	8779
V	2022243	8779
V	2022481	8776
V	2022713	8776
V	2022946	8776
V	2024093	8776
V	2024329	8776
V	2024563	8776
V	2025460	8776
V	2025693	8776
V	2025924	8779
V	2026841	8776
V	2027074	8776
V	2028007	8774
V	2028719	8774
V	2028957	8785
V	2029901	8785
V	2030588	8785
V	2030823	8785
V	2031057	8785
V	2031291	8785
V	2031525	8785
V	2031758	8787
V	2031992	8787
V	2034062	8787
V	2034295	8787
V	2034528	8787
V	2035202	8787
V	2035897	8787
V	2036130	8790
V	2037492	8790
V	2037726	8787
V	2038172	8787
V	2038640	8796
V	2039589	8801
V	2039812	8801
V	2040761	8798
V	2040993	8796
V	2041226	8796
V	2041458	8796
V	2041692	8796
V	2041926	8796
V	2042156	8796
V	2042388	8801
V	2042865	8798
V	2043770	8798
V	2044231	8798
V	2044675	8801
V	2045828	8801
V	2046732	8801
V	2046967	8801
V	2047662	8798
V	2048123	8798
V	2048592	8796
V	2049068	8796
V	2049306	8801
V	2049781	8801
V	2050019	8807
V	2050258	8807
V	2050499	8807
V	2050738	8807
V	2050977	8807
V	2051217	8807
V	2051457	8807
V	2051698	8812
V	2051937	8812
V	2052179	8807
V	2052876	8807
V	2053110	8807
V	2053341	8812
V	2053564	8809
V	2054029	8809
V	2054261	8809
V	2054495	8809
V	2055647	8809
V	2056111	8809
V	2056803	8809
V	2057495	8809
V	2057728	8809
V	2059092	8809
V	2059325	8812
V	2060480	8812
V	2060715	8809
V	2061178	8809
V	2061652	8807
V	2062363	8807
V	2062600	8807
V	2062839	8807
V	2063544	8818
V	2063785	8818
V	2064026	8818
V	2064958	8818
V	2065193	8818
V	2065426	8818
V	2065656	8818
V	2065889	8818
V	2066122	8823
V	2066599	8823
V	2066840	8820
V	2068445	8820
V	2069827	8820
V	2070517	8820
V	2071209	8820
V	2071442	8820
V	2072597	8823
V	2073289	8823
V	2073524	8823
V	2073758	8823
V	2074221	8823
V	2074684	8823
V	2074918	8820
V	2075382	8818
V	2077256	8818
V	2077492	8818
V	2077733	8829
V	2079382	8829
V	2079621	8829
V	2079862	8829
V	2080102	8834
V	2080344	8829
V	2081030	8829
V	2081263	8829
V	2081496	8829
V	2081729	8829
V	2081962	8829
V	2082177	8829
V	2082408	8829
V	2082641	8829
V	2082875	8834
V	2083803	8831
V	2084263	8831
V	2084957	8831
V	2085419	8831
V	2085650	8831
V	2086112	8834
V	2086788	8834
V	2088388	8829
V	2089801	8829
V	2090041	8829
V	2090985	8840
V	2091455	8840
V	2091689	8840
V	2091921	8842
V	2093300	8842
V	2095138	8842
V	2095367	8842
V	2095597	8842
V	2095831	8842
V	2096295	8842
V	2098115	8840
V	2098590	8851
V	2099528	8851
V	2099762	8851
V	2099996	8851
V	2100230	8856
V	2100470	8851
V	2101401	8853
V	2101631	8853
V	2101864	8853
V	2102326	8853
V	2102558	8853
V	2103022	8853
V	2103251	8853
V	2103713	8853
V	2104179	8853
V	2104413	8856
V	2106017	8856
V	2106249	8851
V	2107185	8851
V	2107423	8856
V	2107897	8856
V	2108602	8856
V	2108841	8851
V	2109301	8862
V	2109541	8867
V	2110021	8862
V	2110254	8862
V	2110487	8862
V	2110720	8862
V	2110952	8862
V	2111183	8867
V	2111425	8862
V	2111654	8867
V	2111893	8864
V	2112126	8864
V	2112359	8864
V	2112824	8864
V	2114200	8864
V	2115582	8867
V	2116275	8867
V	2116964	8864
V	2118344	8867
V	2120208	8862
V	2120679	8862
V	2120920	8862
V	2121159	8867
V	2122339	8867
V	2123046	8862
V	2123520	8878
V	2123999	8875
V	2124461	8875
V	2124692	8873
V	2124925	8873
V	2125162	8873
V	2125394	8873
V	2125626	8873
V	2125860	8878
V	2126335	8878
V	2126804	8875
V	2127037	8875
V	2127270	8875
V	2127505	8875
V	2127968	8875
V	2128183	8875
V	2128417	8875
V	2128876	8875
V	2129338	8875
V	2129806	8875
V	2130498	8878
V	2131645	8878
V	2132336	8878
V	2132797	8875
V	2133033	8875
V	2133969	8873
V	2134680	8875
V	2135153	8875
V	2135389	8884
V	2136097	8889
V	2136339	8884
V	2136799	8884
V	2137031	8884
V	2137265	8884
V	2137496	8884
V	2137730	8884
V	2137965	8884
V	2138181	8884
V	2138412	8889
V	2138652	8886
V	2139119	8886
V	2139582	8886
V	2139816	8886
V	2140280	8886
V	2140516	8886
V	2140748	8886
V	2140982	8886
V	2141216	8886
V	2141674	8889
V	2143047	8889
V	2143278	8889
V	2143495	8889
V	2143730	8889
V	2144194	8886
V	2145116	8886
V	2145578	8889
V	2145812	8884
V	2146754	8884
V	2146990	8889
V	2147923	8895
V	2149322	8895
V	2149554	8895
V	2149787	8895
V	2150021	8895
V	2150253	8895
V	2150485	8895
V	2150715	8895
V	2150949	8897
V	2153005	8900
V	2153469	8897
V	2153702	8900
V	2153938	8900
V	2154402	8900
V	2154636	8897
V	2155788	8900
V	2156018	8897
V	2156726	8900
V	2156966	8900
V	2157204	8911
V	2157916	8906
V	2158361	8906
V	2158595	8906
V	2158831	8906
V	2159061	8906
V	2159293	8906
V	2159526	8906
V	2159759	8908
V	2160227	8908
V	2160919	8908
V	2161842	8908
V	2162076	8908
V	2162310	8908
V	2163004	8911
V	2163469	8911
V	2163703	8911
V	2164825	8908
V	2165745	8908
V	2165979	8908
V	2166664	8906
V	2168067	8908
V	2168540	8908
V	2169016	8911
V	2169723	8911
V	2169963	8911
V	2170202	8917
V	2170442	8917
V	2170893	8917
V	2171125	8917
V	2171358	8917
V	2171591	8917
V	2171822	8917
V	2172055	8922
V	2172532	8922
V	2172770	8919
V	2173232	8919
V	2173465	8919
V	2174387	8919
V	2176217	8919
V	2176678	8922
V	2176911	8922
V	2177146	8922
V	2178065	8922
V	2178531	8922
V	2178991	8919
V	2179225	8919
V	2180140	8922
V	2180372	8919
V	2180845	8917
V	2181321	8917
V	2181560	8917
V	2181801	8917
V	2182038	8922
V	2182985	8928
V	2183445	8928
V	2183678	8928
V	2183908	8933
V	2184387	8933
V	2184867	8933
V	2185091	8930
V	2185791	8930
V	2186483	8930
V	2186716	8930
V	2186949	8930
V	2188332	8933
V	2189025	8933
V	2189239	8933
V	2189705	8933
V	2190166	8930
V	2191570	8928
V	2192044	8928
V	2192285	8933
V	2193925	8933
V	2194866	8928
V	2195106	8928
V	2195344	8941
V	2195578	8939
V	2195812	8939
V	2196046	8939
V	2196279	8939
V	2196512	8939
V	2196747	8944
V	2196989	8944
V	2197230	8941
V	2198149	8941
V	2198610	8941
V	2199072	8941
V	2199995	8941
V	2202071	8941
V	2202304	8941
V	2202537	8944
V	2203687	8944
V	2203922	8944
V	2205070	8944
V	2205529	8941
V	2206695	8941
V	2207173	8941
V	2207413	8939
V	2207652	8939
V	2207890	8941
V	2208131	8944
V	2209306	8944
V	2209781	8950
V	2210255	8950
V	2210494	8950
V	2210716	8950
V	2210954	8950
V	2211195	8950
V	2211665	8950
V	2211897	8950
V	2212112	8952
V	2213694	8952
V	2214386	8952
V	2215997	8955
V	2216684	8955
V	2217126	8955
V	2217362	8952
V	2217597	8950
V	2218534	8955
V	2219245	8955
V	2219483	8961
V	2220179	8961
V	2220413	8961
V	2220648	8961
V	2220882	8961
V	2221112	8961
V	2221345	8963
V	2222272	8963
V	2223888	8963
V	2224121	8963
V	2227792	8966
V	2230121	8972
V	2230830	8972
V	2231286	8972
V	2231519	8974
V	2233363	8977
V	2234744	8977
V	2235190	8977
V	2236111	8972
V	2237529	8983
V	2238450	8983
V	2238690	8988
V	2239165	8988
V	2239406	8985
V	2239638	8983
V	2239853	8983
V	2240086	8983
V	2240318	8983
V	2240552	8983
V	2240785	8983
V	2241015	8983
V	2241245	8985
V	2242621	8985
V	2242854	8985
V	2243318	8988
V	2243782	8988
V	2244705	8988
V	2245166	8988
V	2245401	8988
V	2245632	8985
V	2246805	8983
V	2247043	8983
V	2247718	8994
V	2247957	8999
V	2248199	8996
V	2248666	8994
V	2248901	8994
V	2249134	8994
V	2249368	8994
V	2249601	8994
V	2249836	8994
V	2250071	8994
V	2250304	8994
V	2250535	8994
V	2250766	8996
V	2250996	8996
V	2251457	8996
V	2251688	8996
V	2252357	8996
V	2252591	8996
V	2253055	8996
V	2253288	8996
V	2253981	8996
V	2254675	8999
V	2255595	8999
V	2256287	8996
V	2256731	8996
V	2256964	8999
V	2257196	8996
V	2257429	8996
V	2258136	8994
V	2260730	8994
V	2260949	8994
V	2261187	8994
V	2261422	8996
V	2261662	8996
V	2262133	8999
V	2262608	9007
V	2263066	9005
V	2263298	9005
V	2263530	9005
V	2263764	9005
V	2263998	9005
V	2264229	9005
V	2264459	9005
V	2264690	9005
V	2264924	9005
V	2265155	9005
V	2265389	9005
V	2265621	9010
V	2266098	9007
V	2267710	9007
V	2268401	9007
V	2268634	9007
V	2268867	9007
V	2269329	9007
V	2269564	9007
V	2269796	9007
V	2270031	9007
V	2270487	9007
V	2270717	9010
V	2272080	9010
V	2272547	9010
V	2273242	9007
V	2274140	9007
V	2274374	9005
V	2275536	9005
V	2276244	9007
V	2276717	9007
V	2276956	9010
V	2277412	9016
V	2277888	9021
V	2278366	9016
V	2278597	9016
V	2278831	9016
V	2279061	9016
V	2279294	9016
V	2279528	9021
V	2279770	9018
V	2280003	9018
V	2280238	9018
V	2281389	9018
V	2281622	9018
V	2282085	9018
V	2282319	9018
V	2282552	9021
V	2284583	9021
V	2284817	9018
V	2285052	9018
V	2285513	9016
V	2287374	9016
V	2287593	9016
V	2287832	9021
V	2289226	9027
V	2290157	9027
V	2290391	9027
V	2290625	9027
V	2290858	9027
V	2291092	9027
V	2291324	9027
V	2291556	9027
V	2291789	9027
V	2292020	9032
V	2292495	9029
V	2293415	9029
V	2293644	9029
V	2294107	9029
V	2294574	9029
V	2295703	9029
V	2295938	9029
V	2296399	9032
V	2297319	9032
V	2297783	9032
V	2298014	9032
V	2298934	9032
V	2300770	9027
V	2301698	9027
V	2301938	9043
V	2303102	9040
V	2303335	9038
V	2303568	9038
V	2303801	9038
V	2304035	9038
V	2304267	9038
V	2304498	9040
V	2306124	9040
V	2306587	9040
V	2306819	9040
V	2308180	9043
V	2308643	9043
V	2309109	9043
V	2309345	9040
V	2310959	9040
V	2311194	9040
V	2311428	9043
V	2313780	9049
V	2314020	9049
V	2314730	9049
V	2314964	9049
V	2315195	9049
V	2315431	9049
V	2315665	9054
V	2315907	9049
V	2316140	9051
V	2317048	9051
V	2317741	9051
V	2318433	9051
V	2318895	9051
V	2319584	9051
V	2319800	9054
V	2320497	9054
V	2320732	9054
V	2320966	9054
V	2321202	9054
V	2322125	9049
V	2323524	9049
V	2323759	9049
V	2323996	9049
V	2324232	9049
V	2324473	9049
V	2324711	9049
V	2324950	9049
V	2325186	9060
V	2327080	9060
V	2327322	9060
V	2327564	9060
V	2327803	9060
V	2328042	9060
V	2328738	9060
V	2328972	9060
V	2329206	9060
V	2329439	9060
V	2329664	9060
V	2329898	9062
V	2330368	9062
V	2331963	9062
V	2333342	9062
V	2333576	9062
V	2333810	9065
V	2334256	9065
V	2334487	9065
V	2334951	9065
V	2335168	9065
V	2335863	9065
V	2336098	9062
V	2336332	9062
V	2336566	9062
V	2337502	9060
V	2337975	9062
V	2338215	9065
V	2339140	9071
V	2339379	9076
V	2339620	9071
V	2340536	9071
V	2340771	9071
V	2341004	9071
V	2341230	9071
V	2341465	9071
V	2341699	9071
V	2341932	9071
V	2342164	9071
V	2342394	9071
V	2342627	9073
V	2343080	9073
V	2343980	9073
V	2344213	9073
V	2344447	9073
V	2345098	9073
V	2345329	9073
V	2345791	9076
V	2346481	9076
V	2346945	9071
V	2348813	9071
V	2349051	9071
V	2349290	9071
V	2349527	9073
V	2349764	9087
V	2351416	9087
V	2352166	9087
V	2352681	9084
V	2352938	9087
V	2353454	9086
V	2354460	9084
V	2354713	9084
V	2354969	9084
V	2355228	9082
V	2355983	9087
V	2357006	9084
V	2358275	9084
V	2359277	9084
V	2359529	9084
V	2359787	9084
V	2360045	9082
V	2360303	9084
V	2360557	9084
V	2361048	9082
V	2362051	9087
V	2362803	9082
V	2363567	9082
V	2364579	9084
V	2364834	9086
V	2365085	9086
V	2365343	9084
V	2365854	9084
V	2366112	9084
V	2366363	9084
V	2366623	9087
V	2366874	9087
V	2367133	9084
V	2367391	9086
V	2368134	9086
V	2368878	9086
V	2369131	9086
V	2369383	9084
V	2370891	9084
V	2371143	9084
V	2371388	9082
V	2372145	9084
V	2372915	9084
V	2373174	9082
V	2374438	9084
V	2374693	9084
V	2374939	9084
V	2375191	9084
V	2375445	9084
V	2377454	9082
V	2377705	9082
V	2377957	9082
V	2378458	9084
V	2378710	9087
V	2379717	9082
V	2380466	9082
V	2380722	9084
V	2382230	9087
V	2382490	9087
V	2382743	9087
V	2383502	9082
V	2384003	9086
V	2384511	9082
V	2386253	9086
V	2387499	9082
V	2387749	9084
V	2388488	9084
V	2389238	9086
V	2390223	9086
V	2391237	9086
V	2391487	9086
V	2392989	9082
V	2393984	9087
V	2395228	9084
V	2395707	9082
V	2395939	9084
V	2396863	9084
V	2397098	9084
V	2397564	9084
V	2397798	9084
V	2399872	9087
V	2400319	9087
V	2400781	9082
V	2401942	9082
V	2402183	9082
V	2402421	9082
V	2402659	9093
V	2404054	9098
V	2404533	9098
V	2404773	9095
V	2404995	9093
V	2405227	9093
V	2405460	9093
V	2405694	9093
V	2405927	9093
V	2406160	9093
V	2406393	9093
V	2406626	9093
V	2406858	9093
V	2407090	9095
V	2408724	9095
V	2408957	9095
V	2409191	9095
V	2409651	9095
V	2409884	9095
V	2410115	9095
V	2410352	9098
V	2410586	9098
V	2411046	9098
V	2411740	9095
V	2413570	9095
V	2413803	9093
V	2414986	9093
V	2415226	9095
V	2415463	9093
V	2415704	9093
V	2415945	9104
V	2417591	9109
V	2417829	9104
V	2418045	9104
V	2418278	9104
V	2418511	9104
V	2418727	9104
V	2418961	9104
V	2419195	9104
V	2419426	9109
V	2419667	9109
V	2419909	9106
V	2421976	9106
V	2422438	9109
V	2424052	9109
V	2424289	9109
V	2424523	9106
V	2425667	9106
V	2427084	9104
V	2428028	9104
V	2428267	9104
V	2428740	9104
V	2428980	9106
V	2429222	9115
V	2429698	9115
V	2429938	9115
V	2430175	9115
V	2430407	9115
V	2430641	9115
V	2430872	9115
V	2431103	9115
V	2431336	9115
V	2431552	9115
V	2431786	9120
V	2432025	9120
V	2432267	9117
V	2433419	9117
V	2433634	9117
V	2433867	9117
V	2434101	9117
V	2437081	9117
V	2437543	9120
V	2438463	9120
V	2439156	9120
V	2439849	9120
V	2440081	9117
V	2440780	9115
V	2441252	9115
V	2441725	9120
V	2442905	9126
V	2443146	9126
V	2443588	9126
V	2443822	9128
V	2444055	9128
V	2444290	9128
V	2444750	9128
V	2444987	9128
V	2445447	9131
V	2447273	9131
V	2447506	9131
V	2450072	9126
V	2450546	9126
V	2450784	9126
V	2451021	9126
V	2451260	9126
V	2451500	9128
V	2451961	9131
V	2452896	9131
V	2453136	9137
V	2453374	9137
V	2453614	9142
V	2454330	9137
V	2454562	9137
V	2454789	9137
V	2455018	9137
V	2455252	9142
V	2455493	9139
V	2457559	9139
V	2459172	9142
V	2459866	9142
V	2460330	9142
V	2460563	9139
V	2461472	9137
V	2461711	9137
V	2461953	9137
V	2462192	9137
V	2462429	9137
V	2462904	9137
V	2463144	9142
V	2463383	9142
V	2463621	9148
V	2464079	9148
V	2464315	9148
V	2464775	9148
V	2465009	9148
V	2465240	9148
V	2465477	9148
V	2465710	9148
V	2465943	9148
V	2466177	9150
V	2469154	9150
V	2469388	9150
V	2469851	9150
V	2470085	9153
V	2470997	9153
V	2471461	9153
V	2471693	9153
V	2472157	9150
V	2473539	9150
V	2474005	9150
V	2474246	9148
V	2474720	9148
V	2474958	9148
V	2475195	9148
V	2475436	9148
V	2475675	9148
V	2475915	9148
V	2476153	9153
V	2476868	9153
V	2477110	9159
V	2477331	9164
V	2477572	9164
V	2477813	9159
V	2478504	9159
V	2478738	9159
V	2478972	9159
V	2479207	9159
V	2479439	9159
V	2479672	9159
V	2479901	9159
V	2480134	9159
V	2480365	9161
V	2481058	9161
V	2481291	9161
V	2481755	9161
V	2481991	9161
V	2482682	9164
V	2483836	9164
V	2484533	9164
V	2485207	9164
V	2485669	9164
V	2485904	9161
V	2486589	9161
V	2486824	9161
V	2487516	9161
V	2488449	9164
V	2488689	9164
V	2488931	9159
V	2489169	9161
V	2489637	9159
V	2489877	9164
V	2490823	9159
V	2491533	9170
V	2492220	9170
V	2492456	9170
V	2492687	9170
V	2492921	9170
V	2493154	9170
V	2493388	9170
V	2493622	9175
V	2493863	9175
V	2494105	9172
V	2494567	9172
V	2495033	9172
V	2495495	9172
V	2498451	9175
V	2498685	9175
V	2498920	9175
V	2499154	9175
V	2499845	9175
V	2500534	9172
V	2500986	9172
V	2501679	9172
V	2502373	9172
V	2502842	9170
V	2504957	9170
V	2505198	9175
V	2506141	9181
V	2506617	9186
V	2507093	9181
V	2507328	9181
V	2507562	9181
V	2507795	9186
V	2508270	9183
V	2508741	9183
V	2508975	9183
V	2509209	9183
V	2509672	9183
V	2509905	9183
V	2510136	9186
V	2510371	9186
V	2510835	9186
V	2511070	9186
V	2511304	9186
V	2511976	9186
V	2513838	9181
V	2514310	9181
V	2514547	9181
V	2514784	9181
V	2515022	9181
V	2515260	9183
V	2516202	9186
V	2516440	9192
V	2517154	9192
V	2517625	9192
V	2517859	9192
V	2518091	9194
V	2520158	9197
V	2520623	9197
V	2520859	9197
V	2521305	9197
V	2521771	9192
V	2523641	9197
V	2525052	9203
V	2525757	9203
V	2525994	9203
V	2526235	9203
V	2526474	9203
V	2527399	9203
V	2527629	9203
V	2527862	9203
V	2528096	9203
V	2528330	9203
V	2528563	9203
V	2528795	9203
V	2529026	9203
V	2529260	9203
V	2529493	9203
V	2529722	9208
V	2529959	9208
V	2530195	9205
V	2530427	9205
V	2530659	9205
V	2530891	9205
V	2531125	9205
V	2532048	9205
V	2532510	9205
V	2533202	9205
V	2533419	9205
V	2533650	9205
V	2534114	9205
V	2534573	9208
V	2535266	9208
V	2535729	9203
V	2537355	9203
V	2537596	9203
V	2537833	9203
V	2538075	9203
V	2538314	9203
V	2538554	9203
V	2538793	9203
V	2539034	9208
V	2539976	9208
V	2540452	9214
V	2540690	9219
V	2541401	9214
V	2541873	9214
V	2542578	9214
V	2543029	9214
V	2543263	9214
V	2543496	9214
V	2543723	9214
V	2543953	9219
V	2544430	9219
V	2544905	9216
V	2545138	9216
V	2545372	9216
V	2546289	9216
V	2547191	9216
V	2547883	9216
V	2549029	9219
V	2549265	9219
V	2549722	9219
V	2550188	9219
V	2550425	9216
V	2550650	9216
V	2551322	9216
V	2551554	9219
V	2552498	9219
V	2552737	9214
V	2552976	9214
V	2553217	9214
V	2553459	9214
V	2553933	9214
V	2554172	9219
V	2555096	9214
V	2555801	9214
V	2556039	9225
V	2556278	9225
V	2556518	9227
V	2556984	9225
V	2557216	9225
V	2557448	9225
V	2557682	9225
V	2557916	9225
V	2558147	9225
V	2558380	9225
V	2559306	9227
V	2559769	9227
V	2560003	9227
V	2560467	9227
V	2561161	9227
V	2561616	9230
V	2562309	9230
V	2563225	9230
V	2563460	9230
V	2564154	9230
V	2566205	9225
V	2566676	9225
V	2566914	9225
V	2567151	9225
V	2567392	9225
V	2567632	9225
V	2567872	9225
V	2568112	9230
V	2569989	9241
V	2570685	9238
V	2570918	9236
V	2571380	9236
V	2571613	9236
V	2571847	9236
V	2572079	9236
V	2572311	9238
V	2573015	9238
V	2573248	9238
V	2573710	9238
V	2574630	9238
V	2574863	9238
V	2575098	9238
V	2575332	9241
V	2576711	9241
V	2577175	9241
V	2577866	9241
V	2578331	9238
V	2578793	9238
V	2579028	9238
V	2579731	9241
V	2579970	9236
V	2580440	9236
V	2580675	9236
V	2580916	9236
V	2581156	9241
V	2582566	9247
V	2582806	9247
V	2583275	9247
V	2583508	9247
V	2583741	9247
V	2583974	9247
V	2584188	9252
V	2584428	9249
V	2585126	9249
V	2585359	9249
V	2585822	9249
V	2586054	9249
V	2586519	9249
V	2586753	9252
V	2588828	9252
V	2589062	9252
V	2589297	9249
V	2590220	9252
V	2591140	9252
V	2591373	9247
V	2592066	9247
V	2592305	9247
V	2592546	9247
V	2592786	9263
V	2593730	9258
V	2594425	9258
V	2594659	9258
V	2594895	9258
V	2595128	9258
V	2595362	9260
V	2596280	9260
V	2596977	9260
V	2597670	9260
V	2598363	9263
V	2599285	9263
V	2600200	9260
V	2601356	9258
V	2602296	9258
V	2602531	9258
V	2602769	9258
V	2603477	9263
V	2604656	9258
V	2605130	9269
V	2605370	9274
V	2605611	9269
V	2605844	9269
V	2606309	9269
V	2606544	9269
V	2606776	9269
V	2607009	9271
V	2610221	9271
V	2610455	9271
V	2610688	9271
V	2611150	9271
V	2611845	9274
V	2614135	9274
V	2615280	9271
V	2616220	9269
V	2616461	9269
V	2616698	9269
V	2616937	9269
V	2617177	9269
V	2617418	9271
V	2617890	9269
V	2618130	9280
V	2618838	9280
V	2619077	9280
V	2619314	9280
V	2619555	9285
V	2619795	9280
V	2620264	9280
V	2620498	9280
V	2620731	9280
V	2620961	9280
V	2621194	9280
V	2621427	9280
V	2621656	9285
V	2621896	9285
V	2623080	9282
V	2624458	9282
V	2624693	9282
V	2624927	9282
V	2625160	9282
V	2625622	9282
V	2626297	9282
V	2626531	9282
V	2627664	9282
V	2628349	9282
V	2628582	9282
V	2629047	9285
V	2629742	9285
V	2629975	9285
V	2630205	9282
V	2630664	9282
V	2631598	9282
V	2633485	9280
V	2633725	9280
V	2633966	9282
V	2635142	9291
V	2635619	9291
V	2635858	9296
V	2636334	9293
V	2636568	9293
V	2636799	9291
V	2637259	9291
V	2637476	9291
V	2637709	9291
V	2637943	9291
V	2638176	9291
V	2638410	9296
V	2639122	9296
V	2639364	9293
V	2639597	9293
V	2639831	9293
V	2640522	9293
V	2641440	9293
V	2641674	9296
V	2643027	9296
V	2643262	9296
V	2643493	9296
V	2643940	9293
V	2644404	9293
V	2645768	9293
V	2646006	9291
V	2646482	9291
V	2646722	9291
V	2646963	9293
V	2647203	9293
V	2647677	9293
V	2648153	9296
V	2648626	9302
V	2649340	9302
V	2649572	9302
V	2649804	9302
V	2650037	9302
V	2650270	9302
V	2650503	9302
V	2650734	9302
V	2650947	9304
V	2652298	9304
V	2652760	9304
V	2652997	9304
V	2653231	9304
V	2653695	9304
V	2654619	9307
V	2655544	9307
V	2655779	9307
V	2656243	9307
V	2656705	9307
V	2656936	9304
V	2658783	9302
V	2659258	9302
V	2659497	9302
V	2659736	9302
V	2659976	9304
V	2660447	9307
V	2661389	9302
V	2661625	9313
V	2662078	9313
V	2662311	9313
V	2662543	9315
V	2664829	9315
V	2665293	9315
V	2665753	9315
V	2666210	9315
V	2668048	9315
V	2668281	9315
V	2668509	9313
V	2669691	9313
V	2669928	9313
V	2670165	9313
V	2670407	9313
V	2670647	9313
V	2670887	9313
V	2671126	9315
V	2672064	9318
V	2673006	9318
V	2673247	9324
V	2673724	9324
V	2674194	9324
V	2674429	9324
V	2674659	9324
V	2674890	9329
V	2675131	9326
V	2675363	9326
V	2676051	9326
V	2676740	9326
V	2677199	9326
V	2677433	9326
V	2678354	9326
V	2679508	9329
V	2680659	9329
V	2681123	9329
V	2681572	9329
V	2681807	9329
V	2682042	9329
V	2682278	9324
V	2683903	9324
V	2684143	9324
V	2684383	9324
V	2684622	9324
V	2684864	9324
V	2685102	9329
V	2685813	9329
V	2687224	9337
V	2688165	9335
V	2688855	9335
V	2689090	9335
V	2689323	9335
V	2689556	9335
V	2689785	9335
V	2690015	9335
V	2690232	9335
V	2690466	9335
V	2690699	9335
V	2690934	9340
V	2691175	9337
V	2691868	9337
V	2692331	9337
V	2693480	9337
V	2693940	9340
V	2694632	9340
V	2694864	9340
V	2695099	9340
V	2695334	9340
V	2695796	9340
V	2696260	9335
V	2697426	9335
V	2697665	9335
V	2697905	9335
V	2698378	9335
V	2698616	9337
V	2698855	9340
V	2699311	9346
V	2699551	9346
V	2699789	9351
V	2700029	9346
V	2700261	9346
V	2700495	9346
V	2700729	9346
V	2700965	9346
V	2701196	9348
V	2703730	9351
V	2704190	9348
V	2706442	9348
V	2706665	9348
V	2707137	9351
V	2708082	9351
V	2708320	9346
V	2708561	9346
V	2708796	9351
V	2709271	9357
V	2709744	9357
V	2709978	9357
V	2710212	9357
V	2710445	9357
V	2710677	9357
V	2710907	9357
V	2711612	9359
V	2711845	9359
V	2712078	9359
V	2714373	9359
V	2714609	9359
V	2715069	9359
V	2715532	9362
V	2715999	9362
V	2717359	9359
V	2719206	9362
V	2720153	9357
V	2720626	9357
V	2720867	9357
V	2721105	9357
V	2721342	9359
V	2721579	9362
V	2721817	9362
V	2722056	9368
V	2722292	9368
V	2722531	9368
V	2722771	9368
V	2723470	9368
V	2723685	9368
V	2723922	9368
V	2724145	9368
V	2724379	9368
V	2724613	9368
V	2724843	9373
V	2725081	9370
V	2725546	9370
V	2725776	9370
V	2726007	9370
V	2726240	9370
V	2726703	9370
V	2728988	9373
V	2729904	9373
V	2730140	9373
V	2730374	9373
V	2731281	9370
V	2732197	9370
V	2732432	9368
V	2733610	9368
V	2733849	9368
V	2734089	9368
V	2734327	9368
V	2734566	9368
V	2734803	9368
V	2735043	9373
V	2736454	9379
V	2736693	9384
V	2736917	9379
V	2737381	9379
V	2737613	9379
V	2737848	9379
V	2738066	9379
V	2738301	9381
V	2738764	9381
V	2738995	9381
V	2739455	9381
V	2739688	9381
V	2739921	9381
V	2740155	9381
V	2740617	9381
V	2741081	9384
V	2743349	9381
V	2744728	9381
V	2745193	9379
V	2745886	9379
V	2746128	9379
V	2746369	9384
V	2747079	9379
V	2747317	9390
V	2747555	9390
V	2747795	9395
V	2748037	9390
V	2748720	9392
V	2750327	9392
V	2750788	9392
V	2751022	9392
V	2751705	9392
V	2751939	9392
V	2753074	9395
V	2753309	9390
V	2755569	9390
V	2755809	9390
V	2756050	9401
V	2756756	9401
V	2756988	9401
V	2757221	9401
V	2757456	9401
V	2757690	9401
V	2757925	9401
V	2758157	9401
V	2758388	9403
V	2759319	9403
V	2760011	9403
V	2760243	9403
V	2760477	9403
V	2760939	9403
V	2762093	9403
V	2762555	9403
V	2762790	9406
V	2763024	9406
V	2763258	9406
V	2764639	9406
V	2764871	9403
V	2766240	9406
V	2766479	9401
V	2766720	9401
V	2766957	9401
V	2767197	9401
V	2767436	9401
V	2767678	9401
V	2767913	9401
V	2768154	9417
V	2770101	9416
V	2770343	9412
V	2771096	9414
V	2771854	9412
V	2772108	9414
V	2772365	9416
V	2774641	9412
V	2775652	9414
V	2776657	9414
V	2776911	9414
V	2777670	9417
V	2778177	9417
V	2778681	9416
V	2779182	9416
V	2779670	9414
V	2779928	9414
V	2781187	9414
V	2781947	9414
V	2782948	9417
V	2783202	9416
V	2784434	9414
V	2785442	9412
V	2786198	9416
V	2787451	9416
V	2787702	9412
V	2787957	9414
V	2788209	9416
V	2788466	9416
V	2788969	9416
V	2789217	9416
V	2790203	9416
V	2791189	9416
V	2791440	9417
V	2791949	9412
V	2792707	9412
V	2792959	9412
V	2794194	9417
V	2794436	9412
V	2794670	9412
V	2794904	9412
V	2795136	9412
V	2795369	9412
V	2795601	9412
V	2795836	9412
V	2796069	9414
V	2796536	9414
V	2798378	9414
V	2799070	9417
V	2799991	9417
V	2800225	9417
V	2800906	9417
V	2801601	9417
V	2802064	9417
V	2802298	9412
V	2803208	9412
V	2803447	9412
V	2803902	9417
V	2805316	9428
V	2806262	9425
V	2806496	9423
V	2806731	9423
V	2806965	9423
V	2807199	9423
V	2807429	9423
V	2807663	9423
V	2807896	9423
V	2808130	9423
V	2808363	9423
V	2808597	9428
V	2809542	9428
V	2809778	9425
V	2810239	9425
V	2811159	9425
V	2813001	9428
V	2814146	9428
V	2814608	9428
V	2814842	9428
V	2815532	9428
V	2815766	9428
V	2815998	9425
V	2816463	9425
V	2816688	9425
V	2817141	9428
V	2818252	9425
V	2819196	9428
V	2819900	9423
V	2820138	9423
V	2820378	9423
V	2820618	9423
V	2820857	9423
V	2821098	9423
V	2821338	9434
V	2821810	9434
V	2822050	9439
V	2822292	9434
V	2822991	9434
V	2823226	9434
V	2823456	9434
V	2823689	9434
V	2823923	9434
V	2824153	9436
V	2824389	9436
V	2824623	9436
V	2827157	9436
V	2827614	9439
V	2828518	9439
V	2828753	9439
V	2829451	9436
V	2830605	9439
V	2831547	9434
V	2831784	9434
V	2832022	9434
V	2832258	9434
V	2832500	9434
V	2832742	9434
V	2832983	9439
V	2834143	9445
V	2834848	9445
V	2835061	9445
V	2835296	9445
V	2835529	9445
V	2835759	9445
V	2835994	9447
V	2837603	9447
V	2838065	9447
V	2838527	9447
V	2839216	9447
V	2840135	9450
V	2840366	9450
V	2840835	9447
V	2841528	9445
V	2841998	9445
V	2842240	9445
V	2842477	9445
V	2842718	9445
V	2842957	9445
V	2843196	9450
V	2844615	9450
V	2844854	9450
V	2845328	9450
V	2845570	9461
V	2846285	9456
V	2846742	9456
V	2846975	9456
V	2847211	9458
V	2848576	9458
V	2849037	9458
V	2849270	9458
V	2849727	9458
V	2849960	9458
V	2850425	9458
V	2851803	9461
V	2852272	9461
V	2852727	9461
V	2853841	9461
V	2854075	9458
V	2854545	9458
V	2855704	9458
V	2856413	9461
V	2856653	9461
V	2856891	9456
V	2857129	9456
V	2857370	9456
V	2857609	9456
V	2857849	9456
V	2858090	9461
V	2859267	9467
V	2859501	9467
V	2859735	9467
V	2859967	9467
V	2860199	9467
V	2860434	9467
V	2860668	9467
V	2860903	9467
V	2861135	9467
V	2861369	9467
V	2861601	9469
V	2862299	9469
V	2862533	9469
V	2862764	9469
V	2864148	9469
V	2865297	9469
V	2865527	9472
V	2866203	9469
V	2866437	9472
V	2866672	9472
V	2867590	9472
V	2867825	9472
V	2868059	9472
V	2868296	9472
V	2868531	9472
V	2868992	9469
V	2869682	9472
V	2871093	9467
V	2871331	9467
V	2871567	9467
V	2871807	9467
V	2872030	9467
V	2872269	9467
V	2872508	9467
V	2872748	9469
V	2874165	9472
V	2875107	9478
V	2875813	9478
V	2876045	9478
V	2876279	9478
V	2876512	9480
V	2877665	9480
V	2878360	9480
V	2878592	9480
V	2879051	9480
V	2879516	9480
V	2879747	9480
V	2880439	9480
V	2880669	9480
V	2881134	9480
V	2881600	9483
V	2882290	9483
V	2882524	9483
V	2882758	9480
V	2883896	9483
V	2884130	9483
V	2885079	9483
V	2885317	9483
V	2885556	9478
V	2885792	9478
V	2886028	9480
V	2886485	9483
V	2887660	9489
V	2888118	9489
V	2888357	9489
V	2888598	9489
V	2889308	9491
V	2889542	9491
V	2889776	9489
V	2890007	9489
V	2890239	9489
V	2890474	9489
V	2890706	9489
V	2890936	9489
V	2891168	9489
V	2891400	9489
V	2891631	9489
V	2891863	9489
V	2892093	9491
V	2892562	9491
V	2892795	9491
V	2893488	9491
V	2894638	9491
V	2896250	9494
V	2896484	9494
V	2897636	9494
V	2898333	9491
V	2899023	9491
V	2899257	9491
V	2899494	9491
V	2900187	9489
V	2902061	9489
V	2902299	9489
V	2902536	9489
V	2902776	9489
V	2903016	9489
V	2903257	9489
V	2903493	9491
V	2904440	9494
V	2904917	9494
V	2905158	9494
V	2905397	9489
V	2905871	9505
V	2906112	9500
V	2906352	9502
V	2906585	9500
V	2906818	9500
V	2907052	9500
V	2907284	9500
V	2907517	9500
V	2907751	9500
V	2907983	9505
V	2908460	9505
V	2908930	9502
V	2909162	9502
V	2910996	9502
V	2912376	9502
V	2913064	9505
V	2913526	9505
V	2913760	9505
V	2914682	9505
V	2916313	9500
V	2916554	9500
V	2916793	9500
V	2917016	9502
V	2917727	9505
V	2918205	9511
V	2918681	9516
V	2919162	9516
V	2919404	9511
V	2919638	9511
V	2919871	9511
V	2920104	9511
V	2920338	9511
V	2920569	9511
V	2920801	9513
V	2921034	9511
V	2921496	9513
V	2921729	9513
V	2922422	9513
V	2922883	9513
V	2923342	9513
V	2923575	9513
V	2923806	9513
V	2924268	9516
V	2925414	9516
V	2925648	9516
V	2927467	9513
V	2928859	9511
V	2929567	9511
V	2929808	9511
V	2930282	9516
V	2930989	9516
V	2931226	9522
V	2931465	9527
V	2931705	9522
V	2932416	9522
V	2932879	9522
V	2933113	9522
V	2933347	9522
V	2933580	9527
V	2934056	9527
V	2937274	9527
V	2937738	9524
V	2938897	9524
V	2939609	9522
V	2940084	9522
V	2940324	9522
V	2940565	9522
V	2940804	9524
V	2941728	9538
V	2942204	9538
V	2942682	9533
V	2943142	9533
V	2943375	9533
V	2943608	9533
V	2943842	9533
V	2944075	9533
V	2944307	9535
V	2945475	9535
V	2946630	9535
V	2947093	9535
V	2948239	9538
V	2949162	9538
V	2949397	9538
V	2949632	9538
V	2949868	9538
V	2950103	9538
V	2950335	9535
V	2951035	9533
V	2951510	9533
V	2951751	9533
V	2951991	9535
V	2952230	9538
V	2953883	9533
V	2954121	9544
V	2954360	9544
V	2955060	9544
V	2955294	9544
V	2955527	9544
V	2955761	9549
V	2956002	9546
V	2956471	9546
V	2957155	9546
V	2957389	9546
V	2958083	9546
V	2958317	9546
V	2958780	9546
V	2959014	9546
V	2959477	9546
V	2959938	9549
V	2960403	9546
V	2960871	9546
V	2962026	9544
V	2963670	9544
V	2963905	9544
V	2964144	9544
V	2964616	9549
V	2965091	9555
V	2965780	9555
V	2966014	9555
V	2966245	9555
V	2966477	9555
V	2966711	9557
V	2967617	9557
V	2969222	9557
V	2969916	9557
V	2970150	9560
V	2970822	9560
V	2971289	9560
V	2971521	9557
V	2972647	9555
V	2974965	9555
V	2975205	9555
V	2975444	9555
V	2975684	9555
V	2975920	9555
V	2976160	9557
V	2976398	9557
V	2977574	9557
V	2978047	9560
V	2978523	9566
V	2978762	9571
V	2978985	9571
V	2979227	9566
V	2979465	9566
V	2979699	9566
V	2979933	9566
V	2980162	9566
V	2980393	9568
V	2983850	9568
V	2984542	9568
V	2985457	9568
V	2985918	9568
V	2986381	9571
V	2986842	9571
V	2987076	9571
V	2987312	9571
V	2987548	9568
V	2988681	9571
V	2989376	9568
V	2990082	9566
V	2991266	9566
V	2991505	9566
V	2991745	9568
V	2992682	9566
V	2993153	9582
V	2993394	9577
V	2993628	9577
V	2993861	9577
V	2994095	9577
V	2994328	9582
V	2994570	9579
V	2995483	9579
V	2995942	9579
V	2996620	9582
V	2997769	9582
V	2997985	9582
V	2998448	9579
V	2998915	9577
V	2999627	9577
V	2999868	9577
V	3000339	9582
V	3001518	9593
V	3001996	9593
V	3002455	9588
V	3002897	9588
V	3003131	9588
V	3003365	9590
V	3004979	9590
V	3005900	9590
V	3006363	9590
V	3006593	9593
V	3007513	9593
V	3007977	9590
V	3008647	9588
V	3009576	9588
V	3009817	9588
V	3010057	9588
V	3010294	9588
V	3010529	9588
V	3010767	9588
V	3011009	9588
V	3011251	9588
V	3011492	9588
V	3011713	9588
V	3011951	9588
V	3012192	9588
V	3012434	9590
V	3012671	9599
V	3013119	9599
V	3013353	9599
V	3013584	9604
V	3013826	9599
V	3014055	9604
V	3014294	9601
V	3014993	9601
V	3015228	9601
V	3015462	9601
V	3015697	9601
V	3016158	9601
V	3017074	9601
V	3017308	9601
V	3017771	9601
V	3018464	9601
V	3018698	9604
V	3021908	9604
V	3023324	9599
V	3023564	9599
V	3023805	9599
V	3024046	9599
V	3024284	9599
V	3024525	9599
V	3024765	9599
V	3025005	9599
V	3025709	9601
V	3026185	9610
V	3026891	9610
V	3027130	9615
V	3027825	9610
V	3028283	9610
V	3028515	9610
V	3028747	9610
V	3028980	9610
V	3029213	9615
V	3029455	9615
V	3029678	9610
V	3029913	9612
V	3030375	9612
V	3030839	9612
V	3031761	9615
V	3033123	9612
V	3033584	9610
V	3034511	9610
V	3034751	9610
V	3034989	9610
V	3035229	9610
V	3035452	9610
V	3035927	9612
V	3036165	9615
V	3036640	9615
V	3036878	9615
V	3037120	9626
V	3037362	9626
V	3037604	9621
V	3038065	9621
V	3038299	9621
V	3038532	9621
V	3038765	9621
V	3038998	9621
V	3039231	9621
V	3039465	9621
V	3039698	9623
V	3040395	9623
V	3040857	9623
V	3041549	9623
V	3042438	9623
V	3042902	9623
V	3043363	9626
V	3043826	9626
V	3044289	9626
V	3044737	9626
V	3044969	9626
V	3045424	9623
V	3046781	9626
V	3047246	9621
V	3048198	9621
V	3048440	9626
V	3048913	9626
V	3049151	9621
V	3049388	9632
V	3049629	9632
V	3049860	9632
V	3050092	9632
V	3050325	9632
V	3050558	9632
V	3050792	9632
V	3051026	9632
V	3051260	9632
V	3051494	9632
V	3051725	9632
V	3051956	9637
V	3052429	9637
V	3053375	9634
V	3053840	9634
V	3054074	9634
V	3054309	9634
V	3055912	9637
V	3057061	9637
V	3057524	9634
V	3057987	9634
V	3058222	9637
V	3058454	9632
V	3059613	9632
V	3059855	9632
V	3060093	9632
V	3060334	9637
V	3061040	9637
V	3061745	9648
V	3061986	9648
V	3062227	9645
V	3062931	9645
V	3063164	9643
V	3063398	9643
V	3063632	9643
V	3063864	9643
V	3064098	9643
V	3064329	9643
V	3064563	9643
V	3064798	9643
V	3065033	9645
V	3065494	9645
V	3065961	9645
V	3066424	9645
V	3067576	9645
V	3067809	9648
V	3068957	9648
V	3069650	9648
V	3070115	9645
V	3070807	9643
V	3071974	9643
V	3072214	9643
V	3072453	9643
V	3072694	9643
V	3072932	9643
V	3073406	9643
V	3073644	9659
V	3075278	9654
V	3075518	9654
V	3076219	9654
V	3076445	9654
V	3076678	9654
V	3076909	9654
V	3077140	9654
V	3077373	9654
V	3077609	9654
V	3077842	9656
V	3078540	9656
V	3079911	9656
V	3080833	9656
V	3081297	9656
V	3083595	9659
V	3083828	9654
V	3086395	9659
V	3087553	9659
V	3088023	9659
V	3088497	9654
V	3088736	9670
V	3088977	9665
V	3089212	9665
V	3089446	9665
V	3089662	9665
V	3089894	9665
V	3090128	9665
V	3090362	9665
V	3090595	9665
V	3091062	9667
V	3091523	9667
V	3091755	9667
V	3091988	9667
V	3092448	9667
V	3092682	9667
V	3093602	9670
V	3095446	9667
V	3097505	9665
V	3098213	9665
V	3098455	9676
V	3099398	9676
V	3099632	9676
V	3099866	9676
V	3100100	9676
V	3100330	9681
V	3100805	9678
V	3101497	9678
V	3101731	9678
V	3101965	9678
V	3103545	9678
V	3104010	9681
V	3104704	9681
V	3104938	9681
V	3105399	9681
V	3105844	9681
V	3106081	9681
V	3106543	9678
V	3107478	9676
V	3108422	9676
V	3108659	9676
V	3108897	9676
V	3109137	9676
V	3109377	9676
V	3109616	9692
V	3110561	9687
V	3111264	9687
V	3111496	9687
V	3111729	9687
V	3111964	9687
V	3112190	9687
V	3112424	9687
V	3112655	9687
V	3112890	9687
V	3113106	9687
V	3113338	9689
V	3114269	9689
V	3115417	9689
V	3115651	9689
V	3116114	9689
V	3117246	9689
V	3117936	9692
V	3118859	9692
V	3119076	9692
V	3119540	9692
V	3120905	9692
V	3122559	9692
V	3122796	9687
V	3123032	9687
V	3123269	9687
V	3123508	9687
V	3123748	9687
V	3123990	9687
V	3124228	9687
V	3124470	9692
V	3125416	9698
V	3125655	9698
V	3126350	9698
V	3126584	9698
V	3126821	9703
V	3127296	9700
V	3128865	9700
V	3129100	9700
V	3129333	9703
V	3130247	9703
V	3130711	9703
V	3131176	9700
V	3131411	9698
V	3132119	9698
V	3132360	9698
V	3132601	9698
V	3132840	9698
V	3133081	9703
V	3133788	9709
V	3134731	9714
V	3134973	9711
V	3135203	9709
V	3135437	9709
V	3135663	9709
V	3135896	9709
V	3136128	9709
V	3136364	9709
V	3136598	9709
V	3136832	9714
V	3137073	9711
V	3138911	9711
V	3139371	9711
V	3140286	9714
V	3140749	9714
V	3141668	9714
V	3142128	9714
V	3142360	9711
V	3142594	9711
V	3143057	9714
V	3144235	9709
V	3144711	9709
V	3144950	9709
V	3145186	9709
V	3145427	9709
V	3145668	9709
V	3145906	9714
V	3147321	9720
V	3147552	9720
V	3147781	9720
V	3148015	9720
V	3148249	9720
V	3148485	9720
V	3148715	9720
V	3148944	9720
V	3149393	9722
V	3150088	9722
V	3151468	9722
V	3151701	9722
V	3152623	9722
V	3152856	9725
V	3154689	9725
V	3156953	9720
V	3158128	9720
V	3158365	9720
V	3158606	9720
V	3158846	9722
V	3159084	9720
V	3159324	9720
V	3159564	9725
V	3160273	9731
V	3160512	9736
V	3160752	9733
V	3161220	9733
V	3161679	9731
V	3161913	9731
V	3162147	9731
V	3162377	9736
V	3162598	9736
V	3162840	9733
V	3163533	9733
V	3164454	9733
V	3164689	9733
V	3165845	9736
V	3166304	9736
V	3167441	9731
V	3168596	9731
V	3168836	9731
V	3169076	9731
V	3169312	9731
V	3169551	9731
V	3169787	9731
V	3170025	9731
V	3170265	9731
V	3170506	9736
V	3171662	9742
V	3172604	9747
V	3172842	9742
V	3173310	9742
V	3173544	9742
V	3173776	9742
V	3174007	9742
V	3174241	9742
V	3174475	9742
V	3174708	9744
V	3175633	9744
V	3176326	9744
V	3176788	9744
V	3177252	9744
V	3177484	9744
V	3178409	9747
V	3178870	9747
V	3179565	9747
V	3179799	9744
V	3180252	9747
V	3180712	9744
V	3181181	9747
V	3181894	9742
V	3182131	9742
V	3182369	9742
V	3182610	9742
V	3182851	9742
V	3183088	9747
V	3184735	9757
V	3184991	9755
V	3185244	9758
V	3185489	9755
V	3185992	9758
V	3186494	9755
V	3186750	9757
V	3187000	9755
V	3187247	9755
V	3187500	9755
V	3187756	9755
V	3188014	9753
V	3190012	9755
V	3193775	9757
V	3195516	9757
V	3196024	9755
V	3196280	9753
V	3196785	9757
V	3198551	9757
V	3198810	9757
V	3199318	9755
V	3199574	9755
V	3199822	9755
V	3200315	9753
V	3200825	9757
V	3201569	9755
V	3201822	9758
V	3202080	9755
V	3202584	9758
V	3202841	9755
V	3203089	9755
V	3205074	9755
V	3205331	9757
V	3205585	9755
V	3205836	9755
V	3206086	9755
V	3206342	9755
V	3207100	9755
V	3207846	9758
V	3210834	9755
V	3212074	9755
V	3212584	9753
V	3213836	9757
V	3215092	9757
V	3215347	9753
V	3218851	9755
V	3220107	9755
V	3220613	9755
V	3220867	9757
V	3221119	9755
V	3221873	9755
V	3222379	9758
V	3223606	9753
V	3224846	9757
V	3226335	9758
V	3226587	9758
V	3226841	9758
V	3227100	9757
V	3227580	9758
V	3227830	9758
V	3228083	9758
V	3228339	9753
V	3228851	9755
V	3229107	9753
V	3229358	9753
V	3229844	9753
V	3230304	9753
V	3230538	9753
V	3230774	9753
V	3231008	9753
V	3231242	9755
V	3231474	9755
V	3231705	9755
V	3232396	9755
V	3232630	9755
V	3233094	9755
V	3233327	9755
V	3233561	9755
V	3234023	9755
V	3234483	9755
V	3234714	9755
V	3234946	9755
V	3235179	9755
V	3235639	9755
V	3238167	9753
V	3238643	9753
V	3238880	9753
V	3239116	9753
V	3239353	9753
V	3239592	9753
V	3239831	9758
V	3241004	9758
V	3241241	9766
V	3242183	9764
V	3242416	9764
V	3242648	9764
V	3242881	9764
V	3243115	9764
V	3243347	9764
V	3243582	9766
V	3244282	9766
V	3245429	9766
V	3245890	9766
V	3248411	9769
V	3249329	9769
V	3250249	9769
V	3250480	9766
V	3250706	9769
V	3251168	9766
V	3252810	9769
V	3253047	9764
V	3253284	9764
V	3253525	9764
V	3253762	9764
V	3254001	9769
V	3254478	9769
V	3254955	9775
V	3255431	9775
V	3255670	9775
V	3255909	9775
V	3256130	9775
V	3256369	9775
V	3256609	9777
V	3257076	9775
V	3257308	9775
V	3257541	9775
V	3257773	9775
V	3258007	9775
V	3258242	9777
V	3259401	9777
V	3259634	9777
V	3260552	9777
V	3260786	9777
V	3262856	9777
V	3263301	9777
V	3263535	9777
V	3264917	9777
V	3266746	9777
V	3267219	9775
V	3268401	9775
V	3268637	9775
V	3268873	9775
V	3269113	9775
V	3269353	9775
V	3269593	9777
V	3270533	9777
V	3270772	9775
V	3271010	9775
V	3271246	9788
V	3271478	9786
V	3271711	9786
V	3271943	9786
V	3272177	9786
V	3272410	9786
V	3272644	9786
V	3272874	9786
V	3273105	9786
V	3273338	9786
V	3273571	9788
V	3273802	9788
V	3275398	9788
V	3276548	9788
V	3277011	9788
V	3277700	9791
V	3278387	9791
V	3278622	9788
V	3279531	9788
V	3280220	9788
V	3280454	9788
V	3280930	9791
V	3281406	9786
V	3281883	9786
V	3282120	9786
V	3282358	9786
V	3282599	9786
V	3282837	9786
V	3283076	9786
V	3284722	9797
V	3285413	9797
V	3285647	9797
V	3285878	9797
V	3286108	9797
V	3286322	9802
V	3286546	9799
V	3286780	9799
V	3287241	9799
V	3288849	9799
V	3290232	9802
V	3290918	9802
V	3291154	9802
V	3291389	9802
V	3291621	9799
V	3291846	9799
V	3294173	9797
V	3294885	9797
V	3295122	9797
V	3295363	9797
V	3295604	9802
V	3296784	9808
V	3297254	9808
V	3297486	9808
V	3297720	9808
V	3297952	9808
V	3298187	9808
V	3298420	9808
V	3298654	9808
V	3299125	9813
V	3299367	9810
V	3300259	9810
V	3301411	9810
V	3301878	9813
V	3303024	9813
V	3304164	9810
V	3305333	9810
V	3305807	9808
V	3306047	9808
V	3306266	9808
V	3306506	9808
V	3306747	9808
V	3306969	9808
V	3307208	9813
V	3308392	9819
V	3309331	9824
V	3309572	9819
V	3310043	9819
V	3310278	9819
V	3310504	9819
V	3310738	9819
V	3310970	9819
V	3311205	9819
V	3311439	9819
V	3311673	9819
V	3311908	9821
V	3312599	9821
V	3313275	9821
V	3314197	9821
V	3314654	9824
V	3315348	9824
V	3315582	9824
V	3315815	9824
V	3316049	9824
V	3316282	9821
V	3317202	9821
V	3317432	9824
V	3317667	9821
V	3318363	9821
V	3319539	9821
V	3320015	9819
V	3320488	9819
V	3320727	9819
V	3320969	9819
V	3321208	9819
V	3321448	9821
V	3321922	9830
V	3323332	9830
V	3323573	9830
V	3324039	9830
V	3324274	9830
V	3324509	9835
V	3324966	9832
V	3325199	9832
V	3327038	9832
V	3327270	9835
V	3327965	9835
V	3328889	9832
V	3330471	9830
V	3330711	9830
V	3330934	9830
V	3331174	9835
V	3332115	9835
V	3332353	9830
V	3332592	9843
V	3332808	9841
V	3333040	9843
V	3333951	9843
V	3334874	9843
V	3335108	9843
V	3335339	9843
V	3335571	9843
V	3335803	9843
V	3337178	9846
V	3338100	9846
V	3338333	9843
V	3338565	9846
V	3339029	9843
V	3340439	9843
V	3340679	9843
V	3340919	9846
V	3341864	9841
V	3342104	9841
V	3342344	9841
V	3342585	9841
V	3342825	9843
V	3343300	9843
V	3344238	9846
V	3344714	9846
V	3345190	9846
V	3345431	9852
V	3345670	9852
V	3346576	9852
V	3346811	9852
V	3347045	9852
V	3347277	9852
V	3347507	9852
V	3347739	9852
V	3347968	9852
V	3348674	9857
V	3348911	9854
V	3349615	9854
V	3349828	9854
V	3351193	9854
V	3352120	9854
V	3352581	9854
V	3353489	9852
V	3355782	9852
V	3356022	9852
V	3356263	9852
V	3356486	9852
V	3356725	9852
V	3356966	9852
V	3357207	9857
V	3358855	9868
V	3359096	9863
V	3359557	9863
V	3359791	9863
V	3360023	9863
V	3360256	9863
V	3360488	9863
V	3360717	9868
V	3360959	9865
V	3361195	9865
V	3361656	9865
V	3361889	9865
V	3363497	9868
V	3363730	9868
V	3364647	9868
V	3364878	9868
V	3365111	9868
V	3365343	9868
V	3365581	9868
V	3365813	9865
V	3366038	9868
V	3366723	9863
V	3367435	9865
V	3368141	9874
V	3368615	9879
V	3368857	9879
V	3369098	9876
V	3369558	9874
V	3369792	9874
V	3370025	9874
V	3370258	9874
V	3370473	9874
V	3370707	9874
V	3370941	9874
V	3371175	9874
V	3371408	9874
V	3371640	9879
V	3371879	9879
V	3372354	9876
V	3373039	9876
V	3373730	9879
V	3374190	9879
V	3374879	9879
V	3375111	9879
V	3375346	9879
V	3375811	9876
V	3376265	9874
V	3378592	9874
V	3378812	9874
V	3379052	9874
V	3379291	9876
V	3379531	9876
V	3379988	9885
V	3381381	9885
V	3382769	9885
V	3383001	9885
V	3383235	9885
V	3383467	9885
V	3383699	9885
V	3383929	9887
V	3384396	9887
V	3384629	9887
V	3384861	9887
V	3385554	9887
V	3386015	9887
V	3386475	9887
V	3387852	9887
V	3388316	9890
V	3388532	9890
V	3388767	9890
V	3389005	9890
V	3389240	9890
V	3389476	9890
V	3389938	9890
V	3390174	9887
V	3390857	9887
V	3391989	9885
V	3392696	9885
V	3392935	9885
V	3393176	9887
V	3393413	9885
V	3394589	9896
V	3394829	9896
V	3395068	9901
V	3395310	9896
V	3395542	9896
V	3395774	9896
V	3396005	9896
V	3396238	9901
V	3396710	9901
V	3396948	9898
V	3397179	9898
V	3397412	9898
V	3397642	9898
V	3397876	9898
V	3399029	9898
V	3399263	9901
V	3399934	9901
V	3400164	9901
V	3400631	9901
V	3400866	9901
V	3401785	9901
V	3402020	9898
V	3402483	9898
V	3402932	9896
V	3403877	9896
V	3404115	9896
V	3404354	9896
V	3404593	9896
V	3404834	9896
V	3405073	9901
V	3406702	9901
V	3406940	9901
V	3407411	9901
V	3407652	9896
V	3407888	9909
V	3408120	9907
V	3408352	9907
V	3408585	9907
V	3408817	9907
V	3409049	9912
V	3409525	9912
V	3409762	9909
V	3410677	9909
V	3410911	9909
V	3411143	9909
V	3413212	9909
V	3413674	9909
V	3413906	9909
V	3414137	9912
V	3414600	9909
V	3416213	9912
V	3416906	9909
V	3417376	9909
V	3418319	9912
V	3418559	9907
V	3419029	9907
V	3419267	9907
V	3419507	9907
V	3419747	9907
V	3419987	9907
V	3422106	9918
V	3422812	9918
V	3423045	9918
V	3423279	9918
V	3423512	9918
V	3423748	9918
V	3423981	9918
V	3424214	9918
V	3424447	9918
V	3424681	9918
V	3424915	9918
V	3425147	9918
V	3425380	9923
V	3425622	9920
V	3426780	9920
V	3427013	9920
V	3427704	9920
V	3428165	9923
V	3429297	9923
V	3429531	9923
V	3429996	9920
V	3431855	9918
V	3432330	9918
V	3432567	9918
V	3432807	9918
V	3433045	9918
V	3433285	9934
V	3434465	9934
V	3434706	9931
V	3434937	9929
V	3435384	9929
V	3435617	9931
V	3436791	9931
V	3437243	9931
V	3437477	9931
V	3437940	9931
V	3439313	9931
V	3439547	9931
V	3439781	9931
V	3440700	9934
V	3441391	9934
V	3441855	9931
V	3443241	9929
V	3444191	9929
V	3444430	9929
V	3444670	9929
V	3444909	9929
V	3445149	9931
V	3445619	9931
V	3446791	9934
V	3447501	9940
V	3448660	9940
V	3448893	9940
V	3449108	9940
V	3449341	9940
V	3449575	9940
V	3449807	9940
V	3450042	9945
V	3450284	9945
V	3450525	9942
V	3451452	9942
V	3451684	9942
V	3451917	9942
V	3452151	9942
V	3452383	9942
V	3453076	9942
V	3453310	9942
V	3454217	9942
V	3454678	9945
V	3455603	9945
V	3456293	9945
V	3456529	9942
V	3457221	9942
V	3457457	9942
V	3458825	9942
V	3459300	9940
V	3460006	9940
V	3460244	9940
V	3460485	9942
V	3460722	9945
V	3461663	9945
V	3462374	9951
V	3462613	9956
V	3462854	9956
V	3463096	9956
V	3463574	9951
V	3463809	9951
V	3464044	9951
V	3464276	9951
V	3464510	9953
V	3464975	9953
V	3466332	9953
V	3467945	9956
V	3469784	9956
V	3470020	9953
V	3471147	9953
V	3471379	9951
V	3473252	9951
V	3473493	9951
V	3473732	9951
V	3473973	9951
V	3474195	9951
V	3474435	9951
V	3474675	9951
V	3474915	9951
V	3475156	9953
V	3475395	9953
V	3475631	9962
V	3475869	9964
V	3476572	9962
V	3476808	9964
V	3477507	9964
V	3478658	9964
V	3479350	9964
V	3479814	9967
V	3480503	9967
V	3481401	9967
V	3482347	9962
V	3482588	9962
V	3482828	9964
V	3483535	9964
V	3484005	9964
V	3484243	9967
V	3484484	9967
V	3484723	9978
V	3484965	9973
V	3485197	9973
V	3485430	9973
V	3485663	9973
V	3485896	9973
V	3486130	9973
V	3486364	9973
V	3486598	9973
V	3486832	9973
V	3487067	9973
V	3487297	9978
V	3487535	9975
V	3487765	9975
V	3489370	9975
V	3489603	9975
V	3489835	9975
V	3490294	9978
V	3491675	9975
V	3492579	9975
V	3493270	9975
V	3494190	9975
V	3494664	9975
V	3495606	9973
V	3496078	9973
V	3496317	9973
V	3496558	9973
V	3496796	9973
V	3497036	9973
V	3497277	9975
V	3497500	9978
V	3498430	9978
V	3498666	9973
V	3499139	9984
V	3499378	9984
V	3499617	9989
V	3500095	9986
V	3500330	9984
V	3500563	9984
V	3500797	9989
V	3501257	9989
V	3501499	9989
V	3501739	9989
V	3501980	9986
V	3502887	9986
V	3504035	9986
V	3504268	9986
V	3504501	9986
V	3504967	9986
V	3505201	9986
V	3506124	9989
V	3507043	9989
V	3507740	9989
V	3507975	9989
V	3508210	9989
V	3508444	9986
V	3508678	9986
V	3509387	9984
V	3510803	9984
V	3511040	9984
V	3511278	9984
V	3511519	9984
V	3511759	9984
V	3511998	9984
V	3512240	9984
V	3512480	9984
V	3512721	9984
V	3512961	9989
V	3513905	9984
V	3514372	10000
V	3514615	9997
V	3515082	9995
V	3515544	9995
V	3515777	9995
V	3516010	9995
V	3516244	10000
V	3516486	9997
V	3516718	9995
V	3516953	9997
V	3517872	9997
V	3518333	9997
V	3519712	9997
V	3520844	10000
V	3521769	10000
V	3522232	10000
V	3522469	10000
V	3522705	9997
V	3523891	10000
V	3524367	9995
V	3524603	9995
V	3524841	9995
V	3525080	9995
V	3525317	9995
V	3525555	9995
V	3526736	9995
V	3526973	10011
V	3527453	10011
V	3527695	10011
V	3528174	10006
V	3528872	10006
V	3529106	10006
V	3529342	10006
V	3529576	10006
V	3529810	10006
V	3530042	10006
V	3530276	10006
V	3530511	10006
V	3530747	10011
V	3530989	10008
V	3531690	10008
V	3531925	10008
V	3532160	10008
V	3533313	10008
V	3534238	10008
V	3534932	10011
V	3536286	10011
V	3537205	10011
V	3537650	10008
V	3537877	10008
V	3538109	10008
V	3538329	10008
V	3539047	10008
V	3539286	10006
V	3541646	10006
V	3541885	10006
V	3542127	10006
V	3542369	10006
V	3542610	10006
V	3542850	10011
V	3543791	10017
V	3544031	10022
V	3544273	10017
V	3544744	10017
V	3544979	10017
V	3545212	10017
V	3545445	10017
V	3545678	10019
V	3546142	10019
V	3546608	10019
V	3547514	10019
V	3547748	10019
V	3548191	10019
V	3548428	10019
V	3548660	10019
V	3548893	10022
V	3549353	10022
V	3549585	10019
V	3550049	10017
V	3550995	10017
V	3551233	10017
V	3551473	10017
V	3551714	10017
V	3551937	10022
V	3552867	10022
V	3553810	10033
V	3554289	10033
V	3554529	10033
V	3555005	10028
V	3555470	10028
V	3555704	10028
V	3555939	10028
V	3556173	10028
V	3556404	10028
V	3556639	10030
V	3557554	10030
V	3557792	10030
V	3558483	10030
V	3559869	10030
V	3560104	10033
V	3560341	10033
V	3561244	10033
V	3561479	10033
V	3561697	10030
V	3562162	10030
V	3562625	10033
V	3564031	10028
V	3564510	10028
V	3564752	10028
V	3564994	10028
V	3565235	10028
V	3565478	10033
V	3566187	10033
V	3566429	10033
V	3566908	10044
V	3567151	10044
V	3567393	10039
V	3567610	10039
V	3567845	10039
V	3568080	10039
V	3568316	10044
V	3568792	10044
V	3569035	10041
V	3569499	10041
V	3569964	10041
V	3570891	10041
V	3571354	10041
V	3572278	10044
V	3573884	10044
V	3574120	10044
V	3574355	10041
V	3574795	10041
V	3575487	10041
V	3576411	10041
V	3577126	10039
V	3577832	10039
V	3578075	10039
V	3578316	10039
V	3578557	10039
V	3578796	10039
V	3579037	10039
V	3579275	10041
V	3579979	10039
V	3581373	10050
V	3581614	10050
V	3581853	10055
V	3582095	10055
V	3582337	10052
V	3582808	10052
V	3583040	10050
V	3583492	10050
V	3583724	10050
V	3583958	10050
V	3584192	10050
V	3584430	10050
V	3584666	10050
V	3584902	10050
V	3585134	10050
V	3585365	10055
V	3585602	10052
V	3586292	10052
V	3587439	10052
V	3588810	10052
V	3589272	10052
V	3590630	10055
V	3591553	10055
V	3592474	10052
V	3592709	10052
V	3593173	10050
V	3595529	10050
V	3595767	10050
V	3596005	10050
V	3596246	10050
V	3596489	10050
V	3596731	10055
V	3597677	10055
V	3597920	10055
V	3598158	10055
V	3598398	10050
V	3598873	10061
V	3599315	10061
V	3599550	10061
V	3599786	10061
V	3600021	10061
V	3600255	10066
V	3601185	10063
V	3601653	10063
V	3603704	10063
V	3604168	10066
V	3605093	10063
V	3605996	10063
V	3606453	10061
V	3607874	10061
V	3608116	10061
V	3608354	10061
V	3608592	10061
V	3608833	10063
V	3609312	10063
V	3610252	10063
V	3610957	10066
V	3611882	10066
V	3612120	10066
V	3612591	10066
V	3612833	10061
V	3613073	10061
V	3613312	10077
V	3613552	10072
V	3614018	10072
V	3614251	10072
V	3614481	10077
V	3615170	10074
V	3615634	10074
V	3616098	10074
V	3617009	10074
V	3617702	10074
V	3618168	10074
V	3619768	10074
V	3620002	10077
V	3620237	10077
V	3620931	10077
V	3621166	10077
V	3621402	10074
V	3622767	10077
V	3623222	10074
V	3623463	10072
V	3624852	10072
V	3625093	10072
V	3625335	10072
V	3625573	10087
V	3628164	10088
V	3628915	10088
V	3629686	10085
V	3630447	10085
V	3630946	10085
V	3631203	10083
V	3631460	10085
V	3632219	10088
V	3632734	10083
V	3633246	10085
V	3633996	10085
V	3635012	10085
V	3635270	10083
V	3635528	10085
V	3635786	10083
V	3636292	10085
V	3637292	10085
V	3637542	10088
V	3638045	10083
V	3639565	10083
V	3639821	10085
V	3640076	10087
V	3640589	10087
V	3640842	10085
V	3641092	10085
V	3641591	10085
V	3641850	10085
V	3642109	10085
V	3642366	10088
V	3642626	10088
V	3642882	10087
V	3644140	10087
V	3644634	10085
V	3645895	10085
V	3646142	10085
V	3647410	10085
V	3647924	10085
V	3648184	10085
V	3648689	10085
V	3649198	10085
V	3650450	10085
V	3651451	10083
V	3652209	10083
V	3653198	10085
V	3653448	10085
V	3653704	10083
V	3653956	10088
V	3654949	10083
V	3657456	10087
V	3657955	10085
V	3658460	10087
V	3659970	10087
V	3661221	10085
V	3662210	10087
V	3662462	10085
V	3663458	10085
V	3663706	10087
V	3663959	10083
V	3664211	10087
V	3664697	10088
V	3664948	10087
V	3665937	10087
V	3666187	10088
V	3666685	10083
V	3668414	10088
V	3668673	10088
V	3668931	10083
V	3669685	10083
V	3670933	10088
V	3672649	10088
V	3672888	10083
V	3673124	10083
V	3673358	10083
V	3673575	10083
V	3673810	10083
V	3674042	10088
V	3674522	10088
V	3674997	10085
V	3676358	10085
V	3677245	10085
V	3677481	10088
V	3678179	10085
V	3679557	10085
V	3680020	10085
V	3680721	10088
V	3681670	10083
V	3682380	10083
V	3682621	10083
V	3682863	10083
V	3683102	10083
V	3683341	10083
V	3683579	10083
V	3683821	10088
V	3686630	10088
V	3686873	10088
V	3687115	10083
V	3687355	10094
V	3687590	10094
V	3687823	10094
V	3688058	10099
V	3688300	10099
V	3688542	10096
V	3689951	10096
V	3690417	10096
V	3691551	10096
V	3692709	10096
V	3692946	10096
V	3693642	10099
V	3693862	10099
V	3694102	10099
V	3694565	10099
V	3695486	10096
V	3697077	10094
V	3698491	10094
V	3698731	10094
V	3698971	10094
V	3699209	10094
V	3699450	10096
V	3700626	10094
V	3702019	10094
V	3702257	10094
V	3702499	10094
V	3702741	10094
V	3702982	10110
V	3703224	10110
V	3703465	10110
V	3703707	10105
V	3704183	10105
V	3704417	10110
V	3704657	10110
V	3705133	10107
V	3705601	10107
V	3706983	10107
V	3707447	10110
V	3708829	10110
V	3709066	10110
V	3709761	10107
V	3710465	10105
V	3712816	10105
V	3713038	10105
V	3713278	10105
V	3713515	10107
V	3714673	10107
V	3716315	10105
V	3717261	10105
V	3717502	10121
V	3717981	10116
V	3718451	10116
V	3718685	10116
V	3718919	10116
V	3719154	10116
V	3719388	10116
V	3719604	10118
V	3721926	10118
V	3722389	10118
V	3723311	10118
V	3723774	10118
V	3724007	10118
V	3725164	10118
V	3725629	10121
V	3726092	10121
V	3728166	10121
V	3730028	10121
V	3730269	10116
V	3730510	10116
V	3730751	10116
V	3730989	10116
V	3731227	10116
V	3731466	10116
V	3731708	10118
V	3732887	10121
V	3733595	10127
V	3734301	10127
V	3734534	10127
V	3734766	10127
V	3735001	10129
V	3736158	10129
V	3736617	10129
V	3737081	10132
V	3739133	10132
V	3739821	10132
V	3740057	10129
V	3740749	10132
V	3740982	10129
V	3741216	10129
V	3742138	10129
V	3742380	10129
V	3743799	10132
V	3744277	10127
V	3744518	10127
V	3744756	10127
V	3744997	10127
V	3745237	10127
V	3745478	10127
V	3745716	10129
V	3746644	10132
V	3747591	10132
V	3747832	10132
V	3748075	10127
V	3748766	10127
V	3749003	10143
V	3749480	10138
V	3750421	10138
V	3750638	10138
V	3750869	10138
V	3751105	10138
V	3751335	10138
V	3751568	10138
V	3751801	10143
V	3752043	10140
V	3752509	10140
V	3752744	10140
V	3753208	10140
V	3753901	10140
V	3754135	10140
V	3755737	10143
V	3756202	10143
V	3756665	10143
V	3756900	10143
V	3757136	10143
V	3757371	10140
V	3757605	10140
V	3758299	10140
V	3758761	10143
V	3758996	10140
V	3759216	10138
V	3761101	10138
V	3761325	10138
V	3761565	10138
V	3761804	10138
V	3762044	10138
V	3762281	10138
V	3762523	10138
V	3762764	10140
V	3763234	10140
V	3763706	10143
V	3765360	10143
V	3766066	10143
V	3766304	10143
V	3767008	10143
V	3767250	10138
V	3767488	10138
V	3767731	10138
V	3767970	10154
V	3768213	10149
V	3768920	10149
V	3769156	10149
V	3769394	10149
V	3769628	10149
V	3769864	10149
V	3770097	10149
V	3770329	10149
V	3770560	10149
V	3770796	10149
V	3771032	10149
V	3771266	10154
V	3771509	10154
V	3772457	10154
V	3773164	10151
V	3773398	10151
V	3774783	10151
V	3775019	10151
V	3775253	10151
V	3775715	10151
V	3775949	10151
V	3776183	10151
V	3776421	10151
V	3776884	10151
V	3777119	10154
V	3778046	10154
V	3779200	10151
V	3781970	10154
V	3782446	10149
V	3782686	10149
V	3782927	10149
V	3783169	10149
V	3783410	10149
V	3783649	10149
V	3783889	10149
V	3784129	10149
V	3784350	10149
V	3784587	10149
V	3784825	10149
V	3785064	10149
V	3785306	10151
V	3787423	10154
V	3787903	10154
V	3788608	10149
V	3789083	10149
V	3789324	10165
V	3789800	10160
V	3790260	10160
V	3790494	10160
V	3790726	10160
V	3790959	10160
V	3791191	10160
V	3791422	10160
V	3791656	10165
V	3792132	10162
V	3792825	10162
V	3793962	10162
V	3794427	10162
V	3794659	10162
V	3794892	10165
V	3795360	10165
V	3795594	10165
V	3795829	10165
V	3796295	10165
V	3796531	10162
V	3796995	10162
V	3797682	10162
V	3797910	10162
V	3798603	10162
V	3799298	10165
V	3800713	10165
V	3800952	10160
V	3801192	10160
V	3801434	10160
V	3801677	10160
V	3801917	10160
V	3802157	10160
V	3802394	10160
V	3802634	10160
V	3802876	10165
V	3804758	10165
V	3805234	10160
V	3805474	10176
V	3806423	10171
V	3806656	10171
V	3806892	10171
V	3807126	10171
V	3807364	10171
V	3807598	10171
V	3807815	10171
V	3808029	10171
V	3808263	10173
V	3810103	10173
V	3810337	10173
V	3810801	10176
V	3812643	10176
V	3813108	10173
V	3813548	10176
V	3813785	10173
V	3814253	10171
V	3815432	10171
V	3815656	10171
V	3815897	10171
V	3816135	10171
V	3816374	10171
V	3816615	10171
V	3816839	10173
V	3817778	10171
V	3819417	10171
V	3819653	10182
V	3820123	10182
V	3820357	10182
V	3820593	10182
V	3820827	10182
V	3821061	10187
V	3821304	10184
V	3821992	10184
V	3822226	10184
V	3823145	10184
V	3823379	10184
V	3823613	10184
V	3823849	10184
V	3824997	10184
V	3825231	10184
V	3825466	10187
V	3825928	10187
V	3826395	10187
V	3827054	10187
V	3827520	10184
V	3828213	10184
V	3828665	10187
V	3829846	10182
V	3830084	10187
V	3831032	10182
V	3831270	10182
V	3831507	10182
V	3831749	10198
V	3832227	10193
V	3832462	10193
V	3832696	10198
V	3832939	10195
V	3836360	10195
V	3837514	10198
V	3837980	10198
V	3838213	10198
V	3838451	10198
V	3839832	10195
V	3842870	10198
V	3843110	10193
V	3843588	10193
V	3843829	10193
V	3844070	10193
V	3844308	10193
V	3844546	10193
V	3844784	10193
V	3845023	10193
V	3845260	10195
V	3846890	10195
V	3847131	10195
V	3847370	10198
V	3847609	10198
V	3847847	10198
V	3848089	10193
V	3848329	10209
V	3849513	10209
V	3849756	10204
V	3850464	10204
V	3850681	10204
V	3850913	10209
V	3851152	10206
V	3851612	10206
V	3851847	10206
V	3852311	10206
V	3852774	10206
V	3853237	10206
V	3853927	10206
V	3854163	10209
V	3854630	10209
V	3856008	10209
V	3856476	10206
V	3856923	10206
V	3857378	10209
V	3857614	10206
V	3859940	10204
V	3860183	10204
V	3860424	10204
V	3860666	10204
V	3860905	10204
V	3861141	10204
V	3861382	10206
V	3861856	10209
V	3864193	10204
V	3864663	10204
V	3864905	10204
V	3865143	10220
V	3865621	10215
V	3866093	10215
V	3866326	10215
V	3866559	10215
V	3866776	10215
V	3866993	10215
V	3867228	10215
V	3867462	10215
V	3867698	10215
V	3867932	10215
V	3868168	10215
V	3868395	10215
V	3868629	10215
V	3868864	10215
V	3869098	10220
V	3869341	10220
V	3869580	10217
V	3870042	10217
V	3870274	10217
V	3870738	10217
V	3870954	10217
V	3871188	10217
V	3871649	10217
V	3872113	10217
V	3872345	10217
V	3873021	10217
V	3873250	10215
V	3878099	10215
V	3878342	10215
V	3878583	10215
V	3878820	10215
V	3879061	10215
V	3879299	10215
V	3879538	10217
V	3879994	10217
V	3880936	10220
V	3881412	10220
V	3881889	10220
V	3882126	10220
V	3882366	10220
V	3882606	10220
V	3883082	10215
V	3883320	10215
V	3883558	10226
V	3884971	10226
V	3885205	10226
V	3885442	10226
V	3885672	10231
V	3885915	10231
V	3886157	10228
V	3887051	10228
V	3887286	10228
V	3887752	10228
V	3888903	10228
V	3889366	10231
V	3890518	10231
V	3890750	10231
V	3890983	10226
V	3893097	10226
V	3893338	10226
V	3893579	10226
V	3893821	10228
V	3894764	10228
V	3895239	10228
V	3896187	10231
V	3896894	10226
V	3897604	10226
V	3897844	10242
V	3898069	10242
V	3898309	10239
V	3899002	10237
V	3899236	10237
V	3899469	10237
V	3899703	10237
V	3899938	10237
V	3900172	10237
V	3900407	10242
V	3900885	10239
V	3902962	10239
V	3903195	10239
V	3904121	10242
V	3907076	10242
V	3907313	10242
V	3907774	10239
V	3908696	10237
V	3911518	10237
V	3911758	10237
V	3911998	10237
V	3912238	10237
V	3912476	10237
V	3912714	10239
V	3912955	10242
V	3915304	10237
V	3916242	10248
V	3916948	10248
V	3917182	10253
V	3917653	10250
V	3918117	10250
V	3918810	10250
V	3920858	10250
V	3921324	10250
V	3921558	10250
V	3921788	10250
V	3922020	10253
V	3922256	10250
V	3922490	10253
V	3923640	10250
V	3924105	10250
V	3924339	10250
V	3924800	10250
V	3925277	10253
V	3925750	10248
V	3925991	10248
V	3926230	10248
V	3926469	10248
V	3926709	10248
V	3926950	10250
V	3927426	10250
V	3928134	10250
V	3928373	10248
V	3929319	10259
V	3929781	10259
V	3930016	10259
V	3930251	10259
V	3930478	10259
V	3930713	10259
V	3930949	10259
V	3931182	10259
V	3931417	10264
V	3932131	10264
V	3932370	10264
V	3932611	10264
V	3932851	10261
V	3933988	10261
V	3934456	10261
V	3934691	10261
V	3935613	10264
V	3937914	10264
V	3938150	10261
V	3940213	10261
V	3941849	10259
V	3943015	10259
V	3943257	10259
V	3943498	10259
V	3943739	10259
V	3943981	10259
V	3944222	10261
V	3945173	10264
V	3945415	10264
V	3945654	10275
V	3946132	10270
V	3946819	10270
V	3947055	10270
V	3947286	10275
V	3947528	10275
V	3947770	10275
V	3948480	10275
V	3948721	10275
V	3948960	10272
V	3949886	10272
V	3950349	10272
V	3951271	10272
V	3951505	10272
V	3952651	10275
V	3952886	10275
V	3953349	10272
V	3955212	10270
V	3956627	10270
V	3956866	10270
V	3957106	10270
V	3957327	10272
V	3957802	10272
V	3958747	10272
V	3959921	10275
V	3960636	10275
V	3960878	10275
V	3961120	10270
V	3961596	10270
V	3961835	10286
V	3962314	10286
V	3962557	10286
V	3963034	10281
V	3963737	10281
V	3963972	10281
V	3964206	10281
V	3964441	10281
V	3964677	10281
V	3964909	10281
V	3965146	10281
V	3965383	10286
V	3966324	10283
V	3966557	10283
V	3967479	10283
V	3967716	10283
V	3967950	10283
V	3968397	10283
V	3968633	10286
V	3969325	10286
V	3969561	10286
V	3970478	10286
V	3970711	10286
V	3971176	10283
V	3971889	10281
V	3973294	10281
V	3973534	10281
V	3973771	10281
V	3974011	10281
V	3974252	10286
V	3975202	10286
V	3975443	10281
V	3975921	10281
V	3976158	10281
V	3976396	10281
V	3976636	10281
V	3976874	10292
V	3977109	10292
V	3977343	10292
V	3977577	10292
V	3977812	10292
V	3978043	10292
V	3978279	10292
V	3978514	10292
V	3978749	10292
V	3978982	10297
V	3979461	10294
V	3979928	10294
V	3980159	10294
V	3981518	10294
V	3981752	10297
V	3981987	10297
V	3982901	10297
V	3983137	10297
V	3983603	10294
V	3985003	10294
V	3985952	10292
V	3987366	10292
V	3987606	10292
V	3987848	10292
V	3988090	10292
V	3988329	10292
V	3988568	10292
V	3988808	10292
V	3989046	10292
V	3989288	10292
V	3989528	10294
V	3989770	10294
V	3990954	10294
V	3991426	10294
V	3991899	10297
V	3992841	10292
V	3993078	10292
V	3993320	10292
V	3993562	10308
V	3993803	10308
V	3994283	10308
V	3994524	10308
V	3994765	10303
V	3995226	10303
V	3995461	10303
V	3995695	10303
V	3995926	10303
V	3996158	10303
V	3996387	10303
V	3996621	10308
V	3997325	10305
V	3998477	10305
V	3998712	10305
V	3998944	10305
V	3999638	10305
V	4000100	10308
V	4001248	10308
V	4001483	10308
V	4001719	10308
V	4001955	10308
V	4002422	10305
V	4003136	10303
V	4004788	10303
V	4005030	10303
V	4005253	10303
V	4005490	10303
V	4005729	10303
V	4005971	10303
V	4006208	10305
V	4006684	10305
V	4006921	10308
V	4008562	10303
V	4009040	10314
V	4010199	10314
V	4010432	10314
V	4010666	10314
V	4010899	10314
V	4011131	10316
V	4012069	10316
V	4012761	10316
V	4012996	10316
V	4014151	10319
V	4014369	10319
V	4014831	10316
V	4015293	10316
V	4015756	10316
V	4015998	10316
V	4016476	10314
V	4016954	10314
V	4017192	10319
V	4018373	10319
V	4018612	10327
V	4019972	10327
V	4020206	10325
V	4020438	10325
V	4020671	10325
V	4020893	10330
V	4021136	10330
V	4021614	10327
V	4022775	10327
V	4023464	10327
V	4023696	10327
V	4024155	10327
V	4024620	10327
V	4025076	10327
V	4026214	10327
V	4026907	10330
V	4027595	10325
V	4029681	10325
V	4029922	10325
V	4030164	10325
V	4030405	10325
V	4030642	10325
V	4030883	10325
V	4031124	10325
V	4031366	10330
V	4032773	10330
V	4033480	10330
V	4033958	10330
V	4034200	10325
V	4034439	10325
V	4034680	10325
V	4034921	10325
V	4035163	10341
V	4035406	10338
V	4036346	10336
V	4036807	10338
V	4037023	10336
V	4037257	10336
V	4037491	10336
V	4037726	10336
V	4037960	10336
V	4038194	10336
V	4038426	10336
V	4038660	10336
V	4038894	10336
V	4039125	10336
V	4039361	10341
V	4039836	10341
V	4040077	10338
V	4040535	10338
V	4041901	10338
V	4042118	10338
V	4044848	10338
V	4045082	10338
V	4045315	10338
V	4045762	10338
V	4045997	10336
V	4047411	10336
V	4047653	10336
V	4047895	10336
V	4048135	10336
V	4048375	10338
V	4050015	10347
V	4050726	10349
V	4051197	10347
V	4051661	10352
V	4051899	10352
V	4052139	10349
V	4054202	10349
V	4054875	10352
V	4055562	10352
V	4056940	10349
V	4057405	10352
V	4059962	10352
V	4060201	10347
V	4060909	10347
V	4061149	10347
V	4061390	10347
V	4061629	10347
V	4061849	10347
V	4062086	10347
V	4062327	10352
V	4064908	10352
V	4065147	10347
V	4065626	10347
V	4065864	10347
V	4066084	10347
V	4066325	10363
V	4066805	10358
V	4067274	10358
V	4067508	10358
V	4067741	10358
V	4067974	10358
V	4068206	10363
V	4068450	10363
V	4068925	10363
V	4069398	10360
V	4069866	10360
V	4070102	10360
V	4071007	10363
V	4073993	10363
V	4074687	10360
V	4076298	10360
V	4076993	10358
V	4078178	10358
V	4078417	10358
V	4078654	10358
V	4078896	10363
V	4081485	10358
V	4082433	10358
V	4082672	10358
V	4082912	10358
V	4083154	10371
V	4083862	10369
V	4084096	10369
V	4084329	10369
V	4084563	10369
V	4084798	10369
V	4085034	10369
V	4085264	10369
V	4085496	10369
V	4085729	10369
V	4085963	10374
V	4086203	10371
V	4086671	10371
V	4087136	10371
V	4088750	10371
V	4089670	10371
V	4089903	10374
V	4090592	10374
V	4090829	10374
V	4091065	10371
V	4092239	10369
V	4093418	10369
V	4093660	10369
V	4093899	10369
V	4094139	10369
V	4094380	10369
V	4094604	10369
V	4094828	10371
V	4095070	10371
V	4095540	10369
V	4096717	10380
V	4097421	10380
V	4097654	10385
V	4098364	10382
V	4098599	10382
V	4099508	10382
V	4099745	10382
V	4099979	10382
V	4100215	10382
V	4101137	10385
V	4101371	10385
V	4101836	10385
V	4102301	10385
V	4102537	10385
V	4102772	10382
V	4105343	10382
V	4105583	10380
V	4106041	10380
V	4106283	10380
V	4106525	10380
V	4106764	10380
V	4107002	10380
V	4107244	10385
V	4110060	10385
V	4110535	10385
V	4111010	10396
V	4111253	10396
V	4111497	10391
V	4111968	10391
V	4112202	10391
V	4112436	10391
V	4112671	10391
V	4112905	10391
V	4113140	10391
V	4113375	10391
V	4113611	10391
V	4113845	10391
V	4114077	10396
V	4114550	10393
V	4115456	10393
V	4116149	10393
V	4116380	10393
V	4116842	10393
V	4117079	10393
V	4118453	10396
V	4119148	10393
V	4121219	10393
V	4121683	10396
V	4121918	10396
V	4122133	10393
V	4123074	10393
V	4124481	10393
V	4125194	10393
V	4126371	10396
V	4127548	10396
V	4127786	10396
V	4128501	10391
V	4128740	10391
V	4128978	10402
V	4129214	10407
V	4129457	10407
V	4130406	10402
V	4130623	10402
V	4130857	10407
V	4131551	10407
V	4131794	10404
V	4133172	10404
V	4133867	10404
V	4134103	10404
V	4134338	10404
V	4134797	10404
V	4135029	10404
V	4135493	10407
V	4135730	10407
V	4135957	10407
V	4136421	10407
V	4136657	10407
V	4136892	10404
V	4138504	10404
V	4139434	10407
V	4139674	10402
V	4139916	10402
V	4140156	10402
V	4140397	10404
V	4140639	10404
V	4141353	10404
V	4142065	10404
V	4142524	10418
V	4143939	10413
V	4144407	10413
V	4144642	10413
V	4144877	10413
V	4145111	10413
V	4145347	10413
V	4145581	10413
V	4145818	10413
V	4146049	10413
V	4146265	10413
V	4146498	10413
V	4146730	10413
V	4146965	10418
V	4147438	10418
V	4148149	10415
V	4148383	10415
V	4149047	10415
V	4149282	10415
V	4149516	10415
V	4149750	10415
V	4149985	10415
V	4150913	10415
V	4151836	10418
V	4152525	10415
V	4153675	10418
V	4153912	10418
V	4154604	10418
V	4154838	10415
V	4156698	10413
V	4158332	10413
V	4158572	10413
V	4158814	10413
V	4159054	10413
V	4159292	10413
V	4159530	10413
V	4159768	10413
V	4160010	10415
V	4160720	10418
V	4160959	10418
V	4161199	10418
V	4161674	10429
V	4162427	10428
V	4162679	10426
V	4162934	10426
V	4163444	10424
V	4163699	10426
V	4165204	10428
V	4166214	10429
V	4167210	10426
V	4167717	10428
V	4167973	10428
V	4168221	10426
V	4169722	10424
V	4170713	10429
V	4172232	10426
V	4172487	10426
V	4174249	10424
V	4175005	10424
V	4175253	10429
V	4176024	10426
V	4176778	10424
V	4177524	10424
V	4178027	10429
V	4178283	10428
V	4179288	10424
V	4180045	10426
V	4180797	10428
V	4181053	10426
V	4181305	10428
V	4181801	10428
V	4182301	10428
V	4183299	10428
V	4184278	10428
V	4184536	10428
V	4185038	10424
V	4186253	10424
V	4186488	10424
V	4186719	10424
V	4186951	10424
V	4187185	10424
V	4187418	10424
V	4187654	10429
V	4188130	10429
V	4188372	10426
V	4189983	10426
V	4190219	10426
V	4190454	10429
V	4192520	10429
V	4192755	10429
V	4193931	10429
V	4194174	10424
V	4194415	10424
V	4194657	10424
V	4194899	10424
V	4195140	10424
V	4195381	10424
V	4196087	10437
V	4196547	10435
V	4196783	10435
V	4197017	10435
V	4197252	10435
V	4197486	10435
V	4197720	10435
V	4197955	10435
V	4198186	10435
V	4198423	10440
V	4199138	10437
V	4200511	10437
V	4200974	10437
V	4201892	10440
V	4202799	10440
V	4203246	10440
V	4203940	10440
V	4204634	10437
V	4205554	10440
V	4205787	10440
V	4206022	10435
V	4207434	10435
V	4207674	10435
V	4208857	10435
V	4209096	10435
V	4209333	10435
V	4209575	10435
V	4209795	10446
V	4210255	10446
V	4210487	10446
V	4210720	10446
V	4210934	10446
V	4211165	10446
V	4211397	10451
V	4212110	10451
V	4212569	10448
V	4213015	10448
V	4213708	10448
V	4214380	10448
V	4214843	10448
V	4215080	10448
V	4215543	10448
V	4215774	10448
V	4216005	10448
V	4216699	10451
V	4217390	10451
V	4218265	10448
V	4219922	10446
V	4220397	10446
V	4220638	10446
V	4220861	10446
V	4221102	10448
V	4221345	10448
V	4221586	10446
V	4222293	10446
V	4222531	10446
V	4222768	10457
V	4223010	10457
V	4223252	10459
V	4223485	10457
V	4223720	10457
V	4223955	10457
V	4224190	10457
V	4224425	10457
V	4224661	10457
V	4224877	10462
V	4225116	10462
V	4225578	10459
V	4226518	10457
V	4226752	10459
V	4226986	10459
V	4227220	10459
V	4227455	10459
V	4227917	10459
V	4228363	10459
V	4228597	10459
V	4228832	10459
V	4229068	10459
V	4229303	10459
V	4229989	10459
V	4230685	10459
V	4230920	10462
V	4232780	10457
V	4233020	10457
V	4233262	10457
V	4233503	10459
V	4233978	10459
V	4234452	10457
V	4235395	10468
V	4235629	10468
V	4235863	10468
V	4236098	10468
V	4236334	10468
V	4236569	10468
V	4236804	10473
V	4237043	10473
V	4237285	10473
V	4237998	10470
V	4238687	10470
V	4238922	10470
V	4239619	10470
V	4240313	10470
V	4240777	10470
V	4241470	10473
V	4241706	10473
V	4241942	10473
V	4242178	10473
V	4243332	10473
V	4243565	10470
V	4243792	10470
V	4244718	10468
V	4244960	10468
V	4245202	10468
V	4245443	10468
V	4245685	10470
V	4245924	10470
V	4246161	10470
V	4246633	10470
V	4246873	10473
V	4248501	10468
V	4248739	10479
V	4248974	10479
V	4249207	10479
V	4249441	10479
V	4249675	10479
V	4249900	10479
V	4250134	10479
V	4250369	10479
V	4250599	10484
V	4251312	10484
V	4251537	10481
V	4252000	10481
V	4252695	10481
V	4253386	10481
V	4253619	10481
V	4253854	10481
V	4254298	10484
V	4255216	10484
V	4255679	10484
V	4256588	10484
V	4256823	10484
V	4257059	10481
V	4257293	10484
V	4257988	10481
V	4258460	10484
V	4258935	10479
V	4259394	10479
V	4259634	10479
V	4259871	10479
V	4260113	10479
V	4260355	10484
V	4261299	10484
V	4261987	10479
V	4262225	10479
V	4262464	10490
V	4262700	10490
V	4262932	10490
V	4263167	10495
V	4264113	10492
V	4264804	10492
V	4265267	10492
V	4265734	10492
V	4265971	10492
V	4266204	10492
V	4266440	10492
V	4266674	10492
V	4267136	10492
V	4267601	10495
V	4268979	10495
V	4269670	10495
V	4270594	10492
V	4271543	10495
V	4272022	10490
V	4272263	10492
V	4273423	10492
V	4273895	10492
V	4275074	10490
V	4275547	10490
V	4275788	10490
V	4276029	10490
V	4276272	10501
V	4276506	10501
V	4276741	10501
V	4276976	10501
V	4277206	10501
V	4277441	10501
V	4277674	10501
V	4277909	10501
V	4278143	10501
V	4278377	10506
V	4279531	10506
V	4280008	10503
V	4280241	10503
V	4280476	10503
V	4280711	10503
V	4283470	10503
V	4283704	10506
V	4284628	10506
V	4285303	10506
V	4285520	10506
V	4285752	10503
V	4287580	10503
V	4289663	10501
V	4290840	10503
V	4291763	10503
V	4292239	10501
V	4293400	10501
V	4293639	10512
V	4293872	10512
V	4294103	10517
V	4294811	10514
V	4295042	10514
V	4295487	10514
V	4295722	10514
V	4296397	10514
V	4296860	10514
V	4298010	10514
V	4298699	10517
V	4299838	10517
V	4300765	10517
V	4301000	10514
V	4301464	10514
V	4302650	10512
V	4303127	10512
V	4303367	10512
V	4303609	10514
V	4304551	10512
V	4305260	10512
V	4305497	10523
V	4305731	10523
V	4305965	10523
V	4306201	10523
V	4306438	10523
V	4306654	10523
V	4306886	10523
V	4307109	10523
V	4307341	10523
V	4307575	10528
V	4308049	10525
V	4308992	10525
V	4309686	10525
V	4309920	10525
V	4310383	10525
V	4310851	10525
V	4312468	10525
V	4313160	10528
V	4313396	10528
V	4313844	10528
V	4314077	10528
V	4314525	10528
V	4314761	10528
V	4316364	10525
V	4316830	10525
V	4317065	10523
V	4319156	10523
V	4319398	10525
V	4320114	10525
V	4321058	10525
V	4321533	10528
V	4322246	10523
V	4322487	10534
V	4322722	10534
V	4322956	10534
V	4323190	10539
V	4323669	10539
V	4323911	10536
V	4325049	10536
V	4326658	10536
V	4328038	10536
V	4328963	10539
V	4329426	10539
V	4330119	10539
V	4330353	10539
V	4330818	10539
V	4331284	10536
V	4331748	10536
V	4332214	10536
V	4332449	10536
V	4333378	10539
V	4334088	10534
V	4334329	10534
V	4334570	10534
V	4334813	10534
V	4335050	10534
V	4335288	10534
V	4335528	10534
V	4335769	10534
V	4336009	10536
V	4337190	10534
V	4337427	10534
V	4337670	10534
V	4337909	10545
V	4338146	10545
V	4338380	10545
V	4338612	10547
V	4339078	10547
V	4339310	10547
V	4339544	10547
V	4340462	10547
V	4340929	10550
V	4342074	10550
V	4342309	10550
V	4342546	10550
V	4342995	10547
V	4343458	10547
V	4343691	10547
V	4344395	10547
V	4345346	10550
V	4345589	10545
V	4346065	10545
V	4346307	10545
V	4346546	10545
V	4346787	10545
V	4347028	10550
V	4348448	10550
V	4348688	10545
V	4348930	10545
V	4349171	10545
V	4349413	10545
V	4349652	10556
V	4350114	10556
V	4350346	10556
V	4350581	10556
V	4350798	10556
V	4351035	10556
V	4351270	10561
V	4351513	10561
V	4351752	10561
V	4351992	10558
V	4352227	10558
V	4352693	10558
V	4354072	10558
V	4354306	10558
V	4354537	10558
V	4355001	10561
V	4355463	10558
V	4356608	10558
V	4357319	10556
V	4358031	10556
V	4358273	10556
V	4358514	10556
V	4358757	10558
V	4358996	10558
V	4359473	10556
V	4360653	10556
V	4360892	10556
V	4361132	10556
V	4361371	10569
V	4361604	10567
V	4361837	10567
V	4362071	10567
V	4362305	10567
V	4362539	10567
V	4362772	10567
V	4363006	10567
V	4363237	10567
V	4363470	10567
V	4363687	10572
V	4363929	10569
V	4364856	10569
V	4365779	10569
V	4366013	10569
V	4366707	10569
V	4366941	10569
V	4367407	10569
V	4368326	10572
V	4368564	10572
V	4368804	10572
V	4370417	10569
V	4371109	10567
V	4374117	10567
V	4374358	10567
V	4374599	10567
V	4374840	10567
V	4376016	10567
V	4376258	10567
V	4376496	10567
V	4376734	10580
V	4376965	10580
V	4377197	10578
V	4377432	10578
V	4377667	10578
V	4377904	10578
V	4378137	10578
V	4378370	10578
V	4378599	10583
V	4378841	10583
V	4379083	10580
V	4380925	10580
V	4381160	10580
V	4382082	10580
V	4382543	10580
V	4383004	10580
V	4383237	10580
V	4383469	10583
V	4385080	10580
V	4385541	10580
V	4386702	10583
V	4387647	10583
V	4387890	10578
V	4388370	10578
V	4388612	10578
V	4388852	10578
V	4389094	10578
V	4389334	10578
V	4389575	10578
V	4389817	10578
V	4390057	10578
V	4390299	10580
V	4391010	10583
V	4391950	10578
V	4392420	10578
V	4392659	10578
V	4392900	10578
V	4393138	10591
V	4393600	10589
V	4393835	10589
V	4394069	10589
V	4394303	10589
V	4394534	10589
V	4394766	10589
V	4394999	10589
V	4395231	10589
V	4395465	10589
V	4395700	10589
V	4395932	10589
V	4396164	10589
V	4396395	10594
V	4397108	10594
V	4397347	10591
V	4398514	10591
V	4400353	10591
V	4400818	10591
V	4401512	10591
V	4401747	10591
V	4402667	10594
V	4403135	10594
V	4403600	10594
V	4403818	10594
V	4404054	10594
V	4404287	10591
V	4404748	10591
V	4404982	10591
V	4405218	10594
V	4406627	10589
V	4407106	10589
V	4407348	10589
V	4407588	10589
V	4407830	10589
V	4408071	10589
V	4408312	10591
V	4409259	10591
V	4409502	10589
V	4410206	10589
V	4410444	10589
V	4410683	10600
V	4411128	10600
V	4411363	10600
V	4411600	10600
V	4411834	10600
V	4412068	10600
V	4412299	10602
V	4413714	10602
V	4414176	10602
V	4414407	10602
V	4415096	10602
V	4415562	10602
V	4416028	10602
V	4416262	10602
V	4416723	10605
V	4417854	10605
V	4418090	10605
V	4418325	10602
V	4418791	10602
V	4419489	10600
V	4419966	10600
V	4420207	10600
V	4420446	10600
V	4420686	10600
V	4420924	10600
V	4421166	10600
V	4422347	10600
V	4422588	10600
V	4422827	10611
V	4423061	10611
V	4423278	10611
V	4423511	10611
V	4423747	10611
V	4423980	10611
V	4424214	10616
V	4424453	10611
V	4424687	10616
V	4424925	10616
V	4425168	10613
V	4427252	10613
V	4428402	10613
V	4428870	10613
V	4429783	10616
V	4430476	10616
V	4430710	10616
V	4430944	10616
V	4432095	10613
V	4433248	10611
V	4433960	10611
V	4434199	10611
V	4434440	10613
V	4434912	10616
V	4435620	10616
V	4436097	10611
V	4436336	10611
V	4436577	10611
V	4436814	10611
V	4437053	10611
V	4437291	10622
V	4437525	10622
V	4437760	10622
V	4437976	10622
V	4438210	10622
V	4438443	10627
V	4438682	10627
V	4438925	10624
V	4439846	10624
V	4440541	10624
V	4440772	10627
V	4441694	10627
V	4441927	10627
V	4442161	10622
V	4445640	10622
V	4445883	10622
V	4446125	10624
V	4446603	10624
V	4447079	10622
V	4448230	10622
V	4448467	10622
V	4448704	10635
V	4448938	10633
V	4449173	10633
V	4449412	10633
V	4449646	10633
V	4449881	10633
V	4450115	10633
V	4450332	10633
V	4450564	10633
V	4450799	10633
V	4451031	10638
V	4451743	10638
V	4452186	10635
V	4452655	10635
V	4452887	10635
V	4454725	10638
V	4456791	10638
V	4457484	10635
V	4457951	10635
V	4458419	10635
V	4460040	10638
V	4461227	10638
V	4461469	10638
V	4461711	10633
V	4462170	10633
V	4462409	10633
V	4462650	10633
V	4462891	10633
V	4463131	10633
V	4463370	10633
V	4463612	10638
V	4465253	10638
V	4465492	10638
V	4465735	10633
V	4465968	10633
V	4466189	10644
V	4466424	10644
V	4466661	10644
V	4466895	10644
V	4467127	10644
V	4467362	10644
V	4467597	10644
V	4467831	10644
V	4468063	10644
V	4468297	10646
V	4469472	10646
V	4469938	10646
V	4470172	10646
V	4470638	10646
V	4471105	10646
V	4471568	10646
V	4471802	10646
V	4472037	10649
V	4472273	10646
V	4474787	10649
V	4475957	10649
V	4476643	10644
V	4476884	10644
V	4477125	10644
V	4477366	10644
V	4477608	10644
V	4477848	10646
V	4479027	10649
V	4479720	10644
V	4480195	10655
V	4480659	10655
V	4480886	10655
V	4481117	10655
V	4481352	10660
V	4481591	10660
V	4482067	10660
V	4482776	10657
V	4483010	10657
V	4483244	10657
V	4483479	10657
V	4483713	10657
V	4483945	10657
V	4484180	10657
V	4484645	10657
V	4484878	10657
V	4485106	10657
V	4485339	10657
V	4485801	10660
V	4486248	10660
V	4486925	10657
V	4487159	10660
V	4487399	10655
V	4488354	10655
V	4488594	10655
V	4488835	10657
V	4489077	10660
V	4491184	10660
V	4491424	10660
V	4491664	10655
V	4491907	10666
V	4492142	10666
V	4492358	10666
V	4492590	10666
V	4492805	10666
V	4493036	10668
V	4494899	10668
V	4495818	10668
V	4496970	10668
V	4497433	10671
V	4497897	10668
V	4498585	10668
V	4498819	10671
V	4499054	10668
V	4499288	10668
V	4500940	10666
V	4501419	10666
V	4501660	10671
V	4502135	10666
V	4502612	10666
V	4502849	10677
V	4503308	10677
V	4503542	10677
V	4503778	10677
V	4504011	10677
V	4504244	10677
V	4504479	10677
V	4504712	10677
V	4504946	10677
V	4505177	10682
V	4505417	10682
V	4506364	10679
V	4507939	10679
V	4508634	10682
V	4509329	10682
V	4509564	10679
V	4510256	10679
V	4510492	10679
V	4510727	10679
V	4510961	10679
V	4511658	10682
V	4512374	10677
V	4512852	10677
V	4513092	10677
V	4513333	10677
V	4513574	10677
V	4513814	10677
V	4514054	10677
V	4514296	10677
V	4514538	10677
V	4514781	10679
V	4515945	10679
V	4516417	10682
V	4517128	10682
V	4517368	10677
V	4517825	10677
V	4518062	10677
V	4518303	10677
V	4518524	10688
V	4518982	10688
V	4519216	10688
V	4519452	10688
V	4519683	10688
V	4519917	10693
V	4520157	10690
V	4522215	10690
V	4523369	10690
V	4523831	10693
V	4524969	10693
V	4525204	10693
V	4525902	10693
V	4526141	10693
V	4526377	10693
V	4526843	10690
V	4527290	10693
V	4527749	10693
V	4528463	10688
V	4528703	10688
V	4528943	10690
V	4529184	10690
V	4530357	10690
V	4530598	10693
V	4531073	10688
V	4531311	10688
V	4531552	10699
V	4532016	10699
V	4532251	10699
V	4532485	10699
V	4532720	10699
V	4532955	10699
V	4533187	10699
V	4533422	10699
V	4533654	10699
V	4533887	10704
V	4534129	10704
V	4535082	10704
V	4535560	10704
V	4536037	10701
V	4537410	10701
V	4538107	10701
V	4538781	10701
V	4539013	10701
V	4539245	10701
V	4539480	10701
V	4539716	10704
V	4541096	10704
V	4541331	10701
V	4542445	10701
V	4542678	10701
V	4542914	10701
V	4543149	10701
V	4543383	10701
V	4543853	10699
V	4544562	10699
V	4544800	10699
V	4545042	10699
V	4545266	10704
V	4545978	10699
V	4546686	10699
V	4546924	10699
V	4547162	10699
V	4547405	10699
V	4547642	10710
V	4547880	10710
V	4548115	10710
V	4548348	10710
V	4548581	10710
V	4548815	10715
V	4549529	10712
V	4550000	10712
V	4550464	10712
V	4551155	10715
V	4553449	10715
V	4553911	10712
V	4554146	10712
V	4555537	10710
V	4556959	10710
V	4557200	10710
V	4557443	10710
V	4557681	10710
V	4557919	10710
V	4558159	10710
V	4558399	10712
V	4558874	10712
V	4559115	10715
V	4559573	10715
V	4560050	10710
V	4560292	10710
V	4560531	10723
V	4560765	10723
V	4560999	10721
V	4561461	10721
V	4561697	10721
V	4561930	10721
V	4562146	10721
V	4562379	10721
V	4562615	10721
V	4562847	10723
V	4564018	10723
V	4565627	10723
V	4566777	10726
V	4568389	10726
V	4568855	10726
V	4569090	10726
V	4569324	10726
V	4569786	10726
V	4571166	10726
V	4571401	10723
V	4571637	10726
V	4572589	10726
V	4572832	10721
V	4573307	10721
V	4573547	10721
V	4573789	10721
V	4574030	10721
V	4574272	10721
V	4574512	10721
V	4574751	10723
V	4576164	10726
V	4576640	10732
V	4577573	10732
V	4577789	10732
V	4578024	10732
V	4578260	10737
V	4578499	10737
V	4578735	10737
V	4578978	10734
V	4579918	10734
V	4580150	10734
V	4580844	10734
V	4581999	10734
V	4582234	10734
V	4582467	10734
V	4582929	10734
V	4583164	10737
V	4583399	10737
V	4584780	10734
V	4585015	10734
V	4585485	10734
V	4586426	10732
V	4587374	10732
V	4587616	10732
V	4587858	10732
V	4588098	10734
V	4589274	10732
V	4589746	10732
V	4589985	10732
V	4590223	10732
V	4590461	10745
V	4590693	10743
V	4590928	10743
V	4591162	10743
V	4591393	10743
V	4591628	10743
V	4591862	10743
V	4592096	10743
V	4592330	10743
V	4592561	10743
V	4592793	10743
V	4593028	10745
V	4594432	10745
V	4594667	10745
V	4596730	10748
V	4596963	10748
V	4598578	10748
V	4599045	10748
V	4599280	10748
V	4599515	10745
V	4600465	10743
V	4603530	10743
V	4603751	10743
V	4603991	10754
V	4604225	10754
V	4604459	10754
V	4604694	10754
V	4604926	10754
V	4605159	10754
V	4605392	10754
V	4605626	10754
V	4605861	10756
V	4606790	10756
V	4607019	10756
V	4607939	10756
V	4608855	10756
V	4609319	10756
V	4609551	10756
V	4609784	10759
V	4611170	10759
V	4611407	10756
V	4611868	10754
V	4613971	10754
V	4614212	10754
V	4614453	10754
V	4614694	10754
V	4614933	10754
V	4615175	10754
V	4615417	10754
V	4615659	10754
V	4616837	10754
V	4617077	10754
V	4617314	10754
V	4617551	10767
V	4617800	10767
V	4618049	10767
V	4618299	10767
V	4618549	10770
V	4619556	10767
V	4619807	10767
V	4620064	10769
V	4620318	10767
V	4621083	10767
V	4621590	10767
V	4622096	10767
V	4622596	10767
V	4622846	10767
V	4623105	10767
V	4623359	10765
V	4624351	10767
V	4626593	10769
V	4628350	10765
V	4629098	10769
V	4629603	10769
V	4630104	10767
V	4630355	10770
V	4630611	10769
V	4630868	10769
V	4631118	10770
V	4631376	10767
V	4631632	10767
V	4632134	10767
V	4632392	10767
V	4632646	10770
V	4634646	10767
V	4637380	10765
V	4638889	10769
V	4639148	10769
V	4639643	10767
V	4639894	10769
V	4640148	10769
V	4640910	10769
V	4641678	10770
V	4642687	10765
V	4643677	10765
V	4644437	10765
V	4644927	10769
V	4645678	10770
V	4645929	10769
V	4646427	10767
V	4647172	10767
V	4647429	10767
V	4647927	10770
V	4648437	10770
V	4648689	10765
V	4649191	10770
V	4650684	10770
V	4651437	10770
V	4651695	10770
V	4651947	10765
V	4652201	10769
V	4653198	10767
V	4654703	10767
V	4654954	10767
V	4655458	10767
V	4660683	10765
V	4661192	10765
V	4661678	10765
V	4661911	10765
V	4662147	10765
V	4662378	10765
V	4663789	10767
V	4664022	10767
V	4664256	10767
V	4664721	10767
V	4665187	10767
V	4665420	10767
V	4665656	10767
V	4665893	10767
V	4666584	10770
V	4668197	10770
V	4668430	10770
V	4668662	10767
V	4670023	10767
V	4670262	10770
V	4670954	10770
V	4673305	10765
V	4673779	10765
V	4674021	10765
V	4674264	10765
V	4674505	10765
V	4674746	10767
V	4675441	10770
V	4676836	10770
V	4677550	10776
V	4677783	10776
V	4678018	10776
V	4678249	10776
V	4678484	10781
V	4679197	10781
V	4679675	10781
V	4679916	10778
V	4681295	10778
V	4681530	10778
V	4681764	10778
V	4682914	10778
V	4683151	10778
V	4683382	10781
V	4685216	10781
V	4685681	10778
V	4686600	10776
V	4687779	10776
V	4688020	10776
V	4688261	10776
V	4688503	10776
V	4688744	10776
V	4688985	10778
V	4689924	10781
V	4690869	10781
V	4691108	10776
V	4691817	10776
V	4692057	10787
V	4692294	10792
V	4693009	10789
V	4693244	10789
V	4693708	10787
V	4694172	10787
V	4694408	10787
V	4694642	10787
V	4694878	10787
V	4695113	10787
V	4695345	10787
V	4695579	10787
V	4695814	10792
V	4696056	10789
V	4696747	10789
V	4696981	10789
V	4697672	10789
V	4697906	10789
V	4698371	10789
V	4699057	10789
V	4699293	10792
V	4699757	10792
V	4700223	10792
V	4701375	10789
V	4701840	10789
V	4703243	10789
V	4703721	10787
V	4703961	10787
V	4704200	10787
V	4704433	10787
V	4704672	10787
V	4704913	10787
V	4705153	10787
V	4705393	10787
V	4705631	10787
V	4705872	10787
V	4706114	10787
V	4706356	10792
V	4708228	10792
V	4708472	10792
V	4708950	10800
V	4709184	10800
V	4709418	10798
V	4709652	10798
V	4709884	10798
V	4710121	10798
V	4710352	10803
V	4710594	10803
V	4711292	10800
V	4712204	10800
V	4713129	10800
V	4713595	10803
V	4715205	10803
V	4715893	10800
V	4716809	10803
V	4717721	10798
V	4718196	10798
V	4718437	10798
V	4718679	10798
V	4718920	10798
V	4720789	10798
V	4721030	10798
V	4721271	10798
V	4721510	10811
V	4721744	10809
V	4721980	10809
V	4722213	10809
V	4722448	10809
V	4722680	10814
V	4722923	10811
V	4724802	10811
V	4725037	10811
V	4725960	10811
V	4727345	10811
V	4727808	10811
V	4728734	10811
V	4728969	10814
V	4729434	10811
V	4730581	10811
V	4730815	10811
V	4731280	10814
V	4731513	10814
V	4731975	10811
V	4732451	10814
V	4733162	10814
V	4733404	10809
V	4733644	10809
V	4733881	10809
V	4734122	10809
V	4734363	10809
V	4734604	10811
V	4736494	10809
V	4737670	10809
V	4737909	10820
V	4738141	10820
V	4738377	10820
V	4738611	10820
V	4738846	10820
V	4739063	10820
V	4739297	10820
V	4739531	10820
V	4739763	10825
V	4740236	10825
V	4740480	10822
V	4740715	10822
V	4740947	10822
V	4741182	10822
V	4741643	10822
V	4742109	10822
V	4744179	10822
V	4744874	10822
V	4745104	10825
V	4747176	10825
V	4748097	10822
V	4749036	10825
V	4749512	10825
V	4749750	10820
V	4749992	10820
V	4750233	10820
V	4750472	10820
V	4750711	10820
V	4750950	10820
V	4751190	10820
V	4751431	10820
V	4751672	10822
V	4752147	10825
V	4753800	10831
V	4754269	10831
V	4754505	10831
V	4754737	10831
V	4754970	10831
V	4755201	10836
V	4755443	10836
V	4755685	10836
V	4756164	10836
V	4756638	10836
V	4756880	10836
V	4757360	10833
V	4757828	10833
V	4758064	10833
V	4758755	10833
V	4759909	10833
V	4760143	10836
V	4761752	10836
V	4762212	10833
V	4762657	10831
V	4764076	10831
V	4764317	10831
V	4764555	10831
V	4764795	10831
V	4765037	10831
V	4765277	10831
V	4765517	10833
V	4765992	10836
V	4767880	10831
V	4768358	10831
V	4768599	10831
V	4768837	10831
V	4769075	10831
V	4769314	10831
V	4769554	10831
V	4769793	10842
V	4770265	10842
V	4770500	10842
V	4770734	10842
V	4770966	10842
V	4771197	10847
V	4771670	10847
V	4772143	10844
V	4773073	10844
V	4773307	10844
V	4775377	10847
V	4776511	10847
V	4776746	10847
V	4777438	10847
V	4777672	10844
V	4778385	10847
V	4778627	10847
V	4778852	10842
V	4779089	10842
V	4779327	10842
V	4779567	10842
V	4779791	10842
V	4780033	10842
V	4780274	10842
V	4784036	10842
V	4784274	10842
V	4784512	10842
V	4784755	10842
V	4784993	10842
V	4785228	10858
V	4785687	10853
V	4785924	10853
V	4786159	10853
V	4786393	10853
V	4786626	10853
V	4786860	10858
V	4787807	10855
V	4788039	10855
V	4788270	10855
V	4788487	10855
V	4789179	10855
V	4790564	10855
V	4791484	10855
V	4791950	10858
V	4792415	10858
V	4793114	10858
V	4793350	10858
V	4794729	10853
V	4794970	10853
V	4795207	10853
V	4795446	10853
V	4795685	10853
V	4795925	10853
V	4796165	10853
V	4796406	10855
V	4796877	10858
V	4797591	10853
V	4798063	10853
V	4798305	10853
V	4798547	10864
V	4799479	10864
V	4799712	10864
V	4799947	10864
V	4800180	10864
V	4800412	10864
V	4800648	10864
V	4800883	10864
V	4801116	10864
V	4801350	10864
V	4801586	10869
V	4801829	10866
V	4802063	10866
V	4802523	10866
V	4802757	10866
V	4803434	10866
V	4803669	10866
V	4804588	10869
V	4804824	10869
V	4805059	10869
V	4805985	10869
V	4806220	10869
V	4806918	10869
V	4807384	10866
V	4808303	10866
V	4809477	10866
V	4809719	10866
V	4810669	10864
V	4811145	10864
V	4811376	10864
V	4811614	10864
V	4811854	10864
V	4812095	10864
V	4813746	10864
V	4813986	10864
V	4814225	10875
V	4814460	10875
V	4814696	10875
V	4814922	10875
V	4815154	10875
V	4815386	10875
V	4815620	10875
V	4815853	10875
V	4816086	10880
V	4816562	10880
V	4816800	10880
V	4817276	10880
V	4817515	10877
V	4817977	10877
V	4818667	10877
V	4819133	10877
V	4819367	10877
V	4819830	10877
V	4820524	10877
V	4820758	10877
V	4821922	10880
V	4822400	10875
V	4822638	10875
V	4822858	10875
V	4823098	10875
V	4823339	10877
V	4824050	10875
V	4825226	10875
V	4825462	10875
V	4825702	10886
V	4825943	10888
V	4826177	10886
V	4826640	10886
V	4826875	10886
V	4827109	10886
V	4827344	10886
V	4827576	10886
V	4827811	10886
V	4828046	10886
V	4828279	10888
V	4828748	10888
V	4828983	10888
V	4831042	10888
V	4831733	10888
V	4832661	10891
V	4833353	10891
V	4833588	10888
V	4835210	10886
V	4835922	10886
V	4836161	10886
V	4836401	10886
V	4836644	10891
V	4838053	10891
V	4838296	10886
V	4838536	10886
V	4838772	10886
V	4839014	10886
V	4839253	10902
V	4839495	10897
V	4839729	10897
V	4839963	10897
V	4840201	10897
V	4840434	10897
V	4840669	10897
V	4840903	10897
V	4841137	10897
V	4841373	10897
V	4841606	10897
V	4841839	10902
V	4843021	10902
V	4843264	10902
V	4843507	10897
V	4843977	10899
V	4844435	10899
V	4845359	10899
V	4846280	10899
V	4846744	10899
V	4847206	10899
V	4847671	10902
V	4848820	10902
V	4849280	10897
V	4851147	10897
V	4851384	10897
V	4851624	10897
V	4851865	10897
V	4852106	10902
V	4853505	10908
V	4854204	10908
V	4854439	10908
V	4854672	10908
V	4854907	10908
V	4855142	10908
V	4855376	10913
V	4855856	10913
V	4856804	10910
V	4857501	10910
V	4858192	10910
V	4859098	10913
V	4860480	10913
V	4860714	10913
V	4860949	10913
V	4861638	10910
V	4863244	10913
V	4863955	10908
V	4864667	10908
V	4864906	10908
V	4865146	10908
V	4865388	10908
V	4865629	10913
V	4867516	10908
V	4867987	10908
V	4868228	10921
V	4868463	10919
V	4868697	10919
V	4868931	10919
V	4869163	10919
V	4869395	10924
V	4869637	10924
V	4869876	10924
V	4870115	10921
V	4870821	10921
V	4871514	10921
V	4872434	10921
V	4872669	10921
V	4873822	10921
V	4874056	10921
V	4874289	10924
V	4874736	10924
V	4874965	10924
V	4877954	10919
V	4878178	10919
V	4878418	10919
V	4878655	10919
V	4878894	10919
V	4879131	10919
V	4879370	10919
V	4879610	10919
V	4879851	10919
V	4880091	10919
V	4880332	10921
V	4880808	10921
V	4881989	10919
V	4883598	10919
V	4883839	10930
V	4884073	10930
V	4884306	10930
V	4884540	10935
V	4885707	10932
V	4886168	10932
V	4886401	10932
V	4887092	10932
V	4888668	10932
V	4889589	10935
V	4891200	10932
V	4892121	10930
V	4892599	10930
V	4892841	10930
V	4893084	10932
V	4893793	10932
V	4894034	10930
V	4895452	10930
V	4895691	10930
V	4895932	10941
V	4896172	10941
V	4896407	10941
V	4896642	10941
V	4896876	10941
V	4897110	10941
V	4897346	10941
V	4897581	10941
V	4897812	10941
V	4898044	10946
V	4898284	10946
V	4899707	10943
V	4899942	10943
V	4900175	10943
V	4900637	10943
V	4900872	10943
V	4901335	10943
V	4902716	10943
V	4902950	10943
V	4903645	10943
V	4904111	10943
V	4904577	10943
V	4904812	10946
V	4905278	10946
V	4905741	10946
V	4906665	10946
V	4907127	10946
V	4907361	10946
V	4907597	10943
V	4907834	10943
V	4908748	10943
V	4908988	10943
V	4909704	10946
V	4909946	10941
V	4910423	10941
V	4910663	10941
V	4910901	10941
V	4911142	10941
V	4911384	10941
V	4911626	10941
V	4911868	10943
V	4912581	10946
V	4914441	10941
V	4914681	10952
V	4915376	10952
V	4915592	10952
V	4915826	10952
V	4916060	10952
V	4916295	10952
V	4916530	10952
V	4916762	10952
V	4916995	10952
V	4917227	10952
V	4917459	10957
V	4918170	10954
V	4918406	10954
V	4918638	10954
V	4918874	10954
V	4919108	10954
V	4919569	10954
V	4919802	10954
V	4920724	10957
V	4922100	10957
V	4922564	10957
V	4922798	10957
V	4923034	10957
V	4923497	10957
V	4923715	10954
V	4924181	10957
V	4924646	10957
V	4925093	10957
V	4927217	10952
V	4927456	10952
V	4927694	10952
V	4927936	10952
V	4928179	10954
V	4929322	10954
V	4930717	10957
V	4931194	10957
V	4931433	10957
V	4931672	10952
V	4932150	10952
V	4932391	10963
V	4933106	10963
V	4933340	10963
V	4933575	10963
V	4933809	10963
V	4934043	10963
V	4934277	10963
V	4934513	10963
V	4934747	10963
V	4934982	10963
V	4935219	10963
V	4935450	10968
V	4936162	10965
V	4936843	10965
V	4937531	10965
V	4937766	10965
V	4938915	10965
V	4939150	10965
V	4940070	10965
V	4940306	10968
V	4940773	10968
V	4941009	10968
V	4941907	10965
V	4943262	10965
V	4943497	10968
V	4943732	10965
V	4944654	10968
V	4945130	10963
V	4945371	10963
V	4945611	10963
V	4945852	10968
V	4948430	10979
V	4948909	10979
V	4949151	10974
V	4949386	10974
V	4949624	10974
V	4949859	10974
V	4950094	10974
V	4950327	10974
V	4950561	10974
V	4950795	10974
V	4951028	10974
V	4951261	10974
V	4951493	10974
V	4951724	10974
V	4951958	10979
V	4952197	10979
V	4952672	10979
V	4954087	10976
V	4957050	10976
V	4957509	10979
V	4959755	10979
V	4960219	10976
V	4961141	10976
V	4961374	10976
V	4961837	10976
V	4962530	10974
V	4965128	10974
V	4965369	10974
V	4965593	10974
V	4965834	10974
V	4966073	10974
V	4966315	10974
V	4966556	10974
V	4966796	10976
V	4967035	10974
V	4969399	10985
V	4969633	10985
V	4969868	10985
V	4970100	10985
V	4970331	10985
V	4970565	10985
V	4970799	10985
V	4971943	10987
V	4972870	10987
V	4973106	10987
V	4973340	10987
V	4974034	10987
V	4974481	10987
V	4975155	10990
V	4976065	10990
V	4976300	10990
V	4976514	10990
V	4977879	10987
V	4978341	10990
V	4979987	10985
V	4980228	10985
V	4980469	10985
V	4980708	10985
V	4980947	10985
V	4981187	10985
V	4981427	10987
V	4982373	10985
V	4984022	10985
V	4984258	10985
V	4984497	10996
V	4984965	10996
V	4985198	10996
V	4985432	10996
V	4985667	10996
V	4985901	10996
V	4986134	10996
V	4986370	10996
V	4986604	10996
V	4986821	11001
V	4987768	10998
V	4988472	10998
V	4989622	10998
V	4990549	10998
V	4991012	11001
V	4991703	10998
V	4992869	11001
V	4993343	11001
V	4993819	10996
V	4994039	10996
V	4994277	10996
V	4994518	10996
V	4994758	10996
V	4995000	10998
V	4995944	11001
V	4996184	10996
V	4996425	10996
V	4996662	11007
V	4997124	11007
V	4997358	11012
V	4997596	11012
V	4998074	11012
V	4998555	11009
V	4998788	11007
V	4999023	11009
V	4999484	11009
V	5000410	11009
V	5000875	11009
V	5001340	11012
V	5002951	11012
V	5003414	11012
V	5004338	11012
V	5004572	11012
V	5005038	11009
V	5005271	11009
V	5005983	11012
V	5006222	11007
V	5007171	11007
V	5007410	11007
V	5007650	11007
V	5007888	11012
V	5010004	11007
V	5010247	11007
V	5010485	11007
V	5010705	11007
V	5010945	11023
V	5011423	11018
V	5011656	11018
V	5011891	11018
V	5012122	11023
V	5012599	11023
V	5013316	11023
V	5013558	11023
V	5014029	11020
V	5015646	11020
V	5016567	11020
V	5016802	11020
V	5017496	11020
V	5017957	11023
V	5018653	11018
V	5023503	11018
V	5023744	11018
V	5023984	11023
V	5024698	11018
V	5024938	11018
V	5025180	11018
V	5025419	11018
V	5025662	11018
V	5025899	11029
V	5026139	11029
V	5026375	11029
V	5026609	11029
V	5026842	11029
V	5027077	11029
V	5027310	11029
V	5027541	11034
V	5028484	11031
V	5029415	11031
V	5030091	11031
V	5031007	11034
V	5032379	11031
V	5033075	11029
V	5033782	11029
V	5034024	11031
V	5034265	11034
V	5035442	11029
V	5035914	11040
V	5036385	11040
V	5036619	11040
V	5036846	11040
V	5037083	11040
V	5037317	11040
V	5037555	11045
V	5037796	11045
V	5038270	11042
V	5039651	11042
V	5041256	11042
V	5041486	11045
V	5041722	11045
V	5042186	11045
V	5042647	11045
V	5042880	11042
V	5043108	11040
V	5044734	11040
V	5044958	11040
V	5045199	11040
V	5045439	11040
V	5045677	11040
V	5045917	11045
V	5047554	11040
V	5047796	11053
V	5048258	11053
V	5048492	11051
V	5048945	11051
V	5049179	11051
V	5049414	11051
V	5049648	11051
V	5049883	11051
V	5050117	11051
V	5050352	11051
V	5050588	11051
V	5050822	11051
V	5051055	11051
V	5051285	11053
V	5053588	11053
V	5053821	11053
V	5054280	11053
V	5054979	11053
V	5055214	11053
V	5055672	11053
V	5056134	11056
V	5057051	11056
V	5057516	11056
V	5058211	11056
V	5058447	11053
V	5058912	11053
V	5059148	11053
V	5060084	11056
V	5061033	11051
V	5061273	11051
V	5061515	11051
V	5061754	11051
V	5061995	11051
V	5062237	11051
V	5062478	11053
V	5063650	11053
V	5064125	11056
V	5064363	11051
V	5064836	11062
V	5065307	11062
V	5065542	11062
V	5065777	11062
V	5066012	11062
V	5066248	11062
V	5066484	11062
V	5066717	11062
V	5066949	11062
V	5067181	11064
V	5069046	11064
V	5069953	11064
V	5070190	11064
V	5070648	11067
V	5071334	11067
V	5072025	11067
V	5072260	11067
V	5072496	11067
V	5072732	11067
V	5072967	11064
V	5073655	11067
V	5075533	11062
V	5075772	11062
V	5076013	11062
V	5076254	11062
V	5076494	11062
V	5076737	11067
V	5079331	11067
V	5079571	11067
V	5080277	11062
V	5080519	11062
V	5080758	11077
V	5081005	11077
V	5081251	11073
V	5081482	11073
V	5081716	11073
V	5081950	11073
V	5082184	11078
V	5082664	11078
V	5082904	11078
V	5083146	11075
V	5084066	11075
V	5084303	11075
V	5085680	11078
V	5087964	11078
V	5088199	11078
V	5088891	11078
V	5090041	11078
V	5090275	11075
V	5091196	11078
V	5091670	11078
V	5091912	11073
V	5092371	11073
V	5092611	11073
V	5092851	11073
V	5093091	11073
V	5093331	11073
V	5093572	11073
V	5093813	11073
V	5095231	11089
V	5095476	11089
V	5096234	11086
V	5096746	11089
V	5097263	11086
V	5098268	11086
V	5098528	11086
V	5098787	11086
V	5099283	11086
V	5100039	11086
V	5100543	11084
V	5100799	11086
V	5101057	11086
V	5101315	11089
V	5102082	11084
V	5103340	11086
V	5104103	11086
V	5104597	11086
V	5104855	11086
V	5105110	11084
V	5105362	11084
V	5105620	11086
V	5105870	11084
V	5106876	11086
V	5107130	11086
V	5107379	11088
V	5108138	11088
V	5108392	11088
V	5108881	11086
V	5109389	11089
V	5111380	11086
V	5111888	11086
V	5112140	11086
V	5112398	11084
V	5113399	11089
V	5113895	11088
V	5114895	11086
V	5115636	11086
V	5116652	11086
V	5117414	11086
V	5117908	11084
V	5118163	11086
V	5118671	11084
V	5119685	11084
V	5120443	11086
V	5120694	11089
V	5121454	11088
V	5122944	11086
V	5123948	11088
V	5124687	11089
V	5125697	11084
V	5126195	11084
V	5126443	11084
V	5126693	11088
V	5127946	11089
V	5128455	11086
V	5128952	11086
V	5130439	11088
V	5130940	11088
V	5131687	11088
V	5132181	11088
V	5134146	11084
V	5137134	11084
V	5137386	11089
V	5137639	11089
V	5137890	11084
V	5138631	11089
V	5139344	11089
V	5139585	11089
V	5139827	11089
V	5140069	11084
V	5140540	11084
V	5140772	11084
V	5141008	11084
V	5141242	11084
V	5141465	11084
V	5141699	11089
V	5141941	11089
V	5142419	11086
V	5142877	11086
V	5143112	11086
V	5143574	11086
V	5144501	11086
V	5145191	11086
V	5146117	11086
V	5146349	11086
V	5146814	11089
V	5147049	11089
V	5147722	11089
V	5147956	11089
V	5148192	11086
V	5149322	11086
V	5149795	11084
V	5150744	11084
V	5150984	11084
V	5151226	11084
V	5151466	11084
V	5151707	11084
V	5151949	11084
V	5152190	11084
V	5152430	11084
V	5152654	11089
V	5154052	11089
V	5154294	11089
V	5155009	11084
V	5155250	11084
V	5155491	11095
V	5155731	11100
V	5155972	11095
V	5156203	11095
V	5156435	11095
V	5156670	11095
V	5156905	11095
V	5157142	11095
V	5157375	11100
V	5157616	11100
V	5157857	11097
V	5158547	11097
V	5158782	11097
V	5159017	11100
V	5161775	11100
V	5162241	11100
V	5163160	11095
V	5165037	11095
V	5165278	11095
V	5165516	11095
V	5165755	11095
V	5165991	11095
V	5166228	11095
V	5166469	11095
V	5166712	11095
V	5166954	11097
V	5167902	11100
V	5168377	11100
V	5168617	11111
V	5168859	11106
V	5170030	11106
V	5170263	11106
V	5170480	11106
V	5170697	11106
V	5170931	11111
V	5171408	11108
V	5171857	11108
V	5172092	11108
V	5173015	11108
V	5173248	11108
V	5173714	11108
V	5174640	11111
V	5176234	11108
V	5176925	11108
V	5177866	11106
V	5178576	11106
V	5178816	11106
V	5179058	11106
V	5179297	11108
V	5179773	11117
V	5180938	11117
V	5181173	11117
V	5181409	11117
V	5181647	11117
V	5181880	11117
V	5182113	11122
V	5182589	11119
V	5184437	11119
V	5184671	11119
V	5185361	11122
V	5185596	11122
V	5186520	11122
V	5187447	11122
V	5187682	11122
V	5188147	11119
V	5188820	11119
V	5189054	11117
V	5189999	11117
V	5190239	11117
V	5190480	11117
V	5190700	11117
V	5190939	11117
V	5191178	11117
V	5191420	11122
V	5193520	11117
V	5193755	11117
V	5193996	11128
V	5195157	11128
V	5195391	11128
V	5195623	11128
V	5195855	11133
V	5196095	11133
V	5196338	11130
V	5197031	11130
V	5197492	11130
V	5197728	11130
V	5197960	11130
V	5199112	11130
V	5199343	11130
V	5200033	11133
V	5201183	11133
V	5201877	11130
V	5202334	11130
V	5203020	11133
V	5205368	11128
V	5205608	11128
V	5205849	11128
V	5206088	11128
V	5206328	11128
V	5206570	11128
V	5206810	11130
V	5207973	11133
V	5208684	11128
V	5209144	11128
V	5209383	11141
V	5209851	11139
V	5210768	11139
V	5210984	11139
V	5211201	11139
V	5211438	11144
V	5211680	11144
V	5211919	11144
V	5212393	11141
V	5213083	11141
V	5213546	11141
V	5214924	11141
V	5215390	11144
V	5216314	11141
V	5216550	11144
V	5217929	11139
V	5218851	11139
V	5219072	11139
V	5219314	11139
V	5219555	11139
V	5219796	11139
V	5220037	11141
V	5220279	11141
V	5220986	11144
V	5221459	11139
V	5221930	11155
V	5222170	11150
V	5222866	11150
V	5223083	11155
V	5223325	11155
V	5223549	11152
V	5224014	11152
V	5225154	11152
V	5225617	11152
V	5226309	11152
V	5227005	11152
V	5227926	11155
V	5228390	11155
V	5228855	11155
V	5229088	11155
V	5229554	11155
V	5230223	11152
V	5230456	11152
V	5231147	11152
V	5231852	11152
V	5232091	11155
V	5232551	11150
V	5232792	11150
V	5233033	11150
V	5233272	11150
V	5233511	11150
V	5233750	11150
V	5233992	11150
V	5234216	11150
V	5234455	11152
V	5234933	11150
V	5236565	11150
V	5236808	11150
V	5237049	11161
V	5237288	11161
V	5237996	11161
V	5238230	11161
V	5238465	11161
V	5238697	11161
V	5238932	11166
V	5239412	11163
V	5239856	11163
V	5240090	11163
V	5240758	11166
V	5242591	11161
V	5244466	11161
V	5244708	11161
V	5244947	11161
V	5245186	11161
V	5245425	11161
V	5245663	11161
V	5245905	11161
V	5246146	11166
V	5249194	11166
V	5249434	11166
V	5249674	11166
V	5249915	11161
V	5250156	11172
V	5250396	11177
V	5250875	11172
V	5251108	11172
V	5251343	11172
V	5251577	11172
V	5251812	11172
V	5252044	11172
V	5252279	11172
V	5252514	11172
V	5252748	11172
V	5252981	11172
V	5253213	11174
V	5255521	11174
V	5255985	11174
V	5256449	11174
V	5256913	11177
V	5257825	11177
V	5258046	11177
V	5258280	11177
V	5258744	11174
V	5260107	11174
V	5260340	11174
V	5260802	11177
V	5261035	11172
V	5262450	11172
V	5262692	11172
V	5262934	11172
V	5263175	11172
V	5263415	11174
V	5263895	11174
V	5265055	11177
V	5266952	11177
V	5267192	11172
V	5267645	11172
V	5267883	11172
V	5268125	11185
V	5268815	11185
V	5269049	11183
V	5269282	11183
V	5269514	11183
V	5269747	11183
V	5269979	11183
V	5270214	11183
V	5270451	11188
V	5270692	11185
V	5271389	11185
V	5271622	11185
V	5272769	11185
V	5273233	11185
V	5273467	11185
V	5273704	11185
V	5273939	11185
V	5274176	11185
V	5275093	11185
V	5275328	11188
V	5276022	11188
V	5276253	11188
V	5276715	11188
V	5277177	11188
V	5277644	11188
V	5278798	11185
V	5279037	11188
V	5279502	11185
V	5280209	11188
V	5280919	11188
V	5281160	11188
V	5281403	11183
V	5281644	11183
V	5281884	11183
V	5282123	11183
V	5282363	11183
V	5282602	11183
V	5282844	11183
V	5283085	11188
V	5284270	11183
V	5284744	11199
V	5285203	11194
V	5285674	11194
V	5285908	11194
V	5286142	11194
V	5286377	11194
V	5286614	11194
V	5286848	11196
V	5288704	11196
V	5288938	11196
V	5289173	11196
V	5289410	11196
V	5289873	11196
V	5290108	11196
V	5290343	11196
V	5290807	11196
V	5291038	11196
V	5291274	11199
V	5292657	11199
V	5293122	11199
V	5293797	11199
V	5294263	11199
V	5295162	11196
V	5295864	11194
V	5297991	11194
V	5298228	11194
V	5298466	11194
V	5299627	11194
V	5299864	11205
V	5300102	11210
V	5300582	11205
V	5301996	11205
V	5302231	11205
V	5302448	11205
V	5302681	11205
V	5302916	11205
V	5303147	11205
V	5303382	11210
V	5303624	11207
V	5304780	11207
V	5305243	11207
V	5305935	11210
V	5307087	11210
V	5307323	11207
V	5308492	11205
V	5310388	11205
V	5310630	11205
V	5310870	11205
V	5311112	11205
V	5311353	11205
V	5311593	11210
V	5314186	11205
V	5314660	11205
V	5314884	11218
V	5315343	11216
V	5315578	11216
V	5315813	11216
V	5316045	11216
V	5316281	11216
V	5316500	11216
V	5316735	11216
V	5316967	11216
V	5317201	11216
V	5317436	11221
V	5317680	11221
V	5317923	11221
V	5318865	11218
V	5319770	11218
V	5320465	11218
V	5321157	11218
V	5321392	11218
V	5321856	11218
V	5322093	11218
V	5322554	11221
V	5324400	11221
V	5324864	11221
V	5325542	11218
V	5326460	11216
V	5327874	11216
V	5328112	11216
V	5328351	11216
V	5328574	11216
V	5328815	11216
V	5329057	11216
V	5329298	11218
V	5329540	11221
V	5331625	11221
V	5332105	11221
V	5332349	11229
V	5333277	11227
V	5333512	11227
V	5333746	11227
V	5333980	11229
V	5334683	11229
V	5334919	11229
V	5337422	11232
V	5337658	11232
V	5337894	11232
V	5338360	11229
V	5340203	11227
V	5341148	11227
V	5341390	11227
V	5341628	11227
V	5341866	11232
V	5344228	11227
V	5344470	11227
V	5344712	11238
V	5344947	11238
V	5345180	11238
V	5345414	11238
V	5345649	11240
V	5346120	11240
V	5346812	11240
V	5348424	11240
V	5348892	11240
V	5349128	11240
V	5349823	11240
V	5350056	11240
V	5350291	11243
V	5351438	11243
V	5351674	11240
V	5352369	11243
V	5353779	11243
V	5354021	11243
V	5354262	11238
V	5354505	11238
V	5354747	11238
V	5354988	11238
V	5355229	11238
V	5355471	11240
V	5355949	11243
V	5356422	11243
V	5356894	11238
V	5357133	11238
V	5357374	11238
V	5357611	11238
V	5357853	11249
V	5358084	11249
V	5358318	11249
V	5358552	11249
V	5358788	11249
V	5359023	11249
V	5359257	11249
V	5359492	11249
V	5359727	11251
V	5360660	11251
V	5362955	11251
V	5363416	11254
V	5364106	11254
V	5365480	11251
V	5365714	11254
V	5366895	11249
V	5367136	11249
V	5367377	11249
V	5367600	11249
V	5367840	11249
V	5368077	11249
V	5368318	11251
V	5369722	11254
V	5370433	11260
V	5370906	11260
V	5371146	11260
V	5371616	11260
V	5371850	11260
V	5372084	11260
V	5372320	11260
V	5372556	11260
V	5372787	11265
V	5373029	11265
V	5373270	11262
V	5373714	11262
V	5374178	11262
V	5374413	11262
V	5374876	11262
V	5375802	11262
V	5376261	11265
V	5376725	11265
V	5377192	11262
V	5378114	11262
V	5378353	11260
V	5380243	11260
V	5380485	11260
V	5380706	11262
V	5380948	11262
V	5381424	11260
V	5382834	11260
V	5383072	11260
V	5383310	11260
V	5383550	11273
V	5384260	11271
V	5384492	11271
V	5384725	11271
V	5384959	11271
V	5385191	11276
V	5385881	11273
V	5386801	11273
V	5387037	11273
V	5387502	11273
V	5388192	11273
V	5388424	11273
V	5388658	11273
V	5388889	11276
V	5389584	11276
V	5390048	11276
V	5390513	11273
V	5392162	11276
V	5392400	11276
V	5392856	11271
V	5393568	11271
V	5393806	11271
V	5394046	11271
V	5394288	11271
V	5394530	11271
V	5394771	11273
V	5395718	11276
V	5396194	11276
V	5396667	11282
V	5397823	11282
V	5398059	11282
V	5398294	11282
V	5398528	11282
V	5398762	11282
V	5398994	11282
V	5399229	11282
V	5399465	11282
V	5399699	11287
V	5399942	11287
V	5400183	11284
V	5401119	11284
V	5401356	11284
V	5402049	11284
V	5404118	11287
V	5405493	11287
V	5406416	11284
V	5406878	11287
V	5407566	11284
V	5408748	11287
V	5409445	11282
V	5409686	11282
V	5409926	11282
V	5410164	11282
V	5410401	11282
V	5410642	11282
V	5410883	11282
V	5411126	11287
V	5413721	11282
V	5413964	11298
V	5414206	11298
V	5414685	11293
V	5415392	11293
V	5415626	11293
V	5415840	11293
V	5416071	11293
V	5416304	11293
V	5416538	11293
V	5416770	11293
V	5417004	11293
V	5417236	11293
V	5417471	11293
V	5417705	11293
V	5417936	11293
V	5418170	11295
V	5419320	11295
V	5419556	11298
V	5421616	11298
V	5421852	11298
V	5422314	11295
V	5423229	11295
V	5423469	11298
V	5423949	11293
V	5424189	11293
V	5424431	11293
V	5424673	11293
V	5424914	11295
V	5426792	11298
V	5428211	11293
V	5428685	11293
V	5428909	11309
V	5429151	11309
V	5429395	11304
V	5429614	11304
V	5429841	11304
V	5430080	11304
V	5430311	11304
V	5430548	11304
V	5430781	11304
V	5431012	11309
V	5431473	11309
V	5431713	11309
V	5431951	11306
V	5432624	11306
V	5433093	11306
V	5433540	11306
V	5433774	11306
V	5434006	11306
V	5435615	11306
V	5436081	11309
V	5438161	11309
V	5439065	11309
V	5439529	11306
V	5439990	11304
V	5440929	11304
V	5441164	11304
V	5441404	11304
V	5441644	11306
V	5442355	11306
V	5443059	11306
V	5444235	11309
V	5445178	11304
V	5445421	11304
V	5445663	11320
V	5446140	11315
V	5446843	11315
V	5447078	11315
V	5447312	11315
V	5447546	11315
V	5447779	11315
V	5448013	11315
V	5448248	11315
V	5448480	11320
V	5448951	11315
V	5449652	11317
V	5450117	11317
V	5450352	11317
V	5451960	11317
V	5452196	11320
V	5452662	11320
V	5453127	11320
V	5454033	11320
V	5454500	11320
V	5455193	11317
V	5455429	11317
V	5456593	11315
V	5457070	11315
V	5457310	11315
V	5457548	11315
V	5457786	11320
V	5458736	11315
V	5458975	11315
V	5459199	11315
V	5459439	11315
V	5459681	11315
V	5459923	11331
V	5460634	11326
V	5460869	11326
V	5461103	11326
V	5461333	11326
V	5461567	11326
V	5461802	11331
V	5462511	11328
V	5463200	11328
V	5463663	11328
V	5464582	11328
V	5465725	11328
V	5466189	11331
V	5467095	11331
V	5467330	11331
V	5467793	11328
V	5469198	11331
V	5469672	11331
V	5469911	11326
V	5470154	11326
V	5470395	11326
V	5470634	11326
V	5470875	11326
V	5471118	11326
V	5471359	11326
V	5471597	11326
V	5471818	11326
V	5472057	11328
V	5473222	11331
V	5474162	11326
V	5475080	11342
V	5475323	11342
V	5475565	11337
V	5476268	11337
V	5476501	11337
V	5476735	11337
V	5476967	11337
V	5477200	11337
V	5477435	11337
V	5477669	11337
V	5477901	11342
V	5478833	11342
V	5479073	11342
V	5479310	11339
V	5479773	11339
V	5480005	11339
V	5480238	11339
V	5480929	11339
V	5481165	11339
V	5481630	11339
V	5482093	11339
V	5482327	11339
V	5482792	11342
V	5483487	11339
V	5484824	11339
V	5485048	11342
V	5487150	11337
V	5487392	11337
V	5487632	11337
V	5487873	11337
V	5488108	11337
V	5488347	11342
V	5489523	11337
V	5489763	11337
V	5490001	11353
V	5490244	11348
V	5490481	11348
V	5490716	11348
V	5490950	11348
V	5491182	11348
V	5491417	11348
V	5491650	11348
V	5491884	11348
V	5492119	11353
V	5492363	11350
V	5493055	11350
V	5493290	11350
V	5493751	11350
V	5494450	11353
V	5496054	11353
V	5496289	11353
V	5496737	11350
V	5497198	11350
V	5497433	11350
V	5497667	11353
V	5499071	11348
V	5499311	11348
V	5499550	11348
V	5499788	11348
V	5500029	11348
V	5500270	11348
V	5500513	11359
V	5503308	11359
V	5503547	11359
V	5504477	11359
V	5504711	11359
V	5504945	11361
V	5505649	11361
V	5506101	11361
V	5507253	11361
V	5508403	11364
V	5509326	11361
V	5510478	11359
V	5512349	11359
V	5512590	11359
V	5512831	11359
V	5513068	11359
V	5513288	11359
V	5513524	11359
V	5513765	11359
V	5514007	11359
V	5514247	11359
V	5516126	11359
V	5516367	11375
V	5517080	11375
V	5517322	11370
V	5517791	11370
V	5518026	11370
V	5518259	11370
V	5518492	11370
V	5518725	11375
V	5518950	11375
V	5519428	11372
V	5520129	11370
V	5520362	11372
V	5520596	11372
V	5521284	11372
V	5522436	11372
V	5522883	11375
V	5524031	11375
V	5524494	11375
V	5524729	11375
V	5525195	11375
V	5525427	11375
V	5525661	11375
V	5526581	11372
V	5527248	11375
V	5527712	11375
V	5529832	11370
V	5530301	11370
V	5530543	11370
V	5530784	11370
V	5531023	11372
V	5532671	11375
V	5533379	11370
V	5533618	11370
V	5533859	11370
V	5534101	11383
V	5534334	11381
V	5534568	11381
V	5534788	11381
V	5535020	11381
V	5535255	11386
V	5536209	11383
V	5537134	11383
V	5537366	11383
V	5538978	11383
V	5540571	11383
V	5540806	11383
V	5541042	11386
V	5541278	11386
V	5542194	11383
V	5543782	11386
V	5544015	11386
V	5544480	11386
V	5544715	11383
V	5544953	11383
V	5546119	11386
V	5546596	11381
V	5547071	11381
V	5547294	11381
V	5547533	11383
V	5547774	11381
V	5548722	11392
V	5548961	11394
V	5549433	11392
V	5549668	11392
V	5549901	11392
V	5550136	11392
V	5550371	11397
V	5551087	11397
V	5551325	11394
V	5551771	11394
V	5552005	11394
V	5552929	11394
V	5554029	11397
V	5556103	11397
V	5556336	11397
V	5556800	11397
V	5557263	11397
V	5558164	11397
V	5559308	11397
V	5560021	11392
V	5560244	11392
V	5560466	11392
V	5560707	11392
V	5560948	11392
V	5561189	11397
V	5562119	11397
V	5562592	11408
V	5563544	11405
V	5564013	11403
V	5564252	11403
V	5564486	11403
V	5564719	11403
V	5564953	11403
V	5565190	11403
V	5565423	11403
V	5565658	11403
V	5565889	11403
V	5566122	11408
V	5566363	11405
V	5566832	11405
V	5568214	11405
V	5569364	11408
V	5570272	11408
V	5570733	11408
V	5571195	11405
V	5571429	11408
V	5571665	11405
V	5571897	11405
V	5572840	11405
V	5573081	11403
V	5573323	11403
V	5573546	11403
V	5573787	11403
V	5574027	11405
V	5575439	11403
V	5576855	11418
V	5577353	11418
V	5577601	11414
V	5577840	11419
V	5578083	11416
V	5578532	11414
V	5578767	11414
V	5579002	11414
V	5579238	11414
V	5579454	11414
V	5579688	11416
V	5581072	11416
V	5581765	11416
V	5582225	11416
V	5582442	11416
V	5583363	11416
V	5583596	11419
V	5583828	11419
V	5584291	11414
V	5587078	11414
V	5587320	11414
V	5587559	11414
V	5587800	11414
V	5588041	11419
V	5590165	11419
V	5590407	11430
V	5590915	11425
V	5591669	11427
V	5592677	11427
V	5593180	11427
V	5593688	11429
V	5595208	11427
V	5596964	11427
V	5597222	11427
V	5597731	11430
V	5597993	11430
V	5598994	11427
V	5599503	11429
V	5599747	11427
V	5601250	11427
V	5601755	11425
V	5602270	11430
V	5602768	11425
V	5603768	11427
V	5604774	11425
V	5605031	11427
V	5605528	11429
V	5606539	11429
V	5606799	11429
V	5607800	11429
V	5608053	11429
V	5609050	11429
V	5610538	11425
V	5611283	11430
V	5611540	11425
V	5611789	11425
V	5612038	11427
V	5613532	11425
V	5613765	11425
V	5614002	11427
V	5615852	11427
V	5616319	11427
V	5617008	11427
V	5617243	11427
V	5617705	11427
V	5617940	11427
V	5618174	11430
V	5618873	11430
V	5619563	11427
V	5619800	11427
V	5620256	11427
V	5620490	11430
V	5620951	11425
V	5622357	11425
V	5622581	11425
V	5622820	11425
V	5623062	11425
V	5623298	11425
V	5623536	11430
V	5627765	11425
V	5628241	11425
V	5628483	11425
V	5628725	11425
V	5628966	11436
V	5629204	11438
V	5629439	11436
V	5629674	11436
V	5629908	11436
V	5630142	11436
V	5630376	11436
V	5630608	11436
V	5630842	11436
V	5631077	11441
V	5631556	11438
V	5633864	11441
V	5635477	11441
V	5636396	11441
V	5636631	11438
V	5636866	11441
V	5637098	11441
V	5637315	11438
V	5638256	11441
V	5638732	11441
V	5639208	11436
V	5639450	11436
V	5639691	11436
V	5639930	11436
V	5640171	11438
V	5641348	11438
V	5641590	11441
V	5642748	11436
V	5643459	11436
V	5643699	11436
V	5643941	11447
V	5644180	11447
V	5644401	11447
V	5644637	11447
V	5644872	11447
V	5645107	11447
V	5645343	11447
V	5645578	11447
V	5645813	11447
V	5646044	11447
V	5646277	11447
V	5646509	11447
V	5646742	11447
V	5646977	11447
V	5647211	11447
V	5649073	11449
V	5649304	11449
V	5649771	11449
V	5650006	11449
V	5650240	11449
V	5650472	11449
V	5651164	11449
V	5652992	11452
V	5653226	11452
V	5653459	11452
V	5653694	11452
V	5653928	11452
V	5654161	11452
V	5654626	11452
V	5655552	11452
V	5656018	11452
V	5656481	11449
V	5657176	11449
V	5657638	11452
V	5657874	11449
V	5658575	11452
V	5659513	11447
V	5659754	11447
V	5659997	11447
V	5660238	11447
V	5660476	11447
V	5660717	11447
V	5660955	11447
V	5661194	11447
V	5661431	11447
V	5661673	11449
V	5662625	11447
V	5665206	11447
V	5665449	11447
V	5665690	11447
V	5665931	11447
V	5666172	11458
V	5666410	11458
V	5666643	11458
V	5666877	11458
V	5667110	11463
V	5668295	11460
V	5668979	11460
V	5669214	11460
V	5672185	11463
V	5672860	11463
V	5673785	11463
V	5674252	11460
V	5674947	11460
V	5675181	11460
V	5675646	11460
V	5676359	11458
V	5677299	11458
V	5677538	11458
V	5677777	11458
V	5678013	11458
V	5678250	11458
V	5678489	11458
V	5678730	11460
V	5678971	11463
V	5680861	11463
V	5681334	11458
V	5681812	11458
V	5682053	11469
V	5682286	11469
V	5682519	11469
V	5682753	11469
V	5682969	11469
V	5683204	11471
V	5683649	11471
V	5683884	11471
V	5684117	11471
V	5684352	11471
V	5684585	11471
V	5684818	11471
V	5685969	11471
V	5686203	11471
V	5686668	11471
V	5686903	11471
V	5687594	11471
V	5688044	11474
V	5688280	11474
V	5689433	11474
V	5690581	11469
V	5691522	11469
V	5691764	11469
V	5692003	11469
V	5692243	11469
V	5692485	11474
V	5693880	11469
V	5694122	11480
V	5694356	11480
V	5694591	11480
V	5694826	11480
V	5695060	11480
V	5695295	11485
V	5695538	11485
V	5696016	11482
V	5697397	11482
V	5697631	11482
V	5697867	11482
V	5698102	11482
V	5699934	11485
V	5700623	11485
V	5701317	11482
V	5701541	11482
V	5701775	11482
V	5702009	11482
V	5702706	11485
V	5704584	11480
V	5704826	11480
V	5705065	11480
V	5705287	11480
V	5705528	11480
V	5705750	11480
V	5705991	11480
V	5706231	11482
V	5708328	11482
V	5708568	11485
V	5709515	11491
V	5710216	11491
V	5710450	11491
V	5710685	11491
V	5710919	11491
V	5711150	11491
V	5711385	11491
V	5711618	11491
V	5711850	11491
V	5712085	11496
V	5712325	11496
V	5712563	11496
V	5713259	11493
V	5714195	11493
V	5716252	11493
V	5716716	11493
V	5718080	11496
V	5718524	11496
V	5718760	11496
V	5718978	11496
V	5719438	11496
V	5719905	11496
V	5720598	11496
V	5720834	11496
V	5721067	11496
V	5723620	11496
V	5723861	11491
V	5724100	11491
V	5724339	11491
V	5724576	11491
V	5724816	11491
V	5725056	11493
V	5726469	11496
V	5726693	11491
V	5726932	11491
V	5727173	11502
V	5727846	11502
V	5728083	11502
V	5728318	11502
V	5728552	11502
V	5728783	11502
V	5729018	11502
V	5729253	11507
V	5729967	11507
V	5730209	11504
V	5732270	11504
V	5733192	11504
V	5734108	11507
V	5735029	11507
V	5735499	11507
V	5735733	11507
V	5736198	11504
V	5737806	11502
V	5738516	11502
V	5738754	11502
V	5738994	11502
V	5739235	11502
V	5739473	11502
V	5739714	11502
V	5739957	11502
V	5740198	11502
V	5742324	11513
V	5742559	11513
V	5742794	11513
V	5743028	11513
V	5743263	11518
V	5743725	11518
V	5744203	11515
V	5744896	11515
V	5745130	11515
V	5745364	11515
V	5745830	11515
V	5746983	11515
V	5747674	11518
V	5748369	11513
V	5751364	11513
V	5751586	11513
V	5751821	11513
V	5752062	11515
V	5752752	11515
V	5753222	11518
V	5754640	11513
V	5755817	11513
V	5756530	11524
V	5756765	11524
V	5756998	11524
V	5757233	11524
V	5757469	11524
V	5757703	11524
V	5757938	11524
V	5758173	11524
V	5758407	11524
V	5758624	11529
V	5759317	11526
V	5760018	11526
V	5761592	11526
V	5762267	11526
V	5762502	11529
V	5762963	11529
V	5763659	11529
V	5764122	11529
V	5764586	11526
V	5765276	11529
V	5766443	11524
V	5766922	11524
V	5767163	11524
V	5767404	11524
V	5767641	11524
V	5767880	11524
V	5768118	11524
V	5768358	11526
V	5769768	11526
V	5770006	11529
V	5770483	11529
V	5770724	11529
V	5770966	11529
V	5771445	11524
V	5771686	11535
V	5772149	11535
V	5772375	11535
V	5772609	11535
V	5772842	11535
V	5773075	11535
V	5773305	11537
V	5774006	11537
V	5775363	11537
V	5776280	11540
V	5776974	11540
V	5777209	11540
V	5777671	11540
V	5778137	11540
V	5778830	11535
V	5780008	11535
V	5780248	11535
V	5780484	11535
V	5780719	11535
V	5780961	11535
V	5781198	11537
V	5783547	11535
V	5784707	11535
V	5784949	11535
V	5785191	11535
V	5785431	11546
V	5785671	11548
V	5786132	11546
V	5786366	11546
V	5786600	11546
V	5786832	11546
V	5787066	11551
V	5787305	11551
V	5788019	11551
V	5788495	11548
V	5789194	11548
V	5789886	11548
V	5790353	11548
V	5790798	11548
V	5791261	11548
V	5791495	11548
V	5792191	11551
V	5792881	11551
V	5793570	11551
V	5794268	11548
V	5794970	11548
V	5795426	11546
V	5796354	11546
V	5796593	11546
V	5796832	11548
V	5797072	11548
V	5797313	11548
V	5797786	11548
V	5798261	11551
V	5798976	11551
V	5799216	11546
V	5799688	11559
V	5800162	11557
V	5800626	11557
V	5800860	11557
V	5801092	11557
V	5801326	11557
V	5801558	11557
V	5801792	11562
V	5802027	11562
V	5802269	11562
V	5802745	11559
V	5803674	11559
V	5806424	11559
V	5806891	11562
V	5807127	11562
V	5807364	11562
V	5808060	11562
V	5808983	11562
V	5809223	11557
V	5809464	11557
V	5809702	11562
V	5810645	11562
V	5811125	11568
V	5811359	11568
V	5811593	11568
V	5811824	11573
V	5812062	11573
V	5812540	11573
V	5812783	11570
V	5813017	11570
V	5813481	11570
V	5813942	11570
V	5814177	11570
V	5814872	11570
V	5816480	11570
V	5816712	11570
V	5817174	11570
V	5817409	11573
V	5818334	11573
V	5819026	11573
V	5819261	11570
V	5819495	11570
V	5819960	11570
V	5820195	11570
V	5820898	11570
V	5821610	11570
V	5821847	11570
V	5822556	11568
V	5823503	11568
V	5823745	11568
V	5823986	11570
V	5824932	11573
V	5826348	11573
V	5826588	11568
V	5826830	11581
V	5827301	11579
V	5827764	11579
V	5828000	11579
V	5828235	11579
V	5828470	11579
V	5828701	11579
V	5828917	11579
V	5829149	11579
V	5829379	11584
V	5830527	11584
V	5831000	11581
V	5831468	11581
V	5832159	11581
V	5833077	11581
V	5833310	11584
V	5837216	11584
V	5837912	11584
V	5838147	11581
V	5840219	11579
V	5840933	11579
V	5841174	11579
V	5841415	11579
V	5841656	11581
V	5841897	11579
V	5844472	11592
V	5844937	11590
V	5845154	11590
V	5845380	11590
V	5845611	11590
V	5845845	11592
V	5847018	11592
V	5847478	11592
V	5847709	11592
V	5847944	11592
V	5848406	11592
V	5849559	11592
V	5850248	11595
V	5850463	11595
V	5850698	11595
V	5851387	11590
V	5854184	11590
V	5854426	11590
V	5854666	11590
V	5854906	11590
V	5855148	11590
V	5855387	11595
V	5857033	11590
V	5857271	11590
V	5857512	11595
V	5857755	11595
V	5857998	11590
V	5858239	11590
V	5858480	11601
V	5858712	11601
V	5858947	11601
V	5859180	11601
V	5859412	11601
V	5859643	11606
V	5859886	11606
V	5860596	11601
V	5860831	11603
V	5861740	11603
V	5862893	11603
V	5863109	11603
V	5863572	11606
V	5864959	11606
V	5865194	11606
V	5865430	11606
V	5866122	11603
V	5866799	11603
V	5867495	11601
V	5868676	11601
V	5868917	11601
V	5869158	11601
V	5869400	11601
V	5869638	11603
V	5871288	11606
V	5872698	11601
V	5873870	11601
V	5874109	11612
V	5874347	11612
V	5874584	11612
V	5875046	11612
V	5875278	11612
V	5875513	11612
V	5875744	11612
V	5875979	11612
V	5876210	11612
V	5876442	11617
V	5876686	11617
V	5877159	11617
V	5877399	11614
V	5877866	11614
V	5878562	11614
V	5879028	11614
V	5879720	11614
V	5880641	11617
V	5880875	11617
V	5881797	11614
V	5882943	11614
V	5883179	11617
V	5884369	11617
V	5884612	11617
V	5884852	11612
V	5885092	11612
V	5885316	11612
V	5885557	11612
V	5885799	11612
V	5886038	11612
V	5886276	11612
V	5886516	11612
V	5886757	11612
V	5886998	11612
V	5887235	11614
V	5887712	11617
V	5890266	11612
V	5890504	11612
V	5890746	11623
V	5891207	11623
V	5891657	11623
V	5891888	11623
V	5892121	11628
V	5892362	11628
V	5892606	11628
V	5893796	11628
V	5894269	11628
V	5894745	11625
V	5895437	11625
V	5896324	11625
V	5897015	11625
V	5897250	11625
V	5897699	11625
V	5898392	11625
V	5899312	11628
V	5899780	11628
V	5900015	11628
V	5900465	11628
V	5900700	11628
V	5901620	11628
V	5902986	11628
V	5905575	11623
V	5906050	11623
V	5906292	11623
V	5906531	11623
V	5906769	11625
V	5907714	11628
V	5909364	11636
V	5910525	11634
V	5910742	11634
V	5910977	11634
V	5911211	11639
V	5912389	11636
V	5913551	11636
V	5913787	11636
V	5915165	11636
V	5915629	11636
V	5916075	11639
V	5916543	11639
V	5916779	11639
V	5917015	11636
V	5917471	11639
V	5917936	11636
V	5918643	11636
V	5918884	11634
V	5919124	11634
V	5919364	11634
V	5919603	11634
V	5919842	11634
V	5920083	11634
V	5920321	11634
V	5920562	11636
V	5921037	11639
V	5921975	11639
V	5922214	11634
V	5922906	11634
V	5923147	11634
V	5923386	11634
V	5923627	11634
V	5923868	11634
V	5924110	11645
V	5924349	11645
V	5924584	11645
V	5924820	11645
V	5925055	11650
V	5925297	11650
V	5925538	11647
V	5926232	11647
V	5927150	11647
V	5927384	11647
V	5928305	11647
V	5929441	11650
V	5931268	11647
V	5931968	11647
V	5932205	11645
V	5932916	11645
V	5933156	11645
V	5933397	11645
V	5933634	11645
V	5933875	11647
V	5935061	11645
V	5936234	11645
V	5936471	11645
V	5936711	11645
V	5936951	11645
V	5937194	11656
V	5937429	11656
V	5937663	11656
V	5937898	11656
V	5938133	11656
V	5938367	11656
V	5938599	11656
V	5938833	11656
V	5939056	11661
V	5939294	11661
V	5939538	11661
V	5939778	11658
V	5940703	11658
V	5940937	11658
V	5941838	11658
V	5942534	11658
V	5942771	11658
V	5943005	11661
V	5943926	11661
V	5945998	11658
V	5946440	11661
V	5947608	11656
V	5948322	11656
V	5948544	11656
V	5948784	11656
V	5949024	11656
V	5949266	11656
V	5949507	11656
V	5949748	11656
V	5949987	11658
V	5950931	11656
V	5953523	11656
V	5953762	11656
V	5953986	11656
V	5954228	11667
V	5954462	11667
V	5954696	11667
V	5954929	11667
V	5955165	11667
V	5955399	11667
V	5955634	11667
V	5955868	11667
V	5956102	11672
V	5957287	11669
V	5958647	11669
V	5959338	11669
V	5961191	11669
V	5961888	11672
V	5963036	11672
V	5963493	11672
V	5963730	11672
V	5964196	11669
V	5964432	11667
V	5965842	11667
V	5966083	11667
V	5966323	11667
V	5966565	11667
V	5966806	11667
V	5967048	11667
V	5967287	11667
V	5967524	11667
V	5967766	11667
V	5968008	11669
V	5968251	11672
V	5969665	11672
V	5970375	11672
V	5970614	11672
V	5971085	11667
V	5971560	11667
V	5971801	11680
V	5972033	11680
V	5972267	11678
V	5972501	11678
V	5972736	11678
V	5972971	11678
V	5973205	11678
V	5973439	11678
V	5973673	11678
V	5973907	11678
V	5974142	11683
V	5974858	11680
V	5975326	11680
V	5976707	11680
V	5977174	11680
V	5977409	11683
V	5978791	11683
V	5979026	11683
V	5979262	11683
V	5980415	11683
V	5982075	11678
V	5982316	11678
V	5982557	11678
V	5982797	11678
V	5983038	11678
V	5983280	11678
V	5983522	11678
V	5983760	11678
V	5983998	11683
V	5985649	11683
V	5986123	11683
V	5986365	11683
V	5986845	11694
V	5987087	11691
V	5987769	11689
V	5988005	11689
V	5988239	11689
V	5988474	11689
V	5988709	11689
V	5988944	11689
V	5989179	11689
V	5989416	11689
V	5989650	11689
V	5989886	11689
V	5990102	11694
V	5990344	11694
V	5990586	11691
V	5990821	11691
V	5991285	11691
V	5992439	11691
V	5992901	11691
V	5993341	11694
V	5994258	11694
V	5994946	11694
V	5995179	11694
V	5996082	11691
V	5996761	11689
V	5997913	11689
V	5998153	11689
V	5998393	11689
V	5998630	11689
V	5998869	11689
V	5999106	11689
V	5999344	11689
V	5999585	11689
V	5999828	11689
V	6000069	11689
V	6000307	11691
V	6000548	11691
V	6001023	11689
V	6004067	11689
V	6004307	11689
V	6004548	11700
V	6004782	11700
V	6005016	11705
V	6005729	11702
V	6006179	11702
V	6006640	11702
V	6007564	11702
V	6008257	11702
V	6008956	11702
V	6009191	11705
V	6009655	11705
V	6009890	11702
V	6011040	11705
V	6011276	11702
V	6011515	11705
V	6013144	11700
V	6013386	11700
V	6013627	11700
V	6013867	11700
V	6014106	11700
V	6014346	11700
V	6014587	11700
V	6014826	11700
V	6015065	11700
V	6015306	11700
V	6015543	11702
V	6017665	11705
V	6018373	11700
V	6018846	11700
V	6019084	11700
V	6019325	11711
V	6019776	11711
V	6020010	11711
V	6020245	11716
V	6021192	11713
V	6022833	11713
V	6023755	11713
V	6023990	11713
V	6024453	11716
V	6025597	11713
V	6027209	11713
V	6027443	11713
V	6027679	11713
V	6028124	11713
V	6028363	11713
V	6029313	11713
V	6029790	11711
V	6030031	11711
V	6030272	11711
V	6030513	11711
V	6030754	11711
V	6030996	11711
V	6031234	11711
V	6031474	11711
V	6031716	11711
V	6031957	11713
V	6033145	11711
V	6035263	11711
V	6035499	11711
V	6035740	11711
V	6035981	11722
V	6036443	11722
V	6036679	11722
V	6036913	11722
V	6037148	11722
V	6037382	11722
V	6037599	11722
V	6037835	11722
V	6038067	11722
V	6038302	11722
V	6038534	11727
V	6038773	11727
V	6039251	11727
V	6039491	11727
V	6039732	11724
V	6039966	11724
V	6040201	11724
V	6040886	11724
V	6041123	11724
V	6041589	11724
V	6041823	11724
V	6042058	11724
V	6042289	11724
V	6044124	11727
V	6044572	11727
V	6045479	11727
V	6045715	11727
V	6046414	11727
V	6046876	11727
V	6047108	11724
V	6047343	11724
V	6048501	11722
V	6050358	11722
V	6050598	11722
V	6050839	11722
V	6051076	11722
V	6051317	11724
V	6052012	11724
V	6052951	11724
V	6053425	11727
V	6053901	11727
V	6054375	11722
V	6054848	11722
V	6055086	11722
V	6055325	11722
V	6055564	11733
V	6056026	11733
V	6056259	11733
V	6056473	11733
V	6056707	11733
V	6056942	11738
V	6057894	11738
V	6058602	11735
V	6059065	11735
V	6059761	11735
V	6060455	11735
V	6060919	11735
V	6062999	11735
V	6063464	11738
V	6064157	11738
V	6064395	11738
V	6064861	11735
V	6066035	11735
V	6066509	11733
V	6067203	11733
V	6067444	11733
V	6067684	11733
V	6067923	11733
V	6068161	11733
V	6068402	11733
V	6068642	11735
V	6068884	11735
V	6069121	11735
V	6069361	11738
V	6069835	11738
V	6070290	11748
V	6070784	11748
V	6071035	11744
V	6071268	11744
V	6071503	11744
V	6071734	11744
V	6071966	11744
V	6072200	11744
V	6072434	11749
V	6072677	11749
V	6072919	11749
V	6073397	11749
V	6073640	11749
V	6073881	11749
V	6074121	11749
V	6074361	11746
V	6075062	11746
V	6075296	11746
V	6076221	11746
V	6076919	11746
V	6077382	11746
V	6077848	11746
V	6078082	11749
V	6079692	11749
V	6079926	11749
V	6080389	11749
V	6080625	11746
V	6082214	11746
V	6082448	11749
V	6083137	11749
V	6083369	11746
V	6083840	11744
V	6085257	11744
V	6085497	11744
V	6085735	11744
V	6085974	11744
V	6086215	11744
V	6086456	11744
V	6086698	11744
V	6086938	11746
V	6087413	11749
V	6088597	11759
V	6089318	11757
V	6089573	11757
V	6089818	11757
V	6090073	11760
V	6090323	11760
V	6091081	11757
V	6091332	11757
V	6091590	11757
V	6091838	11757
V	6092098	11757
V	6092352	11757
V	6092611	11755
V	6094865	11759
V	6099376	11757
V	6100379	11759
V	6100637	11759
V	6100890	11759
V	6101396	11755
V	6102139	11759
V	6103405	11759
V	6103660	11757
V	6103914	11757
V	6104426	11755
V	6104684	11759
V	6105941	11757
V	6106191	11760
V	6106450	11759
V	6106700	11757
V	6107442	11760
V	6107700	11757
V	6109697	11760
V	6109951	11759
V	6111706	11757
V	6111963	11757
V	6112221	11757
V	6112978	11757
V	6113232	11757
V	6114969	11755
V	6115223	11759
V	6115965	11760
V	6116707	11760
V	6116959	11759
V	6118465	11759
V	6120222	11755
V	6121471	11757
V	6122479	11757
V	6122986	11757
V	6126740	11757
V	6126994	11757
V	6127504	11757
V	6127760	11757
V	6128017	11760
V	6128268	11757
V	6129510	11755
V	6130017	11760
V	6130267	11755
V	6130767	11760
V	6131021	11760
V	6131271	11759
V	6131523	11760
V	6131773	11760
V	6132032	11757
V	6132537	11760
V	6133296	11755
V	6133552	11755
V	6134259	11755
V	6134493	11755
V	6134728	11755
V	6134962	11755
V	6135197	11755
V	6135430	11755
V	6135663	11755
V	6135895	11757
V	6138891	11757
V	6139125	11757
V	6139360	11757
V	6139595	11757
V	6140746	11757
V	6141211	11757
V	6141671	11757
V	6142587	11760
V	6144194	11760
V	6144429	11755
V	6147706	11755
V	6147947	11755
V	6148171	11755
V	6148412	11755
V	6148653	11755
V	6148894	11755
V	6149135	11755
V	6149372	11755
V	6149609	11755
V	6149848	11757
V	6150085	11757
V	6151249	11760
V	6152198	11760
V	6152904	11760
V	6153377	11755
V	6154317	11755
V	6154555	11755
V	6154798	11755
V	6155040	11755
V	6155518	11768
V	6155980	11766
V	6156215	11766
V	6156450	11766
V	6156686	11766
V	6156920	11766
V	6157151	11766
V	6157383	11766
V	6157599	11766
V	6157832	11768
V	6158299	11768
V	6158533	11768
V	6159206	11768
V	6159881	11768
V	6160115	11768
V	6161249	11768
V	6161713	11771
V	6162632	11768
V	6163555	11768
V	6163788	11771
V	6164023	11771
V	6164700	11768
V	6165634	11768
V	6166580	11766
V	6166820	11766
V	6167058	11766
V	6167300	11766
V	6167542	11771
V	6169661	11766
V	6170137	11777
V	6170374	11777
V	6170591	11777
V	6170822	11777
V	6171055	11777
V	6171287	11777
V	6171518	11777
V	6171753	11777
V	6171984	11777
V	6172215	11782
V	6172454	11782
V	6172693	11782
V	6173405	11779
V	6174342	11779
V	6174577	11779
V	6176167	11779
V	6176859	11782
V	6177317	11782
V	6177552	11779
V	6178710	11779
V	6178946	11782
V	6181294	11782
V	6182243	11782
V	6182486	11777
V	6182726	11777
V	6182968	11777
V	6183209	11777
V	6183449	11777
V	6183688	11777
V	6183928	11777
V	6184165	11782
V	6186054	11782
V	6186297	11777
V	6186534	11782
V	6186777	11793
V	6187020	11793
V	6187263	11788
V	6187501	11788
V	6187735	11788
V	6187969	11788
V	6188205	11793
V	6188915	11793
V	6189157	11790
V	6190324	11790
V	6191469	11790
V	6191702	11790
V	6192166	11790
V	6192626	11790
V	6192859	11790
V	6193094	11793
V	6193785	11793
V	6194918	11793
V	6196304	11790
V	6197222	11793
V	6197698	11793
V	6198875	11788
V	6199116	11788
V	6199356	11788
V	6199596	11788
V	6199837	11788
V	6200078	11788
V	6200320	11793
V	6202880	11788
V	6203356	11788
V	6203597	11799
V	6204519	11799
V	6204753	11799
V	6204988	11799
V	6205224	11799
V	6205458	11799
V	6205690	11804
V	6207116	11801
V	6208276	11801
V	6208739	11801
V	6209433	11801
V	6209663	11804
V	6211491	11801
V	6213333	11801
V	6213798	11801
V	6215680	11804
V	6215921	11804
V	6216161	11804
V	6216636	11799
V	6216879	11799
V	6217120	11799
V	6217358	11799
V	6217598	11799
V	6217836	11799
V	6218074	11799
V	6218315	11801
V	6219025	11804
V	6221101	11804
V	6221342	11799
V	6221581	11799
V	6221819	11804
V	6222062	11799
V	6222303	11810
V	6222544	11810
V	6222778	11810
V	6223011	11810
V	6223246	11810
V	6223478	11810
V	6223713	11810
V	6223946	11810
V	6224162	11810
V	6224398	11810
V	6224631	11815
V	6225109	11815
V	6225582	11812
V	6225816	11812
V	6227192	11812
V	6227426	11812
V	6228346	11812
V	6230373	11812
V	6230606	11812
V	6230839	11812
V	6232022	11810
V	6232494	11810
V	6232733	11810
V	6232956	11810
V	6233197	11810
V	6233437	11812
V	6235324	11815
V	6236509	11815
V	6236749	11815
V	6237692	11815
V	6238161	11815
V	6238397	11810
V	6238637	11810
V	6238874	11826
V	6239588	11821
V	6240056	11821
V	6240288	11821
V	6240522	11821
V	6240757	11821
V	6240992	11821
V	6241227	11821
V	6241460	11826
V	6242410	11826
V	6242634	11823
V	6244714	11823
V	6245407	11823
V	6247010	11826
V	6247914	11826
V	6248147	11826
V	6249072	11821
V	6251187	11821
V	6251428	11821
V	6251669	11821
V	6251911	11821
V	6252153	11821
V	6252391	11821
V	6252632	11821
V	6252872	11821
V	6253112	11823
V	6253584	11821
V	6255707	11832
V	6256181	11832
V	6256643	11832
V	6256876	11832
V	6257111	11832
V	6257346	11832
V	6257581	11832
V	6257818	11832
V	6258053	11837
V	6258293	11834
V	6259439	11834
V	6259671	11834
V	6259906	11834
V	6261284	11834
V	6261518	11834
V	6261752	11837
V	6263594	11837
V	6264058	11834
V	6266119	11834
V	6266361	11834
V	6268468	11834
V	6268711	11837
V	6269426	11832
V	6269900	11832
V	6270140	11832
V	6270379	11832
V	6270617	11832
V	6270859	11832
V	6271101	11837
V	6272745	11832
V	6273434	11832
V	6273672	11832
V	6273893	11843
V	6274127	11843
V	6274360	11843
V	6274595	11843
V	6274830	11843
V	6275065	11845
V	6276230	11845
V	6276463	11845
V	6276926	11845
V	6277847	11845
V	6278083	11845
V	6278548	11845
V	6279245	11845
V	6279704	11845
V	6279936	11848
V	6280628	11845
V	6282663	11845
V	6283355	11845
V	6284048	11845
V	6285700	11845
V	6286411	11848
V	6287126	11848
V	6287369	11843
V	6287608	11843
V	6287846	11843
V	6288086	11843
V	6288327	11843
V	6288567	11845
V	6290452	11845
V	6291161	11848
V	6292340	11848
V	6292562	11843
V	6292800	11843
V	6293040	11854
V	6293957	11854
V	6294191	11854
V	6294424	11854
V	6294658	11859
V	6294895	11859
V	6295134	11859
V	6295376	11859
V	6295855	11856
V	6297010	11856
V	6297471	11856
V	6298165	11856
V	6298402	11856
V	6298851	11856
V	6299765	11859
V	6300001	11859
V	6300695	11859
V	6300931	11856
V	6301623	11856
V	6304430	11854
V	6304906	11856
V	6305380	11859
V	6307033	11859
V	6307272	11854
V	6307514	11854
V	6307752	11854
V	6307990	11865
V	6308456	11865
V	6308691	11865
V	6308925	11865
V	6309159	11870
V	6309402	11870
V	6309874	11870
V	6310352	11870
V	6310832	11870
V	6311071	11867
V	6311535	11867
V	6311768	11867
V	6312231	11867
V	6312694	11867
V	6312929	11867
V	6313164	11867
V	6314542	11867
V	6314775	11870
V	6315007	11870
V	6315466	11870
V	6315702	11870
V	6316170	11870
V	6316403	11867
V	6316636	11867
V	6317106	11865
V	6318530	11865
V	6318771	11865
V	6319012	11865
V	6319250	11865
V	6319491	11865
V	6319732	11867
V	6320877	11867
V	6321115	11870
V	6322276	11865
V	6322516	11865
V	6322754	11865
V	6322992	11876
V	6323232	11876
V	6323474	11876
V	6323936	11876
V	6324169	11876
V	6324404	11876
V	6324640	11876
V	6324877	11881
V	6325587	11878
V	6327183	11878
V	6327645	11878
V	6327880	11878
V	6328803	11878
V	6329498	11881
V	6330187	11881
V	6330420	11881
V	6330654	11881
V	6330889	11881
V	6331583	11881
V	6333652	11876
V	6336480	11876
V	6336720	11876
V	6336962	11876
V	6337201	11876
V	6337442	11878
V	6338384	11878
V	6339092	11881
V	6339334	11881
V	6339574	11881
V	6340045	11876
V	6340283	11876
V	6340523	11876
V	6340764	11876
V	6341002	11887
V	6341467	11887
V	6341702	11887
V	6341937	11887
V	6342173	11887
V	6342407	11887
V	6342641	11887
V	6342876	11887
V	6343107	11887
V	6343337	11887
V	6343573	11892
V	6344518	11892
V	6344761	11889
V	6345683	11889
V	6346606	11889
V	6346835	11889
V	6347987	11889
V	6348685	11892
V	6349146	11892
V	6349378	11892
V	6349847	11892
V	6350313	11889
V	6350775	11889
V	6351233	11889
V	6351469	11889
V	6352401	11889
V	6352878	11889
V	6353589	11887
V	6354063	11887
V	6354304	11887
V	6354543	11892
V	6356189	11887
V	6357129	11887
V	6357371	11903
V	6357613	11900
V	6358085	11898
V	6358319	11898
V	6358553	11898
V	6358786	11898
V	6359019	11900
V	6360166	11900
V	6360399	11900
V	6360633	11900
V	6361100	11900
V	6361565	11900
V	6362718	11900
V	6363642	11903
V	6365452	11900
V	6365918	11900
V	6366381	11900
V	6367765	11900
V	6368005	11900
V	6368482	11900
V	6368722	11903
V	6368965	11903
V	6369676	11898
V	6369915	11898
V	6370155	11898
V	6370395	11898
V	6370636	11898
V	6370875	11898
V	6371117	11903
V	6373476	11903
V	6373697	11898
V	6373932	11898
V	6374171	11898
V	6374411	11898
V	6374887	11909
V	6375120	11909
V	6375355	11909
V	6375586	11914
V	6376059	11911
V	6376994	11911
V	6377667	11911
V	6378592	11911
V	6379050	11911
V	6379284	11911
V	6379972	11911
V	6380437	11911
V	6380902	11911
V	6381591	11914
V	6382054	11914
V	6383647	11911
V	6385287	11909
V	6386470	11909
V	6386711	11909
V	6386951	11909
V	6387190	11909
V	6387431	11909
V	6387671	11909
V	6387913	11914
V	6390503	11914
V	6390978	11909
V	6392154	11909
V	6392396	11909
V	6392637	11920
V	6392871	11920
V	6393106	11920
V	6393322	11920
V	6393536	11920
V	6393769	11920
V	6394001	11920
V	6394238	11920
V	6394471	11925
V	6394949	11922
V	6395410	11922
V	6395872	11922
V	6396795	11925
V	6398410	11925
V	6398645	11925
V	6399109	11922
V	6399804	11922
V	6400037	11922
V	6400501	11922
V	6400960	11925
V	6404467	11925
V	6404710	11920
V	6404952	11920
V	6405193	11920
V	6405432	11920
V	6405653	11920
V	6405895	11920
V	6406136	11922
V	6406850	11925
V	6409671	11920
V	6410144	11920
V	6410382	11920
V	6410624	11920
V	6410865	11931
V	6411107	11931
V	6411341	11931
V	6411575	11931
V	6411809	11931
V	6412043	11931
V	6412275	11931
V	6412509	11931
V	6412737	11931
V	6412970	11933
V	6414615	11933
V	6415997	11933
V	6416235	11933
V	6416470	11933
V	6417395	11936
V	6418090	11936
V	6418553	11936
V	6419474	11936
V	6420169	11936
V	6420402	11933
V	6421323	11931
V	6422490	11931
V	6422731	11931
V	6422972	11931
V	6423210	11931
V	6423447	11931
V	6423689	11931
V	6423930	11933
V	6424154	11933
V	6424861	11933
V	6425100	11936
V	6426749	11931
V	6426986	11931
V	6427225	11931
V	6427467	11942
V	6427702	11942
V	6427939	11942
V	6428174	11942
V	6428408	11944
V	6429821	11947
V	6431432	11947
V	6431668	11947
V	6432594	11944
V	6433057	11947
V	6433293	11944
V	6434212	11942
V	6435867	11942
V	6436106	11942
V	6436348	11944
V	6436823	11944
V	6437065	11947
V	6437758	11942
V	6438697	11942
V	6438936	11947
V	6439177	11958
V	6439402	11953
V	6439636	11953
V	6439872	11953
V	6440106	11953
V	6440337	11958
V	6441030	11958
V	6441508	11958
V	6441748	11958
V	6441990	11955
V	6443584	11955
V	6443822	11955
V	6444055	11955
V	6444977	11955
V	6445212	11955
V	6445677	11958
V	6446142	11958
V	6446378	11958
V	6446841	11958
V	6447997	11955
V	6448240	11955
V	6448952	11955
V	6449192	11958
V	6449426	11953
V	6449650	11953
V	6449891	11953
V	6450132	11953
V	6450373	11953
V	6450613	11953
V	6450851	11953
V	6451090	11955
V	6452036	11958
V	6453696	11958
V	6453936	11953
V	6454176	11953
V	6454418	11958
V	6454660	11953
V	6455133	11969
V	6455375	11964
V	6455609	11964
V	6455845	11964
V	6456080	11964
V	6456316	11964
V	6456550	11964
V	6456784	11964
V	6457019	11964
V	6457253	11964
V	6457489	11964
V	6457724	11964
V	6457957	11969
V	6458435	11966
V	6459355	11969
V	6462112	11969
V	6463033	11969
V	6463269	11969
V	6463732	11966
V	6463969	11969
V	6465113	11966
V	6465347	11966
V	6467945	11969
V	6468424	11964
V	6468900	11964
V	6469139	11964
V	6469375	11964
V	6469612	11964
V	6469853	11966
V	6470328	11969
V	6472677	11964
V	6473822	11964
V	6474059	11964
V	6474520	11975
V	6474989	11975
V	6475222	11975
V	6475457	11980
V	6475697	11980
V	6475921	11980
V	6476394	11977
V	6477551	11977
V	6479381	11980
V	6480077	11980
V	6480541	11980
V	6480773	11980
V	6481222	11977
V	6482607	11980
V	6485183	11980
V	6485423	11980
V	6485648	11975
V	6485888	11975
V	6486128	11975
V	6486370	11975
V	6486612	11975
V	6486835	11977
V	6487777	11977
V	6488488	11980
V	6488965	11980
V	6489672	11975
V	6490622	11986
V	6490856	11986
V	6491093	11986
V	6491310	11986
V	6491543	11986
V	6491777	11986
V	6492013	11986
V	6492244	11986
V	6492480	11991
V	6493193	11988
V	6493661	11988
V	6494121	11988
V	6496187	11988
V	6496422	11988
V	6496655	11988
V	6497804	11988
V	6498514	11991
V	6498758	11986
V	6499234	11986
V	6499457	11986
V	6499695	11986
V	6499935	11986
V	6500176	11988
V	6501828	11991
V	6502070	11991
V	6502529	11991
V	6503221	11986
V	6503460	11986
V	6503702	11986
V	6503945	11986
V	6504423	11997
V	6504657	11999
V	6504894	11997
V	6505129	11997
V	6505364	11997
V	6505601	11997
V	6505834	11997
V	6506070	11997
V	6506292	11999
V	6507429	11999
V	6507893	11999
V	6508357	11999
V	6508817	12002
V	6509511	12002
V	6509745	12002
V	6509981	12002
V	6510446	11999
V	6510892	12002
V	6511357	11999
V	6511596	12002
V	6513249	11997
V	6513963	11997
V	6514203	11997
V	6514444	11997
V	6514684	11997
V	6514925	11997
V	6515148	11997
V	6515390	11997
V	6515630	11999
V	6517524	12002
V	6519165	12002
V	6519404	11997
V	6519878	11997
V	6520116	12010
V	6520587	12008
V	6520821	12008
V	6521055	12008
V	6521289	12008
V	6521523	12008
V	6521757	12008
V	6521988	12010
V	6523608	12010
V	6523843	12010
V	6524077	12010
V	6524311	12010
V	6524546	12013
V	6525009	12010
V	6525245	12013
V	6526168	12013
V	6526400	12010
V	6526637	12010
V	6527099	12010
V	6527810	12010
V	6528288	12013
V	6529702	12013
V	6529944	12008
V	6530655	12008
V	6530896	12008
V	6531138	12008
V	6531376	12008
V	6531617	12008
V	6531858	12008
V	6534211	12008
V	6534450	12008
V	6534920	12019
V	6535162	12019
V	6535403	12019
V	6535644	12019
V	6536109	12019
V	6536336	12019
V	6536571	12019
V	6536806	12019
V	6537042	12021
V	6537745	12021
V	6538437	12021
V	6538672	12021
V	6538906	12021
V	6540506	12024
V	6541430	12024
V	6541892	12024
V	6542356	12021
V	6542820	12021
V	6543054	12021
V	6543292	12021
V	6544234	12024
V	6545891	12024
V	6546133	12024
V	6546375	12019
V	6546615	12019
V	6546856	12019
V	6547098	12024
V	6549687	12019
V	6550633	12019
V	6550871	12019
V	6551112	12032
V	6551343	12030
V	6551806	12030
V	6552040	12030
V	6552274	12030
V	6552508	12030
V	6552743	12030
V	6552976	12030
V	6553211	12030
V	6553443	12030
V	6553676	12030
V	6553908	12030
V	6554143	12035
V	6554382	12032
V	6556465	12032
V	6557373	12032
V	6557608	12032
V	6558755	12032
V	6558986	12032
V	6559221	12035
V	6559687	12035
V	6560837	12035
V	6561073	12035
V	6561306	12035
V	6561773	12035
V	6562007	12035
V	6562243	12032
V	6562939	12035
V	6563404	12032
V	6563853	12035
V	6565746	12030
V	6565988	12030
V	6566230	12030
V	6566468	12030
V	6566711	12030
V	6566948	12030
V	6567186	12032
V	6567427	12035
V	6567666	12030
V	6568141	12030
V	6568383	12030
V	6568621	12046
V	6568846	12041
V	6569316	12041
V	6569551	12041
V	6569784	12041
V	6570001	12041
V	6570234	12043
V	6570940	12043
V	6571174	12043
V	6572550	12043
V	6573472	12046
V	6573902	12046
V	6574137	12043
V	6575749	12043
V	6576214	12041
V	6578793	12041
V	6579036	12041
V	6579276	12041
V	6579517	12041
V	6579756	12041
V	6579998	12043
V	6582107	12041
V	6582582	12041
V	6583054	12052
V	6583295	12052
V	6584440	12052
V	6584674	12052
V	6584908	12052
V	6585142	12052
V	6585376	12052
V	6585609	12052
V	6585840	12057
V	6586319	12057
V	6586779	12052
V	6587255	12057
V	6588204	12054
V	6589579	12054
V	6590046	12054
V	6590967	12057
V	6592109	12057
V	6592573	12057
V	6593035	12057
V	6593732	12054
V	6594195	12054
V	6594656	12052
V	6596073	12052
V	6596313	12052
V	6596551	12054
V	6596793	12054
V	6597017	12057
V	6597966	12057
V	6598204	12052
V	6598912	12052
V	6599151	12052
V	6599391	12052
V	6599630	12063
V	6599871	12063
V	6600113	12068
V	6600338	12068
V	6600579	12063
V	6600813	12063
V	6601048	12063
V	6601282	12063
V	6601517	12063
V	6601750	12068
V	6601993	12068
V	6602465	12068
V	6602707	12068
V	6603184	12065
V	6604333	12065
V	6604567	12068
V	6606408	12068
V	6607785	12068
V	6608470	12065
V	6609181	12063
V	6609892	12063
V	6610134	12063
V	6610374	12063
V	6610613	12063
V	6610852	12063
V	6611089	12063
V	6611328	12063
V	6611569	12065
V	6612515	12065
V	6612754	12074
V	6615112	12074
V	6615346	12074
V	6615579	12074
V	6615810	12074
V	6616042	12079
V	6616755	12079
V	6617461	12074
V	6617694	12076
V	6618157	12076
V	6619075	12076
V	6619983	12076
V	6620446	12079
V	6621596	12076
V	6622980	12076
V	6626213	12079
V	6626452	12074
V	6626695	12074
V	6626935	12074
V	6627178	12074
V	6627418	12076
V	6628361	12074
V	6630012	12074
V	6630250	12074
V	6630487	12089
V	6630738	12089
V	6630986	12085
V	6631227	12090
V	6631469	12085
V	6631930	12085
V	6632164	12085
V	6632399	12085
V	6632630	12085
V	6632863	12085
V	6633097	12085
V	6633332	12085
V	6633562	12085
V	6633798	12087
V	6634737	12087
V	6635200	12087
V	6635894	12087
V	6636587	12087
V	6637053	12087
V	6637516	12087
V	6637751	12087
V	6637986	12087
V	6638448	12090
V	6638912	12090
V	6639375	12090
V	6639610	12090
V	6639843	12087
V	6641466	12087
V	6642414	12087
V	6642874	12087
V	6643115	12085
V	6644533	12085
V	6644774	12085
V	6645013	12085
V	6645234	12085
V	6645472	12085
V	6645713	12085
V	6645953	12085
V	6646193	12087
V	6648549	12085
V	6649259	12085
V	6649500	12085
V	6649737	12085
V	6649974	12101
V	6650711	12101
V	6651718	12098
V	6651974	12101
V	6652743	12098
V	6653251	12098
V	6653753	12098
V	6654001	12098
V	6654760	12098
V	6655266	12096
V	6655523	12101
V	6656040	12098
V	6656801	12098
V	6657815	12096
V	6658074	12098
V	6658332	12098
V	6658583	12098
V	6658841	12096
V	6659095	12096
V	6660100	12098
V	6660355	12098
V	6661105	12096
V	6662370	12100
V	6662621	12098
V	6663130	12100
V	6663387	12098
V	6663635	12098
V	6663894	12098
V	6664153	12098
V	6664412	12101
V	6664667	12101
V	6664927	12100
V	6665432	12098
V	6667192	12098
V	6667438	12098
V	6667690	12101
V	6668453	12098
V	6668713	12098
V	6669728	12098
V	6670235	12096
V	6670495	12098
V	6672002	12101
V	6673750	12098
V	6674002	12098
V	6674251	12098
V	6674753	12096
V	6675498	12096
V	6675750	12096
V	6676004	12098
V	6676255	12098
V	6676510	12096
V	6676761	12101
V	6678270	12098
V	6679773	12100
V	6680030	12101
V	6681542	12100
V	6682043	12096
V	6683297	12098
V	6683546	12100
V	6684544	12100
V	6685294	12100
V	6685546	12098
V	6686044	12101
V	6686287	12100
V	6686540	12098
V	6687287	12100
V	6687535	12096
V	6688523	12096
V	6690244	12096
V	6690493	12101
V	6690997	12096
V	6691248	12101
V	6691506	12096
V	6692994	12096
V	6693250	12101
V	6693497	12096
V	6695697	12096
V	6695933	12096
V	6696164	12101
V	6696405	12101
V	6696881	12098
V	6697580	12098
V	6698041	12098
V	6698966	12098
V	6699424	12098
V	6699887	12098
V	6700121	12101
V	6700356	12096
V	6702461	12096
V	6702702	12098
V	6703414	12098
V	6703893	12101
V	6704841	12096
V	6705550	12096
V	6705785	12096
V	6706023	12096
V	6706266	12107
V	6706725	12107
V	6706961	12107
V	6707197	12107
V	6707431	12107
V	6707666	12112
V	6707909	12112
V	6708147	12112
V	6708389	12109
V	6709306	12109
V	6709542	12109
V	6709777	12109
V	6710466	12109
V	6712301	12109
V	6712535	12112
V	6713672	12112
V	6714136	12109
V	6714363	12109
V	6714598	12109
V	6715044	12112
V	6716908	12107
V	6717149	12107
V	6717391	12107
V	6717631	12107
V	6717872	12109
V	6718814	12112
V	6719745	12107
V	6719983	12107
V	6720220	12118
V	6720458	12118
V	6720679	12118
V	6721372	12118
V	6721589	12118
V	6721823	12123
V	6722301	12123
V	6722540	12123
V	6722783	12123
V	6723024	12123
V	6723268	12120
V	6724888	12120
V	6725122	12120
V	6725360	12120
V	6725595	12120
V	6726513	12120
V	6727204	12123
V	6729295	12118
V	6729518	12118
V	6729757	12118
V	6729995	12118
V	6730235	12118
V	6730476	12118
V	6730714	12118
V	6730956	12118
V	6731198	12118
V	6731439	12120
V	6731917	12120
V	6732154	12123
V	6734975	12118
V	6735680	12118
V	6735918	12118
V	6736138	12129
V	6736379	12129
V	6736614	12129
V	6736848	12129
V	6737078	12129
V	6737311	12129
V	6737547	12129
V	6737779	12129
V	6738011	12129
V	6738480	12134
V	6738719	12131
V	6740126	12131
V	6740589	12131
V	6740823	12131
V	6741289	12131
V	6741756	12131
V	6741993	12134
V	6742681	12134
V	6742916	12134
V	6743151	12129
V	6745244	12129
V	6745484	12129
V	6745723	12129
V	6745962	12129
V	6746200	12131
V	6746438	12131
V	6747855	12131
V	6748326	12129
V	6749276	12129
V	6749500	12142
V	6749733	12142
V	6749967	12140
V	6750202	12140
V	6750873	12140
V	6751108	12140
V	6751343	12145
V	6751586	12145
V	6751830	12142
V	6753210	12142
V	6753671	12142
V	6754131	12142
V	6754813	12142
V	6755503	12142
V	6755967	12142
V	6757117	12145
V	6757351	12145
V	6758500	12145
V	6758963	12145
V	6759198	12145
V	6760352	12145
V	6761505	12142
V	6761744	12145
V	6763395	12145
V	6763869	12140
V	6764346	12140
V	6764584	12140
V	6764822	12140
V	6765063	12140
V	6765304	12140
V	6765546	12142
V	6766728	12140
V	6768595	12140
V	6768837	12140
V	6769075	12140
V	6769312	12151
V	6769551	12151
V	6770022	12151
V	6770257	12151
V	6770491	12151
V	6770723	12151
V	6770957	12151
V	6771191	12151
V	6771425	12151
V	6771660	12156
V	6772138	12156
V	6772379	12156
V	6773322	12153
V	6775163	12153
V	6775398	12153
V	6775629	12153
V	6776324	12153
V	6776556	12153
V	6776788	12156
V	6777713	12156
V	6778178	12156
V	6778645	12156
V	6778882	12153
V	6779806	12153
V	6781460	12151
V	6782170	12151
V	6782411	12151
V	6782653	12151
V	6782893	12151
V	6783135	12151
V	6783375	12151
V	6783614	12151
V	6784091	12151
V	6784334	12153
V	6785280	12153
V	6785987	12153
V	6787166	12156
V	6788101	12156
V	6788574	12156
V	6788814	12151
V	6789284	12151
V	6789523	12151
V	6789762	12162
V	6790003	12162
V	6790235	12162
V	6790468	12162
V	6790702	12162
V	6790936	12162
V	6791170	12162
V	6791403	12167
V	6791875	12167
V	6792356	12164
V	6792820	12164
V	6793054	12164
V	6794200	12164
V	6794888	12167
V	6795354	12167
V	6795588	12167
V	6796279	12167
V	6796514	12167
V	6797173	12164
V	6798091	12164
V	6799030	12167
V	6802098	12162
V	6802574	12162
V	6802815	12162
V	6803056	12162
V	6803297	12162
V	6803539	12162
V	6803779	12162
V	6804019	12164
V	6804493	12164
V	6804732	12164
V	6804973	12164
V	6805687	12164
V	6805925	12164
V	6807308	12167
V	6807550	12167
V	6808025	12162
V	6808500	12162
V	6808738	12162
V	6808977	12173
V	6809430	12173
V	6809665	12173
V	6809899	12173
V	6810133	12173
V	6810366	12173
V	6810599	12173
V	6810832	12173
V	6811055	12178
V	6811296	12173
V	6811997	12175
V	6812464	12175
V	6813156	12175
V	6814290	12178
V	6815212	12178
V	6815679	12178
V	6816142	12178
V	6816377	12178
V	6816611	12178
V	6817069	12175
V	6817990	12173
V	6819405	12173
V	6819645	12173
V	6819887	12173
V	6820127	12173
V	6820368	12173
V	6820610	12173
V	6820850	12173
V	6821090	12173
V	6821327	12173
V	6821567	12173
V	6821804	12173
V	6822044	12175
V	6822753	12175
V	6823934	12178
V	6824886	12178
V	6825129	12178
V	6825369	12173
V	6826078	12173
V	6826315	12184
V	6826558	12184
V	6826794	12184
V	6827026	12184
V	6827257	12184
V	6827492	12184
V	6827729	12189
V	6828202	12186
V	6829122	12186
V	6829355	12186
V	6829573	12186
V	6831409	12189
V	6832298	12189
V	6832760	12189
V	6832978	12189
V	6833214	12186
V	6835100	12184
V	6836045	12184
V	6836285	12184
V	6836525	12184
V	6836765	12184
V	6837004	12184
V	6837245	12184
V	6837487	12184
V	6837725	12186
V	6838676	12186
V	6838917	12186
V	6840306	12189
V	6841254	12189
V	6841961	12184
V	6842201	12195
V	6842435	12195
V	6842652	12195
V	6842884	12195
V	6843114	12195
V	6843346	12200
V	6843587	12197
V	6846833	12197
V	6848679	12200
V	6849376	12200
V	6849610	12197
V	6849844	12197
V	6850080	12195
V	6851708	12195
V	6851948	12195
V	6852189	12195
V	6852430	12195
V	6852667	12197
V	6853358	12200
V	6855230	12195
V	6855468	12195
V	6855708	12195
V	6855949	12206
V	6856181	12206
V	6856415	12206
V	6856651	12206
V	6856886	12206
V	6857120	12206
V	6857591	12211
V	6858539	12211
V	6859485	12211
V	6859728	12211
V	6860673	12211
V	6861143	12208
V	6861606	12208
V	6862069	12208
V	6862304	12208
V	6862768	12208
V	6863006	12208
V	6863927	12211
V	6864162	12211
V	6864629	12211
V	6864865	12211
V	6865326	12208
V	6866912	12208
V	6867146	12211
V	6867379	12211
V	6867843	12206
V	6869938	12206
V	6870180	12206
V	6870420	12206
V	6870661	12206
V	6870884	12206
V	6871124	12206
V	6871362	12206
V	6871604	12206
V	6871846	12206
V	6872084	12206
V	6872326	12208
V	6872565	12208
V	6873510	12211
V	6875373	12206
V	6875611	12206
V	6875849	12206
V	6876089	12217
V	6876326	12217
V	6876567	12217
V	6876809	12217
V	6877050	12217
V	6877293	12217
V	6877528	12217
V	6877763	12217
V	6877994	12217
V	6878217	12217
V	6878451	12222
V	6878922	12222
V	6879161	12219
V	6880086	12219
V	6881009	12219
V	6881244	12222
V	6883076	12222
V	6883541	12222
V	6884231	12222
V	6884466	12219
V	6884912	12219
V	6885146	12219
V	6885377	12217
V	6887028	12217
V	6887269	12217
V	6887511	12219
V	6887984	12219
V	6888934	12222
V	6889415	12222
V	6889656	12222
V	6889895	12217
V	6890136	12217
V	6890377	12217
V	6890616	12228
V	6890851	12228
V	6891085	12228
V	6891322	12228
V	6891555	12233
V	6892033	12230
V	6892970	12230
V	6893202	12230
V	6893437	12230
V	6893672	12230
V	6894363	12230
V	6895514	12230
V	6895980	12233
V	6896904	12233
V	6897368	12230
V	6898069	12233
V	6898778	12228
V	6899256	12228
V	6899499	12228
V	6899741	12228
V	6899980	12228
V	6900220	12230
V	6900696	12230
V	6900936	12230
V	6901178	12233
V	6902594	12233
V	6903068	12233
V	6903307	12233
V	6903548	12233
V	6903791	12228
V	6904032	12228
V	6904268	12228
V	6904510	12228
V	6904752	12228
V	6904993	12239
V	6905472	12239
V	6905936	12239
V	6906170	12239
V	6906406	12239
V	6906641	12239
V	6906875	12239
V	6907095	12239
V	6907329	12239
V	6907564	12239
V	6907797	12239
V	6908031	12244
V	6908975	12244
V	6909690	12244
V	6910170	12244
V	6910408	12241
V	6910874	12241
V	6911565	12241
V	6912260	12241
V	6912491	12241
V	6912957	12241
V	6913415	12244
V	6914333	12244
V	6915025	12244
V	6915717	12241
V	6916858	12241
V	6919191	12244
V	6919416	12244
V	6919658	12239
V	6920132	12239
V	6920373	12239
V	6920612	12239
V	6920852	12239
V	6921093	12239
V	6921332	12239
V	6921570	12239
V	6921812	12239
V	6922053	12241
V	6924175	12244
V	6926292	12244
V	6927007	12244
V	6927483	12244
V	6927724	12244
V	6927947	12239
V	6928888	12250
V	6929127	12250
V	6929365	12252
V	6930034	12250
V	6930497	12250
V	6930731	12250
V	6930966	12250
V	6931200	12250
V	6931435	12250
V	6931667	12250
V	6931898	12250
V	6932128	12255
V	6932600	12255
V	6933315	12255
V	6933771	12250
V	6934232	12252
V	6934694	12252
V	6935155	12252
V	6936306	12252
V	6936536	12252
V	6936771	12255
V	6938139	12255
V	6938601	12255
V	6938838	12252
V	6940685	12252
V	6941876	12255
V	6942822	12250
V	6943300	12250
V	6943540	12250
V	6943779	12250
V	6944018	12255
V	6945901	12255
V	6946379	12255
V	6947093	12250
V	6947332	12250
V	6947572	12250
V	6947809	12261
V	6948050	12261
V	6948739	12261
V	6948977	12261
V	6949212	12261
V	6949445	12261
V	6949678	12266
V	6949920	12266
V	6950630	12263
V	6951784	12263
V	6952710	12263
V	6953177	12263
V	6953411	12263
V	6954102	12266
V	6954338	12266
V	6954802	12266
V	6955038	12266
V	6956417	12263
V	6956897	12261
V	6957606	12261
V	6957844	12261
V	6958085	12263
V	6959031	12263
V	6960209	12266
V	6962094	12266
V	6962333	12261
V	6962807	12261
V	6963045	12272
V	6963286	12272
V	6963529	12272
V	6963769	12272
V	6964003	12272
V	6964238	12272
V	6964472	12272
V	6964705	12272
V	6964940	12272
V	6965176	12272
V	6965410	12272
V	6965644	12272
V	6965879	12277
V	6966117	12277
V	6966354	12277
V	6966596	12277
V	6966836	12277
V	6967079	12277
V	6967322	12277
V	6967800	12274
V	6968484	12274
V	6969407	12274
V	6970545	12274
V	6971009	12277
V	6973074	12277
V	6973537	12277
V	6974463	12277
V	6974696	12277
V	6975163	12274
V	6977285	12272
V	6977996	12272
V	6978234	12272
V	6978469	12272
V	6978708	12274
V	6979657	12274
V	6980595	12277
V	6981074	12277
V	6981314	12272
V	6982021	12272
V	6982264	12272
V	6982502	12272
V	6982740	12272
V	6982977	12272
V	6983216	12283
V	6983457	12285
V	6983680	12285
V	6983894	12283
V	6984127	12283
V	6984361	12288
V	6985539	12285
V	6986457	12285
V	6986691	12285
V	6986923	12285
V	6987383	12285
V	6987619	12285
V	6988541	12285
V	6988774	12285
V	6989701	12288
V	6990143	12288
V	6990608	12288
V	6991074	12285
V	6991536	12288
V	6992436	12288
V	6992670	12285
V	6993379	12285
V	6993854	12288
V	6995486	12283
V	6995727	12283
V	6995967	12283
V	6996204	12283
V	6996663	12285
V	6997586	12288
V	6998535	12283
V	6999473	12283
V	6999713	12283
V	6999949	12294
V	7000191	12296
V	7000413	12294
V	7001108	12294
V	7001337	12294
V	7001570	12294
V	7001802	12294
V	7002033	12299
V	7002508	12299
V	7003462	12299
V	7003705	12296
V	7004395	12296
V	7004629	12296
V	7004863	12296
V	7005097	12296
V	7005791	12296
V	7006027	12296
V	7006720	12296
V	7007865	12296
V	7008100	12299
V	7009021	12299
V	7009481	12296
V	7010409	12299
V	7012527	12294
V	7012751	12294
V	7012991	12294
V	7013231	12294
V	7013470	12299
V	7015589	12299
V	7016068	12299
V	7016309	12299
V	7017020	12299
V	7017727	12299
V	7017968	12294
V	7018205	12294
V	7018446	12294
V	7018689	12294
V	7018928	12294
V	7019170	12305
V	7019412	12305
V	7019647	12305
V	7019881	12305
V	7020115	12305
V	7020349	12305
V	7020584	12305
V	7020818	12305
V	7021052	12305
V	7021287	12310
V	7021999	12307
V	7022704	12307
V	7022938	12307
V	7024321	12310
V	7025701	12310
V	7025937	12310
V	7026402	12310
V	7026638	12310
V	7026874	12310
V	7027340	12307
V	7028031	12310
V	7029441	12310
V	7029681	12305
V	7030156	12305
V	7030397	12305
V	7030640	12305
V	7030882	12305
V	7031124	12305
V	7031364	12305
V	7031603	12305
V	7031841	12305
V	7032079	12305
V	7032319	12305
V	7032558	12305
V	7032799	12307
V	7033507	12307
V	7035835	12310
V	7036289	12305
V	7036528	12305
V	7036765	12316
V	7036999	12316
V	7037234	12316
V	7037467	12316
V	7037699	12316
V	7037935	12316
V	7038167	12321
V	7038407	12321
V	7038643	12321
V	7039353	12321
V	7039595	12321
V	7040072	12318
V	7041000	12318
V	7041232	12318
V	7042612	12318
V	7043073	12318
V	7043999	12318
V	7045147	12321
V	7045594	12318
V	7046057	12321
V	7047209	12321
V	7048358	12318
V	7048593	12321
V	7049985	12316
V	7050226	12316
V	7050462	12316
V	7050703	12316
V	7050944	12316
V	7051185	12316
V	7051424	12316
V	7051663	12318
V	7052606	12318
V	7053548	12318
V	7054253	12318
V	7054496	12321
V	7056147	12316
V	7056837	12316
V	7057077	12316
V	7057316	12316
V	7057554	12316
V	7057796	12316
V	7058036	12327
V	7058275	12327
V	7058509	12327
V	7058743	12332
V	7059220	12332
V	7059463	12332
V	7059939	12329
V	7061576	12329
V	7061811	12329
V	7064113	12329
V	7064810	12329
V	7065502	12332
V	7068480	12332
V	7068946	12329
V	7069155	12327
V	7071971	12327
V	7072211	12327
V	7072451	12327
V	7072673	12327
V	7072915	12329
V	7074783	12327
V	7075257	12327
V	7075498	12327
V	7075730	12340
V	7075962	12338
V	7076196	12338
V	7076429	12338
V	7076663	12338
V	7076898	12338
V	7077130	12338
V	7077366	12343
V	7077841	12340
V	7078776	12340
V	7079240	12340
V	7079702	12340
V	7079933	12340
V	7081083	12340
V	7081317	12343
V	7082012	12343
V	7082478	12343
V	7082714	12340
V	7083173	12340
V	7083407	12343
V	7083867	12343
V	7084814	12338
V	7085053	12338
V	7085288	12340
V	7086933	12340
V	7087173	12343
V	7088105	12343
V	7088344	12338
V	7089292	12338
V	7089531	12338
V	7089770	12338
V	7090010	12338
V	7090248	12349
V	7090488	12349
V	7090954	12349
V	7091188	12349
V	7091423	12349
V	7091658	12349
V	7091892	12349
V	7092124	12349
V	7092357	12349
V	7092588	12349
V	7092805	12349
V	7093037	12349
V	7093271	12354
V	7093514	12354
V	7093755	12354
V	7094706	12354
V	7095184	12351
V	7095873	12351
V	7096337	12351
V	7097949	12354
V	7098639	12351
V	7099546	12354
V	7100466	12354
V	7101406	12349
V	7101646	12349
V	7101886	12349
V	7102127	12349
V	7102369	12349
V	7102609	12351
V	7104034	12351
V	7104737	12354
V	7105686	12349
V	7106157	12349
V	7106394	12349
V	7106633	12349
V	7106874	12349
V	7107113	12349
V	7107350	12349
V	7107592	12360
V	7107833	12360
V	7108068	12360
V	7108303	12360
V	7108538	12360
V	7108772	12360
V	7109011	12360
V	7109227	12365
V	7109470	12365
V	7109931	12365
V	7110172	12362
V	7110642	12362
V	7110877	12362
V	7112020	12362
V	7112715	12362
V	7112951	12362
V	7113185	12362
V	7113650	12362
V	7113886	12365
V	7115020	12365
V	7115256	12365
V	7117568	12365
V	7117808	12360
V	7118282	12360
V	7118523	12360
V	7118765	12360
V	7119005	12360
V	7119245	12360
V	7119486	12360
V	7119728	12365
V	7121845	12365
V	7122324	12365
V	7123029	12360
V	7123737	12360
V	7123979	12360
V	7124219	12360
V	7124461	12371
V	7124699	12371
V	7124941	12376
V	7125181	12373
V	7125415	12371
V	7125650	12371
V	7125884	12371
V	7126118	12371
V	7126352	12371
V	7126588	12371
V	7126819	12371
V	7127058	12371
V	7127290	12371
V	7127524	12371
V	7127759	12376
V	7128236	12376
V	7128944	12373
V	7130084	12373
V	7130317	12373
V	7131001	12373
V	7131910	12373
V	7132148	12373
V	7132383	12373
V	7132618	12373
V	7132855	12376
V	7133991	12376
V	7134453	12376
V	7134919	12373
V	7135374	12376
V	7135610	12373
V	7136086	12373
V	7137502	12376
V	7137742	12371
V	7137982	12371
V	7138221	12371
V	7138459	12373
V	7138939	12373
V	7139888	12373
V	7140595	12371
V	7142947	12382
V	7143186	12382
V	7143427	12384
V	7143662	12382
V	7143896	12382
V	7144131	12382
V	7144365	12382
V	7144600	12387
V	7144842	12387
V	7145084	12384
V	7145785	12384
V	7146018	12384
V	7147855	12384
V	7148776	12384
V	7149237	12387
V	7150615	12387
V	7151079	12387
V	7151772	12384
V	7152228	12384
V	7153843	12387
V	7154302	12382
V	7154778	12382
V	7155019	12382
V	7155261	12382
V	7155503	12382
V	7155744	12382
V	7155981	12382
V	7156222	12382
V	7156463	12384
V	7157619	12387
V	7159035	12382
V	7159978	12393
V	7160219	12393
V	7160682	12393
V	7160917	12393
V	7161152	12393
V	7161387	12393
V	7161622	12393
V	7161839	12393
V	7162072	12393
V	7162307	12393
V	7162542	12393
V	7162776	12393
V	7163477	12398
V	7163955	12395
V	7164865	12395
V	7167147	12395
V	7168297	12395
V	7168760	12398
V	7169454	12398
V	7169686	12398
V	7169921	12398
V	7170154	12398
V	7170391	12398
V	7170626	12398
V	7171092	12398
V	7171327	12395
V	7173676	12393
V	7174859	12393
V	7175099	12393
V	7175336	12395
V	7175578	12395
V	7177906	12398
V	7179325	12398
V	7179568	12398
V	7179810	12393
V	7180286	12393
V	7180525	12393
V	7180763	12404
V	7180984	12404
V	7181225	12406
V	7181458	12404
V	7181693	12404
V	7181926	12404
V	7182164	12404
V	7182398	12409
V	7183115	12409
V	7183357	12406
V	7184053	12406
V	7185652	12409
V	7188157	12406
V	7188392	12406
V	7189802	12406
V	7190256	12409
V	7190734	12409
V	7190974	12409
V	7191212	12404
V	7191687	12404
V	7191929	12404
V	7192170	12406
V	7192880	12409
V	7194772	12409
V	7195713	12404
V	7195950	12404
V	7196188	12404
V	7196430	12415
V	7196888	12415
V	7197124	12415
V	7197358	12415
V	7197595	12415
V	7197831	12415
V	7198064	12415
V	7198298	12420
V	7198541	12415
V	7198776	12420
V	7199019	12420
V	7199497	12420
V	7199740	12417
V	7200662	12417
V	7201817	12417
V	7202049	12420
V	7202286	12420
V	7202752	12420
V	7203678	12417
V	7204153	12417
V	7204630	12417
V	7205106	12420
V	7205347	12415
V	7206057	12415
V	7206299	12415
V	7206776	12417
V	7207012	12420
V	7207724	12415
V	7208202	12415
V	7208440	12415
V	7208679	12426
V	7209141	12426
V	7209376	12426
V	7209610	12426
V	7209844	12426
V	7210079	12426
V	7210314	12426
V	7210548	12426
V	7210781	12428
V	7211915	12428
V	7212614	12428
V	7213078	12428
V	7213775	12428
V	7214006	12428
V	7214469	12431
V	7215159	12431
V	7215625	12428
V	7216773	12428
V	7216999	12428