\P\	Pos	TerritoryID\
T	5	5
N	0	0
#
V	724	5
V	977	5
V	1227	6
V	1479	6
V	1735	4
V	1983	1
V	2232	1
V	2486	4
V	2740	3
V	2990	6
V	3244	1
V	3491	3
V	3742	1
V	3993	6
V	4241	2
V	4490	6
V	4740	3
V	4992	5
V	5244	6
V	5495	4
V	5747	6
V	5998	4
V	6254	5
V	6506	2
V	6751	1
V	7004	5
V	7251	5
V	7499	1
V	7748	2
V	7997	2
V	8250	4
V	8504	3
V	8752	4
V	8993	4
V	9249	5
V	9500	5
V	9752	5
V	10007	5
V	10251	6
V	10488	7
V	10726	1
V	10961	4
V	11197	9
V	11434	4
V	11671	9
V	11910	9
V	12147	9
V	12385	4
V	12622	4
V	12859	10
V	13097	9
V	13337	9
V	13576	1
V	13812	8
V	14051	4
V	14288	10
V	14529	9
V	14768	9
V	15006	9
V	15244	1
V	15480	4
V	15717	8
V	15955	10
V	16195	10
V	16435	1
V	16671	9
V	16909	8
V	17147	4
V	17382	9
V	17621	4
V	17858	10
V	18097	4
V	18333	9
V	18573	9
V	18813	1
V	19050	1
V	19287	9
V	19527	9
V	19765	8
V	19987	7
V	20227	10
V	20450	9
V	20690	1
V	20926	10
V	21167	9
V	21405	9
V	21645	9
V	21884	9
V	22123	4
V	22361	1
V	22598	1
V	22835	7
V	23076	7
V	23313	8
V	23552	9
V	23791	1
V	24027	4
V	24265	10
V	24504	9
V	24743	4
V	24981	8
V	25221	9
V	25460	9
V	25700	4
V	25936	9
V	26176	9
V	26416	9
V	26655	9
V	26895	9
V	27133	1
V	27370	6
V	27610	1
V	27847	4
V	28083	9
V	28323	9
V	28563	9
V	28801	9
V	29039	8
V	29280	9
V	29518	9
V	29756	9
V	29994	7
V	30234	9
V	30473	9
V	30713	9
V	30952	4
V	31190	7
V	31429	7
V	31669	8
V	31890	10
V	32129	1
V	32365	1
V	32600	9
V	32839	9
V	33078	9
V	33317	9
V	33552	4
V	33789	7
V	34028	9
V	34267	9
V	34507	9
V	34747	6
V	34985	10
V	35226	7
V	35466	6
V	35706	10
V	35947	1
V	36182	9
V	36423	7
V	36664	8
V	36904	9
V	37144	9
V	37383	9
V	37622	4
V	37858	7
V	38097	1
V	38331	9
V	38571	9
V	38811	9
V	39051	9
V	39291	9
V	39529	4
V	39766	4
V	40002	4
V	40239	10
V	40478	1
V	40714	9
V	40954	9
V	41193	9
V	41431	1
V	41669	4
V	41906	9
V	42146	9
V	42384	10
V	42625	6
V	42865	7
V	43104	6
V	43342	6
V	43580	9
V	43801	4
V	44036	1
V	44273	7
V	44512	8
V	44751	9
V	44991	3
V	45245	6
V	45500	5
V	45750	6
V	46001	6
V	46248	1
V	46501	1
V	46757	6
V	47012	2
V	47262	6
V	47514	6
V	47770	6
V	48020	6
V	48277	6
V	48527	6
V	48780	2
V	49033	4
V	49286	1
V	49541	5
V	49794	5
V	50047	4
V	50297	4
V	50552	4
V	50805	1
V	51055	1
V	51307	6
V	51559	1
V	51814	2
V	52065	3
V	52317	4
V	52571	4
V	52826	3
V	53073	5
V	53328	2
V	53578	1
V	53831	2
V	54080	6
V	54336	6
V	54592	3
V	54844	6
V	55096	2
V	55348	3
V	55607	4
V	55846	6
V	56101	5
V	56347	6
V	56603	6
V	56855	6
V	57111	6
V	57366	4
V	57621	6
V	57871	1
V	58121	1
V	58374	4
V	58624	4
V	58879	6
V	59135	3
V	59388	5
V	59640	4
V	59889	5
V	60143	5
V	60385	4
V	60639	5
V	60891	4
V	61143	2
V	61393	2
V	61639	1
V	61892	5
V	62144	1
V	62398	4
V	62653	4
V	62906	1
V	63155	3
V	63404	3
V	63659	1
V	63912	6
V	64152	7
V	64392	4
V	64630	9
V	64869	8
V	65110	4
V	65347	7
V	65569	9
V	65809	9
V	66048	9
V	66288	9
V	66528	9
V	66766	4
V	67003	8
V	67243	9
V	67481	9
V	67720	9
V	67958	10
V	68199	4
V	68436	9
V	68675	9
V	68914	9
V	69154	9
V	69391	10
V	69632	9
V	69872	4
V	70108	9
V	70347	9
V	70586	9
V	70825	9
V	71063	9
V	71301	4
V	71538	4
V	71774	9
V	72013	9
V	72252	10
V	72493	10
V	72734	10
V	72975	9
V	73213	4
V	73449	9
V	73688	9
V	73927	9
V	74166	4
V	74402	4
V	74639	9
V	74878	9
V	75118	9
V	75358	9
V	75598	1
V	75835	4
V	76072	4
V	76309	9
V	76531	9
V	76771	6
V	77010	4
V	77246	10
V	77487	8
V	77727	4
V	77964	9
V	78203	1
V	78441	1
V	78676	9
V	78915	9
V	79155	9
V	79394	1
V	79631	8
V	79872	8
V	80112	4
V	80349	4
V	80586	10
V	80826	4
V	81045	1
V	81281	9
V	81521	9
V	81758	9
V	81997	4
V	82233	6
V	82473	4
V	82710	4
V	82947	9
V	83186	1
V	83421	4
V	83658	4
V	83895	4
V	84130	8
V	84368	4
V	84606	6
V	84845	9
V	85084	9
V	85321	1
V	85556	1
V	85793	10
V	86033	8
V	86273	9
V	86513	9
V	86752	4
V	86989	10
V	87228	10
V	87468	1
V	87705	1
V	87939	9
V	88179	9
V	88419	9
V	88659	6
V	88899	6
V	89137	9
V	89377	9
V	89617	9
V	89839	6
V	90078	9
V	90317	9
V	90556	7
V	90796	10
V	91036	10
V	91275	9
V	91515	9
V	91754	9
V	91994	9
V	92233	9
V	92472	4
V	92708	7
V	92946	9
V	93185	9
V	93426	10
V	93667	10
V	93907	10
V	94148	7
V	94386	1
V	94622	4
V	94858	9
V	95097	8
V	95334	9
V	95573	10
V	95811	9
V	96052	8
V	96292	8
V	96531	8
V	96753	8
V	96993	1
V	97229	9
V	97467	9
V	97706	9
V	97943	1
V	98179	1
V	98416	10
V	98655	6
V	98894	4
V	99130	4
V	99367	9
V	99607	8
V	99847	7
V	100068	6
V	100307	9
V	100546	9
V	100786	9
V	101025	2
V	101272	1
V	101526	3
V	101776	6
V	102028	1
V	102279	3
V	102533	4
V	102773	6
V	103030	6
V	103282	6
V	103534	6
V	103786	6
V	104042	6
V	104300	4
V	104549	4
V	104799	4
V	105051	4
V	105302	4
V	105555	4
V	105806	4
V	106059	6
V	106312	4
V	106567	3
V	106816	3
V	107067	5
V	107318	4
V	107572	1
V	107829	5
V	108081	5
V	108330	6
V	108580	6
V	108832	3
V	109082	5
V	109326	4
V	109577	4
V	109826	1
V	110077	3
V	110330	6
V	110586	6
V	110839	4
V	111095	2
V	111349	4
V	111605	5
V	111855	2
V	112106	3
V	112358	4
V	112615	4
V	112868	1
V	113125	5
V	113373	2
V	113617	4
V	113869	3
V	114117	1
V	114367	4
V	114623	5
V	114876	2
V	115129	5
V	115383	2
V	115635	5
V	115867	5
V	116120	10
V	116362	4
V	116599	6
V	116839	9
V	117077	10
V	117318	10
V	117558	7
V	117798	8
V	118038	6
V	118277	4
V	118515	9
V	118754	9
V	118976	9
V	119215	9
V	119454	4
V	119691	9
V	119929	9
V	120169	9
V	120408	10
V	120647	4
V	120883	1
V	121120	4
V	121357	1
V	121593	9
V	121834	8
V	122074	4
V	122310	1
V	122546	10
V	122786	4
V	123023	4
V	123258	4
V	123494	9
V	123734	1
V	123970	9
V	124209	7
V	124448	1
V	124686	4
V	124922	4
V	125160	4
V	125395	10
V	125637	9
V	125874	9
V	126113	7
V	126353	10
V	126592	4
V	126811	1
V	127047	9
V	127287	9
V	127527	9
V	127766	4
V	128003	9
V	128242	9
V	128482	4
V	128717	9
V	128954	10
V	129194	10
V	129433	9
V	129671	9
V	129911	8
V	130151	4
V	130388	9
V	130628	9
V	130868	9
V	131106	4
V	131343	4
V	131580	9
V	131820	9
V	132060	7
V	132302	4
V	132539	4
V	132777	4
V	133013	9
V	133255	10
V	133496	4
V	133733	4
V	133951	9
V	134192	10
V	134433	4
V	134670	4
V	134907	9
V	135148	9
V	135389	1
V	135624	8
V	135863	1
V	136099	6
V	136340	4
V	136575	9
V	136815	9
V	137056	9
V	137297	10
V	137539	4
V	137775	10
V	138015	7
V	138256	7
V	138495	10
V	138736	1
V	138972	9
V	139212	7
V	139452	9
V	139692	10
V	139933	4
V	140167	6
V	140407	1
V	140644	9
V	140884	9
V	141124	7
V	141364	8
V	141604	4
V	141840	1
V	142078	9
V	142319	9
V	142560	9
V	142799	7
V	143040	9
V	143281	9
V	143523	10
V	143747	4
V	143983	4
V	144220	10
V	144462	4
V	144699	1
V	144935	4
V	145171	9
V	145411	7
V	145652	8
V	145894	1
V	146131	1
V	146368	6
V	146609	10
V	146850	9
V	147089	9
V	147330	9
V	147570	9
V	147809	8
V	148049	10
V	148290	4
V	148526	10
V	148767	10
V	149009	7
V	149250	4
V	149487	4
V	149724	9
V	149964	9
V	150206	9
V	150429	9
V	150670	9
V	150910	2
V	151150	4
V	151398	6
V	151655	6
V	151914	1
V	152168	1
V	152420	4
V	152674	3
V	152927	6
V	153184	3
V	153435	4
V	153688	1
V	153939	3
V	154190	2
V	154441	6
V	154698	6
V	154954	3
V	155209	5
V	155462	6
V	155720	4
V	155975	6
V	156229	4
V	156485	5
V	156731	2
V	156962	5
V	157218	5
V	157469	5
V	157720	2
V	157964	1
V	158217	5
V	158466	5
V	158711	2
V	158961	1
V	159210	2
V	159463	4
V	159717	4
V	159963	3
V	160212	4
V	160467	5
V	160720	5
V	160974	10
V	161215	1
V	161453	7
V	161690	9
V	161930	7
V	162171	9
V	162393	9
V	162631	4
V	162869	9
V	163110	9
V	163350	4
V	163585	1
V	163822	9
V	164063	10
V	164303	4
V	164541	10
V	164781	1
V	165017	9
V	165256	9
V	165496	9
V	165737	9
V	165978	4
V	166214	1
V	166449	9
V	166672	10
V	166914	4
V	167133	4
V	167368	9
V	167609	10
V	167850	4
V	168087	4
V	168323	4
V	168559	1
V	168794	4
V	169029	4
V	169263	9
V	169503	9
V	169743	9
V	169983	9
V	170223	10
V	170465	10
V	170708	8
V	170931	4
V	171168	1
V	171405	9
V	171644	9
V	171884	9
V	172124	9
V	172363	10
V	172603	4
V	172837	9
V	173077	9
V	173318	9
V	173559	8
V	173799	10
V	174041	10
V	174283	8
V	174523	4
V	174760	1
V	174996	9
V	175236	9
V	175476	10
V	175718	10
V	175959	4
V	176197	4
V	176433	4
V	176670	4
V	176907	9
V	177146	9
V	177386	9
V	177609	9
V	177851	9
V	178092	9
V	178332	8
V	178573	1
V	178810	1
V	179048	4
V	179283	4
V	179519	9
V	179761	1
V	179997	4
V	180235	9
V	180475	8
V	180715	6
V	180954	4
V	181192	4
V	181428	4
V	181665	9
V	181904	9
V	182144	9
V	182383	4
V	182619	4
V	182856	9
V	183093	8
V	183335	4
V	183572	4
V	183808	9
V	184047	9
V	184288	9
V	184529	9
V	184770	9
V	185011	8
V	185249	8
V	185488	4
V	185725	9
V	185967	9
V	186208	8
V	186449	10
V	186690	4
V	186926	1
V	187163	9
V	187405	9
V	187645	10
V	187883	1
V	188119	4
V	188356	1
V	188593	6
V	188833	9
V	189072	9
V	189313	10
V	189554	7
V	189795	6
V	190036	1
V	190271	9
V	190512	8
V	190752	9
V	190992	9
V	191215	7
V	191455	1
V	191693	4
V	191929	4
V	192166	1
V	192403	10
V	192643	9
V	192884	9
V	193125	9
V	193366	9
V	193606	1
V	193842	1
V	194079	4
V	194313	10
V	194554	9
V	194794	10
V	195035	8
V	195274	6
V	195497	1
V	195734	6
V	195975	9
V	196215	9
V	196454	9
V	196694	9
V	196934	9
V	197173	8
V	197414	1
V	197651	4
V	197887	9
V	198127	9
V	198369	9
V	198609	9
V	198850	8
V	199088	4
V	199324	4
V	199577	3
V	199825	1
V	200075	6
V	200329	6
V	200582	6
V	200833	3
V	201087	5
V	201338	1
V	201588	6
V	201839	2
V	202087	1
V	202343	5
V	202593	2
V	202844	6
V	203098	6
V	203356	6
V	203607	6
V	203865	6
V	204122	4
V	204375	1
V	204630	2
V	204883	3
V	205131	6
V	205389	4
V	205644	5
V	205896	5
V	206150	4
V	206400	4
V	206654	1
V	206903	1
V	207156	6
V	207410	1
V	207662	1
V	207917	2
V	208167	1
V	208411	3
V	208664	5
V	208918	3
V	209167	4
V	209423	4
V	209677	2
V	209930	1
V	210184	2
V	210433	6
V	210692	6
V	210951	6
V	211204	3
V	211459	6
V	211710	3
V	211970	2
V	212223	5
V	212471	6
V	212728	6
V	212986	6
V	213243	3
V	213485	6
V	213729	4
V	213985	6
V	214239	1
V	214493	1
V	214746	6
V	215002	3
V	215249	4
V	215503	4
V	215754	4
V	216003	6
V	216259	4
V	216507	5
V	216760	3
V	217013	4
V	217268	5
V	217522	5
V	217771	1
V	218014	5
V	218268	4
V	218521	4
V	218775	2
V	219018	2
V	219269	6
V	219520	1
V	219773	5
V	220025	1
V	220280	4
V	220537	5
V	220785	4
V	221039	1
V	221293	3
V	221542	3
V	221796	1
V	222050	8
V	222272	1
V	222509	4
V	222745	9
V	222984	9
V	223224	1
V	223460	1
V	223696	4
V	223932	4
V	224170	8
V	224410	9
V	224649	9
V	224888	9
V	225111	1
V	225348	1
V	225585	1
V	225821	4
V	226056	6
V	226293	9
V	226533	8
V	226773	7
V	227014	4
V	227251	4
V	227487	9
V	227728	9
V	227968	9
V	228209	7
V	228451	8
V	228690	1
V	228924	9
V	229165	9
V	229387	10
V	229629	10
V	229871	8
V	230111	4
V	230347	1
V	230584	4
V	230820	9
V	231060	9
V	231302	9
V	231544	8
V	231785	4
V	232021	1
V	232255	4
V	232491	1
V	232728	1
V	232965	1
V	233202	9
V	233425	8
V	233666	9
V	233889	9
V	234130	8
V	234371	7
V	234612	8
V	234852	4
V	235090	9
V	235330	9
V	235570	9
V	235809	9
V	236049	4
V	236286	4
V	236523	9
V	236763	9
V	237004	9
V	237245	9
V	237486	10
V	237728	1
V	237964	4
V	238200	1
V	238435	9
V	238675	9
V	238916	9
V	239153	7
V	239393	7
V	239634	10
V	239875	8
V	240112	1
V	240347	4
V	240582	4
V	240819	9
V	241056	10
V	241298	7
V	241537	10
V	241779	4
V	242017	9
V	242257	9
V	242499	9
V	242738	9
V	242977	9
V	243217	4
V	243454	4
V	243689	9
V	243929	9
V	244170	9
V	244411	9
V	244651	4
V	244889	4
V	245126	4
V	245362	4
V	245598	9
V	245839	9
V	246080	9
V	246303	8
V	246543	4
V	246781	9
V	247021	9
V	247260	6
V	247501	6
V	247742	9
V	247981	7
V	248222	7
V	248462	4
V	248698	4
V	248933	4
V	249169	9
V	249409	10
V	249651	10
V	249892	9
V	250133	9
V	250373	9
V	250612	7
V	250834	1
V	251053	4
V	251289	6
V	251530	6
V	251769	9
V	252009	9
V	252249	9
V	252490	6
V	252732	1
V	252969	1
V	253204	9
V	253446	7
V	253686	8
V	253925	1
V	254162	1
V	254398	4
V	254636	4
V	254871	9
V	255112	4
V	255349	9
V	255589	9
V	255811	6
V	256052	1
V	256289	6
V	256531	6
V	256772	4
V	257008	9
V	257248	10
V	257491	1
V	257728	6
V	257969	8
V	258208	8
V	258447	1
V	258683	4
V	258919	4
V	259156	9
V	259396	9
V	259637	7
V	259877	10
V	260119	1
V	260355	9
V	260596	9
V	260819	7
V	261060	4
V	261297	1
V	261532	9
V	261773	9
V	262014	9
V	262255	2
V	262506	1
V	262757	3
V	263012	1
V	263265	6
V	263522	6
V	263780	6
V	264038	6
V	264293	4
V	264537	6
V	264795	6
V	265054	4
V	265302	4
V	265557	4
V	265808	4
V	266062	4
V	266316	4
V	266569	4
V	266826	3
V	267080	3
V	267331	4
V	267582	5
V	267837	1
V	268093	5
V	268344	5
V	268594	6
V	268844	6
V	269097	3
V	269351	4
V	269602	5
V	269845	4
V	270097	1
V	270349	3
V	270603	6
V	270859	6
V	271113	5
V	271360	4
V	271616	4
V	271873	2
V	272127	5
V	272379	3
V	272634	4
V	272882	2
V	273133	4
V	273389	2
V	273638	3
V	273882	5
V	274130	4
V	274384	1
V	274641	2
V	274885	4
V	275133	4
V	275385	1
V	275638	3
V	275887	1
V	276136	4
V	276394	1
V	276646	2
V	276899	5
V	277151	5
V	277405	2
V	277657	5
V	277910	5
V	278159	7
V	278399	4
V	278636	4
V	278874	9
V	279115	9
V	279353	8
V	279594	10
V	279836	4
V	280055	6
V	280295	4
V	280533	9
V	280773	9
V	281015	9
V	281255	7
V	281495	10
V	281737	4
V	281974	1
V	282212	1
V	282447	1
V	282683	9
V	282924	9
V	283165	9
V	283404	9
V	283644	7
V	283885	1
V	284121	4
V	284357	1
V	284593	9
V	284831	8
V	285071	4
V	285308	4
V	285545	4
V	285781	9
V	286021	9
V	286260	8
V	286498	8
V	286738	1
V	286976	4
V	287212	9
V	287452	8
V	287694	4
V	287932	4
V	288169	1
V	288388	9
V	288629	9
V	288868	7
V	289107	7
V	289346	8
V	289586	6
V	289826	4
V	290045	6
V	290285	4
V	290521	6
V	290761	1
V	290997	9
V	291238	9
V	291479	9
V	291720	9
V	291961	9
V	292202	9
V	292442	9
V	292682	9
V	292922	9
V	293161	9
V	293400	10
V	293642	1
V	293879	9
V	294120	9
V	294361	9
V	294602	4
V	294839	4
V	295076	7
V	295316	4
V	295553	4
V	295789	4
V	296025	1
V	296259	1
V	296495	9
V	296735	9
V	296975	9
V	297216	9
V	297456	9
V	297697	10
V	297939	4
V	298176	1
V	298412	1
V	298647	10
V	298887	10
V	299128	4
V	299364	6
V	299605	1
V	299841	4
V	300076	4
V	300312	1
V	300548	9
V	300789	9
V	301012	10
V	301252	10
V	301494	7
V	301734	8
V	301974	9
V	302215	9
V	302455	8
V	302694	10
V	302936	8
V	303177	4
V	303413	4
V	303650	4
V	303886	4
V	304122	4
V	304357	9
V	304580	9
V	304821	9
V	305061	9
V	305301	8
V	305541	8
V	305780	1
V	306017	4
V	306252	9
V	306493	9
V	306734	9
V	306974	1
V	307211	9
V	307452	9
V	307692	9
V	307932	10
V	308173	7
V	308414	4
V	308651	1
V	308888	9
V	309111	9
V	309353	10
V	309596	7
V	309837	1
V	310074	6
V	310314	1
V	310548	1
V	310767	9
V	311005	9
V	311246	9
V	311487	9
V	311728	9
V	311967	9
V	312206	9
V	312446	9
V	312686	7
V	312925	8
V	313166	4
V	313403	4
V	313622	4
V	313858	1
V	314095	4
V	314333	9
V	314570	9
V	314810	6
V	315051	10
V	315292	4
V	315528	6
V	315768	4
V	316005	4
V	316241	4
V	316477	4
V	316713	4
V	316948	9
V	317189	10
V	317430	8
V	317670	6
V	317911	1
V	318147	1
V	318383	1
V	318621	9
V	318862	10
V	319086	1
V	319323	1
V	319560	4
V	319779	4
V	320016	9
V	320257	9
V	320497	9
V	320737	4
V	320973	6
V	321214	4
V	321450	9
V	321692	9
V	321932	7
V	322173	7
V	322412	1
V	322649	4
V	322884	9
V	323125	9
V	323365	9
V	323605	4
V	323842	4
V	324079	1
V	324315	1
V	324552	4
V	324787	9
V	325029	9
V	325269	9
V	325510	8
V	325733	4
V	325970	4
V	326206	4
V	326443	7
V	326683	8
V	326923	10
V	327164	8
V	327403	1
V	327640	6
V	327880	1
V	328116	9
V	328356	9
V	328594	9
V	328833	10
V	329074	1
V	329310	9
V	329551	9
V	329791	9
V	330032	9
V	330273	9
V	330513	8
V	330753	8
V	330993	4
V	331229	1
V	331465	1
V	331701	9
V	331941	9
V	332182	9
V	332421	10
V	332663	8
V	332904	4
V	333140	1
V	333376	1
V	333613	4
V	333850	9
V	334089	6
V	334345	6
V	334604	4
V	334852	1
V	335098	1
V	335348	1
V	335602	4
V	335856	3
V	336108	4
V	336357	6
V	336613	3
V	336863	1
V	337113	1
V	337363	3
V	337613	6
V	337869	2
V	338120	6
V	338378	3
V	338632	5
V	338886	6
V	339144	6
V	339398	4
V	339654	4
V	339908	5
V	340161	5
V	340412	2
V	340660	1
V	340914	5
V	341164	5
V	341410	2
V	341658	1
V	341907	2
V	342158	4
V	342410	3
V	342659	4
V	342905	4
V	343153	4
V	343408	5
V	343660	5
V	343910	5
V	344165	7
V	344402	4
V	344639	1
V	344875	6
V	345114	9
V	345355	10
V	345597	4
V	345835	9
V	346076	9
V	346317	10
V	346559	10
V	346801	4
V	347036	4
V	347272	9
V	347514	9
V	347754	9
V	347994	6
V	348235	10
V	348458	7
V	348695	4
V	348931	1
V	349166	1
V	349403	8
V	349639	6
V	349879	4
V	350116	1
V	350354	4
V	350591	6
V	350832	6
V	351072	4
V	351308	6
V	351544	10
V	351786	9
V	352027	9
V	352267	10
V	352508	4
V	352744	1
V	352979	4
V	353215	1
V	353452	1
V	353687	9
V	353928	9
V	354170	9
V	354409	1
V	354645	4
V	354881	6
V	355104	9
V	355345	9
V	355584	7
V	355821	1
V	356058	9
V	356298	9
V	356537	10
V	356778	1
V	357014	4
V	357251	1
V	357488	6
V	357728	4
V	357965	9
V	358206	9
V	358447	9
V	358685	7
V	358922	7
V	359159	4
V	359395	6
V	359635	4
V	359871	9
V	360111	9
V	360351	10
V	360593	4
V	360829	1
V	361064	10
V	361305	1
V	361540	1
V	361777	1
V	362012	9
V	362252	9
V	362492	9
V	362732	9
V	362972	9
V	363212	7
V	363447	10
V	363687	10
V	363929	4
V	364164	9
V	364405	9
V	364644	9
V	364884	6
V	365125	9
V	365365	9
V	365605	9
V	365846	9
V	366087	9
V	366328	9
V	366567	7
V	366803	4
V	367037	4
V	367273	4
V	367510	1
V	367746	9
V	367987	9
V	368227	9
V	368466	10
V	368708	10
V	368932	9
V	369174	9
V	369413	9
V	369652	10
V	369894	10
V	370136	10
V	370377	10
V	370620	1
V	370856	9
V	371094	1
V	371327	10
V	371567	6
V	371790	4
V	372026	9
V	372249	9
V	372490	9
V	372731	10
V	372974	8
V	373209	4
V	373447	4
V	373684	9
V	373924	9
V	374165	9
V	374405	7
V	374641	7
V	374875	4
V	375112	6
V	375352	4
V	375589	4
V	375825	9
V	376065	9
V	376303	9
V	376543	7
V	376780	1
V	377016	4
V	377253	1
V	377489	1
V	377724	6
V	377965	1
V	378201	6
V	378439	1
V	378673	9
V	378915	9
V	379157	4
V	379392	4
V	379628	1
V	379864	9
V	380104	10
V	380343	1
V	380579	9
V	380819	9
V	381061	9
V	381299	7
V	381535	1
V	381771	9
V	382011	9
V	382251	9
V	382491	8
V	382726	1
V	382962	4
V	383199	1
V	383434	9
V	383674	9
V	383913	9
V	384155	9
V	384390	9
V	384627	9
V	384867	10
V	385109	8
V	385343	8
V	385579	6
V	385819	4
V	386038	4
V	386274	1
V	386511	4
V	386747	9
V	386987	9
V	387226	1
V	387463	1
V	387699	1
V	387935	4
V	388171	1
V	388408	9
V	388648	9
V	388889	3
V	389143	1
V	389393	6
V	389644	6
V	389897	5
V	390148	2
V	390397	6
V	390648	1
V	390901	1
V	391158	5
V	391409	6
V	391663	2
V	391916	6
V	392173	6
V	392423	6
V	392681	3
V	392929	6
V	393182	1
V	393436	6
V	393694	2
V	393947	4
V	394200	4
V	394447	5
V	394700	5
V	394954	4
V	395208	4
V	395461	1
V	395704	6
V	395958	1
V	396214	1
V	396467	1
V	396718	2
V	396969	3
V	397223	4
V	397478	5
V	397730	4
V	397985	2
V	398237	1
V	398490	2
V	398741	6
V	398998	6
V	399254	3
V	399505	3
V	399761	2
V	400014	6
V	400270	4
V	400523	5
V	400772	6
V	401027	6
V	401284	6
V	401542	6
V	401794	4
V	402050	1
V	402302	6
V	402557	1
V	402806	4
V	403062	4
V	403314	6
V	403570	4
V	403818	4
V	404069	3
V	404322	5
V	404573	4
V	404827	5
V	405081	5
V	405322	5
V	405574	4
V	405828	2
V	406075	4
V	406329	2
V	406580	1
V	406833	5
V	407085	1
V	407340	4
V	407596	5
V	407844	4
V	408098	1
V	408350	3
V	408604	1
V	408857	10
V	409099	6
V	409336	4
V	409572	9
V	409813	9
V	410054	9
V	410294	7
V	410530	10
V	410772	6
V	411008	8
V	411245	6
V	411481	9
V	411723	7
V	411959	6
V	412200	4
V	412437	6
V	412674	6
V	412915	9
V	413155	9
V	413396	8
V	413633	10
V	413874	7
V	414111	10
V	414352	1
V	414589	9
V	414829	9
V	415052	10
V	415294	7
V	415530	1
V	415766	6
V	416007	9
V	416248	9
V	416487	10
V	416727	6
V	416964	6
V	417201	7
V	417438	6
V	417679	1
V	417916	1
V	418152	6
V	418392	1
V	418629	9
V	418869	1
V	419107	1
V	419343	4
V	419579	9
V	419821	9
V	420062	9
V	420303	8
V	420541	10
V	420782	4
V	421018	9
V	421258	10
V	421500	10
V	421742	9
V	421965	8
V	422201	10
V	422442	10
V	422683	6
V	422923	1
V	423159	6
V	423400	4
V	423633	4
V	423870	4
V	424106	9
V	424348	8
V	424584	6
V	424821	6
V	425044	4
V	425282	7
V	425517	6
V	425753	6
V	425990	6
V	426227	9
V	426467	9
V	426708	9
V	426950	9
V	427191	6
V	427428	6
V	427667	6
V	427903	10
V	428144	8
V	428381	8
V	428616	10
V	428857	6
V	429093	6
V	429329	6
V	429566	8
V	429803	7
V	430022	4
V	430258	10
V	430498	6
V	430734	6
V	430971	1
V	431208	9
V	431449	8
V	431686	1
V	431922	1
V	432158	4
V	432395	9
V	432636	9
V	432877	1
V	433114	9
V	433354	9
V	433594	8
V	433830	6
V	434067	4
V	434304	9
V	434544	7
V	434781	6
V	435022	8
V	435256	6
V	435497	6
V	435734	9
V	435974	9
V	436215	9
V	436456	6
V	436693	6
V	436930	4
V	437164	9
V	437403	9
V	437643	9
V	437884	10
V	438122	6
V	438363	6
V	438602	6
V	438839	1
V	439076	9
V	439316	9
V	439558	9
V	439798	9
V	440038	9
V	440279	8
V	440516	1
V	440753	9
V	440995	9
V	441237	9
V	441477	7
V	441713	8
V	441951	6
V	442191	4
V	442428	1
V	442664	9
V	442905	9
V	443143	9
V	443384	6
V	443625	6
V	443862	8
V	444098	4
V	444334	9
V	444574	9
V	444814	6
V	445050	6
V	445287	6
V	445524	6
V	445761	1
V	445997	1
V	446230	6
V	446467	6
V	446709	4
V	446944	9
V	447185	9
V	447426	9
V	447666	7
V	447902	8
V	448138	6
V	448378	7
V	448614	4
V	448850	4
V	449086	6
V	449322	9
V	449562	4
V	449813	2
V	450065	1
V	450319	3
V	450569	3
V	450822	1
V	451074	6
V	451331	4
V	451580	6
V	451838	6
V	452092	6
V	452346	6
V	452604	4
V	452852	6
V	453112	4
V	453358	4
V	453611	4
V	453861	4
V	454110	4
V	454366	4
V	454619	4
V	454872	6
V	455126	3
V	455380	3
V	455633	5
V	455887	4
V	456130	1
V	456387	5
V	456634	5
V	456885	6
V	457136	6
V	457392	3
V	457645	4
V	457895	1
V	458145	3
V	458399	5
V	458648	6
V	458905	6
V	459161	4
V	459416	4
V	459672	2
V	459922	3
V	460177	5
V	460426	4
V	460677	4
V	460934	2
V	461186	2
V	461436	5
V	461684	1
V	461940	4
V	462193	4
V	462439	2
V	462683	4
V	462934	3
V	463183	1
V	463434	4
V	463689	1
V	463941	2
V	464189	5
V	464440	2
V	464692	5
V	464940	5
V	465194	5
V	465444	5
V	465676	8
V	465913	1
V	466149	6
V	466385	1
V	466622	9
V	466844	9
V	467083	7
V	467302	4
V	467539	4
V	467775	9
V	468017	9
V	468257	9
V	468497	9
V	468737	10
V	468979	1
V	469215	4
V	469452	10
V	469693	4
V	469929	1
V	470165	9
V	470406	9
V	470646	9
V	470886	7
V	471122	1
V	471359	1
V	471597	4
V	471834	9
V	472074	9
V	472314	9
V	472554	8
V	472790	1
V	473009	1
V	473247	8
V	473466	1
V	473702	6
V	473943	7
V	474178	8
V	474415	10
V	474639	7
V	474875	9
V	475115	9
V	475355	9
V	475594	7
V	475830	8
V	476068	4
V	476306	4
V	476542	1
V	476778	7
V	477014	9
V	477255	9
V	477495	9
V	477735	8
V	477970	8
V	478207	4
V	478444	9
V	478684	6
V	478925	1
V	479161	1
V	479397	4
V	479634	9
V	479857	9
V	480098	6
V	480339	4
V	480577	8
V	480813	7
V	481049	10
V	481289	4
V	481525	4
V	481761	9
V	482001	4
V	482238	6
V	482474	9
V	482716	9
V	482956	9
V	483196	7
V	483433	4
V	483670	4
V	483907	1
V	484144	4
V	484380	4
V	484613	9
V	484854	9
V	485095	9
V	485334	9
V	485573	8
V	485810	4
V	486046	4
V	486283	9
V	486523	4
V	486758	4
V	486995	1
V	487232	4
V	487467	8
V	487703	9
V	487926	9
V	488167	9
V	488406	9
V	488647	9
V	488885	4
V	489123	4
V	489360	6
V	489600	9
V	489839	9
V	490080	8
V	490316	10
V	490556	7
V	490792	1
V	491028	1
V	491264	4
V	491500	9
V	491741	9
V	491983	9
V	492223	8
V	492460	10
V	492701	10
V	492925	4
V	493162	4
V	493399	4
V	493634	4
V	493869	4
V	494102	1
V	494338	4
V	494575	7
V	494812	9
V	495053	8
V	495290	6
V	495532	4
V	495769	9
V	496006	9
V	496248	9
V	496488	9
V	496728	9
V	496970	9
V	497209	10
V	497451	4
V	497687	9
V	497928	9
V	498169	1
V	498407	4
V	498643	6
V	498882	9
V	499123	9
V	499364	9
V	499602	4
V	499839	7
V	500075	8
V	500310	7
V	500545	9
V	500782	8
V	501020	10
V	501262	7
V	501480	4
V	501717	4
V	501954	4
V	502191	1
V	502427	9
V	502669	9
V	502910	9
V	503151	9
V	503391	9
V	503631	9
V	503873	9
V	504114	9
V	504355	9
V	504596	9
V	504836	10
V	505078	6
V	505318	4
V	505555	7
V	505791	8
V	506028	1
V	506263	4
V	506498	9
V	506739	9
V	506980	1
V	507216	4
V	507450	4
V	507686	7
V	507922	10
V	508146	4
V	508384	4
V	508618	4
V	508855	7
V	509093	9
V	509333	9
V	509575	8
V	509810	4
V	510047	4
V	510284	4
V	510521	4
V	510758	9
V	510999	4
V	511236	9
V	511477	9
V	511718	4
V	511955	8
V	512192	6
V	512433	9
V	512673	1
V	512909	5
V	513162	6
V	513418	6
V	513676	1
V	513931	1
V	514182	4
V	514436	3
V	514690	6
V	514947	3
V	515197	4
V	515449	1
V	515699	1
V	515948	3
V	516199	6
V	516455	2
V	516707	6
V	516965	3
V	517220	5
V	517475	6
V	517733	4
V	517988	4
V	518244	6
V	518500	5
V	518756	5
V	519008	2
V	519254	1
V	519507	5
V	519757	5
V	520005	2
V	520255	1
V	520505	2
V	520758	4
V	521011	4
V	521254	3
V	521503	4
V	521758	5
V	522012	5
V	522264	4
V	522502	8
V	522740	4
V	522975	9
V	523198	9
V	523420	1
V	523656	9
V	523896	9
V	524138	1
V	524376	6
V	524617	6
V	524857	10
V	525099	1
V	525334	9
V	525574	9
V	525816	9
V	526057	9
V	526297	1
V	526529	4
V	526765	1
V	527002	8
V	527239	1
V	527475	9
V	527716	9
V	527956	8
V	528192	7
V	528427	4
V	528663	4
V	528900	1
V	529136	6
V	529376	6
V	529617	4
V	529851	4
V	530087	9
V	530328	4
V	530565	4
V	530801	7
V	531019	10
V	531260	10
V	531502	1
V	531738	9
V	531978	9
V	532215	9
V	532454	7
V	532673	6
V	532912	7
V	533147	8
V	533383	4
V	533617	9
V	533858	9
V	534100	10
V	534342	1
V	534580	8
V	534817	8
V	535055	4
V	535291	9
V	535531	8
V	535767	1
V	536001	6
V	536240	9
V	536481	9
V	536722	9
V	536962	7
V	537199	8
V	537436	4
V	537673	6
V	537914	1
V	538152	1
V	538389	1
V	538626	7
V	538862	4
V	539097	4
V	539333	9
V	539573	9
V	539812	8
V	540049	8
V	540285	9
V	540525	6
V	540765	8
V	540983	4
V	541220	7
V	541456	1
V	541692	6
V	541933	4
V	542169	4
V	542406	4
V	542642	10
V	542884	10
V	543125	9
V	543366	9
V	543606	9
V	543847	9
V	544088	9
V	544327	9
V	544566	4
V	544804	4
V	545039	6
V	545279	4
V	545514	9
V	545754	9
V	545993	9
V	546232	8
V	546469	4
V	546706	1
V	546942	6
V	547182	1
V	547418	6
V	547656	4
V	547893	8
V	548131	9
V	548353	6
V	548594	4
V	548831	1
V	549067	4
V	549304	7
V	549539	9
V	549778	9
V	550017	1
V	550254	4
V	550491	8
V	550727	4
V	550963	8
V	551200	4
V	551436	4
V	551672	9
V	551912	9
V	552153	9
V	552394	9
V	552635	9
V	552873	9
V	553112	9
V	553353	9
V	553594	4
V	553829	9
V	554070	9
V	554293	9
V	554532	9
V	554771	6
V	555012	1
V	555246	1
V	555480	9
V	555720	4
V	555957	4
V	556195	4
V	556432	4
V	556667	7
V	556903	9
V	557145	9
V	557385	9
V	557626	9
V	557867	9
V	558108	8
V	558343	4
V	558580	9
V	558820	9
V	559058	8
V	559294	8
V	559529	4
V	559765	1
V	560000	4
V	560236	9
V	560477	9
V	560700	9
V	560941	10
V	561183	10
V	561426	7
V	561662	9
V	561904	8
V	562141	1
V	562378	4
V	562614	4
V	562851	4
V	563087	1
V	563323	7
V	563560	7
V	563797	9
V	564037	8
V	564271	4
V	564508	4
V	564744	6
V	564984	4
V	565221	4
V	565458	9
V	565699	6
V	565940	1
V	566177	6
V	566418	4
V	566654	4
V	566891	4
V	567110	7
V	567346	9
V	567587	9
V	567829	9
V	568069	9
V	568308	10
V	568546	10
V	568786	8
V	569020	4
V	569257	6
V	569480	6
V	569722	4
V	569959	4
V	570195	1
V	570432	4
V	570668	9
V	570908	9
V	571149	9
V	571389	6
V	571642	6
V	571898	1
V	572148	3
V	572401	2
V	572646	5
V	572899	6
V	573149	1
V	573399	6
V	573651	1
V	573906	5
V	574157	6
V	574414	6
V	574671	2
V	574924	6
V	575176	6
V	575434	6
V	575691	3
V	575936	4
V	576189	1
V	576443	2
V	576696	6
V	576954	5
V	577208	4
V	577453	5
V	577706	4
V	577961	4
V	578215	6
V	578469	1
V	578723	1
V	578976	1
V	579229	2
V	579480	3
V	579735	5
V	579987	4
V	580243	4
V	580498	2
V	580751	1
V	581005	2
V	581256	6
V	581515	6
V	581764	6
V	582021	6
V	582278	3
V	582532	3
V	582791	2
V	583044	4
V	583295	5
V	583540	6
V	583796	6
V	584054	6
V	584305	6
V	584562	6
V	584813	4
V	585068	1
V	585322	3
V	585570	6
V	585823	1
V	586075	3
V	586322	4
V	586578	4
V	586831	4
V	587082	4
V	587334	6
V	587591	3
V	587844	5
V	588096	4
V	588351	5
V	588606	5
V	588860	1
V	589103	4
V	589356	4
V	589609	2
V	589858	6
V	590108	2
V	590355	1
V	590609	5
V	590861	1
V	591116	4
V	591372	1
V	591624	4
V	591878	5
V	592123	1
V	592377	3
V	592626	3
V	592880	4
V	593117	1
V	593354	4
V	593591	1
V	593828	4
V	594066	4
V	594300	4
V	594536	4
V	594770	4
V	595006	9
V	595247	9
V	595489	9
V	595727	4
V	595964	4
V	596201	6
V	596443	4
V	596680	9
V	596920	4
V	597156	4
V	597392	4
V	597628	8
V	597865	9
V	598106	4
V	598325	4
V	598561	6
V	598802	4
V	599038	9
V	599280	9
V	599522	9
V	599763	9
V	600005	7
V	600242	9
V	600483	9
V	600722	8
V	600958	6
V	601200	4
V	601436	4
V	601672	1
V	601908	8
V	602126	8
V	602361	4
V	602599	1
V	602835	10
V	603076	4
V	603313	9
V	603551	9
V	603791	9
V	604030	4
V	604249	4
V	604485	4
V	604721	9
V	604960	9
V	605200	8
V	605437	7
V	605674	4
V	605911	1
V	606148	4
V	606384	1
V	606621	10
V	606862	9
V	607102	9
V	607342	4
V	607579	4
V	607815	6
V	608056	1
V	608292	9
V	608515	9
V	608756	9
V	608995	10
V	609235	4
V	609472	9
V	609711	4
V	609947	1
V	610184	9
V	610424	9
V	610664	7
V	610899	8
V	611136	10
V	611378	1
V	611615	6
V	611856	9
V	612097	9
V	612336	10
V	612578	8
V	612813	7
V	613049	7
V	613285	4
V	613522	1
V	613760	1
V	613979	4
V	614216	4
V	614451	9
V	614691	9
V	614932	9
V	615172	9
V	615394	9
V	615633	9
V	615872	4
V	616106	6
V	616345	4
V	616563	9
V	616803	7
V	617040	7
V	617277	7
V	617512	4
V	617749	4
V	617986	4
V	618220	9
V	618461	9
V	618702	9
V	618943	7
V	619162	6
V	619403	6
V	619643	6
V	619882	4
V	620118	4
V	620354	4
V	620590	9
V	620831	7
V	621067	9
V	621308	9
V	621548	8
V	621783	10
V	622024	4
V	622260	4
V	622497	6
V	622738	4
V	622975	4
V	623212	9
V	623451	7
V	623682	8
V	623916	8
V	624154	6
V	624394	6
V	624633	9
V	624873	9
V	625114	7
V	625350	8
V	625587	1
V	625823	4
V	626058	4
V	626291	9
V	626531	8
V	626769	9
V	627008	8
V	627227	4
V	627464	4
V	627701	9
V	627942	10
V	628181	9
V	628420	1
V	628657	1
V	628894	1
V	629131	1
V	629367	9
V	629608	7
V	629845	7
V	630080	1
V	630316	9
V	630557	9
V	630797	9
V	631038	10
V	631280	6
V	631520	4
V	631756	1
V	631990	4
V	632226	4
V	632461	9
V	632702	9
V	632942	8
V	633178	8
V	633414	1
V	633650	1
V	633886	4
V	634122	4
V	634357	4
V	634593	1
V	634829	9
V	635069	7
V	635305	4
V	635541	1
V	635778	1
V	636012	4
V	636248	9
V	636489	9
V	636727	8
V	636946	9
V	637187	10
V	637429	4
V	637664	1
V	637901	4
V	638138	9
V	638378	9
V	638618	7
V	638856	1
V	639093	9
V	639333	9
V	639572	8
V	639809	4
V	640046	9
V	640288	9
V	640529	9
V	640770	9
V	641010	7
V	641246	4
V	641465	1
V	641701	4
V	641939	1
V	642175	4
V	642412	4
V	642648	9
V	642888	4
V	643124	4
V	643359	1
V	643595	1
V	643838	1
V	644090	2
V	644342	3
V	644597	6
V	644854	1
V	645107	6
V	645355	5
V	645599	6
V	645857	6
V	646111	6
V	646366	6
V	646624	6
V	646882	4
V	647127	4
V	647375	4
V	647624	4
V	647878	4
V	648130	4
V	648380	4
V	648633	4
V	648888	4
V	649142	3
V	649396	5
V	649651	3
V	649903	4
V	650153	1
V	650409	5
V	650660	5
V	650910	6
V	651162	6
V	651416	3
V	651667	5
V	651911	4
V	652162	1
V	652414	4
V	652664	3
V	652918	6
V	653175	6
V	653427	5
V	653674	4
V	653929	2
V	654182	4
V	654438	5
V	654688	4
V	654940	3
V	655196	2
V	655448	2
V	655699	4
V	655955	3
V	656202	1
V	656458	5
V	656704	4
V	656956	4
V	657203	2
V	657447	4
V	657697	3
V	657946	1
V	658194	4
V	658449	1
V	658696	1
V	658948	5
V	659201	5
V	659452	2
V	659705	2
V	659956	5
V	660210	5
V	660459	5
V	660691	4
V	660927	9
V	661167	7
V	661404	10
V	661645	8
V	661883	10
V	662124	4
V	662360	6
V	662596	9
V	662836	9
V	663077	9
V	663318	9
V	663558	9
V	663799	8
V	664036	10
V	664278	9
V	664519	1
V	664755	6
V	664993	9
V	665230	8
V	665467	10
V	665708	6
V	665948	6
V	666189	6
V	666428	4
V	666663	9
V	666903	4
V	667139	4
V	667376	9
V	667616	9
V	667857	7
V	668094	9
V	668334	4
V	668571	4
V	668809	4
V	669046	6
V	669286	4
V	669520	6
V	669760	9
V	670002	8
V	670238	7
V	670475	1
V	670711	4
V	670946	9
V	671187	9
V	671410	9
V	671650	9
V	671890	8
V	672126	4
V	672363	9
V	672604	9
V	672845	10
V	673087	8
V	673321	10
V	673560	9
V	673782	1
V	674018	1
V	674255	9
V	674496	9
V	674736	9
V	674973	4
V	675209	4
V	675446	1
V	675682	9
V	675924	9
V	676165	10
V	676407	9
V	676646	9
V	676886	4
V	677122	4
V	677360	4
V	677596	9
V	677837	9
V	678077	8
V	678314	4
V	678551	4
V	678789	1
V	679008	1
V	679246	6
V	679486	7
V	679721	1
V	679956	8
V	680192	9
V	680431	8
V	680665	9
V	680887	10
V	681128	1
V	681364	9
V	681603	9
V	681842	4
V	682079	4
V	682316	9
V	682557	9
V	682796	4
V	683033	1
V	683269	4
V	683488	8
V	683706	4
V	683943	9
V	684183	6
V	684425	4
V	684661	6
V	684902	1
V	685139	1
V	685374	9
V	685616	9
V	685854	9
V	686094	7
V	686331	4
V	686567	1
V	686803	1
V	687036	8
V	687272	7
V	687508	1
V	687744	4
V	687980	9
V	688219	9
V	688459	9
V	688699	7
V	688935	4
V	689171	6
V	689411	6
V	689652	4
V	689890	6
V	690131	7
V	690366	8
V	690602	1
V	690837	9
V	691079	9
V	691318	10
V	691542	6
V	691765	4
V	692002	4
V	692238	4
V	692474	4
V	692710	9
V	692952	9
V	693191	9
V	693430	8
V	693667	1
V	693904	6
V	694144	1
V	694379	7
V	694615	4
V	694850	9
V	695090	9
V	695331	7
V	695567	8
V	695803	4
V	696040	4
V	696277	9
V	696517	9
V	696759	8
V	696996	10
V	697219	1
V	697457	6
V	697698	1
V	697935	1
V	698172	1
V	698409	1
V	698646	4
V	698883	4
V	699119	4
V	699355	9
V	699595	9
V	699834	9
V	700073	9
V	700312	4
V	700549	1
V	700787	4
V	701025	4
V	701260	9
V	701501	8
V	701736	9
V	701976	10
V	702217	1
V	702455	4
V	702691	1
V	702927	1
V	703163	4
V	703399	7
V	703636	10
V	703877	7
V	704113	7
V	704347	9
V	704586	9
V	704826	6
V	705065	1
V	705301	1
V	705538	4
V	705775	4
V	706013	4
V	706250	1
V	706485	9
V	706726	9
V	706966	8
V	707202	1
V	707436	1
V	707673	6
V	707914	9
V	708153	6
V	708392	1
V	708630	6
V	708871	1
V	709108	9
V	709350	10
V	709591	9
V	709830	9
V	710068	8
V	710305	4
V	710539	7
V	710775	4
V	711010	9
V	711251	9
V	711491	5
V	711744	3
V	711995	4
V	712237	6
V	712499	6
V	712756	1
V	713004	2
V	713257	1
V	713512	1
V	713761	1
V	714012	6
V	714268	10
V	714523	6
V	714783	4
V	715036	1
V	715278	1
V	715519	2
V	715772	3
V	716022	6
V	716280	7
V	716530	4
V	716787	4
V	717038	7
V	717294	7
V	717548	5
V	717794	3
V	718050	5
V	718304	5
V	718555	6
V	718801	2
V	719057	4
V	719306	5
V	719555	5
V	719798	5
V	720044	4
V	720300	6
V	720555	2
V	720802	5
V	721045	4
V	721301	1
V	721556	5
V	721803	6
V	722063	1
V	722310	1
V	722563	4
V	722817	1
V	723069	1
V	723319	3
V	723572	7
V	723828	7
V	724077	5
V	724325	2
V	724577	3
V	724819	6
V	725078	6
V	725331	2
V	725575	4
V	725831	4
V	726081	3
V	726334	4
V	726581	3
V	726833	5
V	727077	2
V	727329	1
V	727582	4
V	727838	10
V	728095	10
V	728348	3
V	728604	5
V	728859	5
V	729110	5
V	729353	4
V	729601	8
V	729837	8
V	730075	8
V	730308	1
V	730542	9
V	730784	9
V	731026	9
V	731268	9
V	731509	8
V	731747	4
V	731985	10
V	732222	8
V	732460	1
V	732696	4
V	732932	4
V	733168	4
V	733405	4
V	733641	4
V	733877	4
V	734113	6
V	734356	9
V	734595	9
V	734819	9
V	735060	9
V	735296	7
V	735515	8
V	735753	8
V	735989	10
V	736227	4
V	736445	1
V	736679	6
V	736921	4
V	737153	9
V	737395	10
V	737636	8
V	737874	7
V	738109	7
V	738348	6
V	738589	1
V	738825	6
V	739066	6
V	739308	6
V	739547	9
V	739789	10
V	740033	7
V	740269	10
V	740510	7
V	740746	4
V	740983	6
V	741219	9
V	741459	9
V	741700	9
V	741939	9
V	742179	9
V	742416	8
V	742655	8
V	742875	4
V	743111	6
V	743353	4
V	743592	1
V	743831	9
V	744056	9
V	744300	9
V	744542	10
V	744785	1
V	745022	6
V	745257	6
V	745497	9
V	745739	9
V	745979	1
V	746197	4
V	746415	1
V	746649	4
V	746887	9
V	747130	10
V	747373	4
V	747611	8
V	747843	9
V	748085	9
V	748322	9
V	748541	4
V	748777	1
V	749015	8
V	749251	10
V	749495	4
V	749732	8
V	749964	1
V	750199	4
V	750438	4
V	750659	4
V	750892	9
V	751132	9
V	751375	9
V	751609	10
V	751852	8
V	752086	4
V	752323	1
V	752561	1
V	752799	4
V	753035	1
V	753274	9
V	753499	10
V	753740	10
V	753984	10
V	754228	4
V	754466	1
V	754686	4
V	754925	7
V	755157	1
V	755394	4
V	755633	4
V	755872	4
V	756105	9
V	756347	7
V	756585	1
V	756821	1
V	757057	1
V	757294	1
V	757533	6
V	757776	4
V	758014	4
V	758253	9
V	758493	9
V	758733	7
V	758970	4
V	759206	6
V	759446	1
V	759679	7
V	759913	7
V	760146	1
V	760381	9
V	760620	9
V	760860	9
V	761102	7
V	761340	8
V	761575	1
V	761811	1
V	762050	4
V	762288	4
V	762526	6
V	762767	1
V	762985	4
V	763224	9
V	763463	9
V	763701	7
V	763939	6
V	764180	4
V	764413	4
V	764645	9
V	764886	9
V	765111	9
V	765355	7
V	765591	1
V	765823	6
V	766063	8
V	766295	1
V	766531	6
V	766773	9
V	767016	4
V	767255	7
V	767492	7
V	767729	1
V	767966	4
V	768186	6
V	768429	4
V	768666	1
V	768903	4
V	769136	9
V	769377	9
V	769620	10
V	769864	7
V	770102	7
V	770340	10
V	770581	6
V	770820	4
V	771056	6
V	771299	4
V	771531	9
V	771770	9
V	772012	8
V	772248	4
V	772484	1
V	772722	1
V	772957	4
V	773193	9
V	773435	9
V	773659	10
V	773903	10
V	774146	10
V	774389	8
V	774627	4
V	774863	1
V	775083	4
V	775320	7
V	775557	7
V	775792	7
V	776029	10
V	776271	9
V	776512	9
V	776753	8
V	776992	8
V	777230	4
V	777466	6
V	777688	1
V	777926	1
V	778159	9
V	778402	9
V	778640	4
V	778880	7
V	779116	10
V	779358	6
V	779595	9
V	779836	9
V	780074	10
V	780315	4
V	780550	10
V	780785	1
V	781019	6
V	781256	4
V	781494	4
V	781733	1
V	781966	9
V	782205	9
V	782444	4
V	782682	9
V	782923	9
V	783164	9
V	783406	9
V	783648	7
V	783885	10
V	784129	1
V	784366	1
V	784602	9
V	784841	9
V	785082	10
V	785319	6
V	785561	1
V	785798	4
V	786034	4
V	786273	1
V	786511	4
V	786743	9
V	786984	9
V	787220	8
V	787458	10
V	787702	8
V	787937	1
V	788173	4
V	788409	1
V	788647	9
V	788888	9
V	789130	9
V	789369	9
V	789613	6
V	789859	6
V	790117	3
V	790371	6
V	790626	5
V	790880	2
V	791123	6
V	791374	6
V	791624	5
V	791867	6
V	792124	10
V	792374	6
V	792633	7
V	792888	4
V	793139	5
V	793391	1
V	793648	6
V	793898	6
V	794147	2
V	794401	2
V	794655	6
V	794909	6
V	795159	6
V	795417	5
V	795662	6
V	795920	4
V	796171	6
V	796425	3
V	796674	1
V	796929	1
V	797181	6
V	797441	4
V	797694	2
V	797939	5
V	798188	4
V	798433	4
V	798687	4
V	798940	1
V	799195	1
V	799450	3
V	799702	3
V	799956	4
V	800213	5
V	800467	1
V	800723	1
V	800974	1
V	801229	6
V	801478	1
V	801728	2
V	801976	1
V	802221	3
V	802471	3
V	802726	7
V	802981	7
V	803228	7
V	803480	6
V	803736	7
V	803991	2
V	804243	7
V	804499	4
V	804756	3
V	805006	1
V	805253	5
V	805504	4
V	805761	2
V	806016	2
V	806271	5
V	806521	5
V	806777	6
V	807037	6
V	807291	3
V	807540	6
V	807795	2
V	808049	4
V	808299	6
V	808554	10
V	808813	1
V	809061	10
V	809319	10
V	809573	6
V	809830	10
V	810089	5
V	810334	2
V	810586	6
V	810845	6
V	811101	6
V	811350	6
V	811606	4
V	811858	6
V	812105	4
V	812364	7
V	812605	3
V	812851	2
V	813098	3
V	813343	5
V	813591	4
V	813844	2
V	814097	5
V	814351	4
V	814608	4
V	814864	4
V	815105	3
V	815352	6
V	815609	4
V	815861	1
V	816115	4
V	816370	4
V	816620	1
V	816867	6
V	817124	5
V	817369	4
V	817623	5
V	817873	3
V	818129	5
V	818383	1
V	818627	5
V	818871	4
V	819125	5
V	819375	6
V	819630	4
V	819875	4
V	820128	2
V	820374	1
V	820614	2
V	820868	5
V	821120	1
V	821375	2
V	821628	4
V	821885	1
V	822138	5
V	822386	10
V	822636	10
V	822891	10
V	823149	10
V	823406	3
V	823656	3
V	823901	3
V	824156	1
V	824410	5
V	824663	4
V	824898	4
V	825134	1
V	825371	8
V	825607	8
V	825839	6
V	826079	1
V	826318	9
V	826561	9
V	826804	10
V	827044	1
V	827282	4
V	827519	4
V	827757	4
V	827991	5
V	828225	4
V	828458	9
V	828698	10
V	828941	4
V	829179	1
V	829417	1
V	829652	4
V	829886	9
V	830129	7
V	830368	6
V	830603	4
V	830839	8
V	831077	6
V	831317	4
V	831554	9
V	831794	9
V	832038	9
V	832274	10
V	832500	10
V	832743	1
V	832978	1
V	833211	4
V	833448	1
V	833685	6
V	833925	10
V	834169	7
V	834405	6
V	834642	6
V	834876	6
V	835115	6
V	835358	4
V	835590	9
V	835831	9
V	836071	9
V	836312	9
V	836554	7
V	836794	10
V	837034	4
V	837271	6
V	837508	4
V	837746	6
V	837987	1
V	838225	4
V	838462	4
V	838700	9
V	838942	9
V	839181	9
V	839422	10
V	839664	1
V	839902	1
V	840140	4
V	840378	1
V	840618	6
V	840854	9
V	841095	4
V	841334	10
V	841576	4
V	841814	4
V	842054	9
V	842296	9
V	842536	9
V	842778	9
V	843015	9
V	843253	8
V	843490	4
V	843710	9
V	843952	9
V	844195	8
V	844431	6
V	844670	7
V	844891	9
V	845128	9
V	845365	7
V	845601	6
V	845837	6
V	846076	4
V	846314	4
V	846553	9
V	846792	9
V	847035	9
V	847277	9
V	847520	10
V	847765	8
V	848001	8
V	848237	1
V	848474	1
V	848713	4
V	848951	9
V	849193	9
V	849432	9
V	849675	9
V	849916	9
V	850160	7
V	850397	8
V	850634	1
V	850870	1
V	851089	6
V	851327	4
V	851563	4
V	851798	1
V	852036	4
V	852268	9
V	852508	10
V	852751	7
V	852989	8
V	853225	10
V	853468	6
V	853688	6
V	853927	4
V	854166	10
V	854408	8
V	854640	1
V	854877	1
V	855115	4
V	855351	9
V	855593	7
V	855830	8
V	856064	4
V	856302	1
V	856540	1
V	856778	6
V	857018	6
V	857259	4
V	857498	4
V	857731	6
V	857968	9
V	858208	9
V	858448	9
V	858689	9
V	858931	9
V	859175	10
V	859419	10
V	859661	6
V	859896	1
V	860134	9
V	860375	9
V	860614	9
V	860857	9
V	861100	7
V	861336	6
V	861577	6
V	861817	8
V	862053	1
V	862291	4
V	862527	6
V	862768	4
V	863005	1
V	863243	9
V	863485	8
V	863724	8
V	863962	10
V	864205	10
V	864446	10
V	864671	4
V	864909	6
V	865145	10
V	865386	9
V	865628	9
V	865869	9
V	866109	7
V	866347	10
V	866585	10
V	866827	10
V	867069	10
V	867307	1
V	867543	4
V	867781	1
V	868018	9
V	868260	9
V	868503	9
V	868746	9
V	868985	4
V	869218	8
V	869454	10
V	869693	7
V	869929	4
V	870167	1
V	870405	1
V	870643	1
V	870864	9
V	871106	9
V	871349	10
V	871589	4
V	871827	9
V	872069	9
V	872311	9
V	872553	7
V	872774	7
V	873012	8
V	873249	6
V	873487	4
V	873722	10
V	873964	7
V	874197	4
V	874428	9
V	874669	9
V	874911	9
V	875136	10
V	875362	7
V	875581	10
V	875822	8
V	876060	4
V	876296	6
V	876534	8
V	876766	1
V	877004	1
V	877242	1
V	877481	9
V	877721	10
V	877964	7
V	878202	10
V	878444	8
V	878663	4
V	878899	4
V	879137	1
V	879375	1
V	879611	1
V	879846	10
V	880084	1
V	880323	9
V	880566	9
V	880802	10
V	881045	6
V	881284	6
V	881520	10
V	881758	10
V	881993	4
V	882231	4
V	882471	1
V	882704	4
V	882936	9
V	883176	9
V	883418	7
V	883657	1
V	883893	7
V	884131	4
V	884368	4
V	884603	4
V	884840	1
V	885078	1
V	885310	7
V	885548	4
V	885785	4
V	886021	4
V	886259	1
V	886497	9
V	886740	1
V	886978	10
V	887219	10
V	887458	6
V	887701	9
V	887942	9
V	888181	9
V	888424	9
V	888661	7
V	888900	10
V	889140	8
V	889379	4
V	889615	6
V	889855	1
V	890094	9
V	890336	9
V	890580	9
V	890823	9
V	891067	9
V	891304	9
V	891541	1
V	891791	4
V	892043	2
V	892298	3
V	892555	10
V	892815	6
V	893073	4
V	893327	7
V	893572	6
V	893826	6
V	894079	6
V	894338	4
V	894586	6
V	894834	6
V	895090	4
V	895333	3
V	895578	6
V	895837	6
V	896095	1
V	896348	1
V	896599	4
V	896859	4
V	897104	4
V	897353	4
V	897607	4
V	897860	4
V	898114	4
V	898357	7
V	898604	7
V	898859	3
V	899114	6
V	899359	6
V	899617	6
V	899864	1
V	900107	6
V	900363	3
V	900618	1
V	900864	4
V	901115	1
V	901372	10
V	901620	6
V	901874	6
V	902125	7
V	902379	5
V	902625	3
V	902865	3
V	903118	2
V	903376	6
V	903633	6
V	903884	6
V	904140	6
V	904399	4
V	904657	6
V	904905	10
V	905161	1
V	905415	4
V	905663	4
V	905909	5
V	906158	4
V	906405	4
V	906655	3
V	906909	7
V	907161	6
V	907415	6
V	907663	6
V	907918	5
V	908162	6
V	908415	5
V	908671	4
V	908927	4
V	909169	3
V	909422	4
V	909667	2
V	909918	4
V	910172	4
V	910421	5
V	910674	4
V	910926	3
V	911177	4
V	911434	3
V	911684	3
V	911933	2
V	912176	4
V	912419	2
V	912670	4
V	912914	4
V	913169	4
V	913423	4
V	913676	4
V	913921	4
V	914174	4
V	914427	3
V	914677	4
V	914935	1
V	915177	1
V	915425	1
V	915673	10
V	915927	2
V	916172	10
V	916431	1
V	916678	5
V	916929	2
V	917179	10
V	917438	1
V	917686	2
V	917933	5
V	918169	5
V	918426	4
V	918679	5
V	918929	4
V	919184	3
V	919433	7
V	919666	4
V	919904	8
V	920142	7
V	920380	10
V	920620	4
V	920854	9
V	921092	4
V	921330	9
V	921567	10
V	921808	7
V	922047	7
V	922283	1
V	922503	9
V	922743	9
V	922984	9
V	923224	9
V	923465	7
V	923703	10
V	923941	10
V	924178	9
V	924420	9
V	924662	9
V	924902	7
V	925137	10
V	925379	7
V	925617	7
V	925855	10
V	926097	4
V	926330	9
V	926567	9
V	926808	8
V	927043	7
V	927258	7
V	927497	8
V	927732	8
V	927967	10
V	928209	7
V	928446	6
V	928683	9
V	928924	9
V	929164	10
V	929408	10
V	929649	10
V	929891	8
V	930128	4
V	930367	1
V	930606	1
V	930836	9
V	931075	9
V	931315	9
V	931557	7
V	931793	10
V	932037	8
V	932272	8
V	932510	1
V	932748	4
V	932986	4
V	933218	9
V	933460	9
V	933697	10
V	933939	10
V	934178	4
V	934397	1
V	934635	9
V	934874	9
V	935114	10
V	935358	7
V	935597	8
V	935837	4
V	936074	4
V	936308	1
V	936538	9
V	936779	9
V	937022	9
V	937258	1
V	937494	1
V	937732	1
V	937969	1
V	938208	10
V	938428	4
V	938665	4
V	938898	9
V	939140	9
V	939382	9
V	939625	7
V	939865	7
V	940102	8
V	940335	10
V	940572	7
V	940802	1
V	941035	9
V	941277	9
V	941517	9
V	941760	10
V	942003	8
V	942239	7
V	942475	1
V	942713	6
V	942953	9
V	943178	6
V	943415	4
V	943646	9
V	943886	9
V	944126	10
V	944370	8
V	944590	9
V	944831	9
V	945072	9
V	945313	9
V	945555	7
V	945776	7
V	946013	6
V	946249	4
V	946484	8
V	946717	4
V	946956	9
V	947198	9
V	947437	9
V	947678	8
V	947916	1
V	948153	6
V	948391	4
V	948629	1
V	948867	7
V	949099	1
V	949332	1
V	949565	9
V	949808	10
V	950051	1
V	950288	1
V	950527	4
V	950765	9
V	950988	9
V	951226	9
V	951463	7
V	951698	8
V	951933	6
V	952175	4
V	952414	4
V	952652	7
V	952888	7
V	953108	7
V	953340	9
V	953581	9
V	953823	7
V	954060	8
V	954297	4
V	954534	1
V	954774	4
V	955006	6
V	955242	9
V	955477	10
V	955718	4
V	955954	4
V	956187	4
V	956420	9
V	956662	9
V	956903	9
V	957144	9
V	957386	10
V	957631	4
V	957864	10
V	958102	9
V	958342	9
V	958583	9
V	958824	9
V	959061	10
V	959299	10
V	959540	8
V	959776	1
V	960014	1
V	960252	6
V	960489	9
V	960730	8
V	960951	10
V	961194	9
V	961431	4
V	961670	4
V	961908	4
V	962141	1
V	962380	6
V	962617	7
V	962853	10
V	963095	8
V	963333	7
V	963571	6
V	963812	9
V	964051	10
V	964295	10
V	964538	10
V	964778	6
V	965020	10
V	965258	8
V	965491	9
V	965714	9
V	965955	9
V	966195	9
V	966432	4
V	966688	3
V	966938	5
V	967183	4
V	967429	6
V	967685	6
V	967945	2
V	968198	1
V	968439	1
V	968694	1
V	968944	6
V	969200	10
V	969456	6
V	969712	1
V	969954	1
V	970197	6
V	970454	3
V	970704	2
V	970956	4
V	971212	4
V	971463	7
V	971714	7
V	971961	7
V	972216	5
V	972468	5
V	972713	3
V	972968	5
V	973218	2
V	973474	6
V	973721	4
V	973977	1
V	974226	4
V	974475	6
V	974727	5
V	974968	4
V	975218	5
V	975471	1
V	975722	1
V	975962	6
V	976220	1
V	976467	1
V	976721	1
V	976971	4
V	977224	1
V	977474	3
V	977723	5
V	977972	7
V	978218	7
V	978473	2
V	978723	3
V	978967	6
V	979225	6
V	979479	2
V	979724	4
V	979966	4
V	980221	2
V	980462	3
V	980710	4
V	980957	3
V	981210	5
V	981456	2
V	981710	1
V	981960	4
V	982214	10
V	982470	1
V	982718	10
V	982971	3
V	983227	5
V	983482	5
V	983735	5
V	983979	5
V	984225	5
V	984469	2
V	984717	10
V	984960	4
V	985195	4
V	985432	4
V	985665	6
V	985903	9
V	986144	9
V	986387	9
V	986624	10
V	986862	4
V	987095	4
V	987327	9
V	987570	9
V	987812	9
V	988056	9
V	988300	9
V	988543	8
V	988781	1
V	989019	9
V	989260	9
V	989500	9
V	989740	9
V	989981	9
V	990223	4
V	990460	7
V	990697	10
V	990942	10
V	991185	10
V	991428	7
V	991666	4
V	991904	8
V	992119	1
V	992358	9
V	992600	7
V	992839	1
V	993079	4
V	993319	9
V	993559	9
V	993800	9
V	994043	9
V	994262	9
V	994504	9
V	994741	4
V	994974	4
V	995207	9
V	995447	9
V	995689	9
V	995925	10
V	996168	8
V	996406	4
V	996643	6
V	996885	9
V	997126	9
V	997367	9
V	997610	7
V	997849	7
V	998083	10
V	998323	10
V	998563	4
V	998800	9
V	999041	9
V	999284	8
V	999519	7
V	999755	6
V	999998	9
V	1000239	9
V	1000477	9
V	1000719	9
V	1000961	10
V	1001203	7
V	1001440	8
V	1001673	10
V	1001910	9
V	1002153	9
V	1002392	9
V	1002634	1
V	1002866	10
V	1003106	9
V	1003343	9
V	1003580	9
V	1003816	10
V	1004061	8
V	1004299	1
V	1004535	4
V	1004773	9
V	1005014	9
V	1005254	9
V	1005495	1
V	1005728	9
V	1005970	9
V	1006213	9
V	1006455	9
V	1006698	9
V	1006934	8
V	1007169	8
V	1007398	9
V	1007637	9
V	1007877	9
V	1008116	9
V	1008359	10
V	1008601	10
V	1008846	1
V	1009082	9
V	1009324	9
V	1009567	9
V	1009808	7
V	1010044	10
V	1010286	1
V	1010523	10
V	1010761	8
V	1010991	4
V	1011230	4
V	1011462	4
V	1011694	9
V	1011918	8
V	1012154	7
V	1012389	8
V	1012624	4
V	1012863	4
V	1013095	1
V	1013327	1
V	1013566	4
V	1013806	1
V	1014045	4
V	1014278	9
V	1014520	9
V	1014761	9
V	1015004	10
V	1015245	7
V	1015484	1
V	1015705	6
V	1015948	9
V	1016190	1
V	1016422	9
V	1016663	9
V	1016906	9
V	1017148	9
V	1017391	9
V	1017633	9
V	1017871	10
V	1018112	7
V	1018349	7
V	1018587	6
V	1018828	1
V	1019067	6
V	1019309	10
V	1019547	10
V	1019785	9
V	1020027	8
V	1020263	7
V	1020500	10
V	1020743	4
V	1020981	4
V	1021220	9
V	1021459	9
V	1021699	9
V	1021942	9
V	1022185	9
V	1022427	10
V	1022669	8
V	1022906	8
V	1023144	6
V	1023385	6
V	1023626	4
V	1023865	4
V	1024097	7
V	1024334	10
V	1024576	7
V	1024810	9
V	1025052	9
V	1025295	9
V	1025538	9
V	1025781	7
V	1026016	10
V	1026259	6
V	1026496	6
V	1026732	9
V	1026954	6
V	1027197	9
V	1027441	9
V	1027683	9
V	1027926	7
V	1028165	6
V	1028398	8
V	1028630	4
V	1028869	9
V	1029111	9
V	1029353	9
V	1029596	7
V	1029832	10
V	1030076	7
V	1030314	1
V	1030552	4
V	1030791	9
V	1031033	9
V	1031274	9
V	1031517	9
V	1031754	6
V	1031992	6
V	1032229	9
V	1032471	10
V	1032711	10
V	1032953	8
V	1033191	4
V	1033428	9
V	1033670	9
V	1033906	8
V	1034121	9
V	1034364	9
V	1034606	9
V	1034848	9
V	1035092	9
V	1035329	7
V	1035566	7
V	1035787	7
V	1036022	7
V	1036258	4
V	1036495	1
V	1036730	4
V	1036967	4
V	1037206	9
V	1037448	9
V	1037689	9
V	1037927	9
V	1038164	10
V	1038405	8
V	1038640	4
V	1038876	4
V	1039109	9
V	1039343	6
V	1039600	6
V	1039849	3
V	1040104	6
V	1040358	6
V	1040611	5
V	1040864	6
V	1041113	6
V	1041370	5
V	1041616	7
V	1041867	1
V	1042124	5
V	1042374	4
V	1042626	6
V	1042885	6
V	1043136	2
V	1043390	2
V	1043644	6
V	1043896	6
V	1044153	6
V	1044408	6
V	1044665	6
V	1044919	1
V	1045161	2
V	1045405	4
V	1045658	1
V	1045901	1
V	1046154	3
V	1046402	6
V	1046662	4
V	1046915	4
V	1047171	1
V	1047426	1
V	1047681	5
V	1047933	4
V	1048190	3
V	1048443	3
V	1048698	1
V	1048949	1
V	1049203	1
V	1049459	6
V	1049710	1
V	1049965	2
V	1050215	3
V	1050459	3
V	1050715	7
V	1050967	7
V	1051219	7
V	1051469	6
V	1051719	7
V	1051975	7
V	1052229	2
V	1052480	4
V	1052736	3
V	1052986	1
V	1053230	5
V	1053479	4
V	1053736	2
V	1053990	5
V	1054245	5
V	1054494	5
V	1054744	2
V	1054999	6
V	1055251	6
V	1055510	3
V	1055753	6
V	1056007	2
V	1056261	4
V	1056507	10
V	1056765	1
V	1057006	6
V	1057257	10
V	1057514	10
V	1057768	6
V	1058025	2
V	1058277	10
V	1058536	6
V	1058795	6
V	1059052	6
V	1059306	6
V	1059559	6
V	1059812	4
V	1060065	7
V	1060311	4
V	1060568	3
V	1060812	3
V	1061061	2
V	1061304	4
V	1061547	4
V	1061802	4
V	1062058	2
V	1062312	5
V	1062564	4
V	1062816	6
V	1063075	4
V	1063325	4
V	1063575	4
V	1063827	1
V	1064079	1
V	1064319	6
V	1064576	1
V	1064824	5
V	1065069	5
V	1065321	5
V	1065574	1
V	1065816	3
V	1066072	4
V	1066327	5
V	1066568	5
V	1066818	4
V	1067072	4
V	1067318	4
V	1067572	6
V	1067826	2
V	1068075	6
V	1068322	5
V	1068574	2
V	1068828	2
V	1069080	1
V	1069329	1
V	1069584	4
V	1069841	10
V	1070092	6
V	1070344	1
V	1070594	10
V	1070849	7
V	1071095	10
V	1071342	1
V	1071596	10
V	1071853	3
V	1072108	5
V	1072359	3
V	1072606	5
V	1072849	10
V	1073091	1
V	1073326	8
V	1073556	4
V	1073786	9
V	1074025	9
V	1074267	8
V	1074507	4
V	1074745	9
V	1074985	9
V	1075226	8
V	1075464	10
V	1075702	1
V	1075941	6
V	1076184	9
V	1076423	9
V	1076663	1
V	1076899	8
V	1077135	4
V	1077371	1
V	1077609	8
V	1077839	9
V	1078076	9
V	1078312	10
V	1078554	7
V	1078792	8
V	1079027	7
V	1079265	4
V	1079498	9
V	1079737	9
V	1079977	9
V	1080220	9
V	1080456	4
V	1080693	1
V	1080930	8
V	1081162	4
V	1081402	9
V	1081643	10
V	1081885	6
V	1082127	1
V	1082366	9
V	1082608	9
V	1082850	9
V	1083090	9
V	1083332	8
V	1083572	7
V	1083810	9
V	1084049	4
V	1084280	10
V	1084523	8
V	1084761	8
V	1084994	10
V	1085234	1
V	1085472	9
V	1085712	9
V	1085953	8
V	1086192	8
V	1086430	10
V	1086671	7
V	1086903	4
V	1087142	4
V	1087382	9
V	1087624	9
V	1087865	9
V	1088108	9
V	1088350	9
V	1088586	10
V	1088827	7
V	1089066	10
V	1089308	1
V	1089543	9
V	1089786	9
V	1090022	8
V	1090260	4
V	1090495	4
V	1090733	9
V	1090974	1
V	1091212	8
V	1091449	8
V	1091685	1
V	1091921	1
V	1092159	10
V	1092399	4
V	1092638	4
V	1092872	7
V	1093109	8
V	1093348	10
V	1093586	8
V	1093825	1
V	1094057	4
V	1094297	9
V	1094539	9
V	1094778	10
V	1095022	8
V	1095259	10
V	1095496	9
V	1095737	1
V	1095970	9
V	1096206	7
V	1096439	4
V	1096677	4
V	1096915	9
V	1097156	9
V	1097399	9
V	1097636	9
V	1097872	8
V	1098108	10
V	1098351	1
V	1098590	4
V	1098829	8
V	1099067	8
V	1099306	9
V	1099542	1
V	1099778	4
V	1100016	9
V	1100258	9
V	1100480	1
V	1100714	9
V	1100957	7
V	1101192	10
V	1101436	10
V	1101679	8
V	1101916	6
V	1102157	8
V	1102389	1
V	1102622	10
V	1102864	4
V	1103102	9
V	1103343	4
V	1103576	1
V	1103813	4
V	1104049	1
V	1104287	9
V	1104528	9
V	1104765	7
V	1105001	10
V	1105242	4
V	1105481	1
V	1105720	4
V	1105960	1
V	1106193	9
V	1106435	9
V	1106678	1
V	1106910	9
V	1107146	7
V	1107383	10
V	1107623	4
V	1107860	10
V	1108080	1
V	1108301	4
V	1108539	9
V	1108763	9
V	1109005	8
V	1109243	8
V	1109482	8
V	1109719	10
V	1109957	4
V	1110190	9
V	1110429	7
V	1110666	10
V	1110904	7
V	1111140	1
V	1111377	6
V	1111619	1
V	1111855	7
V	1112087	7
V	1112319	6
V	1112556	6
V	1112792	6
V	1113030	9
V	1113270	9
V	1113507	9
V	1113745	10
V	1113983	1
V	1114219	6
V	1114455	9
V	1114677	10
V	1114916	9
V	1115159	7
V	1115397	7
V	1115633	10
V	1115874	9
V	1116114	9
V	1116354	9
V	1116592	10
V	1116836	8
V	1117072	1
V	1117310	4
V	1117548	4
V	1117785	4
V	1118024	4
V	1118257	9
V	1118499	1
V	1118732	4
V	1118983	6
V	1119231	3
V	1119478	1
V	1119725	2
V	1119978	6
V	1120228	3
V	1120485	10
V	1120746	1
V	1120995	4
V	1121247	6
V	1121504	6
V	1121759	7
V	1122005	6
V	1122264	6
V	1122510	6
V	1122755	4
V	1123004	6
V	1123251	6
V	1123509	3
V	1123755	6
V	1124014	6
V	1124272	1
V	1124521	4
V	1124767	1
V	1125021	4
V	1125277	4
V	1125530	4
V	1125783	4
V	1126036	4
V	1126282	4
V	1126526	7
V	1126781	3
V	1127035	7
V	1127287	6
V	1127536	6
V	1127794	1
V	1128041	6
V	1128295	6
V	1128548	3
V	1128803	1
V	1129053	4
V	1129302	1
V	1129558	10
V	1129812	6
V	1130059	6
V	1130313	7
V	1130568	3
V	1130822	3
V	1131071	5
V	1131319	2
V	1131576	6
V	1131834	6
V	1132086	6
V	1132344	6
V	1132601	4
V	1132855	3
V	1133105	5
V	1133350	4
V	1133600	4
V	1133848	4
V	1134096	1
V	1134350	7
V	1134596	3
V	1134850	6
V	1135104	6
V	1135360	6
V	1135611	10
V	1135865	6
V	1136112	6
V	1136358	4
V	1136611	5
V	1136854	4
V	1137094	5
V	1137345	3
V	1137597	2
V	1137850	4
V	1138094	4
V	1138347	4
V	1138596	5
V	1138848	4
V	1139097	3
V	1139347	2
V	1139591	4
V	1139840	4
V	1140097	2
V	1140347	3
V	1140592	4
V	1140847	4
V	1141096	4
V	1141349	4
V	1141599	2
V	1141846	4
V	1142098	3
V	1142347	4
V	1142600	1
V	1142847	3
V	1143087	1
V	1143336	4
V	1143591	1
V	1143838	10
V	1144096	1
V	1144345	10
V	1144595	10
V	1144852	1
V	1145101	5
V	1145349	2
V	1145602	5
V	1145856	2
V	1146104	5
V	1146340	4
V	1146593	4
V	1146848	5
V	1147098	10
V	1147352	8
V	1147585	8
V	1147823	10
V	1148066	4
V	1148303	1
V	1148541	10
V	1148785	4
V	1149017	9
V	1149257	9
V	1149499	9
V	1149738	4
V	1149977	10
V	1150219	7
V	1150450	4
V	1150686	1
V	1150921	4
V	1151158	1
V	1151373	9
V	1151612	9
V	1151856	9
V	1152090	7
V	1152328	10
V	1152570	10
V	1152813	7
V	1153043	7
V	1153281	8
V	1153518	4
V	1153755	4
V	1153991	1
V	1154229	10
V	1154473	4
V	1154712	1
V	1154950	9
V	1155192	9
V	1155433	9
V	1155674	9
V	1155916	1
V	1156152	4
V	1156383	9
V	1156626	7
V	1156863	7
V	1157095	6
V	1157336	1
V	1157572	8
V	1157812	4
V	1158047	4
V	1158279	6
V	1158515	4
V	1158748	9
V	1158989	9
V	1159229	4
V	1159450	9
V	1159693	7
V	1159928	7
V	1160165	10
V	1160409	10
V	1160652	6
V	1160895	9
V	1161137	10
V	1161377	7
V	1161613	10
V	1161856	8
V	1162094	8
V	1162327	10
V	1162570	4
V	1162807	4
V	1163046	4
V	1163278	1
V	1163510	4
V	1163742	9
V	1163984	9
V	1164225	9
V	1164466	9
V	1164707	4
V	1164946	9
V	1165183	10
V	1165423	6
V	1165661	4
V	1165901	9
V	1166143	9
V	1166385	1
V	1166624	6
V	1166867	9
V	1167107	9
V	1167347	9
V	1167590	9
V	1167826	10
V	1168064	8
V	1168297	8
V	1168537	9
V	1168775	9
V	1169015	9
V	1169258	9
V	1169494	10
V	1169738	1
V	1169973	4
V	1170211	4
V	1170447	1
V	1170686	9
V	1170909	9
V	1171152	9
V	1171394	10
V	1171636	9
V	1171855	7
V	1172092	10
V	1172331	7
V	1172569	7
V	1172807	1
V	1173040	4
V	1173277	7
V	1173516	4
V	1173753	4
V	1173991	6
V	1174233	4
V	1174466	4
V	1174700	9
V	1174942	9
V	1175186	8
V	1175421	10
V	1175664	8
V	1175883	8
V	1176120	8
V	1176358	7
V	1176595	10
V	1176838	7
V	1177076	1
V	1177313	4
V	1177550	4
V	1177790	9
V	1178032	1
V	1178271	9
V	1178513	9
V	1178757	9
V	1179000	9
V	1179219	8
V	1179457	7
V	1179690	1
V	1179927	10
V	1180171	9
V	1180413	9
V	1180654	9
V	1180896	9
V	1181136	4
V	1181375	9
V	1181615	9
V	1181856	10
V	1182100	7
V	1182338	8
V	1182574	8
V	1182809	7
V	1183046	7
V	1183279	8
V	1183512	1
V	1183748	4
V	1183983	1
V	1184221	4
V	1184454	9
V	1184697	9
V	1184936	4
V	1185176	9
V	1185419	9
V	1185655	9
V	1185892	10
V	1186135	8
V	1186367	10
V	1186610	4
V	1186849	9
V	1187091	7
V	1187326	7
V	1187559	8
V	1187793	6
V	1188034	4
V	1188272	7
V	1188511	1
V	1188744	1
V	1188977	9
V	1189221	9
V	1189464	9
V	1189701	10
V	1189944	4
V	1190181	8
V	1190419	1
V	1190658	4
V	1190888	9
V	1191130	9
V	1191372	9
V	1191613	9
V	1191856	9
V	1192092	9
V	1192330	7
V	1192566	7
V	1192787	7
V	1193025	8
V	1193263	10
V	1193506	1
V	1193745	9
V	1193986	9
V	1194227	4
V	1194465	9
V	1194708	7
V	1194946	8
V	1195183	7
V	1195417	8
V	1195656	7
V	1195894	1
V	1196132	1
V	1196371	9
V	1196610	9
V	1196853	1
V	1197091	4
V	1197329	9
V	1197572	9
V	1197815	9
V	1198059	7
V	1198296	7
V	1198534	10
V	1198775	1
V	1199012	4
V	1199248	6
V	1199485	9
V	1199726	6
V	1199968	9
V	1200211	9
V	1200436	9
V	1200678	9
V	1200921	9
V	1201157	9
V	1201393	7
V	1201632	10
V	1201876	9
V	1202116	1
V	1202356	10
V	1202598	10
V	1202841	10
V	1203061	8
V	1203300	7
V	1203538	4
V	1203770	4
V	1204003	4
V	1204218	6
V	1204443	4
V	1204682	9
V	1204925	7
V	1205163	10
V	1205400	4
V	1205637	1
V	1205874	1
V	1206111	1
V	1206350	4
V	1206588	4
V	1206821	9
V	1207063	9
V	1207287	9
V	1207527	6
V	1207767	10
V	1208009	8
V	1208245	8
V	1208477	7
V	1208715	8
V	1208955	7
V	1209194	4
V	1209433	4
V	1209665	9
V	1209905	9
V	1210147	9
V	1210389	10
V	1210626	9
V	1210869	10
V	1211111	8
V	1211346	7
V	1211561	4
V	1211800	8
V	1212038	9
V	1212280	9
V	1212523	9
V	1212761	7
V	1213000	1
V	1213236	10
V	1213478	4
V	1213716	4
V	1213954	6
V	1214191	9
V	1214432	9
V	1214675	7
V	1214911	8
V	1215150	4
V	1215387	6
V	1215630	10
V	1215873	9
V	1216116	9
V	1216357	9
V	1216601	9
V	1216837	8
V	1217073	6
V	1217313	10
V	1217556	1
V	1217794	9
V	1218034	9
V	1218276	4
V	1218514	9
V	1218758	9
V	1218999	9
V	1219239	10
V	1219481	7
V	1219716	8
V	1219952	7
V	1220190	10
V	1220431	7
V	1220664	8
V	1220901	4
V	1221137	10
V	1221381	4
V	1221613	6
V	1221849	6
V	1222084	9
V	1222326	9
V	1222567	10
V	1222810	7
V	1223049	10
V	1223292	9
V	1223532	9
V	1223773	9
V	1224013	9
V	1224253	7
V	1224489	8
V	1224719	10
V	1224961	9
V	1225202	9
V	1225444	9
V	1225685	9
V	1225904	5
V	1226158	3
V	1226407	1
V	1226654	7
V	1226900	5
V	1227153	3
V	1227407	6
V	1227653	4
V	1227905	4
V	1228153	2
V	1228400	4
V	1228654	1
V	1228906	1
V	1229144	1
V	1229390	6
V	1229647	4
V	1229896	1
V	1230150	1
V	1230399	3
V	1230648	1
V	1230897	6
V	1231153	2
V	1231406	5
V	1231652	2
V	1231904	6
V	1232160	7
V	1232415	1
V	1232661	1
V	1232916	4
V	1233165	5
V	1233414	5
V	1233667	6
V	1233920	6
V	1234173	7
V	1234424	6
V	1234684	1
V	1234935	5
V	1235189	4
V	1235443	6
V	1235700	4
V	1235955	2
V	1236210	10
V	1236466	10
V	1236719	3
V	1236968	7
V	1237219	4
V	1237475	2
V	1237726	5
V	1237974	6
V	1238232	6
V	1238485	4
V	1238739	2
V	1238985	1
V	1239229	2
V	1239477	4
V	1239722	3
V	1239969	3
V	1240222	4
V	1240467	2
V	1240720	1
V	1240970	10
V	1241224	3
V	1241479	5
V	1241722	5
V	1241966	5
V	1242208	8
V	1242446	7
V	1242684	1
V	1242918	9
V	1243158	4
V	1243398	5
V	1243631	1
V	1243864	9
V	1244104	10
V	1244347	8
V	1244586	7
V	1244818	10
V	1245056	10
V	1245293	8
V	1245527	9
V	1245767	9
V	1246006	4
V	1246236	9
V	1246478	9
V	1246720	9
V	1246962	10
V	1247204	10
V	1247448	6
V	1247689	4
V	1247922	9
V	1248165	9
V	1248408	9
V	1248650	10
V	1248893	8
V	1249129	9
V	1249369	9
V	1249611	9
V	1249851	1
V	1250089	9
V	1250328	9
V	1250565	10
V	1250808	10
V	1251046	9
V	1251288	9
V	1251529	4
V	1251768	6
V	1252010	9
V	1252253	9
V	1252496	9
V	1252736	8
V	1252972	10
V	1253214	7
V	1253451	10
V	1253695	1
V	1253928	1
V	1254161	9
V	1254404	9
V	1254646	1
V	1254882	10
V	1255124	7
V	1255364	7
V	1255602	1
V	1255841	1
V	1256073	4
V	1256305	9
V	1256530	9
V	1256770	9
V	1257013	9
V	1257250	7
V	1257486	8
V	1257724	1
V	1257962	4
V	1258201	4
V	1258441	4
V	1258680	9
V	1258924	9
V	1259165	9
V	1259408	7
V	1259646	7
V	1259879	9
V	1260120	9
V	1260363	6
V	1260606	4
V	1260838	1
V	1261070	9
V	1261312	9
V	1261552	9
V	1261789	9
V	1262025	10
V	1262268	10
V	1262511	4
V	1262747	9
V	1262989	4
V	1263227	9
V	1263470	9
V	1263710	10
V	1263951	10
V	1264195	4
V	1264433	4
V	1264666	4
V	1264905	9
V	1265147	9
V	1265390	7
V	1265627	10
V	1265870	8
V	1266107	10
V	1266349	10
V	1266591	8
V	1266828	4
V	1267067	9
V	1267291	1
V	1267512	9
V	1267754	9
V	1267997	9
V	1268235	10
V	1268479	1
V	1268718	4
V	1268956	1
V	1269195	9
V	1269438	9
V	1269680	8
V	1269917	10
V	1270155	8
V	1270388	9
V	1270628	1
V	1270867	4
V	1271100	9
V	1271344	9
V	1271588	9
V	1271830	9
V	1272066	8
V	1272303	10
V	1272547	7
V	1272782	4
V	1273001	6
V	1273239	4
V	1273471	9
V	1273712	1
V	1273951	1
V	1274184	9
V	1274427	7
V	1274663	10
V	1274904	4
V	1275123	1
V	1275362	4
V	1275601	4
V	1275835	9
V	1276079	9
V	1276321	10
V	1276564	7
V	1276799	8
V	1277031	6
V	1277271	4
V	1277510	9
V	1277753	9
V	1277993	10
V	1278234	1
V	1278471	9
V	1278713	9
V	1278956	9
V	1279193	10
V	1279437	7
V	1279675	7
V	1279910	9
V	1280150	1
V	1280389	9
V	1280631	9
V	1280873	8
V	1281106	9
V	1281346	9
V	1281587	1
V	1281826	9
V	1282069	9
V	1282313	9
V	1282553	8
V	1282791	8
V	1283027	10
V	1283269	4
V	1283506	1
V	1283743	9
V	1283985	6
V	1284225	9
V	1284468	9
V	1284711	9
V	1284947	10
V	1285189	7
V	1285424	10
V	1285669	8
V	1285899	1
V	1286135	4
V	1286373	9
V	1286612	9
V	1286852	4
V	1287082	4
V	1287297	9
V	1287541	9
V	1287784	9
V	1288020	9
V	1288257	8
V	1288475	7
V	1288714	10
V	1288958	8
V	1289198	4
V	1289436	9
V	1289678	4
V	1289911	7
V	1290149	1
V	1290386	4
V	1290621	9
V	1290858	7
V	1291095	10
V	1291339	7
V	1291579	9
V	1291820	9
V	1292042	9
V	1292282	4
V	1292520	9
V	1292763	9
V	1293007	9
V	1293243	10
V	1293481	9
V	1293703	4
V	1293939	8
V	1294174	1
V	1294409	9
V	1294648	9
V	1294890	9
V	1295133	10
V	1295358	10
V	1295600	10
V	1295843	8
V	1296078	1
V	1296316	9
V	1296558	9
V	1296794	9
V	1297031	7
V	1297264	8
V	1297499	4
V	1297731	9
V	1297973	9
V	1298214	9
V	1298456	7
V	1298694	7
V	1298912	1
V	1299149	9
V	1299389	9
V	1299629	4
V	1299867	6
V	1300110	6
V	1300353	6
V	1300608	3
V	1300861	6
V	1301109	6
V	1301361	1
V	1301606	5
V	1301852	6
V	1302101	4
V	1302352	6
V	1302603	6
V	1302856	6
V	1303104	2
V	1303349	1
V	1303599	6
V	1303858	1
V	1304113	1
V	1304360	6
V	1304606	7
V	1304856	2
V	1305105	4
V	1305361	1
V	1305604	6
V	1305855	10
V	1306113	10
V	1306368	4
V	1306613	5
V	1306863	10
V	1307122	6
V	1307377	3
V	1307627	2
V	1307878	6
V	1308133	6
V	1308389	6
V	1308639	6
V	1308896	6
V	1309146	4
V	1309399	6
V	1309647	4
V	1309903	3
V	1310147	7
V	1310396	4
V	1310641	3
V	1310884	1
V	1311132	4
V	1311379	4
V	1311631	2
V	1311884	6
V	1312140	4
V	1312396	6
V	1312646	5
V	1312895	6
V	1313150	5
V	1313406	5
V	1313659	1
V	1313913	3
V	1314167	6
V	1314426	1
V	1314683	5
V	1314934	7
V	1315189	6
V	1315443	4
V	1315697	6
V	1315952	1
V	1316206	6
V	1316454	6
V	1316711	4
V	1316965	1
V	1317220	6
V	1317479	1
V	1317722	2
V	1317971	4
V	1318223	5
V	1318467	4
V	1318718	1
V	1318969	2
V	1319223	1
V	1319476	2
V	1319729	3
V	1319984	2
V	1320238	7
V	1320489	3
V	1320738	6
V	1320983	5
V	1321229	5
V	1321481	2
V	1321736	5
V	1321990	4
V	1322241	7
V	1322493	4
V	1322747	3
V	1322994	7
V	1323249	3
V	1323499	3
V	1323744	4
V	1323998	5
V	1324249	7
V	1324504	3
V	1324748	1
V	1325001	4
V	1325250	6
V	1325508	4
V	1325762	6
V	1326018	4
V	1326265	1
V	1326509	1
V	1326753	5
V	1326998	5
V	1327247	4
V	1327500	3
V	1327756	5
V	1328001	5
V	1328254	1
V	1328502	4
V	1328756	4
V	1329008	6
V	1329261	5
V	1329507	4
V	1329756	2
V	1330003	2
V	1330257	2
V	1330509	5
V	1330761	4
V	1331017	1
V	1331270	10
V	1331520	1
V	1331769	10
V	1332023	10
V	1332277	3
V	1332532	1
V	1332785	3
V	1333030	2
V	1333282	5
V	1333531	4
V	1333769	1
V	1334004	9
V	1334247	9
V	1334490	9
V	1334730	4
V	1334951	1
V	1335189	1
V	1335426	4
V	1335663	9
V	1335899	10
V	1336139	8
V	1336375	8
V	1336610	9
V	1336854	9
V	1337096	9
V	1337335	9
V	1337577	1
V	1337816	4
V	1338049	9
V	1338288	10
V	1338530	8
V	1338766	7
V	1339005	10
V	1339244	8
V	1339477	8
V	1339715	7
V	1339954	9
V	1340191	9
V	1340427	10
V	1340668	10
V	1340909	10
V	1341152	7
V	1341385	9
V	1341629	9
V	1341872	9
V	1342114	9
V	1342355	9
V	1342598	9
V	1342840	6
V	1343081	4
V	1343319	1
V	1343556	9
V	1343797	9
V	1344038	4
V	1344271	9
V	1344509	7
V	1344747	6
V	1344989	10
V	1345233	9
V	1345476	9
V	1345717	4
V	1345956	1
V	1346195	1
V	1346433	8
V	1346671	10
V	1346911	4
V	1347147	7
V	1347368	8
V	1347606	6
V	1347848	1
V	1348085	1
V	1348317	1
V	1348544	1
V	1348776	4
V	1349010	9
V	1349251	9
V	1349491	9
V	1349733	9
V	1349974	9
V	1350217	9
V	1350460	9
V	1350700	1
V	1350939	6
V	1351181	9
V	1351422	9
V	1351664	10
V	1351905	7
V	1352141	7
V	1352378	7
V	1352612	4
V	1352850	8
V	1353089	9
V	1353332	9
V	1353575	1
V	1353808	9
V	1354051	9
V	1354287	10
V	1354528	7
V	1354768	10
V	1355011	10
V	1355254	7
V	1355488	8
V	1355721	9
V	1355964	9
V	1356206	9
V	1356449	9
V	1356691	4
V	1356929	1
V	1357168	7
V	1357407	10
V	1357651	9
V	1357894	6
V	1358136	6
V	1358361	9
V	1358600	10
V	1358842	10
V	1359083	9
V	1359326	9
V	1359568	10
V	1359810	7
V	1360043	9
V	1360285	9
V	1360527	9
V	1360769	4
V	1361008	1
V	1361246	9
V	1361487	9
V	1361729	9
V	1361966	8
V	1362201	10
V	1362444	8
V	1362681	8
V	1362919	4
V	1363155	8
V	1363394	9
V	1363637	9
V	1363880	9
V	1364122	9
V	1364363	1
V	1364600	7
V	1364839	7
V	1365076	8
V	1365314	10
V	1365555	4
V	1365792	4
V	1366030	9
V	1366273	9
V	1366515	4
V	1366752	4
V	1366985	9
V	1367204	8
V	1367439	9
V	1367681	9
V	1367924	9
V	1368167	9
V	1368408	1
V	1368646	6
V	1368882	9
V	1369123	9
V	1369365	1
V	1369604	9
V	1369842	10
V	1370068	8
V	1370306	9
V	1370548	6
V	1370790	10
V	1371030	10
V	1371273	7
V	1371509	8
V	1371747	8
V	1371987	9
V	1372231	9
V	1372475	9
V	1372717	9
V	1372956	9
V	1373199	4
V	1373438	9
V	1373678	8
V	1373915	7
V	1374153	7
V	1374390	10
V	1374633	9
V	1374876	9
V	1375118	9
V	1375360	9
V	1375603	9
V	1375843	9
V	1376083	1
V	1376321	4
V	1376553	9
V	1376790	8
V	1377028	10
V	1377264	4
V	1377499	9
V	1377743	9
V	1377984	9
V	1378226	4
V	1378464	1
V	1378701	4
V	1378939	7
V	1379177	10
V	1379420	9
V	1379663	9
V	1379887	9
V	1380124	9
V	1380364	1
V	1380600	1
V	1380834	1
V	1381061	9
V	1381302	9
V	1381539	7
V	1381775	7
V	1382011	10
V	1382249	8
V	1382487	9
V	1382729	9
V	1382971	4
V	1383209	4
V	1383449	4
V	1383681	4
V	1383913	9
V	1384154	9
V	1384395	7
V	1384634	10
V	1384877	8
V	1385115	8
V	1385351	8
V	1385589	10
V	1385824	7
V	1386054	4
V	1386291	9
V	1386535	9
V	1386777	9
V	1387019	9
V	1387258	9
V	1387499	1
V	1387732	9
V	1387969	4
V	1388201	10
V	1388445	10
V	1388686	8
V	1388924	8
V	1389163	9
V	1389405	6
V	1389647	4
V	1389886	4
V	1390123	4
V	1390356	9
V	1390598	8
V	1390833	7
V	1391069	8
V	1391307	10
V	1391547	8
V	1391783	8
V	1392019	10
V	1392258	10
V	1392503	9
V	1392745	9
V	1392986	4
V	1393223	9
V	1393466	9
V	1393707	9
V	1393943	9
V	1394162	7
V	1394396	10
V	1394634	7
V	1394867	1
V	1395103	9
V	1395345	4
V	1395578	4
V	1395793	10
V	1396035	9
V	1396277	4
V	1396514	8
V	1396753	8
V	1396986	7
V	1397219	9
V	1397462	9
V	1397704	9
V	1397946	4
V	1398185	4
V	1398418	5
V	1398658	4
V	1398906	4
V	1399156	2
V	1399410	3
V	1399654	3
V	1399903	1
V	1400143	10
V	1400403	6
V	1400656	7
V	1400905	6
V	1401159	6
V	1401414	3
V	1401658	4
V	1401908	4
V	1402152	6
V	1402400	6
V	1402651	5
V	1402901	10
V	1403151	4
V	1403397	4
V	1403645	1
V	1403899	3
V	1404153	7
V	1404402	6
V	1404657	6
V	1404913	6
V	1405161	5
V	1405406	10
V	1405660	4
V	1405914	5
V	1406165	4
V	1406414	3
V	1406654	2
V	1406907	3
V	1407155	4
V	1407408	2
V	1407662	6
V	1407920	4
V	1408177	6
V	1408432	4
V	1408684	6
V	1408942	6
V	1409200	4
V	1409451	5
V	1409698	7
V	1409952	4
V	1410206	4
V	1410458	4
V	1410704	3
V	1410960	1
V	1411209	1
V	1411463	5
V	1411699	6
V	1411956	1
V	1412205	4
V	1412462	3
V	1412715	1
V	1412961	6
V	1413220	3
V	1413475	1
V	1413728	7
V	1413981	7
V	1414224	4
V	1414470	6
V	1414728	6
V	1414981	5
V	1415236	10
V	1415495	6
V	1415744	3
V	1415997	6
V	1416256	3
V	1416497	4
V	1416750	5
V	1416999	6
V	1417253	2
V	1417503	6
V	1417748	5
V	1417996	10
V	1418253	4
V	1418502	4
V	1418754	5
V	1419003	4
V	1419253	4
V	1419499	4
V	1419756	4
V	1420000	3
V	1420247	2
V	1420494	2
V	1420743	4
V	1420998	4
V	1421251	4
V	1421499	4
V	1421744	2
V	1421988	3
V	1422232	4
V	1422484	1
V	1422733	4
V	1422985	4
V	1423240	3
V	1423489	1
V	1423733	1
V	1423977	2
V	1424222	10
V	1424470	2
V	1424718	1
V	1424966	10
V	1425208	7
V	1425440	10
V	1425660	10
V	1425903	9
V	1426128	4
V	1426361	9
V	1426601	9
V	1426838	9
V	1427075	7
V	1427308	6
V	1427547	1
V	1427785	9
V	1428027	9
V	1428271	4
V	1428509	6
V	1428749	6
V	1428991	1
V	1429224	10
V	1429467	9
V	1429703	7
V	1429941	9
V	1430185	9
V	1430427	4
V	1430666	9
V	1430908	9
V	1431145	7
V	1431381	8
V	1431618	8
V	1431854	8
V	1432091	9
V	1432334	9
V	1432576	10
V	1432817	8
V	1433055	7
V	1433294	1
V	1433529	10
V	1433773	8
V	1434012	9
V	1434249	9
V	1434490	9
V	1434734	6
V	1434976	4
V	1435214	1
V	1435447	1
V	1435680	9
V	1435922	9
V	1436161	9
V	1436402	9
V	1436635	7
V	1436873	7
V	1437109	1
V	1437346	4
V	1437583	1
V	1437815	9
V	1438055	8
V	1438290	8
V	1438526	10
V	1438764	8
V	1439003	9
V	1439246	1
V	1439482	4
V	1439718	4
V	1439950	10
V	1440189	7
V	1440428	10
V	1440666	10
V	1440903	8
V	1441142	7
V	1441380	9
V	1441622	9
V	1441865	9
V	1442108	9
V	1442349	9
V	1442591	1
V	1442829	9
V	1443069	9
V	1443309	9
V	1443551	9
V	1443794	4
V	1444033	4
V	1444267	9
V	1444509	9
V	1444748	8
V	1444981	6
V	1445218	9
V	1445458	1
V	1445679	9
V	1445901	10
V	1446144	8
V	1446380	7
V	1446612	8
V	1446852	9
V	1447094	9
V	1447337	9
V	1447561	9
V	1447798	7
V	1448034	7
V	1448272	8
V	1448507	10
V	1448748	10
V	1448986	10
V	1449229	9
V	1449471	9
V	1449713	9
V	1449956	9
V	1450198	4
V	1450437	1
V	1450676	4
V	1450906	1
V	1451139	6
V	1451364	9
V	1451607	9
V	1451829	9
V	1452065	9
V	1452301	10
V	1452542	7
V	1452781	9
V	1453006	9
V	1453247	9
V	1453490	4
V	1453729	9
V	1453972	8
V	1454208	7
V	1454446	10
V	1454684	4
V	1454917	7
V	1455156	10
V	1455400	9
V	1455643	4
V	1455881	9
V	1456117	10
V	1456359	1
V	1456597	6
V	1456822	4
V	1457061	9
V	1457301	10
V	1457545	7
V	1457782	7
V	1458019	10
V	1458262	1
V	1458498	9
V	1458741	9
V	1458982	10
V	1459224	8
V	1459458	10
V	1459698	8
V	1459936	9
V	1460179	9
V	1460421	6
V	1460663	9
V	1460904	9
V	1461145	10
V	1461385	7
V	1461622	7
V	1461859	10
V	1462102	7
V	1462338	7
V	1462574	1
V	1462813	8
V	1463051	9
V	1463294	9
V	1463537	9
V	1463780	4
V	1464019	6
V	1464262	9
V	1464503	9
V	1464739	8
V	1464977	7
V	1465210	8
V	1465429	8
V	1465662	10
V	1465906	10
V	1466150	9
V	1466392	1
V	1466630	4
V	1466868	9
V	1467108	9
V	1467348	9
V	1467584	8
V	1467820	8
V	1468058	10
V	1468296	7
V	1468517	9
V	1468756	9
V	1468999	1
V	1469238	1
V	1469453	4
V	1469685	9
V	1469926	9
V	1470162	1
V	1470401	9
V	1470643	4
V	1470879	6
V	1471115	9
V	1471354	8
V	1471590	10
V	1471832	7
V	1472070	8
V	1472309	1
V	1472546	9
V	1472784	9
V	1473021	10
V	1473262	7
V	1473501	9
V	1473743	9
V	1473986	9
V	1474229	9
V	1474470	10
V	1474712	7
V	1474944	4
V	1475181	6
V	1475424	6
V	1475661	10
V	1475902	9
V	1476144	9
V	1476384	4
V	1476623	7
V	1476856	9
V	1477099	1
V	1477320	1
V	1477558	6
V	1477777	4
V	1478010	9
V	1478252	9
V	1478490	10
V	1478735	9
V	1478977	6
V	1479213	6
V	1479449	8
V	1479685	8
V	1479921	10
V	1480163	8
V	1480402	10
V	1480639	8
V	1480872	9
V	1481097	9
V	1481339	4
V	1481578	9
V	1481818	9
V	1482058	9
V	1482299	9
V	1482536	7
V	1482772	10
V	1483010	9
V	1483251	6
V	1483493	4
V	1483732	1
V	1483947	4
V	1484180	9
V	1484422	9
V	1484665	9
V	1484906	7
V	1485144	8
V	1485379	7
V	1485614	6
V	1485857	9
V	1486099	9
V	1486342	9
V	1486585	9
V	1486828	9
V	1487068	9
V	1487309	10
V	1487552	7
V	1487770	7
V	1488007	7
V	1488247	1
V	1488484	4
V	1488721	1
V	1488959	9
V	1489200	9
V	1489439	9
V	1489681	4
V	1489935	5
V	1490188	3
V	1490439	4
V	1490682	2
V	1490934	1
V	1491188	6
V	1491443	6
V	1491700	1
V	1491950	7
V	1492197	4
V	1492448	4
V	1492705	7
V	1492961	7
V	1493212	5
V	1493457	5
V	1493709	3
V	1493965	4
V	1494215	6
V	1494466	4
V	1494718	4
V	1494974	5
V	1495218	2
V	1495474	1
V	1495726	5
V	1495973	1
V	1496215	1
V	1496458	6
V	1496715	1
V	1496968	1
V	1497218	4
V	1497471	1
V	1497721	3
V	1497971	7
V	1498217	6
V	1498474	6
V	1498734	5
V	1498976	1
V	1499220	3
V	1499469	6
V	1499726	1
V	1499977	10
V	1500230	1
V	1500472	2
V	1500725	5
V	1500980	1
V	1501226	6
V	1501476	5
V	1501726	5
V	1501979	3
V	1502233	6
V	1502486	5
V	1502730	5
V	1502981	2
V	1503227	1
V	1503474	7
V	1503730	2
V	1503981	5
V	1504229	6
V	1504487	3
V	1504732	2
V	1504980	4
V	1505221	1
V	1505462	4
V	1505716	3
V	1505965	5
V	1506210	4
V	1506457	2
V	1506711	1
V	1506961	4
V	1507217	10
V	1507473	10
V	1507724	3
V	1507979	2
V	1508226	8
V	1508464	7
V	1508702	7
V	1508939	8
V	1509174	8
V	1509410	7
V	1509648	7
V	1509879	8
V	1510118	1
V	1510351	1
V	1510581	9
V	1510822	4
V	1511061	6
V	1511303	1
V	1511542	10
V	1511782	4
V	1512020	10
V	1512264	9
V	1512508	9
V	1512752	9
V	1512994	9
V	1513237	9
V	1513462	9
V	1513703	9
V	1513943	8
V	1514181	10
V	1514422	1
V	1514659	9
V	1514903	9
V	1515140	6
V	1515383	7
V	1515619	7
V	1515854	7
V	1516091	7
V	1516324	7
V	1516562	10
V	1516807	1
V	1517039	1
V	1517276	9
V	1517518	9
V	1517758	9
V	1517995	1
V	1518235	4
V	1518474	8
V	1518711	7
V	1518950	10
V	1519193	9
V	1519436	4
V	1519673	1
V	1519910	9
V	1520152	9
V	1520391	10
V	1520635	10
V	1520876	9
V	1521119	1
V	1521357	9
V	1521598	4
V	1521834	1
V	1522068	9
V	1522310	9
V	1522553	9
V	1522795	9
V	1523036	9
V	1523275	9
V	1523516	9
V	1523756	9
V	1523998	9
V	1524236	1
V	1524476	8
V	1524711	7
V	1524950	10
V	1525170	10
V	1525412	8
V	1525652	9
V	1525894	4
V	1526127	4
V	1526359	9
V	1526603	9
V	1526846	9
V	1527089	9
V	1527331	7
V	1527549	1
V	1527786	1
V	1528024	8
V	1528262	10
V	1528505	9
V	1528748	9
V	1528990	4
V	1529226	9
V	1529468	9
V	1529708	7
V	1529947	6
V	1530190	9
V	1530432	9
V	1530675	9
V	1530918	9
V	1531161	1
V	1531401	1
V	1531640	8
V	1531876	8
V	1532114	10
V	1532352	8
V	1532573	8
V	1532812	10
V	1533055	1
V	1533291	1
V	1533531	9
V	1533773	9
V	1534013	9
V	1534250	1
V	1534489	8
V	1534727	8
V	1534959	9
V	1535202	9
V	1535444	9
V	1535685	9
V	1535922	1
V	1536160	1
V	1536400	10
V	1536644	8
V	1536881	8
V	1537117	8
V	1537351	10
V	1537589	8
V	1537822	6
V	1538063	8
V	1538303	10
V	1538547	8
V	1538787	4
V	1539020	6
V	1539256	4
V	1539493	9
V	1539736	9
V	1539978	9
V	1540219	4
V	1540458	1
V	1540697	7
V	1540929	1
V	1541165	8
V	1541403	9
V	1541628	9
V	1541870	4
V	1542107	7
V	1542346	8
V	1542583	10
V	1542823	9
V	1543048	4
V	1543280	4
V	1543513	1
V	1543751	9
V	1543991	9
V	1544229	7
V	1544465	7
V	1544703	8
V	1544938	10
V	1545182	9
V	1545425	9
V	1545668	4
V	1545907	8
V	1546145	7
V	1546381	10
V	1546624	1
V	1546856	1
V	1547088	4
V	1547325	4
V	1547561	9
V	1547804	9
V	1548047	9
V	1548289	9
V	1548530	9
V	1548772	9
V	1549014	9
V	1549238	9
V	1549473	9
V	1549709	10
V	1549952	8
V	1550191	10
V	1550435	9
V	1550660	4
V	1550893	1
V	1551130	9
V	1551374	9
V	1551613	9
V	1551853	9
V	1552094	9
V	1552335	4
V	1552575	7
V	1552807	8
V	1553040	7
V	1553273	8
V	1553512	9
V	1553754	9
V	1553976	6
V	1554218	7
V	1554456	7
V	1554693	7
V	1554925	7
V	1555157	7
V	1555397	4
V	1555631	9
V	1555874	9
V	1556117	10
V	1556360	7
V	1556593	1
V	1556825	4
V	1557057	1
V	1557294	7
V	1557529	1
V	1557765	1
V	1557997	1
V	1558234	9
V	1558475	9
V	1558713	1
V	1558951	10
V	1559193	7
V	1559413	7
V	1559647	9
V	1559889	9
V	1560126	1
V	1560365	1
V	1560604	8
V	1560841	8
V	1561079	8
V	1561317	10
V	1561554	1
V	1561791	9
V	1562016	9
V	1562260	4
V	1562494	1
V	1562724	4
V	1562962	9
V	1563205	9
V	1563430	9
V	1563669	4
V	1563908	10
V	1564151	8
V	1564387	7
V	1564621	10
V	1564858	7
V	1565097	9
V	1565337	9
V	1565580	1
V	1565813	4
V	1566046	4
V	1566284	9
V	1566524	9
V	1566764	9
V	1567004	9
V	1567239	4
V	1567478	10
V	1567702	8
V	1567939	1
V	1568175	6
V	1568410	1
V	1568642	9
V	1568883	9
V	1569119	9
V	1569356	8
V	1569593	10
V	1569830	4
V	1570068	9
V	1570310	9
V	1570552	9
V	1570795	9
V	1571038	9
V	1571278	4
V	1571510	9
V	1571734	9
V	1571971	1
V	1572210	8
V	1572447	10
V	1572689	10
V	1572930	4
V	1573168	9
V	1573410	9
V	1573652	9
V	1573891	7
V	1574129	7
V	1574348	9
V	1574588	9
V	1574829	9
V	1575071	7
V	1575309	9
V	1575545	4
V	1575785	8
V	1576023	8
V	1576259	8
V	1576496	10
V	1576734	8
V	1576966	7
V	1577206	8
V	1577444	1
V	1577681	9
V	1577923	9
V	1578159	3
V	1578412	6
V	1578663	5
V	1578917	6
V	1579168	7
V	1579422	10
V	1579675	6
V	1579931	5
V	1580178	6
V	1580431	4
V	1580684	6
V	1580942	6
V	1581197	3
V	1581444	6
V	1581697	6
V	1581956	6
V	1582215	4
V	1582468	1
V	1582722	1
V	1582970	4
V	1583225	1
V	1583479	1
V	1583732	3
V	1583983	5
V	1584234	3
V	1584488	4
V	1584745	1
V	1584996	1
V	1585244	1
V	1585499	1
V	1585754	3
V	1586000	7
V	1586252	3
V	1586508	7
V	1586761	6
V	1587016	7
V	1587272	7
V	1587527	4
V	1587784	1
V	1588031	2
V	1588284	6
V	1588538	5
V	1588787	5
V	1589043	6
V	1589302	6
V	1589554	5
V	1589800	2
V	1590052	10
V	1590309	10
V	1590567	4
V	1590812	6
V	1591062	1
V	1591303	1
V	1591548	6
V	1591804	2
V	1592056	10
V	1592315	6
V	1592572	6
V	1592829	3
V	1593079	6
V	1593327	4
V	1593582	6
V	1593834	6
V	1594084	4
V	1594341	7
V	1594588	4
V	1594833	3
V	1595066	3
V	1595307	4
V	1595553	2
V	1595795	2
V	1596048	5
V	1596297	6
V	1596552	6
V	1596801	2
V	1597054	2
V	1597303	6
V	1597562	4
V	1597815	1
V	1598065	6
V	1598313	4
V	1598565	1
V	1598822	6
V	1599073	4
V	1599330	5
V	1599575	3
V	1599825	10
V	1600078	5
V	1600332	2
V	1600581	2
V	1600826	5
V	1601072	2
V	1601327	10
V	1601582	4
V	1601836	2
V	1602083	6
V	1602339	3
V	1602581	5
V	1602826	1
V	1603071	5
V	1603317	4
V	1603574	2
V	1603828	5
V	1604072	4
V	1604325	5
V	1604577	4
V	1604832	6
V	1605090	4
V	1605340	1
V	1605594	4
V	1605849	1
V	1606095	4
V	1606342	4
V	1606596	5
V	1606848	5
V	1607088	3
V	1607345	1
V	1607590	5
V	1607842	5
V	1608091	6
V	1608344	4
V	1608589	4
V	1608843	2
V	1609095	2
V	1609348	4
V	1609604	1
V	1609859	5
V	1610111	1
V	1610361	10
V	1610611	7
V	1610853	3
V	1611099	3
V	1611344	1
V	1611598	3
V	1611853	4
V	1612092	10
V	1612335	1
V	1612574	6
V	1612816	10
V	1613054	7
V	1613293	7
V	1613533	1
V	1613764	4
V	1613996	9
V	1614236	9
V	1614480	9
V	1614722	9
V	1614965	4
V	1615202	6
V	1615427	8
V	1615665	10
V	1615908	7
V	1616145	4
V	1616383	4
V	1616622	6
V	1616862	1
V	1617095	9
V	1617338	9
V	1617580	4
V	1617818	8
V	1618055	8
V	1618293	10
V	1618530	1
V	1618762	4
V	1618996	4
V	1619233	1
V	1619469	9
V	1619711	9
V	1619953	9
V	1620196	9
V	1620433	9
V	1620673	9
V	1620913	10
V	1621154	1
V	1621392	4
V	1621632	10
V	1621852	4
V	1622087	6
V	1622326	6
V	1622568	9
V	1622811	9
V	1623054	8
V	1623292	7
V	1623530	1
V	1623768	4
V	1624008	7
V	1624246	7
V	1624483	7
V	1624719	8
V	1624952	7
V	1625184	10
V	1625425	7
V	1625664	9
V	1625907	9
V	1626150	9
V	1626387	9
V	1626622	4
V	1626861	8
V	1627096	1
V	1627334	4
V	1627572	8
V	1627810	10
V	1628052	1
V	1628285	1
V	1628517	1
V	1628750	6
V	1628986	1
V	1629223	9
V	1629465	9
V	1629707	9
V	1629948	9
V	1630189	10
V	1630430	10
V	1630674	6
V	1630916	8
V	1631149	7
V	1631388	4
V	1631625	9
V	1631868	9
V	1632109	9
V	1632351	10
V	1632594	10
V	1632837	10
V	1633079	4
V	1633318	4
V	1633556	8
V	1633793	8
V	1634025	7
V	1634264	7
V	1634502	4
V	1634735	1
V	1634973	9
V	1635214	9
V	1635457	9
V	1635700	9
V	1635941	7
V	1636179	2
V	1636419	6
V	1636662	1
V	1636895	1
V	1637132	4
V	1637351	9
V	1637592	9
V	1637831	8
V	1638070	8
V	1638303	4
V	1638541	10
V	1638786	9
V	1639026	9
V	1639268	8
V	1639507	6
V	1639750	10
V	1639992	10
V	1640230	7
V	1640470	7
V	1640709	1
V	1640945	6
V	1641186	9
V	1641427	9
V	1641670	9
V	1641914	9
V	1642157	7
V	1642393	1
V	1642632	4
V	1642870	7
V	1643107	10
V	1643348	7
V	1643581	9
V	1643823	9
V	1644066	9
V	1644308	9
V	1644548	9
V	1644784	9
V	1645021	9
V	1645264	10
V	1645505	10
V	1645729	8
V	1645965	10
V	1646203	9
V	1646446	9
V	1646683	9
V	1646919	9
V	1647156	8
V	1647394	4
V	1647630	7
V	1647867	1
V	1648105	10
V	1648347	8
V	1648578	10
V	1648821	1
V	1649053	1
V	1649291	9
V	1649531	9
V	1649774	9
V	1650010	9
V	1650253	10
V	1650495	4
V	1650731	1
V	1650967	9
V	1651208	9
V	1651447	9
V	1651689	9
V	1651932	9
V	1652174	9
V	1652413	4
V	1652653	7
V	1652890	7
V	1653124	1
V	1653361	1
V	1653598	4
V	1653834	9
V	1654077	9
V	1654320	10
V	1654564	7
V	1654802	8
V	1655021	10
V	1655265	7
V	1655503	9
V	1655741	9
V	1655978	9
V	1656219	7
V	1656454	9
V	1656696	10
V	1656938	4
V	1657177	8
V	1657416	4
V	1657650	9
V	1657893	9
V	1658135	4
V	1658374	10
V	1658616	8
V	1658853	1
V	1659091	1
V	1659330	7
V	1659567	10
V	1659810	1
V	1660043	1
V	1660275	9
V	1660512	9
V	1660753	10
V	1660995	1
V	1661233	10
V	1661476	7
V	1661709	4
V	1661947	7
V	1662186	8
V	1662424	9
V	1662665	9
V	1662887	9
V	1663124	6
V	1663367	1
V	1663607	10
V	1663848	8
V	1664087	4
V	1664323	9
V	1664564	9
V	1664807	9
V	1665050	9
V	1665294	9
V	1665535	9
V	1665777	9
V	1666013	4
V	1666251	10
V	1666495	7
V	1666734	10
V	1666975	8
V	1667207	8
V	1667440	4
V	1667679	10
V	1667923	8
V	1668161	9
V	1668404	9
V	1668647	9
V	1668871	8
V	1669109	10
V	1669352	4
V	1669590	4
V	1669828	6
V	1670070	3
V	1670291	10
V	1670528	8
V	1670761	4
V	1670998	4
V	1671232	4
V	1671463	1
V	1671697	9
V	1671939	9
V	1672176	9
V	1672416	9
V	1672658	10
V	1672900	7
V	1673136	9
V	1673377	4
V	1673609	6
V	1673846	9
V	1674088	9
V	1674330	4
V	1674568	8
V	1674802	1
V	1675041	4
V	1675279	4
V	1675518	4
V	1675757	7
V	1675996	6
V	1676233	9
V	1676477	9
V	1676719	8
V	1676957	1
V	1677196	6
V	1677438	1
V	1677676	8
V	1677908	7
V	1678138	8
V	1678375	9
V	1678618	9
V	1678862	9
V	1679103	1
V	1679340	4
V	1679579	8
V	1679812	6
V	1680052	4
V	1680284	4
V	1680516	9
V	1680759	9
V	1681001	9
V	1681243	9
V	1681480	9
V	1681723	9
V	1681963	4
V	1682201	1
V	1682440	4
V	1682677	5
V	1682913	7
V	1683144	6
V	1683380	6
V	1683617	9
V	1683859	9
V	1684099	10
V	1684341	10
V	1684581	8
V	1684816	7
V	1685054	8
V	1685291	10
V	1685532	4
V	1685765	1
V	1685999	9
V	1686242	9
V	1686484	9
V	1686727	9
V	1686965	9
V	1687207	9
V	1687447	9
V	1687686	1
V	1687926	10
V	1688168	4
V	1688408	4
V	1688645	8
V	1688881	8
V	1689118	8
V	1689350	4
V	1689585	4
V	1689823	8
V	1690062	1
V	1690294	4
V	1690524	6
V	1690760	9
V	1691000	9
V	1691242	9
V	1691477	9
V	1691718	4
V	1691969	3
V	1692219	6
V	1692465	3
V	1692721	10
V	1692981	4
V	1693233	6
V	1693491	7
V	1693737	6
V	1693983	6
V	1694239	6
V	1694497	1
V	1694747	4
V	1694992	1
V	1695246	4
V	1695502	7
V	1695757	6
V	1696006	3
V	1696261	6
V	1696520	6
V	1696773	1
V	1697029	10
V	1697277	6
V	1697529	7
V	1697784	3
V	1698037	2
V	1698294	6
V	1698549	6
V	1698800	10
V	1699055	6
V	1699315	4
V	1699572	6
V	1699829	3
V	1700078	5
V	1700322	4
V	1700572	1
V	1700825	6
V	1701083	4
V	1701327	3
V	1701581	7
V	1701830	6
V	1702082	6
V	1702337	6
V	1702586	5
V	1702832	4
V	1703088	5
V	1703341	2
V	1703594	3
V	1703846	2
V	1704097	4
V	1704350	6
V	1704604	6
V	1704858	6
V	1705108	3
V	1705356	3
V	1705610	4
V	1705860	3
V	1706104	1
V	1706353	6
V	1706611	4
V	1706864	1
V	1707113	4
V	1707362	4
V	1707615	4
V	1707869	10
V	1708128	5
V	1708378	4
V	1708633	4
V	1708884	5
V	1709139	2
V	1709391	10
V	1709648	4
V	1709896	10
V	1710145	3
V	1710385	2
V	1710630	2
V	1710878	3
V	1711126	6
V	1711376	4
V	1711624	4
V	1711875	4
V	1712127	4
V	1712375	5
V	1712626	2
V	1712871	3
V	1713118	4
V	1713374	4
V	1713621	4
V	1713876	4
V	1714126	4
V	1714380	4
V	1714633	4
V	1714885	1
V	1715133	3
V	1715382	5
V	1715630	4
V	1715885	1
V	1716132	2
V	1716378	5
V	1716615	5
V	1716859	1
V	1717106	5
V	1717355	1
V	1717594	8
V	1717831	8
V	1718069	7
V	1718303	10
V	1718541	10
V	1718777	1
V	1719012	4
V	1719249	9
V	1719492	9
V	1719714	9
V	1719955	9
V	1720196	9
V	1720434	7
V	1720667	9
V	1720904	4
V	1721125	10
V	1721367	7
V	1721606	7
V	1721844	10
V	1722081	7
V	1722296	10
V	1722539	7
V	1722778	7
V	1723018	4
V	1723237	9
V	1723480	9
V	1723722	9
V	1723966	4
V	1724205	10
V	1724448	10
V	1724686	1
V	1724918	4
V	1725151	4
V	1725387	9
V	1725621	9
V	1725857	9
V	1726094	8
V	1726332	7
V	1726568	8
V	1726801	7
V	1727040	4
V	1727272	1
V	1727507	9
V	1727749	9
V	1727991	4
V	1728229	8
V	1728465	7
V	1728701	7
V	1728940	4
V	1729176	9
V	1729413	9
V	1729650	9
V	1729887	8
V	1730125	4
V	1730364	6
V	1730607	7
V	1730842	8
V	1731080	8
V	1731317	9
V	1731560	9
V	1731801	9
V	1732044	9
V	1732286	9
V	1732528	9
V	1732764	1
V	1733003	7
V	1733223	10
V	1733465	10
V	1733709	10
V	1733947	6
V	1734185	4
V	1734415	4
V	1734651	9
V	1734876	9
V	1735115	9
V	1735356	4
V	1735595	4
V	1735834	4
V	1736072	10
V	1736314	7
V	1736552	10
V	1736796	7
V	1737035	8
V	1737274	7
V	1737507	1
V	1737746	1
V	1737964	4
V	1738197	4
V	1738431	9
V	1738671	9
V	1738914	9
V	1739151	9
V	1739393	1
V	1739632	1
V	1739870	1
V	1740108	7
V	1740344	9
V	1740588	9
V	1740831	9
V	1741071	1
V	1741310	4
V	1741549	4
V	1741788	4
V	1742027	10
V	1742270	7
V	1742509	1
V	1742741	4
V	1742972	4
V	1743208	9
V	1743449	9
V	1743691	9
V	1743933	9
V	1744175	9
V	1744416	7
V	1744653	8
V	1744891	8
V	1745131	8
V	1745370	9
V	1745614	9
V	1745857	9
V	1746097	9
V	1746336	9
V	1746573	8
V	1746809	4
V	1747048	4
V	1747287	10
V	1747526	7
V	1747763	10
V	1747987	7
V	1748226	4
V	1748462	1
V	1748695	9
V	1748937	9
V	1749181	9
V	1749425	4
V	1749663	4
V	1749902	7
V	1750141	4
V	1750379	4
V	1750612	9
V	1750851	9
V	1751095	9
V	1751335	9
V	1751575	9
V	1751816	1
V	1752055	8
V	1752293	7
V	1752530	10
V	1752773	10
V	1753016	8
V	1753248	8
V	1753486	9
V	1753727	9
V	1753966	9
V	1754201	9
V	1754438	1
V	1754676	7
V	1754914	7
V	1755150	8
V	1755388	7
V	1755609	10
V	1755846	8
V	1756078	4
V	1756311	9
V	1756554	9
V	1756797	9
V	1757040	9
V	1757280	9
V	1757523	9
V	1757763	7
V	1758001	7
V	1758240	7
V	1758477	7
V	1758710	8
V	1758949	1
V	1759182	9
V	1759421	4
V	1759660	8
V	1759898	7
V	1760135	10
V	1760379	7
V	1760609	7
V	1760848	9
V	1761090	9
V	1761332	9
V	1761572	9
V	1761813	4
V	1762052	10
V	1762293	10
V	1762534	7
V	1762773	10
V	1763016	1
V	1763249	4
V	1763485	9
V	1763728	4
V	1763967	4
V	1764207	7
V	1764444	7
V	1764682	7
V	1764920	8
V	1765158	7
V	1765394	7
V	1765632	10
V	1765876	8
V	1766114	1
V	1766347	4
V	1766580	4
V	1766795	4
V	1767029	4
V	1767268	4
V	1767504	10
V	1767741	9
V	1767982	6
V	1768218	4
V	1768454	9
V	1768697	9
V	1768940	9
V	1769182	9
V	1769423	4
V	1769662	4
V	1769900	10
V	1770140	10
V	1770381	10
V	1770618	7
V	1770851	1
V	1771081	4
V	1771317	4
V	1771554	9
V	1771779	9
V	1772020	9
V	1772263	9
V	1772505	9
V	1772741	9
V	1772978	9
V	1773215	1
V	1773453	4
V	1773691	8
V	1773927	8
V	1774163	7
V	1774396	9
V	1774632	4
V	1774871	8
V	1775107	8
V	1775343	1
V	1775579	4
V	1775812	1
V	1776046	9
V	1776287	9
V	1776528	9
V	1776769	4
V	1777008	7
V	1777245	8
V	1777482	7
V	1777718	7
V	1777958	7
V	1778195	7
V	1778427	1
V	1778660	9
V	1778900	9
V	1779125	9
V	1779368	7
V	1779604	7
V	1779843	10
V	1780086	8
V	1780318	9
V	1780559	9
V	1780800	9
V	1781043	9
V	1781285	9
V	1781525	1
V	1781764	10
V	1782008	4
V	1782241	9
V	1782483	9
V	1782725	9
V	1782963	9
V	1783203	10
V	1783441	1
V	1783680	8
V	1783919	10
V	1784159	7
V	1784398	7
V	1784636	10
V	1784877	8
V	1785111	8
V	1785350	1
V	1785588	9
V	1785830	9
V	1786072	9
V	1786314	9
V	1786556	1
V	1786794	8
V	1787029	7
V	1787268	7
V	1787506	7
V	1787735	4
V	1787955	4
V	1788188	4
V	1788425	9
V	1788667	9
V	1788909	9
V	1789148	9
V	1789385	9
V	1789622	4
V	1789861	4
V	1790098	1
V	1790337	4
V	1790569	9
V	1790811	9
V	1791055	9
V	1791296	6
V	1791538	4
V	1791776	10
V	1792001	10
V	1792245	8
V	1792484	1
V	1792717	9
V	1792960	9
V	1793203	9
V	1793447	9
V	1793689	5
V	1793942	4
V	1794188	10
V	1794442	10
V	1794698	3
V	1794949	5
V	1795194	9
V	1795449	2
V	1795701	1
V	1795955	4
V	1796205	3
V	1796455	6
V	1796710	1
V	1796954	9
V	1797210	4
V	1797458	6
V	1797714	1
V	1797963	8
V	1798214	4
V	1798465	6
V	1798722	2
V	1798973	4
V	1799228	7
V	1799476	7
V	1799730	3
V	1799986	4
V	1800243	5
V	1800488	5
V	1800741	8
V	1800999	5
V	1801249	2
V	1801505	2
V	1801756	6
V	1802012	6
V	1802261	5
V	1802511	6
V	1802766	4
V	1803019	5
V	1803258	2
V	1803508	10
V	1803769	4
V	1804025	4
V	1804280	1
V	1804533	6
V	1804791	8
V	1805042	4
V	1805300	1
V	1805554	1
V	1805802	3
V	1806051	6
V	1806307	4
V	1806565	6
V	1806826	4
V	1807075	9
V	1807328	10
V	1807582	1
V	1807828	5
V	1808081	1
V	1808335	4
V	1808587	3
V	1808841	2
V	1809085	4
V	1809331	10
V	1809588	4
V	1809835	1
V	1810088	1
V	1810342	5
V	1810597	1
V	1810852	3
V	1811100	9
V	1811358	3
V	1811614	9
V	1811869	4
V	1812123	4
V	1812379	8
V	1812633	6
V	1812887	2
V	1813137	5
V	1813384	4
V	1813630	6
V	1813889	8
V	1814142	5
V	1814387	1
V	1814631	1
V	1814875	4
V	1815127	8
V	1815367	1
V	1815617	7
V	1815872	8
V	1816131	8
V	1816383	8
V	1816636	8
V	1816887	9
V	1817140	9
V	1817389	5
V	1817628	9
V	1817868	9
V	1818106	8
V	1818342	7
V	1818576	8
V	1818813	7
V	1819032	6
V	1819272	1
V	1819509	1
V	1819745	8
V	1819979	4
V	1820198	4
V	1820432	8
V	1820664	9
V	1820904	10
V	1821128	8
V	1821363	7
V	1821600	6
V	1821841	4
V	1822078	9
V	1822317	9
V	1822553	9
V	1822793	9
V	1823033	4
V	1823265	10
V	1823505	10
V	1823729	8
V	1823966	9
V	1824206	9
V	1824444	10
V	1824684	10
V	1824924	8
V	1825161	8
V	1825399	4
V	1825614	4
V	1825851	10
V	1826089	9
V	1826327	9
V	1826567	9
V	1826806	9
V	1827045	9
V	1827268	9
V	1827509	9
V	1827747	4
V	1827983	4
V	1828216	8
V	1828453	10
V	1828691	8
V	1828926	7
V	1829162	10
V	1829404	10
V	1829646	8
V	1829883	7
V	1830120	4
V	1830356	4
V	1830592	4
V	1830828	10
V	1831049	9
V	1831288	9
V	1831511	9
V	1831751	9
V	1831990	9
V	1832229	9
V	1832468	9
V	1832708	6
V	1832946	4
V	1833180	4
V	1833417	10
V	1833657	8
V	1833890	7
V	1834126	8
V	1834362	8
V	1834599	7
V	1834834	10
V	1835075	10
V	1835315	7
V	1835548	1
V	1835782	6
V	1836021	4
V	1836259	9
V	1836498	9
V	1836739	4
V	1836972	6
V	1837211	7
V	1837445	8
V	1837681	10
V	1837923	7
V	1838160	10
V	1838399	1
V	1838635	1
V	1838871	9
V	1839112	9
V	1839353	9
V	1839592	9
V	1839833	10
V	1840075	8
V	1840311	10
V	1840552	10
V	1840794	8
V	1841030	1
V	1841265	6
V	1841506	1
V	1841742	8
V	1841958	8
V	1842189	9
V	1842412	9
V	1842652	9
V	1842893	6
V	1843130	10
V	1843370	8
V	1843607	10
V	1843845	8
V	1844081	8
V	1844318	1
V	1844555	9
V	1844795	9
V	1845036	9
V	1845278	9
V	1845518	9
V	1845756	1
V	1845975	8
V	1846210	8
V	1846442	10
V	1846680	8
V	1846917	9
V	1847156	9
V	1847394	7
V	1847632	8
V	1847864	10
V	1848103	7
V	1848339	10
V	1848581	7
V	1848818	4
V	1849047	4
V	1849279	6
V	1849518	9
V	1849758	9
V	1849998	9
V	1850239	9
V	1850476	9
V	1850716	7
V	1850952	7
V	1851187	8
V	1851421	7
V	1851655	7
V	1851892	9
V	1852132	7
V	1852367	8
V	1852605	4
V	1852840	4
V	1853059	7
V	1853293	9
V	1853531	9
V	1853768	1
V	1854001	4
V	1854236	4
V	1854473	1
V	1854705	10
V	1854946	7
V	1855182	7
V	1855415	9
V	1855656	9
V	1855897	9
V	1856136	8
V	1856374	8
V	1856607	7
V	1856844	10
V	1857085	7
V	1857322	4
V	1857558	4
V	1857794	4
V	1858029	1
V	1858263	1
V	1858498	9
V	1858735	9
V	1858976	9
V	1859217	9
V	1859457	4
V	1859693	9
V	1859933	1
V	1860167	4
V	1860401	8
V	1860633	8
V	1860870	9
V	1861111	10
V	1861353	8
V	1861591	1
V	1861828	4
V	1862063	4
V	1862296	4
V	1862533	9
V	1862771	9
V	1862991	9
V	1863228	1
V	1863463	4
V	1863701	1
V	1863933	7
V	1864168	8
V	1864402	9
V	1864625	9
V	1864865	9
V	1865105	9
V	1865344	6
V	1865581	1
V	1865814	4
V	1866052	1
V	1866288	1
V	1866521	7
V	1866755	9
V	1866995	9
V	1867236	9
V	1867476	9
V	1867695	9
V	1867936	8
V	1868172	10
V	1868411	10
V	1868652	7
V	1868888	7
V	1869126	10
V	1869368	4
V	1869603	1
V	1869837	6
V	1870077	1
V	1870312	4
V	1870550	4
V	1870783	1
V	1871016	6
V	1871257	4
V	1871490	4
V	1871722	4
V	1871955	10
V	1872196	9
V	1872419	10
V	1872661	7
V	1872897	8
V	1873131	10
V	1873371	7
V	1873607	6
V	1873846	1
V	1874082	6
V	1874319	10
V	1874558	4
V	1874795	9
V	1875031	9
V	1875269	9
V	1875509	9
V	1875749	9
V	1875987	6
V	1876228	6
V	1876464	4
V	1876699	9
V	1876940	10
V	1877181	7
V	1877417	6
V	1877659	4
V	1877894	1
V	1878130	9
V	1878370	4
V	1878604	4
V	1878839	4
V	1879073	1
V	1879287	4
V	1879520	1
V	1879755	7
V	1879990	9
V	1880230	7
V	1880465	10
V	1880705	6
V	1880945	4
V	1881180	4
V	1881417	9
V	1881656	9
V	1881895	9
V	1882136	4
V	1882371	9
V	1882609	4
V	1882842	1
V	1883075	10
V	1883314	8
V	1883550	8
V	1883786	10
V	1884025	10
V	1884265	1
V	1884502	4
V	1884739	4
V	1884975	10
V	1885213	9
V	1885453	4
V	1885688	10
V	1885929	1
V	1886165	1
V	1886400	1
V	1886635	1
V	1886870	4
V	1887106	9
V	1887343	9
V	1887579	9
V	1887817	9
V	1888054	1
V	1888288	8
V	1888522	10
V	1888763	10
V	1889001	9
V	1889241	9
V	1889480	7
V	1889717	10
V	1889956	8
V	1890192	10
V	1890432	10
V	1890675	8
V	1890912	4
V	1891148	4
V	1891380	4
V	1891617	4
V	1891853	4
V	1892086	9
V	1892325	9
V	1892565	9
V	1892805	1
V	1893038	6
V	1893277	4
V	1893511	1
V	1893747	4
V	1893981	10
V	1894221	7
V	1894453	8
V	1894689	7
V	1894924	7
V	1895156	4
V	1895394	4
V	1895632	10
V	1895870	9
V	1896107	4
V	1896340	8
V	1896573	10
V	1896814	9
V	1897056	7
V	1897293	7
V	1897531	10
V	1897769	7
V	1898003	8
V	1898238	1
V	1898474	6
V	1898715	6
V	1898951	4
V	1899188	1
V	1899421	9
V	1899662	4
V	1899898	4
V	1900131	10
V	1900371	10
V	1900611	7
V	1900845	9
V	1901085	9
V	1901325	10
V	1901566	10
V	1901806	10
V	1902047	4
V	1902284	4
V	1902520	9
V	1902760	9
V	1903001	9
V	1903241	4
V	1903474	4
V	1903709	4
V	1903944	10
V	1904186	10
V	1904427	9
V	1904649	10
V	1904890	10
V	1905130	8
V	1905349	7
V	1905585	10
V	1905826	10
V	1906068	10
V	1906308	4
V	1906542	1
V	1906775	4
V	1907011	1
V	1907247	6
V	1907488	1
V	1907723	8
V	1907956	9
V	1908197	9
V	1908436	9
V	1908673	9
V	1908915	9
V	1909137	9
V	1909374	4
V	1909607	4
V	1909843	4
V	1910078	4
V	1910312	4
V	1910545	4
V	1910778	8
V	1911008	9
V	1911248	8
V	1911484	10
V	1911725	7
V	1911944	7
V	1912176	8
V	1912412	4
V	1912647	9
V	1912883	9
V	1913119	9
V	1913356	9
V	1913595	9
V	1913837	4
V	1914071	1
V	1914304	4
V	1914538	9
V	1914760	8
V	1914996	8
V	1915233	7
V	1915470	4
V	1915707	4
V	1915943	4
V	1916179	4
V	1916398	9
V	1916639	9
V	1916879	1
V	1917114	9
V	1917355	4
V	1917591	4
V	1917827	4
V	1918060	10
V	1918297	7
V	1918534	10
V	1918774	8
V	1919011	10
V	1919252	10
V	1919494	4
V	1919728	1
V	1919961	4
V	1920194	1
V	1920429	9
V	1920666	9
V	1920906	6
V	1921145	1
V	1921378	1
V	1921615	1
V	1921849	8
V	1922083	7
V	1922298	10
V	1922539	10
V	1922762	7
V	1922994	8
V	1923228	7
V	1923464	10
V	1923706	1
V	1923940	4
V	1924173	9
V	1924413	9
V	1924649	9
V	1924889	4
V	1925124	4
V	1925360	8
V	1925596	7
V	1925829	9
V	1926066	9
V	1926306	9
V	1926547	8
V	1926784	8
V	1927017	10
V	1927255	8
V	1927485	7
V	1927722	8
V	1927960	10
V	1928202	7
V	1928438	1
V	1928666	4
V	1928902	1
V	1929137	1
V	1929374	9
V	1929615	9
V	1929855	9
V	1930095	9
V	1930335	6
V	1930574	4
V	1930808	1
V	1931041	6
V	1931278	1
V	1931513	8
V	1931749	9
V	1931986	8
V	1932221	10
V	1932462	8
V	1932698	8
V	1932934	1
V	1933166	4
V	1933402	9
V	1933639	9
V	1933878	9
V	1934118	4
V	1934352	1
V	1934589	8
V	1934822	10
V	1935064	7
V	1935300	10
V	1935543	4
V	1935759	4
V	1935977	4
V	1936214	1
V	1936452	4
V	1936688	10
V	1936928	10
V	1937168	9
V	1937408	9
V	1937630	9
V	1937871	1
V	1938103	7
V	1938337	8
V	1938574	7
V	1938808	8
V	1939042	8
V	1939293	3
V	1939546	6
V	1939795	5
V	1940046	6
V	1940298	8
V	1940548	7
V	1940800	8
V	1941050	6
V	1941299	6
V	1941556	6
V	1941810	5
V	1942061	6
V	1942313	6
V	1942570	6
V	1942828	5
V	1943077	4
V	1943328	1
V	1943576	7
V	1943825	3
V	1944068	9
V	1944325	1
V	1944582	1
V	1944829	4
V	1945074	4
V	1945327	1
V	1945582	3
V	1945835	3
V	1946085	5
V	1946335	3
V	1946586	3
V	1946840	1
V	1947097	4
V	1947353	1
V	1947602	7
V	1947853	2
V	1948101	1
V	1948357	6
V	1948605	1
V	1948854	7
V	1949107	3
V	1949357	3
V	1949606	7
V	1949852	7
V	1950106	7
V	1950358	7
V	1950615	7
V	1950862	7
V	1951109	10
V	1951354	7
V	1951612	6
V	1951866	2
V	1952117	7
V	1952370	2
V	1952616	9
V	1952864	4
V	1953121	5
V	1953369	2
V	1953617	2
V	1953872	3
V	1954121	8
V	1954377	8
V	1954636	7
V	1954890	8
V	1955146	6
V	1955396	6
V	1955655	6
V	1955901	6
V	1956151	5
V	1956399	5
V	1956643	5
V	1956895	8
V	1957154	2
V	1957406	10
V	1957663	4
V	1957911	1
V	1958158	6
V	1958409	8
V	1958658	10
V	1958903	6
V	1959159	2
V	1959411	10
V	1959669	6
V	1959925	4
V	1960180	7
V	1960431	5
V	1960686	2
V	1960939	3
V	1961188	2
V	1961435	6
V	1961678	5
V	1961931	6
V	1962185	2
V	1962423	1
V	1962683	2
V	1962933	10
V	1963188	6
V	1963445	10
V	1963693	10
V	1963937	1
V	1964193	2
V	1964445	6
V	1964701	1
V	1964945	6
V	1965201	2
V	1965449	4
V	1965701	5
V	1965943	1
V	1966185	4
V	1966434	5
V	1966679	1
V	1966928	7
V	1967170	1
V	1967419	7
V	1967665	9
V	1967915	8
V	1968167	9
V	1968421	3
V	1968671	4
V	1968919	4
V	1969173	2
V	1969425	10
V	1969674	10
V	1969927	3
V	1970173	9
V	1970431	10
V	1970689	5
V	1970938	8
V	1971190	6
V	1971447	10
V	1971700	10
V	1971953	1
V	1972202	3
V	1972459	10
V	1972720	5
V	1972974	4
V	1973227	1
V	1973481	4
V	1973733	3
V	1973988	4
V	1974242	1
V	1974500	5
V	1974750	6
V	1975009	4
V	1975261	9
V	1975515	8
V	1975772	4
V	1976026	8
V	1976284	1
V	1976536	6
V	1976793	9
V	1977044	2
V	1977282	4
V	1977536	6
V	1977790	4
V	1978040	4
V	1978296	1
V	1978542	6
V	1978796	4
V	1979046	4
V	1979299	6
V	1979557	6
V	1979808	5
V	1980057	5
V	1980309	5
V	1980549	4
V	1980802	4
V	1981053	7
V	1981307	7
V	1981564	1
V	1981811	2
V	1982064	7
V	1982317	3
V	1982565	1
V	1982810	5
V	1983059	1
V	1983304	2
V	1983547	4
V	1983795	5
V	1984037	8
V	1984282	10
V	1984533	9
V	1984781	9
V	1985031	3
V	1985274	5
V	1985522	9
V	1985781	9
V	1986022	7
V	1986259	10
V	1986500	4
V	1986730	1
V	1986942	9
V	1987174	9
V	1987409	9
V	1987641	9
V	1987874	9
V	1988106	9
V	1988338	6
V	1988571	4
V	1988800	1
V	1989028	6
V	1989261	4
V	1989491	4
V	1989722	1
V	1989951	6
V	1990184	4
V	1990413	6
V	1990647	6
V	1990880	6
V	1991113	4
V	1991343	4
V	1991573	8
V	1991801	7
V	1992033	8
V	1992265	7
V	1992494	8
V	1992725	7
V	1992953	10
V	1993186	10
V	1993420	7
V	1993632	6
V	1993866	1
V	1994095	1
V	1994317	4
V	1994547	6
V	1994785	1
V	1995023	6
V	1995261	9
V	1995502	4
V	1995734	4
V	1995968	1
V	1996203	7
V	1996437	9
V	1996677	7
V	1996913	1
V	1997141	6
V	1997375	9
V	1997609	9
V	1997842	9
V	1998075	9
V	1998308	9
V	1998540	9
V	1998772	1
V	1998998	6
V	1999230	4
V	1999460	1
V	1999690	6
V	1999925	6
V	2000159	1
V	2000384	1
V	2000614	6
V	2000848	4
V	2001078	6
V	2001311	6
V	2001544	4
V	2001756	4
V	2001987	6
V	2002221	4
V	2002451	4
V	2002678	7
V	2002907	10
V	2003141	8
V	2003371	10
V	2003607	8
V	2003837	8
V	2004067	10
V	2004301	7
V	2004535	6
V	2004764	1
V	2004997	1
V	2005234	10
V	2005473	9
V	2005711	6
V	2005948	7
V	2006184	9
V	2006423	9
V	2006664	8
V	2006901	8
V	2007136	4
V	2007355	9
V	2007589	9
V	2007825	9
V	2008057	9
V	2008282	9
V	2008515	9
V	2008748	9
V	2008980	9
V	2009213	9
V	2009444	9
V	2009677	10
V	2009918	6
V	2010151	1
V	2010380	1
V	2010606	6
V	2010839	6
V	2011072	4
V	2011301	6
V	2011533	6
V	2011766	6
V	2011999	4
V	2012226	6
V	2012464	6
V	2012699	1
V	2012929	6
V	2013162	1
V	2013391	4
V	2013620	1
V	2013850	7
V	2014076	10
V	2014308	10
V	2014543	7
V	2014773	8
V	2015004	6
V	2015237	6
V	2015472	1
V	2015688	6
V	2015907	4
V	2016143	4
V	2016373	4
V	2016610	4
V	2016847	4
V	2017084	4
V	2017320	10
V	2017557	8
V	2017792	9
V	2018029	1
V	2018263	4
V	2018480	7
V	2018717	9
V	2018956	9
V	2019196	10
V	2019437	8
V	2019673	10
V	2019911	6
V	2020145	9
V	2020377	9
V	2020610	9
V	2020840	9
V	2021074	9
V	2021309	9
V	2021542	9
V	2021772	9
V	2022004	10
V	2022243	10
V	2022481	6
V	2022713	6
V	2022946	1
V	2023175	4
V	2023403	1
V	2023631	1
V	2023860	6
V	2024093	6
V	2024329	6
V	2024563	4
V	2024790	1
V	2025020	4
V	2025229	6
V	2025460	6
V	2025693	6
V	2025924	7
V	2026152	7
V	2026383	7
V	2026609	10
V	2026841	6
V	2027074	1
V	2027304	1
V	2027532	4
V	2027767	6
V	2028007	1
V	2028245	7
V	2028479	9
V	2028719	9
V	2028957	1
V	2029192	4
V	2029427	8
V	2029661	9
V	2029901	1
V	2030130	4
V	2030354	9
V	2030588	9
V	2030823	9
V	2031057	9
V	2031291	9
V	2031525	9
V	2031758	6
V	2031992	4
V	2032220	1
V	2032450	1
V	2032682	4
V	2032912	4
V	2033141	4
V	2033370	1
V	2033600	1
V	2033829	6
V	2034062	6
V	2034295	6
V	2034528	4
V	2034755	1
V	2034967	6
V	2035202	4
V	2035431	1
V	2035662	6
V	2035897	6
V	2036130	1
V	2036356	4
V	2036582	1
V	2036797	7
V	2037027	7
V	2037257	10
V	2037492	10
V	2037726	8
V	2037938	6
V	2038172	8
V	2038402	6
V	2038640	4
V	2038877	1
V	2039113	4
V	2039349	9
V	2039589	10
V	2039812	7
V	2040049	8
V	2040284	7
V	2040520	10
V	2040761	6
V	2040993	9
V	2041226	9
V	2041458	9
V	2041692	9
V	2041926	9
V	2042156	9
V	2042388	7
V	2042623	10
V	2042865	4
V	2043094	1
V	2043312	2
V	2043540	6
V	2043770	4
V	2043997	6
V	2044231	4
V	2044442	6
V	2044675	4
V	2044905	1
V	2045133	1
V	2045363	4
V	2045593	10
V	2045828	1
V	2046058	7
V	2046288	8
V	2046518	10
V	2046732	10
V	2046967	8
V	2047198	8
V	2047427	10
V	2047662	8
V	2047891	6
V	2048123	4
V	2048352	6
V	2048592	1
V	2048827	9
V	2049068	9
V	2049306	4
V	2049540	10
V	2049781	10
V	2050019	9
V	2050258	9
V	2050499	9
V	2050738	9
V	2050977	9
V	2051217	9
V	2051457	9
V	2051698	10
V	2051937	10
V	2052179	8
V	2052415	4
V	2052643	9
V	2052876	9
V	2053110	9
V	2053341	10
V	2053564	8
V	2053796	6
V	2054029	6
V	2054261	6
V	2054495	1
V	2054723	1
V	2054952	1
V	2055182	4
V	2055413	6
V	2055647	4
V	2055877	6
V	2056111	1
V	2056341	1
V	2056571	6
V	2056803	1
V	2057034	4
V	2057263	6
V	2057495	6
V	2057728	4
V	2057958	4
V	2058189	1
V	2058419	1
V	2058649	4
V	2058861	6
V	2059092	6
V	2059325	4
V	2059556	7
V	2059787	4
V	2060016	8
V	2060246	10
V	2060480	10
V	2060715	7
V	2060945	6
V	2061178	4
V	2061412	6
V	2061652	4
V	2061889	7
V	2062123	9
V	2062363	9
V	2062600	9
V	2062839	1
V	2063071	7
V	2063303	9
V	2063544	9
V	2063785	9
V	2064026	7
V	2064262	7
V	2064499	4
V	2064725	9
V	2064958	9
V	2065193	9
V	2065426	9
V	2065656	9
V	2065889	9
V	2066122	8
V	2066358	10
V	2066599	10
V	2066840	1
V	2067069	4
V	2067298	1
V	2067528	1
V	2067757	1
V	2067986	1
V	2068216	6
V	2068445	4
V	2068674	4
V	2068903	4
V	2069134	4
V	2069363	1
V	2069593	6
V	2069827	1
V	2070055	1
V	2070284	6
V	2070517	4
V	2070746	4
V	2070973	6
V	2071209	6
V	2071442	4
V	2071672	7
V	2071905	7
V	2072133	7
V	2072364	6
V	2072597	4
V	2072827	1
V	2073056	10
V	2073289	10
V	2073524	10
V	2073758	7
V	2073987	10
V	2074221	7
V	2074450	10
V	2074684	10
V	2074918	8
V	2075149	6
V	2075382	4
V	2075611	4
V	2075841	1
V	2076077	1
V	2076311	4
V	2076547	1
V	2076783	7
V	2077016	9
V	2077256	9
V	2077492	9
V	2077733	4
V	2077969	4
V	2078205	4
V	2078441	4
V	2078676	7
V	2078909	7
V	2079141	9
V	2079382	9
V	2079621	9
V	2079862	9
V	2080102	10
V	2080344	1
V	2080569	1
V	2080796	9
V	2081030	9
V	2081263	9
V	2081496	9
V	2081729	9
V	2081962	9
V	2082177	9
V	2082408	9
V	2082641	9
V	2082875	8
V	2083111	8
V	2083348	8
V	2083564	10
V	2083803	4
V	2084033	6
V	2084263	4
V	2084493	4
V	2084724	6
V	2084957	4
V	2085186	6
V	2085419	6
V	2085650	4
V	2085879	6
V	2086112	8
V	2086339	7
V	2086554	10
V	2086788	8
V	2087014	8
V	2087243	8
V	2087471	4
V	2087700	8
V	2087926	8
V	2088154	10
V	2088388	4
V	2088622	4
V	2088858	1
V	2089094	1
V	2089329	1
V	2089565	9
V	2089801	9
V	2090041	4
V	2090277	1
V	2090512	7
V	2090746	9
V	2090985	7
V	2091222	9
V	2091455	9
V	2091689	9
V	2091921	4
V	2092151	1
V	2092379	4
V	2092608	4
V	2092837	1
V	2093066	6
V	2093300	1
V	2093529	4
V	2093757	4
V	2093987	4
V	2094219	1
V	2094448	1
V	2094675	1
V	2094904	6
V	2095138	6
V	2095367	6
V	2095597	6
V	2095831	1
V	2096061	6
V	2096295	7
V	2096525	8
V	2096755	8
V	2096985	7
V	2097215	8
V	2097445	7
V	2097677	8
V	2097889	6
V	2098115	4
V	2098352	9
V	2098590	4
V	2098824	4
V	2099057	8
V	2099294	9
V	2099528	9
V	2099762	9
V	2099996	9
V	2100230	10
V	2100470	8
V	2100706	4
V	2100934	4
V	2101167	9
V	2101401	6
V	2101631	6
V	2101864	1
V	2102094	6
V	2102326	6
V	2102558	1
V	2102786	6
V	2103022	6
V	2103251	4
V	2103480	6
V	2103713	1
V	2103943	6
V	2104179	6
V	2104413	4
V	2104639	1
V	2104869	7
V	2105098	8
V	2105328	8
V	2105555	8
V	2105781	10
V	2106017	10
V	2106249	7
V	2106476	4
V	2106713	4
V	2106948	9
V	2107185	9
V	2107423	4
V	2107660	10
V	2107897	1
V	2108129	4
V	2108364	10
V	2108602	10
V	2108841	8
V	2109079	9
V	2109301	9
V	2109541	8
V	2109779	10
V	2110021	9
V	2110254	9
V	2110487	9
V	2110720	9
V	2110952	9
V	2111183	10
V	2111425	9
V	2111654	10
V	2111893	6
V	2112126	6
V	2112359	4
V	2112590	6
V	2112824	4
V	2113053	4
V	2113282	4
V	2113509	4
V	2113738	4
V	2113966	6
V	2114200	1
V	2114429	4
V	2114659	1
V	2114886	1
V	2115118	1
V	2115349	6
V	2115582	1
V	2115813	1
V	2116040	10
V	2116275	8
V	2116501	8
V	2116731	7
V	2116964	7
V	2117192	8
V	2117422	4
V	2117653	4
V	2117883	1
V	2118112	6
V	2118344	4
V	2118574	4
V	2118803	8
V	2119031	4
V	2119266	4
V	2119500	4
V	2119735	4
V	2119971	10
V	2120208	8
V	2120443	9
V	2120679	9
V	2120920	9
V	2121159	1
V	2121393	4
V	2121627	4
V	2121863	4
V	2122099	10
V	2122339	8
V	2122573	8
V	2122804	10
V	2123046	8
V	2123281	9
V	2123520	7
V	2123757	10
V	2123999	1
V	2124228	6
V	2124461	6
V	2124692	9
V	2124925	9
V	2125162	9
V	2125394	9
V	2125626	9
V	2125860	8
V	2126094	10
V	2126335	7
V	2126565	10
V	2126804	6
V	2127037	6
V	2127270	6
V	2127505	4
V	2127734	6
V	2127968	6
V	2128183	6
V	2128417	4
V	2128643	6
V	2128876	4
V	2129105	6
V	2129338	4
V	2129572	6
V	2129806	1
V	2130037	4
V	2130266	6
V	2130498	4
V	2130725	4
V	2130953	1
V	2131182	1
V	2131411	10
V	2131645	7
V	2131872	8
V	2132101	10
V	2132336	7
V	2132566	10
V	2132797	6
V	2133033	4
V	2133263	4
V	2133496	4
V	2133732	6
V	2133969	1
V	2134204	4
V	2134441	9
V	2134680	4
V	2134914	6
V	2135153	6
V	2135389	4
V	2135625	1
V	2135858	9
V	2136097	10
V	2136339	4
V	2136567	9
V	2136799	9
V	2137031	9
V	2137265	9
V	2137496	9
V	2137730	9
V	2137965	9
V	2138181	9
V	2138412	10
V	2138652	8
V	2138885	6
V	2139119	4
V	2139349	6
V	2139582	6
V	2139816	4
V	2140046	6
V	2140280	6
V	2140516	6
V	2140748	6
V	2140982	6
V	2141216	4
V	2141443	6
V	2141674	1
V	2141899	8
V	2142128	7
V	2142358	7
V	2142584	7
V	2142813	10
V	2143047	10
V	2143278	10
V	2143495	10
V	2143730	8
V	2143959	10
V	2144194	4
V	2144426	8
V	2144652	1
V	2144881	6
V	2145116	1
V	2145345	6
V	2145578	10
V	2145812	4
V	2146049	4
V	2146285	4
V	2146518	9
V	2146754	9
V	2146990	1
V	2147222	4
V	2147457	1
V	2147690	10
V	2147923	7
V	2148156	7
V	2148388	8
V	2148626	7
V	2148861	4
V	2149089	9
V	2149322	9
V	2149554	9
V	2149787	9
V	2150021	9
V	2150253	9
V	2150485	9
V	2150715	9
V	2150949	1
V	2151179	4
V	2151406	4
V	2151634	4
V	2151864	5
V	2152090	4
V	2152316	4
V	2152544	1
V	2152772	6
V	2153005	7
V	2153235	10
V	2153469	6
V	2153702	10
V	2153938	8
V	2154168	10
V	2154402	10
V	2154636	8
V	2154866	8
V	2155095	7
V	2155325	8
V	2155554	6
V	2155788	10
V	2156018	1
V	2156252	1
V	2156486	6
V	2156726	10
V	2156966	10
V	2157204	7
V	2157438	7
V	2157675	10
V	2157916	1
V	2158145	9
V	2158361	9
V	2158595	9
V	2158831	9
V	2159061	9
V	2159293	9
V	2159526	9
V	2159759	7
V	2159993	6
V	2160227	4
V	2160455	4
V	2160686	6
V	2160919	4
V	2161147	1
V	2161376	1
V	2161608	6
V	2161842	6
V	2162076	6
V	2162310	1
V	2162541	4
V	2162772	6
V	2163004	8
V	2163233	10
V	2163469	10
V	2163703	8
V	2163934	7
V	2164146	7
V	2164358	8
V	2164590	10
V	2164825	7
V	2165055	8
V	2165286	4
V	2165513	6
V	2165745	6
V	2165979	4
V	2166201	4
V	2166430	6
V	2166664	7
V	2166894	1
V	2167125	4
V	2167360	4
V	2167596	7
V	2167829	9
V	2168067	1
V	2168301	6
V	2168540	1
V	2168776	6
V	2169016	8
V	2169249	8
V	2169483	10
V	2169723	10
V	2169963	10
V	2170202	9
V	2170442	7
V	2170678	9
V	2170893	9
V	2171125	9
V	2171358	9
V	2171591	9
V	2171822	9
V	2172055	8
V	2172291	10
V	2172532	10
V	2172770	4
V	2173000	6
V	2173232	6
V	2173465	4
V	2173694	4
V	2173923	4
V	2174153	6
V	2174387	1
V	2174615	4
V	2174844	1
V	2175074	1
V	2175301	1
V	2175530	4
V	2175760	4
V	2175987	6
V	2176217	4
V	2176448	6
V	2176678	10
V	2176911	10
V	2177146	7
V	2177377	7
V	2177604	7
V	2177833	10
V	2178065	7
V	2178294	10
V	2178531	8
V	2178760	10
V	2178991	6
V	2179225	4
V	2179447	4
V	2179677	4
V	2179907	6
V	2180140	10
V	2180372	1
V	2180605	6
V	2180845	4
V	2181082	9
V	2181321	9
V	2181560	9
V	2181801	9
V	2182038	1
V	2182275	4
V	2182512	4
V	2182745	10
V	2182985	7
V	2183204	9
V	2183445	9
V	2183678	9
V	2183908	7
V	2184146	10
V	2184387	7
V	2184625	10
V	2184867	10
V	2185091	4
V	2185320	1
V	2185554	6
V	2185791	1
V	2186019	4
V	2186249	6
V	2186483	6
V	2186716	6
V	2186949	1
V	2187178	4
V	2187410	1
V	2187640	4
V	2187869	4
V	2188098	6
V	2188332	7
V	2188561	7
V	2188791	10
V	2189025	10
V	2189239	7
V	2189470	10
V	2189705	8
V	2189935	10
V	2190166	7
V	2190393	4
V	2190621	1
V	2190857	1
V	2191093	4
V	2191328	6
V	2191570	4
V	2191806	9
V	2192044	9
V	2192285	1
V	2192518	4
V	2192751	4
V	2192984	7
V	2193219	7
V	2193453	7
V	2193685	10
V	2193925	7
V	2194158	8
V	2194390	8
V	2194626	10
V	2194866	9
V	2195106	9
V	2195344	6
V	2195578	9
V	2195812	9
V	2196046	9
V	2196279	9
V	2196512	9
V	2196747	10
V	2196989	10
V	2197230	4
V	2197457	4
V	2197685	1
V	2197915	6
V	2198149	4
V	2198378	6
V	2198610	4
V	2198839	6
V	2199072	1
V	2199301	1
V	2199530	4
V	2199760	6
V	2199995	1
V	2200227	4
V	2200454	4
V	2200687	1
V	2200917	4
V	2201146	1
V	2201375	1
V	2201606	1
V	2201836	6
V	2202071	6
V	2202304	6
V	2202537	4
V	2202766	8
V	2202995	7
V	2203221	8
V	2203450	10
V	2203687	10
V	2203922	7
V	2204151	7
V	2204377	7
V	2204608	8
V	2204837	10
V	2205070	7
V	2205297	10
V	2205529	4
V	2205759	1
V	2205988	4
V	2206220	4
V	2206455	6
V	2206695	1
V	2206932	6
V	2207173	6
V	2207413	9
V	2207652	9
V	2207890	6
V	2208131	4
V	2208365	1
V	2208597	4
V	2208830	4
V	2209066	10
V	2209306	8
V	2209542	10
V	2209781	7
V	2210015	9
V	2210255	9
V	2210494	9
V	2210716	9
V	2210954	9
V	2211195	7
V	2211431	9
V	2211665	9
V	2211897	9
V	2212112	8
V	2212349	7
V	2212580	4
V	2212810	4
V	2213021	4
V	2213250	1
V	2213461	6
V	2213694	1
V	2213924	1
V	2214152	6
V	2214386	4
V	2214615	1
V	2214845	4
V	2215076	4
V	2215305	4
V	2215535	4
V	2215764	6
V	2215997	7
V	2216221	7
V	2216449	10
V	2216684	8
V	2216895	10
V	2217126	10
V	2217362	6
V	2217597	1
V	2217827	4
V	2218063	4
V	2218298	9
V	2218534	1
V	2218771	1
V	2219005	10
V	2219245	10
V	2219483	8
V	2219718	4
V	2219945	9
V	2220179	9
V	2220413	9
V	2220648	9
V	2220882	9
V	2221112	9
V	2221345	8
V	2221582	8
V	2221819	7
V	2222038	6
V	2222272	1
V	2222501	1
V	2222731	1
V	2222964	1
V	2223194	4
V	2223424	4
V	2223654	6
V	2223888	6
V	2224121	1
V	2224350	1
V	2224579	1
V	2224809	8
V	2225038	8
V	2225266	7
V	2225494	8
V	2225723	8
V	2225953	8
V	2226182	7
V	2226413	4
V	2226644	7
V	2226871	1
V	2227100	1
V	2227330	4
V	2227559	6
V	2227792	4
V	2228006	1
V	2228242	1
V	2228479	4
V	2228712	4
V	2228949	4
V	2229182	4
V	2229416	7
V	2229650	7
V	2229883	10
V	2230121	7
V	2230356	8
V	2230590	9
V	2230830	4
V	2231056	9
V	2231286	9
V	2231519	4
V	2231748	4
V	2231976	1
V	2232206	4
V	2232434	4
V	2232665	1
V	2232898	4
V	2233129	6
V	2233363	8
V	2233591	7
V	2233824	7
V	2234053	7
V	2234283	7
V	2234513	10
V	2234744	8
V	2234973	10
V	2235190	1
V	2235419	1
V	2235650	7
V	2235879	10
V	2236111	4
V	2236346	4
V	2236582	1
V	2236819	4
V	2237057	1
V	2237289	9
V	2237529	4
V	2237745	4
V	2237978	4
V	2238210	9
V	2238450	9
V	2238690	8
V	2238925	10
V	2239165	10
V	2239406	6
V	2239638	9
V	2239853	9
V	2240086	9
V	2240318	9
V	2240552	9
V	2240785	9
V	2241015	9
V	2241245	1
V	2241475	4
V	2241703	4
V	2241932	1
V	2242160	4
V	2242389	6
V	2242621	6
V	2242854	4
V	2243083	6
V	2243318	4
V	2243548	10
V	2243782	7
V	2244012	8
V	2244240	8
V	2244470	10
V	2244705	8
V	2244935	10
V	2245166	10
V	2245401	10
V	2245632	1
V	2245862	4
V	2246094	1
V	2246329	4
V	2246565	6
V	2246805	9
V	2247043	7
V	2247276	8
V	2247495	9
V	2247718	9
V	2247957	10
V	2248199	8
V	2248435	6
V	2248666	9
V	2248901	9
V	2249134	9
V	2249368	9
V	2249601	9
V	2249836	9
V	2250071	9
V	2250304	9
V	2250535	9
V	2250766	4
V	2250996	4
V	2251226	6
V	2251457	6
V	2251688	1
V	2251915	1
V	2252124	6
V	2252357	6
V	2252591	4
V	2252822	6
V	2253055	6
V	2253288	4
V	2253518	4
V	2253747	6
V	2253981	1
V	2254210	4
V	2254439	6
V	2254675	4
V	2254904	4
V	2255131	8
V	2255361	10
V	2255595	8
V	2255823	8
V	2256052	10
V	2256287	7
V	2256499	6
V	2256731	6
V	2256964	10
V	2257196	6
V	2257429	1
V	2257663	4
V	2257899	6
V	2258136	1
V	2258370	4
V	2258607	1
V	2258840	4
V	2259077	4
V	2259313	4
V	2259549	4
V	2259786	4
V	2260023	8
V	2260256	8
V	2260490	9
V	2260730	9
V	2260949	9
V	2261187	9
V	2261422	6
V	2261662	4
V	2261893	6
V	2262133	4
V	2262368	10
V	2262608	8
V	2262844	6
V	2263066	9
V	2263298	9
V	2263530	9
V	2263764	9
V	2263998	9
V	2264229	9
V	2264459	9
V	2264690	9
V	2264924	9
V	2265155	9
V	2265389	9
V	2265621	8
V	2265857	10
V	2266098	7
V	2266335	1
V	2266563	4
V	2266793	1
V	2267022	4
V	2267251	1
V	2267478	6
V	2267710	4
V	2267939	1
V	2268167	6
V	2268401	6
V	2268634	6
V	2268867	1
V	2269096	6
V	2269329	6
V	2269564	6
V	2269796	6
V	2270031	1
V	2270256	6
V	2270487	6
V	2270717	4
V	2270929	8
V	2271159	7
V	2271388	7
V	2271618	8
V	2271847	10
V	2272080	7
V	2272311	10
V	2272547	7
V	2272775	7
V	2273007	10
V	2273242	8
V	2273467	4
V	2273678	1
V	2273907	6
V	2274140	6
V	2274374	4
V	2274609	4
V	2274828	4
V	2275064	4
V	2275298	9
V	2275536	4
V	2275770	4
V	2276004	9
V	2276244	4
V	2276480	6
V	2276717	6
V	2276956	8
V	2277174	10
V	2277412	8
V	2277649	9
V	2277888	7
V	2278125	10
V	2278366	9
V	2278597	9
V	2278831	9
V	2279061	9
V	2279294	9
V	2279528	10
V	2279770	6
V	2280003	6
V	2280238	4
V	2280468	1
V	2280697	4
V	2280926	1
V	2281155	6
V	2281389	6
V	2281622	1
V	2281851	6
V	2282085	6
V	2282319	6
V	2282552	4
V	2282764	1
V	2282990	8
V	2283209	7
V	2283440	8
V	2283667	8
V	2283896	7
V	2284122	8
V	2284351	10
V	2284583	10
V	2284817	6
V	2285052	4
V	2285281	6
V	2285513	4
V	2285732	4
V	2285965	1
V	2286200	1
V	2286436	8
V	2286668	7
V	2286901	7
V	2287132	9
V	2287374	9
V	2287593	9
V	2287832	1
V	2288068	1
V	2288284	1
V	2288518	4
V	2288751	1
V	2288986	10
V	2289226	7
V	2289460	8
V	2289697	1
V	2289924	9
V	2290157	9
V	2290391	9
V	2290625	9
V	2290858	9
V	2291092	9
V	2291324	9
V	2291556	9
V	2291789	9
V	2292020	7
V	2292254	10
V	2292495	1
V	2292724	1
V	2292952	4
V	2293182	6
V	2293415	6
V	2293644	4
V	2293873	6
V	2294107	1
V	2294337	6
V	2294574	4
V	2294803	4
V	2295033	4
V	2295259	4
V	2295487	6
V	2295703	6
V	2295938	4
V	2296169	6
V	2296399	4
V	2296630	4
V	2296856	8
V	2297085	10
V	2297319	8
V	2297549	10
V	2297783	10
V	2298014	7
V	2298245	8
V	2298471	8
V	2298701	10
V	2298934	7
V	2299164	7
V	2299392	8
V	2299620	1
V	2299848	1
V	2300077	4
V	2300307	4
V	2300538	10
V	2300770	1
V	2301007	4
V	2301240	1
V	2301458	9
V	2301698	9
V	2301938	4
V	2302173	1
V	2302405	8
V	2302623	8
V	2302861	10
V	2303102	6
V	2303335	9
V	2303568	9
V	2303801	9
V	2304035	9
V	2304267	9
V	2304498	7
V	2304736	8
V	2304969	1
V	2305196	1
V	2305427	4
V	2305658	1
V	2305887	6
V	2306124	4
V	2306353	6
V	2306587	6
V	2306819	4
V	2307031	1
V	2307260	4
V	2307486	1
V	2307717	1
V	2307944	6
V	2308180	8
V	2308409	10
V	2308643	8
V	2308872	10
V	2309109	10
V	2309345	8
V	2309574	7
V	2309804	8
V	2310034	1
V	2310264	1
V	2310494	4
V	2310723	6
V	2310959	6
V	2311194	6
V	2311428	1
V	2311660	1
V	2311897	4
V	2312134	4
V	2312370	4
V	2312604	4
V	2312840	1
V	2313074	4
V	2313307	4
V	2313541	10
V	2313780	9
V	2314020	7
V	2314257	8
V	2314495	9
V	2314730	9
V	2314964	9
V	2315195	9
V	2315431	9
V	2315665	10
V	2315907	9
V	2316140	4
V	2316371	1
V	2316600	4
V	2316832	6
V	2317048	4
V	2317278	1
V	2317509	6
V	2317741	1
V	2317969	1
V	2318198	6
V	2318433	1
V	2318663	6
V	2318895	4
V	2319123	4
V	2319353	6
V	2319584	6
V	2319800	7
V	2320031	7
V	2320263	10
V	2320497	10
V	2320732	10
V	2320966	10
V	2321202	7
V	2321431	8
V	2321662	7
V	2321891	10
V	2322125	1
V	2322347	1
V	2322577	4
V	2322811	1
V	2323046	8
V	2323284	9
V	2323524	9
V	2323759	9
V	2323996	9
V	2324232	9
V	2324473	9
V	2324711	9
V	2324950	9
V	2325186	4
V	2325423	4
V	2325660	1
V	2325896	4
V	2326132	8
V	2326367	4
V	2326602	7
V	2326838	9
V	2327080	9
V	2327322	9
V	2327564	9
V	2327803	9
V	2328042	7
V	2328278	1
V	2328504	9
V	2328738	9
V	2328972	9
V	2329206	9
V	2329439	9
V	2329664	9
V	2329898	7
V	2330135	6
V	2330368	4
V	2330586	4
V	2330812	1
V	2331041	4
V	2331270	1
V	2331499	1
V	2331730	6
V	2331963	1
V	2332192	1
V	2332421	1
V	2332653	1
V	2332882	1
V	2333112	6
V	2333342	6
V	2333576	6
V	2333810	4
V	2334022	10
V	2334256	10
V	2334487	7
V	2334716	10
V	2334951	10
V	2335168	7
V	2335398	8
V	2335628	10
V	2335863	10
V	2336098	6
V	2336332	6
V	2336566	4
V	2336795	1
V	2337031	4
V	2337265	6
V	2337502	4
V	2337734	9
V	2337975	6
V	2338215	4
V	2338449	1
V	2338685	7
V	2338902	10
V	2339140	9
V	2339379	10
V	2339620	1
V	2339849	1
V	2340075	1
V	2340303	9
V	2340536	9
V	2340771	9
V	2341004	9
V	2341230	9
V	2341465	9
V	2341699	9
V	2341932	9
V	2342164	9
V	2342394	9
V	2342627	8
V	2342864	6
V	2343080	4
V	2343309	1
V	2343522	1
V	2343752	6
V	2343980	6
V	2344213	6
V	2344447	4
V	2344659	1
V	2344885	6
V	2345098	6
V	2345329	4
V	2345559	6
V	2345791	8
V	2346020	8
V	2346249	10
V	2346481	7
V	2346711	10
V	2346945	7
V	2347171	7
V	2347402	1
V	2347632	1
V	2347868	4
V	2348102	4
V	2348335	4
V	2348572	9
V	2348813	9
V	2349051	9
V	2349290	9
V	2349527	6
V	2349764	1
V	2349998	4
V	2350235	4
V	2350469	1
V	2350704	8
V	2350936	8
V	2351173	10
V	2351416	1
V	2351663	1
V	2351916	10
V	2352166	3
V	2352421	10
V	2352681	6
V	2352938	1
V	2353192	10
V	2353454	4
V	2353710	4
V	2353965	7
V	2354212	8
V	2354460	6
V	2354713	6
V	2354969	6
V	2355228	4
V	2355476	1
V	2355726	9
V	2355983	1
V	2356237	4
V	2356494	3
V	2356746	10
V	2357006	1
V	2357259	5
V	2357510	7
V	2357765	4
V	2358020	6
V	2358275	7
V	2358531	7
V	2358774	3
V	2359029	6
V	2359277	6
V	2359529	6
V	2359787	6
V	2360045	9
V	2360303	6
V	2360557	1
V	2360804	6
V	2361048	4
V	2361298	4
V	2361547	4
V	2361792	9
V	2362051	1
V	2362306	7
V	2362550	10
V	2362803	4
V	2363057	7
V	2363313	9
V	2363567	3
V	2363817	1
V	2364074	5
V	2364322	9
V	2364579	6
V	2364834	8
V	2365085	8
V	2365343	2
V	2365601	6
V	2365854	6
V	2366112	6
V	2366363	6
V	2366623	10
V	2366874	10
V	2367133	6
V	2367391	1
V	2367646	4
V	2367886	8
V	2368134	4
V	2368376	1
V	2368630	8
V	2368878	8
V	2369131	8
V	2369383	1
V	2369631	7
V	2369878	5
V	2370131	7
V	2370383	3
V	2370636	6
V	2370891	6
V	2371143	6
V	2371388	5
V	2371641	4
V	2371896	9
V	2372145	4
V	2372400	2
V	2372653	6
V	2372915	6
V	2373174	2
V	2373420	4
V	2373675	4
V	2373929	5
V	2374180	9
V	2374438	6
V	2374693	6
V	2374939	6
V	2375191	6
V	2375445	4
V	2375701	1
V	2375951	3
V	2376204	4
V	2376446	4
V	2376701	5
V	2376955	4
V	2377206	6
V	2377454	9
V	2377705	9
V	2377957	2
V	2378207	9
V	2378458	6
V	2378710	7
V	2378956	2
V	2379206	3
V	2379458	10
V	2379717	5
V	2379971	2
V	2380210	9
V	2380466	9
V	2380722	2
V	2380974	5
V	2381222	1
V	2381474	2
V	2381727	1
V	2381980	6
V	2382230	10
V	2382490	10
V	2382743	5
V	2382990	1
V	2383244	10
V	2383502	1
V	2383753	9
V	2384003	4
V	2384259	8
V	2384511	3
V	2384764	4
V	2385017	1
V	2385265	2
V	2385513	4
V	2385762	3
V	2386010	9
V	2386253	4
V	2386500	3
V	2386754	3
V	2387001	4
V	2387249	8
V	2387499	9
V	2387749	5
V	2387998	4
V	2388239	6
V	2388488	4
V	2388739	4
V	2388985	6
V	2389238	4
V	2389481	4
V	2389725	1
V	2389971	8
V	2390223	1
V	2390477	4
V	2390732	4
V	2390985	8
V	2391237	8
V	2391487	4
V	2391733	3
V	2391981	3
V	2392228	1
V	2392482	4
V	2392732	8
V	2392989	4
V	2393241	1
V	2393483	5
V	2393733	9
V	2393984	2
V	2394231	4
V	2394488	5
V	2394729	1
V	2394976	10
V	2395228	5
V	2395476	6
V	2395707	9
V	2395939	8
V	2396173	1
V	2396400	4
V	2396629	6
V	2396863	6
V	2397098	1
V	2397330	6
V	2397564	6
V	2397798	4
V	2398028	1
V	2398260	1
V	2398491	4
V	2398723	4
V	2398951	1
V	2399184	1
V	2399410	1
V	2399639	6
V	2399872	7
V	2400084	10
V	2400319	8
V	2400549	10
V	2400781	1
V	2401011	4
V	2401248	4
V	2401484	8
V	2401700	9
V	2401942	9
V	2402183	9
V	2402421	9
V	2402659	4
V	2402893	4
V	2403126	1
V	2403361	1
V	2403596	8
V	2403833	9
V	2404054	8
V	2404292	10
V	2404533	10
V	2404773	6
V	2404995	9
V	2405227	9
V	2405460	9
V	2405694	9
V	2405927	9
V	2406160	9
V	2406393	9
V	2406626	9
V	2406858	9
V	2407090	7
V	2407326	7
V	2407559	8
V	2407796	7
V	2408031	7
V	2408264	1
V	2408491	6
V	2408724	6
V	2408957	6
V	2409191	1
V	2409420	6
V	2409651	6
V	2409884	6
V	2410115	6
V	2410352	10
V	2410586	4
V	2410815	10
V	2411046	8
V	2411277	7
V	2411506	10
V	2411740	7
V	2411970	7
V	2412200	7
V	2412429	7
V	2412659	4
V	2412880	1
V	2413109	1
V	2413337	6
V	2413570	6
V	2413803	4
V	2414039	4
V	2414272	4
V	2414508	4
V	2414745	9
V	2414986	9
V	2415226	6
V	2415463	9
V	2415704	9
V	2415945	1
V	2416179	4
V	2416412	4
V	2416647	4
V	2416881	1
V	2417116	8
V	2417350	9
V	2417591	10
V	2417829	9
V	2418045	9
V	2418278	9
V	2418511	9
V	2418727	9
V	2418961	9
V	2419195	9
V	2419426	10
V	2419667	10
V	2419909	4
V	2420138	1
V	2420369	4
V	2420595	4
V	2420825	1
V	2421054	1
V	2421283	1
V	2421512	4
V	2421742	6
V	2421976	1
V	2422204	6
V	2422438	1
V	2422665	4
V	2422894	8
V	2423125	8
V	2423355	4
V	2423585	8
V	2423817	10
V	2424052	10
V	2424289	10
V	2424523	8
V	2424752	7
V	2424980	1
V	2425202	1
V	2425429	6
V	2425667	4
V	2425900	1
V	2426137	4
V	2426371	1
V	2426608	1
V	2426844	6
V	2427084	1
V	2427320	7
V	2427552	8
V	2427787	9
V	2428028	9
V	2428267	4
V	2428501	9
V	2428740	9
V	2428980	6
V	2429222	4
V	2429458	9
V	2429698	9
V	2429938	9
V	2430175	9
V	2430407	9
V	2430641	9
V	2430872	9
V	2431103	9
V	2431336	9
V	2431552	9
V	2431786	10
V	2432025	10
V	2432267	8
V	2432502	8
V	2432734	1
V	2432962	1
V	2433186	6
V	2433419	6
V	2433634	6
V	2433867	6
V	2434101	1
V	2434330	1
V	2434562	1
V	2434791	4
V	2435017	1
V	2435246	4
V	2435478	1
V	2435707	4
V	2435932	1
V	2436159	4
V	2436387	4
V	2436617	1
V	2436846	6
V	2437081	1
V	2437312	6
V	2437543	7
V	2437770	8
V	2437999	7
V	2438227	10
V	2438463	7
V	2438692	10
V	2438922	10
V	2439156	8
V	2439386	7
V	2439617	10
V	2439849	10
V	2440081	1
V	2440313	4
V	2440544	6
V	2440780	1
V	2441013	9
V	2441252	4
V	2441484	9
V	2441725	4
V	2441959	1
V	2442192	4
V	2442426	7
V	2442662	10
V	2442905	9
V	2443146	1
V	2443372	9
V	2443588	9
V	2443822	6
V	2444055	6
V	2444290	1
V	2444515	6
V	2444750	6
V	2444987	1
V	2445216	6
V	2445447	1
V	2445675	1
V	2445902	4
V	2446131	4
V	2446360	4
V	2446590	1
V	2446814	7
V	2447041	10
V	2447273	10
V	2447506	8
V	2447737	8
V	2447967	4
V	2448199	4
V	2448432	4
V	2448669	4
V	2448907	4
V	2449142	4
V	2449360	4
V	2449596	4
V	2449833	10
V	2450072	7
V	2450306	9
V	2450546	9
V	2450784	9
V	2451021	9
V	2451260	9
V	2451500	4
V	2451738	6
V	2451961	1
V	2452194	4
V	2452427	8
V	2452660	10
V	2452896	10
V	2453136	9
V	2453374	9
V	2453614	8
V	2453852	7
V	2454090	10
V	2454330	9
V	2454562	9
V	2454789	9
V	2455018	9
V	2455252	10
V	2455493	1
V	2455721	4
V	2455950	4
V	2456179	4
V	2456409	4
V	2456638	1
V	2456867	4
V	2457098	4
V	2457327	6
V	2457559	1
V	2457788	1
V	2458018	4
V	2458248	4
V	2458479	1
V	2458709	1
V	2458939	6
V	2459172	4
V	2459403	8
V	2459634	10
V	2459866	8
V	2460094	10
V	2460330	10
V	2460563	4
V	2460785	7
V	2461013	4
V	2461249	6
V	2461472	9
V	2461711	9
V	2461953	9
V	2462192	9
V	2462429	4
V	2462663	9
V	2462904	9
V	2463144	10
V	2463383	10
V	2463621	8
V	2463840	9
V	2464079	9
V	2464315	4
V	2464543	9
V	2464775	9
V	2465009	9
V	2465240	9
V	2465477	9
V	2465710	9
V	2465943	9
V	2466177	1
V	2466401	1
V	2466630	4
V	2466855	1
V	2467089	1
V	2467314	4
V	2467540	1
V	2467769	4
V	2467999	1
V	2468229	1
V	2468458	4
V	2468687	4
V	2468917	6
V	2469154	6
V	2469388	4
V	2469620	6
V	2469851	6
V	2470085	4
V	2470313	7
V	2470533	8
V	2470762	10
V	2470997	8
V	2471227	10
V	2471461	10
V	2471693	7
V	2471923	10
V	2472157	8
V	2472388	7
V	2472618	1
V	2472847	4
V	2473077	1
V	2473306	6
V	2473539	4
V	2473770	6
V	2474005	6
V	2474246	4
V	2474483	9
V	2474720	9
V	2474958	9
V	2475195	9
V	2475436	9
V	2475675	9
V	2475915	9
V	2476153	4
V	2476390	7
V	2476627	10
V	2476868	10
V	2477110	9
V	2477331	10
V	2477572	10
V	2477813	4
V	2478040	4
V	2478269	9
V	2478504	9
V	2478738	9
V	2478972	9
V	2479207	9
V	2479439	9
V	2479672	9
V	2479901	9
V	2480134	9
V	2480365	1
V	2480594	4
V	2480824	6
V	2481058	6
V	2481291	1
V	2481521	6
V	2481755	6
V	2481991	1
V	2482220	4
V	2482448	6
V	2482682	4
V	2482912	1
V	2483144	4
V	2483375	1
V	2483601	10
V	2483836	4
V	2484066	8
V	2484299	10
V	2484533	8
V	2484759	7
V	2484971	10
V	2485207	8
V	2485433	10
V	2485669	10
V	2485904	8
V	2486133	7
V	2486362	6
V	2486589	6
V	2486824	4
V	2487053	1
V	2487283	6
V	2487516	1
V	2487753	4
V	2487972	4
V	2488209	6
V	2488449	10
V	2488689	10
V	2488931	9
V	2489169	1
V	2489401	6
V	2489637	9
V	2489877	4
V	2490115	1
V	2490353	4
V	2490587	10
V	2490823	8
V	2491059	8
V	2491295	9
V	2491533	7
V	2491768	7
V	2492004	9
V	2492220	9
V	2492456	9
V	2492687	9
V	2492921	9
V	2493154	9
V	2493388	9
V	2493622	10
V	2493863	10
V	2494105	4
V	2494334	6
V	2494567	1
V	2494799	6
V	2495033	4
V	2495262	6
V	2495495	4
V	2495725	4
V	2495957	4
V	2496183	4
V	2496407	4
V	2496635	1
V	2496867	1
V	2497097	4
V	2497323	4
V	2497549	4
V	2497761	8
V	2497991	8
V	2498221	6
V	2498451	10
V	2498685	10
V	2498920	10
V	2499154	7
V	2499383	7
V	2499611	10
V	2499845	8
V	2500070	8
V	2500300	10
V	2500534	4
V	2500756	6
V	2500986	1
V	2501216	1
V	2501447	6
V	2501679	1
V	2501910	8
V	2502137	6
V	2502373	1
V	2502605	6
V	2502842	4
V	2503077	4
V	2503309	4
V	2503543	4
V	2503777	4
V	2504014	4
V	2504248	1
V	2504484	7
V	2504718	9
V	2504957	9
V	2505198	4
V	2505432	1
V	2505668	7
V	2505902	10
V	2506141	7
V	2506376	9
V	2506617	7
V	2506852	10
V	2507093	9
V	2507328	9
V	2507562	9
V	2507795	7
V	2508030	10
V	2508270	7
V	2508507	6
V	2508741	6
V	2508975	6
V	2509209	1
V	2509438	6
V	2509672	6
V	2509905	6
V	2510136	10
V	2510371	8
V	2510600	10
V	2510835	10
V	2511070	10
V	2511304	7
V	2511531	7
V	2511742	10
V	2511976	7
V	2512206	7
V	2512434	4
V	2512665	1
V	2512897	4
V	2513130	4
V	2513363	4
V	2513599	10
V	2513838	7
V	2514073	9
V	2514310	9
V	2514547	9
V	2514784	9
V	2515022	9
V	2515260	4
V	2515493	1
V	2515726	4
V	2515962	6
V	2516202	10
V	2516440	7
V	2516676	8
V	2516913	9
V	2517154	8
V	2517392	9
V	2517625	9
V	2517859	9
V	2518091	4
V	2518319	1
V	2518549	4
V	2518777	1
V	2519008	1
V	2519238	4
V	2519465	1
V	2519692	4
V	2519923	6
V	2520158	8
V	2520387	10
V	2520623	10
V	2520859	7
V	2521088	10
V	2521305	7
V	2521536	10
V	2521771	8
V	2522001	1
V	2522230	4
V	2522460	4
V	2522697	4
V	2522934	1
V	2523170	8
V	2523403	9
V	2523641	1
V	2523873	4
V	2524106	4
V	2524342	4
V	2524578	7
V	2524812	10
V	2525052	8
V	2525285	8
V	2525518	9
V	2525757	9
V	2525994	9
V	2526235	9
V	2526474	8
V	2526707	8
V	2526943	4
V	2527167	9
V	2527399	9
V	2527629	9
V	2527862	9
V	2528096	9
V	2528330	9
V	2528563	9
V	2528795	9
V	2529026	9
V	2529260	9
V	2529493	9
V	2529722	10
V	2529959	10
V	2530195	6
V	2530427	6
V	2530659	6
V	2530891	6
V	2531125	1
V	2531355	4
V	2531585	4
V	2531815	6
V	2532048	4
V	2532277	6
V	2532510	4
V	2532740	1
V	2532970	6
V	2533202	6
V	2533419	6
V	2533650	4
V	2533882	6
V	2534114	4
V	2534342	6
V	2534573	7
V	2534803	4
V	2535034	10
V	2535266	7
V	2535497	10
V	2535729	7
V	2535958	1
V	2536187	1
V	2536416	4
V	2536646	4
V	2536883	4
V	2537121	9
V	2537355	9
V	2537596	9
V	2537833	9
V	2538075	9
V	2538314	9
V	2538554	9
V	2538793	9
V	2539034	4
V	2539268	1
V	2539502	8
V	2539736	10
V	2539976	7
V	2540211	10
V	2540452	9
V	2540690	8
V	2540925	7
V	2541161	10
V	2541401	7
V	2541634	9
V	2541873	7
V	2542109	7
V	2542345	9
V	2542578	1
V	2542796	9
V	2543029	9
V	2543263	9
V	2543496	9
V	2543723	9
V	2543953	8
V	2544189	10
V	2544430	7
V	2544664	10
V	2544905	6
V	2545138	6
V	2545372	4
V	2545601	1
V	2545830	1
V	2546058	6
V	2546289	4
V	2546517	4
V	2546746	4
V	2546958	6
V	2547191	1
V	2547419	1
V	2547647	6
V	2547883	4
V	2548110	1
V	2548337	4
V	2548567	4
V	2548797	6
V	2549029	10
V	2549265	7
V	2549484	10
V	2549722	8
V	2549953	10
V	2550188	10
V	2550425	6
V	2550650	4
V	2550879	4
V	2551107	6
V	2551322	6
V	2551554	4
V	2551789	4
V	2552025	4
V	2552259	10
V	2552498	10
V	2552737	9
V	2552976	9
V	2553217	9
V	2553459	4
V	2553693	9
V	2553933	9
V	2554172	4
V	2554404	4
V	2554639	4
V	2554857	10
V	2555096	7
V	2555330	7
V	2555563	9
V	2555801	9
V	2556039	9
V	2556278	9
V	2556518	8
V	2556754	6
V	2556984	9
V	2557216	9
V	2557448	9
V	2557682	9
V	2557916	9
V	2558147	9
V	2558380	8
V	2558617	7
V	2558835	8
V	2559072	9
V	2559306	1
V	2559536	6
V	2559769	6
V	2560003	4
V	2560234	6
V	2560467	4
V	2560697	4
V	2560929	6
V	2561161	1
V	2561389	6
V	2561616	1
V	2561846	7
V	2562075	10
V	2562309	7
V	2562531	8
V	2562761	8
V	2562991	10
V	2563225	10
V	2563460	7
V	2563690	7
V	2563919	10
V	2564154	7
V	2564363	8
V	2564593	8
V	2564820	1
V	2565042	4
V	2565271	1
V	2565501	4
V	2565731	1
V	2565967	10
V	2566205	7
V	2566439	9
V	2566676	9
V	2566914	9
V	2567151	9
V	2567392	9
V	2567632	9
V	2567872	9
V	2568112	4
V	2568344	4
V	2568579	4
V	2568813	4
V	2569048	8
V	2569282	7
V	2569516	7
V	2569748	10
V	2569989	8
V	2570207	8
V	2570444	10
V	2570685	6
V	2570918	4
V	2571146	9
V	2571380	9
V	2571613	9
V	2571847	9
V	2572079	9
V	2572311	7
V	2572544	8
V	2572781	6
V	2573015	6
V	2573248	4
V	2573476	6
V	2573710	1
V	2573941	4
V	2574169	4
V	2574395	6
V	2574630	6
V	2574863	6
V	2575098	6
V	2575332	1
V	2575564	4
V	2575793	4
V	2576021	7
V	2576251	7
V	2576480	10
V	2576711	8
V	2576939	10
V	2577175	8
V	2577404	7
V	2577631	10
V	2577866	7
V	2578097	10
V	2578331	4
V	2578558	6
V	2578793	6
V	2579028	7
V	2579258	1
V	2579491	6
V	2579731	10
V	2579970	7
V	2580204	9
V	2580440	9
V	2580675	9
V	2580916	9
V	2581156	4
V	2581392	1
V	2581627	1
V	2581861	8
V	2582097	7
V	2582330	10
V	2582566	9
V	2582806	7
V	2583041	9
V	2583275	9
V	2583508	9
V	2583741	9
V	2583974	9
V	2584188	10
V	2584428	7
V	2584664	1
V	2584893	6
V	2585126	6
V	2585359	4
V	2585589	6
V	2585822	6
V	2586054	1
V	2586284	6
V	2586519	6
V	2586753	4
V	2586984	1
V	2587214	7
V	2587445	1
V	2587675	7
V	2587904	8
V	2588133	8
V	2588363	7
V	2588593	10
V	2588828	10
V	2589062	10
V	2589297	7
V	2589527	7
V	2589756	7
V	2589986	6
V	2590220	1
V	2590446	1
V	2590675	4
V	2590906	10
V	2591140	10
V	2591373	1
V	2591611	4
V	2591829	9
V	2592066	9
V	2592305	9
V	2592546	9
V	2592786	1
V	2593023	8
V	2593258	8
V	2593489	10
V	2593730	7
V	2593966	1
V	2594192	9
V	2594425	9
V	2594659	9
V	2594895	9
V	2595128	9
V	2595362	4
V	2595591	1
V	2595819	4
V	2596049	6
V	2596280	4
V	2596509	4
V	2596742	6
V	2596977	1
V	2597207	1
V	2597440	6
V	2597670	4
V	2597900	8
V	2598129	6
V	2598363	4
V	2598593	4
V	2598821	8
V	2599052	10
V	2599285	7
V	2599514	7
V	2599741	7
V	2599968	10
V	2600200	8
V	2600430	8
V	2600662	1
V	2600892	4
V	2601122	6
V	2601356	8
V	2601585	4
V	2601821	1
V	2602057	9
V	2602296	9
V	2602531	9
V	2602769	4
V	2603003	4
V	2603237	9
V	2603477	4
V	2603711	4
V	2603944	8
V	2604177	7
V	2604414	10
V	2604656	7
V	2604892	9
V	2605130	9
V	2605370	10
V	2605611	9
V	2605844	4
V	2606076	9
V	2606309	9
V	2606544	9
V	2606776	9
V	2607009	8
V	2607245	7
V	2607479	4
V	2607691	4
V	2607920	1
V	2608148	1
V	2608378	1
V	2608607	4
V	2608838	4
V	2609066	1
V	2609295	4
V	2609524	4
V	2609758	1
V	2609987	6
V	2610221	6
V	2610455	6
V	2610688	1
V	2610919	6
V	2611150	4
V	2611379	1
V	2611609	6
V	2611845	4
V	2612072	1
V	2612301	1
V	2612527	1
V	2612754	8
V	2612984	7
V	2613215	7
V	2613445	8
V	2613674	8
V	2613902	10
V	2614135	7
V	2614362	7
V	2614588	8
V	2614817	7
V	2615045	10
V	2615280	1
V	2615512	4
V	2615745	4
V	2615980	6
V	2616220	9
V	2616461	9
V	2616698	9
V	2616937	9
V	2617177	9
V	2617418	4
V	2617652	6
V	2617890	9
V	2618130	1
V	2618366	4
V	2618598	9
V	2618838	9
V	2619077	9
V	2619314	9
V	2619555	10
V	2619795	8
V	2620031	9
V	2620264	9
V	2620498	9
V	2620731	9
V	2620961	9
V	2621194	9
V	2621427	9
V	2621656	10
V	2621896	8
V	2622133	8
V	2622365	8
V	2622602	7
V	2622839	10
V	2623080	8
V	2623315	4
V	2623539	1
V	2623766	1
V	2623995	4
V	2624224	6
V	2624458	6
V	2624693	6
V	2624927	6
V	2625160	4
V	2625388	6
V	2625622	4
V	2625834	1
V	2626064	6
V	2626297	6
V	2626531	4
V	2626760	1
V	2626987	4
V	2627219	4
V	2627448	6
V	2627664	4
V	2627895	1
V	2628119	6
V	2628349	6
V	2628582	8
V	2628815	6
V	2629047	8
V	2629277	7
V	2629506	10
V	2629742	10
V	2629975	10
V	2630205	8
V	2630432	6
V	2630664	1
V	2630893	1
V	2631122	1
V	2631359	6
V	2631598	1
V	2631831	1
V	2632064	1
V	2632298	4
V	2632535	4
V	2632770	1
V	2633007	4
V	2633244	6
V	2633485	9
V	2633725	9
V	2633966	4
V	2634200	4
V	2634434	1
V	2634670	1
V	2634906	6
V	2635142	8
V	2635379	9
V	2635619	9
V	2635858	7
V	2636093	10
V	2636334	6
V	2636568	6
V	2636799	1
V	2637027	9
V	2637259	9
V	2637476	9
V	2637709	9
V	2637943	9
V	2638176	9
V	2638410	8
V	2638644	7
V	2638880	10
V	2639122	10
V	2639364	6
V	2639597	6
V	2639831	1
V	2640061	1
V	2640290	6
V	2640522	1
V	2640749	4
V	2640978	4
V	2641207	6
V	2641440	6
V	2641674	4
V	2641900	1
V	2642112	7
V	2642337	7
V	2642563	7
V	2642793	10
V	2643027	10
V	2643262	10
V	2643493	7
V	2643722	10
V	2643940	4
V	2644168	6
V	2644404	4
V	2644633	1
V	2644848	7
V	2645078	8
V	2645307	4
V	2645526	6
V	2645768	6
V	2646006	1
V	2646241	9
V	2646482	9
V	2646722	9
V	2646963	6
V	2647203	4
V	2647437	6
V	2647677	4
V	2647913	6
V	2648153	8
V	2648388	10
V	2648626	8
V	2648864	7
V	2649100	9
V	2649340	9
V	2649572	9
V	2649804	9
V	2650037	9
V	2650270	9
V	2650503	9
V	2650734	9
V	2650947	7
V	2651166	1
V	2651391	1
V	2651622	4
V	2651852	4
V	2652064	6
V	2652298	4
V	2652527	6
V	2652760	6
V	2652997	6
V	2653231	4
V	2653462	6
V	2653695	4
V	2653924	1
V	2654155	1
V	2654384	6
V	2654619	4
V	2654849	4
V	2655078	4
V	2655309	10
V	2655544	10
V	2655779	7
V	2656009	10
V	2656243	7
V	2656474	10
V	2656705	10
V	2656936	7
V	2657163	7
V	2657394	7
V	2657623	7
V	2657849	1
V	2658080	4
V	2658308	4
V	2658542	6
V	2658783	8
V	2659020	9
V	2659258	9
V	2659497	9
V	2659736	9
V	2659976	1
V	2660210	6
V	2660447	4
V	2660683	1
V	2660917	7
V	2661151	10
V	2661389	9
V	2661625	7
V	2661844	9
V	2662078	9
V	2662311	9
V	2662543	7
V	2662778	1
V	2663007	1
V	2663236	4
V	2663464	4
V	2663694	1
V	2663923	4
V	2664138	4
V	2664368	1
V	2664596	6
V	2664829	1
V	2665062	6
V	2665293	1
V	2665522	6
V	2665753	4
V	2665980	6
V	2666210	1
V	2666441	4
V	2666670	7
V	2666900	8
V	2667129	7
V	2667358	7
V	2667585	7
V	2667814	6
V	2668048	6
V	2668281	6
V	2668509	1
V	2668745	4
V	2668982	4
V	2669216	4
V	2669452	9
V	2669691	9
V	2669928	9
V	2670165	9
V	2670407	9
V	2670647	9
V	2670887	9
V	2671126	4
V	2671361	4
V	2671596	4
V	2671827	6
V	2672064	1
V	2672300	8
V	2672535	8
V	2672768	10
V	2673006	10
V	2673247	7
V	2673484	9
V	2673724	8
V	2673961	9
V	2674194	9
V	2674429	9
V	2674659	9
V	2674890	10
V	2675131	6
V	2675363	1
V	2675591	4
V	2675818	6
V	2676051	4
V	2676281	4
V	2676509	6
V	2676740	1
V	2676966	6
V	2677199	6
V	2677433	4
V	2677663	4
V	2677892	4
V	2678121	6
V	2678354	4
V	2678584	1
V	2678814	4
V	2679045	1
V	2679275	6
V	2679508	1
V	2679737	4
V	2679966	7
V	2680195	7
V	2680426	10
V	2680659	8
V	2680889	10
V	2681123	8
V	2681353	10
V	2681572	10
V	2681807	10
V	2682042	10
V	2682278	1
V	2682507	4
V	2682737	4
V	2682967	7
V	2683196	4
V	2683432	1
V	2683666	9
V	2683903	9
V	2684143	9
V	2684383	9
V	2684622	9
V	2684864	9
V	2685102	1
V	2685336	1
V	2685572	10
V	2685813	8
V	2686048	7
V	2686281	8
V	2686515	7
V	2686749	8
V	2686982	10
V	2687224	8
V	2687460	7
V	2687697	7
V	2687933	6
V	2688165	4
V	2688393	4
V	2688622	9
V	2688855	9
V	2689090	9
V	2689323	9
V	2689556	9
V	2689785	9
V	2690015	9
V	2690232	9
V	2690466	9
V	2690699	9
V	2690934	10
V	2691175	4
V	2691405	1
V	2691636	6
V	2691868	1
V	2692097	6
V	2692331	1
V	2692561	4
V	2692791	1
V	2693020	4
V	2693250	6
V	2693480	4
V	2693706	6
V	2693940	7
V	2694169	8
V	2694398	10
V	2694632	10
V	2694864	10
V	2695099	10
V	2695334	7
V	2695562	10
V	2695796	8
V	2696026	10
V	2696260	8
V	2696487	1
V	2696720	1
V	2696952	4
V	2697186	9
V	2697426	9
V	2697665	9
V	2697905	4
V	2698139	9
V	2698378	9
V	2698616	6
V	2698855	1
V	2699090	10
V	2699311	9
V	2699551	9
V	2699789	10
V	2700029	9
V	2700261	9
V	2700495	9
V	2700729	9
V	2700965	9
V	2701196	8
V	2701433	8
V	2701670	1
V	2701899	1
V	2702129	4
V	2702358	4
V	2702587	1
V	2702817	1
V	2703046	4
V	2703272	4
V	2703501	6
V	2703730	1
V	2703958	10
V	2704190	7
V	2704401	7
V	2704631	8
V	2704860	7
V	2705088	7
V	2705297	7
V	2705525	7
V	2705750	7
V	2705978	1
V	2706207	6
V	2706442	6
V	2706665	4
V	2706900	6
V	2707137	4
V	2707371	4
V	2707607	4
V	2707843	10
V	2708082	10
V	2708320	9
V	2708561	9
V	2708796	1
V	2709033	10
V	2709271	8
V	2709505	9
V	2709744	9
V	2709978	9
V	2710212	9
V	2710445	9
V	2710677	9
V	2710907	8
V	2711144	8
V	2711378	9
V	2711612	6
V	2711845	6
V	2712078	4
V	2712305	4
V	2712533	1
V	2712763	4
V	2712993	1
V	2713222	4
V	2713452	1
V	2713682	1
V	2713912	4
V	2714140	6
V	2714373	6
V	2714609	4
V	2714835	6
V	2715069	4
V	2715298	6
V	2715532	7
V	2715765	10
V	2715999	8
V	2716229	8
V	2716459	8
V	2716689	8
V	2716916	8
V	2717142	10
V	2717359	8
V	2717586	7
V	2717813	1
V	2718042	4
V	2718268	1
V	2718499	1
V	2718733	4
V	2718966	6
V	2719206	4
V	2719443	4
V	2719677	4
V	2719914	10
V	2720153	7
V	2720389	9
V	2720626	9
V	2720867	9
V	2721105	9
V	2721342	6
V	2721579	10
V	2721817	10
V	2722056	9
V	2722292	9
V	2722531	9
V	2722771	8
V	2723008	1
V	2723237	9
V	2723470	9
V	2723685	9
V	2723922	9
V	2724145	9
V	2724379	9
V	2724613	9
V	2724843	10
V	2725081	1
V	2725309	6
V	2725546	6
V	2725776	6
V	2726007	6
V	2726240	1
V	2726470	6
V	2726703	4
V	2726934	4
V	2727163	4
V	2727392	1
V	2727623	4
V	2727850	1
V	2728081	4
V	2728311	1
V	2728523	4
V	2728754	6
V	2728988	7
V	2729217	7
V	2729445	8
V	2729670	10
V	2729904	10
V	2730140	10
V	2730374	7
V	2730586	7
V	2730816	7
V	2731046	10
V	2731281	7
V	2731508	7
V	2731737	7
V	2731964	6
V	2732197	6
V	2732432	4
V	2732670	1
V	2732899	1
V	2733134	7
V	2733369	9
V	2733610	9
V	2733849	9
V	2734089	9
V	2734327	9
V	2734566	9
V	2734803	9
V	2735043	1
V	2735278	4
V	2735515	4
V	2735749	4
V	2735979	8
V	2736215	10
V	2736454	9
V	2736693	10
V	2736917	4
V	2737145	9
V	2737381	9
V	2737613	9
V	2737848	9
V	2738066	9
V	2738301	1
V	2738530	6
V	2738764	6
V	2738995	4
V	2739222	6
V	2739455	6
V	2739688	6
V	2739921	6
V	2740155	4
V	2740382	6
V	2740617	4
V	2740849	6
V	2741081	1
V	2741314	1
V	2741543	1
V	2741773	8
V	2742004	8
V	2742232	7
V	2742443	8
V	2742672	7
V	2742902	7
V	2743132	10
V	2743349	7
V	2743579	7
V	2743807	1
V	2744036	4
V	2744265	7
V	2744493	6
V	2744728	1
V	2744961	6
V	2745193	4
V	2745412	1
V	2745645	9
V	2745886	9
V	2746128	9
V	2746369	4
V	2746606	1
V	2746840	10
V	2747079	9
V	2747317	9
V	2747555	9
V	2747795	10
V	2748037	7
V	2748270	4
V	2748487	9
V	2748720	7
V	2748957	7
V	2749194	1
V	2749423	1
V	2749651	4
V	2749881	4
V	2750093	6
V	2750327	4
V	2750555	6
V	2750788	6
V	2751022	4
V	2751250	4
V	2751471	6
V	2751705	6
V	2751939	1
V	2752167	4
V	2752397	4
V	2752606	4
V	2752836	6
V	2753074	10
V	2753309	7
V	2753538	8
V	2753764	8
V	2753993	7
V	2754221	7
V	2754445	8
V	2754671	7
V	2754883	1
V	2755113	1
V	2755328	9
V	2755569	9
V	2755809	9
V	2756050	4
V	2756281	7
V	2756515	9
V	2756756	9
V	2756988	9
V	2757221	9
V	2757456	9
V	2757690	9
V	2757925	9
V	2758157	9
V	2758388	7
V	2758620	8
V	2758857	1
V	2759086	6
V	2759319	4
V	2759546	1
V	2759776	6
V	2760011	6
V	2760243	6
V	2760477	1
V	2760706	6
V	2760939	4
V	2761169	4
V	2761400	1
V	2761629	4
V	2761859	6
V	2762093	1
V	2762324	6
V	2762555	6
V	2762790	10
V	2763024	10
V	2763258	7
V	2763489	8
V	2763717	8
V	2763948	7
V	2764175	8
V	2764404	10
V	2764639	10
V	2764871	1
V	2765099	1
V	2765310	4
V	2765538	1
V	2765767	4
V	2766002	6
V	2766240	10
V	2766479	9
V	2766720	9
V	2766957	9
V	2767197	9
V	2767436	9
V	2767678	9
V	2767913	9
V	2768154	4
V	2768386	4
V	2768620	4
V	2768855	8
V	2769092	4
V	2769346	5
V	2769600	4
V	2769846	10
V	2770101	8
V	2770343	3
V	2770593	2
V	2770846	9
V	2771096	1
V	2771351	3
V	2771599	6
V	2771854	9
V	2772108	6
V	2772365	1
V	2772609	4
V	2772860	2
V	2773112	4
V	2773363	7
V	2773613	4
V	2773870	7
V	2774126	5
V	2774379	8
V	2774641	5
V	2774887	4
V	2775142	3
V	2775398	9
V	2775652	2
V	2775904	5
V	2776155	2
V	2776409	6
V	2776657	6
V	2776911	4
V	2777168	4
V	2777418	6
V	2777670	5
V	2777916	10
V	2778177	1
V	2778429	10
V	2778681	1
V	2778931	8
V	2779182	1
V	2779423	8
V	2779670	6
V	2779928	4
V	2780183	1
V	2780437	1
V	2780685	5
V	2780928	6
V	2781187	5
V	2781431	4
V	2781690	6
V	2781947	1
V	2782194	4
V	2782441	1
V	2782690	6
V	2782948	10
V	2783202	1
V	2783445	4
V	2783689	1
V	2783941	5
V	2784180	8
V	2784434	3
V	2784687	1
V	2784938	4
V	2785184	6
V	2785442	4
V	2785689	1
V	2785942	9
V	2786198	2
V	2786450	3
V	2786701	4
V	2786954	5
V	2787198	8
V	2787451	8
V	2787702	9
V	2787957	6
V	2788209	8
V	2788466	4
V	2788713	7
V	2788969	8
V	2789217	5
V	2789466	3
V	2789715	4
V	2789966	8
V	2790203	7
V	2790447	1
V	2790691	4
V	2790936	8
V	2791189	8
V	2791440	4
V	2791693	10
V	2791949	3
V	2792203	1
V	2792456	9
V	2792707	9
V	2792959	5
V	2793212	2
V	2793459	2
V	2793702	5
V	2793954	9
V	2794194	10
V	2794436	9
V	2794670	9
V	2794904	9
V	2795136	9
V	2795369	9
V	2795601	9
V	2795836	9
V	2796069	7
V	2796302	6
V	2796536	4
V	2796764	1
V	2796993	4
V	2797226	1
V	2797455	1
V	2797684	4
V	2797914	4
V	2798144	6
V	2798378	1
V	2798607	4
V	2798836	6
V	2799070	7
V	2799300	8
V	2799529	7
V	2799758	10
V	2799991	10
V	2800225	7
V	2800456	8
V	2800668	10
V	2800906	8
V	2801137	8
V	2801367	10
V	2801601	7
V	2801830	10
V	2802064	10
V	2802298	1
V	2802527	4
V	2802756	7
V	2802968	9
V	2803208	9
V	2803447	4
V	2803680	9
V	2803902	4
V	2804137	4
V	2804375	1
V	2804609	8
V	2804844	8
V	2805077	10
V	2805316	7
V	2805549	8
V	2805787	8
V	2806022	10
V	2806262	6
V	2806496	9
V	2806731	9
V	2806965	9
V	2807199	9
V	2807429	9
V	2807663	9
V	2807896	9
V	2808130	9
V	2808363	9
V	2808597	8
V	2808833	7
V	2809069	8
V	2809304	10
V	2809542	10
V	2809778	1
V	2810007	6
V	2810239	4
V	2810471	1
V	2810699	4
V	2810926	6
V	2811159	4
V	2811387	1
V	2811619	4
V	2811847	4
V	2812077	4
V	2812307	4
V	2812536	4
V	2812766	6
V	2813001	4
V	2813228	1
V	2813457	1
V	2813686	4
V	2813915	10
V	2814146	8
V	2814375	10
V	2814608	10
V	2814842	8
V	2815070	8
V	2815297	10
V	2815532	10
V	2815766	10
V	2815998	7
V	2816228	6
V	2816463	6
V	2816688	1
V	2816909	6
V	2817141	1
V	2817364	8
V	2817593	8
V	2817805	7
V	2818035	10
V	2818252	4
V	2818488	4
V	2818724	4
V	2818957	6
V	2819196	4
V	2819430	1
V	2819663	10
V	2819900	9
V	2820138	9
V	2820378	9
V	2820618	9
V	2820857	9
V	2821098	9
V	2821338	4
V	2821571	9
V	2821810	9
V	2822050	10
V	2822292	8
V	2822527	1
V	2822757	9
V	2822991	9
V	2823226	9
V	2823456	9
V	2823689	9
V	2823923	9
V	2824153	6
V	2824389	6
V	2824623	4
V	2824853	1
V	2825085	4
V	2825315	1
V	2825545	4
V	2825774	1
V	2826004	1
V	2826235	4
V	2826463	4
V	2826693	1
V	2826925	6
V	2827157	1
V	2827384	6
V	2827614	8
V	2827826	8
V	2828055	8
V	2828283	10
V	2828518	10
V	2828753	8
V	2828982	8
V	2829213	10
V	2829451	7
V	2829683	8
V	2829914	1
V	2830143	1
V	2830372	6
V	2830605	4
V	2830839	4
V	2831074	8
V	2831308	10
V	2831547	9
V	2831784	9
V	2832022	9
V	2832258	9
V	2832500	9
V	2832742	9
V	2832983	1
V	2833217	4
V	2833449	4
V	2833685	8
V	2833903	10
V	2834143	8
V	2834379	7
V	2834612	9
V	2834848	9
V	2835061	9
V	2835296	9
V	2835529	9
V	2835759	9
V	2835994	8
V	2836228	1
V	2836455	1
V	2836685	4
V	2836915	1
V	2837142	1
V	2837371	6
V	2837603	1
V	2837832	6
V	2838065	4
V	2838295	6
V	2838527	4
V	2838756	1
V	2838983	6
V	2839216	4
V	2839446	1
V	2839672	4
V	2839902	6
V	2840135	10
V	2840366	8
V	2840598	10
V	2840835	7
V	2841065	7
V	2841294	6
V	2841528	1
V	2841761	9
V	2841998	9
V	2842240	9
V	2842477	9
V	2842718	9
V	2842957	9
V	2843196	4
V	2843432	4
V	2843668	4
V	2843905	4
V	2844142	4
V	2844375	10
V	2844615	10
V	2844854	7
V	2845088	10
V	2845328	10
V	2845570	7
V	2845807	7
V	2846043	10
V	2846285	4
V	2846507	9
V	2846742	9
V	2846975	9
V	2847211	7
V	2847444	1
V	2847674	1
V	2847886	1
V	2848116	4
V	2848341	6
V	2848576	1
V	2848804	6
V	2849037	6
V	2849270	4
V	2849495	6
V	2849727	6
V	2849960	1
V	2850191	6
V	2850425	4
V	2850658	4
V	2850885	1
V	2851114	4
V	2851341	1
V	2851570	6
V	2851803	4
V	2852036	10
V	2852272	8
V	2852498	10
V	2852727	8
V	2852956	8
V	2853186	7
V	2853395	7
V	2853607	10
V	2853841	10
V	2854075	1
V	2854305	6
V	2854545	4
V	2854777	1
V	2855014	4
V	2855230	4
V	2855462	6
V	2855704	1
V	2855941	1
V	2856174	6
V	2856413	10
V	2856653	10
V	2856891	9
V	2857129	9
V	2857370	9
V	2857609	9
V	2857849	9
V	2858090	4
V	2858326	4
V	2858562	4
V	2858797	8
V	2859029	10
V	2859267	9
V	2859501	9
V	2859735	9
V	2859967	9
V	2860199	9
V	2860434	9
V	2860668	9
V	2860903	9
V	2861135	9
V	2861369	9
V	2861601	7
V	2861834	7
V	2862068	6
V	2862299	6
V	2862533	6
V	2862764	4
V	2862987	1
V	2863219	4
V	2863450	4
V	2863681	1
V	2863912	6
V	2864148	4
V	2864379	4
V	2864609	1
V	2864836	1
V	2865066	6
V	2865297	6
V	2865527	4
V	2865757	8
V	2865969	10
V	2866203	6
V	2866437	10
V	2866672	7
V	2866902	8
V	2867130	7
V	2867359	10
V	2867590	10
V	2867825	10
V	2868059	10
V	2868296	10
V	2868531	7
V	2868760	10
V	2868992	7
V	2869219	1
V	2869448	6
V	2869682	1
V	2869913	4
V	2870148	1
V	2870381	1
V	2870616	4
V	2870852	10
V	2871093	9
V	2871331	9
V	2871567	9
V	2871807	9
V	2872030	9
V	2872269	9
V	2872508	9
V	2872748	1
V	2872984	1
V	2873218	4
V	2873454	4
V	2873692	1
V	2873925	6
V	2874165	1
V	2874399	4
V	2874631	4
V	2874867	10
V	2875107	7
V	2875344	8
V	2875580	9
V	2875813	9
V	2876045	9
V	2876279	9
V	2876512	7
V	2876749	4
V	2876978	1
V	2877204	4
V	2877432	6
V	2877665	1
V	2877894	1
V	2878126	6
V	2878360	6
V	2878592	1
V	2878820	6
V	2879051	1
V	2879280	6
V	2879516	6
V	2879747	1
V	2879975	1
V	2880205	6
V	2880439	6
V	2880669	4
V	2880899	6
V	2881134	1
V	2881365	6
V	2881600	1
V	2881830	1
V	2882057	10
V	2882290	10
V	2882524	10
V	2882758	7
V	2882985	7
V	2883212	1
V	2883437	4
V	2883663	6
V	2883896	10
V	2884130	4
V	2884365	4
V	2884602	4
V	2884838	10
V	2885079	10
V	2885317	10
V	2885556	9
V	2885792	9
V	2886028	4
V	2886265	6
V	2886485	1
V	2886718	4
V	2886949	4
V	2887184	8
V	2887420	10
V	2887660	8
V	2887879	9
V	2888118	9
V	2888357	9
V	2888598	8
V	2888833	7
V	2889069	9
V	2889308	6
V	2889542	6
V	2889776	9
V	2890007	9
V	2890239	9
V	2890474	9
V	2890706	9
V	2890936	9
V	2891168	9
V	2891400	9
V	2891631	9
V	2891863	9
V	2892093	7
V	2892329	6
V	2892562	6
V	2892795	1
V	2893024	4
V	2893255	6
V	2893488	4
V	2893717	1
V	2893946	4
V	2894175	4
V	2894405	6
V	2894638	1
V	2894867	1
V	2895097	4
V	2895325	4
V	2895557	1
V	2895786	4
V	2896016	6
V	2896250	10
V	2896484	8
V	2896713	8
V	2896942	7
V	2897172	8
V	2897402	10
V	2897636	8
V	2897867	8
V	2898095	10
V	2898333	7
V	2898560	4
V	2898788	6
V	2899023	6
V	2899257	6
V	2899494	4
V	2899723	8
V	2899954	6
V	2900187	1
V	2900422	4
V	2900654	4
V	2900886	4
V	2901118	1
V	2901352	1
V	2901589	4
V	2901824	9
V	2902061	9
V	2902299	9
V	2902536	9
V	2902776	9
V	2903016	9
V	2903257	9
V	2903493	4
V	2903730	4
V	2903967	4
V	2904200	6
V	2904440	1
V	2904676	10
V	2904917	10
V	2905158	10
V	2905397	7
V	2905634	9
V	2905871	10
V	2906112	9
V	2906352	6
V	2906585	9
V	2906818	9
V	2907052	9
V	2907284	9
V	2907517	9
V	2907751	9
V	2907983	8
V	2908219	10
V	2908460	7
V	2908692	10
V	2908930	6
V	2909162	4
V	2909388	4
V	2909615	4
V	2909843	4
V	2910073	1
V	2910303	4
V	2910533	4
V	2910762	6
V	2910996	4
V	2911225	4
V	2911454	4
V	2911683	4
V	2911912	1
V	2912141	6
V	2912376	1
V	2912604	1
V	2912834	6
V	2913064	1
V	2913292	10
V	2913526	10
V	2913760	8
V	2913993	7
V	2914223	8
V	2914450	10
V	2914682	7
V	2914911	8
V	2915140	7
V	2915369	1
V	2915598	4
V	2915834	4
V	2916071	10
V	2916313	9
V	2916554	9
V	2916793	9
V	2917016	4
V	2917252	4
V	2917488	6
V	2917727	8
V	2917964	10
V	2918205	8
V	2918441	9
V	2918681	7
V	2918919	10
V	2919162	10
V	2919404	9
V	2919638	9
V	2919871	9
V	2920104	9
V	2920338	9
V	2920569	9
V	2920801	6
V	2921034	1
V	2921262	9
V	2921496	6
V	2921729	1
V	2921958	4
V	2922189	6
V	2922422	4
V	2922650	6
V	2922883	4
V	2923109	6
V	2923342	6
V	2923575	6
V	2923806	1
V	2924036	6
V	2924268	4
V	2924497	1
V	2924725	1
V	2924955	1
V	2925181	10
V	2925414	10
V	2925648	8
V	2925859	7
V	2926088	8
V	2926320	8
V	2926549	8
V	2926775	7
V	2927004	7
V	2927233	10
V	2927467	4
V	2927697	1
V	2927926	4
V	2928155	4
V	2928386	4
V	2928621	6
V	2928859	4
V	2929093	1
V	2929330	9
V	2929567	9
V	2929808	1
V	2930042	9
V	2930282	4
V	2930515	1
V	2930749	10
V	2930989	10
V	2931226	9
V	2931465	10
V	2931705	7
V	2931941	8
V	2932178	9
V	2932416	1
V	2932644	9
V	2932879	9
V	2933113	9
V	2933347	9
V	2933580	8
V	2933818	10
V	2934056	4
V	2934286	4
V	2934514	4
V	2934744	1
V	2934973	4
V	2935203	4
V	2935434	1
V	2935666	4
V	2935894	4
V	2936124	4
V	2936354	8
V	2936581	8
V	2936810	8
V	2937040	10
V	2937274	4
V	2937505	10
V	2937738	4
V	2937967	7
V	2938196	8
V	2938424	4
V	2938660	6
V	2938897	1
V	2939134	1
V	2939369	6
V	2939609	8
V	2939843	9
V	2940084	9
V	2940324	9
V	2940565	9
V	2940804	4
V	2941039	4
V	2941274	1
V	2941508	6
V	2941728	4
V	2941963	10
V	2942204	8
V	2942440	10
V	2942682	1
V	2942909	9
V	2943142	9
V	2943375	9
V	2943608	9
V	2943842	9
V	2944075	9
V	2944307	8
V	2944542	8
V	2944778	7
V	2945014	4
V	2945241	6
V	2945475	1
V	2945704	4
V	2945936	4
V	2946166	1
V	2946395	6
V	2946630	1
V	2946860	6
V	2947093	4
V	2947323	4
V	2947550	4
V	2947779	1
V	2948006	6
V	2948239	4
V	2948469	7
V	2948698	7
V	2948927	10
V	2949162	10
V	2949397	10
V	2949632	10
V	2949868	10
V	2950103	10
V	2950335	8
V	2950566	8
V	2950795	6
V	2951035	4
V	2951272	9
V	2951510	9
V	2951751	9
V	2951991	6
V	2952230	1
V	2952467	1
V	2952703	8
V	2952938	7
V	2953174	8
V	2953409	8
V	2953643	10
V	2953883	9
V	2954121	9
V	2954360	8
V	2954595	1
V	2954824	9
V	2955060	9
V	2955294	9
V	2955527	9
V	2955761	10
V	2956002	8
V	2956238	6
V	2956471	1
V	2956699	4
V	2956924	6
V	2957155	6
V	2957389	4
V	2957619	1
V	2957849	6
V	2958083	6
V	2958317	4
V	2958545	6
V	2958780	6
V	2959014	1
V	2959243	6
V	2959477	4
V	2959706	6
V	2959938	1
V	2960169	10
V	2960403	7
V	2960636	6
V	2960871	1
V	2961093	4
V	2961323	8
V	2961549	1
V	2961786	6
V	2962026	1
V	2962262	4
V	2962495	4
V	2962728	4
V	2962962	4
V	2963199	1
V	2963433	9
V	2963670	9
V	2963905	9
V	2964144	4
V	2964378	9
V	2964616	4
V	2964850	10
V	2965091	8
V	2965328	1
V	2965546	9
V	2965780	9
V	2966014	9
V	2966245	9
V	2966477	9
V	2966711	1
V	2966941	4
V	2967172	4
V	2967384	6
V	2967617	4
V	2967845	4
V	2968075	1
V	2968299	4
V	2968526	4
V	2968755	1
V	2968986	6
V	2969222	1
V	2969451	1
V	2969680	6
V	2969916	6
V	2970150	4
V	2970375	8
V	2970586	10
V	2970822	7
V	2971054	10
V	2971289	10
V	2971521	8
V	2971751	7
V	2971977	7
V	2972202	8
V	2972414	6
V	2972647	4
V	2972868	1
V	2973105	1
V	2973341	4
V	2973577	4
V	2973810	1
V	2974043	4
V	2974280	8
V	2974514	8
V	2974746	9
V	2974965	9
V	2975205	9
V	2975444	9
V	2975684	9
V	2975920	9
V	2976160	6
V	2976398	4
V	2976631	4
V	2976866	4
V	2977102	1
V	2977336	6
V	2977574	4
V	2977808	6
V	2978047	7
V	2978281	10
V	2978523	9
V	2978762	10
V	2978985	10
V	2979227	9
V	2979465	9
V	2979699	9
V	2979933	9
V	2980162	9
V	2980393	8
V	2980630	8
V	2980866	4
V	2981095	4
V	2981322	1
V	2981553	4
V	2981782	4
V	2982009	1
V	2982238	1
V	2982468	1
V	2982697	1
V	2982928	1
V	2983158	4
V	2983388	1
V	2983617	6
V	2983850	4
V	2984078	1
V	2984309	6
V	2984542	4
V	2984769	5
V	2984998	4
V	2985226	6
V	2985457	1
V	2985687	6
V	2985918	1
V	2986148	6
V	2986381	8
V	2986609	10
V	2986842	10
V	2987076	10
V	2987312	10
V	2987548	8
V	2987777	7
V	2987989	7
V	2988216	4
V	2988447	6
V	2988681	4
V	2988910	1
V	2989142	10
V	2989376	7
V	2989606	4
V	2989841	6
V	2990082	4
V	2990318	1
V	2990555	1
V	2990790	8
V	2991025	9
V	2991266	9
V	2991505	9
V	2991745	4
V	2991978	4
V	2992212	1
V	2992444	6
V	2992682	8
V	2992916	9
V	2993153	10
V	2993394	9
V	2993628	9
V	2993861	9
V	2994095	9
V	2994328	10
V	2994570	4
V	2994797	1
V	2995023	4
V	2995250	6
V	2995483	1
V	2995713	6
V	2995942	4
V	2996171	4
V	2996404	6
V	2996620	4
V	2996850	1
V	2997076	4
V	2997305	8
V	2997534	10
V	2997769	10
V	2997985	8
V	2998214	10
V	2998448	4
V	2998679	6
V	2998915	4
V	2999148	4
V	2999385	9
V	2999627	9
V	2999868	4
V	3000101	9
V	3000339	4
V	3000574	1
V	3000811	4
V	3001044	4
V	3001277	10
V	3001518	7
V	3001754	10
V	3001996	7
V	3002214	10
V	3002455	1
V	3002664	9
V	3002897	9
V	3003131	9
V	3003365	8
V	3003602	1
V	3003832	4
V	3004063	4
V	3004293	1
V	3004518	4
V	3004747	6
V	3004979	4
V	3005207	4
V	3005437	4
V	3005667	6
V	3005900	1
V	3006130	6
V	3006363	6
V	3006593	4
V	3006821	4
V	3007051	7
V	3007279	10
V	3007513	7
V	3007743	10
V	3007977	8
V	3008206	7
V	3008415	6
V	3008647	4
V	3008876	1
V	3009107	8
V	3009341	9
V	3009576	9
V	3009817	9
V	3010057	9
V	3010294	9
V	3010529	9
V	3010767	9
V	3011009	9
V	3011251	9
V	3011492	9
V	3011713	9
V	3011951	9
V	3012192	9
V	3012434	6
V	3012671	1
V	3012888	9
V	3013119	9
V	3013353	9
V	3013584	10
V	3013826	9
V	3014055	10
V	3014294	7
V	3014531	1
V	3014760	6
V	3014993	6
V	3015228	6
V	3015462	6
V	3015697	4
V	3015926	6
V	3016158	4
V	3016387	4
V	3016615	1
V	3016840	6
V	3017074	6
V	3017308	1
V	3017537	6
V	3017771	4
V	3018002	1
V	3018234	6
V	3018464	6
V	3018698	4
V	3018927	8
V	3019156	7
V	3019382	7
V	3019611	8
V	3019843	7
V	3020072	8
V	3020302	8
V	3020528	7
V	3020758	8
V	3020987	4
V	3021219	7
V	3021446	8
V	3021675	10
V	3021908	4
V	3022144	4
V	3022380	1
V	3022618	1
V	3022854	1
V	3023086	10
V	3023324	9
V	3023564	9
V	3023805	9
V	3024046	9
V	3024284	9
V	3024525	9
V	3024765	9
V	3025005	4
V	3025238	1
V	3025470	9
V	3025709	4
V	3025946	6
V	3026185	4
V	3026418	8
V	3026654	9
V	3026891	9
V	3027130	8
V	3027366	8
V	3027602	10
V	3027825	8
V	3028044	9
V	3028283	9
V	3028515	9
V	3028747	9
V	3028980	9
V	3029213	10
V	3029455	10
V	3029678	9
V	3029913	4
V	3030140	6
V	3030375	4
V	3030604	6
V	3030839	4
V	3031069	1
V	3031297	4
V	3031527	6
V	3031761	4
V	3031987	1
V	3032214	7
V	3032441	7
V	3032675	7
V	3032905	10
V	3033123	8
V	3033352	6
V	3033584	1
V	3033819	4
V	3034035	4
V	3034271	9
V	3034511	9
V	3034751	9
V	3034989	9
V	3035229	9
V	3035452	4
V	3035686	9
V	3035927	6
V	3036165	1
V	3036401	10
V	3036640	10
V	3036878	10
V	3037120	10
V	3037362	10
V	3037604	4
V	3037831	9
V	3038065	9
V	3038299	9
V	3038532	9
V	3038765	9
V	3038998	9
V	3039231	9
V	3039465	9
V	3039698	7
V	3039932	4
V	3040165	6
V	3040395	1
V	3040625	6
V	3040857	4
V	3041087	4
V	3041316	6
V	3041549	1
V	3041778	1
V	3041993	4
V	3042223	6
V	3042438	4
V	3042669	6
V	3042902	1
V	3043129	6
V	3043363	7
V	3043592	10
V	3043826	8
V	3044056	10
V	3044289	7
V	3044501	10
V	3044737	10
V	3044969	8
V	3045195	10
V	3045424	7
V	3045655	8
V	3045884	1
V	3046114	4
V	3046336	4
V	3046548	6
V	3046781	1
V	3047011	10
V	3047246	4
V	3047483	4
V	3047719	4
V	3047956	9
V	3048198	9
V	3048440	4
V	3048673	10
V	3048913	10
V	3049151	9
V	3049388	9
V	3049629	9
V	3049860	9
V	3050092	9
V	3050325	9
V	3050558	9
V	3050792	9
V	3051026	9
V	3051260	9
V	3051494	9
V	3051725	9
V	3051956	7
V	3052190	10
V	3052429	8
V	3052664	7
V	3052901	7
V	3053137	10
V	3053375	4
V	3053606	6
V	3053840	6
V	3054074	6
V	3054309	1
V	3054538	4
V	3054767	4
V	3054995	1
V	3055228	4
V	3055458	4
V	3055683	6
V	3055912	4
V	3056138	1
V	3056368	7
V	3056598	7
V	3056826	10
V	3057061	8
V	3057290	10
V	3057524	1
V	3057754	6
V	3057987	6
V	3058222	10
V	3058454	4
V	3058684	4
V	3058903	1
V	3059139	1
V	3059375	9
V	3059613	9
V	3059855	9
V	3060093	9
V	3060334	4
V	3060568	4
V	3060803	10
V	3061040	8
V	3061272	8
V	3061505	10
V	3061745	10
V	3061986	10
V	3062227	8
V	3062463	8
V	3062698	6
V	3062931	6
V	3063164	9
V	3063398	9
V	3063632	9
V	3063864	9
V	3064098	9
V	3064329	9
V	3064563	9
V	3064798	9
V	3065033	1
V	3065261	6
V	3065494	1
V	3065727	6
V	3065961	4
V	3066190	6
V	3066424	4
V	3066654	1
V	3066882	4
V	3067113	4
V	3067342	6
V	3067576	6
V	3067809	1
V	3068038	1
V	3068266	1
V	3068496	1
V	3068723	10
V	3068957	8
V	3069187	8
V	3069415	10
V	3069650	8
V	3069880	10
V	3070115	7
V	3070346	8
V	3070573	6
V	3070807	4
V	3071044	4
V	3071281	4
V	3071518	4
V	3071754	9
V	3071974	9
V	3072214	9
V	3072453	9
V	3072694	9
V	3072932	1
V	3073167	9
V	3073406	9
V	3073644	1
V	3073881	1
V	3074117	1
V	3074332	1
V	3074566	7
V	3074801	8
V	3075038	10
V	3075278	9
V	3075518	7
V	3075754	1
V	3075982	9
V	3076219	9
V	3076445	9
V	3076678	9
V	3076909	9
V	3077140	9
V	3077373	9
V	3077609	9
V	3077842	8
V	3078073	7
V	3078309	6
V	3078540	4
V	3078768	4
V	3078991	1
V	3079221	4
V	3079451	4
V	3079677	6
V	3079911	1
V	3080141	1
V	3080370	1
V	3080603	6
V	3080833	4
V	3081063	6
V	3081297	1
V	3081527	1
V	3081756	7
V	3081986	8
V	3082213	7
V	3082443	7
V	3082672	8
V	3082901	1
V	3083131	4
V	3083361	6
V	3083595	10
V	3083828	7
V	3084057	8
V	3084286	8
V	3084515	4
V	3084734	4
V	3084971	1
V	3085207	4
V	3085444	4
V	3085680	4
V	3085918	4
V	3086155	9
V	3086395	1
V	3086629	3
V	3086862	4
V	3087078	4
V	3087313	10
V	3087553	8
V	3087786	10
V	3088023	7
V	3088256	10
V	3088497	9
V	3088736	10
V	3088977	9
V	3089212	9
V	3089446	9
V	3089662	9
V	3089894	9
V	3090128	9
V	3090362	9
V	3090595	7
V	3090830	9
V	3091062	1
V	3091290	6
V	3091523	6
V	3091755	6
V	3091988	4
V	3092213	6
V	3092448	6
V	3092682	1
V	3092911	1
V	3093140	4
V	3093369	6
V	3093602	4
V	3093831	1
V	3094060	1
V	3094288	4
V	3094519	4
V	3094751	1
V	3094980	4
V	3095209	10
V	3095446	7
V	3095672	7
V	3095902	8
V	3096131	8
V	3096361	7
V	3096591	1
V	3096813	4
V	3097042	1
V	3097272	6
V	3097505	1
V	3097739	8
V	3097972	9
V	3098213	9
V	3098455	4
V	3098691	7
V	3098925	7
V	3099161	9
V	3099398	9
V	3099632	9
V	3099866	9
V	3100100	9
V	3100330	8
V	3100567	10
V	3100805	4
V	3101035	4
V	3101266	6
V	3101497	6
V	3101731	6
V	3101965	4
V	3102194	4
V	3102419	1
V	3102648	4
V	3102881	4
V	3103102	1
V	3103329	6
V	3103545	4
V	3103777	6
V	3104010	7
V	3104237	8
V	3104467	10
V	3104704	10
V	3104938	8
V	3105167	10
V	3105399	7
V	3105611	10
V	3105844	10
V	3106081	4
V	3106310	10
V	3106543	4
V	3106771	4
V	3107001	4
V	3107239	6
V	3107478	4
V	3107711	4
V	3107947	1
V	3108184	9
V	3108422	9
V	3108659	9
V	3108897	9
V	3109137	9
V	3109377	9
V	3109616	4
V	3109851	4
V	3110084	4
V	3110321	10
V	3110561	8
V	3110796	8
V	3111031	9
V	3111264	9
V	3111496	9
V	3111729	9
V	3111964	9
V	3112190	9
V	3112424	9
V	3112655	9
V	3112890	9
V	3113106	9
V	3113338	7
V	3113574	4
V	3113804	4
V	3114034	6
V	3114269	4
V	3114500	1
V	3114726	4
V	3114955	4
V	3115184	6
V	3115417	6
V	3115651	4
V	3115881	6
V	3116114	1
V	3116343	4
V	3116572	4
V	3116783	1
V	3117013	6
V	3117246	1
V	3117479	4
V	3117705	6
V	3117936	4
V	3118168	8
V	3118395	8
V	3118624	10
V	3118859	10
V	3119076	7
V	3119306	10
V	3119540	7
V	3119752	7
V	3119981	4
V	3120211	1
V	3120440	4
V	3120670	10
V	3120905	4
V	3121141	4
V	3121376	4
V	3121612	1
V	3121849	1
V	3122084	4
V	3122321	10
V	3122559	10
V	3122796	9
V	3123032	9
V	3123269	9
V	3123508	9
V	3123748	9
V	3123990	9
V	3124228	9
V	3124470	4
V	3124704	1
V	3124940	1
V	3125175	10
V	3125416	9
V	3125655	8
V	3125891	4
V	3126117	9
V	3126350	9
V	3126584	9
V	3126821	7
V	3127055	10
V	3127296	4
V	3127526	1
V	3127733	1
V	3127962	4
V	3128173	1
V	3128400	4
V	3128630	6
V	3128865	6
V	3129100	6
V	3129333	4
V	3129563	1
V	3129790	4
V	3130015	10
V	3130247	7
V	3130478	7
V	3130711	7
V	3130941	10
V	3131176	6
V	3131411	4
V	3131648	8
V	3131881	9
V	3132119	9
V	3132360	9
V	3132601	9
V	3132840	9
V	3133081	4
V	3133314	1
V	3133547	10
V	3133788	8
V	3134020	8
V	3134256	7
V	3134492	9
V	3134731	10
V	3134973	6
V	3135203	9
V	3135437	9
V	3135663	9
V	3135896	9
V	3136128	9
V	3136364	9
V	3136598	9
V	3136832	10
V	3137073	1
V	3137300	1
V	3137528	1
V	3137757	4
V	3137987	1
V	3138216	4
V	3138446	1
V	3138677	6
V	3138911	1
V	3139140	6
V	3139371	1
V	3139601	4
V	3139827	4
V	3140056	6
V	3140286	4
V	3140516	10
V	3140749	7
V	3140978	7
V	3141207	7
V	3141436	10
V	3141668	8
V	3141893	10
V	3142128	10
V	3142360	6
V	3142594	4
V	3142822	6
V	3143057	7
V	3143284	4
V	3143519	1
V	3143755	4
V	3143993	10
V	3144235	7
V	3144470	9
V	3144711	9
V	3144950	9
V	3145186	9
V	3145427	9
V	3145668	9
V	3145906	1
V	3146143	1
V	3146376	1
V	3146609	4
V	3146846	8
V	3147082	10
V	3147321	9
V	3147552	9
V	3147781	9
V	3148015	9
V	3148249	9
V	3148485	9
V	3148715	9
V	3148944	8
V	3149180	9
V	3149393	7
V	3149628	4
V	3149855	6
V	3150088	1
V	3150317	4
V	3150545	1
V	3150773	1
V	3151005	4
V	3151235	6
V	3151468	6
V	3151701	4
V	3151930	1
V	3152161	4
V	3152390	6
V	3152623	6
V	3152856	1
V	3153082	1
V	3153310	1
V	3153539	1
V	3153768	8
V	3153996	7
V	3154225	7
V	3154454	10
V	3154689	8
V	3154918	8
V	3155144	7
V	3155372	7
V	3155601	7
V	3155828	4
V	3156058	4
V	3156288	4
V	3156500	4
V	3156721	10
V	3156953	4
V	3157190	1
V	3157422	1
V	3157657	1
V	3157893	9
V	3158128	9
V	3158365	9
V	3158606	9
V	3158846	6
V	3159084	9
V	3159324	9
V	3159564	1
V	3159798	4
V	3160031	10
V	3160273	9
V	3160512	10
V	3160752	7
V	3160989	6
V	3161220	1
V	3161446	1
V	3161679	9
V	3161913	9
V	3162147	9
V	3162377	10
V	3162598	10
V	3162840	4
V	3163070	4
V	3163300	6
V	3163533	1
V	3163763	4
V	3163993	1
V	3164222	6
V	3164454	6
V	3164689	4
V	3164922	4
V	3165151	4
V	3165382	4
V	3165613	6
V	3165845	8
V	3166070	10
V	3166304	7
V	3166535	7
V	3166747	8
V	3166977	8
V	3167206	10
V	3167441	4
V	3167671	4
V	3167892	4
V	3168126	7
V	3168359	9
V	3168596	9
V	3168836	9
V	3169076	9
V	3169312	9
V	3169551	9
V	3169787	9
V	3170025	9
V	3170265	9
V	3170506	1
V	3170721	1
V	3170955	4
V	3171190	4
V	3171425	10
V	3171662	7
V	3171896	8
V	3172128	7
V	3172365	9
V	3172604	10
V	3172842	8
V	3173078	9
V	3173310	9
V	3173544	9
V	3173776	9
V	3174007	9
V	3174241	9
V	3174475	9
V	3174708	8
V	3174944	1
V	3175171	4
V	3175399	6
V	3175633	4
V	3175862	1
V	3176092	6
V	3176326	4
V	3176556	6
V	3176788	4
V	3177018	6
V	3177252	6
V	3177484	4
V	3177715	1
V	3177945	4
V	3178175	6
V	3178409	4
V	3178638	10
V	3178870	8
V	3179100	8
V	3179330	10
V	3179565	10
V	3179799	7
V	3180026	6
V	3180252	4
V	3180478	10
V	3180712	1
V	3180944	6
V	3181181	1
V	3181418	4
V	3181655	10
V	3181894	9
V	3182131	9
V	3182369	9
V	3182610	9
V	3182851	9
V	3183088	1
V	3183323	4
V	3183560	4
V	3183794	4
V	3184028	8
V	3184261	8
V	3184494	10
V	3184735	8
V	3184991	6
V	3185244	10
V	3185489	3
V	3185743	6
V	3185992	5
V	3186240	10
V	3186494	6
V	3186750	8
V	3187000	6
V	3187247	6
V	3187500	6
V	3187756	6
V	3188014	1
V	3188262	1
V	3188507	5
V	3188756	7
V	3189005	4
V	3189256	1
V	3189509	1
V	3189757	9
V	3190012	4
V	3190255	4
V	3190507	4
V	3190758	1
V	3191012	3
V	3191267	3
V	3191517	5
V	3191766	3
V	3192014	3
V	3192266	4
V	3192522	7
V	3192772	1
V	3193021	1
V	3193275	1
V	3193529	6
V	3193775	7
V	3194016	3
V	3194263	7
V	3194511	7
V	3194763	3
V	3195008	7
V	3195257	7
V	3195516	7
V	3195770	7
V	3196024	6
V	3196280	7
V	3196532	9
V	3196785	2
V	3197035	7
V	3197290	4
V	3197546	2
V	3197792	5
V	3198041	2
V	3198296	8
V	3198551	8
V	3198810	7
V	3199063	8
V	3199318	6
V	3199574	6
V	3199822	5
V	3200069	6
V	3200315	5
V	3200567	9
V	3200825	2
V	3201076	4
V	3201323	8
V	3201569	6
V	3201822	10
V	3202080	5
V	3202329	6
V	3202584	10
V	3202841	6
V	3203089	4
V	3203343	7
V	3203593	2
V	3203843	5
V	3204097	5
V	3204341	1
V	3204581	2
V	3204830	6
V	3205074	6
V	3205331	7
V	3205585	6
V	3205836	6
V	3206086	6
V	3206342	2
V	3206592	1
V	3206848	6
V	3207100	2
V	3207349	2
V	3207592	6
V	3207846	5
V	3208097	1
V	3208356	5
V	3208605	5
V	3208856	5
V	3209101	1
V	3209350	1
V	3209598	1
V	3209846	2
V	3210091	3
V	3210341	2
V	3210584	10
V	3210834	3
V	3211078	2
V	3211318	5
V	3211569	7
V	3211818	6
V	3212074	3
V	3212329	6
V	3212584	2
V	3212830	3
V	3213079	2
V	3213330	5
V	3213580	9
V	3213836	4
V	3214089	3
V	3214333	1
V	3214584	4
V	3214835	8
V	3215092	8
V	3215347	4
V	3215600	1
V	3215849	1
V	3216103	4
V	3216353	4
V	3216606	4
V	3216856	2
V	3217097	2
V	3217350	4
V	3217597	7
V	3217852	4
V	3218107	4
V	3218357	2
V	3218599	9
V	3218851	3
V	3219100	5
V	3219351	7
V	3219607	1
V	3219854	6
V	3220107	4
V	3220355	6
V	3220613	6
V	3220867	8
V	3221119	4
V	3221372	5
V	3221621	6
V	3221873	1
V	3222124	6
V	3222379	5
V	3222630	1
V	3222873	2
V	3223122	3
V	3223364	10
V	3223606	1
V	3223848	4
V	3224101	4
V	3224345	1
V	3224593	9
V	3224846	4
V	3225096	4
V	3225344	4
V	3225592	5
V	3225837	1
V	3226084	8
V	3226335	10
V	3226587	10
V	3226841	10
V	3227100	7
V	3227344	8
V	3227580	10
V	3227830	10
V	3228083	10
V	3228339	3
V	3228596	9
V	3228851	6
V	3229107	9
V	3229358	5
V	3229606	9
V	3229844	4
V	3230070	9
V	3230304	9
V	3230538	9
V	3230774	9
V	3231008	9
V	3231242	6
V	3231474	6
V	3231705	1
V	3231936	4
V	3232164	6
V	3232396	6
V	3232630	1
V	3232861	6
V	3233094	6
V	3233327	6
V	3233561	1
V	3233789	6
V	3234023	1
V	3234251	6
V	3234483	6
V	3234714	6
V	3234946	6
V	3235179	4
V	3235406	6
V	3235639	8
V	3235868	7
V	3236097	8
V	3236328	7
V	3236556	8
V	3236784	1
V	3237016	4
V	3237245	4
V	3237473	4
V	3237711	4
V	3237926	6
V	3238167	4
V	3238403	9
V	3238643	9
V	3238880	9
V	3239116	9
V	3239353	9
V	3239592	9
V	3239831	1
V	3240063	4
V	3240298	4
V	3240532	4
V	3240766	10
V	3241004	10
V	3241241	7
V	3241478	7
V	3241713	7
V	3241949	6
V	3242183	9
V	3242416	9
V	3242648	9
V	3242881	9
V	3243115	9
V	3243347	9
V	3243582	7
V	3243817	7
V	3244050	6
V	3244282	4
V	3244509	4
V	3244736	4
V	3244964	4
V	3245198	6
V	3245429	1
V	3245657	6
V	3245890	4
V	3246119	1
V	3246349	4
V	3246578	1
V	3246808	1
V	3247037	4
V	3247266	1
V	3247493	4
V	3247720	4
V	3247946	1
V	3248177	6
V	3248411	1
V	3248640	4
V	3248867	7
V	3249097	10
V	3249329	8
V	3249559	8
V	3249790	7
V	3250020	10
V	3250249	10
V	3250480	6
V	3250706	1
V	3250934	10
V	3251168	7
V	3251399	4
V	3251630	1
V	3251863	4
V	3252099	1
V	3252336	4
V	3252571	6
V	3252810	10
V	3253047	9
V	3253284	9
V	3253525	9
V	3253762	9
V	3254001	1
V	3254237	10
V	3254478	8
V	3254712	10
V	3254955	8
V	3255191	9
V	3255431	9
V	3255670	9
V	3255909	9
V	3256130	9
V	3256369	9
V	3256609	8
V	3256845	6
V	3257076	9
V	3257308	9
V	3257541	9
V	3257773	9
V	3258007	9
V	3258242	8
V	3258478	8
V	3258714	1
V	3258943	1
V	3259169	6
V	3259401	6
V	3259634	1
V	3259862	1
V	3260091	4
V	3260318	6
V	3260552	6
V	3260786	1
V	3261016	1
V	3261246	4
V	3261478	1
V	3261708	4
V	3261937	4
V	3262170	4
V	3262396	4
V	3262623	6
V	3262856	1
V	3263068	6
V	3263301	6
V	3263535	7
V	3263764	7
V	3263996	4
V	3264225	1
V	3264453	4
V	3264683	6
V	3264917	1
V	3265147	4
V	3265368	4
V	3265598	8
V	3265826	1
V	3266055	1
V	3266286	1
V	3266523	6
V	3266746	1
V	3266982	6
V	3267219	4
V	3267454	4
V	3267690	1
V	3267926	4
V	3268163	9
V	3268401	9
V	3268637	9
V	3268873	9
V	3269113	9
V	3269353	9
V	3269593	4
V	3269826	4
V	3270064	4
V	3270296	6
V	3270533	6
V	3270772	9
V	3271010	9
V	3271246	6
V	3271478	9
V	3271711	9
V	3271943	9
V	3272177	9
V	3272410	9
V	3272644	9
V	3272874	9
V	3273105	9
V	3273338	9
V	3273571	6
V	3273802	1
V	3274028	5
V	3274246	1
V	3274476	4
V	3274705	4
V	3274935	1
V	3275165	6
V	3275398	4
V	3275627	1
V	3275856	1
V	3276088	4
V	3276316	6
V	3276548	1
V	3276781	6
V	3277011	1
V	3277240	4
V	3277469	6
V	3277700	1
V	3277924	4
V	3278154	10
V	3278387	10
V	3278622	8
V	3278848	7
V	3279075	4
V	3279297	6
V	3279531	4
V	3279759	1
V	3279988	6
V	3280220	6
V	3280454	1
V	3280690	6
V	3280930	1
V	3281167	10
V	3281406	7
V	3281643	9
V	3281883	9
V	3282120	9
V	3282358	9
V	3282599	9
V	3282837	9
V	3283076	4
V	3283312	4
V	3283548	4
V	3283782	4
V	3284016	1
V	3284251	7
V	3284484	9
V	3284722	8
V	3284952	1
V	3285179	9
V	3285413	9
V	3285647	9
V	3285878	9
V	3286108	9
V	3286322	10
V	3286546	6
V	3286780	4
V	3287010	6
V	3287241	1
V	3287470	4
V	3287701	4
V	3287928	1
V	3288160	1
V	3288388	1
V	3288618	6
V	3288849	4
V	3289078	4
V	3289308	1
V	3289538	1
V	3289768	4
V	3289997	6
V	3290232	8
V	3290461	8
V	3290683	10
V	3290918	10
V	3291154	10
V	3291389	10
V	3291621	6
V	3291846	4
V	3292077	4
V	3292306	8
V	3292536	1
V	3292766	7
V	3292992	4
V	3293225	4
V	3293462	1
V	3293697	4
V	3293933	6
V	3294173	1
V	3294410	4
V	3294646	9
V	3294885	9
V	3295122	9
V	3295363	9
V	3295604	1
V	3295838	4
V	3296073	4
V	3296308	4
V	3296544	10
V	3296784	8
V	3297020	9
V	3297254	9
V	3297486	9
V	3297720	9
V	3297952	9
V	3298187	9
V	3298420	9
V	3298654	7
V	3298891	9
V	3299125	10
V	3299367	8
V	3299600	4
V	3299800	4
V	3300028	6
V	3300259	1
V	3300489	1
V	3300718	4
V	3300948	4
V	3301179	6
V	3301411	1
V	3301644	6
V	3301878	1
V	3302107	4
V	3302336	1
V	3302567	8
V	3302797	10
V	3303024	7
V	3303257	7
V	3303487	7
V	3303720	8
V	3303932	10
V	3304164	7
V	3304394	7
V	3304625	1
V	3304855	4
V	3305093	6
V	3305333	4
V	3305567	6
V	3305807	9
V	3306047	9
V	3306266	9
V	3306506	9
V	3306747	9
V	3306969	9
V	3307208	4
V	3307445	4
V	3307683	4
V	3307919	4
V	3308152	10
V	3308392	7
V	3308626	7
V	3308858	8
V	3309092	9
V	3309331	10
V	3309572	8
V	3309809	9
V	3310043	9
V	3310278	9
V	3310504	9
V	3310738	9
V	3310970	9
V	3311205	9
V	3311439	9
V	3311673	9
V	3311908	1
V	3312136	1
V	3312365	6
V	3312599	4
V	3312811	1
V	3313041	6
V	3313275	4
V	3313504	4
V	3313734	4
V	3313963	6
V	3314197	1
V	3314423	6
V	3314654	4
V	3314883	8
V	3315112	10
V	3315348	10
V	3315582	10
V	3315815	10
V	3316049	10
V	3316282	8
V	3316511	1
V	3316740	4
V	3316969	6
V	3317202	6
V	3317432	10
V	3317667	1
V	3317896	1
V	3318126	6
V	3318363	7
V	3318592	4
V	3318830	4
V	3319066	4
V	3319302	6
V	3319539	4
V	3319775	6
V	3320015	1
V	3320251	9
V	3320488	9
V	3320727	9
V	3320969	9
V	3321208	9
V	3321448	1
V	3321682	6
V	3321922	4
V	3322160	1
V	3322394	4
V	3322627	8
V	3322862	8
V	3323094	9
V	3323332	9
V	3323573	7
V	3323808	9
V	3324039	9
V	3324274	9
V	3324509	7
V	3324745	10
V	3324966	6
V	3325199	1
V	3325427	4
V	3325658	4
V	3325887	4
V	3326116	1
V	3326345	4
V	3326575	1
V	3326805	6
V	3327038	6
V	3327270	1
V	3327500	4
V	3327730	10
V	3327965	1
V	3328195	4
V	3328423	7
V	3328656	10
V	3328889	8
V	3329120	4
V	3329350	1
V	3329578	4
V	3329804	7
V	3330016	4
V	3330249	6
V	3330471	9
V	3330711	9
V	3330934	9
V	3331174	4
V	3331408	1
V	3331642	4
V	3331878	10
V	3332115	10
V	3332353	9
V	3332592	6
V	3332808	9
V	3333040	8
V	3333273	1
V	3333491	4
V	3333720	6
V	3333951	1
V	3334182	1
V	3334412	1
V	3334642	6
V	3334874	6
V	3335108	6
V	3335339	6
V	3335571	6
V	3335803	1
V	3336033	1
V	3336263	4
V	3336493	4
V	3336721	1
V	3336950	6
V	3337178	1
V	3337408	8
V	3337637	8
V	3337864	10
V	3338100	10
V	3338333	6
V	3338565	4
V	3338796	10
V	3339029	1
V	3339259	7
V	3339487	4
V	3339723	4
V	3339960	4
V	3340198	6
V	3340439	6
V	3340679	6
V	3340919	1
V	3341155	7
V	3341390	7
V	3341624	10
V	3341864	9
V	3342104	9
V	3342344	9
V	3342585	9
V	3342825	1
V	3343059	6
V	3343300	1
V	3343532	1
V	3343764	1
V	3343999	6
V	3344238	8
V	3344472	10
V	3344714	7
V	3344949	10
V	3345190	10
V	3345431	9
V	3345670	8
V	3345905	4
V	3346114	4
V	3346342	9
V	3346576	9
V	3346811	9
V	3347045	9
V	3347277	9
V	3347507	9
V	3347739	9
V	3347968	8
V	3348204	8
V	3348439	9
V	3348674	10
V	3348911	7
V	3349149	7
V	3349381	6
V	3349615	6
V	3349828	4
V	3350041	4
V	3350270	4
V	3350500	4
V	3350730	1
V	3350960	6
V	3351193	4
V	3351425	4
V	3351656	4
V	3351886	6
V	3352120	1
V	3352346	6
V	3352581	8
V	3352807	8
V	3353035	7
V	3353264	6
V	3353489	4
V	3353719	4
V	3353933	1
V	3354162	4
V	3354399	1
V	3354618	1
V	3354854	4
V	3355086	1
V	3355323	4
V	3355542	9
V	3355782	9
V	3356022	9
V	3356263	9
V	3356486	9
V	3356725	9
V	3356966	9
V	3357207	4
V	3357442	4
V	3357675	4
V	3357908	1
V	3358143	8
V	3358378	8
V	3358614	10
V	3358855	10
V	3359096	4
V	3359324	9
V	3359557	9
V	3359791	9
V	3360023	9
V	3360256	9
V	3360488	9
V	3360717	10
V	3360959	6
V	3361195	1
V	3361423	6
V	3361656	6
V	3361889	1
V	3362118	1
V	3362347	1
V	3362576	1
V	3362805	1
V	3363034	1
V	3363264	6
V	3363497	10
V	3363730	8
V	3363959	7
V	3364188	1
V	3364417	10
V	3364647	10
V	3364878	10
V	3365111	10
V	3365343	10
V	3365581	10
V	3365813	6
V	3366038	4
V	3366259	1
V	3366489	10
V	3366723	4
V	3366957	1
V	3367194	9
V	3367435	4
V	3367669	4
V	3367903	6
V	3368141	8
V	3368377	9
V	3368615	10
V	3368857	10
V	3369098	4
V	3369327	6
V	3369558	9
V	3369792	9
V	3370025	9
V	3370258	9
V	3370473	9
V	3370707	9
V	3370941	9
V	3371175	9
V	3371408	9
V	3371640	10
V	3371879	8
V	3372117	10
V	3372354	1
V	3372583	4
V	3372810	6
V	3373039	4
V	3373268	4
V	3373496	6
V	3373730	1
V	3373955	10
V	3374190	7
V	3374417	7
V	3374647	10
V	3374879	10
V	3375111	10
V	3375346	8
V	3375577	10
V	3375811	8
V	3376039	6
V	3376265	1
V	3376495	4
V	3376725	1
V	3376955	7
V	3377182	4
V	3377415	4
V	3377649	4
V	3377886	8
V	3378119	8
V	3378353	9
V	3378592	9
V	3378812	9
V	3379052	9
V	3379291	6
V	3379531	4
V	3379750	6
V	3379988	4
V	3380221	4
V	3380454	4
V	3380688	4
V	3380923	8
V	3381142	9
V	3381381	8
V	3381600	7
V	3381833	7
V	3382070	7
V	3382307	1
V	3382536	9
V	3382769	9
V	3383001	9
V	3383235	9
V	3383467	9
V	3383699	9
V	3383929	8
V	3384162	1
V	3384396	6
V	3384629	6
V	3384861	1
V	3385090	1
V	3385320	6
V	3385554	4
V	3385782	6
V	3386015	1
V	3386243	6
V	3386475	4
V	3386704	4
V	3386933	4
V	3387161	1
V	3387390	4
V	3387619	6
V	3387852	4
V	3388082	6
V	3388316	10
V	3388532	10
V	3388767	10
V	3389005	10
V	3389240	10
V	3389476	7
V	3389706	10
V	3389938	10
V	3390174	8
V	3390405	7
V	3390632	6
V	3390857	1
V	3391086	8
V	3391296	4
V	3391515	1
V	3391749	6
V	3391989	1
V	3392223	7
V	3392456	9
V	3392696	9
V	3392935	9
V	3393176	6
V	3393413	1
V	3393649	4
V	3393883	7
V	3394116	7
V	3394351	9
V	3394589	9
V	3394829	9
V	3395068	10
V	3395310	9
V	3395542	9
V	3395774	9
V	3396005	9
V	3396238	8
V	3396473	10
V	3396710	10
V	3396948	6
V	3397179	6
V	3397412	6
V	3397642	6
V	3397876	1
V	3398106	1
V	3398337	1
V	3398567	1
V	3398795	6
V	3399029	6
V	3399263	1
V	3399475	4
V	3399704	10
V	3399934	10
V	3400164	7
V	3400396	10
V	3400631	10
V	3400866	7
V	3401091	7
V	3401320	7
V	3401549	10
V	3401785	10
V	3402020	7
V	3402245	6
V	3402483	1
V	3402692	6
V	3402932	1
V	3403166	1
V	3403400	7
V	3403636	9
V	3403877	9
V	3404115	9
V	3404354	9
V	3404593	9
V	3404834	9
V	3405073	4
V	3405308	1
V	3405542	4
V	3405777	4
V	3405993	1
V	3406228	7
V	3406463	10
V	3406702	10
V	3406940	8
V	3407174	10
V	3407411	10
V	3407652	9
V	3407888	6
V	3408120	9
V	3408352	9
V	3408585	9
V	3408817	9
V	3409049	8
V	3409285	10
V	3409525	10
V	3409762	5
V	3409989	1
V	3410217	4
V	3410443	6
V	3410677	6
V	3410911	6
V	3411143	4
V	3411371	4
V	3411601	1
V	3411829	4
V	3412061	4
V	3412290	4
V	3412520	4
V	3412745	1
V	3412976	6
V	3413212	4
V	3413442	6
V	3413674	6
V	3413906	6
V	3414137	1
V	3414366	10
V	3414600	8
V	3414832	8
V	3415060	8
V	3415288	7
V	3415518	7
V	3415748	4
V	3415980	6
V	3416213	1
V	3416443	4
V	3416672	10
V	3416906	1
V	3417140	6
V	3417376	1
V	3417609	4
V	3417845	1
V	3418079	6
V	3418319	10
V	3418559	7
V	3418792	9
V	3419029	9
V	3419267	9
V	3419507	9
V	3419747	9
V	3419987	4
V	3420222	4
V	3420459	1
V	3420693	4
V	3420929	1
V	3421161	1
V	3421396	4
V	3421631	7
V	3421868	9
V	3422106	8
V	3422342	7
V	3422579	9
V	3422812	9
V	3423045	9
V	3423279	9
V	3423512	9
V	3423748	9
V	3423981	9
V	3424214	9
V	3424447	9
V	3424681	9
V	3424915	9
V	3425147	9
V	3425380	10
V	3425622	7
V	3425859	7
V	3426093	1
V	3426318	4
V	3426547	6
V	3426780	6
V	3427013	4
V	3427242	4
V	3427471	6
V	3427704	1
V	3427933	6
V	3428165	1
V	3428391	8
V	3428620	8
V	3428831	7
V	3429061	10
V	3429297	10
V	3429531	8
V	3429761	10
V	3429996	4
V	3430217	7
V	3430442	4
V	3430672	4
V	3430909	4
V	3431145	1
V	3431381	4
V	3431617	6
V	3431855	1
V	3432093	9
V	3432330	9
V	3432567	9
V	3432807	9
V	3433045	9
V	3433285	1
V	3433520	4
V	3433755	4
V	3433988	7
V	3434224	10
V	3434465	10
V	3434706	6
V	3434937	1
V	3435169	9
V	3435384	9
V	3435617	7
V	3435853	7
V	3436090	8
V	3436326	8
V	3436559	6
V	3436791	4
V	3437021	6
V	3437243	6
V	3437477	1
V	3437704	6
V	3437940	4
V	3438166	1
V	3438396	4
V	3438623	4
V	3438853	1
V	3439083	6
V	3439313	6
V	3439547	6
V	3439781	4
V	3440008	1
V	3440238	1
V	3440468	6
V	3440700	7
V	3440933	7
V	3441157	10
V	3441391	7
V	3441620	10
V	3441855	7
V	3442085	8
V	3442314	7
V	3442542	8
V	3442771	4
V	3443000	6
V	3443241	1
V	3443478	4
V	3443714	8
V	3443949	9
V	3444191	9
V	3444430	9
V	3444670	9
V	3444909	9
V	3445149	4
V	3445380	6
V	3445619	4
V	3445856	4
V	3446088	1
V	3446321	1
V	3446554	6
V	3446791	4
V	3447025	4
V	3447260	10
V	3447501	8
V	3447736	7
V	3447971	7
V	3448207	7
V	3448444	9
V	3448660	9
V	3448893	9
V	3449108	9
V	3449341	9
V	3449575	9
V	3449807	9
V	3450042	10
V	3450284	10
V	3450525	8
V	3450761	4
V	3450990	1
V	3451217	6
V	3451452	6
V	3451684	6
V	3451917	6
V	3452151	6
V	3452383	4
V	3452612	1
V	3452843	6
V	3453076	6
V	3453310	4
V	3453539	4
V	3453754	1
V	3453983	6
V	3454217	4
V	3454444	6
V	3454678	8
V	3454906	8
V	3455138	7
V	3455367	10
V	3455603	7
V	3455830	7
V	3456060	7
V	3456293	10
V	3456529	8
V	3456760	1
V	3456989	6
V	3457221	6
V	3457457	4
V	3457668	7
V	3457894	1
V	3458125	4
V	3458358	4
V	3458591	6
V	3458825	4
V	3459061	6
V	3459300	4
V	3459537	8
V	3459768	9
V	3460006	9
V	3460244	9
V	3460485	6
V	3460722	4
V	3460958	1
V	3461191	4
V	3461425	10
V	3461663	7
V	3461897	8
V	3462133	10
V	3462374	9
V	3462613	10
V	3462854	10
V	3463096	8
V	3463333	10
V	3463574	9
V	3463809	9
V	3464044	9
V	3464276	9
V	3464510	1
V	3464741	6
V	3464975	4
V	3465202	4
V	3465431	1
V	3465642	1
V	3465871	1
V	3466098	6
V	3466332	1
V	3466561	4
V	3466790	4
V	3467019	1
V	3467247	4
V	3467479	1
V	3467708	6
V	3467945	4
V	3468174	1
V	3468404	1
V	3468634	1
V	3468861	4
V	3469094	8
V	3469324	8
V	3469552	10
V	3469784	10
V	3470020	7
V	3470246	7
V	3470475	7
V	3470702	8
V	3470932	6
V	3471147	6
V	3471379	1
V	3471609	4
V	3471838	1
V	3472068	4
V	3472303	1
V	3472541	4
V	3472778	8
V	3473012	9
V	3473252	9
V	3473493	9
V	3473732	9
V	3473973	9
V	3474195	9
V	3474435	9
V	3474675	9
V	3474915	9
V	3475156	6
V	3475395	6
V	3475631	9
V	3475869	7
V	3476105	7
V	3476340	6
V	3476572	9
V	3476808	7
V	3477044	4
V	3477273	6
V	3477507	4
V	3477737	1
V	3477965	4
V	3478195	4
V	3478424	6
V	3478658	4
V	3478887	4
V	3479117	6
V	3479350	4
V	3479580	6
V	3479814	1
V	3480043	4
V	3480268	10
V	3480503	7
V	3480732	7
V	3480958	8
V	3481170	10
V	3481401	4
V	3481637	4
V	3481874	1
V	3482108	10
V	3482347	9
V	3482588	9
V	3482828	1
V	3483065	4
V	3483297	6
V	3483535	1
V	3483769	6
V	3484005	6
V	3484243	10
V	3484484	10
V	3484723	10
V	3484965	9
V	3485197	9
V	3485430	9
V	3485663	9
V	3485896	9
V	3486130	9
V	3486364	9
V	3486598	9
V	3486832	9
V	3487067	9
V	3487297	10
V	3487535	6
V	3487765	1
V	3487995	1
V	3488226	1
V	3488454	4
V	3488683	4
V	3488909	1
V	3489137	6
V	3489370	6
V	3489603	6
V	3489835	1
V	3490065	6
V	3490294	4
V	3490523	4
V	3490753	8
V	3490983	7
V	3491211	7
V	3491441	10
V	3491675	7
V	3491905	7
V	3492117	1
V	3492345	6
V	3492579	4
V	3492808	1
V	3493038	6
V	3493270	4
V	3493492	4
V	3493722	8
V	3493952	6
V	3494190	1
V	3494426	6
V	3494664	1
V	3494898	1
V	3495131	4
V	3495367	6
V	3495606	4
V	3495842	9
V	3496078	9
V	3496317	9
V	3496558	9
V	3496796	9
V	3497036	9
V	3497277	6
V	3497500	4
V	3497738	1
V	3497975	4
V	3498209	10
V	3498430	10
V	3498666	8
V	3498902	9
V	3499139	9
V	3499378	9
V	3499617	8
V	3499855	10
V	3500095	6
V	3500330	9
V	3500563	9
V	3500797	8
V	3501033	10
V	3501257	10
V	3501499	10
V	3501739	10
V	3501980	7
V	3502213	1
V	3502441	1
V	3502653	6
V	3502887	4
V	3503118	4
V	3503347	4
V	3503575	4
V	3503802	6
V	3504035	6
V	3504268	6
V	3504501	4
V	3504733	6
V	3504967	6
V	3505201	4
V	3505431	4
V	3505661	1
V	3505890	6
V	3506124	1
V	3506350	1
V	3506580	1
V	3506807	10
V	3507043	8
V	3507272	8
V	3507502	10
V	3507740	10
V	3507975	10
V	3508210	10
V	3508444	6
V	3508678	1
V	3508913	1
V	3509147	6
V	3509387	4
V	3509622	4
V	3509855	4
V	3510092	4
V	3510327	1
V	3510562	9
V	3510803	9
V	3511040	9
V	3511278	9
V	3511519	9
V	3511759	9
V	3511998	9
V	3512240	9
V	3512480	9
V	3512721	9
V	3512961	1
V	3513197	4
V	3513432	8
V	3513667	10
V	3513905	8
V	3514137	9
V	3514372	10
V	3514615	7
V	3514850	6
V	3515082	4
V	3515310	9
V	3515544	9
V	3515777	9
V	3516010	9
V	3516244	10
V	3516486	6
V	3516718	9
V	3516953	1
V	3517179	4
V	3517409	4
V	3517638	6
V	3517872	4
V	3518101	6
V	3518333	4
V	3518562	1
V	3518791	4
V	3519021	4
V	3519251	1
V	3519480	6
V	3519712	1
V	3519941	4
V	3520169	1
V	3520395	4
V	3520628	6
V	3520844	1
V	3521074	7
V	3521304	8
V	3521534	10
V	3521769	7
V	3521998	10
V	3522232	10
V	3522469	10
V	3522705	2
V	3522942	1
V	3523176	4
V	3523412	1
V	3523650	6
V	3523891	4
V	3524127	10
V	3524367	9
V	3524603	9
V	3524841	9
V	3525080	9
V	3525317	9
V	3525555	1
V	3525788	4
V	3526022	4
V	3526260	8
V	3526496	9
V	3526736	9
V	3526973	8
V	3527211	10
V	3527453	10
V	3527695	7
V	3527933	10
V	3528174	7
V	3528411	4
V	3528638	9
V	3528872	9
V	3529106	9
V	3529342	9
V	3529576	9
V	3529810	9
V	3530042	9
V	3530276	9
V	3530511	9
V	3530747	10
V	3530989	7
V	3531225	8
V	3531456	6
V	3531690	6
V	3531925	6
V	3532160	4
V	3532390	4
V	3532623	1
V	3532853	4
V	3533080	6
V	3533313	4
V	3533543	4
V	3533773	1
V	3534004	6
V	3534238	1
V	3534467	4
V	3534698	6
V	3534932	1
V	3535159	1
V	3535389	4
V	3535620	7
V	3535848	8
V	3536076	10
V	3536286	7
V	3536516	7
V	3536743	8
V	3536972	10
V	3537205	7
V	3537432	10
V	3537650	6
V	3537877	6
V	3538109	6
V	3538329	1
V	3538567	4
V	3538805	6
V	3539047	6
V	3539286	4
V	3539521	1
V	3539754	1
V	3539991	4
V	3540226	4
V	3540461	4
V	3540699	4
V	3540937	1
V	3541173	8
V	3541408	9
V	3541646	9
V	3541885	9
V	3542127	9
V	3542369	9
V	3542610	9
V	3542850	1
V	3543086	1
V	3543319	8
V	3543552	10
V	3543791	9
V	3544031	10
V	3544273	7
V	3544509	9
V	3544744	9
V	3544979	9
V	3545212	9
V	3545445	9
V	3545678	1
V	3545907	6
V	3546142	1
V	3546370	6
V	3546608	1
V	3546820	1
V	3547050	1
V	3547279	6
V	3547514	6
V	3547748	4
V	3547959	6
V	3548191	6
V	3548428	6
V	3548660	6
V	3548893	7
V	3549120	10
V	3549353	10
V	3549585	7
V	3549815	6
V	3550049	4
V	3550283	4
V	3550519	1
V	3550754	9
V	3550995	9
V	3551233	9
V	3551473	9
V	3551714	9
V	3551937	4
V	3552173	4
V	3552407	8
V	3552625	10
V	3552867	8
V	3553102	7
V	3553336	8
V	3553569	10
V	3553810	7
V	3554046	10
V	3554289	10
V	3554529	8
V	3554765	10
V	3555005	1
V	3555234	9
V	3555470	9
V	3555704	9
V	3555939	9
V	3556173	9
V	3556404	9
V	3556639	8
V	3556872	1
V	3557101	4
V	3557331	6
V	3557554	6
V	3557792	1
V	3558023	1
V	3558249	6
V	3558483	1
V	3558713	1
V	3558941	1
V	3559171	4
V	3559402	4
V	3559634	6
V	3559869	6
V	3560104	10
V	3560341	7
V	3560570	7
V	3560781	8
V	3561012	10
V	3561244	10
V	3561479	10
V	3561697	4
V	3561928	6
V	3562162	3
V	3562391	6
V	3562625	7
V	3562853	4
V	3563090	1
V	3563325	7
V	3563559	8
V	3563791	10
V	3564031	8
V	3564268	9
V	3564510	9
V	3564752	9
V	3564994	9
V	3565235	9
V	3565478	4
V	3565714	7
V	3565947	10
V	3566187	10
V	3566429	7
V	3566665	10
V	3566908	10
V	3567151	10
V	3567393	9
V	3567610	9
V	3567845	9
V	3568080	9
V	3568316	7
V	3568550	10
V	3568792	10
V	3569035	4
V	3569265	6
V	3569499	4
V	3569729	6
V	3569964	4
V	3570197	1
V	3570428	1
V	3570655	6
V	3570891	4
V	3571120	6
V	3571354	4
V	3571582	4
V	3571812	4
V	3572044	6
V	3572278	4
V	3572509	4
V	3572736	1
V	3572960	4
V	3573193	7
V	3573422	8
V	3573651	10
V	3573884	10
V	3574120	10
V	3574355	7
V	3574564	6
V	3574795	4
V	3575023	4
V	3575253	6
V	3575487	1
V	3575716	1
V	3575953	4
V	3576187	6
V	3576411	1
V	3576649	1
V	3576883	6
V	3577126	4
V	3577359	7
V	3577590	9
V	3577832	9
V	3578075	9
V	3578316	9
V	3578557	9
V	3578796	9
V	3579037	9
V	3579275	1
V	3579506	4
V	3579738	6
V	3579979	4
V	3580215	8
V	3580430	8
V	3580662	8
V	3580898	7
V	3581135	9
V	3581373	9
V	3581614	9
V	3581853	10
V	3582095	10
V	3582337	7
V	3582572	1
V	3582808	6
V	3583040	1
V	3583258	9
V	3583492	9
V	3583724	9
V	3583958	9
V	3584192	9
V	3584430	9
V	3584666	9
V	3584902	9
V	3585134	9
V	3585365	10
V	3585602	4
V	3585829	4
V	3586059	6
V	3586292	1
V	3586520	1
V	3586749	1
V	3586977	4
V	3587205	6
V	3587439	4
V	3587670	4
V	3587900	1
V	3588131	1
V	3588343	4
V	3588573	6
V	3588810	4
V	3589039	6
V	3589272	4
V	3589501	1
V	3589732	4
V	3589958	1
V	3590183	4
V	3590395	6
V	3590630	7
V	3590858	8
V	3591088	7
V	3591317	10
V	3591553	8
V	3591784	7
V	3592014	8
V	3592241	10
V	3592474	6
V	3592709	1
V	3592938	6
V	3593173	8
V	3593399	1
V	3593635	1
V	3593873	1
V	3594110	4
V	3594348	4
V	3594585	1
V	3594822	1
V	3595056	4
V	3595291	9
V	3595529	9
V	3595767	9
V	3596005	9
V	3596246	9
V	3596489	9
V	3596731	4
V	3596963	1
V	3597199	4
V	3597435	10
V	3597677	10
V	3597920	10
V	3598158	10
V	3598398	8
V	3598632	9
V	3598873	4
V	3599099	9
V	3599315	9
V	3599550	9
V	3599786	9
V	3600021	9
V	3600255	8
V	3600473	8
V	3600707	8
V	3600942	10
V	3601185	7
V	3601419	6
V	3601653	1
V	3601883	4
V	3602112	4
V	3602342	4
V	3602572	1
V	3602783	1
V	3603012	1
V	3603242	4
V	3603473	6
V	3603704	4
V	3603933	6
V	3604168	4
V	3604397	1
V	3604627	4
V	3604857	10
V	3605093	7
V	3605322	7
V	3605552	7
V	3605761	6
V	3605996	1
V	3606218	6
V	3606453	1
V	3606689	4
V	3606926	4
V	3607162	1
V	3607399	8
V	3607632	9
V	3607874	9
V	3608116	9
V	3608354	9
V	3608592	9
V	3608833	4
V	3609070	6
V	3609312	4
V	3609546	4
V	3609780	1
V	3610014	6
V	3610252	4
V	3610486	4
V	3610719	6
V	3610957	4
V	3611173	4
V	3611407	7
V	3611642	10
V	3611882	10
V	3612120	8
V	3612353	10
V	3612591	10
V	3612833	9
V	3613073	9
V	3613312	10
V	3613552	1
V	3613783	9
V	3614018	9
V	3614251	9
V	3614481	7
V	3614714	7
V	3614930	10
V	3615170	1
V	3615399	6
V	3615634	1
V	3615864	6
V	3616098	4
V	3616325	4
V	3616552	4
V	3616776	6
V	3617009	4
V	3617239	4
V	3617470	6
V	3617702	4
V	3617932	6
V	3618168	4
V	3618381	4
V	3618610	1
V	3618843	1
V	3619074	4
V	3619306	4
V	3619536	6
V	3619768	6
V	3620002	10
V	3620237	7
V	3620467	7
V	3620695	10
V	3620931	10
V	3621166	10
V	3621402	7
V	3621632	7
V	3621844	7
V	3622075	8
V	3622304	4
V	3622533	6
V	3622767	1
V	3622989	10
V	3623222	6
V	3623463	4
V	3623682	4
V	3623914	1
V	3624144	1
V	3624380	8
V	3624614	9
V	3624852	9
V	3625093	9
V	3625335	9
V	3625573	1
V	3625807	4
V	3626040	4
V	3626259	4
V	3626496	1
V	3626732	1
V	3626967	8
V	3627202	7
V	3627436	7
V	3627672	1
V	3627918	8
V	3628164	2
V	3628408	1
V	3628654	10
V	3628915	3
V	3629168	4
V	3629425	10
V	3629686	4
V	3629938	1
V	3630191	6
V	3630447	7
V	3630692	6
V	3630946	6
V	3631203	9
V	3631460	1
V	3631712	1
V	3631959	6
V	3632219	4
V	3632476	10
V	3632734	3
V	3632986	9
V	3633246	4
V	3633486	5
V	3633738	6
V	3633996	7
V	3634250	7
V	3634505	3
V	3634759	6
V	3635012	6
V	3635270	9
V	3635528	6
V	3635786	1
V	3636033	9
V	3636292	4
V	3636541	7
V	3636786	4
V	3637038	6
V	3637292	6
V	3637542	1
V	3637795	10
V	3638045	4
V	3638295	7
V	3638549	3
V	3638803	2
V	3639053	1
V	3639311	9
V	3639565	9
V	3639821	6
V	3640076	2
V	3640331	8
V	3640589	8
V	3640842	6
V	3641092	5
V	3641337	6
V	3641591	6
V	3641850	6
V	3642109	6
V	3642366	10
V	3642626	10
V	3642882	1
V	3643136	1
V	3643387	1
V	3643640	4
V	3643883	8
V	3644140	1
V	3644387	8
V	3644634	7
V	3644884	7
V	3645132	3
V	3645385	5
V	3645639	6
V	3645895	6
V	3646142	5
V	3646395	4
V	3646649	2
V	3646903	4
V	3647154	6
V	3647410	4
V	3647664	6
V	3647924	6
V	3648184	4
V	3648440	6
V	3648689	4
V	3648944	6
V	3649198	4
V	3649443	5
V	3649694	4
V	3649945	5
V	3650195	6
V	3650450	1
V	3650702	4
V	3650950	5
V	3651204	6
V	3651451	4
V	3651707	3
V	3651961	9
V	3652209	4
V	3652455	1
V	3652704	7
V	3652944	9
V	3653198	6
V	3653448	6
V	3653704	9
V	3653956	3
V	3654197	2
V	3654444	2
V	3654692	10
V	3654949	3
V	3655190	1
V	3655445	4
V	3655698	2
V	3655949	4
V	3656201	4
V	3656453	3
V	3656701	3
V	3656954	4
V	3657201	9
V	3657456	1
V	3657703	8
V	3657955	1
V	3658209	6
V	3658460	4
V	3658715	5
V	3658964	3
V	3659211	4
V	3659461	4
V	3659712	8
V	3659970	4
V	3660225	4
V	3660470	1
V	3660723	2
V	3660971	8
V	3661221	4
V	3661465	5
V	3661713	4
V	3661960	6
V	3662210	8
V	3662462	5
V	3662706	3
V	3662958	4
V	3663206	6
V	3663458	6
V	3663706	8
V	3663959	9
V	3664211	4
V	3664455	8
V	3664697	10
V	3664948	4
V	3665197	1
V	3665442	3
V	3665688	8
V	3665937	8
V	3666187	4
V	3666435	10
V	3666685	2
V	3666926	3
V	3667174	3
V	3667425	1
V	3667675	1
V	3667920	1
V	3668169	9
V	3668414	10
V	3668673	10
V	3668931	1
V	3669178	1
V	3669429	9
V	3669685	4
V	3669939	5
V	3670183	5
V	3670431	5
V	3670684	9
V	3670933	5
V	3671182	2
V	3671434	2
V	3671687	5
V	3671936	8
V	3672173	7
V	3672407	10
V	3672649	10
V	3672888	9
V	3673124	9
V	3673358	9
V	3673575	9
V	3673810	9
V	3674042	7
V	3674280	10
V	3674522	8
V	3674758	10
V	3674997	4
V	3675208	4
V	3675438	1
V	3675666	4
V	3675894	4
V	3676125	6
V	3676358	4
V	3676570	1
V	3676799	1
V	3677027	6
V	3677245	6
V	3677481	4
V	3677711	7
V	3677941	10
V	3678179	8
V	3678409	7
V	3678638	8
V	3678866	7
V	3679095	8
V	3679322	6
V	3679557	4
V	3679786	6
V	3680020	8
V	3680251	4
V	3680483	6
V	3680721	4
V	3680958	4
V	3681195	1
V	3681430	10
V	3681670	7
V	3681905	7
V	3682140	9
V	3682380	9
V	3682621	9
V	3682863	9
V	3683102	9
V	3683341	9
V	3683579	9
V	3683821	4
V	3684058	1
V	3684294	4
V	3684526	1
V	3684758	4
V	3684975	4
V	3685208	4
V	3685445	7
V	3685682	8
V	3685916	8
V	3686152	8
V	3686388	10
V	3686630	10
V	3686873	10
V	3687115	9
V	3687355	9
V	3687590	9
V	3687823	9
V	3688058	10
V	3688300	10
V	3688542	8
V	3688779	7
V	3689016	8
V	3689252	7
V	3689487	4
V	3689717	6
V	3689951	1
V	3690181	6
V	3690417	4
V	3690645	1
V	3690874	4
V	3691103	4
V	3691334	6
V	3691551	4
V	3691782	4
V	3692010	1
V	3692240	4
V	3692473	6
V	3692709	6
V	3692946	4
V	3693176	4
V	3693406	6
V	3693642	10
V	3693862	10
V	3694102	7
V	3694332	10
V	3694565	7
V	3694793	8
V	3695023	7
V	3695251	10
V	3695486	1
V	3695715	8
V	3695944	8
V	3696174	4
V	3696402	4
V	3696613	1
V	3696843	6
V	3697077	1
V	3697310	4
V	3697544	4
V	3697778	4
V	3698015	4
V	3698250	9
V	3698491	9
V	3698731	9
V	3698971	9
V	3699209	9
V	3699450	4
V	3699683	1
V	3699918	4
V	3700154	4
V	3700389	6
V	3700626	4
V	3700859	1
V	3701078	7
V	3701314	7
V	3701547	7
V	3701780	9
V	3702019	9
V	3702257	9
V	3702499	9
V	3702741	9
V	3702982	10
V	3703224	10
V	3703465	10
V	3703707	8
V	3703945	9
V	3704183	9
V	3704417	10
V	3704657	8
V	3704890	10
V	3705133	7
V	3705369	4
V	3705601	1
V	3705832	4
V	3706060	4
V	3706287	4
V	3706516	4
V	3706747	6
V	3706983	1
V	3707213	6
V	3707447	1
V	3707676	4
V	3707905	1
V	3708135	8
V	3708365	4
V	3708594	10
V	3708829	10
V	3709066	8
V	3709295	7
V	3709525	10
V	3709761	4
V	3709991	4
V	3710227	6
V	3710465	4
V	3710697	4
V	3710929	1
V	3711160	4
V	3711395	1
V	3711632	4
V	3711869	4
V	3712105	4
V	3712340	4
V	3712576	9
V	3712816	9
V	3713038	9
V	3713278	9
V	3713515	4
V	3713749	4
V	3713982	4
V	3714198	4
V	3714431	6
V	3714673	4
V	3714909	4
V	3715146	4
V	3715380	4
V	3715612	1
V	3715843	4
V	3716076	6
V	3716315	7
V	3716550	8
V	3716786	8
V	3717022	9
V	3717261	9
V	3717502	8
V	3717739	10
V	3717981	8
V	3718216	9
V	3718451	9
V	3718685	9
V	3718919	9
V	3719154	9
V	3719388	9
V	3719604	8
V	3719819	7
V	3720055	7
V	3720287	8
V	3720519	7
V	3720752	7
V	3720985	7
V	3721219	7
V	3721456	7
V	3721690	6
V	3721926	1
V	3722154	6
V	3722389	1
V	3722619	1
V	3722848	4
V	3723078	6
V	3723311	1
V	3723540	6
V	3723774	6
V	3724007	4
V	3724240	4
V	3724470	4
V	3724700	4
V	3724930	6
V	3725164	4
V	3725394	6
V	3725629	1
V	3725855	10
V	3726092	7
V	3726323	8
V	3726554	7
V	3726783	7
V	3727011	8
V	3727241	8
V	3727467	7
V	3727698	8
V	3727929	10
V	3728166	1
V	3728394	4
V	3728613	4
V	3728847	1
V	3729081	1
V	3729316	4
V	3729552	4
V	3729788	10
V	3730028	10
V	3730269	9
V	3730510	9
V	3730751	9
V	3730989	9
V	3731227	9
V	3731466	9
V	3731708	4
V	3731941	4
V	3732174	4
V	3732410	1
V	3732646	6
V	3732887	1
V	3733121	8
V	3733357	10
V	3733595	7
V	3733829	8
V	3734066	9
V	3734301	9
V	3734534	9
V	3734766	9
V	3735001	8
V	3735238	8
V	3735470	4
V	3735698	1
V	3735926	6
V	3736158	4
V	3736384	6
V	3736617	1
V	3736847	6
V	3737081	4
V	3737310	1
V	3737539	4
V	3737770	4
V	3737982	1
V	3738212	1
V	3738442	4
V	3738672	7
V	3738901	10
V	3739133	7
V	3739362	7
V	3739589	10
V	3739821	10
V	3740057	7
V	3740286	1
V	3740514	6
V	3740749	10
V	3740982	6
V	3741216	4
V	3741451	4
V	3741684	4
V	3741918	6
V	3742138	6
V	3742380	1
V	3742615	4
V	3742851	4
V	3743086	1
V	3743321	4
V	3743558	6
V	3743799	4
V	3744036	10
V	3744277	9
V	3744518	9
V	3744756	9
V	3744997	9
V	3745237	9
V	3745478	9
V	3745716	1
V	3745932	1
V	3746166	1
V	3746404	6
V	3746644	4
V	3746880	7
V	3747115	8
V	3747351	10
V	3747591	10
V	3747832	10
V	3748075	7
V	3748294	7
V	3748530	9
V	3748766	9
V	3749003	8
V	3749239	10
V	3749480	8
V	3749715	8
V	3749951	7
V	3750187	9
V	3750421	9
V	3750638	9
V	3750869	9
V	3751105	9
V	3751335	9
V	3751568	9
V	3751801	10
V	3752043	4
V	3752274	6
V	3752509	6
V	3752744	1
V	3752974	6
V	3753208	4
V	3753438	1
V	3753666	6
V	3753901	6
V	3754135	4
V	3754362	1
V	3754591	4
V	3754820	4
V	3755050	4
V	3755278	4
V	3755504	6
V	3755737	1
V	3755966	10
V	3756202	7
V	3756430	10
V	3756665	10
V	3756900	10
V	3757136	10
V	3757371	6
V	3757605	4
V	3757834	4
V	3758063	6
V	3758299	4
V	3758527	6
V	3758761	10
V	3758996	6
V	3759216	4
V	3759450	1
V	3759687	4
V	3759919	1
V	3760155	7
V	3760390	8
V	3760624	8
V	3760859	9
V	3761101	9
V	3761325	9
V	3761565	9
V	3761804	9
V	3762044	9
V	3762281	9
V	3762523	9
V	3762764	1
V	3762997	6
V	3763234	4
V	3763468	6
V	3763706	1
V	3763942	4
V	3764178	4
V	3764415	1
V	3764650	4
V	3764886	4
V	3765118	10
V	3765360	8
V	3765593	8
V	3765827	10
V	3766066	10
V	3766304	8
V	3766539	7
V	3766775	10
V	3767008	10
V	3767250	9
V	3767488	9
V	3767731	9
V	3767970	10
V	3768213	8
V	3768449	7
V	3768685	9
V	3768920	9
V	3769156	9
V	3769394	9
V	3769628	9
V	3769864	9
V	3770097	9
V	3770329	9
V	3770560	9
V	3770796	9
V	3771032	9
V	3771266	10
V	3771509	7
V	3771746	7
V	3771983	7
V	3772218	10
V	3772457	7
V	3772691	7
V	3772923	10
V	3773164	6
V	3773398	4
V	3773628	1
V	3773858	4
V	3774087	4
V	3774315	1
V	3774547	6
V	3774783	6
V	3775019	6
V	3775253	4
V	3775482	6
V	3775715	6
V	3775949	6
V	3776183	6
V	3776421	4
V	3776651	6
V	3776884	6
V	3777119	4
V	3777349	1
V	3777578	7
V	3777810	10
V	3778046	7
V	3778276	8
V	3778506	7
V	3778735	7
V	3778964	10
V	3779200	4
V	3779422	1
V	3779633	1
V	3779862	4
V	3780091	4
V	3780327	1
V	3780564	1
V	3780799	1
V	3781034	4
V	3781267	1
V	3781499	4
V	3781729	6
V	3781970	1
V	3782207	10
V	3782446	9
V	3782686	9
V	3782927	9
V	3783169	9
V	3783410	9
V	3783649	9
V	3783889	9
V	3784129	9
V	3784350	9
V	3784587	9
V	3784825	9
V	3785064	9
V	3785306	4
V	3785542	1
V	3785778	4
V	3786014	4
V	3786249	4
V	3786484	4
V	3786716	1
V	3786950	1
V	3787184	6
V	3787423	1
V	3787660	10
V	3787903	7
V	3788136	7
V	3788369	10
V	3788608	7
V	3788844	9
V	3789083	9
V	3789324	7
V	3789559	10
V	3789800	1
V	3790027	9
V	3790260	9
V	3790494	9
V	3790726	9
V	3790959	9
V	3791191	9
V	3791422	9
V	3791656	8
V	3791893	10
V	3792132	1
V	3792361	1
V	3792591	6
V	3792825	1
V	3793055	1
V	3793286	4
V	3793498	4
V	3793728	6
V	3793962	4
V	3794192	6
V	3794427	6
V	3794659	6
V	3794892	4
V	3795123	10
V	3795360	10
V	3795594	10
V	3795829	8
V	3796059	10
V	3796295	10
V	3796531	7
V	3796761	6
V	3796995	1
V	3797216	4
V	3797447	6
V	3797682	6
V	3797910	4
V	3798141	1
V	3798370	6
V	3798603	1
V	3798835	4
V	3799063	6
V	3799298	4
V	3799531	1
V	3799767	1
V	3800002	4
V	3800238	1
V	3800473	10
V	3800713	10
V	3800952	9
V	3801192	9
V	3801434	9
V	3801677	9
V	3801917	9
V	3802157	9
V	3802394	9
V	3802634	9
V	3802876	4
V	3803110	4
V	3803346	4
V	3803582	4
V	3803816	4
V	3804050	4
V	3804282	1
V	3804518	10
V	3804758	7
V	3804991	10
V	3805234	9
V	3805474	7
V	3805709	7
V	3805945	7
V	3806180	10
V	3806423	9
V	3806656	9
V	3806892	9
V	3807126	9
V	3807364	9
V	3807598	9
V	3807815	9
V	3808029	9
V	3808263	8
V	3808499	4
V	3808729	4
V	3808956	4
V	3809184	1
V	3809412	4
V	3809642	4
V	3809871	6
V	3810103	6
V	3810337	4
V	3810567	6
V	3810801	1
V	3811030	4
V	3811260	1
V	3811488	1
V	3811718	7
V	3811947	8
V	3812177	7
V	3812407	10
V	3812643	8
V	3812872	10
V	3813108	7
V	3813320	6
V	3813548	10
V	3813785	8
V	3814013	6
V	3814253	1
V	3814487	1
V	3814720	4
V	3814955	1
V	3815191	9
V	3815432	9
V	3815656	9
V	3815897	9
V	3816135	9
V	3816374	9
V	3816615	9
V	3816839	4
V	3817072	1
V	3817307	4
V	3817540	6
V	3817778	4
V	3818013	7
V	3818247	8
V	3818478	8
V	3818711	8
V	3818942	8
V	3819178	9
V	3819417	9
V	3819653	7
V	3819889	9
V	3820123	9
V	3820357	9
V	3820593	9
V	3820827	9
V	3821061	10
V	3821304	4
V	3821532	1
V	3821759	6
V	3821992	6
V	3822226	1
V	3822454	4
V	3822682	4
V	3822910	6
V	3823145	6
V	3823379	6
V	3823613	6
V	3823849	1
V	3824079	1
V	3824309	1
V	3824536	4
V	3824766	6
V	3824997	6
V	3825231	6
V	3825466	1
V	3825692	10
V	3825928	1
V	3826157	10
V	3826395	8
V	3826607	8
V	3826819	10
V	3827054	8
V	3827283	10
V	3827520	8
V	3827749	4
V	3827980	6
V	3828213	4
V	3828445	6
V	3828665	4
V	3828901	1
V	3829139	8
V	3829372	8
V	3829605	10
V	3829846	9
V	3830084	4
V	3830321	4
V	3830557	1
V	3830793	10
V	3831032	9
V	3831270	9
V	3831507	9
V	3831749	7
V	3831985	10
V	3832227	9
V	3832462	9
V	3832696	10
V	3832939	1
V	3833168	1
V	3833399	1
V	3833611	1
V	3833839	4
V	3834065	4
V	3834295	1
V	3834525	1
V	3834753	1
V	3834983	4
V	3835212	4
V	3835441	4
V	3835670	4
V	3835901	4
V	3836129	6
V	3836360	4
V	3836590	1
V	3836818	4
V	3837047	1
V	3837277	6
V	3837514	8
V	3837743	10
V	3837980	10
V	3838213	10
V	3838451	7
V	3838681	8
V	3838911	7
V	3839139	7
V	3839369	7
V	3839596	10
V	3839832	2
V	3840060	4
V	3840289	4
V	3840518	4
V	3840754	1
V	3840990	1
V	3841222	1
V	3841454	1
V	3841685	1
V	3841920	1
V	3842156	4
V	3842392	1
V	3842628	6
V	3842870	10
V	3843110	8
V	3843347	9
V	3843588	9
V	3843829	9
V	3844070	9
V	3844308	9
V	3844546	9
V	3844784	9
V	3845023	9
V	3845260	1
V	3845492	4
V	3845727	4
V	3845961	1
V	3846196	4
V	3846415	4
V	3846652	6
V	3846890	6
V	3847131	6
V	3847370	10
V	3847609	10
V	3847847	10
V	3848089	9
V	3848329	7
V	3848566	8
V	3848802	8
V	3849037	8
V	3849271	10
V	3849513	10
V	3849756	8
V	3849992	8
V	3850230	9
V	3850464	9
V	3850681	9
V	3850913	10
V	3851152	4
V	3851378	6
V	3851612	6
V	3851847	4
V	3852076	6
V	3852311	4
V	3852540	6
V	3852774	4
V	3853004	6
V	3853237	4
V	3853463	4
V	3853691	6
V	3853927	6
V	3854163	7
V	3854394	10
V	3854630	8
V	3854860	7
V	3855088	7
V	3855319	8
V	3855547	7
V	3855775	10
V	3856008	7
V	3856240	10
V	3856476	7
V	3856688	6
V	3856923	1
V	3857144	6
V	3857378	10
V	3857614	1
V	3857851	4
V	3858066	1
V	3858301	1
V	3858538	4
V	3858774	1
V	3859011	1
V	3859246	4
V	3859464	4
V	3859700	6
V	3859940	9
V	3860183	9
V	3860424	9
V	3860666	9
V	3860905	9
V	3861141	9
V	3861382	1
V	3861616	6
V	3861856	4
V	3862093	1
V	3862329	4
V	3862565	4
V	3862799	4
V	3863033	4
V	3863266	4
V	3863498	4
V	3863716	1
V	3863951	10
V	3864193	8
V	3864426	9
V	3864663	9
V	3864905	9
V	3865143	8
V	3865380	10
V	3865621	8
V	3865857	9
V	3866093	9
V	3866326	9
V	3866559	9
V	3866776	9
V	3866993	9
V	3867228	9
V	3867462	9
V	3867698	9
V	3867932	9
V	3868168	9
V	3868395	9
V	3868629	9
V	3868864	9
V	3869098	10
V	3869341	10
V	3869580	1
V	3869808	6
V	3870042	6
V	3870274	1
V	3870503	6
V	3870738	6
V	3870954	6
V	3871188	4
V	3871417	6
V	3871649	4
V	3871879	6
V	3872113	6
V	3872345	4
V	3872574	1
V	3872786	6
V	3873021	6
V	3873250	1
V	3873476	8
V	3873705	8
V	3873935	8
V	3874163	8
V	3874393	8
V	3874620	7
V	3874846	8
V	3875076	7
V	3875307	8
V	3875534	4
V	3875763	1
V	3875997	4
V	3876230	1
V	3876466	1
V	3876699	4
V	3876936	4
V	3877173	4
V	3877409	1
V	3877627	7
V	3877858	9
V	3878099	9
V	3878342	9
V	3878583	9
V	3878820	9
V	3879061	9
V	3879299	9
V	3879538	4
V	3879770	6
V	3879994	4
V	3880230	4
V	3880462	1
V	3880694	6
V	3880936	7
V	3881170	10
V	3881412	8
V	3881648	10
V	3881889	10
V	3882126	10
V	3882366	10
V	3882606	8
V	3882841	10
V	3883082	9
V	3883320	9
V	3883558	7
V	3883793	7
V	3884029	7
V	3884264	7
V	3884498	8
V	3884736	9
V	3884971	9
V	3885205	9
V	3885442	9
V	3885672	10
V	3885915	10
V	3886157	8
V	3886392	1
V	3886622	4
V	3886834	6
V	3887051	6
V	3887286	4
V	3887516	6
V	3887752	1
V	3887982	1
V	3888212	1
V	3888442	1
V	3888668	6
V	3888903	4
V	3889130	6
V	3889366	4
V	3889596	1
V	3889828	8
V	3890055	8
V	3890285	10
V	3890518	7
V	3890750	10
V	3890983	4
V	3891214	7
V	3891444	4
V	3891680	4
V	3891915	4
V	3892152	1
V	3892389	8
V	3892623	8
V	3892857	9
V	3893097	9
V	3893338	9
V	3893579	9
V	3893821	1
V	3894054	4
V	3894291	1
V	3894526	6
V	3894764	1
V	3895000	6
V	3895239	4
V	3895475	1
V	3895710	4
V	3895946	6
V	3896187	8
V	3896422	8
V	3896655	10
V	3896894	7
V	3897127	7
V	3897363	9
V	3897604	9
V	3897844	10
V	3898069	10
V	3898309	8
V	3898543	4
V	3898770	1
V	3899002	9
V	3899236	9
V	3899469	9
V	3899703	9
V	3899938	9
V	3900172	9
V	3900407	7
V	3900643	10
V	3900885	8
V	3901122	4
V	3901350	1
V	3901579	1
V	3901807	4
V	3902032	1
V	3902262	4
V	3902494	4
V	3902727	6
V	3902962	6
V	3903195	4
V	3903428	1
V	3903656	1
V	3903887	6
V	3904121	1
V	3904330	4
V	3904559	4
V	3904786	7
V	3905018	7
V	3905246	8
V	3905476	7
V	3905698	7
V	3905928	8
V	3906158	8
V	3906387	8
V	3906613	8
V	3906840	10
V	3907076	10
V	3907313	7
V	3907539	10
V	3907774	8
V	3908003	7
V	3908233	4
V	3908461	6
V	3908696	1
V	3908926	7
V	3909152	1
V	3909388	4
V	3909624	1
V	3909860	1
V	3910096	1
V	3910333	1
V	3910570	4
V	3910805	8
V	3911040	7
V	3911276	9
V	3911518	9
V	3911758	9
V	3911998	9
V	3912238	9
V	3912476	9
V	3912714	6
V	3912955	1
V	3913189	4
V	3913424	1
V	3913656	4
V	3913890	4
V	3914125	1
V	3914359	4
V	3914595	1
V	3914831	7
V	3915063	10
V	3915304	7
V	3915536	7
V	3915770	8
V	3916002	9
V	3916242	8
V	3916479	8
V	3916715	9
V	3916948	9
V	3917182	7
V	3917414	10
V	3917653	7
V	3917885	6
V	3918117	1
V	3918347	4
V	3918576	6
V	3918810	4
V	3919040	4
V	3919266	4
V	3919495	1
V	3919724	1
V	3919954	1
V	3920184	1
V	3920413	4
V	3920623	6
V	3920858	1
V	3921087	6
V	3921324	6
V	3921558	6
V	3921788	6
V	3922020	10
V	3922256	6
V	3922490	7
V	3922719	7
V	3922945	7
V	3923174	7
V	3923404	10
V	3923640	7
V	3923870	6
V	3924105	6
V	3924339	4
V	3924569	6
V	3924800	4
V	3925037	6
V	3925277	7
V	3925510	10
V	3925750	9
V	3925991	9
V	3926230	9
V	3926469	9
V	3926709	9
V	3926950	1
V	3927184	6
V	3927426	1
V	3927662	1
V	3927895	6
V	3928134	6
V	3928373	1
V	3928608	4
V	3928842	4
V	3929080	9
V	3929319	1
V	3929547	9
V	3929781	9
V	3930016	9
V	3930251	9
V	3930478	9
V	3930713	9
V	3930949	9
V	3931182	9
V	3931417	7
V	3931652	7
V	3931888	10
V	3932131	10
V	3932370	10
V	3932611	10
V	3932851	7
V	3933087	1
V	3933316	4
V	3933528	4
V	3933755	6
V	3933988	1
V	3934221	6
V	3934456	6
V	3934691	1
V	3934921	1
V	3935150	1
V	3935380	6
V	3935613	4
V	3935843	1
V	3936075	1
V	3936303	1
V	3936532	4
V	3936762	4
V	3936992	1
V	3937223	4
V	3937453	1
V	3937683	10
V	3937914	10
V	3938150	7
V	3938378	8
V	3938605	7
V	3938835	8
V	3939064	7
V	3939291	8
V	3939520	7
V	3939747	1
V	3939980	6
V	3940213	4
V	3940439	7
V	3940666	4
V	3940903	1
V	3941138	4
V	3941372	1
V	3941609	6
V	3941849	4
V	3942085	4
V	3942320	8
V	3942554	8
V	3942773	9
V	3943015	9
V	3943257	9
V	3943498	9
V	3943739	9
V	3943981	9
V	3944222	1
V	3944459	4
V	3944694	1
V	3944930	6
V	3945173	10
V	3945415	10
V	3945654	8
V	3945891	10
V	3946132	7
V	3946368	1
V	3946585	9
V	3946819	9
V	3947055	9
V	3947286	10
V	3947528	10
V	3947770	7
V	3948004	8
V	3948237	10
V	3948480	10
V	3948721	10
V	3948960	8
V	3949193	4
V	3949422	4
V	3949652	6
V	3949886	1
V	3950114	6
V	3950349	1
V	3950576	1
V	3950806	1
V	3951036	6
V	3951271	6
V	3951505	4
V	3951734	4
V	3951961	1
V	3952190	1
V	3952416	6
V	3952651	10
V	3952886	8
V	3953114	10
V	3953349	7
V	3953578	1
V	3953808	1
V	3954037	1
V	3954274	4
V	3954506	4
V	3954740	1
V	3954974	6
V	3955212	1
V	3955448	4
V	3955684	4
V	3955919	4
V	3956155	8
V	3956388	9
V	3956627	9
V	3956866	9
V	3957106	9
V	3957327	4
V	3957562	6
V	3957802	4
V	3958035	4
V	3958271	1
V	3958506	6
V	3958747	4
V	3958980	4
V	3959214	4
V	3959449	4
V	3959680	6
V	3959921	4
V	3960158	1
V	3960394	10
V	3960636	10
V	3960878	10
V	3961120	7
V	3961356	9
V	3961596	9
V	3961835	8
V	3962072	10
V	3962314	10
V	3962557	7
V	3962792	10
V	3963034	7
V	3963271	1
V	3963501	9
V	3963737	9
V	3963972	9
V	3964206	9
V	3964441	9
V	3964677	9
V	3964909	9
V	3965146	9
V	3965383	7
V	3965613	8
V	3965845	7
V	3966081	10
V	3966324	6
V	3966557	4
V	3966788	1
V	3967018	4
V	3967245	6
V	3967479	6
V	3967716	6
V	3967950	4
V	3968162	6
V	3968397	6
V	3968633	4
V	3968860	4
V	3969090	10
V	3969325	10
V	3969561	7
V	3969790	8
V	3970015	8
V	3970246	10
V	3970478	10
V	3970711	7
V	3970938	10
V	3971176	4
V	3971413	4
V	3971649	6
V	3971889	4
V	3972125	4
V	3972360	1
V	3972597	4
V	3972834	4
V	3973070	9
V	3973294	9
V	3973534	9
V	3973771	9
V	3974011	9
V	3974252	4
V	3974488	4
V	3974724	4
V	3974960	10
V	3975202	10
V	3975443	7
V	3975679	9
V	3975921	9
V	3976158	9
V	3976396	9
V	3976636	9
V	3976874	9
V	3977109	9
V	3977343	9
V	3977577	9
V	3977812	9
V	3978043	9
V	3978279	9
V	3978514	9
V	3978749	9
V	3978982	8
V	3979218	10
V	3979461	7
V	3979697	4
V	3979928	6
V	3980159	4
V	3980390	1
V	3980620	1
V	3980832	4
V	3981059	1
V	3981286	6
V	3981518	6
V	3981752	10
V	3981987	7
V	3982217	7
V	3982443	7
V	3982662	10
V	3982901	10
V	3983137	8
V	3983366	10
V	3983603	7
V	3983832	7
V	3984062	1
V	3984291	4
V	3984529	1
V	3984764	6
V	3985003	4
V	3985237	4
V	3985474	1
V	3985709	6
V	3985952	1
V	3986188	4
V	3986423	8
V	3986657	8
V	3986890	8
V	3987124	9
V	3987366	9
V	3987606	9
V	3987848	9
V	3988090	9
V	3988329	9
V	3988568	9
V	3988808	9
V	3989046	9
V	3989288	9
V	3989528	6
V	3989770	4
V	3990008	1
V	3990245	4
V	3990481	4
V	3990716	6
V	3990954	1
V	3991186	6
V	3991426	1
V	3991659	6
V	3991899	8
V	3992133	7
V	3992367	8
V	3992600	10
V	3992841	9
V	3993078	9
V	3993320	9
V	3993562	10
V	3993803	7
V	3994040	10
V	3994283	10
V	3994524	10
V	3994765	4
V	3994992	9
V	3995226	9
V	3995461	9
V	3995695	9
V	3995926	9
V	3996158	9
V	3996387	9
V	3996621	7
V	3996852	7
V	3997085	10
V	3997325	1
V	3997555	4
V	3997786	4
V	3998016	4
V	3998246	6
V	3998477	6
V	3998712	6
V	3998944	1
V	3999174	1
V	3999405	6
V	3999638	1
V	3999871	6
V	4000100	1
V	4000329	1
V	4000558	4
V	4000785	8
V	4001013	10
V	4001248	10
V	4001483	10
V	4001719	10
V	4001955	7
V	4002187	10
V	4002422	1
V	4002658	4
V	4002894	6
V	4003136	1
V	4003372	4
V	4003608	1
V	4003841	4
V	4004078	4
V	4004314	7
V	4004548	9
V	4004788	9
V	4005030	9
V	4005253	9
V	4005490	9
V	4005729	9
V	4005971	9
V	4006208	4
V	4006443	6
V	4006684	6
V	4006921	1
V	4007154	4
V	4007387	1
V	4007620	1
V	4007856	4
V	4008091	8
V	4008324	10
V	4008562	7
V	4008798	9
V	4009040	7
V	4009277	8
V	4009512	7
V	4009748	1
V	4009966	9
V	4010199	9
V	4010432	9
V	4010666	9
V	4010899	9
V	4011131	7
V	4011367	8
V	4011603	8
V	4011836	6
V	4012069	1
V	4012298	4
V	4012526	6
V	4012761	6
V	4012996	4
V	4013226	1
V	4013455	4
V	4013685	1
V	4013916	6
V	4014151	10
V	4014369	8
V	4014598	10
V	4014831	7
V	4015060	6
V	4015293	4
V	4015521	6
V	4015756	6
V	4015998	4
V	4016235	6
V	4016476	1
V	4016713	9
V	4016954	9
V	4017192	1
V	4017427	4
V	4017662	1
V	4017898	1
V	4018134	10
V	4018373	10
V	4018612	7
V	4018848	7
V	4019083	7
V	4019301	1
V	4019528	1
V	4019739	6
V	4019972	4
V	4020206	9
V	4020438	9
V	4020671	9
V	4020893	10
V	4021136	8
V	4021371	10
V	4021614	8
V	4021849	8
V	4022082	4
V	4022312	4
V	4022541	6
V	4022775	1
V	4023004	1
V	4023230	6
V	4023464	6
V	4023696	4
V	4023923	6
V	4024155	4
V	4024384	6
V	4024620	4
V	4024847	6
V	4025076	4
V	4025285	4
V	4025516	1
V	4025747	4
V	4025978	6
V	4026214	1
V	4026444	4
V	4026672	6
V	4026907	8
V	4027136	8
V	4027363	10
V	4027595	7
V	4027826	7
V	4028057	1
V	4028287	4
V	4028518	1
V	4028751	4
V	4028970	1
V	4029207	7
V	4029440	9
V	4029681	9
V	4029922	9
V	4030164	9
V	4030405	9
V	4030642	9
V	4030883	9
V	4031124	9
V	4031366	4
V	4031600	1
V	4031833	4
V	4032065	4
V	4032301	4
V	4032534	10
V	4032773	7
V	4033008	7
V	4033241	10
V	4033480	8
V	4033715	10
V	4033958	10
V	4034200	9
V	4034439	9
V	4034680	9
V	4034921	9
V	4035163	10
V	4035406	7
V	4035642	7
V	4035877	8
V	4036113	6
V	4036346	4
V	4036572	9
V	4036807	6
V	4037023	9
V	4037257	9
V	4037491	9
V	4037726	9
V	4037960	9
V	4038194	9
V	4038426	9
V	4038660	9
V	4038894	9
V	4039125	9
V	4039361	8
V	4039598	10
V	4039836	10
V	4040077	1
V	4040304	6
V	4040535	4
V	4040765	1
V	4040996	1
V	4041207	4
V	4041437	4
V	4041666	6
V	4041901	6
V	4042118	4
V	4042347	4
V	4042577	7
V	4042806	8
V	4043038	7
V	4043259	7
V	4043488	8
V	4043718	7
V	4043947	7
V	4044176	8
V	4044388	1
V	4044613	6
V	4044848	6
V	4045082	6
V	4045315	1
V	4045527	6
V	4045762	6
V	4045997	8
V	4046226	1
V	4046460	1
V	4046696	4
V	4046933	4
V	4047171	9
V	4047411	9
V	4047653	9
V	4047895	9
V	4048135	9
V	4048375	4
V	4048610	4
V	4048843	1
V	4049077	4
V	4049314	1
V	4049544	4
V	4049775	6
V	4050015	1
V	4050251	4
V	4050488	9
V	4050726	7
V	4050962	6
V	4051197	1
V	4051426	9
V	4051661	10
V	4051899	10
V	4052139	1
V	4052368	4
V	4052598	4
V	4052827	1
V	4053056	1
V	4053285	4
V	4053513	1
V	4053737	4
V	4053967	6
V	4054202	4
V	4054428	1
V	4054640	6
V	4054875	1
V	4055102	4
V	4055327	10
V	4055562	7
V	4055795	7
V	4056023	7
V	4056252	7
V	4056478	7
V	4056707	10
V	4056940	8
V	4057170	6
V	4057405	4
V	4057636	8
V	4057865	4
V	4058098	4
V	4058331	4
V	4058565	1
V	4058797	1
V	4059033	1
V	4059270	1
V	4059506	1
V	4059741	10
V	4059962	10
V	4060201	8
V	4060436	8
V	4060671	9
V	4060909	9
V	4061149	9
V	4061390	9
V	4061629	9
V	4061849	9
V	4062086	9
V	4062327	1
V	4062560	4
V	4062795	4
V	4063027	1
V	4063261	1
V	4063497	4
V	4063731	4
V	4063966	1
V	4064202	4
V	4064437	8
V	4064668	10
V	4064908	10
V	4065147	8
V	4065384	9
V	4065626	9
V	4065864	9
V	4066084	9
V	4066325	8
V	4066562	10
V	4066805	7
V	4067041	9
V	4067274	9
V	4067508	9
V	4067741	9
V	4067974	9
V	4068206	10
V	4068450	8
V	4068686	10
V	4068925	8
V	4069159	10
V	4069398	4
V	4069628	6
V	4069866	6
V	4070102	1
V	4070331	4
V	4070559	1
V	4070771	6
V	4071007	1
V	4071237	1
V	4071466	4
V	4071696	4
V	4071925	1
V	4072155	4
V	4072382	4
V	4072611	4
V	4072838	4
V	4073067	4
V	4073297	4
V	4073526	1
V	4073757	10
V	4073993	8
V	4074225	8
V	4074451	10
V	4074687	8
V	4074918	8
V	4075148	8
V	4075378	8
V	4075608	8
V	4075836	1
V	4076064	6
V	4076298	7
V	4076524	8
V	4076751	6
V	4076993	1
V	4077229	1
V	4077463	4
V	4077699	8
V	4077936	9
V	4078178	9
V	4078417	9
V	4078654	9
V	4078896	4
V	4079131	1
V	4079366	4
V	4079601	1
V	4079838	1
V	4080072	1
V	4080305	4
V	4080539	4
V	4080775	8
V	4081011	7
V	4081246	10
V	4081485	8
V	4081722	8
V	4081958	7
V	4082194	9
V	4082433	9
V	4082672	9
V	4082912	9
V	4083154	7
V	4083390	8
V	4083625	4
V	4083862	9
V	4084096	9
V	4084329	9
V	4084563	9
V	4084798	9
V	4085034	9
V	4085264	9
V	4085496	9
V	4085729	9
V	4085963	10
V	4086203	7
V	4086437	6
V	4086671	1
V	4086901	6
V	4087136	4
V	4087366	4
V	4087595	1
V	4087826	4
V	4088055	4
V	4088285	1
V	4088515	6
V	4088750	4
V	4088979	1
V	4089208	1
V	4089436	6
V	4089670	6
V	4089903	8
V	4090129	7
V	4090359	10
V	4090592	10
V	4090829	10
V	4091065	7
V	4091294	7
V	4091524	1
V	4091759	4
V	4091996	6
V	4092239	4
V	4092475	1
V	4092711	8
V	4092943	7
V	4093176	9
V	4093418	9
V	4093660	9
V	4093899	9
V	4094139	9
V	4094380	9
V	4094604	9
V	4094828	6
V	4095070	1
V	4095302	6
V	4095540	7
V	4095774	8
V	4096010	8
V	4096243	7
V	4096479	9
V	4096717	8
V	4096950	7
V	4097186	9
V	4097421	9
V	4097654	8
V	4097891	8
V	4098124	10
V	4098364	6
V	4098599	4
V	4098832	4
V	4099044	4
V	4099275	6
V	4099508	6
V	4099745	6
V	4099979	6
V	4100215	4
V	4100445	1
V	4100672	4
V	4100903	6
V	4101137	10
V	4101371	8
V	4101601	10
V	4101836	7
V	4102065	10
V	4102301	10
V	4102537	10
V	4102772	7
V	4103001	4
V	4103232	1
V	4103461	8
V	4103691	4
V	4103925	1
V	4104158	1
V	4104393	1
V	4104630	4
V	4104865	4
V	4105102	6
V	4105343	6
V	4105583	7
V	4105802	9
V	4106041	9
V	4106283	9
V	4106525	9
V	4106764	9
V	4107002	9
V	4107244	1
V	4107478	4
V	4107714	1
V	4107949	1
V	4108185	1
V	4108422	1
V	4108652	4
V	4108885	4
V	4109118	4
V	4109352	1
V	4109584	8
V	4109819	10
V	4110060	8
V	4110295	10
V	4110535	7
V	4110768	10
V	4111010	10
V	4111253	10
V	4111497	8
V	4111733	9
V	4111968	9
V	4112202	9
V	4112436	9
V	4112671	9
V	4112905	9
V	4113140	9
V	4113375	9
V	4113611	9
V	4113845	9
V	4114077	8
V	4114313	10
V	4114550	8
V	4114769	1
V	4114996	4
V	4115224	6
V	4115456	4
V	4115685	1
V	4115915	6
V	4116149	6
V	4116380	4
V	4116608	6
V	4116842	6
V	4117079	1
V	4117310	4
V	4117536	1
V	4117766	3
V	4117993	4
V	4118222	6
V	4118453	4
V	4118681	7
V	4118913	10
V	4119148	7
V	4119378	8
V	4119604	7
V	4119837	8
V	4120067	7
V	4120297	8
V	4120527	8
V	4120757	4
V	4120985	6
V	4121219	4
V	4121448	6
V	4121683	10
V	4121918	10
V	4122133	7
V	4122364	1
V	4122600	4
V	4122837	6
V	4123074	1
V	4123308	4
V	4123541	4
V	4123774	1
V	4124008	1
V	4124240	6
V	4124481	4
V	4124717	1
V	4124952	6
V	4125194	4
V	4125429	1
V	4125664	7
V	4125899	1
V	4126133	6
V	4126371	4
V	4126604	4
V	4126838	1
V	4127074	7
V	4127309	10
V	4127548	10
V	4127786	8
V	4128023	7
V	4128260	10
V	4128501	9
V	4128740	9
V	4128978	9
V	4129214	10
V	4129457	8
V	4129694	7
V	4129930	7
V	4130164	10
V	4130406	9
V	4130623	9
V	4130857	7
V	4131093	7
V	4131312	10
V	4131551	10
V	4131794	7
V	4132027	4
V	4132254	1
V	4132482	1
V	4132711	1
V	4132938	6
V	4133172	1
V	4133404	1
V	4133633	6
V	4133867	6
V	4134103	6
V	4134338	4
V	4134567	6
V	4134797	6
V	4135029	4
V	4135259	6
V	4135493	10
V	4135730	10
V	4135957	8
V	4136185	10
V	4136421	10
V	4136657	10
V	4136892	8
V	4137122	7
V	4137353	7
V	4137579	8
V	4137808	1
V	4138038	7
V	4138265	6
V	4138504	1
V	4138740	4
V	4138959	4
V	4139193	6
V	4139434	10
V	4139674	9
V	4139916	9
V	4140156	9
V	4140397	6
V	4140639	4
V	4140875	4
V	4141111	6
V	4141353	4
V	4141589	1
V	4141826	6
V	4142065	4
V	4142283	6
V	4142524	1
V	4142759	8
V	4142991	7
V	4143228	7
V	4143461	7
V	4143696	10
V	4143939	7
V	4144175	9
V	4144407	9
V	4144642	9
V	4144877	9
V	4145111	9
V	4145347	9
V	4145581	9
V	4145818	9
V	4146049	9
V	4146265	9
V	4146498	9
V	4146730	9
V	4146965	8
V	4147200	10
V	4147438	8
V	4147674	8
V	4147906	10
V	4148149	6
V	4148383	4
V	4148614	1
V	4148831	6
V	4149047	6
V	4149282	6
V	4149516	6
V	4149750	6
V	4149985	1
V	4150215	4
V	4150444	1
V	4150676	6
V	4150913	4
V	4151143	1
V	4151374	1
V	4151602	6
V	4151836	1
V	4152066	4
V	4152291	10
V	4152525	8
V	4152754	8
V	4152982	7
V	4153212	8
V	4153441	6
V	4153675	10
V	4153912	7
V	4154140	7
V	4154371	10
V	4154604	10
V	4154838	7
V	4155066	7
V	4155298	2
V	4155529	4
V	4155760	4
V	4155991	4
V	4156219	4
V	4156455	6
V	4156698	4
V	4156932	4
V	4157150	4
V	4157386	4
V	4157621	1
V	4157857	7
V	4158091	9
V	4158332	9
V	4158572	9
V	4158814	9
V	4159054	9
V	4159292	9
V	4159530	9
V	4159768	9
V	4160010	4
V	4160248	4
V	4160481	6
V	4160720	10
V	4160959	10
V	4161199	7
V	4161433	10
V	4161674	5
V	4161924	3
V	4162173	10
V	4162427	8
V	4162679	6
V	4162934	4
V	4163184	6
V	4163444	9
V	4163699	2
V	4163950	1
V	4164205	1
V	4164446	4
V	4164703	1
V	4164948	6
V	4165204	1
V	4165445	4
V	4165700	3
V	4165954	8
V	4166214	2
V	4166460	2
V	4166703	4
V	4166957	10
V	4167210	1
V	4167460	6
V	4167717	8
V	4167973	8
V	4168221	1
V	4168475	4
V	4168730	3
V	4168978	1
V	4169226	4
V	4169469	6
V	4169722	5
V	4169967	3
V	4170209	1
V	4170458	9
V	4170713	2
V	4170966	3
V	4171221	4
V	4171477	4
V	4171728	1
V	4171977	10
V	4172232	6
V	4172487	7
V	4172742	5
V	4172995	4
V	4173245	2
V	4173498	4
V	4173744	3
V	4173993	6
V	4174249	5
V	4174497	2
V	4174749	9
V	4175005	9
V	4175253	4
V	4175509	5
V	4175763	10
V	4176024	5
V	4176276	7
V	4176520	6
V	4176778	5
V	4177016	3
V	4177266	9
V	4177524	4
V	4177775	9
V	4178027	10
V	4178283	2
V	4178533	3
V	4178786	1
V	4179037	8
V	4179288	4
V	4179542	1
V	4179796	9
V	4180045	7
V	4180293	4
V	4180538	6
V	4180797	8
V	4181053	6
V	4181305	4
V	4181552	8
V	4181801	1
V	4182048	8
V	4182301	4
V	4182552	1
V	4182794	5
V	4183043	7
V	4183299	5
V	4183543	1
V	4183788	4
V	4184027	8
V	4184278	8
V	4184536	4
V	4184788	8
V	4185038	1
V	4185289	1
V	4185540	4
V	4185788	4
V	4186018	9
V	4186253	9
V	4186488	9
V	4186719	9
V	4186951	9
V	4187185	9
V	4187418	9
V	4187654	8
V	4187887	10
V	4188130	10
V	4188372	4
V	4188600	1
V	4188829	4
V	4189057	1
V	4189287	4
V	4189518	1
V	4189748	6
V	4189983	6
V	4190219	6
V	4190454	1
V	4190683	4
V	4190913	1
V	4191142	4
V	4191370	1
V	4191597	4
V	4191827	1
V	4192052	8
V	4192282	10
V	4192520	10
V	4192755	4
V	4192984	4
V	4193213	1
V	4193451	4
V	4193688	10
V	4193931	10
V	4194174	9
V	4194415	9
V	4194657	9
V	4194899	9
V	4195140	9
V	4195381	8
V	4195614	7
V	4195848	9
V	4196087	8
V	4196324	6
V	4196547	9
V	4196783	9
V	4197017	9
V	4197252	9
V	4197486	9
V	4197720	9
V	4197955	9
V	4198186	9
V	4198423	8
V	4198660	8
V	4198896	10
V	4199138	8
V	4199373	8
V	4199610	1
V	4199838	4
V	4200067	4
V	4200295	6
V	4200511	4
V	4200739	6
V	4200974	4
V	4201202	1
V	4201431	4
V	4201660	6
V	4201892	4
V	4202104	4
V	4202334	4
V	4202562	10
V	4202799	8
V	4203029	10
V	4203246	7
V	4203476	8
V	4203707	10
V	4203940	8
V	4204169	7
V	4204398	10
V	4204634	1
V	4204864	4
V	4205095	4
V	4205316	6
V	4205554	10
V	4205787	10
V	4206022	4
V	4206256	1
V	4206489	1
V	4206725	1
V	4206958	1
V	4207194	9
V	4207434	9
V	4207674	4
V	4207908	4
V	4208145	4
V	4208381	7
V	4208616	9
V	4208857	9
V	4209096	9
V	4209333	9
V	4209575	9
V	4209795	1
V	4210021	9
V	4210255	9
V	4210487	9
V	4210720	9
V	4210934	9
V	4211165	9
V	4211397	7
V	4211634	8
V	4211867	10
V	4212110	8
V	4212328	10
V	4212569	4
V	4212799	6
V	4213015	4
V	4213244	4
V	4213473	6
V	4213708	1
V	4213933	4
V	4214163	6
V	4214380	1
V	4214609	6
V	4214843	6
V	4215080	1
V	4215309	6
V	4215543	6
V	4215774	6
V	4216005	1
V	4216234	1
V	4216464	6
V	4216699	4
V	4216928	7
V	4217154	10
V	4217390	8
V	4217620	7
V	4217833	7
V	4218047	10
V	4218265	4
V	4218501	4
V	4218736	4
V	4218971	4
V	4219207	1
V	4219444	1
V	4219682	6
V	4219922	8
V	4220157	9
V	4220397	9
V	4220638	9
V	4220861	9
V	4221102	6
V	4221345	6
V	4221586	8
V	4221820	8
V	4222054	9
V	4222293	9
V	4222531	9
V	4222768	9
V	4223010	9
V	4223252	6
V	4223485	9
V	4223720	9
V	4223955	9
V	4224190	9
V	4224425	9
V	4224661	9
V	4224877	10
V	4225116	8
V	4225353	10
V	4225578	8
V	4225812	7
V	4226049	7
V	4226284	6
V	4226518	9
V	4226752	6
V	4226986	6
V	4227220	6
V	4227455	1
V	4227683	6
V	4227917	4
V	4228144	6
V	4228363	6
V	4228597	6
V	4228832	6
V	4229068	6
V	4229303	1
V	4229530	4
V	4229758	6
V	4229989	7
V	4230218	7
V	4230448	6
V	4230685	6
V	4230920	4
V	4231142	1
V	4231370	4
V	4231603	4
V	4231838	7
V	4232070	7
V	4232303	7
V	4232537	10
V	4232780	9
V	4233020	9
V	4233262	9
V	4233503	4
V	4233735	6
V	4233978	4
V	4234211	6
V	4234452	1
V	4234687	4
V	4234922	7
V	4235156	9
V	4235395	9
V	4235629	9
V	4235863	9
V	4236098	9
V	4236334	9
V	4236569	9
V	4236804	10
V	4237043	10
V	4237285	7
V	4237521	7
V	4237756	10
V	4237998	1
V	4238227	1
V	4238456	6
V	4238687	6
V	4238922	1
V	4239151	1
V	4239384	6
V	4239619	4
V	4239849	1
V	4240078	6
V	4240313	1
V	4240542	6
V	4240777	4
V	4241007	4
V	4241239	6
V	4241470	10
V	4241706	10
V	4241942	10
V	4242178	7
V	4242407	10
V	4242638	8
V	4242867	8
V	4243097	10
V	4243332	10
V	4243565	6
V	4243792	1
V	4244022	1
V	4244259	1
V	4244494	6
V	4244718	9
V	4244960	9
V	4245202	9
V	4245443	9
V	4245685	6
V	4245924	6
V	4246161	4
V	4246395	6
V	4246633	6
V	4246873	4
V	4247106	1
V	4247338	4
V	4247572	1
V	4247805	1
V	4248040	4
V	4248259	10
V	4248501	9
V	4248739	9
V	4248974	9
V	4249207	9
V	4249441	9
V	4249675	9
V	4249900	9
V	4250134	9
V	4250369	9
V	4250599	8
V	4250835	8
V	4251070	10
V	4251312	10
V	4251537	4
V	4251765	6
V	4252000	4
V	4252231	4
V	4252460	6
V	4252695	4
V	4252924	1
V	4253150	6
V	4253386	6
V	4253619	6
V	4253854	1
V	4254066	6
V	4254298	8
V	4254527	8
V	4254754	8
V	4254981	10
V	4255216	7
V	4255445	10
V	4255679	7
V	4255891	7
V	4256124	8
V	4256353	10
V	4256588	10
V	4256823	10
V	4257059	6
V	4257293	4
V	4257522	4
V	4257753	10
V	4257988	4
V	4258218	6
V	4258460	4
V	4258695	10
V	4258935	7
V	4259154	9
V	4259394	9
V	4259634	9
V	4259871	9
V	4260113	9
V	4260355	4
V	4260589	4
V	4260826	4
V	4261058	10
V	4261299	8
V	4261534	7
V	4261766	10
V	4261987	9
V	4262225	9
V	4262464	9
V	4262700	9
V	4262932	9
V	4263167	7
V	4263402	7
V	4263639	7
V	4263873	10
V	4264113	1
V	4264342	1
V	4264569	6
V	4264804	4
V	4265035	6
V	4265267	4
V	4265499	6
V	4265734	6
V	4265971	6
V	4266204	6
V	4266440	6
V	4266674	1
V	4266903	6
V	4267136	4
V	4267368	6
V	4267601	1
V	4267831	1
V	4268060	4
V	4268285	8
V	4268516	7
V	4268744	10
V	4268979	7
V	4269206	8
V	4269434	10
V	4269670	8
V	4269902	8
V	4270128	4
V	4270357	10
V	4270594	1
V	4270831	4
V	4271067	4
V	4271302	6
V	4271543	1
V	4271779	10
V	4272022	9
V	4272263	1
V	4272496	1
V	4272731	1
V	4272967	4
V	4273186	6
V	4273423	4
V	4273656	6
V	4273895	1
V	4274129	4
V	4274365	4
V	4274600	4
V	4274832	6
V	4275074	7
V	4275307	9
V	4275547	9
V	4275788	9
V	4276029	9
V	4276272	9
V	4276506	9
V	4276741	9
V	4276976	9
V	4277206	9
V	4277441	9
V	4277674	9
V	4277909	9
V	4278143	9
V	4278377	8
V	4278596	8
V	4278834	8
V	4279071	7
V	4279307	10
V	4279531	7
V	4279766	10
V	4280008	6
V	4280241	6
V	4280476	6
V	4280711	4
V	4280942	4
V	4281172	4
V	4281402	1
V	4281630	1
V	4281858	1
V	4282088	4
V	4282318	4
V	4282547	4
V	4282776	4
V	4283005	4
V	4283235	6
V	4283470	6
V	4283704	1
V	4283933	1
V	4284163	1
V	4284393	10
V	4284628	7
V	4284840	8
V	4285068	10
V	4285303	10
V	4285520	10
V	4285752	7
V	4285974	7
V	4286203	7
V	4286430	7
V	4286657	4
V	4286886	4
V	4287116	4
V	4287345	6
V	4287580	1
V	4287810	1
V	4288042	7
V	4288271	7
V	4288501	4
V	4288734	1
V	4288969	4
V	4289204	4
V	4289423	6
V	4289663	8
V	4289897	7
V	4290131	8
V	4290365	8
V	4290600	9
V	4290840	1
V	4291073	4
V	4291288	4
V	4291522	6
V	4291763	1
V	4292000	6
V	4292239	4
V	4292473	1
V	4292692	7
V	4292925	8
V	4293158	9
V	4293400	9
V	4293639	9
V	4293872	9
V	4294103	7
V	4294337	8
V	4294569	10
V	4294811	6
V	4295042	1
V	4295253	6
V	4295487	6
V	4295722	4
V	4295950	4
V	4296180	6
V	4296397	4
V	4296627	6
V	4296860	4
V	4297090	1
V	4297322	1
V	4297554	4
V	4297781	6
V	4298010	1
V	4298240	1
V	4298468	6
V	4298699	1
V	4298930	4
V	4299160	4
V	4299391	1
V	4299603	10
V	4299838	8
V	4300068	7
V	4300298	7
V	4300529	10
V	4300765	10
V	4301000	7
V	4301230	6
V	4301464	1
V	4301700	1
V	4301936	1
V	4302172	1
V	4302409	6
V	4302650	1
V	4302886	9
V	4303127	9
V	4303367	9
V	4303609	1
V	4303845	1
V	4304080	4
V	4304314	6
V	4304551	4
V	4304783	4
V	4305018	9
V	4305260	9
V	4305497	9
V	4305731	9
V	4305965	9
V	4306201	9
V	4306438	9
V	4306654	9
V	4306886	9
V	4307109	9
V	4307341	9
V	4307575	8
V	4307810	10
V	4308049	8
V	4308285	8
V	4308521	8
V	4308758	1
V	4308992	1
V	4309221	4
V	4309451	6
V	4309686	6
V	4309920	4
V	4310150	6
V	4310383	1
V	4310615	6
V	4310851	4
V	4311083	4
V	4311311	4
V	4311538	1
V	4311768	1
V	4312001	4
V	4312234	6
V	4312468	4
V	4312696	4
V	4312926	6
V	4313160	10
V	4313396	7
V	4313608	10
V	4313844	10
V	4314077	8
V	4314307	10
V	4314525	10
V	4314761	7
V	4314987	8
V	4315213	7
V	4315443	8
V	4315673	7
V	4315903	8
V	4316129	10
V	4316364	1
V	4316592	6
V	4316830	6
V	4317065	8
V	4317294	4
V	4317527	1
V	4317760	4
V	4317994	1
V	4318231	4
V	4318449	7
V	4318683	8
V	4318917	9
V	4319156	9
V	4319398	4
V	4319635	1
V	4319872	6
V	4320114	4
V	4320352	1
V	4320589	1
V	4320825	6
V	4321058	1
V	4321292	6
V	4321533	4
V	4321768	7
V	4322004	10
V	4322246	9
V	4322487	9
V	4322722	9
V	4322956	9
V	4323190	7
V	4323427	10
V	4323669	10
V	4323911	8
V	4324147	4
V	4324375	4
V	4324605	1
V	4324814	6
V	4325049	1
V	4325280	1
V	4325512	1
V	4325737	1
V	4325966	1
V	4326193	4
V	4326424	6
V	4326658	1
V	4326887	1
V	4327115	1
V	4327345	4
V	4327572	1
V	4327801	6
V	4328038	1
V	4328267	4
V	4328499	1
V	4328728	6
V	4328963	7
V	4329192	10
V	4329426	7
V	4329656	7
V	4329886	10
V	4330119	10
V	4330353	8
V	4330582	10
V	4330818	8
V	4331050	10
V	4331284	4
V	4331513	6
V	4331748	4
V	4331978	6
V	4332214	6
V	4332449	7
V	4332676	8
V	4332904	1
V	4333136	6
V	4333378	4
V	4333613	1
V	4333844	10
V	4334088	9
V	4334329	9
V	4334570	9
V	4334813	9
V	4335050	9
V	4335288	9
V	4335528	9
V	4335769	9
V	4336009	4
V	4336246	4
V	4336482	4
V	4336716	1
V	4336951	6
V	4337190	9
V	4337427	9
V	4337670	9
V	4337909	9
V	4338146	9
V	4338380	9
V	4338612	7
V	4338845	6
V	4339078	6
V	4339310	6
V	4339544	4
V	4339771	4
V	4339998	4
V	4340227	6
V	4340462	4
V	4340691	6
V	4340929	1
V	4341159	1
V	4341387	4
V	4341614	4
V	4341843	10
V	4342074	10
V	4342309	10
V	4342546	8
V	4342758	10
V	4342995	7
V	4343223	6
V	4343458	6
V	4343691	4
V	4343921	1
V	4344153	6
V	4344395	4
V	4344631	4
V	4344868	4
V	4345105	6
V	4345346	10
V	4345589	8
V	4345824	9
V	4346065	9
V	4346307	9
V	4346546	9
V	4346787	9
V	4347028	4
V	4347264	1
V	4347501	4
V	4347738	1
V	4347971	4
V	4348208	10
V	4348448	10
V	4348688	9
V	4348930	9
V	4349171	9
V	4349413	9
V	4349652	1
V	4349879	9
V	4350114	9
V	4350346	9
V	4350581	9
V	4350798	9
V	4351035	9
V	4351270	10
V	4351513	10
V	4351752	10
V	4351992	6
V	4352227	1
V	4352458	6
V	4352693	4
V	4352922	1
V	4353151	4
V	4353381	4
V	4353610	1
V	4353840	6
V	4354072	6
V	4354306	6
V	4354537	4
V	4354766	6
V	4355001	7
V	4355228	10
V	4355463	4
V	4355692	4
V	4355913	7
V	4356142	4
V	4356371	6
V	4356608	4
V	4356842	4
V	4357078	6
V	4357319	1
V	4357555	7
V	4357791	9
V	4358031	9
V	4358273	9
V	4358514	9
V	4358757	6
V	4358996	4
V	4359231	6
V	4359473	1
V	4359710	4
V	4359945	7
V	4360180	8
V	4360412	9
V	4360653	9
V	4360892	9
V	4361132	9
V	4361371	6
V	4361604	9
V	4361837	9
V	4362071	9
V	4362305	9
V	4362539	9
V	4362772	9
V	4363006	9
V	4363237	9
V	4363470	9
V	4363687	10
V	4363929	7
V	4364166	7
V	4364384	8
V	4364621	6
V	4364856	4
V	4365086	4
V	4365316	4
V	4365543	6
V	4365779	6
V	4366013	4
V	4366241	4
V	4366471	6
V	4366707	6
V	4366941	4
V	4367174	6
V	4367407	4
V	4367637	4
V	4367863	4
V	4368091	6
V	4368326	10
V	4368564	10
V	4368804	7
V	4369034	7
V	4369262	7
V	4369491	8
V	4369719	8
V	4369949	8
V	4370179	10
V	4370417	7
V	4370646	4
V	4370874	6
V	4371109	4
V	4371339	8
V	4371567	1
V	4371800	1
V	4372015	4
V	4372249	1
V	4372484	1
V	4372702	4
V	4372938	1
V	4373172	1
V	4373408	8
V	4373643	8
V	4373877	9
V	4374117	9
V	4374358	9
V	4374599	9
V	4374840	4
V	4375072	1
V	4375306	4
V	4375539	8
V	4375774	9
V	4376016	9
V	4376258	9
V	4376496	9
V	4376734	6
V	4376965	6
V	4377197	9
V	4377432	9
V	4377667	9
V	4377904	9
V	4378137	9
V	4378370	9
V	4378599	10
V	4378841	10
V	4379083	4
V	4379314	1
V	4379541	1
V	4379770	1
V	4380000	1
V	4380230	1
V	4380458	1
V	4380689	6
V	4380925	6
V	4381160	4
V	4381390	1
V	4381616	4
V	4381848	6
V	4382082	1
V	4382309	6
V	4382543	4
V	4382769	6
V	4383004	6
V	4383237	6
V	4383469	4
V	4383699	7
V	4383928	7
V	4384157	7
V	4384385	8
V	4384615	7
V	4384845	10
V	4385080	7
V	4385307	6
V	4385541	8
V	4385767	7
V	4385997	4
V	4386230	4
V	4386464	6
V	4386702	4
V	4386936	1
V	4387169	4
V	4387405	10
V	4387647	10
V	4387890	8
V	4388127	9
V	4388370	9
V	4388612	9
V	4388852	9
V	4389094	9
V	4389334	9
V	4389575	9
V	4389817	9
V	4390057	9
V	4390299	4
V	4390534	1
V	4390768	6
V	4391010	4
V	4391243	1
V	4391476	4
V	4391711	10
V	4391950	8
V	4392184	9
V	4392420	9
V	4392659	9
V	4392900	9
V	4393138	4
V	4393367	6
V	4393600	9
V	4393835	9
V	4394069	9
V	4394303	9
V	4394534	9
V	4394766	9
V	4394999	9
V	4395231	9
V	4395465	9
V	4395700	9
V	4395932	9
V	4396164	9
V	4396395	7
V	4396633	7
V	4396866	10
V	4397108	10
V	4397347	8
V	4397584	8
V	4397818	7
V	4398054	1
V	4398280	4
V	4398514	4
V	4398745	1
V	4398972	4
V	4399201	1
V	4399430	4
V	4399660	1
V	4399891	1
V	4400121	6
V	4400353	1
V	4400583	6
V	4400818	1
V	4401047	1
V	4401277	6
V	4401512	6
V	4401747	4
V	4401976	4
V	4402202	1
V	4402432	6
V	4402667	7
V	4402899	10
V	4403135	8
V	4403364	10
V	4403600	10
V	4403818	10
V	4404054	10
V	4404287	4
V	4404510	6
V	4404748	6
V	4404982	6
V	4405218	4
V	4405450	4
V	4405683	4
V	4405917	4
V	4406150	1
V	4406384	10
V	4406627	8
V	4406863	9
V	4407106	9
V	4407348	9
V	4407588	9
V	4407830	9
V	4408071	9
V	4408312	1
V	4408548	4
V	4408782	4
V	4409018	6
V	4409259	6
V	4409502	7
V	4409737	8
V	4409967	9
V	4410206	9
V	4410444	9
V	4410683	4
V	4410894	9
V	4411128	9
V	4411363	9
V	4411600	9
V	4411834	9
V	4412068	9
V	4412299	8
V	4412534	8
V	4412766	8
V	4413002	8
V	4413238	8
V	4413476	6
V	4413714	4
V	4413941	6
V	4414176	6
V	4414407	1
V	4414635	1
V	4414858	6
V	4415096	1
V	4415327	6
V	4415562	4
V	4415794	6
V	4416028	6
V	4416262	4
V	4416491	6
V	4416723	4
V	4416953	4
V	4417165	7
V	4417390	8
V	4417620	10
V	4417854	10
V	4418090	10
V	4418325	7
V	4418556	6
V	4418791	7
V	4419022	4
V	4419250	6
V	4419489	1
V	4419725	9
V	4419966	9
V	4420207	9
V	4420446	9
V	4420686	9
V	4420924	9
V	4421166	4
V	4421401	1
V	4421637	4
V	4421874	8
V	4422108	9
V	4422347	9
V	4422588	9
V	4422827	9
V	4423061	9
V	4423278	9
V	4423511	9
V	4423747	9
V	4423980	9
V	4424214	10
V	4424453	9
V	4424687	10
V	4424925	10
V	4425168	7
V	4425404	4
V	4425634	1
V	4425864	1
V	4426097	1
V	4426326	4
V	4426554	1
V	4426783	1
V	4427015	6
V	4427252	4
V	4427482	4
V	4427711	1
V	4427940	1
V	4428169	6
V	4428402	4
V	4428634	6
V	4428870	4
V	4429099	4
V	4429331	1
V	4429552	6
V	4429783	1
V	4430011	1
V	4430240	10
V	4430476	10
V	4430710	10
V	4430944	7
V	4431174	8
V	4431400	8
V	4431631	8
V	4431861	10
V	4432095	7
V	4432322	8
V	4432552	4
V	4432781	4
V	4433012	6
V	4433248	4
V	4433481	4
V	4433717	9
V	4433960	9
V	4434199	9
V	4434440	4
V	4434675	6
V	4434912	1
V	4435145	1
V	4435380	10
V	4435620	8
V	4435853	10
V	4436097	9
V	4436336	9
V	4436577	9
V	4436814	9
V	4437053	9
V	4437291	9
V	4437525	9
V	4437760	9
V	4437976	9
V	4438210	9
V	4438443	10
V	4438682	10
V	4438925	1
V	4439156	4
V	4439385	4
V	4439611	6
V	4439846	4
V	4440076	1
V	4440306	6
V	4440541	6
V	4440772	4
V	4441001	4
V	4441228	10
V	4441460	10
V	4441694	10
V	4441927	10
V	4442161	8
V	4442391	7
V	4442622	8
V	4442848	7
V	4443078	8
V	4443307	7
V	4443536	7
V	4443763	1
V	4443994	8
V	4444223	4
V	4444458	4
V	4444692	4
V	4444929	1
V	4445164	4
V	4445400	9
V	4445640	9
V	4445883	9
V	4446125	4
V	4446362	6
V	4446603	1
V	4446839	6
V	4447079	1
V	4447311	1
V	4447543	4
V	4447774	8
V	4448010	9
V	4448230	9
V	4448467	9
V	4448704	6
V	4448938	9
V	4449173	9
V	4449412	9
V	4449646	9
V	4449881	9
V	4450115	9
V	4450332	9
V	4450564	9
V	4450799	9
V	4451031	8
V	4451266	8
V	4451500	10
V	4451743	8
V	4451962	10
V	4452186	7
V	4452422	6
V	4452655	6
V	4452887	4
V	4453116	4
V	4453346	4
V	4453576	4
V	4453805	1
V	4454034	1
V	4454261	1
V	4454490	6
V	4454725	1
V	4454954	4
V	4455181	4
V	4455412	1
V	4455642	7
V	4455870	8
V	4456098	8
V	4456327	8
V	4456557	10
V	4456791	8
V	4457020	8
V	4457249	10
V	4457484	8
V	4457716	6
V	4457951	4
V	4458182	6
V	4458419	4
V	4458648	8
V	4458877	4
V	4459096	1
V	4459331	4
V	4459564	4
V	4459800	6
V	4460040	1
V	4460277	1
V	4460514	4
V	4460751	8
V	4460986	10
V	4461227	10
V	4461469	10
V	4461711	7
V	4461947	9
V	4462170	9
V	4462409	9
V	4462650	9
V	4462891	9
V	4463131	9
V	4463370	9
V	4463612	1
V	4463846	1
V	4464082	1
V	4464314	1
V	4464546	4
V	4464780	7
V	4465013	10
V	4465253	10
V	4465492	10
V	4465735	9
V	4465968	9
V	4466189	9
V	4466424	9
V	4466661	9
V	4466895	9
V	4467127	9
V	4467362	9
V	4467597	9
V	4467831	9
V	4468063	9
V	4468297	7
V	4468534	7
V	4468771	7
V	4469008	1
V	4469237	6
V	4469472	1
V	4469703	6
V	4469938	6
V	4470172	4
V	4470403	6
V	4470638	4
V	4470869	6
V	4471105	4
V	4471333	6
V	4471568	6
V	4471802	6
V	4472037	10
V	4472273	7
V	4472502	7
V	4472732	7
V	4472958	8
V	4473190	7
V	4473421	8
V	4473652	7
V	4473880	7
V	4474092	8
V	4474321	7
V	4474550	6
V	4474787	4
V	4475016	1
V	4475245	1
V	4475481	4
V	4475717	10
V	4475957	8
V	4476172	7
V	4476404	10
V	4476643	9
V	4476884	9
V	4477125	9
V	4477366	9
V	4477608	9
V	4477848	1
V	4478085	1
V	4478318	4
V	4478555	4
V	4478788	6
V	4479027	4
V	4479242	4
V	4479479	10
V	4479720	8
V	4479953	9
V	4480195	4
V	4480425	9
V	4480659	9
V	4480886	9
V	4481117	9
V	4481352	10
V	4481591	7
V	4481825	10
V	4482067	8
V	4482302	8
V	4482539	10
V	4482776	6
V	4483010	6
V	4483244	6
V	4483479	6
V	4483713	6
V	4483945	6
V	4484180	4
V	4484411	6
V	4484645	6
V	4484878	6
V	4485106	6
V	4485339	1
V	4485569	6
V	4485801	1
V	4486030	10
V	4486248	7
V	4486460	7
V	4486690	10
V	4486925	6
V	4487159	10
V	4487399	8
V	4487637	8
V	4487874	8
V	4488112	9
V	4488354	9
V	4488594	9
V	4488835	6
V	4489077	1
V	4489304	4
V	4489540	1
V	4489773	4
V	4490005	4
V	4490237	4
V	4490472	1
V	4490707	4
V	4490944	10
V	4491184	10
V	4491424	10
V	4491664	9
V	4491907	9
V	4492142	9
V	4492358	9
V	4492590	9
V	4492805	9
V	4493036	7
V	4493267	7
V	4493503	8
V	4493740	8
V	4493977	1
V	4494207	4
V	4494436	4
V	4494665	6
V	4494899	4
V	4495128	1
V	4495356	1
V	4495582	6
V	4495818	1
V	4496047	4
V	4496277	4
V	4496504	4
V	4496735	6
V	4496970	4
V	4497198	6
V	4497433	8
V	4497662	10
V	4497897	7
V	4498126	7
V	4498351	6
V	4498585	6
V	4498819	10
V	4499054	6
V	4499288	4
V	4499516	4
V	4499753	4
V	4499990	4
V	4500226	4
V	4500462	4
V	4500698	6
V	4500940	1
V	4501177	9
V	4501419	9
V	4501660	4
V	4501893	10
V	4502135	7
V	4502370	9
V	4502612	9
V	4502849	4
V	4503075	9
V	4503308	9
V	4503542	9
V	4503778	9
V	4504011	9
V	4504244	9
V	4504479	9
V	4504712	9
V	4504946	9
V	4505177	10
V	4505417	7
V	4505650	8
V	4505887	8
V	4506123	10
V	4506364	4
V	4506588	1
V	4506817	4
V	4507029	1
V	4507255	1
V	4507480	4
V	4507706	6
V	4507939	1
V	4508169	1
V	4508399	6
V	4508634	8
V	4508862	8
V	4509094	10
V	4509329	10
V	4509564	8
V	4509793	8
V	4510021	6
V	4510256	6
V	4510492	6
V	4510727	6
V	4510961	1
V	4511197	4
V	4511434	6
V	4511658	1
V	4511894	1
V	4512131	10
V	4512374	8
V	4512611	9
V	4512852	9
V	4513092	9
V	4513333	9
V	4513574	9
V	4513814	9
V	4514054	9
V	4514296	9
V	4514538	9
V	4514781	4
V	4514998	4
V	4515231	4
V	4515468	4
V	4515704	6
V	4515945	1
V	4516178	6
V	4516417	4
V	4516652	4
V	4516887	10
V	4517128	10
V	4517368	7
V	4517583	9
V	4517825	9
V	4518062	9
V	4518303	9
V	4518524	1
V	4518754	9
V	4518982	9
V	4519216	9
V	4519452	9
V	4519683	9
V	4519917	10
V	4520157	7
V	4520394	8
V	4520630	4
V	4520841	1
V	4521067	1
V	4521294	1
V	4521522	1
V	4521751	1
V	4521980	6
V	4522215	1
V	4522445	1
V	4522674	4
V	4522907	1
V	4523135	6
V	4523369	4
V	4523599	6
V	4523831	4
V	4524062	1
V	4524292	4
V	4524504	4
V	4524734	10
V	4524969	10
V	4525204	7
V	4525436	7
V	4525667	10
V	4525902	10
V	4526141	10
V	4526377	8
V	4526607	10
V	4526843	4
V	4527073	6
V	4527290	7
V	4527515	10
V	4527749	1
V	4527986	4
V	4528221	10
V	4528463	9
V	4528703	9
V	4528943	6
V	4529184	4
V	4529422	4
V	4529659	1
V	4529889	4
V	4530120	6
V	4530357	6
V	4530598	7
V	4530833	10
V	4531073	9
V	4531311	9
V	4531552	4
V	4531780	9
V	4532016	9
V	4532251	9
V	4532485	9
V	4532720	9
V	4532955	9
V	4533187	9
V	4533422	9
V	4533654	9
V	4533887	10
V	4534129	7
V	4534366	7
V	4534603	8
V	4534840	10
V	4535082	7
V	4535316	10
V	4535560	8
V	4535796	10
V	4536037	4
V	4536263	1
V	4536492	4
V	4536720	4
V	4536946	4
V	4537175	6
V	4537410	4
V	4537643	1
V	4537874	6
V	4538107	4
V	4538319	4
V	4538548	6
V	4538781	6
V	4539013	6
V	4539245	6
V	4539480	6
V	4539716	1
V	4539946	7
V	4540175	7
V	4540405	7
V	4540633	7
V	4540863	10
V	4541096	10
V	4541331	8
V	4541560	7
V	4541771	4
V	4541983	1
V	4542210	6
V	4542445	6
V	4542678	6
V	4542914	6
V	4543149	6
V	4543383	1
V	4543615	6
V	4543853	4
V	4544088	1
V	4544321	9
V	4544562	9
V	4544800	9
V	4545042	9
V	4545266	4
V	4545500	4
V	4545737	10
V	4545978	7
V	4546212	8
V	4546446	9
V	4546686	9
V	4546924	9
V	4547162	9
V	4547405	9
V	4547642	9
V	4547880	9
V	4548115	9
V	4548348	9
V	4548581	9
V	4548815	8
V	4549051	8
V	4549288	10
V	4549529	7
V	4549764	6
V	4550000	4
V	4550229	6
V	4550464	4
V	4550694	1
V	4550923	6
V	4551155	1
V	4551383	4
V	4551612	1
V	4551839	1
V	4552069	1
V	4552299	8
V	4552528	8
V	4552758	7
V	4552986	8
V	4553212	10
V	4553449	8
V	4553675	10
V	4553911	6
V	4554146	4
V	4554375	4
V	4554603	4
V	4554833	1
V	4555065	1
V	4555298	6
V	4555537	1
V	4555773	4
V	4556009	1
V	4556244	1
V	4556482	1
V	4556717	9
V	4556959	9
V	4557200	9
V	4557443	9
V	4557681	9
V	4557919	9
V	4558159	9
V	4558399	1
V	4558633	6
V	4558874	6
V	4559115	8
V	4559351	10
V	4559573	7
V	4559808	10
V	4560050	9
V	4560292	9
V	4560531	6
V	4560765	6
V	4560999	4
V	4561226	9
V	4561461	9
V	4561697	9
V	4561930	9
V	4562146	9
V	4562379	9
V	4562615	9
V	4562847	8
V	4563082	7
V	4563318	8
V	4563555	1
V	4563783	6
V	4564018	1
V	4564248	4
V	4564477	4
V	4564704	1
V	4564934	4
V	4565161	1
V	4565390	6
V	4565627	4
V	4565858	1
V	4566087	4
V	4566316	1
V	4566544	6
V	4566777	4
V	4567005	4
V	4567235	1
V	4567463	4
V	4567692	8
V	4567921	7
V	4568153	10
V	4568389	8
V	4568619	10
V	4568855	10
V	4569090	10
V	4569324	8
V	4569550	10
V	4569786	4
V	4570018	4
V	4570247	1
V	4570468	1
V	4570700	4
V	4570932	10
V	4571166	10
V	4571401	6
V	4571637	4
V	4571874	4
V	4572111	4
V	4572347	10
V	4572589	10
V	4572832	8
V	4573066	9
V	4573307	9
V	4573547	9
V	4573789	9
V	4574030	9
V	4574272	9
V	4574512	9
V	4574751	4
V	4574987	4
V	4575221	1
V	4575454	4
V	4575689	4
V	4575923	6
V	4576164	1
V	4576401	10
V	4576640	8
V	4576874	8
V	4577109	1
V	4577338	9
V	4577573	9
V	4577789	9
V	4578024	9
V	4578260	10
V	4578499	10
V	4578735	10
V	4578978	8
V	4579214	7
V	4579449	7
V	4579684	6
V	4579918	6
V	4580150	1
V	4580381	4
V	4580611	6
V	4580844	4
V	4581075	4
V	4581304	4
V	4581534	1
V	4581765	6
V	4581999	6
V	4582234	6
V	4582467	1
V	4582694	6
V	4582929	6
V	4583164	10
V	4583399	8
V	4583627	7
V	4583857	8
V	4584088	8
V	4584317	7
V	4584546	10
V	4584780	6
V	4585015	8
V	4585246	6
V	4585485	4
V	4585720	1
V	4585950	4
V	4586186	6
V	4586426	1
V	4586664	8
V	4586900	7
V	4587133	9
V	4587374	9
V	4587616	9
V	4587858	9
V	4588098	4
V	4588331	4
V	4588563	4
V	4588796	4
V	4589032	6
V	4589274	7
V	4589507	9
V	4589746	9
V	4589985	9
V	4590223	9
V	4590461	6
V	4590693	9
V	4590928	9
V	4591162	9
V	4591393	9
V	4591628	9
V	4591862	9
V	4592096	9
V	4592330	9
V	4592561	9
V	4592793	9
V	4593028	8
V	4593262	7
V	4593499	7
V	4593735	8
V	4593969	1
V	4594199	6
V	4594432	6
V	4594667	4
V	4594896	4
V	4595125	1
V	4595354	1
V	4595585	4
V	4595812	4
V	4596041	1
V	4596270	1
V	4596498	6
V	4596730	10
V	4596963	7
V	4597193	7
V	4597423	7
V	4597653	8
V	4597883	8
V	4598110	4
V	4598343	10
V	4598578	1
V	4598810	10
V	4599045	10
V	4599280	10
V	4599515	1
V	4599750	1
V	4599986	4
V	4600223	6
V	4600465	1
V	4600700	8
V	4600936	8
V	4601173	1
V	4601405	4
V	4601635	4
V	4601873	4
V	4602109	1
V	4602346	1
V	4602581	4
V	4602815	1
V	4603052	8
V	4603289	9
V	4603530	9
V	4603751	9
V	4603991	9
V	4604225	9
V	4604459	9
V	4604694	9
V	4604926	9
V	4605159	9
V	4605392	9
V	4605626	9
V	4605861	8
V	4606095	8
V	4606326	1
V	4606556	6
V	4606790	6
V	4607019	4
V	4607248	4
V	4607474	4
V	4607704	6
V	4607939	1
V	4608167	4
V	4608396	1
V	4608621	6
V	4608855	1
V	4609087	6
V	4609319	6
V	4609551	6
V	4609784	1
V	4610015	1
V	4610245	4
V	4610475	7
V	4610704	7
V	4610934	10
V	4611170	10
V	4611407	7
V	4611634	6
V	4611868	4
V	4612098	4
V	4612335	4
V	4612569	4
V	4612801	8
V	4613034	8
V	4613263	7
V	4613494	7
V	4613729	9
V	4613971	9
V	4614212	9
V	4614453	9
V	4614694	9
V	4614933	9
V	4615175	9
V	4615417	9
V	4615659	4
V	4615895	4
V	4616131	8
V	4616364	7
V	4616596	9
V	4616837	9
V	4617077	9
V	4617314	9
V	4617551	6
V	4617800	6
V	4618049	6
V	4618299	6
V	4618549	3
V	4618802	5
V	4619054	2
V	4619303	10
V	4619556	6
V	4619807	6
V	4620064	7
V	4620318	5
V	4620567	1
V	4620824	6
V	4621083	1
V	4621338	6
V	4621590	2
V	4621839	6
V	4622096	2
V	4622341	6
V	4622596	6
V	4622846	6
V	4623105	6
V	4623359	1
V	4623601	1
V	4623846	5
V	4624094	9
V	4624351	4
V	4624602	2
V	4624842	1
V	4625088	1
V	4625343	4
V	4625589	5
V	4625838	3
V	4626090	7
V	4626341	6
V	4626593	4
V	4626849	1
V	4627103	1
V	4627358	1
V	4627606	1
V	4627854	3
V	4628100	7
V	4628350	3
V	4628595	2
V	4628844	9
V	4629098	3
V	4629346	8
V	4629603	2
V	4629855	8
V	4630104	6
V	4630355	10
V	4630611	8
V	4630868	8
V	4631118	10
V	4631376	6
V	4631632	2
V	4631882	6
V	4632134	6
V	4632392	6
V	4632646	7
V	4632897	4
V	4633150	5
V	4633402	2
V	4633654	3
V	4633903	2
V	4634144	5
V	4634394	10
V	4634646	4
V	4634891	7
V	4635138	5
V	4635386	5
V	4635631	3
V	4635881	4
V	4636131	3
V	4636378	3
V	4636630	7
V	4636881	1
V	4637129	6
V	4637380	1
V	4637627	2
V	4637876	2
V	4638129	4
V	4638382	1
V	4638635	9
V	4638889	7
V	4639148	3
V	4639392	8
V	4639643	6
V	4639894	7
V	4640148	7
V	4640400	7
V	4640654	8
V	4640910	4
V	4641164	4
V	4641419	8
V	4641678	3
V	4641923	7
V	4642178	7
V	4642429	10
V	4642687	2
V	4642935	5
V	4643182	2
V	4643422	9
V	4643677	7
V	4643926	1
V	4644180	9
V	4644437	3
V	4644678	9
V	4644927	5
V	4645176	7
V	4645422	8
V	4645678	10
V	4645929	2
V	4646171	8
V	4646427	5
V	4646671	5
V	4646918	6
V	4647172	6
V	4647429	5
V	4647671	6
V	4647927	4
V	4648179	10
V	4648437	10
V	4648689	4
V	4648938	9
V	4649191	5
V	4649443	5
V	4649694	1
V	4649944	5
V	4650185	1
V	4650434	10
V	4650684	4
V	4650936	4
V	4651187	10
V	4651437	10
V	4651695	10
V	4651947	9
V	4652201	3
V	4652456	4
V	4652703	5
V	4652947	8
V	4653198	4
V	4653448	4
V	4653701	4
V	4653954	2
V	4654200	1
V	4654444	6
V	4654703	6
V	4654954	1
V	4655203	6
V	4655458	5
V	4655707	4
V	4655957	7
V	4656207	1
V	4656447	2
V	4656689	4
V	4656931	1
V	4657171	4
V	4657420	1
V	4657664	2
V	4657916	4
V	4658167	5
V	4658420	7
V	4658674	4
V	4658930	7
V	4659186	4
V	4659438	3
V	4659682	1
V	4659927	4
V	4660179	1
V	4660427	6
V	4660683	3
V	4660940	9
V	4661192	5
V	4661443	9
V	4661678	9
V	4661911	9
V	4662147	9
V	4662378	7
V	4662613	7
V	4662847	7
V	4663084	7
V	4663319	8
V	4663556	9
V	4663789	6
V	4664022	6
V	4664256	4
V	4664486	6
V	4664721	1
V	4664951	6
V	4665187	6
V	4665420	6
V	4665656	6
V	4665893	4
V	4666122	1
V	4666349	6
V	4666584	4
V	4666816	4
V	4667046	1
V	4667274	4
V	4667502	8
V	4667732	8
V	4667963	7
V	4668197	10
V	4668430	10
V	4668662	8
V	4668892	8
V	4669104	8
V	4669334	8
V	4669564	1
V	4669796	6
V	4670023	6
V	4670262	7
V	4670490	1
V	4670718	10
V	4670954	4
V	4671188	1
V	4671421	1
V	4671654	1
V	4671890	5
V	4672127	1
V	4672364	1
V	4672600	4
V	4672836	8
V	4673065	10
V	4673305	8
V	4673538	9
V	4673779	9
V	4674021	9
V	4674264	9
V	4674505	9
V	4674746	1
V	4674982	4
V	4675200	6
V	4675441	1
V	4675675	4
V	4675907	1
V	4676143	1
V	4676377	7
V	4676612	10
V	4676836	7
V	4677069	8
V	4677307	10
V	4677550	9
V	4677783	9
V	4678018	9
V	4678249	9
V	4678484	7
V	4678720	7
V	4678955	10
V	4679197	7
V	4679433	10
V	4679675	10
V	4679916	1
V	4680144	4
V	4680374	1
V	4680601	1
V	4680830	1
V	4681061	6
V	4681295	6
V	4681530	6
V	4681764	4
V	4681994	1
V	4682224	1
V	4682454	4
V	4682680	6
V	4682914	6
V	4683151	6
V	4683382	4
V	4683609	7
V	4683839	7
V	4684066	8
V	4684296	8
V	4684526	8
V	4684756	8
V	4684983	10
V	4685216	8
V	4685445	10
V	4685681	7
V	4685910	8
V	4686136	8
V	4686364	6
V	4686600	8
V	4686828	4
V	4687064	1
V	4687300	8
V	4687537	9
V	4687779	9
V	4688020	9
V	4688261	9
V	4688503	9
V	4688744	9
V	4688985	4
V	4689216	4
V	4689450	1
V	4689684	6
V	4689924	4
V	4690160	7
V	4690396	7
V	4690629	10
V	4690869	10
V	4691108	7
V	4691343	8
V	4691579	9
V	4691817	9
V	4692057	9
V	4692294	7
V	4692531	8
V	4692768	10
V	4693009	6
V	4693244	4
V	4693472	6
V	4693708	4
V	4693939	9
V	4694172	9
V	4694408	9
V	4694642	9
V	4694878	9
V	4695113	9
V	4695345	9
V	4695579	9
V	4695814	10
V	4696056	4
V	4696284	4
V	4696513	6
V	4696747	6
V	4696981	1
V	4697208	1
V	4697438	6
V	4697672	6
V	4697906	4
V	4698137	6
V	4698371	4
V	4698600	4
V	4698826	6
V	4699057	6
V	4699293	7
V	4699522	10
V	4699757	8
V	4699987	10
V	4700223	7
V	4700454	7
V	4700681	7
V	4700910	8
V	4701139	10
V	4701375	7
V	4701606	6
V	4701840	4
V	4702070	7
V	4702300	4
V	4702533	4
V	4702766	4
V	4703001	6
V	4703243	4
V	4703479	6
V	4703721	9
V	4703961	9
V	4704200	9
V	4704433	9
V	4704672	9
V	4704913	9
V	4705153	9
V	4705393	9
V	4705631	9
V	4705872	9
V	4706114	9
V	4706356	1
V	4706589	4
V	4706825	4
V	4707062	4
V	4707297	1
V	4707534	1
V	4707769	4
V	4708003	10
V	4708228	10
V	4708472	8
V	4708708	10
V	4708950	6
V	4709184	6
V	4709418	9
V	4709652	9
V	4709884	9
V	4710121	9
V	4710352	10
V	4710594	7
V	4710831	7
V	4711050	10
V	4711292	4
V	4711519	1
V	4711737	1
V	4711969	6
V	4712204	3
V	4712433	1
V	4712663	1
V	4712893	6
V	4713129	1
V	4713359	6
V	4713595	1
V	4713825	4
V	4714054	4
V	4714285	1
V	4714513	4
V	4714743	4
V	4714969	10
V	4715205	7
V	4715428	8
V	4715658	10
V	4715893	7
V	4716120	8
V	4716349	8
V	4716578	6
V	4716809	4
V	4717042	4
V	4717279	4
V	4717497	10
V	4717721	8
V	4717955	9
V	4718196	9
V	4718437	9
V	4718679	9
V	4718920	4
V	4719156	1
V	4719375	4
V	4719608	4
V	4719842	1
V	4720076	7
V	4720312	7
V	4720548	9
V	4720789	9
V	4721030	9
V	4721271	9
V	4721510	6
V	4721744	9
V	4721980	9
V	4722213	9
V	4722448	9
V	4722680	10
V	4722923	7
V	4723160	7
V	4723392	7
V	4723630	7
V	4723867	7
V	4724103	7
V	4724340	4
V	4724569	6
V	4724802	6
V	4725037	4
V	4725267	4
V	4725499	4
V	4725727	6
V	4725960	4
V	4726190	4
V	4726420	4
V	4726651	1
V	4726881	4
V	4727110	6
V	4727345	1
V	4727575	6
V	4727808	4
V	4728040	1
V	4728269	4
V	4728499	6
V	4728734	6
V	4728969	7
V	4729198	10
V	4729434	8
V	4729660	7
V	4729889	7
V	4730117	4
V	4730347	6
V	4730581	6
V	4730815	1
V	4731044	6
V	4731280	10
V	4731513	8
V	4731742	10
V	4731975	1
V	4732210	6
V	4732451	4
V	4732686	4
V	4732922	10
V	4733162	10
V	4733404	9
V	4733644	9
V	4733881	9
V	4734122	9
V	4734363	9
V	4734604	4
V	4734841	4
V	4735078	4
V	4735313	1
V	4735548	4
V	4735783	4
V	4736019	4
V	4736254	6
V	4736494	1
V	4736731	4
V	4736966	7
V	4737198	7
V	4737431	9
V	4737670	9
V	4737909	9
V	4738141	9
V	4738377	9
V	4738611	9
V	4738846	9
V	4739063	9
V	4739297	9
V	4739531	9
V	4739763	7
V	4739996	10
V	4740236	10
V	4740480	6
V	4740715	4
V	4740947	6
V	4741182	4
V	4741409	6
V	4741643	4
V	4741875	6
V	4742109	1
V	4742338	1
V	4742567	1
V	4742797	1
V	4743027	4
V	4743257	4
V	4743487	4
V	4743716	4
V	4743946	6
V	4744179	4
V	4744410	1
V	4744639	6
V	4744874	6
V	4745104	1
V	4745334	1
V	4745564	8
V	4745793	7
V	4746021	8
V	4746251	8
V	4746482	8
V	4746712	8
V	4746940	10
V	4747176	7
V	4747403	4
V	4747635	4
V	4747864	10
V	4748097	8
V	4748326	4
V	4748559	1
V	4748795	6
V	4749036	4
V	4749272	10
V	4749512	10
V	4749750	9
V	4749992	9
V	4750233	9
V	4750472	9
V	4750711	9
V	4750950	9
V	4751190	9
V	4751431	9
V	4751672	4
V	4751907	6
V	4752147	1
V	4752383	1
V	4752619	4
V	4752855	4
V	4753087	4
V	4753322	4
V	4753558	10
V	4753800	8
V	4754037	9
V	4754269	9
V	4754505	9
V	4754737	9
V	4754970	9
V	4755201	10
V	4755443	10
V	4755685	7
V	4755922	10
V	4756164	8
V	4756401	10
V	4756638	10
V	4756880	8
V	4757117	10
V	4757360	7
V	4757595	6
V	4757828	6
V	4758064	1
V	4758292	4
V	4758522	6
V	4758755	4
V	4758984	4
V	4759214	4
V	4759443	1
V	4759673	6
V	4759909	6
V	4760143	1
V	4760372	1
V	4760601	7
V	4760829	7
V	4761056	8
V	4761286	7
V	4761516	10
V	4761752	7
V	4761978	10
V	4762212	1
V	4762423	6
V	4762657	1
V	4762891	1
V	4763127	1
V	4763363	4
V	4763599	8
V	4763835	9
V	4764076	9
V	4764317	9
V	4764555	9
V	4764795	9
V	4765037	9
V	4765277	9
V	4765517	1
V	4765751	6
V	4765992	4
V	4766229	4
V	4766465	1
V	4766701	1
V	4766937	4
V	4767174	8
V	4767406	8
V	4767641	10
V	4767880	8
V	4768117	9
V	4768358	9
V	4768599	9
V	4768837	9
V	4769075	9
V	4769314	9
V	4769554	9
V	4769793	8
V	4770023	9
V	4770265	9
V	4770500	9
V	4770734	9
V	4770966	9
V	4771197	7
V	4771429	10
V	4771670	7
V	4771903	10
V	4772143	8
V	4772377	8
V	4772611	1
V	4772840	6
V	4773073	6
V	4773307	4
V	4773536	4
V	4773762	4
V	4773994	4
V	4774223	1
V	4774453	4
V	4774684	4
V	4774914	1
V	4775142	6
V	4775377	4
V	4775589	4
V	4775818	1
V	4776047	7
V	4776276	10
V	4776511	10
V	4776746	4
V	4776975	1
V	4777203	10
V	4777438	10
V	4777672	4
V	4777908	4
V	4778144	6
V	4778385	10
V	4778627	10
V	4778852	9
V	4779089	9
V	4779327	9
V	4779567	9
V	4779791	9
V	4780033	9
V	4780274	1
V	4780509	4
V	4780746	4
V	4780982	4
V	4781217	4
V	4781450	4
V	4781683	4
V	4781914	4
V	4782148	4
V	4782385	4
V	4782622	4
V	4782858	4
V	4783095	8
V	4783330	7
V	4783563	7
V	4783796	9
V	4784036	9
V	4784274	9
V	4784512	9
V	4784755	9
V	4784993	9
V	4785228	7
V	4785463	10
V	4785687	9
V	4785924	9
V	4786159	9
V	4786393	9
V	4786626	9
V	4786860	8
V	4787098	7
V	4787333	8
V	4787566	10
V	4787807	6
V	4788039	6
V	4788270	6
V	4788487	1
V	4788715	1
V	4788946	6
V	4789179	1
V	4789409	4
V	4789635	4
V	4789865	4
V	4790096	4
V	4790326	6
V	4790564	4
V	4790792	4
V	4791019	1
V	4791249	6
V	4791484	1
V	4791715	6
V	4791950	4
V	4792179	10
V	4792415	8
V	4792647	7
V	4792879	10
V	4793114	10
V	4793350	1
V	4793561	1
V	4793791	8
V	4794018	1
V	4794251	4
V	4794487	10
V	4794729	9
V	4794970	9
V	4795207	9
V	4795446	9
V	4795685	9
V	4795925	9
V	4796165	9
V	4796406	1
V	4796638	6
V	4796877	1
V	4797114	8
V	4797349	10
V	4797591	8
V	4797825	9
V	4798063	9
V	4798305	9
V	4798547	8
V	4798783	7
V	4799019	4
V	4799245	9
V	4799479	9
V	4799712	9
V	4799947	9
V	4800180	9
V	4800412	9
V	4800648	9
V	4800883	9
V	4801116	9
V	4801350	9
V	4801586	10
V	4801829	6
V	4802063	1
V	4802291	6
V	4802523	6
V	4802757	1
V	4802987	1
V	4803217	6
V	4803434	6
V	4803669	1
V	4803897	4
V	4804123	1
V	4804353	6
V	4804588	10
V	4804824	10
V	4805059	7
V	4805289	7
V	4805518	8
V	4805748	10
V	4805985	10
V	4806220	7
V	4806450	7
V	4806680	10
V	4806918	8
V	4807149	10
V	4807384	4
V	4807613	1
V	4807842	8
V	4808072	6
V	4808303	7
V	4808532	1
V	4808764	1
V	4809002	4
V	4809238	6
V	4809477	6
V	4809719	1
V	4809954	4
V	4810191	1
V	4810429	6
V	4810669	7
V	4810903	9
V	4811145	9
V	4811376	9
V	4811614	9
V	4811854	9
V	4812095	1
V	4812330	1
V	4812567	1
V	4812802	1
V	4813038	4
V	4813273	8
V	4813506	9
V	4813746	9
V	4813986	9
V	4814225	9
V	4814460	9
V	4814696	9
V	4814922	9
V	4815154	9
V	4815386	9
V	4815620	9
V	4815853	9
V	4816086	8
V	4816320	10
V	4816562	10
V	4816800	7
V	4817035	10
V	4817276	10
V	4817515	1
V	4817743	6
V	4817977	1
V	4818204	4
V	4818433	6
V	4818667	1
V	4818898	6
V	4819133	6
V	4819367	4
V	4819596	6
V	4819830	7
V	4820059	7
V	4820290	6
V	4820524	6
V	4820758	4
V	4820988	1
V	4821217	1
V	4821448	4
V	4821681	6
V	4821922	1
V	4822159	10
V	4822400	9
V	4822638	9
V	4822858	9
V	4823098	9
V	4823339	4
V	4823575	4
V	4823812	6
V	4824050	1
V	4824283	1
V	4824520	7
V	4824755	7
V	4824988	9
V	4825226	9
V	4825462	9
V	4825702	9
V	4825943	6
V	4826177	4
V	4826405	9
V	4826640	9
V	4826875	9
V	4827109	9
V	4827344	9
V	4827576	9
V	4827811	9
V	4828046	9
V	4828279	7
V	4828515	6
V	4828748	6
V	4828983	4
V	4829213	4
V	4829442	4
V	4829673	1
V	4829902	1
V	4830132	4
V	4830356	1
V	4830586	4
V	4830812	6
V	4831042	1
V	4831272	1
V	4831500	6
V	4831733	1
V	4831965	1
V	4832197	4
V	4832429	6
V	4832661	4
V	4832890	8
V	4833118	10
V	4833353	10
V	4833588	7
V	4833816	8
V	4834046	7
V	4834276	8
V	4834505	7
V	4834735	4
V	4834969	6
V	4835210	4
V	4835447	4
V	4835682	9
V	4835922	9
V	4836161	9
V	4836401	9
V	4836644	4
V	4836880	4
V	4837113	4
V	4837346	1
V	4837579	7
V	4837813	10
V	4838053	10
V	4838296	9
V	4838536	9
V	4838772	9
V	4839014	9
V	4839253	10
V	4839495	9
V	4839729	9
V	4839963	9
V	4840201	9
V	4840434	9
V	4840669	9
V	4840903	9
V	4841137	9
V	4841373	9
V	4841606	9
V	4841839	7
V	4842073	8
V	4842310	7
V	4842546	7
V	4842782	10
V	4843021	10
V	4843264	10
V	4843507	8
V	4843743	9
V	4843977	4
V	4844204	6
V	4844435	4
V	4844665	4
V	4844893	4
V	4845125	6
V	4845359	4
V	4845587	4
V	4845817	1
V	4846046	6
V	4846280	4
V	4846509	6
V	4846744	4
V	4846972	6
V	4847206	1
V	4847437	6
V	4847671	4
V	4847899	8
V	4848127	7
V	4848356	8
V	4848584	10
V	4848820	7
V	4849048	10
V	4849280	1
V	4849509	1
V	4849740	4
V	4849968	4
V	4850203	4
V	4850436	1
V	4850672	7
V	4850905	9
V	4851147	9
V	4851384	9
V	4851624	9
V	4851865	9
V	4852106	4
V	4852322	1
V	4852559	1
V	4852796	4
V	4853029	4
V	4853265	10
V	4853505	8
V	4853741	1
V	4853970	9
V	4854204	9
V	4854439	9
V	4854672	9
V	4854907	9
V	4855142	9
V	4855376	7
V	4855612	10
V	4855856	8
V	4856088	8
V	4856325	7
V	4856561	10
V	4856804	7
V	4857039	1
V	4857267	6
V	4857501	4
V	4857728	4
V	4857958	6
V	4858192	4
V	4858403	1
V	4858634	4
V	4858864	6
V	4859098	4
V	4859327	4
V	4859559	1
V	4859783	8
V	4860015	8
V	4860244	10
V	4860480	7
V	4860714	10
V	4860949	7
V	4861177	8
V	4861402	10
V	4861638	7
V	4861868	4
V	4862094	1
V	4862323	4
V	4862534	1
V	4862767	1
V	4863004	6
V	4863244	4
V	4863481	4
V	4863715	10
V	4863955	8
V	4864191	8
V	4864428	9
V	4864667	9
V	4864906	9
V	4865146	9
V	4865388	9
V	4865629	4
V	4865863	1
V	4866097	4
V	4866331	4
V	4866564	1
V	4866801	4
V	4867038	4
V	4867275	10
V	4867516	8
V	4867750	9
V	4867987	9
V	4868228	6
V	4868463	9
V	4868697	9
V	4868931	9
V	4869163	9
V	4869395	10
V	4869637	10
V	4869876	10
V	4870115	7
V	4870352	8
V	4870588	6
V	4870821	4
V	4871051	4
V	4871280	6
V	4871514	1
V	4871741	4
V	4871970	4
V	4872199	6
V	4872434	6
V	4872669	1
V	4872898	4
V	4873128	4
V	4873358	4
V	4873587	6
V	4873822	6
V	4874056	6
V	4874289	4
V	4874519	10
V	4874736	10
V	4874965	8
V	4875195	7
V	4875407	7
V	4875634	4
V	4875855	1
V	4876085	1
V	4876323	1
V	4876557	4
V	4876790	1
V	4877026	1
V	4877261	4
V	4877497	8
V	4877730	10
V	4877954	9
V	4878178	9
V	4878418	9
V	4878655	9
V	4878894	9
V	4879131	9
V	4879370	9
V	4879610	9
V	4879851	9
V	4880091	9
V	4880332	1
V	4880566	6
V	4880808	4
V	4881044	4
V	4881279	1
V	4881512	4
V	4881749	6
V	4881989	4
V	4882225	4
V	4882457	4
V	4882690	4
V	4882924	7
V	4883142	7
V	4883361	9
V	4883598	9
V	4883839	9
V	4884073	9
V	4884306	9
V	4884540	8
V	4884776	7
V	4884995	7
V	4885228	8
V	4885464	10
V	4885707	2
V	4885936	6
V	4886168	6
V	4886401	1
V	4886631	4
V	4886858	6
V	4887092	4
V	4887304	4
V	4887532	1
V	4887762	1
V	4887974	1
V	4888203	1
V	4888433	6
V	4888668	4
V	4888899	1
V	4889128	4
V	4889358	6
V	4889589	1
V	4889819	4
V	4890048	7
V	4890278	7
V	4890507	8
V	4890734	7
V	4890964	10
V	4891200	8
V	4891429	8
V	4891659	7
V	4891886	6
V	4892121	4
V	4892357	9
V	4892599	9
V	4892841	9
V	4893084	1
V	4893317	1
V	4893555	6
V	4893793	6
V	4894034	1
V	4894270	4
V	4894506	4
V	4894743	8
V	4894976	8
V	4895210	9
V	4895452	9
V	4895691	9
V	4895932	9
V	4896172	9
V	4896407	9
V	4896642	9
V	4896876	9
V	4897110	9
V	4897346	9
V	4897581	9
V	4897812	9
V	4898044	10
V	4898284	7
V	4898519	7
V	4898753	8
V	4898991	7
V	4899227	7
V	4899464	10
V	4899707	6
V	4899942	4
V	4900175	4
V	4900402	6
V	4900637	6
V	4900872	1
V	4901100	6
V	4901335	1
V	4901564	4
V	4901793	1
V	4902022	1
V	4902252	4
V	4902479	6
V	4902716	6
V	4902950	1
V	4903180	4
V	4903410	6
V	4903645	1
V	4903876	6
V	4904111	1
V	4904341	6
V	4904577	6
V	4904812	8
V	4905043	10
V	4905278	8
V	4905505	10
V	4905741	7
V	4905971	7
V	4906200	7
V	4906430	10
V	4906665	7
V	4906892	10
V	4907127	10
V	4907361	10
V	4907597	6
V	4907834	4
V	4908054	1
V	4908278	8
V	4908507	6
V	4908748	6
V	4908988	1
V	4909225	1
V	4909462	6
V	4909704	10
V	4909946	7
V	4910182	9
V	4910423	9
V	4910663	9
V	4910901	9
V	4911142	9
V	4911384	9
V	4911626	9
V	4911868	1
V	4912104	4
V	4912342	6
V	4912581	4
V	4912814	4
V	4913030	4
V	4913262	1
V	4913495	4
V	4913729	4
V	4913966	7
V	4914201	10
V	4914441	9
V	4914681	7
V	4914917	4
V	4915147	9
V	4915376	9
V	4915592	9
V	4915826	9
V	4916060	9
V	4916295	9
V	4916530	9
V	4916762	9
V	4916995	9
V	4917227	9
V	4917459	8
V	4917693	8
V	4917928	10
V	4918170	6
V	4918406	6
V	4918638	6
V	4918874	6
V	4919108	4
V	4919335	6
V	4919569	6
V	4919802	4
V	4920029	1
V	4920260	4
V	4920487	6
V	4920724	1
V	4920953	1
V	4921183	1
V	4921409	4
V	4921633	7
V	4921864	10
V	4922100	8
V	4922329	10
V	4922564	10
V	4922798	10
V	4923034	8
V	4923261	10
V	4923497	10
V	4923715	7
V	4923945	6
V	4924181	1
V	4924411	10
V	4924646	7
V	4924858	10
V	4925093	4
V	4925327	4
V	4925565	4
V	4925797	4
V	4926031	4
V	4926266	4
V	4926503	4
V	4926740	1
V	4926976	10
V	4927217	9
V	4927456	9
V	4927694	9
V	4927936	9
V	4928179	4
V	4928412	1
V	4928644	4
V	4928879	4
V	4929098	6
V	4929322	4
V	4929558	4
V	4929791	1
V	4930024	4
V	4930259	4
V	4930494	6
V	4930717	4
V	4930954	10
V	4931194	10
V	4931433	10
V	4931672	7
V	4931908	9
V	4932150	9
V	4932391	7
V	4932627	8
V	4932863	9
V	4933106	9
V	4933340	9
V	4933575	9
V	4933809	9
V	4934043	9
V	4934277	9
V	4934513	9
V	4934747	9
V	4934982	9
V	4935219	9
V	4935450	7
V	4935687	7
V	4935921	10
V	4936162	7
V	4936381	1
V	4936611	4
V	4936843	1
V	4937069	1
V	4937299	6
V	4937531	6
V	4937766	1
V	4937993	4
V	4938221	4
V	4938451	1
V	4938680	6
V	4938915	6
V	4939150	4
V	4939382	1
V	4939611	4
V	4939838	6
V	4940070	6
V	4940306	4
V	4940536	10
V	4940773	10
V	4941009	7
V	4941235	7
V	4941461	8
V	4941689	10
V	4941907	8
V	4942137	7
V	4942367	4
V	4942588	8
V	4942817	4
V	4943028	6
V	4943262	6
V	4943497	10
V	4943732	7
V	4943943	4
V	4944178	4
V	4944413	6
V	4944654	7
V	4944889	10
V	4945130	9
V	4945371	9
V	4945611	9
V	4945852	1
V	4946086	4
V	4946321	4
V	4946554	4
V	4946783	1
V	4947016	1
V	4947249	4
V	4947482	1
V	4947717	8
V	4947951	7
V	4948187	10
V	4948430	7
V	4948666	10
V	4948909	10
V	4949151	9
V	4949386	9
V	4949624	9
V	4949859	9
V	4950094	9
V	4950327	9
V	4950561	9
V	4950795	9
V	4951028	9
V	4951261	9
V	4951493	9
V	4951724	9
V	4951958	10
V	4952197	7
V	4952432	10
V	4952672	8
V	4952907	8
V	4953140	8
V	4953376	7
V	4953611	8
V	4953845	10
V	4954087	8
V	4954323	7
V	4954560	8
V	4954796	4
V	4955025	4
V	4955255	1
V	4955485	4
V	4955714	4
V	4955924	1
V	4956153	1
V	4956381	4
V	4956609	1
V	4956818	6
V	4957050	4
V	4957276	6
V	4957509	8
V	4957713	7
V	4957927	7
V	4958156	8
V	4958381	8
V	4958612	7
V	4958838	8
V	4959064	7
V	4959293	8
V	4959521	10
V	4959755	8
V	4959984	10
V	4960219	7
V	4960447	4
V	4960677	1
V	4960907	6
V	4961141	6
V	4961374	4
V	4961602	6
V	4961837	4
V	4962066	8
V	4962295	6
V	4962530	1
V	4962766	1
V	4962999	4
V	4963233	1
V	4963470	4
V	4963708	4
V	4963943	1
V	4964179	4
V	4964413	4
V	4964648	7
V	4964885	9
V	4965128	9
V	4965369	9
V	4965593	9
V	4965834	9
V	4966073	9
V	4966315	9
V	4966556	9
V	4966796	6
V	4967035	4
V	4967272	1
V	4967509	4
V	4967746	4
V	4967979	4
V	4968215	4
V	4968451	4
V	4968688	8
V	4968923	8
V	4969158	9
V	4969399	9
V	4969633	9
V	4969868	9
V	4970100	9
V	4970331	9
V	4970565	9
V	4970799	7
V	4971035	8
V	4971272	4
V	4971483	3
V	4971711	9
V	4971943	4
V	4972171	4
V	4972402	1
V	4972636	6
V	4972870	6
V	4973106	6
V	4973340	1
V	4973570	4
V	4973800	6
V	4974034	1
V	4974266	6
V	4974481	1
V	4974710	1
V	4974939	6
V	4975155	4
V	4975385	4
V	4975599	7
V	4975825	10
V	4976065	10
V	4976300	10
V	4976514	7
V	4976744	7
V	4976973	7
V	4977185	7
V	4977414	8
V	4977643	10
V	4977879	7
V	4978108	6
V	4978341	1
V	4978575	1
V	4978808	4
V	4979040	4
V	4979275	1
V	4979511	8
V	4979745	10
V	4979987	9
V	4980228	9
V	4980469	9
V	4980708	9
V	4980947	9
V	4981187	9
V	4981427	4
V	4981661	1
V	4981898	4
V	4982133	6
V	4982373	1
V	4982609	4
V	4982842	1
V	4983078	1
V	4983314	7
V	4983548	8
V	4983781	9
V	4984022	9
V	4984258	9
V	4984497	8
V	4984732	9
V	4984965	9
V	4985198	9
V	4985432	9
V	4985667	9
V	4985901	9
V	4986134	9
V	4986370	9
V	4986604	9
V	4986821	8
V	4987054	8
V	4987290	8
V	4987527	10
V	4987768	8
V	4988004	7
V	4988241	6
V	4988472	4
V	4988702	1
V	4988928	4
V	4989158	4
V	4989387	6
V	4989622	1
V	4989853	1
V	4990083	1
V	4990314	6
V	4990549	1
V	4990779	6
V	4991012	4
V	4991239	7
V	4991471	10
V	4991703	7
V	4991933	7
V	4992162	4
V	4992393	1
V	4992627	6
V	4992869	4
V	4993104	10
V	4993343	7
V	4993577	10
V	4993819	9
V	4994039	9
V	4994277	9
V	4994518	9
V	4994758	9
V	4995000	4
V	4995235	4
V	4995470	4
V	4995704	6
V	4995944	10
V	4996184	9
V	4996425	9
V	4996662	4
V	4996889	9
V	4997124	9
V	4997358	10
V	4997596	7
V	4997832	10
V	4998074	8
V	4998312	10
V	4998555	6
V	4998788	9
V	4999023	4
V	4999250	6
V	4999484	4
V	4999714	4
V	4999945	1
V	5000175	6
V	5000410	4
V	5000639	6
V	5000875	1
V	5001105	6
V	5001340	4
V	5001570	4
V	5001799	4
V	5002029	4
V	5002259	1
V	5002488	4
V	5002716	10
V	5002951	8
V	5003179	10
V	5003414	8
V	5003642	7
V	5003873	8
V	5004103	10
V	5004338	10
V	5004572	8
V	5004802	10
V	5005038	6
V	5005271	1
V	5005506	4
V	5005743	6
V	5005983	10
V	5006222	8
V	5006456	7
V	5006692	7
V	5006929	9
V	5007171	9
V	5007410	9
V	5007650	9
V	5007888	1
V	5008124	4
V	5008358	4
V	5008595	4
V	5008832	4
V	5009067	1
V	5009300	8
V	5009534	7
V	5009765	10
V	5010004	9
V	5010247	9
V	5010485	9
V	5010705	9
V	5010945	8
V	5011181	10
V	5011423	9
V	5011656	9
V	5011891	9
V	5012122	8
V	5012356	10
V	5012599	8
V	5012835	7
V	5013072	10
V	5013316	10
V	5013558	8
V	5013790	10
V	5014029	8
V	5014265	8
V	5014501	4
V	5014729	1
V	5014959	1
V	5015186	1
V	5015412	6
V	5015646	4
V	5015873	4
V	5016104	4
V	5016333	6
V	5016567	6
V	5016802	1
V	5017032	1
V	5017261	6
V	5017496	4
V	5017725	6
V	5017957	1
V	5018187	4
V	5018417	10
V	5018653	7
V	5018880	7
V	5019109	7
V	5019336	8
V	5019566	8
V	5019795	8
V	5020025	7
V	5020252	1
V	5020481	1
V	5020703	4
V	5020933	8
V	5021162	1
V	5021394	4
V	5021628	4
V	5021860	1
V	5022090	1
V	5022326	4
V	5022561	7
V	5022794	7
V	5023028	7
V	5023262	9
V	5023503	9
V	5023744	9
V	5023984	4
V	5024221	4
V	5024457	10
V	5024698	9
V	5024938	9
V	5025180	9
V	5025419	9
V	5025662	9
V	5025899	9
V	5026139	9
V	5026375	9
V	5026609	9
V	5026842	9
V	5027077	9
V	5027310	9
V	5027541	7
V	5027777	8
V	5028010	7
V	5028243	10
V	5028484	7
V	5028721	1
V	5028949	4
V	5029179	6
V	5029415	4
V	5029627	1
V	5029857	6
V	5030091	4
V	5030319	1
V	5030546	4
V	5030773	6
V	5031007	1
V	5031233	4
V	5031460	1
V	5031690	8
V	5031920	7
V	5032146	10
V	5032379	8
V	5032605	1
V	5032836	6
V	5033075	1
V	5033308	1
V	5033541	9
V	5033782	9
V	5034024	6
V	5034265	1
V	5034500	4
V	5034734	1
V	5034969	7
V	5035204	10
V	5035442	8
V	5035673	9
V	5035914	8
V	5036151	9
V	5036385	9
V	5036619	9
V	5036846	9
V	5037083	9
V	5037317	9
V	5037555	10
V	5037796	8
V	5038031	10
V	5038270	1
V	5038499	1
V	5038729	4
V	5038959	5
V	5039188	4
V	5039417	6
V	5039651	1
V	5039880	1
V	5040109	1
V	5040339	1
V	5040567	4
V	5040794	1
V	5041021	6
V	5041256	6
V	5041486	10
V	5041722	7
V	5041951	10
V	5042186	7
V	5042414	10
V	5042647	10
V	5042880	6
V	5043108	1
V	5043338	4
V	5043556	4
V	5043792	4
V	5044028	8
V	5044262	7
V	5044493	9
V	5044734	9
V	5044958	9
V	5045199	9
V	5045439	9
V	5045677	9
V	5045917	1
V	5046150	4
V	5046382	4
V	5046615	4
V	5046849	1
V	5047087	8
V	5047321	10
V	5047554	9
V	5047796	4
V	5048024	6
V	5048258	6
V	5048492	1
V	5048710	9
V	5048945	9
V	5049179	9
V	5049414	9
V	5049648	9
V	5049883	9
V	5050117	9
V	5050352	9
V	5050588	9
V	5050822	9
V	5051055	9
V	5051285	8
V	5051522	1
V	5051752	4
V	5051982	4
V	5052211	1
V	5052438	4
V	5052665	1
V	5052895	1
V	5053123	4
V	5053353	6
V	5053588	6
V	5053821	4
V	5054050	6
V	5054280	1
V	5054509	4
V	5054741	6
V	5054979	6
V	5055214	1
V	5055441	6
V	5055672	4
V	5055899	6
V	5056134	1
V	5056359	4
V	5056589	4
V	5056815	10
V	5057051	7
V	5057280	10
V	5057516	8
V	5057746	7
V	5057976	10
V	5058211	10
V	5058447	1
V	5058677	6
V	5058912	6
V	5059148	1
V	5059378	4
V	5059611	4
V	5059844	6
V	5060084	4
V	5060320	1
V	5060556	4
V	5060793	10
V	5061033	9
V	5061273	9
V	5061515	9
V	5061754	9
V	5061995	9
V	5062237	9
V	5062478	4
V	5062711	1
V	5062947	1
V	5063175	4
V	5063410	6
V	5063650	1
V	5063883	6
V	5064125	10
V	5064363	7
V	5064597	9
V	5064836	8
V	5065072	9
V	5065307	9
V	5065542	9
V	5065777	9
V	5066012	9
V	5066248	9
V	5066484	9
V	5066717	9
V	5066949	9
V	5067181	7
V	5067416	8
V	5067652	8
V	5067889	8
V	5068125	4
V	5068353	4
V	5068582	1
V	5068812	6
V	5069046	1
V	5069275	4
V	5069487	4
V	5069719	6
V	5069953	6
V	5070190	1
V	5070417	6
V	5070648	1
V	5070877	7
V	5071099	10
V	5071334	8
V	5071563	7
V	5071792	10
V	5072025	10
V	5072260	10
V	5072496	10
V	5072732	10
V	5072967	7
V	5073198	7
V	5073428	6
V	5073655	8
V	5073883	4
V	5074118	1
V	5074351	4
V	5074584	1
V	5074819	4
V	5075055	4
V	5075291	10
V	5075533	9
V	5075772	9
V	5076013	9
V	5076254	9
V	5076494	9
V	5076737	4
V	5076975	4
V	5077212	4
V	5077447	4
V	5077683	4
V	5077916	4
V	5078151	1
V	5078387	4
V	5078620	4
V	5078856	7
V	5079090	10
V	5079331	10
V	5079571	8
V	5079804	7
V	5080037	10
V	5080277	9
V	5080519	9
V	5080758	8
V	5081005	8
V	5081251	9
V	5081482	9
V	5081716	9
V	5081950	9
V	5082184	7
V	5082421	10
V	5082664	10
V	5082904	10
V	5083146	1
V	5083376	4
V	5083605	4
V	5083831	6
V	5084066	6
V	5084303	4
V	5084531	4
V	5084761	4
V	5084989	4
V	5085217	1
V	5085443	6
V	5085680	1
V	5085910	4
V	5086137	4
V	5086369	1
V	5086599	4
V	5086826	7
V	5087056	8
V	5087286	7
V	5087498	8
V	5087728	10
V	5087964	10
V	5088199	8
V	5088428	7
V	5088657	10
V	5088891	1
V	5089119	4
V	5089348	1
V	5089579	1
V	5089809	10
V	5090041	10
V	5090275	8
V	5090487	4
V	5090719	4
V	5090956	6
V	5091196	8
V	5091429	10
V	5091670	10
V	5091912	7
V	5092130	9
V	5092371	9
V	5092611	9
V	5092851	9
V	5093091	9
V	5093331	9
V	5093572	9
V	5093813	4
V	5094049	4
V	5094285	4
V	5094520	4
V	5094757	8
V	5094993	9
V	5095231	10
V	5095476	2
V	5095730	2
V	5095975	10
V	5096234	3
V	5096489	6
V	5096746	4
V	5097002	10
V	5097263	1
V	5097514	4
V	5097765	4
V	5098015	6
V	5098268	6
V	5098528	6
V	5098787	5
V	5099037	6
V	5099283	4
V	5099539	4
V	5099793	6
V	5100039	1
V	5100289	6
V	5100543	9
V	5100799	6
V	5101057	6
V	5101315	1
V	5101567	4
V	5101822	10
V	5102082	3
V	5102335	1
V	5102583	4
V	5102832	4
V	5103083	9
V	5103340	4
V	5103597	4
V	5103851	6
V	5104103	7
V	5104346	6
V	5104597	6
V	5104855	6
V	5105110	9
V	5105362	9
V	5105620	6
V	5105870	4
V	5106118	2
V	5106371	3
V	5106624	9
V	5106876	6
V	5107130	6
V	5107379	1
V	5107631	1
V	5107885	8
V	5108138	8
V	5108392	1
V	5108640	8
V	5108881	3
V	5109133	6
V	5109389	5
V	5109643	7
V	5109891	4
V	5110145	5
V	5110396	1
V	5110640	1
V	5110884	7
V	5111135	10
V	5111380	3
V	5111632	6
V	5111888	6
V	5112140	6
V	5112398	4
V	5112644	5
V	5112895	3
V	5113148	9
V	5113399	4
V	5113638	10
V	5113895	1
V	5114140	7
V	5114392	4
V	5114638	8
V	5114895	5
V	5115145	1
V	5115387	6
V	5115636	4
V	5115890	7
V	5116138	1
V	5116392	6
V	5116652	2
V	5116903	2
V	5117158	6
V	5117414	4
V	5117658	6
V	5117908	9
V	5118163	5
V	5118417	6
V	5118671	4
V	5118927	2
V	5119178	5
V	5119426	9
V	5119685	5
V	5119938	5
V	5120186	9
V	5120443	6
V	5120694	1
V	5120949	7
V	5121204	10
V	5121454	1
V	5121703	1
V	5121951	2
V	5122199	1
V	5122449	5
V	5122696	8
V	5122944	3
V	5123197	2
V	5123440	1
V	5123693	6
V	5123948	5
V	5124191	4
V	5124430	8
V	5124687	1
V	5124936	4
V	5125192	1
V	5125439	10
V	5125697	5
V	5125938	9
V	5126195	9
V	5126443	9
V	5126693	2
V	5126942	4
V	5127191	1
V	5127443	4
V	5127689	8
V	5127946	3
V	5128197	10
V	5128455	5
V	5128703	6
V	5128952	4
V	5129203	7
V	5129452	4
V	5129697	5
V	5129946	4
V	5130187	6
V	5130439	4
V	5130686	8
V	5130940	4
V	5131191	4
V	5131439	8
V	5131687	1
V	5131933	8
V	5132181	5
V	5132420	4
V	5132668	4
V	5132915	3
V	5133156	2
V	5133395	4
V	5133649	4
V	5133898	8
V	5134146	4
V	5134398	4
V	5134647	2
V	5134893	3
V	5135141	4
V	5135392	3
V	5135641	1
V	5135895	3
V	5136141	3
V	5136389	4
V	5136640	1
V	5136882	9
V	5137134	9
V	5137386	10
V	5137639	10
V	5137890	2
V	5138134	1
V	5138382	9
V	5138631	8
V	5138867	7
V	5139104	10
V	5139344	10
V	5139585	10
V	5139827	10
V	5140069	8
V	5140305	9
V	5140540	9
V	5140772	9
V	5141008	9
V	5141242	9
V	5141465	9
V	5141699	10
V	5141941	7
V	5142177	10
V	5142419	4
V	5142646	6
V	5142877	6
V	5143112	1
V	5143341	6
V	5143574	1
V	5143804	1
V	5144036	1
V	5144265	6
V	5144501	4
V	5144731	1
V	5144957	6
V	5145191	4
V	5145420	4
V	5145650	1
V	5145882	6
V	5146117	6
V	5146349	1
V	5146579	6
V	5146814	10
V	5147049	8
V	5147261	7
V	5147490	10
V	5147722	10
V	5147956	10
V	5148192	7
V	5148422	8
V	5148648	7
V	5148860	7
V	5149089	6
V	5149322	4
V	5149556	6
V	5149795	1
V	5150030	1
V	5150266	4
V	5150503	9
V	5150744	9
V	5150984	9
V	5151226	9
V	5151466	9
V	5151707	9
V	5151949	9
V	5152190	9
V	5152430	9
V	5152654	4
V	5152890	1
V	5153127	4
V	5153361	4
V	5153576	4
V	5153811	10
V	5154052	10
V	5154294	8
V	5154528	8
V	5154766	10
V	5155009	9
V	5155250	9
V	5155491	9
V	5155731	10
V	5155972	9
V	5156203	9
V	5156435	9
V	5156670	9
V	5156905	9
V	5157142	9
V	5157375	10
V	5157616	10
V	5157857	4
V	5158084	1
V	5158314	6
V	5158547	6
V	5158782	6
V	5159017	1
V	5159247	4
V	5159476	4
V	5159707	4
V	5159935	4
V	5160169	4
V	5160398	4
V	5160625	4
V	5160857	1
V	5161086	1
V	5161312	4
V	5161541	10
V	5161775	1
V	5162004	10
V	5162241	8
V	5162469	8
V	5162699	7
V	5162925	10
V	5163160	7
V	5163390	4
V	5163620	4
V	5163856	4
V	5164092	1
V	5164328	7
V	5164560	7
V	5164797	9
V	5165037	9
V	5165278	9
V	5165516	9
V	5165755	9
V	5165991	9
V	5166228	9
V	5166469	9
V	5166712	9
V	5166954	4
V	5167192	1
V	5167428	4
V	5167662	6
V	5167902	7
V	5168136	10
V	5168377	10
V	5168617	10
V	5168859	8
V	5169095	8
V	5169332	8
V	5169567	1
V	5169793	9
V	5170030	9
V	5170263	9
V	5170480	9
V	5170697	9
V	5170931	7
V	5171168	10
V	5171408	8
V	5171640	6
V	5171857	6
V	5172092	1
V	5172322	1
V	5172551	1
V	5172781	6
V	5173015	6
V	5173248	4
V	5173479	6
V	5173714	4
V	5173945	1
V	5174175	4
V	5174405	6
V	5174640	4
V	5174870	7
V	5175100	7
V	5175329	8
V	5175559	8
V	5175790	7
V	5176002	10
V	5176234	1
V	5176462	4
V	5176691	6
V	5176925	1
V	5177155	4
V	5177389	1
V	5177625	6
V	5177866	4
V	5178102	7
V	5178336	9
V	5178576	9
V	5178816	9
V	5179058	9
V	5179297	4
V	5179533	6
V	5179773	4
V	5180001	1
V	5180234	4
V	5180468	8
V	5180700	9
V	5180938	9
V	5181173	9
V	5181409	9
V	5181647	9
V	5181880	9
V	5182113	8
V	5182350	10
V	5182589	7
V	5182822	1
V	5183051	1
V	5183281	4
V	5183513	4
V	5183744	1
V	5183974	1
V	5184203	6
V	5184437	6
V	5184671	4
V	5184897	4
V	5185127	6
V	5185361	10
V	5185596	7
V	5185826	8
V	5186054	8
V	5186284	10
V	5186520	8
V	5186749	7
V	5186980	7
V	5187210	10
V	5187447	7
V	5187682	7
V	5187912	10
V	5188147	7
V	5188356	1
V	5188585	6
V	5188820	6
V	5189054	1
V	5189288	4
V	5189525	8
V	5189758	9
V	5189999	9
V	5190239	9
V	5190480	9
V	5190700	9
V	5190939	9
V	5191178	9
V	5191420	1
V	5191656	4
V	5191872	4
V	5192104	4
V	5192339	4
V	5192576	4
V	5192814	1
V	5193050	8
V	5193286	10
V	5193520	9
V	5193755	9
V	5193996	8
V	5194232	8
V	5194469	1
V	5194693	4
V	5194922	9
V	5195157	9
V	5195391	9
V	5195623	9
V	5195855	10
V	5196095	10
V	5196338	1
V	5196567	1
V	5196797	6
V	5197031	4
V	5197259	6
V	5197492	6
V	5197728	6
V	5197960	1
V	5198190	4
V	5198420	1
V	5198651	4
V	5198878	6
V	5199112	6
V	5199343	1
V	5199573	1
V	5199801	6
V	5200033	8
V	5200261	7
V	5200491	8
V	5200717	7
V	5200947	10
V	5201183	7
V	5201413	7
V	5201643	10
V	5201877	4
V	5202099	6
V	5202334	1
V	5202557	1
V	5202785	6
V	5203020	8
V	5203249	4
V	5203479	4
V	5203714	4
V	5203950	4
V	5204187	4
V	5204423	8
V	5204657	8
V	5204890	8
V	5205125	10
V	5205368	9
V	5205608	9
V	5205849	9
V	5206088	9
V	5206328	9
V	5206570	9
V	5206810	1
V	5207029	1
V	5207265	1
V	5207499	4
V	5207735	6
V	5207973	4
V	5208209	4
V	5208445	10
V	5208684	8
V	5208920	9
V	5209144	9
V	5209383	7
V	5209617	6
V	5209851	1
V	5210077	4
V	5210304	4
V	5210532	9
V	5210768	9
V	5210984	9
V	5211201	9
V	5211438	10
V	5211680	10
V	5211919	8
V	5212153	10
V	5212393	4
V	5212621	1
V	5212851	6
V	5213083	1
V	5213313	6
V	5213546	4
V	5213774	4
V	5214002	4
V	5214230	1
V	5214459	4
V	5214689	6
V	5214924	4
V	5215153	6
V	5215390	4
V	5215617	4
V	5215847	1
V	5216077	10
V	5216314	6
V	5216550	7
V	5216778	8
V	5217008	7
V	5217237	8
V	5217467	7
V	5217696	10
V	5217929	7
V	5218159	1
V	5218392	4
V	5218627	9
V	5218851	9
V	5219072	9
V	5219314	9
V	5219555	9
V	5219796	9
V	5220037	6
V	5220279	4
V	5220511	4
V	5220745	6
V	5220986	8
V	5221220	10
V	5221459	8
V	5221693	9
V	5221930	10
V	5222170	8
V	5222406	4
V	5222632	9
V	5222866	9
V	5223083	10
V	5223325	10
V	5223549	1
V	5223779	6
V	5224014	1
V	5224242	4
V	5224470	4
V	5224693	1
V	5224920	6
V	5225154	4
V	5225384	6
V	5225617	1
V	5225844	1
V	5226072	6
V	5226309	1
V	5226542	1
V	5226770	6
V	5227005	1
V	5227235	4
V	5227462	4
V	5227692	6
V	5227926	4
V	5228155	10
V	5228390	7
V	5228618	10
V	5228855	10
V	5229088	8
V	5229318	10
V	5229554	7
V	5229781	7
V	5229990	10
V	5230223	6
V	5230456	1
V	5230684	7
V	5230913	6
V	5231147	8
V	5231377	4
V	5231611	6
V	5231852	6
V	5232091	1
V	5232327	10
V	5232551	9
V	5232792	9
V	5233033	9
V	5233272	9
V	5233511	9
V	5233750	9
V	5233992	9
V	5234216	9
V	5234455	4
V	5234692	6
V	5234933	4
V	5235165	4
V	5235397	4
V	5235633	4
V	5235869	8
V	5236087	8
V	5236324	9
V	5236565	9
V	5236808	9
V	5237049	9
V	5237288	8
V	5237526	8
V	5237761	9
V	5237996	9
V	5238230	9
V	5238465	9
V	5238697	9
V	5238932	7
V	5239169	10
V	5239412	8
V	5239642	6
V	5239856	6
V	5240090	1
V	5240299	4
V	5240527	6
V	5240758	1
V	5240986	4
V	5241217	1
V	5241446	1
V	5241675	4
V	5241906	7
V	5242135	8
V	5242361	10
V	5242591	7
V	5242820	4
V	5243051	1
V	5243281	1
V	5243518	1
V	5243753	8
V	5243989	8
V	5244224	9
V	5244466	9
V	5244708	9
V	5244947	9
V	5245186	9
V	5245425	9
V	5245663	9
V	5245905	9
V	5246146	4
V	5246383	4
V	5246618	1
V	5246855	1
V	5247087	1
V	5247321	4
V	5247555	1
V	5247788	1
V	5248019	4
V	5248253	4
V	5248486	4
V	5248720	1
V	5248955	10
V	5249194	10
V	5249434	10
V	5249674	10
V	5249915	9
V	5250156	9
V	5250396	7
V	5250633	10
V	5250875	9
V	5251108	9
V	5251343	9
V	5251577	9
V	5251812	9
V	5252044	9
V	5252279	9
V	5252514	9
V	5252748	9
V	5252981	9
V	5253213	7
V	5253447	8
V	5253680	4
V	5253909	4
V	5254138	4
V	5254369	1
V	5254597	4
V	5254829	4
V	5255060	4
V	5255288	6
V	5255521	1
V	5255749	6
V	5255985	4
V	5256215	6
V	5256449	1
V	5256679	6
V	5256913	4
V	5257144	7
V	5257356	8
V	5257586	10
V	5257825	10
V	5258046	10
V	5258280	8
V	5258510	10
V	5258744	8
V	5258973	8
V	5259203	7
V	5259415	7
V	5259645	1
V	5259873	6
V	5260107	6
V	5260340	4
V	5260567	6
V	5260802	10
V	5261035	1
V	5261266	4
V	5261501	1
V	5261737	1
V	5261975	7
V	5262208	9
V	5262450	9
V	5262692	9
V	5262934	9
V	5263175	9
V	5263415	4
V	5263653	6
V	5263895	4
V	5264131	4
V	5264366	4
V	5264599	1
V	5264816	6
V	5265055	4
V	5265291	4
V	5265528	1
V	5265766	4
V	5266003	4
V	5266239	4
V	5266477	8
V	5266710	10
V	5266952	10
V	5267192	8
V	5267407	9
V	5267645	9
V	5267883	9
V	5268125	7
V	5268362	7
V	5268580	6
V	5268815	6
V	5269049	9
V	5269282	9
V	5269514	9
V	5269747	9
V	5269979	9
V	5270214	9
V	5270451	10
V	5270692	8
V	5270926	1
V	5271155	6
V	5271389	6
V	5271622	4
V	5271851	4
V	5272080	1
V	5272308	4
V	5272534	6
V	5272769	1
V	5272997	6
V	5273233	6
V	5273467	6
V	5273704	6
V	5273939	6
V	5274176	4
V	5274404	1
V	5274632	1
V	5274859	6
V	5275093	6
V	5275328	1
V	5275557	7
V	5275787	10
V	5276022	10
V	5276253	7
V	5276480	10
V	5276715	7
V	5276940	7
V	5277177	8
V	5277408	10
V	5277644	7
V	5277872	7
V	5278102	4
V	5278331	1
V	5278561	10
V	5278798	6
V	5279037	1
V	5279267	10
V	5279502	4
V	5279739	1
V	5279971	6
V	5280209	1
V	5280445	4
V	5280681	10
V	5280919	10
V	5281160	10
V	5281403	9
V	5281644	9
V	5281884	9
V	5282123	9
V	5282363	9
V	5282602	9
V	5282844	9
V	5283085	4
V	5283320	4
V	5283555	1
V	5283792	1
V	5284028	10
V	5284270	1
V	5284505	9
V	5284744	8
V	5284962	10
V	5285203	7
V	5285440	9
V	5285674	9
V	5285908	9
V	5286142	9
V	5286377	9
V	5286614	9
V	5286848	7
V	5287083	8
V	5287319	7
V	5287555	8
V	5287787	4
V	5288015	4
V	5288242	1
V	5288470	6
V	5288704	6
V	5288938	6
V	5289173	6
V	5289410	4
V	5289639	6
V	5289873	6
V	5290108	6
V	5290343	4
V	5290572	6
V	5290807	6
V	5291038	6
V	5291274	4
V	5291501	4
V	5291731	7
V	5291960	8
V	5292191	8
V	5292421	10
V	5292657	7
V	5292887	10
V	5293122	7
V	5293334	8
V	5293561	10
V	5293797	7
V	5294027	10
V	5294263	1
V	5294491	1
V	5294719	7
V	5294928	10
V	5295162	8
V	5295392	4
V	5295625	6
V	5295864	4
V	5296097	1
V	5296334	4
V	5296571	4
V	5296808	4
V	5297043	4
V	5297279	8
V	5297515	7
V	5297751	9
V	5297991	9
V	5298228	9
V	5298466	4
V	5298701	4
V	5298935	8
V	5299169	8
V	5299387	9
V	5299627	9
V	5299864	9
V	5300102	8
V	5300339	10
V	5300582	7
V	5300819	8
V	5301055	7
V	5301291	8
V	5301526	8
V	5301762	9
V	5301996	9
V	5302231	9
V	5302448	9
V	5302681	9
V	5302916	9
V	5303147	9
V	5303382	10
V	5303624	8
V	5303859	4
V	5304089	1
V	5304319	4
V	5304548	6
V	5304780	1
V	5305008	6
V	5305243	1
V	5305472	4
V	5305698	6
V	5305935	1
V	5306165	1
V	5306394	4
V	5306624	4
V	5306851	10
V	5307087	10
V	5307323	7
V	5307553	1
V	5307783	4
V	5308012	4
V	5308249	6
V	5308492	4
V	5308728	4
V	5308965	4
V	5309200	1
V	5309436	1
V	5309673	7
V	5309907	8
V	5310145	9
V	5310388	9
V	5310630	9
V	5310870	9
V	5311112	9
V	5311353	9
V	5311593	1
V	5311826	4
V	5312062	4
V	5312296	4
V	5312532	1
V	5312768	4
V	5313002	4
V	5313239	8
V	5313474	1
V	5313711	8
V	5313943	10
V	5314186	7
V	5314422	9
V	5314660	9
V	5314884	8
V	5315121	6
V	5315343	9
V	5315578	9
V	5315813	9
V	5316045	9
V	5316281	9
V	5316500	9
V	5316735	9
V	5316967	9
V	5317201	9
V	5317436	10
V	5317680	10
V	5317923	8
V	5318159	7
V	5318393	8
V	5318626	10
V	5318865	1
V	5319094	4
V	5319321	4
V	5319551	6
V	5319770	1
V	5320000	4
V	5320231	6
V	5320465	4
V	5320695	4
V	5320923	6
V	5321157	6
V	5321392	4
V	5321621	6
V	5321856	6
V	5322093	1
V	5322323	6
V	5322554	1
V	5322784	1
V	5323014	7
V	5323244	1
V	5323475	7
V	5323705	8
V	5323935	7
V	5324164	10
V	5324400	7
V	5324629	10
V	5324864	7
V	5325095	7
V	5325306	10
V	5325542	8
V	5325768	4
V	5325996	1
V	5326226	6
V	5326460	4
V	5326693	4
V	5326931	4
V	5327166	4
V	5327402	8
V	5327635	9
V	5327874	9
V	5328112	9
V	5328351	9
V	5328574	9
V	5328815	9
V	5329057	9
V	5329298	6
V	5329540	4
V	5329777	4
V	5330012	1
V	5330248	4
V	5330463	4
V	5330697	4
V	5330932	1
V	5331166	7
V	5331384	10
V	5331625	8
V	5331863	10
V	5332105	10
V	5332349	8
V	5332585	1
V	5332813	4
V	5333043	6
V	5333277	9
V	5333512	9
V	5333746	9
V	5333980	8
V	5334216	8
V	5334449	6
V	5334683	6
V	5334919	1
V	5335152	4
V	5335381	4
V	5335596	1
V	5335823	4
V	5336049	1
V	5336281	4
V	5336508	4
V	5336732	1
V	5336961	1
V	5337188	6
V	5337422	10
V	5337658	10
V	5337894	7
V	5338124	10
V	5338360	7
V	5338586	4
V	5338815	1
V	5339036	4
V	5339266	4
V	5339496	4
V	5339728	4
V	5339963	6
V	5340203	1
V	5340435	4
V	5340672	1
V	5340907	9
V	5341148	9
V	5341390	9
V	5341628	9
V	5341866	4
V	5342099	4
V	5342335	1
V	5342573	1
V	5342810	4
V	5343046	7
V	5343282	8
V	5343518	4
V	5343755	7
V	5343987	10
V	5344228	9
V	5344470	9
V	5344712	9
V	5344947	9
V	5345180	9
V	5345414	9
V	5345649	8
V	5345885	6
V	5346120	4
V	5346349	4
V	5346578	6
V	5346812	1
V	5347042	4
V	5347269	1
V	5347501	4
V	5347731	1
V	5347961	4
V	5348190	6
V	5348424	1
V	5348657	6
V	5348892	6
V	5349128	4
V	5349359	1
V	5349590	6
V	5349823	6
V	5350056	6
V	5350291	1
V	5350521	1
V	5350748	4
V	5350978	8
V	5351200	10
V	5351438	10
V	5351674	7
V	5351904	7
V	5352134	6
V	5352369	4
V	5352599	4
V	5352833	4
V	5353067	4
V	5353301	4
V	5353539	10
V	5353779	10
V	5354021	10
V	5354262	9
V	5354505	9
V	5354747	9
V	5354988	9
V	5355229	9
V	5355471	4
V	5355707	6
V	5355949	4
V	5356184	10
V	5356422	8
V	5356655	10
V	5356894	9
V	5357133	9
V	5357374	9
V	5357611	9
V	5357853	9
V	5358084	9
V	5358318	9
V	5358552	9
V	5358788	9
V	5359023	9
V	5359257	9
V	5359492	9
V	5359727	7
V	5359963	7
V	5360197	1
V	5360425	6
V	5360660	1
V	5360890	1
V	5361118	1
V	5361347	4
V	5361578	1
V	5361804	4
V	5362033	4
V	5362264	1
V	5362493	1
V	5362720	6
V	5362955	4
V	5363183	6
V	5363416	4
V	5363646	1
V	5363873	10
V	5364106	8
V	5364337	7
V	5364566	7
V	5364794	8
V	5365020	7
V	5365246	10
V	5365480	6
V	5365714	4
V	5365947	4
V	5366182	1
V	5366419	1
V	5366655	10
V	5366895	9
V	5367136	9
V	5367377	9
V	5367600	9
V	5367840	9
V	5368077	9
V	5368318	4
V	5368550	1
V	5368784	1
V	5369018	4
V	5369249	4
V	5369482	6
V	5369722	1
V	5369958	1
V	5370194	10
V	5370433	8
V	5370667	9
V	5370906	9
V	5371146	8
V	5371382	9
V	5371616	9
V	5371850	9
V	5372084	9
V	5372320	9
V	5372556	9
V	5372787	10
V	5373029	10
V	5373270	1
V	5373498	6
V	5373714	4
V	5373944	6
V	5374178	6
V	5374413	1
V	5374640	6
V	5374876	1
V	5375106	4
V	5375336	4
V	5375566	6
V	5375802	1
V	5376030	6
V	5376261	1
V	5376491	10
V	5376725	8
V	5376955	10
V	5377192	8
V	5377422	8
V	5377652	7
V	5377880	6
V	5378114	6
V	5378353	4
V	5378587	4
V	5378821	1
V	5379057	4
V	5379294	4
V	5379528	1
V	5379765	7
V	5380002	9
V	5380243	9
V	5380485	9
V	5380706	6
V	5380948	1
V	5381184	6
V	5381424	4
V	5381660	4
V	5381896	8
V	5382129	7
V	5382362	7
V	5382596	9
V	5382834	9
V	5383072	9
V	5383310	9
V	5383550	7
V	5383788	8
V	5384024	6
V	5384260	9
V	5384492	9
V	5384725	9
V	5384959	9
V	5385191	7
V	5385427	7
V	5385660	10
V	5385881	4
V	5386110	1
V	5386338	1
V	5386567	6
V	5386801	6
V	5387037	4
V	5387267	6
V	5387502	4
V	5387730	1
V	5387962	6
V	5388192	6
V	5388424	6
V	5388658	6
V	5388889	1
V	5389117	7
V	5389347	10
V	5389584	7
V	5389815	10
V	5390048	7
V	5390281	10
V	5390513	7
V	5390744	4
V	5390977	1
V	5391213	1
V	5391450	1
V	5391685	4
V	5391922	6
V	5392162	10
V	5392400	7
V	5392616	10
V	5392856	8
V	5393090	8
V	5393327	9
V	5393568	9
V	5393806	9
V	5394046	9
V	5394288	9
V	5394530	9
V	5394771	4
V	5395009	1
V	5395244	1
V	5395481	6
V	5395718	4
V	5395953	10
V	5396194	7
V	5396429	10
V	5396667	7
V	5396900	7
V	5397116	8
V	5397352	7
V	5397589	9
V	5397823	9
V	5398059	9
V	5398294	9
V	5398528	9
V	5398762	9
V	5398994	9
V	5399229	9
V	5399465	9
V	5399699	10
V	5399942	10
V	5400183	8
V	5400416	7
V	5400651	7
V	5400885	6
V	5401119	6
V	5401356	4
V	5401586	4
V	5401816	6
V	5402049	4
V	5402277	1
V	5402506	4
V	5402736	1
V	5402966	1
V	5403195	1
V	5403425	1
V	5403655	4
V	5403883	6
V	5404118	1
V	5404347	4
V	5404576	4
V	5404803	7
V	5405032	8
V	5405260	7
V	5405493	8
V	5405719	7
V	5405949	8
V	5406180	10
V	5406416	4
V	5406644	6
V	5406878	1
V	5407106	8
V	5407333	10
V	5407566	4
V	5407799	4
V	5408034	4
V	5408270	4
V	5408506	6
V	5408748	4
V	5408966	8
V	5409203	10
V	5409445	9
V	5409686	9
V	5409926	9
V	5410164	9
V	5410401	9
V	5410642	9
V	5410883	9
V	5411126	4
V	5411363	4
V	5411597	4
V	5411832	1
V	5412069	4
V	5412304	8
V	5412540	8
V	5412775	8
V	5413011	7
V	5413244	8
V	5413479	10
V	5413721	9
V	5413964	10
V	5414206	7
V	5414443	10
V	5414685	7
V	5414922	7
V	5415158	9
V	5415392	9
V	5415626	9
V	5415840	9
V	5416071	9
V	5416304	9
V	5416538	9
V	5416770	9
V	5417004	9
V	5417236	9
V	5417471	9
V	5417705	9
V	5417936	9
V	5418170	8
V	5418404	4
V	5418626	4
V	5418853	4
V	5419083	6
V	5419320	6
V	5419556	1
V	5419786	1
V	5420014	1
V	5420240	1
V	5420466	4
V	5420695	7
V	5420925	7
V	5421154	8
V	5421381	10
V	5421616	10
V	5421852	8
V	5422082	10
V	5422314	8
V	5422544	1
V	5422774	4
V	5423009	6
V	5423229	6
V	5423469	1
V	5423706	10
V	5423949	9
V	5424189	9
V	5424431	9
V	5424673	9
V	5424914	4
V	5425148	4
V	5425384	1
V	5425619	1
V	5425856	4
V	5426090	4
V	5426325	4
V	5426557	6
V	5426792	1
V	5427028	4
V	5427263	4
V	5427499	4
V	5427736	4
V	5427972	10
V	5428211	7
V	5428445	9
V	5428685	9
V	5428909	10
V	5429151	10
V	5429395	9
V	5429614	9
V	5429841	9
V	5430080	9
V	5430311	9
V	5430548	9
V	5430781	9
V	5431012	8
V	5431230	10
V	5431473	10
V	5431713	10
V	5431951	4
V	5432162	4
V	5432390	6
V	5432624	1
V	5432854	6
V	5433093	1
V	5433304	6
V	5433540	6
V	5433774	6
V	5434006	4
V	5434231	1
V	5434462	4
V	5434691	1
V	5434921	1
V	5435150	4
V	5435380	6
V	5435615	1
V	5435845	6
V	5436081	1
V	5436313	4
V	5436544	1
V	5436776	4
V	5437006	1
V	5437235	1
V	5437465	8
V	5437694	7
V	5437924	10
V	5438161	8
V	5438389	8
V	5438618	7
V	5438830	10
V	5439065	4
V	5439294	10
V	5439529	8
V	5439756	6
V	5439990	4
V	5440222	1
V	5440453	8
V	5440688	9
V	5440929	9
V	5441164	9
V	5441404	9
V	5441644	1
V	5441878	4
V	5442112	6
V	5442355	1
V	5442583	4
V	5442820	6
V	5443059	4
V	5443292	1
V	5443526	4
V	5443759	1
V	5443994	6
V	5444235	7
V	5444471	8
V	5444705	7
V	5444937	10
V	5445178	9
V	5445421	9
V	5445663	8
V	5445899	10
V	5446140	8
V	5446378	4
V	5446608	9
V	5446843	9
V	5447078	9
V	5447312	9
V	5447546	9
V	5447779	9
V	5448013	9
V	5448248	9
V	5448480	8
V	5448712	10
V	5448951	7
V	5449185	7
V	5449418	9
V	5449652	1
V	5449882	6
V	5450117	6
V	5450352	4
V	5450582	1
V	5450811	1
V	5451041	4
V	5451270	4
V	5451496	4
V	5451726	6
V	5451960	6
V	5452196	1
V	5452429	10
V	5452662	7
V	5452892	10
V	5453127	7
V	5453338	8
V	5453567	7
V	5453796	10
V	5454033	8
V	5454263	10
V	5454500	7
V	5454729	7
V	5454958	10
V	5455193	6
V	5455429	4
V	5455660	4
V	5455889	8
V	5456118	4
V	5456352	6
V	5456593	4
V	5456829	9
V	5457070	9
V	5457310	9
V	5457548	9
V	5457786	4
V	5458021	4
V	5458256	1
V	5458493	10
V	5458736	9
V	5458975	9
V	5459199	9
V	5459439	9
V	5459681	9
V	5459923	8
V	5460158	8
V	5460392	10
V	5460634	9
V	5460869	9
V	5461103	9
V	5461333	9
V	5461567	9
V	5461802	8
V	5462038	8
V	5462271	10
V	5462511	1
V	5462738	1
V	5462966	6
V	5463200	4
V	5463429	6
V	5463663	4
V	5463889	4
V	5464120	4
V	5464350	6
V	5464582	1
V	5464811	4
V	5465043	1
V	5465257	4
V	5465490	6
V	5465725	1
V	5465955	6
V	5466189	1
V	5466420	8
V	5466647	8
V	5466877	10
V	5467095	10
V	5467330	7
V	5467560	10
V	5467793	7
V	5468019	4
V	5468253	4
V	5468487	4
V	5468722	4
V	5468956	6
V	5469198	4
V	5469435	10
V	5469672	10
V	5469911	9
V	5470154	9
V	5470395	9
V	5470634	9
V	5470875	9
V	5471118	9
V	5471359	9
V	5471597	9
V	5471818	9
V	5472057	1
V	5472276	4
V	5472507	4
V	5472744	4
V	5472980	6
V	5473222	1
V	5473453	4
V	5473685	4
V	5473919	10
V	5474162	8
V	5474395	7
V	5474627	7
V	5474842	9
V	5475080	10
V	5475323	10
V	5475565	8
V	5475799	7
V	5476034	9
V	5476268	9
V	5476501	9
V	5476735	9
V	5476967	9
V	5477200	9
V	5477435	9
V	5477669	9
V	5477901	8
V	5478120	8
V	5478356	7
V	5478593	10
V	5478833	10
V	5479073	10
V	5479310	4
V	5479539	6
V	5479773	6
V	5480005	6
V	5480238	1
V	5480467	4
V	5480695	6
V	5480929	6
V	5481165	1
V	5481395	6
V	5481630	1
V	5481859	6
V	5482093	6
V	5482327	1
V	5482557	6
V	5482792	4
V	5483022	1
V	5483252	10
V	5483487	7
V	5483716	8
V	5483945	8
V	5484174	8
V	5484386	4
V	5484607	6
V	5484824	6
V	5485048	1
V	5485278	4
V	5485509	7
V	5485736	1
V	5485972	1
V	5486205	1
V	5486439	4
V	5486674	7
V	5486908	10
V	5487150	9
V	5487392	9
V	5487632	9
V	5487873	9
V	5488108	9
V	5488347	4
V	5488581	4
V	5488815	1
V	5489048	7
V	5489281	10
V	5489523	9
V	5489763	9
V	5490001	10
V	5490244	9
V	5490481	9
V	5490716	9
V	5490950	9
V	5491182	9
V	5491417	9
V	5491650	9
V	5491884	9
V	5492119	10
V	5492363	1
V	5492590	4
V	5492818	6
V	5493055	6
V	5493290	4
V	5493517	6
V	5493751	1
V	5493981	1
V	5494211	6
V	5494450	1
V	5494677	4
V	5494907	4
V	5495136	7
V	5495367	7
V	5495597	7
V	5495821	10
V	5496054	10
V	5496289	7
V	5496501	10
V	5496737	7
V	5496963	6
V	5497198	6
V	5497433	6
V	5497667	1
V	5497895	1
V	5498132	4
V	5498363	1
V	5498596	7
V	5498828	10
V	5499071	9
V	5499311	9
V	5499550	9
V	5499788	9
V	5500029	9
V	5500270	9
V	5500513	4
V	5500745	4
V	5500981	1
V	5501217	4
V	5501450	1
V	5501683	1
V	5501899	1
V	5502133	1
V	5502368	7
V	5502603	7
V	5502836	7
V	5503070	9
V	5503308	9
V	5503547	7
V	5503784	8
V	5504018	4
V	5504244	9
V	5504477	9
V	5504711	9
V	5504945	7
V	5505182	7
V	5505416	6
V	5505649	4
V	5505866	6
V	5506101	4
V	5506331	4
V	5506560	4
V	5506789	4
V	5507017	6
V	5507253	1
V	5507484	4
V	5507713	4
V	5507941	1
V	5508167	6
V	5508403	4
V	5508632	4
V	5508862	7
V	5509091	10
V	5509326	8
V	5509557	7
V	5509783	7
V	5510013	8
V	5510243	6
V	5510478	1
V	5510709	4
V	5510937	1
V	5511170	1
V	5511403	4
V	5511639	8
V	5511872	7
V	5512108	9
V	5512349	9
V	5512590	9
V	5512831	9
V	5513068	9
V	5513288	9
V	5513524	9
V	5513765	9
V	5514007	9
V	5514247	1
V	5514484	4
V	5514720	4
V	5514951	4
V	5515185	1
V	5515418	8
V	5515652	7
V	5515886	9
V	5516126	9
V	5516367	7
V	5516602	8
V	5516839	10
V	5517080	10
V	5517322	8
V	5517557	9
V	5517791	9
V	5518026	9
V	5518259	9
V	5518492	9
V	5518725	10
V	5518950	7
V	5519187	10
V	5519428	8
V	5519662	8
V	5519895	6
V	5520129	9
V	5520362	6
V	5520596	4
V	5520824	4
V	5521053	6
V	5521284	4
V	5521515	1
V	5521743	4
V	5521973	1
V	5522202	6
V	5522436	1
V	5522666	6
V	5522883	1
V	5523113	1
V	5523337	1
V	5523567	1
V	5523796	10
V	5524031	4
V	5524260	10
V	5524494	10
V	5524729	8
V	5524959	10
V	5525195	10
V	5525427	10
V	5525661	7
V	5525888	7
V	5526119	4
V	5526348	10
V	5526581	1
V	5526813	4
V	5527017	6
V	5527248	4
V	5527478	10
V	5527712	4
V	5527942	4
V	5528175	1
V	5528409	4
V	5528646	4
V	5528883	4
V	5529117	4
V	5529354	4
V	5529592	10
V	5529832	7
V	5530062	9
V	5530301	9
V	5530543	9
V	5530784	9
V	5531023	4
V	5531257	4
V	5531492	4
V	5531725	4
V	5531958	1
V	5532194	1
V	5532429	6
V	5532671	7
V	5532904	8
V	5533138	10
V	5533379	9
V	5533618	9
V	5533859	9
V	5534101	6
V	5534334	9
V	5534568	9
V	5534788	9
V	5535020	9
V	5535255	7
V	5535492	8
V	5535729	7
V	5535966	10
V	5536209	7
V	5536443	7
V	5536676	1
V	5536903	6
V	5537134	6
V	5537366	4
V	5537596	1
V	5537826	1
V	5538051	1
V	5538281	4
V	5538513	4
V	5538745	6
V	5538978	1
V	5539207	1
V	5539437	4
V	5539667	1
V	5539896	4
V	5540127	1
V	5540336	6
V	5540571	6
V	5540806	6
V	5541042	10
V	5541278	7
V	5541502	7
V	5541731	8
V	5541957	10
V	5542194	8
V	5542423	8
V	5542650	4
V	5542863	1
V	5543092	1
V	5543321	4
V	5543551	6
V	5543782	10
V	5544015	8
V	5544245	10
V	5544480	10
V	5544715	6
V	5544953	1
V	5545189	1
V	5545407	4
V	5545644	1
V	5545879	6
V	5546119	8
V	5546354	10
V	5546596	8
V	5546832	9
V	5547071	9
V	5547294	9
V	5547533	6
V	5547774	4
V	5548009	1
V	5548244	8
V	5548480	9
V	5548722	9
V	5548961	7
V	5549197	1
V	5549433	9
V	5549668	9
V	5549901	9
V	5550136	9
V	5550371	8
V	5550608	8
V	5550845	10
V	5551087	10
V	5551325	1
V	5551554	6
V	5551771	6
V	5552005	4
V	5552234	1
V	5552464	1
V	5552696	6
V	5552929	1
V	5553141	1
V	5553353	1
V	5553583	1
V	5553795	6
V	5554029	1
V	5554259	1
V	5554488	1
V	5554718	4
V	5554948	1
V	5555177	4
V	5555407	7
V	5555638	1
V	5555868	10
V	5556103	10
V	5556336	8
V	5556564	10
V	5556800	8
V	5557030	10
V	5557263	7
V	5557475	7
V	5557701	8
V	5557928	10
V	5558164	7
V	5558392	4
V	5558613	4
V	5558843	4
V	5559072	10
V	5559308	4
V	5559545	8
V	5559778	10
V	5560021	9
V	5560244	9
V	5560466	9
V	5560707	9
V	5560948	9
V	5561189	1
V	5561425	4
V	5561660	4
V	5561879	10
V	5562119	7
V	5562352	10
V	5562592	7
V	5562829	8
V	5563066	8
V	5563302	10
V	5563544	7
V	5563779	6
V	5564013	9
V	5564252	9
V	5564486	9
V	5564719	9
V	5564953	9
V	5565190	9
V	5565423	9
V	5565658	9
V	5565889	9
V	5566122	10
V	5566363	8
V	5566598	6
V	5566832	1
V	5567061	4
V	5567292	4
V	5567521	1
V	5567750	4
V	5567979	6
V	5568214	4
V	5568444	1
V	5568673	1
V	5568902	1
V	5569130	6
V	5569364	1
V	5569593	8
V	5569823	7
V	5570035	10
V	5570272	7
V	5570500	7
V	5570733	8
V	5570963	10
V	5571195	6
V	5571429	10
V	5571665	6
V	5571897	7
V	5572127	4
V	5572362	1
V	5572599	6
V	5572840	6
V	5573081	9
V	5573323	9
V	5573546	9
V	5573787	9
V	5574027	1
V	5574263	1
V	5574497	4
V	5574729	4
V	5574964	4
V	5575200	6
V	5575439	4
V	5575675	4
V	5575912	4
V	5576148	8
V	5576380	7
V	5576615	9
V	5576855	8
V	5577099	8
V	5577353	8
V	5577601	9
V	5577840	10
V	5578083	4
V	5578300	6
V	5578532	9
V	5578767	9
V	5579002	9
V	5579238	9
V	5579454	9
V	5579688	7
V	5579923	7
V	5580157	1
V	5580387	4
V	5580616	4
V	5580842	6
V	5581072	4
V	5581301	1
V	5581531	6
V	5581765	4
V	5581991	6
V	5582225	6
V	5582442	4
V	5582671	1
V	5582899	1
V	5583128	6
V	5583363	6
V	5583596	10
V	5583828	7
V	5584057	10
V	5584291	4
V	5584521	1
V	5584756	4
V	5584988	4
V	5585204	4
V	5585438	4
V	5585673	4
V	5585910	4
V	5586147	4
V	5586383	1
V	5586620	4
V	5586856	9
V	5587078	9
V	5587320	9
V	5587559	9
V	5587800	9
V	5588041	4
V	5588278	4
V	5588514	4
V	5588750	1
V	5588985	4
V	5589218	1
V	5589453	1
V	5589689	1
V	5589925	10
V	5590165	10
V	5590407	5
V	5590661	10
V	5590915	3
V	5591163	2
V	5591416	9
V	5591669	1
V	5591917	1
V	5592171	3
V	5592420	6
V	5592677	1
V	5592922	6
V	5593180	2
V	5593431	6
V	5593688	4
V	5593939	4
V	5594195	7
V	5594441	7
V	5594695	5
V	5594948	8
V	5595208	4
V	5595463	3
V	5595719	5
V	5595961	2
V	5596214	5
V	5596460	2
V	5596714	6
V	5596964	6
V	5597222	4
V	5597478	6
V	5597731	10
V	5597993	4
V	5598244	2
V	5598486	4
V	5598740	10
V	5598994	1
V	5599245	6
V	5599503	8
V	5599747	1
V	5600002	4
V	5600259	3
V	5600507	1
V	5600750	4
V	5600993	6
V	5601250	5
V	5601495	6
V	5601755	4
V	5602014	9
V	5602270	4
V	5602514	10
V	5602768	1
V	5603016	1
V	5603261	4
V	5603513	9
V	5603768	5
V	5604014	2
V	5604266	1
V	5604515	6
V	5604774	9
V	5605031	4
V	5605276	6
V	5605528	4
V	5605780	1
V	5606033	1
V	5606286	8
V	5606539	8
V	5606799	4
V	5607055	4
V	5607298	3
V	5607551	8
V	5607800	8
V	5608053	4
V	5608299	5
V	5608546	3
V	5608794	8
V	5609050	1
V	5609291	1
V	5609541	4
V	5609792	1
V	5610034	7
V	5610282	7
V	5610538	5
V	5610782	5
V	5611025	9
V	5611283	10
V	5611540	9
V	5611789	9
V	5612038	1
V	5612289	3
V	5612544	5
V	5612797	5
V	5613052	2
V	5613298	6
V	5613532	9
V	5613765	9
V	5614002	7
V	5614239	7
V	5614458	7
V	5614696	7
V	5614932	4
V	5615161	4
V	5615391	1
V	5615619	6
V	5615852	4
V	5616083	6
V	5616319	4
V	5616549	4
V	5616778	6
V	5617008	6
V	5617243	4
V	5617470	6
V	5617705	6
V	5617940	6
V	5618174	1
V	5618404	1
V	5618633	10
V	5618873	8
V	5619101	7
V	5619328	10
V	5619563	6
V	5619800	1
V	5620022	6
V	5620256	6
V	5620490	7
V	5620717	10
V	5620951	7
V	5621180	4
V	5621411	1
V	5621646	4
V	5621883	1
V	5622117	9
V	5622357	9
V	5622581	9
V	5622820	9
V	5623062	9
V	5623298	9
V	5623536	4
V	5623772	1
V	5624003	4
V	5624235	4
V	5624469	1
V	5624704	4
V	5624938	1
V	5625173	1
V	5625406	4
V	5625638	4
V	5625875	1
V	5626112	1
V	5626349	8
V	5626585	8
V	5626820	8
V	5627056	7
V	5627290	8
V	5627523	10
V	5627765	7
V	5628001	9
V	5628241	9
V	5628483	9
V	5628725	9
V	5628966	9
V	5629204	6
V	5629439	9
V	5629674	9
V	5629908	9
V	5630142	9
V	5630376	9
V	5630608	9
V	5630842	9
V	5631077	8
V	5631313	10
V	5631556	8
V	5631792	8
V	5632028	8
V	5632261	8
V	5632498	4
V	5632728	1
V	5632958	1
V	5633168	4
V	5633399	1
V	5633629	6
V	5633864	4
V	5634093	4
V	5634322	4
V	5634551	1
V	5634781	8
V	5635011	7
V	5635241	10
V	5635477	8
V	5635703	7
V	5635933	7
V	5636161	10
V	5636396	10
V	5636631	6
V	5636866	10
V	5637098	10
V	5637315	1
V	5637547	1
V	5637780	1
V	5638017	6
V	5638256	1
V	5638492	10
V	5638732	8
V	5638967	10
V	5639208	9
V	5639450	9
V	5639691	9
V	5639930	9
V	5640171	4
V	5640404	4
V	5640639	4
V	5640874	4
V	5641108	6
V	5641348	6
V	5641590	8
V	5641824	7
V	5642057	8
V	5642272	7
V	5642505	10
V	5642748	8
V	5642982	8
V	5643219	9
V	5643459	9
V	5643699	9
V	5643941	9
V	5644180	9
V	5644401	9
V	5644637	9
V	5644872	9
V	5645107	9
V	5645343	9
V	5645578	9
V	5645813	9
V	5646044	9
V	5646277	9
V	5646509	9
V	5646742	9
V	5646977	9
V	5647211	7
V	5647448	7
V	5647666	7
V	5647902	8
V	5648136	8
V	5648370	7
V	5648604	8
V	5648839	9
V	5649073	6
V	5649304	1
V	5649533	6
V	5649771	6
V	5650006	6
V	5650240	6
V	5650472	1
V	5650700	1
V	5650930	6
V	5651164	1
V	5651394	1
V	5651623	4
V	5651851	1
V	5652078	4
V	5652307	4
V	5652534	1
V	5652761	6
V	5652992	10
V	5653226	10
V	5653459	10
V	5653694	10
V	5653928	7
V	5654161	7
V	5654391	10
V	5654626	8
V	5654855	7
V	5655084	8
V	5655318	10
V	5655552	8
V	5655782	10
V	5656018	7
V	5656248	10
V	5656481	7
V	5656711	4
V	5656940	6
V	5657176	1
V	5657403	6
V	5657638	10
V	5657874	8
V	5658103	4
V	5658337	6
V	5658575	4
V	5658808	4
V	5659044	8
V	5659276	10
V	5659513	9
V	5659754	9
V	5659997	9
V	5660238	9
V	5660476	9
V	5660717	9
V	5660955	9
V	5661194	9
V	5661431	9
V	5661673	4
V	5661909	4
V	5662147	1
V	5662384	6
V	5662625	4
V	5662858	4
V	5663091	4
V	5663324	4
V	5663559	4
V	5663793	1
V	5664029	1
V	5664265	8
V	5664497	7
V	5664732	8
V	5664969	9
V	5665206	9
V	5665449	9
V	5665690	9
V	5665931	9
V	5666172	9
V	5666410	9
V	5666643	9
V	5666877	9
V	5667110	7
V	5667346	8
V	5667581	7
V	5667818	8
V	5668054	10
V	5668295	8
V	5668510	7
V	5668746	6
V	5668979	6
V	5669214	1
V	5669444	4
V	5669656	1
V	5669886	4
V	5670112	4
V	5670341	1
V	5670572	4
V	5670802	4
V	5671031	1
V	5671261	4
V	5671490	1
V	5671722	4
V	5671953	6
V	5672185	1
V	5672415	1
V	5672642	10
V	5672860	4
V	5673089	7
V	5673319	8
V	5673549	10
V	5673785	8
V	5674015	10
V	5674252	7
V	5674484	7
V	5674714	6
V	5674947	6
V	5675181	4
V	5675411	6
V	5675646	4
V	5675880	4
V	5676118	6
V	5676359	8
V	5676592	8
V	5676822	7
V	5677058	9
V	5677299	9
V	5677538	9
V	5677777	9
V	5678013	9
V	5678250	9
V	5678489	9
V	5678730	6
V	5678971	4
V	5679207	1
V	5679444	4
V	5679679	1
V	5679913	1
V	5680150	1
V	5680386	8
V	5680621	10
V	5680861	7
V	5681091	10
V	5681334	7
V	5681571	9
V	5681812	9
V	5682053	9
V	5682286	9
V	5682519	9
V	5682753	9
V	5682969	9
V	5683204	4
V	5683415	6
V	5683649	6
V	5683884	6
V	5684117	6
V	5684352	6
V	5684585	6
V	5684818	1
V	5685049	1
V	5685279	1
V	5685508	4
V	5685736	6
V	5685969	6
V	5686203	1
V	5686433	6
V	5686668	6
V	5686903	4
V	5687132	1
V	5687360	6
V	5687594	1
V	5687808	6
V	5688044	10
V	5688280	7
V	5688508	7
V	5688739	7
V	5688970	8
V	5689197	10
V	5689433	7
V	5689664	8
V	5689892	8
V	5690119	1
V	5690348	10
V	5690581	4
V	5690811	4
V	5691047	8
V	5691280	9
V	5691522	9
V	5691764	9
V	5692003	9
V	5692243	9
V	5692485	4
V	5692718	1
V	5692954	4
V	5693190	1
V	5693423	7
V	5693638	10
V	5693880	9
V	5694122	9
V	5694356	9
V	5694591	9
V	5694826	9
V	5695060	9
V	5695295	10
V	5695538	8
V	5695774	10
V	5696016	4
V	5696245	4
V	5696474	4
V	5696704	4
V	5696934	4
V	5697162	6
V	5697397	6
V	5697631	6
V	5697867	6
V	5698102	4
V	5698331	1
V	5698561	4
V	5698791	1
V	5699021	4
V	5699249	1
V	5699478	1
V	5699700	6
V	5699934	1
V	5700158	4
V	5700388	10
V	5700623	7
V	5700852	8
V	5701081	10
V	5701317	6
V	5701541	6
V	5701775	6
V	5702009	8
V	5702236	1
V	5702469	6
V	5702706	4
V	5702942	1
V	5703179	1
V	5703416	4
V	5703652	4
V	5703888	1
V	5704106	1
V	5704340	10
V	5704584	9
V	5704826	9
V	5705065	9
V	5705287	9
V	5705528	9
V	5705750	9
V	5705991	9
V	5706231	4
V	5706467	4
V	5706702	4
V	5706938	4
V	5707172	1
V	5707407	4
V	5707623	4
V	5707854	4
V	5708087	6
V	5708328	6
V	5708568	4
V	5708805	4
V	5709042	8
V	5709275	10
V	5709515	8
V	5709748	7
V	5709985	9
V	5710216	9
V	5710450	9
V	5710685	9
V	5710919	9
V	5711150	9
V	5711385	9
V	5711618	9
V	5711850	9
V	5712085	10
V	5712325	10
V	5712563	7
V	5712799	8
V	5713018	10
V	5713259	7
V	5713491	8
V	5713726	8
V	5713963	6
V	5714195	1
V	5714422	4
V	5714651	4
V	5714875	4
V	5715103	1
V	5715334	1
V	5715564	1
V	5715792	1
V	5716018	6
V	5716252	4
V	5716482	6
V	5716716	4
V	5716946	4
V	5717177	1
V	5717392	1
V	5717618	1
V	5717848	6
V	5718080	4
V	5718289	10
V	5718524	10
V	5718760	10
V	5718978	8
V	5719206	10
V	5719438	7
V	5719668	10
V	5719905	8
V	5720135	7
V	5720364	10
V	5720598	10
V	5720834	10
V	5721067	4
V	5721298	4
V	5721517	7
V	5721744	7
V	5721974	4
V	5722206	4
V	5722442	1
V	5722678	7
V	5722910	7
V	5723144	8
V	5723377	10
V	5723620	10
V	5723861	9
V	5724100	9
V	5724339	9
V	5724576	9
V	5724816	9
V	5725056	4
V	5725289	4
V	5725523	4
V	5725756	1
V	5725992	1
V	5726228	6
V	5726469	10
V	5726693	9
V	5726932	9
V	5727173	4
V	5727382	1
V	5727611	9
V	5727846	9
V	5728083	9
V	5728318	9
V	5728552	9
V	5728783	9
V	5729018	9
V	5729253	8
V	5729489	8
V	5729725	10
V	5729967	10
V	5730209	7
V	5730442	7
V	5730679	1
V	5730906	1
V	5731135	1
V	5731365	1
V	5731578	4
V	5731807	4
V	5732036	6
V	5732270	4
V	5732500	1
V	5732728	1
V	5732957	6
V	5733192	4
V	5733419	4
V	5733648	4
V	5733877	6
V	5734108	1
V	5734339	4
V	5734565	7
V	5734793	10
V	5735029	7
V	5735260	10
V	5735499	10
V	5735733	7
V	5735963	10
V	5736198	1
V	5736426	1
V	5736638	4
V	5736867	4
V	5737095	4
V	5737329	1
V	5737565	6
V	5737806	4
V	5738042	8
V	5738275	9
V	5738516	9
V	5738754	9
V	5738994	9
V	5739235	9
V	5739473	9
V	5739714	9
V	5739957	9
V	5740198	4
V	5740435	1
V	5740671	4
V	5740906	1
V	5741141	4
V	5741378	4
V	5741615	7
V	5741850	7
V	5742082	9
V	5742324	9
V	5742559	9
V	5742794	9
V	5743028	9
V	5743263	8
V	5743500	10
V	5743725	8
V	5743961	10
V	5744203	4
V	5744433	4
V	5744661	6
V	5744896	6
V	5745130	6
V	5745364	4
V	5745594	6
V	5745830	1
V	5746059	4
V	5746290	1
V	5746520	4
V	5746751	6
V	5746983	4
V	5747213	1
V	5747440	6
V	5747674	1
V	5747905	7
V	5748134	7
V	5748369	7
V	5748597	7
V	5748827	8
V	5749056	7
V	5749287	8
V	5749517	8
V	5749743	4
V	5749972	8
V	5750184	7
V	5750414	4
V	5750651	4
V	5750886	4
V	5751122	9
V	5751364	9
V	5751586	9
V	5751821	9
V	5752062	1
V	5752298	4
V	5752514	6
V	5752752	1
V	5752984	6
V	5753222	1
V	5753456	4
V	5753692	1
V	5753928	4
V	5754165	1
V	5754401	10
V	5754640	8
V	5754872	8
V	5755107	7
V	5755344	7
V	5755580	9
V	5755817	7
V	5756053	7
V	5756290	9
V	5756530	9
V	5756765	9
V	5756998	9
V	5757233	9
V	5757469	9
V	5757703	9
V	5757938	9
V	5758173	9
V	5758407	9
V	5758624	8
V	5758860	7
V	5759079	10
V	5759317	7
V	5759550	8
V	5759786	6
V	5760018	1
V	5760245	1
V	5760474	4
V	5760685	1
V	5760914	4
V	5761145	4
V	5761357	6
V	5761592	4
V	5761804	1
V	5762033	6
V	5762267	6
V	5762502	1
V	5762728	10
V	5762963	7
V	5763192	8
V	5763424	10
V	5763659	8
V	5763889	10
V	5764122	8
V	5764352	10
V	5764586	7
V	5764816	7
V	5765044	6
V	5765276	4
V	5765505	1
V	5765734	1
V	5765971	8
V	5766204	10
V	5766443	8
V	5766679	9
V	5766922	9
V	5767163	9
V	5767404	9
V	5767641	9
V	5767880	9
V	5768118	9
V	5768358	1
V	5768596	4
V	5768833	1
V	5769066	1
V	5769300	4
V	5769533	6
V	5769768	6
V	5770006	8
V	5770242	10
V	5770483	10
V	5770724	10
V	5770966	7
V	5771203	10
V	5771445	9
V	5771686	4
V	5771913	9
V	5772149	9
V	5772375	9
V	5772609	9
V	5772842	9
V	5773075	9
V	5773305	8
V	5773542	4
V	5773771	6
V	5774006	1
V	5774219	4
V	5774449	1
V	5774678	4
V	5774904	4
V	5775131	6
V	5775363	1
V	5775590	1
V	5775816	4
V	5776045	6
V	5776280	7
V	5776509	7
V	5776739	10
V	5776974	10
V	5777209	7
V	5777438	10
V	5777671	8
V	5777900	10
V	5778137	8
V	5778366	4
V	5778596	10
V	5778830	4
V	5779063	4
V	5779295	1
V	5779530	8
V	5779767	9
V	5780008	9
V	5780248	9
V	5780484	9
V	5780719	9
V	5780961	9
V	5781198	4
V	5781435	4
V	5781667	4
V	5781900	4
V	5782130	4
V	5782363	1
V	5782598	4
V	5782835	4
V	5783070	4
V	5783306	6
V	5783547	7
V	5783780	8
V	5784014	8
V	5784248	8
V	5784467	9
V	5784707	9
V	5784949	9
V	5785191	9
V	5785431	9
V	5785671	4
V	5785899	6
V	5786132	9
V	5786366	9
V	5786600	9
V	5786832	9
V	5787066	10
V	5787305	8
V	5787542	8
V	5787778	10
V	5788019	7
V	5788256	10
V	5788495	8
V	5788732	1
V	5788962	6
V	5789194	4
V	5789422	4
V	5789652	6
V	5789886	4
V	5790116	6
V	5790353	1
V	5790567	6
V	5790798	1
V	5791026	6
V	5791261	6
V	5791495	4
V	5791727	1
V	5791959	6
V	5792191	4
V	5792418	4
V	5792649	10
V	5792881	7
V	5793107	8
V	5793335	10
V	5793570	7
V	5793799	8
V	5794029	10
V	5794268	7
V	5794498	1
V	5794729	6
V	5794970	4
V	5795188	6
V	5795426	4
V	5795662	1
V	5795880	7
V	5796116	9
V	5796354	9
V	5796593	9
V	5796832	6
V	5797072	6
V	5797313	1
V	5797548	6
V	5797786	1
V	5798021	6
V	5798261	4
V	5798498	1
V	5798735	10
V	5798976	10
V	5799216	8
V	5799449	9
V	5799688	8
V	5799924	6
V	5800162	1
V	5800389	9
V	5800626	9
V	5800860	9
V	5801092	9
V	5801326	9
V	5801558	9
V	5801792	10
V	5802027	10
V	5802269	7
V	5802505	10
V	5802745	8
V	5802982	1
V	5803215	4
V	5803442	6
V	5803674	1
V	5803903	4
V	5804132	4
V	5804361	4
V	5804586	1
V	5804816	4
V	5805045	1
V	5805274	4
V	5805503	1
V	5805732	4
V	5805963	4
V	5806190	6
V	5806424	1
V	5806654	6
V	5806891	10
V	5807127	10
V	5807364	8
V	5807592	1
V	5807825	10
V	5808060	1
V	5808293	1
V	5808509	7
V	5808743	10
V	5808983	10
V	5809223	9
V	5809464	9
V	5809702	4
V	5809939	1
V	5810173	8
V	5810407	10
V	5810645	8
V	5810883	10
V	5811125	9
V	5811359	9
V	5811593	9
V	5811824	10
V	5812062	7
V	5812298	10
V	5812540	10
V	5812783	6
V	5813017	1
V	5813247	6
V	5813481	1
V	5813707	6
V	5813942	6
V	5814177	4
V	5814406	1
V	5814637	6
V	5814872	4
V	5815102	4
V	5815332	4
V	5815562	4
V	5815789	1
V	5816020	4
V	5816247	6
V	5816480	6
V	5816712	4
V	5816939	6
V	5817174	6
V	5817409	7
V	5817639	7
V	5817868	8
V	5818098	10
V	5818334	8
V	5818563	7
V	5818792	7
V	5819026	10
V	5819261	6
V	5819495	1
V	5819727	6
V	5819960	6
V	5820195	1
V	5820424	4
V	5820656	6
V	5820898	4
V	5821136	1
V	5821372	6
V	5821610	6
V	5821847	4
V	5822080	5
V	5822315	6
V	5822556	4
V	5822793	4
V	5823026	8
V	5823261	9
V	5823503	9
V	5823745	9
V	5823986	4
V	5824223	4
V	5824459	1
V	5824693	6
V	5824932	4
V	5825165	4
V	5825399	4
V	5825636	1
V	5825872	8
V	5826106	10
V	5826348	10
V	5826588	9
V	5826830	7
V	5827066	6
V	5827301	4
V	5827529	9
V	5827764	9
V	5828000	9
V	5828235	9
V	5828470	9
V	5828701	9
V	5828917	9
V	5829149	9
V	5829379	8
V	5829595	8
V	5829814	7
V	5830051	7
V	5830286	10
V	5830527	7
V	5830761	10
V	5831000	8
V	5831234	6
V	5831468	4
V	5831695	4
V	5831925	6
V	5832159	4
V	5832386	4
V	5832615	4
V	5832842	6
V	5833077	6
V	5833310	1
V	5833541	1
V	5833770	1
V	5833999	1
V	5834229	4
V	5834458	4
V	5834688	1
V	5834921	4
V	5835151	4
V	5835380	4
V	5835606	4
V	5835836	1
V	5836066	4
V	5836295	8
V	5836524	7
V	5836752	8
V	5836981	10
V	5837216	8
V	5837445	7
V	5837677	10
V	5837912	10
V	5838147	8
V	5838376	8
V	5838606	1
V	5838836	1
V	5839066	1
V	5839288	1
V	5839518	7
V	5839744	4
V	5839978	6
V	5840219	4
V	5840455	1
V	5840692	9
V	5840933	9
V	5841174	9
V	5841415	9
V	5841656	6
V	5841897	4
V	5842130	4
V	5842367	1
V	5842601	1
V	5842835	1
V	5843069	4
V	5843305	1
V	5843543	4
V	5843762	8
V	5843998	7
V	5844234	9
V	5844472	4
V	5844701	6
V	5844937	9
V	5845154	9
V	5845380	9
V	5845611	9
V	5845845	8
V	5846082	7
V	5846318	8
V	5846555	1
V	5846785	6
V	5847018	1
V	5847245	6
V	5847478	6
V	5847709	6
V	5847944	4
V	5848172	6
V	5848406	4
V	5848636	1
V	5848863	4
V	5849093	4
V	5849324	6
V	5849559	4
V	5849787	1
V	5850014	6
V	5850248	10
V	5850463	7
V	5850698	8
V	5850928	7
V	5851152	10
V	5851387	7
V	5851616	7
V	5851838	4
V	5852071	5
V	5852301	4
V	5852535	4
V	5852768	4
V	5853002	4
V	5853238	4
V	5853475	4
V	5853710	7
V	5853944	9
V	5854184	9
V	5854426	9
V	5854666	9
V	5854906	9
V	5855148	9
V	5855387	4
V	5855621	1
V	5855853	1
V	5856086	4
V	5856321	4
V	5856558	8
V	5856791	10
V	5857033	9
V	5857271	9
V	5857512	10
V	5857755	10
V	5857998	9
V	5858239	9
V	5858480	9
V	5858712	9
V	5858947	9
V	5859180	9
V	5859412	9
V	5859643	10
V	5859886	7
V	5860123	8
V	5860356	10
V	5860596	9
V	5860831	1
V	5861048	1
V	5861275	1
V	5861505	6
V	5861740	4
V	5861969	1
V	5862198	4
V	5862427	1
V	5862658	6
V	5862893	6
V	5863109	4
V	5863338	6
V	5863572	4
V	5863804	4
V	5864033	1
V	5864262	1
V	5864492	8
V	5864721	10
V	5864959	10
V	5865194	10
V	5865430	8
V	5865661	8
V	5865888	10
V	5866122	8
V	5866334	7
V	5866565	6
V	5866799	4
V	5867028	8
V	5867258	6
V	5867495	4
V	5867731	1
V	5867965	1
V	5868199	1
V	5868435	9
V	5868676	9
V	5868917	9
V	5869158	9
V	5869400	9
V	5869638	4
V	5869871	4
V	5870108	1
V	5870344	1
V	5870579	4
V	5870815	4
V	5871050	6
V	5871288	4
V	5871518	4
V	5871751	1
V	5871983	1
V	5872219	4
V	5872457	10
V	5872698	8
V	5872932	8
V	5873164	7
V	5873397	8
V	5873631	9
V	5873870	9
V	5874109	9
V	5874347	9
V	5874584	1
V	5874814	9
V	5875046	9
V	5875278	9
V	5875513	9
V	5875744	9
V	5875979	9
V	5876210	9
V	5876442	10
V	5876686	8
V	5876918	10
V	5877159	10
V	5877399	7
V	5877631	6
V	5877866	1
V	5878097	1
V	5878328	6
V	5878562	4
V	5878792	6
V	5879028	4
V	5879257	4
V	5879486	6
V	5879720	1
V	5879948	1
V	5880177	4
V	5880407	6
V	5880641	10
V	5880875	7
V	5881104	1
V	5881331	8
V	5881560	10
V	5881797	8
V	5882026	7
V	5882259	7
V	5882488	1
V	5882717	6
V	5882943	6
V	5883179	1
V	5883417	4
V	5883654	4
V	5883890	1
V	5884127	10
V	5884369	10
V	5884612	10
V	5884852	9
V	5885092	9
V	5885316	9
V	5885557	9
V	5885799	9
V	5886038	9
V	5886276	9
V	5886516	9
V	5886757	9
V	5886998	9
V	5887235	4
V	5887469	6
V	5887712	5
V	5887945	4
V	5888177	4
V	5888409	1
V	5888644	1
V	5888861	1
V	5889097	4
V	5889331	8
V	5889567	8
V	5889804	7
V	5890023	10
V	5890266	9
V	5890504	9
V	5890746	4
V	5890972	9
V	5891207	4
V	5891425	9
V	5891657	9
V	5891888	9
V	5892121	10
V	5892362	10
V	5892606	8
V	5892843	8
V	5893081	8
V	5893317	7
V	5893554	10
V	5893796	8
V	5894030	10
V	5894269	7
V	5894502	10
V	5894745	4
V	5894974	4
V	5895202	6
V	5895437	1
V	5895649	4
V	5895878	4
V	5896089	6
V	5896324	4
V	5896552	1
V	5896781	6
V	5897015	6
V	5897250	4
V	5897479	6
V	5897699	4
V	5897928	1
V	5898158	6
V	5898392	1
V	5898623	4
V	5898850	1
V	5899078	6
V	5899312	4
V	5899544	10
V	5899780	10
V	5900015	8
V	5900245	10
V	5900465	10
V	5900700	7
V	5900930	7
V	5901161	7
V	5901387	10
V	5901620	4
V	5901848	1
V	5902077	4
V	5902307	4
V	5902518	1
V	5902751	10
V	5902986	4
V	5903216	1
V	5903450	1
V	5903686	4
V	5903923	1
V	5904160	4
V	5904396	1
V	5904633	8
V	5904866	7
V	5905099	7
V	5905333	10
V	5905575	7
V	5905809	9
V	5906050	9
V	5906292	9
V	5906531	9
V	5906769	4
V	5907002	1
V	5907238	1
V	5907475	6
V	5907714	4
V	5907947	4
V	5908182	4
V	5908418	4
V	5908655	1
V	5908891	8
V	5909123	10
V	5909364	7
V	5909582	7
V	5909817	7
V	5910053	7
V	5910291	6
V	5910525	9
V	5910742	9
V	5910977	9
V	5911211	8
V	5911445	7
V	5911679	7
V	5911912	8
V	5912146	10
V	5912389	7
V	5912626	8
V	5912863	4
V	5913089	1
V	5913317	6
V	5913551	6
V	5913787	4
V	5914019	4
V	5914247	4
V	5914475	1
V	5914701	4
V	5914930	6
V	5915165	1
V	5915395	6
V	5915629	4
V	5915858	6
V	5916075	4
V	5916305	10
V	5916543	10
V	5916779	10
V	5917015	8
V	5917244	6
V	5917471	4
V	5917701	10
V	5917936	4
V	5918167	4
V	5918402	6
V	5918643	6
V	5918884	9
V	5919124	9
V	5919364	9
V	5919603	9
V	5919842	9
V	5920083	9
V	5920321	9
V	5920562	1
V	5920795	6
V	5921037	1
V	5921269	4
V	5921502	4
V	5921734	10
V	5921975	10
V	5922214	7
V	5922448	7
V	5922686	9
V	5922906	9
V	5923147	9
V	5923386	9
V	5923627	9
V	5923868	9
V	5924110	9
V	5924349	9
V	5924584	9
V	5924820	9
V	5925055	10
V	5925297	10
V	5925538	4
V	5925766	4
V	5925999	6
V	5926232	4
V	5926459	4
V	5926686	1
V	5926916	6
V	5927150	6
V	5927384	1
V	5927614	1
V	5927840	4
V	5928071	6
V	5928305	1
V	5928536	4
V	5928767	4
V	5928979	1
V	5929207	6
V	5929441	4
V	5929671	4
V	5929902	4
V	5930132	8
V	5930362	7
V	5930591	7
V	5930803	4
V	5931033	10
V	5931268	8
V	5931496	1
V	5931727	6
V	5931968	6
V	5932205	1
V	5932440	1
V	5932675	9
V	5932916	9
V	5933156	9
V	5933397	9
V	5933634	9
V	5933875	4
V	5934108	4
V	5934345	1
V	5934581	4
V	5934819	6
V	5935061	4
V	5935294	4
V	5935527	4
V	5935763	7
V	5935995	9
V	5936234	9
V	5936471	9
V	5936711	9
V	5936951	9
V	5937194	9
V	5937429	9
V	5937663	9
V	5937898	9
V	5938133	9
V	5938367	9
V	5938599	9
V	5938833	9
V	5939056	10
V	5939294	10
V	5939538	10
V	5939778	8
V	5940012	4
V	5940242	4
V	5940471	6
V	5940703	6
V	5940937	1
V	5941148	4
V	5941379	4
V	5941608	6
V	5941838	4
V	5942068	1
V	5942298	6
V	5942534	6
V	5942771	6
V	5943005	4
V	5943234	4
V	5943460	4
V	5943691	10
V	5943926	8
V	5944156	8
V	5944385	8
V	5944615	8
V	5944845	7
V	5945074	7
V	5945304	8
V	5945534	7
V	5945764	10
V	5945998	8
V	5946207	6
V	5946440	4
V	5946670	4
V	5946900	4
V	5947136	7
V	5947370	10
V	5947608	7
V	5947844	8
V	5948081	9
V	5948322	9
V	5948544	9
V	5948784	9
V	5949024	9
V	5949266	9
V	5949507	9
V	5949748	9
V	5949987	4
V	5950221	4
V	5950457	4
V	5950693	6
V	5950931	1
V	5951167	1
V	5951403	4
V	5951641	4
V	5951875	1
V	5952107	7
V	5952341	8
V	5952574	8
V	5952812	8
V	5953048	7
V	5953285	9
V	5953523	9
V	5953762	9
V	5953986	9
V	5954228	9
V	5954462	9
V	5954696	9
V	5954929	9
V	5955165	9
V	5955399	9
V	5955634	9
V	5955868	9
V	5956102	7
V	5956337	7
V	5956574	8
V	5956808	7
V	5957045	10
V	5957287	7
V	5957523	7
V	5957760	1
V	5957971	4
V	5958183	1
V	5958412	6
V	5958647	4
V	5958874	4
V	5959105	6
V	5959338	4
V	5959572	1
V	5959805	4
V	5960034	4
V	5960263	1
V	5960493	1
V	5960724	1
V	5960953	6
V	5961191	4
V	5961422	4
V	5961653	6
V	5961888	1
V	5962116	7
V	5962347	8
V	5962576	7
V	5962806	10
V	5963036	8
V	5963260	10
V	5963493	10
V	5963730	7
V	5963960	10
V	5964196	6
V	5964432	4
V	5964665	1
V	5964897	4
V	5965129	4
V	5965365	8
V	5965600	9
V	5965842	9
V	5966083	9
V	5966323	9
V	5966565	9
V	5966806	9
V	5967048	9
V	5967287	9
V	5967524	9
V	5967766	9
V	5968008	6
V	5968251	1
V	5968483	1
V	5968720	1
V	5968954	4
V	5969189	4
V	5969425	10
V	5969665	8
V	5969900	8
V	5970134	10
V	5970375	10
V	5970614	7
V	5970846	10
V	5971085	7
V	5971321	9
V	5971560	9
V	5971801	6
V	5972033	6
V	5972267	9
V	5972501	9
V	5972736	9
V	5972971	9
V	5973205	9
V	5973439	9
V	5973673	9
V	5973907	9
V	5974142	8
V	5974380	8
V	5974615	10
V	5974858	7
V	5975094	6
V	5975326	1
V	5975556	1
V	5975785	4
V	5976014	1
V	5976243	4
V	5976473	6
V	5976707	4
V	5976938	6
V	5977174	6
V	5977409	1
V	5977638	4
V	5977867	1
V	5978096	1
V	5978324	7
V	5978554	10
V	5978791	10
V	5979026	10
V	5979262	7
V	5979492	7
V	5979721	1
V	5979951	7
V	5980181	10
V	5980415	1
V	5980652	4
V	5980889	4
V	5981125	4
V	5981361	1
V	5981599	1
V	5981834	10
V	5982075	9
V	5982316	9
V	5982557	9
V	5982797	9
V	5983038	9
V	5983280	9
V	5983522	9
V	5983760	9
V	5983998	4
V	5984235	4
V	5984469	4
V	5984702	4
V	5984935	4
V	5985171	1
V	5985408	10
V	5985649	8
V	5985883	10
V	5986123	10
V	5986365	8
V	5986602	10
V	5986845	10
V	5987087	4
V	5987314	4
V	5987540	6
V	5987769	9
V	5988005	9
V	5988239	9
V	5988474	9
V	5988709	9
V	5988944	9
V	5989179	9
V	5989416	9
V	5989650	9
V	5989886	9
V	5990102	10
V	5990344	10
V	5990586	6
V	5990821	1
V	5991050	6
V	5991285	4
V	5991514	4
V	5991742	4
V	5991973	1
V	5992205	6
V	5992439	4
V	5992667	6
V	5992901	4
V	5993127	6
V	5993341	4
V	5993569	1
V	5993794	8
V	5994023	10
V	5994258	7
V	5994484	7
V	5994714	10
V	5994946	10
V	5995179	7
V	5995408	7
V	5995638	7
V	5995850	10
V	5996082	8
V	5996311	7
V	5996522	6
V	5996761	1
V	5996990	4
V	5997223	4
V	5997459	7
V	5997690	9
V	5997913	9
V	5998153	9
V	5998393	9
V	5998630	9
V	5998869	9
V	5999106	9
V	5999344	9
V	5999585	9
V	5999828	9
V	6000069	9
V	6000307	6
V	6000548	4
V	6000783	6
V	6001023	1
V	6001257	4
V	6001488	4
V	6001719	1
V	6001954	1
V	6002188	4
V	6002424	4
V	6002661	8
V	6002893	8
V	6003125	7
V	6003357	8
V	6003589	7
V	6003827	9
V	6004067	9
V	6004307	9
V	6004548	9
V	6004782	9
V	6005016	8
V	6005250	7
V	6005486	10
V	6005729	8
V	6005962	6
V	6006179	1
V	6006406	6
V	6006640	1
V	6006870	4
V	6007100	4
V	6007329	6
V	6007564	1
V	6007794	1
V	6008023	6
V	6008257	4
V	6008488	4
V	6008720	6
V	6008956	6
V	6009191	4
V	6009418	10
V	6009655	10
V	6009890	7
V	6010119	7
V	6010348	7
V	6010577	1
V	6010807	6
V	6011040	10
V	6011276	6
V	6011515	4
V	6011747	4
V	6011981	4
V	6012217	4
V	6012435	1
V	6012671	1
V	6012907	10
V	6013144	9
V	6013386	9
V	6013627	9
V	6013867	9
V	6014106	9
V	6014346	9
V	6014587	9
V	6014826	9
V	6015065	9
V	6015306	9
V	6015543	1
V	6015778	4
V	6016015	1
V	6016251	4
V	6016489	4
V	6016722	1
V	6016956	1
V	6017189	4
V	6017424	6
V	6017665	8
V	6017900	8
V	6018135	10
V	6018373	8
V	6018609	9
V	6018846	9
V	6019084	9
V	6019325	4
V	6019541	9
V	6019776	9
V	6020010	9
V	6020245	8
V	6020481	8
V	6020714	7
V	6020950	10
V	6021192	7
V	6021428	8
V	6021663	7
V	6021899	8
V	6022134	8
V	6022372	4
V	6022599	6
V	6022833	4
V	6023064	4
V	6023291	4
V	6023520	6
V	6023755	6
V	6023990	1
V	6024217	6
V	6024453	1
V	6024683	4
V	6024911	1
V	6025137	1
V	6025364	10
V	6025597	7
V	6025826	8
V	6026056	7
V	6026286	7
V	6026516	7
V	6026745	8
V	6026972	6
V	6027209	6
V	6027443	6
V	6027679	4
V	6027908	6
V	6028124	6
V	6028363	1
V	6028598	4
V	6028834	4
V	6029071	6
V	6029313	4
V	6029549	6
V	6029790	9
V	6030031	9
V	6030272	9
V	6030513	9
V	6030754	9
V	6030996	9
V	6031234	9
V	6031474	9
V	6031716	9
V	6031957	4
V	6032194	4
V	6032430	1
V	6032667	1
V	6032905	6
V	6033145	1
V	6033382	1
V	6033619	4
V	6033853	1
V	6034086	1
V	6034318	8
V	6034554	8
V	6034787	7
V	6035023	9
V	6035263	9
V	6035499	9
V	6035740	9
V	6035981	4
V	6036210	9
V	6036443	9
V	6036679	9
V	6036913	9
V	6037148	9
V	6037382	9
V	6037599	9
V	6037835	9
V	6038067	9
V	6038302	9
V	6038534	10
V	6038773	8
V	6039008	10
V	6039251	10
V	6039491	10
V	6039732	6
V	6039966	6
V	6040201	2
V	6040428	4
V	6040655	6
V	6040886	6
V	6041123	4
V	6041353	6
V	6041589	6
V	6041823	6
V	6042058	6
V	6042289	1
V	6042519	1
V	6042748	4
V	6042975	1
V	6043206	1
V	6043432	1
V	6043659	1
V	6043889	6
V	6044124	8
V	6044336	10
V	6044572	8
V	6044801	8
V	6045031	8
V	6045259	10
V	6045479	10
V	6045715	8
V	6045945	8
V	6046175	10
V	6046414	8
V	6046640	10
V	6046876	10
V	6047108	6
V	6047343	4
V	6047572	4
V	6047803	8
V	6048032	1
V	6048260	6
V	6048501	1
V	6048738	4
V	6048975	4
V	6049207	4
V	6049426	4
V	6049662	4
V	6049897	8
V	6050135	9
V	6050358	9
V	6050598	9
V	6050839	9
V	6051076	9
V	6051317	4
V	6051551	4
V	6051770	6
V	6052012	4
V	6052246	4
V	6052481	4
V	6052714	6
V	6052951	1
V	6053186	6
V	6053425	4
V	6053661	10
V	6053901	8
V	6054134	10
V	6054375	8
V	6054612	9
V	6054848	9
V	6055086	9
V	6055325	9
V	6055564	4
V	6055790	9
V	6056026	9
V	6056259	9
V	6056473	9
V	6056707	9
V	6056942	7
V	6057179	7
V	6057415	7
V	6057650	10
V	6057894	8
V	6058131	7
V	6058364	10
V	6058602	1
V	6058831	6
V	6059065	4
V	6059294	1
V	6059525	6
V	6059761	4
V	6059993	4
V	6060222	6
V	6060455	4
V	6060685	6
V	6060919	1
V	6061149	1
V	6061378	4
V	6061609	4
V	6061841	4
V	6062073	4
V	6062303	4
V	6062532	1
V	6062764	6
V	6062999	4
V	6063229	6
V	6063464	7
V	6063693	7
V	6063919	10
V	6064157	10
V	6064395	7
V	6064625	10
V	6064861	8
V	6065091	4
V	6065326	4
V	6065559	1
V	6065795	6
V	6066035	4
V	6066271	6
V	6066509	1
V	6066743	4
V	6066961	9
V	6067203	9
V	6067444	9
V	6067684	9
V	6067923	9
V	6068161	9
V	6068402	9
V	6068642	6
V	6068884	6
V	6069121	6
V	6069361	4
V	6069597	10
V	6069835	7
V	6070051	10
V	6070290	7
V	6070527	8
V	6070784	8
V	6071035	9
V	6071268	9
V	6071503	9
V	6071734	9
V	6071966	9
V	6072200	9
V	6072434	10
V	6072677	10
V	6072919	8
V	6073155	10
V	6073397	10
V	6073640	10
V	6073881	10
V	6074121	10
V	6074361	8
V	6074599	4
V	6074828	6
V	6075062	6
V	6075296	1
V	6075525	4
V	6075755	1
V	6075986	6
V	6076221	4
V	6076451	4
V	6076682	6
V	6076919	1
V	6077148	6
V	6077382	1
V	6077612	6
V	6077848	6
V	6078082	1
V	6078309	1
V	6078537	1
V	6078766	1
V	6078999	1
V	6079228	7
V	6079457	10
V	6079692	10
V	6079926	8
V	6080153	10
V	6080389	10
V	6080625	8
V	6080856	8
V	6081085	7
V	6081314	7
V	6081543	8
V	6081770	7
V	6081979	6
V	6082214	6
V	6082448	8
V	6082678	7
V	6082904	10
V	6083137	10
V	6083369	1
V	6083602	6
V	6083840	1
V	6084072	4
V	6084308	4
V	6084543	4
V	6084779	1
V	6085015	9
V	6085257	9
V	6085497	9
V	6085735	9
V	6085974	9
V	6086215	9
V	6086456	9
V	6086698	9
V	6086938	4
V	6087173	6
V	6087413	4
V	6087648	4
V	6087883	4
V	6088119	4
V	6088355	10
V	6088597	7
V	6088832	7
V	6089066	8
V	6089318	6
V	6089573	6
V	6089818	6
V	6090073	10
V	6090323	3
V	6090577	5
V	6090829	10
V	6091081	6
V	6091332	6
V	6091590	6
V	6091838	6
V	6092098	6
V	6092352	6
V	6092611	2
V	6092856	5
V	6093106	7
V	6093356	5
V	6093605	1
V	6093852	1
V	6094101	1
V	6094356	4
V	6094608	9
V	6094865	4
V	6095116	4
V	6095370	1
V	6095623	3
V	6095875	7
V	6096127	3
V	6096375	4
V	6096631	3
V	6096885	5
V	6097133	1
V	6097381	1
V	6097635	1
V	6097891	1
V	6098135	3
V	6098379	3
V	6098627	7
V	6098879	7
V	6099124	7
V	6099376	7
V	6099629	7
V	6099881	7
V	6100128	6
V	6100379	7
V	6100637	8
V	6100890	7
V	6101142	7
V	6101396	7
V	6101651	2
V	6101888	9
V	6102139	2
V	6102384	4
V	6102639	2
V	6102893	5
V	6103145	8
V	6103405	8
V	6103660	6
V	6103914	7
V	6104167	6
V	6104426	9
V	6104684	2
V	6104937	5
V	6105189	5
V	6105438	4
V	6105684	8
V	6105941	6
V	6106191	10
V	6106450	8
V	6106700	1
V	6106944	5
V	6107186	6
V	6107442	10
V	6107700	2
V	6107947	3
V	6108190	7
V	6108440	5
V	6108693	4
V	6108947	2
V	6109199	3
V	6109447	6
V	6109697	10
V	6109951	1
V	6110209	5
V	6110456	2
V	6110705	5
V	6110955	1
V	6111207	2
V	6111456	7
V	6111706	6
V	6111963	6
V	6112221	3
V	6112472	2
V	6112721	6
V	6112978	6
V	6113232	1
V	6113480	5
V	6113729	4
V	6113974	1
V	6114223	1
V	6114469	2
V	6114715	6
V	6114969	9
V	6115223	3
V	6115468	2
V	6115720	7
V	6115965	3
V	6116214	5
V	6116459	10
V	6116707	10
V	6116959	2
V	6117205	1
V	6117452	4
V	6117705	5
V	6117952	3
V	6118208	8
V	6118465	4
V	6118715	7
V	6118964	2
V	6119208	1
V	6119465	4
V	6119717	5
V	6119964	8
V	6120222	4
V	6120467	5
V	6120717	4
V	6120967	4
V	6121221	9
V	6121471	4
V	6121721	5
V	6121975	5
V	6122219	6
V	6122479	1
V	6122731	6
V	6122986	2
V	6123228	1
V	6123474	1
V	6123725	2
V	6123977	4
V	6124229	4
V	6124481	1
V	6124730	1
V	6124972	7
V	6125227	4
V	6125481	5
V	6125735	2
V	6125977	7
V	6126235	4
V	6126488	6
V	6126740	6
V	6126994	4
V	6127245	6
V	6127504	6
V	6127760	6
V	6128017	10
V	6128268	2
V	6128520	4
V	6128774	4
V	6129024	3
V	6129264	6
V	6129510	4
V	6129759	9
V	6130017	10
V	6130267	1
V	6130516	9
V	6130767	10
V	6131021	10
V	6131271	8
V	6131523	10
V	6131773	10
V	6132032	3
V	6132278	6
V	6132537	3
V	6132792	3
V	6133038	10
V	6133296	9
V	6133552	5
V	6133800	4
V	6134026	9
V	6134259	9
V	6134493	9
V	6134728	9
V	6134962	9
V	6135197	9
V	6135430	9
V	6135663	9
V	6135895	8
V	6136127	8
V	6136361	8
V	6136598	7
V	6136817	7
V	6137053	8
V	6137271	7
V	6137505	7
V	6137743	4
V	6137971	4
V	6138199	1
V	6138425	1
V	6138656	6
V	6138891	6
V	6139125	6
V	6139360	6
V	6139595	1
V	6139824	1
V	6140055	1
V	6140281	1
V	6140513	6
V	6140746	1
V	6140977	6
V	6141211	4
V	6141437	6
V	6141671	4
V	6141895	4
V	6142125	1
V	6142353	6
V	6142587	1
V	6142814	1
V	6143044	8
V	6143272	7
V	6143502	8
V	6143729	7
V	6143959	10
V	6144194	10
V	6144429	8
V	6144658	8
V	6144887	1
V	6145117	1
V	6145346	4
V	6145583	4
V	6145818	1
V	6146051	4
V	6146288	4
V	6146524	4
V	6146757	4
V	6146994	4
V	6147230	7
V	6147466	9
V	6147706	9
V	6147947	9
V	6148171	9
V	6148412	9
V	6148653	9
V	6148894	9
V	6149135	9
V	6149372	9
V	6149609	9
V	6149848	6
V	6150085	4
V	6150318	4
V	6150555	4
V	6150793	4
V	6151028	6
V	6151249	4
V	6151486	8
V	6151721	8
V	6151956	10
V	6152198	8
V	6152432	8
V	6152667	10
V	6152904	7
V	6153137	10
V	6153377	7
V	6153611	8
V	6153842	8
V	6154078	9
V	6154317	9
V	6154555	9
V	6154798	9
V	6155040	8
V	6155277	9
V	6155518	4
V	6155748	6
V	6155980	9
V	6156215	9
V	6156450	9
V	6156686	9
V	6156920	9
V	6157151	9
V	6157383	9
V	6157599	9
V	6157832	8
V	6158066	6
V	6158299	6
V	6158533	4
V	6158761	4
V	6158972	6
V	6159206	4
V	6159435	4
V	6159648	6
V	6159881	6
V	6160115	4
V	6160343	4
V	6160572	1
V	6160802	4
V	6161033	6
V	6161249	1
V	6161479	6
V	6161713	4
V	6161940	4
V	6162167	4
V	6162397	10
V	6162632	4
V	6162858	4
V	6163088	4
V	6163318	6
V	6163555	6
V	6163788	10
V	6164023	7
V	6164253	8
V	6164466	10
V	6164700	7
V	6164930	1
V	6165161	4
V	6165394	6
V	6165634	1
V	6165872	4
V	6166107	4
V	6166339	6
V	6166580	9
V	6166820	9
V	6167058	9
V	6167300	9
V	6167542	4
V	6167776	1
V	6168009	4
V	6168244	4
V	6168478	4
V	6168713	4
V	6168950	7
V	6169186	8
V	6169420	10
V	6169661	8
V	6169896	9
V	6170137	9
V	6170374	9
V	6170591	9
V	6170822	9
V	6171055	9
V	6171287	9
V	6171518	9
V	6171753	9
V	6171984	9
V	6172215	10
V	6172454	10
V	6172693	7
V	6172928	8
V	6173163	10
V	6173405	8
V	6173640	8
V	6173874	7
V	6174108	6
V	6174342	6
V	6174577	4
V	6174806	4
V	6175035	4
V	6175265	4
V	6175492	1
V	6175704	1
V	6175932	6
V	6176167	4
V	6176396	4
V	6176626	6
V	6176859	1
V	6177089	10
V	6177317	10
V	6177552	7
V	6177782	8
V	6178010	7
V	6178241	8
V	6178473	6
V	6178710	6
V	6178946	8
V	6179177	4
V	6179412	4
V	6179644	4
V	6179879	4
V	6180113	4
V	6180345	1
V	6180581	1
V	6180818	4
V	6181053	10
V	6181294	8
V	6181531	8
V	6181764	8
V	6182001	10
V	6182243	10
V	6182486	9
V	6182726	9
V	6182968	9
V	6183209	9
V	6183449	9
V	6183688	9
V	6183928	9
V	6184165	4
V	6184401	1
V	6184637	4
V	6184870	1
V	6185104	4
V	6185340	1
V	6185576	4
V	6185814	10
V	6186054	10
V	6186297	9
V	6186534	10
V	6186777	10
V	6187020	10
V	6187263	9
V	6187501	9
V	6187735	9
V	6187969	9
V	6188205	8
V	6188442	8
V	6188676	10
V	6188915	10
V	6189157	7
V	6189394	7
V	6189630	4
V	6189864	1
V	6190090	6
V	6190324	1
V	6190553	4
V	6190780	4
V	6191010	4
V	6191238	6
V	6191469	6
V	6191702	4
V	6191931	6
V	6192166	1
V	6192395	6
V	6192626	6
V	6192859	6
V	6193094	1
V	6193325	1
V	6193552	10
V	6193785	7
V	6194015	7
V	6194244	8
V	6194456	7
V	6194683	10
V	6194918	7
V	6195148	8
V	6195378	4
V	6195608	4
V	6195838	4
V	6196068	10
V	6196304	4
V	6196533	4
V	6196766	1
V	6196981	6
V	6197222	4
V	6197459	10
V	6197698	8
V	6197933	7
V	6198166	7
V	6198400	8
V	6198633	10
V	6198875	9
V	6199116	9
V	6199356	9
V	6199596	9
V	6199837	9
V	6200078	9
V	6200320	4
V	6200552	4
V	6200789	4
V	6201025	1
V	6201258	4
V	6201490	4
V	6201722	1
V	6201955	4
V	6202189	4
V	6202407	4
V	6202641	10
V	6202880	8
V	6203114	9
V	6203356	9
V	6203597	7
V	6203832	4
V	6204059	1
V	6204288	9
V	6204519	9
V	6204753	9
V	6204988	9
V	6205224	9
V	6205458	9
V	6205690	8
V	6205926	7
V	6206162	7
V	6206399	8
V	6206636	8
V	6206872	10
V	6207116	8
V	6207350	1
V	6207580	4
V	6207809	1
V	6208039	6
V	6208276	4
V	6208505	6
V	6208739	4
V	6208969	1
V	6209198	6
V	6209433	6
V	6209663	1
V	6209891	1
V	6210118	4
V	6210345	1
V	6210573	4
V	6210802	4
V	6211032	8
V	6211258	10
V	6211491	8
V	6211720	8
V	6211950	7
V	6212179	7
V	6212409	8
V	6212640	8
V	6212870	8
V	6213099	6
V	6213333	1
V	6213563	6
V	6213798	4
V	6214028	4
V	6214255	4
V	6214491	4
V	6214726	4
V	6214963	1
V	6215200	4
V	6215437	6
V	6215680	10
V	6215921	10
V	6216161	7
V	6216394	10
V	6216636	9
V	6216879	9
V	6217120	9
V	6217358	9
V	6217598	9
V	6217836	9
V	6218074	9
V	6218315	4
V	6218551	4
V	6218786	6
V	6219025	1
V	6219260	4
V	6219496	1
V	6219712	1
V	6219945	1
V	6220178	1
V	6220407	4
V	6220625	4
V	6220862	10
V	6221101	10
V	6221342	9
V	6221581	9
V	6221819	10
V	6222062	9
V	6222303	9
V	6222544	9
V	6222778	9
V	6223011	9
V	6223246	9
V	6223478	9
V	6223713	9
V	6223946	9
V	6224162	9
V	6224398	9
V	6224631	7
V	6224867	10
V	6225109	8
V	6225343	10
V	6225582	6
V	6225816	1
V	6226042	1
V	6226271	1
V	6226500	4
V	6226729	4
V	6226959	6
V	6227192	6
V	6227426	1
V	6227656	4
V	6227882	4
V	6228112	6
V	6228346	8
V	6228576	7
V	6228798	8
V	6229010	8
V	6229222	7
V	6229452	7
V	6229682	1
V	6229911	4
V	6230144	6
V	6230373	6
V	6230606	6
V	6230839	1
V	6231076	4
V	6231309	4
V	6231545	1
V	6231781	6
V	6232022	7
V	6232256	9
V	6232494	9
V	6232733	9
V	6232956	9
V	6233197	9
V	6233437	4
V	6233670	1
V	6233906	4
V	6234143	1
V	6234380	4
V	6234616	4
V	6234853	1
V	6235086	6
V	6235324	1
V	6235558	1
V	6235793	4
V	6236029	1
V	6236266	10
V	6236509	10
V	6236749	8
V	6236984	8
V	6237219	8
V	6237452	10
V	6237692	8
V	6237923	10
V	6238161	10
V	6238397	9
V	6238637	9
V	6238874	7
V	6239110	7
V	6239346	10
V	6239588	8
V	6239824	9
V	6240056	9
V	6240288	9
V	6240522	9
V	6240757	9
V	6240992	9
V	6241227	9
V	6241460	7
V	6241694	8
V	6241932	8
V	6242169	10
V	6242410	10
V	6242634	7
V	6242871	7
V	6243108	1
V	6243335	1
V	6243562	1
V	6243792	1
V	6244021	1
V	6244250	4
V	6244479	6
V	6244714	1
V	6244943	4
V	6245172	6
V	6245407	1
V	6245637	1
V	6245865	4
V	6246095	1
V	6246322	4
V	6246552	4
V	6246779	6
V	6247010	7
V	6247224	8
V	6247451	7
V	6247680	10
V	6247914	10
V	6248147	7
V	6248376	7
V	6248606	4
V	6248839	10
V	6249072	1
V	6249306	4
V	6249542	4
V	6249777	4
V	6250012	2
V	6250248	1
V	6250478	8
V	6250714	8
V	6250948	9
V	6251187	9
V	6251428	9
V	6251669	9
V	6251911	9
V	6252153	9
V	6252391	9
V	6252632	9
V	6252872	9
V	6253112	4
V	6253345	6
V	6253584	1
V	6253817	1
V	6254053	4
V	6254289	4
V	6254527	8
V	6254761	8
V	6254997	8
V	6255234	8
V	6255470	9
V	6255707	8
V	6255942	9
V	6256181	1
V	6256408	9
V	6256643	9
V	6256876	9
V	6257111	9
V	6257346	9
V	6257581	9
V	6257818	9
V	6258053	10
V	6258293	4
V	6258522	1
V	6258749	1
V	6258978	1
V	6259207	6
V	6259439	6
V	6259671	6
V	6259906	4
V	6260134	1
V	6260363	4
V	6260589	1
V	6260818	4
V	6261048	6
V	6261284	6
V	6261518	6
V	6261752	4
V	6261981	4
V	6262210	4
V	6262439	4
V	6262667	4
V	6262897	4
V	6263129	1
V	6263355	10
V	6263594	8
V	6263823	10
V	6264058	7
V	6264287	8
V	6264516	4
V	6264745	4
V	6264975	4
V	6265186	4
V	6265417	1
V	6265650	4
V	6265880	6
V	6266119	6
V	6266361	4
V	6266597	4
V	6266833	4
V	6267069	1
V	6267306	1
V	6267540	4
V	6267756	1
V	6267992	1
V	6268227	6
V	6268468	6
V	6268711	1
V	6268948	4
V	6269185	10
V	6269426	7
V	6269659	9
V	6269900	9
V	6270140	9
V	6270379	9
V	6270617	9
V	6270859	9
V	6271101	4
V	6271335	1
V	6271569	1
V	6271803	4
V	6272037	4
V	6272273	1
V	6272507	10
V	6272745	8
V	6272977	8
V	6273196	9
V	6273434	9
V	6273672	9
V	6273893	9
V	6274127	9
V	6274360	9
V	6274595	9
V	6274830	9
V	6275065	8
V	6275297	7
V	6275533	7
V	6275766	4
V	6275995	6
V	6276230	6
V	6276463	1
V	6276692	6
V	6276926	1
V	6277156	4
V	6277386	4
V	6277617	6
V	6277847	6
V	6278083	1
V	6278313	6
V	6278548	4
V	6278779	1
V	6279010	6
V	6279245	1
V	6279470	6
V	6279704	6
V	6279936	4
V	6280165	4
V	6280395	10
V	6280628	1
V	6280857	8
V	6281086	7
V	6281315	7
V	6281542	7
V	6281768	7
V	6281997	7
V	6282227	7
V	6282436	6
V	6282663	8
V	6282893	1
V	6283122	6
V	6283355	4
V	6283584	4
V	6283814	6
V	6284048	1
V	6284282	4
V	6284520	4
V	6284755	4
V	6284991	1
V	6285229	4
V	6285461	6
V	6285700	1
V	6285937	1
V	6286173	6
V	6286411	1
V	6286647	4
V	6286883	10
V	6287126	10
V	6287369	9
V	6287608	9
V	6287846	9
V	6288086	9
V	6288327	9
V	6288567	4
V	6288802	4
V	6289039	4
V	6289273	1
V	6289509	1
V	6289745	4
V	6289974	4
V	6290211	6
V	6290452	4
V	6290684	4
V	6290920	6
V	6291161	1
V	6291396	1
V	6291632	4
V	6291863	4
V	6292099	10
V	6292340	10
V	6292562	9
V	6292800	9
V	6293040	8
V	6293276	4
V	6293494	4
V	6293722	9
V	6293957	9
V	6294191	9
V	6294424	9
V	6294658	10
V	6294895	10
V	6295134	10
V	6295376	8
V	6295612	10
V	6295855	8
V	6296091	4
V	6296320	4
V	6296549	4
V	6296775	6
V	6297010	1
V	6297238	6
V	6297471	4
V	6297700	1
V	6297930	6
V	6298165	6
V	6298402	1
V	6298632	6
V	6298851	5
V	6299078	1
V	6299305	4
V	6299533	6
V	6299765	10
V	6300001	7
V	6300231	7
V	6300461	10
V	6300695	10
V	6300931	7
V	6301161	8
V	6301388	6
V	6301623	4
V	6301853	1
V	6302085	1
V	6302314	4
V	6302544	7
V	6302774	1
V	6303007	4
V	6303242	4
V	6303478	1
V	6303715	1
V	6303953	4
V	6304188	6
V	6304430	4
V	6304666	9
V	6304906	4
V	6305137	6
V	6305380	4
V	6305613	1
V	6305848	4
V	6306085	1
V	6306320	4
V	6306555	1
V	6306791	10
V	6307033	10
V	6307272	9
V	6307514	9
V	6307752	9
V	6307990	4
V	6308222	9
V	6308456	9
V	6308691	9
V	6308925	9
V	6309159	10
V	6309402	8
V	6309636	10
V	6309874	8
V	6310109	10
V	6310352	7
V	6310590	10
V	6310832	10
V	6311071	1
V	6311299	6
V	6311535	6
V	6311768	1
V	6312001	6
V	6312231	4
V	6312459	6
V	6312694	6
V	6312929	6
V	6313164	4
V	6313394	4
V	6313620	1
V	6313850	4
V	6314079	1
V	6314309	6
V	6314542	6
V	6314775	10
V	6315007	7
V	6315233	10
V	6315466	10
V	6315702	8
V	6315932	10
V	6316170	10
V	6316403	6
V	6316636	4
V	6316865	6
V	6317106	4
V	6317344	4
V	6317580	4
V	6317815	1
V	6318051	1
V	6318288	9
V	6318530	9
V	6318771	9
V	6319012	9
V	6319250	9
V	6319491	9
V	6319732	4
V	6319947	4
V	6320164	4
V	6320401	1
V	6320637	6
V	6320877	6
V	6321115	8
V	6321349	7
V	6321567	7
V	6321802	7
V	6322036	10
V	6322276	9
V	6322516	9
V	6322754	9
V	6322992	9
V	6323232	9
V	6323474	4
V	6323703	9
V	6323936	9
V	6324169	9
V	6324404	9
V	6324640	9
V	6324877	8
V	6325111	8
V	6325345	10
V	6325587	8
V	6325806	1
V	6326035	4
V	6326261	1
V	6326490	1
V	6326721	1
V	6326947	6
V	6327183	4
V	6327413	6
V	6327645	6
V	6327880	4
V	6328107	4
V	6328335	1
V	6328568	6
V	6328803	4
V	6329034	4
V	6329263	6
V	6329498	1
V	6329729	7
V	6329959	10
V	6330187	10
V	6330420	10
V	6330654	10
V	6330889	8
V	6331119	8
V	6331348	10
V	6331583	7
V	6331812	7
V	6332040	4
V	6332269	1
V	6332500	4
V	6332732	1
V	6332961	4
V	6333188	1
V	6333417	10
V	6333652	1
V	6333885	4
V	6334118	4
V	6334355	1
V	6334590	4
V	6334826	4
V	6335059	4
V	6335296	1
V	6335532	4
V	6335769	8
V	6336005	8
V	6336240	9
V	6336480	9
V	6336720	9
V	6336962	9
V	6337201	9
V	6337442	1
V	6337679	4
V	6337916	1
V	6338148	6
V	6338384	4
V	6338616	1
V	6338850	6
V	6339092	10
V	6339334	10
V	6339574	7
V	6339806	10
V	6340045	9
V	6340283	9
V	6340523	9
V	6340764	9
V	6341002	1
V	6341232	9
V	6341467	9
V	6341702	9
V	6341937	9
V	6342173	9
V	6342407	9
V	6342641	9
V	6342876	9
V	6343107	9
V	6343337	9
V	6343573	7
V	6343808	8
V	6344043	7
V	6344278	10
V	6344518	10
V	6344761	1
V	6344990	1
V	6345219	1
V	6345449	6
V	6345683	1
V	6345913	1
V	6346142	4
V	6346371	6
V	6346606	6
V	6346835	4
V	6347065	1
V	6347296	1
V	6347523	1
V	6347752	6
V	6347987	1
V	6348217	1
V	6348447	6
V	6348685	1
V	6348911	10
V	6349146	10
V	6349378	8
V	6349609	10
V	6349847	8
V	6350076	10
V	6350313	8
V	6350540	6
V	6350775	1
V	6351005	6
V	6351233	6
V	6351469	4
V	6351700	4
V	6351930	7
V	6352159	6
V	6352401	1
V	6352639	6
V	6352878	4
V	6353114	4
V	6353348	6
V	6353589	7
V	6353823	9
V	6354063	9
V	6354304	9
V	6354543	4
V	6354776	4
V	6355009	4
V	6355244	1
V	6355479	4
V	6355715	7
V	6355950	10
V	6356189	8
V	6356421	8
V	6356654	7
V	6356891	9
V	6357129	9
V	6357371	10
V	6357613	8
V	6357850	6
V	6358085	9
V	6358319	9
V	6358553	9
V	6358786	9
V	6359019	7
V	6359252	8
V	6359471	4
V	6359701	1
V	6359931	6
V	6360166	6
V	6360399	6
V	6360633	4
V	6360864	6
V	6361100	4
V	6361330	6
V	6361565	4
V	6361797	1
V	6362024	4
V	6362253	1
V	6362483	6
V	6362718	1
V	6362947	1
V	6363177	4
V	6363406	6
V	6363642	8
V	6363871	7
V	6364103	7
V	6364332	8
V	6364544	8
V	6364774	7
V	6364985	7
V	6365217	10
V	6365452	7
V	6365683	6
V	6365918	1
V	6366147	6
V	6366381	4
V	6366611	4
V	6366842	4
V	6367075	4
V	6367291	4
V	6367525	6
V	6367765	6
V	6368005	4
V	6368240	6
V	6368482	6
V	6368722	10
V	6368965	8
V	6369198	7
V	6369433	10
V	6369676	9
V	6369915	9
V	6370155	9
V	6370395	9
V	6370636	9
V	6370875	9
V	6371117	4
V	6371354	4
V	6371590	1
V	6371828	1
V	6372064	1
V	6372299	4
V	6372535	1
V	6372771	8
V	6373005	8
V	6373238	10
V	6373476	10
V	6373697	9
V	6373932	9
V	6374171	9
V	6374411	7
V	6374647	9
V	6374887	9
V	6375120	9
V	6375355	9
V	6375586	8
V	6375818	10
V	6376059	8
V	6376297	7
V	6376530	4
V	6376759	6
V	6376994	1
V	6377221	4
V	6377450	6
V	6377667	4
V	6377896	4
V	6378127	4
V	6378357	6
V	6378592	1
V	6378821	6
V	6379050	6
V	6379284	4
V	6379507	3
V	6379738	6
V	6379972	4
V	6380202	6
V	6380437	4
V	6380670	6
V	6380902	4
V	6381128	1
V	6381355	6
V	6381591	4
V	6381818	10
V	6382054	8
V	6382283	8
V	6382510	7
V	6382721	8
V	6382951	7
V	6383180	8
V	6383409	10
V	6383647	7
V	6383875	1
V	6384106	1
V	6384343	4
V	6384576	1
V	6384812	4
V	6385045	6
V	6385287	4
V	6385522	1
V	6385758	8
V	6385993	7
V	6386230	9
V	6386470	9
V	6386711	9
V	6386951	9
V	6387190	9
V	6387431	9
V	6387671	9
V	6387913	4
V	6388146	4
V	6388382	4
V	6388618	4
V	6388852	4
V	6389087	1
V	6389319	1
V	6389553	1
V	6389788	1
V	6390024	1
V	6390262	10
V	6390503	7
V	6390738	10
V	6390978	7
V	6391212	8
V	6391447	8
V	6391680	7
V	6391915	9
V	6392154	9
V	6392396	9
V	6392637	9
V	6392871	9
V	6393106	9
V	6393322	9
V	6393536	9
V	6393769	9
V	6394001	9
V	6394238	9
V	6394471	8
V	6394707	10
V	6394949	1
V	6395177	6
V	6395410	1
V	6395637	6
V	6395872	1
V	6396102	4
V	6396331	1
V	6396560	6
V	6396795	1
V	6397024	4
V	6397255	1
V	6397485	4
V	6397715	7
V	6397943	7
V	6398173	10
V	6398410	10
V	6398645	7
V	6398875	10
V	6399109	1
V	6399338	4
V	6399566	6
V	6399804	6
V	6400037	1
V	6400266	6
V	6400501	1
V	6400723	6
V	6400960	7
V	6401189	1
V	6401426	4
V	6401663	1
V	6401899	5
V	6402134	1
V	6402365	4
V	6402597	1
V	6402833	1
V	6403069	4
V	6403287	1
V	6403522	1
V	6403758	7
V	6403992	7
V	6404226	10
V	6404467	10
V	6404710	9
V	6404952	9
V	6405193	9
V	6405432	9
V	6405653	9
V	6405895	9
V	6406136	1
V	6406371	4
V	6406608	6
V	6406850	1
V	6407086	4
V	6407320	4
V	6407552	4
V	6407787	1
V	6408023	4
V	6408258	4
V	6408494	8
V	6408730	7
V	6408965	8
V	6409199	7
V	6409432	10
V	6409671	8
V	6409905	9
V	6410144	9
V	6410382	9
V	6410624	9
V	6410865	9
V	6411107	9
V	6411341	9
V	6411575	9
V	6411809	9
V	6412043	9
V	6412275	9
V	6412509	9
V	6412737	9
V	6412970	8
V	6413205	7
V	6413441	7
V	6413676	8
V	6413912	8
V	6414147	8
V	6414381	6
V	6414615	1
V	6414844	4
V	6415073	4
V	6415302	4
V	6415530	4
V	6415762	6
V	6415997	6
V	6416235	6
V	6416470	1
V	6416701	4
V	6416933	1
V	6417162	6
V	6417395	1
V	6417624	4
V	6417855	10
V	6418090	7
V	6418316	10
V	6418553	8
V	6418782	8
V	6419011	8
V	6419239	10
V	6419474	7
V	6419704	7
V	6419933	10
V	6420169	10
V	6420402	8
V	6420630	4
V	6420859	4
V	6421089	6
V	6421323	4
V	6421560	4
V	6421778	7
V	6422011	8
V	6422248	9
V	6422490	9
V	6422731	9
V	6422972	9
V	6423210	9
V	6423447	9
V	6423689	9
V	6423930	6
V	6424154	1
V	6424388	4
V	6424621	6
V	6424861	6
V	6425100	4
V	6425334	4
V	6425569	1
V	6425803	1
V	6426039	7
V	6426274	7
V	6426508	10
V	6426749	9
V	6426986	9
V	6427225	9
V	6427467	9
V	6427702	9
V	6427939	9
V	6428174	9
V	6428408	7
V	6428645	8
V	6428880	8
V	6429114	7
V	6429350	7
V	6429587	1
V	6429821	1
V	6430050	1
V	6430279	4
V	6430509	4
V	6430737	1
V	6430966	4
V	6431196	10
V	6431432	10
V	6431668	8
V	6431897	7
V	6432128	7
V	6432358	10
V	6432594	8
V	6432825	6
V	6433057	10
V	6433293	4
V	6433524	4
V	6433757	4
V	6433991	6
V	6434212	4
V	6434449	4
V	6434685	4
V	6434921	4
V	6435158	7
V	6435393	7
V	6435630	9
V	6435867	9
V	6436106	9
V	6436348	4
V	6436585	6
V	6436823	6
V	6437065	1
V	6437301	1
V	6437520	10
V	6437758	8
V	6437992	7
V	6438224	8
V	6438458	9
V	6438697	9
V	6438936	10
V	6439177	10
V	6439402	9
V	6439636	9
V	6439872	9
V	6440106	9
V	6440337	8
V	6440571	7
V	6440806	10
V	6441030	8
V	6441265	10
V	6441508	10
V	6441748	10
V	6441990	1
V	6442217	1
V	6442428	1
V	6442658	4
V	6442888	1
V	6443118	4
V	6443349	6
V	6443584	6
V	6443822	6
V	6444055	4
V	6444286	4
V	6444515	4
V	6444745	6
V	6444977	6
V	6445212	4
V	6445444	6
V	6445677	8
V	6445907	10
V	6446142	10
V	6446378	7
V	6446608	10
V	6446841	4
V	6447072	4
V	6447302	8
V	6447531	8
V	6447762	10
V	6447997	6
V	6448240	4
V	6448475	4
V	6448710	6
V	6448952	6
V	6449192	10
V	6449426	9
V	6449650	9
V	6449891	9
V	6450132	9
V	6450373	9
V	6450613	9
V	6450851	9
V	6451090	4
V	6451325	4
V	6451560	4
V	6451794	6
V	6452036	4
V	6452273	4
V	6452510	4
V	6452746	4
V	6452982	4
V	6453219	7
V	6453455	10
V	6453696	10
V	6453936	9
V	6454176	9
V	6454418	10
V	6454660	7
V	6454894	9
V	6455133	10
V	6455375	9
V	6455609	9
V	6455845	9
V	6456080	9
V	6456316	9
V	6456550	9
V	6456784	9
V	6457019	9
V	6457253	9
V	6457489	9
V	6457724	9
V	6457957	7
V	6458193	10
V	6458435	8
V	6458670	8
V	6458903	8
V	6459140	6
V	6459355	4
V	6459581	4
V	6459811	1
V	6460040	4
V	6460271	4
V	6460501	4
V	6460734	4
V	6460961	1
V	6461187	8
V	6461418	8
V	6461648	7
V	6461877	10
V	6462112	8
V	6462341	8
V	6462570	7
V	6462800	10
V	6463033	10
V	6463269	8
V	6463499	10
V	6463732	6
V	6463969	1
V	6464199	4
V	6464429	4
V	6464650	7
V	6464880	10
V	6465113	6
V	6465347	4
V	6465584	1
V	6465820	4
V	6466055	1
V	6466291	4
V	6466528	4
V	6466762	1
V	6466997	4
V	6467233	4
V	6467469	1
V	6467705	6
V	6467945	1
V	6468182	10
V	6468424	7
V	6468660	9
V	6468900	9
V	6469139	9
V	6469375	9
V	6469612	9
V	6469853	1
V	6470088	6
V	6470328	4
V	6470565	4
V	6470800	1
V	6471032	4
V	6471264	1
V	6471498	4
V	6471732	1
V	6471964	4
V	6472199	4
V	6472436	10
V	6472677	8
V	6472910	8
V	6473126	8
V	6473362	7
V	6473581	9
V	6473822	9
V	6474059	7
V	6474278	9
V	6474520	8
V	6474757	9
V	6474989	9
V	6475222	9
V	6475457	10
V	6475697	10
V	6475921	8
V	6476155	10
V	6476394	8
V	6476626	4
V	6476857	4
V	6477086	4
V	6477317	6
V	6477551	1
V	6477779	4
V	6478009	1
V	6478233	4
V	6478462	4
V	6478691	4
V	6478920	4
V	6479150	6
V	6479381	4
V	6479611	7
V	6479841	10
V	6480077	8
V	6480305	10
V	6480541	10
V	6480773	7
V	6481004	10
V	6481222	8
V	6481452	7
V	6481681	4
V	6481910	4
V	6482141	4
V	6482370	6
V	6482607	1
V	6482842	4
V	6483078	4
V	6483314	1
V	6483551	1
V	6483786	1
V	6484021	1
V	6484239	4
V	6484474	7
V	6484708	8
V	6484943	10
V	6485183	10
V	6485423	10
V	6485648	9
V	6485888	9
V	6486128	9
V	6486370	9
V	6486612	9
V	6486835	4
V	6487069	1
V	6487305	4
V	6487535	6
V	6487777	4
V	6488014	4
V	6488247	6
V	6488488	1
V	6488725	10
V	6488965	8
V	6489200	7
V	6489432	10
V	6489672	8
V	6489907	7
V	6490142	7
V	6490380	9
V	6490622	9
V	6490856	9
V	6491093	9
V	6491310	9
V	6491543	9
V	6491777	9
V	6492013	9
V	6492244	9
V	6492480	8
V	6492715	7
V	6492950	10
V	6493193	8
V	6493428	6
V	6493661	1
V	6493889	6
V	6494121	1
V	6494351	4
V	6494581	4
V	6494812	1
V	6495039	1
V	6495264	1
V	6495490	4
V	6495718	4
V	6495951	6
V	6496187	6
V	6496422	6
V	6496655	1
V	6496882	8
V	6497109	1
V	6497340	4
V	6497569	6
V	6497804	4
V	6498038	4
V	6498274	6
V	6498514	10
V	6498758	7
V	6498994	9
V	6499234	9
V	6499457	9
V	6499695	9
V	6499935	9
V	6500176	1
V	6500412	4
V	6500648	4
V	6500883	4
V	6501119	4
V	6501355	1
V	6501587	6
V	6501828	10
V	6502070	8
V	6502305	10
V	6502529	8
V	6502763	7
V	6502978	10
V	6503221	9
V	6503460	9
V	6503702	9
V	6503945	8
V	6504181	9
V	6504423	9
V	6504657	6
V	6504894	9
V	6505129	9
V	6505364	9
V	6505601	9
V	6505834	9
V	6506070	9
V	6506292	7
V	6506528	7
V	6506747	4
V	6506964	4
V	6507195	6
V	6507429	1
V	6507658	6
V	6507893	1
V	6508121	6
V	6508357	1
V	6508585	6
V	6508817	1
V	6509043	7
V	6509272	10
V	6509511	10
V	6509745	10
V	6509981	7
V	6510211	10
V	6510446	8
V	6510675	6
V	6510892	1
V	6511123	10
V	6511357	6
V	6511596	1
V	6511832	1
V	6512065	1
V	6512300	1
V	6512537	7
V	6512771	7
V	6513006	10
V	6513249	7
V	6513486	8
V	6513724	9
V	6513963	9
V	6514203	9
V	6514444	9
V	6514684	9
V	6514925	9
V	6515148	9
V	6515390	9
V	6515630	4
V	6515865	4
V	6516102	4
V	6516339	4
V	6516576	4
V	6516814	1
V	6517052	4
V	6517286	6
V	6517524	4
V	6517757	1
V	6517990	1
V	6518224	4
V	6518455	4
V	6518689	1
V	6518925	10
V	6519165	10
V	6519404	8
V	6519638	9
V	6519878	9
V	6520116	8
V	6520352	6
V	6520587	9
V	6520821	9
V	6521055	9
V	6521289	9
V	6521523	9
V	6521757	9
V	6521988	7
V	6522220	8
V	6522453	8
V	6522689	8
V	6522907	8
V	6523144	1
V	6523373	6
V	6523608	6
V	6523843	6
V	6524077	6
V	6524311	6
V	6524546	1
V	6524774	10
V	6525009	6
V	6525245	4
V	6525475	8
V	6525704	8
V	6525936	10
V	6526168	10
V	6526400	6
V	6526637	8
V	6526864	6
V	6527099	4
V	6527333	1
V	6527569	6
V	6527810	4
V	6528047	6
V	6528288	4
V	6528519	4
V	6528755	4
V	6528990	1
V	6529224	7
V	6529460	10
V	6529702	10
V	6529944	7
V	6530181	7
V	6530416	9
V	6530655	9
V	6530896	9
V	6531138	9
V	6531376	9
V	6531617	9
V	6531858	4
V	6532091	1
V	6532326	4
V	6532562	4
V	6532796	4
V	6533029	1
V	6533262	4
V	6533497	4
V	6533733	1
V	6533968	9
V	6534211	9
V	6534450	7
V	6534685	9
V	6534920	9
V	6535162	9
V	6535403	9
V	6535644	8
V	6535877	9
V	6536109	9
V	6536336	9
V	6536571	9
V	6536806	9
V	6537042	8
V	6537278	8
V	6537511	6
V	6537745	1
V	6537973	4
V	6538203	6
V	6538437	6
V	6538672	6
V	6538906	1
V	6539135	1
V	6539360	1
V	6539590	1
V	6539820	4
V	6540044	1
V	6540271	6
V	6540506	7
V	6540736	7
V	6540966	7
V	6541195	10
V	6541430	8
V	6541658	7
V	6541892	8
V	6542119	10
V	6542356	7
V	6542586	6
V	6542820	6
V	6543054	6
V	6543292	1
V	6543522	4
V	6543756	1
V	6543993	6
V	6544234	1
V	6544470	4
V	6544707	4
V	6544942	4
V	6545177	1
V	6545414	4
V	6545649	10
V	6545891	10
V	6546133	10
V	6546375	9
V	6546615	9
V	6546856	9
V	6547098	4
V	6547334	4
V	6547568	4
V	6547800	4
V	6548033	4
V	6548270	1
V	6548505	4
V	6548740	4
V	6548974	1
V	6549210	1
V	6549446	10
V	6549687	7
V	6549920	7
V	6550154	8
V	6550391	9
V	6550633	9
V	6550871	9
V	6551112	6
V	6551343	1
V	6551571	9
V	6551806	9
V	6552040	9
V	6552274	9
V	6552508	9
V	6552743	9
V	6552976	9
V	6553211	9
V	6553443	9
V	6553676	9
V	6553908	9
V	6554143	10
V	6554382	8
V	6554616	7
V	6554850	8
V	6555085	4
V	6555313	4
V	6555543	1
V	6555772	4
V	6556001	4
V	6556231	6
V	6556465	4
V	6556691	1
V	6556921	1
V	6557143	6
V	6557373	6
V	6557608	1
V	6557839	4
V	6558070	1
V	6558295	1
V	6558522	6
V	6558755	6
V	6558986	6
V	6559221	4
V	6559451	10
V	6559687	7
V	6559921	8
V	6560147	7
V	6560374	8
V	6560605	10
V	6560837	10
V	6561073	10
V	6561306	7
V	6561537	10
V	6561773	10
V	6562007	10
V	6562243	1
V	6562473	1
V	6562705	6
V	6562939	1
V	6563170	10
V	6563404	8
V	6563632	6
V	6563853	4
V	6564089	4
V	6564324	4
V	6564559	4
V	6564795	4
V	6565031	4
V	6565267	4
V	6565504	10
V	6565746	9
V	6565988	9
V	6566230	9
V	6566468	9
V	6566711	9
V	6566948	9
V	6567186	6
V	6567427	10
V	6567666	8
V	6567899	9
V	6568141	9
V	6568383	9
V	6568621	10
V	6568846	8
V	6569083	9
V	6569316	9
V	6569551	9
V	6569784	9
V	6570001	9
V	6570234	7
V	6570470	7
V	6570706	1
V	6570940	6
V	6571174	4
V	6571402	4
V	6571631	1
V	6571859	4
V	6572089	4
V	6572319	6
V	6572550	1
V	6572779	1
V	6573005	1
V	6573235	6
V	6573472	7
V	6573684	10
V	6573902	10
V	6574137	7
V	6574367	7
V	6574597	8
V	6574827	8
V	6575056	7
V	6575286	8
V	6575515	6
V	6575749	7
V	6575979	6
V	6576214	4
V	6576445	8
V	6576674	1
V	6576910	4
V	6577144	4
V	6577379	4
V	6577612	1
V	6577849	8
V	6578083	8
V	6578317	8
V	6578553	9
V	6578793	9
V	6579036	9
V	6579276	9
V	6579517	9
V	6579756	9
V	6579998	1
V	6580234	4
V	6580469	4
V	6580707	1
V	6580941	1
V	6581176	4
V	6581394	4
V	6581628	1
V	6581865	6
V	6582107	7
V	6582342	9
V	6582582	8
V	6582817	9
V	6583054	9
V	6583295	1
V	6583522	1
V	6583749	4
V	6583977	4
V	6584206	9
V	6584440	9
V	6584674	9
V	6584908	9
V	6585142	9
V	6585376	9
V	6585609	9
V	6585840	8
V	6586076	10
V	6586319	8
V	6586538	10
V	6586779	7
V	6587017	9
V	6587255	7
V	6587488	8
V	6587724	7
V	6587961	10
V	6588204	8
V	6588437	7
V	6588669	7
V	6588903	4
V	6589115	1
V	6589345	6
V	6589579	4
V	6589809	6
V	6590046	4
V	6590275	4
V	6590502	4
V	6590732	6
V	6590967	1
V	6591194	4
V	6591420	7
V	6591647	8
V	6591874	10
V	6592109	8
V	6592338	10
V	6592573	8
V	6592801	10
V	6593035	7
V	6593265	7
V	6593495	10
V	6593732	7
V	6593960	6
V	6594195	1
V	6594424	6
V	6594656	1
V	6594891	4
V	6595124	1
V	6595359	1
V	6595597	8
V	6595834	9
V	6596073	9
V	6596313	9
V	6596551	6
V	6596793	6
V	6597017	4
V	6597251	4
V	6597488	4
V	6597724	10
V	6597966	10
V	6598204	8
V	6598437	8
V	6598671	9
V	6598912	9
V	6599151	9
V	6599391	9
V	6599630	9
V	6599871	9
V	6600113	10
V	6600338	10
V	6600579	9
V	6600813	9
V	6601048	9
V	6601282	9
V	6601517	9
V	6601750	10
V	6601993	7
V	6602226	10
V	6602465	10
V	6602707	8
V	6602942	10
V	6603184	1
V	6603411	1
V	6603641	1
V	6603870	4
V	6604098	6
V	6604333	6
V	6604567	4
V	6604796	2
V	6605027	1
V	6605256	1
V	6605486	4
V	6605714	4
V	6605944	8
V	6606173	10
V	6606408	7
V	6606633	8
V	6606863	8
V	6607093	7
V	6607319	8
V	6607549	10
V	6607785	1
V	6608013	4
V	6608236	10
V	6608470	1
V	6608704	1
V	6608941	6
V	6609181	1
V	6609415	7
V	6609650	9
V	6609892	9
V	6610134	9
V	6610374	9
V	6610613	9
V	6610852	9
V	6611089	9
V	6611328	9
V	6611569	4
V	6611804	1
V	6612040	4
V	6612277	6
V	6612515	6
V	6612754	4
V	6612989	1
V	6613224	1
V	6613460	1
V	6613697	4
V	6613935	1
V	6614171	1
V	6614409	8
V	6614642	8
V	6614879	9
V	6615112	9
V	6615346	9
V	6615579	9
V	6615810	9
V	6616042	8
V	6616276	8
V	6616512	10
V	6616755	8
V	6616988	8
V	6617222	10
V	6617461	9
V	6617694	4
V	6617924	6
V	6618157	4
V	6618383	1
V	6618613	4
V	6618841	6
V	6619075	1
V	6619289	4
V	6619518	4
V	6619748	6
V	6619983	4
V	6620213	6
V	6620446	4
V	6620674	1
V	6620904	7
V	6621133	8
V	6621362	10
V	6621596	8
V	6621827	7
V	6622057	8
V	6622287	8
V	6622517	7
V	6622746	6
V	6622980	4
V	6623210	1
V	6623439	1
V	6623668	4
V	6623889	8
V	6624116	7
V	6624345	1
V	6624560	4
V	6624798	4
V	6625034	4
V	6625267	4
V	6625500	4
V	6625734	4
V	6625970	6
V	6626213	10
V	6626452	9
V	6626695	9
V	6626935	9
V	6627178	9
V	6627418	4
V	6627654	1
V	6627889	1
V	6628123	6
V	6628361	4
V	6628594	4
V	6628831	4
V	6629067	4
V	6629303	7
V	6629537	7
V	6629770	9
V	6630012	9
V	6630250	9
V	6630487	8
V	6630738	8
V	6630986	9
V	6631227	10
V	6631469	1
V	6631696	9
V	6631930	9
V	6632164	9
V	6632399	9
V	6632630	9
V	6632863	9
V	6633097	9
V	6633332	9
V	6633562	9
V	6633798	7
V	6634034	8
V	6634271	4
V	6634501	6
V	6634737	4
V	6634966	6
V	6635200	1
V	6635430	4
V	6635659	6
V	6635894	3
V	6636123	4
V	6636352	6
V	6636587	4
V	6636818	6
V	6637053	1
V	6637282	6
V	6637516	6
V	6637751	6
V	6637986	1
V	6638213	6
V	6638448	8
V	6638676	10
V	6638912	7
V	6639140	10
V	6639375	10
V	6639610	10
V	6639843	8
V	6640070	4
V	6640301	4
V	6640530	1
V	6640760	4
V	6640990	4
V	6641226	6
V	6641466	4
V	6641701	1
V	6641935	1
V	6642173	6
V	6642414	1
V	6642650	6
V	6642874	6
V	6643115	1
V	6643352	4
V	6643586	8
V	6643822	7
V	6644055	8
V	6644292	9
V	6644533	9
V	6644774	9
V	6645013	9
V	6645234	9
V	6645472	9
V	6645713	9
V	6645953	9
V	6646193	1
V	6646426	1
V	6646661	4
V	6646897	1
V	6647133	4
V	6647370	4
V	6647608	4
V	6647840	4
V	6648073	1
V	6648308	6
V	6648549	1
V	6648786	8
V	6649022	9
V	6649259	9
V	6649500	9
V	6649737	9
V	6649974	4
V	6650219	1
V	6650465	10
V	6650711	1
V	6650958	2
V	6651203	3
V	6651458	10
V	6651718	6
V	6651974	4
V	6652230	4
V	6652481	10
V	6652743	1
V	6652996	6
V	6653251	4
V	6653501	6
V	6653753	6
V	6654001	1
V	6654251	1
V	6654503	6
V	6654760	4
V	6655006	6
V	6655266	9
V	6655523	4
V	6655779	10
V	6656040	3
V	6656292	7
V	6656545	6
V	6656801	7
V	6657056	5
V	6657308	3
V	6657562	6
V	6657815	9
V	6658074	6
V	6658332	6
V	6658583	6
V	6658841	9
V	6659095	4
V	6659341	4
V	6659588	1
V	6659843	9
V	6660100	6
V	6660355	4
V	6660603	4
V	6660855	6
V	6661105	1
V	6661361	3
V	6661613	7
V	6661867	5
V	6662115	9
V	6662370	8
V	6662621	2
V	6662876	6
V	6663130	8
V	6663387	6
V	6663635	6
V	6663894	6
V	6664153	6
V	6664412	10
V	6664667	10
V	6664927	1
V	6665181	8
V	6665432	1
V	6665683	1
V	6665936	3
V	6666187	7
V	6666438	5
V	6666691	7
V	6666937	6
V	6667192	6
V	6667438	6
V	6667690	5
V	6667943	4
V	6668198	10
V	6668453	6
V	6668713	4
V	6668965	4
V	6669220	5
V	6669470	6
V	6669728	2
V	6669980	6
V	6670235	9
V	6670495	7
V	6670740	1
V	6670989	4
V	6671244	4
V	6671499	4
V	6671748	6
V	6672002	1
V	6672251	1
V	6672500	4
V	6672752	3
V	6673004	7
V	6673248	5
V	6673501	10
V	6673750	6
V	6674002	6
V	6674251	7
V	6674498	6
V	6674753	7
V	6674996	2
V	6675246	9
V	6675498	9
V	6675750	9
V	6676004	6
V	6676255	6
V	6676510	9
V	6676761	1
V	6677014	4
V	6677267	4
V	6677520	5
V	6677765	3
V	6678019	10
V	6678270	1
V	6678522	3
V	6678771	5
V	6679020	4
V	6679272	4
V	6679522	6
V	6679773	8
V	6680030	1
V	6680282	2
V	6680531	4
V	6680775	4
V	6681032	3
V	6681284	10
V	6681542	4
V	6681790	8
V	6682043	4
V	6682290	4
V	6682544	4
V	6682792	1
V	6683044	9
V	6683297	6
V	6683546	3
V	6683799	2
V	6684048	5
V	6684296	8
V	6684544	4
V	6684791	3
V	6685040	8
V	6685294	8
V	6685546	4
V	6685793	6
V	6686044	10
V	6686287	8
V	6686540	1
V	6686787	4
V	6687037	6
V	6687287	8
V	6687535	4
V	6687780	4
V	6688027	1
V	6688273	9
V	6688523	5
V	6688763	4
V	6689008	2
V	6689249	3
V	6689496	3
V	6689743	1
V	6689986	9
V	6690244	9
V	6690493	1
V	6690740	10
V	6690997	9
V	6691248	10
V	6691506	2
V	6691751	2
V	6691995	1
V	6692241	5
V	6692490	1
V	6692742	9
V	6692994	9
V	6693250	10
V	6693497	2
V	6693749	5
V	6694001	2
V	6694254	5
V	6694502	5
V	6694750	4
V	6695004	4
V	6695230	1
V	6695460	9
V	6695697	9
V	6695933	9
V	6696164	10
V	6696405	8
V	6696639	10
V	6696881	8
V	6697118	1
V	6697346	6
V	6697580	4
V	6697807	6
V	6698041	1
V	6698271	4
V	6698501	1
V	6698731	6
V	6698966	1
V	6699193	6
V	6699424	1
V	6699654	6
V	6699887	6
V	6700121	10
V	6700356	8
V	6700586	1
V	6700816	8
V	6701044	4
V	6701281	1
V	6701516	1
V	6701750	1
V	6701986	8
V	6702222	9
V	6702461	9
V	6702702	1
V	6702936	4
V	6703172	6
V	6703414	4
V	6703651	6
V	6703893	8
V	6704128	8
V	6704366	7
V	6704602	10
V	6704841	7
V	6705075	7
V	6705312	9
V	6705550	9
V	6705785	9
V	6706023	9
V	6706266	1
V	6706492	9
V	6706725	9
V	6706961	9
V	6707197	9
V	6707431	9
V	6707666	10
V	6707909	10
V	6708147	10
V	6708389	7
V	6708608	8
V	6708841	7
V	6709074	6
V	6709306	6
V	6709542	6
V	6709777	4
V	6710006	1
V	6710231	6
V	6710466	4
V	6710699	1
V	6710927	1
V	6711154	1
V	6711383	1
V	6711612	4
V	6711838	1
V	6712064	6
V	6712301	6
V	6712535	7
V	6712747	8
V	6712977	8
V	6713205	7
V	6713436	10
V	6713672	8
V	6713902	10
V	6714136	6
V	6714363	6
V	6714598	4
V	6714810	6
V	6715044	7
V	6715270	4
V	6715502	7
V	6715732	1
V	6715969	1
V	6716204	1
V	6716436	4
V	6716669	10
V	6716908	9
V	6717149	9
V	6717391	9
V	6717631	9
V	6717872	1
V	6718105	1
V	6718339	4
V	6718572	6
V	6718814	4
V	6719051	1
V	6719288	1
V	6719507	10
V	6719745	9
V	6719983	9
V	6720220	9
V	6720458	9
V	6720679	4
V	6720907	1
V	6721137	9
V	6721372	9
V	6721589	9
V	6721823	7
V	6722059	10
V	6722301	10
V	6722540	10
V	6722783	10
V	6723024	10
V	6723268	8
V	6723505	1
V	6723734	4
V	6723964	1
V	6724194	1
V	6724422	4
V	6724653	6
V	6724888	6
V	6725122	6
V	6725360	6
V	6725595	4
V	6725823	1
V	6726051	1
V	6726279	6
V	6726513	4
V	6726740	1
V	6726969	6
V	6727204	8
V	6727434	8
V	6727660	8
V	6727890	8
V	6728117	4
V	6728353	4
V	6728585	4
V	6728821	7
V	6729056	10
V	6729295	9
V	6729518	9
V	6729757	9
V	6729995	9
V	6730235	9
V	6730476	9
V	6730714	9
V	6730956	9
V	6731198	9
V	6731439	4
V	6731674	6
V	6731917	6
V	6732154	4
V	6732387	4
V	6732618	4
V	6732851	4
V	6733087	4
V	6733323	4
V	6733559	1
V	6733796	8
V	6734033	7
V	6734269	8
V	6734503	7
V	6734736	10
V	6734975	7
V	6735208	7
V	6735441	9
V	6735680	9
V	6735918	9
V	6736138	9
V	6736379	9
V	6736614	9
V	6736848	9
V	6737078	9
V	6737311	9
V	6737547	9
V	6737779	9
V	6738011	7
V	6738245	9
V	6738480	10
V	6738719	7
V	6738953	8
V	6739189	8
V	6739425	7
V	6739661	8
V	6739894	6
V	6740126	1
V	6740355	6
V	6740589	6
V	6740823	1
V	6741053	6
V	6741289	1
V	6741519	6
V	6741756	6
V	6741993	1
V	6742219	7
V	6742450	7
V	6742681	10
V	6742916	10
V	6743151	4
V	6743380	4
V	6743612	7
V	6743838	4
V	6744071	1
V	6744305	1
V	6744540	7
V	6744772	8
V	6745004	9
V	6745244	9
V	6745484	9
V	6745723	9
V	6745962	9
V	6746200	6
V	6746438	1
V	6746674	1
V	6746911	1
V	6747145	4
V	6747379	4
V	6747614	6
V	6747855	1
V	6748090	6
V	6748326	7
V	6748563	8
V	6748798	7
V	6749035	9
V	6749276	9
V	6749500	6
V	6749733	6
V	6749967	9
V	6750202	4
V	6750419	1
V	6750638	9
V	6750873	9
V	6751108	9
V	6751343	10
V	6751586	10
V	6751830	8
V	6752066	8
V	6752303	7
V	6752537	1
V	6752766	1
V	6752994	6
V	6753210	1
V	6753436	6
V	6753671	4
V	6753901	6
V	6754131	4
V	6754356	1
V	6754582	6
V	6754813	1
V	6755039	1
V	6755269	6
V	6755503	4
V	6755732	6
V	6755967	1
V	6756198	1
V	6756425	1
V	6756654	4
V	6756882	6
V	6757117	10
V	6757351	8
V	6757581	7
V	6757811	7
V	6758039	7
V	6758268	10
V	6758500	7
V	6758727	10
V	6758963	10
V	6759198	7
V	6759427	8
V	6759654	8
V	6759884	7
V	6760114	10
V	6760352	7
V	6760581	7
V	6760811	7
V	6761041	8
V	6761271	10
V	6761505	6
V	6761744	1
V	6761981	1
V	6762218	1
V	6762452	4
V	6762688	4
V	6762923	8
V	6763155	10
V	6763395	7
V	6763626	10
V	6763869	8
V	6764105	9
V	6764346	9
V	6764584	9
V	6764822	9
V	6765063	9
V	6765304	9
V	6765546	4
V	6765783	1
V	6766018	1
V	6766252	4
V	6766486	6
V	6766728	1
V	6766962	1
V	6767196	8
V	6767434	7
V	6767670	7
V	6767906	8
V	6768142	8
V	6768375	9
V	6768595	9
V	6768837	9
V	6769075	9
V	6769312	9
V	6769551	8
V	6769789	9
V	6770022	9
V	6770257	9
V	6770491	9
V	6770723	9
V	6770957	9
V	6771191	9
V	6771425	9
V	6771660	7
V	6771896	10
V	6772138	10
V	6772379	8
V	6772613	7
V	6772843	8
V	6773080	10
V	6773322	1
V	6773552	4
V	6773781	1
V	6774009	1
V	6774238	1
V	6774467	4
V	6774697	4
V	6774926	6
V	6775163	6
V	6775398	6
V	6775629	4
V	6775859	1
V	6776089	6
V	6776324	6
V	6776556	6
V	6776788	1
V	6777019	4
V	6777249	4
V	6777478	10
V	6777713	7
V	6777943	10
V	6778178	7
V	6778409	10
V	6778645	10
V	6778882	1
V	6779113	4
V	6779345	4
V	6779575	6
V	6779806	4
V	6780042	4
V	6780278	4
V	6780511	1
V	6780746	4
V	6780983	4
V	6781219	6
V	6781460	8
V	6781692	7
V	6781929	9
V	6782170	9
V	6782411	9
V	6782653	9
V	6782893	9
V	6783135	9
V	6783375	9
V	6783614	4
V	6783849	9
V	6784091	9
V	6784334	4
V	6784567	4
V	6784803	4
V	6785040	6
V	6785280	1
V	6785514	4
V	6785748	6
V	6785987	4
V	6786220	4
V	6786454	4
V	6786690	1
V	6786925	6
V	6787166	1
V	6787403	1
V	6787641	7
V	6787860	10
V	6788101	8
V	6788335	10
V	6788574	10
V	6788814	8
V	6789045	9
V	6789284	9
V	6789523	9
V	6789762	9
V	6790003	9
V	6790235	9
V	6790468	9
V	6790702	9
V	6790936	9
V	6791170	9
V	6791403	8
V	6791638	10
V	6791875	7
V	6792113	10
V	6792356	1
V	6792586	6
V	6792820	6
V	6793054	4
V	6793282	4
V	6793512	1
V	6793741	1
V	6793968	6
V	6794200	4
V	6794429	4
V	6794656	6
V	6794888	4
V	6795117	10
V	6795354	7
V	6795588	8
V	6795817	7
V	6796044	7
V	6796279	10
V	6796514	7
V	6796725	7
V	6796937	10
V	6797173	4
V	6797403	4
V	6797625	1
V	6797855	6
V	6798091	8
V	6798321	4
V	6798558	1
V	6798792	6
V	6799030	1
V	6799264	4
V	6799500	4
V	6799735	4
V	6799971	4
V	6800206	1
V	6800442	1
V	6800680	4
V	6800914	4
V	6801148	1
V	6801385	4
V	6801622	4
V	6801858	10
V	6802098	8
V	6802334	9
V	6802574	9
V	6802815	9
V	6803056	9
V	6803297	9
V	6803539	9
V	6803779	9
V	6804019	4
V	6804251	6
V	6804493	6
V	6804732	6
V	6804973	1
V	6805210	1
V	6805446	6
V	6805687	6
V	6805925	4
V	6806160	4
V	6806394	4
V	6806629	4
V	6806847	4
V	6807065	6
V	6807308	10
V	6807550	8
V	6807783	10
V	6808025	7
V	6808258	9
V	6808500	9
V	6808738	9
V	6808977	1
V	6809194	9
V	6809430	9
V	6809665	9
V	6809899	9
V	6810133	9
V	6810366	9
V	6810599	9
V	6810832	9
V	6811055	10
V	6811296	8
V	6811531	8
V	6811764	9
V	6811997	4
V	6812228	6
V	6812464	4
V	6812694	4
V	6812923	6
V	6813156	4
V	6813386	1
V	6813617	4
V	6813829	1
V	6814058	6
V	6814290	4
V	6814521	4
V	6814749	1
V	6814979	10
V	6815212	7
V	6815442	10
V	6815679	8
V	6815908	10
V	6816142	10
V	6816377	10
V	6816611	8
V	6816838	10
V	6817069	1
V	6817298	4
V	6817528	1
V	6817758	6
V	6817990	1
V	6818227	4
V	6818461	4
V	6818692	4
V	6818930	1
V	6819164	9
V	6819405	9
V	6819645	9
V	6819887	9
V	6820127	9
V	6820368	9
V	6820610	9
V	6820850	9
V	6821090	9
V	6821327	9
V	6821567	9
V	6821804	9
V	6822044	1
V	6822279	4
V	6822512	6
V	6822753	4
V	6822987	1
V	6823220	1
V	6823455	1
V	6823691	6
V	6823934	1
V	6824170	1
V	6824407	1
V	6824644	10
V	6824886	10
V	6825129	10
V	6825369	8
V	6825603	8
V	6825840	9
V	6826078	9
V	6826315	9
V	6826558	9
V	6826794	9
V	6827026	9
V	6827257	9
V	6827492	9
V	6827729	7
V	6827960	10
V	6828202	1
V	6828432	4
V	6828658	1
V	6828886	6
V	6829122	6
V	6829355	6
V	6829573	1
V	6829803	4
V	6830031	1
V	6830260	1
V	6830487	4
V	6830716	4
V	6830947	4
V	6831175	6
V	6831409	7
V	6831639	8
V	6831868	8
V	6832080	10
V	6832298	8
V	6832524	10
V	6832760	10
V	6832978	10
V	6833214	1
V	6833447	1
V	6833681	4
V	6833916	4
V	6834153	1
V	6834386	4
V	6834623	4
V	6834858	6
V	6835100	4
V	6835336	1
V	6835571	4
V	6835806	9
V	6836045	9
V	6836285	9
V	6836525	9
V	6836765	9
V	6837004	9
V	6837245	9
V	6837487	9
V	6837725	1
V	6837960	4
V	6838197	4
V	6838434	6
V	6838676	6
V	6838917	1
V	6839150	4
V	6839385	1
V	6839617	4
V	6839832	4
V	6840067	6
V	6840306	8
V	6840543	8
V	6840777	7
V	6841013	10
V	6841254	8
V	6841486	7
V	6841720	10
V	6841961	9
V	6842201	9
V	6842435	9
V	6842652	9
V	6842884	9
V	6843114	9
V	6843346	10
V	6843587	8
V	6843823	7
V	6844060	8
V	6844295	7
V	6844531	7
V	6844750	7
V	6844987	8
V	6845222	7
V	6845456	4
V	6845684	1
V	6845911	1
V	6846141	4
V	6846371	1
V	6846599	6
V	6846833	4
V	6847062	4
V	6847292	1
V	6847523	4
V	6847753	4
V	6847987	4
V	6848214	4
V	6848445	6
V	6848679	7
V	6848910	8
V	6849140	10
V	6849376	10
V	6849610	6
V	6849844	6
V	6850080	4
V	6850313	1
V	6850546	4
V	6850781	4
V	6851017	1
V	6851252	8
V	6851485	9
V	6851708	9
V	6851948	9
V	6852189	9
V	6852430	9
V	6852667	4
V	6852883	1
V	6853118	6
V	6853358	4
V	6853590	1
V	6853825	1
V	6854061	4
V	6854296	1
V	6854515	1
V	6854750	4
V	6854987	10
V	6855230	9
V	6855468	9
V	6855708	9
V	6855949	9
V	6856181	9
V	6856415	9
V	6856651	9
V	6856886	9
V	6857120	7
V	6857355	9
V	6857591	7
V	6857828	8
V	6858064	7
V	6858300	10
V	6858539	8
V	6858772	7
V	6859008	8
V	6859243	10
V	6859485	10
V	6859728	8
V	6859964	8
V	6860199	8
V	6860435	10
V	6860673	7
V	6860905	10
V	6861143	1
V	6861370	6
V	6861606	4
V	6861835	6
V	6862069	6
V	6862304	4
V	6862534	6
V	6862768	6
V	6863006	4
V	6863235	4
V	6863462	1
V	6863692	6
V	6863927	10
V	6864162	8
V	6864392	10
V	6864629	10
V	6864865	7
V	6865094	10
V	6865326	8
V	6865537	7
V	6865764	1
V	6865993	4
V	6866219	4
V	6866448	3
V	6866677	6
V	6866912	6
V	6867146	10
V	6867379	7
V	6867607	10
V	6867843	4
V	6868076	4
V	6868309	1
V	6868525	4
V	6868759	4
V	6868990	1
V	6869226	4
V	6869463	7
V	6869697	9
V	6869938	9
V	6870180	9
V	6870420	9
V	6870661	9
V	6870884	9
V	6871124	9
V	6871362	9
V	6871604	9
V	6871846	9
V	6872084	9
V	6872326	6
V	6872565	4
V	6872801	4
V	6873038	1
V	6873272	6
V	6873510	4
V	6873744	4
V	6873979	8
V	6874214	7
V	6874450	7
V	6874668	7
V	6874901	8
V	6875131	10
V	6875373	9
V	6875611	9
V	6875849	9
V	6876089	9
V	6876326	9
V	6876567	9
V	6876809	9
V	6877050	9
V	6877293	9
V	6877528	9
V	6877763	9
V	6877994	9
V	6878217	9
V	6878451	8
V	6878684	10
V	6878922	10
V	6879161	7
V	6879395	4
V	6879622	4
V	6879852	6
V	6880086	4
V	6880312	1
V	6880542	1
V	6880772	6
V	6881009	6
V	6881244	1
V	6881474	4
V	6881701	1
V	6881927	4
V	6882154	1
V	6882384	4
V	6882613	4
V	6882842	10
V	6883076	7
V	6883306	10
V	6883541	7
V	6883771	7
V	6883998	10
V	6884231	10
V	6884466	7
V	6884695	6
V	6884912	6
V	6885146	6
V	6885377	4
V	6885614	4
V	6885845	1
V	6886081	4
V	6886318	4
V	6886554	7
V	6886791	9
V	6887028	9
V	6887269	9
V	6887511	1
V	6887744	6
V	6887984	4
V	6888221	4
V	6888458	1
V	6888691	6
V	6888934	1
V	6889172	10
V	6889415	10
V	6889656	10
V	6889895	9
V	6890136	9
V	6890377	9
V	6890616	9
V	6890851	9
V	6891085	9
V	6891322	9
V	6891555	8
V	6891791	10
V	6892033	8
V	6892266	8
V	6892501	8
V	6892735	6
V	6892970	6
V	6893202	1
V	6893437	6
V	6893672	4
V	6893901	4
V	6894130	6
V	6894363	4
V	6894592	1
V	6894822	4
V	6895050	1
V	6895279	6
V	6895514	4
V	6895745	6
V	6895980	4
V	6896211	1
V	6896440	8
V	6896670	10
V	6896904	7
V	6897133	10
V	6897368	1
V	6897597	4
V	6897829	6
V	6898069	4
V	6898305	1
V	6898541	10
V	6898778	8
V	6899014	9
V	6899256	9
V	6899499	9
V	6899741	9
V	6899980	9
V	6900220	1
V	6900458	6
V	6900696	6
V	6900936	6
V	6901178	4
V	6901411	4
V	6901644	1
V	6901880	1
V	6902115	8
V	6902353	10
V	6902594	8
V	6902828	10
V	6903068	10
V	6903307	10
V	6903548	10
V	6903791	9
V	6904032	9
V	6904268	9
V	6904510	9
V	6904752	9
V	6904993	8
V	6905230	9
V	6905472	1
V	6905700	9
V	6905936	9
V	6906170	9
V	6906406	9
V	6906641	9
V	6906875	9
V	6907095	9
V	6907329	9
V	6907564	9
V	6907797	9
V	6908031	8
V	6908268	8
V	6908501	7
V	6908734	10
V	6908975	8
V	6909213	8
V	6909447	10
V	6909690	8
V	6909928	10
V	6910170	10
V	6910408	4
V	6910638	6
V	6910874	1
V	6911103	4
V	6911332	6
V	6911565	1
V	6911795	4
V	6912023	6
V	6912260	6
V	6912491	1
V	6912722	6
V	6912957	1
V	6913184	6
V	6913415	1
V	6913644	4
V	6913874	8
V	6914102	10
V	6914333	8
V	6914562	7
V	6914791	10
V	6915025	8
V	6915253	7
V	6915482	7
V	6915717	8
V	6915945	7
V	6916175	1
V	6916403	4
V	6916623	6
V	6916858	1
V	6917088	1
V	6917317	1
V	6917544	7
V	6917774	4
V	6918010	1
V	6918245	4
V	6918479	4
V	6918714	4
V	6918950	6
V	6919191	10
V	6919416	10
V	6919658	8
V	6919891	9
V	6920132	9
V	6920373	9
V	6920612	9
V	6920852	9
V	6921093	9
V	6921332	9
V	6921570	9
V	6921812	9
V	6922053	1
V	6922290	4
V	6922526	4
V	6922758	4
V	6922993	1
V	6923228	4
V	6923463	4
V	6923698	4
V	6923934	6
V	6924175	4
V	6924394	1
V	6924631	1
V	6924867	1
V	6925103	1
V	6925339	4
V	6925575	4
V	6925812	1
V	6926049	10
V	6926292	7
V	6926528	7
V	6926765	10
V	6927007	7
V	6927243	10
V	6927483	10
V	6927724	10
V	6927947	8
V	6928181	8
V	6928415	7
V	6928648	9
V	6928888	9
V	6929127	9
V	6929365	4
V	6929592	4
V	6929801	6
V	6930034	4
V	6930262	9
V	6930497	9
V	6930731	9
V	6930966	9
V	6931200	9
V	6931435	9
V	6931667	9
V	6931898	9
V	6932128	8
V	6932363	10
V	6932600	8
V	6932836	8
V	6933073	10
V	6933315	7
V	6933531	10
V	6933771	1
V	6934000	9
V	6934232	4
V	6934459	6
V	6934694	4
V	6934921	6
V	6935155	1
V	6935384	4
V	6935614	4
V	6935843	1
V	6936073	6
V	6936306	6
V	6936536	6
V	6936771	1
V	6936996	1
V	6937223	1
V	6937449	4
V	6937677	7
V	6937906	10
V	6938139	8
V	6938366	10
V	6938601	10
V	6938838	7
V	6939068	7
V	6939298	7
V	6939526	8
V	6939756	4
V	6939985	4
V	6940218	7
V	6940447	6
V	6940685	4
V	6940923	4
V	6941161	4
V	6941398	4
V	6941634	6
V	6941876	4
V	6942112	7
V	6942347	7
V	6942580	10
V	6942822	7
V	6943058	9
V	6943300	9
V	6943540	9
V	6943779	9
V	6944018	4
V	6944253	1
V	6944489	1
V	6944721	4
V	6944955	7
V	6945190	8
V	6945425	7
V	6945660	10
V	6945901	8
V	6946136	10
V	6946379	8
V	6946615	8
V	6946851	10
V	6947093	9
V	6947332	9
V	6947572	9
V	6947809	9
V	6948050	4
V	6948277	4
V	6948505	9
V	6948739	9
V	6948977	9
V	6949212	9
V	6949445	9
V	6949678	10
V	6949920	7
V	6950157	7
V	6950391	10
V	6950630	7
V	6950867	7
V	6951086	8
V	6951319	1
V	6951549	6
V	6951784	1
V	6952014	1
V	6952244	1
V	6952475	6
V	6952710	4
V	6952941	6
V	6953177	6
V	6953411	4
V	6953638	1
V	6953868	6
V	6954102	10
V	6954338	7
V	6954569	7
V	6954802	10
V	6955038	8
V	6955268	8
V	6955501	7
V	6955730	4
V	6955952	1
V	6956182	10
V	6956417	4
V	6956654	6
V	6956897	8
V	6957130	7
V	6957366	9
V	6957606	9
V	6957844	9
V	6958085	4
V	6958323	1
V	6958559	4
V	6958793	6
V	6959031	4
V	6959267	4
V	6959503	1
V	6959739	1
V	6959972	6
V	6960209	4
V	6960443	4
V	6960680	1
V	6960915	1
V	6961149	8
V	6961384	7
V	6961619	8
V	6961854	10
V	6962094	10
V	6962333	8
V	6962569	9
V	6962807	9
V	6963045	9
V	6963286	9
V	6963529	9
V	6963769	9
V	6964003	9
V	6964238	9
V	6964472	9
V	6964705	9
V	6964940	9
V	6965176	9
V	6965410	9
V	6965644	9
V	6965879	10
V	6966117	10
V	6966354	10
V	6966596	10
V	6966836	10
V	6967079	10
V	6967322	7
V	6967559	10
V	6967800	8
V	6968032	7
V	6968248	6
V	6968484	1
V	6968714	4
V	6968944	4
V	6969173	6
V	6969407	1
V	6969619	4
V	6969850	1
V	6970080	4
V	6970309	6
V	6970545	1
V	6970775	6
V	6971009	1
V	6971239	1
V	6971469	4
V	6971699	4
V	6971929	4
V	6972162	1
V	6972389	1
V	6972615	1
V	6972841	10
V	6973074	8
V	6973304	10
V	6973537	7
V	6973767	8
V	6973997	8
V	6974228	10
V	6974463	10
V	6974696	8
V	6974927	10
V	6975163	8
V	6975392	4
V	6975629	1
V	6975866	4
V	6976103	4
V	6976336	4
V	6976570	1
V	6976807	4
V	6977044	6
V	6977285	1
V	6977522	7
V	6977755	9
V	6977996	9
V	6978234	9
V	6978469	9
V	6978708	4
V	6978944	4
V	6979180	1
V	6979417	6
V	6979657	1
V	6979888	1
V	6980122	1
V	6980355	6
V	6980595	4
V	6980831	10
V	6981074	10
V	6981314	8
V	6981550	7
V	6981786	9
V	6982021	9
V	6982264	9
V	6982502	9
V	6982740	9
V	6982977	9
V	6983216	9
V	6983457	6
V	6983680	6
V	6983894	9
V	6984127	9
V	6984361	7
V	6984597	8
V	6984832	8
V	6985064	7
V	6985300	10
V	6985539	4
V	6985766	4
V	6985995	4
V	6986222	6
V	6986457	6
V	6986691	6
V	6986923	4
V	6987154	6
V	6987383	6
V	6987619	4
V	6987850	4
V	6988079	4
V	6988308	6
V	6988541	6
V	6988774	4
V	6989004	4
V	6989234	4
V	6989467	6
V	6989701	8
V	6989922	10
V	6990143	8
V	6990372	10
V	6990608	7
V	6990838	10
V	6991074	8
V	6991301	6
V	6991536	4
V	6991764	4
V	6991976	8
V	6992203	10
V	6992436	10
V	6992670	4
V	6992903	4
V	6993139	6
V	6993379	4
V	6993615	6
V	6993854	4
V	6994087	1
V	6994302	1
V	6994539	4
V	6994775	1
V	6995010	7
V	6995244	10
V	6995486	9
V	6995727	9
V	6995967	9
V	6996204	1
V	6996421	9
V	6996663	4
V	6996893	1
V	6997129	1
V	6997363	6
V	6997586	4
V	6997820	1
V	6998056	4
V	6998293	10
V	6998535	7
V	6998771	8
V	6999003	8
V	6999236	9
V	6999473	9
V	6999713	9
V	6999949	9
V	7000191	6
V	7000413	4
V	7000640	1
V	7000873	9
V	7001108	9
V	7001337	9
V	7001570	9
V	7001802	9
V	7002033	7
V	7002270	10
V	7002508	7
V	7002746	7
V	7002983	7
V	7003220	10
V	7003462	10
V	7003705	4
V	7003934	1
V	7004161	6
V	7004395	6
V	7004629	6
V	7004863	6
V	7005097	1
V	7005324	1
V	7005553	6
V	7005791	6
V	7006027	4
V	7006257	1
V	7006486	6
V	7006720	4
V	7006946	4
V	7007172	1
V	7007400	2
V	7007630	6
V	7007865	6
V	7008100	7
V	7008329	7
V	7008559	7
V	7008788	10
V	7009021	7
V	7009247	10
V	7009481	8
V	7009711	1
V	7009942	4
V	7010174	6
V	7010409	4
V	7010638	4
V	7010874	4
V	7011111	4
V	7011347	1
V	7011582	4
V	7011815	4
V	7012048	1
V	7012284	10
V	7012527	9
V	7012751	9
V	7012991	9
V	7013231	9
V	7013470	1
V	7013705	1
V	7013938	4
V	7014173	4
V	7014407	1
V	7014641	4
V	7014875	4
V	7015111	4
V	7015347	10
V	7015589	7
V	7015826	10
V	7016068	10
V	7016309	7
V	7016546	8
V	7016779	10
V	7017020	8
V	7017252	8
V	7017484	10
V	7017727	10
V	7017968	9
V	7018205	9
V	7018446	9
V	7018689	9
V	7018928	9
V	7019170	9
V	7019412	9
V	7019647	9
V	7019881	9
V	7020115	9
V	7020349	9
V	7020584	9
V	7020818	9
V	7021052	9
V	7021287	7
V	7021522	7
V	7021757	10
V	7021999	8
V	7022235	7
V	7022471	6
V	7022704	6
V	7022938	1
V	7023165	4
V	7023393	4
V	7023622	1
V	7023851	1
V	7024083	6
V	7024321	1
V	7024548	1
V	7024777	1
V	7025005	1
V	7025235	8
V	7025466	10
V	7025701	10
V	7025937	8
V	7026167	10
V	7026402	10
V	7026638	10
V	7026874	7
V	7027104	10
V	7027340	7
V	7027569	7
V	7027799	6
V	7028031	1
V	7028260	4
V	7028494	4
V	7028731	1
V	7028966	4
V	7029201	10
V	7029441	10
V	7029681	8
V	7029915	9
V	7030156	9
V	7030397	9
V	7030640	9
V	7030882	9
V	7031124	9
V	7031364	9
V	7031603	9
V	7031841	9
V	7032079	9
V	7032319	9
V	7032558	9
V	7032799	1
V	7033036	4
V	7033268	6
V	7033507	1
V	7033742	1
V	7033960	4
V	7034193	1
V	7034426	4
V	7034659	4
V	7034891	4
V	7035125	4
V	7035361	1
V	7035595	6
V	7035835	4
V	7036054	10
V	7036289	9
V	7036528	9
V	7036765	9
V	7036999	9
V	7037234	9
V	7037467	9
V	7037699	9
V	7037935	9
V	7038167	10
V	7038407	10
V	7038643	8
V	7038875	7
V	7039111	10
V	7039353	10
V	7039595	8
V	7039830	10
V	7040072	8
V	7040309	7
V	7040543	4
V	7040767	1
V	7041000	6
V	7041232	4
V	7041459	1
V	7041688	4
V	7041917	4
V	7042146	1
V	7042377	6
V	7042612	4
V	7042841	6
V	7043073	4
V	7043303	4
V	7043534	4
V	7043765	6
V	7043999	1
V	7044227	4
V	7044455	1
V	7044687	1
V	7044914	6
V	7045147	4
V	7045360	10
V	7045594	4
V	7045822	6
V	7046057	7
V	7046286	7
V	7046515	8
V	7046744	8
V	7046974	10
V	7047209	7
V	7047438	8
V	7047666	8
V	7047895	1
V	7048125	10
V	7048358	6
V	7048593	1
V	7048828	4
V	7049063	1
V	7049290	4
V	7049524	4
V	7049743	10
V	7049985	9
V	7050226	9
V	7050462	9
V	7050703	9
V	7050944	9
V	7051185	9
V	7051424	9
V	7051663	1
V	7051898	4
V	7052133	4
V	7052367	6
V	7052606	4
V	7052838	4
V	7053074	1
V	7053308	6
V	7053548	4
V	7053781	4
V	7054014	6
V	7054253	6
V	7054496	1
V	7054731	1
V	7054968	4
V	7055204	8
V	7055439	7
V	7055673	8
V	7055906	10
V	7056147	8
V	7056380	7
V	7056616	9
V	7056837	9
V	7057077	9
V	7057316	9
V	7057554	9
V	7057796	9
V	7058036	9
V	7058275	9
V	7058509	9
V	7058743	8
V	7058978	10
V	7059220	10
V	7059463	7
V	7059697	10
V	7059939	7
V	7060175	7
V	7060411	8
V	7060647	8
V	7060885	4
V	7061112	4
V	7061341	6
V	7061576	6
V	7061811	1
V	7062041	1
V	7062271	4
V	7062501	4
V	7062734	1
V	7062960	1
V	7063190	4
V	7063419	4
V	7063649	1
V	7063881	6
V	7064113	1
V	7064344	1
V	7064573	6
V	7064810	4
V	7065037	1
V	7065267	6
V	7065502	1
V	7065732	1
V	7065945	1
V	7066175	4
V	7066405	8
V	7066636	8
V	7066870	7
V	7067099	8
V	7067327	7
V	7067556	8
V	7067785	8
V	7068014	7
V	7068244	10
V	7068480	8
V	7068709	10
V	7068946	6
V	7069155	1
V	7069385	4
V	7069613	4
V	7069849	1
V	7070085	4
V	7070320	4
V	7070557	4
V	7070792	4
V	7071026	4
V	7071261	4
V	7071497	1
V	7071733	9
V	7071971	9
V	7072211	9
V	7072451	9
V	7072673	9
V	7072915	1
V	7073148	4
V	7073384	1
V	7073621	1
V	7073855	4
V	7074071	4
V	7074307	1
V	7074542	6
V	7074783	1
V	7075020	9
V	7075257	9
V	7075498	9
V	7075730	4
V	7075962	9
V	7076196	9
V	7076429	9
V	7076663	9
V	7076898	9
V	7077130	9
V	7077366	7
V	7077602	10
V	7077841	7
V	7078078	8
V	7078314	1
V	7078541	6
V	7078776	4
V	7079006	6
V	7079240	4
V	7079469	6
V	7079702	6
V	7079933	1
V	7080161	4
V	7080390	1
V	7080619	1
V	7080848	6
V	7081083	6
V	7081317	7
V	7081546	7
V	7081776	10
V	7082012	8
V	7082241	10
V	7082478	10
V	7082714	4
V	7082945	6
V	7083173	6
V	7083407	8
V	7083634	10
V	7083867	1
V	7084102	4
V	7084337	4
V	7084571	10
V	7084814	9
V	7085053	9
V	7085288	1
V	7085524	4
V	7085760	4
V	7085997	4
V	7086232	1
V	7086463	1
V	7086696	6
V	7086933	6
V	7087173	8
V	7087411	7
V	7087648	7
V	7087883	10
V	7088105	10
V	7088344	8
V	7088577	7
V	7088814	7
V	7089051	9
V	7089292	9
V	7089531	9
V	7089770	9
V	7090010	9
V	7090248	9
V	7090488	1
V	7090718	9
V	7090954	9
V	7091188	9
V	7091423	9
V	7091658	9
V	7091892	9
V	7092124	9
V	7092357	9
V	7092588	9
V	7092805	9
V	7093037	9
V	7093271	10
V	7093514	10
V	7093755	7
V	7093991	8
V	7094227	7
V	7094464	10
V	7094706	8
V	7094943	10
V	7095184	1
V	7095413	4
V	7095642	6
V	7095873	4
V	7096102	6
V	7096337	1
V	7096567	1
V	7096796	1
V	7097026	4
V	7097255	1
V	7097483	1
V	7097714	6
V	7097949	7
V	7098174	7
V	7098404	10
V	7098639	7
V	7098869	8
V	7099081	7
V	7099312	6
V	7099546	1
V	7099775	1
V	7100005	4
V	7100233	10
V	7100466	7
V	7100695	1
V	7100928	1
V	7101164	10
V	7101406	9
V	7101646	9
V	7101886	9
V	7102127	9
V	7102369	9
V	7102609	4
V	7102846	4
V	7103084	1
V	7103321	1
V	7103557	4
V	7103793	6
V	7104034	4
V	7104267	4
V	7104499	6
V	7104737	4
V	7104970	4
V	7105206	7
V	7105443	10
V	7105686	7
V	7105919	9
V	7106157	9
V	7106394	9
V	7106633	9
V	7106874	9
V	7107113	9
V	7107350	9
V	7107592	9
V	7107833	9
V	7108068	9
V	7108303	9
V	7108538	9
V	7108772	9
V	7109011	9
V	7109227	10
V	7109470	7
V	7109707	10
V	7109931	10
V	7110172	8
V	7110408	6
V	7110642	6
V	7110877	1
V	7111106	4
V	7111335	4
V	7111560	4
V	7111785	6
V	7112020	1
V	7112250	4
V	7112481	6
V	7112715	6
V	7112951	6
V	7113185	4
V	7113417	6
V	7113650	6
V	7113886	4
V	7114113	1
V	7114344	1
V	7114571	4
V	7114782	10
V	7115020	10
V	7115256	8
V	7115483	7
V	7115692	7
V	7115920	1
V	7116152	1
V	7116385	1
V	7116621	1
V	7116852	4
V	7117088	4
V	7117325	10
V	7117568	10
V	7117808	8
V	7118041	9
V	7118282	9
V	7118523	9
V	7118765	9
V	7119005	9
V	7119245	9
V	7119486	9
V	7119728	4
V	7119961	1
V	7120195	1
V	7120431	4
V	7120662	4
V	7120897	4
V	7121129	4
V	7121367	7
V	7121603	10
V	7121845	7
V	7122081	10
V	7122324	7
V	7122559	7
V	7122790	10
V	7123029	7
V	7123261	8
V	7123496	9
V	7123737	9
V	7123979	9
V	7124219	9
V	7124461	9
V	7124699	9
V	7124941	10
V	7125181	6
V	7125415	9
V	7125650	9
V	7125884	9
V	7126118	9
V	7126352	9
V	7126588	9
V	7126819	9
V	7127058	9
V	7127290	9
V	7127524	9
V	7127759	7
V	7127996	10
V	7128236	8
V	7128466	7
V	7128701	10
V	7128944	8
V	7129162	1
V	7129389	1
V	7129619	4
V	7129848	6
V	7130084	6
V	7130317	4
V	7130545	4
V	7130772	6
V	7131001	4
V	7131231	4
V	7131461	1
V	7131691	6
V	7131910	6
V	7132148	6
V	7132383	6
V	7132618	6
V	7132855	4
V	7133067	8
V	7133297	8
V	7133527	7
V	7133755	10
V	7133991	7
V	7134220	10
V	7134453	8
V	7134682	10
V	7134919	4
V	7135148	6
V	7135374	10
V	7135610	1
V	7135846	6
V	7136086	4
V	7136322	4
V	7136555	4
V	7136791	4
V	7137026	4
V	7137262	6
V	7137502	10
V	7137742	9
V	7137982	9
V	7138221	9
V	7138459	1
V	7138697	6
V	7138939	4
V	7139176	4
V	7139413	4
V	7139650	6
V	7139888	4
V	7140121	1
V	7140356	6
V	7140595	4
V	7140830	4
V	7141066	4
V	7141302	8
V	7141540	7
V	7141774	8
V	7142011	8
V	7142244	7
V	7142472	8
V	7142708	9
V	7142947	9
V	7143186	9
V	7143427	6
V	7143662	9
V	7143896	9
V	7144131	9
V	7144365	9
V	7144600	10
V	7144842	10
V	7145084	7
V	7145319	7
V	7145552	6
V	7145785	6
V	7146018	1
V	7146247	1
V	7146477	1
V	7146706	1
V	7146935	1
V	7147161	4
V	7147389	4
V	7147619	6
V	7147855	1
V	7148087	1
V	7148313	4
V	7148544	6
V	7148776	4
V	7149002	6
V	7149237	1
V	7149467	4
V	7149694	1
V	7149923	4
V	7150149	8
V	7150379	10
V	7150615	8
V	7150844	10
V	7151079	8
V	7151306	8
V	7151536	10
V	7151772	4
V	7151993	6
V	7152228	1
V	7152438	7
V	7152667	4
V	7152903	1
V	7153138	4
V	7153373	4
V	7153605	6
V	7153843	4
V	7154080	10
V	7154302	8
V	7154536	9
V	7154778	9
V	7155019	9
V	7155261	9
V	7155503	9
V	7155744	9
V	7155981	9
V	7156222	9
V	7156463	4
V	7156682	4
V	7156916	1
V	7157150	1
V	7157384	6
V	7157619	4
V	7157853	1
V	7158089	4
V	7158321	8
V	7158557	7
V	7158793	10
V	7159035	8
V	7159269	8
V	7159503	8
V	7159739	9
V	7159978	9
V	7160219	1
V	7160448	9
V	7160682	9
V	7160917	9
V	7161152	9
V	7161387	9
V	7161622	9
V	7161839	9
V	7162072	9
V	7162307	9
V	7162542	9
V	7162776	8
V	7163011	7
V	7163247	9
V	7163477	7
V	7163713	10
V	7163955	8
V	7164170	7
V	7164404	4
V	7164632	6
V	7164865	4
V	7165095	1
V	7165324	1
V	7165553	1
V	7165782	4
V	7166012	4
V	7166240	4
V	7166455	1
V	7166685	1
V	7166913	6
V	7167147	1
V	7167374	4
V	7167602	4
V	7167832	4
V	7168063	6
V	7168297	4
V	7168525	6
V	7168760	8
V	7168989	7
V	7169218	10
V	7169454	7
V	7169686	10
V	7169921	10
V	7170154	10
V	7170391	10
V	7170626	4
V	7170856	10
V	7171092	10
V	7171327	1
V	7171563	4
V	7171800	4
V	7172036	4
V	7172272	4
V	7172508	4
V	7172745	1
V	7172979	1
V	7173216	4
V	7173453	6
V	7173676	1
V	7173911	4
V	7174147	8
V	7174382	8
V	7174618	9
V	7174859	9
V	7175099	9
V	7175336	6
V	7175578	4
V	7175814	4
V	7176047	1
V	7176262	4
V	7176495	4
V	7176729	1
V	7176964	1
V	7177199	1
V	7177434	4
V	7177669	6
V	7177906	1
V	7178142	7
V	7178379	8
V	7178615	7
V	7178851	8
V	7179085	10
V	7179325	10
V	7179568	10
V	7179810	7
V	7180048	9
V	7180286	9
V	7180525	9
V	7180763	9
V	7180984	9
V	7181225	6
V	7181458	9
V	7181693	9
V	7181926	9
V	7182164	9
V	7182398	8
V	7182635	8
V	7182872	10
V	7183115	10
V	7183357	7
V	7183593	4
V	7183819	6
V	7184053	1
V	7184284	4
V	7184514	4
V	7184726	4
V	7184957	1
V	7185187	1
V	7185418	6
V	7185652	4
V	7185879	4
V	7186108	1
V	7186337	8
V	7186567	8
V	7186779	8
V	7187007	8
V	7187237	10
V	7187467	8
V	7187696	1
V	7187923	10
V	7188157	6
V	7188392	1
V	7188623	1
V	7188861	4
V	7189097	1
V	7189330	4
V	7189563	6
V	7189802	4
V	7190018	6
V	7190256	4
V	7190493	10
V	7190734	10
V	7190974	10
V	7191212	8
V	7191445	9
V	7191687	9
V	7191929	9
V	7192170	4
V	7192404	4
V	7192638	6
V	7192880	1
V	7193118	4
V	7193354	1
V	7193588	4
V	7193824	4
V	7194060	4
V	7194296	8
V	7194533	10
V	7194772	8
V	7195006	7
V	7195239	7
V	7195471	10
V	7195713	9
V	7195950	9
V	7196188	9
V	7196430	4
V	7196654	9
V	7196888	9
V	7197124	9
V	7197358	9
V	7197595	9
V	7197831	9
V	7198064	9
V	7198298	10
V	7198541	9
V	7198776	10
V	7199019	8
V	7199255	10
V	7199497	10
V	7199740	1
V	7199969	4
V	7200199	1
V	7200427	6
V	7200662	1
V	7200891	4
V	7201121	4
V	7201350	1
V	7201582	6
V	7201817	6
V	7202049	10
V	7202286	8
V	7202516	10
V	7202752	7
V	7202981	7
V	7203211	1
V	7203443	10
V	7203678	1
V	7203913	6
V	7204153	4
V	7204389	6
V	7204630	4
V	7204866	6
V	7205106	10
V	7205347	8
V	7205583	7
V	7205816	9
V	7206057	9
V	7206299	4
V	7206535	9
V	7206776	6
V	7207012	4
V	7207247	1
V	7207483	10
V	7207724	8
V	7207960	9
V	7208202	9
V	7208440	9
V	7208679	1
V	7208908	9
V	7209141	9
V	7209376	9
V	7209610	9
V	7209844	9
V	7210079	9
V	7210314	9
V	7210548	9
V	7210781	1
V	7211010	1
V	7211240	1
V	7211452	4
V	7211680	6
V	7211915	4
V	7212147	1
V	7212380	6
V	7212614	4
V	7212844	6
V	7213078	1
V	7213307	1
V	7213539	6
V	7213775	6
V	7214006	4
V	7214235	6
V	7214469	7
V	7214697	7
V	7214926	10
V	7215159	8
V	7215390	10
V	7215625	8
V	7215848	8
V	7216078	7
V	7216309	7
V	7216539	6
V	7216773	6
V	7216999	6
V	7217233	1
V	7217460	9
V	7217690	9
V	7217919	9
V	7218145	9
V	7218377	9
V	7218607	4
V	7218836	6
V	7219061	5
V	7219291	6
V	7219520	1
V	7219751	6
V	7219979	4
V	7220208	4
V	7220434	6
V	7220661	6
V	7220891	6
V	7221121	1
V	7221350	4
V	7221580	6
V	7221809	6
V	7222034	6
V	7222264	10
V	7222496	10
V	7222725	8
V	7222954	7
V	7223184	10
V	7223416	1
V	7223644	8
V	7223871	4
V	7224100	4
V	7224331	1
V	7224560	8
V	7224787	8
V	7225015	9
V	7225245	9
V	7225467	9
V	7225695	9
V	7225924	9
V	7226154	9
V	7226382	9
V	7226609	6
V	7226841	1
V	7227071	6
V	7227301	4
V	7227532	1
V	7227758	6
V	7227987	1
V	7228215	6
V	7228446	6
V	7228674	8
V	7228901	10
V	7229128	10
V	7229356	10
V	7229579	7
V	7229808	10
V	7230038	8
V	7230268	10
V	7230498	8
V	7230725	10
V	7230956	6
V	7231188	4
V	7231417	1
V	7231649	1
V	7231878	6
V	7232108	6
V	7232339	1
V	7232569	8
V	7232794	9
V	7233023	9
V	7233234	9
V	7233464	9
V	7233695	9
V	7233921	9
V	7234152	9
V	7234384	9
V	7234614	4
V	7234841	4
V	7235050	1
V	7235278	1
V	7235506	4
V	7235736	1
V	7235965	1
V	7236195	6
V	7236421	10
V	7236653	10
V	7236883	7
V	7237112	6
V	7237342	7
V	7237570	7
V	7237799	7
V	7238028	6
V	7238257	9
V	7238486	9
V	7238719	9
V	7238947	9
V	7239173	9
V	7239401	4
V	7239630	1
V	7239858	4
V	7240087	4
V	7240316	1
V	7240546	6
V	7240776	1
V	7241005	1
V	7241235	6
V	7241466	6
V	7241695	6
V	7241922	1
V	7242152	4
V	7242380	6
V	7242610	8
V	7242837	8
V	7243065	10
V	7243296	10
V	7243525	8
V	7243754	7
V	7243985	7
V	7244214	10
V	7244444	8
V	7244671	7
V	7244901	6
V	7245130	9
V	7245357	9
V	7245587	9
V	7245817	9
V	7246042	1
V	7246272	1
V	7246499	6
V	7246727	1
V	7246955	1
V	7247185	6
V	7247414	6
V	7247643	1
V	7247875	4
V	7248106	6
V	7248339	6
V	7248569	4
V	7248797	6
V	7249027	1
V	7249254	4
V	7249482	6
V	7249712	6
V	7249942	7
V	7250172	8
V	7250403	8
V	7250614	10
V	7250842	8
V	7251071	10
V	7251299	1
V	7251530	1
V	7251758	9
V	7251987	9
V	7252216	9
V	7252445	9
V	7252674	9
V	7252905	9
V	7253132	4
V	7253359	4
V	7253588	6
V	7253814	6
V	7254043	4
V	7254272	6
V	7254501	1
V	7254731	1
V	7254964	6
V	7255192	4
V	7255420	1
V	7255649	4
V	7255876	4
V	7256106	7
V	7256336	8
V	7256565	10
V	7256796	7
V	7257026	8
V	7257256	7
V	7257485	8
V	7257715	1
V	7257944	6
V	7258173	8
V	7258401	9
V	7258630	9
V	7258859	9
V	7259087	9
V	7259315	9
V	7259544	9
V	7259773	9
V	7260001	9
V	7260230	6
V	7260459	6
V	7260689	1
V	7260917	1
V	7261144	1
V	7261374	1
V	7261604	1
V	7261833	4
V	7262062	6
V	7262292	1
V	7262503	6
V	7262731	6
V	7262961	1
V	7263189	4
V	7263419	4
V	7263649	1
V	7263880	4
V	7264111	1
V	7264341	1
V	7264573	4
V	7264802	6
V	7265032	4
V	7265262	4
V	7265492	4
V	7265722	1
V	7265951	1
V	7266180	6
V	7266410	10
V	7266643	7
V	7266872	10
V	7267104	10
V	7267335	8
V	7267565	10
V	7267792	7
V	7268022	7
V	7268249	10
V	7268480	7
V	7268709	1
V	7268937	6
V	7269166	4
V	7269397	4
V	7269627	6
V	7269857	7
V	7270085	4
V	7270313	9
V	7270536	9
V	7270766	9
V	7270996	9
V	7271222	9
V	7271451	1
V	7271680	4
V	7271908	6
V	7272138	6
V	7272366	1
V	7272595	6
V	7272820	4
V	7273050	4
V	7273280	4
V	7273509	6
V	7273740	6
V	7273968	6
V	7274193	1
V	7274423	7
V	7274638	8
V	7274869	10
V	7275099	7
V	7275311	1
V	7275540	4
V	7275767	8
V	7275993	9
V	7276223	9
V	7276437	4
V	7276665	4
V	7276895	6
V	7277106	6
V	7277334	1
V	7277564	1
V	7277793	6
V	7278022	6
V	7278251	4
V	7278481	4
V	7278710	1
V	7278936	6
V	7279165	4
V	7279397	6
V	7279626	10
V	7279856	10
V	7280086	10
V	7280315	8
V	7280541	7
V	7280772	7
V	7280984	4
V	7281213	4
V	7281443	6
V	7281672	6
V	7281903	6
V	7282133	1
V	7282354	1
V	7282554	1
V	7282779	9
V	7283008	9
V	7283237	9
V	7283465	9
V	7283689	9
V	7283918	1
V	7284146	4
V	7284374	4
V	7284604	6
V	7284834	6
V	7285064	4
V	7285289	6
V	7285519	1
V	7285730	6
V	7285960	1
V	7286188	6
V	7286417	6
V	7286645	4
V	7286872	6
V	7287102	6
V	7287330	1
V	7287556	6
V	7287786	7
V	7288015	8
V	7288244	8
V	7288474	10
V	7288705	7
V	7288931	10
V	7289161	7
V	7289391	1
V	7289619	7
V	7289848	4
V	7290075	9
V	7290302	9
V	7290532	9
V	7290761	9
V	7290989	4
V	7291218	6
V	7291449	1
V	7291678	6
V	7291905	1
V	7292135	6
V	7292368	6
V	7292599	4
V	7292830	6
V	7293062	1
V	7293289	6
V	7293500	1
V	7293730	4
V	7293959	6
V	7294188	6
V	7294417	1
V	7294642	8
V	7294870	10
V	7295102	7
V	7295333	8
V	7295560	10
V	7295788	1
V	7296010	4
V	7296232	4
V	7296459	10
V	7296690	9
V	7296918	9
V	7297148	9
V	7297379	6
V	7297608	1
V	7297825	4
V	7298051	1
V	7298279	6
V	7298509	6
V	7298720	1
V	7298949	4
V	7299177	4
V	7299408	1
V	7299638	8
V	7299864	7
V	7300096	5
V	7300317	4
V	7300546	10
V	7300774	10
V	7301002	9
V	7301233	9
V	7301445	9
V	7301674	9
V	7301907	9
V	7302136	9
V	7302364	9
V	7302591	9
V	7302820	1
V	7303049	6
V	7303267	4
V	7303497	6
V	7303725	1
V	7303955	6
V	7304184	1
V	7304414	1
V	7304645	4
V	7304875	1
V	7305101	6
V	7305327	1
V	7305556	6
V	7305785	4
V	7306011	10
V	7306240	8
V	7306469	7
V	7306699	10
V	7306931	7
V	7307157	6
V	7307385	4
V	7307617	1
V	7307846	4
V	7308076	7
V	7308303	7
V	7308532	9
V	7308761	9
V	7308989	9
V	7309217	9
V	7309446	9
V	7309655	9
V	7309881	9
V	7310110	4
V	7310338	6
V	7310568	1
V	7310799	4
V	7311028	6
V	7311255	6
V	7311485	4
V	7311715	4
V	7311944	1
V	7312169	4
V	7312399	4
V	7312626	1
V	7312856	4
V	7313087	1
V	7313317	1
V	7313548	8
V	7313778	10
V	7314009	10
V	7314241	8
V	7314471	10
V	7314699	10
V	7314930	10
V	7315159	8
V	7315389	1
V	7315619	7
V	7315846	4
V	7316074	10
V	7316304	4
V	7316530	9
V	7316759	9
V	7316988	9
V	7317221	4
V	7317449	6
V	7317660	6
V	7317890	4
V	7318118	4
V	7318348	4
V	7318576	4
V	7318805	1
V	7319030	1
V	7319258	6
V	7319487	1
V	7319718	6
V	7319951	4
V	7320179	1
V	7320410	1
V	7320639	1
V	7320871	4
V	7321100	4
V	7321331	6
V	7321561	6
V	7321788	8
V	7322015	7
V	7322242	8
V	7322469	10
V	7322698	6
V	7322921	6
V	7323151	8
V	7323376	6
V	7323605	9
V	7323833	9
V	7324063	9
V	7324275	9
V	7324501	9
V	7324732	9
V	7324963	9
V	7325192	4
V	7325419	1
V	7325652	6
V	7325881	6
V	7326110	6
V	7326338	4
V	7326567	4
V	7326797	4
V	7327029	4
V	7327255	4
V	7327484	6
V	7327713	1
V	7327942	4
V	7328173	4
V	7328402	4
V	7328630	1
V	7328858	8
V	7329088	10
V	7329300	8
V	7329530	8
V	7329758	7
V	7329987	10
V	7330220	10
V	7330450	10
V	7330678	8
V	7330908	10
V	7331140	8
V	7331370	10
V	7331601	10
V	7331828	1
V	7332058	1
V	7332287	10
V	7332513	9
V	7332742	9
V	7332971	9
V	7333182	9
V	7333412	9
V	7333641	1
V	7333868	1
V	7334099	1
V	7334329	6
V	7334557	6
V	7334786	6
V	7335019	6
V	7335249	4
V	7335479	6
V	7335709	6
V	7335936	1
V	7336162	6
V	7336392	1
V	7336621	4
V	7336851	7
V	7337080	10
V	7337311	7
V	7337540	7
V	7337770	10
V	7338001	10
V	7338211	4
V	7338439	7
V	7338670	7
V	7338899	4
V	7339129	9
V	7339357	4
V	7339572	9
V	7339802	9
V	7340031	9
V	7340258	9
V	7340488	9
V	7340717	1
V	7340946	1
V	7341176	6
V	7341405	1
V	7341636	1
V	7341865	4
V	7342095	4
V	7342323	1
V	7342553	1
V	7342782	4
V	7343012	6
V	7343241	1
V	7343470	6
V	7343700	4
V	7343929	1
V	7344158	7
V	7344388	10
V	7344619	7
V	7344848	8
V	7345077	10
V	7345308	10
V	7345539	8
V	7345767	8
V	7345998	10
V	7346229	4
V	7346457	6
V	7346686	1
V	7346915	4
V	7347144	9
V	7347374	9
V	7347603	9
V	7347829	9
V	7348060	9
V	7348288	6
V	7348517	4
V	7348748	4
V	7348976	6
V	7349205	1
V	7349436	1
V	7349666	1
V	7349895	4
V	7350124	1
V	7350353	6
V	7350580	1
V	7350806	6
V	7351036	7
V	7351266	10
V	7351500	10
V	7351730	8
V	7351960	10
V	7352191	7
V	7352420	7
V	7352647	4
V	7352876	1
V	7353108	1
V	7353338	4
V	7353567	10
V	7353798	10
V	7354028	6
V	7354253	4
V	7354479	9
V	7354709	9
V	7354939	9
V	7355171	9
V	7355402	9
V	7355614	9
V	7355841	4
V	7356070	6
V	7356302	4
V	7356529	9
V	7356759	4
V	7356987	4
V	7357218	1
V	7357446	6
V	7357674	6
V	7357904	6
V	7358134	1
V	7358358	6
V	7358588	4
V	7358819	6
V	7359045	7
V	7359274	10
V	7359505	6
V	7359736	4
V	7359965	10
V	7360194	9
V	7360425	9
V	7360655	9
V	7360864	1
V	7361093	1
V	7361323	4
V	7361555	6
V	7361785	6
V	7362015	1
V	7362243	6
V	7362473	1
V	7362703	6
V	7362936	4
V	7363167	6
V	7363396	6
V	7363624	4
V	7363852	4
V	7364083	10
V	7364313	8
V	7364542	8
V	7364775	7
V	7365005	7
V	7365234	7
V	7365461	7
V	7365687	8
V	7365917	8
V	7366147	8
V	7366376	4
V	7366604	1
V	7366833	6
V	7367062	6
V	7367292	10
V	7367523	1
V	7367749	9
V	7367978	9
V	7368207	9
V	7368421	9
V	7368651	9
V	7368879	9
V	7369109	9
V	7369338	9
V	7369564	9
V	7369789	9
V	7370017	9
V	7370247	6
V	7370474	6
V	7370702	1
V	7370931	4
V	7371142	6
V	7371372	1
V	7371602	6
V	7371831	6
V	7372061	4
V	7372290	1
V	7372523	4
V	7372752	4
V	7372978	4
V	7373202	8
V	7373432	8
V	7373663	10
V	7373894	7
V	7374123	8
V	7374352	9
V	7374581	9
V	7374813	9
V	7375043	9
V	7375270	9
V	7375500	9
V	7375726	9
V	7375945	4
V	7376172	4
V	7376403	4
V	7376633	4
V	7376861	1
V	7377088	1
V	7377297	1
V	7377527	6
V	7377753	1
V	7377983	1
V	7378212	1
V	7378442	1
V	7378670	6
V	7378900	4
V	7379133	6
V	7379363	6
V	7379592	1
V	7379820	4
V	7380047	1
V	7380274	4
V	7380501	10
V	7380733	10
V	7380962	7
V	7381191	7
V	7381421	8
V	7381647	7
V	7381877	10
V	7382107	7
V	7382335	1
V	7382566	6
V	7382798	1
V	7383027	6
V	7383258	6
V	7383487	6
V	7383714	9
V	7383940	9
V	7384171	9
V	7384401	4
V	7384630	4
V	7384857	6
V	7385068	6
V	7385294	4
V	7385521	6
V	7385750	6
V	7385978	4
V	7386205	6
V	7386435	4
V	7386666	1
V	7386896	1
V	7387127	6
V	7387357	4
V	7387587	1
V	7387818	1
V	7388047	7
V	7388275	7
V	7388504	4
V	7388725	6
V	7388955	9
V	7389184	9
V	7389414	9
V	7389645	9
V	7389874	6
V	7390102	4
V	7390331	4
V	7390562	1
V	7390795	4
V	7391025	4
V	7391256	4
V	7391485	4
V	7391716	6
V	7391945	1
V	7392175	4
V	7392402	6
V	7392630	6
V	7392860	4
V	7393093	4
V	7393317	4
V	7393545	4
V	7393771	4
V	7393997	1
V	7394208	1
V	7394438	4
V	7394668	10
V	7394898	7
V	7395127	8
V	7395357	8
V	7395588	6
V	7395817	1
V	7396048	1
V	7396276	9
V	7396507	9
V	7396734	9
V	7396964	9
V	7397193	9
V	7397422	9
V	7397650	6
V	7397880	1
V	7398110	6
V	7398340	1
V	7398568	1
V	7398797	6
V	7399009	4
V	7399237	1
V	7399449	6
V	7399679	6
V	7399908	1
V	7400131	4
V	7400360	6
V	7400587	4
V	7400815	4
V	7401045	10
V	7401275	7
V	7401506	8
V	7401736	8
V	7401945	8
V	7402175	7
V	7402403	7
V	7402630	8
V	7402859	9
V	7403088	9
V	7403319	9
V	7403545	9
V	7403777	9
V	7404005	9
V	7404234	4
V	7404464	6
V	7404694	6
V	7404925	4
V	7405155	6
V	7405385	4
V	7405616	1
V	7405845	6
V	7406074	1
V	7406300	4
V	7406533	6
V	7406762	1
V	7406992	6
V	7407220	10
V	7407450	10
V	7407679	7
V	7407907	8
V	7408137	10
V	7408369	7
V	7408600	10
V	7408832	7
V	7409060	7
V	7409289	7
V	7409517	7
V	7409744	7
V	7409972	1
V	7410202	9
V	7410413	9
V	7410640	9
V	7410867	9
V	7411097	9
V	7411325	9
V	7411551	6
V	7411780	6
V	7412007	6
V	7412236	4
V	7412465	6
V	7412694	6
V	7412925	4
V	7413156	1
V	7413383	1
V	7413610	6
V	7413842	4
V	7414070	4
V	7414300	4
V	7414533	6
V	7414763	6
V	7414990	1
V	7415215	8
V	7415447	8
V	7415658	8
V	7415886	10
V	7416121	7
V	7416350	8
V	7416579	8
V	7416811	4
V	7417043	4
V	7417276	9
V	7417505	9
V	7417732	9
V	7417963	9
V	7418193	9
V	7418419	1
V	7418649	4
V	7418879	4
V	7419106	6
V	7419336	6
V	7419565	1
V	7419794	4
V	7420023	6
V	7420251	1
V	7420481	6
V	7420711	1
V	7420941	6
V	7421169	1
V	7421398	6
V	7421628	1
V	7421861	1
V	7422088	10
V	7422317	6
V	7422545	6
V	7422763	1
V	7422993	4
V	7423220	4
V	7423449	9
V	7423679	9
V	7423908	9
V	7424138	9
V	7424369	9
V	7424599	9
V	7424831	9
V	7425059	4
V	7425287	6
V	7425517	4
V	7425747	1
V	7425976	4
V	7426206	6
V	7426435	4
V	7426668	1
V	7426900	5
V	7427130	1
V	7427359	4
V	7427590	4
V	7427814	1
V	7428044	6
V	7428269	4
V	7428498	4
V	7428728	10
V	7428958	8
V	7429185	10
V	7429417	8
V	7429646	8
V	7429875	10
V	7430103	10
V	7430333	8
V	7430566	1
V	7430794	6
V	7431022	6
V	7431252	6
V	7431482	6